time at 532nm	frame at 532nm	I_1 at 532nm(counts)	I_2 at 532nm(counts)	time at 532nm	frame at 532nm	FRET_1>2	discr.FRET_1>2	
1.017480e-01	1	8.099973e+01	2.732893e+02	1.017480e-01	1	7.713739e-01	7.000000e-01	
2.034960e-01	2	8.099973e+01	2.732893e+02	2.034960e-01	2	7.713739e-01	7.000000e-01	
3.052440e-01	3	7.861558e+01	2.814210e+02	3.052440e-01	3	7.816456e-01	7.000000e-01	
4.069920e-01	4	8.711028e+01	2.714099e+02	4.069920e-01	4	7.570282e-01	7.000000e-01	
5.087400e-01	5	8.007538e+01	2.828693e+02	5.087400e-01	5	7.793730e-01	7.000000e-01	
6.104880e-01	6	8.595058e+01	2.612473e+02	6.104880e-01	6	7.524450e-01	7.000000e-01	
7.122360e-01	7	7.874186e+01	3.162770e+02	7.122360e-01	7	8.006630e-01	7.000000e-01	
8.139840e-01	8	7.818099e+01	2.837441e+02	8.139840e-01	8	7.839857e-01	7.000000e-01	
9.157320e-01	9	7.636604e+01	2.965481e+02	9.157320e-01	9	7.952182e-01	7.000000e-01	
1.017480e+00	10	8.109819e+01	2.637982e+02	1.017480e+00	10	7.648622e-01	7.000000e-01	
1.119228e+00	11	8.832736e+01	2.719827e+02	1.119228e+00	11	7.548574e-01	7.000000e-01	
1.220976e+00	12	1.005588e+02	2.226186e+02	1.220976e+00	12	6.888433e-01	7.000000e-01	
1.322724e+00	13	9.640088e+01	2.400386e+02	1.322724e+00	13	7.134674e-01	7.000000e-01	
1.424472e+00	14	9.022777e+01	2.586607e+02	1.424472e+00	14	7.413851e-01	7.000000e-01	
1.526220e+00	15	1.178606e+02	2.112193e+02	1.526220e+00	15	6.418481e-01	7.000000e-01	
1.627968e+00	16	1.020709e+02	2.520189e+02	1.627968e+00	16	7.117372e-01	7.000000e-01	
1.729716e+00	17	9.663832e+01	2.332372e+02	1.729716e+00	17	7.070461e-01	7.000000e-01	
1.831464e+00	18	1.297247e+02	1.691293e+02	1.831464e+00	18	5.659262e-01	7.000000e-01	
1.933212e+00	19	1.291485e+02	1.946907e+02	1.933212e+00	19	6.011956e-01	7.000000e-01	
2.034960e+00	20	1.132258e+02	2.116636e+02	2.034960e+00	20	6.514943e-01	7.000000e-01	
2.136708e+00	21	1.126299e+02	1.957351e+02	2.136708e+00	21	6.347513e-01	7.000000e-01	
2.238456e+00	22	1.237273e+02	1.783319e+02	2.238456e+00	22	5.903872e-01	7.000000e-01	
2.340204e+00	23	1.221888e+02	2.079824e+02	2.340204e+00	23	6.299229e-01	7.000000e-01	
2.441952e+00	24	1.342263e+02	1.850078e+02	2.441952e+00	24	5.795365e-01	7.000000e-01	
2.543700e+00	25	8.414770e+01	2.198238e+02	2.543700e+00	25	7.231724e-01	7.000000e-01	
2.645448e+00	26	1.012906e+02	2.212599e+02	2.645448e+00	26	6.859698e-01	7.000000e-01	
2.747196e+00	27	9.902788e+01	2.158031e+02	2.747196e+00	27	6.854570e-01	7.000000e-01	
2.848944e+00	28	9.455223e+01	2.308982e+02	2.848944e+00	28	7.094727e-01	7.000000e-01	
2.950692e+00	29	7.628697e+01	2.296061e+02	2.950692e+00	29	7.506090e-01	7.000000e-01	
3.052440e+00	30	9.334682e+01	2.240055e+02	3.052440e+00	30	7.058575e-01	7.000000e-01	
3.154188e+00	31	9.987103e+01	2.349656e+02	3.154188e+00	31	7.017321e-01	7.000000e-01	
3.255936e+00	32	9.165871e+01	2.438910e+02	3.255936e+00	32	7.268401e-01	7.000000e-01	
3.357684e+00	33	8.564466e+01	2.395331e+02	3.357684e+00	33	7.366220e-01	7.000000e-01	
3.459432e+00	34	9.339104e+01	2.550539e+02	3.459432e+00	34	7.319776e-01	7.000000e-01	
3.561180e+00	35	9.393514e+01	2.378026e+02	3.561180e+00	35	7.168392e-01	7.000000e-01	
3.662928e+00	36	8.718765e+01	2.432191e+02	3.662928e+00	36	7.361203e-01	7.000000e-01	
3.764676e+00	37	9.216441e+01	2.512160e+02	3.764676e+00	37	7.315968e-01	7.000000e-01	
3.866424e+00	38	9.383763e+01	2.425691e+02	3.866424e+00	38	7.210590e-01	7.000000e-01	
3.968172e+00	39	8.478680e+01	2.571494e+02	3.968172e+00	39	7.520391e-01	7.000000e-01	
4.069920e+00	40	1.012379e+02	2.374388e+02	4.069920e+00	40	7.010780e-01	7.000000e-01	
4.171668e+00	41	8.931244e+01	2.619763e+02	4.171668e+00	41	7.457577e-01	7.000000e-01	
4.273416e+00	42	7.962954e+01	1.942663e+02	4.273416e+00	42	7.092707e-01	7.000000e-01	
4.375164e+00	43	7.674448e+01	1.772879e+02	4.375164e+00	43	6.978949e-01	7.000000e-01	
4.476912e+00	44	8.634325e+01	2.048249e+02	4.476912e+00	44	7.034592e-01	7.000000e-01	
4.578660e+00	45	6.980677e+01	1.835337e+02	4.578660e+00	45	7.244547e-01	7.000000e-01	
4.680408e+00	46	7.692185e+01	2.047644e+02	4.680408e+00	46	7.269237e-01	7.000000e-01	
4.782156e+00	47	7.662886e+01	1.790331e+02	4.782156e+00	47	7.002727e-01	7.000000e-01	
4.883904e+00	48	5.641448e+01	1.719779e+02	4.883904e+00	48	7.529932e-01	7.000000e-01	
4.985652e+00	49	8.443831e+01	2.080283e+02	4.985652e+00	49	7.112891e-01	7.000000e-01	
5.087400e+00	50	1.003707e+02	2.181025e+02	5.087400e+00	50	6.848378e-01	7.000000e-01	
5.189148e+00	51	8.819116e+01	2.225082e+02	5.189148e+00	51	7.161527e-01	7.000000e-01	
5.290896e+00	52	8.865139e+01	2.365865e+02	5.290896e+00	52	7.274260e-01	7.000000e-01	
5.392644e+00	53	1.074504e+02	2.261302e+02	5.392644e+00	53	6.778877e-01	7.000000e-01	
5.494392e+00	54	8.723040e+01	2.072420e+02	5.494392e+00	54	7.037739e-01	7.000000e-01	
5.596140e+00	55	9.516904e+01	2.071226e+02	5.596140e+00	55	6.851748e-01	7.000000e-01	
5.697888e+00	56	1.014428e+02	2.172864e+02	5.697888e+00	56	6.817273e-01	7.000000e-01	
5.799636e+00	57	6.823650e+01	2.335801e+02	5.799636e+00	57	7.739140e-01	7.000000e-01	
5.901384e+00	58	7.988562e+01	1.846859e+02	5.901384e+00	58	6.980566e-01	7.000000e-01	
6.003132e+00	59	7.954733e+01	2.173226e+02	6.003132e+00	59	7.320465e-01	7.000000e-01	
6.104880e+00	60	7.595886e+01	2.151714e+02	6.104880e+00	60	7.390898e-01	7.000000e-01	
6.206628e+00	61	6.837144e+01	2.516424e+02	6.206628e+00	61	7.863485e-01	7.000000e-01	
6.308376e+00	62	7.429652e+01	2.290067e+02	6.308376e+00	62	7.550421e-01	7.000000e-01	
6.410124e+00	63	8.121782e+01	2.275608e+02	6.410124e+00	63	7.369707e-01	7.000000e-01	
6.511872e+00	64	6.692983e+01	2.311666e+02	6.511872e+00	64	7.754759e-01	7.000000e-01	
6.613620e+00	65	7.286287e+01	2.310953e+02	6.613620e+00	65	7.602865e-01	7.000000e-01	
6.715368e+00	66	4.578523e+01	1.963264e+02	6.715368e+00	66	8.108921e-01	7.000000e-01	
6.817116e+00	67	7.885693e+01	2.230277e+02	6.817116e+00	67	7.387845e-01	7.000000e-01	
6.918864e+00	68	9.624305e+01	2.378662e+02	6.918864e+00	68	7.119414e-01	7.000000e-01	
7.020612e+00	69	8.333491e+01	2.264720e+02	7.020612e+00	69	7.310102e-01	7.000000e-01	
7.122360e+00	70	7.428795e+01	2.196016e+02	7.122360e+00	70	7.472249e-01	7.000000e-01	
7.224108e+00	71	9.449935e+01	2.311191e+02	7.224108e+00	71	7.097850e-01	7.000000e-01	
7.325856e+00	72	9.769674e+01	2.633825e+02	7.325856e+00	72	7.294313e-01	7.000000e-01	
7.427604e+00	73	8.655729e+01	2.494318e+02	7.427604e+00	73	7.423807e-01	7.000000e-01	
7.529352e+00	74	1.245729e+02	2.311385e+02	7.529352e+00	74	6.497922e-01	7.000000e-01	
7.631100e+00	75	1.202993e+02	2.286598e+02	7.631100e+00	75	6.552625e-01	7.000000e-01	
7.732848e+00	76	1.215206e+02	2.290028e+02	7.732848e+00	76	6.533167e-01	7.000000e-01	
7.834596e+00	77	9.857148e+01	2.304058e+02	7.834596e+00	77	7.003699e-01	7.000000e-01	
7.936344e+00	78	9.891194e+01	2.319115e+02	7.936344e+00	78	7.010129e-01	7.000000e-01	
8.038092e+00	79	1.506956e+02	1.995676e+02	8.038092e+00	79	5.697647e-01	7.000000e-01	
8.139840e+00	80	1.176058e+02	2.441016e+02	8.139840e+00	80	6.748593e-01	7.000000e-01	
8.241588e+00	81	1.353463e+02	2.492534e+02	8.241588e+00	81	6.480853e-01	7.000000e-01	
8.343336e+00	82	9.103962e+01	2.016597e+02	8.343336e+00	82	6.889654e-01	7.000000e-01	
8.445084e+00	83	9.926838e+01	2.035740e+02	8.445084e+00	83	6.722111e-01	7.000000e-01	
8.546832e+00	84	8.973842e+01	2.470497e+02	8.546832e+00	84	7.335464e-01	7.000000e-01	
8.648580e+00	85	1.192933e+02	2.252332e+02	8.648580e+00	85	6.537471e-01	7.000000e-01	
8.750328e+00	86	9.646496e+01	1.978042e+02	8.750328e+00	86	6.721880e-01	7.000000e-01	
8.852076e+00	87	9.249122e+01	1.877184e+02	8.852076e+00	87	6.699213e-01	7.000000e-01	
8.953824e+00	88	9.300464e+01	1.925661e+02	8.953824e+00	88	6.743201e-01	7.000000e-01	
9.055572e+00	89	8.736626e+01	2.126738e+02	9.055572e+00	89	7.088180e-01	7.000000e-01	
9.157320e+00	90	8.989455e+01	2.064899e+02	9.157320e+00	90	6.966961e-01	7.000000e-01	
9.259068e+00	91	9.089911e+01	1.968388e+02	9.259068e+00	91	6.840906e-01	7.000000e-01	
9.360816e+00	92	8.985197e+01	2.265902e+02	9.360816e+00	92	7.160556e-01	7.000000e-01	
9.462564e+00	93	8.952262e+01	2.416278e+02	9.462564e+00	93	7.296618e-01	7.000000e-01	
9.564312e+00	94	8.549509e+01	1.989656e+02	9.564312e+00	94	6.994485e-01	7.000000e-01	
9.666060e+00	95	9.150800e+01	1.890593e+02	9.666060e+00	95	6.738465e-01	7.000000e-01	
9.767808e+00	96	7.567478e+01	1.827182e+02	9.767808e+00	96	7.071330e-01	7.000000e-01	
9.869556e+00	97	8.574144e+01	2.451410e+02	9.869556e+00	97	7.408704e-01	7.000000e-01	
9.971304e+00	98	9.136540e+01	2.053045e+02	9.971304e+00	98	6.920301e-01	7.000000e-01	
1.007305e+01	99	8.537645e+01	3.031088e+02	1.007305e+01	99	7.802325e-01	7.000000e-01	
1.017480e+01	100	8.595310e+01	2.392234e+02	1.017480e+01	100	7.356725e-01	7.000000e-01	
1.027655e+01	101	1.074211e+02	2.304290e+02	1.027655e+01	101	6.820451e-01	7.000000e-01	
1.037830e+01	102	8.197202e+01	2.724980e+02	1.037830e+01	102	7.687477e-01	7.000000e-01	
1.048004e+01	103	8.717713e+01	2.460055e+02	1.048004e+01	103	7.383503e-01	7.000000e-01	
1.058179e+01	104	9.178267e+01	2.479863e+02	1.058179e+01	104	7.298674e-01	7.000000e-01	
1.068354e+01	105	1.177683e+02	2.174226e+02	1.068354e+01	105	6.486531e-01	7.000000e-01	
1.078529e+01	106	9.842160e+01	2.540820e+02	1.078529e+01	106	7.207926e-01	7.000000e-01	
1.088704e+01	107	8.219089e+01	2.225048e+02	1.088704e+01	107	7.302525e-01	7.000000e-01	
1.098878e+01	108	7.553181e+01	1.662472e+02	1.098878e+01	108	6.875998e-01	7.000000e-01	
1.109053e+01	109	9.150694e+01	2.138891e+02	1.109053e+01	109	7.003663e-01	7.000000e-01	
1.119228e+01	110	9.696528e+01	2.244433e+02	1.119228e+01	110	6.983115e-01	7.000000e-01	
1.129403e+01	111	6.102501e+01	2.211905e+02	1.129403e+01	111	7.837645e-01	7.000000e-01	
1.139578e+01	112	1.080296e+02	2.446049e+02	1.139578e+01	112	6.936499e-01	7.000000e-01	
1.149752e+01	113	9.737752e+01	2.129655e+02	1.149752e+01	113	6.862262e-01	7.000000e-01	
1.159927e+01	114	1.358041e+02	2.191486e+02	1.159927e+01	114	6.174023e-01	7.000000e-01	
1.170102e+01	115	9.700002e+01	2.222926e+02	1.170102e+01	115	6.962034e-01	7.000000e-01	
1.180277e+01	116	1.188451e+02	2.522917e+02	1.180277e+01	116	6.797809e-01	7.000000e-01	
1.190452e+01	117	1.071807e+02	2.405955e+02	1.190452e+01	117	6.918113e-01	7.000000e-01	
1.200626e+01	118	1.225879e+02	2.628059e+02	1.200626e+01	118	6.819152e-01	7.000000e-01	
1.210801e+01	119	1.030727e+02	2.377201e+02	1.210801e+01	119	6.975502e-01	7.000000e-01	
1.220976e+01	120	1.052977e+02	2.565578e+02	1.220976e+01	120	7.090062e-01	7.000000e-01	
1.231151e+01	121	1.104613e+02	2.372867e+02	1.231151e+01	121	6.823525e-01	7.000000e-01	
1.241326e+01	122	1.164266e+02	2.489448e+02	1.241326e+01	122	6.813473e-01	7.000000e-01	
1.251500e+01	123	1.114747e+02	2.356843e+02	1.251500e+01	123	6.788944e-01	7.000000e-01	
1.261675e+01	124	1.146361e+02	1.762013e+02	1.261675e+01	124	6.058413e-01	7.000000e-01	
1.271850e+01	125	8.587605e+01	1.782101e+02	1.271850e+01	125	6.748180e-01	7.000000e-01	
1.282025e+01	126	9.885179e+01	1.675781e+02	1.282025e+01	126	6.289764e-01	7.000000e-01	
1.292200e+01	127	8.958528e+01	2.269823e+02	1.292200e+01	127	7.170106e-01	7.000000e-01	
1.302374e+01	128	1.036256e+02	2.003144e+02	1.302374e+01	128	6.590590e-01	7.000000e-01	
1.312549e+01	129	1.001805e+02	2.082196e+02	1.312549e+01	129	6.751606e-01	7.000000e-01	
1.322724e+01	130	1.101413e+02	2.242000e+02	1.322724e+01	130	6.705723e-01	7.000000e-01	
1.332899e+01	131	9.247878e+01	1.900683e+02	1.332899e+01	131	6.726960e-01	7.000000e-01	
1.343074e+01	132	9.968767e+01	2.108127e+02	1.343074e+01	132	6.789451e-01	7.000000e-01	
1.353248e+01	133	9.852197e+01	1.999631e+02	1.353248e+01	133	6.699266e-01	7.000000e-01	
1.363423e+01	134	1.019921e+02	2.117240e+02	1.363423e+01	134	6.748905e-01	7.000000e-01	
1.373598e+01	135	1.254112e+02	2.099832e+02	1.373598e+01	135	6.260784e-01	7.000000e-01	
1.383773e+01	136	1.033547e+02	2.147619e+02	1.383773e+01	136	6.751043e-01	7.000000e-01	
1.393948e+01	137	1.221988e+02	2.128791e+02	1.393948e+01	137	6.353123e-01	7.000000e-01	
1.404122e+01	138	1.170641e+02	2.126085e+02	1.404122e+01	138	6.449080e-01	7.000000e-01	
1.414297e+01	139	9.916127e+01	2.215336e+02	1.414297e+01	139	6.907925e-01	7.000000e-01	
1.424472e+01	140	9.166104e+01	2.165460e+02	1.424472e+01	140	7.025991e-01	7.000000e-01	
1.434647e+01	141	9.911681e+01	2.095108e+02	1.434647e+01	141	6.788466e-01	7.000000e-01	
1.444822e+01	142	7.867883e+01	1.980151e+02	1.444822e+01	142	7.156467e-01	7.000000e-01	
1.454996e+01	143	7.851822e+01	2.154128e+02	1.454996e+01	143	7.328685e-01	7.000000e-01	
1.465171e+01	144	9.880829e+01	2.080421e+02	1.465171e+01	144	6.779920e-01	7.000000e-01	
1.475346e+01	145	9.370814e+01	2.032248e+02	1.475346e+01	145	6.844131e-01	7.000000e-01	
1.485521e+01	146	9.183487e+01	2.073166e+02	1.485521e+01	146	6.930155e-01	7.000000e-01	
1.495696e+01	147	7.503324e+01	2.077282e+02	1.495696e+01	147	7.346412e-01	7.000000e-01	
1.505870e+01	148	7.433855e+01	2.217755e+02	1.505870e+01	148	7.489530e-01	7.000000e-01	
1.516045e+01	149	7.903879e+01	2.100836e+02	1.516045e+01	149	7.266251e-01	7.000000e-01	
1.526220e+01	150	6.738275e+01	2.048585e+02	1.526220e+01	150	7.524888e-01	7.000000e-01	
1.536395e+01	151	7.467778e+01	2.156253e+02	1.536395e+01	151	7.427593e-01	7.000000e-01	
1.546570e+01	152	5.441745e+01	2.012688e+02	1.546570e+01	152	7.871710e-01	7.000000e-01	
1.556744e+01	153	7.844084e+01	2.149073e+02	1.556744e+01	153	7.326015e-01	7.000000e-01	
1.566919e+01	154	8.006938e+01	2.331892e+02	1.566919e+01	154	7.443984e-01	7.000000e-01	
1.577094e+01	155	7.934372e+01	2.098070e+02	1.577094e+01	155	7.255974e-01	7.000000e-01	
1.587269e+01	156	6.552311e+01	2.080114e+02	1.587269e+01	156	7.604576e-01	7.000000e-01	
1.597444e+01	157	5.266556e+01	2.002815e+02	1.597444e+01	157	7.917922e-01	7.000000e-01	
1.607618e+01	158	1.040939e+02	2.652452e+02	1.607618e+01	158	7.181617e-01	7.000000e-01	
1.617793e+01	159	7.982894e+01	2.211312e+02	1.617793e+01	159	7.347524e-01	7.000000e-01	
1.627968e+01	160	1.124839e+02	2.471392e+02	1.627968e+01	160	6.872173e-01	7.000000e-01	
1.638143e+01	161	9.643261e+01	3.375938e+02	1.638143e+01	161	7.778186e-01	7.000000e-01	
1.648318e+01	162	1.028766e+02	2.522676e+02	1.648318e+01	162	7.103244e-01	7.000000e-01	
1.658492e+01	163	1.073107e+02	2.447242e+02	1.658492e+01	163	6.951703e-01	7.000000e-01	
1.668667e+01	164	8.232437e+01	2.489332e+02	1.668667e+01	164	7.514793e-01	7.000000e-01	
1.678842e+01	165	1.020099e+02	2.348861e+02	1.678842e+01	165	6.972066e-01	7.000000e-01	
1.689017e+01	166	1.021903e+02	2.384591e+02	1.689017e+01	166	7.000133e-01	7.000000e-01	
1.699192e+01	167	1.039462e+02	2.442551e+02	1.699192e+01	167	7.014767e-01	7.000000e-01	
1.709366e+01	168	1.007051e+02	2.459896e+02	1.709366e+01	168	7.095280e-01	7.000000e-01	
1.719541e+01	169	9.652653e+01	2.331724e+02	1.719541e+01	169	7.072283e-01	7.000000e-01	
1.729716e+01	170	1.014976e+02	2.581068e+02	1.729716e+01	170	7.177521e-01	7.000000e-01	
1.739891e+01	171	9.966421e+01	2.541058e+02	1.739891e+01	171	7.182797e-01	7.000000e-01	
1.750066e+01	172	8.674762e+01	2.348183e+02	1.750066e+01	172	7.302338e-01	7.000000e-01	
1.760240e+01	173	1.125667e+02	2.016164e+02	1.760240e+01	173	6.417162e-01	7.000000e-01	
1.770415e+01	174	1.060619e+02	2.543650e+02	1.770415e+01	174	7.057326e-01	7.000000e-01	
1.780590e+01	175	9.901574e+01	2.327031e+02	1.780590e+01	175	7.015070e-01	7.000000e-01	
1.790765e+01	176	9.886507e+01	2.206310e+02	1.790765e+01	176	6.905594e-01	7.000000e-01	
1.800940e+01	177	8.720328e+01	2.318142e+02	1.800940e+01	177	7.266505e-01	7.000000e-01	
1.811114e+01	178	1.054718e+02	2.450698e+02	1.811114e+01	178	6.991176e-01	7.000000e-01	
1.821289e+01	179	1.113547e+02	2.637553e+02	1.821289e+01	179	7.031412e-01	7.000000e-01	
1.831464e+01	180	1.453918e+02	2.758941e+02	1.831464e+01	180	6.548857e-01	7.000000e-01	
1.841639e+01	181	1.126068e+02	2.469122e+02	1.841639e+01	181	6.867848e-01	7.000000e-01	
1.851814e+01	182	1.099018e+02	2.387852e+02	1.851814e+01	182	6.848125e-01	7.000000e-01	
1.861988e+01	183	1.049284e+02	2.465124e+02	1.861988e+01	183	7.014336e-01	7.000000e-01	
1.872163e+01	184	1.013018e+02	2.413639e+02	1.872163e+01	184	7.043713e-01	7.000000e-01	
1.882338e+01	185	9.956149e+01	2.473123e+02	1.882338e+01	185	7.129749e-01	7.000000e-01	
1.892513e+01	186	8.104427e+01	2.176395e+02	1.892513e+01	186	7.286620e-01	7.000000e-01	
1.902688e+01	187	1.075790e+02	2.425460e+02	1.902688e+01	187	6.927412e-01	7.000000e-01	
1.912862e+01	188	8.928601e+01	2.618065e+02	1.912862e+01	188	7.456909e-01	7.000000e-01	
1.923037e+01	189	9.974923e+01	2.405352e+02	1.923037e+01	189	7.068651e-01	7.000000e-01	
1.933212e+01	190	8.848617e+01	2.712115e+02	1.933212e+01	190	7.539985e-01	7.000000e-01	
1.943387e+01	191	8.683577e+01	2.904615e+02	1.943387e+01	191	7.698479e-01	7.000000e-01	
1.953562e+01	192	9.106482e+01	2.344609e+02	1.953562e+01	192	7.202531e-01	7.000000e-01	
1.963736e+01	193	1.000993e+02	2.427296e+02	1.963736e+01	193	7.080197e-01	7.000000e-01	
1.973911e+01	194	9.664670e+01	2.209487e+02	1.973911e+01	194	6.956924e-01	7.000000e-01	
1.984086e+01	195	8.585892e+01	2.492615e+02	1.984086e+01	195	7.437968e-01	7.000000e-01	
1.994261e+01	196	9.544283e+01	2.211370e+02	1.994261e+01	196	6.985189e-01	7.000000e-01	
2.004436e+01	197	9.791556e+01	2.214278e+02	2.004436e+01	197	6.933847e-01	7.000000e-01	
2.014610e+01	198	1.037082e+02	2.053645e+02	2.014610e+01	198	6.644537e-01	7.000000e-01	
2.024785e+01	199	9.292253e+01	2.178498e+02	2.024785e+01	199	7.009948e-01	7.000000e-01	
2.034960e+01	200	9.733697e+01	1.894111e+02	2.034960e+01	200	6.605488e-01	7.000000e-01	
2.045135e+01	201	9.075264e+01	2.412435e+02	2.045135e+01	201	7.266455e-01	7.000000e-01	
2.055310e+01	202	9.024055e+01	2.227861e+02	2.055310e+01	202	7.117161e-01	7.000000e-01	
2.065484e+01	203	1.001533e+02	2.364989e+02	2.065484e+01	203	7.025022e-01	7.000000e-01	
2.075659e+01	204	9.916229e+01	2.421800e+02	2.075659e+01	204	7.094931e-01	7.000000e-01	
2.085834e+01	205	9.939120e+01	2.426561e+02	2.085834e+01	205	7.094226e-01	7.000000e-01	
2.096009e+01	206	1.020972e+02	2.391022e+02	2.096009e+01	206	7.007697e-01	7.000000e-01	
2.106184e+01	207	9.177151e+01	2.241628e+02	2.106184e+01	207	7.095234e-01	7.000000e-01	
2.116358e+01	208	9.790132e+01	2.405516e+02	2.116358e+01	208	7.107387e-01	7.000000e-01	
2.126533e+01	209	8.033781e+01	2.408835e+02	2.126533e+01	209	7.498989e-01	7.000000e-01	
2.136708e+01	210	8.923336e+01	2.387156e+02	2.136708e+01	210	7.279047e-01	7.000000e-01	
2.146883e+01	211	1.028857e+02	2.494398e+02	2.146883e+01	211	7.079811e-01	7.000000e-01	
2.157058e+01	212	9.980465e+01	2.378530e+02	2.157058e+01	212	7.044206e-01	7.000000e-01	
2.167232e+01	213	8.966911e+01	2.492173e+02	2.167232e+01	213	7.354007e-01	7.000000e-01	
2.177407e+01	214	8.692414e+01	2.491888e+02	2.177407e+01	214	7.413841e-01	7.000000e-01	
2.187582e+01	215	9.179575e+01	2.331034e+02	2.187582e+01	215	7.174639e-01	7.000000e-01	
2.197757e+01	216	8.492403e+01	2.432595e+02	2.197757e+01	216	7.412301e-01	7.000000e-01	
2.207932e+01	217	8.863564e+01	2.369690e+02	2.207932e+01	217	7.277814e-01	7.000000e-01	
2.218106e+01	218	1.004348e+02	2.373939e+02	2.218106e+01	218	7.027050e-01	7.000000e-01	
2.228281e+01	219	8.663585e+01	2.496396e+02	2.228281e+01	219	7.423664e-01	7.000000e-01	
2.238456e+01	220	8.251178e+01	2.681991e+02	2.238456e+01	220	7.647299e-01	7.000000e-01	
2.248631e+01	221	9.561214e+01	2.160536e+02	2.248631e+01	221	6.932222e-01	7.000000e-01	
2.258806e+01	222	9.018022e+01	2.524830e+02	2.258806e+01	222	7.368255e-01	7.000000e-01	
2.268980e+01	223	8.472655e+01	2.354824e+02	2.268980e+01	223	7.354023e-01	7.000000e-01	
2.279155e+01	224	8.311994e+01	2.465138e+02	2.279155e+01	224	7.478415e-01	7.000000e-01	
2.289330e+01	225	8.911272e+01	2.375301e+02	2.289330e+01	225	7.271860e-01	7.000000e-01	
2.299505e+01	226	9.571487e+01	2.160870e+02	2.299505e+01	226	6.930266e-01	7.000000e-01	
2.309680e+01	227	6.727600e+01	2.350389e+02	2.309680e+01	227	7.774638e-01	7.000000e-01	
2.319854e+01	228	7.493292e+01	2.443059e+02	2.319854e+01	228	7.652763e-01	7.000000e-01	
2.330029e+01	229	8.316981e+01	2.399344e+02	2.330029e+01	229	7.425914e-01	7.000000e-01	
2.340204e+01	230	7.445621e+01	2.472484e+02	2.340204e+01	230	7.685572e-01	7.000000e-01	
2.350379e+01	231	9.407895e+01	2.255451e+02	2.350379e+01	231	7.056575e-01	7.000000e-01	
2.360554e+01	232	7.339158e+01	2.213507e+02	2.360554e+01	232	7.509974e-01	7.000000e-01	
2.370728e+01	233	7.228410e+01	2.421253e+02	2.370728e+01	233	7.700956e-01	7.000000e-01	
2.380903e+01	234	1.025558e+02	2.421747e+02	2.380903e+01	234	7.025044e-01	7.000000e-01	
2.391078e+01	235	6.982704e+01	2.798129e+02	2.391078e+01	235	8.002887e-01	7.000000e-01	
2.401253e+01	236	8.972457e+01	2.138358e+02	2.401253e+01	236	7.044259e-01	7.000000e-01	
2.411428e+01	237	9.267975e+01	2.281311e+02	2.411428e+01	237	7.111078e-01	7.000000e-01	
2.421602e+01	238	9.602225e+01	2.432478e+02	2.421602e+01	238	7.169740e-01	7.000000e-01	
2.431777e+01	239	1.026381e+02	1.749551e+02	2.431777e+01	239	6.302572e-01	7.000000e-01	
2.441952e+01	240	8.038709e+01	1.591484e+02	2.441952e+01	240	6.644043e-01	7.000000e-01	
2.452127e+01	241	9.625743e+01	1.712300e+02	2.452127e+01	241	6.401422e-01	7.000000e-01	
2.462302e+01	242	9.851811e+01	1.715035e+02	2.462302e+01	242	6.351473e-01	7.000000e-01	
2.472476e+01	243	9.107809e+01	2.178540e+02	2.472476e+01	243	7.051841e-01	7.000000e-01	
2.482651e+01	244	9.529070e+01	2.273521e+02	2.482651e+01	244	7.046557e-01	7.000000e-01	
2.492826e+01	245	9.262137e+01	2.178743e+02	2.492826e+01	245	7.016984e-01	7.000000e-01	
2.503001e+01	246	8.337610e+01	1.867721e+02	2.503001e+01	246	6.913690e-01	7.000000e-01	
2.513176e+01	247	9.679256e+01	2.268290e+02	2.513176e+01	247	7.009082e-01	7.000000e-01	
2.523350e+01	248	9.303837e+01	2.336316e+02	2.523350e+01	248	7.151915e-01	7.000000e-01	
2.533525e+01	249	8.724661e+01	2.107068e+02	2.533525e+01	249	7.071804e-01	7.000000e-01	
2.543700e+01	250	8.821480e+01	2.188648e+02	2.543700e+01	250	7.127299e-01	7.000000e-01	
2.553875e+01	251	1.048584e+02	2.356346e+02	2.553875e+01	251	6.920395e-01	7.000000e-01	
2.564050e+01	252	8.046465e+01	2.165292e+02	2.564050e+01	252	7.290696e-01	7.000000e-01	
2.574224e+01	253	6.657864e+01	2.234511e+02	2.574224e+01	253	7.704420e-01	7.000000e-01	
2.584399e+01	254	9.690290e+01	2.319642e+02	2.584399e+01	254	7.053433e-01	7.000000e-01	
2.594574e+01	255	1.072070e+02	2.087385e+02	2.594574e+01	255	6.606788e-01	7.000000e-01	
2.604749e+01	256	8.857827e+01	2.449913e+02	2.604749e+01	256	7.344534e-01	7.000000e-01	
2.614924e+01	257	1.007125e+02	2.059199e+02	2.614924e+01	257	6.715530e-01	7.000000e-01	
2.625098e+01	258	1.098964e+02	1.917184e+02	2.625098e+01	258	6.356399e-01	7.000000e-01	
2.635273e+01	259	8.646304e+01	2.145318e+02	2.635273e+01	259	7.127425e-01	7.000000e-01	
2.645448e+01	260	1.021757e+02	2.458574e+02	2.645448e+01	260	7.064196e-01	7.000000e-01	
2.655623e+01	261	9.814625e+01	2.129640e+02	2.655623e+01	261	6.845290e-01	7.000000e-01	
2.665798e+01	262	1.009106e+02	2.056131e+02	2.665798e+01	262	6.707902e-01	7.000000e-01	
2.675972e+01	263	8.415226e+01	2.018187e+02	2.675972e+01	263	7.057314e-01	7.000000e-01	
2.686147e+01	264	9.828269e+01	2.092307e+02	2.686147e+01	264	6.803954e-01	7.000000e-01	
2.696322e+01	265	1.141449e+02	2.197476e+02	2.696322e+01	265	6.581388e-01	7.000000e-01	
2.706497e+01	266	8.512473e+01	2.155087e+02	2.706497e+01	266	7.168488e-01	7.000000e-01	
2.716672e+01	267	1.062094e+02	2.147761e+02	2.716672e+01	267	6.691146e-01	7.000000e-01	
2.726846e+01	268	8.098523e+01	1.650221e+02	2.726846e+01	268	6.708016e-01	7.000000e-01	
2.737021e+01	269	8.889013e+01	2.024166e+02	2.737021e+01	269	6.948573e-01	7.000000e-01	
2.747196e+01	270	9.825116e+01	2.218344e+02	2.747196e+01	270	6.930472e-01	7.000000e-01	
2.757371e+01	271	9.070627e+01	2.154046e+02	2.757371e+01	271	7.036816e-01	7.000000e-01	
2.767546e+01	272	8.698894e+01	2.125300e+02	2.767546e+01	272	7.095712e-01	7.000000e-01	
2.777720e+01	273	9.688527e+01	2.003859e+02	2.777720e+01	273	6.740845e-01	7.000000e-01	
2.787895e+01	274	9.500311e+01	1.816268e+02	2.787895e+01	274	6.565696e-01	7.000000e-01	
2.798070e+01	275	8.099411e+01	2.227575e+02	2.798070e+01	275	7.333541e-01	7.000000e-01	
2.808245e+01	276	9.149960e+01	2.201039e+02	2.808245e+01	276	7.063589e-01	7.000000e-01	
2.818420e+01	277	8.254971e+01	2.287518e+02	2.818420e+01	277	7.348239e-01	7.000000e-01	
2.828594e+01	278	7.319355e+01	2.382365e+02	2.828594e+01	278	7.649760e-01	7.000000e-01	
2.838769e+01	279	8.472276e+01	2.276480e+02	2.838769e+01	279	7.287750e-01	7.000000e-01	
2.848944e+01	280	8.469484e+01	2.283952e+02	2.848944e+01	280	7.294873e-01	7.000000e-01	
2.859119e+01	281	8.348967e+01	2.190008e+02	2.859119e+01	281	7.239924e-01	7.000000e-01	
2.869294e+01	282	9.291126e+01	2.419002e+02	2.869294e+01	282	7.224968e-01	7.000000e-01	
2.879468e+01	283	7.141349e+01	2.454721e+02	2.879468e+01	283	7.746395e-01	7.000000e-01	
2.889643e+01	284	9.707729e+01	2.493210e+02	2.889643e+01	284	7.197524e-01	7.000000e-01	
2.899818e+01	285	8.286825e+01	2.097035e+02	2.899818e+01	285	7.167592e-01	7.000000e-01	
2.909993e+01	286	9.069744e+01	2.574404e+02	2.909993e+01	286	7.394784e-01	7.000000e-01	
2.920168e+01	287	8.513805e+01	2.504576e+02	2.920168e+01	287	7.463076e-01	7.000000e-01	
2.930342e+01	288	8.951322e+01	2.600523e+02	2.930342e+01	288	7.439301e-01	7.000000e-01	
2.940517e+01	289	8.791201e+01	2.382340e+02	2.940517e+01	289	7.304520e-01	7.000000e-01	
2.950692e+01	290	9.757258e+01	2.308177e+02	2.950692e+01	290	7.028762e-01	7.000000e-01	
2.960867e+01	291	9.564906e+01	2.277318e+02	2.960867e+01	291	7.042216e-01	7.000000e-01	
2.971042e+01	292	8.744202e+01	2.509301e+02	2.971042e+01	292	7.415803e-01	7.000000e-01	
2.981216e+01	293	1.049934e+02	2.394877e+02	2.981216e+01	293	6.952129e-01	7.000000e-01	
2.991391e+01	294	1.072578e+02	2.431169e+02	2.991391e+01	294	6.938769e-01	7.000000e-01	
3.001566e+01	295	1.045632e+02	2.309105e+02	3.001566e+01	295	6.883118e-01	7.000000e-01	
3.011741e+01	296	1.092011e+02	2.280846e+02	3.011741e+01	296	6.762356e-01	7.000000e-01	
3.021916e+01	297	1.297001e+02	2.461711e+02	3.021916e+01	297	6.549347e-01	7.000000e-01	
3.032090e+01	298	9.969742e+01	2.298330e+02	3.032090e+01	298	6.974561e-01	7.000000e-01	
3.042265e+01	299	1.005967e+02	2.355507e+02	3.042265e+01	299	7.007363e-01	7.000000e-01	
3.052440e+01	300	1.099337e+02	2.359911e+02	3.052440e+01	300	6.822035e-01	7.000000e-01	
3.062615e+01	301	1.154583e+02	2.293182e+02	3.062615e+01	301	6.651213e-01	7.000000e-01	
3.072790e+01	302	1.102291e+02	2.345140e+02	3.072790e+01	302	6.802573e-01	7.000000e-01	
3.082964e+01	303	1.317659e+02	3.008163e+02	3.082964e+01	303	6.953969e-01	7.000000e-01	
3.093139e+01	304	1.349985e+02	2.574758e+02	3.093139e+01	304	6.560323e-01	7.000000e-01	
3.103314e+01	305	1.062858e+02	2.492801e+02	3.103314e+01	305	7.010799e-01	7.000000e-01	
3.113489e+01	306	1.298502e+02	2.416679e+02	3.113489e+01	306	6.504876e-01	7.000000e-01	
3.123664e+01	307	1.049319e+02	2.286893e+02	3.123664e+01	307	6.854759e-01	7.000000e-01	
3.133838e+01	308	1.154832e+02	2.346506e+02	3.133838e+01	308	6.701741e-01	7.000000e-01	
3.144013e+01	309	1.120287e+02	2.451278e+02	3.144013e+01	309	6.863316e-01	7.000000e-01	
3.154188e+01	310	1.044250e+02	2.310711e+02	3.154188e+01	310	6.887445e-01	7.000000e-01	
3.164363e+01	311	1.044522e+02	2.601544e+02	3.164363e+01	311	7.135208e-01	7.000000e-01	
3.174538e+01	312	1.164332e+02	2.454096e+02	3.174538e+01	312	6.782216e-01	7.000000e-01	
3.184712e+01	313	1.032641e+02	2.404120e+02	3.184712e+01	313	6.995308e-01	7.000000e-01	
3.194887e+01	314	1.240094e+02	2.966553e+02	3.194887e+01	314	7.052061e-01	7.000000e-01	
3.205062e+01	315	8.811664e+01	2.945271e+02	3.205062e+01	315	7.697162e-01	7.000000e-01	
3.215237e+01	316	1.051350e+02	2.678303e+02	3.215237e+01	316	7.181105e-01	7.000000e-01	
3.225412e+01	317	1.117666e+02	2.559976e+02	3.225412e+01	317	6.960917e-01	7.000000e-01	
3.235586e+01	318	8.905452e+01	2.333977e+02	3.235586e+01	318	7.238210e-01	7.000000e-01	
3.245761e+01	319	1.009180e+02	2.292703e+02	3.245761e+01	319	6.943623e-01	7.000000e-01	
3.255936e+01	320	9.846838e+01	2.573424e+02	3.255936e+01	320	7.232563e-01	7.000000e-01	
3.266111e+01	321	1.059691e+02	2.637831e+02	3.266111e+01	321	7.134051e-01	7.000000e-01	
3.276286e+01	322	1.006945e+02	2.389577e+02	3.276286e+01	322	7.035364e-01	7.000000e-01	
3.286460e+01	323	9.605363e+01	2.469119e+02	3.286460e+01	323	7.199321e-01	7.000000e-01	
3.296635e+01	324	1.120834e+02	2.526724e+02	3.296635e+01	324	6.927166e-01	7.000000e-01	
3.306810e+01	325	9.332481e+01	2.483964e+02	3.306810e+01	325	7.268978e-01	7.000000e-01	
3.316985e+01	326	9.606708e+01	2.056530e+02	3.316985e+01	326	6.816020e-01	7.000000e-01	
3.327160e+01	327	1.040685e+02	1.991599e+02	3.327160e+01	327	6.567983e-01	7.000000e-01	
3.337334e+01	328	1.037434e+02	2.216259e+02	3.337334e+01	328	6.811518e-01	7.000000e-01	
3.347509e+01	329	9.342754e+01	2.185223e+02	3.347509e+01	329	7.005046e-01	7.000000e-01	
3.357684e+01	330	9.153763e+01	2.372907e+02	3.357684e+01	330	7.216249e-01	7.000000e-01	
3.367859e+01	331	1.071399e+02	2.218981e+02	3.367859e+01	331	6.743844e-01	7.000000e-01	
3.378034e+01	332	9.456980e+01	2.511989e+02	3.378034e+01	332	7.264940e-01	7.000000e-01	
3.388208e+01	333	8.457725e+01	2.366853e+02	3.388208e+01	333	7.367348e-01	7.000000e-01	
3.398383e+01	334	8.390161e+01	2.362330e+02	3.398383e+01	334	7.379177e-01	7.000000e-01	
3.408558e+01	335	8.257208e+01	2.452553e+02	3.408558e+01	335	7.481233e-01	7.000000e-01	
3.418733e+01	336	8.560278e+01	2.355801e+02	3.418733e+01	336	7.334765e-01	7.000000e-01	
3.428908e+01	337	7.412128e+01	2.224346e+02	3.428908e+01	337	7.500597e-01	7.000000e-01	
3.439082e+01	338	9.982592e+01	2.453330e+02	3.439082e+01	338	7.107827e-01	7.000000e-01	
3.449257e+01	339	7.655584e+01	2.531701e+02	3.449257e+01	339	7.678198e-01	7.000000e-01	
3.459432e+01	340	9.736602e+01	2.358829e+02	3.459432e+01	340	7.078280e-01	7.000000e-01	
3.469607e+01	341	9.793514e+01	1.996607e+02	3.469607e+01	341	6.709123e-01	7.000000e-01	
3.479782e+01	342	9.766122e+01	2.132233e+02	3.479782e+01	342	6.858601e-01	7.000000e-01	
3.489956e+01	343	1.034694e+02	2.259121e+02	3.489956e+01	343	6.858676e-01	7.000000e-01	
3.500131e+01	344	9.759381e+01	2.414785e+02	3.500131e+01	344	7.121740e-01	7.000000e-01	
3.510306e+01	345	8.365838e+01	2.281008e+02	3.510306e+01	345	7.316570e-01	7.000000e-01	
3.520481e+01	346	7.050922e+01	2.291411e+02	3.520481e+01	346	7.646950e-01	7.000000e-01	
3.530656e+01	347	7.895358e+01	2.465996e+02	3.530656e+01	347	7.574787e-01	7.000000e-01	
3.540830e+01	348	8.425298e+01	2.302560e+02	3.540830e+01	348	7.321126e-01	7.000000e-01	
3.551005e+01	349	7.643019e+01	2.286392e+02	3.551005e+01	349	7.494662e-01	7.000000e-01	
3.561180e+01	350	5.923656e+01	2.179089e+02	3.561180e+01	350	7.862618e-01	7.000000e-01	
3.571355e+01	351	8.940562e+01	2.187195e+02	3.571355e+01	351	7.098399e-01	7.000000e-01	
3.581530e+01	352	8.578048e+01	2.491547e+02	3.581530e+01	352	7.438893e-01	7.000000e-01	
3.591704e+01	353	9.553983e+01	2.967414e+02	3.591704e+01	353	7.564507e-01	7.000000e-01	
3.601879e+01	354	1.063765e+02	2.480622e+02	3.601879e+01	354	6.998733e-01	7.000000e-01	
3.612054e+01	355	1.028525e+02	2.734197e+02	3.612054e+01	355	7.266540e-01	7.000000e-01	
3.622229e+01	356	1.017806e+02	2.816494e+02	3.622229e+01	356	7.345523e-01	7.000000e-01	
3.632404e+01	357	9.998465e+01	2.967892e+02	3.632404e+01	357	7.480059e-01	7.000000e-01	
3.642578e+01	358	9.853683e+01	2.755816e+02	3.642578e+01	358	7.366159e-01	7.000000e-01	
3.652753e+01	359	9.801297e+01	2.433946e+02	3.652753e+01	359	7.129151e-01	7.000000e-01	
3.662928e+01	360	1.076093e+02	2.276421e+02	3.662928e+01	360	6.790191e-01	7.000000e-01	
3.673103e+01	361	1.063331e+02	2.377760e+02	3.673103e+01	361	6.909902e-01	7.000000e-01	
3.683278e+01	362	1.132676e+02	2.348594e+02	3.683278e+01	362	6.746371e-01	7.000000e-01	
3.693452e+01	363	1.025978e+02	2.292668e+02	3.693452e+01	363	6.908444e-01	7.000000e-01	
3.703627e+01	364	1.004665e+02	2.343309e+02	3.703627e+01	364	6.999185e-01	7.000000e-01	
3.713802e+01	365	1.034091e+02	2.178219e+02	3.713802e+01	365	6.780849e-01	7.000000e-01	
3.723977e+01	366	8.997350e+01	2.378478e+02	3.723977e+01	366	7.255410e-01	7.000000e-01	
3.734152e+01	367	8.674410e+01	2.289864e+02	3.734152e+01	367	7.252590e-01	7.000000e-01	
3.744326e+01	368	1.058333e+02	2.355654e+02	3.744326e+01	368	6.900009e-01	7.000000e-01	
3.754501e+01	369	8.449109e+01	2.225971e+02	3.754501e+01	369	7.248638e-01	7.000000e-01	
3.764676e+01	370	9.552403e+01	2.373909e+02	3.764676e+01	370	7.130677e-01	7.000000e-01	
3.774851e+01	371	8.944482e+01	2.323400e+02	3.774851e+01	371	7.220353e-01	7.000000e-01	
3.785026e+01	372	1.131860e+02	2.576142e+02	3.785026e+01	372	6.947521e-01	7.000000e-01	
3.795200e+01	373	8.985723e+01	2.259800e+02	3.795200e+01	373	7.154951e-01	7.000000e-01	
3.805375e+01	374	1.025851e+02	2.274378e+02	3.805375e+01	374	6.891576e-01	7.000000e-01	
3.815550e+01	375	7.346315e+01	1.984626e+02	3.815550e+01	375	7.298411e-01	7.000000e-01	
3.825725e+01	376	8.233355e+01	2.369507e+02	3.825725e+01	376	7.421309e-01	7.000000e-01	
3.835900e+01	377	9.926678e+01	2.269490e+02	3.835900e+01	377	6.957021e-01	7.000000e-01	
3.846074e+01	378	7.346848e+01	1.984698e+02	3.846074e+01	378	7.298340e-01	7.000000e-01	
3.856249e+01	379	7.278085e+01	2.280403e+02	3.856249e+01	379	7.580594e-01	7.000000e-01	
3.866424e+01	380	7.608628e+01	2.445366e+02	3.866424e+01	380	7.626923e-01	7.000000e-01	
3.876599e+01	381	7.012905e+01	2.293003e+02	3.876599e+01	381	7.657910e-01	7.000000e-01	
3.886774e+01	382	9.365992e+01	2.100813e+02	3.886774e+01	382	6.916457e-01	7.000000e-01	
3.896948e+01	383	7.550871e+01	2.262930e+02	3.896948e+01	383	7.498069e-01	7.000000e-01	
3.907123e+01	384	7.455692e+01	2.491110e+02	3.907123e+01	384	7.696500e-01	7.000000e-01	
3.917298e+01	385	9.367675e+01	2.077162e+02	3.917298e+01	385	6.891873e-01	7.000000e-01	
3.927473e+01	386	7.906787e+01	2.069441e+02	3.927473e+01	386	7.235505e-01	7.000000e-01	
3.937648e+01	387	7.866820e+01	1.870077e+02	3.937648e+01	387	7.038941e-01	7.000000e-01	
3.947822e+01	388	1.057527e+02	1.896621e+02	3.947822e+01	388	6.420196e-01	7.000000e-01	
3.957997e+01	389	1.046951e+02	1.747481e+02	3.957997e+01	389	6.253439e-01	7.000000e-01	
3.968172e+01	390	9.618222e+01	1.841973e+02	3.968172e+01	390	6.569570e-01	7.000000e-01	
3.978347e+01	391	1.035932e+02	2.046166e+02	3.978347e+01	391	6.638874e-01	7.000000e-01	
3.988522e+01	392	1.133893e+02	1.861079e+02	3.988522e+01	392	6.214011e-01	7.000000e-01	
3.998696e+01	393	7.902715e+01	1.847386e+02	3.998696e+01	393	7.003889e-01	7.000000e-01	
4.008871e+01	394	1.056436e+02	1.977711e+02	4.008871e+01	394	6.518178e-01	7.000000e-01	
4.019046e+01	395	1.040386e+02	1.774358e+02	4.019046e+01	395	6.303799e-01	7.000000e-01	
4.029221e+01	396	9.739260e+01	2.108589e+02	4.029221e+01	396	6.840483e-01	7.000000e-01	
4.039396e+01	397	9.094804e+01	2.049099e+02	4.039396e+01	397	6.925956e-01	7.000000e-01	
4.049570e+01	398	1.059015e+02	2.118393e+02	4.049570e+01	398	6.667047e-01	7.000000e-01	
4.059745e+01	399	9.556339e+01	2.323958e+02	4.059745e+01	399	7.086119e-01	7.000000e-01	
4.069920e+01	400	9.531456e+01	2.359982e+02	4.069920e+01	400	7.123124e-01	7.000000e-01	
4.080095e+01	401	9.327697e+01	2.293809e+02	4.080095e+01	401	7.109106e-01	7.000000e-01	
4.090270e+01	402	9.202166e+01	2.338475e+02	4.090270e+01	402	7.176116e-01	7.000000e-01	
4.100444e+01	403	1.047217e+02	2.232889e+02	4.100444e+01	403	6.807368e-01	7.000000e-01	
4.110619e+01	404	9.935181e+01	2.215932e+02	4.110619e+01	404	6.904398e-01	7.000000e-01	
4.120794e+01	405	7.846811e+01	2.126195e+02	4.120794e+01	405	7.304313e-01	7.000000e-01	
4.130969e+01	406	8.974967e+01	2.307176e+02	4.130969e+01	406	7.199412e-01	7.000000e-01	
4.141144e+01	407	1.139462e+02	2.362150e+02	4.141144e+01	407	6.745893e-01	7.000000e-01	
4.151318e+01	408	1.078237e+02	2.360219e+02	4.151318e+01	408	6.864183e-01	7.000000e-01	
4.161493e+01	409	9.603246e+01	2.406083e+02	4.161493e+01	409	7.147331e-01	7.000000e-01	
4.171668e+01	410	1.010019e+02	2.439829e+02	4.171668e+01	410	7.072280e-01	7.000000e-01	
4.181843e+01	411	1.116740e+02	2.543574e+02	4.181843e+01	411	6.949060e-01	7.000000e-01	
4.192018e+01	412	1.055021e+02	2.341505e+02	4.192018e+01	412	6.893823e-01	7.000000e-01	
4.202192e+01	413	1.125374e+02	2.437634e+02	4.202192e+01	413	6.841506e-01	7.000000e-01	
4.212367e+01	414	1.081861e+02	2.349214e+02	4.212367e+01	414	6.846875e-01	7.000000e-01	
4.222542e+01	415	9.960078e+01	2.336193e+02	4.222542e+01	415	7.010961e-01	7.000000e-01	
4.232717e+01	416	1.130361e+02	2.556659e+02	4.232717e+01	416	6.934215e-01	7.000000e-01	
4.242892e+01	417	1.001155e+02	2.028615e+02	4.242892e+01	417	6.695607e-01	7.000000e-01	
4.253066e+01	418	1.001479e+02	1.890483e+02	4.253066e+01	418	6.537026e-01	7.000000e-01	
4.263241e+01	419	8.586686e+01	2.130009e+02	4.263241e+01	419	7.126928e-01	7.000000e-01	
4.273416e+01	420	7.520740e+01	2.138171e+02	4.273416e+01	420	7.397888e-01	7.000000e-01	
4.283591e+01	421	1.029428e+02	2.015710e+02	4.283591e+01	421	6.619437e-01	7.000000e-01	
4.293766e+01	422	9.436222e+01	1.992067e+02	4.293766e+01	422	6.785688e-01	7.000000e-01	
4.303940e+01	423	1.001398e+02	1.881803e+02	4.303940e+01	423	6.526784e-01	7.000000e-01	
4.314115e+01	424	8.717646e+01	2.315657e+02	4.314115e+01	424	7.264985e-01	7.000000e-01	
4.324290e+01	425	8.443259e+01	2.456663e+02	4.324290e+01	425	7.442203e-01	7.000000e-01	
4.334465e+01	426	7.722656e+01	2.287906e+02	4.334465e+01	426	7.476398e-01	7.000000e-01	
4.344640e+01	427	7.462583e+01	2.137430e+02	4.344640e+01	427	7.412140e-01	7.000000e-01	
4.354814e+01	428	9.797929e+01	2.458039e+02	4.354814e+01	428	7.149969e-01	7.000000e-01	
4.364989e+01	429	1.081301e+02	2.499329e+02	4.364989e+01	429	6.980138e-01	7.000000e-01	
4.375164e+01	430	9.521598e+01	2.499561e+02	4.375164e+01	430	7.241492e-01	7.000000e-01	
4.385339e+01	431	1.085124e+02	2.431657e+02	4.385339e+01	431	6.914440e-01	7.000000e-01	
4.395514e+01	432	1.065286e+02	2.466020e+02	4.395514e+01	432	6.983309e-01	7.000000e-01	
4.405688e+01	433	9.399168e+01	2.378511e+02	4.405688e+01	433	7.167584e-01	7.000000e-01	
4.415863e+01	434	1.095316e+02	2.396075e+02	4.415863e+01	434	6.862809e-01	7.000000e-01	
4.426038e+01	435	1.032903e+02	2.449202e+02	4.426038e+01	435	7.033682e-01	7.000000e-01	
4.436213e+01	436	1.174140e+02	2.367326e+02	4.436213e+01	436	6.684593e-01	7.000000e-01	
4.446388e+01	437	9.386604e+01	2.389404e+02	4.446388e+01	437	7.179561e-01	7.000000e-01	
4.456562e+01	438	1.049984e+02	2.530077e+02	4.456562e+01	438	7.067134e-01	7.000000e-01	
4.466737e+01	439	1.321733e+02	2.417894e+02	4.466737e+01	439	6.465602e-01	7.000000e-01	
4.476912e+01	440	6.575565e+01	2.355136e+02	4.476912e+01	440	7.817379e-01	7.000000e-01	
4.487087e+01	441	1.085446e+02	2.333271e+02	4.487087e+01	441	6.824990e-01	7.000000e-01	
4.497262e+01	442	6.413507e+01	2.347448e+02	4.497262e+01	442	7.854152e-01	7.000000e-01	
4.507436e+01	443	7.586359e+01	2.401142e+02	4.507436e+01	443	7.599085e-01	7.000000e-01	
4.517611e+01	444	6.468914e+01	2.522366e+02	4.517611e+01	444	7.958855e-01	7.000000e-01	
4.527786e+01	445	7.713682e+01	2.419422e+02	4.527786e+01	445	7.582517e-01	7.000000e-01	
4.537961e+01	446	7.112614e+01	2.225455e+02	4.537961e+01	446	7.578039e-01	7.000000e-01	
4.548136e+01	447	8.787175e+01	2.097715e+02	4.548136e+01	447	7.047749e-01	7.000000e-01	
4.558310e+01	448	6.947497e+01	2.452192e+02	4.558310e+01	448	7.792302e-01	7.000000e-01	
4.568485e+01	449	9.134810e+01	2.155516e+02	4.568485e+01	449	7.023519e-01	7.000000e-01	
4.578660e+01	450	7.701983e+01	2.289214e+02	4.578660e+01	450	7.482529e-01	7.000000e-01	
4.588835e+01	451	9.148012e+01	2.157553e+02	4.588835e+01	451	7.022475e-01	7.000000e-01	
4.599010e+01	452	7.653342e+01	1.721367e+02	4.599010e+01	452	6.922291e-01	7.000000e-01	
4.609184e+01	453	8.501358e+01	2.252113e+02	4.609184e+01	453	7.259614e-01	7.000000e-01	
4.619359e+01	454	8.899031e+01	2.058744e+02	4.619359e+01	454	6.981995e-01	7.000000e-01	
4.629534e+01	455	1.013590e+02	2.391049e+02	4.629534e+01	455	7.022915e-01	7.000000e-01	
4.639709e+01	456	9.723621e+01	2.430663e+02	4.639709e+01	456	7.142654e-01	7.000000e-01	
4.649884e+01	457	9.180984e+01	2.310815e+02	4.649884e+01	457	7.156634e-01	7.000000e-01	
4.660058e+01	458	9.786511e+01	2.485363e+02	4.660058e+01	458	7.174806e-01	7.000000e-01	
4.670233e+01	459	1.041506e+02	2.430758e+02	4.670233e+01	459	7.000499e-01	7.000000e-01	
4.680408e+01	460	9.938624e+01	2.368432e+02	4.680408e+01	460	7.044095e-01	7.000000e-01	
4.690583e+01	461	8.887131e+01	2.136744e+02	4.690583e+01	461	7.062549e-01	7.000000e-01	
4.700758e+01	462	9.648666e+01	2.360486e+02	4.700758e+01	462	7.098453e-01	7.000000e-01	
4.710932e+01	463	9.486043e+01	1.955524e+02	4.710932e+01	463	6.733601e-01	7.000000e-01	
4.721107e+01	464	9.242332e+01	2.319027e+02	4.721107e+01	464	7.150296e-01	7.000000e-01	
4.731282e+01	465	7.532801e+01	1.737266e+02	4.731282e+01	465	6.975442e-01	7.000000e-01	
4.741457e+01	466	7.348266e+01	2.141978e+02	4.741457e+01	466	7.445685e-01	7.000000e-01	
4.751632e+01	467	9.406941e+01	1.935091e+02	4.751632e+01	467	6.728914e-01	7.000000e-01	
4.761806e+01	468	8.252649e+01	2.317580e+02	4.761806e+01	468	7.374147e-01	7.000000e-01	
4.771981e+01	469	8.787814e+01	2.134188e+02	4.771981e+01	469	7.083338e-01	7.000000e-01	
4.782156e+01	470	8.887045e+01	2.136714e+02	4.782156e+01	470	7.062540e-01	7.000000e-01	
4.792331e+01	471	9.769076e+01	2.092101e+02	4.792331e+01	471	6.816863e-01	7.000000e-01	
4.802506e+01	472	7.575137e+01	2.683449e+02	4.802506e+01	472	7.798541e-01	7.000000e-01	
4.812680e+01	473	9.590526e+01	2.600951e+02	4.812680e+01	473	7.306035e-01	7.000000e-01	
4.822855e+01	474	8.132681e+01	2.722283e+02	4.822855e+01	474	7.699742e-01	7.000000e-01	
4.833030e+01	475	6.629417e+01	2.826515e+02	4.833030e+01	475	8.100158e-01	7.000000e-01	
4.843205e+01	476	8.005232e+01	2.583126e+02	4.843205e+01	476	7.634142e-01	7.000000e-01	
4.853380e+01	477	8.514806e+01	2.568415e+02	4.853380e+01	477	7.510215e-01	7.000000e-01	
4.863554e+01	478	8.915501e+01	2.684084e+02	4.863554e+01	478	7.506596e-01	7.000000e-01	
4.873729e+01	479	9.533028e+01	2.183079e+02	4.873729e+01	479	6.960501e-01	7.000000e-01	
4.883904e+01	480	7.293222e+01	2.864598e+02	4.883904e+01	480	7.970678e-01	7.000000e-01	
4.894079e+01	481	9.802783e+01	2.364149e+02	4.894079e+01	481	7.068920e-01	7.000000e-01	
4.904254e+01	482	9.464890e+01	2.609422e+02	4.904254e+01	482	7.338266e-01	7.000000e-01	
4.914428e+01	483	1.048696e+02	1.743157e+02	4.914428e+01	483	6.243728e-01	7.000000e-01	
4.924603e+01	484	9.719555e+01	1.840145e+02	4.924603e+01	484	6.543667e-01	7.000000e-01	
4.934778e+01	485	9.135515e+01	2.255324e+02	4.934778e+01	485	7.117111e-01	7.000000e-01	
4.944953e+01	486	1.234815e+02	1.758767e+02	4.944953e+01	486	5.875126e-01	7.000000e-01	
4.955128e+01	487	9.602197e+01	1.804182e+02	4.955128e+01	487	6.526483e-01	7.000000e-01	
4.965302e+01	488	1.117295e+02	1.720568e+02	4.965302e+01	488	6.062900e-01	7.000000e-01	
4.975477e+01	489	1.239161e+02	1.751793e+02	4.975477e+01	489	5.856971e-01	7.000000e-01	
4.985652e+01	490	8.707681e+01	2.311026e+02	4.985652e+01	490	7.263280e-01	7.000000e-01	
4.995827e+01	491	9.592993e+01	2.009788e+02	4.995827e+01	491	6.769043e-01	7.000000e-01	
5.006002e+01	492	9.605973e+01	1.883716e+02	5.006002e+01	492	6.622744e-01	7.000000e-01	
5.016176e+01	493	1.035836e+02	2.112121e+02	5.016176e+01	493	6.709498e-01	7.000000e-01	
5.026351e+01	494	1.039004e+02	2.243754e+02	5.026351e+01	494	6.834966e-01	7.000000e-01	
5.036526e+01	495	7.389388e+01	2.320720e+02	5.036526e+01	495	7.584898e-01	7.000000e-01	
5.046701e+01	496	1.129456e+02	2.132664e+02	5.046701e+01	496	6.537663e-01	7.000000e-01	
5.056876e+01	497	1.104333e+02	2.208700e+02	5.056876e+01	497	6.666701e-01	7.000000e-01	
5.067050e+01	498	8.463488e+01	2.338293e+02	5.067050e+01	498	7.342405e-01	7.000000e-01	
5.077225e+01	499	9.794921e+01	2.216321e+02	5.077225e+01	499	6.935077e-01	7.000000e-01	
5.087400e+01	500	9.390014e+01	2.329856e+02	5.087400e+01	500	7.127432e-01	7.000000e-01	
5.097575e+01	501	9.602168e+01	2.331567e+02	5.097575e+01	501	7.082989e-01	7.000000e-01	
5.107750e+01	502	1.129820e+02	1.581979e+02	5.107750e+01	502	5.833688e-01	7.000000e-01	
5.117924e+01	503	9.429468e+01	2.196692e+02	5.117924e+01	503	6.996639e-01	7.000000e-01	
5.128099e+01	504	8.666060e+01	2.858356e+02	5.128099e+01	504	7.673517e-01	7.000000e-01	
5.138274e+01	505	8.598616e+01	2.333921e+02	5.138274e+01	505	7.307702e-01	7.000000e-01	
5.148449e+01	506	9.429469e+01	2.471335e+02	5.148449e+01	506	7.238228e-01	7.000000e-01	
5.158624e+01	507	9.006003e+01	2.080347e+02	5.158624e+01	507	6.978812e-01	7.000000e-01	
5.168798e+01	508	1.036446e+02	2.301396e+02	5.168798e+01	508	6.894862e-01	7.000000e-01	
5.178973e+01	509	9.255749e+01	2.299698e+02	5.178973e+01	509	7.130243e-01	7.000000e-01	
5.189148e+01	510	1.070351e+02	2.305987e+02	5.189148e+01	510	6.829846e-01	7.000000e-01	
5.199323e+01	511	1.236062e+02	2.063261e+02	5.199323e+01	511	6.253589e-01	7.000000e-01	
5.209498e+01	512	8.829102e+01	2.217998e+02	5.209498e+01	512	7.152737e-01	7.000000e-01	
5.219672e+01	513	9.954143e+01	2.418414e+02	5.219672e+01	513	7.084170e-01	7.000000e-01	
5.229847e+01	514	9.802622e+01	2.222294e+02	5.229847e+01	514	6.939126e-01	7.000000e-01	
5.240022e+01	515	1.252298e+02	2.198527e+02	5.240022e+01	515	6.371019e-01	7.000000e-01	
5.250197e+01	516	9.377700e+01	2.247681e+02	5.250197e+01	516	7.056084e-01	7.000000e-01	
5.260372e+01	517	9.700908e+01	2.257308e+02	5.260372e+01	517	6.994202e-01	7.000000e-01	
5.270546e+01	518	1.004664e+02	2.355058e+02	5.270546e+01	518	7.009681e-01	7.000000e-01	
5.280721e+01	519	9.620613e+01	2.224701e+02	5.280721e+01	519	6.981070e-01	7.000000e-01	
5.290896e+01	520	9.149767e+01	2.376318e+02	5.290896e+01	520	7.220010e-01	7.000000e-01	
5.301071e+01	521	8.654092e+01	2.424870e+02	5.301071e+01	521	7.369800e-01	7.000000e-01	
5.311246e+01	522	8.797882e+01	2.216490e+02	5.311246e+01	522	7.158562e-01	7.000000e-01	
5.321420e+01	523	8.192446e+01	2.251770e+02	5.321420e+01	523	7.332332e-01	7.000000e-01	
5.331595e+01	524	9.878120e+01	2.259807e+02	5.331595e+01	524	6.958350e-01	7.000000e-01	
5.341770e+01	525	1.066140e+02	2.116499e+02	5.341770e+01	525	6.650138e-01	7.000000e-01	
5.351945e+01	526	1.060596e+02	2.132974e+02	5.351945e+01	526	6.678964e-01	7.000000e-01	
5.362120e+01	527	9.561288e+01	2.198452e+02	5.362120e+01	527	6.969078e-01	7.000000e-01	
5.372294e+01	528	7.353589e+01	2.242131e+02	5.372294e+01	528	7.530272e-01	7.000000e-01	
5.382469e+01	529	8.558810e+01	2.161037e+02	5.382469e+01	529	7.163062e-01	7.000000e-01	
5.392644e+01	530	9.279219e+01	2.143100e+02	5.392644e+01	530	6.978459e-01	7.000000e-01	
5.402819e+01	531	1.053585e+02	2.132752e+02	5.402819e+01	531	6.693429e-01	7.000000e-01	
5.412994e+01	532	8.806122e+01	2.154011e+02	5.412994e+01	532	7.098117e-01	7.000000e-01	
5.423168e+01	533	8.419340e+01	2.265095e+02	5.423168e+01	533	7.290228e-01	7.000000e-01	
5.433343e+01	534	9.232375e+01	2.159883e+02	5.433343e+01	534	7.005510e-01	7.000000e-01	
5.443518e+01	535	8.339483e+01	2.241584e+02	5.443518e+01	535	7.288442e-01	7.000000e-01	
5.453693e+01	536	8.493948e+01	2.275890e+02	5.453693e+01	536	7.282184e-01	7.000000e-01	
5.463868e+01	537	7.704147e+01	2.268589e+02	5.463868e+01	537	7.464910e-01	7.000000e-01	
5.474042e+01	538	8.380434e+01	2.208130e+02	5.474042e+01	538	7.248865e-01	7.000000e-01	
5.484217e+01	539	9.613362e+01	1.985251e+02	5.484217e+01	539	6.737459e-01	7.000000e-01	
5.494392e+01	540	8.339868e+01	2.291963e+02	5.494392e+01	540	7.332053e-01	7.000000e-01	
5.504567e+01	541	7.837308e+01	2.240699e+02	5.504567e+01	541	7.408666e-01	7.000000e-01	
5.514742e+01	542	9.182855e+01	2.039866e+02	5.514742e+01	542	6.895746e-01	7.000000e-01	
5.524916e+01	543	9.074093e+01	2.017508e+02	5.524916e+01	543	6.897658e-01	7.000000e-01	
5.535091e+01	544	9.729775e+01	1.887613e+02	5.535091e+01	544	6.598683e-01	7.000000e-01	
5.545266e+01	545	9.597555e+01	1.859348e+02	5.545266e+01	545	6.595529e-01	7.000000e-01	
5.555441e+01	546	9.327243e+01	2.087918e+02	5.555441e+01	546	6.912166e-01	7.000000e-01	
5.565616e+01	547	8.653467e+01	1.941161e+02	5.565616e+01	547	6.916642e-01	7.000000e-01	
5.575790e+01	548	9.660016e+01	2.102616e+02	5.575790e+01	548	6.851997e-01	7.000000e-01	
5.585965e+01	549	7.543214e+01	1.934183e+02	5.585965e+01	549	7.194271e-01	7.000000e-01	
5.596140e+01	550	8.899356e+01	1.750879e+02	5.596140e+01	550	6.630072e-01	7.000000e-01	
5.606315e+01	551	6.790154e+01	1.714679e+02	5.606315e+01	551	7.163316e-01	7.000000e-01	
5.616490e+01	552	7.879469e+01	2.018580e+02	5.616490e+01	552	7.192448e-01	7.000000e-01	
5.626664e+01	553	6.678894e+01	1.907167e+02	5.626664e+01	553	7.406312e-01	7.000000e-01	
5.636839e+01	554	8.448034e+01	1.994597e+02	5.636839e+01	554	7.024712e-01	7.000000e-01	
5.647014e+01	555	7.023778e+01	2.155453e+02	5.647014e+01	555	7.542269e-01	7.000000e-01	
5.657189e+01	556	8.706324e+01	2.090272e+02	5.657189e+01	556	7.059573e-01	7.000000e-01	
5.667364e+01	557	8.033213e+01	2.105598e+02	5.667364e+01	557	7.238420e-01	7.000000e-01	
5.677538e+01	558	7.338683e+01	2.208664e+02	5.677538e+01	558	7.505997e-01	7.000000e-01	
5.687713e+01	559	7.787062e+01	1.939943e+02	5.687713e+01	559	7.135687e-01	7.000000e-01	
5.697888e+01	560	8.403489e+01	1.774246e+02	5.697888e+01	560	6.785931e-01	7.000000e-01	
5.708063e+01	561	9.179775e+01	2.327258e+02	5.708063e+01	561	7.171307e-01	7.000000e-01	
5.718238e+01	562	6.990157e+01	2.500569e+02	5.718238e+01	562	7.815292e-01	7.000000e-01	
5.728412e+01	563	8.812201e+01	2.032198e+02	5.728412e+01	563	6.975305e-01	7.000000e-01	
5.738587e+01	564	9.582417e+01	1.952135e+02	5.738587e+01	564	6.707499e-01	7.000000e-01	
5.748762e+01	565	9.409814e+01	2.088835e+02	5.748762e+01	565	6.894263e-01	7.000000e-01	
5.758937e+01	566	8.696315e+01	2.139211e+02	5.758937e+01	566	7.109747e-01	7.000000e-01	
5.769112e+01	567	9.437543e+01	2.042711e+02	5.769112e+01	567	6.839895e-01	7.000000e-01	
5.779286e+01	568	8.781847e+01	2.337920e+02	5.779286e+01	568	7.269415e-01	7.000000e-01	
5.789461e+01	569	9.870827e+01	2.072237e+02	5.789461e+01	569	6.773522e-01	7.000000e-01	
5.799636e+01	570	9.693181e+01	1.302872e+02	5.799636e+01	570	5.733992e-01	7.000000e-01	
5.809811e+01	571	8.380325e+01	2.213149e+02	5.809811e+01	571	7.253416e-01	7.000000e-01	
5.819986e+01	572	9.710122e+01	2.011641e+02	5.819986e+01	572	6.744468e-01	7.000000e-01	
5.830160e+01	573	8.608914e+01	1.811166e+02	5.830160e+01	573	6.778170e-01	7.000000e-01	
5.840335e+01	574	7.932978e+01	1.930722e+02	5.840335e+01	574	7.087768e-01	7.000000e-01	
5.850510e+01	575	1.015207e+02	2.153200e+02	5.850510e+01	575	6.795844e-01	7.000000e-01	
5.860685e+01	576	1.049652e+02	1.633626e+02	5.860685e+01	576	6.088173e-01	7.000000e-01	
5.870860e+01	577	5.351431e+01	2.853588e+02	5.870860e+01	577	8.420816e-01	7.000000e-01	
5.881034e+01	578	9.026534e+01	2.311531e+02	5.881034e+01	578	7.191656e-01	7.000000e-01	
5.891209e+01	579	7.509497e+01	2.538389e+02	5.891209e+01	579	7.717019e-01	7.000000e-01	
5.901384e+01	580	1.003846e+02	2.216282e+02	5.901384e+01	580	6.882590e-01	7.000000e-01	
5.911559e+01	581	6.065881e+01	2.761002e+02	5.911559e+01	581	8.198747e-01	7.000000e-01	
5.921734e+01	582	9.553093e+01	2.174563e+02	5.921734e+01	582	6.947769e-01	7.000000e-01	
5.931908e+01	583	1.046943e+02	2.230622e+02	5.931908e+01	583	6.805729e-01	7.000000e-01	
5.942083e+01	584	8.413267e+01	2.469207e+02	5.942083e+01	584	7.458637e-01	7.000000e-01	
5.952258e+01	585	9.807354e+01	2.238154e+02	5.952258e+01	585	6.953187e-01	7.000000e-01	
5.962433e+01	586	7.806707e+01	2.299090e+02	5.962433e+01	586	7.465158e-01	7.000000e-01	
5.972608e+01	587	9.772609e+01	2.024260e+02	5.972608e+01	587	6.744114e-01	7.000000e-01	
5.982782e+01	588	8.254850e+01	2.315220e+02	5.982782e+01	588	7.371657e-01	7.000000e-01	
5.992957e+01	589	9.744456e+01	2.225325e+02	5.992957e+01	589	6.954639e-01	7.000000e-01	
6.003132e+01	590	8.944156e+01	2.564551e+02	6.003132e+01	590	7.414212e-01	7.000000e-01	
6.013307e+01	591	8.682768e+01	2.676871e+02	6.013307e+01	591	7.550802e-01	7.000000e-01	
6.023482e+01	592	7.159176e+01	1.927102e+02	6.023482e+01	592	7.291289e-01	7.000000e-01	
6.033656e+01	593	8.115081e+01	2.053456e+02	6.033656e+01	593	7.167476e-01	7.000000e-01	
6.043831e+01	594	9.286577e+01	1.839134e+02	6.043831e+01	594	6.644770e-01	7.000000e-01	
6.054006e+01	595	7.805392e+01	1.978612e+02	6.054006e+01	595	7.171089e-01	7.000000e-01	
6.064181e+01	596	8.419323e+01	2.217515e+02	6.064181e+01	596	7.248090e-01	7.000000e-01	
6.074356e+01	597	7.989419e+01	2.239855e+02	6.074356e+01	597	7.370861e-01	7.000000e-01	
6.084530e+01	598	7.595505e+01	2.079608e+02	6.084530e+01	598	7.324734e-01	7.000000e-01	
6.094705e+01	599	9.777235e+01	2.051305e+02	6.094705e+01	599	6.772155e-01	7.000000e-01	
6.104880e+01	600	7.353458e+01	1.981387e+02	6.104880e+01	600	7.293272e-01	7.000000e-01	
6.115055e+01	601	8.330013e+01	2.075126e+02	6.115055e+01	601	7.135609e-01	7.000000e-01	
6.125230e+01	602	8.934988e+01	2.242243e+02	6.125230e+01	602	7.150598e-01	7.000000e-01	
6.135404e+01	603	8.820182e+01	2.228720e+02	6.135404e+01	603	7.164602e-01	7.000000e-01	
6.145579e+01	604	9.330477e+01	2.235768e+02	6.145579e+01	604	7.055532e-01	7.000000e-01	
6.155754e+01	605	7.738648e+01	2.290859e+02	6.155754e+01	605	7.474928e-01	7.000000e-01	
6.165929e+01	606	9.811534e+01	2.336258e+02	6.165929e+01	606	7.042413e-01	7.000000e-01	
6.176104e+01	607	9.779298e+01	2.167161e+02	6.176104e+01	607	6.890615e-01	7.000000e-01	
6.186278e+01	608	8.644374e+01	2.422987e+02	6.186278e+01	608	7.370472e-01	7.000000e-01	
6.196453e+01	609	1.067932e+02	2.095736e+02	6.196453e+01	609	6.624387e-01	7.000000e-01	
6.206628e+01	610	1.246278e+02	2.135934e+02	6.206628e+01	610	6.315198e-01	7.000000e-01	
6.216803e+01	611	9.209052e+01	2.184375e+02	6.216803e+01	611	7.034389e-01	7.000000e-01	
6.226978e+01	612	1.060044e+02	2.036185e+02	6.226978e+01	612	6.576339e-01	7.000000e-01	
6.237152e+01	613	1.148407e+02	2.159938e+02	6.237152e+01	613	6.528757e-01	7.000000e-01	
6.247327e+01	614	9.279631e+01	2.464658e+02	6.247327e+01	614	7.264761e-01	7.000000e-01	
6.257502e+01	615	9.026215e+01	2.776435e+02	6.257502e+01	615	7.546595e-01	7.000000e-01	
6.267677e+01	616	1.068871e+02	2.303347e+02	6.267677e+01	616	6.830362e-01	7.000000e-01	
6.277852e+01	617	9.034910e+01	2.321840e+02	6.277852e+01	617	7.198765e-01	7.000000e-01	
6.288026e+01	618	9.581955e+01	2.444361e+02	6.288026e+01	618	7.183895e-01	7.000000e-01	
6.298201e+01	619	8.889499e+01	2.834550e+02	6.298201e+01	619	7.612596e-01	7.000000e-01	
6.308376e+01	620	1.011038e+02	2.505614e+02	6.308376e+01	620	7.124998e-01	7.000000e-01	
6.318551e+01	621	9.511832e+01	2.458414e+02	6.318551e+01	621	7.210277e-01	7.000000e-01	
6.328726e+01	622	9.139367e+01	2.514322e+02	6.328726e+01	622	7.334108e-01	7.000000e-01	
6.338900e+01	623	8.611855e+01	2.431390e+02	6.338900e+01	623	7.384462e-01	7.000000e-01	
6.349075e+01	624	9.431602e+01	2.474383e+02	6.349075e+01	624	7.240239e-01	7.000000e-01	
6.359250e+01	625	1.017620e+02	2.371930e+02	6.359250e+01	625	6.997773e-01	7.000000e-01	
6.369425e+01	626	9.487363e+01	2.434521e+02	6.369425e+01	626	7.195790e-01	7.000000e-01	
6.379600e+01	627	8.719006e+01	2.246577e+02	6.379600e+01	627	7.204083e-01	7.000000e-01	
6.389774e+01	628	9.265836e+01	2.453212e+02	6.389774e+01	628	7.258463e-01	7.000000e-01	
6.399949e+01	629	8.632847e+01	2.192297e+02	6.399949e+01	629	7.174729e-01	7.000000e-01	
6.410124e+01	630	8.699097e+01	2.335361e+02	6.410124e+01	630	7.286002e-01	7.000000e-01	
6.420299e+01	631	9.523758e+01	2.464621e+02	6.420299e+01	631	7.212828e-01	7.000000e-01	
6.430474e+01	632	8.589359e+01	2.012274e+02	6.430474e+01	632	7.008453e-01	7.000000e-01	
6.440648e+01	633	8.192803e+01	1.973755e+02	6.440648e+01	633	7.066703e-01	7.000000e-01	
6.450823e+01	634	7.484841e+01	1.997287e+02	6.450823e+01	634	7.274048e-01	7.000000e-01	
6.460998e+01	635	6.996801e+01	1.794115e+02	6.460998e+01	635	7.194316e-01	7.000000e-01	
6.471173e+01	636	6.811314e+01	1.822526e+02	6.471173e+01	636	7.279454e-01	7.000000e-01	
6.481348e+01	637	7.422221e+01	2.180728e+02	6.481348e+01	637	7.460709e-01	7.000000e-01	
6.491522e+01	638	9.861459e+01	2.376497e+02	6.491522e+01	638	7.067349e-01	7.000000e-01	
6.501697e+01	639	9.141088e+01	2.464986e+02	6.501697e+01	639	7.294812e-01	7.000000e-01	
6.511872e+01	640	8.340483e+01	1.980825e+02	6.511872e+01	640	7.036995e-01	7.000000e-01	
6.522047e+01	641	1.010692e+02	2.329730e+02	6.522047e+01	641	6.974358e-01	7.000000e-01	
6.532222e+01	642	1.024250e+02	2.306570e+02	6.532222e+01	642	6.924931e-01	7.000000e-01	
6.542396e+01	643	9.162192e+01	2.268949e+02	6.542396e+01	643	7.123483e-01	7.000000e-01	
6.552571e+01	644	1.070556e+02	2.635343e+02	6.552571e+01	644	7.111211e-01	7.000000e-01	
6.562746e+01	645	1.293349e+02	3.007601e+02	6.562746e+01	645	6.992876e-01	7.000000e-01	
6.572921e+01	646	1.101419e+02	2.565100e+02	6.572921e+01	646	6.996009e-01	7.000000e-01	
6.583096e+01	647	9.256999e+01	2.274568e+02	6.583096e+01	647	7.107430e-01	7.000000e-01	
6.593270e+01	648	9.247400e+01	2.338159e+02	6.593270e+01	648	7.165895e-01	7.000000e-01	
6.603445e+01	649	9.185564e+01	2.291219e+02	6.603445e+01	649	7.138253e-01	7.000000e-01	
6.613620e+01	650	8.451691e+01	2.297674e+02	6.613620e+01	650	7.310814e-01	7.000000e-01	
6.623795e+01	651	6.304945e+01	2.322000e+02	6.623795e+01	651	7.864536e-01	7.000000e-01	
6.633970e+01	652	9.793974e+01	2.137234e+02	6.633970e+01	652	6.857513e-01	7.000000e-01	
6.644144e+01	653	9.104194e+01	2.260105e+02	6.644144e+01	653	7.128490e-01	7.000000e-01	
6.654319e+01	654	8.601918e+01	2.318196e+02	6.654319e+01	654	7.293622e-01	7.000000e-01	
6.664494e+01	655	8.145248e+01	2.206866e+02	6.664494e+01	655	7.304140e-01	7.000000e-01	
6.674669e+01	656	1.006383e+02	2.237199e+02	6.674669e+01	656	6.897310e-01	7.000000e-01	
6.684844e+01	657	9.261672e+01	2.290022e+02	6.684844e+01	657	7.120296e-01	7.000000e-01	
6.695018e+01	658	8.059552e+01	2.201110e+02	6.695018e+01	658	7.319795e-01	7.000000e-01	
6.705193e+01	659	9.036211e+01	2.269490e+02	6.705193e+01	659	7.152255e-01	7.000000e-01	
6.715368e+01	660	5.616497e+01	2.351569e+02	6.715368e+01	660	8.072065e-01	7.000000e-01	
6.725543e+01	661	8.471510e+01	2.228140e+02	6.725543e+01	661	7.245298e-01	7.000000e-01	
6.735718e+01	662	9.450885e+01	1.793270e+02	6.735718e+01	662	6.548704e-01	7.000000e-01	
6.745892e+01	663	8.386247e+01	2.261114e+02	6.745892e+01	663	7.294531e-01	7.000000e-01	
6.756067e+01	664	8.898735e+01	2.434468e+02	6.756067e+01	664	7.323159e-01	7.000000e-01	
6.766242e+01	665	9.020655e+01	2.269342e+02	6.766242e+01	665	7.155630e-01	7.000000e-01	
6.776417e+01	666	8.042071e+01	2.314835e+02	6.776417e+01	666	7.421622e-01	7.000000e-01	
6.786592e+01	667	9.401629e+01	2.284590e+02	6.786592e+01	667	7.084543e-01	7.000000e-01	
6.796766e+01	668	8.713069e+01	2.404775e+02	6.796766e+01	668	7.340400e-01	7.000000e-01	
6.806941e+01	669	8.673878e+01	2.119663e+02	6.806941e+01	669	7.096173e-01	7.000000e-01	
6.817116e+01	670	8.645449e+01	2.271823e+02	6.817116e+01	670	7.243484e-01	7.000000e-01	
6.827291e+01	671	8.102448e+01	2.185679e+02	6.827291e+01	671	7.295509e-01	7.000000e-01	
6.837466e+01	672	8.725443e+01	2.281300e+02	6.837466e+01	672	7.233394e-01	7.000000e-01	
6.847640e+01	673	8.750656e+01	2.348273e+02	6.847640e+01	673	7.285220e-01	7.000000e-01	
6.857815e+01	674	7.722771e+01	1.758990e+02	6.857815e+01	674	6.949049e-01	7.000000e-01	
6.867990e+01	675	1.034762e+02	2.564148e+02	6.867990e+01	675	7.124791e-01	7.000000e-01	
6.878165e+01	676	9.890323e+01	2.439171e+02	6.878165e+01	676	7.115013e-01	7.000000e-01	
6.888340e+01	677	1.043397e+02	2.568012e+02	6.888340e+01	677	7.110831e-01	7.000000e-01	
6.898514e+01	678	9.514805e+01	2.551179e+02	6.898514e+01	678	7.283548e-01	7.000000e-01	
6.908689e+01	679	8.982526e+01	2.303454e+02	6.908689e+01	679	7.194457e-01	7.000000e-01	
6.918864e+01	680	8.426981e+01	2.112905e+02	6.918864e+01	680	7.148812e-01	7.000000e-01	
6.929039e+01	681	9.431625e+01	2.226983e+02	6.929039e+01	681	7.024861e-01	7.000000e-01	
6.939214e+01	682	9.208118e+01	2.326846e+02	6.939214e+01	682	7.164690e-01	7.000000e-01	
6.949388e+01	683	8.785297e+01	2.358085e+02	6.949388e+01	683	7.285653e-01	7.000000e-01	
6.959563e+01	684	7.905491e+01	2.255746e+02	6.959563e+01	684	7.404883e-01	7.000000e-01	
6.969738e+01	685	1.131443e+02	2.276284e+02	6.969738e+01	685	6.679772e-01	7.000000e-01	
6.979913e+01	686	8.925277e+01	2.264329e+02	6.979913e+01	686	7.172733e-01	7.000000e-01	
6.990088e+01	687	1.001790e+02	1.983159e+02	6.990088e+01	687	6.643862e-01	7.000000e-01	
7.000262e+01	688	9.545441e+01	2.137924e+02	7.000262e+01	688	6.913326e-01	7.000000e-01	
7.010437e+01	689	9.847859e+01	2.192967e+02	7.010437e+01	689	6.900999e-01	7.000000e-01	
7.020612e+01	690	1.075604e+02	2.135919e+02	7.020612e+01	690	6.650798e-01	7.000000e-01	
7.030787e+01	691	1.130523e+02	2.102401e+02	7.030787e+01	691	6.503094e-01	7.000000e-01	
7.040962e+01	692	9.271752e+01	2.013398e+02	7.040962e+01	692	6.846958e-01	7.000000e-01	
7.051136e+01	693	8.599293e+01	1.957601e+02	7.051136e+01	693	6.947932e-01	7.000000e-01	
7.061311e+01	694	9.835441e+01	2.122373e+02	7.061311e+01	694	6.833321e-01	7.000000e-01	
7.071486e+01	695	8.244769e+01	2.147817e+02	7.071486e+01	695	7.226126e-01	7.000000e-01	
7.081661e+01	696	9.814445e+01	2.123523e+02	7.081661e+01	696	6.839115e-01	7.000000e-01	
7.091836e+01	697	9.220922e+01	2.043225e+02	7.091836e+01	697	6.890410e-01	7.000000e-01	
7.102010e+01	698	7.408511e+01	1.755495e+02	7.102010e+01	698	7.032258e-01	7.000000e-01	
7.112185e+01	699	7.567433e+01	2.179312e+02	7.112185e+01	699	7.422585e-01	7.000000e-01	
7.122360e+01	700	8.751506e+01	2.038428e+02	7.122360e+01	700	6.996303e-01	7.000000e-01	
7.132535e+01	701	9.637605e+01	1.995339e+02	7.132535e+01	701	6.743062e-01	7.000000e-01	
7.142710e+01	702	1.011325e+02	2.170729e+02	7.142710e+01	702	6.821786e-01	7.000000e-01	
7.152884e+01	703	8.882244e+01	2.100655e+02	7.152884e+01	703	7.028236e-01	7.000000e-01	
7.163059e+01	704	1.017960e+02	2.003697e+02	7.163059e+01	704	6.631120e-01	7.000000e-01	
7.173234e+01	705	1.098047e+02	2.027406e+02	7.173234e+01	705	6.486759e-01	7.000000e-01	
7.183409e+01	706	1.146732e+02	2.239939e+02	7.183409e+01	706	6.613985e-01	7.000000e-01	
7.193584e+01	707	8.067036e+01	2.247714e+02	7.193584e+01	707	7.358896e-01	7.000000e-01	
7.203758e+01	708	1.020141e+02	2.194741e+02	7.203758e+01	708	6.826817e-01	7.000000e-01	
7.213933e+01	709	8.852365e+01	2.207041e+02	7.213933e+01	709	7.137267e-01	7.000000e-01	
7.224108e+01	710	1.026149e+02	2.200521e+02	7.224108e+01	710	6.819789e-01	7.000000e-01	
7.234283e+01	711	8.913893e+01	2.038745e+02	7.234283e+01	711	6.957855e-01	7.000000e-01	
7.244458e+01	712	9.024892e+01	2.114250e+02	7.244458e+01	712	7.008395e-01	7.000000e-01	
7.254632e+01	713	8.266395e+01	2.115744e+02	7.254632e+01	713	7.190579e-01	7.000000e-01	
7.264807e+01	714	8.727467e+01	2.231813e+02	7.264807e+01	714	7.188823e-01	7.000000e-01	
7.274982e+01	715	8.080226e+01	2.156719e+02	7.274982e+01	715	7.274560e-01	7.000000e-01	
7.285157e+01	716	8.052852e+01	2.097908e+02	7.285157e+01	716	7.226209e-01	7.000000e-01	
7.295332e+01	717	7.381983e+01	2.191993e+02	7.295332e+01	717	7.480716e-01	7.000000e-01	
7.305506e+01	718	6.922261e+01	2.134084e+02	7.305506e+01	718	7.550778e-01	7.000000e-01	
7.315681e+01	719	6.762598e+01	2.204687e+02	7.315681e+01	719	7.652647e-01	7.000000e-01	
7.325856e+01	720	8.482942e+01	2.123054e+02	7.325856e+01	720	7.145087e-01	7.000000e-01	
7.336031e+01	721	8.614612e+01	2.296450e+02	7.336031e+01	721	7.272054e-01	7.000000e-01	
7.346206e+01	722	5.714521e+01	2.093968e+02	7.346206e+01	722	7.856052e-01	7.000000e-01	
7.356380e+01	723	8.202066e+01	2.628579e+02	7.356380e+01	723	7.621752e-01	7.000000e-01	
7.366555e+01	724	6.987513e+01	2.127985e+02	7.366555e+01	724	7.528063e-01	7.000000e-01	
7.376730e+01	725	5.394110e+01	2.096633e+02	7.376730e+01	725	7.953710e-01	7.000000e-01	
7.386905e+01	726	6.701237e+01	1.968360e+02	7.386905e+01	726	7.460194e-01	7.000000e-01	
7.397080e+01	727	6.974794e+01	2.017604e+02	7.397080e+01	727	7.431094e-01	7.000000e-01	
7.407254e+01	728	6.502502e+01	2.201682e+02	7.407254e+01	728	7.719966e-01	7.000000e-01	
7.417429e+01	729	5.563647e+01	1.550848e+02	7.417429e+01	729	7.359713e-01	7.000000e-01	
7.427604e+01	730	7.095347e+01	1.892718e+02	7.427604e+01	730	7.273383e-01	7.000000e-01	
7.437779e+01	731	8.855627e+01	2.077923e+02	7.437779e+01	731	7.011753e-01	7.000000e-01	
7.447954e+01	732	6.033849e+01	1.768699e+02	7.447954e+01	732	7.456309e-01	7.000000e-01	
7.458128e+01	733	7.699916e+01	2.009861e+02	7.458128e+01	733	7.230099e-01	7.000000e-01	
7.468303e+01	734	8.183108e+01	1.775320e+02	7.468303e+01	734	6.844922e-01	7.000000e-01	
7.478478e+01	735	6.452645e+01	1.949819e+02	7.478478e+01	735	7.513512e-01	7.000000e-01	
7.488653e+01	736	7.748739e+01	2.348886e+02	7.488653e+01	736	7.519419e-01	7.000000e-01	
7.498828e+01	737	7.547507e+01	1.897583e+02	7.498828e+01	737	7.154390e-01	7.000000e-01	
7.509002e+01	738	6.862563e+01	1.876142e+02	7.509002e+01	738	7.321820e-01	7.000000e-01	
7.519177e+01	739	1.049427e+02	1.828795e+02	7.519177e+01	739	6.353905e-01	7.000000e-01	
7.529352e+01	740	7.288005e+01	1.895200e+02	7.529352e+01	740	7.222560e-01	7.000000e-01	
7.539527e+01	741	6.390691e+01	1.893069e+02	7.539527e+01	741	7.476168e-01	7.000000e-01	
7.549702e+01	742	8.041827e+01	1.813579e+02	7.549702e+01	742	6.927976e-01	7.000000e-01	
7.559876e+01	743	8.188937e+01	2.050470e+02	7.559876e+01	743	7.146079e-01	7.000000e-01	
7.570051e+01	744	8.780059e+01	2.185607e+02	7.570051e+01	744	7.134083e-01	7.000000e-01	
7.580226e+01	745	7.346164e+01	2.222329e+02	7.580226e+01	745	7.515624e-01	7.000000e-01	
7.590401e+01	746	8.837912e+01	2.130526e+02	7.590401e+01	746	7.068022e-01	7.000000e-01	
7.600576e+01	747	8.776784e+01	2.185985e+02	7.600576e+01	747	7.135200e-01	7.000000e-01	
7.610750e+01	748	7.026021e+01	2.286426e+02	7.610750e+01	748	7.649396e-01	7.000000e-01	
7.620925e+01	749	6.910528e+01	2.387791e+02	7.620925e+01	749	7.755480e-01	7.000000e-01	
7.631100e+01	750	6.661517e+01	2.161107e+02	7.631100e+01	750	7.643825e-01	7.000000e-01	
7.641275e+01	751	7.365891e+01	2.286697e+02	7.641275e+01	751	7.563614e-01	7.000000e-01	
7.651450e+01	752	7.332863e+01	2.459525e+02	7.651450e+01	752	7.703321e-01	7.000000e-01	
7.661624e+01	753	6.382402e+01	2.350229e+02	7.661624e+01	753	7.864324e-01	7.000000e-01	
7.671799e+01	754	7.806409e+01	2.369331e+02	7.671799e+01	754	7.521753e-01	7.000000e-01	
7.681974e+01	755	7.656065e+01	2.373070e+02	7.681974e+01	755	7.560735e-01	7.000000e-01	
7.692149e+01	756	8.352731e+01	2.443128e+02	7.692149e+01	756	7.452194e-01	7.000000e-01	
7.702324e+01	757	9.338399e+01	2.266846e+02	7.702324e+01	757	7.082376e-01	7.000000e-01	
7.712498e+01	758	8.513630e+01	2.478729e+02	7.712498e+01	758	7.443425e-01	7.000000e-01	
7.722673e+01	759	7.522265e+01	2.451739e+02	7.722673e+01	759	7.652202e-01	7.000000e-01	
7.732848e+01	760	9.106849e+01	2.103068e+02	7.732848e+01	760	6.978236e-01	7.000000e-01	
7.743023e+01	761	7.799482e+01	2.443137e+02	7.743023e+01	761	7.580119e-01	7.000000e-01	
7.753198e+01	762	1.001753e+02	2.511524e+02	7.753198e+01	762	7.148665e-01	7.000000e-01	
7.763372e+01	763	8.233530e+01	2.336462e+02	7.763372e+01	763	7.394300e-01	7.000000e-01	
7.773547e+01	764	8.466248e+01	2.758899e+02	7.773547e+01	764	7.651867e-01	7.000000e-01	
7.783722e+01	765	9.644537e+01	2.565015e+02	7.783722e+01	765	7.267425e-01	7.000000e-01	
7.793897e+01	766	1.012448e+02	2.286501e+02	7.793897e+01	766	6.930998e-01	7.000000e-01	
7.804072e+01	767	9.404229e+01	2.580622e+02	7.804072e+01	767	7.329137e-01	7.000000e-01	
7.814246e+01	768	8.698621e+01	2.357972e+02	7.814246e+01	768	7.305121e-01	7.000000e-01	
7.824421e+01	769	1.001710e+02	2.196034e+02	7.824421e+01	769	6.867448e-01	7.000000e-01	
7.834596e+01	770	1.040035e+02	2.163626e+02	7.834596e+01	770	6.753605e-01	7.000000e-01	
7.844771e+01	771	1.038928e+02	2.223422e+02	7.844771e+01	771	6.815400e-01	7.000000e-01	
7.854946e+01	772	1.141229e+02	2.151798e+02	7.854946e+01	772	6.534407e-01	7.000000e-01	
7.865120e+01	773	1.014897e+02	2.203578e+02	7.865120e+01	773	6.846653e-01	7.000000e-01	
7.875295e+01	774	1.093483e+02	2.236535e+02	7.875295e+01	774	6.716285e-01	7.000000e-01	
7.885470e+01	775	1.064451e+02	2.117434e+02	7.885470e+01	775	6.654653e-01	7.000000e-01	
7.895645e+01	776	8.626362e+01	2.215005e+02	7.895645e+01	776	7.197087e-01	7.000000e-01	
7.905820e+01	777	7.832773e+01	2.512562e+02	7.905820e+01	777	7.623436e-01	7.000000e-01	
7.915994e+01	778	9.800931e+01	2.249220e+02	7.915994e+01	778	6.965011e-01	7.000000e-01	
7.926169e+01	779	9.821896e+01	2.397045e+02	7.926169e+01	779	7.093455e-01	7.000000e-01	
7.936344e+01	780	8.108367e+01	2.081872e+02	7.936344e+01	780	7.196964e-01	7.000000e-01	
7.946519e+01	781	8.259795e+01	2.193972e+02	7.946519e+01	781	7.264925e-01	7.000000e-01	
7.956694e+01	782	7.908808e+01	2.101947e+02	7.956694e+01	782	7.266063e-01	7.000000e-01	
7.966868e+01	783	7.870833e+01	2.171553e+02	7.966868e+01	783	7.339709e-01	7.000000e-01	
7.977043e+01	784	7.909847e+01	2.234538e+02	7.977043e+01	784	7.385626e-01	7.000000e-01	
7.987218e+01	785	7.864077e+01	2.074212e+02	7.987218e+01	785	7.250918e-01	7.000000e-01	
7.997393e+01	786	8.884180e+01	2.188259e+02	7.997393e+01	786	7.112411e-01	7.000000e-01	
8.007568e+01	787	7.320250e+01	2.092317e+02	8.007568e+01	787	7.408157e-01	7.000000e-01	
8.017742e+01	788	1.046286e+02	1.766732e+02	8.017742e+01	788	6.280557e-01	7.000000e-01	
8.027917e+01	789	8.686029e+01	2.134532e+02	8.027917e+01	789	7.107679e-01	7.000000e-01	
8.038092e+01	790	7.671220e+01	2.328404e+02	8.038092e+01	790	7.521836e-01	7.000000e-01	
8.048267e+01	791	9.201706e+01	2.032984e+02	8.048267e+01	791	6.884110e-01	7.000000e-01	
8.058442e+01	792	8.639693e+01	2.544684e+02	8.058442e+01	792	7.465365e-01	7.000000e-01	
8.068616e+01	793	8.913541e+01	2.286950e+02	8.068616e+01	793	7.195504e-01	7.000000e-01	
8.078791e+01	794	6.985123e+01	2.364158e+02	8.078791e+01	794	7.719270e-01	7.000000e-01	
8.088966e+01	795	7.745374e+01	2.294152e+02	8.088966e+01	795	7.475999e-01	7.000000e-01	
8.099141e+01	796	9.188727e+01	2.465482e+02	8.099141e+01	796	7.284940e-01	7.000000e-01	
8.109316e+01	797	8.645485e+01	2.510800e+02	8.109316e+01	797	7.438639e-01	7.000000e-01	
8.119490e+01	798	7.777684e+01	2.245316e+02	8.119490e+01	798	7.427236e-01	7.000000e-01	
8.129665e+01	799	9.653103e+01	2.145086e+02	8.129665e+01	799	6.896504e-01	7.000000e-01	
8.139840e+01	800	8.029459e+01	2.108950e+02	8.139840e+01	800	7.242532e-01	7.000000e-01	
8.150015e+01	801	7.332721e+01	2.030221e+02	8.150015e+01	801	7.346575e-01	7.000000e-01	
8.160190e+01	802	9.072019e+01	2.311372e+02	8.160190e+01	802	7.181354e-01	7.000000e-01	
8.170364e+01	803	9.050800e+01	2.074632e+02	8.170364e+01	803	6.962525e-01	7.000000e-01	
8.180539e+01	804	9.620806e+01	2.234323e+02	8.180539e+01	804	6.990115e-01	7.000000e-01	
8.190714e+01	805	7.752044e+01	2.443869e+02	8.190714e+01	805	7.591840e-01	7.000000e-01	
8.200889e+01	806	9.149269e+01	2.128632e+02	8.200889e+01	806	6.993891e-01	7.000000e-01	
8.211064e+01	807	6.953733e+01	2.302546e+02	8.211064e+01	807	7.680480e-01	7.000000e-01	
8.221238e+01	808	6.155335e+01	2.394829e+02	8.221238e+01	808	7.955284e-01	7.000000e-01	
8.231413e+01	809	7.760052e+01	2.273652e+02	8.231413e+01	809	7.455435e-01	7.000000e-01	
8.241588e+01	810	7.965283e+01	2.408023e+02	8.241588e+01	810	7.514384e-01	7.000000e-01	
8.251763e+01	811	6.147797e+01	2.302944e+02	8.251763e+01	811	7.892948e-01	7.000000e-01	
8.261938e+01	812	9.021146e+01	2.037704e+02	8.261938e+01	812	6.931394e-01	7.000000e-01	
8.272112e+01	813	7.185693e+01	2.443601e+02	8.272112e+01	813	7.727607e-01	7.000000e-01	
8.282287e+01	814	6.360336e+01	2.579457e+02	8.282287e+01	814	8.021970e-01	7.000000e-01	
8.292462e+01	815	8.100852e+01	2.044375e+02	8.292462e+01	815	7.162037e-01	7.000000e-01	
8.302637e+01	816	8.818900e+01	1.988594e+02	8.302637e+01	816	6.927731e-01	7.000000e-01	
8.312812e+01	817	9.516950e+01	1.972792e+02	8.312812e+01	817	6.745771e-01	7.000000e-01	
8.322986e+01	818	1.069768e+02	1.799799e+02	8.322986e+01	818	6.272023e-01	7.000000e-01	
8.333161e+01	819	8.586436e+01	2.177375e+02	8.333161e+01	819	7.171810e-01	7.000000e-01	
8.343336e+01	820	7.960965e+01	2.183402e+02	8.343336e+01	820	7.328086e-01	7.000000e-01	
8.353511e+01	821	8.506541e+01	2.221125e+02	8.353511e+01	821	7.230745e-01	7.000000e-01	
8.363686e+01	822	8.252203e+01	2.071510e+02	8.363686e+01	822	7.151201e-01	7.000000e-01	
8.373860e+01	823	8.093715e+01	2.092211e+02	8.373860e+01	823	7.210586e-01	7.000000e-01	
8.384035e+01	824	8.656129e+01	2.329840e+02	8.384035e+01	824	7.291110e-01	7.000000e-01	
8.394210e+01	825	7.680189e+01	2.099182e+02	8.394210e+01	825	7.321363e-01	7.000000e-01	
8.404385e+01	826	8.399008e+01	2.229327e+02	8.404385e+01	826	7.263478e-01	7.000000e-01	
8.414560e+01	827	8.150758e+01	2.225221e+02	8.414560e+01	827	7.319091e-01	7.000000e-01	
8.424734e+01	828	8.756029e+01	2.224987e+02	8.424734e+01	828	7.176012e-01	7.000000e-01	
8.434909e+01	829	6.653433e+01	2.117869e+02	8.434909e+01	829	7.609441e-01	7.000000e-01	
8.445084e+01	830	8.793554e+01	2.035720e+02	8.445084e+01	830	6.983421e-01	7.000000e-01	
8.455259e+01	831	8.721865e+01	2.230876e+02	8.455259e+01	831	7.189272e-01	7.000000e-01	
8.465434e+01	832	9.218603e+01	1.866533e+02	8.465434e+01	832	6.693937e-01	7.000000e-01	
8.475608e+01	833	9.021002e+01	1.872825e+02	8.475608e+01	833	6.749101e-01	7.000000e-01	
8.485783e+01	834	8.085032e+01	1.984863e+02	8.485783e+01	834	7.105631e-01	7.000000e-01	
8.495958e+01	835	6.907628e+01	1.887775e+02	8.495958e+01	835	7.321107e-01	7.000000e-01	
8.506133e+01	836	7.166027e+01	1.807306e+02	8.506133e+01	836	7.160742e-01	7.000000e-01	
8.516308e+01	837	9.126988e+01	1.906607e+02	8.516308e+01	837	6.762683e-01	7.000000e-01	
8.526482e+01	838	7.031927e+01	1.873981e+02	8.526482e+01	838	7.271458e-01	7.000000e-01	
8.536657e+01	839	7.099544e+01	1.807803e+02	8.536657e+01	839	7.180211e-01	7.000000e-01	
8.546832e+01	840	9.337744e+01	2.759046e+02	8.546832e+01	840	7.471379e-01	7.000000e-01	
8.557007e+01	841	6.992491e+01	2.737438e+02	8.557007e+01	841	7.965340e-01	7.000000e-01	
8.567182e+01	842	9.001149e+01	2.638313e+02	8.567182e+01	842	7.456173e-01	7.000000e-01	
8.577356e+01	843	9.398655e+01	2.998763e+02	8.577356e+01	843	7.613724e-01	7.000000e-01	
8.587531e+01	844	1.024400e+02	2.343593e+02	8.587531e+01	844	6.958426e-01	7.000000e-01	
8.597706e+01	845	8.042459e+01	2.582247e+02	8.597706e+01	845	7.625136e-01	7.000000e-01	
8.607881e+01	846	9.259999e+01	2.771333e+02	8.607881e+01	846	7.495492e-01	7.000000e-01	
8.618056e+01	847	1.018435e+02	2.538055e+02	8.618056e+01	847	7.136404e-01	7.000000e-01	
8.628230e+01	848	1.071087e+02	2.294081e+02	8.628230e+01	848	6.817137e-01	7.000000e-01	
8.638405e+01	849	9.821772e+01	2.661598e+02	8.638405e+01	849	7.304507e-01	7.000000e-01	
8.648580e+01	850	1.039701e+02	2.470525e+02	8.648580e+01	850	7.038080e-01	7.000000e-01	
8.658755e+01	851	1.045851e+02	2.387676e+02	8.658755e+01	851	6.954004e-01	7.000000e-01	
8.668930e+01	852	9.551035e+01	2.258266e+02	8.668930e+01	852	7.027720e-01	7.000000e-01	
8.679104e+01	853	1.026384e+02	2.315133e+02	8.679104e+01	853	6.928389e-01	7.000000e-01	
8.689279e+01	854	9.740741e+01	2.081882e+02	8.689279e+01	854	6.812539e-01	7.000000e-01	
8.699454e+01	855	8.654872e+01	1.997942e+02	8.699454e+01	855	6.977445e-01	7.000000e-01	
8.709629e+01	856	8.015455e+01	2.044266e+02	8.709629e+01	856	7.183420e-01	7.000000e-01	
8.719804e+01	857	1.039382e+02	2.166019e+02	8.719804e+01	857	6.757404e-01	7.000000e-01	
8.729978e+01	858	9.384524e+01	2.147009e+02	8.729978e+01	858	6.958470e-01	7.000000e-01	
8.740153e+01	859	9.575923e+01	2.224501e+02	8.740153e+01	859	6.990684e-01	7.000000e-01	
8.750328e+01	860	9.697818e+01	2.213703e+02	8.750328e+01	860	6.953710e-01	7.000000e-01	
8.760503e+01	861	9.536252e+01	2.164102e+02	8.760503e+01	861	6.941281e-01	7.000000e-01	
8.770678e+01	862	9.789481e+01	2.229042e+02	8.770678e+01	862	6.948407e-01	7.000000e-01	
8.780852e+01	863	9.567797e+01	2.194627e+02	8.780852e+01	863	6.963960e-01	7.000000e-01	
8.791027e+01	864	9.691656e+01	2.452727e+02	8.791027e+01	864	7.167750e-01	7.000000e-01	
8.801202e+01	865	1.073243e+02	2.640484e+02	8.801202e+01	865	7.110065e-01	7.000000e-01	
8.811377e+01	866	9.273616e+01	2.331352e+02	8.811377e+01	866	7.154210e-01	7.000000e-01	
8.821552e+01	867	9.752591e+01	2.252337e+02	8.821552e+01	867	6.978373e-01	7.000000e-01	
8.831726e+01	868	9.736245e+01	1.811821e+02	8.831726e+01	868	6.504600e-01	7.000000e-01	
8.841901e+01	869	1.056533e+02	1.549984e+02	8.841901e+01	869	5.946572e-01	7.000000e-01	
8.852076e+01	870	9.728053e+01	2.096213e+02	8.852076e+01	870	6.830239e-01	7.000000e-01	
8.862251e+01	871	1.002892e+02	2.109621e+02	8.862251e+01	871	6.777870e-01	7.000000e-01	
8.872426e+01	872	1.082132e+02	2.030775e+02	8.872426e+01	872	6.523725e-01	7.000000e-01	
8.882600e+01	873	9.963994e+01	2.093900e+02	8.882600e+01	873	6.775719e-01	7.000000e-01	
8.892775e+01	874	1.023908e+02	1.850978e+02	8.892775e+01	874	6.438440e-01	7.000000e-01	
8.902950e+01	875	5.883611e+01	2.088247e+02	8.902950e+01	875	7.801841e-01	7.000000e-01	
8.913125e+01	876	1.104659e+02	1.914641e+02	8.913125e+01	876	6.341341e-01	7.000000e-01	
8.923300e+01	877	7.996168e+01	2.211583e+02	8.923300e+01	877	7.344524e-01	7.000000e-01	
8.933474e+01	878	5.925521e+01	2.078205e+02	8.933474e+01	878	7.781333e-01	7.000000e-01	
8.943649e+01	879	7.654286e+01	2.048927e+02	8.943649e+01	879	7.280270e-01	7.000000e-01	
8.953824e+01	880	8.982225e+01	2.152351e+02	8.953824e+01	880	7.055562e-01	7.000000e-01	
8.963999e+01	881	5.466248e+01	2.467698e+02	8.963999e+01	881	8.186575e-01	7.000000e-01	
8.974174e+01	882	7.680580e+01	2.283040e+02	8.974174e+01	882	7.482683e-01	7.000000e-01	
8.984348e+01	883	7.158229e+01	2.161183e+02	8.984348e+01	883	7.511917e-01	7.000000e-01	
8.994523e+01	884	5.507709e+01	2.466602e+02	8.994523e+01	884	8.174667e-01	7.000000e-01	
9.004698e+01	885	7.448038e+01	2.163983e+02	9.004698e+01	885	7.439469e-01	7.000000e-01	
9.014873e+01	886	6.925456e+01	1.898637e+02	9.014873e+01	886	7.327299e-01	7.000000e-01	
9.025048e+01	887	6.485067e+01	2.166843e+02	9.025048e+01	887	7.696532e-01	7.000000e-01	
9.035222e+01	888	8.365461e+01	2.024199e+02	9.035222e+01	888	7.075775e-01	7.000000e-01	
9.045397e+01	889	6.998919e+01	2.252656e+02	9.045397e+01	889	7.629532e-01	7.000000e-01	
9.055572e+01	890	7.654446e+01	2.001491e+02	9.055572e+01	890	7.233602e-01	7.000000e-01	
9.065747e+01	891	7.842871e+01	2.161201e+02	9.065747e+01	891	7.337327e-01	7.000000e-01	
9.075922e+01	892	7.842859e+01	2.119624e+02	9.075922e+01	892	7.299207e-01	7.000000e-01	
9.086096e+01	893	7.656631e+01	2.148265e+02	9.086096e+01	893	7.372402e-01	7.000000e-01	
9.096271e+01	894	6.845621e+01	2.099461e+02	9.096271e+01	894	7.541105e-01	7.000000e-01	
9.106446e+01	895	1.124599e+02	2.149589e+02	9.106446e+01	895	6.565258e-01	7.000000e-01	
9.116621e+01	896	6.609694e+01	2.213808e+02	9.116621e+01	896	7.700798e-01	7.000000e-01	
9.126796e+01	897	1.067251e+02	2.143442e+02	9.126796e+01	897	6.675948e-01	7.000000e-01	
9.136970e+01	898	1.117980e+02	2.111667e+02	9.136970e+01	898	6.538383e-01	7.000000e-01	
9.147145e+01	899	9.353159e+01	2.204297e+02	9.147145e+01	899	7.020920e-01	7.000000e-01	
9.157320e+01	900	9.557106e+01	2.205343e+02	9.157320e+01	900	6.976607e-01	7.000000e-01	
9.167495e+01	901	1.025179e+02	2.224358e+02	9.167495e+01	901	6.845154e-01	7.000000e-01	
9.177670e+01	902	1.119568e+02	2.089846e+02	9.177670e+01	902	6.511612e-01	7.000000e-01	
9.187844e+01	903	8.814135e+01	2.347779e+02	9.187844e+01	903	7.270483e-01	7.000000e-01	
9.198019e+01	904	9.240880e+01	2.208430e+02	9.198019e+01	904	7.050015e-01	7.000000e-01	
9.208194e+01	905	6.473205e+01	2.530149e+02	9.208194e+01	905	7.962780e-01	7.000000e-01	
9.218369e+01	906	9.079522e+01	2.387544e+02	9.218369e+01	906	7.244870e-01	7.000000e-01	
9.228544e+01	907	7.948811e+01	2.318755e+02	9.228544e+01	907	7.447097e-01	7.000000e-01	
9.238718e+01	908	9.375075e+01	2.378481e+02	9.238718e+01	908	7.172766e-01	7.000000e-01	
9.248893e+01	909	7.123601e+01	2.210867e+02	9.248893e+01	909	7.563104e-01	7.000000e-01	
9.259068e+01	910	8.430455e+01	2.056782e+02	9.259068e+01	910	7.092774e-01	7.000000e-01	
9.269243e+01	911	3.653353e+01	2.170545e+02	9.269243e+01	911	8.559335e-01	7.000000e-01	
9.279418e+01	912	6.208706e+01	2.058981e+02	9.279418e+01	912	7.683190e-01	7.000000e-01	
9.289592e+01	913	7.905019e+01	2.857002e+02	9.289592e+01	913	7.832759e-01	7.000000e-01	
9.299767e+01	914	8.072581e+01	2.266257e+02	9.299767e+01	914	7.373502e-01	7.000000e-01	
9.309942e+01	915	7.478260e+01	2.334158e+02	9.309942e+01	915	7.573557e-01	7.000000e-01	
9.320117e+01	916	7.743998e+01	2.371024e+02	9.320117e+01	916	7.538011e-01	7.000000e-01	
9.330292e+01	917	6.616442e+01	2.245096e+02	9.330292e+01	917	7.723759e-01	7.000000e-01	
9.340466e+01	918	7.574706e+01	1.829313e+02	9.340466e+01	918	7.071767e-01	7.000000e-01	
9.350641e+01	919	7.754921e+01	2.397661e+02	9.350641e+01	919	7.556084e-01	7.000000e-01	
9.360816e+01	920	6.403264e+01	2.021146e+02	9.360816e+01	920	7.594090e-01	7.000000e-01	
9.370991e+01	921	6.975692e+01	2.411710e+02	9.370991e+01	921	7.756492e-01	7.000000e-01	
9.381166e+01	922	1.048146e+02	2.262076e+02	9.381166e+01	922	6.833608e-01	7.000000e-01	
9.391340e+01	923	9.660437e+01	2.146924e+02	9.391340e+01	923	6.896711e-01	7.000000e-01	
9.401515e+01	924	7.150551e+01	2.224561e+02	9.401515e+01	924	7.567522e-01	7.000000e-01	
9.411690e+01	925	1.084846e+02	2.313743e+02	9.411690e+01	925	6.807952e-01	7.000000e-01	
9.421865e+01	926	1.067247e+02	2.290862e+02	9.421865e+01	926	6.821881e-01	7.000000e-01	
9.432040e+01	927	1.052866e+02	2.364325e+02	9.432040e+01	927	6.918914e-01	7.000000e-01	
9.442214e+01	928	1.243329e+02	2.260096e+02	9.442214e+01	928	6.451104e-01	7.000000e-01	
9.452389e+01	929	9.089695e+01	2.252696e+02	9.452389e+01	929	7.125030e-01	7.000000e-01	
9.462564e+01	930	9.701110e+01	2.331536e+02	9.462564e+01	930	7.061736e-01	7.000000e-01	
9.472739e+01	931	1.138851e+02	2.474007e+02	9.472739e+01	931	6.847784e-01	7.000000e-01	
9.482914e+01	932	7.451238e+01	2.170956e+02	9.482914e+01	932	7.444776e-01	7.000000e-01	
9.493088e+01	933	7.446253e+01	2.396704e+02	9.493088e+01	933	7.629585e-01	7.000000e-01	
9.503263e+01	934	1.052839e+02	2.320715e+02	9.503263e+01	934	6.879140e-01	7.000000e-01	
9.513438e+01	935	8.342313e+01	1.896178e+02	9.513438e+01	935	6.944666e-01	7.000000e-01	
9.523613e+01	936	8.731524e+01	1.992851e+02	9.523613e+01	936	6.953415e-01	7.000000e-01	
9.533788e+01	937	7.756588e+01	2.399815e+02	9.533788e+01	937	7.557345e-01	7.000000e-01	
9.543962e+01	938	8.862327e+01	2.069256e+02	9.543962e+01	938	7.001400e-01	7.000000e-01	
9.554137e+01	939	8.192498e+01	2.056085e+02	9.554137e+01	939	7.150767e-01	7.000000e-01	
9.564312e+01	940	7.717096e+01	2.125462e+02	9.564312e+01	940	7.336335e-01	7.000000e-01	
9.574487e+01	941	1.006622e+02	2.116250e+02	9.574487e+01	941	6.776615e-01	7.000000e-01	
9.584662e+01	942	7.185719e+01	2.121620e+02	9.584662e+01	942	7.469988e-01	7.000000e-01	
9.594836e+01	943	8.979509e+01	2.147013e+02	9.594836e+01	943	7.051029e-01	7.000000e-01	
9.605011e+01	944	1.068479e+02	2.089442e+02	9.605011e+01	944	6.616511e-01	7.000000e-01	
9.615186e+01	945	8.848392e+01	2.248075e+02	9.615186e+01	945	7.175667e-01	7.000000e-01	
9.625361e+01	946	1.035678e+02	2.141594e+02	9.625361e+01	946	6.740355e-01	7.000000e-01	
9.635536e+01	947	9.576585e+01	2.302984e+02	9.635536e+01	947	7.062976e-01	7.000000e-01	
9.645710e+01	948	1.053640e+02	2.067097e+02	9.645710e+01	948	6.623746e-01	7.000000e-01	
9.655885e+01	949	9.378114e+01	2.069101e+02	9.655885e+01	949	6.881148e-01	7.000000e-01	
9.666060e+01	950	8.330692e+01	2.237350e+02	9.666060e+01	950	7.286790e-01	7.000000e-01	
9.676235e+01	951	8.398217e+01	2.472121e+02	9.676235e+01	951	7.464263e-01	7.000000e-01	
9.686410e+01	952	8.043795e+01	2.226634e+02	9.686410e+01	952	7.346170e-01	7.000000e-01	
9.696584e+01	953	8.046474e+01	2.266463e+02	9.696584e+01	953	7.379946e-01	7.000000e-01	
9.706759e+01	954	7.331577e+01	2.125561e+02	9.706759e+01	954	7.435363e-01	7.000000e-01	
9.716934e+01	955	7.847428e+01	2.116843e+02	9.716934e+01	955	7.295469e-01	7.000000e-01	
9.727109e+01	956	7.550077e+01	2.274036e+02	9.727109e+01	956	7.507439e-01	7.000000e-01	
9.737284e+01	957	6.678589e+01	2.089164e+02	9.737284e+01	957	7.577608e-01	7.000000e-01	
9.747458e+01	958	8.570073e+01	2.132046e+02	9.747458e+01	958	7.132847e-01	7.000000e-01	
9.757633e+01	959	8.391349e+01	2.088589e+02	9.757633e+01	959	7.133832e-01	7.000000e-01	
9.767808e+01	960	8.596913e+01	2.194340e+02	9.767808e+01	960	7.185061e-01	7.000000e-01	
9.777983e+01	961	7.502464e+01	2.144338e+02	9.777983e+01	961	7.408103e-01	7.000000e-01	
9.788158e+01	962	8.932466e+01	2.106050e+02	9.788158e+01	962	7.021813e-01	7.000000e-01	
9.798332e+01	963	1.002030e+02	2.626803e+02	9.798332e+01	963	7.238699e-01	7.000000e-01	
9.808507e+01	964	7.665682e+01	2.127892e+02	9.808507e+01	964	7.351602e-01	7.000000e-01	
9.818682e+01	965	7.522512e+01	2.092506e+02	9.818682e+01	965	7.355658e-01	7.000000e-01	
9.828857e+01	966	7.840026e+01	2.264900e+02	9.828857e+01	966	7.428574e-01	7.000000e-01	
9.839032e+01	967	8.027180e+01	2.274550e+02	9.839032e+01	967	7.391459e-01	7.000000e-01	
9.849206e+01	968	8.123912e+01	2.248335e+02	9.849206e+01	968	7.345757e-01	7.000000e-01	
9.859381e+01	969	8.418094e+01	2.244016e+02	9.859381e+01	969	7.272012e-01	7.000000e-01	
9.869556e+01	970	7.938249e+01	2.132803e+02	9.869556e+01	970	7.287578e-01	7.000000e-01	
9.879731e+01	971	7.844505e+01	2.212678e+02	9.879731e+01	971	7.382660e-01	7.000000e-01	
9.889906e+01	972	7.717386e+01	2.397356e+02	9.889906e+01	972	7.564798e-01	7.000000e-01	
9.900080e+01	973	9.250651e+01	2.159891e+02	9.900080e+01	973	7.001367e-01	7.000000e-01	
9.910255e+01	974	7.931572e+01	2.005223e+02	9.910255e+01	974	7.165656e-01	7.000000e-01	
9.920430e+01	975	7.902495e+01	2.126987e+02	9.920430e+01	975	7.291102e-01	7.000000e-01	
9.930605e+01	976	8.246019e+01	2.378851e+02	9.930605e+01	976	7.425897e-01	7.000000e-01	
9.940780e+01	977	5.290017e+01	2.155944e+02	9.940780e+01	977	8.029749e-01	7.000000e-01	
9.950954e+01	978	8.499242e+01	2.243253e+02	9.950954e+01	978	7.252262e-01	7.000000e-01	
9.961129e+01	979	6.338754e+01	2.182675e+02	9.961129e+01	979	7.749462e-01	7.000000e-01	
9.971304e+01	980	5.970743e+01	2.004451e+02	9.971304e+01	980	7.704907e-01	7.000000e-01	
9.981479e+01	981	3.323383e+01	2.028560e+02	9.981479e+01	981	8.592323e-01	7.000000e-01	
9.991654e+01	982	7.043709e+01	2.053500e+02	9.991654e+01	982	7.445961e-01	7.000000e-01	
1.000183e+02	983	9.794642e+01	2.467349e+02	1.000183e+02	983	7.158348e-01	7.000000e-01	
1.001200e+02	984	5.395851e+01	2.405065e+02	1.001200e+02	984	8.167575e-01	7.000000e-01	
1.002218e+02	985	1.048865e+02	2.783687e+02	1.002218e+02	985	7.263273e-01	7.000000e-01	
1.003235e+02	986	9.181883e+01	2.466459e+02	1.003235e+02	986	7.287197e-01	7.000000e-01	
1.004253e+02	987	1.067623e+02	2.333564e+02	1.004253e+02	987	6.861028e-01	7.000000e-01	
1.005270e+02	988	8.934255e+01	2.248165e+02	1.005270e+02	988	7.156136e-01	7.000000e-01	
1.006288e+02	989	8.822366e+01	2.409267e+02	1.006288e+02	989	7.319655e-01	7.000000e-01	
1.007305e+02	990	5.936118e+01	2.455172e+02	1.007305e+02	990	8.052955e-01	7.000000e-01	
1.008323e+02	991	7.339233e+01	2.666266e+02	1.008323e+02	991	7.841522e-01	7.000000e-01	
1.009340e+02	992	9.391229e+01	2.469879e+02	1.009340e+02	992	7.245168e-01	7.000000e-01	
1.010358e+02	993	9.364009e+01	2.350331e+02	1.010358e+02	993	7.150967e-01	7.000000e-01	
1.011375e+02	994	9.117318e+01	2.346311e+02	1.011375e+02	994	7.201597e-01	7.000000e-01	
1.012393e+02	995	8.876341e+01	2.346360e+02	1.012393e+02	995	7.255301e-01	7.000000e-01	
1.013410e+02	996	1.007866e+02	2.134519e+02	1.013410e+02	996	6.792672e-01	7.000000e-01	
1.014428e+02	997	9.338044e+01	2.141419e+02	1.014428e+02	997	6.963458e-01	7.000000e-01	
1.015445e+02	998	1.005965e+02	2.206484e+02	1.015445e+02	998	6.868542e-01	7.000000e-01	
1.016463e+02	999	9.854124e+01	2.270114e+02	1.016463e+02	999	6.973109e-01	7.000000e-01	
1.017480e+02	1000	6.070643e+01	2.083796e+02	1.017480e+02	1000	7.743977e-01	7.000000e-01	
1.018497e+02	1001	9.133819e+01	2.361424e+02	1.018497e+02	1001	7.210882e-01	7.000000e-01	
1.019515e+02	1002	7.594606e+01	2.210454e+02	1.019515e+02	1002	7.442820e-01	7.000000e-01	
1.020532e+02	1003	1.536418e+02	2.406258e+02	1.020532e+02	1003	6.103109e-01	7.000000e-01	
1.021550e+02	1004	1.436306e+02	2.362451e+02	1.021550e+02	1004	6.219011e-01	7.000000e-01	
1.022567e+02	1005	1.564762e+02	2.303423e+02	1.022567e+02	1005	5.954790e-01	7.000000e-01	
1.023585e+02	1006	1.432663e+02	1.989358e+02	1.023585e+02	1006	5.813401e-01	7.000000e-01	
1.024602e+02	1007	9.810369e+01	2.400666e+02	1.024602e+02	1007	7.098986e-01	7.000000e-01	
1.025620e+02	1008	8.533200e+01	2.149809e+02	1.025620e+02	1008	7.158564e-01	7.000000e-01	
1.026637e+02	1009	9.969738e+01	2.385841e+02	1.026637e+02	1009	7.052828e-01	7.000000e-01	
1.027655e+02	1010	9.635486e+01	2.049122e+02	1.027655e+02	1010	6.801680e-01	7.000000e-01	
1.028672e+02	1011	7.332190e+01	2.253522e+02	1.028672e+02	1011	7.545087e-01	7.000000e-01	
1.029690e+02	1012	6.584861e+01	2.056199e+02	1.029690e+02	1012	7.574355e-01	7.000000e-01	
1.030707e+02	1013	1.093938e+02	2.259760e+02	1.030707e+02	1013	6.738114e-01	7.000000e-01	
1.031725e+02	1014	9.486907e+01	2.593072e+02	1.031725e+02	1014	7.321417e-01	7.000000e-01	
1.032742e+02	1015	1.084070e+02	2.799267e+02	1.032742e+02	1015	7.208406e-01	7.000000e-01	
1.033760e+02	1016	1.099145e+02	2.791979e+02	1.033760e+02	1016	7.175251e-01	7.000000e-01	
1.034777e+02	1017	1.205862e+02	2.204812e+02	1.034777e+02	1017	6.464447e-01	7.000000e-01	
1.035795e+02	1018	1.029583e+02	2.538894e+02	1.035795e+02	1018	7.114783e-01	7.000000e-01	
1.036812e+02	1019	1.187739e+02	2.169342e+02	1.036812e+02	1019	6.461989e-01	7.000000e-01	
1.037830e+02	1020	1.163573e+02	2.231153e+02	1.037830e+02	1020	6.572410e-01	7.000000e-01	
1.038847e+02	1021	1.311182e+02	2.132054e+02	1.038847e+02	1021	6.192007e-01	7.000000e-01	
1.039865e+02	1022	1.126878e+02	2.418815e+02	1.039865e+02	1022	6.821840e-01	7.000000e-01	
1.040882e+02	1023	1.139115e+02	2.064805e+02	1.040882e+02	1023	6.444621e-01	7.000000e-01	
1.041900e+02	1024	1.239915e+02	2.200573e+02	1.041900e+02	1024	6.396107e-01	7.000000e-01	
1.042917e+02	1025	1.115462e+02	2.203580e+02	1.042917e+02	1025	6.639205e-01	7.000000e-01	
1.043934e+02	1026	9.414565e+01	1.928546e+02	1.043934e+02	1026	6.719667e-01	7.000000e-01	
1.044952e+02	1027	1.163537e+02	2.205974e+02	1.044952e+02	1027	6.546867e-01	7.000000e-01	
1.045969e+02	1028	1.280687e+02	2.404500e+02	1.045969e+02	1028	6.524771e-01	7.000000e-01	
1.046987e+02	1029	1.252176e+02	2.193340e+02	1.046987e+02	1029	6.365781e-01	7.000000e-01	
1.048004e+02	1030	1.057647e+02	2.063850e+02	1.048004e+02	1030	6.611731e-01	7.000000e-01	
1.049022e+02	1031	1.262634e+02	2.076456e+02	1.049022e+02	1031	6.218628e-01	7.000000e-01	
1.050039e+02	1032	9.602261e+01	1.976467e+02	1.050039e+02	1032	6.730247e-01	7.000000e-01	
1.051057e+02	1033	9.137467e+01	1.762035e+02	1.051057e+02	1033	6.585122e-01	7.000000e-01	
1.052074e+02	1034	1.066273e+02	1.920537e+02	1.052074e+02	1034	6.430061e-01	7.000000e-01	
1.053092e+02	1035	9.111294e+01	1.718534e+02	1.053092e+02	1035	6.535186e-01	7.000000e-01	
1.054109e+02	1036	9.331501e+01	1.879444e+02	1.054109e+02	1036	6.682244e-01	7.000000e-01	
1.055127e+02	1037	9.655180e+01	2.264181e+02	1.055127e+02	1037	7.010502e-01	7.000000e-01	
1.056144e+02	1038	9.730757e+01	1.872764e+02	1.056144e+02	1038	6.580708e-01	7.000000e-01	
1.057162e+02	1039	9.569864e+01	2.090890e+02	1.057162e+02	1039	6.860154e-01	7.000000e-01	
1.058179e+02	1040	9.530249e+01	2.055629e+02	1.058179e+02	1040	6.832388e-01	7.000000e-01	
1.059197e+02	1041	9.091729e+01	1.813316e+02	1.059197e+02	1041	6.660508e-01	7.000000e-01	
1.060214e+02	1042	8.822914e+01	2.272566e+02	1.060214e+02	1042	7.203387e-01	7.000000e-01	
1.061232e+02	1043	9.423921e+01	2.254317e+02	1.061232e+02	1043	7.051993e-01	7.000000e-01	
1.062249e+02	1044	1.036290e+02	2.191171e+02	1.062249e+02	1044	6.789148e-01	7.000000e-01	
1.063267e+02	1045	8.822915e+01	2.272565e+02	1.063267e+02	1045	7.203386e-01	7.000000e-01	
1.064284e+02	1046	8.502408e+01	1.888075e+02	1.064284e+02	1046	6.895023e-01	7.000000e-01	
1.065302e+02	1047	1.089092e+02	2.394703e+02	1.065302e+02	1047	6.873834e-01	7.000000e-01	
1.066319e+02	1048	1.082904e+02	2.168494e+02	1.066319e+02	1048	6.669420e-01	7.000000e-01	
1.067337e+02	1049	1.001062e+02	2.261598e+02	1.067337e+02	1049	6.931761e-01	7.000000e-01	
1.068354e+02	1050	1.137240e+02	2.298976e+02	1.068354e+02	1050	6.690429e-01	7.000000e-01	
1.069371e+02	1051	9.129746e+01	2.151513e+02	1.069371e+02	1051	7.020792e-01	7.000000e-01	
1.070389e+02	1052	9.607846e+01	2.536213e+02	1.070389e+02	1052	7.252544e-01	7.000000e-01	
1.071406e+02	1053	1.055837e+02	2.560523e+02	1.071406e+02	1053	7.080387e-01	7.000000e-01	
1.072424e+02	1054	9.780107e+01	2.612666e+02	1.072424e+02	1054	7.276250e-01	7.000000e-01	
1.073441e+02	1055	1.057196e+02	2.507883e+02	1.073441e+02	1055	7.034579e-01	7.000000e-01	
1.074459e+02	1056	9.741256e+01	2.314522e+02	1.074459e+02	1056	7.037914e-01	7.000000e-01	
1.075476e+02	1057	1.062207e+02	2.449707e+02	1.075476e+02	1057	6.975419e-01	7.000000e-01	
1.076494e+02	1058	1.064623e+02	2.353473e+02	1.076494e+02	1058	6.885333e-01	7.000000e-01	
1.077511e+02	1059	1.021640e+02	2.365414e+02	1.077511e+02	1059	6.983691e-01	7.000000e-01	
1.078529e+02	1060	9.838547e+01	2.559822e+02	1.078529e+02	1060	7.223633e-01	7.000000e-01	
1.079546e+02	1061	9.445469e+01	2.491538e+02	1.079546e+02	1061	7.251096e-01	7.000000e-01	
1.080564e+02	1062	1.025803e+02	2.220577e+02	1.080564e+02	1062	6.840164e-01	7.000000e-01	
1.081581e+02	1063	1.004323e+02	2.327641e+02	1.081581e+02	1063	6.985793e-01	7.000000e-01	
1.082599e+02	1064	9.438896e+01	2.497679e+02	1.082599e+02	1064	7.257385e-01	7.000000e-01	
1.083616e+02	1065	1.028460e+02	2.339568e+02	1.083616e+02	1065	6.946403e-01	7.000000e-01	
1.084634e+02	1066	9.750573e+01	2.173434e+02	1.084634e+02	1066	6.903097e-01	7.000000e-01	
1.085651e+02	1067	1.028526e+02	2.303001e+02	1.085651e+02	1067	6.912749e-01	7.000000e-01	
1.086669e+02	1068	8.838703e+01	2.213140e+02	1.086669e+02	1068	7.146053e-01	7.000000e-01	
1.087686e+02	1069	9.965767e+01	2.149407e+02	1.087686e+02	1069	6.832225e-01	7.000000e-01	
1.088704e+02	1070	8.873524e+01	2.010513e+02	1.088704e+02	1070	6.937910e-01	7.000000e-01	
1.089721e+02	1071	9.983729e+01	2.244437e+02	1.089721e+02	1071	6.921272e-01	7.000000e-01	
1.090739e+02	1072	8.227138e+01	1.855120e+02	1.090739e+02	1072	6.927689e-01	7.000000e-01	
1.091756e+02	1073	7.662742e+01	1.980117e+02	1.091756e+02	1073	7.209887e-01	7.000000e-01	
1.092774e+02	1074	8.730132e+01	1.788840e+02	1.092774e+02	1074	6.720280e-01	7.000000e-01	
1.093791e+02	1075	7.245604e+01	1.988558e+02	1.093791e+02	1075	7.329418e-01	7.000000e-01	
1.094808e+02	1076	8.567726e+01	2.204385e+02	1.094808e+02	1076	7.201148e-01	7.000000e-01	
1.095826e+02	1077	8.822958e+01	2.211846e+02	1.095826e+02	1077	7.148496e-01	7.000000e-01	
1.096843e+02	1078	7.054102e+01	1.924624e+02	1.096843e+02	1078	7.317867e-01	7.000000e-01	
1.097861e+02	1079	8.500847e+01	2.060638e+02	1.097861e+02	1079	7.079472e-01	7.000000e-01	
1.098878e+02	1080	8.052514e+01	1.982406e+02	1.098878e+02	1080	7.111369e-01	7.000000e-01	
1.099896e+02	1081	7.643478e+01	2.011572e+02	1.099896e+02	1081	7.246506e-01	7.000000e-01	
1.100913e+02	1082	7.594671e+01	1.987167e+02	1.100913e+02	1082	7.234917e-01	7.000000e-01	
1.101931e+02	1083	7.782351e+01	2.006994e+02	1.101931e+02	1083	7.205849e-01	7.000000e-01	
1.102948e+02	1084	6.581717e+01	2.557740e+02	1.102948e+02	1084	7.953390e-01	7.000000e-01	
1.103966e+02	1085	7.477652e+01	2.335540e+02	1.103966e+02	1085	7.574793e-01	7.000000e-01	
1.104983e+02	1086	8.441604e+01	2.314765e+02	1.104983e+02	1086	7.327698e-01	7.000000e-01	
1.106001e+02	1087	7.394616e+01	2.227239e+02	1.106001e+02	1087	7.507461e-01	7.000000e-01	
1.107018e+02	1088	7.815716e+01	2.215111e+02	1.107018e+02	1088	7.391877e-01	7.000000e-01	
1.108036e+02	1089	7.815960e+01	2.382067e+02	1.108036e+02	1089	7.529459e-01	7.000000e-01	
1.109053e+02	1090	7.382183e+01	1.910137e+02	1.109053e+02	1090	7.212541e-01	7.000000e-01	
1.110071e+02	1091	8.608828e+01	2.073366e+02	1.110071e+02	1091	7.066088e-01	7.000000e-01	
1.111088e+02	1092	9.210836e+01	2.141477e+02	1.111088e+02	1092	6.992440e-01	7.000000e-01	
1.112106e+02	1093	5.913454e+01	2.424771e+02	1.112106e+02	1093	8.039381e-01	7.000000e-01	
1.113123e+02	1094	7.356148e+01	2.310663e+02	1.113123e+02	1094	7.585201e-01	7.000000e-01	
1.114141e+02	1095	8.493345e+01	2.794569e+02	1.114141e+02	1095	7.669163e-01	7.000000e-01	
1.115158e+02	1096	8.049131e+01	2.509154e+02	1.115158e+02	1096	7.571223e-01	7.000000e-01	
1.116176e+02	1097	8.285384e+01	2.100384e+02	1.116176e+02	1097	7.171184e-01	7.000000e-01	
1.117193e+02	1098	1.034533e+02	2.704906e+02	1.117193e+02	1098	7.233454e-01	7.000000e-01	
1.118211e+02	1099	1.018478e+02	2.778657e+02	1.118211e+02	1099	7.317772e-01	7.000000e-01	
1.119228e+02	1100	8.919599e+01	2.551680e+02	1.119228e+02	1100	7.409834e-01	7.000000e-01	
1.120245e+02	1101	8.541068e+01	2.615865e+02	1.120245e+02	1101	7.538577e-01	7.000000e-01	
1.121263e+02	1102	8.865621e+01	2.864273e+02	1.121263e+02	1102	7.636361e-01	7.000000e-01	
1.122280e+02	1103	7.234752e+01	2.189473e+02	1.122280e+02	1103	7.516347e-01	7.000000e-01	
1.123298e+02	1104	8.212688e+01	2.258670e+02	1.123298e+02	1104	7.333490e-01	7.000000e-01	
1.124315e+02	1105	7.211976e+01	2.300653e+02	1.124315e+02	1105	7.613391e-01	7.000000e-01	
1.125333e+02	1106	8.620076e+01	2.713062e+02	1.125333e+02	1106	7.588837e-01	7.000000e-01	
1.126350e+02	1107	9.393020e+01	2.227329e+02	1.126350e+02	1107	7.033750e-01	7.000000e-01	
1.127368e+02	1108	9.603960e+01	2.323285e+02	1.127368e+02	1108	7.075246e-01	7.000000e-01	
1.128385e+02	1109	8.309314e+01	2.396926e+02	1.128385e+02	1109	7.425749e-01	7.000000e-01	
1.129403e+02	1110	9.219446e+01	2.200824e+02	1.129403e+02	1110	7.047669e-01	7.000000e-01	
1.130420e+02	1111	9.092291e+01	2.041471e+02	1.130420e+02	1111	6.918599e-01	7.000000e-01	
1.131438e+02	1112	8.696148e+01	2.095969e+02	1.131438e+02	1112	7.067644e-01	7.000000e-01	
1.132455e+02	1113	9.183161e+01	2.181538e+02	1.132455e+02	1113	7.037551e-01	7.000000e-01	
1.133473e+02	1114	9.447051e+01	2.284797e+02	1.133473e+02	1114	7.074765e-01	7.000000e-01	
1.134490e+02	1115	9.837940e+01	2.304763e+02	1.134490e+02	1115	7.008433e-01	7.000000e-01	
1.135508e+02	1116	8.935518e+01	1.952012e+02	1.135508e+02	1116	6.859843e-01	7.000000e-01	
1.136525e+02	1117	1.016885e+02	2.214618e+02	1.136525e+02	1117	6.853214e-01	7.000000e-01	
1.137543e+02	1118	9.216400e+01	2.147501e+02	1.137543e+02	1118	6.997075e-01	7.000000e-01	
1.138560e+02	1119	1.097124e+02	2.050892e+02	1.138560e+02	1119	6.514872e-01	7.000000e-01	
1.139578e+02	1120	9.804997e+01	2.303736e+02	1.139578e+02	1120	7.014527e-01	7.000000e-01	
1.140595e+02	1121	9.376913e+01	2.328478e+02	1.140595e+02	1121	7.129079e-01	7.000000e-01	
1.141613e+02	1122	1.063479e+02	2.203068e+02	1.141613e+02	1122	6.744333e-01	7.000000e-01	
1.142630e+02	1123	9.689953e+01	2.220284e+02	1.142630e+02	1123	6.961711e-01	7.000000e-01	
1.143648e+02	1124	1.006395e+02	2.269612e+02	1.143648e+02	1124	6.927983e-01	7.000000e-01	
1.144665e+02	1125	1.065102e+02	2.228490e+02	1.144665e+02	1125	6.766139e-01	7.000000e-01	
1.145682e+02	1126	1.310157e+02	2.277192e+02	1.145682e+02	1126	6.347841e-01	7.000000e-01	
1.146700e+02	1127	1.190198e+02	2.064435e+02	1.146700e+02	1127	6.343065e-01	7.000000e-01	
1.147717e+02	1128	9.284386e+01	2.256911e+02	1.147717e+02	1128	7.085285e-01	7.000000e-01	
1.148735e+02	1129	8.016995e+01	2.358780e+02	1.148735e+02	1129	7.463361e-01	7.000000e-01	
1.149752e+02	1130	1.021852e+02	2.145108e+02	1.149752e+02	1130	6.773398e-01	7.000000e-01	
1.150770e+02	1131	8.019809e+01	2.268341e+02	1.150770e+02	1131	7.387958e-01	7.000000e-01	
1.151787e+02	1132	6.887402e+01	2.515895e+02	1.151787e+02	1132	7.850800e-01	7.000000e-01	
1.152805e+02	1133	6.727615e+01	2.258497e+02	1.152805e+02	1133	7.704871e-01	7.000000e-01	
1.153822e+02	1134	6.533447e+01	2.590196e+02	1.153822e+02	1134	7.985705e-01	7.000000e-01	
1.154840e+02	1135	7.438473e+01	2.345157e+02	1.154840e+02	1135	7.591951e-01	7.000000e-01	
1.155857e+02	1136	6.492612e+01	2.410356e+02	1.155857e+02	1136	7.877966e-01	7.000000e-01	
1.156875e+02	1137	7.211212e+01	2.574206e+02	1.156875e+02	1137	7.811686e-01	7.000000e-01	
1.157892e+02	1138	7.269192e+01	2.556531e+02	1.157892e+02	1138	7.786112e-01	7.000000e-01	
1.158910e+02	1139	6.866046e+01	2.482814e+02	1.158910e+02	1139	7.833658e-01	7.000000e-01	
1.159927e+02	1140	9.323489e+01	2.394201e+02	1.159927e+02	1140	7.197250e-01	7.000000e-01	
1.160945e+02	1141	6.797124e+01	2.539892e+02	1.160945e+02	1141	7.888833e-01	7.000000e-01	
1.161962e+02	1142	6.347762e+01	2.507559e+02	1.161962e+02	1142	7.979922e-01	7.000000e-01	
1.162980e+02	1143	1.132289e+02	2.157945e+02	1.162980e+02	1143	6.558637e-01	7.000000e-01	
1.163997e+02	1144	7.958370e+01	2.315245e+02	1.163997e+02	1144	7.441929e-01	7.000000e-01	
1.165015e+02	1145	8.483950e+01	2.440168e+02	1.165015e+02	1145	7.420165e-01	7.000000e-01	
1.166032e+02	1146	8.944939e+01	2.701198e+02	1.166032e+02	1146	7.512318e-01	7.000000e-01	
1.167050e+02	1147	8.083341e+01	2.688132e+02	1.167050e+02	1147	7.688140e-01	7.000000e-01	
1.168067e+02	1148	7.985856e+01	2.698334e+02	1.168067e+02	1148	7.716317e-01	7.000000e-01	
1.169085e+02	1149	8.507749e+01	2.698677e+02	1.169085e+02	1149	7.603081e-01	7.000000e-01	
1.170102e+02	1150	9.114218e+01	2.699821e+02	1.170102e+02	1150	7.476155e-01	7.000000e-01	
1.171119e+02	1151	9.044128e+01	2.457106e+02	1.171119e+02	1151	7.309511e-01	7.000000e-01	
1.172137e+02	1152	6.805320e+01	2.762415e+02	1.172137e+02	1152	8.023403e-01	7.000000e-01	
1.173154e+02	1153	8.067750e+01	2.777976e+02	1.173154e+02	1153	7.749425e-01	7.000000e-01	
1.174172e+02	1154	9.074321e+01	2.755402e+02	1.174172e+02	1154	7.522596e-01	7.000000e-01	
1.175189e+02	1155	1.053654e+02	2.352784e+02	1.175189e+02	1155	6.906875e-01	7.000000e-01	
1.176207e+02	1156	9.172431e+01	2.517594e+02	1.176207e+02	1156	7.329588e-01	7.000000e-01	
1.177224e+02	1157	7.845930e+01	2.686885e+02	1.177224e+02	1157	7.739888e-01	7.000000e-01	
1.178242e+02	1158	9.324955e+01	2.276134e+02	1.178242e+02	1158	7.093789e-01	7.000000e-01	
1.179259e+02	1159	1.033920e+02	2.577862e+02	1.179259e+02	1159	7.137369e-01	7.000000e-01	
1.180277e+02	1160	8.482436e+01	2.695582e+02	1.180277e+02	1160	7.606418e-01	7.000000e-01	
1.181294e+02	1161	9.445529e+01	2.641081e+02	1.181294e+02	1161	7.365730e-01	7.000000e-01	
1.182312e+02	1162	9.957640e+01	2.757118e+02	1.182312e+02	1162	7.346669e-01	7.000000e-01	
1.183329e+02	1163	8.634427e+01	2.849432e+02	1.183329e+02	1163	7.674463e-01	7.000000e-01	
1.184347e+02	1164	9.992182e+01	2.426977e+02	1.184347e+02	1164	7.083592e-01	7.000000e-01	
1.185364e+02	1165	1.003316e+02	2.763190e+02	1.185364e+02	1165	7.336216e-01	7.000000e-01	
1.186382e+02	1166	9.143929e+01	2.633159e+02	1.186382e+02	1166	7.422468e-01	7.000000e-01	
1.187399e+02	1167	9.334690e+01	2.448228e+02	1.187399e+02	1167	7.239643e-01	7.000000e-01	
1.188417e+02	1168	7.309755e+01	2.262441e+02	1.188417e+02	1168	7.558056e-01	7.000000e-01	
1.189434e+02	1169	1.028010e+02	2.601929e+02	1.189434e+02	1169	7.167969e-01	7.000000e-01	
1.190452e+02	1170	9.764332e+01	2.510630e+02	1.190452e+02	1170	7.199841e-01	7.000000e-01	
1.191469e+02	1171	8.520101e+01	2.278131e+02	1.191469e+02	1171	7.278046e-01	7.000000e-01	
1.192487e+02	1172	9.021775e+01	2.335778e+02	1.192487e+02	1172	7.213743e-01	7.000000e-01	
1.193504e+02	1173	1.083374e+02	2.186573e+02	1.193504e+02	1173	6.686876e-01	7.000000e-01	
1.194522e+02	1174	7.001668e+01	2.242833e+02	1.194522e+02	1174	7.620908e-01	7.000000e-01	
1.195539e+02	1175	8.615751e+01	2.416254e+02	1.195539e+02	1175	7.371507e-01	7.000000e-01	
1.196556e+02	1176	9.769158e+01	2.207320e+02	1.196556e+02	1176	6.932024e-01	7.000000e-01	
1.197574e+02	1177	9.059477e+01	2.214304e+02	1.197574e+02	1177	7.096556e-01	7.000000e-01	
1.198591e+02	1178	9.429849e+01	1.950547e+02	1.198591e+02	1178	6.741059e-01	7.000000e-01	
1.199609e+02	1179	7.891198e+01	2.061981e+02	1.199609e+02	1179	7.232228e-01	7.000000e-01	
1.200626e+02	1180	7.579795e+01	2.084427e+02	1.200626e+02	1180	7.333318e-01	7.000000e-01	
1.201644e+02	1181	9.570320e+01	1.916921e+02	1.201644e+02	1181	6.669980e-01	7.000000e-01	
1.202661e+02	1182	7.188564e+01	2.163048e+02	1.202661e+02	1182	7.505620e-01	7.000000e-01	
1.203679e+02	1183	6.888531e+01	2.501150e+02	1.203679e+02	1183	7.840588e-01	7.000000e-01	
1.204696e+02	1184	8.486273e+01	2.064082e+02	1.204696e+02	1184	7.086468e-01	7.000000e-01	
1.205714e+02	1185	7.879624e+01	2.130429e+02	1.205714e+02	1185	7.300011e-01	7.000000e-01	
1.206731e+02	1186	7.349323e+01	2.120547e+02	1.206731e+02	1186	7.426238e-01	7.000000e-01	
1.207749e+02	1187	7.308140e+01	2.224457e+02	1.207749e+02	1187	7.527083e-01	7.000000e-01	
1.208766e+02	1188	7.473283e+01	2.051446e+02	1.208766e+02	1188	7.329801e-01	7.000000e-01	
1.209784e+02	1189	7.015296e+01	2.281045e+02	1.209784e+02	1189	7.647906e-01	7.000000e-01	
1.210801e+02	1190	7.842129e+01	2.045645e+02	1.210801e+02	1190	7.228791e-01	7.000000e-01	
1.211819e+02	1191	7.582529e+01	2.120371e+02	1.211819e+02	1191	7.365919e-01	7.000000e-01	
1.212836e+02	1192	6.603915e+01	2.026747e+02	1.212836e+02	1192	7.542399e-01	7.000000e-01	
1.213854e+02	1193	6.116594e+01	2.078377e+02	1.213854e+02	1193	7.726204e-01	7.000000e-01	
1.214871e+02	1194	7.460549e+01	2.159882e+02	1.214871e+02	1194	7.432653e-01	7.000000e-01	
1.215889e+02	1195	7.345088e+01	2.087930e+02	1.215889e+02	1195	7.397609e-01	7.000000e-01	
1.216906e+02	1196	6.036189e+01	1.988274e+02	1.216906e+02	1196	7.671127e-01	7.000000e-01	
1.217924e+02	1197	6.127592e+01	1.758351e+02	1.217924e+02	1197	7.415729e-01	7.000000e-01	
1.218941e+02	1198	8.240206e+01	2.320203e+02	1.218941e+02	1198	7.379256e-01	7.000000e-01	
1.219959e+02	1199	7.442608e+01	2.048817e+02	1.219959e+02	1199	7.335338e-01	7.000000e-01	
1.220976e+02	1200	9.092828e+01	2.233761e+02	1.220976e+02	1200	7.106999e-01	7.000000e-01	
1.221993e+02	1201	1.078622e+02	2.397117e+02	1.221993e+02	1201	6.896712e-01	7.000000e-01	
1.223011e+02	1202	9.455602e+01	2.392919e+02	1.223011e+02	1202	7.167692e-01	7.000000e-01	
1.224028e+02	1203	7.236893e+01	1.912138e+02	1.224028e+02	1203	7.254413e-01	7.000000e-01	
1.225046e+02	1204	8.805912e+01	2.195174e+02	1.225046e+02	1204	7.137001e-01	7.000000e-01	
1.226063e+02	1205	6.398467e+01	2.445324e+02	1.226063e+02	1205	7.926057e-01	7.000000e-01	
1.227081e+02	1206	9.443735e+01	2.143247e+02	1.227081e+02	1206	6.941420e-01	7.000000e-01	
1.228098e+02	1207	6.829978e+01	2.009391e+02	1.228098e+02	1207	7.463227e-01	7.000000e-01	
1.229116e+02	1208	6.365644e+01	2.092278e+02	1.229116e+02	1208	7.667273e-01	7.000000e-01	
1.230133e+02	1209	9.998895e+01	2.065768e+02	1.230133e+02	1209	6.738417e-01	7.000000e-01	
1.231151e+02	1210	8.670721e+01	1.650229e+02	1.231151e+02	1210	6.555549e-01	7.000000e-01	
1.232168e+02	1211	9.982137e+01	1.947209e+02	1.232168e+02	1211	6.610966e-01	7.000000e-01	
1.233186e+02	1212	9.375705e+01	1.991764e+02	1.233186e+02	1212	6.799374e-01	7.000000e-01	
1.234203e+02	1213	7.949299e+01	1.893233e+02	1.234203e+02	1213	7.042851e-01	7.000000e-01	
1.235221e+02	1214	1.073825e+02	2.127012e+02	1.235221e+02	1214	6.645174e-01	7.000000e-01	
1.236238e+02	1215	7.389011e+01	2.186281e+02	1.236238e+02	1215	7.474000e-01	7.000000e-01	
1.237256e+02	1216	9.457163e+01	2.025449e+02	1.237256e+02	1216	6.817019e-01	7.000000e-01	
1.238273e+02	1217	8.084952e+01	2.134179e+02	1.238273e+02	1217	7.252515e-01	7.000000e-01	
1.239291e+02	1218	8.653064e+01	2.400051e+02	1.239291e+02	1218	7.350041e-01	7.000000e-01	
1.240308e+02	1219	7.343709e+01	2.112113e+02	1.240308e+02	1219	7.420077e-01	7.000000e-01	
1.241326e+02	1220	6.649553e+01	2.538523e+02	1.241326e+02	1220	7.924271e-01	7.000000e-01	
1.242343e+02	1221	8.744430e+01	1.899797e+02	1.242343e+02	1221	6.847991e-01	7.000000e-01	
1.243361e+02	1222	5.292252e+01	1.906966e+02	1.243361e+02	1222	7.827653e-01	7.000000e-01	
1.244378e+02	1223	7.717151e+01	2.162263e+02	1.244378e+02	1223	7.369731e-01	7.000000e-01	
1.245396e+02	1224	6.682709e+01	2.180462e+02	1.245396e+02	1224	7.654147e-01	7.000000e-01	
1.246413e+02	1225	8.041083e+01	2.065323e+02	1.246413e+02	1225	7.197674e-01	7.000000e-01	
1.247430e+02	1226	8.218714e+01	1.980159e+02	1.247430e+02	1226	7.066872e-01	7.000000e-01	
1.248448e+02	1227	6.572350e+01	1.874337e+02	1.248448e+02	1227	7.403846e-01	7.000000e-01	
1.249465e+02	1228	7.474333e+01	2.052766e+02	1.249465e+02	1228	7.330785e-01	7.000000e-01	
1.250483e+02	1229	8.239760e+01	2.366677e+02	1.250483e+02	1229	7.417532e-01	7.000000e-01	
1.251500e+02	1230	7.575258e+01	2.447535e+02	1.251500e+02	1230	7.636470e-01	7.000000e-01	
1.252518e+02	1231	6.887599e+01	2.178795e+02	1.252518e+02	1231	7.598093e-01	7.000000e-01	
1.253535e+02	1232	7.203804e+01	2.387105e+02	1.253535e+02	1232	7.681790e-01	7.000000e-01	
1.254553e+02	1233	7.892133e+01	2.231322e+02	1.254553e+02	1233	7.387174e-01	7.000000e-01	
1.255570e+02	1234	7.739694e+01	2.206042e+02	1.255570e+02	1234	7.402797e-01	7.000000e-01	
1.256588e+02	1235	7.212969e+01	2.280158e+02	1.256588e+02	1235	7.596842e-01	7.000000e-01	
1.257605e+02	1236	7.271902e+01	2.332580e+02	1.257605e+02	1236	7.623383e-01	7.000000e-01	
1.258623e+02	1237	7.602661e+01	2.400955e+02	1.258623e+02	1237	7.595024e-01	7.000000e-01	
1.259640e+02	1238	7.190566e+01	2.006268e+02	1.259640e+02	1238	7.361574e-01	7.000000e-01	
1.260658e+02	1239	9.317829e+01	2.338387e+02	1.260658e+02	1239	7.150659e-01	7.000000e-01	
1.261675e+02	1240	9.569818e+01	2.412327e+02	1.261675e+02	1240	7.159709e-01	7.000000e-01	
1.262693e+02	1241	8.053800e+01	2.290930e+02	1.262693e+02	1241	7.398904e-01	7.000000e-01	
1.263710e+02	1242	1.041963e+02	2.570985e+02	1.263710e+02	1242	7.116031e-01	7.000000e-01	
1.264728e+02	1243	1.165128e+02	2.339662e+02	1.264728e+02	1243	6.675613e-01	7.000000e-01	
1.265745e+02	1244	9.734156e+01	2.397142e+02	1.265745e+02	1244	7.112004e-01	7.000000e-01	
1.266763e+02	1245	9.744995e+01	2.469707e+02	1.266763e+02	1245	7.170612e-01	7.000000e-01	
1.267780e+02	1246	9.510922e+01	2.331390e+02	1.267780e+02	1246	7.102521e-01	7.000000e-01	
1.268798e+02	1247	8.672974e+01	2.328859e+02	1.268798e+02	1247	7.286436e-01	7.000000e-01	
1.269815e+02	1248	1.234897e+02	2.425093e+02	1.269815e+02	1248	6.625955e-01	7.000000e-01	
1.270833e+02	1249	9.791542e+01	2.351358e+02	1.270833e+02	1249	7.060049e-01	7.000000e-01	
1.271850e+02	1250	9.839476e+01	2.466322e+02	1.271850e+02	1250	7.148201e-01	7.000000e-01	
1.272867e+02	1251	9.682251e+01	2.281517e+02	1.272867e+02	1251	7.020609e-01	7.000000e-01	
1.273885e+02	1252	1.040651e+02	2.349806e+02	1.273885e+02	1252	6.930647e-01	7.000000e-01	
1.274902e+02	1253	1.054531e+02	2.832758e+02	1.274902e+02	1253	7.287233e-01	7.000000e-01	
1.275920e+02	1254	1.059016e+02	3.003208e+02	1.275920e+02	1254	7.393014e-01	7.000000e-01	
1.276937e+02	1255	1.001443e+02	2.460352e+02	1.276937e+02	1255	7.107157e-01	7.000000e-01	
1.277955e+02	1256	1.074523e+02	2.919560e+02	1.277955e+02	1256	7.309713e-01	7.000000e-01	
1.278972e+02	1257	1.074632e+02	3.117402e+02	1.278972e+02	1257	7.436490e-01	7.000000e-01	
1.279990e+02	1258	1.037810e+02	2.554452e+02	1.279990e+02	1258	7.110985e-01	7.000000e-01	
1.281007e+02	1259	1.037798e+02	2.821192e+02	1.281007e+02	1259	7.310700e-01	7.000000e-01	
1.282025e+02	1260	9.593943e+01	2.127656e+02	1.282025e+02	1260	6.892197e-01	7.000000e-01	
1.283042e+02	1261	1.010335e+02	2.412189e+02	1.283042e+02	1261	7.047983e-01	7.000000e-01	
1.284060e+02	1262	1.255400e+02	2.356711e+02	1.284060e+02	1262	6.524470e-01	7.000000e-01	
1.285077e+02	1263	1.072372e+02	2.815615e+02	1.285077e+02	1263	7.241832e-01	7.000000e-01	
1.286095e+02	1264	1.157914e+02	2.935695e+02	1.286095e+02	1264	7.171410e-01	7.000000e-01	
1.287112e+02	1265	1.158646e+02	2.450355e+02	1.287112e+02	1265	6.789566e-01	7.000000e-01	
1.288130e+02	1266	1.067964e+02	2.353002e+02	1.288130e+02	1266	6.878180e-01	7.000000e-01	
1.289147e+02	1267	1.175472e+02	2.348926e+02	1.289147e+02	1267	6.664758e-01	7.000000e-01	
1.290165e+02	1268	7.311834e+01	3.026181e+02	1.290165e+02	1268	8.053999e-01	7.000000e-01	
1.291182e+02	1269	1.151944e+02	3.525912e+02	1.291182e+02	1269	7.537453e-01	7.000000e-01	
1.292200e+02	1270	1.162505e+02	3.141166e+02	1.292200e+02	1270	7.298806e-01	7.000000e-01	
1.293217e+02	1271	9.695777e+01	2.229798e+02	1.293217e+02	1271	6.969478e-01	7.000000e-01	
1.294235e+02	1272	8.081517e+01	2.520504e+02	1.294235e+02	1272	7.572138e-01	7.000000e-01	
1.295252e+02	1273	9.619637e+01	2.631266e+02	1.295252e+02	1273	7.322844e-01	7.000000e-01	
1.296270e+02	1274	9.165240e+01	2.527917e+02	1.296270e+02	1274	7.339121e-01	7.000000e-01	
1.297287e+02	1275	8.622006e+01	2.627890e+02	1.297287e+02	1275	7.529575e-01	7.000000e-01	
1.298304e+02	1276	9.102235e+01	2.239350e+02	1.298304e+02	1276	7.110010e-01	7.000000e-01	
1.299322e+02	1277	1.005628e+02	2.012495e+02	1.299322e+02	1277	6.668035e-01	7.000000e-01	
1.300339e+02	1278	9.978260e+01	2.420463e+02	1.300339e+02	1278	7.080920e-01	7.000000e-01	
1.301357e+02	1279	9.436909e+01	2.250640e+02	1.301357e+02	1279	7.045732e-01	7.000000e-01	
1.302374e+02	1280	8.872848e+01	2.666639e+02	1.302374e+02	1280	7.503366e-01	7.000000e-01	
1.303392e+02	1281	9.017473e+01	2.287763e+02	1.303392e+02	1281	7.172772e-01	7.000000e-01	
1.304409e+02	1282	1.088787e+02	2.360516e+02	1.304409e+02	1282	6.843458e-01	7.000000e-01	
1.305427e+02	1283	1.005293e+02	2.158045e+02	1.305427e+02	1283	6.822050e-01	7.000000e-01	
1.306444e+02	1284	9.312724e+01	2.213357e+02	1.306444e+02	1284	7.038531e-01	7.000000e-01	
1.307462e+02	1285	9.739778e+01	2.315395e+02	1.307462e+02	1285	7.039017e-01	7.000000e-01	
1.308479e+02	1286	9.331057e+01	2.009136e+02	1.308479e+02	1286	6.828589e-01	7.000000e-01	
1.309497e+02	1287	1.017130e+02	2.085688e+02	1.309497e+02	1287	6.721915e-01	7.000000e-01	
1.310514e+02	1288	1.073078e+02	2.079703e+02	1.310514e+02	1288	6.596408e-01	7.000000e-01	
1.311532e+02	1289	9.484359e+01	2.142868e+02	1.311532e+02	1289	6.931923e-01	7.000000e-01	
1.312549e+02	1290	1.294059e+02	2.067913e+02	1.312549e+02	1290	6.150893e-01	7.000000e-01	
1.313567e+02	1291	1.191878e+02	1.866712e+02	1.313567e+02	1291	6.103178e-01	7.000000e-01	
1.314584e+02	1292	1.008513e+02	2.147591e+02	1.314584e+02	1292	6.804563e-01	7.000000e-01	
1.315602e+02	1293	1.029788e+02	2.082474e+02	1.315602e+02	1293	6.691191e-01	7.000000e-01	
1.316619e+02	1294	1.191099e+02	1.868013e+02	1.316619e+02	1294	6.106390e-01	7.000000e-01	
1.317637e+02	1295	8.271651e+01	2.100714e+02	1.317637e+02	1295	7.174866e-01	7.000000e-01	
1.318654e+02	1296	1.137623e+02	2.384526e+02	1.318654e+02	1296	6.770088e-01	7.000000e-01	
1.319672e+02	1297	7.453137e+01	2.228116e+02	1.319672e+02	1297	7.493421e-01	7.000000e-01	
1.320689e+02	1298	7.921545e+01	2.393018e+02	1.320689e+02	1298	7.512993e-01	7.000000e-01	
1.321707e+02	1299	1.006849e+02	2.247393e+02	1.321707e+02	1299	6.906041e-01	7.000000e-01	
1.322724e+02	1300	1.088056e+02	2.414802e+02	1.322724e+02	1300	6.893805e-01	7.000000e-01	
1.323741e+02	1301	6.871576e+01	2.014181e+02	1.323741e+02	1301	7.456233e-01	7.000000e-01	
1.324759e+02	1302	7.439695e+01	1.942417e+02	1.324759e+02	1302	7.230594e-01	7.000000e-01	
1.325776e+02	1303	8.143576e+01	1.986132e+02	1.325776e+02	1303	7.092088e-01	7.000000e-01	
1.326794e+02	1304	8.369994e+01	1.977151e+02	1.326794e+02	1304	7.025747e-01	7.000000e-01	
1.327811e+02	1305	7.155987e+01	1.934263e+02	1.327811e+02	1305	7.299487e-01	7.000000e-01	
1.328829e+02	1306	6.921503e+01	1.862413e+02	1.328829e+02	1306	7.290534e-01	7.000000e-01	
1.329846e+02	1307	1.123479e+02	1.697677e+02	1.329846e+02	1307	6.017664e-01	7.000000e-01	
1.330864e+02	1308	8.737314e+01	2.152326e+02	1.330864e+02	1308	7.112641e-01	7.000000e-01	
1.331881e+02	1309	8.457653e+01	1.930818e+02	1.331881e+02	1309	6.953935e-01	7.000000e-01	
1.332899e+02	1310	8.042073e+01	2.022122e+02	1.332899e+02	1310	7.154587e-01	7.000000e-01	
1.333916e+02	1311	8.737435e+01	2.146317e+02	1.333916e+02	1311	7.106868e-01	7.000000e-01	
1.334934e+02	1312	2.967995e+02	-2.308735e+01	1.334934e+02	1312	-8.434901e-02	0	
1.335951e+02	1313	2.980266e+02	3.532611e+00	1.335951e+02	1313	1.171449e-02	0	
1.336969e+02	1314	2.555771e+02	-2.297143e+01	1.336969e+02	1314	-9.875696e-02	0	
1.337986e+02	1315	2.877650e+02	1.442226e+01	1.337986e+02	1315	4.772623e-02	0	
1.339004e+02	1316	2.791725e+02	-9.956144e+00	1.339004e+02	1316	-3.698194e-02	0	
1.340021e+02	1317	2.864048e+02	-6.079838e+00	1.340021e+02	1317	-2.168854e-02	0	
1.341039e+02	1318	3.077640e+02	9.154810e+00	1.341039e+02	1318	2.888693e-02	0	
1.342056e+02	1319	3.009436e+02	-9.111724e-02	1.342056e+02	1319	-3.028635e-04	0	
1.343074e+02	1320	2.956443e+02	6.818111e+00	1.343074e+02	1320	2.254201e-02	0	
1.344091e+02	1321	2.868934e+02	7.370572e+00	1.344091e+02	1321	2.504748e-02	0	
1.345109e+02	1322	2.794114e+02	-4.857481e+00	1.345109e+02	1322	-1.769227e-02	0	
1.346126e+02	1323	2.889223e+02	6.376200e+00	1.346126e+02	1323	2.159239e-02	0	
1.347144e+02	1324	2.545787e+02	-6.006649e+00	1.347144e+02	1324	-2.416462e-02	0	
1.348161e+02	1325	3.213798e+02	1.457685e+01	1.348161e+02	1325	4.338908e-02	0	
1.349178e+02	1326	3.347779e+02	2.163838e+01	1.349178e+02	1326	6.071098e-02	0	
1.350196e+02	1327	3.087432e+02	1.866609e+01	1.350196e+02	1327	5.701149e-02	0	
1.351213e+02	1328	3.180655e+02	1.300167e+01	1.351213e+02	1328	3.927200e-02	0	
1.352231e+02	1329	3.333560e+02	1.956845e+01	1.352231e+02	1329	5.544657e-02	0	
1.353248e+02	1330	3.141744e+02	1.378142e+01	1.353248e+02	1330	4.202218e-02	0	
1.354266e+02	1331	3.314220e+02	1.870379e+01	1.354266e+02	1331	5.342020e-02	0	
1.355283e+02	1332	3.241350e+02	2.405271e+01	1.355283e+02	1332	6.907972e-02	0	
1.356301e+02	1333	3.269628e+02	1.092524e+01	1.356301e+02	1333	3.233391e-02	0	
1.357318e+02	1334	3.248925e+02	1.885115e+01	1.357318e+02	1334	5.484072e-02	0	
1.358336e+02	1335	3.341580e+02	1.012112e+01	1.358336e+02	1335	2.939801e-02	0	
1.359353e+02	1336	3.424248e+02	1.186679e+01	1.359353e+02	1336	3.349442e-02	0	
1.360371e+02	1337	3.042898e+02	1.394275e+01	1.360371e+02	1337	4.381309e-02	0	
1.361388e+02	1338	3.295756e+02	2.059334e+01	1.361388e+02	1338	5.880973e-02	0	
1.362406e+02	1339	2.957305e+02	2.469979e+01	1.362406e+02	1339	7.708319e-02	0	
1.363423e+02	1340	3.205419e+02	8.343971e+00	1.363423e+02	1340	2.537041e-02	0	
1.364441e+02	1341	3.080015e+02	1.904301e+01	1.364441e+02	1341	5.822758e-02	0	
1.365458e+02	1342	3.230904e+02	1.266722e+01	1.365458e+02	1342	3.772727e-02	0	
1.366476e+02	1343	2.785499e+02	1.834203e+01	1.366476e+02	1343	6.178016e-02	0	
1.367493e+02	1344	3.030016e+02	1.147555e+01	1.367493e+02	1344	3.649089e-02	0	
1.368511e+02	1345	3.277351e+02	3.939317e+01	1.368511e+02	1345	1.073008e-01	0	
1.369528e+02	1346	2.940156e+02	4.443171e+00	1.369528e+02	1346	1.488705e-02	0	
1.370546e+02	1347	3.093468e+02	8.115554e+00	1.370546e+02	1347	2.556383e-02	0	
1.371563e+02	1348	2.962450e+02	-9.342082e+00	1.371563e+02	1348	-3.256182e-02	0	
1.372581e+02	1349	3.053384e+02	-8.728693e+00	1.372581e+02	1349	-2.942821e-02	0	
1.373598e+02	1350	2.976053e+02	-5.943859e+00	1.373598e+02	1350	-2.037931e-02	0	
1.374615e+02	1351	3.102147e+02	5.656672e+00	1.374615e+02	1351	1.790815e-02	0	
1.375633e+02	1352	2.943099e+02	-6.744410e+00	1.375633e+02	1352	-2.345347e-02	0	
1.376650e+02	1353	2.999666e+02	-1.286538e+01	1.376650e+02	1353	-4.481130e-02	0	
1.377668e+02	1354	3.099904e+02	-6.663875e+00	1.377668e+02	1354	-2.196931e-02	0	
1.378685e+02	1355	2.875374e+02	-9.785920e+00	1.378685e+02	1355	-3.523265e-02	0	
1.379703e+02	1356	3.010428e+02	6.545277e+00	1.379703e+02	1356	2.127936e-02	0	
1.380720e+02	1357	2.971665e+02	-1.032317e+01	1.380720e+02	1357	-3.598888e-02	0	
1.381738e+02	1358	2.934698e+02	5.057681e+00	1.381738e+02	1358	1.694210e-02	0	
1.382755e+02	1359	3.021057e+02	-9.934151e-01	1.382755e+02	1359	-3.299152e-03	0	
1.383773e+02	1360	3.055779e+02	2.523200e+00	1.383773e+02	1360	8.189520e-03	0	
1.384790e+02	1361	3.045633e+02	8.632392e+00	1.384790e+02	1361	2.756229e-02	0	
1.385808e+02	1362	2.868281e+02	2.377708e+01	1.385808e+02	1362	7.655082e-02	0	
1.386825e+02	1363	3.069583e+02	3.142567e+00	1.386825e+02	1363	1.013402e-02	0	
1.387843e+02	1364	2.929751e+02	1.082767e+01	1.387843e+02	1364	3.564046e-02	0	
1.388860e+02	1365	2.904159e+02	4.746895e+00	1.388860e+02	1365	1.608229e-02	0	
1.389878e+02	1366	2.921021e+02	-1.363036e+01	1.389878e+02	1366	-4.894701e-02	0	
1.390895e+02	1367	3.326344e+02	-6.082662e+00	1.390895e+02	1367	-1.862695e-02	0	
1.391913e+02	1368	3.259551e+02	-2.818381e+00	1.391913e+02	1368	-8.721946e-03	0	
1.392930e+02	1369	3.172334e+02	-6.158781e+00	1.392930e+02	1369	-1.979840e-02	0	
1.393948e+02	1370	3.366876e+02	2.169085e+01	1.393948e+02	1370	6.052498e-02	0	
1.394965e+02	1371	3.090231e+02	-1.317301e+01	1.394965e+02	1371	-4.452596e-02	0	
1.395983e+02	1372	3.926009e+02	-1.643731e+01	1.395983e+02	1372	-4.369724e-02	0	
1.397000e+02	1373	3.000761e+02	-1.240082e+00	1.397000e+02	1373	-4.149707e-03	0	
1.398018e+02	1374	2.724127e+02	3.762514e-01	1.398018e+02	1374	1.379277e-03	0	
1.399035e+02	1375	2.877394e+02	-2.710796e+00	1.399035e+02	1375	-9.510610e-03	0	
1.400052e+02	1376	2.867192e+02	-2.790777e+00	1.400052e+02	1376	-9.829157e-03	0	
1.401070e+02	1377	2.363886e+02	2.396384e+01	1.401070e+02	1377	9.204385e-02	0	
1.402087e+02	1378	3.026669e+02	5.355177e+00	1.402087e+02	1378	1.738569e-02	0	
1.403105e+02	1379	2.897291e+02	-6.523504e+00	1.403105e+02	1379	-2.303452e-02	0	
1.404122e+02	1380	2.809196e+02	6.126630e+00	1.404122e+02	1380	2.134370e-02	0	
1.405140e+02	1381	2.715915e+02	-2.654971e+00	1.405140e+02	1381	-9.872110e-03	0	
1.406157e+02	1382	3.321687e+02	-3.641974e+00	1.406157e+02	1382	-1.108578e-02	0	
1.407175e+02	1383	3.315391e+02	3.238156e+00	1.407175e+02	1383	9.672569e-03	0	
1.408192e+02	1384	2.876564e+02	3.492591e+00	1.408192e+02	1384	1.199589e-02	0	
1.409210e+02	1385	2.877919e+02	1.101727e+01	1.409210e+02	1385	3.687059e-02	0	
1.410227e+02	1386	3.455429e+02	2.228054e+00	1.410227e+02	1386	6.406671e-03	0	
1.411245e+02	1387	3.606730e+02	5.609909e+00	1.411245e+02	1387	1.531578e-02	0	
1.412262e+02	1388	3.351698e+02	2.837191e+00	1.412262e+02	1388	8.393883e-03	0	
1.413280e+02	1389	3.308441e+02	-4.199914e+00	1.413280e+02	1389	-1.285776e-02	0	
1.414297e+02	1390	3.289733e+02	9.771968e-01	1.414297e+02	1390	2.961647e-03	0	
1.415315e+02	1391	3.554967e+02	1.906609e-01	1.415315e+02	1391	5.360351e-04	0	
1.416332e+02	1392	3.459497e+02	1.283906e+01	1.416332e+02	1392	3.578445e-02	0	
1.417350e+02	1393	3.543807e+02	4.423736e+00	1.417350e+02	1393	1.232910e-02	0	
1.418367e+02	1394	3.197615e+02	1.395327e+01	1.418367e+02	1394	4.181196e-02	0	
1.419385e+02	1395	3.617025e+02	-3.601097e-01	1.419385e+02	1395	-9.965886e-04	0	
1.420402e+02	1396	3.218953e+02	7.925491e+00	1.420402e+02	1396	2.402969e-02	0	
1.421420e+02	1397	3.591637e+02	4.351379e+00	1.421420e+02	1397	1.197028e-02	0	
1.422437e+02	1398	3.316227e+02	9.185500e+00	1.422437e+02	1398	2.695211e-02	0	
1.423455e+02	1399	3.090613e+02	2.199651e+01	1.423455e+02	1399	6.644311e-02	0	
1.424472e+02	1400	3.159830e+02	8.417192e+00	1.424472e+02	1400	2.594694e-02	0	
1.425489e+02	1401	3.204454e+02	7.413885e+00	1.425489e+02	1401	2.261301e-02	0	
1.426507e+02	1402	3.434775e+02	1.197562e+01	1.426507e+02	1402	3.369114e-02	0	
1.427524e+02	1403	3.206270e+02	9.353592e+00	1.427524e+02	1403	2.834589e-02	0	
1.428542e+02	1404	3.198068e+02	1.476717e+01	1.428542e+02	1404	4.413724e-02	0	
1.429559e+02	1405	3.216348e+02	7.660002e+00	1.429559e+02	1405	2.326184e-02	0	
1.430577e+02	1406	3.263905e+02	1.078918e+01	1.430577e+02	1406	3.199831e-02	0	
1.431594e+02	1407	3.239822e+02	2.243427e+01	1.431594e+02	1407	6.476098e-02	0	
1.432612e+02	1408	3.381064e+02	4.042508e+01	1.432612e+02	1408	1.067945e-01	0	
1.433629e+02	1409	3.203761e+02	-8.995034e+00	1.433629e+02	1409	-2.888754e-02	0	
1.434647e+02	1410	3.242061e+02	1.786515e+01	1.434647e+02	1410	5.222640e-02	0	
1.435664e+02	1411	3.208764e+02	-3.732297e+00	1.435664e+02	1411	-1.176846e-02	0	
1.436682e+02	1412	3.127868e+02	-2.445739e+01	1.436682e+02	1412	-8.482447e-02	0	
1.437699e+02	1413	3.210668e+02	8.837111e-01	1.437699e+02	1413	2.744866e-03	0	
1.438717e+02	1414	3.137410e+02	-3.869221e+00	1.438717e+02	1414	-1.248652e-02	0	
1.439734e+02	1415	3.097630e+02	-4.707887e+00	1.439734e+02	1415	-1.543291e-02	0	
1.440752e+02	1416	3.217424e+02	-6.933177e+00	1.440752e+02	1416	-2.202342e-02	0	
1.441769e+02	1417	3.192039e+02	1.183560e+01	1.441769e+02	1417	3.575283e-02	0	
1.442787e+02	1418	3.229002e+02	-6.939846e+00	1.442787e+02	1418	-2.196429e-02	0	
1.443804e+02	1419	3.397645e+02	-7.768518e+00	1.443804e+02	1419	-2.339943e-02	0	
1.444822e+02	1420	3.114954e+02	-1.342109e+00	1.444822e+02	1420	-4.327244e-03	0	
1.445839e+02	1421	3.353234e+02	-1.963801e+01	1.445839e+02	1421	-6.220754e-02	0	
1.446857e+02	1422	3.420158e+02	-7.654513e+00	1.446857e+02	1422	-2.289294e-02	0	
1.447874e+02	1423	3.363453e+02	-3.767416e+00	1.447874e+02	1423	-1.132792e-02	0	
1.448892e+02	1424	3.450373e+02	-3.577473e+00	1.448892e+02	1424	-1.047700e-02	0	
1.449909e+02	1425	3.309386e+02	-1.090018e+01	1.449909e+02	1425	-3.405897e-02	0	
1.450926e+02	1426	3.407314e+02	5.939708e+00	1.450926e+02	1426	1.713355e-02	0	
1.451944e+02	1427	3.418994e+02	-1.542604e-01	1.451944e+02	1427	-4.513902e-04	0	
1.452961e+02	1428	3.495310e+02	2.419537e+01	1.452961e+02	1428	6.474087e-02	0	
1.453979e+02	1429	3.388713e+02	-8.832021e+00	1.453979e+02	1429	-2.676051e-02	0	
1.454996e+02	1430	3.190462e+02	3.099776e+01	1.454996e+02	1430	8.855391e-02	0	
1.456014e+02	1431	3.376891e+02	2.705530e+01	1.456014e+02	1431	7.417605e-02	0	
1.457031e+02	1432	3.413361e+02	5.978402e+00	1.457031e+02	1432	1.721322e-02	0	
1.458049e+02	1433	3.123523e+02	2.255608e+01	1.458049e+02	1433	6.735000e-02	0	
1.459066e+02	1434	3.523300e+02	1.726083e+01	1.459066e+02	1434	4.670254e-02	0	
1.460084e+02	1435	3.214088e+02	2.065822e+01	1.460084e+02	1435	6.039232e-02	0	
1.461101e+02	1436	3.271671e+02	3.391654e+01	1.461101e+02	1436	9.392987e-02	0	
1.462119e+02	1437	3.136653e+02	2.513901e+01	1.462119e+02	1437	7.419920e-02	0	
1.463136e+02	1438	3.220092e+02	-2.033525e+00	1.463136e+02	1438	-6.355249e-03	0	
1.464154e+02	1439	3.431565e+02	5.585997e+00	1.464154e+02	1439	1.601754e-02	0	
1.465171e+02	1440	3.115853e+02	2.897749e+01	1.465171e+02	1440	8.508707e-02	0	
1.466189e+02	1441	3.287951e+02	-1.284573e+01	1.466189e+02	1441	-4.065756e-02	0	
1.467206e+02	1442	3.233317e+02	-1.242497e+01	1.467206e+02	1442	-3.996366e-02	0	
1.468224e+02	1443	3.343767e+02	-1.102516e+01	1.468224e+02	1443	-3.409651e-02	0	
1.469241e+02	1444	3.044364e+02	-1.049701e+01	1.469241e+02	1444	-3.571148e-02	0	
1.470259e+02	1445	3.227191e+02	-9.208510e+00	1.470259e+02	1445	-2.937225e-02	0	
1.471276e+02	1446	3.291870e+02	-8.733448e+00	1.471276e+02	1446	-2.725340e-02	0	
1.472294e+02	1447	3.219885e+02	-2.036096e+00	1.472294e+02	1447	-6.363747e-03	0	
1.473311e+02	1448	3.218551e+02	-1.337242e+01	1.473311e+02	1448	-4.334901e-02	0	
1.474329e+02	1449	3.412426e+02	1.269946e+01	1.474329e+02	1449	3.588005e-02	0	
1.475346e+02	1450	3.489551e+02	-5.790128e+00	1.475346e+02	1450	-1.687272e-02	0	
1.476363e+02	1451	3.136724e+02	-7.726795e+00	1.476363e+02	1451	-2.525545e-02	0	
1.477381e+02	1452	3.364999e+02	3.168538e+00	1.477381e+02	1452	9.328326e-03	0	
1.478398e+02	1453	3.286228e+02	-1.202289e+01	1.478398e+02	1453	-3.797503e-02	0	
1.479416e+02	1454	3.201441e+02	-1.314850e+01	1.479416e+02	1454	-4.282960e-02	0	
1.480433e+02	1455	3.255111e+02	-8.394159e+00	1.480433e+02	1455	-2.647023e-02	0	
1.481451e+02	1456	3.297460e+02	-4.603607e+00	1.481451e+02	1456	-1.415874e-02	0	
1.482468e+02	1457	3.384591e+02	-3.289809e+00	1.482468e+02	1457	-9.815365e-03	0	
1.483486e+02	1458	3.229301e+02	-1.186972e+01	1.483486e+02	1458	-3.815889e-02	0	
1.484503e+02	1459	3.184704e+02	-1.949639e+00	1.484503e+02	1459	-6.159593e-03	0	
1.485521e+02	1460	3.106067e+02	9.847406e-01	1.485521e+02	1460	3.160358e-03	0	
1.486538e+02	1461	3.137052e+02	1.102445e+01	1.486538e+02	1461	3.394963e-02	0	
1.487556e+02	1462	3.145683e+02	-1.403589e+01	1.487556e+02	1462	-4.670342e-02	0	
1.488573e+02	1463	2.805077e+02	-8.591014e+00	1.488573e+02	1463	-3.159429e-02	0	
1.489591e+02	1464	3.137399e+02	-1.549032e+01	1.489591e+02	1464	-5.193744e-02	0	
1.490608e+02	1465	3.144764e+02	-9.422381e-01	1.490608e+02	1465	-3.005217e-03	0	
1.491626e+02	1466	3.626402e+02	6.268984e+00	1.491626e+02	1466	1.699330e-02	0	
1.492643e+02	1467	3.225077e+02	8.998211e+00	1.492643e+02	1467	2.714344e-02	0	
1.493661e+02	1468	3.686814e+02	1.407162e+01	1.493661e+02	1468	3.676423e-02	0	
1.494678e+02	1469	3.245736e+02	1.167124e+01	1.494678e+02	1469	3.471054e-02	0	
1.495696e+02	1470	3.509044e+02	-3.796845e+00	1.495696e+02	1470	-1.093853e-02	0	
1.496713e+02	1471	3.620539e+02	1.621202e+01	1.496713e+02	1471	4.285879e-02	0	
1.497731e+02	1472	3.256812e+02	1.996818e+01	1.497731e+02	1472	5.777004e-02	0	
1.498748e+02	1473	3.316892e+02	1.820700e+01	1.498748e+02	1473	5.203543e-02	0	
1.499766e+02	1474	3.270530e+02	2.023254e+01	1.499766e+02	1474	5.825909e-02	0	
1.500783e+02	1475	3.159964e+02	1.083600e+01	1.500783e+02	1475	3.315461e-02	0	
1.501800e+02	1476	3.306151e+02	1.094879e+01	1.501800e+02	1476	3.205488e-02	0	
1.502818e+02	1477	3.290452e+02	1.795463e+01	1.502818e+02	1477	5.174247e-02	0	
1.503835e+02	1478	3.350597e+02	2.694890e+01	1.503835e+02	1478	7.444271e-02	0	
1.504853e+02	1479	3.242191e+02	1.787209e+01	1.504853e+02	1479	5.224364e-02	0	
1.505870e+02	1480	3.309728e+02	2.161106e+01	1.505870e+02	1480	6.129339e-02	0	
1.506888e+02	1481	3.383407e+02	1.338309e+01	1.506888e+02	1481	3.805000e-02	0	
1.507905e+02	1482	3.303171e+02	3.241194e+01	1.507905e+02	1482	8.935579e-02	0	
1.508923e+02	1483	3.176467e+02	1.690160e+01	1.508923e+02	1483	5.052066e-02	0	
1.509940e+02	1484	3.185199e+02	3.479403e+01	1.509940e+02	1484	9.847908e-02	0	
1.510958e+02	1485	3.586400e+02	6.928894e+00	1.510958e+02	1485	1.895373e-02	0	
1.511975e+02	1486	3.160315e+02	1.218841e+01	1.511975e+02	1486	3.713489e-02	0	
1.512993e+02	1487	3.349942e+02	2.707202e+01	1.512993e+02	1487	7.477091e-02	0	
1.514010e+02	1488	3.586216e+02	6.963744e+00	1.514010e+02	1488	1.904820e-02	0	
1.515028e+02	1489	3.214774e+02	2.091343e+01	1.515028e+02	1489	6.108058e-02	0	
1.516045e+02	1490	3.276547e+02	2.317347e+01	1.516045e+02	1490	6.605362e-02	0	
1.517063e+02	1491	3.322970e+02	2.678424e+01	1.517063e+02	1491	7.459103e-02	0	
1.518080e+02	1492	3.359844e+02	1.830589e+01	1.518080e+02	1492	5.166918e-02	0	
1.519098e+02	1493	3.382652e+02	3.187259e+01	1.519098e+02	1493	8.611007e-02	0	
1.520115e+02	1494	3.277537e+02	1.823534e+01	1.520115e+02	1494	5.270496e-02	0	
1.521133e+02	1495	3.431634e+02	2.240536e+01	1.521133e+02	1495	6.128904e-02	0	
1.522150e+02	1496	3.211922e+02	9.479806e+00	1.522150e+02	1496	2.866831e-02	0	
1.523168e+02	1497	3.274917e+02	1.561204e+01	1.523168e+02	1497	4.550239e-02	0	
1.524185e+02	1498	3.502497e+02	8.999864e+00	1.524185e+02	1498	2.505184e-02	0	
1.525203e+02	1499	3.297505e+02	3.304861e+01	1.525203e+02	1499	9.109342e-02	0	
1.526220e+02	1500	3.506984e+02	-1.476972e+00	1.526220e+02	1500	-4.229328e-03	0	
1.527237e+02	1501	3.235340e+02	-1.310540e+00	1.527237e+02	1501	-4.067177e-03	0	
1.528255e+02	1502	3.644969e+02	-2.176580e+00	1.528255e+02	1502	-6.007336e-03	0	
1.529272e+02	1503	3.372946e+02	-7.601237e-01	1.529272e+02	1503	-2.258680e-03	0	
1.530290e+02	1504	3.504270e+02	-1.069591e+01	1.530290e+02	1504	-3.148346e-02	0	
1.531307e+02	1505	3.109431e+02	1.071205e+01	1.531307e+02	1505	3.330290e-02	0	
1.532325e+02	1506	3.471720e+02	9.846053e+00	1.532325e+02	1506	2.757859e-02	0	
1.533342e+02	1507	3.221153e+02	2.249562e+01	1.533342e+02	1507	6.527831e-02	0	
1.534360e+02	1508	3.099388e+02	3.509677e+00	1.534360e+02	1508	1.119698e-02	0	
1.535377e+02	1509	2.898404e+02	2.986763e+00	1.535377e+02	1509	1.019975e-02	0	
1.536395e+02	1510	3.335531e+02	1.260126e+01	1.536395e+02	1510	3.640359e-02	0	
1.537412e+02	1511	3.316879e+02	2.227618e+01	1.537412e+02	1511	6.293345e-02	0	
1.538430e+02	1512	3.256591e+02	1.166199e+01	1.538430e+02	1512	3.457237e-02	0	
1.539447e+02	1513	3.175234e+02	2.328671e+01	1.539447e+02	1513	6.832752e-02	0	
1.540465e+02	1514	3.105333e+02	2.164942e+01	1.540465e+02	1514	6.517323e-02	0	
1.541482e+02	1515	3.242500e+02	1.163943e+01	1.541482e+02	1515	3.465256e-02	0	
1.542500e+02	1516	3.804948e+02	1.329205e+01	1.542500e+02	1516	3.375443e-02	0	
1.543517e+02	1517	3.463467e+02	1.071195e+01	1.543517e+02	1517	3.000053e-02	0	
1.544535e+02	1518	3.856568e+02	9.133628e+00	1.544535e+02	1518	2.313538e-02	0	
1.545552e+02	1519	3.808149e+02	1.619652e+01	1.545552e+02	1519	4.079611e-02	0	
1.546570e+02	1520	3.621061e+02	6.891966e-01	1.546570e+02	1520	1.899684e-03	0	
1.547587e+02	1521	3.677231e+02	1.387210e+01	1.547587e+02	1521	3.635292e-02	0	
1.548605e+02	1522	3.359500e+02	2.365621e+01	1.548605e+02	1522	6.578365e-02	0	
1.549622e+02	1523	3.048919e+02	4.734917e+00	1.549622e+02	1523	1.529233e-02	0	
1.550640e+02	1524	3.033080e+02	-1.076595e+00	1.550640e+02	1524	-3.562155e-03	0	
1.551657e+02	1525	2.848655e+02	1.137899e+01	1.551657e+02	1525	3.841081e-02	0	
1.552674e+02	1526	3.103334e+02	1.352590e+01	1.552674e+02	1526	4.176474e-02	0	
1.553692e+02	1527	2.826160e+02	-8.146918e+00	1.553692e+02	1527	-2.968246e-02	0	
1.554709e+02	1528	3.145216e+02	1.885723e+01	1.554709e+02	1528	5.656397e-02	0	
1.555727e+02	1529	2.983235e+02	2.232029e+00	1.555727e+02	1529	7.426345e-03	0	
1.556744e+02	1530	3.062200e+02	5.368214e+00	1.556744e+02	1530	1.722855e-02	0	
1.557762e+02	1531	3.041860e+02	-1.385109e+01	1.557762e+02	1531	-4.770728e-02	0	
1.558779e+02	1532	2.677926e+02	-2.336218e+00	1.558779e+02	1532	-8.800760e-03	0	
1.559797e+02	1533	2.862013e+02	-4.715218e+00	1.559797e+02	1533	-1.675116e-02	0	
1.560814e+02	1534	2.566397e+02	-1.720235e+01	1.560814e+02	1534	-7.184489e-02	0	
1.561832e+02	1535	2.655220e+02	-5.800522e-01	1.561832e+02	1535	-2.189356e-03	0	
1.562849e+02	1536	3.311141e+02	2.566545e+01	1.562849e+02	1536	7.193644e-02	0	
1.563867e+02	1537	3.309472e+02	2.354410e+01	1.563867e+02	1537	6.641658e-02	0	
1.564884e+02	1538	3.346486e+02	2.506939e+01	1.564884e+02	1538	6.969179e-02	0	
1.565902e+02	1539	3.087909e+02	3.885002e+00	1.565902e+02	1539	1.242501e-02	0	
1.566919e+02	1540	3.112428e+02	7.455205e+00	1.566919e+02	1540	2.339269e-02	0	
1.567937e+02	1541	3.313334e+02	2.720901e+00	1.567937e+02	1541	8.145086e-03	0	
1.568954e+02	1542	3.312253e+02	2.410449e+01	1.568954e+02	1542	6.783695e-02	0	
1.569972e+02	1543	3.333510e+02	5.154635e+00	1.569972e+02	1543	1.522762e-02	0	
1.570989e+02	1544	3.303330e+02	1.317075e+01	1.570989e+02	1544	3.834238e-02	0	
1.572007e+02	1545	3.233272e+02	2.016715e+01	1.572007e+02	1545	5.871174e-02	0	
1.573024e+02	1546	2.950122e+02	7.897390e-01	1.573024e+02	1546	2.669824e-03	0	
1.574042e+02	1547	3.031107e+02	-3.618096e+00	1.574042e+02	1547	-1.208075e-02	0	
1.575059e+02	1548	2.948118e+02	-3.902949e+00	1.575059e+02	1548	-1.341640e-02	0	
1.576077e+02	1549	2.920495e+02	-7.524626e+00	1.576077e+02	1549	-2.644629e-02	0	
1.577094e+02	1550	2.884068e+02	-7.327568e+00	1.577094e+02	1550	-2.606940e-02	0	
1.578111e+02	1551	3.013528e+02	1.244220e+01	1.578111e+02	1551	3.965073e-02	0	
1.579129e+02	1552	2.881248e+02	5.733887e-01	1.579129e+02	1552	1.986118e-03	0	
1.580146e+02	1553	3.461056e+02	2.058459e-01	1.580146e+02	1553	5.943953e-04	0	
1.581164e+02	1554	2.752727e+02	-1.849263e+01	1.581164e+02	1554	-7.201739e-02	0	
1.582181e+02	1555	3.088010e+02	-3.769114e+00	1.582181e+02	1555	-1.235646e-02	0	
1.583199e+02	1556	3.120656e+02	-2.238290e+01	1.583199e+02	1556	-7.726695e-02	0	
1.584216e+02	1557	3.815259e+02	1.415051e+01	1.584216e+02	1557	3.576283e-02	0	
1.585234e+02	1558	3.702357e+02	2.330796e+01	1.585234e+02	1558	5.922586e-02	0	
1.586251e+02	1559	3.657506e+02	3.059436e+01	1.586251e+02	1559	7.719124e-02	0	
1.587269e+02	1560	3.247705e+02	2.162190e+01	1.587269e+02	1560	6.242025e-02	0	
1.588286e+02	1561	3.414343e+02	2.102519e+00	1.588286e+02	1561	6.120214e-03	0	
1.589304e+02	1562	3.492774e+02	3.853463e+01	1.589304e+02	1562	9.936419e-02	0	
1.590321e+02	1563	3.538860e+02	4.479270e+00	1.590321e+02	1563	1.249917e-02	0	
1.591339e+02	1564	3.857463e+02	1.602975e+01	1.591339e+02	1564	3.989723e-02	0	
1.592356e+02	1565	3.388605e+02	2.642265e+01	1.592356e+02	1565	7.233471e-02	0	
1.593374e+02	1566	3.476399e+02	1.480589e+01	1.593374e+02	1566	4.084994e-02	0	
1.594391e+02	1567	3.465629e+02	3.247609e+01	1.594391e+02	1567	8.568008e-02	0	
1.595409e+02	1568	3.245614e+02	2.893734e+01	1.595409e+02	1568	8.185981e-02	0	
1.596426e+02	1569	3.204037e+02	4.084464e+01	1.596426e+02	1569	1.130653e-01	0	
1.597444e+02	1570	3.379435e+02	4.141406e+01	1.597444e+02	1570	1.091689e-01	0	
1.598461e+02	1571	3.414141e+02	3.392210e+01	1.598461e+02	1571	9.037791e-02	0	
1.599479e+02	1572	3.204966e+02	4.086674e+01	1.599479e+02	1572	1.130904e-01	0	
1.600496e+02	1573	3.208977e+02	-1.073387e+01	1.600496e+02	1573	-3.460710e-02	0	
1.601514e+02	1574	3.220301e+02	-3.951017e+00	1.601514e+02	1574	-1.242149e-02	0	
1.602531e+02	1575	3.248431e+02	3.841119e+00	1.602531e+02	1575	1.168635e-02	0	
1.603548e+02	1576	3.149269e+02	-2.909225e+01	1.603548e+02	1576	-1.017800e-01	0	
1.604566e+02	1577	3.335719e+02	1.709923e+00	1.604566e+02	1577	5.099957e-03	0	
1.605583e+02	1578	3.359080e+02	-5.192543e-01	1.605583e+02	1578	-1.548216e-03	0	
1.606601e+02	1579	3.252806e+02	-5.311963e+00	1.606601e+02	1579	-1.660151e-02	0	
1.607618e+02	1580	3.567849e+02	-1.211721e+01	1.607618e+02	1580	-3.515621e-02	0	
1.608636e+02	1581	3.063191e+02	-1.011129e+00	1.608636e+02	1581	-3.311833e-03	0	
1.609653e+02	1582	3.045859e+02	4.506491e+00	1.609653e+02	1582	1.457975e-02	0	
1.610671e+02	1583	3.374390e+02	-1.708323e+01	1.610671e+02	1583	-5.332581e-02	0	
1.611688e+02	1584	3.517865e+02	1.760313e+00	1.611688e+02	1584	4.979010e-03	0	
1.612706e+02	1585	3.135403e+02	-8.636678e+00	1.612706e+02	1585	-2.832593e-02	0	
1.613723e+02	1586	3.068078e+02	-1.246521e+01	1.613723e+02	1586	-4.234932e-02	0	
1.614741e+02	1587	3.058693e+02	-1.204406e+00	1.614741e+02	1587	-3.953216e-03	0	
1.615758e+02	1588	2.994717e+02	-3.958983e+00	1.615758e+02	1588	-1.339700e-02	0	
1.616776e+02	1589	3.003314e+02	-5.296992e+00	1.616776e+02	1589	-1.795381e-02	0	
1.617793e+02	1590	3.096085e+02	-6.973647e+00	1.617793e+02	1590	-2.304311e-02	0	
1.618811e+02	1591	3.200733e+02	-1.812775e+01	1.618811e+02	1591	-6.003649e-02	0	
1.619828e+02	1592	3.092897e+02	-1.264235e+01	1.619828e+02	1592	-4.261744e-02	0	
1.620846e+02	1593	3.100401e+02	-1.809438e+01	1.620846e+02	1593	-6.197858e-02	0	
1.621863e+02	1594	3.214055e+02	-1.619620e+01	1.621863e+02	1594	-5.306588e-02	0	
1.622881e+02	1595	3.087659e+02	1.654677e+00	1.622881e+02	1595	5.330436e-03	0	
1.623898e+02	1596	3.395658e+02	1.445540e+01	1.623898e+02	1596	4.083202e-02	0	
1.624916e+02	1597	3.228515e+02	2.622891e+00	1.624916e+02	1597	8.058671e-03	0	
1.625933e+02	1598	2.956749e+02	1.239037e+00	1.625933e+02	1598	4.173051e-03	0	
1.626951e+02	1599	3.118494e+02	2.030453e+01	1.626951e+02	1599	6.112988e-02	0	
1.627968e+02	1600	3.517345e+02	-3.198210e+01	1.627968e+02	1600	-1.000215e-01	0	
1.628985e+02	1601	3.281103e+02	-1.226268e+01	1.628985e+02	1601	-3.882467e-02	0	
1.630003e+02	1602	3.251614e+02	1.183306e+01	1.630003e+02	1602	3.511351e-02	0	
1.631020e+02	1603	3.507376e+02	-2.805297e+01	1.631020e+02	1603	-8.693618e-02	0	
1.632038e+02	1604	3.283261e+02	8.672558e+00	1.632038e+02	1604	2.573470e-02	0	
1.633055e+02	1605	3.254783e+02	1.188026e+01	1.633055e+02	1605	3.521553e-02	0	
1.634073e+02	1606	3.465974e+02	9.672877e+00	1.634073e+02	1606	2.715039e-02	0	
1.635090e+02	1607	3.616371e+02	1.384667e+01	1.635090e+02	1607	3.687688e-02	0	
1.636108e+02	1608	3.386747e+02	1.205267e+01	1.636108e+02	1608	3.436478e-02	0	
1.637125e+02	1609	3.422469e+02	6.159504e+00	1.637125e+02	1609	1.767908e-02	0	
1.638143e+02	1610	2.969159e+02	1.606646e+01	1.638143e+02	1610	5.133344e-02	0	
1.639160e+02	1611	3.328729e+02	1.758578e+01	1.639160e+02	1611	5.017932e-02	0	
1.640178e+02	1612	3.153521e+02	1.479544e+01	1.640178e+02	1612	4.481463e-02	0	
1.641195e+02	1613	3.321401e+02	8.879917e+00	1.641195e+02	1613	2.603928e-02	0	
1.642213e+02	1614	3.142884e+02	2.430485e+01	1.642213e+02	1614	7.178185e-02	0	
1.643230e+02	1615	2.737078e+02	2.948642e+01	1.643230e+02	1615	9.725258e-02	0	
1.644248e+02	1616	3.175238e+02	1.833647e+01	1.644248e+02	1616	5.459553e-02	0	
1.645265e+02	1617	3.534917e+02	7.445871e+00	1.645265e+02	1617	2.062925e-02	0	
1.646283e+02	1618	2.919989e+02	1.979806e+01	1.646283e+02	1618	6.349664e-02	0	
1.647300e+02	1619	3.405415e+02	9.636721e+00	1.647300e+02	1619	2.751948e-02	0	
1.648318e+02	1620	3.231075e+02	1.331180e+01	1.648318e+02	1620	3.956907e-02	0	
1.649335e+02	1621	3.202932e+02	1.499890e+01	1.649335e+02	1621	4.473383e-02	0	
1.650353e+02	1622	3.320031e+02	1.862970e+00	1.650353e+02	1622	5.579992e-03	0	
1.651370e+02	1623	3.325100e+02	2.826419e+00	1.651370e+02	1623	8.428607e-03	0	
1.652388e+02	1624	3.336470e+02	4.137167e+00	1.652388e+02	1624	1.224796e-02	0	
1.653405e+02	1625	3.173971e+02	2.627601e+00	1.653405e+02	1625	8.210619e-03	0	
1.654422e+02	1626	3.581549e+02	1.771828e+01	1.654422e+02	1626	4.713898e-02	0	
1.655440e+02	1627	3.119224e+02	-1.393811e+01	1.655440e+02	1627	-4.677465e-02	0	
1.656457e+02	1628	3.186028e+02	-2.745945e+01	1.656457e+02	1628	-9.431591e-02	0	
1.657475e+02	1629	3.231470e+02	-2.165331e+01	1.657475e+02	1629	-7.182011e-02	0	
1.658492e+02	1630	3.046233e+02	-7.895961e-01	1.658492e+02	1630	-2.598777e-03	0	
1.659510e+02	1631	3.203617e+02	1.327600e+01	1.659510e+02	1631	3.979167e-02	0	
1.660527e+02	1632	3.277900e+02	3.532446e+00	1.660527e+02	1632	1.066166e-02	0	
1.661545e+02	1633	3.198584e+02	8.365399e+00	1.661545e+02	1633	2.548688e-02	0	
1.662562e+02	1634	3.118747e+02	4.794538e+00	1.662562e+02	1634	1.514052e-02	0	
1.663580e+02	1635	3.270723e+02	1.447110e+01	1.663580e+02	1635	4.236973e-02	0	
1.664597e+02	1636	3.015358e+02	2.944901e+00	1.664597e+02	1636	9.671881e-03	0	
1.665615e+02	1637	3.080250e+02	-3.362594e+00	1.665615e+02	1637	-1.103711e-02	0	
1.666632e+02	1638	3.255551e+02	5.365057e+01	1.666632e+02	1638	1.414815e-01	0	
1.667650e+02	1639	3.378971e+02	1.895112e+01	1.667650e+02	1639	5.310695e-02	0	
1.668667e+02	1640	3.452468e+02	4.011261e+01	1.668667e+02	1640	1.040914e-01	0	
1.669685e+02	1641	3.484527e+02	-3.704953e+00	1.669685e+02	1641	-1.074685e-02	0	
1.670702e+02	1642	3.355401e+02	-1.668577e+01	1.670702e+02	1642	-5.233039e-02	0	
1.671720e+02	1643	3.326842e+02	2.021862e+01	1.671720e+02	1643	5.729232e-02	0	
1.672737e+02	1644	3.621792e+02	-8.295536e-02	1.672737e+02	1644	-2.290975e-04	0	
1.673755e+02	1645	3.348901e+02	1.311012e+01	1.673755e+02	1645	3.767273e-02	0	
1.674772e+02	1646	3.378844e+02	-2.616278e+01	1.674772e+02	1646	-8.392995e-02	0	
1.675790e+02	1647	3.614351e+02	4.531358e+00	1.675790e+02	1647	1.238189e-02	0	
1.676807e+02	1648	3.449348e+02	-2.360743e+01	1.676807e+02	1648	-7.346847e-02	0	
1.677825e+02	1649	3.361838e+02	-2.304776e+00	1.677825e+02	1649	-6.903027e-03	0	
1.678842e+02	1650	3.508535e+02	-6.662314e+00	1.678842e+02	1650	-1.935643e-02	0	
1.679859e+02	1651	3.386766e+02	-2.053002e-01	1.679859e+02	1651	-6.065513e-04	0	
1.680877e+02	1652	3.507231e+02	-1.529024e+01	1.680877e+02	1652	-4.558361e-02	0	
1.681894e+02	1653	3.286092e+02	9.113402e+00	1.681894e+02	1653	2.698487e-02	0	
1.682912e+02	1654	3.189853e+02	-1.900202e+01	1.682912e+02	1654	-6.334360e-02	0	
1.683929e+02	1655	3.591663e+02	4.238539e-02	1.683929e+02	1655	1.179966e-04	0	
1.684947e+02	1656	3.327898e+02	-9.778488e+00	1.684947e+02	1656	-3.027290e-02	0	
1.685964e+02	1657	3.348982e+02	-1.182273e+01	1.685964e+02	1657	-3.659433e-02	0	
1.686982e+02	1658	3.183404e+02	-1.266222e+01	1.686982e+02	1658	-4.142337e-02	0	
1.687999e+02	1659	3.608450e+02	-3.904349e+00	1.687999e+02	1659	-1.093837e-02	0	
1.689017e+02	1660	3.574869e+02	3.388298e+00	1.689017e+02	1660	9.389113e-03	0	
1.690034e+02	1661	4.018519e+02	8.931077e-01	1.690034e+02	1661	2.217551e-03	0	
1.691052e+02	1662	3.487625e+02	-3.147743e-01	1.691052e+02	1662	-9.033616e-04	0	
1.692069e+02	1663	3.642100e+02	-3.313653e+00	1.692069e+02	1663	-9.181731e-03	0	
1.693087e+02	1664	3.604868e+02	-6.720685e+00	1.693087e+02	1664	-1.899754e-02	0	
1.694104e+02	1665	3.594116e+02	4.261043e+00	1.694104e+02	1665	1.171670e-02	0	
1.695122e+02	1666	3.351294e+02	-9.585976e+00	1.695122e+02	1666	-2.944607e-02	0	
1.696139e+02	1667	3.607933e+02	-1.030275e+00	1.696139e+02	1667	-2.863760e-03	0	
1.697157e+02	1668	3.811608e+02	-5.305100e+00	1.697157e+02	1668	-1.411473e-02	0	
1.698174e+02	1669	3.522067e+02	2.940618e+00	1.698174e+02	1669	8.279995e-03	0	
1.699192e+02	1670	3.316909e+02	1.149630e+01	1.699192e+02	1670	3.349863e-02	0	
1.700209e+02	1671	3.313695e+02	7.069855e+00	1.700209e+02	1671	2.088958e-02	0	
1.701227e+02	1672	3.315480e+02	1.304173e+01	1.701227e+02	1672	3.784712e-02	0	
1.702244e+02	1673	3.330787e+02	8.990996e+00	1.702244e+02	1673	2.628411e-02	0	
1.703262e+02	1674	3.417867e+02	2.019865e+01	1.703262e+02	1674	5.579963e-02	0	
1.704279e+02	1675	3.311288e+02	6.536937e+00	1.704279e+02	1675	1.935920e-02	0	
1.705296e+02	1676	3.475662e+02	2.880283e+00	1.705296e+02	1676	8.218895e-03	0	
1.706314e+02	1677	3.403535e+02	1.589814e+01	1.706314e+02	1677	4.462615e-02	0	
1.707331e+02	1678	3.254079e+02	2.214223e+01	1.707331e+02	1678	6.370946e-02	0	
1.708349e+02	1679	3.157936e+02	1.606665e+01	1.708349e+02	1679	4.841390e-02	0	
1.709366e+02	1680	3.025397e+02	2.632250e+01	1.709366e+02	1680	8.004112e-02	0	
1.710384e+02	1681	3.129403e+02	2.722427e+00	1.710384e+02	1681	8.624480e-03	0	
1.711401e+02	1682	3.391377e+02	1.191576e+01	1.711401e+02	1682	3.394286e-02	0	
1.712419e+02	1683	3.136615e+02	2.216814e+01	1.712419e+02	1683	6.601008e-02	0	
1.713436e+02	1684	2.967372e+02	3.873516e+01	1.713436e+02	1684	1.154645e-01	0	
1.714454e+02	1685	3.014986e+02	5.092225e+00	1.714454e+02	1685	1.660919e-02	0	
1.715471e+02	1686	2.970186e+02	6.770791e+00	1.715471e+02	1686	2.228778e-02	0	
1.716489e+02	1687	2.818983e+02	1.527668e+01	1.716489e+02	1687	5.140635e-02	0	
1.717506e+02	1688	3.154431e+02	-1.116949e+00	1.717506e+02	1688	-3.553471e-03	0	
1.718524e+02	1689	3.138926e+02	1.912909e+01	1.718524e+02	1689	5.744097e-02	0	
1.719541e+02	1690	3.273397e+02	-5.607269e+00	1.719541e+02	1690	-1.742836e-02	0	
1.720559e+02	1691	3.241375e+02	-6.265538e+00	1.720559e+02	1691	-1.971089e-02	0	
1.721576e+02	1692	3.111137e+02	-6.306815e+00	1.721576e+02	1692	-2.069118e-02	0	
1.722594e+02	1693	2.890981e+02	-1.174455e+01	1.722594e+02	1693	-4.234505e-02	0	
1.723611e+02	1694	3.195564e+02	-7.099180e+00	1.723611e+02	1694	-2.272049e-02	0	
1.724629e+02	1695	3.038283e+02	-5.568477e+00	1.724629e+02	1695	-1.866989e-02	0	
1.725646e+02	1696	3.180513e+02	-9.272061e+00	1.725646e+02	1696	-3.002812e-02	0	
1.726664e+02	1697	3.090013e+02	-1.954965e+00	1.726664e+02	1697	-6.367003e-03	0	
1.727681e+02	1698	3.198569e+02	-7.300810e+00	1.727681e+02	1698	-2.335840e-02	0	
1.728699e+02	1699	2.683976e+02	-9.641926e+00	1.728699e+02	1699	-3.726267e-02	0	
1.729716e+02	1700	3.241258e+02	-8.612457e+00	1.729716e+02	1700	-2.729665e-02	0	
1.730733e+02	1701	3.218207e+02	-9.995332e+00	1.730733e+02	1701	-3.205426e-02	0	
1.731751e+02	1702	3.648674e+02	-8.666809e+00	1.731751e+02	1702	-2.433126e-02	0	
1.732768e+02	1703	3.490619e+02	-7.242582e+00	1.732768e+02	1703	-2.118833e-02	0	
1.733786e+02	1704	3.311584e+02	-4.680441e+00	1.733786e+02	1704	-1.433616e-02	0	
1.734803e+02	1705	3.605504e+02	-8.132885e+00	1.734803e+02	1705	-2.307741e-02	0	
1.735821e+02	1706	3.258924e+02	-9.736717e+00	1.735821e+02	1706	-3.079722e-02	0	
1.736838e+02	1707	3.495188e+02	7.466085e+00	1.736838e+02	1707	2.091429e-02	0	
1.737856e+02	1708	3.249676e+02	-1.392392e+01	1.737856e+02	1708	-4.476516e-02	0	
1.738873e+02	1709	3.373946e+02	-1.677981e+01	1.738873e+02	1709	-5.233636e-02	0	
1.739891e+02	1710	3.321600e+02	6.765978e-01	1.739891e+02	1710	2.032823e-03	0	
1.740908e+02	1711	3.434960e+02	-7.861043e+00	1.740908e+02	1711	-2.342141e-02	0	
1.741926e+02	1712	3.322665e+02	-5.190696e+00	1.741926e+02	1712	-1.587001e-02	0	
1.742943e+02	1713	3.365509e+02	9.095757e+00	1.742943e+02	1713	2.631519e-02	0	
1.743961e+02	1714	3.421858e+02	2.005959e-02	1.743961e+02	1714	5.861849e-05	0	
1.744978e+02	1715	3.390306e+02	-3.761681e-01	1.744978e+02	1715	-1.110773e-03	0	
1.745996e+02	1716	3.337093e+02	-1.213119e+01	1.745996e+02	1716	-3.772393e-02	0	
1.747013e+02	1717	3.242462e+02	-5.608575e+00	1.747013e+02	1717	-1.760173e-02	0	
1.748031e+02	1718	3.247928e+02	-8.261713e+00	1.748031e+02	1718	-2.610079e-02	0	
1.749048e+02	1719	3.150955e+02	-5.239100e+00	1.749048e+02	1719	-1.690815e-02	0	
1.750066e+02	1720	3.288468e+02	-3.736359e+00	1.750066e+02	1720	-1.149258e-02	0	
1.751083e+02	1721	3.313253e+02	-2.746631e+00	1.751083e+02	1721	-8.359128e-03	0	
1.752101e+02	1722	3.215652e+02	-6.076562e+00	1.752101e+02	1722	-1.926080e-02	0	
1.753118e+02	1723	3.323307e+02	-8.984021e+00	1.753118e+02	1723	-2.778449e-02	0	
1.754136e+02	1724	3.633777e+02	-1.625186e+01	1.754136e+02	1724	-4.681835e-02	0	
1.755153e+02	1725	3.275829e+02	7.368852e-01	1.755153e+02	1725	2.244413e-03	0	
1.756170e+02	1726	3.543645e+02	-1.231267e+01	1.756170e+02	1726	-3.599650e-02	0	
1.757188e+02	1727	3.103937e+02	-2.319677e+01	1.757188e+02	1727	-8.076956e-02	0	
1.758205e+02	1728	3.252815e+02	7.567511e+00	1.758205e+02	1728	2.273557e-02	0	
1.759223e+02	1729	3.305827e+02	-1.495929e+01	1.759223e+02	1729	-4.739601e-02	0	
1.760240e+02	1730	3.236172e+02	6.260786e+00	1.760240e+02	1730	1.897910e-02	0	
1.761258e+02	1731	3.266583e+02	5.903503e+00	1.761258e+02	1731	1.775160e-02	0	
1.762275e+02	1732	3.323188e+02	-8.548064e+00	1.762275e+02	1732	-2.640160e-02	0	
1.763293e+02	1733	2.941213e+02	3.728496e+00	1.763293e+02	1733	1.251804e-02	0	
1.764310e+02	1734	3.648241e+02	2.881594e+00	1.764310e+02	1734	7.836686e-03	0	
1.765328e+02	1735	3.530128e+02	4.829499e+00	1.765328e+02	1735	1.349617e-02	0	
1.766345e+02	1736	3.238730e+02	9.512993e+00	1.766345e+02	1736	2.853447e-02	0	
1.767363e+02	1737	3.306660e+02	1.138768e+01	1.767363e+02	1737	3.329208e-02	0	
1.768380e+02	1738	3.514629e+02	2.125550e-01	1.768380e+02	1738	6.044067e-04	0	
1.769398e+02	1739	3.723275e+02	3.022547e+00	1.769398e+02	1739	8.052609e-03	0	
1.770415e+02	1740	4.065183e+02	5.379383e+01	1.770415e+02	1740	1.168638e-01	0	
1.771433e+02	1741	3.507658e+02	8.213078e+00	1.771433e+02	1741	2.287900e-02	0	
1.772450e+02	1742	3.291194e+02	2.628879e+01	1.772450e+02	1742	7.396788e-02	0	
1.773468e+02	1743	3.089226e+02	1.813021e+01	1.773468e+02	1743	5.543511e-02	0	
1.774485e+02	1744	3.375059e+02	2.258279e+01	1.774485e+02	1744	6.271452e-02	0	
1.775503e+02	1745	3.153796e+02	1.748250e+01	1.775503e+02	1745	5.252175e-02	0	
1.776520e+02	1746	3.150659e+02	2.883269e+01	1.776520e+02	1746	8.384068e-02	0	
1.777538e+02	1747	3.270925e+02	1.801466e+01	1.777538e+02	1747	5.220019e-02	0	
1.778555e+02	1748	3.258001e+02	2.261309e+01	1.778555e+02	1748	6.490308e-02	0	
1.779573e+02	1749	2.993280e+02	5.513912e+01	1.779573e+02	1749	1.555550e-01	0	
1.780590e+02	1750	3.183921e+02	2.659664e+00	1.780590e+02	1750	8.284222e-03	0	
1.781607e+02	1751	3.242304e+02	-1.873065e+01	1.781607e+02	1751	-6.131151e-02	0	
1.782625e+02	1752	3.258528e+02	4.914228e-01	1.782625e+02	1752	1.505842e-03	0	
1.783642e+02	1753	3.208487e+02	6.747420e+00	1.783642e+02	1753	2.059676e-02	0	
1.784660e+02	1754	2.882387e+02	-2.802182e+01	1.784660e+02	1754	-1.076864e-01	0	
1.785677e+02	1755	3.051782e+02	3.940029e+01	1.785677e+02	1755	1.143434e-01	0	
1.786695e+02	1756	3.128722e+02	1.939996e+01	1.786695e+02	1756	5.838575e-02	0	
1.787712e+02	1757	3.245148e+02	-8.005960e+00	1.787712e+02	1757	-2.529459e-02	0	
1.788730e+02	1758	3.228728e+02	8.381312e+00	1.788730e+02	1758	2.530176e-02	0	
1.789747e+02	1759	3.221684e+02	-1.103668e+00	1.789747e+02	1759	-3.437525e-03	0	
1.790765e+02	1760	3.200092e+02	1.673584e+00	1.790765e+02	1760	5.202591e-03	0	
1.791782e+02	1761	3.160744e+02	1.595058e+01	1.791782e+02	1761	4.804030e-02	0	
1.792800e+02	1762	3.242441e+02	1.038869e+01	1.792800e+02	1762	3.104504e-02	0	
1.793817e+02	1763	3.164277e+02	1.866717e+01	1.793817e+02	1763	5.570712e-02	0	
1.794835e+02	1764	3.127398e+02	1.800503e+01	1.794835e+02	1764	5.443783e-02	0	
1.795852e+02	1765	3.035046e+02	1.674261e+01	1.795852e+02	1765	5.228027e-02	0	
1.796870e+02	1766	3.535283e+02	2.928937e+01	1.796870e+02	1766	7.650997e-02	0	
1.797887e+02	1767	3.121226e+02	1.359261e+01	1.797887e+02	1767	4.173158e-02	0	
1.798905e+02	1768	3.312803e+02	2.026582e+01	1.798905e+02	1768	5.764769e-02	0	
1.799922e+02	1769	3.100565e+02	9.508946e+00	1.799922e+02	1769	2.975586e-02	0	
1.800940e+02	1770	3.251030e+02	2.205368e+01	1.800940e+02	1770	6.352659e-02	0	
1.801957e+02	1771	3.278991e+02	1.005920e+01	1.801957e+02	1771	2.976462e-02	0	
1.802975e+02	1772	3.462198e+02	-8.711324e+00	1.802975e+02	1772	-2.581068e-02	0	
1.803992e+02	1773	2.796139e+02	-3.603611e+00	1.803992e+02	1773	-1.305607e-02	0	
1.805010e+02	1774	3.376023e+02	6.103371e+00	1.805010e+02	1774	1.775755e-02	0	
1.806027e+02	1775	3.315695e+02	-8.277392e-01	1.806027e+02	1775	-2.502675e-03	0	
1.807044e+02	1776	3.264307e+02	-1.295890e+01	1.807044e+02	1776	-4.133992e-02	0	
1.808062e+02	1777	3.289791e+02	2.318654e+01	1.808062e+02	1777	6.583987e-02	0	
1.809079e+02	1778	3.427219e+02	8.807749e+00	1.809079e+02	1778	2.505549e-02	0	
1.810097e+02	1779	3.412839e+02	9.994469e+00	1.810097e+02	1779	2.845171e-02	0	
1.811114e+02	1780	3.505075e+02	3.299624e+00	1.811114e+02	1780	9.326053e-03	0	
1.812132e+02	1781	3.272953e+02	-2.447400e-01	1.812132e+02	1781	-7.483247e-04	0	
1.813149e+02	1782	3.305796e+02	2.111733e+01	1.813149e+02	1782	6.004411e-02	0	
1.814167e+02	1783	3.673829e+02	1.421849e+01	1.814167e+02	1783	3.726006e-02	0	
1.815184e+02	1784	3.282157e+02	1.531631e+01	1.815184e+02	1784	4.458481e-02	0	
1.816202e+02	1785	3.660553e+02	2.021074e+01	1.816202e+02	1785	5.232337e-02	0	
1.817219e+02	1786	3.689826e+02	5.613858e+00	1.817219e+02	1786	1.498642e-02	0	
1.818237e+02	1787	3.615783e+02	1.900499e+01	1.818237e+02	1787	4.993648e-02	0	
1.819254e+02	1788	4.003866e+02	2.501506e+01	1.819254e+02	1788	5.880339e-02	0	
1.820272e+02	1789	3.558378e+02	1.160182e+01	1.820272e+02	1789	3.157477e-02	0	
1.821289e+02	1790	3.237476e+02	7.372238e+00	1.821289e+02	1790	2.226456e-02	0	
1.822307e+02	1791	3.923259e+02	2.317065e+01	1.822307e+02	1791	5.576617e-02	0	
1.823324e+02	1792	3.210449e+02	-1.861274e+00	1.823324e+02	1792	-5.831358e-03	0	
1.824342e+02	1793	3.271043e+02	3.129805e+00	1.824342e+02	1793	9.477534e-03	0	
1.825359e+02	1794	3.364858e+02	5.946182e+00	1.825359e+02	1794	1.736456e-02	0	
1.826377e+02	1795	3.072776e+02	2.778083e+00	1.826377e+02	1795	8.959949e-03	0	
1.827394e+02	1796	2.762916e+02	-2.080266e+00	1.827394e+02	1796	-7.586360e-03	0	
1.828412e+02	1797	3.688285e+02	-1.879519e+01	1.828412e+02	1797	-5.369543e-02	0	
1.829429e+02	1798	3.256340e+02	5.339117e+00	1.829429e+02	1798	1.613157e-02	0	
1.830447e+02	1799	3.382361e+02	6.806936e+00	1.830447e+02	1799	1.972779e-02	0	
1.831464e+02	1800	3.316188e+02	1.453389e+01	1.831464e+02	1800	4.198693e-02	0	
1.832481e+02	1801	3.383064e+02	4.325263e-02	1.832481e+02	1801	1.278341e-04	0	
1.833499e+02	1802	3.569757e+02	-6.451150e+00	1.833499e+02	1802	-1.840427e-02	0	
1.834516e+02	1803	3.537186e+02	9.642827e+00	1.834516e+02	1803	2.653784e-02	0	
1.835534e+02	1804	3.411641e+02	1.229321e+01	1.835534e+02	1804	3.477990e-02	0	
1.836551e+02	1805	3.452621e+02	-3.639020e+00	1.836551e+02	1805	-1.065215e-02	0	
1.837569e+02	1806	3.506166e+02	7.086403e+00	1.837569e+02	1806	1.981086e-02	0	
1.838586e+02	1807	3.574961e+02	-1.879680e+01	1.838586e+02	1807	-5.549701e-02	0	
1.839604e+02	1808	3.581071e+02	2.762978e+00	1.839604e+02	1808	7.656434e-03	0	
1.840621e+02	1809	3.374978e+02	5.210352e+00	1.840621e+02	1809	1.520347e-02	0	
1.841639e+02	1810	3.731184e+02	2.435820e+00	1.841639e+02	1810	6.485934e-03	0	
1.842656e+02	1811	3.545690e+02	-7.269393e+00	1.842656e+02	1811	-2.093119e-02	0	
1.843674e+02	1812	3.612387e+02	-3.543564e+00	1.843674e+02	1812	-9.906660e-03	0	
1.844691e+02	1813	3.635690e+02	5.763382e+00	1.844691e+02	1813	1.560487e-02	0	
1.845709e+02	1814	3.608968e+02	-2.762772e+00	1.845709e+02	1814	-7.714352e-03	0	
1.846726e+02	1815	3.797830e+02	-1.569881e+01	1.846726e+02	1815	-4.311863e-02	0	
1.847744e+02	1816	3.503159e+02	-4.375128e+00	1.847744e+02	1816	-1.264704e-02	0	
1.848761e+02	1817	3.750865e+02	-1.837433e+00	1.848761e+02	1817	-4.922807e-03	0	
1.849779e+02	1818	3.654835e+02	3.292248e+00	1.849779e+02	1818	8.927507e-03	0	
1.850796e+02	1819	3.575868e+02	5.028387e+00	1.850796e+02	1819	1.386701e-02	0	
1.851814e+02	1820	3.525996e+02	-2.442721e+00	1.851814e+02	1820	-6.976076e-03	0	
1.852831e+02	1821	3.217087e+02	4.810288e+00	1.852831e+02	1821	1.473203e-02	0	
1.853849e+02	1822	3.469135e+02	7.443098e+00	1.853849e+02	1822	2.100454e-02	0	
1.854866e+02	1823	3.604877e+02	-6.663231e+00	1.854866e+02	1823	-1.883202e-02	0	
1.855884e+02	1824	2.771827e+02	3.699222e+00	1.855884e+02	1824	1.317003e-02	0	
1.856901e+02	1825	3.628996e+02	9.932306e+00	1.856901e+02	1825	2.664017e-02	0	
1.857918e+02	1826	2.456290e+02	1.330937e+01	1.857918e+02	1826	5.139976e-02	0	
1.858936e+02	1827	2.709757e+02	1.075723e+01	1.858936e+02	1827	3.818237e-02	0	
1.859953e+02	1828	2.771328e+02	9.977716e+00	1.859953e+02	1828	3.475218e-02	0	
1.860971e+02	1829	2.154987e+02	2.018891e+01	1.860971e+02	1829	8.565962e-02	0	
1.861988e+02	1830	3.070394e+02	7.831550e+00	1.861988e+02	1830	2.487225e-02	0	
1.863006e+02	1831	2.678116e+02	1.355452e+01	1.863006e+02	1831	4.817396e-02	0	
1.864023e+02	1832	2.569139e+02	1.206310e+01	1.864023e+02	1832	4.484807e-02	0	
1.865041e+02	1833	2.806832e+02	1.369008e+01	1.865041e+02	1833	4.650585e-02	0	
1.866058e+02	1834	3.203347e+02	4.370668e+01	1.866058e+02	1834	1.200596e-01	0	
1.867076e+02	1835	3.063317e+02	1.633529e+01	1.867076e+02	1835	5.062585e-02	0	
1.868093e+02	1836	3.084883e+02	1.409668e+01	1.868093e+02	1836	4.369912e-02	0	
1.869111e+02	1837	2.936919e+02	4.015933e+00	1.869111e+02	1837	1.348951e-02	0	
1.870128e+02	1838	3.285531e+02	1.820963e+01	1.870128e+02	1838	5.251323e-02	0	
1.871146e+02	1839	2.853001e+02	1.858813e+01	1.871146e+02	1839	6.116765e-02	0	
1.872163e+02	1840	3.166108e+02	1.032251e+01	1.872163e+02	1840	3.157375e-02	0	
1.873181e+02	1841	3.152502e+02	5.234831e+00	1.873181e+02	1841	1.633409e-02	0	
1.874198e+02	1842	2.784879e+02	1.849043e+01	1.874198e+02	1842	6.226188e-02	0	
1.875216e+02	1843	3.381215e+02	2.220295e+01	1.875216e+02	1843	6.161933e-02	0	
1.876233e+02	1844	3.094770e+02	1.591005e+01	1.876233e+02	1844	4.889577e-02	0	
1.877251e+02	1845	3.001465e+02	1.429693e+01	1.877251e+02	1845	4.546742e-02	0	
1.878268e+02	1846	2.910916e+02	2.399399e+01	1.878268e+02	1846	7.615071e-02	0	
1.879286e+02	1847	2.873330e+02	1.746045e+01	1.879286e+02	1847	5.728617e-02	0	
1.880303e+02	1848	3.362176e+02	2.414381e+01	1.880303e+02	1848	6.699888e-02	0	
1.881321e+02	1849	3.439430e+02	2.393980e+01	1.881321e+02	1849	6.507453e-02	0	
1.882338e+02	1850	3.433437e+02	1.199125e+01	1.882338e+02	1850	3.374633e-02	0	
1.883355e+02	1851	3.254334e+02	2.917204e+00	1.883355e+02	1851	8.884418e-03	0	
1.884373e+02	1852	3.398165e+02	2.331829e+01	1.884373e+02	1852	6.421387e-02	0	
1.885390e+02	1853	3.514343e+02	4.481292e+01	1.885390e+02	1853	1.130933e-01	0	
1.886408e+02	1854	3.506233e+02	4.501859e+01	1.886408e+02	1854	1.137862e-01	0	
1.887425e+02	1855	3.616635e+02	5.001311e+01	1.887425e+02	1855	1.214864e-01	0	
1.888443e+02	1856	3.526262e+02	4.543955e+01	1.888443e+02	1856	1.141509e-01	0	
1.889460e+02	1857	3.420331e+02	5.289257e+01	1.889460e+02	1857	1.339304e-01	0	
1.890478e+02	1858	3.289016e+02	2.696970e+01	1.890478e+02	1858	7.578498e-02	0	
1.891495e+02	1859	3.648992e+02	3.530781e+01	1.891495e+02	1859	8.822387e-02	0	
1.892513e+02	1860	3.497544e+02	3.566946e+01	1.892513e+02	1860	9.254606e-02	0	
1.893530e+02	1861	3.341003e+02	3.482299e+01	1.893530e+02	1861	9.439087e-02	0	
1.894548e+02	1862	3.422796e+02	-4.577487e+00	1.894548e+02	1862	-1.355481e-02	0	
1.895565e+02	1863	4.248079e+02	-6.758440e+00	1.895565e+02	1863	-1.616660e-02	0	
1.896583e+02	1864	3.675717e+02	3.035261e+01	1.896583e+02	1864	7.627735e-02	0	
1.897600e+02	1865	3.525072e+02	1.520729e+01	1.897600e+02	1865	4.135624e-02	0	
1.898618e+02	1866	3.480641e+02	-3.624512e+00	1.898618e+02	1866	-1.052293e-02	0	
1.899635e+02	1867	3.242257e+02	-7.460257e+00	1.899635e+02	1867	-2.355136e-02	0	
1.900653e+02	1868	3.363381e+02	-7.528301e+00	1.900653e+02	1868	-2.289561e-02	0	
1.901670e+02	1869	3.504836e+02	-8.489874e+00	1.901670e+02	1869	-2.482465e-02	0	
1.902688e+02	1870	3.204189e+02	-3.816916e+00	1.902688e+02	1870	-1.205588e-02	0	
1.903705e+02	1871	3.110307e+02	4.584647e+00	1.903705e+02	1871	1.452606e-02	0	
1.904723e+02	1872	3.193671e+02	5.209230e+00	1.904723e+02	1872	1.604932e-02	0	
1.905740e+02	1873	3.341871e+02	-1.222157e+01	1.905740e+02	1873	-3.795925e-02	0	
1.906758e+02	1874	3.236466e+02	6.668457e+00	1.906758e+02	1874	2.018817e-02	0	
1.907775e+02	1875	3.284305e+02	1.457454e+01	1.907775e+02	1875	4.249075e-02	0	
1.908792e+02	1876	3.251687e+02	6.034056e+00	1.908792e+02	1876	1.821862e-02	0	
1.909810e+02	1877	3.163531e+02	6.963265e+00	1.909810e+02	1877	2.153700e-02	0	
1.910827e+02	1878	3.270155e+02	1.548059e+01	1.910827e+02	1878	4.519932e-02	0	
1.911845e+02	1879	3.160988e+02	6.396219e+00	1.911845e+02	1879	1.983354e-02	0	
1.912862e+02	1880	3.353475e+02	2.051661e+01	1.912862e+02	1880	5.765293e-02	0	
1.913880e+02	1881	3.283448e+02	8.777481e+00	1.913880e+02	1881	2.603649e-02	0	
1.914897e+02	1882	3.456444e+02	7.664285e+00	1.914897e+02	1882	2.169289e-02	0	
1.915915e+02	1883	3.597204e+02	2.125567e+01	1.915915e+02	1883	5.579266e-02	0	
1.916932e+02	1884	3.415781e+02	6.697066e+00	1.916932e+02	1884	1.922924e-02	0	
1.917950e+02	1885	3.518486e+02	1.599575e+01	1.917950e+02	1885	4.348510e-02	0	
1.918967e+02	1886	3.311690e+02	-1.159601e+01	1.918967e+02	1886	-3.628595e-02	0	
1.919985e+02	1887	3.383480e+02	-7.276304e+00	1.919985e+02	1887	-2.197803e-02	0	
1.921002e+02	1888	3.364250e+02	-7.586188e+00	1.921002e+02	1888	-2.306962e-02	0	
1.922020e+02	1889	3.366298e+02	-1.171026e+01	1.922020e+02	1889	-3.604049e-02	0	
1.923037e+02	1890	3.412484e+02	-4.136075e+00	1.923037e+02	1890	-1.226913e-02	0	
1.924055e+02	1891	3.391357e+02	1.457230e+00	1.924055e+02	1891	4.278509e-03	0	
1.925072e+02	1892	3.268730e+02	9.912566e+00	1.925072e+02	1892	2.943287e-02	0	
1.926090e+02	1893	3.310954e+02	-1.175189e+01	1.926090e+02	1893	-3.680015e-02	0	
1.927107e+02	1894	3.356820e+02	-1.044818e+01	1.927107e+02	1894	-3.212513e-02	0	
1.928125e+02	1895	3.406987e+02	1.275284e+01	1.928125e+02	1895	3.608087e-02	0	
1.929142e+02	1896	2.954185e+02	1.596552e+01	1.929142e+02	1896	5.127277e-02	0	
1.930160e+02	1897	3.048193e+02	5.679718e+00	1.930160e+02	1897	1.829223e-02	0	
1.931177e+02	1898	2.973442e+02	1.348399e+01	1.931177e+02	1898	4.338085e-02	0	
1.932195e+02	1899	3.235606e+02	3.638053e+00	1.932195e+02	1899	1.111879e-02	0	
1.933212e+02	1900	3.127875e+02	1.106848e+01	1.933212e+02	1900	3.417717e-02	0	
1.934229e+02	1901	3.065849e+02	1.599742e+01	1.934229e+02	1901	4.959174e-02	0	
1.935247e+02	1902	2.804745e+02	3.835501e+01	1.935247e+02	1902	1.202994e-01	0	
1.936264e+02	1903	3.502797e+02	1.267142e+01	1.936264e+02	1903	3.491219e-02	0	
1.937282e+02	1904	2.943473e+02	1.146840e+01	1.937282e+02	1904	3.750102e-02	0	
1.938299e+02	1905	2.991820e+02	1.514050e+01	1.938299e+02	1905	4.816868e-02	0	
1.939317e+02	1906	3.167639e+02	3.752823e+01	1.939317e+02	1906	1.059245e-01	0	
1.940334e+02	1907	3.466698e+02	-1.181076e+01	1.940334e+02	1907	-3.527084e-02	0	
1.941352e+02	1908	3.673816e+02	-1.563843e+01	1.941352e+02	1908	-4.445980e-02	0	
1.942369e+02	1909	3.441126e+02	-4.245875e+00	1.942369e+02	1909	-1.249276e-02	0	
1.943387e+02	1910	3.359163e+02	2.172738e+00	1.943387e+02	1910	6.426526e-03	0	
1.944404e+02	1911	3.569511e+02	-1.358667e+01	1.944404e+02	1911	-3.956924e-02	0	
1.945422e+02	1912	3.586085e+02	-2.139170e+01	1.945422e+02	1912	-6.343604e-02	0	
1.946439e+02	1913	3.648094e+02	-1.171805e+01	1.946439e+02	1913	-3.318702e-02	0	
1.947457e+02	1914	3.219119e+02	-4.025788e+00	1.947457e+02	1914	-1.266425e-02	0	
1.948474e+02	1915	3.168984e+02	1.465264e+01	1.948474e+02	1915	4.419422e-02	0	
1.949492e+02	1916	3.304537e+02	3.400572e+00	1.949492e+02	1916	1.018580e-02	0	
1.950509e+02	1917	3.075284e+02	3.950772e+00	1.950509e+02	1917	1.268390e-02	0	
1.951527e+02	1918	2.961053e+02	-5.647990e+00	1.951527e+02	1918	-1.944516e-02	0	
1.952544e+02	1919	3.421666e+02	4.782216e+00	1.952544e+02	1919	1.378364e-02	0	
1.953562e+02	1920	3.174952e+02	1.008673e+01	1.953562e+02	1920	3.079147e-02	0	
1.954579e+02	1921	3.398041e+02	-6.763237e+00	1.954579e+02	1921	-2.030753e-02	0	
1.955597e+02	1922	3.016601e+02	1.327785e+01	1.955597e+02	1922	4.216021e-02	0	
1.956614e+02	1923	3.649668e+02	-1.647762e+00	1.956614e+02	1923	-4.535303e-03	0	
1.957632e+02	1924	3.806124e+02	1.680466e+01	1.957632e+02	1924	4.228470e-02	0	
1.958649e+02	1925	3.230588e+02	1.486088e+01	1.958649e+02	1925	4.397755e-02	0	
1.959666e+02	1926	2.976645e+02	-3.020436e+01	1.959666e+02	1926	-1.129303e-01	0	
1.960684e+02	1927	3.213268e+02	4.301211e+01	1.960684e+02	1927	1.180552e-01	0	
1.961701e+02	1928	4.322430e+02	2.690152e+01	1.961701e+02	1928	5.859053e-02	0	
1.962719e+02	1929	3.266769e+02	2.951300e+01	1.962719e+02	1929	8.285749e-02	0	
1.963736e+02	1930	3.282011e+02	7.387669e+01	1.963736e+02	1930	1.837373e-01	0	
1.964754e+02	1931	3.319727e+02	6.370785e+01	1.964754e+02	1931	1.610083e-01	0	
1.965771e+02	1932	3.408740e+02	2.478834e+01	1.965771e+02	1932	6.779025e-02	0	
1.966789e+02	1933	2.602364e+02	2.845523e+01	1.966789e+02	1933	9.856618e-02	0	
1.967806e+02	1934	3.764301e+02	1.752077e+01	1.967806e+02	1934	4.447451e-02	0	
1.968824e+02	1935	3.769579e+02	1.341004e+00	1.968824e+02	1935	3.544827e-03	0	
1.969841e+02	1936	3.860815e+02	-5.812818e+00	1.969841e+02	1936	-1.528608e-02	0	
1.970859e+02	1937	3.649309e+02	1.140961e+01	1.970859e+02	1937	3.031725e-02	0	
1.971876e+02	1938	3.789143e+02	-2.866813e+00	1.971876e+02	1938	-7.623540e-03	0	
1.972894e+02	1939	4.134743e+02	-3.466738e+01	1.972894e+02	1939	-9.151728e-02	0	
1.973911e+02	1940	3.436855e+02	9.031772e+00	1.973911e+02	1940	2.560627e-02	0	
1.974929e+02	1941	3.862840e+02	-1.091829e+00	1.974929e+02	1941	-2.834505e-03	0	
1.975946e+02	1942	3.748566e+02	-2.900675e+01	1.975946e+02	1942	-8.387093e-02	0	
1.976964e+02	1943	3.763454e+02	-1.073660e+01	1.976964e+02	1943	-2.936636e-02	0	
1.977981e+02	1944	3.446017e+02	-2.019556e+01	1.977981e+02	1944	-6.225394e-02	0	
1.978999e+02	1945	3.914315e+02	-9.639093e+00	1.978999e+02	1945	-2.524695e-02	0	
1.980016e+02	1946	3.658115e+02	-1.569025e+01	1.980016e+02	1946	-4.481376e-02	0	
1.981034e+02	1947	3.282158e+02	-3.420590e+01	1.981034e+02	1947	-1.163427e-01	0	
1.982051e+02	1948	3.322685e+02	4.247177e+00	1.982051e+02	1948	1.262104e-02	0	
1.983069e+02	1949	3.247090e+02	2.563437e+00	1.983069e+02	1949	7.832731e-03	0	
1.984086e+02	1950	3.249504e+02	7.482092e+00	1.984086e+02	1950	2.250710e-02	0	
1.985103e+02	1951	3.389706e+02	-4.364402e+00	1.985103e+02	1951	-1.304340e-02	0	
1.986121e+02	1952	3.108495e+02	1.042353e+01	1.986121e+02	1952	3.244446e-02	0	
1.987138e+02	1953	3.592231e+02	3.017183e+00	1.987138e+02	1953	8.329231e-03	0	
1.988156e+02	1954	3.587434e+02	9.939126e+00	1.988156e+02	1954	2.695849e-02	0	
1.989173e+02	1955	3.684228e+02	3.165777e+00	1.989173e+02	1955	8.519576e-03	0	
1.990191e+02	1956	3.483347e+02	-1.751627e+00	1.990191e+02	1956	-5.053989e-03	0	
1.991208e+02	1957	3.450488e+02	1.789059e+01	1.991208e+02	1957	4.929360e-02	0	
1.992226e+02	1958	3.667823e+02	5.626333e+00	1.992226e+02	1958	1.510796e-02	0	
1.993243e+02	1959	3.426639e+02	1.534691e+01	1.993243e+02	1959	4.286717e-02	0	
1.994261e+02	1960	3.448313e+02	9.480960e+00	1.994261e+02	1960	2.675877e-02	0	
1.995278e+02	1961	3.607064e+02	8.596376e+00	1.995278e+02	1961	2.327731e-02	0	
1.996296e+02	1962	3.408233e+02	2.084297e+01	1.996296e+02	1962	5.763040e-02	0	
1.997313e+02	1963	3.515103e+02	1.009048e+01	1.997313e+02	1963	2.790503e-02	0	
1.998331e+02	1964	3.175341e+02	2.147342e+00	1.998331e+02	1964	6.717131e-03	0	
1.999348e+02	1965	3.285485e+02	-1.812983e+00	1.999348e+02	1965	-5.548778e-03	0	
2.000366e+02	1966	3.115451e+02	7.350022e+00	2.000366e+02	1966	2.304840e-02	0	
2.001383e+02	1967	3.252394e+02	1.148775e+01	2.001383e+02	1967	3.411590e-02	0	
2.002401e+02	1968	3.057595e+02	1.514554e+01	2.002401e+02	1968	4.719633e-02	0	
2.003418e+02	1969	3.222012e+02	-2.866288e-01	2.003418e+02	1969	-8.903878e-04	0	
2.004436e+02	1970	3.340992e+02	1.496495e+01	2.004436e+02	1970	4.287163e-02	0	
2.005453e+02	1971	3.103024e+02	1.997428e+00	2.005453e+02	1971	6.395866e-03	0	
2.006471e+02	1972	3.103595e+02	5.965126e+00	2.006471e+02	1972	1.885761e-02	0	
2.007488e+02	1973	3.292695e+02	-1.617701e+01	2.007488e+02	1973	-5.166847e-02	0	
2.008506e+02	1974	3.190477e+02	4.045504e+00	2.008506e+02	1974	1.252117e-02	0	
2.009523e+02	1975	3.246725e+02	-1.435522e+01	2.009523e+02	1975	-4.625982e-02	0	
2.010540e+02	1976	3.330520e+02	-2.309528e+00	2.010540e+02	1976	-6.982859e-03	0	
2.011558e+02	1977	3.261204e+02	2.686874e+00	2.011558e+02	1977	8.171577e-03	0	
2.012575e+02	1978	3.593737e+02	-1.974917e+01	2.012575e+02	1978	-5.815001e-02	0	
2.013593e+02	1979	3.401664e+02	-1.180028e+01	2.013593e+02	1979	-3.593635e-02	0	
2.014610e+02	1980	3.502214e+02	-7.344437e+00	2.014610e+02	1980	-2.142004e-02	0	
2.015628e+02	1981	3.796884e+02	-1.769885e+01	2.015628e+02	1981	-4.889326e-02	0	
2.016645e+02	1982	3.420761e+02	-1.419136e+01	2.016645e+02	1982	-4.328155e-02	0	
2.017663e+02	1983	3.570460e+02	3.239202e+00	2.017663e+02	1983	8.990661e-03	0	
2.018680e+02	1984	3.550634e+02	-2.278653e+01	2.018680e+02	1984	-6.857694e-02	0	
2.019698e+02	1985	3.367621e+02	1.292229e+01	2.019698e+02	1985	3.695415e-02	0	
2.020715e+02	1986	3.524011e+02	2.275383e+01	2.020715e+02	1986	6.065182e-02	0	
2.021733e+02	1987	3.359811e+02	2.016744e+01	2.021733e+02	1987	5.662649e-02	0	
2.022750e+02	1988	3.549459e+02	1.100472e+01	2.022750e+02	1988	3.007160e-02	0	
2.023768e+02	1989	3.538125e+02	2.191180e+01	2.023768e+02	1989	5.831883e-02	0	
2.024785e+02	1990	3.525470e+02	2.997712e+00	2.024785e+02	1990	8.431322e-03	0	
2.025803e+02	1991	3.263080e+02	-1.304891e+00	2.025803e+02	1991	-4.015011e-03	0	
2.026820e+02	1992	3.534953e+02	4.519821e+00	2.026820e+02	1992	1.262467e-02	0	
2.027838e+02	1993	3.501952e+02	2.387896e+01	2.027838e+02	1993	6.383483e-02	0	
2.028855e+02	1994	2.983276e+02	1.609840e+01	2.028855e+02	1994	5.119933e-02	0	
2.029873e+02	1995	3.610633e+02	1.961670e+01	2.029873e+02	1995	5.153068e-02	0	
2.030890e+02	1996	3.160219e+02	1.259604e+01	2.030890e+02	1996	3.833035e-02	0	
2.031908e+02	1997	3.337257e+02	1.363487e+01	2.031908e+02	1997	3.925279e-02	0	
2.032925e+02	1998	3.281193e+02	8.028773e+00	2.032925e+02	1998	2.388463e-02	0	
2.033943e+02	1999	3.218206e+02	1.036847e+01	2.033943e+02	1999	3.121256e-02	0	
2.034960e+02	2000	3.343300e+02	2.398717e+01	2.034960e+02	2000	6.694396e-02	0	
2.035977e+02	2001	2.964653e+02	9.253244e+00	2.035977e+02	2001	3.026720e-02	0	
2.036995e+02	2002	3.240189e+02	1.583938e+01	2.036995e+02	2002	4.660584e-02	0	
2.038012e+02	2003	3.122896e+02	2.708069e+00	2.038012e+02	2003	8.597108e-03	0	
2.039030e+02	2004	3.303804e+02	1.008129e+01	2.039030e+02	2004	2.961064e-02	0	
2.040047e+02	2005	3.121320e+02	-1.051021e+01	2.040047e+02	2005	-3.484566e-02	0	
2.041065e+02	2006	3.281101e+02	1.820465e+01	2.041065e+02	2006	5.256678e-02	0	
2.042082e+02	2007	2.650725e+02	-4.391403e+00	2.042082e+02	2007	-1.684588e-02	0	
2.043100e+02	2008	3.208466e+02	4.117781e+00	2.043100e+02	2008	1.267148e-02	0	
2.044117e+02	2009	2.723089e+02	-2.321902e+01	2.044117e+02	2009	-9.321543e-02	0	
2.045135e+02	2010	3.070251e+02	3.672668e-01	2.045135e+02	2010	1.194782e-03	0	
2.046152e+02	2011	3.366472e+02	-3.827994e+00	2.046152e+02	2011	-1.150172e-02	0	
2.047170e+02	2012	3.017755e+02	-1.165187e+00	2.047170e+02	2012	-3.876071e-03	0	
2.048187e+02	2013	3.478908e+02	4.880009e+00	2.048187e+02	2013	1.383337e-02	0	
2.049205e+02	2014	3.243065e+02	1.284595e+01	2.049205e+02	2014	3.810131e-02	0	
2.050222e+02	2015	3.228442e+02	-2.180243e-01	2.050222e+02	2015	-6.757799e-04	0	
2.051240e+02	2016	3.005395e+02	3.688791e+01	2.051240e+02	2016	1.093210e-01	0	
2.052257e+02	2017	3.226229e+02	6.967141e+00	2.052257e+02	2017	2.113881e-02	0	
2.053275e+02	2018	3.072271e+02	2.851845e+01	2.053275e+02	2018	8.494066e-02	0	
2.054292e+02	2019	3.271007e+02	2.316812e+01	2.054292e+02	2019	6.614383e-02	0	
2.055310e+02	2020	3.035488e+02	4.577023e+01	2.055310e+02	2020	1.310270e-01	0	
2.056327e+02	2021	2.987098e+02	4.879133e+01	2.056327e+02	2021	1.404062e-01	0	
2.057345e+02	2022	2.763596e+02	5.000736e+01	2.057345e+02	2022	1.532243e-01	0	
2.058362e+02	2023	3.310199e+02	1.596352e+00	2.058362e+02	2023	4.799381e-03	0	
2.059380e+02	2024	3.006317e+02	3.354175e+01	2.059380e+02	2024	1.003723e-01	0	
2.060397e+02	2025	3.343394e+02	-1.402158e+00	2.060397e+02	2025	-4.211478e-03	0	
2.061414e+02	2026	3.334983e+02	-2.363440e+01	2.061414e+02	2026	-7.627349e-02	0	
2.062432e+02	2027	3.484375e+02	-1.223050e+01	2.062432e+02	2027	-3.637789e-02	0	
2.063449e+02	2028	3.768830e+02	-1.113775e+01	2.063449e+02	2028	-3.045221e-02	0	
2.064467e+02	2029	3.169673e+02	2.115743e+01	2.064467e+02	2029	6.257286e-02	0	
2.065484e+02	2030	3.185543e+02	8.747654e+00	2.065484e+02	2030	2.672656e-02	0	
2.066502e+02	2031	3.154922e+02	1.037778e+01	2.066502e+02	2031	3.184638e-02	0	
2.067519e+02	2032	3.233003e+02	2.317288e+00	2.067519e+02	2032	7.116593e-03	0	
2.068537e+02	2033	3.273668e+02	6.114034e+00	2.068537e+02	2033	1.833399e-02	0	
2.069554e+02	2034	2.778443e+02	1.549200e+01	2.069554e+02	2034	5.281310e-02	0	
2.070572e+02	2035	3.084725e+02	2.299399e+01	2.070572e+02	2035	6.937048e-02	0	
2.071589e+02	2036	3.112034e+02	1.401048e+01	2.071589e+02	2036	4.308082e-02	0	
2.072607e+02	2037	2.887772e+02	1.429042e+01	2.072607e+02	2037	4.715258e-02	0	
2.073624e+02	2038	3.203021e+02	1.190662e+01	2.073624e+02	2038	3.584078e-02	0	
2.074642e+02	2039	3.019629e+02	8.024850e+00	2.074642e+02	2039	2.588764e-02	0	
2.075659e+02	2040	3.032997e+02	3.064476e-01	2.075659e+02	2040	1.009359e-03	0	
2.076677e+02	2041	3.285181e+02	1.008149e+01	2.076677e+02	2041	2.977408e-02	0	
2.077694e+02	2042	3.340521e+02	-7.540109e+00	2.077694e+02	2042	-2.309290e-02	0	
2.078712e+02	2043	3.465270e+02	3.958605e+00	2.078712e+02	2043	1.129463e-02	0	
2.079729e+02	2044	3.177313e+02	-4.884265e-01	2.079729e+02	2044	-1.539598e-03	0	
2.080747e+02	2045	3.375410e+02	-4.359980e-01	2.080747e+02	2045	-1.293360e-03	0	
2.081764e+02	2046	3.345830e+02	5.782960e-01	2.081764e+02	2046	1.725426e-03	0	
2.082782e+02	2047	3.413198e+02	1.869924e+01	2.082782e+02	2047	5.193959e-02	0	
2.083799e+02	2048	3.296768e+02	2.797417e+01	2.083799e+02	2048	7.821640e-02	0	
2.084817e+02	2049	3.310623e+02	3.607683e+01	2.084817e+02	2049	9.826474e-02	0	
2.085834e+02	2050	3.329247e+02	1.945992e+01	2.085834e+02	2050	5.522352e-02	0	
2.086851e+02	2051	3.427719e+02	-6.790908e-02	2.086851e+02	2051	-1.981567e-04	0	
2.087869e+02	2052	3.107684e+02	7.247214e+00	2.087869e+02	2052	2.278886e-02	0	
2.088886e+02	2053	3.547746e+02	1.586939e+01	2.088886e+02	2053	4.281572e-02	0	
2.089904e+02	2054	2.958973e+02	1.582530e+01	2.089904e+02	2054	5.076725e-02	0	
2.090921e+02	2055	2.903824e+02	1.224286e+01	2.090921e+02	2055	4.045551e-02	0	
2.091939e+02	2056	3.040094e+02	9.626064e+00	2.091939e+02	2056	3.069189e-02	0	
2.092956e+02	2057	3.177203e+02	-6.370855e+00	2.092956e+02	2057	-2.046207e-02	0	
2.093974e+02	2058	3.312061e+02	2.386321e+01	2.093974e+02	2058	6.720719e-02	0	
2.094991e+02	2059	3.051921e+02	2.789681e+00	2.094991e+02	2059	9.057942e-03	0	
2.096009e+02	2060	2.931341e+02	1.117157e+01	2.096009e+02	2060	3.671167e-02	0	
2.097026e+02	2061	2.999517e+02	2.020026e+01	2.097026e+02	2061	6.309585e-02	0	
2.098044e+02	2062	3.275442e+02	2.352235e+01	2.098044e+02	2062	6.700254e-02	0	
2.099061e+02	2063	3.567926e+02	5.624953e+00	2.099061e+02	2063	1.552064e-02	0	
2.100079e+02	2064	3.309307e+02	2.072604e+01	2.100079e+02	2064	5.893827e-02	0	
2.101096e+02	2065	3.416538e+02	6.146064e+00	2.101096e+02	2065	1.767127e-02	0	
2.102114e+02	2066	3.641392e+02	-1.630283e+01	2.102114e+02	2066	-4.686925e-02	0	
2.103131e+02	2067	3.264761e+02	1.295120e+01	2.103131e+02	2067	3.815604e-02	0	
2.104149e+02	2068	3.445527e+02	1.215089e+01	2.104149e+02	2068	3.406439e-02	0	
2.105166e+02	2069	3.303495e+02	2.184037e+01	2.105166e+02	2069	6.201306e-02	0	
2.106184e+02	2070	3.292516e+02	3.217109e+01	2.106184e+02	2070	8.901237e-02	0	
2.107201e+02	2071	3.268065e+02	3.160944e+00	2.107201e+02	2071	9.579563e-03	0	
2.108219e+02	2072	3.370890e+02	-7.626877e+00	2.108219e+02	2072	-2.314948e-02	0	
2.109236e+02	2073	3.267829e+02	-1.573884e+01	2.109236e+02	2073	-5.060003e-02	0	
2.110254e+02	2074	3.355717e+02	-8.844412e+00	2.110254e+02	2074	-2.706971e-02	0	
2.111271e+02	2075	3.459921e+02	4.513570e+00	2.111271e+02	2075	1.287731e-02	0	
2.112288e+02	2076	3.266265e+02	-1.585639e+01	2.112288e+02	2076	-5.102289e-02	0	
2.113306e+02	2077	3.381737e+02	5.564554e+00	2.113306e+02	2077	1.618835e-02	0	
2.114323e+02	2078	3.415147e+02	-1.171045e+01	2.114323e+02	2078	-3.550727e-02	0	
2.115341e+02	2079	3.517243e+02	8.441289e+00	2.115341e+02	2079	2.343724e-02	0	
2.116358e+02	2080	3.061675e+02	2.402927e+00	2.116358e+02	2080	7.787289e-03	0	
2.117376e+02	2081	3.281076e+02	-2.857649e-01	2.117376e+02	2081	-8.717080e-04	0	
2.118393e+02	2082	3.390173e+02	-6.999883e+00	2.118393e+02	2082	-2.108288e-02	0	
2.119411e+02	2083	3.524003e+02	1.242768e+01	2.119411e+02	2083	3.406449e-02	0	
2.120428e+02	2084	3.609710e+02	1.025377e+01	2.120428e+02	2084	2.762146e-02	0	
2.121446e+02	2085	3.330020e+02	-6.090814e+00	2.121446e+02	2085	-1.863140e-02	0	
2.122463e+02	2086	3.310808e+02	5.730603e+00	2.122463e+02	2086	1.701428e-02	0	
2.123481e+02	2087	3.521151e+02	1.023518e+01	2.123481e+02	2087	2.824665e-02	0	
2.124498e+02	2088	3.551781e+02	8.169619e+00	2.124498e+02	2088	2.248430e-02	0	
2.125516e+02	2089	3.134869e+02	1.906765e+01	2.125516e+02	2089	5.733691e-02	0	
2.126533e+02	2090	3.365412e+02	2.294951e+01	2.126533e+02	2090	6.383895e-02	0	
2.127551e+02	2091	3.018763e+02	1.935856e+01	2.127551e+02	2091	6.026295e-02	0	
2.128568e+02	2092	3.129648e+02	4.394238e+00	2.128568e+02	2092	1.384627e-02	0	
2.129586e+02	2093	3.571468e+02	1.274516e+01	2.129586e+02	2093	3.445644e-02	0	
2.130603e+02	2094	3.922161e+02	1.828957e+01	2.130603e+02	2094	4.455376e-02	0	
2.131621e+02	2095	3.740537e+02	1.867914e+01	2.131621e+02	2095	4.756195e-02	0	
2.132638e+02	2096	3.288743e+02	1.359586e+01	2.132638e+02	2096	3.969940e-02	0	
2.133656e+02	2097	3.745194e+02	-4.669679e-01	2.133656e+02	2097	-1.248402e-03	0	
2.134673e+02	2098	3.546147e+02	1.371243e+01	2.134673e+02	2098	3.722894e-02	0	
2.135691e+02	2099	3.640192e+02	2.073204e+01	2.135691e+02	2099	5.388427e-02	0	
2.136708e+02	2100	3.695303e+02	2.510422e+01	2.136708e+02	2100	6.361385e-02	0	
2.137725e+02	2101	3.695077e+02	3.369171e+01	2.137725e+02	2101	8.356091e-02	0	
2.138743e+02	2102	3.849757e+02	1.752320e+01	2.138743e+02	2102	4.353602e-02	0	
2.139760e+02	2103	3.765402e+02	2.221602e+01	2.139760e+02	2103	5.571329e-02	0	
2.140778e+02	2104	3.650452e+02	1.562453e+01	2.140778e+02	2104	4.104484e-02	0	
2.141795e+02	2105	3.112625e+02	-1.267910e+01	2.141795e+02	2105	-4.246418e-02	0	
2.142813e+02	2106	3.069728e+02	-1.596309e+01	2.142813e+02	2106	-5.485415e-02	0	
2.143830e+02	2107	2.865382e+02	-7.662928e+00	2.143830e+02	2107	-2.747798e-02	0	
2.144848e+02	2108	2.718429e+02	-2.822661e+01	2.144848e+02	2108	-1.158650e-01	0	
2.145865e+02	2109	3.210508e+02	-2.612303e+01	2.145865e+02	2109	-8.857433e-02	0	
2.146883e+02	2110	3.514099e+02	-2.266357e+00	2.146883e+02	2110	-6.491190e-03	0	
2.147900e+02	2111	3.061387e+02	-1.627661e+01	2.147900e+02	2111	-5.615295e-02	0	
2.148918e+02	2112	3.618668e+02	3.219490e+01	2.148918e+02	2112	8.170015e-02	0	
2.149935e+02	2113	3.556440e+02	1.631396e+01	2.149935e+02	2113	4.385969e-02	0	
2.150953e+02	2114	3.421575e+02	1.752094e+01	2.150953e+02	2114	4.871279e-02	0	
2.151970e+02	2115	3.574021e+02	7.874851e+00	2.151970e+02	2115	2.155858e-02	0	
2.152988e+02	2116	3.257163e+02	1.867107e+01	2.152988e+02	2116	5.421532e-02	0	
2.154005e+02	2117	3.567292e+02	1.521832e+01	2.154005e+02	2117	4.091523e-02	0	
2.155023e+02	2118	3.196212e+02	2.002088e+01	2.155023e+02	2118	5.894700e-02	0	
2.156040e+02	2119	3.245230e+02	2.806937e+01	2.156040e+02	2119	7.960856e-02	0	
2.157058e+02	2120	3.311376e+02	2.882721e+01	2.157058e+02	2120	8.008341e-02	0	
2.158075e+02	2121	3.361356e+02	2.404675e+01	2.158075e+02	2121	6.676271e-02	0	
2.159093e+02	2122	3.181047e+02	3.006301e+01	2.159093e+02	2122	8.634635e-02	0	
2.160110e+02	2123	3.440657e+02	3.099148e+01	2.160110e+02	2123	8.263135e-02	0	
2.161128e+02	2124	3.361837e+02	1.933347e+01	2.161128e+02	2124	5.438126e-02	0	
2.162145e+02	2125	3.024571e+02	2.622585e+00	2.162145e+02	2125	8.596393e-03	0	
2.163162e+02	2126	3.693518e+02	2.798804e+01	2.163162e+02	2126	7.043854e-02	0	
2.164180e+02	2127	3.551939e+02	3.876777e+01	2.164180e+02	2127	9.840493e-02	0	
2.165197e+02	2128	3.476335e+02	3.447162e+01	2.165197e+02	2128	9.021502e-02	0	
2.166215e+02	2129	3.338495e+02	4.305230e+01	2.166215e+02	2129	1.142268e-01	0	
2.167232e+02	2130	3.188652e+02	3.617169e+01	2.167232e+02	2130	1.018815e-01	0	
2.168250e+02	2131	3.859881e+02	2.017829e+01	2.168250e+02	2131	4.967986e-02	0	
2.169267e+02	2132	3.277690e+02	5.510698e+01	2.169267e+02	2132	1.439291e-01	0	
2.170285e+02	2133	3.361124e+02	5.423895e+01	2.170285e+02	2133	1.389491e-01	0	
2.171302e+02	2134	3.389340e+02	2.846063e+01	2.171302e+02	2134	7.746610e-02	0	
2.172320e+02	2135	3.238361e+02	4.845497e+01	2.172320e+02	2135	1.301535e-01	0	
2.173337e+02	2136	3.430013e+02	4.959105e+01	2.173337e+02	2136	1.263169e-01	0	
2.174355e+02	2137	3.162404e+02	8.720518e+00	2.174355e+02	2137	2.683559e-02	0	
2.175372e+02	2138	3.095187e+02	-2.297489e+01	2.175372e+02	2138	-8.017933e-02	0	
2.176390e+02	2139	3.305212e+02	2.427799e+00	2.176390e+02	2139	7.291804e-03	0	
2.177407e+02	2140	3.317848e+02	-3.636639e+00	2.177407e+02	2140	-1.108231e-02	0	
2.178425e+02	2141	3.201999e+02	2.277343e+00	2.178425e+02	2141	7.062027e-03	0	
2.179442e+02	2142	3.091018e+02	3.698692e+00	2.179442e+02	2142	1.182444e-02	0	
2.180460e+02	2143	3.374101e+02	-1.260556e+01	2.180460e+02	2143	-3.880968e-02	0	
2.181477e+02	2144	3.235650e+02	-4.939393e+00	2.181477e+02	2144	-1.550218e-02	0	
2.182495e+02	2145	3.308989e+02	8.552506e+00	2.182495e+02	2145	2.519508e-02	0	
2.183512e+02	2146	3.235193e+02	-2.491074e+00	2.183512e+02	2146	-7.759673e-03	0	
2.184530e+02	2147	3.304058e+02	-2.810667e+01	2.184530e+02	2147	-9.297635e-02	0	
2.185547e+02	2148	3.365657e+02	-2.487072e+00	2.185547e+02	2148	-7.444571e-03	0	
2.186565e+02	2149	3.359223e+02	-1.409432e+01	2.186565e+02	2149	-4.379458e-02	0	
2.187582e+02	2150	3.335559e+02	-8.624046e+00	2.187582e+02	2150	-2.654109e-02	0	
2.188599e+02	2151	3.209804e+02	-2.642933e+00	2.188599e+02	2151	-8.302300e-03	0	
2.189617e+02	2152	2.934382e+02	8.277726e+00	2.189617e+02	2152	2.743550e-02	0	
2.190634e+02	2153	3.120717e+02	-1.071332e+01	2.190634e+02	2153	-3.555010e-02	0	
2.191652e+02	2154	3.196904e+02	-4.867680e+00	2.191652e+02	2154	-1.546165e-02	0	
2.192669e+02	2155	3.245141e+02	-2.619675e+00	2.192669e+02	2155	-8.138305e-03	0	
2.193687e+02	2156	3.032221e+02	2.701619e+00	2.193687e+02	2156	8.831022e-03	0	
2.194704e+02	2157	2.897203e+02	2.717243e-01	2.194704e+02	2157	9.370061e-04	0	
2.195722e+02	2158	3.172077e+02	-1.358281e+01	2.195722e+02	2158	-4.473550e-02	0	
2.196739e+02	2159	3.258255e+02	-1.010945e+01	2.196739e+02	2159	-3.202070e-02	0	
2.197757e+02	2160	3.107462e+02	-1.134475e+01	2.197757e+02	2160	-3.789143e-02	0	
2.198774e+02	2161	3.002000e+02	6.788329e+00	2.198774e+02	2161	2.211266e-02	0	
2.199792e+02	2162	3.340474e+02	-2.906711e+01	2.199792e+02	2162	-9.530816e-02	0	
2.200809e+02	2163	3.062860e+02	-9.899214e+00	2.200809e+02	2163	-3.339965e-02	0	
2.201827e+02	2164	3.143201e+02	-1.757954e+01	2.201827e+02	2164	-5.924212e-02	0	
2.202844e+02	2165	2.994647e+02	-1.431079e+01	2.202844e+02	2165	-5.018620e-02	0	
2.203862e+02	2166	3.173919e+02	-1.780365e+01	2.203862e+02	2166	-5.942706e-02	0	
2.204879e+02	2167	3.153834e+02	-5.864597e+00	2.204879e+02	2167	-1.894747e-02	0	
2.205897e+02	2168	3.106977e+02	-1.930395e+01	2.205897e+02	2168	-6.624696e-02	0	
2.206914e+02	2169	3.410040e+02	-4.064012e+00	2.206914e+02	2169	-1.206153e-02	0	
2.207932e+02	2170	2.788698e+02	2.520590e+01	2.207932e+02	2170	8.289350e-02	0	
2.208949e+02	2171	3.590843e+02	-3.560007e+00	2.208949e+02	2171	-1.001340e-02	0	
2.209967e+02	2172	3.310496e+02	-1.333914e+00	2.209967e+02	2172	-4.045649e-03	0	
2.210984e+02	2173	3.259385e+02	-8.269614e+00	2.210984e+02	2173	-2.603218e-02	0	
2.212002e+02	2174	3.318325e+02	2.515990e+01	2.212002e+02	2174	7.047741e-02	0	
2.213019e+02	2175	3.200626e+02	-5.135864e+00	2.213019e+02	2175	-1.630812e-02	0	
2.214036e+02	2176	3.250411e+02	5.671867e-01	2.214036e+02	2176	1.741930e-03	0	
2.215054e+02	2177	3.119305e+02	-2.057809e+01	2.215054e+02	2177	-7.062955e-02	0	
2.216071e+02	2178	3.064811e+02	-1.227733e+01	2.216071e+02	2178	-4.173070e-02	0	
2.217089e+02	2179	2.915278e+02	-1.540021e+01	2.217089e+02	2179	-5.577208e-02	0	
2.218106e+02	2180	3.214886e+02	-2.927525e+00	2.218106e+02	2180	-9.189839e-03	0	
2.219124e+02	2181	3.106595e+02	-2.452908e+01	2.219124e+02	2181	-8.572692e-02	0	
2.220141e+02	2182	3.152931e+02	-3.333356e-01	2.220141e+02	2182	-1.058343e-03	0	
2.221159e+02	2183	2.618835e+02	-1.964506e+01	2.221159e+02	2183	-8.109803e-02	0	
2.222176e+02	2184	2.853384e+02	-1.617190e+01	2.222176e+02	2184	-6.008140e-02	0	
2.223194e+02	2185	2.940029e+02	-8.223131e-01	2.223194e+02	2185	-2.804801e-03	0	
2.224211e+02	2186	2.986200e+02	-2.006359e+01	2.224211e+02	2186	-7.202703e-02	0	
2.225229e+02	2187	2.841922e+02	-1.849782e+01	2.225229e+02	2187	-6.962067e-02	0	
2.226246e+02	2188	3.097841e+02	-1.424269e+00	2.226246e+02	2188	-4.618854e-03	0	
2.227264e+02	2189	3.042376e+02	-8.567629e+00	2.227264e+02	2189	-2.897700e-02	0	
2.228281e+02	2190	2.824000e+02	-6.717704e+00	2.228281e+02	2190	-2.436756e-02	0	
2.229299e+02	2191	3.267550e+02	-1.906880e+00	2.229299e+02	2191	-5.870066e-03	0	
2.230316e+02	2192	3.527460e+02	-3.788211e+00	2.230316e+02	2192	-1.085579e-02	0	
2.231334e+02	2193	3.261857e+02	2.119960e+00	2.231334e+02	2193	6.457275e-03	0	
2.232351e+02	2194	3.056842e+02	4.945494e+00	2.232351e+02	2194	1.592087e-02	0	
2.233369e+02	2195	3.370957e+02	-1.461753e+01	2.233369e+02	2195	-4.532874e-02	0	
2.234386e+02	2196	3.347553e+02	-7.006985e+00	2.234386e+02	2196	-2.137916e-02	0	
2.235404e+02	2197	3.343622e+02	-1.117773e+01	2.235404e+02	2197	-3.458622e-02	0	
2.236421e+02	2198	3.371356e+02	-1.461627e+01	2.236421e+02	2198	-4.531905e-02	0	
2.237439e+02	2199	3.262819e+02	-1.638587e+01	2.237439e+02	2199	-5.287538e-02	0	
2.238456e+02	2200	3.301246e+02	2.089382e+01	2.238456e+02	2200	5.952343e-02	0	
2.239473e+02	2201	2.472198e+02	4.884471e+01	2.239473e+02	2201	1.649800e-01	0	
2.240491e+02	2202	3.126008e+02	2.089506e+01	2.240491e+02	2202	6.265463e-02	0	
2.241508e+02	2203	3.106207e+02	2.391102e+01	2.241508e+02	2203	7.147609e-02	0	
2.242526e+02	2204	3.058494e+02	1.341982e+01	2.242526e+02	2204	4.203293e-02	0	
2.243543e+02	2205	3.124533e+02	1.718116e+01	2.243543e+02	2205	5.212186e-02	0	
2.244561e+02	2206	3.304121e+02	2.324620e+00	2.244561e+02	2206	6.986364e-03	0	
2.245578e+02	2207	3.235443e+02	-3.100809e-01	2.245578e+02	2207	-9.593072e-04	0	
2.246596e+02	2208	3.204262e+02	1.988730e+01	2.246596e+02	2208	5.843818e-02	0	
2.247613e+02	2209	3.009398e+02	2.021211e+01	2.247613e+02	2209	6.293629e-02	0	
2.248631e+02	2210	2.988208e+02	-1.567153e+01	2.248631e+02	2210	-5.534724e-02	0	
2.249648e+02	2211	3.224609e+02	-7.114639e-01	2.249648e+02	2211	-2.211236e-03	0	
2.250666e+02	2212	3.026571e+02	1.114958e+01	2.250666e+02	2212	3.553009e-02	0	
2.251683e+02	2213	2.921101e+02	-1.325081e-01	2.251683e+02	2213	-4.538297e-04	0	
2.252701e+02	2214	2.957104e+02	-1.052745e+01	2.252701e+02	2214	-3.691472e-02	0	
2.253718e+02	2215	3.132933e+02	-3.250829e+01	2.253718e+02	2215	-1.157764e-01	0	
2.254736e+02	2216	2.966028e+02	-3.358360e+00	2.254736e+02	2216	-1.145243e-02	0	
2.255753e+02	2217	3.487941e+02	3.436221e+01	2.255753e+02	2217	8.968196e-02	0	
2.256771e+02	2218	3.638658e+02	2.208077e+01	2.256771e+02	2218	5.721199e-02	0	
2.257788e+02	2219	3.284988e+02	6.420554e+00	2.257788e+02	2219	1.917045e-02	0	
2.258806e+02	2220	3.530874e+02	4.144388e+01	2.258806e+02	2220	1.050459e-01	0	
2.259823e+02	2221	3.210010e+02	1.701187e+00	2.259823e+02	2221	5.271693e-03	0	
2.260841e+02	2222	3.307740e+02	7.377808e+00	2.260841e+02	2222	2.181804e-02	0	
2.261858e+02	2223	3.139292e+02	1.349356e+00	2.261858e+02	2223	4.279885e-03	0	
2.262876e+02	2224	3.282572e+02	1.946962e+01	2.262876e+02	2224	5.599114e-02	0	
2.263893e+02	2225	3.097450e+02	4.416444e+00	2.263893e+02	2225	1.405788e-02	0	
2.264910e+02	2226	3.134287e+02	-9.075109e+00	2.264910e+02	2226	-2.981765e-02	0	
2.265928e+02	2227	3.453292e+02	1.994528e+00	2.265928e+02	2227	5.742562e-03	0	
2.266945e+02	2228	3.290899e+02	-5.441981e-01	2.266945e+02	2228	-1.656385e-03	0	
2.267963e+02	2229	3.200585e+02	-5.985934e+00	2.267963e+02	2229	-1.905908e-02	0	
2.268980e+02	2230	2.856463e+02	1.351825e+01	2.268980e+02	2230	4.518667e-02	0	
2.269998e+02	2231	2.807170e+02	1.001635e+01	2.269998e+02	2231	3.445202e-02	0	
2.271015e+02	2232	2.983345e+02	1.576652e+01	2.271015e+02	2232	5.019570e-02	0	
2.272033e+02	2233	2.557474e+02	9.745399e+00	2.272033e+02	2233	3.670683e-02	0	
2.273050e+02	2234	2.622129e+02	1.647241e+01	2.273050e+02	2234	5.910756e-02	0	
2.274068e+02	2235	2.810203e+02	5.426804e+00	2.274068e+02	2235	1.894522e-02	0	
2.275085e+02	2236	3.382502e+02	3.056192e+01	2.275085e+02	2236	8.286582e-02	0	
2.276103e+02	2237	2.763125e+02	1.448609e+01	2.276103e+02	2237	4.981486e-02	0	
2.277120e+02	2238	3.289063e+02	4.073022e+01	2.277120e+02	2238	1.101899e-01	0	
2.278138e+02	2239	3.098222e+02	1.904431e+01	2.278138e+02	2239	5.790894e-02	0	
2.279155e+02	2240	3.127337e+02	2.615400e+01	2.279155e+02	2240	7.717601e-02	0	
2.280173e+02	2241	3.157940e+02	3.053167e+01	2.280173e+02	2241	8.815884e-02	0	
2.281190e+02	2242	3.087459e+02	2.910218e+01	2.281190e+02	2242	8.613984e-02	0	
2.282208e+02	2243	3.234209e+02	2.981089e+01	2.282208e+02	2243	8.439470e-02	0	
2.283225e+02	2244	3.293374e+02	2.815880e+01	2.283225e+02	2244	7.876671e-02	0	
2.284243e+02	2245	3.341813e+02	2.162376e+01	2.284243e+02	2245	6.077418e-02	0	
2.285260e+02	2246	3.339971e+02	2.091621e+01	2.285260e+02	2246	5.893329e-02	0	
2.286278e+02	2247	3.149860e+02	2.075409e+01	2.286278e+02	2247	6.181594e-02	0	
2.287295e+02	2248	3.180137e+02	2.771427e+01	2.287295e+02	2248	8.016207e-02	0	
2.288313e+02	2249	2.941022e+02	3.041859e+01	2.288313e+02	2249	9.373387e-02	0	
2.289330e+02	2250	3.645092e+02	-7.647813e+00	2.289330e+02	2250	-2.143077e-02	0	
2.290347e+02	2251	3.306690e+02	1.642577e+00	2.290347e+02	2251	4.942882e-03	0	
2.291365e+02	2252	3.240215e+02	4.270905e+00	2.291365e+02	2252	1.300945e-02	0	
2.292382e+02	2253	3.388746e+02	1.575379e+01	2.292382e+02	2253	4.442338e-02	0	
2.293400e+02	2254	3.475842e+02	1.843730e+00	2.293400e+02	2254	5.276424e-03	0	
2.294417e+02	2255	3.053496e+02	1.090295e+01	2.294417e+02	2255	3.447545e-02	0	
2.295435e+02	2256	3.527278e+02	3.968827e+00	2.295435e+02	2256	1.112662e-02	0	
2.296452e+02	2257	3.392360e+02	2.253233e+00	2.296452e+02	2257	6.598255e-03	0	
2.297470e+02	2258	3.330387e+02	5.578760e+00	2.297470e+02	2258	1.647511e-02	0	
2.298487e+02	2259	3.183541e+02	6.641805e+00	2.298487e+02	2259	2.043658e-02	0	
2.299505e+02	2260	3.064289e+02	9.853874e+00	2.299505e+02	2260	3.115527e-02	0	
2.300522e+02	2261	3.085785e+02	-4.663385e+00	2.300522e+02	2261	-1.534437e-02	0	
2.301540e+02	2262	3.135761e+02	5.750905e+00	2.301540e+02	2262	1.800945e-02	0	
2.302557e+02	2263	3.285218e+02	8.410511e+00	2.302557e+02	2263	2.496202e-02	0	
2.303575e+02	2264	2.915765e+02	1.434598e+01	2.303575e+02	2264	4.689417e-02	0	
2.304592e+02	2265	3.027175e+02	1.475091e+01	2.304592e+02	2265	4.646418e-02	0	
2.305610e+02	2266	3.080397e+02	-6.897778e-02	2.305610e+02	2266	-2.239751e-04	0	
2.306627e+02	2267	3.262722e+02	3.487902e+00	2.306627e+02	2267	1.057709e-02	0	
2.307645e+02	2268	2.963113e+02	7.146529e+00	2.307645e+02	2268	2.355032e-02	0	
2.308662e+02	2269	3.116639e+02	6.383748e+00	2.308662e+02	2269	2.007167e-02	0	
2.309680e+02	2270	3.277371e+02	1.022201e+01	2.309680e+02	2270	3.024629e-02	0	
2.310697e+02	2271	3.082146e+02	3.271487e+00	2.310697e+02	2271	1.050284e-02	0	
2.311715e+02	2272	3.227739e+02	1.405291e+01	2.311715e+02	2272	4.172147e-02	0	
2.312732e+02	2273	3.527073e+02	-9.407237e-02	2.312732e+02	2273	-2.667863e-04	0	
2.313750e+02	2274	3.406979e+02	1.709608e+01	2.313750e+02	2274	4.778191e-02	0	
2.314767e+02	2275	3.380238e+02	4.588934e+00	2.314767e+02	2275	1.339394e-02	0	
2.315784e+02	2276	3.541439e+02	2.898999e+01	2.315784e+02	2276	7.566543e-02	0	
2.316802e+02	2277	3.369452e+02	1.760064e+01	2.316802e+02	2277	4.964278e-02	0	
2.317819e+02	2278	3.483472e+02	1.417785e+01	2.317819e+02	2278	3.910861e-02	0	
2.318837e+02	2279	3.700408e+02	2.496605e+00	2.318837e+02	2279	6.701622e-03	0	
2.319854e+02	2280	3.387281e+02	2.865545e+01	2.319854e+02	2280	7.799873e-02	0	
2.320872e+02	2281	3.513421e+02	2.380356e+01	2.320872e+02	2281	6.345151e-02	0	
2.321889e+02	2282	3.336155e+02	3.694773e+01	2.321889e+02	2282	9.970695e-02	0	
2.322907e+02	2283	3.076497e+02	2.648542e+01	2.322907e+02	2283	7.926560e-02	0	
2.323924e+02	2284	3.610654e+02	2.026072e+01	2.323924e+02	2284	5.313226e-02	0	
2.324942e+02	2285	3.105809e+02	1.877179e+01	2.324942e+02	2285	5.699601e-02	0	
2.325959e+02	2286	3.099829e+02	6.882357e+00	2.325959e+02	2286	2.172014e-02	0	
2.326977e+02	2287	3.143405e+02	1.540182e+01	2.326977e+02	2287	4.670865e-02	0	
2.327994e+02	2288	3.150494e+02	9.908835e+00	2.327994e+02	2288	3.049264e-02	0	
2.329012e+02	2289	3.049461e+02	-1.171025e+01	2.329012e+02	2289	-3.993458e-02	0	
2.330029e+02	2290	3.089790e+02	2.553031e+00	2.330029e+02	2290	8.195083e-03	0	
2.331047e+02	2291	3.180219e+02	1.120845e+01	2.331047e+02	2291	3.404440e-02	0	
2.332064e+02	2292	3.145623e+02	5.328472e+00	2.332064e+02	2292	1.665716e-02	0	
2.333082e+02	2293	3.032878e+02	1.218086e+01	2.333082e+02	2293	3.861195e-02	0	
2.334099e+02	2294	2.910798e+02	8.579746e+00	2.334099e+02	2294	2.863165e-02	0	
2.335117e+02	2295	3.197026e+02	-6.477017e+00	2.335117e+02	2295	-2.067844e-02	0	
2.336134e+02	2296	3.199606e+02	-9.371235e+00	2.336134e+02	2296	-3.017243e-02	0	
2.337152e+02	2297	3.160192e+02	1.146671e+01	2.337152e+02	2297	3.501436e-02	0	
2.338169e+02	2298	3.086990e+02	-2.189560e+00	2.338169e+02	2298	-7.143532e-03	0	
2.339187e+02	2299	3.292894e+02	2.959506e+00	2.339187e+02	2299	8.907497e-03	0	
2.340204e+02	2300	3.146106e+02	-1.042706e+01	2.340204e+02	2300	-3.427884e-02	0	
2.341221e+02	2301	3.361356e+02	6.993110e+00	2.341221e+02	2301	2.038043e-02	0	
2.342239e+02	2302	3.199089e+02	-1.134124e+01	2.342239e+02	2302	-3.675447e-02	0	
2.343256e+02	2303	3.206823e+02	1.095013e+01	2.343256e+02	2303	3.301888e-02	0	
2.344274e+02	2304	3.175037e+02	7.317917e+00	2.344274e+02	2304	2.252903e-02	0	
2.345291e+02	2305	3.531256e+02	1.636417e+01	2.345291e+02	2305	4.428856e-02	0	
2.346309e+02	2306	3.156044e+02	4.965779e+00	2.346309e+02	2306	1.549046e-02	0	
2.347326e+02	2307	3.036143e+02	1.687270e+01	2.347326e+02	2307	5.264707e-02	0	
2.348344e+02	2308	3.218666e+02	2.769930e+00	2.348344e+02	2308	8.532404e-03	0	
2.349361e+02	2309	3.162380e+02	1.026474e+00	2.349361e+02	2309	3.235389e-03	0	
2.350379e+02	2310	3.230951e+02	1.165127e+01	2.350379e+02	2310	3.480626e-02	0	
2.351396e+02	2311	3.312483e+02	2.477779e+00	2.351396e+02	2311	7.424589e-03	0	
2.352414e+02	2312	3.110390e+02	9.400761e+00	2.352414e+02	2312	2.933706e-02	0	
2.353431e+02	2313	2.941685e+02	9.543906e+00	2.353431e+02	2313	3.142416e-02	0	
2.354449e+02	2314	3.037986e+02	7.873899e+00	2.354449e+02	2314	2.526337e-02	0	
2.355466e+02	2315	3.004847e+02	-1.657185e+00	2.355466e+02	2315	-5.545624e-03	0	
2.356484e+02	2316	3.011564e+02	8.210195e+00	2.356484e+02	2316	2.653873e-02	0	
2.357501e+02	2317	2.989401e+02	-2.210351e+00	2.357501e+02	2317	-7.449037e-03	0	
2.358519e+02	2318	3.515976e+02	1.385420e+01	2.358519e+02	2318	3.790979e-02	0	
2.359536e+02	2319	3.601360e+02	1.017912e+01	2.359536e+02	2319	2.748772e-02	0	
2.360554e+02	2320	3.452752e+02	8.331519e+00	2.360554e+02	2320	2.356154e-02	0	
2.361571e+02	2321	3.603016e+02	1.472782e+01	2.361571e+02	2321	3.927111e-02	0	
2.362589e+02	2322	3.415160e+02	1.634326e+01	2.362589e+02	2322	4.566952e-02	0	
2.363606e+02	2323	3.643047e+02	1.440027e+01	2.363606e+02	2323	3.802504e-02	0	
2.364624e+02	2324	3.467416e+02	2.138351e+01	2.364624e+02	2324	5.808762e-02	0	
2.365641e+02	2325	3.330491e+02	1.528410e+01	2.365641e+02	2325	4.387782e-02	0	
2.366658e+02	2326	3.467990e+02	1.931830e+01	2.366658e+02	2326	5.276533e-02	0	
2.367676e+02	2327	3.407991e+02	1.570672e+01	2.367676e+02	2327	4.405740e-02	0	
2.368693e+02	2328	3.354533e+02	3.001607e+01	2.368693e+02	2328	8.213019e-02	0	
2.369711e+02	2329	3.258113e+02	1.963856e+01	2.369711e+02	2329	5.684923e-02	0	
2.370728e+02	2330	3.827355e+02	1.043487e+01	2.370728e+02	2330	2.654033e-02	0	
2.371746e+02	2331	3.251135e+02	2.099394e+01	2.371746e+02	2331	6.065729e-02	0	
2.372763e+02	2332	3.370768e+02	1.781105e+01	2.372763e+02	2332	5.018783e-02	0	
2.373781e+02	2333	3.414614e+02	1.024809e+01	2.373781e+02	2333	2.913794e-02	0	
2.374798e+02	2334	3.470483e+02	1.263548e+01	2.374798e+02	2334	3.512941e-02	0	
2.375816e+02	2335	3.102383e+02	2.461020e+01	2.375816e+02	2335	7.349652e-02	0	
2.376833e+02	2336	3.304160e+02	1.412776e+01	2.376833e+02	2336	4.100425e-02	0	
2.377851e+02	2337	3.225481e+02	2.833463e+01	2.377851e+02	2337	8.075242e-02	0	
2.378868e+02	2338	3.219921e+02	2.878718e+01	2.378868e+02	2338	8.206636e-02	0	
2.379886e+02	2339	3.258572e+02	2.480963e+01	2.379886e+02	2339	7.074986e-02	0	
2.380903e+02	2340	3.674735e+02	-1.786538e+01	2.380903e+02	2340	-5.110116e-02	0	
2.381921e+02	2341	3.146615e+02	-1.341258e+01	2.381921e+02	2341	-4.452325e-02	0	
2.382938e+02	2342	3.688221e+02	-3.949322e+01	2.382938e+02	2342	-1.199203e-01	0	
2.383956e+02	2343	3.533788e+02	6.643256e+00	2.383956e+02	2343	1.845236e-02	0	
2.384973e+02	2344	3.329196e+02	-7.803411e+00	2.384973e+02	2344	-2.400191e-02	0	
2.385991e+02	2345	3.138491e+02	-8.010570e+00	2.385991e+02	2345	-2.619215e-02	0	
2.387008e+02	2346	3.356416e+02	-2.261668e+01	2.387008e+02	2346	-7.225201e-02	0	
2.388026e+02	2347	3.251915e+02	-9.686405e+00	2.388026e+02	2347	-3.070126e-02	0	
2.389043e+02	2348	2.921125e+02	1.286583e+01	2.389043e+02	2348	4.218605e-02	0	
2.390061e+02	2349	3.398443e+02	-1.407304e+01	2.390061e+02	2349	-4.319915e-02	0	
2.391078e+02	2350	3.047029e+02	-8.232194e+00	2.391078e+02	2350	-2.776731e-02	0	
2.392095e+02	2351	3.366624e+02	-1.926992e+00	2.392095e+02	2351	-5.756762e-03	0	
2.393113e+02	2352	3.552018e+02	1.485210e+01	2.393113e+02	2352	4.013496e-02	0	
2.394130e+02	2353	3.343617e+02	-1.153357e+01	2.394130e+02	2353	-3.572666e-02	0	
2.395148e+02	2354	3.311033e+02	5.805099e+00	2.395148e+02	2354	1.723050e-02	0	
2.396165e+02	2355	3.402184e+02	1.686182e+00	2.396165e+02	2355	4.931733e-03	0	
2.397183e+02	2356	3.087557e+02	-1.322961e+01	2.397183e+02	2356	-4.476630e-02	0	
2.398200e+02	2357	3.167596e+02	-6.092188e+00	2.398200e+02	2357	-1.961000e-02	0	
2.399218e+02	2358	3.100604e+02	-3.922498e+00	2.399218e+02	2358	-1.281285e-02	0	
2.400235e+02	2359	3.058904e+02	-3.368329e+00	2.400235e+02	2359	-1.113416e-02	0	
2.401253e+02	2360	3.095765e+02	-1.762410e+01	2.401253e+02	2360	-6.036635e-02	0	
2.402270e+02	2361	3.270628e+02	2.041026e+00	2.402270e+02	2361	6.201769e-03	0	
2.403288e+02	2362	2.837684e+02	-5.076527e+00	2.403288e+02	2362	-1.821555e-02	0	
2.404305e+02	2363	3.240466e+02	-4.318172e+00	2.404305e+02	2363	-1.350575e-02	0	
2.405323e+02	2364	2.665468e+02	-3.573129e+00	2.405323e+02	2364	-1.358740e-02	0	
2.406340e+02	2365	2.587872e+02	-4.461422e+00	2.406340e+02	2365	-1.754215e-02	0	
2.407358e+02	2366	2.873599e+02	-3.988803e+00	2.407358e+02	2366	-1.407625e-02	0	
2.408375e+02	2367	3.261464e+02	1.257051e+01	2.408375e+02	2367	3.711214e-02	0	
2.409393e+02	2368	3.041251e+02	-2.693762e+00	2.409393e+02	2368	-8.936569e-03	0	
2.410410e+02	2369	2.865668e+02	-2.937386e-01	2.410410e+02	2369	-1.026078e-03	0	
2.411428e+02	2370	3.065102e+02	1.580747e+01	2.411428e+02	2370	4.904314e-02	0	
2.412445e+02	2371	3.423718e+02	3.273327e+00	2.412445e+02	2371	9.470196e-03	0	
2.413463e+02	2372	3.051104e+02	1.250916e+01	2.413463e+02	2372	3.938410e-02	0	
2.414480e+02	2373	3.434059e+02	9.557274e+00	2.414480e+02	2373	2.707726e-02	0	
2.415498e+02	2374	3.155299e+02	1.612611e+01	2.415498e+02	2374	4.862300e-02	0	
2.416515e+02	2375	3.217062e+02	1.066122e+01	2.416515e+02	2375	3.207661e-02	0	
2.417532e+02	2376	3.131865e+02	-5.880558e-01	2.417532e+02	2376	-1.881186e-03	0	
2.418550e+02	2377	3.092233e+02	3.921070e+00	2.418550e+02	2377	1.252160e-02	0	
2.419567e+02	2378	2.993370e+02	1.575758e+01	2.419567e+02	2378	5.000905e-02	0	
2.420585e+02	2379	3.137054e+02	9.150683e+00	2.420585e+02	2379	2.834292e-02	0	
2.421602e+02	2380	2.961171e+02	6.805000e+00	2.421602e+02	2380	2.246452e-02	0	
2.422620e+02	2381	3.219937e+02	1.573788e+01	2.422620e+02	2381	4.659878e-02	0	
2.423637e+02	2382	3.073463e+02	-1.842032e+01	2.423637e+02	2382	-6.375446e-02	0	
2.424655e+02	2383	3.100517e+02	1.968309e+01	2.424655e+02	2383	5.969370e-02	0	
2.425672e+02	2384	3.177831e+02	-5.131860e+00	2.425672e+02	2384	-1.641401e-02	0	
2.426690e+02	2385	3.062505e+02	1.456953e+01	2.426690e+02	2385	4.541341e-02	0	
2.427707e+02	2386	3.161786e+02	2.372145e+01	2.427707e+02	2386	6.978949e-02	0	
2.428725e+02	2387	3.090269e+02	4.625941e+01	2.428725e+02	2387	1.302032e-01	0	
2.429742e+02	2388	2.894820e+02	1.104495e+01	2.429742e+02	2388	3.675195e-02	0	
2.430760e+02	2389	3.068363e+02	5.437478e+00	2.430760e+02	2389	1.741253e-02	0	
2.431777e+02	2390	3.039750e+02	1.893051e+01	2.431777e+02	2390	5.862554e-02	0	
2.432795e+02	2391	3.065755e+02	1.549482e+01	2.432795e+02	2391	4.811005e-02	0	
2.433812e+02	2392	3.041939e+02	9.351220e+00	2.433812e+02	2392	2.982416e-02	0	
2.434830e+02	2393	3.127970e+02	-6.929795e+00	2.434830e+02	2393	-2.265622e-02	0	
2.435847e+02	2394	3.018982e+02	1.312818e+01	2.435847e+02	2394	4.167327e-02	0	
2.436865e+02	2395	2.669279e+02	1.485637e+01	2.436865e+02	2395	5.272250e-02	0	
2.437882e+02	2396	2.711534e+02	4.262523e+00	2.437882e+02	2396	1.547668e-02	0	
2.438900e+02	2397	3.119513e+02	2.524689e+01	2.438900e+02	2397	7.487255e-02	0	
2.439917e+02	2398	2.866956e+02	8.801512e+00	2.439917e+02	2398	2.978544e-02	0	
2.440935e+02	2399	2.682683e+02	7.676747e+00	2.440935e+02	2399	2.781984e-02	0	
2.441952e+02	2400	2.927924e+02	3.211551e+01	2.441952e+02	2400	9.884496e-02	0	
2.442969e+02	2401	3.996552e+02	8.946809e+00	2.442969e+02	2401	2.189615e-02	0	
2.443987e+02	2402	3.057782e+02	1.868272e+01	2.443987e+02	2402	5.758080e-02	0	
2.445004e+02	2403	3.275175e+02	3.040024e+01	2.445004e+02	2403	8.493639e-02	0	
2.446022e+02	2404	3.092382e+02	1.784119e+01	2.446022e+02	2404	5.454697e-02	0	
2.447039e+02	2405	3.256326e+02	1.203691e+01	2.447039e+02	2405	3.564701e-02	0	
2.448057e+02	2406	2.816947e+02	5.659130e+01	2.448057e+02	2406	1.672883e-01	0	
2.449074e+02	2407	2.831697e+02	3.900818e+01	2.449074e+02	2407	1.210765e-01	0	
2.450092e+02	2408	3.480401e+02	1.783803e+01	2.450092e+02	2408	4.875402e-02	0	
2.451109e+02	2409	2.949018e+02	1.818703e+01	2.451109e+02	2409	5.808904e-02	0	
2.452127e+02	2410	3.438757e+02	1.954394e+01	2.452127e+02	2410	5.377789e-02	0	
2.453144e+02	2411	3.397809e+02	2.208303e+01	2.453144e+02	2411	6.102578e-02	0	
2.454162e+02	2412	3.424691e+02	1.658421e+01	2.454162e+02	2412	4.618871e-02	0	
2.455179e+02	2413	3.454319e+02	1.470633e+01	2.455179e+02	2413	4.083524e-02	0	
2.456197e+02	2414	3.299067e+02	1.426604e+01	2.456197e+02	2414	4.145023e-02	0	
2.457214e+02	2415	3.246424e+02	2.808684e+01	2.457214e+02	2415	7.962720e-02	0	
2.458232e+02	2416	3.157986e+02	2.250362e+01	2.458232e+02	2416	6.651928e-02	0	
2.459249e+02	2417	3.337017e+02	3.220837e+01	2.459249e+02	2417	8.802264e-02	0	
2.460267e+02	2418	3.282519e+02	3.186389e+01	2.460267e+02	2418	8.848235e-02	0	
2.461284e+02	2419	3.023378e+02	2.402370e+01	2.461284e+02	2419	7.361070e-02	0	
2.462302e+02	2420	3.326867e+02	3.849899e+01	2.462302e+02	2420	1.037189e-01	0	
2.463319e+02	2421	3.328967e+02	2.432472e+01	2.463319e+02	2421	6.809424e-02	0	
2.464337e+02	2422	3.355086e+02	2.007540e+01	2.464337e+02	2422	5.645755e-02	0	
2.465354e+02	2423	3.325147e+02	3.398237e+01	2.465354e+02	2423	9.272208e-02	0	
2.466372e+02	2424	3.097913e+02	2.306263e+01	2.466372e+02	2424	6.928754e-02	0	
2.467389e+02	2425	3.237172e+02	2.220294e+01	2.467389e+02	2425	6.418516e-02	0	
2.468406e+02	2426	3.212165e+02	1.656978e+01	2.468406e+02	2426	4.905403e-02	0	
2.469424e+02	2427	3.599602e+02	5.416817e+01	2.469424e+02	2427	1.308004e-01	0	
2.470441e+02	2428	3.185037e+02	3.409061e+01	2.470441e+02	2428	9.668508e-02	0	
2.471459e+02	2429	3.418835e+02	3.727695e+01	2.471459e+02	2429	9.831445e-02	0	
2.472476e+02	2430	2.904698e+02	1.114010e+01	2.472476e+02	2430	3.693546e-02	0	
2.473494e+02	2431	3.312774e+02	2.341085e+01	2.473494e+02	2431	6.600402e-02	0	
2.474511e+02	2432	2.972722e+02	1.219187e+01	2.474511e+02	2432	3.939672e-02	0	
2.475529e+02	2433	3.042188e+02	1.458516e+01	2.475529e+02	2433	4.574962e-02	0	
2.476546e+02	2434	3.114627e+02	1.140481e+01	2.476546e+02	2434	3.532350e-02	0	
2.477564e+02	2435	2.965434e+02	1.469675e+01	2.477564e+02	2435	4.721997e-02	0	
2.478581e+02	2436	2.897925e+02	2.724948e+00	2.478581e+02	2436	9.315506e-03	0	
2.479599e+02	2437	3.335405e+02	2.032307e+00	2.479599e+02	2437	6.056233e-03	0	
2.480616e+02	2438	3.397198e+02	-8.850814e+00	2.480616e+02	2438	-2.675021e-02	0	
2.481634e+02	2439	3.276088e+02	1.378875e+01	2.481634e+02	2439	4.038913e-02	0	
2.482651e+02	2440	3.620589e+02	-1.429073e+01	2.482651e+02	2440	-4.109269e-02	0	
2.483669e+02	2441	3.068997e+02	8.377582e+00	2.483669e+02	2441	2.657211e-02	0	
2.484686e+02	2442	3.074595e+02	-1.047908e+00	2.484686e+02	2442	-3.419936e-03	0	
2.485704e+02	2443	3.238761e+02	5.110953e-01	2.485704e+02	2443	1.575572e-03	0	
2.486721e+02	2444	3.368792e+02	2.467924e+00	2.486721e+02	2444	7.272565e-03	0	
2.487739e+02	2445	3.452669e+02	-9.345651e+00	2.487739e+02	2445	-2.782096e-02	0	
2.488756e+02	2446	3.312723e+02	3.458114e+00	2.488756e+02	2446	1.033104e-02	0	
2.489774e+02	2447	2.760317e+02	-1.150243e+00	2.489774e+02	2447	-4.184506e-03	0	
2.490791e+02	2448	3.368504e+02	-1.169340e-01	2.490791e+02	2448	-3.472598e-04	0	
2.491809e+02	2449	3.404900e+02	-4.543807e+00	2.491809e+02	2449	-1.352540e-02	0	
2.492826e+02	2450	3.199887e+02	6.010634e-01	2.492826e+02	2450	1.874868e-03	0	
2.493843e+02	2451	3.233536e+02	9.889598e+00	2.493843e+02	2451	2.967682e-02	0	
2.494861e+02	2452	3.230549e+02	-1.327041e+01	2.494861e+02	2452	-4.283755e-02	0	
2.495878e+02	2453	3.218570e+02	-3.025166e+00	2.495878e+02	2453	-9.488281e-03	0	
2.496896e+02	2454	3.188498e+02	-2.231066e+01	2.496896e+02	2454	-7.523681e-02	0	
2.497913e+02	2455	3.308393e+02	-4.109970e+00	2.497913e+02	2455	-1.257913e-02	0	
2.498931e+02	2456	3.003947e+02	1.275539e+01	2.498931e+02	2456	4.073251e-02	0	
2.499948e+02	2457	3.541593e+02	2.497847e+01	2.499948e+02	2457	6.588230e-02	0	
2.500966e+02	2458	3.090571e+02	2.877954e+00	2.500966e+02	2458	9.226132e-03	0	
2.501983e+02	2459	3.243863e+02	4.013030e+00	2.501983e+02	2459	1.221997e-02	0	
2.503001e+02	2460	3.026915e+02	1.368449e+01	2.503001e+02	2460	4.325388e-02	0	
2.504018e+02	2461	3.108170e+02	8.157166e+00	2.504018e+02	2461	2.557312e-02	0	
2.505036e+02	2462	2.615475e+02	1.776140e+00	2.505036e+02	2462	6.745084e-03	0	
2.506053e+02	2463	2.940363e+02	1.874113e+01	2.506053e+02	2463	5.991842e-02	0	
2.507071e+02	2464	3.147448e+02	-1.264794e+00	2.507071e+02	2464	-4.034688e-03	0	
2.508088e+02	2465	3.092463e+02	2.468865e+00	2.508088e+02	2465	7.920260e-03	0	
2.509106e+02	2466	3.177814e+02	-5.398822e+00	2.509106e+02	2466	-1.728272e-02	0	
2.510123e+02	2467	3.107673e+02	3.541768e+00	2.510123e+02	2467	1.126842e-02	0	
2.511141e+02	2468	3.133185e+02	-7.631237e+00	2.511141e+02	2468	-2.496420e-02	0	
2.512158e+02	2469	3.024201e+02	-1.178564e+01	2.512158e+02	2469	-4.055142e-02	0	
2.513176e+02	2470	3.094945e+02	-2.216668e+00	2.513176e+02	2470	-7.213888e-03	0	
2.514193e+02	2471	3.212339e+02	-3.649332e+00	2.514193e+02	2471	-1.149090e-02	0	
2.515211e+02	2472	3.031432e+02	-4.722011e+00	2.515211e+02	2472	-1.582331e-02	0	
2.516228e+02	2473	3.231811e+02	-1.939120e+01	2.516228e+02	2473	-6.383096e-02	0	
2.517246e+02	2474	2.869964e+02	1.406814e+00	2.517246e+02	2474	4.877941e-03	0	
2.518263e+02	2475	3.205642e+02	-1.209661e+01	2.518263e+02	2475	-3.921517e-02	0	
2.519280e+02	2476	3.138814e+02	-2.656605e+01	2.519280e+02	2476	-9.246304e-02	0	
2.520298e+02	2477	3.462810e+02	-2.325528e+01	2.520298e+02	2477	-7.199204e-02	0	
2.521315e+02	2478	3.175817e+02	-5.931149e+00	2.521315e+02	2478	-1.903141e-02	0	
2.522333e+02	2479	3.249282e+02	-9.839148e+00	2.522333e+02	2479	-3.122656e-02	0	
2.523350e+02	2480	3.196148e+02	-1.342370e+01	2.523350e+02	2480	-4.384092e-02	0	
2.524368e+02	2481	3.236548e+02	-4.707051e+00	2.524368e+02	2481	-1.475806e-02	0	
2.525385e+02	2482	3.140239e+02	1.066544e+01	2.525385e+02	2482	3.284814e-02	0	
2.526403e+02	2483	3.175710e+02	3.393210e+00	2.526403e+02	2483	1.057193e-02	0	
2.527420e+02	2484	3.183587e+02	1.150352e+01	2.527420e+02	2484	3.487371e-02	0	
2.528438e+02	2485	3.235213e+02	1.264976e+01	2.528438e+02	2485	3.762894e-02	0	
2.529455e+02	2486	3.320228e+02	8.755125e-01	2.529455e+02	2486	2.629970e-03	0	
2.530473e+02	2487	3.238860e+02	-5.706098e+00	2.530473e+02	2487	-1.793356e-02	0	
2.531490e+02	2488	3.309975e+02	1.529214e+01	2.531490e+02	2488	4.415997e-02	0	
2.532508e+02	2489	2.714678e+02	4.059057e+01	2.532508e+02	2489	1.300736e-01	0	
2.533525e+02	2490	3.083284e+02	9.706084e+00	2.533525e+02	2490	3.051897e-02	0	
2.534543e+02	2491	3.348110e+02	8.372299e+00	2.534543e+02	2491	2.439600e-02	0	
2.535560e+02	2492	3.483175e+02	-4.824563e-01	2.535560e+02	2492	-1.387026e-03	0	
2.536578e+02	2493	3.380929e+02	-5.252106e+00	2.536578e+02	2493	-1.577963e-02	0	
2.537595e+02	2494	3.169242e+02	1.668168e+01	2.537595e+02	2494	5.000415e-02	0	
2.538613e+02	2495	3.337248e+02	-1.550189e+00	2.538613e+02	2495	-4.666790e-03	0	
2.539630e+02	2496	3.884087e+02	-9.332443e+00	2.539630e+02	2496	-2.461891e-02	0	
2.540648e+02	2497	3.121828e+02	-1.067673e+01	2.540648e+02	2497	-3.541133e-02	0	
2.541665e+02	2498	2.851635e+02	-7.592960e+00	2.541665e+02	2498	-2.735506e-02	0	
2.542683e+02	2499	2.984735e+02	-3.969241e+01	2.542683e+02	2499	-1.533822e-01	0	
2.543700e+02	2500	3.307506e+02	-7.914225e+00	2.543700e+02	2500	-2.451466e-02	0	
2.544717e+02	2501	3.152325e+02	-5.093679e+00	2.544717e+02	2501	-1.642387e-02	0	
2.545735e+02	2502	3.232011e+02	-2.235429e+00	2.545735e+02	2502	-6.964698e-03	0	
2.546752e+02	2503	3.197019e+02	-1.285672e+01	2.546752e+02	2503	-4.189970e-02	0	
2.547770e+02	2504	3.071744e+02	-1.083569e+01	2.547770e+02	2504	-3.656522e-02	0	
2.548787e+02	2505	3.243066e+02	2.581196e+01	2.548787e+02	2505	7.372348e-02	0	
2.549805e+02	2506	3.505636e+02	3.991657e+00	2.549805e+02	2506	1.125821e-02	0	
2.550822e+02	2507	3.257784e+02	2.826274e+01	2.550822e+02	2507	7.982897e-02	0	
2.551840e+02	2508	3.251697e+02	1.176932e+01	2.551840e+02	2508	3.493012e-02	0	
2.552857e+02	2509	3.369342e+02	1.201497e+01	2.552857e+02	2509	3.443186e-02	0	
2.553875e+02	2510	3.233860e+02	-6.117703e+00	2.553875e+02	2510	-1.928243e-02	0	
2.554892e+02	2511	3.420317e+02	5.691130e+00	2.554892e+02	2511	1.636686e-02	0	
2.555910e+02	2512	3.318901e+02	1.724885e+01	2.555910e+02	2512	4.940397e-02	0	
2.556927e+02	2513	3.204360e+02	-6.539238e+00	2.556927e+02	2513	-2.083245e-02	0	
2.557945e+02	2514	3.268362e+02	1.108491e+01	2.557945e+02	2514	3.280325e-02	0	
2.558962e+02	2515	3.062118e+02	-5.490200e+00	2.558962e+02	2515	-1.825675e-02	0	
2.559980e+02	2516	3.319410e+02	-5.869450e+00	2.559980e+02	2516	-1.800050e-02	0	
2.560997e+02	2517	3.079127e+02	-4.494107e-01	2.560997e+02	2517	-1.461673e-03	0	
2.562015e+02	2518	3.013731e+02	-3.900743e+01	2.562015e+02	2518	-1.486758e-01	0	
2.563032e+02	2519	3.146880e+02	-1.256560e+00	2.563032e+02	2519	-4.009043e-03	0	
2.564050e+02	2520	3.058524e+02	-2.131913e+00	2.564050e+02	2520	-7.019326e-03	0	
2.565067e+02	2521	3.034123e+02	8.324430e+00	2.565067e+02	2521	2.670340e-02	0	
2.566085e+02	2522	3.132425e+02	4.911313e+00	2.566085e+02	2522	1.543691e-02	0	
2.567102e+02	2523	3.144606e+02	-3.779839e+00	2.567102e+02	2523	-1.216631e-02	0	
2.568120e+02	2524	3.505218e+02	-6.275537e-02	2.568120e+02	2524	-1.790662e-04	0	
2.569137e+02	2525	3.174583e+02	4.116623e+00	2.569137e+02	2525	1.280144e-02	0	
2.570154e+02	2526	3.195287e+02	1.240213e+00	2.570154e+02	2526	3.866375e-03	0	
2.571172e+02	2527	2.613038e+02	-9.333934e+00	2.571172e+02	2527	-3.704385e-02	0	
2.572189e+02	2528	3.190293e+02	3.337870e+00	2.572189e+02	2528	1.035425e-02	0	
2.573207e+02	2529	3.226839e+02	-2.281435e+00	2.573207e+02	2529	-7.120529e-03	0	
2.574224e+02	2530	3.066765e+02	3.033989e+00	2.574224e+02	2530	9.796210e-03	0	
2.575242e+02	2531	2.974047e+02	1.674981e+01	2.575242e+02	2531	5.331711e-02	0	
2.576259e+02	2532	3.248355e+02	-1.136448e+00	2.576259e+02	2532	-3.510817e-03	0	
2.577277e+02	2533	3.085102e+02	7.031567e+00	2.577277e+02	2533	2.228411e-02	0	
2.578294e+02	2534	3.028563e+02	1.231054e+01	2.578294e+02	2534	3.906039e-02	0	
2.579312e+02	2535	3.429742e+02	-2.944849e+01	2.579312e+02	2535	-9.392687e-02	0	
2.580329e+02	2536	3.231847e+02	5.266183e+00	2.580329e+02	2536	1.603340e-02	0	
2.581347e+02	2537	3.298579e+02	-4.931662e+01	2.581347e+02	2537	-1.757910e-01	0	
2.582364e+02	2538	3.309480e+02	9.817433e+00	2.582364e+02	2538	2.880994e-02	0	
2.583382e+02	2539	3.223358e+02	7.213723e+00	2.583382e+02	2539	2.188965e-02	0	
2.584399e+02	2540	3.222754e+02	-3.956119e+00	2.584399e+02	2540	-1.242815e-02	0	
2.585417e+02	2541	3.348590e+02	1.331295e+01	2.585417e+02	2541	3.823671e-02	0	
2.586434e+02	2542	3.298702e+02	-6.461677e+00	2.586434e+02	2542	-1.997992e-02	0	
2.587452e+02	2543	3.376784e+02	-3.319762e+00	2.587452e+02	2543	-9.928746e-03	0	
2.588469e+02	2544	3.295921e+02	3.572842e+00	2.588469e+02	2544	1.072394e-02	0	
2.589487e+02	2545	3.407852e+02	7.792686e+00	2.589487e+02	2545	2.235565e-02	0	
2.590504e+02	2546	3.515027e+02	9.611498e+00	2.590504e+02	2546	2.661623e-02	0	
2.591522e+02	2547	3.350830e+02	-6.042792e-01	2.591522e+02	2547	-1.806630e-03	0	
2.592539e+02	2548	3.162153e+02	2.152753e+01	2.592539e+02	2548	6.373941e-02	0	
2.593557e+02	2549	3.126429e+02	1.712899e+01	2.593557e+02	2549	5.194193e-02	0	
2.594574e+02	2550	3.455459e+02	-5.962493e+00	2.594574e+02	2550	-1.755826e-02	0	
2.595591e+02	2551	3.199313e+02	8.715830e+00	2.595591e+02	2551	2.652033e-02	0	
2.596609e+02	2552	2.863080e+02	1.116982e+01	2.596609e+02	2552	3.754841e-02	0	
2.597626e+02	2553	2.872243e+02	8.355008e+00	2.597626e+02	2553	2.826655e-02	0	
2.598644e+02	2554	3.047094e+02	3.563750e+01	2.598644e+02	2554	1.047093e-01	0	
2.599661e+02	2555	2.864252e+02	2.126487e+01	2.599661e+02	2555	6.911133e-02	0	
2.600679e+02	2556	3.139521e+02	8.430014e+00	2.600679e+02	2556	2.614914e-02	0	
2.601696e+02	2557	3.025126e+02	1.524489e+01	2.601696e+02	2557	4.797649e-02	0	
2.602714e+02	2558	3.117856e+02	-5.368211e+00	2.602714e+02	2558	-1.751928e-02	0	
2.603731e+02	2559	2.917062e+02	1.734006e+01	2.603731e+02	2559	5.610830e-02	0	
2.604749e+02	2560	3.192776e+02	9.404932e+00	2.604749e+02	2560	2.861403e-02	0	
2.605766e+02	2561	3.255978e+02	6.102077e+00	2.605766e+02	2561	1.839638e-02	0	
2.606784e+02	2562	3.191386e+02	6.573599e+00	2.606784e+02	2562	2.018223e-02	0	
2.607801e+02	2563	2.811865e+02	2.225276e+01	2.607801e+02	2563	7.333514e-02	0	
2.608819e+02	2564	3.274814e+02	-2.076114e+00	2.608819e+02	2564	-6.380087e-03	0	
2.609836e+02	2565	3.082566e+02	1.540097e+01	2.609836e+02	2565	4.758415e-02	0	
2.610854e+02	2566	3.164941e+02	2.294210e+01	2.610854e+02	2566	6.758884e-02	0	
2.611871e+02	2567	3.007225e+02	-8.409666e-01	2.611871e+02	2567	-2.804329e-03	0	
2.612889e+02	2568	3.176663e+02	-9.254827e+00	2.612889e+02	2568	-3.000805e-02	0	
2.613906e+02	2569	3.941065e+02	-2.834095e+00	2.613906e+02	2569	-7.243279e-03	0	
2.614924e+02	2570	3.336695e+02	8.479305e+00	2.614924e+02	2570	2.478251e-02	0	
2.615941e+02	2571	3.232289e+02	-5.624924e-02	2.615941e+02	2571	-1.740532e-04	0	
2.616959e+02	2572	3.370444e+02	-2.202647e+00	2.616959e+02	2572	-6.578173e-03	0	
2.617976e+02	2573	3.292290e+02	1.970879e+01	2.617976e+02	2573	5.648225e-02	0	
2.618994e+02	2574	3.099517e+02	-2.052661e+01	2.618994e+02	2574	-7.092201e-02	0	
2.620011e+02	2575	3.432829e+02	9.604956e+00	2.620011e+02	2575	2.721815e-02	0	
2.621028e+02	2576	3.236225e+02	-3.402610e+00	2.621028e+02	2576	-1.062585e-02	0	
2.622046e+02	2577	3.203813e+02	-3.865091e-01	2.622046e+02	2577	-1.207861e-03	0	
2.623063e+02	2578	3.306403e+02	2.109686e+01	2.623063e+02	2578	5.997905e-02	0	
2.624081e+02	2579	3.445578e+02	-5.879971e+00	2.624081e+02	2579	-1.736155e-02	0	
2.625098e+02	2580	3.311013e+02	-6.752264e+00	2.625098e+02	2580	-2.081789e-02	0	
2.626116e+02	2581	3.214796e+02	1.271377e+01	2.626116e+02	2581	3.804315e-02	0	
2.627133e+02	2582	3.254462e+02	-1.798842e+01	2.627133e+02	2582	-5.850696e-02	0	
2.628151e+02	2583	3.550516e+02	4.665641e+00	2.628151e+02	2583	1.297030e-02	0	
2.629168e+02	2584	3.724719e+02	-8.450891e+00	2.629168e+02	2584	-2.321539e-02	0	
2.630186e+02	2585	3.083354e+02	-1.234813e+01	2.630186e+02	2585	-4.171845e-02	0	
2.631203e+02	2586	2.997669e+02	-1.953930e+01	2.631203e+02	2586	-6.972654e-02	0	
2.632221e+02	2587	2.981752e+02	4.964326e+00	2.632221e+02	2587	1.637637e-02	0	
2.633238e+02	2588	2.879625e+02	-3.300837e-01	2.633238e+02	2588	-1.147589e-03	0	
2.634256e+02	2589	2.977751e+02	-2.169303e-02	2.634256e+02	2589	-7.285569e-05	0	
2.635273e+02	2590	2.887241e+02	1.003761e+01	2.635273e+02	2590	3.359738e-02	0	
2.636291e+02	2591	2.726746e+02	1.789664e-01	2.636291e+02	2591	6.559064e-04	0	
2.637308e+02	2592	2.864209e+02	1.142653e+01	2.637308e+02	2592	3.836370e-02	0	
2.638326e+02	2593	2.984751e+02	-1.353403e+00	2.638326e+02	2593	-4.555046e-03	0	
2.639343e+02	2594	2.867126e+02	1.423662e+01	2.639343e+02	2594	4.730572e-02	0	
2.640361e+02	2595	2.663680e+02	5.004451e+00	2.640361e+02	2595	1.844126e-02	0	
2.641378e+02	2596	2.948893e+02	1.841050e+01	2.641378e+02	2596	5.876320e-02	0	
2.642396e+02	2597	2.524013e+02	1.192259e+01	2.642396e+02	2597	4.510599e-02	0	
2.643413e+02	2598	3.110095e+02	1.478998e+01	2.643413e+02	2598	4.539596e-02	0	
2.644431e+02	2599	2.741238e+02	-8.344662e+00	2.644431e+02	2599	-3.139698e-02	0	
2.645448e+02	2600	3.109964e+02	2.913590e+01	2.645448e+02	2600	8.566049e-02	0	
2.646465e+02	2601	2.863353e+02	8.025218e+00	2.646465e+02	2601	2.726323e-02	0	
2.647483e+02	2602	2.994383e+02	7.939712e+00	2.647483e+02	2602	2.583045e-02	0	
2.648500e+02	2603	3.072171e+02	2.044146e+01	2.648500e+02	2603	6.238647e-02	0	
2.649518e+02	2604	3.056345e+02	4.716818e+01	2.649518e+02	2604	1.336956e-01	0	
2.650535e+02	2605	3.126794e+02	1.872205e+01	2.650535e+02	2605	5.649357e-02	0	
2.651553e+02	2606	3.050343e+02	1.453744e+01	2.651553e+02	2606	4.549038e-02	0	
2.652570e+02	2607	3.029231e+02	4.849566e-01	2.652570e+02	2607	1.598364e-03	0	
2.653588e+02	2608	3.156206e+02	3.545152e+01	2.653588e+02	2608	1.009807e-01	0	
2.654605e+02	2609	3.136349e+02	5.831153e+00	2.654605e+02	2609	1.825281e-02	0	
2.655623e+02	2610	3.075188e+02	7.808674e+00	2.655623e+02	2610	2.476370e-02	0	
2.656640e+02	2611	2.645813e+02	9.236166e+00	2.656640e+02	2611	3.373111e-02	0	
2.657658e+02	2612	3.144738e+02	2.513253e+00	2.657658e+02	2612	7.928567e-03	0	
2.658675e+02	2613	2.948661e+02	2.603210e-01	2.658675e+02	2613	8.820661e-04	0	
2.659693e+02	2614	2.963799e+02	-5.160617e+00	2.659693e+02	2614	-1.772073e-02	0	
2.660710e+02	2615	3.053300e+02	6.248688e+00	2.660710e+02	2615	2.005493e-02	0	
2.661728e+02	2616	3.088986e+02	4.800027e+00	2.661728e+02	2616	1.530140e-02	0	
2.662745e+02	2617	3.346949e+02	1.459932e+01	2.662745e+02	2617	4.179663e-02	0	
2.663763e+02	2618	3.181793e+02	1.197433e+00	2.663763e+02	2618	3.749281e-03	0	
2.664780e+02	2619	3.198970e+02	3.798421e+00	2.664780e+02	2619	1.173455e-02	0	
2.665798e+02	2620	3.151601e+02	-6.222616e+00	2.665798e+02	2620	-2.014199e-02	0	
2.666815e+02	2621	3.489780e+02	1.802850e+01	2.666815e+02	2621	4.912311e-02	0	
2.667833e+02	2622	3.195407e+02	8.268365e+00	2.667833e+02	2622	2.522311e-02	0	
2.668850e+02	2623	3.207251e+02	-1.609791e+01	2.668850e+02	2623	-5.284463e-02	0	
2.669868e+02	2624	3.052335e+02	-1.000218e+01	2.669868e+02	2624	-3.387913e-02	0	
2.670885e+02	2625	3.265510e+02	3.087634e+00	2.670885e+02	2625	9.366724e-03	0	
2.671902e+02	2626	3.064798e+02	-7.151869e+00	2.671902e+02	2626	-2.389309e-02	0	
2.672920e+02	2627	3.066894e+02	-5.321321e+00	2.672920e+02	2627	-1.765722e-02	0	
2.673937e+02	2628	2.884373e+02	-2.976864e+00	2.673937e+02	2628	-1.042829e-02	0	
2.674955e+02	2629	3.252200e+02	-6.799383e+00	2.674955e+02	2629	-2.135346e-02	0	
2.675972e+02	2630	3.013919e+02	-1.252156e+01	2.675972e+02	2630	-4.334664e-02	0	
2.676990e+02	2631	3.016194e+02	-6.895162e+00	2.676990e+02	2631	-2.339530e-02	0	
2.678007e+02	2632	2.989469e+02	-1.121520e+01	2.678007e+02	2632	-3.897798e-02	0	
2.679025e+02	2633	2.749186e+02	-2.035981e+00	2.679025e+02	2633	-7.461014e-03	0	
2.680042e+02	2634	3.105033e+02	-2.345372e+01	2.680042e+02	2634	-8.170616e-02	0	
2.681060e+02	2635	3.081457e+02	-5.817567e+00	2.681060e+02	2635	-1.924256e-02	0	
2.682077e+02	2636	2.955819e+02	-7.882676e+00	2.682077e+02	2636	-2.739902e-02	0	
2.683095e+02	2637	2.600711e+02	-3.150543e+01	2.683095e+02	2637	-1.378397e-01	0	
2.684112e+02	2638	3.188686e+02	8.908776e+00	2.684112e+02	2638	2.717935e-02	0	
2.685130e+02	2639	3.111473e+02	-2.244988e+01	2.685130e+02	2639	-7.776266e-02	0	
2.686147e+02	2640	3.062637e+02	-1.180819e+01	2.686147e+02	2640	-4.010178e-02	0	
2.687165e+02	2641	3.507814e+02	5.959031e+00	2.687165e+02	2641	1.670411e-02	0	
2.688182e+02	2642	3.080665e+02	3.209189e+00	2.688182e+02	2642	1.030980e-02	0	
2.689200e+02	2643	3.162545e+02	-7.345995e+00	2.689200e+02	2643	-2.378049e-02	0	
2.690217e+02	2644	3.193599e+02	1.009476e+01	2.690217e+02	2644	3.064082e-02	0	
2.691235e+02	2645	3.098966e+02	6.873811e+00	2.691235e+02	2645	2.169966e-02	0	
2.692252e+02	2646	3.303807e+02	4.033967e+00	2.692252e+02	2646	1.206277e-02	0	
2.693270e+02	2647	3.143350e+02	3.362456e+00	2.693270e+02	2647	1.058383e-02	0	
2.694287e+02	2648	3.368543e+02	4.479936e+00	2.694287e+02	2648	1.312478e-02	0	
2.695305e+02	2649	3.016148e+02	-1.873009e+01	2.695305e+02	2649	-6.621104e-02	0	
2.696322e+02	2650	3.323874e+02	-3.021588e+00	2.696322e+02	2650	-9.173958e-03	0	
2.697339e+02	2651	3.295123e+02	-7.269734e+00	2.697339e+02	2651	-2.255982e-02	0	
2.698357e+02	2652	3.111918e+02	3.023015e+00	2.698357e+02	2652	9.620854e-03	0	
2.699374e+02	2653	3.193683e+02	4.263405e+00	2.699374e+02	2653	1.317363e-02	0	
2.700392e+02	2654	3.370160e+02	-1.139254e+01	2.700392e+02	2654	-3.498685e-02	0	
2.701409e+02	2655	3.384988e+02	6.244331e+00	2.701409e+02	2655	1.811300e-02	0	
2.702427e+02	2656	3.446045e+02	-4.792309e+00	2.702427e+02	2656	-1.410282e-02	0	
2.703444e+02	2657	3.331481e+02	-3.582546e+00	2.703444e+02	2657	-1.087051e-02	0	
2.704462e+02	2658	3.273379e+02	-2.366558e+01	2.704462e+02	2658	-7.793130e-02	0	
2.705479e+02	2659	3.468378e+02	3.678626e+00	2.705479e+02	2659	1.049487e-02	0	
2.706497e+02	2660	3.270390e+02	-9.328019e+00	2.706497e+02	2660	-2.936008e-02	0	
2.707514e+02	2661	3.186648e+02	2.983415e+00	2.707514e+02	2661	9.275397e-03	0	
2.708532e+02	2662	3.266519e+02	3.320099e+00	2.708532e+02	2662	1.006176e-02	0	
2.709549e+02	2663	3.207492e+02	-2.394391e+00	2.709549e+02	2663	-7.521140e-03	0	
2.710567e+02	2664	3.111402e+02	2.423656e+00	2.710567e+02	2664	7.729386e-03	0	
2.711584e+02	2665	3.448917e+02	2.607149e+00	2.711584e+02	2665	7.502612e-03	0	
2.712602e+02	2666	3.456792e+02	5.881557e+00	2.712602e+02	2666	1.672985e-02	0	
2.713619e+02	2667	2.610383e+02	2.374295e+01	2.713619e+02	2667	8.337259e-02	0	
2.714637e+02	2668	2.947756e+02	2.498809e+01	2.714637e+02	2668	7.814549e-02	0	
2.715654e+02	2669	2.901966e+02	1.589908e+01	2.715654e+02	2669	5.194154e-02	0	
2.716672e+02	2670	2.626775e+02	2.066393e+01	2.716672e+02	2670	7.292943e-02	0	
2.717689e+02	2671	3.248445e+02	4.267158e+01	2.717689e+02	2671	1.161081e-01	0	
2.718707e+02	2672	3.022927e+02	2.419349e+01	2.718707e+02	2672	7.410264e-02	0	
2.719724e+02	2673	2.836520e+02	1.142724e+01	2.719724e+02	2673	3.872600e-02	0	
2.720742e+02	2674	3.295064e+02	4.467084e+01	2.720742e+02	2674	1.193842e-01	0	
2.721759e+02	2675	3.236165e+02	2.391025e+01	2.721759e+02	2675	6.880118e-02	0	
2.722776e+02	2676	3.216087e+02	4.150637e+01	2.722776e+02	2676	1.143064e-01	0	
2.723794e+02	2677	3.330429e+02	2.244405e+01	2.723794e+02	2677	6.313607e-02	0	
2.724811e+02	2678	3.072279e+02	2.230734e+00	2.724811e+02	2678	7.208505e-03	0	
2.725829e+02	2679	3.281819e+02	-1.211094e+00	2.725829e+02	2679	-3.703982e-03	0	
2.726846e+02	2680	3.217419e+02	3.283211e+01	2.726846e+02	2680	9.259593e-02	0	
2.727864e+02	2681	3.191198e+02	1.708079e+01	2.727864e+02	2681	5.080535e-02	0	
2.728881e+02	2682	2.818633e+02	1.256214e+00	2.728881e+02	2682	4.437045e-03	0	
2.729899e+02	2683	3.090073e+02	5.782955e+00	2.729899e+02	2683	1.837082e-02	0	
2.730916e+02	2684	2.901025e+02	1.673944e+00	2.730916e+02	2684	5.737077e-03	0	
2.731934e+02	2685	3.041466e+02	-6.831052e+00	2.731934e+02	2685	-2.297576e-02	0	
2.732951e+02	2686	3.067333e+02	1.495393e+00	2.732951e+02	2686	4.851570e-03	0	
2.733969e+02	2687	2.818299e+02	2.440054e+00	2.733969e+02	2687	8.583580e-03	0	
2.734986e+02	2688	2.883647e+02	-1.515390e+00	2.734986e+02	2688	-5.282878e-03	0	
2.736004e+02	2689	2.619690e+02	-2.638713e+01	2.736004e+02	2689	-1.120083e-01	0	
2.737021e+02	2690	2.660829e+02	-1.261111e+01	2.737021e+02	2690	-4.975351e-02	0	
2.738039e+02	2691	3.305957e+02	1.407071e+01	2.738039e+02	2691	4.082414e-02	0	
2.739056e+02	2692	3.155058e+02	8.203925e+00	2.739056e+02	2692	2.534346e-02	0	
2.740074e+02	2693	3.478277e+02	1.058859e+01	2.740074e+02	2693	2.954271e-02	0	
2.741091e+02	2694	3.006251e+02	3.971293e+00	2.741091e+02	2694	1.303789e-02	0	
2.742109e+02	2695	3.554693e+02	1.109187e+01	2.742109e+02	2695	3.025926e-02	0	
2.743126e+02	2696	3.251876e+02	7.836740e+00	2.743126e+02	2696	2.353203e-02	0	
2.744144e+02	2697	3.448870e+02	1.772292e+01	2.744144e+02	2697	4.887599e-02	0	
2.745161e+02	2698	3.498877e+02	1.299268e+01	2.745161e+02	2698	3.580431e-02	0	
2.746179e+02	2699	2.807748e+02	3.091834e+01	2.746179e+02	2699	9.919480e-02	0	
2.747196e+02	2700	2.964056e+02	1.632035e+01	2.747196e+02	2700	5.218739e-02	0	
2.748213e+02	2701	2.909592e+02	4.335340e+01	2.748213e+02	2701	1.296792e-01	0	
2.749231e+02	2702	3.076990e+02	1.464931e+01	2.749231e+02	2702	4.544559e-02	0	
2.750248e+02	2703	3.096498e+02	1.257356e+01	2.750248e+02	2703	3.902126e-02	0	
2.751266e+02	2704	3.147635e+02	1.275726e+01	2.751266e+02	2704	3.895100e-02	0	
2.752283e+02	2705	2.754760e+02	2.837838e+01	2.752283e+02	2705	9.339467e-02	0	
2.753301e+02	2706	3.311548e+02	1.536426e+01	2.753301e+02	2706	4.433886e-02	0	
2.754318e+02	2707	3.302515e+02	1.670951e+01	2.754318e+02	2707	4.815962e-02	0	
2.755336e+02	2708	3.080815e+02	2.255746e+01	2.755336e+02	2708	6.822384e-02	0	
2.756353e+02	2709	3.279180e+02	3.025824e+01	2.756353e+02	2709	8.447864e-02	0	
2.757371e+02	2710	3.008375e+02	3.648156e+00	2.757371e+02	2710	1.198137e-02	0	
2.758388e+02	2711	3.224349e+02	6.576453e+00	2.758388e+02	2711	1.998853e-02	0	
2.759406e+02	2712	3.152646e+02	1.070144e+01	2.759406e+02	2712	3.282992e-02	0	
2.760423e+02	2713	2.999045e+02	2.384066e+01	2.760423e+02	2713	7.364021e-02	0	
2.761441e+02	2714	3.114450e+02	-1.038980e+01	2.761441e+02	2714	-3.451128e-02	0	
2.762458e+02	2715	3.102168e+02	-5.714999e+00	2.762458e+02	2715	-1.876836e-02	0	
2.763476e+02	2716	3.100330e+02	1.559837e+01	2.763476e+02	2716	4.790193e-02	0	
2.764493e+02	2717	3.139644e+02	3.904863e+00	2.764493e+02	2717	1.228449e-02	0	
2.765511e+02	2718	2.843846e+02	-1.971392e+01	2.765511e+02	2718	-7.448471e-02	0	
2.766528e+02	2719	3.139018e+02	9.576124e-01	2.766528e+02	2719	3.041397e-03	0	
2.767546e+02	2720	2.937000e+02	5.828590e+00	2.767546e+02	2720	1.945921e-02	0	
2.768563e+02	2721	3.171242e+02	2.447324e+00	2.768563e+02	2721	7.658142e-03	0	
2.769581e+02	2722	3.108617e+02	1.024553e+01	2.769581e+02	2722	3.190688e-02	0	
2.770598e+02	2723	3.263999e+02	5.754616e+00	2.770598e+02	2723	1.732512e-02	0	
2.771616e+02	2724	2.768584e+02	4.950156e+00	2.771616e+02	2724	1.756567e-02	0	
2.772633e+02	2725	3.167923e+02	6.935319e+00	2.772633e+02	2725	2.142332e-02	0	
2.773650e+02	2726	3.226527e+02	8.594064e+00	2.773650e+02	2726	2.594460e-02	0	
2.774668e+02	2727	3.252223e+02	7.237773e+00	2.774668e+02	2727	2.177035e-02	0	
2.775685e+02	2728	3.110808e+02	6.725548e+00	2.775685e+02	2728	2.116241e-02	0	
2.776703e+02	2729	2.978292e+02	-5.472825e-01	2.776703e+02	2729	-1.840955e-03	0	
2.777720e+02	2730	3.270606e+02	9.560044e+00	2.777720e+02	2730	2.840005e-02	0	
2.778738e+02	2731	3.304564e+02	8.416049e+00	2.778738e+02	2731	2.483545e-02	0	
2.779755e+02	2732	3.163004e+02	6.205529e+00	2.779755e+02	2732	1.924160e-02	0	
2.780773e+02	2733	3.222977e+02	5.985210e+00	2.780773e+02	2733	1.823187e-02	0	
2.781790e+02	2734	3.138535e+02	8.770757e+00	2.781790e+02	2734	2.718567e-02	0	
2.782808e+02	2735	3.415387e+02	1.506997e+01	2.782808e+02	2735	4.225912e-02	0	
2.783825e+02	2736	3.306707e+02	7.529627e+00	2.783825e+02	2736	2.226381e-02	0	
2.784843e+02	2737	3.319811e+02	9.361138e+00	2.784843e+02	2737	2.742449e-02	0	
2.785860e+02	2738	3.336514e+02	5.320987e+00	2.785860e+02	2738	1.569741e-02	0	
2.786878e+02	2739	3.381709e+02	1.272923e+01	2.786878e+02	2739	3.627593e-02	0	
2.787895e+02	2740	3.182343e+02	2.311130e+01	2.787895e+02	2740	6.770645e-02	0	
2.788913e+02	2741	3.306708e+02	1.492515e+01	2.788913e+02	2741	4.318670e-02	0	
2.789930e+02	2742	3.361647e+02	1.038770e+01	2.789930e+02	2742	2.997440e-02	0	
2.790948e+02	2743	3.394333e+02	1.220615e+01	2.790948e+02	2743	3.471212e-02	0	
2.791965e+02	2744	2.989436e+02	3.113359e+01	2.791965e+02	2744	9.432215e-02	0	
2.792983e+02	2745	3.046152e+02	1.531898e+01	2.792983e+02	2745	4.788166e-02	0	
2.794000e+02	2746	2.880169e+02	2.921315e+01	2.794000e+02	2746	9.208822e-02	0	
2.795018e+02	2747	3.018504e+02	3.522054e+01	2.795018e+02	2747	1.044900e-01	0	
2.796035e+02	2748	3.120457e+02	1.879960e+01	2.796035e+02	2748	5.682293e-02	0	
2.797053e+02	2749	2.752519e+02	-3.357497e+00	2.797053e+02	2749	-1.234853e-02	0	
2.798070e+02	2750	3.090740e+02	6.380682e+00	2.798070e+02	2750	2.022694e-02	0	
2.799087e+02	2751	2.995556e+02	1.917393e+01	2.799087e+02	2751	6.015737e-02	0	
2.800105e+02	2752	3.265901e+02	1.795715e+01	2.800105e+02	2752	5.211811e-02	0	
2.801122e+02	2753	3.287754e+02	1.127808e+01	2.801122e+02	2753	3.316561e-02	0	
2.802140e+02	2754	3.169615e+02	1.292699e+01	2.802140e+02	2754	3.918594e-02	0	
2.803157e+02	2755	3.199099e+02	1.807603e+01	2.803157e+02	2755	5.348160e-02	0	
2.804175e+02	2756	3.142140e+02	2.191396e+01	2.804175e+02	2756	6.519529e-02	0	
2.805192e+02	2757	3.233478e+02	1.260265e+01	2.805192e+02	2757	3.751342e-02	0	
2.806210e+02	2758	2.877370e+02	2.426001e+01	2.806210e+02	2758	7.775719e-02	0	
2.807227e+02	2759	3.363632e+02	9.212272e+00	2.807227e+02	2759	2.665777e-02	0	
2.808245e+02	2760	2.930632e+02	9.085741e+00	2.808245e+02	2760	3.007040e-02	0	
2.809262e+02	2761	3.063746e+02	2.188727e+01	2.809262e+02	2761	6.667625e-02	0	
2.810280e+02	2762	2.980077e+02	1.037928e+01	2.810280e+02	2762	3.365667e-02	0	
2.811297e+02	2763	2.911845e+02	2.334234e+01	2.811297e+02	2763	7.421414e-02	0	
2.812315e+02	2764	3.119959e+02	1.495000e+01	2.812315e+02	2764	4.572622e-02	0	
2.813332e+02	2765	3.267038e+02	-7.455354e+00	2.813332e+02	2765	-2.335283e-02	0	
2.814350e+02	2766	3.215379e+02	5.308995e+00	2.814350e+02	2766	1.624306e-02	0	
2.815367e+02	2767	3.493762e+02	1.449274e+01	2.815367e+02	2767	3.982956e-02	0	
2.816385e+02	2768	3.041772e+02	5.051868e+00	2.816385e+02	2768	1.633698e-02	0	
2.817402e+02	2769	3.043981e+02	3.296549e+00	2.817402e+02	2769	1.071370e-02	0	
2.818420e+02	2770	2.829985e+02	-1.345607e-02	2.818420e+02	2770	-4.755046e-05	0	
2.819437e+02	2771	3.035845e+02	-1.947207e+01	2.819437e+02	2771	-6.853649e-02	0	
2.820455e+02	2772	2.910948e+02	3.171735e+00	2.820455e+02	2772	1.077844e-02	0	
2.821472e+02	2773	3.079630e+02	2.047951e+00	2.821472e+02	2773	6.606060e-03	0	
2.822490e+02	2774	2.744632e+02	1.968896e+01	2.822490e+02	2774	6.693461e-02	0	
2.823507e+02	2775	2.588498e+02	1.204617e+01	2.823507e+02	2775	4.446788e-02	0	
2.824524e+02	2776	2.767375e+02	2.377620e+01	2.824524e+02	2776	7.911852e-02	0	
2.825542e+02	2777	2.706307e+02	2.320352e+01	2.825542e+02	2777	7.896807e-02	0	
2.826559e+02	2778	2.696473e+02	1.104974e+01	2.826559e+02	2778	3.936536e-02	0	
2.827577e+02	2779	2.868638e+02	2.047362e+01	2.827577e+02	2779	6.661610e-02	0	
2.828594e+02	2780	2.869669e+02	4.536211e+01	2.828594e+02	2780	1.364976e-01	0	
2.829612e+02	2781	2.732231e+02	1.560318e+01	2.829612e+02	2781	5.402272e-02	0	
2.830629e+02	2782	2.667028e+02	1.831453e+01	2.830629e+02	2782	6.425760e-02	0	
2.831647e+02	2783	2.920182e+02	5.216133e+00	2.831647e+02	2783	1.754889e-02	0	
2.832664e+02	2784	2.877865e+02	1.686087e+01	2.832664e+02	2784	5.534553e-02	0	
2.833682e+02	2785	2.952221e+02	5.143499e+00	2.833682e+02	2785	1.712413e-02	0	
2.834699e+02	2786	3.021815e+02	-9.424165e+00	2.834699e+02	2786	-3.219105e-02	0	
2.835717e+02	2787	2.932730e+02	-8.758517e+00	2.835717e+02	2787	-3.078408e-02	0	
2.836734e+02	2788	3.159377e+02	-5.120374e+00	2.836734e+02	2788	-1.647390e-02	0	
2.837752e+02	2789	2.881473e+02	2.454504e+01	2.837752e+02	2789	7.849581e-02	0	
2.838769e+02	2790	2.914206e+02	9.133551e+00	2.838769e+02	2790	3.038904e-02	0	
2.839787e+02	2791	2.899207e+02	-6.890079e+00	2.839787e+02	2791	-2.434393e-02	0	
2.840804e+02	2792	3.129696e+02	-5.054053e+00	2.840804e+02	2792	-1.641376e-02	0	
2.841822e+02	2793	2.937034e+02	-2.761407e+01	2.841822e+02	2793	-1.037774e-01	0	
2.842839e+02	2794	3.365559e+02	-1.521721e+01	2.842839e+02	2794	-4.735567e-02	0	
2.843857e+02	2795	2.927817e+02	-1.160314e+01	2.843857e+02	2795	-4.126609e-02	0	
2.844874e+02	2796	3.282037e+02	-5.192492e+00	2.844874e+02	2796	-1.607527e-02	0	
2.845892e+02	2797	3.362909e+02	-1.544498e+01	2.845892e+02	2797	-4.813831e-02	0	
2.846909e+02	2798	3.265500e+02	1.375713e+01	2.846909e+02	2798	4.042563e-02	0	
2.847927e+02	2799	3.185733e+02	-8.542308e+00	2.847927e+02	2799	-2.755308e-02	0	
2.848944e+02	2800	3.067718e+02	3.346137e+01	2.848944e+02	2800	9.834835e-02	0	
2.849961e+02	2801	3.380975e+02	3.955403e+01	2.849961e+02	2801	1.047368e-01	0	
2.850979e+02	2802	3.334395e+02	7.434874e+00	2.850979e+02	2802	2.181118e-02	0	
2.851996e+02	2803	2.856830e+02	-2.459130e+00	2.851996e+02	2803	-8.682637e-03	0	
2.853014e+02	2804	2.988550e+02	1.829255e+01	2.853014e+02	2804	5.767836e-02	0	
2.854031e+02	2805	3.002120e+02	1.878286e+01	2.854031e+02	2805	5.888139e-02	0	
2.855049e+02	2806	2.856800e+02	-2.460295e+00	2.855049e+02	2806	-8.686878e-03	0	
2.856066e+02	2807	2.964185e+02	1.682523e+01	2.856066e+02	2807	5.371290e-02	0	
2.857084e+02	2808	3.084909e+02	2.719719e+01	2.857084e+02	2808	8.101923e-02	0	
2.858101e+02	2809	3.107992e+02	1.711728e+01	2.858101e+02	2809	5.220012e-02	0	
2.859119e+02	2810	3.511880e+02	-1.999602e+01	2.859119e+02	2810	-6.037592e-02	0	
2.860136e+02	2811	3.138801e+02	9.112389e+00	2.860136e+02	2811	2.821239e-02	0	
2.861154e+02	2812	2.963424e+02	9.308575e+00	2.861154e+02	2812	3.045492e-02	0	
2.862171e+02	2813	3.360945e+02	1.692555e+01	2.862171e+02	2813	4.794501e-02	0	
2.863189e+02	2814	3.200733e+02	1.682110e+01	2.863189e+02	2814	4.992989e-02	0	
2.864206e+02	2815	3.167215e+02	-2.076868e+00	2.864206e+02	2815	-6.600678e-03	0	
2.865224e+02	2816	3.231769e+02	-1.190955e+00	2.865224e+02	2816	-3.698779e-03	0	
2.866241e+02	2817	3.181450e+02	1.564282e+01	2.866241e+02	2817	4.686456e-02	0	
2.867259e+02	2818	2.997137e+02	6.904180e+00	2.867259e+02	2818	2.251721e-02	0	
2.868276e+02	2819	2.945846e+02	-9.666467e+00	2.868276e+02	2819	-3.392717e-02	0	
2.869294e+02	2820	3.335105e+02	-1.414577e+00	2.869294e+02	2820	-4.259543e-03	0	
2.870311e+02	2821	2.914214e+02	5.736476e+00	2.870311e+02	2821	1.930447e-02	0	
2.871329e+02	2822	3.425193e+02	2.666867e+00	2.871329e+02	2822	7.725880e-03	0	
2.872346e+02	2823	3.189475e+02	-5.487000e-02	2.872346e+02	2823	-1.720642e-04	0	
2.873364e+02	2824	3.380421e+02	1.088735e+01	2.873364e+02	2824	3.120215e-02	0	
2.874381e+02	2825	3.521769e+02	1.652800e+00	2.874381e+02	2825	4.671174e-03	0	
2.875398e+02	2826	3.320480e+02	-1.559488e+00	2.875398e+02	2826	-4.718736e-03	0	
2.876416e+02	2827	3.264172e+02	-2.888996e+00	2.876416e+02	2827	-8.929657e-03	0	
2.877433e+02	2828	3.381535e+02	3.882917e+00	2.877433e+02	2828	1.135235e-02	0	
2.878451e+02	2829	3.215343e+02	-5.585153e+00	2.878451e+02	2829	-1.767738e-02	0	
2.879468e+02	2830	3.375994e+02	1.334951e+00	2.879468e+02	2830	3.938671e-03	0	
2.880486e+02	2831	3.135822e+02	6.295734e+00	2.880486e+02	2831	1.968168e-02	0	
2.881503e+02	2832	3.295132e+02	1.261028e+01	2.881503e+02	2832	3.685886e-02	0	
2.882521e+02	2833	3.130989e+02	1.395198e+01	2.882521e+02	2833	4.265997e-02	0	
2.883538e+02	2834	3.193583e+02	1.225669e+01	2.883538e+02	2834	3.696060e-02	0	
2.884556e+02	2835	3.298370e+02	3.290241e+00	2.884556e+02	2835	9.876830e-03	0	
2.885573e+02	2836	3.222684e+02	1.312829e+01	2.885573e+02	2836	3.914257e-02	0	
2.886591e+02	2837	2.822238e+02	-1.962269e+00	2.886591e+02	2837	-7.001564e-03	0	
2.887608e+02	2838	3.109128e+02	2.077788e+00	2.887608e+02	2838	6.638500e-03	0	
2.888626e+02	2839	3.218492e+02	1.245742e+01	2.888626e+02	2839	3.726346e-02	0	
2.889643e+02	2840	3.208077e+02	-1.644409e+00	2.889643e+02	2840	-5.152250e-03	0	
2.890661e+02	2841	2.841211e+02	-9.005416e-01	2.890661e+02	2841	-3.179648e-03	0	
2.891678e+02	2842	3.126109e+02	1.375619e+01	2.891678e+02	2842	4.214944e-02	0	
2.892696e+02	2843	3.051662e+02	7.407736e+00	2.892696e+02	2843	2.369915e-02	0	
2.893713e+02	2844	2.842094e+02	-6.687134e-01	2.893713e+02	2844	-2.358439e-03	0	
2.894731e+02	2845	3.376595e+02	-1.593737e+00	2.894731e+02	2845	-4.742337e-03	0	
2.895748e+02	2846	3.874723e+02	-2.800004e+01	2.895748e+02	2846	-7.789207e-02	0	
2.896766e+02	2847	3.505632e+02	-9.933455e+00	2.896766e+02	2847	-2.916203e-02	0	
2.897783e+02	2848	3.402819e+02	-2.761741e+00	2.897783e+02	2848	-8.182448e-03	0	
2.898801e+02	2849	3.369826e+02	1.355115e+01	2.898801e+02	2849	3.865862e-02	0	
2.899818e+02	2850	3.319655e+02	-5.351908e+00	2.899818e+02	2850	-1.638605e-02	0	
2.900835e+02	2851	3.435845e+02	-6.203392e+00	2.900835e+02	2851	-1.838690e-02	0	
2.901853e+02	2852	3.560863e+02	-6.488848e+00	2.901853e+02	2852	-1.856091e-02	0	
2.902870e+02	2853	3.359482e+02	-6.357753e+00	2.902870e+02	2853	-1.928986e-02	0	
2.903888e+02	2854	3.465240e+02	-5.941844e+00	2.903888e+02	2854	-1.744614e-02	0	
2.904905e+02	2855	3.192247e+02	2.564751e+01	2.904905e+02	2855	7.436816e-02	0	
2.905923e+02	2856	3.272511e+02	-2.052378e+01	2.905923e+02	2856	-6.691214e-02	0	
2.906940e+02	2857	3.278257e+02	-5.743206e+00	2.906940e+02	2857	-1.783148e-02	0	
2.907958e+02	2858	2.986059e+02	3.157517e+01	2.907958e+02	2858	9.562986e-02	0	
2.908975e+02	2859	3.328903e+02	-3.741740e+00	2.908975e+02	2859	-1.136794e-02	0	
2.909993e+02	2860	3.448425e+02	2.860645e+01	2.909993e+02	2860	7.660070e-02	0	
2.911010e+02	2861	3.271427e+02	4.784902e+01	2.911010e+02	2861	1.276002e-01	0	
2.912028e+02	2862	3.070413e+02	3.031972e+01	2.912028e+02	2862	8.987322e-02	0	
2.913045e+02	2863	2.960735e+02	1.122588e+01	2.913045e+02	2863	3.653076e-02	0	
2.914063e+02	2864	3.134280e+02	2.563481e+01	2.914063e+02	2864	7.560490e-02	0	
2.915080e+02	2865	3.011770e+02	2.830020e+01	2.915080e+02	2865	8.589426e-02	0	
2.916098e+02	2866	3.265475e+02	2.066439e+01	2.916098e+02	2866	5.951521e-02	0	
2.917115e+02	2867	2.953839e+02	2.033740e+01	2.917115e+02	2867	6.441567e-02	0	
2.918133e+02	2868	3.190964e+02	2.624142e+01	2.918133e+02	2868	7.598768e-02	0	
2.919150e+02	2869	3.056445e+02	1.425283e+01	2.919150e+02	2869	4.455439e-02	0	
2.920168e+02	2870	3.059153e+02	1.621001e+01	2.920168e+02	2870	5.032206e-02	0	
2.921185e+02	2871	3.126403e+02	1.548813e+01	2.921185e+02	2871	4.720143e-02	0	
2.922203e+02	2872	3.115524e+02	2.213562e+01	2.922203e+02	2872	6.633627e-02	0	
2.923220e+02	2873	3.239140e+02	2.959762e+01	2.923220e+02	2873	8.372460e-02	0	
2.924238e+02	2874	2.963326e+02	1.476896e+01	2.924238e+02	2874	4.747311e-02	0	
2.925255e+02	2875	3.230798e+02	2.356033e+01	2.925255e+02	2875	6.796769e-02	0	
2.926272e+02	2876	3.353033e+02	2.942431e+01	2.926272e+02	2876	8.067475e-02	0	
2.927290e+02	2877	2.960496e+02	7.617157e+00	2.927290e+02	2877	2.508393e-02	0	
2.928307e+02	2878	3.034915e+02	1.443670e+01	2.928307e+02	2878	4.540868e-02	0	
2.929325e+02	2879	3.127926e+02	1.459615e+01	2.929325e+02	2879	4.458354e-02	0	
2.930342e+02	2880	2.716985e+02	5.533905e+00	2.930342e+02	2880	1.996125e-02	0	
2.931360e+02	2881	2.988765e+02	1.563589e+01	2.931360e+02	2881	4.971470e-02	0	
2.932377e+02	2882	2.772360e+02	1.955191e+00	2.932377e+02	2882	7.003054e-03	0	
2.933395e+02	2883	2.888497e+02	5.933491e+00	2.933395e+02	2883	2.012832e-02	0	
2.934412e+02	2884	2.828445e+02	-3.700007e+00	2.934412e+02	2884	-1.325481e-02	0	
2.935430e+02	2885	3.022124e+02	2.027476e+00	2.935430e+02	2885	6.664071e-03	0	
2.936447e+02	2886	2.954801e+02	5.044648e+00	2.936447e+02	2886	1.678613e-02	0	
2.937465e+02	2887	2.950772e+02	5.670595e-02	2.937465e+02	2887	1.921363e-04	0	
2.938482e+02	2888	2.825833e+02	6.773643e-01	2.938482e+02	2888	2.391311e-03	0	
2.939500e+02	2889	2.938429e+02	-4.825330e+00	2.939500e+02	2889	-1.669563e-02	0	
2.940517e+02	2890	2.941685e+02	1.146391e+01	2.940517e+02	2890	3.750882e-02	0	
2.941535e+02	2891	3.266919e+02	1.538009e+01	2.941535e+02	2891	4.496156e-02	0	
2.942552e+02	2892	2.940020e+02	2.979303e+00	2.942552e+02	2892	1.003195e-02	0	
2.943570e+02	2893	2.823010e+02	4.430079e+00	2.943570e+02	2893	1.545029e-02	0	
2.944587e+02	2894	3.460204e+02	1.083604e+01	2.944587e+02	2894	3.036526e-02	0	
2.945605e+02	2895	3.783341e+02	3.060161e+01	2.945605e+02	2895	7.483233e-02	0	
2.946622e+02	2896	3.107897e+02	9.447144e+00	2.946622e+02	2896	2.950049e-02	0	
2.947640e+02	2897	3.467138e+02	1.585623e+01	2.947640e+02	2897	4.373288e-02	0	
2.948657e+02	2898	3.519563e+02	-1.063469e+01	2.948657e+02	2898	-3.115739e-02	0	
2.949675e+02	2899	3.723495e+02	-3.026562e+01	2.949675e+02	2899	-8.847427e-02	0	
2.950692e+02	2900	3.363933e+02	1.818870e+01	2.950692e+02	2900	5.129617e-02	0	
2.951709e+02	2901	3.521278e+02	1.446774e+01	2.951709e+02	2901	3.946513e-02	0	
2.952727e+02	2902	2.942398e+02	3.641924e+01	2.952727e+02	2902	1.101414e-01	0	
2.953744e+02	2903	3.416472e+02	1.606292e+01	2.953744e+02	2903	4.490485e-02	0	
2.954762e+02	2904	3.193259e+02	1.776031e+01	2.954762e+02	2904	5.268774e-02	0	
2.955779e+02	2905	3.722781e+02	1.803383e+01	2.955779e+02	2905	4.620364e-02	0	
2.956797e+02	2906	3.383325e+02	1.019209e+01	2.956797e+02	2906	2.924353e-02	0	
2.957814e+02	2907	3.376246e+02	2.352634e+01	2.957814e+02	2907	6.514268e-02	0	
2.958832e+02	2908	3.106458e+02	2.769639e+00	2.958832e+02	2908	8.836958e-03	0	
2.959849e+02	2909	3.140093e+02	7.312110e+00	2.959849e+02	2909	2.275637e-02	0	
2.960867e+02	2910	3.344410e+02	1.691998e+01	2.960867e+02	2910	4.815555e-02	0	
2.961884e+02	2911	3.373205e+02	2.148997e+01	2.961884e+02	2911	5.989226e-02	0	
2.962902e+02	2912	2.936709e+02	9.107757e+00	2.962902e+02	2912	3.008058e-02	0	
2.963919e+02	2913	3.389184e+02	7.416281e+00	2.963919e+02	2913	2.141363e-02	0	
2.964937e+02	2914	2.904244e+02	1.698616e+00	2.964937e+02	2914	5.814728e-03	0	
2.965954e+02	2915	2.762671e+02	4.155605e+00	2.965954e+02	2915	1.481907e-02	0	
2.966972e+02	2916	2.983417e+02	-4.298477e+00	2.966972e+02	2916	-1.461852e-02	0	
2.967989e+02	2917	2.744293e+02	-3.258067e+00	2.967989e+02	2917	-1.201480e-02	0	
2.969007e+02	2918	3.034728e+02	1.115683e+00	2.969007e+02	2918	3.662919e-03	0	
2.970024e+02	2919	2.988066e+02	1.184515e+01	2.970024e+02	2919	3.813000e-02	0	
2.971042e+02	2920	3.292403e+02	-9.000620e+00	2.971042e+02	2920	-2.810589e-02	0	
2.972059e+02	2921	3.276336e+02	-7.688752e+00	2.972059e+02	2921	-2.403149e-02	0	
2.973077e+02	2922	3.312369e+02	-1.052332e+01	2.973077e+02	2922	-3.281221e-02	0	
2.974094e+02	2923	3.304041e+02	1.162976e+00	2.974094e+02	2923	3.507514e-03	0	
2.975112e+02	2924	3.250056e+02	-1.272161e+01	2.975112e+02	2924	-4.073731e-02	0	
2.976129e+02	2925	3.221007e+02	-6.584227e+00	2.976129e+02	2925	-2.086809e-02	0	
2.977146e+02	2926	3.479472e+02	4.477627e+00	2.977146e+02	2926	1.270520e-02	0	
2.978164e+02	2927	3.090158e+02	-3.983127e+00	2.978164e+02	2927	-1.305803e-02	0	
2.979181e+02	2928	3.287251e+02	-7.304593e+00	2.979181e+02	2928	-2.272597e-02	0	
2.980199e+02	2929	3.280681e+02	-1.076166e+01	2.980199e+02	2929	-3.391567e-02	0	
2.981216e+02	2930	3.179903e+02	-5.689307e+00	2.981216e+02	2930	-1.821738e-02	0	
2.982234e+02	2931	3.048425e+02	8.481104e+00	2.982234e+02	2931	2.706819e-02	0	
2.983251e+02	2932	2.880547e+02	4.544716e+00	2.983251e+02	2932	1.553221e-02	0	
2.984269e+02	2933	2.990911e+02	7.558371e+00	2.984269e+02	2933	2.464824e-02	0	
2.985286e+02	2934	3.197989e+02	-5.289777e+00	2.985286e+02	2934	-1.681915e-02	0	
2.986304e+02	2935	3.236383e+02	8.865887e+00	2.986304e+02	2935	2.666399e-02	0	
2.987321e+02	2936	3.128813e+02	8.504648e+00	2.987321e+02	2936	2.646241e-02	0	
2.988339e+02	2937	2.891343e+02	-2.227583e+01	2.988339e+02	2937	-8.347432e-02	0	
2.989356e+02	2938	3.049321e+02	-5.883550e+00	2.989356e+02	2938	-1.967423e-02	0	
2.990374e+02	2939	3.058093e+02	1.134953e+01	2.990374e+02	2939	3.578500e-02	0	
2.991391e+02	2940	2.892147e+02	-2.221003e+01	2.991391e+02	2940	-8.318218e-02	0	
2.992409e+02	2941	2.838023e+02	-3.360075e+00	2.992409e+02	2941	-1.198134e-02	0	
2.993426e+02	2942	3.246108e+02	-8.511463e+00	2.993426e+02	2942	-2.692654e-02	0	
2.994444e+02	2943	3.258131e+02	-2.424310e+00	2.994444e+02	2943	-7.496580e-03	0	
2.995461e+02	2944	3.218938e+02	-6.455932e+00	2.995461e+02	2944	-2.046657e-02	0	
2.996479e+02	2945	3.373552e+02	-1.764882e+01	2.996479e+02	2945	-5.520321e-02	0	
2.997496e+02	2946	3.178073e+02	7.129278e-01	2.997496e+02	2946	2.238250e-03	0	
2.998514e+02	2947	3.327921e+02	-2.232581e+01	2.998514e+02	2947	-7.191058e-02	0	
2.999531e+02	2948	3.418175e+02	-2.341262e+01	2.999531e+02	2948	-7.353097e-02	0	
3.000549e+02	2949	3.322428e+02	1.339121e+01	3.000549e+02	2949	3.874390e-02	0	
3.001566e+02	2950	3.348155e+02	9.041862e-01	3.001566e+02	2950	2.693277e-03	0	
3.002583e+02	2951	3.165954e+02	1.798910e+00	3.002583e+02	2951	5.649944e-03	0	
3.003601e+02	2952	3.357550e+02	5.448754e+00	3.003601e+02	2952	1.596921e-02	0	
3.004618e+02	2953	3.304713e+02	1.328413e+01	3.004618e+02	2953	3.864413e-02	0	
3.005636e+02	2954	3.319823e+02	1.375572e+01	3.005636e+02	2954	3.978654e-02	0	
3.006653e+02	2955	3.413414e+02	9.925408e+00	3.006653e+02	2955	2.825604e-02	0	
3.007671e+02	2956	3.325984e+02	7.487790e+00	3.007671e+02	2956	2.201733e-02	0	
3.008688e+02	2957	3.424936e+02	1.019996e+01	3.008688e+02	2957	2.892018e-02	0	
3.009706e+02	2958	3.701082e+02	-8.238067e-01	3.009706e+02	2958	-2.230819e-03	0	
3.010723e+02	2959	3.191857e+02	4.681494e+00	3.010723e+02	2959	1.445498e-02	0	
3.011741e+02	2960	3.325123e+02	8.609223e+00	3.011741e+02	2960	2.523799e-02	0	
3.012758e+02	2961	3.056628e+02	3.937614e+00	3.012758e+02	2961	1.271837e-02	0	
3.013776e+02	2962	3.427387e+02	9.061083e+00	3.013776e+02	2962	2.575636e-02	0	
3.014793e+02	2963	3.030402e+02	5.769032e+00	3.014793e+02	2963	1.868154e-02	0	
3.015811e+02	2964	3.185343e+02	8.925493e+00	3.015811e+02	2964	2.725676e-02	0	
3.016828e+02	2965	3.214078e+02	5.137301e+00	3.016828e+02	2965	1.573229e-02	0	
3.017846e+02	2966	2.785125e+02	-7.156218e+00	3.017846e+02	2966	-2.637204e-02	0	
3.018863e+02	2967	3.198938e+02	1.526195e-01	3.018863e+02	2967	4.768668e-04	0	
3.019881e+02	2968	3.255145e+02	1.311638e+01	3.019881e+02	2968	3.873356e-02	0	
3.020898e+02	2969	3.095708e+02	-4.557430e-01	3.020898e+02	2969	-1.474347e-03	0	
3.021916e+02	2970	3.362076e+02	1.248166e+01	3.021916e+02	2970	3.579594e-02	0	
3.022933e+02	2971	3.230030e+02	5.542424e+00	3.022933e+02	2971	1.686958e-02	0	
3.023951e+02	2972	3.147240e+02	-4.404490e+00	3.023951e+02	2972	-1.419340e-02	0	
3.024968e+02	2973	3.515649e+02	3.850230e+00	3.024968e+02	2973	1.083305e-02	0	
3.025986e+02	2974	3.220095e+02	1.017587e+01	3.025986e+02	2974	3.063311e-02	0	
3.027003e+02	2975	3.366382e+02	-6.365625e+00	3.027003e+02	2975	-1.927385e-02	0	
3.028020e+02	2976	4.114789e+02	1.956529e+01	3.028020e+02	2976	4.539045e-02	0	
3.029038e+02	2977	3.452485e+02	7.053372e+00	3.029038e+02	2977	2.002082e-02	0	
3.030055e+02	2978	3.367523e+02	1.124652e+01	3.030055e+02	2978	3.231770e-02	0	
3.031073e+02	2979	3.595257e+02	5.847822e+00	3.031073e+02	2979	1.600505e-02	0	
3.032090e+02	2980	3.548436e+02	4.532163e+00	3.032090e+02	2980	1.261121e-02	0	
3.033108e+02	2981	3.492367e+02	-3.442355e+00	3.033108e+02	2981	-9.954920e-03	0	
3.034125e+02	2982	3.339123e+02	-3.460917e+00	3.034125e+02	2982	-1.047330e-02	0	
3.035143e+02	2983	3.507097e+02	-2.377477e+00	3.035143e+02	2983	-6.825315e-03	0	
3.036160e+02	2984	3.454527e+02	-1.010440e+01	3.036160e+02	2984	-3.013106e-02	0	
3.037178e+02	2985	3.236444e+02	-2.517114e+00	3.037178e+02	2985	-7.838368e-03	0	
3.038195e+02	2986	3.895533e+02	-8.125083e+00	3.038195e+02	2986	-2.130174e-02	0	
3.039213e+02	2987	3.446563e+02	-2.829697e+00	3.039213e+02	2987	-8.278165e-03	0	
3.040230e+02	2988	2.817616e+02	2.625249e+00	3.040230e+02	2988	9.231260e-03	0	
3.041248e+02	2989	3.438044e+02	-2.907075e+01	3.041248e+02	2989	-9.236620e-02	0	
3.042265e+02	2990	3.256416e+02	6.484420e-01	3.042265e+02	2990	1.987318e-03	0	
3.043283e+02	2991	3.443556e+02	-9.021985e+00	3.043283e+02	2991	-2.690451e-02	0	
3.044300e+02	2992	3.445297e+02	-2.991052e+01	3.044300e+02	2992	-9.506897e-02	0	
3.045318e+02	2993	3.310453e+02	-4.555464e+00	3.045318e+02	2993	-1.395285e-02	0	
3.046335e+02	2994	2.983058e+02	-4.806756e+00	3.046335e+02	2994	-1.637742e-02	0	
3.047353e+02	2995	3.337367e+02	1.200648e+00	3.047353e+02	2995	3.584694e-03	0	
3.048370e+02	2996	3.647032e+02	1.281924e+01	3.048370e+02	2996	3.395623e-02	0	
3.049388e+02	2997	3.202700e+02	3.031566e+00	3.049388e+02	2997	9.376899e-03	0	
3.050405e+02	2998	3.600114e+02	1.957044e+00	3.050405e+02	2998	5.406670e-03	0	
3.051423e+02	2999	3.430706e+02	7.511421e+00	3.051423e+02	2999	2.142557e-02	0	
3.052440e+02	3000	3.469942e+02	7.671511e+00	3.052440e+02	3000	2.163026e-02	0	
3.053457e+02	3001	3.478211e+02	1.304065e+01	3.053457e+02	3001	3.613752e-02	0	
3.054475e+02	3002	3.748299e+02	6.729290e+00	3.054475e+02	3002	1.763629e-02	0	
3.055492e+02	3003	3.619077e+02	7.070053e-01	3.055492e+02	3003	1.949742e-03	0	
3.056510e+02	3004	3.397917e+02	2.648619e+00	3.056510e+02	3004	7.734542e-03	0	
3.057527e+02	3005	3.624720e+02	9.410941e+00	3.057527e+02	3005	2.530619e-02	0	
3.058545e+02	3006	3.398484e+02	6.240393e+00	3.058545e+02	3006	1.803119e-02	0	
3.059562e+02	3007	3.311518e+02	7.135561e+00	3.059562e+02	3007	2.109319e-02	0	
3.060580e+02	3008	3.392424e+02	-3.938366e+00	3.060580e+02	3008	-1.174566e-02	0	
3.061597e+02	3009	3.404875e+02	8.652933e+00	3.061597e+02	3009	2.478353e-02	0	
3.062615e+02	3010	3.468318e+02	1.143553e+01	3.062615e+02	3010	3.191899e-02	0	
3.063632e+02	3011	3.171260e+02	2.706730e+00	3.063632e+02	3011	8.462955e-03	0	
3.064650e+02	3012	3.033722e+02	1.296570e+00	3.064650e+02	3012	4.255671e-03	0	
3.065667e+02	3013	3.316221e+02	-1.503813e+00	3.065667e+02	3013	-4.555376e-03	0	
3.066685e+02	3014	3.437578e+02	4.836155e+00	3.066685e+02	3014	1.387332e-02	0	
3.067702e+02	3015	3.254889e+02	-5.998357e-01	3.067702e+02	3015	-1.846279e-03	0	
3.068720e+02	3016	3.517196e+02	-2.552885e+00	3.068720e+02	3016	-7.311364e-03	0	
3.069737e+02	3017	3.454157e+02	5.391125e-01	3.069737e+02	3017	1.558332e-03	0	
3.070755e+02	3018	3.467171e+02	3.592774e+00	3.070755e+02	3018	1.025599e-02	0	
3.071772e+02	3019	3.461087e+02	6.075425e+00	3.071772e+02	3019	1.725071e-02	0	
3.072790e+02	3020	3.519651e+02	-5.478907e+00	3.072790e+02	3020	-1.581277e-02	0	
3.073807e+02	3021	3.423023e+02	-1.170985e+01	3.073807e+02	3021	-3.542080e-02	0	
3.074825e+02	3022	3.400954e+02	9.864051e-01	3.074825e+02	3022	2.891990e-03	0	
3.075842e+02	3023	3.258752e+02	2.234509e+00	3.075842e+02	3023	6.810250e-03	0	
3.076860e+02	3024	3.333062e+02	-1.710005e+00	3.076860e+02	3024	-5.156890e-03	0	
3.077877e+02	3025	3.313713e+02	4.949875e+00	3.077877e+02	3025	1.471770e-02	0	
3.078894e+02	3026	3.290739e+02	2.626058e+00	3.078894e+02	3026	7.916968e-03	0	
3.079912e+02	3027	3.413776e+02	3.987588e+00	3.079912e+02	3027	1.154600e-02	0	
3.080929e+02	3028	3.254132e+02	3.916426e+00	3.080929e+02	3028	1.189212e-02	0	
3.081947e+02	3029	3.063763e+02	-9.368828e+00	3.081947e+02	3029	-3.154408e-02	0	
3.082964e+02	3030	3.043812e+02	9.375064e+00	3.082964e+02	3030	2.988009e-02	0	
3.083982e+02	3031	3.099000e+02	1.269147e+01	3.083982e+02	3031	3.934224e-02	0	
3.084999e+02	3032	3.224035e+02	5.912809e+00	3.084999e+02	3032	1.800949e-02	0	
3.086017e+02	3033	2.921278e+02	3.825172e+01	3.086017e+02	3033	1.157811e-01	0	
3.087034e+02	3034	3.147394e+02	1.810176e+01	3.087034e+02	3034	5.438558e-02	0	
3.088052e+02	3035	3.180113e+02	-2.678949e+01	3.088052e+02	3035	-9.198999e-02	0	
3.089069e+02	3036	3.107503e+02	6.316248e+00	3.089069e+02	3036	1.992089e-02	0	
3.090087e+02	3037	3.233493e+02	1.870488e+01	3.090087e+02	3037	5.468397e-02	0	
3.091104e+02	3038	3.259385e+02	4.397310e+00	3.091104e+02	3038	1.331164e-02	0	
3.092122e+02	3039	3.182489e+02	4.037557e+00	3.092122e+02	3039	1.252785e-02	0	
3.093139e+02	3040	3.080888e+02	8.736029e+00	3.093139e+02	3040	2.757369e-02	0	
3.094157e+02	3041	3.202585e+02	5.324422e+00	3.094157e+02	3041	1.635351e-02	0	
3.095174e+02	3042	3.300098e+02	5.136090e+00	3.095174e+02	3042	1.532494e-02	0	
3.096192e+02	3043	3.114474e+02	9.759345e+00	3.096192e+02	3043	3.038338e-02	0	
3.097209e+02	3044	3.204802e+02	1.255999e+01	3.097209e+02	3044	3.771314e-02	0	
3.098227e+02	3045	3.153073e+02	4.585492e+00	3.098227e+02	3045	1.433446e-02	0	
3.099244e+02	3046	3.310590e+02	1.403125e+01	3.099244e+02	3046	4.065965e-02	0	
3.100262e+02	3047	3.370900e+02	1.085618e+01	3.100262e+02	3047	3.120074e-02	0	
3.101279e+02	3048	3.229678e+02	3.903977e+00	3.101279e+02	3048	1.194345e-02	0	
3.102297e+02	3049	3.323073e+02	2.752525e+01	3.102297e+02	3049	7.649461e-02	0	
3.103314e+02	3050	3.423175e+02	7.249955e-02	3.103314e+02	3050	2.117455e-04	0	
3.104331e+02	3051	3.444801e+02	4.138461e+00	3.104331e+02	3051	1.187103e-02	0	
3.105349e+02	3052	3.213063e+02	1.400061e+01	3.105349e+02	3052	4.175461e-02	0	
3.106366e+02	3053	3.263787e+02	-7.516643e+00	3.106366e+02	3053	-2.357334e-02	0	
3.107384e+02	3054	3.886527e+02	-1.598576e+01	3.107384e+02	3054	-4.289557e-02	0	
3.108401e+02	3055	3.310492e+02	1.161528e+01	3.108401e+02	3055	3.389695e-02	0	
3.109419e+02	3056	3.226305e+02	2.032190e+01	3.109419e+02	3056	5.925575e-02	0	
3.110436e+02	3057	3.410268e+02	1.747069e+01	3.110436e+02	3057	4.873309e-02	0	
3.111454e+02	3058	3.494018e+02	1.587905e+01	3.111454e+02	3058	4.347080e-02	0	
3.112471e+02	3059	3.345700e+02	4.363785e+00	3.112471e+02	3059	1.287504e-02	0	
3.113489e+02	3060	3.514457e+02	1.647868e+01	3.113489e+02	3060	4.478823e-02	0	
3.114506e+02	3061	3.633313e+02	2.662856e+01	3.114506e+02	3061	6.828539e-02	0	
3.115524e+02	3062	3.778605e+02	2.485749e+01	3.115524e+02	3062	6.172431e-02	0	
3.116541e+02	3063	3.374694e+02	1.787505e+01	3.116541e+02	3063	5.030345e-02	0	
3.117559e+02	3064	3.584548e+02	1.638462e+01	3.117559e+02	3064	4.371104e-02	0	
3.118576e+02	3065	3.545348e+02	2.856873e+01	3.118576e+02	3065	7.457183e-02	0	
3.119594e+02	3066	3.536165e+02	1.070191e+01	3.119594e+02	3066	2.937516e-02	0	
3.120611e+02	3067	3.735917e+02	7.734235e+00	3.120611e+02	3067	2.028248e-02	0	
3.121629e+02	3068	3.618502e+02	1.073929e+01	3.121629e+02	3068	2.882338e-02	0	
3.122646e+02	3069	3.506361e+02	6.660398e+00	3.122646e+02	3069	1.864110e-02	0	
3.123664e+02	3070	3.852176e+02	9.031192e+00	3.123664e+02	3070	2.290734e-02	0	
3.124681e+02	3071	3.615792e+02	2.502167e+01	3.124681e+02	3071	6.472223e-02	0	
3.125699e+02	3072	3.378558e+02	7.263338e+00	3.125699e+02	3072	2.104589e-02	0	
3.126716e+02	3073	3.386412e+02	6.988082e+00	3.126716e+02	3073	2.021843e-02	0	
3.127734e+02	3074	3.400896e+02	1.214311e+01	3.127734e+02	3074	3.447468e-02	0	
3.128751e+02	3075	3.525015e+02	-2.245703e+00	3.128751e+02	3075	-6.411608e-03	0	
3.129768e+02	3076	3.598663e+02	6.765886e+00	3.129768e+02	3076	1.845415e-02	0	
3.130786e+02	3077	3.490134e+02	5.903160e+00	3.130786e+02	3077	1.663253e-02	0	
3.131803e+02	3078	3.389124e+02	8.876865e+00	3.131803e+02	3078	2.552369e-02	0	
3.132821e+02	3079	3.399755e+02	6.849305e+00	3.132821e+02	3079	1.974860e-02	0	
3.133838e+02	3080	3.401740e+02	5.048783e+00	3.133838e+02	3080	1.462471e-02	0	
3.134856e+02	3081	3.292626e+02	2.756790e+00	3.134856e+02	3081	8.303099e-03	0	
3.135873e+02	3082	3.391308e+02	1.023990e+01	3.135873e+02	3082	2.930956e-02	0	
3.136891e+02	3083	3.416050e+02	1.204030e+01	3.136891e+02	3083	3.404626e-02	0	
3.137908e+02	3084	3.453377e+02	8.536434e+00	3.137908e+02	3084	2.412280e-02	0	
3.138926e+02	3085	3.136980e+02	4.543960e+00	3.138926e+02	3085	1.427832e-02	0	
3.139943e+02	3086	3.067379e+02	8.155808e+00	3.139943e+02	3086	2.590019e-02	0	
3.140961e+02	3087	2.815227e+02	1.358037e+00	3.140961e+02	3087	4.800740e-03	0	
3.141978e+02	3088	3.220511e+02	6.442722e+00	3.141978e+02	3088	1.961292e-02	0	
3.142996e+02	3089	3.217172e+02	-2.164121e+00	3.142996e+02	3089	-6.772337e-03	0	
3.144013e+02	3090	3.357883e+02	2.961431e+00	3.144013e+02	3090	8.742239e-03	0	
3.145031e+02	3091	3.374082e+02	-5.731043e+00	3.145031e+02	3091	-1.727898e-02	0	
3.146048e+02	3092	3.306478e+02	6.138808e+00	3.146048e+02	3092	1.822759e-02	0	
3.147066e+02	3093	3.203273e+02	-4.935826e+00	3.147066e+02	3093	-1.564984e-02	0	
3.148083e+02	3094	3.148521e+02	6.564118e+00	3.148083e+02	3094	2.042249e-02	0	
3.149101e+02	3095	3.400441e+02	4.712794e+00	3.149101e+02	3095	1.366991e-02	0	
3.150118e+02	3096	3.469005e+02	9.579034e+00	3.150118e+02	3096	2.687120e-02	0	
3.151136e+02	3097	3.695473e+02	-2.937175e+01	3.151136e+02	3097	-8.634292e-02	0	
3.152153e+02	3098	3.292243e+02	1.148976e+00	3.152153e+02	3098	3.477812e-03	0	
3.153171e+02	3099	3.215240e+02	1.121295e+01	3.153171e+02	3099	3.369914e-02	0	
3.154188e+02	3100	3.568879e+02	-1.292573e+01	3.154188e+02	3100	-3.757893e-02	0	
3.155205e+02	3101	3.409698e+02	6.533437e-01	3.155205e+02	3101	1.912469e-03	0	
3.156223e+02	3102	3.442522e+02	1.074426e+01	3.156223e+02	3102	3.026582e-02	0	
3.157240e+02	3103	3.354290e+02	9.051289e+00	3.157240e+02	3103	2.627520e-02	0	
3.158258e+02	3104	2.865359e+02	-2.436750e+00	3.158258e+02	3104	-8.577111e-03	0	
3.159275e+02	3105	2.951902e+02	-2.153967e+01	3.159275e+02	3105	-7.871233e-02	0	
3.160293e+02	3106	3.080691e+02	2.033866e+01	3.160293e+02	3106	6.193112e-02	0	
3.161310e+02	3107	3.825049e+02	3.556867e-01	3.161310e+02	3107	9.290241e-04	0	
3.162328e+02	3108	4.280451e+02	5.425781e+00	3.162328e+02	3108	1.251706e-02	0	
3.163345e+02	3109	3.846291e+02	-7.235653e+00	3.163345e+02	3109	-1.917270e-02	0	
3.164363e+02	3110	4.313244e+02	1.666475e+01	3.164363e+02	3110	3.719900e-02	0	
3.165380e+02	3111	3.319129e+02	6.382309e+00	3.165380e+02	3111	1.886609e-02	0	
3.166398e+02	3112	3.660552e+02	-1.898767e-02	3.166398e+02	3112	-5.187375e-05	0	
3.167415e+02	3113	3.742098e+02	6.000914e+00	3.167415e+02	3113	1.578313e-02	0	
3.168433e+02	3114	3.273216e+02	9.885670e+00	3.168433e+02	3114	2.931630e-02	0	
3.169450e+02	3115	3.118285e+02	5.705856e+00	3.169450e+02	3115	1.796926e-02	0	
3.170468e+02	3116	3.096304e+02	1.538196e+01	3.170468e+02	3116	4.732731e-02	0	
3.171485e+02	3117	3.356878e+02	-4.576178e+00	3.171485e+02	3117	-1.382065e-02	0	
3.172503e+02	3118	3.261032e+02	1.942289e+01	3.172503e+02	3118	5.621251e-02	0	
3.173520e+02	3119	3.206679e+02	9.845079e+00	3.173520e+02	3119	2.978727e-02	0	
3.174538e+02	3120	3.207347e+02	-1.573391e+01	3.174538e+02	3120	-5.158646e-02	0	
3.175555e+02	3121	3.324654e+02	-1.949055e+01	3.175555e+02	3121	-6.227513e-02	0	
3.176573e+02	3122	3.366577e+02	5.342765e+00	3.176573e+02	3122	1.562210e-02	0	
3.177590e+02	3123	3.231544e+02	-1.836409e+01	3.177590e+02	3123	-6.025155e-02	0	
3.178608e+02	3124	3.409606e+02	-1.803416e+01	3.178608e+02	3124	-5.584603e-02	0	
3.179625e+02	3125	3.218696e+02	-3.527612e+00	3.179625e+02	3125	-1.108120e-02	0	
3.180642e+02	3126	3.319585e+02	-1.565800e+01	3.180642e+02	3126	-4.950356e-02	0	
3.181660e+02	3127	3.402889e+02	-5.181540e+00	3.181660e+02	3127	-1.546233e-02	0	
3.182677e+02	3128	9.049915e+01	2.339102e+02	3.182677e+02	3128	7.210341e-01	7.000000e-01	
3.183695e+02	3129	7.386230e+01	2.248416e+02	3.183695e+02	3129	7.527240e-01	7.000000e-01	
3.184712e+02	3130	1.022525e+02	2.027845e+02	3.184712e+02	3130	6.647866e-01	7.000000e-01	
3.185730e+02	3131	1.013497e+02	1.984786e+02	3.185730e+02	3131	6.619742e-01	7.000000e-01	
3.186747e+02	3132	6.187209e+01	2.621770e+02	3.186747e+02	3132	8.090657e-01	7.000000e-01	
3.187765e+02	3133	1.429719e+02	1.712143e+02	3.187765e+02	3133	5.449453e-01	7.000000e-01	
3.188782e+02	3134	9.150154e+01	2.292869e+02	3.188782e+02	3134	7.147605e-01	7.000000e-01	
3.189800e+02	3135	9.459902e+01	2.280897e+02	3.189800e+02	3135	7.068413e-01	7.000000e-01	
3.190817e+02	3136	9.601726e+01	2.026580e+02	3.190817e+02	3136	6.785229e-01	7.000000e-01	
3.191835e+02	3137	9.392420e+01	2.111183e+02	3.191835e+02	3137	6.920947e-01	7.000000e-01	
3.192852e+02	3138	9.544404e+01	2.072145e+02	3.192852e+02	3138	6.846478e-01	7.000000e-01	
3.193870e+02	3139	9.756211e+01	2.141172e+02	3.193870e+02	3139	6.869792e-01	7.000000e-01	
3.194887e+02	3140	8.198094e+01	2.051541e+02	3.194887e+02	3140	7.144865e-01	7.000000e-01	
3.195905e+02	3141	9.239089e+01	2.042670e+02	3.195905e+02	3141	6.885608e-01	7.000000e-01	
3.196922e+02	3142	9.032350e+01	2.212845e+02	3.196922e+02	3142	7.101374e-01	7.000000e-01	
3.197940e+02	3143	9.823064e+01	2.146179e+02	3.197940e+02	3143	6.860122e-01	7.000000e-01	
3.198957e+02	3144	8.921109e+01	2.206292e+02	3.198957e+02	3144	7.120740e-01	7.000000e-01	
3.199975e+02	3145	6.281229e+01	2.338906e+02	3.199975e+02	3145	7.882990e-01	7.000000e-01	
3.200992e+02	3146	8.666680e+01	2.147660e+02	3.200992e+02	3146	7.124838e-01	7.000000e-01	
3.202010e+02	3147	9.425858e+01	2.230292e+02	3.202010e+02	3147	7.029240e-01	7.000000e-01	
3.203027e+02	3148	9.054878e+01	2.035234e+02	3.203027e+02	3148	6.920865e-01	7.000000e-01	
3.204045e+02	3149	9.045104e+01	2.129444e+02	3.204045e+02	3149	7.018708e-01	7.000000e-01	
3.205062e+02	3150	9.577184e+01	2.238737e+02	3.205062e+02	3150	7.003811e-01	7.000000e-01	
3.206079e+02	3151	6.147965e+01	2.044470e+02	3.206079e+02	3151	7.688097e-01	7.000000e-01	
3.207097e+02	3152	8.913465e+01	2.013128e+02	3.207097e+02	3152	6.931126e-01	7.000000e-01	
3.208114e+02	3153	1.073929e+02	2.212438e+02	3.208114e+02	3153	6.732170e-01	7.000000e-01	
3.209132e+02	3154	8.516933e+01	2.210710e+02	3.209132e+02	3154	7.218873e-01	7.000000e-01	
3.210149e+02	3155	9.137408e+01	2.222623e+02	3.210149e+02	3155	7.086624e-01	7.000000e-01	
3.211167e+02	3156	8.927125e+01	2.099093e+02	3.211167e+02	3156	7.016141e-01	7.000000e-01	
3.212184e+02	3157	8.122636e+01	1.965107e+02	3.212184e+02	3157	7.075422e-01	7.000000e-01	
3.213202e+02	3158	8.987358e+01	1.996638e+02	3.213202e+02	3158	6.895959e-01	7.000000e-01	
3.214219e+02	3159	8.453298e+01	1.994165e+02	3.214219e+02	3159	7.022957e-01	7.000000e-01	
3.215237e+02	3160	8.725052e+01	1.786416e+02	3.215237e+02	3160	6.718574e-01	7.000000e-01	
3.216254e+02	3161	8.708958e+01	1.799065e+02	3.216254e+02	3161	6.738170e-01	7.000000e-01	
3.217272e+02	3162	7.917558e+01	1.988448e+02	3.217272e+02	3162	7.152166e-01	7.000000e-01	
3.218289e+02	3163	8.071544e+01	2.012147e+02	3.218289e+02	3163	7.137041e-01	7.000000e-01	
3.219307e+02	3164	8.512264e+01	1.928090e+02	3.219307e+02	3164	6.937281e-01	7.000000e-01	
3.220324e+02	3165	9.622947e+01	2.013716e+02	3.220324e+02	3165	6.766494e-01	7.000000e-01	
3.221342e+02	3166	8.017164e+01	1.876276e+02	3.221342e+02	3166	7.006278e-01	7.000000e-01	
3.222359e+02	3167	1.206145e+02	1.698579e+02	3.222359e+02	3167	5.847643e-01	7.000000e-01	
3.223377e+02	3168	9.592115e+01	1.962037e+02	3.223377e+02	3168	6.716433e-01	7.000000e-01	
3.224394e+02	3169	9.438482e+01	1.958851e+02	3.224394e+02	3169	6.748378e-01	7.000000e-01	
3.225412e+02	3170	9.226652e+01	2.019102e+02	3.225412e+02	3170	6.863568e-01	7.000000e-01	
3.226429e+02	3171	9.807486e+01	1.885816e+02	3.226429e+02	3171	6.578662e-01	7.000000e-01	
3.227447e+02	3172	9.037801e+01	2.314543e+02	3.227447e+02	3172	7.191767e-01	7.000000e-01	
3.228464e+02	3173	9.464321e+01	2.009837e+02	3.228464e+02	3173	6.798559e-01	7.000000e-01	
3.229482e+02	3174	9.299432e+01	1.994506e+02	3.229482e+02	3174	6.820108e-01	7.000000e-01	
3.230499e+02	3175	1.198296e+02	1.693495e+02	3.230499e+02	3175	5.856215e-01	7.000000e-01	
3.231516e+02	3176	9.681823e+01	1.983061e+02	3.231516e+02	3176	6.719409e-01	7.000000e-01	
3.232534e+02	3177	1.069265e+02	1.851301e+02	3.232534e+02	3177	6.338843e-01	7.000000e-01	
3.233551e+02	3178	1.079915e+02	1.901815e+02	3.233551e+02	3178	6.378227e-01	7.000000e-01	
3.234569e+02	3179	7.984807e+01	2.535200e+02	3.234569e+02	3179	7.604808e-01	7.000000e-01	
3.235586e+02	3180	7.333043e+01	2.284935e+02	3.235586e+02	3180	7.570424e-01	7.000000e-01	
3.236604e+02	3181	8.355626e+01	1.987326e+02	3.236604e+02	3181	7.040044e-01	7.000000e-01	
3.237621e+02	3182	8.901145e+01	2.573278e+02	3.237621e+02	3182	7.429935e-01	7.000000e-01	
3.238639e+02	3183	6.805811e+01	2.558331e+02	3.238639e+02	3183	7.898736e-01	7.000000e-01	
3.239656e+02	3184	1.097102e+02	2.526002e+02	3.239656e+02	3184	6.971928e-01	7.000000e-01	
3.240674e+02	3185	7.215872e+01	2.774511e+02	3.240674e+02	3185	7.936021e-01	7.000000e-01	
3.241691e+02	3186	7.508486e+01	2.532932e+02	3.241691e+02	3186	7.713463e-01	7.000000e-01	
3.242709e+02	3187	7.730564e+01	2.501046e+02	3.242709e+02	3187	7.638875e-01	7.000000e-01	
3.243726e+02	3188	6.591081e+01	2.681025e+02	3.243726e+02	3188	8.026701e-01	7.000000e-01	
3.244744e+02	3189	7.425829e+01	2.399225e+02	3.244744e+02	3189	7.636447e-01	7.000000e-01	
3.245761e+02	3190	8.120652e+01	2.639176e+02	3.245761e+02	3190	7.647034e-01	7.000000e-01	
3.246779e+02	3191	8.252237e+01	2.350703e+02	3.246779e+02	3191	7.401629e-01	7.000000e-01	
3.247796e+02	3192	8.141009e+01	2.673145e+02	3.247796e+02	3192	7.665490e-01	7.000000e-01	
3.248814e+02	3193	6.580865e+01	2.545704e+02	3.248814e+02	3193	7.945913e-01	7.000000e-01	
3.249831e+02	3194	8.122976e+01	2.738791e+02	3.249831e+02	3194	7.712539e-01	7.000000e-01	
3.250849e+02	3195	9.404353e+01	2.553718e+02	3.250849e+02	3195	7.308546e-01	7.000000e-01	
3.251866e+02	3196	6.739319e+01	2.787109e+02	3.251866e+02	3196	8.052806e-01	7.000000e-01	
3.252884e+02	3197	9.999465e+01	2.862602e+02	3.252884e+02	3197	7.411174e-01	7.000000e-01	
3.253901e+02	3198	7.896665e+01	2.452879e+02	3.253901e+02	3198	7.564671e-01	7.000000e-01	
3.254919e+02	3199	1.015800e+02	1.940193e+02	3.254919e+02	3199	6.563591e-01	7.000000e-01	
3.255936e+02	3200	9.877950e+01	2.024381e+02	3.255936e+02	3200	6.720660e-01	7.000000e-01	
3.256953e+02	3201	8.226847e+01	2.763940e+02	3.256953e+02	3201	7.706243e-01	7.000000e-01	
3.257971e+02	3202	9.503587e+01	2.092309e+02	3.257971e+02	3202	6.876561e-01	7.000000e-01	
3.258988e+02	3203	9.008382e+01	2.150352e+02	3.258988e+02	3203	7.047584e-01	7.000000e-01	
3.260006e+02	3204	9.182588e+01	2.157484e+02	3.260006e+02	3204	7.014514e-01	7.000000e-01	
3.261023e+02	3205	1.089198e+02	1.991287e+02	3.261023e+02	3205	6.464200e-01	7.000000e-01	
3.262041e+02	3206	9.439657e+01	2.129265e+02	3.262041e+02	3206	6.928426e-01	7.000000e-01	
3.263058e+02	3207	9.625132e+01	2.148361e+02	3.263058e+02	3207	6.905972e-01	7.000000e-01	
3.264076e+02	3208	1.006524e+02	2.075359e+02	3.264076e+02	3208	6.734062e-01	7.000000e-01	
3.265093e+02	3209	1.086498e+02	1.919902e+02	3.265093e+02	3209	6.386050e-01	7.000000e-01	
3.266111e+02	3210	1.033206e+02	2.403872e+02	3.266111e+02	3210	6.993941e-01	7.000000e-01	
3.267128e+02	3211	8.684547e+01	2.049441e+02	3.267128e+02	3211	7.023695e-01	7.000000e-01	
3.268146e+02	3212	9.690637e+01	2.376036e+02	3.268146e+02	3212	7.103035e-01	7.000000e-01	
3.269163e+02	3213	9.422114e+01	2.654246e+02	3.269163e+02	3213	7.380168e-01	7.000000e-01	
3.270181e+02	3214	8.983151e+01	2.353786e+02	3.270181e+02	3214	7.237739e-01	7.000000e-01	
3.271198e+02	3215	9.513761e+01	2.182519e+02	3.271198e+02	3215	6.964238e-01	7.000000e-01	
3.272216e+02	3216	8.525616e+01	2.420570e+02	3.272216e+02	3216	7.395272e-01	7.000000e-01	
3.273233e+02	3217	1.039332e+02	2.381426e+02	3.273233e+02	3217	6.961691e-01	7.000000e-01	
3.274251e+02	3218	8.758714e+01	2.094586e+02	3.274251e+02	3218	7.051392e-01	7.000000e-01	
3.275268e+02	3219	8.121286e+01	2.454719e+02	3.275268e+02	3219	7.514030e-01	7.000000e-01	
3.276286e+02	3220	8.460083e+01	2.363235e+02	3.276286e+02	3220	7.363839e-01	7.000000e-01	
3.277303e+02	3221	8.758704e+01	2.094641e+02	3.277303e+02	3221	7.051449e-01	7.000000e-01	
3.278321e+02	3222	8.144366e+01	2.501356e+02	3.278321e+02	3222	7.543765e-01	7.000000e-01	
3.279338e+02	3223	8.736116e+01	2.428571e+02	3.279338e+02	3223	7.354442e-01	7.000000e-01	
3.280356e+02	3224	7.970042e+01	2.402680e+02	3.280356e+02	3224	7.509116e-01	7.000000e-01	
3.281373e+02	3225	8.902647e+01	2.451127e+02	3.281373e+02	3225	7.335647e-01	7.000000e-01	
3.282390e+02	3226	7.129633e+01	2.376385e+02	3.282390e+02	3226	7.692189e-01	7.000000e-01	
3.283408e+02	3227	4.095304e+01	2.261326e+02	3.283408e+02	3227	8.466670e-01	7.000000e-01	
3.284425e+02	3228	7.701357e+01	2.433788e+02	3.284425e+02	3228	7.596273e-01	7.000000e-01	
3.285443e+02	3229	5.120714e+01	2.508786e+02	3.285443e+02	3229	8.304881e-01	7.000000e-01	
3.286460e+02	3230	7.670479e+01	2.329647e+02	3.286460e+02	3230	7.523011e-01	7.000000e-01	
3.287478e+02	3231	8.799001e+01	2.236003e+02	3.287478e+02	3231	7.176099e-01	7.000000e-01	
3.288495e+02	3232	8.803916e+01	2.179915e+02	3.288495e+02	3232	7.123192e-01	7.000000e-01	
3.289513e+02	3233	6.737124e+01	2.350195e+02	3.289513e+02	3233	7.772047e-01	7.000000e-01	
3.290530e+02	3234	7.577069e+01	2.439413e+02	3.290530e+02	3234	7.630033e-01	7.000000e-01	
3.291548e+02	3235	7.221854e+01	2.268266e+02	3.291548e+02	3235	7.585029e-01	7.000000e-01	
3.292565e+02	3236	7.849241e+01	2.227566e+02	3.292565e+02	3236	7.394434e-01	7.000000e-01	
3.293583e+02	3237	7.560312e+01	2.269425e+02	3.293583e+02	3237	7.501100e-01	7.000000e-01	
3.294600e+02	3238	7.885725e+01	2.309932e+02	3.294600e+02	3238	7.454990e-01	7.000000e-01	
3.295618e+02	3239	8.771488e+01	2.323796e+02	3.295618e+02	3239	7.259719e-01	7.000000e-01	
3.296635e+02	3240	6.707542e+01	2.451653e+02	3.296635e+02	3240	7.851804e-01	7.000000e-01	
3.297653e+02	3241	4.821446e+01	2.248290e+02	3.297653e+02	3241	8.234184e-01	7.000000e-01	
3.298670e+02	3242	6.883357e+01	2.386735e+02	3.298670e+02	3242	7.761561e-01	7.000000e-01	
3.299688e+02	3243	6.741967e+01	2.246012e+02	3.299688e+02	3243	7.691272e-01	7.000000e-01	
3.300705e+02	3244	4.466599e+01	2.234778e+02	3.300705e+02	3244	8.334252e-01	7.000000e-01	
3.301723e+02	3245	6.977869e+01	2.742531e+02	3.301723e+02	3245	7.971737e-01	7.000000e-01	
3.302740e+02	3246	5.496347e+01	2.421908e+02	3.302740e+02	3246	8.150339e-01	7.000000e-01	
3.303758e+02	3247	6.138998e+01	2.336724e+02	3.303758e+02	3247	7.919424e-01	7.000000e-01	
3.304775e+02	3248	7.066371e+01	2.451471e+02	3.304775e+02	3248	7.762467e-01	7.000000e-01	
3.305793e+02	3249	7.034310e+01	2.286172e+02	3.305793e+02	3249	7.647076e-01	7.000000e-01	
3.306810e+02	3250	6.579301e+01	2.155833e+02	3.306810e+02	3250	7.661743e-01	7.000000e-01	
3.307827e+02	3251	6.526697e+01	2.418603e+02	3.307827e+02	3251	7.874921e-01	7.000000e-01	
3.308845e+02	3252	3.963712e+01	2.355659e+02	3.308845e+02	3252	8.559713e-01	7.000000e-01	
3.309862e+02	3253	6.166047e+01	2.263795e+02	3.309862e+02	3253	7.859309e-01	7.000000e-01	
3.310880e+02	3254	7.464370e+01	2.299269e+02	3.310880e+02	3254	7.549215e-01	7.000000e-01	
3.311897e+02	3255	5.426049e+01	2.216962e+02	3.311897e+02	3255	8.033732e-01	7.000000e-01	
3.312915e+02	3256	6.480794e+01	2.148624e+02	3.312915e+02	3256	7.682702e-01	7.000000e-01	
3.313932e+02	3257	7.392346e+01	2.236132e+02	3.313932e+02	3257	7.515484e-01	7.000000e-01	
3.314950e+02	3258	7.885390e+01	2.086235e+02	3.314950e+02	3258	7.257040e-01	7.000000e-01	
3.315967e+02	3259	4.781583e+01	1.884268e+02	3.315967e+02	3259	7.975986e-01	7.000000e-01	
3.316985e+02	3260	7.358106e+01	2.212131e+02	3.316985e+02	3260	7.503985e-01	7.000000e-01	
3.318002e+02	3261	7.440208e+01	2.257218e+02	3.318002e+02	3261	7.520954e-01	7.000000e-01	
3.319020e+02	3262	7.355392e+01	2.297585e+02	3.319020e+02	3262	7.574978e-01	7.000000e-01	
3.320037e+02	3263	6.642374e+01	2.379539e+02	3.320037e+02	3263	7.817719e-01	7.000000e-01	
3.321055e+02	3264	6.459863e+01	2.253195e+02	3.321055e+02	3264	7.771832e-01	7.000000e-01	
3.322072e+02	3265	7.525884e+01	2.178740e+02	3.322072e+02	3265	7.432603e-01	7.000000e-01	
3.323090e+02	3266	7.310420e+01	1.832436e+02	3.323090e+02	3266	7.148242e-01	7.000000e-01	
3.324107e+02	3267	8.593182e+01	1.511656e+02	3.324107e+02	3267	6.375675e-01	7.000000e-01	
3.325125e+02	3268	9.767318e+01	1.602253e+02	3.325125e+02	3268	6.212728e-01	7.000000e-01	
3.326142e+02	3269	7.771719e+01	1.985719e+02	3.326142e+02	3269	7.187106e-01	7.000000e-01	
3.327160e+02	3270	7.477471e+01	1.780495e+02	3.327160e+02	3270	7.042423e-01	7.000000e-01	
3.328177e+02	3271	5.534066e+01	1.817569e+02	3.328177e+02	3271	7.665912e-01	7.000000e-01	
3.329195e+02	3272	9.211146e+01	2.351108e+02	3.329195e+02	3272	7.185049e-01	7.000000e-01	
3.330212e+02	3273	7.158498e+01	2.288713e+02	3.330212e+02	3273	7.617458e-01	7.000000e-01	
3.331230e+02	3274	9.255266e+01	2.288489e+02	3.331230e+02	3274	7.120342e-01	7.000000e-01	
3.332247e+02	3275	7.434596e+01	2.141040e+02	3.332247e+02	3275	7.422570e-01	7.000000e-01	
3.333264e+02	3276	8.887068e+01	2.261054e+02	3.333264e+02	3276	7.178494e-01	7.000000e-01	
3.334282e+02	3277	8.695835e+01	2.296832e+02	3.334282e+02	3277	7.253729e-01	7.000000e-01	
3.335299e+02	3278	8.044660e+01	2.249825e+02	3.335299e+02	3278	7.366112e-01	7.000000e-01	
3.336317e+02	3279	1.038901e+02	2.258677e+02	3.336317e+02	3279	6.849503e-01	7.000000e-01	
3.337334e+02	3280	9.016789e+01	2.307925e+02	3.337334e+02	3280	7.190685e-01	7.000000e-01	
3.338352e+02	3281	1.123782e+02	2.369594e+02	3.338352e+02	3281	6.783106e-01	7.000000e-01	
3.339369e+02	3282	1.036931e+02	2.581835e+02	3.339369e+02	3282	7.134573e-01	7.000000e-01	
3.340387e+02	3283	9.761572e+01	2.215050e+02	3.340387e+02	3283	6.941104e-01	7.000000e-01	
3.341404e+02	3284	1.095951e+02	2.215479e+02	3.341404e+02	3284	6.690400e-01	7.000000e-01	
3.342422e+02	3285	6.905590e+01	2.296401e+02	3.342422e+02	3285	7.688088e-01	7.000000e-01	
3.343439e+02	3286	1.060771e+02	2.288190e+02	3.343439e+02	3286	6.832537e-01	7.000000e-01	
3.344457e+02	3287	8.887222e+01	2.047072e+02	3.344457e+02	3287	6.972805e-01	7.000000e-01	
3.345474e+02	3288	7.263000e+01	2.328976e+02	3.345474e+02	3288	7.622801e-01	7.000000e-01	
3.346492e+02	3289	8.349321e+01	2.227232e+02	3.346492e+02	3289	7.273392e-01	7.000000e-01	
3.347509e+02	3290	7.614924e+01	2.413969e+02	3.347509e+02	3290	7.601947e-01	7.000000e-01	
3.348527e+02	3291	7.696174e+01	2.484953e+02	3.348527e+02	3291	7.635272e-01	7.000000e-01	
3.349544e+02	3292	8.012836e+01	2.181142e+02	3.349544e+02	3292	7.313316e-01	7.000000e-01	
3.350562e+02	3293	6.974982e+01	2.147358e+02	3.350562e+02	3293	7.548213e-01	7.000000e-01	
3.351579e+02	3294	6.366278e+01	2.315900e+02	3.351579e+02	3294	7.843787e-01	7.000000e-01	
3.352597e+02	3295	7.538145e+01	2.323497e+02	3.352597e+02	3295	7.550412e-01	7.000000e-01	
3.353614e+02	3296	8.281895e+01	1.641242e+02	3.353614e+02	3296	6.646234e-01	7.000000e-01	
3.354632e+02	3297	8.214204e+01	1.959136e+02	3.354632e+02	3297	7.045842e-01	7.000000e-01	
3.355649e+02	3298	5.885963e+01	2.146682e+02	3.355649e+02	3298	7.848130e-01	7.000000e-01	
3.356667e+02	3299	6.950246e+01	2.093399e+02	3.356667e+02	3299	7.507464e-01	7.000000e-01	
3.357684e+02	3300	6.317360e+01	2.129151e+02	3.357684e+02	3300	7.711837e-01	7.000000e-01	
3.358701e+02	3301	8.283853e+01	2.153150e+02	3.358701e+02	3301	7.221615e-01	7.000000e-01	
3.359719e+02	3302	5.896406e+01	2.134322e+02	3.359719e+02	3302	7.835357e-01	7.000000e-01	
3.360736e+02	3303	8.080262e+01	1.967574e+02	3.360736e+02	3303	7.088824e-01	7.000000e-01	
3.361754e+02	3304	6.270260e+01	1.900820e+02	3.361754e+02	3304	7.519525e-01	7.000000e-01	
3.362771e+02	3305	8.128096e+01	2.034270e+02	3.362771e+02	3305	7.145111e-01	7.000000e-01	
3.363789e+02	3306	9.273921e+01	2.142597e+02	3.363789e+02	3306	6.979168e-01	7.000000e-01	
3.364806e+02	3307	6.117675e+01	2.037313e+02	3.364806e+02	3307	7.690642e-01	7.000000e-01	
3.365824e+02	3308	9.481080e+01	1.912492e+02	3.365824e+02	3308	6.685632e-01	7.000000e-01	
3.366841e+02	3309	6.479462e+01	2.044748e+02	3.366841e+02	3309	7.593688e-01	7.000000e-01	
3.367859e+02	3310	8.876455e+01	1.970422e+02	3.367859e+02	3310	6.894246e-01	7.000000e-01	
3.368876e+02	3311	6.333748e+01	1.626960e+02	3.368876e+02	3311	7.197872e-01	7.000000e-01	
3.369894e+02	3312	8.774486e+01	2.159341e+02	3.369894e+02	3312	7.110605e-01	7.000000e-01	
3.370911e+02	3313	9.711299e+01	1.831055e+02	3.370911e+02	3313	6.534383e-01	7.000000e-01	
3.371929e+02	3314	7.188410e+01	2.344068e+02	3.371929e+02	3314	7.653078e-01	7.000000e-01	
3.372946e+02	3315	1.022414e+02	1.785364e+02	3.372946e+02	3315	6.358637e-01	7.000000e-01	
3.373964e+02	3316	6.670997e+01	2.215969e+02	3.373964e+02	3316	7.686147e-01	7.000000e-01	
3.374981e+02	3317	8.361567e+01	2.088852e+02	3.374981e+02	3317	7.141353e-01	7.000000e-01	
3.375999e+02	3318	7.639535e+01	2.284038e+02	3.375999e+02	3318	7.493584e-01	7.000000e-01	
3.377016e+02	3319	8.627175e+01	2.355398e+02	3.377016e+02	3319	7.319184e-01	7.000000e-01	
3.378034e+02	3320	7.709681e+01	2.191816e+02	3.378034e+02	3320	7.397826e-01	7.000000e-01	
3.379051e+02	3321	7.988536e+01	2.309150e+02	3.379051e+02	3321	7.429689e-01	7.000000e-01	
3.380069e+02	3322	7.927629e+01	2.325999e+02	3.380069e+02	3322	7.458085e-01	7.000000e-01	
3.381086e+02	3323	7.322129e+01	2.253359e+02	3.381086e+02	3323	7.547495e-01	7.000000e-01	
3.382104e+02	3324	8.897475e+01	2.456919e+02	3.382104e+02	3324	7.341392e-01	7.000000e-01	
3.383121e+02	3325	7.748457e+01	2.273476e+02	3.383121e+02	3325	7.458124e-01	7.000000e-01	
3.384138e+02	3326	7.066747e+01	2.243893e+02	3.384138e+02	3326	7.604953e-01	7.000000e-01	
3.385156e+02	3327	5.512917e+01	1.813627e+02	3.385156e+02	3327	7.668877e-01	7.000000e-01	
3.386173e+02	3328	6.870786e+01	2.112785e+02	3.386173e+02	3328	7.546028e-01	7.000000e-01	
3.387191e+02	3329	4.828717e+01	2.281100e+02	3.387191e+02	3329	8.252979e-01	7.000000e-01	
3.388208e+02	3330	7.585787e+01	2.293524e+02	3.388208e+02	3330	7.514570e-01	7.000000e-01	
3.389226e+02	3331	7.273369e+01	2.117673e+02	3.389226e+02	3331	7.443464e-01	7.000000e-01	
3.390243e+02	3332	6.869376e+01	2.286948e+02	3.390243e+02	3332	7.690101e-01	7.000000e-01	
3.391261e+02	3333	9.229516e+01	2.136306e+02	3.391261e+02	3333	6.983086e-01	7.000000e-01	
3.392278e+02	3334	6.627446e+01	2.162973e+02	3.392278e+02	3334	7.654597e-01	7.000000e-01	
3.393296e+02	3335	8.692217e+01	2.189730e+02	3.393296e+02	3335	7.158433e-01	7.000000e-01	
3.394313e+02	3336	9.694779e+01	2.264368e+02	3.394313e+02	3336	7.002090e-01	7.000000e-01	
3.395331e+02	3337	9.909363e+01	2.106560e+02	3.395331e+02	3337	6.800848e-01	7.000000e-01	
3.396348e+02	3338	8.644770e+01	2.381711e+02	3.396348e+02	3338	7.336947e-01	7.000000e-01	
3.397366e+02	3339	1.043658e+02	2.139726e+02	3.397366e+02	3339	6.721545e-01	7.000000e-01	
3.398383e+02	3340	9.272702e+01	2.077927e+02	3.398383e+02	3340	6.914445e-01	7.000000e-01	
3.399401e+02	3341	9.529782e+01	2.231114e+02	3.399401e+02	3341	7.007065e-01	7.000000e-01	
3.400418e+02	3342	9.154475e+01	2.330342e+02	3.400418e+02	3342	7.179585e-01	7.000000e-01	
3.401436e+02	3343	1.006789e+02	2.176391e+02	3.401436e+02	3343	6.837160e-01	7.000000e-01	
3.402453e+02	3344	7.075253e+01	1.844000e+02	3.402453e+02	3344	7.227050e-01	7.000000e-01	
3.403471e+02	3345	8.302192e+01	1.992773e+02	3.403471e+02	3345	7.059081e-01	7.000000e-01	
3.404488e+02	3346	9.242937e+01	2.293824e+02	3.404488e+02	3346	7.127844e-01	7.000000e-01	
3.405506e+02	3347	7.308195e+01	1.973060e+02	3.405506e+02	3347	7.297145e-01	7.000000e-01	
3.406523e+02	3348	7.963327e+01	2.234785e+02	3.406523e+02	3348	7.372808e-01	7.000000e-01	
3.407541e+02	3349	8.991752e+01	2.161327e+02	3.407541e+02	3349	7.062001e-01	7.000000e-01	
3.408558e+02	3350	7.961959e+01	2.514889e+02	3.408558e+02	3350	7.595362e-01	7.000000e-01	
3.409575e+02	3351	8.590742e+01	2.108747e+02	3.409575e+02	3351	7.105371e-01	7.000000e-01	
3.410593e+02	3352	6.446494e+01	2.554065e+02	3.410593e+02	3352	7.984661e-01	7.000000e-01	
3.411610e+02	3353	8.541922e+01	2.517595e+02	3.411610e+02	3353	7.466649e-01	7.000000e-01	
3.412628e+02	3354	6.723171e+01	2.631652e+02	3.412628e+02	3354	7.965123e-01	7.000000e-01	
3.413645e+02	3355	6.736340e+01	2.337181e+02	3.413645e+02	3355	7.762619e-01	7.000000e-01	
3.414663e+02	3356	6.467535e+01	2.433979e+02	3.414663e+02	3356	7.900650e-01	7.000000e-01	
3.415680e+02	3357	5.277538e+01	2.496104e+02	3.415680e+02	3357	8.254700e-01	7.000000e-01	
3.416698e+02	3358	6.378351e+01	2.559500e+02	3.416698e+02	3358	8.005104e-01	7.000000e-01	
3.417715e+02	3359	6.785528e+01	2.123304e+02	3.417715e+02	3359	7.578203e-01	7.000000e-01	
3.418733e+02	3360	6.322729e+01	2.052922e+02	3.418733e+02	3360	7.645337e-01	7.000000e-01	
3.419750e+02	3361	7.112098e+01	1.943562e+02	3.419750e+02	3361	7.321013e-01	7.000000e-01	
3.420768e+02	3362	7.242950e+01	2.023846e+02	3.420768e+02	3362	7.364418e-01	7.000000e-01	
3.421785e+02	3363	4.902292e+01	2.155894e+02	3.421785e+02	3363	8.147368e-01	7.000000e-01	
3.422803e+02	3364	5.726418e+01	2.022505e+02	3.422803e+02	3364	7.793413e-01	7.000000e-01	
3.423820e+02	3365	6.675781e+01	2.236212e+02	3.423820e+02	3365	7.701011e-01	7.000000e-01	
3.424838e+02	3366	7.248231e+01	2.167867e+02	3.424838e+02	3366	7.494294e-01	7.000000e-01	
3.425855e+02	3367	8.521531e+01	2.012337e+02	3.425855e+02	3367	7.025114e-01	7.000000e-01	
3.426873e+02	3368	7.485414e+01	2.122116e+02	3.426873e+02	3368	7.392439e-01	7.000000e-01	
3.427890e+02	3369	5.859068e+01	1.906746e+02	3.427890e+02	3369	7.649465e-01	7.000000e-01	
3.428908e+02	3370	6.039461e+01	2.021285e+02	3.428908e+02	3370	7.699455e-01	7.000000e-01	
3.429925e+02	3371	6.100164e+01	1.767341e+02	3.429925e+02	3371	7.434057e-01	7.000000e-01	
3.430943e+02	3372	6.790089e+01	1.652811e+02	3.430943e+02	3372	7.088073e-01	7.000000e-01	
3.431960e+02	3373	5.657061e+01	1.948772e+02	3.431960e+02	3373	7.750205e-01	7.000000e-01	
3.432978e+02	3374	5.685179e+01	2.001863e+02	3.432978e+02	3374	7.788196e-01	7.000000e-01	
3.433995e+02	3375	7.976282e+01	2.381438e+02	3.433995e+02	3375	7.490998e-01	7.000000e-01	
3.435012e+02	3376	3.330078e+02	1.294282e+01	3.435012e+02	3376	3.741233e-02	0	
3.436030e+02	3377	3.196803e+02	1.152599e+01	3.436030e+02	3377	3.480003e-02	0	
3.437047e+02	3378	3.048685e+02	1.540387e+01	3.437047e+02	3378	4.809616e-02	0	
3.438065e+02	3379	3.562137e+02	1.630970e+01	3.438065e+02	3379	4.378168e-02	0	
3.439082e+02	3380	3.234626e+02	3.463869e+00	3.439082e+02	3380	1.059525e-02	0	
3.440100e+02	3381	3.289030e+02	1.701385e+01	3.440100e+02	3381	4.918480e-02	0	
3.441117e+02	3382	3.335797e+02	4.460688e+00	3.441117e+02	3382	1.319573e-02	0	
3.442135e+02	3383	3.216140e+02	4.388544e+00	3.442135e+02	3383	1.346169e-02	0	
3.443152e+02	3384	3.225373e+02	3.386919e-01	3.443152e+02	3384	1.048984e-03	0	
3.444170e+02	3385	3.362471e+02	4.814343e+00	3.444170e+02	3385	1.411576e-02	0	
3.445187e+02	3386	3.314550e+02	1.277501e+01	3.445187e+02	3386	3.711184e-02	0	
3.446205e+02	3387	3.220811e+02	3.351965e+00	3.446205e+02	3387	1.030001e-02	0	
3.447222e+02	3388	3.215744e+02	5.459425e-01	3.447222e+02	3388	1.694840e-03	0	
3.448240e+02	3389	3.233836e+02	3.491811e+00	3.448240e+02	3389	1.068239e-02	0	
3.449257e+02	3390	3.338140e+02	9.222765e+00	3.449257e+02	3390	2.688565e-02	0	
3.450275e+02	3391	3.410064e+02	7.669021e-01	3.450275e+02	3391	2.243891e-03	0	
3.451292e+02	3392	3.282759e+02	2.429829e+01	3.451292e+02	3392	6.891681e-02	0	
3.452310e+02	3393	3.207901e+02	3.892473e-01	3.452310e+02	3393	1.211931e-03	0	
3.453327e+02	3394	3.131552e+02	-1.101398e+01	3.453327e+02	3394	-3.645309e-02	0	
3.454345e+02	3395	3.586811e+02	4.056696e+01	3.454345e+02	3395	1.016084e-01	0	
3.455362e+02	3396	3.462161e+02	2.166952e+01	3.455362e+02	3396	5.890287e-02	0	
3.456380e+02	3397	3.442489e+02	2.967060e+01	3.456380e+02	3397	7.935023e-02	0	
3.457397e+02	3398	3.573284e+02	3.975580e+01	3.457397e+02	3398	1.001193e-01	0	
3.458415e+02	3399	3.525547e+02	3.210291e+01	3.458415e+02	3399	8.345840e-02	0	
3.459432e+02	3400	3.276472e+02	9.785312e+00	3.459432e+02	3400	2.899932e-02	0	
3.460449e+02	3401	3.405908e+02	2.048362e+01	3.460449e+02	3401	5.672963e-02	0	
3.461467e+02	3402	2.944632e+02	2.776548e+01	3.461467e+02	3402	8.616700e-02	0	
3.462484e+02	3403	3.300018e+02	2.351955e+01	3.462484e+02	3403	6.652936e-02	0	
3.463502e+02	3404	3.511393e+02	2.188514e+01	3.463502e+02	3404	5.866945e-02	0	
3.464519e+02	3405	2.977239e+02	2.640390e+01	3.464519e+02	3405	8.146139e-02	0	
3.465537e+02	3406	3.203763e+02	2.698469e+01	3.465537e+02	3406	7.768486e-02	0	
3.466554e+02	3407	3.308492e+02	-5.040013e+00	3.466554e+02	3407	-1.546922e-02	0	
3.467572e+02	3408	3.486300e+02	2.130847e+01	3.467572e+02	3408	5.760004e-02	0	
3.468589e+02	3409	3.308502e+02	-1.981111e+00	3.468589e+02	3409	-6.024011e-03	0	
3.469607e+02	3410	3.140720e+02	-1.003234e+01	3.469607e+02	3410	-3.299681e-02	0	
3.470624e+02	3411	3.144691e+02	-1.028957e+01	3.470624e+02	3411	-3.382729e-02	0	
3.471642e+02	3412	3.019346e+02	-3.093468e-01	3.471642e+02	3412	-1.025600e-03	0	
3.472659e+02	3413	3.234517e+02	-2.185416e+01	3.472659e+02	3413	-7.246133e-02	0	
3.473677e+02	3414	3.367119e+02	-9.157378e+00	3.473677e+02	3414	-2.795681e-02	0	
3.474694e+02	3415	3.238101e+02	-1.381495e+01	3.474694e+02	3415	-4.456505e-02	0	
3.475712e+02	3416	3.417216e+02	-1.383174e+01	3.475712e+02	3416	-4.218410e-02	0	
3.476729e+02	3417	3.158659e+02	-1.097991e+01	3.476729e+02	3417	-3.601317e-02	0	
3.477747e+02	3418	3.380235e+02	4.079469e+00	3.477747e+02	3418	1.192468e-02	0	
3.478764e+02	3419	3.263216e+02	-9.056746e+00	3.478764e+02	3419	-2.854633e-02	0	
3.479782e+02	3420	3.505385e+02	-1.602945e+01	3.479782e+02	3420	-4.791933e-02	0	
3.480799e+02	3421	3.200764e+02	-4.743305e+00	3.480799e+02	3421	-1.504220e-02	0	
3.481817e+02	3422	3.469889e+02	-6.726416e+00	3.481817e+02	3422	-1.976832e-02	0	
3.482834e+02	3423	3.557936e+02	-8.031326e+00	3.482834e+02	3423	-2.309430e-02	0	
3.483852e+02	3424	3.255546e+02	-3.358609e+00	3.483852e+02	3424	-1.042412e-02	0	
3.484869e+02	3425	3.176200e+02	1.947738e+00	3.484869e+02	3425	6.094914e-03	0	
3.485886e+02	3426	3.330692e+02	-4.211698e+00	3.485886e+02	3426	-1.280706e-02	0	
3.486904e+02	3427	2.978343e+02	-7.274352e+00	3.486904e+02	3427	-2.503563e-02	0	
3.487921e+02	3428	3.127139e+02	-1.622858e+01	3.487921e+02	3428	-5.473654e-02	0	
3.488939e+02	3429	3.180642e+02	-4.307037e+00	3.488939e+02	3429	-1.372729e-02	0	
3.489956e+02	3430	3.295988e+02	-1.215472e+01	3.489956e+02	3430	-3.828933e-02	0	
3.490974e+02	3431	2.921764e+02	-3.537221e+00	3.490974e+02	3431	-1.225482e-02	0	
3.491991e+02	3432	2.875744e+02	1.981682e+00	3.491991e+02	3432	6.843862e-03	0	
3.493009e+02	3433	3.143612e+02	-1.349216e+01	3.493009e+02	3433	-4.484396e-02	0	
3.494026e+02	3434	2.985911e+02	-1.618543e+01	3.494026e+02	3434	-5.731269e-02	0	
3.495044e+02	3435	2.922466e+02	-4.189951e+00	3.495044e+02	3435	-1.454558e-02	0	
3.496061e+02	3436	3.019081e+02	-1.002429e+00	3.496061e+02	3436	-3.331373e-03	0	
3.497079e+02	3437	2.936062e+02	-6.591374e+00	3.497079e+02	3437	-2.296527e-02	0	
3.498096e+02	3438	2.873448e+02	-7.929475e+00	3.498096e+02	3438	-2.837881e-02	0	
3.499114e+02	3439	3.238249e+02	-7.053280e+00	3.499114e+02	3439	-2.226614e-02	0	
3.500131e+02	3440	2.937078e+02	1.377198e+00	3.500131e+02	3440	4.667123e-03	0	
3.501149e+02	3441	3.274973e+02	1.039796e+01	3.501149e+02	3441	3.077273e-02	0	
3.502166e+02	3442	3.511094e+02	-1.302102e+01	3.502166e+02	3442	-3.851366e-02	0	
3.503184e+02	3443	3.073663e+02	-7.956074e+00	3.503184e+02	3443	-2.657249e-02	0	
3.504201e+02	3444	3.445994e+02	-9.402990e+00	3.504201e+02	3444	-2.805218e-02	0	
3.505219e+02	3445	3.237163e+02	-9.190178e-01	3.505219e+02	3445	-2.847043e-03	0	
3.506236e+02	3446	3.232713e+02	-1.739332e+00	3.506236e+02	3446	-5.409515e-03	0	
3.507254e+02	3447	3.503054e+02	-4.940674e+00	3.507254e+02	3447	-1.430567e-02	0	
3.508271e+02	3448	8.378107e+01	2.428448e+02	3.508271e+02	3448	7.434953e-01	7.000000e-01	
3.509289e+02	3449	8.709659e+01	2.939123e+02	3.509289e+02	3449	7.714054e-01	7.000000e-01	
3.510306e+02	3450	9.465931e+01	2.544956e+02	3.510306e+02	3450	7.288902e-01	7.000000e-01	
3.511323e+02	3451	8.637506e+01	2.680155e+02	3.511323e+02	3451	7.562716e-01	7.000000e-01	
3.512341e+02	3452	8.567751e+01	2.177260e+02	3.512341e+02	3452	7.176120e-01	7.000000e-01	
3.513358e+02	3453	1.040494e+02	2.261930e+02	3.513358e+02	3453	6.849302e-01	7.000000e-01	
3.514376e+02	3454	9.317286e+01	2.535797e+02	3.514376e+02	3454	7.312987e-01	7.000000e-01	
3.515393e+02	3455	9.338643e+01	2.286270e+02	3.515393e+02	3455	7.099921e-01	7.000000e-01	
3.516411e+02	3456	8.873794e+01	1.821929e+02	3.516411e+02	3456	6.724701e-01	7.000000e-01	
3.517428e+02	3457	6.461000e+01	2.295346e+02	3.517428e+02	3457	7.803461e-01	7.000000e-01	
3.518446e+02	3458	7.582666e+01	2.251821e+02	3.518446e+02	3458	7.480915e-01	7.000000e-01	
3.519463e+02	3459	8.479076e+01	2.186122e+02	3.519463e+02	3459	7.205342e-01	7.000000e-01	
3.520481e+02	3460	6.575914e+01	2.383532e+02	3.520481e+02	3460	7.837669e-01	7.000000e-01	
3.521498e+02	3461	8.184479e+01	2.181542e+02	3.521498e+02	3461	7.271831e-01	7.000000e-01	
3.522516e+02	3462	5.591600e+01	2.260294e+02	3.522516e+02	3462	8.016779e-01	7.000000e-01	
3.523533e+02	3463	5.307874e+01	2.342905e+02	3.523533e+02	3463	8.152943e-01	7.000000e-01	
3.524551e+02	3464	7.153946e+01	2.465757e+02	3.524551e+02	3464	7.751146e-01	7.000000e-01	
3.525568e+02	3465	6.580664e+01	2.416917e+02	3.525568e+02	3465	7.859935e-01	7.000000e-01	
3.526586e+02	3466	6.534698e+01	2.272266e+02	3.526586e+02	3466	7.766477e-01	7.000000e-01	
3.527603e+02	3467	6.421168e+01	2.371257e+02	3.527603e+02	3467	7.869110e-01	7.000000e-01	
3.528621e+02	3468	5.973294e+01	2.361215e+02	3.528621e+02	3468	7.981002e-01	7.000000e-01	
3.529638e+02	3469	7.403381e+01	2.236519e+02	3.529638e+02	3469	7.513021e-01	7.000000e-01	
3.530656e+02	3470	6.231618e+01	2.231385e+02	3.530656e+02	3470	7.816950e-01	7.000000e-01	
3.531673e+02	3471	8.176971e+01	2.221998e+02	3.531673e+02	3471	7.309937e-01	7.000000e-01	
3.532691e+02	3472	6.393602e+01	2.182376e+02	3.532691e+02	3472	7.734160e-01	7.000000e-01	
3.533708e+02	3473	6.864007e+01	1.996163e+02	3.533708e+02	3473	7.441251e-01	7.000000e-01	
3.534726e+02	3474	7.388500e+01	1.954655e+02	3.534726e+02	3474	7.256920e-01	7.000000e-01	
3.535743e+02	3475	8.055941e+01	1.643535e+02	3.535743e+02	3475	6.710692e-01	7.000000e-01	
3.536760e+02	3476	8.434099e+01	1.661004e+02	3.536760e+02	3476	6.632306e-01	7.000000e-01	
3.537778e+02	3477	7.635247e+01	1.994122e+02	3.537778e+02	3477	7.231245e-01	7.000000e-01	
3.538795e+02	3478	6.574733e+01	2.133423e+02	3.538795e+02	3478	7.644222e-01	7.000000e-01	
3.539813e+02	3479	8.797567e+01	1.964959e+02	3.539813e+02	3479	6.907400e-01	7.000000e-01	
3.540830e+02	3480	8.099257e+01	2.201887e+02	3.540830e+02	3480	7.310836e-01	7.000000e-01	
3.541848e+02	3481	5.056225e+01	1.749942e+02	3.541848e+02	3481	7.758333e-01	7.000000e-01	
3.542865e+02	3482	8.478160e+01	2.148138e+02	3.542865e+02	3482	7.170130e-01	7.000000e-01	
3.543883e+02	3483	6.322981e+01	2.162647e+02	3.543883e+02	3483	7.737708e-01	7.000000e-01	
3.544900e+02	3484	5.878304e+01	2.184417e+02	3.544900e+02	3484	7.879589e-01	7.000000e-01	
3.545918e+02	3485	7.418201e+01	2.050265e+02	3.545918e+02	3485	7.343132e-01	7.000000e-01	
3.546935e+02	3486	8.638604e+01	2.255565e+02	3.546935e+02	3486	7.230707e-01	7.000000e-01	
3.547953e+02	3487	8.150189e+01	2.218411e+02	3.547953e+02	3487	7.313210e-01	7.000000e-01	
3.548970e+02	3488	8.930404e+01	2.124748e+02	3.548970e+02	3488	7.040745e-01	7.000000e-01	
3.549988e+02	3489	8.433871e+01	2.155764e+02	3.549988e+02	3489	7.187914e-01	7.000000e-01	
3.551005e+02	3490	1.015894e+02	2.337382e+02	3.551005e+02	3490	6.970443e-01	7.000000e-01	
3.552023e+02	3491	9.389550e+01	2.282013e+02	3.552023e+02	3491	7.084867e-01	7.000000e-01	
3.553040e+02	3492	9.119979e+01	2.109507e+02	3.553040e+02	3492	6.981643e-01	7.000000e-01	
3.554058e+02	3493	8.883524e+01	2.329727e+02	3.554058e+02	3493	7.239495e-01	7.000000e-01	
3.555075e+02	3494	8.261252e+01	2.228515e+02	3.555075e+02	3494	7.295507e-01	7.000000e-01	
3.556093e+02	3495	1.066136e+02	2.307551e+02	3.556093e+02	3495	6.839849e-01	7.000000e-01	
3.557110e+02	3496	9.014905e+01	2.121424e+02	3.557110e+02	3496	7.017810e-01	7.000000e-01	
3.558128e+02	3497	9.069173e+01	2.370470e+02	3.558128e+02	3497	7.232804e-01	7.000000e-01	
3.559145e+02	3498	9.558607e+01	2.199534e+02	3.559145e+02	3498	6.970710e-01	7.000000e-01	
3.560163e+02	3499	9.015514e+01	2.168106e+02	3.560163e+02	3499	7.063023e-01	7.000000e-01	
3.561180e+02	3500	8.604705e+01	2.199900e+02	3.561180e+02	3500	7.188345e-01	7.000000e-01	
3.562197e+02	3501	9.924660e+01	2.293525e+02	3.562197e+02	3501	6.979706e-01	7.000000e-01	
3.563215e+02	3502	1.003256e+02	2.137926e+02	3.563215e+02	3502	6.806119e-01	7.000000e-01	
3.564232e+02	3503	8.683233e+01	2.265847e+02	3.564232e+02	3503	7.229495e-01	7.000000e-01	
3.565250e+02	3504	1.123447e+02	1.889007e+02	3.565250e+02	3504	6.270658e-01	7.000000e-01	
3.566267e+02	3505	9.288617e+01	2.111191e+02	3.566267e+02	3505	6.944587e-01	7.000000e-01	
3.567285e+02	3506	1.056357e+02	2.236463e+02	3.567285e+02	3506	6.791938e-01	7.000000e-01	
3.568302e+02	3507	8.128937e+01	2.022809e+02	3.568302e+02	3507	7.133361e-01	7.000000e-01	
3.569320e+02	3508	1.082679e+02	1.644336e+02	3.569320e+02	3508	6.029802e-01	7.000000e-01	
3.570337e+02	3509	1.082730e+02	1.972021e+02	3.570337e+02	3509	6.455587e-01	7.000000e-01	
3.571355e+02	3510	7.657215e+01	1.906061e+02	3.571355e+02	3510	7.134043e-01	7.000000e-01	
3.572372e+02	3511	5.453183e+01	2.019266e+02	3.572372e+02	3511	7.873658e-01	7.000000e-01	
3.573390e+02	3512	7.076872e+01	1.817114e+02	3.573390e+02	3512	7.197058e-01	7.000000e-01	
3.574407e+02	3513	6.798802e+01	2.159731e+02	3.574407e+02	3513	7.605728e-01	7.000000e-01	
3.575425e+02	3514	7.804275e+01	1.987229e+02	3.575425e+02	3514	7.180187e-01	7.000000e-01	
3.576442e+02	3515	9.490565e+01	1.841202e+02	3.576442e+02	3515	6.598679e-01	7.000000e-01	
3.577460e+02	3516	8.594895e+01	1.941172e+02	3.577460e+02	3516	6.931120e-01	7.000000e-01	
3.578477e+02	3517	1.013583e+02	1.854782e+02	3.578477e+02	3517	6.466339e-01	7.000000e-01	
3.579495e+02	3518	1.065441e+02	1.643514e+02	3.579495e+02	3518	6.066967e-01	7.000000e-01	
3.580512e+02	3519	1.041459e+02	1.870698e+02	3.580512e+02	3519	6.423754e-01	7.000000e-01	
3.581530e+02	3520	9.564137e+01	1.823393e+02	3.581530e+02	3520	6.559424e-01	7.000000e-01	
3.582547e+02	3521	8.427396e+01	2.017895e+02	3.582547e+02	3521	7.054012e-01	7.000000e-01	
3.583565e+02	3522	9.872520e+01	1.860994e+02	3.583565e+02	3522	6.533825e-01	7.000000e-01	
3.584582e+02	3523	1.286043e+02	1.966007e+02	3.584582e+02	3523	6.045439e-01	7.000000e-01	
3.585600e+02	3524	8.118244e+01	2.375558e+02	3.585600e+02	3524	7.453006e-01	7.000000e-01	
3.586617e+02	3525	8.586952e+01	2.394321e+02	3.586617e+02	3525	7.360311e-01	7.000000e-01	
3.587634e+02	3526	7.772841e+01	2.341763e+02	3.587634e+02	3526	7.507944e-01	7.000000e-01	
3.588652e+02	3527	8.979667e+01	2.120234e+02	3.588652e+02	3527	7.024828e-01	7.000000e-01	
3.589669e+02	3528	8.179007e+01	2.185387e+02	3.589669e+02	3528	7.276649e-01	7.000000e-01	
3.590687e+02	3529	9.447388e+01	2.353973e+02	3.590687e+02	3529	7.136037e-01	7.000000e-01	
3.591704e+02	3530	8.434183e+01	2.345114e+02	3.591704e+02	3530	7.354838e-01	7.000000e-01	
3.592722e+02	3531	9.053285e+01	2.401180e+02	3.592722e+02	3531	7.261980e-01	7.000000e-01	
3.593739e+02	3532	1.004271e+02	2.392586e+02	3.593739e+02	3532	7.043529e-01	7.000000e-01	
3.594757e+02	3533	8.665194e+01	2.563403e+02	3.594757e+02	3533	7.473647e-01	7.000000e-01	
3.595774e+02	3534	9.058641e+01	2.054670e+02	3.595774e+02	3534	6.940200e-01	7.000000e-01	
3.596792e+02	3535	8.711510e+01	2.199258e+02	3.596792e+02	3535	7.162753e-01	7.000000e-01	
3.597809e+02	3536	7.652838e+01	1.934188e+02	3.597809e+02	3536	7.165061e-01	7.000000e-01	
3.598827e+02	3537	7.816747e+01	1.986219e+02	3.598827e+02	3537	7.175922e-01	7.000000e-01	
3.599844e+02	3538	9.567211e+01	2.359409e+02	3.599844e+02	3538	7.114947e-01	7.000000e-01	
3.600862e+02	3539	8.289964e+01	1.987999e+02	3.600862e+02	3539	7.057161e-01	7.000000e-01	
3.601879e+02	3540	6.062315e+01	1.413026e+02	3.601879e+02	3540	6.997750e-01	7.000000e-01	
3.602897e+02	3541	8.053951e+01	1.806609e+02	3.602897e+02	3541	6.916563e-01	7.000000e-01	
3.603914e+02	3542	8.551898e+01	2.371336e+02	3.603914e+02	3542	7.349503e-01	7.000000e-01	
3.604932e+02	3543	8.471376e+01	2.170730e+02	3.604932e+02	3543	7.192927e-01	7.000000e-01	
3.605949e+02	3544	8.322369e+01	2.102002e+02	3.605949e+02	3544	7.163704e-01	7.000000e-01	
3.606967e+02	3545	9.367456e+01	2.267555e+02	3.606967e+02	3545	7.076599e-01	7.000000e-01	
3.607984e+02	3546	8.346765e+01	2.235246e+02	3.607984e+02	3546	7.281115e-01	7.000000e-01	
3.609002e+02	3547	8.012710e+01	1.992665e+02	3.609002e+02	3547	7.132107e-01	7.000000e-01	
3.610019e+02	3548	7.496641e+01	2.118745e+02	3.610019e+02	3548	7.386481e-01	7.000000e-01	
3.611037e+02	3549	7.876543e+01	2.181610e+02	3.611037e+02	3549	7.347308e-01	7.000000e-01	
3.612054e+02	3550	7.466417e+01	2.144441e+02	3.612054e+02	3550	7.417432e-01	7.000000e-01	
3.613071e+02	3551	7.438707e+01	1.935980e+02	3.613071e+02	3551	7.224208e-01	7.000000e-01	
3.614089e+02	3552	7.765833e+01	2.002383e+02	3.614089e+02	3552	7.205496e-01	7.000000e-01	
3.615106e+02	3553	8.096355e+01	2.146784e+02	3.615106e+02	3553	7.261432e-01	7.000000e-01	
3.616124e+02	3554	6.994769e+01	1.378478e+02	3.616124e+02	3554	6.633821e-01	7.000000e-01	
3.617141e+02	3555	5.347300e+01	1.730164e+02	3.617141e+02	3555	7.639051e-01	7.000000e-01	
3.618159e+02	3556	8.086985e+01	1.655463e+02	3.618159e+02	3556	6.718160e-01	7.000000e-01	
3.619176e+02	3557	6.822429e+01	2.255713e+02	3.619176e+02	3557	7.677831e-01	7.000000e-01	
3.620194e+02	3558	7.133623e+01	2.077262e+02	3.620194e+02	3558	7.443718e-01	7.000000e-01	
3.621211e+02	3559	7.595684e+01	1.848444e+02	3.621211e+02	3559	7.087558e-01	7.000000e-01	
3.622229e+02	3560	7.314371e+01	2.206429e+02	3.622229e+02	3560	7.510312e-01	7.000000e-01	
3.623246e+02	3561	6.629360e+01	2.074226e+02	3.623246e+02	3561	7.578017e-01	7.000000e-01	
3.624264e+02	3562	7.109653e+01	2.228299e+02	3.624264e+02	3562	7.581145e-01	7.000000e-01	
3.625281e+02	3563	7.766279e+01	2.051146e+02	3.625281e+02	3563	7.253571e-01	7.000000e-01	
3.626299e+02	3564	5.659642e+01	1.813432e+02	3.626299e+02	3564	7.621396e-01	7.000000e-01	
3.627316e+02	3565	8.382734e+01	2.122050e+02	3.627316e+02	3565	7.168305e-01	7.000000e-01	
3.628334e+02	3566	7.175332e+01	2.153138e+02	3.628334e+02	3566	7.500469e-01	7.000000e-01	
3.629351e+02	3567	9.978488e+01	2.413003e+02	3.629351e+02	3567	7.074488e-01	7.000000e-01	
3.630369e+02	3568	8.335460e+01	2.259163e+02	3.630369e+02	3568	7.304803e-01	7.000000e-01	
3.631386e+02	3569	1.075147e+02	2.259515e+02	3.631386e+02	3569	6.775844e-01	7.000000e-01	
3.632404e+02	3570	7.933876e+01	2.189165e+02	3.632404e+02	3570	7.339904e-01	7.000000e-01	
3.633421e+02	3571	1.092432e+02	2.156465e+02	3.633421e+02	3571	6.637530e-01	7.000000e-01	
3.634439e+02	3572	9.879343e+01	2.212713e+02	3.634439e+02	3572	6.913330e-01	7.000000e-01	
3.635456e+02	3573	1.044495e+02	2.168976e+02	3.635456e+02	3573	6.749636e-01	7.000000e-01	
3.636474e+02	3574	7.496203e+01	2.268634e+02	3.636474e+02	3574	7.516378e-01	7.000000e-01	
3.637491e+02	3575	7.932413e+01	2.198125e+02	3.637491e+02	3575	7.348231e-01	7.000000e-01	
3.638508e+02	3576	7.664231e+01	2.100046e+02	3.638508e+02	3576	7.326247e-01	7.000000e-01	
3.639526e+02	3577	1.183002e+02	2.252171e+02	3.639526e+02	3577	6.556208e-01	7.000000e-01	
3.640543e+02	3578	7.723328e+01	2.273411e+02	3.640543e+02	3578	7.464223e-01	7.000000e-01	
3.641561e+02	3579	1.027329e+02	2.168802e+02	3.641561e+02	3579	6.785711e-01	7.000000e-01	
3.642578e+02	3580	8.317381e+01	2.415341e+02	3.642578e+02	3580	7.438504e-01	7.000000e-01	
3.643596e+02	3581	8.694608e+01	2.354074e+02	3.643596e+02	3581	7.302772e-01	7.000000e-01	
3.644613e+02	3582	9.938384e+01	2.170221e+02	3.644613e+02	3582	6.858977e-01	7.000000e-01	
3.645631e+02	3583	8.518781e+01	2.255453e+02	3.645631e+02	3583	7.258489e-01	7.000000e-01	
3.646648e+02	3584	9.594897e+01	2.164563e+02	3.646648e+02	3584	6.928702e-01	7.000000e-01	
3.647666e+02	3585	8.126580e+01	2.257624e+02	3.647666e+02	3585	7.353149e-01	7.000000e-01	
3.648683e+02	3586	1.243189e+02	1.919620e+02	3.648683e+02	3586	6.069352e-01	7.000000e-01	
3.649701e+02	3587	8.572811e+01	2.193006e+02	3.649701e+02	3587	7.189507e-01	7.000000e-01	
3.650718e+02	3588	1.064857e+02	2.133513e+02	3.650718e+02	3588	6.670626e-01	7.000000e-01	
3.651736e+02	3589	1.003376e+02	2.165700e+02	3.651736e+02	3589	6.833853e-01	7.000000e-01	
3.652753e+02	3590	7.770883e+01	2.184649e+02	3.652753e+02	3590	7.376242e-01	7.000000e-01	
3.653771e+02	3591	7.690165e+01	2.213968e+02	3.653771e+02	3591	7.421990e-01	7.000000e-01	
3.654788e+02	3592	7.957837e+01	2.172671e+02	3.654788e+02	3592	7.319199e-01	7.000000e-01	
3.655806e+02	3593	8.162790e+01	2.281201e+02	3.655806e+02	3593	7.364700e-01	7.000000e-01	
3.656823e+02	3594	9.308278e+01	2.066945e+02	3.656823e+02	3594	6.894935e-01	7.000000e-01	
3.657841e+02	3595	8.978361e+01	2.045778e+02	3.657841e+02	3595	6.949885e-01	7.000000e-01	
3.658858e+02	3596	9.172924e+01	2.193271e+02	3.658858e+02	3596	7.051041e-01	7.000000e-01	
3.659876e+02	3597	8.751362e+01	2.283893e+02	3.659876e+02	3597	7.229731e-01	7.000000e-01	
3.660893e+02	3598	8.103799e+01	2.153422e+02	3.660893e+02	3598	7.265742e-01	7.000000e-01	
3.661911e+02	3599	9.978514e+01	2.220206e+02	3.661911e+02	3599	6.899212e-01	7.000000e-01	
3.662928e+02	3600	9.457791e+01	2.674407e+02	3.662928e+02	3600	7.387485e-01	7.000000e-01	
3.663945e+02	3601	8.901520e+01	2.518661e+02	3.663945e+02	3601	7.388675e-01	7.000000e-01	
3.664963e+02	3602	7.848612e+01	2.440744e+02	3.664963e+02	3602	7.566778e-01	7.000000e-01	
3.665980e+02	3603	9.616217e+01	2.347241e+02	3.665980e+02	3603	7.093800e-01	7.000000e-01	
3.666998e+02	3604	7.340179e+01	2.292872e+02	3.666998e+02	3604	7.575010e-01	7.000000e-01	
3.668015e+02	3605	9.215898e+01	2.438806e+02	3.668015e+02	3605	7.257496e-01	7.000000e-01	
3.669033e+02	3606	7.374482e+01	2.337552e+02	3.669033e+02	3606	7.601795e-01	7.000000e-01	
3.670050e+02	3607	7.080546e+01	2.067438e+02	3.670050e+02	3607	7.448905e-01	7.000000e-01	
3.671068e+02	3608	7.040701e+01	2.305053e+02	3.671068e+02	3608	7.660215e-01	7.000000e-01	
3.672085e+02	3609	6.598010e+01	2.520210e+02	3.672085e+02	3609	7.925161e-01	7.000000e-01	
3.673103e+02	3610	7.511668e+01	2.318166e+02	3.673103e+02	3610	7.552671e-01	7.000000e-01	
3.674120e+02	3611	5.775840e+01	2.366848e+02	3.674120e+02	3611	8.038386e-01	7.000000e-01	
3.675138e+02	3612	7.422279e+01	2.025863e+02	3.675138e+02	3612	7.318629e-01	7.000000e-01	
3.676155e+02	3613	7.096716e+01	2.245997e+02	3.676155e+02	3613	7.598947e-01	7.000000e-01	
3.677173e+02	3614	5.512695e+01	2.330569e+02	3.677173e+02	3614	8.087091e-01	7.000000e-01	
3.678190e+02	3615	7.398734e+01	2.301674e+02	3.678190e+02	3615	7.567444e-01	7.000000e-01	
3.679208e+02	3616	8.922810e+01	2.046902e+02	3.679208e+02	3616	6.964187e-01	7.000000e-01	
3.680225e+02	3617	6.387990e+01	2.193734e+02	3.680225e+02	3617	7.744778e-01	7.000000e-01	
3.681243e+02	3618	9.084081e+01	2.284478e+02	3.681243e+02	3618	7.154900e-01	7.000000e-01	
3.682260e+02	3619	7.090864e+01	2.189974e+02	3.682260e+02	3619	7.554082e-01	7.000000e-01	
3.683278e+02	3620	8.376348e+01	2.163126e+02	3.683278e+02	3620	7.208592e-01	7.000000e-01	
3.684295e+02	3621	8.154164e+01	2.128541e+02	3.684295e+02	3621	7.230203e-01	7.000000e-01	
3.685313e+02	3622	7.851137e+01	2.274297e+02	3.685313e+02	3622	7.433775e-01	7.000000e-01	
3.686330e+02	3623	1.042992e+02	2.248760e+02	3.686330e+02	3623	6.831499e-01	7.000000e-01	
3.687348e+02	3624	8.598185e+01	2.230173e+02	3.687348e+02	3624	7.217408e-01	7.000000e-01	
3.688365e+02	3625	9.092090e+01	2.201527e+02	3.688365e+02	3625	7.077190e-01	7.000000e-01	
3.689382e+02	3626	7.843882e+01	2.030215e+02	3.689382e+02	3626	7.213148e-01	7.000000e-01	
3.690400e+02	3627	8.774324e+01	2.047072e+02	3.690400e+02	3627	6.999723e-01	7.000000e-01	
3.691417e+02	3628	8.489736e+01	2.015405e+02	3.691417e+02	3628	7.036099e-01	7.000000e-01	
3.692435e+02	3629	7.985003e+01	2.067685e+02	3.692435e+02	3629	7.214066e-01	7.000000e-01	
3.693452e+02	3630	7.674525e+01	1.929487e+02	3.693452e+02	3630	7.154358e-01	7.000000e-01	
3.694470e+02	3631	8.652039e+01	2.040557e+02	3.694470e+02	3631	7.022453e-01	7.000000e-01	
3.695487e+02	3632	9.258770e+01	2.022854e+02	3.695487e+02	3632	6.860083e-01	7.000000e-01	
3.696505e+02	3633	7.268516e+01	2.030855e+02	3.696505e+02	3633	7.364290e-01	7.000000e-01	
3.697522e+02	3634	9.234757e+01	2.061443e+02	3.697522e+02	3634	6.906195e-01	7.000000e-01	
3.698540e+02	3635	9.129985e+01	2.108035e+02	3.698540e+02	3635	6.977860e-01	7.000000e-01	
3.699557e+02	3636	9.380021e+01	2.060359e+02	3.699557e+02	3636	6.871617e-01	7.000000e-01	
3.700575e+02	3637	1.077814e+02	2.008413e+02	3.700575e+02	3637	6.507665e-01	7.000000e-01	
3.701592e+02	3638	8.747073e+01	2.081157e+02	3.701592e+02	3638	7.040773e-01	7.000000e-01	
3.702610e+02	3639	7.683376e+01	1.920905e+02	3.702610e+02	3639	7.142922e-01	7.000000e-01	
3.703627e+02	3640	9.765311e+01	2.551895e+02	3.703627e+02	3640	7.232389e-01	7.000000e-01	
3.704645e+02	3641	9.858480e+01	2.434441e+02	3.704645e+02	3641	7.117647e-01	7.000000e-01	
3.705662e+02	3642	9.136781e+01	2.596112e+02	3.705662e+02	3642	7.396773e-01	7.000000e-01	
3.706680e+02	3643	8.980444e+01	2.219228e+02	3.706680e+02	3643	7.119134e-01	7.000000e-01	
3.707697e+02	3644	1.066331e+02	2.488926e+02	3.707697e+02	3644	7.000692e-01	7.000000e-01	
3.708715e+02	3645	8.955227e+01	2.109299e+02	3.708715e+02	3645	7.019714e-01	7.000000e-01	
3.709732e+02	3646	9.308640e+01	2.582049e+02	3.709732e+02	3646	7.350165e-01	7.000000e-01	
3.710750e+02	3647	9.439409e+01	2.230750e+02	3.710750e+02	3647	7.026668e-01	7.000000e-01	
3.711767e+02	3648	7.281939e+01	1.473767e+02	3.711767e+02	3648	6.692975e-01	7.000000e-01	
3.712785e+02	3649	8.827138e+01	2.203207e+02	3.712785e+02	3649	7.139545e-01	7.000000e-01	
3.713802e+02	3650	8.571406e+01	1.878199e+02	3.713802e+02	3650	6.866420e-01	7.000000e-01	
3.714819e+02	3651	7.727442e+01	2.136274e+02	3.714819e+02	3651	7.343625e-01	7.000000e-01	
3.715837e+02	3652	9.386985e+01	2.267920e+02	3.715837e+02	3652	7.072622e-01	7.000000e-01	
3.716854e+02	3653	9.133098e+01	2.326271e+02	3.716854e+02	3653	7.180778e-01	7.000000e-01	
3.717872e+02	3654	9.565861e+01	2.015510e+02	3.717872e+02	3654	6.781443e-01	7.000000e-01	
3.718889e+02	3655	9.092179e+01	2.168368e+02	3.718889e+02	3655	7.045678e-01	7.000000e-01	
3.719907e+02	3656	1.022580e+02	1.956721e+02	3.719907e+02	3656	6.567718e-01	7.000000e-01	
3.720924e+02	3657	8.131115e+01	2.042993e+02	3.720924e+02	3657	7.153075e-01	7.000000e-01	
3.721942e+02	3658	1.062906e+02	2.251565e+02	3.721942e+02	3658	6.793135e-01	7.000000e-01	
3.722959e+02	3659	8.403742e+01	2.117896e+02	3.722959e+02	3659	7.159238e-01	7.000000e-01	
3.723977e+02	3660	7.333868e+01	2.023853e+02	3.723977e+02	3660	7.340141e-01	7.000000e-01	
3.724994e+02	3661	8.541040e+01	1.899889e+02	3.724994e+02	3661	6.898670e-01	7.000000e-01	
3.726012e+02	3662	9.172248e+01	2.455766e+02	3.726012e+02	3662	7.280678e-01	7.000000e-01	
3.727029e+02	3663	9.891516e+01	2.003114e+02	3.727029e+02	3663	6.694305e-01	7.000000e-01	
3.728047e+02	3664	9.090588e+01	2.296072e+02	3.728047e+02	3664	7.163739e-01	7.000000e-01	
3.729064e+02	3665	8.297086e+01	2.737417e+02	3.729064e+02	3665	7.674013e-01	7.000000e-01	
3.730082e+02	3666	8.092848e+01	2.328835e+02	3.730082e+02	3666	7.421116e-01	7.000000e-01	
3.731099e+02	3667	1.071051e+02	2.231903e+02	3.731099e+02	3667	6.757294e-01	7.000000e-01	
3.732117e+02	3668	8.265658e+01	2.329667e+02	3.732117e+02	3668	7.381163e-01	7.000000e-01	
3.733134e+02	3669	9.889848e+01	2.356208e+02	3.733134e+02	3669	7.043564e-01	7.000000e-01	
3.734152e+02	3670	7.274357e+01	2.086248e+02	3.734152e+02	3670	7.414650e-01	7.000000e-01	
3.735169e+02	3671	6.323424e+01	2.211475e+02	3.735169e+02	3671	7.776431e-01	7.000000e-01	
3.736187e+02	3672	9.365595e+01	2.392557e+02	3.736187e+02	3672	7.186763e-01	7.000000e-01	
3.737204e+02	3673	7.547519e+01	2.027220e+02	3.737204e+02	3673	7.286989e-01	7.000000e-01	
3.738222e+02	3674	6.874366e+01	2.144866e+02	3.738222e+02	3674	7.572870e-01	7.000000e-01	
3.739239e+02	3675	7.988317e+01	2.293734e+02	3.739239e+02	3675	7.416929e-01	7.000000e-01	
3.740256e+02	3676	8.920494e+01	1.947717e+02	3.740256e+02	3676	6.858723e-01	7.000000e-01	
3.741274e+02	3677	6.435553e+01	1.752792e+02	3.741274e+02	3677	7.314432e-01	7.000000e-01	
3.742291e+02	3678	1.075230e+02	2.090634e+02	3.742291e+02	3678	6.603676e-01	7.000000e-01	
3.743309e+02	3679	7.552598e+01	2.035633e+02	3.743309e+02	3679	7.293842e-01	7.000000e-01	
3.744326e+02	3680	6.333381e+01	2.652052e+02	3.744326e+02	3680	8.072259e-01	7.000000e-01	
3.745344e+02	3681	5.558561e+01	2.552038e+02	3.745344e+02	3681	8.211470e-01	7.000000e-01	
3.746361e+02	3682	7.510360e+01	2.445153e+02	3.746361e+02	3682	7.650214e-01	7.000000e-01	
3.747379e+02	3683	6.333639e+01	2.465453e+02	3.747379e+02	3683	7.956111e-01	7.000000e-01	
3.748396e+02	3684	5.448973e+01	2.572245e+02	3.748396e+02	3684	8.251933e-01	7.000000e-01	
3.749414e+02	3685	6.909105e+01	2.450557e+02	3.749414e+02	3685	7.800676e-01	7.000000e-01	
3.750431e+02	3686	3.243531e+02	-1.381474e+01	3.750431e+02	3686	-4.448642e-02	0	
3.751449e+02	3687	3.435177e+02	-1.067212e+01	3.751449e+02	3687	-3.206328e-02	0	
3.752466e+02	3688	3.196501e+02	4.701117e+00	3.752466e+02	3688	1.449391e-02	0	
3.753484e+02	3689	3.333160e+02	-1.228460e+01	3.753484e+02	3689	-3.826604e-02	0	
3.754501e+02	3690	3.535881e+02	-1.362259e+01	3.754501e+02	3690	-4.007051e-02	0	
3.755519e+02	3691	3.235511e+02	-2.226940e+01	3.755519e+02	3691	-7.391554e-02	0	
3.756536e+02	3692	2.726702e+02	6.732618e+01	3.756536e+02	3692	1.980203e-01	0	
3.757554e+02	3693	3.008564e+02	1.616160e+01	3.757554e+02	3693	5.098007e-02	0	
3.758571e+02	3694	3.280037e+02	-1.646178e+00	3.758571e+02	3694	-5.044094e-03	0	
3.759589e+02	3695	3.085319e+02	2.074530e+01	3.759589e+02	3695	6.300254e-02	0	
3.760606e+02	3696	3.111048e+02	1.320977e+01	3.760606e+02	3696	4.073135e-02	0	
3.761624e+02	3697	3.247269e+02	8.996934e+00	3.761624e+02	3697	2.695922e-02	0	
3.762641e+02	3698	8.587800e+01	2.215616e+02	3.762641e+02	3698	7.206671e-01	7.000000e-01	
3.763659e+02	3699	8.704224e+01	2.243741e+02	3.763659e+02	3699	7.204956e-01	7.000000e-01	
3.764676e+02	3700	9.151031e+01	2.098422e+02	3.764676e+02	3700	6.963347e-01	7.000000e-01	
3.765693e+02	3701	1.164304e+02	1.913614e+02	3.765693e+02	3701	6.217235e-01	7.000000e-01	
3.766711e+02	3702	7.005823e+01	2.426541e+02	3.766711e+02	3702	7.759659e-01	7.000000e-01	
3.767728e+02	3703	6.369715e+01	2.756564e+02	3.767728e+02	3703	8.122986e-01	7.000000e-01	
3.768746e+02	3704	6.247349e+01	2.548585e+02	3.768746e+02	3704	8.031289e-01	7.000000e-01	
3.769763e+02	3705	7.864837e+01	2.332957e+02	3.769763e+02	3705	7.478767e-01	7.000000e-01	
3.770781e+02	3706	7.454946e+01	2.333520e+02	3.770781e+02	3706	7.578788e-01	7.000000e-01	
3.771798e+02	3707	8.415597e+01	2.203866e+02	3.771798e+02	3707	7.236643e-01	7.000000e-01	
3.772816e+02	3708	5.749539e+01	2.498866e+02	3.772816e+02	3708	8.129513e-01	7.000000e-01	
3.773833e+02	3709	7.766742e+01	2.136520e+02	3.773833e+02	3709	7.333943e-01	7.000000e-01	
3.774851e+02	3710	6.432434e+01	2.530807e+02	3.774851e+02	3710	7.973430e-01	7.000000e-01	
3.775868e+02	3711	5.794328e+01	2.768332e+02	3.775868e+02	3711	8.269195e-01	7.000000e-01	
3.776886e+02	3712	6.582991e+01	2.644668e+02	3.776886e+02	3712	8.006946e-01	7.000000e-01	
3.777903e+02	3713	7.391230e+01	2.161493e+02	3.777903e+02	3713	7.451841e-01	7.000000e-01	
3.778921e+02	3714	6.078582e+01	2.301521e+02	3.778921e+02	3714	7.910694e-01	7.000000e-01	
3.779938e+02	3715	8.293746e+01	2.083734e+02	3.779938e+02	3715	7.152957e-01	7.000000e-01	
3.780956e+02	3716	6.875980e+01	2.186327e+02	3.780956e+02	3716	7.607460e-01	7.000000e-01	
3.781973e+02	3717	9.062237e+01	2.051306e+02	3.781973e+02	3717	6.935876e-01	7.000000e-01	
3.782991e+02	3718	9.282232e+01	2.064514e+02	3.782991e+02	3718	6.898414e-01	7.000000e-01	
3.784008e+02	3719	7.546062e+01	2.037718e+02	3.784008e+02	3719	7.297570e-01	7.000000e-01	
3.785026e+02	3720	8.488212e+01	2.055199e+02	3.785026e+02	3720	7.077082e-01	7.000000e-01	
3.786043e+02	3721	1.094892e+02	2.283977e+02	3.786043e+02	3721	6.759590e-01	7.000000e-01	
3.787061e+02	3722	8.347292e+01	2.136795e+02	3.787061e+02	3722	7.190906e-01	7.000000e-01	
3.788078e+02	3723	8.123422e+01	2.091399e+02	3.788078e+02	3723	7.202429e-01	7.000000e-01	
3.789096e+02	3724	9.296208e+01	2.051988e+02	3.789096e+02	3724	6.882150e-01	7.000000e-01	
3.790113e+02	3725	7.761541e+01	2.241459e+02	3.790113e+02	3725	7.427920e-01	7.000000e-01	
3.791130e+02	3726	8.559208e+01	2.138258e+02	3.791130e+02	3726	7.141384e-01	7.000000e-01	
3.792148e+02	3727	8.597067e+01	2.142546e+02	3.792148e+02	3727	7.136461e-01	7.000000e-01	
3.793165e+02	3728	1.015338e+02	2.271380e+02	3.793165e+02	3728	6.910785e-01	7.000000e-01	
3.794183e+02	3729	8.001168e+01	2.200533e+02	3.794183e+02	3729	7.333522e-01	7.000000e-01	
3.795200e+02	3730	7.252421e+01	2.192190e+02	3.795200e+02	3730	7.514108e-01	7.000000e-01	
3.796218e+02	3731	7.393846e+01	2.216036e+02	3.796218e+02	3731	7.498209e-01	7.000000e-01	
3.797235e+02	3732	7.873460e+01	2.045453e+02	3.797235e+02	3732	7.220608e-01	7.000000e-01	
3.798253e+02	3733	7.447324e+01	2.338730e+02	3.798253e+02	3733	7.584753e-01	7.000000e-01	
3.799270e+02	3734	7.882260e+01	2.111281e+02	3.799270e+02	3734	7.281517e-01	7.000000e-01	
3.800288e+02	3735	8.355681e+01	2.241422e+02	3.800288e+02	3735	7.284463e-01	7.000000e-01	
3.801305e+02	3736	7.004153e+01	2.191414e+02	3.801305e+02	3736	7.577951e-01	7.000000e-01	
3.802323e+02	3737	8.741955e+01	1.850209e+02	3.802323e+02	3737	6.791242e-01	7.000000e-01	
3.803340e+02	3738	8.196652e+01	2.145534e+02	3.803340e+02	3738	7.235716e-01	7.000000e-01	
3.804358e+02	3739	7.503973e+01	2.001694e+02	3.804358e+02	3739	7.273356e-01	7.000000e-01	
3.805375e+02	3740	8.097939e+01	2.171986e+02	3.805375e+02	3740	7.284193e-01	7.000000e-01	
3.806393e+02	3741	7.930393e+01	2.179868e+02	3.806393e+02	3741	7.332445e-01	7.000000e-01	
3.807410e+02	3742	8.342951e+01	2.061790e+02	3.807410e+02	3742	7.119231e-01	7.000000e-01	
3.808428e+02	3743	9.279123e+01	2.284189e+02	3.808428e+02	3743	7.111199e-01	7.000000e-01	
3.809445e+02	3744	9.508274e+01	1.990509e+02	3.809445e+02	3744	6.767363e-01	7.000000e-01	
3.810463e+02	3745	7.956743e+01	2.217907e+02	3.810463e+02	3745	7.359705e-01	7.000000e-01	
3.811480e+02	3746	9.285991e+01	2.202890e+02	3.811480e+02	3746	7.034640e-01	7.000000e-01	
3.812498e+02	3747	8.747719e+01	2.115104e+02	3.812498e+02	3747	7.074220e-01	7.000000e-01	
3.813515e+02	3748	8.316438e+01	1.977110e+02	3.813515e+02	3748	7.039100e-01	7.000000e-01	
3.814533e+02	3749	9.159849e+01	1.879447e+02	3.814533e+02	3749	6.723280e-01	7.000000e-01	
3.815550e+02	3750	7.686669e+01	2.103291e+02	3.815550e+02	3750	7.323544e-01	7.000000e-01	
3.816567e+02	3751	7.139490e+01	1.903191e+02	3.816567e+02	3751	7.272026e-01	7.000000e-01	
3.817585e+02	3752	9.935545e+01	2.137899e+02	3.817585e+02	3752	6.827178e-01	7.000000e-01	
3.818602e+02	3753	7.653221e+01	1.646697e+02	3.818602e+02	3753	6.827048e-01	7.000000e-01	
3.819620e+02	3754	9.286559e+01	2.086336e+02	3.819620e+02	3754	6.919873e-01	7.000000e-01	
3.820637e+02	3755	7.100846e+01	2.007089e+02	3.820637e+02	3755	7.386679e-01	7.000000e-01	
3.821655e+02	3756	7.652507e+01	1.647607e+02	3.821655e+02	3756	6.828447e-01	7.000000e-01	
3.822672e+02	3757	1.026249e+02	2.105840e+02	3.822672e+02	3757	6.723436e-01	7.000000e-01	
3.823690e+02	3758	8.490971e+01	2.444011e+02	3.823690e+02	3758	7.421594e-01	7.000000e-01	
3.824707e+02	3759	8.348503e+01	2.123336e+02	3.824707e+02	3759	7.177831e-01	7.000000e-01	
3.825725e+02	3760	8.297402e+01	2.117871e+02	3.825725e+02	3760	7.185042e-01	7.000000e-01	
3.826742e+02	3761	8.684390e+01	1.943948e+02	3.826742e+02	3761	6.912093e-01	7.000000e-01	
3.827760e+02	3762	1.000160e+02	2.219645e+02	3.827760e+02	3762	6.893725e-01	7.000000e-01	
3.828777e+02	3763	6.562466e+01	2.087411e+02	3.828777e+02	3763	7.608132e-01	7.000000e-01	
3.829795e+02	3764	1.100910e+02	1.904505e+02	3.829795e+02	3764	6.336912e-01	7.000000e-01	
3.830812e+02	3765	1.032255e+02	2.004788e+02	3.830812e+02	3765	6.601118e-01	7.000000e-01	
3.831830e+02	3766	2.617868e+01	2.047452e+02	3.831830e+02	3766	8.866350e-01	7.000000e-01	
3.832847e+02	3767	6.915121e+01	2.096786e+02	3.832847e+02	3767	7.519949e-01	7.000000e-01	
3.833865e+02	3768	7.703968e+01	1.895375e+02	3.833865e+02	3768	7.110042e-01	7.000000e-01	
3.834882e+02	3769	6.174351e+01	2.189615e+02	3.834882e+02	3769	7.800413e-01	7.000000e-01	
3.835900e+02	3770	7.317859e+01	1.959022e+02	3.835900e+02	3770	7.280423e-01	7.000000e-01	
3.836917e+02	3771	6.987608e+01	2.048092e+02	3.836917e+02	3771	7.456140e-01	7.000000e-01	
3.837935e+02	3772	6.597693e+01	2.075845e+02	3.837935e+02	3772	7.588223e-01	7.000000e-01	
3.838952e+02	3773	6.938635e+01	2.043812e+02	3.838952e+02	3773	7.465501e-01	7.000000e-01	
3.839970e+02	3774	6.226326e+01	1.987348e+02	3.839970e+02	3774	7.614417e-01	7.000000e-01	
3.840987e+02	3775	7.653623e+01	2.074597e+02	3.840987e+02	3775	7.305024e-01	7.000000e-01	
3.842004e+02	3776	7.301731e+01	1.863117e+02	3.842004e+02	3776	7.184376e-01	7.000000e-01	
3.843022e+02	3777	6.878132e+01	2.479538e+02	3.843022e+02	3777	7.828428e-01	7.000000e-01	
3.844039e+02	3778	7.939644e+01	2.358591e+02	3.844039e+02	3778	7.481521e-01	7.000000e-01	
3.845057e+02	3779	6.338009e+01	2.069418e+02	3.845057e+02	3779	7.655384e-01	7.000000e-01	
3.846074e+02	3780	6.869570e+01	2.445707e+02	3.846074e+02	3780	7.807116e-01	7.000000e-01	
3.847092e+02	3781	7.044038e+01	2.855290e+02	3.847092e+02	3781	8.021167e-01	7.000000e-01	
3.848109e+02	3782	6.433775e+01	2.487224e+02	3.848109e+02	3782	7.944876e-01	7.000000e-01	
3.849127e+02	3783	6.818453e+01	2.325611e+02	3.849127e+02	3783	7.732817e-01	7.000000e-01	
3.850144e+02	3784	7.668087e+01	2.332512e+02	3.850144e+02	3784	7.525881e-01	7.000000e-01	
3.851162e+02	3785	7.810646e+01	2.298144e+02	3.851162e+02	3785	7.463424e-01	7.000000e-01	
3.852179e+02	3786	7.926105e+01	2.328898e+02	3.852179e+02	3786	7.460809e-01	7.000000e-01	
3.853197e+02	3787	7.968093e+01	2.089560e+02	3.853197e+02	3787	7.239406e-01	7.000000e-01	
3.854214e+02	3788	7.296400e+01	2.118592e+02	3.854214e+02	3788	7.438270e-01	7.000000e-01	
3.855232e+02	3789	9.160719e+01	2.139109e+02	3.855232e+02	3789	7.001579e-01	7.000000e-01	
3.856249e+02	3790	7.115046e+01	2.313033e+02	3.856249e+02	3790	7.647559e-01	7.000000e-01	
3.857267e+02	3791	6.861256e+01	2.097399e+02	3.857267e+02	3791	7.535047e-01	7.000000e-01	
3.858284e+02	3792	7.835036e+01	2.207297e+02	3.858284e+02	3792	7.380288e-01	7.000000e-01	
3.859302e+02	3793	7.009002e+01	2.211223e+02	3.859302e+02	3793	7.593164e-01	7.000000e-01	
3.860319e+02	3794	6.851708e+01	2.048322e+02	3.860319e+02	3794	7.493424e-01	7.000000e-01	
3.861337e+02	3795	6.933005e+01	2.143631e+02	3.861337e+02	3795	7.556161e-01	7.000000e-01	
3.862354e+02	3796	8.191847e+01	2.185523e+02	3.862354e+02	3796	7.273663e-01	7.000000e-01	
3.863372e+02	3797	7.398431e+01	2.155021e+02	3.863372e+02	3797	7.444291e-01	7.000000e-01	
3.864389e+02	3798	7.613151e+01	2.230517e+02	3.864389e+02	3798	7.455355e-01	7.000000e-01	
3.865407e+02	3799	8.938174e+01	2.149514e+02	3.865407e+02	3799	7.063030e-01	7.000000e-01	
3.866424e+02	3800	8.911725e+01	2.170163e+02	3.866424e+02	3800	7.088942e-01	7.000000e-01	
3.867441e+02	3801	3.711737e+01	2.040616e+02	3.867441e+02	3801	8.461003e-01	7.000000e-01	
3.868459e+02	3802	7.393564e+01	2.288885e+02	3.868459e+02	3802	7.558463e-01	7.000000e-01	
3.869476e+02	3803	9.368833e+01	2.184038e+02	3.869476e+02	3803	6.998055e-01	7.000000e-01	
3.870494e+02	3804	8.415423e+01	2.256885e+02	3.870494e+02	3804	7.283970e-01	7.000000e-01	
3.871511e+02	3805	6.647671e+01	2.351593e+02	3.871511e+02	3805	7.796128e-01	7.000000e-01	
3.872529e+02	3806	8.026574e+01	2.084270e+02	3.872529e+02	3806	7.219683e-01	7.000000e-01	
3.873546e+02	3807	1.058404e+02	1.912451e+02	3.873546e+02	3807	6.437376e-01	7.000000e-01	
3.874564e+02	3808	1.215483e+02	1.870302e+02	3.874564e+02	3808	6.061025e-01	7.000000e-01	
3.875581e+02	3809	8.681933e+01	2.148089e+02	3.875581e+02	3809	7.121644e-01	7.000000e-01	
3.876599e+02	3810	8.210824e+01	2.278657e+02	3.876599e+02	3810	7.351124e-01	7.000000e-01	
3.877616e+02	3811	7.019567e+01	2.415626e+02	3.877616e+02	3811	7.748394e-01	7.000000e-01	
3.878634e+02	3812	8.152787e+01	2.216348e+02	3.878634e+02	3812	7.310755e-01	7.000000e-01	
3.879651e+02	3813	6.889273e+01	1.931168e+02	3.879651e+02	3813	7.370602e-01	7.000000e-01	
3.880669e+02	3814	6.619218e+01	2.225783e+02	3.880669e+02	3814	7.707793e-01	7.000000e-01	
3.881686e+02	3815	6.731062e+01	2.132251e+02	3.881686e+02	3815	7.600640e-01	7.000000e-01	
3.882704e+02	3816	5.039590e+01	2.165007e+02	3.882704e+02	3816	8.111782e-01	7.000000e-01	
3.883721e+02	3817	7.029303e+01	2.348076e+02	3.883721e+02	3817	7.696071e-01	7.000000e-01	
3.884739e+02	3818	6.280048e+01	2.162368e+02	3.884739e+02	3818	7.749387e-01	7.000000e-01	
3.885756e+02	3819	6.856829e+01	1.763646e+02	3.885756e+02	3819	7.200527e-01	7.000000e-01	
3.886774e+02	3820	7.929129e+01	1.954226e+02	3.886774e+02	3820	7.113677e-01	7.000000e-01	
3.887791e+02	3821	8.587709e+01	1.526588e+02	3.887791e+02	3821	6.399825e-01	7.000000e-01	
3.888809e+02	3822	5.641448e+01	2.733379e+02	3.888809e+02	3822	8.289187e-01	7.000000e-01	
3.889826e+02	3823	7.599887e+01	2.114039e+02	3.889826e+02	3823	7.355667e-01	7.000000e-01	
3.890844e+02	3824	7.950035e+01	2.317874e+02	3.890844e+02	3824	7.446082e-01	7.000000e-01	
3.891861e+02	3825	6.236919e+01	2.153431e+02	3.891861e+02	3825	7.754180e-01	7.000000e-01	
3.892878e+02	3826	8.468977e+01	2.472536e+02	3.892878e+02	3826	7.448668e-01	7.000000e-01	
3.893896e+02	3827	6.671527e+01	2.492404e+02	3.893896e+02	3827	7.888461e-01	7.000000e-01	
3.894913e+02	3828	8.575992e+01	2.446689e+02	3.894913e+02	3828	7.404587e-01	7.000000e-01	
3.895931e+02	3829	7.495836e+01	2.546967e+02	3.895931e+02	3829	7.726158e-01	7.000000e-01	
3.896948e+02	3830	8.573737e+01	2.178922e+02	3.896948e+02	3830	7.176251e-01	7.000000e-01	
3.897966e+02	3831	8.101943e+01	2.461150e+02	3.897966e+02	3831	7.523360e-01	7.000000e-01	
3.898983e+02	3832	7.976918e+01	2.093279e+02	3.898983e+02	3832	7.240748e-01	7.000000e-01	
3.900001e+02	3833	8.642475e+01	2.206623e+02	3.900001e+02	3833	7.185660e-01	7.000000e-01	
3.901018e+02	3834	9.578453e+01	2.627071e+02	3.901018e+02	3834	7.328124e-01	7.000000e-01	
3.902036e+02	3835	1.014703e+02	2.591953e+02	3.902036e+02	3835	7.186582e-01	7.000000e-01	
3.903053e+02	3836	8.865971e+01	2.505098e+02	3.903053e+02	3836	7.385976e-01	7.000000e-01	
3.904071e+02	3837	8.851209e+01	2.485332e+02	3.904071e+02	3837	7.373881e-01	7.000000e-01	
3.905088e+02	3838	8.876057e+01	2.978116e+02	3.905088e+02	3838	7.703907e-01	7.000000e-01	
3.906106e+02	3839	1.142673e+02	2.570834e+02	3.906106e+02	3839	6.922928e-01	7.000000e-01	
3.907123e+02	3840	1.069165e+02	2.584913e+02	3.907123e+02	3840	7.074050e-01	7.000000e-01	
3.908141e+02	3841	9.714991e+01	2.159699e+02	3.908141e+02	3841	6.897357e-01	7.000000e-01	
3.909158e+02	3842	9.462928e+01	2.590709e+02	3.909158e+02	3842	7.324591e-01	7.000000e-01	
3.910176e+02	3843	7.433961e+01	1.765138e+02	3.910176e+02	3843	7.036532e-01	7.000000e-01	
3.911193e+02	3844	8.022566e+01	2.065442e+02	3.911193e+02	3844	7.202438e-01	7.000000e-01	
3.912211e+02	3845	9.395264e+01	2.350135e+02	3.912211e+02	3845	7.144003e-01	7.000000e-01	
3.913228e+02	3846	8.652699e+01	2.190919e+02	3.913228e+02	3846	7.168794e-01	7.000000e-01	
3.914246e+02	3847	7.082289e+01	1.989009e+02	3.914246e+02	3847	7.374244e-01	7.000000e-01	
3.915263e+02	3848	7.330587e+01	1.735691e+02	3.915263e+02	3848	7.030648e-01	7.000000e-01	
3.916281e+02	3849	9.059460e+01	2.531619e+02	3.916281e+02	3849	7.364571e-01	7.000000e-01	
3.917298e+02	3850	8.385348e+01	2.247121e+02	3.917298e+02	3850	7.282475e-01	7.000000e-01	
3.918315e+02	3851	8.647291e+01	2.307157e+02	3.918315e+02	3851	7.273770e-01	7.000000e-01	
3.919333e+02	3852	9.465297e+01	2.377041e+02	3.919333e+02	3852	7.152070e-01	7.000000e-01	
3.920350e+02	3853	8.153267e+01	2.362676e+02	3.920350e+02	3853	7.434468e-01	7.000000e-01	
3.921368e+02	3854	8.094533e+01	2.320374e+02	3.921368e+02	3854	7.413745e-01	7.000000e-01	
3.922385e+02	3855	7.587932e+01	2.311076e+02	3.922385e+02	3855	7.528256e-01	7.000000e-01	
3.923403e+02	3856	8.832026e+01	2.345654e+02	3.923403e+02	3856	7.264658e-01	7.000000e-01	
3.924420e+02	3857	8.518431e+01	2.326589e+02	3.924420e+02	3857	7.319927e-01	7.000000e-01	
3.925438e+02	3858	7.884663e+01	2.229670e+02	3.925438e+02	3858	7.387572e-01	7.000000e-01	
3.926455e+02	3859	9.067658e+01	2.258487e+02	3.926455e+02	3859	7.135250e-01	7.000000e-01	
3.927473e+02	3860	8.218712e+01	2.198661e+02	3.927473e+02	3860	7.279052e-01	7.000000e-01	
3.928490e+02	3861	9.086838e+01	2.544594e+02	3.928490e+02	3861	7.368634e-01	7.000000e-01	
3.929508e+02	3862	7.698207e+01	2.376907e+02	3.929508e+02	3862	7.553583e-01	7.000000e-01	
3.930525e+02	3863	7.599564e+01	2.208365e+02	3.930525e+02	3863	7.439777e-01	7.000000e-01	
3.931543e+02	3864	7.218331e+01	2.056504e+02	3.931543e+02	3864	7.401924e-01	7.000000e-01	
3.932560e+02	3865	8.061786e+01	2.277130e+02	3.932560e+02	3865	7.385346e-01	7.000000e-01	
3.933578e+02	3866	6.589224e+01	2.025565e+02	3.933578e+02	3866	7.545444e-01	7.000000e-01	
3.934595e+02	3867	9.387968e+01	2.241689e+02	3.934595e+02	3867	7.048260e-01	7.000000e-01	
3.935613e+02	3868	8.799538e+01	2.129321e+02	3.935613e+02	3868	7.075861e-01	7.000000e-01	
3.936630e+02	3869	6.809549e+01	2.088508e+02	3.936630e+02	3869	7.541202e-01	7.000000e-01	
3.937648e+02	3870	8.286890e+01	2.105605e+02	3.937648e+02	3870	7.175849e-01	7.000000e-01	
3.938665e+02	3871	5.420166e+01	1.988734e+02	3.938665e+02	3871	7.858277e-01	7.000000e-01	
3.939683e+02	3872	1.013617e+02	2.219434e+02	3.939683e+02	3872	6.864828e-01	7.000000e-01	
3.940700e+02	3873	9.531269e+01	1.965347e+02	3.940700e+02	3873	6.734160e-01	7.000000e-01	
3.941718e+02	3874	9.700555e+01	2.106985e+02	3.941718e+02	3874	6.847440e-01	7.000000e-01	
3.942735e+02	3875	9.315112e+01	2.266146e+02	3.942735e+02	3875	7.086895e-01	7.000000e-01	
3.943752e+02	3876	8.891980e+01	2.314001e+02	3.943752e+02	3876	7.224031e-01	7.000000e-01	
3.944770e+02	3877	7.769300e+01	2.015534e+02	3.944770e+02	3877	7.217762e-01	7.000000e-01	
3.945787e+02	3878	9.239599e+01	2.045620e+02	3.945787e+02	3878	6.888584e-01	7.000000e-01	
3.946805e+02	3879	8.023541e+01	2.460829e+02	3.946805e+02	3879	7.541192e-01	7.000000e-01	
3.947822e+02	3880	8.109358e+01	2.449776e+02	3.947822e+02	3880	7.513010e-01	7.000000e-01	
3.948840e+02	3881	1.056281e+02	2.441155e+02	3.948840e+02	3881	6.979842e-01	7.000000e-01	
3.949857e+02	3882	8.066507e+01	2.660376e+02	3.949857e+02	3882	7.673365e-01	7.000000e-01	
3.950875e+02	3883	7.605017e+01	2.255046e+02	3.950875e+02	3883	7.478064e-01	7.000000e-01	
3.951892e+02	3884	8.171474e+01	2.454769e+02	3.951892e+02	3884	7.502542e-01	7.000000e-01	
3.952910e+02	3885	9.092783e+01	2.440095e+02	3.952910e+02	3885	7.285229e-01	7.000000e-01	
3.953927e+02	3886	9.468648e+01	2.603641e+02	3.953927e+02	3886	7.333155e-01	7.000000e-01	
3.954945e+02	3887	9.440563e+01	2.202264e+02	3.954945e+02	3887	6.999491e-01	7.000000e-01	
3.955962e+02	3888	7.614167e+01	2.407084e+02	3.955962e+02	3888	7.596918e-01	7.000000e-01	
3.956980e+02	3889	6.691369e+01	2.602828e+02	3.956980e+02	3889	7.954939e-01	7.000000e-01	
3.957997e+02	3890	6.513213e+01	2.458817e+02	3.957997e+02	3890	7.905812e-01	7.000000e-01	
3.959015e+02	3891	7.558329e+01	2.436612e+02	3.959015e+02	3891	7.632432e-01	7.000000e-01	
3.960032e+02	3892	8.221586e+01	2.393871e+02	3.960032e+02	3892	7.443560e-01	7.000000e-01	
3.961050e+02	3893	7.096741e+01	2.370722e+02	3.961050e+02	3893	7.696160e-01	7.000000e-01	
3.962067e+02	3894	7.669180e+01	2.185022e+02	3.962067e+02	3894	7.401986e-01	7.000000e-01	
3.963085e+02	3895	9.810925e+01	2.649603e+02	3.963085e+02	3895	7.297784e-01	7.000000e-01	
3.964102e+02	3896	7.524894e+01	2.446231e+02	3.964102e+02	3896	7.647530e-01	7.000000e-01	
3.965120e+02	3897	7.502837e+01	2.548891e+02	3.965120e+02	3897	7.725844e-01	7.000000e-01	
3.966137e+02	3898	8.602364e+01	2.480899e+02	3.966137e+02	3898	7.425317e-01	7.000000e-01	
3.967155e+02	3899	8.670335e+01	1.932668e+02	3.967155e+02	3899	6.903122e-01	7.000000e-01	
3.968172e+02	3900	8.036062e+01	1.899419e+02	3.968172e+02	3900	7.027012e-01	7.000000e-01	
3.969189e+02	3901	8.109581e+01	1.800432e+02	3.969189e+02	3901	6.894535e-01	7.000000e-01	
3.970207e+02	3902	5.977904e+01	1.967948e+02	3.970207e+02	3902	7.670104e-01	7.000000e-01	
3.971224e+02	3903	9.868361e+01	2.170764e+02	3.971224e+02	3903	6.874727e-01	7.000000e-01	
3.972242e+02	3904	8.093531e+01	2.108937e+02	3.972242e+02	3904	7.226619e-01	7.000000e-01	
3.973259e+02	3905	8.054654e+01	1.869375e+02	3.973259e+02	3905	6.988735e-01	7.000000e-01	
3.974277e+02	3906	9.915700e+01	2.011185e+02	3.974277e+02	3906	6.697799e-01	7.000000e-01	
3.975294e+02	3907	1.125219e+02	2.161674e+02	3.975294e+02	3907	6.576649e-01	7.000000e-01	
3.976312e+02	3908	1.060939e+02	1.991440e+02	3.976312e+02	3908	6.524223e-01	7.000000e-01	
3.977329e+02	3909	7.583294e+01	2.389859e+02	3.977329e+02	3909	7.591220e-01	7.000000e-01	
3.978347e+02	3910	6.543650e+01	2.252877e+02	3.978347e+02	3910	7.749190e-01	7.000000e-01	
3.979364e+02	3911	9.236333e+01	2.257392e+02	3.979364e+02	3911	7.096429e-01	7.000000e-01	
3.980382e+02	3912	6.642494e+01	2.194564e+02	3.980382e+02	3912	7.676486e-01	7.000000e-01	
3.981399e+02	3913	7.761476e+01	2.335629e+02	3.981399e+02	3913	7.505773e-01	7.000000e-01	
3.982417e+02	3914	7.590489e+01	2.190844e+02	3.982417e+02	3914	7.426859e-01	7.000000e-01	
3.983434e+02	3915	7.960600e+01	2.244827e+02	3.983434e+02	3915	7.382145e-01	7.000000e-01	
3.984452e+02	3916	4.889183e+01	2.399173e+02	3.984452e+02	3916	8.307123e-01	7.000000e-01	
3.985469e+02	3917	7.071590e+01	2.263113e+02	3.985469e+02	3917	7.619211e-01	7.000000e-01	
3.986487e+02	3918	8.510374e+01	2.233556e+02	3.986487e+02	3918	7.241006e-01	7.000000e-01	
3.987504e+02	3919	8.666495e+01	2.262155e+02	3.987504e+02	3919	7.230094e-01	7.000000e-01	
3.988522e+02	3920	6.529733e+01	2.398755e+02	3.988522e+02	3920	7.860316e-01	7.000000e-01	
3.989539e+02	3921	7.972235e+01	2.149890e+02	3.989539e+02	3921	7.294901e-01	7.000000e-01	
3.990557e+02	3922	6.524944e+01	2.229312e+02	3.990557e+02	3922	7.735815e-01	7.000000e-01	
3.991574e+02	3923	1.130010e+02	2.165427e+02	3.991574e+02	3923	6.570986e-01	7.000000e-01	
3.992592e+02	3924	7.088819e+01	2.363343e+02	3.992592e+02	3924	7.692611e-01	7.000000e-01	
3.993609e+02	3925	1.146657e+02	2.132566e+02	3.993609e+02	3925	6.503266e-01	7.000000e-01	
3.994626e+02	3926	8.324429e+01	2.011517e+02	3.994626e+02	3926	7.072944e-01	7.000000e-01	
3.995644e+02	3927	8.724116e+01	2.056764e+02	3.995644e+02	3927	7.021648e-01	7.000000e-01	
3.996661e+02	3928	1.070987e+02	2.222863e+02	3.996661e+02	3928	6.748525e-01	7.000000e-01	
3.997679e+02	3929	9.016434e+01	2.259002e+02	3.997679e+02	3929	7.147281e-01	7.000000e-01	
3.998696e+02	3930	8.049717e+01	2.019953e+02	3.998696e+02	3930	7.150467e-01	7.000000e-01	
3.999714e+02	3931	7.766937e+01	2.041324e+02	3.999714e+02	3931	7.243830e-01	7.000000e-01	
4.000731e+02	3932	1.069124e+02	2.120620e+02	4.000731e+02	3932	6.648245e-01	7.000000e-01	
4.001749e+02	3933	7.584908e+01	2.036437e+02	4.001749e+02	3933	7.286188e-01	7.000000e-01	
4.002766e+02	3934	9.574098e+01	1.762383e+02	4.002766e+02	3934	6.479843e-01	7.000000e-01	
4.003784e+02	3935	7.901496e+01	2.127437e+02	4.003784e+02	3935	7.291770e-01	7.000000e-01	
4.004801e+02	3936	5.747575e+01	2.081735e+02	4.004801e+02	3936	7.836405e-01	7.000000e-01	
4.005819e+02	3937	7.582476e+01	2.173253e+02	4.005819e+02	3937	7.413449e-01	7.000000e-01	
4.006836e+02	3938	7.536085e+01	2.013324e+02	4.006836e+02	3938	7.276376e-01	7.000000e-01	
4.007854e+02	3939	6.882066e+01	1.981322e+02	4.007854e+02	3939	7.421992e-01	7.000000e-01	
4.008871e+02	3940	6.144812e+01	1.971436e+02	4.008871e+02	3940	7.623740e-01	7.000000e-01	
4.009889e+02	3941	6.790381e+01	2.284911e+02	4.009889e+02	3941	7.709009e-01	7.000000e-01	
4.010906e+02	3942	4.655805e+01	2.225939e+02	4.010906e+02	3942	8.270195e-01	7.000000e-01	
4.011924e+02	3943	6.659926e+01	2.022458e+02	4.011924e+02	3943	7.522764e-01	7.000000e-01	
4.012941e+02	3944	7.206618e+01	2.362335e+02	4.012941e+02	3944	7.662463e-01	7.000000e-01	
4.013959e+02	3945	6.107257e+01	2.030772e+02	4.013959e+02	3945	7.687957e-01	7.000000e-01	
4.014976e+02	3946	7.539652e+01	2.624721e+02	4.014976e+02	3946	7.768466e-01	7.000000e-01	
4.015994e+02	3947	7.111169e+01	2.320116e+02	4.015994e+02	3947	7.654034e-01	7.000000e-01	
4.017011e+02	3948	7.452528e+01	2.298963e+02	4.017011e+02	3948	7.551905e-01	7.000000e-01	
4.018029e+02	3949	7.394134e+01	2.366019e+02	4.018029e+02	3949	7.618968e-01	7.000000e-01	
4.019046e+02	3950	7.192525e+01	2.359917e+02	4.019046e+02	3950	7.664135e-01	7.000000e-01	
4.020063e+02	3951	7.357594e+01	2.410904e+02	4.020063e+02	3951	7.661779e-01	7.000000e-01	
4.021081e+02	3952	7.166214e+01	2.454880e+02	4.021081e+02	3952	7.740435e-01	7.000000e-01	
4.022098e+02	3953	6.552571e+01	1.911432e+02	4.022098e+02	3953	7.447073e-01	7.000000e-01	
4.023116e+02	3954	8.352626e+01	2.042622e+02	4.023116e+02	3954	7.097651e-01	7.000000e-01	
4.024133e+02	3955	7.328643e+01	2.366154e+02	4.024133e+02	3955	7.635173e-01	7.000000e-01	
4.025151e+02	3956	9.442092e+01	2.354452e+02	4.025151e+02	3956	7.137599e-01	7.000000e-01	
4.026168e+02	3957	8.134878e+01	2.202517e+02	4.026168e+02	3957	7.302764e-01	7.000000e-01	
4.027186e+02	3958	7.577441e+01	2.110309e+02	4.027186e+02	3958	7.357984e-01	7.000000e-01	
4.028203e+02	3959	8.521806e+01	2.418850e+02	4.028203e+02	3959	7.394764e-01	7.000000e-01	
4.029221e+02	3960	1.030912e+02	2.012260e+02	4.029221e+02	3960	6.612377e-01	7.000000e-01	
4.030238e+02	3961	8.287853e+01	2.296011e+02	4.030238e+02	3961	7.347714e-01	7.000000e-01	
4.031256e+02	3962	9.677374e+01	2.115798e+02	4.031256e+02	3962	6.861598e-01	7.000000e-01	
4.032273e+02	3963	1.042713e+02	1.990746e+02	4.032273e+02	3963	6.562627e-01	7.000000e-01	
4.033291e+02	3964	1.039006e+02	1.921878e+02	4.033291e+02	3964	6.490893e-01	7.000000e-01	
4.034308e+02	3965	9.549558e+01	1.931402e+02	4.034308e+02	3965	6.691485e-01	7.000000e-01	
4.035326e+02	3966	9.803871e+01	1.912399e+02	4.035326e+02	3966	6.610924e-01	7.000000e-01	
4.036343e+02	3967	8.733907e+01	2.423426e+02	4.036343e+02	3967	7.350806e-01	7.000000e-01	
4.037361e+02	3968	8.705402e+01	2.420209e+02	4.037361e+02	3968	7.354584e-01	7.000000e-01	
4.038378e+02	3969	8.883055e+01	2.515731e+02	4.038378e+02	3969	7.390435e-01	7.000000e-01	
4.039396e+02	3970	9.001276e+01	2.363288e+02	4.039396e+02	3970	7.241762e-01	7.000000e-01	
4.040413e+02	3971	7.039648e+01	2.469965e+02	4.040413e+02	3971	7.782040e-01	7.000000e-01	
4.041431e+02	3972	7.718497e+01	2.192166e+02	4.041431e+02	3972	7.395932e-01	7.000000e-01	
4.042448e+02	3973	9.448426e+01	2.286872e+02	4.042448e+02	3973	7.076343e-01	7.000000e-01	
4.043466e+02	3974	8.664467e+01	2.061593e+02	4.043466e+02	3974	7.040864e-01	7.000000e-01	
4.044483e+02	3975	8.308452e+01	2.451424e+02	4.044483e+02	3975	7.468687e-01	7.000000e-01	
4.045500e+02	3976	9.546315e+01	2.135012e+02	4.045500e+02	3976	6.910221e-01	7.000000e-01	
4.046518e+02	3977	9.165395e+01	2.152396e+02	4.046518e+02	3977	7.013494e-01	7.000000e-01	
4.047535e+02	3978	7.931298e+01	2.063602e+02	4.047535e+02	3978	7.223646e-01	7.000000e-01	
4.048553e+02	3979	8.404642e+01	2.122558e+02	4.048553e+02	3979	7.163490e-01	7.000000e-01	
4.049570e+02	3980	1.193878e+02	2.142997e+02	4.049570e+02	3980	6.422167e-01	7.000000e-01	
4.050588e+02	3981	8.292681e+01	2.388560e+02	4.050588e+02	3981	7.422895e-01	7.000000e-01	
4.051605e+02	3982	8.106025e+01	2.107316e+02	4.051605e+02	3982	7.221984e-01	7.000000e-01	
4.052623e+02	3983	8.462110e+01	2.158363e+02	4.052623e+02	3983	7.183591e-01	7.000000e-01	
4.053640e+02	3984	7.059172e+01	2.145163e+02	4.053640e+02	3984	7.524036e-01	7.000000e-01	
4.054658e+02	3985	8.345833e+01	2.325810e+02	4.054658e+02	3985	7.359242e-01	7.000000e-01	
4.055675e+02	3986	8.191811e+01	2.181291e+02	4.055675e+02	3986	7.269826e-01	7.000000e-01	
4.056693e+02	3987	8.975017e+01	2.453705e+02	4.056693e+02	3987	7.321855e-01	7.000000e-01	
4.057710e+02	3988	8.902410e+01	2.284973e+02	4.057710e+02	3988	7.196280e-01	7.000000e-01	
4.058728e+02	3989	8.178843e+01	2.201394e+02	4.058728e+02	3989	7.291126e-01	7.000000e-01	
4.059745e+02	3990	8.287914e+01	2.263266e+02	4.059745e+02	3990	7.319612e-01	7.000000e-01	
4.060763e+02	3991	9.359529e+01	2.280742e+02	4.060763e+02	3991	7.090327e-01	7.000000e-01	
4.061780e+02	3992	8.871949e+01	2.059265e+02	4.061780e+02	3992	6.988946e-01	7.000000e-01	
4.062798e+02	3993	7.715116e+01	2.354003e+02	4.062798e+02	3993	7.531569e-01	7.000000e-01	
4.063815e+02	3994	8.554826e+01	2.347646e+02	4.063815e+02	3994	7.329228e-01	7.000000e-01	
4.064833e+02	3995	9.224553e+01	2.264390e+02	4.064833e+02	3995	7.105428e-01	7.000000e-01	
4.065850e+02	3996	5.485155e+01	1.446575e+02	4.065850e+02	3996	7.250674e-01	7.000000e-01	
4.066868e+02	3997	5.637383e+01	1.962509e+02	4.066868e+02	3997	7.768475e-01	7.000000e-01	
4.067885e+02	3998	1.242553e+02	2.555218e+02	4.067885e+02	3998	6.728205e-01	7.000000e-01	
4.068903e+02	3999	9.767075e+01	2.080435e+02	4.068903e+02	3999	6.805162e-01	7.000000e-01	
4.069920e+02	4000	8.296467e+01	2.089900e+02	4.069920e+02	4000	7.158303e-01	7.000000e-01	
