time at 532nm	frame at 532nm	I_1 at 532nm(counts)	I_2 at 532nm(counts)	time at 532nm	frame at 532nm	FRET_1>2	discr.FRET_1>2	
1.017480e-01	1	4.740814e+01	1.349198e+02	1.017480e-01	1	7.399842e-01	7.000000e-01	
2.034960e-01	2	4.740814e+01	1.349198e+02	2.034960e-01	2	7.399842e-01	7.000000e-01	
3.052440e-01	3	4.620160e+01	1.497976e+02	3.052440e-01	3	7.642766e-01	7.000000e-01	
4.069920e-01	4	6.166262e+00	1.416395e+01	4.069920e-01	4	6.966947e-01	7.000000e-01	
5.087400e-01	5	4.279897e+01	1.402958e+02	5.087400e-01	5	7.662469e-01	7.000000e-01	
6.104880e-01	6	4.588771e+01	1.318666e+02	6.104880e-01	6	7.418476e-01	7.000000e-01	
7.122360e-01	7	3.055144e+01	1.437898e+02	7.122360e-01	7	8.247607e-01	7.000000e-01	
8.139840e-01	8	4.745478e+01	1.587622e+02	8.139840e-01	8	7.698794e-01	7.000000e-01	
9.157320e-01	9	5.330223e+01	1.203279e+02	9.157320e-01	9	6.930128e-01	7.000000e-01	
1.017480e+00	10	4.646141e+01	1.288360e+02	1.017480e+00	10	7.349567e-01	7.000000e-01	
1.119228e+00	11	3.934580e+01	1.326776e+02	1.119228e+00	11	7.712765e-01	7.000000e-01	
1.220976e+00	12	1.558145e+01	1.579374e+02	1.220976e+00	12	9.102031e-01	7.000000e-01	
1.322724e+00	13	5.340144e+01	1.442589e+02	1.322724e+00	13	7.298323e-01	7.000000e-01	
1.424472e+00	14	4.540028e+01	1.865668e+02	1.424472e+00	14	8.042814e-01	7.000000e-01	
1.526220e+00	15	5.293592e+01	1.575023e+02	1.526220e+00	15	7.484491e-01	7.000000e-01	
1.627968e+00	16	4.927681e+01	1.597173e+02	1.627968e+00	16	7.642191e-01	7.000000e-01	
1.729716e+00	17	5.554760e+01	1.592314e+02	1.729716e+00	17	7.413732e-01	7.000000e-01	
1.831464e+00	18	6.214121e+01	1.688353e+02	1.831464e+00	18	7.309631e-01	7.000000e-01	
1.933212e+00	19	4.557702e+01	1.810617e+02	1.933212e+00	19	7.989001e-01	7.000000e-01	
2.034960e+00	20	5.103436e+01	1.589174e+02	2.034960e+00	20	7.569234e-01	7.000000e-01	
2.136708e+00	21	5.791299e+01	1.656919e+02	2.136708e+00	21	7.410030e-01	7.000000e-01	
2.238456e+00	22	3.862119e+01	1.241205e+02	2.238456e+00	22	7.626841e-01	7.000000e-01	
2.340204e+00	23	4.859417e+01	1.570686e+02	2.340204e+00	23	7.637192e-01	7.000000e-01	
2.441952e+00	24	5.034481e+01	1.722900e+02	2.441952e+00	24	7.738682e-01	7.000000e-01	
2.543700e+00	25	5.797115e+01	1.638101e+02	2.543700e+00	25	7.386111e-01	7.000000e-01	
2.645448e+00	26	5.628774e+01	1.617270e+02	2.645448e+00	26	7.418168e-01	7.000000e-01	
2.747196e+00	27	5.252913e+01	1.399539e+02	2.747196e+00	27	7.270973e-01	7.000000e-01	
2.848944e+00	28	3.736564e+01	1.734455e+02	2.848944e+00	28	8.227530e-01	7.000000e-01	
2.950692e+00	29	5.509621e+01	1.677084e+02	2.950692e+00	29	7.527151e-01	7.000000e-01	
3.052440e+00	30	5.319004e+01	1.580580e+02	3.052440e+00	30	7.482105e-01	7.000000e-01	
3.154188e+00	31	3.209789e+01	1.649265e+02	3.154188e+00	31	8.370867e-01	7.000000e-01	
3.255936e+00	32	2.199151e+01	1.873459e+02	3.255936e+00	32	8.949471e-01	7.000000e-01	
3.357684e+00	33	3.989976e+01	1.731143e+02	3.357684e+00	33	8.126895e-01	7.000000e-01	
3.459432e+00	34	4.581286e+01	1.819701e+02	3.459432e+00	34	7.988749e-01	7.000000e-01	
3.561180e+00	35	2.972293e+01	1.773495e+02	3.561180e+00	35	8.564612e-01	7.000000e-01	
3.662928e+00	36	5.728484e+01	1.635277e+02	3.662928e+00	36	7.405725e-01	7.000000e-01	
3.764676e+00	37	4.959198e+01	1.877574e+02	3.764676e+00	37	7.910592e-01	7.000000e-01	
3.866424e+00	38	6.094090e+01	1.926968e+02	3.866424e+00	38	7.597325e-01	7.000000e-01	
3.968172e+00	39	7.798940e+01	2.035170e+02	3.968172e+00	39	7.229569e-01	7.000000e-01	
4.069920e+00	40	5.965864e+01	1.754072e+02	4.069920e+00	40	7.462046e-01	7.000000e-01	
4.171668e+00	41	5.733097e+01	1.633539e+02	4.171668e+00	41	7.402134e-01	7.000000e-01	
4.273416e+00	42	5.509359e+01	1.526835e+02	4.273416e+00	42	7.348428e-01	7.000000e-01	
4.375164e+00	43	5.430542e+01	2.013158e+02	4.375164e+00	43	7.875551e-01	7.000000e-01	
4.476912e+00	44	5.838349e+01	1.644372e+02	4.476912e+00	44	7.379799e-01	7.000000e-01	
4.578660e+00	45	6.096370e+01	1.750999e+02	4.578660e+00	45	7.417488e-01	7.000000e-01	
4.680408e+00	46	5.972196e+01	2.026712e+02	4.680408e+00	46	7.723951e-01	7.000000e-01	
4.782156e+00	47	5.266429e+01	1.726970e+02	4.782156e+00	47	7.663117e-01	7.000000e-01	
4.883904e+00	48	4.408382e+01	1.857899e+02	4.883904e+00	48	8.082259e-01	7.000000e-01	
4.985652e+00	49	6.084187e+01	1.427174e+02	4.985652e+00	49	7.011098e-01	7.000000e-01	
5.087400e+00	50	4.861721e+01	1.958593e+02	5.087400e+00	50	8.011375e-01	7.000000e-01	
5.189148e+00	51	8.340904e+01	1.562119e+02	5.189148e+00	51	6.519126e-01	7.000000e-01	
5.290896e+00	52	4.419429e+01	1.417571e+02	5.290896e+00	52	7.623342e-01	7.000000e-01	
5.392644e+00	53	5.154568e+01	1.977120e+02	5.392644e+00	53	7.932032e-01	7.000000e-01	
5.494392e+00	54	3.591144e+01	1.425192e+02	5.494392e+00	54	7.987373e-01	7.000000e-01	
5.596140e+00	55	3.875431e+01	1.179337e+02	5.596140e+00	55	7.526658e-01	7.000000e-01	
5.697888e+00	56	6.045420e+01	1.622664e+02	5.697888e+00	56	7.285648e-01	7.000000e-01	
5.799636e+00	57	2.610534e+01	1.882229e+02	5.799636e+00	57	8.781993e-01	7.000000e-01	
5.901384e+00	58	2.761685e+01	1.826941e+02	5.901384e+00	58	8.686856e-01	7.000000e-01	
6.003132e+00	59	3.146048e+01	1.772431e+02	6.003132e+00	59	8.492576e-01	7.000000e-01	
6.104880e+00	60	3.065580e+01	2.019438e+02	6.104880e+00	60	8.682036e-01	7.000000e-01	
6.206628e+00	61	3.602756e+01	1.832132e+02	6.206628e+00	61	8.356713e-01	7.000000e-01	
6.308376e+00	62	3.209234e+01	1.725510e+02	6.308376e+00	62	8.431792e-01	7.000000e-01	
6.410124e+00	63	1.478662e+01	1.909393e+02	6.410124e+00	63	9.281247e-01	7.000000e-01	
6.511872e+00	64	2.364770e+01	1.731937e+02	6.511872e+00	64	8.798642e-01	7.000000e-01	
6.613620e+00	65	2.415265e+01	1.849394e+02	6.613620e+00	65	8.844880e-01	7.000000e-01	
6.715368e+00	66	1.742013e+01	1.837140e+02	6.715368e+00	66	9.133905e-01	7.000000e-01	
6.817116e+00	67	2.507217e+01	1.870627e+02	6.817116e+00	67	8.818102e-01	7.000000e-01	
6.918864e+00	68	3.231908e+01	1.459014e+02	6.918864e+00	68	8.186568e-01	7.000000e-01	
7.020612e+00	69	3.252567e+01	1.903556e+02	7.020612e+00	69	8.540673e-01	7.000000e-01	
7.122360e+00	70	1.956554e+01	1.443364e+02	7.122360e+00	70	8.806266e-01	7.000000e-01	
7.224108e+00	71	2.069375e+01	1.557683e+02	7.224108e+00	71	8.827297e-01	7.000000e-01	
7.325856e+00	72	2.532956e+01	1.683189e+02	7.325856e+00	72	8.691982e-01	7.000000e-01	
7.427604e+00	73	1.960155e+01	1.443474e+02	7.427604e+00	73	8.804411e-01	7.000000e-01	
7.529352e+00	74	3.506248e+01	1.473040e+02	7.529352e+00	74	8.077362e-01	7.000000e-01	
7.631100e+00	75	2.552743e+01	1.627178e+02	7.631100e+00	75	8.643927e-01	7.000000e-01	
7.732848e+00	76	6.605166e+00	1.810378e+02	7.732848e+00	76	9.647993e-01	7.000000e-01	
7.834596e+00	77	1.001394e+01	1.694108e+02	7.834596e+00	77	9.441886e-01	7.000000e-01	
7.936344e+00	78	3.359291e+01	1.763272e+02	7.936344e+00	78	8.399729e-01	7.000000e-01	
8.038092e+00	79	2.109479e+01	1.586978e+02	8.038092e+00	79	8.826715e-01	7.000000e-01	
8.139840e+00	80	3.104046e+01	1.825358e+02	8.139840e+00	80	8.546633e-01	7.000000e-01	
8.241588e+00	81	2.736694e+01	1.876681e+02	8.241588e+00	81	8.727326e-01	7.000000e-01	
8.343336e+00	82	2.161867e+01	1.682136e+02	8.343336e+00	82	8.861170e-01	7.000000e-01	
8.445084e+00	83	3.283346e+01	1.610412e+02	8.445084e+00	83	8.306459e-01	7.000000e-01	
8.546832e+00	84	3.314251e+01	1.766928e+02	8.546832e+00	84	8.420547e-01	7.000000e-01	
8.648580e+00	85	2.179335e+01	2.212464e+02	8.648580e+00	85	9.103301e-01	7.000000e-01	
8.750328e+00	86	2.267919e+01	2.213568e+02	8.750328e+00	86	9.070662e-01	7.000000e-01	
8.852076e+00	87	2.460637e+01	1.828967e+02	8.852076e+00	87	8.814168e-01	7.000000e-01	
8.953824e+00	88	2.796602e+01	2.148928e+02	8.953824e+00	88	8.848466e-01	7.000000e-01	
9.055572e+00	89	2.718063e+01	1.881415e+02	9.055572e+00	89	8.737676e-01	7.000000e-01	
9.157320e+00	90	4.021434e+01	2.343174e+02	9.157320e+00	90	8.535166e-01	7.000000e-01	
9.259068e+00	91	4.575691e+01	1.976617e+02	9.259068e+00	91	8.120238e-01	7.000000e-01	
9.360816e+00	92	3.105882e+01	2.274828e+02	9.360816e+00	92	8.798692e-01	7.000000e-01	
9.462564e+00	93	2.413202e+01	2.188897e+02	9.462564e+00	93	9.007002e-01	7.000000e-01	
9.564312e+00	94	2.038109e+01	2.282427e+02	9.564312e+00	94	9.180244e-01	7.000000e-01	
9.666060e+00	95	4.729007e+01	1.920483e+02	9.666060e+00	95	8.024133e-01	7.000000e-01	
9.767808e+00	96	5.209823e+01	1.858360e+02	9.767808e+00	96	7.810394e-01	7.000000e-01	
9.869556e+00	97	3.864036e+01	1.872065e+02	9.869556e+00	97	8.289090e-01	7.000000e-01	
9.971304e+00	98	4.167686e+01	2.077143e+02	9.971304e+00	98	8.328856e-01	7.000000e-01	
1.007305e+01	99	4.734616e+01	2.006930e+02	1.007305e+01	99	8.091182e-01	7.000000e-01	
1.017480e+01	100	6.184154e+01	2.106208e+02	1.017480e+01	100	7.730272e-01	7.000000e-01	
1.027655e+01	101	5.042196e+01	2.111864e+02	1.027655e+01	101	8.072617e-01	7.000000e-01	
1.037830e+01	102	5.100942e+01	1.810010e+02	1.037830e+01	102	7.801417e-01	7.000000e-01	
1.048004e+01	103	4.968052e+01	1.949423e+02	1.048004e+01	103	7.969097e-01	7.000000e-01	
1.058179e+01	104	3.110431e+01	1.882715e+02	1.058179e+01	104	8.582145e-01	7.000000e-01	
1.068354e+01	105	3.763335e+01	2.148135e+02	1.068354e+01	105	8.509257e-01	7.000000e-01	
1.078529e+01	106	8.766362e+01	2.041003e+02	1.078529e+01	106	6.995392e-01	7.000000e-01	
1.088704e+01	107	4.409428e+01	2.312747e+02	1.088704e+01	107	8.398720e-01	7.000000e-01	
1.098878e+01	108	4.563114e+01	2.052865e+02	1.098878e+01	108	8.181430e-01	7.000000e-01	
1.109053e+01	109	4.852584e+01	2.016731e+02	1.109053e+01	109	8.060510e-01	7.000000e-01	
1.119228e+01	110	4.177489e+01	2.318413e+02	1.119228e+01	110	8.473230e-01	7.000000e-01	
1.129403e+01	111	5.146044e+01	1.828155e+02	1.129403e+01	111	7.803426e-01	7.000000e-01	
1.139578e+01	112	4.986792e+01	1.950376e+02	1.139578e+01	112	7.963789e-01	7.000000e-01	
1.149752e+01	113	4.656964e+01	1.972516e+02	1.149752e+01	113	8.090009e-01	7.000000e-01	
1.159927e+01	114	4.389893e+01	2.036249e+02	1.159927e+01	114	8.226477e-01	7.000000e-01	
1.170102e+01	115	5.288734e+01	2.185223e+02	1.170102e+01	115	8.051383e-01	7.000000e-01	
1.180277e+01	116	5.398740e+01	1.638218e+02	1.180277e+01	116	7.521344e-01	7.000000e-01	
1.190452e+01	117	6.330688e+01	2.297960e+02	1.190452e+01	117	7.840114e-01	7.000000e-01	
1.200626e+01	118	4.949378e+01	1.772883e+02	1.200626e+01	118	7.817562e-01	7.000000e-01	
1.210801e+01	119	5.129123e+01	3.001932e+02	1.210801e+01	119	8.540725e-01	7.000000e-01	
1.220976e+01	120	5.906273e+01	2.042616e+02	1.220976e+01	120	7.757035e-01	7.000000e-01	
1.231151e+01	121	4.712455e+01	1.853475e+02	1.231151e+01	121	7.972894e-01	7.000000e-01	
1.241326e+01	122	3.871872e+01	1.978556e+02	1.241326e+01	122	8.363359e-01	7.000000e-01	
1.251500e+01	123	5.059228e+01	1.884885e+02	1.251500e+01	123	7.883883e-01	7.000000e-01	
1.261675e+01	124	4.654799e+01	1.876451e+02	1.261675e+01	124	8.012410e-01	7.000000e-01	
1.271850e+01	125	5.582776e+01	2.245228e+02	1.271850e+01	125	8.008645e-01	7.000000e-01	
1.282025e+01	126	5.783132e+01	1.568895e+02	1.282025e+01	126	7.306674e-01	7.000000e-01	
1.292200e+01	127	3.623613e+01	2.148374e+02	1.292200e+01	127	8.556752e-01	7.000000e-01	
1.302374e+01	128	5.896471e+01	1.604456e+02	1.302374e+01	128	7.312583e-01	7.000000e-01	
1.312549e+01	129	4.293958e+01	1.846416e+02	1.312549e+01	129	8.113219e-01	7.000000e-01	
1.322724e+01	130	5.335296e+01	1.573657e+02	1.322724e+01	130	7.468048e-01	7.000000e-01	
1.332899e+01	131	5.984732e+01	1.650721e+02	1.332899e+01	131	7.339166e-01	7.000000e-01	
1.343074e+01	132	5.150154e+01	1.706869e+02	1.343074e+01	132	7.682078e-01	7.000000e-01	
1.353248e+01	133	4.839844e+01	1.646403e+02	1.353248e+01	133	7.728186e-01	7.000000e-01	
1.363423e+01	134	5.584063e+01	1.780103e+02	1.363423e+01	134	7.612127e-01	7.000000e-01	
1.373598e+01	135	5.100165e+01	1.852123e+02	1.373598e+01	135	7.840871e-01	7.000000e-01	
1.383773e+01	136	5.507873e+01	1.622425e+02	1.383773e+01	136	7.465561e-01	7.000000e-01	
1.393948e+01	137	6.256668e+01	1.535051e+02	1.393948e+01	137	7.104357e-01	7.000000e-01	
1.404122e+01	138	5.043812e+01	2.150125e+02	1.404122e+01	138	8.099906e-01	7.000000e-01	
1.414297e+01	139	5.005302e+01	1.571205e+02	1.414297e+01	139	7.584005e-01	7.000000e-01	
1.424472e+01	140	4.743070e+01	1.756865e+02	1.424472e+01	140	7.874180e-01	7.000000e-01	
1.434647e+01	141	2.374434e+01	1.620596e+02	1.434647e+01	141	8.722076e-01	7.000000e-01	
1.444822e+01	142	4.578605e+01	1.921277e+02	1.444822e+01	142	8.075519e-01	7.000000e-01	
1.454996e+01	143	3.167258e+01	1.512499e+02	1.454996e+01	143	8.268524e-01	7.000000e-01	
1.465171e+01	144	3.227557e+01	1.690913e+02	1.465171e+01	144	8.397176e-01	7.000000e-01	
1.475346e+01	145	4.819923e+01	1.683549e+02	1.475346e+01	145	7.774264e-01	7.000000e-01	
1.485521e+01	146	5.187643e+01	1.811305e+02	1.485521e+01	146	7.773610e-01	7.000000e-01	
1.495696e+01	147	4.985812e+01	1.718156e+02	1.495696e+01	147	7.750833e-01	7.000000e-01	
1.505870e+01	148	4.291135e+01	1.642747e+02	1.505870e+01	148	7.928849e-01	7.000000e-01	
1.516045e+01	149	4.821536e+01	1.654345e+02	1.516045e+01	149	7.743253e-01	7.000000e-01	
1.526220e+01	150	5.067114e+01	1.847363e+02	1.526220e+01	150	7.847513e-01	7.000000e-01	
1.536395e+01	151	5.697217e+01	1.895097e+02	1.536395e+01	151	7.688586e-01	7.000000e-01	
1.546570e+01	152	4.892322e+01	1.932913e+02	1.546570e+01	152	7.980170e-01	7.000000e-01	
1.556744e+01	153	5.573061e+01	1.235494e+02	1.556744e+01	153	6.891421e-01	7.000000e-01	
1.566919e+01	154	3.903985e+01	1.298351e+02	1.566919e+01	154	7.688239e-01	7.000000e-01	
1.577094e+01	155	3.388470e+01	1.855701e+02	1.577094e+01	155	8.455960e-01	7.000000e-01	
1.587269e+01	156	7.720243e+01	2.455764e+02	1.587269e+01	156	7.608194e-01	7.000000e-01	
1.597444e+01	157	2.850801e+01	2.084437e+02	1.597444e+01	157	8.796885e-01	7.000000e-01	
1.607618e+01	158	3.426700e+01	2.200439e+02	1.607618e+01	158	8.652555e-01	7.000000e-01	
1.617793e+01	159	3.303338e+01	1.848145e+02	1.617793e+01	159	8.483649e-01	7.000000e-01	
1.627968e+01	160	4.922249e+01	1.999833e+02	1.627968e+01	160	8.024826e-01	7.000000e-01	
1.638143e+01	161	2.558544e+01	2.282944e+02	1.638143e+01	161	8.992222e-01	7.000000e-01	
1.648318e+01	162	2.913793e+01	2.211889e+02	1.648318e+01	162	8.836005e-01	7.000000e-01	
1.658492e+01	163	3.412207e+01	2.075406e+02	1.658492e+01	163	8.588029e-01	7.000000e-01	
1.668667e+01	164	3.459865e+01	2.168106e+02	1.668667e+01	164	8.623812e-01	7.000000e-01	
1.678842e+01	165	2.622549e+01	2.282416e+02	1.678842e+01	165	8.969396e-01	7.000000e-01	
1.689017e+01	166	2.994180e+01	2.316758e+02	1.689017e+01	166	8.855513e-01	7.000000e-01	
1.699192e+01	167	3.462622e+01	1.797498e+02	1.699192e+01	167	8.384790e-01	7.000000e-01	
1.709366e+01	168	2.551654e+01	2.464832e+02	1.709366e+01	168	9.061891e-01	7.000000e-01	
1.719541e+01	169	4.696995e+01	1.610068e+02	1.719541e+01	169	7.741577e-01	7.000000e-01	
1.729716e+01	170	4.561317e+01	1.614554e+02	1.729716e+01	170	7.797195e-01	7.000000e-01	
1.739891e+01	171	3.691872e+01	1.634564e+02	1.739891e+01	171	8.157520e-01	7.000000e-01	
1.750066e+01	172	3.966412e+01	1.714934e+02	1.750066e+01	172	8.121586e-01	7.000000e-01	
1.760240e+01	173	4.567414e+01	1.614010e+02	1.760240e+01	173	7.794320e-01	7.000000e-01	
1.770415e+01	174	4.901203e+01	1.402987e+02	1.770415e+01	174	7.411027e-01	7.000000e-01	
1.780590e+01	175	4.039336e+01	1.759701e+02	1.780590e+01	175	8.133078e-01	7.000000e-01	
1.790765e+01	176	4.849474e+01	1.918232e+02	1.790765e+01	176	7.982059e-01	7.000000e-01	
1.800940e+01	177	4.542999e+01	1.914028e+02	1.800940e+01	177	8.081769e-01	7.000000e-01	
1.811114e+01	178	3.787340e+01	1.673212e+02	1.811114e+01	178	8.154269e-01	7.000000e-01	
1.821289e+01	179	4.956000e+01	2.044953e+02	1.821289e+01	179	8.049244e-01	7.000000e-01	
1.831464e+01	180	4.300335e+01	1.843850e+02	1.831464e+01	180	8.108815e-01	7.000000e-01	
1.841639e+01	181	4.390400e+01	2.147296e+02	1.841639e+01	181	8.302463e-01	7.000000e-01	
1.851814e+01	182	4.031025e+01	1.837453e+02	1.851814e+01	182	8.200881e-01	7.000000e-01	
1.861988e+01	183	4.984500e+01	1.884276e+02	1.861988e+01	183	7.908068e-01	7.000000e-01	
1.872163e+01	184	5.016184e+01	1.956585e+02	1.872163e+01	184	7.959411e-01	7.000000e-01	
1.882338e+01	185	5.986783e+01	1.923722e+02	1.882338e+01	185	7.626553e-01	7.000000e-01	
1.892513e+01	186	5.745724e+01	1.938498e+02	1.892513e+01	186	7.713664e-01	7.000000e-01	
1.902688e+01	187	8.740542e+00	2.339362e+02	1.902688e+01	187	9.639828e-01	7.000000e-01	
1.912862e+01	188	2.982592e+01	1.691588e+02	1.912862e+01	188	8.501095e-01	7.000000e-01	
1.923037e+01	189	5.392661e+01	2.031362e+02	1.923037e+01	189	7.902201e-01	7.000000e-01	
1.933212e+01	190	5.273373e+01	1.475991e+02	1.933212e+01	190	7.367694e-01	7.000000e-01	
1.943387e+01	191	5.142829e+01	1.845618e+02	1.943387e+01	191	7.820744e-01	7.000000e-01	
1.953562e+01	192	5.144808e+01	1.803932e+02	1.953562e+01	192	7.780892e-01	7.000000e-01	
1.963736e+01	193	5.058448e+01	1.839973e+02	1.963736e+01	193	7.843631e-01	7.000000e-01	
1.973911e+01	194	4.651636e+01	1.960541e+02	1.973911e+01	194	8.082357e-01	7.000000e-01	
1.984086e+01	195	5.412582e+01	1.925278e+02	1.984086e+01	195	7.805594e-01	7.000000e-01	
1.994261e+01	196	5.707033e+01	1.880629e+02	1.994261e+01	196	7.671865e-01	7.000000e-01	
2.004436e+01	197	5.826923e+01	1.809768e+02	2.004436e+01	197	7.564464e-01	7.000000e-01	
2.014610e+01	198	5.352541e+01	1.587721e+02	2.014610e+01	198	7.478755e-01	7.000000e-01	
2.024785e+01	199	4.848674e+01	1.810832e+02	2.024785e+01	199	7.887932e-01	7.000000e-01	
2.034960e+01	200	3.610953e+01	2.019384e+02	2.034960e+01	200	8.483098e-01	7.000000e-01	
2.045135e+01	201	5.865624e+01	1.458217e+02	2.045135e+01	201	7.131415e-01	7.000000e-01	
2.055310e+01	202	5.375149e+01	1.999113e+02	2.055310e+01	202	7.880986e-01	7.000000e-01	
2.065484e+01	203	5.644073e+01	1.668904e+02	2.065484e+01	203	7.472778e-01	7.000000e-01	
2.075659e+01	204	4.667208e+01	1.624493e+02	2.075659e+01	204	7.768182e-01	7.000000e-01	
2.085834e+01	205	5.826854e+01	1.856141e+02	2.085834e+01	205	7.610796e-01	7.000000e-01	
2.096009e+01	206	6.942316e+01	1.432549e+02	2.096009e+01	206	6.735763e-01	7.000000e-01	
2.106184e+01	207	5.329565e+01	1.663028e+02	2.106184e+01	207	7.573041e-01	7.000000e-01	
2.116358e+01	208	4.406705e+01	1.526937e+02	2.116358e+01	208	7.760374e-01	7.000000e-01	
2.126533e+01	209	5.415583e+01	2.188337e+02	2.126533e+01	209	8.016194e-01	7.000000e-01	
2.136708e+01	210	5.050059e+01	2.301781e+02	2.136708e+01	210	8.200769e-01	7.000000e-01	
2.146883e+01	211	5.739021e+01	2.076141e+02	2.146883e+01	211	7.834367e-01	7.000000e-01	
2.157058e+01	212	5.388761e+01	2.137906e+02	2.157058e+01	212	7.986851e-01	7.000000e-01	
2.167232e+01	213	5.142234e+01	1.760229e+02	2.167232e+01	213	7.739133e-01	7.000000e-01	
2.177407e+01	214	5.550060e+01	2.392978e+02	2.177407e+01	214	8.117337e-01	7.000000e-01	
2.187582e+01	215	5.890557e+01	2.091128e+02	2.187582e+01	215	7.802182e-01	7.000000e-01	
2.197757e+01	216	5.279936e+01	2.770101e+02	2.197757e+01	216	8.399095e-01	7.000000e-01	
2.207932e+01	217	5.682557e+01	2.024527e+02	2.207932e+01	217	7.808317e-01	7.000000e-01	
2.218106e+01	218	6.199460e+01	1.536876e+02	2.218106e+01	218	7.125651e-01	7.000000e-01	
2.228281e+01	219	5.401225e+01	1.252819e+02	2.228281e+01	219	6.987506e-01	7.000000e-01	
2.238456e+01	220	6.182958e+01	1.975301e+02	2.238456e+01	220	7.616068e-01	7.000000e-01	
2.248631e+01	221	4.149192e+01	1.723458e+02	2.248631e+01	221	8.059654e-01	7.000000e-01	
2.258806e+01	222	5.112789e+01	1.248855e+02	2.258806e+01	222	7.095227e-01	7.000000e-01	
2.268980e+01	223	2.828770e+01	1.823527e+02	2.268980e+01	223	8.657062e-01	7.000000e-01	
2.279155e+01	224	3.625160e+01	1.607021e+02	2.279155e+01	224	8.159385e-01	7.000000e-01	
2.289330e+01	225	3.613992e+01	1.625899e+02	2.289330e+01	225	8.181455e-01	7.000000e-01	
2.299505e+01	226	1.844635e+01	2.508621e+02	2.299505e+01	226	9.315047e-01	7.000000e-01	
2.309680e+01	227	3.509204e+01	1.828604e+02	2.309680e+01	227	8.389922e-01	7.000000e-01	
2.319854e+01	228	3.512095e+01	1.126249e+02	2.319854e+01	228	7.622881e-01	7.000000e-01	
2.330029e+01	229	3.082036e+01	1.796983e+02	2.330029e+01	229	8.535980e-01	7.000000e-01	
2.340204e+01	230	3.224720e+01	1.834418e+02	2.340204e+01	230	8.504921e-01	7.000000e-01	
2.350379e+01	231	4.123766e+01	1.584010e+02	2.350379e+01	231	7.934385e-01	7.000000e-01	
2.360554e+01	232	3.042683e+01	1.882997e+02	2.360554e+01	232	8.608910e-01	7.000000e-01	
2.370728e+01	233	3.766029e+01	1.768586e+02	2.370728e+01	233	8.244430e-01	7.000000e-01	
2.380903e+01	234	4.789282e+01	2.073104e+02	2.380903e+01	234	8.123346e-01	7.000000e-01	
2.391078e+01	235	3.233150e+01	1.815374e+02	2.391078e+01	235	8.488256e-01	7.000000e-01	
2.401253e+01	236	3.195093e+01	1.929434e+02	2.401253e+01	236	8.579291e-01	7.000000e-01	
2.411428e+01	237	4.735685e+01	1.998088e+02	2.411428e+01	237	8.084004e-01	7.000000e-01	
2.421602e+01	238	4.795635e+01	2.147312e+02	2.421602e+01	238	8.174396e-01	7.000000e-01	
2.431777e+01	239	3.942778e+01	1.596158e+02	2.431777e+01	239	8.019138e-01	7.000000e-01	
2.441952e+01	240	5.267419e+01	2.198682e+02	2.441952e+01	240	8.067303e-01	7.000000e-01	
2.452127e+01	241	6.410370e+01	2.304401e+02	2.452127e+01	241	7.823628e-01	7.000000e-01	
2.462302e+01	242	3.261402e+01	2.063808e+02	2.462302e+01	242	8.635367e-01	7.000000e-01	
2.472476e+01	243	4.950875e+01	2.086053e+02	2.472476e+01	243	8.081904e-01	7.000000e-01	
2.482651e+01	244	3.230025e+01	2.313096e+02	2.482651e+01	244	8.774695e-01	7.000000e-01	
2.492826e+01	245	3.471564e+01	1.513548e+02	2.492826e+01	245	8.134274e-01	7.000000e-01	
2.503001e+01	246	4.541560e+01	1.982983e+02	2.503001e+01	246	8.136520e-01	7.000000e-01	
2.513176e+01	247	4.191586e+01	2.025237e+02	2.513176e+01	247	8.285226e-01	7.000000e-01	
2.523350e+01	248	2.483850e+01	2.106909e+02	2.523350e+01	248	8.945418e-01	7.000000e-01	
2.533525e+01	249	4.403367e+01	2.578172e+02	2.533525e+01	249	8.541211e-01	7.000000e-01	
2.543700e+01	250	5.095251e+01	2.648120e+02	2.543700e+01	250	8.386376e-01	7.000000e-01	
2.553875e+01	251	4.482853e+01	1.969188e+02	2.553875e+01	251	8.145645e-01	7.000000e-01	
2.564050e+01	252	2.872141e+01	2.224447e+02	2.564050e+01	252	8.856477e-01	7.000000e-01	
2.574224e+01	253	5.024705e+01	2.639231e+02	2.574224e+01	253	8.400642e-01	7.000000e-01	
2.584399e+01	254	3.344512e+01	1.534841e+02	2.584399e+01	254	8.210814e-01	7.000000e-01	
2.594574e+01	255	4.945805e+01	1.481238e+02	2.594574e+01	255	7.496832e-01	7.000000e-01	
2.604749e+01	256	2.747390e+01	1.535905e+02	2.604749e+01	256	8.482645e-01	7.000000e-01	
2.614924e+01	257	3.216861e+01	1.367453e+02	2.614924e+01	257	8.095562e-01	7.000000e-01	
2.625098e+01	258	4.171543e+01	1.135628e+02	2.625098e+01	258	7.313504e-01	7.000000e-01	
2.635273e+01	259	3.395201e+01	1.558489e+02	2.635273e+01	259	8.211178e-01	7.000000e-01	
2.645448e+01	260	3.241034e+01	1.378976e+02	2.645448e+01	260	8.096957e-01	7.000000e-01	
2.655623e+01	261	4.270804e+01	1.449402e+02	2.655623e+01	261	7.724037e-01	7.000000e-01	
2.665798e+01	262	7.656104e+01	2.079399e+02	2.665798e+01	262	7.308935e-01	7.000000e-01	
2.675972e+01	263	6.957039e+01	1.947972e+02	2.675972e+01	263	7.368422e-01	7.000000e-01	
2.686147e+01	264	7.208971e+01	1.858493e+02	2.686147e+01	264	7.205165e-01	7.000000e-01	
2.696322e+01	265	4.893567e+01	1.779103e+02	2.696322e+01	265	7.842780e-01	7.000000e-01	
2.706497e+01	266	6.378516e+01	1.767912e+02	2.706497e+01	266	7.348652e-01	7.000000e-01	
2.716672e+01	267	6.466581e+01	1.631599e+02	2.716672e+01	267	7.161611e-01	7.000000e-01	
2.726846e+01	268	1.356767e+01	2.093529e+02	2.726846e+01	268	9.391368e-01	7.000000e-01	
2.737021e+01	269	1.404500e+01	2.307061e+02	2.737021e+01	269	9.426152e-01	7.000000e-01	
2.747196e+01	270	4.442647e+01	2.119228e+02	2.747196e+01	270	8.266955e-01	7.000000e-01	
2.757371e+01	271	4.610189e+01	1.843451e+02	2.757371e+01	271	7.999458e-01	7.000000e-01	
2.767546e+01	272	5.618357e+01	2.031971e+02	2.767546e+01	272	7.833934e-01	7.000000e-01	
2.777720e+01	273	1.272133e+01	2.102344e+02	2.777720e+01	273	9.429424e-01	7.000000e-01	
2.787895e+01	274	5.465542e+01	2.000003e+02	2.787895e+01	274	7.853753e-01	7.000000e-01	
2.798070e+01	275	4.016878e+01	1.983672e+02	2.798070e+01	275	8.316028e-01	7.000000e-01	
2.808245e+01	276	4.046053e+01	1.948900e+02	2.808245e+01	276	8.280840e-01	7.000000e-01	
2.818420e+01	277	6.142478e+01	1.936618e+02	2.818420e+01	277	7.592003e-01	7.000000e-01	
2.828594e+01	278	4.541687e+01	2.023577e+02	2.828594e+01	278	8.167008e-01	7.000000e-01	
2.838769e+01	279	6.553237e+01	1.733996e+02	2.838769e+01	279	7.257279e-01	7.000000e-01	
2.848944e+01	280	6.106926e+01	1.860777e+02	2.848944e+01	280	7.529031e-01	7.000000e-01	
2.859119e+01	281	6.927104e+01	1.736771e+02	2.859119e+01	281	7.148731e-01	7.000000e-01	
2.869294e+01	282	8.321052e+01	1.349273e+02	2.869294e+01	282	6.185415e-01	7.000000e-01	
2.879468e+01	283	5.357472e+01	1.970215e+02	2.879468e+01	283	7.862110e-01	7.000000e-01	
2.889643e+01	284	5.781998e+01	1.992428e+02	2.889643e+01	284	7.750745e-01	7.000000e-01	
2.899818e+01	285	7.402010e+01	1.728884e+02	2.899818e+01	285	7.002124e-01	7.000000e-01	
2.909993e+01	286	6.372584e+01	1.895038e+02	2.909993e+01	286	7.483476e-01	7.000000e-01	
2.920168e+01	287	3.631005e+01	1.810126e+02	2.920168e+01	287	8.329210e-01	7.000000e-01	
2.930342e+01	288	4.566483e+01	1.463663e+02	2.930342e+01	288	7.622009e-01	7.000000e-01	
2.940517e+01	289	4.619565e+01	2.019295e+02	2.940517e+01	289	8.138212e-01	7.000000e-01	
2.950692e+01	290	5.485193e+01	1.623530e+02	2.950692e+01	290	7.474646e-01	7.000000e-01	
2.960867e+01	291	4.437148e+01	1.620407e+02	2.960867e+01	291	7.850346e-01	7.000000e-01	
2.971042e+01	292	4.125276e+01	1.457201e+02	2.971042e+01	292	7.793650e-01	7.000000e-01	
2.981216e+01	293	2.289933e+01	1.887700e+02	2.981216e+01	293	8.918156e-01	7.000000e-01	
2.991391e+01	294	1.708238e+01	2.475735e+02	2.991391e+01	294	9.354544e-01	7.000000e-01	
3.001566e+01	295	4.595895e+01	1.824419e+02	3.001566e+01	295	7.987794e-01	7.000000e-01	
3.011741e+01	296	4.392638e+01	1.921490e+02	3.011741e+01	296	8.139307e-01	7.000000e-01	
3.021916e+01	297	4.311837e+01	1.933956e+02	3.021916e+01	297	8.176921e-01	7.000000e-01	
3.032090e+01	298	2.619977e+01	1.710746e+02	3.032090e+01	298	8.671912e-01	7.000000e-01	
3.042265e+01	299	4.523749e+01	2.085433e+02	3.042265e+01	299	8.217458e-01	7.000000e-01	
3.052440e+01	300	5.585781e+01	1.930547e+02	3.052440e+01	300	7.755926e-01	7.000000e-01	
3.062615e+01	301	4.152190e+01	1.853452e+02	3.062615e+01	301	8.169770e-01	7.000000e-01	
3.072790e+01	302	3.609164e+01	2.033903e+02	3.072790e+01	302	8.492929e-01	7.000000e-01	
3.082964e+01	303	4.648824e+01	2.109204e+02	3.082964e+01	303	8.193991e-01	7.000000e-01	
3.093139e+01	304	6.389194e+01	1.883211e+02	3.093139e+01	304	7.466747e-01	7.000000e-01	
3.103314e+01	305	5.235526e+01	2.194435e+02	3.103314e+01	305	8.073749e-01	7.000000e-01	
3.113489e+01	306	5.869951e+01	1.915253e+02	3.113489e+01	306	7.654129e-01	7.000000e-01	
3.123664e+01	307	5.318589e+01	2.239090e+02	3.123664e+01	307	8.080589e-01	7.000000e-01	
3.133838e+01	308	5.233684e+01	1.938657e+02	3.133838e+01	308	7.874236e-01	7.000000e-01	
3.144013e+01	309	6.578963e+01	1.844847e+02	3.144013e+01	309	7.371299e-01	7.000000e-01	
3.154188e+01	310	4.882963e+01	2.230869e+02	3.154188e+01	310	8.204242e-01	7.000000e-01	
3.164363e+01	311	4.585910e+01	2.115009e+02	3.164363e+01	311	8.218095e-01	7.000000e-01	
3.174538e+01	312	4.570706e+01	2.024406e+02	3.174538e+01	312	8.158070e-01	7.000000e-01	
3.184712e+01	313	5.174208e+01	2.183701e+02	3.184712e+01	313	8.084423e-01	7.000000e-01	
3.194887e+01	314	3.988818e+01	2.241347e+02	3.194887e+01	314	8.489215e-01	7.000000e-01	
3.205062e+01	315	4.205616e+01	2.359723e+02	3.205062e+01	315	8.487343e-01	7.000000e-01	
3.215237e+01	316	5.248605e+01	2.201549e+02	3.215237e+01	316	8.074902e-01	7.000000e-01	
3.225412e+01	317	4.636154e+01	2.319694e+02	3.225412e+01	317	8.334302e-01	7.000000e-01	
3.235586e+01	318	4.470071e+01	2.295903e+02	3.235586e+01	318	8.370318e-01	7.000000e-01	
3.245761e+01	319	4.042673e+01	2.267743e+02	3.245761e+01	319	8.487029e-01	7.000000e-01	
3.255936e+01	320	3.133766e+01	2.346634e+02	3.255936e+01	320	8.821897e-01	7.000000e-01	
3.266111e+01	321	9.440128e+00	2.391480e+02	3.266111e+01	321	9.620250e-01	7.000000e-01	
3.276286e+01	322	6.124219e+01	2.063904e+02	3.276286e+01	322	7.711707e-01	7.000000e-01	
3.286460e+01	323	3.696801e+01	2.350181e+02	3.286460e+01	323	8.640813e-01	7.000000e-01	
3.296635e+01	324	5.176676e+01	1.976111e+02	3.296635e+01	324	7.924164e-01	7.000000e-01	
3.306810e+01	325	4.769271e+01	2.343721e+02	3.306810e+01	325	8.309158e-01	7.000000e-01	
3.316985e+01	326	6.314920e+01	1.898591e+02	3.316985e+01	326	7.504066e-01	7.000000e-01	
3.327160e+01	327	6.995639e+01	1.848954e+02	3.327160e+01	327	7.255017e-01	7.000000e-01	
3.337334e+01	328	5.375883e+01	1.992243e+02	3.337334e+01	328	7.875003e-01	7.000000e-01	
3.347509e+01	329	6.754941e+01	2.103267e+02	3.347509e+01	329	7.569082e-01	7.000000e-01	
3.357684e+01	330	7.906963e+01	2.309577e+02	3.357684e+01	330	7.449592e-01	7.000000e-01	
3.367859e+01	331	7.963242e+01	1.878412e+02	3.367859e+01	331	7.022794e-01	7.000000e-01	
3.378034e+01	332	6.523675e+01	1.991237e+02	3.378034e+01	332	7.532280e-01	7.000000e-01	
3.388208e+01	333	5.622885e+01	1.716799e+02	3.388208e+01	333	7.532835e-01	7.000000e-01	
3.398383e+01	334	6.186865e+01	1.682206e+02	3.398383e+01	334	7.311102e-01	7.000000e-01	
3.408558e+01	335	5.576036e+01	1.851383e+02	3.408558e+01	335	7.685319e-01	7.000000e-01	
3.418733e+01	336	6.215173e+01	1.392827e+02	3.418733e+01	336	6.914543e-01	7.000000e-01	
3.428908e+01	337	5.368214e+01	1.413644e+02	3.428908e+01	337	7.247727e-01	7.000000e-01	
3.439082e+01	338	5.710374e+01	1.805012e+02	3.439082e+01	338	7.596694e-01	7.000000e-01	
3.449257e+01	339	8.600598e+01	1.453215e+02	3.449257e+01	339	6.282068e-01	7.000000e-01	
3.459432e+01	340	8.433571e+01	1.489253e+02	3.459432e+01	340	6.384492e-01	7.000000e-01	
3.469607e+01	341	7.285621e+01	1.670759e+02	3.469607e+01	341	6.963466e-01	7.000000e-01	
3.479782e+01	342	7.133351e+01	1.669680e+02	3.479782e+01	342	7.006586e-01	7.000000e-01	
3.489956e+01	343	7.878059e+01	1.589033e+02	3.489956e+01	343	6.685489e-01	7.000000e-01	
3.500131e+01	344	8.841062e+01	1.356503e+02	3.500131e+01	344	6.054170e-01	7.000000e-01	
3.510306e+01	345	5.740463e+01	1.834237e+02	3.510306e+01	345	7.616367e-01	7.000000e-01	
3.520481e+01	346	4.244585e+01	1.952316e+02	3.520481e+01	346	8.214141e-01	7.000000e-01	
3.530656e+01	347	5.264194e+01	1.767111e+02	3.530656e+01	347	7.704764e-01	7.000000e-01	
3.540830e+01	348	5.466126e+01	1.655357e+02	3.540830e+01	348	7.517620e-01	7.000000e-01	
3.551005e+01	349	5.447584e+01	1.791634e+02	3.551005e+01	349	7.668378e-01	7.000000e-01	
3.561180e+01	350	4.955868e+01	1.808738e+02	3.561180e+01	350	7.849319e-01	7.000000e-01	
3.571355e+01	351	5.484583e+01	1.712423e+02	3.571355e+01	351	7.574139e-01	7.000000e-01	
3.581530e+01	352	5.085786e+01	2.058209e+02	3.581530e+01	352	8.018618e-01	7.000000e-01	
3.591704e+01	353	4.539021e+01	2.003693e+02	3.591704e+01	353	8.153064e-01	7.000000e-01	
3.601879e+01	354	4.158284e+01	1.874177e+02	3.601879e+01	354	8.184160e-01	7.000000e-01	
3.612054e+01	355	7.483624e+01	1.625982e+02	3.612054e+01	355	6.848130e-01	7.000000e-01	
3.622229e+01	356	5.287648e+01	1.524185e+02	3.622229e+01	356	7.424366e-01	7.000000e-01	
3.632404e+01	357	6.941637e+01	1.806598e+02	3.632404e+01	357	7.224191e-01	7.000000e-01	
3.642578e+01	358	7.300725e+01	1.626894e+02	3.642578e+01	358	6.902491e-01	7.000000e-01	
3.652753e+01	359	4.354701e+01	1.575133e+02	3.652753e+01	359	7.834132e-01	7.000000e-01	
3.662928e+01	360	4.896577e+01	1.755837e+02	3.662928e+01	360	7.819377e-01	7.000000e-01	
3.673103e+01	361	3.980791e+01	1.572173e+02	3.673103e+01	361	7.979552e-01	7.000000e-01	
3.683278e+01	362	3.258440e+01	1.594300e+02	3.683278e+01	362	8.303023e-01	7.000000e-01	
3.693452e+01	363	4.068558e+01	1.515434e+02	3.693452e+01	363	7.883484e-01	7.000000e-01	
3.703627e+01	364	4.068761e+01	1.503513e+02	3.703627e+01	364	7.870193e-01	7.000000e-01	
3.713802e+01	365	3.309257e+01	1.606626e+02	3.713802e+01	365	8.292042e-01	7.000000e-01	
3.723977e+01	366	3.656223e+01	1.714757e+02	3.723977e+01	366	8.242521e-01	7.000000e-01	
3.734152e+01	367	4.419471e+01	1.592887e+02	3.734152e+01	367	7.828093e-01	7.000000e-01	
3.744326e+01	368	4.025032e+01	1.594515e+02	3.744326e+01	368	7.984479e-01	7.000000e-01	
3.754501e+01	369	3.336229e+01	1.769972e+02	3.754501e+01	369	8.414034e-01	7.000000e-01	
3.764676e+01	370	4.006378e+01	1.483994e+02	3.764676e+01	370	7.874185e-01	7.000000e-01	
3.774851e+01	371	5.071270e+01	1.416981e+02	3.774851e+01	371	7.364353e-01	7.000000e-01	
3.785026e+01	372	4.564883e+01	1.393617e+02	3.785026e+01	372	7.532636e-01	7.000000e-01	
3.795200e+01	373	4.190775e+01	1.721149e+02	3.795200e+01	373	8.041901e-01	7.000000e-01	
3.805375e+01	374	3.532621e+01	1.931322e+02	3.805375e+01	374	8.453714e-01	7.000000e-01	
3.815550e+01	375	5.629763e+01	1.401989e+02	3.815550e+01	375	7.134930e-01	7.000000e-01	
3.825725e+01	376	4.890448e+01	1.450698e+02	3.825725e+01	376	7.478816e-01	7.000000e-01	
3.835900e+01	377	5.245466e+01	1.565866e+02	3.835900e+01	377	7.490703e-01	7.000000e-01	
3.846074e+01	378	7.225133e+01	1.203643e+02	3.846074e+01	378	6.248937e-01	7.000000e-01	
3.856249e+01	379	3.876166e+01	1.754923e+02	3.856249e+01	379	8.190854e-01	7.000000e-01	
3.866424e+01	380	6.793330e+01	1.505598e+02	3.866424e+01	380	6.890826e-01	7.000000e-01	
3.876599e+01	381	5.373560e+01	1.704471e+02	3.876599e+01	381	7.603044e-01	7.000000e-01	
3.886774e+01	382	4.704062e+01	1.622978e+02	3.886774e+01	382	7.752891e-01	7.000000e-01	
3.896948e+01	383	7.789925e+01	1.253051e+02	3.896948e+01	383	6.166458e-01	7.000000e-01	
3.907123e+01	384	7.742160e+01	1.675698e+02	3.907123e+01	384	6.839824e-01	7.000000e-01	
3.917298e+01	385	8.220462e+01	1.260010e+02	3.917298e+01	385	6.051758e-01	7.000000e-01	
3.927473e+01	386	7.537043e+01	1.196201e+02	3.927473e+01	386	6.134662e-01	7.000000e-01	
3.937648e+01	387	7.738480e+01	1.675637e+02	3.937648e+01	387	6.840773e-01	7.000000e-01	
3.947822e+01	388	5.685153e+01	8.099424e+01	3.947822e+01	388	5.875715e-01	7.000000e-01	
3.957997e+01	389	9.584338e+01	1.556690e+02	3.957997e+01	389	6.189318e-01	7.000000e-01	
3.968172e+01	390	6.024816e+01	9.015509e+01	3.968172e+01	390	5.994225e-01	7.000000e-01	
3.978347e+01	391	4.439621e+01	1.426110e+02	3.978347e+01	391	7.625963e-01	7.000000e-01	
3.988522e+01	392	4.952573e+01	5.962862e+01	3.988522e+01	392	5.462780e-01	7.000000e-01	
3.998696e+01	393	6.323811e+01	8.811378e+01	3.998696e+01	393	5.821783e-01	7.000000e-01	
4.008871e+01	394	3.751820e+01	1.893874e+02	4.008871e+01	394	8.346528e-01	7.000000e-01	
4.019046e+01	395	3.665995e+01	1.843690e+02	4.019046e+01	395	8.341396e-01	7.000000e-01	
4.029221e+01	396	3.762410e+01	1.966366e+02	4.029221e+01	396	8.393922e-01	7.000000e-01	
4.039396e+01	397	3.556757e+01	1.498430e+02	4.039396e+01	397	8.081686e-01	7.000000e-01	
4.049570e+01	398	2.897559e+01	2.007811e+02	4.049570e+01	398	8.738858e-01	7.000000e-01	
4.059745e+01	399	3.451139e+01	1.948544e+02	4.059745e+01	399	8.495356e-01	7.000000e-01	
4.069920e+01	400	3.535633e+01	1.873181e+02	4.069920e+01	400	8.412196e-01	7.000000e-01	
4.080095e+01	401	2.821921e+01	2.012826e+02	4.080095e+01	401	8.770414e-01	7.000000e-01	
4.090270e+01	402	2.810744e+01	1.807913e+02	4.090270e+01	402	8.654495e-01	7.000000e-01	
4.100444e+01	403	2.850530e+01	1.582843e+02	4.100444e+01	403	8.473935e-01	7.000000e-01	
4.110619e+01	404	2.658055e+01	1.605464e+02	4.110619e+01	404	8.579545e-01	7.000000e-01	
4.120794e+01	405	3.635217e+01	1.952490e+02	4.120794e+01	405	8.430398e-01	7.000000e-01	
4.130969e+01	406	3.850122e+01	1.869618e+02	4.130969e+01	406	8.292349e-01	7.000000e-01	
4.141144e+01	407	1.342740e+01	1.713999e+02	4.141144e+01	407	9.273516e-01	7.000000e-01	
4.151318e+01	408	3.698760e+01	1.872365e+02	4.151318e+01	408	8.350418e-01	7.000000e-01	
4.161493e+01	409	2.445307e+01	1.826915e+02	4.161493e+01	409	8.819517e-01	7.000000e-01	
4.171668e+01	410	2.240466e+01	2.074198e+02	4.171668e+01	410	9.025140e-01	7.000000e-01	
4.181843e+01	411	3.185278e+01	1.862028e+02	4.181843e+01	411	8.539236e-01	7.000000e-01	
4.192018e+01	412	2.692709e+01	1.579219e+02	4.192018e+01	412	8.543293e-01	7.000000e-01	
4.202192e+01	413	2.243059e+01	1.842789e+02	4.202192e+01	413	8.914874e-01	7.000000e-01	
4.212367e+01	414	3.704392e+01	1.633120e+02	4.212367e+01	414	8.151094e-01	7.000000e-01	
4.222542e+01	415	1.612874e+01	1.718101e+02	4.222542e+01	415	9.141809e-01	7.000000e-01	
4.232717e+01	416	1.574509e+01	1.784915e+02	4.232717e+01	416	9.189386e-01	7.000000e-01	
4.242892e+01	417	2.948846e+01	1.522266e+02	4.242892e+01	417	8.377214e-01	7.000000e-01	
4.253066e+01	418	2.871119e+01	1.835753e+02	4.253066e+01	418	8.647526e-01	7.000000e-01	
4.263241e+01	419	5.416299e+01	1.559192e+02	4.263241e+01	419	7.421819e-01	7.000000e-01	
4.273416e+01	420	5.052884e+01	1.618465e+02	4.273416e+01	420	7.620776e-01	7.000000e-01	
4.283591e+01	421	3.413227e+01	1.515561e+02	4.283591e+01	421	8.161852e-01	7.000000e-01	
4.293766e+01	422	5.053209e+01	1.448138e+02	4.293766e+01	422	7.413199e-01	7.000000e-01	
4.303940e+01	423	4.598680e+01	1.543753e+02	4.303940e+01	423	7.704815e-01	7.000000e-01	
4.314115e+01	424	4.750375e+01	1.504240e+02	4.314115e+01	424	7.599945e-01	7.000000e-01	
4.324290e+01	425	8.106989e+01	1.488847e+02	4.324290e+01	425	6.474526e-01	7.000000e-01	
4.334465e+01	426	5.603709e+01	1.664431e+02	4.334465e+01	426	7.481255e-01	7.000000e-01	
4.344640e+01	427	5.198708e+01	1.440942e+02	4.344640e+01	427	7.348697e-01	7.000000e-01	
4.354814e+01	428	2.065993e+01	1.831724e+02	4.354814e+01	428	8.986425e-01	7.000000e-01	
4.364989e+01	429	2.664250e+01	1.871484e+02	4.364989e+01	429	8.753806e-01	7.000000e-01	
4.375164e+01	430	3.534295e+01	1.917295e+02	4.375164e+01	430	8.443539e-01	7.000000e-01	
4.385339e+01	431	5.110883e+01	1.316020e+02	4.385339e+01	431	7.202748e-01	7.000000e-01	
4.395514e+01	432	2.155028e+01	2.155862e+02	4.395514e+01	432	9.091229e-01	7.000000e-01	
4.405688e+01	433	2.271818e+01	2.118040e+02	4.405688e+01	433	9.031299e-01	7.000000e-01	
4.415863e+01	434	3.581952e+01	2.741987e+02	4.415863e+01	434	8.844600e-01	7.000000e-01	
4.426038e+01	435	4.152148e+01	2.756460e+02	4.426038e+01	435	8.690866e-01	7.000000e-01	
4.436213e+01	436	4.424403e+01	3.212408e+02	4.436213e+01	436	8.789443e-01	7.000000e-01	
4.446388e+01	437	5.498072e+01	2.869511e+02	4.446388e+01	437	8.392056e-01	7.000000e-01	
4.456562e+01	438	4.200091e+01	3.067724e+02	4.456562e+01	438	8.795753e-01	7.000000e-01	
4.466737e+01	439	4.966543e+01	3.041831e+02	4.466737e+01	439	8.596421e-01	7.000000e-01	
4.476912e+01	440	1.423446e+01	2.624356e+02	4.476912e+01	440	9.485508e-01	7.000000e-01	
4.487087e+01	441	1.421689e+01	2.057897e+02	4.487087e+01	441	9.353797e-01	7.000000e-01	
4.497262e+01	442	2.945048e+00	2.525959e+02	4.497262e+01	442	9.884752e-01	7.000000e-01	
4.507436e+01	443	9.827799e+00	2.165125e+02	4.507436e+01	443	9.565795e-01	7.000000e-01	
4.517611e+01	444	1.098586e+01	2.201069e+02	4.517611e+01	444	9.524613e-01	7.000000e-01	
4.527786e+01	445	1.920592e+01	2.851313e+02	4.527786e+01	445	9.368926e-01	7.000000e-01	
4.537961e+01	446	2.196300e+01	2.673921e+02	4.537961e+01	446	9.240967e-01	7.000000e-01	
4.548136e+01	447	1.470226e+01	2.695848e+02	4.548136e+01	447	9.482838e-01	7.000000e-01	
4.558310e+01	448	1.346218e+01	2.269686e+02	4.558310e+01	448	9.440081e-01	7.000000e-01	
4.568485e+01	449	2.181254e+01	2.281516e+02	4.568485e+01	449	9.127373e-01	7.000000e-01	
4.578660e+01	450	2.100368e+01	2.815339e+02	4.578660e+01	450	9.305750e-01	7.000000e-01	
4.588835e+01	451	2.994733e+01	2.173944e+02	4.588835e+01	451	8.789233e-01	7.000000e-01	
4.599010e+01	452	1.596190e+01	2.944981e+02	4.599010e+01	452	9.485863e-01	7.000000e-01	
4.609184e+01	453	1.888241e+01	2.470455e+02	4.609184e+01	453	9.289943e-01	7.000000e-01	
4.619359e+01	454	1.915507e+01	2.267524e+02	4.619359e+01	454	9.221046e-01	7.000000e-01	
4.629534e+01	455	2.820948e+01	2.303612e+02	4.629534e+01	455	8.909022e-01	7.000000e-01	
4.639709e+01	456	2.178760e+01	2.304756e+02	4.639709e+01	456	9.136315e-01	7.000000e-01	
4.649884e+01	457	3.808683e+00	2.493928e+02	4.649884e+01	457	9.849579e-01	7.000000e-01	
4.660058e+01	458	2.768016e+01	2.360168e+02	4.660058e+01	458	8.950304e-01	7.000000e-01	
4.670233e+01	459	3.280113e+01	2.178834e+02	4.670233e+01	459	8.691538e-01	7.000000e-01	
4.680408e+01	460	2.448309e+01	2.333413e+02	4.680408e+01	460	9.050397e-01	7.000000e-01	
4.690583e+01	461	2.234616e+01	2.619637e+02	4.690583e+01	461	9.214021e-01	7.000000e-01	
4.700758e+01	462	4.762057e+01	2.072325e+02	4.700758e+01	462	8.131450e-01	7.000000e-01	
4.710932e+01	463	4.292941e+01	2.211576e+02	4.710932e+01	463	8.374422e-01	7.000000e-01	
4.721107e+01	464	2.554942e+01	2.368314e+02	4.721107e+01	464	9.026247e-01	7.000000e-01	
4.731282e+01	465	3.169238e+01	2.162352e+02	4.731282e+01	465	8.721708e-01	7.000000e-01	
4.741457e+01	466	3.588342e+01	2.313289e+02	4.741457e+01	466	8.657120e-01	7.000000e-01	
4.751632e+01	467	3.662706e+01	2.176753e+02	4.751632e+01	467	8.559704e-01	7.000000e-01	
4.761806e+01	468	5.037480e+01	2.204467e+02	4.761806e+01	468	8.139926e-01	7.000000e-01	
4.771981e+01	469	4.972624e+01	2.512180e+02	4.771981e+01	469	8.347659e-01	7.000000e-01	
4.782156e+01	470	5.776669e+01	2.339394e+02	4.782156e+01	470	8.019695e-01	7.000000e-01	
4.792331e+01	471	4.526665e+01	2.390666e+02	4.792331e+01	471	8.407972e-01	7.000000e-01	
4.802506e+01	472	3.290229e+01	2.440973e+02	4.802506e+01	472	8.812190e-01	7.000000e-01	
4.812680e+01	473	4.361323e+01	2.214612e+02	4.812680e+01	473	8.354680e-01	7.000000e-01	
4.822855e+01	474	3.150050e+01	1.654032e+02	4.822855e+01	474	8.400208e-01	7.000000e-01	
4.833030e+01	475	-9.042245e-01	3.285776e+02	4.833030e+01	475	1.002760e+00	7.000000e-01	
4.843205e+01	476	3.160656e+00	3.026447e+02	4.843205e+01	476	9.896645e-01	7.000000e-01	
4.853380e+01	477	1.101648e+01	2.147310e+02	4.853380e+01	477	9.512000e-01	7.000000e-01	
4.863554e+01	478	-9.050649e-01	3.285930e+02	4.863554e+01	478	1.002762e+00	7.000000e-01	
4.873729e+01	479	3.430468e+00	3.014640e+02	4.873729e+01	479	9.887487e-01	7.000000e-01	
4.883904e+01	480	1.889997e+01	2.167784e+02	4.883904e+01	480	9.198061e-01	7.000000e-01	
4.894079e+01	481	1.749406e+01	2.427278e+02	4.894079e+01	481	9.327725e-01	7.000000e-01	
4.904254e+01	482	1.019321e+00	2.281618e+02	4.904254e+01	482	9.955523e-01	7.000000e-01	
4.914428e+01	483	1.249693e+01	2.262307e+02	4.914428e+01	483	9.476519e-01	7.000000e-01	
4.924603e+01	484	2.720068e+01	2.072689e+02	4.924603e+01	484	8.839906e-01	7.000000e-01	
4.934778e+01	485	9.449983e+00	2.275006e+02	4.934778e+01	485	9.601183e-01	7.000000e-01	
4.944953e+01	486	2.417881e+01	1.983181e+02	4.944953e+01	486	8.913297e-01	7.000000e-01	
4.955128e+01	487	1.807561e+01	2.119184e+02	4.955128e+01	487	9.214083e-01	7.000000e-01	
4.965302e+01	488	2.630664e+01	1.718288e+02	4.965302e+01	488	8.672290e-01	7.000000e-01	
4.975477e+01	489	2.996899e+01	2.141863e+02	4.975477e+01	489	8.772544e-01	7.000000e-01	
4.985652e+01	490	2.497850e+01	2.170325e+02	4.985652e+01	490	8.967877e-01	7.000000e-01	
4.995827e+01	491	1.107705e+01	1.836639e+02	4.995827e+01	491	9.431191e-01	7.000000e-01	
5.006002e+01	492	2.582149e+01	2.375930e+02	5.006002e+01	492	9.019739e-01	7.000000e-01	
5.016176e+01	493	3.035486e+01	2.238255e+02	5.016176e+01	493	8.805775e-01	7.000000e-01	
5.026351e+01	494	2.884288e+01	2.011142e+02	5.026351e+01	494	8.745728e-01	7.000000e-01	
5.036526e+01	495	3.409430e+01	2.169949e+02	5.036526e+01	495	8.642144e-01	7.000000e-01	
5.046701e+01	496	3.170157e+01	2.362199e+02	5.046701e+01	496	8.816759e-01	7.000000e-01	
5.056876e+01	497	3.970773e+01	2.149684e+02	5.056876e+01	497	8.440854e-01	7.000000e-01	
5.067050e+01	498	2.067283e+01	2.227571e+02	5.067050e+01	498	9.150769e-01	7.000000e-01	
5.077225e+01	499	4.260115e+01	2.058234e+02	5.077225e+01	499	8.285147e-01	7.000000e-01	
5.087400e+01	500	3.737630e+01	2.352479e+02	5.087400e+01	500	8.629018e-01	7.000000e-01	
5.097575e+01	501	2.725327e+01	2.318795e+02	5.097575e+01	501	8.948289e-01	7.000000e-01	
5.107750e+01	502	4.186199e+01	1.806667e+02	5.107750e+01	502	8.118805e-01	7.000000e-01	
5.117924e+01	503	4.746789e+01	1.851593e+02	5.117924e+01	503	7.959487e-01	7.000000e-01	
5.128099e+01	504	3.972028e+01	1.855914e+02	5.128099e+01	504	8.237096e-01	7.000000e-01	
5.138274e+01	505	4.757206e+01	2.128864e+02	5.138274e+01	505	8.173526e-01	7.000000e-01	
5.148449e+01	506	3.935744e+01	2.188583e+02	5.148449e+01	506	8.475792e-01	7.000000e-01	
5.158624e+01	507	3.832858e+01	1.996732e+02	5.158624e+01	507	8.389568e-01	7.000000e-01	
5.168798e+01	508	3.000153e+01	1.900654e+02	5.168798e+01	508	8.636709e-01	7.000000e-01	
5.178973e+01	509	2.839322e+01	1.946311e+02	5.178973e+01	509	8.726900e-01	7.000000e-01	
5.189148e+01	510	4.471038e+01	2.093294e+02	5.189148e+01	510	8.240024e-01	7.000000e-01	
5.199323e+01	511	1.803497e+01	1.795773e+02	5.199323e+01	511	9.087356e-01	7.000000e-01	
5.209498e+01	512	2.408245e+01	1.906614e+02	5.209498e+01	512	8.878550e-01	7.000000e-01	
5.219672e+01	513	3.652864e+01	2.015844e+02	5.219672e+01	513	8.465912e-01	7.000000e-01	
5.229847e+01	514	4.567311e+01	2.036539e+02	5.229847e+01	514	8.168144e-01	7.000000e-01	
5.240022e+01	515	1.824121e+01	2.051144e+02	5.240022e+01	515	9.183311e-01	7.000000e-01	
5.250197e+01	516	1.599918e+01	1.811022e+02	5.250197e+01	516	9.188277e-01	7.000000e-01	
5.260372e+01	517	1.538256e+01	1.711578e+02	5.260372e+01	517	9.175376e-01	7.000000e-01	
5.270546e+01	518	7.137308e+00	1.894992e+02	5.270546e+01	518	9.637030e-01	7.000000e-01	
5.280721e+01	519	1.187698e+01	2.001785e+02	5.280721e+01	519	9.439912e-01	7.000000e-01	
5.290896e+01	520	1.872777e+01	2.040866e+02	5.290896e+01	520	9.159490e-01	7.000000e-01	
5.301071e+01	521	1.641218e+01	2.126197e+02	5.301071e+01	521	9.283411e-01	7.000000e-01	
5.311246e+01	522	1.584363e+01	2.018745e+02	5.311246e+01	522	9.272287e-01	7.000000e-01	
5.321420e+01	523	1.589783e+00	1.850847e+02	5.321420e+01	523	9.914837e-01	7.000000e-01	
5.331595e+01	524	1.895040e+01	1.952598e+02	5.331595e+01	524	9.115336e-01	7.000000e-01	
5.341770e+01	525	2.409715e+01	2.444622e+02	5.341770e+01	525	9.102725e-01	7.000000e-01	
5.351945e+01	526	1.446111e+01	2.073902e+02	5.351945e+01	526	9.348162e-01	7.000000e-01	
5.362120e+01	527	1.756772e+01	2.856508e+02	5.362120e+01	527	9.420625e-01	7.000000e-01	
5.372294e+01	528	2.187995e+01	2.195730e+02	5.372294e+01	528	9.093821e-01	7.000000e-01	
5.382469e+01	529	3.172435e+01	2.964944e+02	5.382469e+01	529	9.033439e-01	7.000000e-01	
5.392644e+01	530	4.180605e+01	2.194733e+02	5.392644e+01	530	8.399948e-01	7.000000e-01	
5.402819e+01	531	2.947566e+01	2.175777e+02	5.402819e+01	531	8.806911e-01	7.000000e-01	
5.412994e+01	532	2.795005e+01	2.318290e+02	5.412994e+01	532	8.924084e-01	7.000000e-01	
5.423168e+01	533	1.012231e+01	2.090132e+02	5.423168e+01	533	9.538080e-01	7.000000e-01	
5.433343e+01	534	2.700008e+01	2.161328e+02	5.433343e+01	534	8.889493e-01	7.000000e-01	
5.443518e+01	535	1.851309e+01	2.086923e+02	5.443518e+01	535	9.185183e-01	7.000000e-01	
5.453693e+01	536	-2.131188e+00	2.068731e+02	5.453693e+01	536	1.010409e+00	7.000000e-01	
5.463868e+01	537	1.490189e+01	2.370699e+02	5.463868e+01	537	9.408589e-01	7.000000e-01	
5.474042e+01	538	2.014352e+01	2.251989e+02	5.474042e+01	538	9.178963e-01	7.000000e-01	
5.484217e+01	539	1.393005e+01	2.056775e+02	5.484217e+01	539	9.365684e-01	7.000000e-01	
5.494392e+01	540	1.890244e+01	2.172461e+02	5.494392e+01	540	9.199553e-01	7.000000e-01	
5.504567e+01	541	1.464986e+01	2.179523e+02	5.504567e+01	541	9.370175e-01	7.000000e-01	
5.514742e+01	542	2.415957e+01	2.111282e+02	5.514742e+01	542	8.973191e-01	7.000000e-01	
5.524916e+01	543	1.933509e+01	2.243272e+02	5.524916e+01	543	9.206480e-01	7.000000e-01	
5.535091e+01	544	1.775817e+01	2.263313e+02	5.535091e+01	544	9.272473e-01	7.000000e-01	
5.545266e+01	545	1.397785e+01	2.267270e+02	5.545266e+01	545	9.419295e-01	7.000000e-01	
5.555441e+01	546	2.068596e+01	2.289523e+02	5.555441e+01	546	9.171363e-01	7.000000e-01	
5.565616e+01	547	3.739805e+01	2.471417e+02	5.565616e+01	547	8.685665e-01	7.000000e-01	
5.575790e+01	548	1.661811e+01	2.567795e+02	5.575790e+01	548	9.392163e-01	7.000000e-01	
5.585965e+01	549	2.107200e+01	2.252088e+02	5.585965e+01	549	9.144391e-01	7.000000e-01	
5.596140e+01	550	3.625333e+01	2.426345e+02	5.596140e+01	550	8.700075e-01	7.000000e-01	
5.606315e+01	551	5.943032e+00	2.467285e+02	5.606315e+01	551	9.764792e-01	7.000000e-01	
5.616490e+01	552	2.638977e+01	2.438005e+02	5.616490e+01	552	9.023289e-01	7.000000e-01	
5.626664e+01	553	1.022563e+01	2.417034e+02	5.626664e+01	553	9.594107e-01	7.000000e-01	
5.636839e+01	554	4.121316e+00	2.468304e+02	5.636839e+01	554	9.835773e-01	7.000000e-01	
5.647014e+01	555	3.164518e+01	2.433892e+02	5.647014e+01	555	8.849410e-01	7.000000e-01	
5.657189e+01	556	3.443420e+01	2.330942e+02	5.657189e+01	556	8.712877e-01	7.000000e-01	
5.667364e+01	557	2.284970e+01	2.260302e+02	5.667364e+01	557	9.081899e-01	7.000000e-01	
5.677538e+01	558	7.316704e+00	1.889503e+02	5.677538e+01	558	9.627207e-01	7.000000e-01	
5.687713e+01	559	2.509986e+01	2.219692e+02	5.687713e+01	559	8.984095e-01	7.000000e-01	
5.697888e+01	560	2.808780e+01	2.518673e+02	5.697888e+01	560	8.996703e-01	7.000000e-01	
5.708063e+01	561	4.912186e+01	2.289338e+02	5.708063e+01	561	8.233380e-01	7.000000e-01	
5.718238e+01	562	4.589752e+01	2.214393e+02	5.718238e+01	562	8.283158e-01	7.000000e-01	
5.728412e+01	563	4.271053e+01	2.232874e+02	5.728412e+01	563	8.394328e-01	7.000000e-01	
5.738587e+01	564	3.656187e+01	2.113997e+02	5.738587e+01	564	8.525503e-01	7.000000e-01	
5.748762e+01	565	3.152002e+01	2.147374e+02	5.748762e+01	565	8.720038e-01	7.000000e-01	
5.758937e+01	566	3.461596e+01	2.171106e+02	5.758937e+01	566	8.624859e-01	7.000000e-01	
5.769112e+01	567	2.250928e+01	2.066027e+02	5.769112e+01	567	9.017542e-01	7.000000e-01	
5.779286e+01	568	2.921005e+01	2.104647e+02	5.779286e+01	568	8.781263e-01	7.000000e-01	
5.789461e+01	569	4.432789e+01	2.210402e+02	5.789461e+01	569	8.329570e-01	7.000000e-01	
5.799636e+01	570	2.455314e+01	2.446298e+02	5.799636e+01	570	9.087864e-01	7.000000e-01	
5.809811e+01	571	1.738947e+01	2.385381e+02	5.809811e+01	571	9.320532e-01	7.000000e-01	
5.819986e+01	572	1.890583e+01	2.397186e+02	5.819986e+01	572	9.268985e-01	7.000000e-01	
5.830160e+01	573	2.189791e+01	2.272728e+02	5.830160e+01	573	9.121168e-01	7.000000e-01	
5.840335e+01	574	2.385722e+01	2.447933e+02	5.840335e+01	574	9.111961e-01	7.000000e-01	
5.850510e+01	575	2.662229e+01	2.270377e+02	5.850510e+01	575	8.950473e-01	7.000000e-01	
5.860685e+01	576	2.081856e+01	2.272236e+02	5.860685e+01	576	9.160685e-01	7.000000e-01	
5.870860e+01	577	3.355088e+01	2.292423e+02	5.870860e+01	577	8.723297e-01	7.000000e-01	
5.881034e+01	578	1.667157e+01	2.402683e+02	5.881034e+01	578	9.351149e-01	7.000000e-01	
5.891209e+01	579	2.770179e+01	2.147326e+02	5.891209e+01	579	8.857349e-01	7.000000e-01	
5.901384e+01	580	2.024403e+01	2.288268e+02	5.901384e+01	580	9.187218e-01	7.000000e-01	
5.911559e+01	581	2.400827e+01	2.350466e+02	5.911559e+01	581	9.073236e-01	7.000000e-01	
5.921734e+01	582	2.609706e+01	2.416346e+02	5.921734e+01	582	9.025253e-01	7.000000e-01	
5.931908e+01	583	3.594773e+01	2.164948e+02	5.931908e+01	583	8.576003e-01	7.000000e-01	
5.942083e+01	584	3.967946e+01	2.063262e+02	5.942083e+01	584	8.387051e-01	7.000000e-01	
5.952258e+01	585	2.652609e+01	2.133021e+02	5.952258e+01	585	8.893954e-01	7.000000e-01	
5.962433e+01	586	3.944727e+01	2.204647e+02	5.962433e+01	586	8.482283e-01	7.000000e-01	
5.972608e+01	587	2.645025e+01	2.394143e+02	5.972608e+01	587	9.005123e-01	7.000000e-01	
5.982782e+01	588	3.809181e+01	2.539311e+02	5.982782e+01	588	8.695588e-01	7.000000e-01	
5.992957e+01	589	2.719835e+01	2.404881e+02	5.992957e+01	589	8.983947e-01	7.000000e-01	
6.003132e+01	590	3.179293e+01	2.297652e+02	6.003132e+01	590	8.784479e-01	7.000000e-01	
6.013307e+01	591	2.235740e+01	2.399817e+02	6.013307e+01	591	9.147767e-01	7.000000e-01	
6.023482e+01	592	2.445209e+01	2.346689e+02	6.023482e+01	592	9.056345e-01	7.000000e-01	
6.033656e+01	593	3.112794e+01	2.387890e+02	6.033656e+01	593	8.846759e-01	7.000000e-01	
6.043831e+01	594	1.414339e+01	2.476160e+02	6.043831e+01	594	9.459680e-01	7.000000e-01	
6.054006e+01	595	1.251140e+01	2.854656e+02	6.054006e+01	595	9.580122e-01	7.000000e-01	
6.064181e+01	596	2.363391e+01	2.510194e+02	6.064181e+01	596	9.139500e-01	7.000000e-01	
6.074356e+01	597	4.329321e+01	2.503276e+02	6.074356e+01	597	8.525540e-01	7.000000e-01	
6.084530e+01	598	3.965110e+01	2.455586e+02	6.084530e+01	598	8.609756e-01	7.000000e-01	
6.094705e+01	599	4.405611e+01	2.285872e+02	6.094705e+01	599	8.384112e-01	7.000000e-01	
6.104880e+01	600	3.320805e+01	2.419706e+02	6.104880e+01	600	8.793219e-01	7.000000e-01	
6.115055e+01	601	3.388417e+01	2.463665e+02	6.115055e+01	601	8.790933e-01	7.000000e-01	
6.125230e+01	602	5.229052e+01	2.297970e+02	6.125230e+01	602	8.146302e-01	7.000000e-01	
6.135404e+01	603	3.611176e+01	2.218562e+02	6.135404e+01	603	8.600146e-01	7.000000e-01	
6.145579e+01	604	5.227857e+01	2.349639e+02	6.145579e+01	604	8.179985e-01	7.000000e-01	
6.155754e+01	605	6.136445e+01	2.365218e+02	6.155754e+01	605	7.940004e-01	7.000000e-01	
6.165929e+01	606	5.138038e+01	2.438806e+02	6.165929e+01	606	8.259832e-01	7.000000e-01	
6.176104e+01	607	4.130970e+01	2.395002e+02	6.176104e+01	607	8.528909e-01	7.000000e-01	
6.186278e+01	608	3.947919e+01	2.248930e+02	6.186278e+01	608	8.506681e-01	7.000000e-01	
6.196453e+01	609	6.129537e+01	2.762983e+02	6.196453e+01	609	8.184345e-01	7.000000e-01	
6.206628e+01	610	6.512831e+01	2.309762e+02	6.206628e+01	610	7.800496e-01	7.000000e-01	
6.216803e+01	611	7.409132e+01	2.767852e+02	6.216803e+01	611	7.888393e-01	7.000000e-01	
6.226978e+01	612	5.366613e+01	2.344303e+02	6.226978e+01	612	8.137216e-01	7.000000e-01	
6.237152e+01	613	1.568546e+01	2.450757e+02	6.237152e+01	613	9.398474e-01	7.000000e-01	
6.247327e+01	614	1.340976e+01	2.542741e+02	6.247327e+01	614	9.499045e-01	7.000000e-01	
6.257502e+01	615	1.972019e+01	2.881068e+02	6.257502e+01	615	9.359374e-01	7.000000e-01	
6.267677e+01	616	2.632329e+01	2.518150e+02	6.267677e+01	616	9.053590e-01	7.000000e-01	
6.277852e+01	617	1.526230e+01	2.608035e+02	6.277852e+01	617	9.447150e-01	7.000000e-01	
6.288026e+01	618	1.100082e+01	2.533075e+02	6.288026e+01	618	9.583788e-01	7.000000e-01	
6.298201e+01	619	1.961444e+01	2.642787e+02	6.298201e+01	619	9.309091e-01	7.000000e-01	
6.308376e+01	620	1.655737e+01	2.592407e+02	6.308376e+01	620	9.399656e-01	7.000000e-01	
6.318551e+01	621	2.169292e+01	2.487963e+02	6.318551e+01	621	9.198012e-01	7.000000e-01	
6.328726e+01	622	2.409518e+01	2.387597e+02	6.328726e+01	622	9.083328e-01	7.000000e-01	
6.338900e+01	623	1.225723e+01	2.604447e+02	6.338900e+01	623	9.550526e-01	7.000000e-01	
6.349075e+01	624	9.034426e+00	2.203888e+02	6.349075e+01	624	9.606211e-01	7.000000e-01	
6.359250e+01	625	2.372204e+01	2.617188e+02	6.359250e+01	625	9.168933e-01	7.000000e-01	
6.369425e+01	626	3.649970e+01	2.641027e+02	6.369425e+01	626	8.785781e-01	7.000000e-01	
6.379600e+01	627	1.957743e+01	2.591950e+02	6.379600e+01	627	9.297727e-01	7.000000e-01	
6.389774e+01	628	3.891911e+01	3.021525e+02	6.389774e+01	628	8.858917e-01	7.000000e-01	
6.399949e+01	629	1.760125e+01	3.421930e+02	6.399949e+01	629	9.510797e-01	7.000000e-01	
6.410124e+01	630	2.715276e+01	2.681859e+02	6.410124e+01	630	9.080623e-01	7.000000e-01	
6.420299e+01	631	3.035285e+01	3.787375e+02	6.420299e+01	631	9.258040e-01	7.000000e-01	
6.430474e+01	632	2.452109e+01	2.880904e+02	6.430474e+01	632	9.215605e-01	7.000000e-01	
6.440648e+01	633	2.753823e+01	2.731236e+02	6.440648e+01	633	9.084080e-01	7.000000e-01	
6.450823e+01	634	3.988142e+01	2.310163e+02	6.450823e+01	634	8.527805e-01	7.000000e-01	
6.460998e+01	635	3.895803e+01	2.292132e+02	6.460998e+01	635	8.547270e-01	7.000000e-01	
6.471173e+01	636	3.935665e+01	2.262302e+02	6.471173e+01	636	8.518125e-01	7.000000e-01	
6.481348e+01	637	4.854853e+01	2.570429e+02	6.481348e+01	637	8.411326e-01	7.000000e-01	
6.491522e+01	638	6.461099e+01	2.208855e+02	6.491522e+01	638	7.736890e-01	7.000000e-01	
6.501697e+01	639	4.067507e+01	2.225298e+02	6.501697e+01	639	8.454623e-01	7.000000e-01	
6.511872e+01	640	5.208527e+01	2.410514e+02	6.511872e+01	640	8.223175e-01	7.000000e-01	
6.522047e+01	641	4.363860e+01	2.238310e+02	6.522047e+01	641	8.368465e-01	7.000000e-01	
6.532222e+01	642	4.342992e+01	2.218122e+02	6.532222e+01	642	8.362631e-01	7.000000e-01	
6.542396e+01	643	2.610475e+01	1.993154e+02	6.542396e+01	643	8.841951e-01	7.000000e-01	
6.552571e+01	644	2.496610e+01	2.517771e+02	6.552571e+01	644	9.097860e-01	7.000000e-01	
6.562746e+01	645	2.296624e+01	2.589088e+02	6.562746e+01	645	9.185233e-01	7.000000e-01	
6.572921e+01	646	-6.611391e+00	1.840261e+02	6.572921e+01	646	1.037265e+00	7.000000e-01	
6.583096e+01	647	1.625986e+01	2.510243e+02	6.583096e+01	647	9.391664e-01	7.000000e-01	
6.593270e+01	648	2.565441e+01	2.167359e+02	6.593270e+01	648	8.941607e-01	7.000000e-01	
6.603445e+01	649	1.564238e+01	2.314719e+02	6.603445e+01	649	9.366998e-01	7.000000e-01	
6.613620e+01	650	2.353518e+01	2.358621e+02	6.613620e+01	650	9.092698e-01	7.000000e-01	
6.623795e+01	651	1.930472e+01	2.341830e+02	6.623795e+01	651	9.238436e-01	7.000000e-01	
6.633970e+01	652	2.752199e+01	2.356722e+02	6.633970e+01	652	8.954309e-01	7.000000e-01	
6.644144e+01	653	1.195770e+01	2.679248e+02	6.644144e+01	653	9.572760e-01	7.000000e-01	
6.654319e+01	654	3.665830e+01	2.188331e+02	6.654319e+01	654	8.565185e-01	7.000000e-01	
6.664494e+01	655	2.637139e+01	2.541973e+02	6.664494e+01	655	9.060074e-01	7.000000e-01	
6.674669e+01	656	5.602539e+01	2.148415e+02	6.674669e+01	656	7.931626e-01	7.000000e-01	
6.684844e+01	657	3.451695e+01	2.248176e+02	6.684844e+01	657	8.669018e-01	7.000000e-01	
6.695018e+01	658	3.297282e+01	2.509504e+02	6.695018e+01	658	8.838671e-01	7.000000e-01	
6.705193e+01	659	3.541819e+01	2.312883e+02	6.705193e+01	659	8.672016e-01	7.000000e-01	
6.715368e+01	660	3.648835e+01	2.293471e+02	6.715368e+01	660	8.627408e-01	7.000000e-01	
6.725543e+01	661	3.080058e+01	2.479875e+02	6.725543e+01	661	8.895197e-01	7.000000e-01	
6.735718e+01	662	1.822396e+01	2.556764e+02	6.735718e+01	662	9.334650e-01	7.000000e-01	
6.745892e+01	663	4.795602e+01	2.162918e+02	6.745892e+01	663	8.185188e-01	7.000000e-01	
6.756067e+01	664	3.333399e+01	2.529798e+02	6.756067e+01	664	8.835753e-01	7.000000e-01	
6.766242e+01	665	5.299802e+01	2.079360e+02	6.766242e+01	665	7.968911e-01	7.000000e-01	
6.776417e+01	666	3.597219e+01	2.480241e+02	6.776417e+01	666	8.733357e-01	7.000000e-01	
6.786592e+01	667	1.126609e+00	2.259696e+02	6.786592e+01	667	9.950391e-01	7.000000e-01	
6.796766e+01	668	-9.953085e+00	3.091452e+02	6.796766e+01	668	1.033267e+00	7.000000e-01	
6.806941e+01	669	-4.103143e+00	2.544882e+02	6.806941e+01	669	1.016387e+00	7.000000e-01	
6.817116e+01	670	1.843921e+01	2.368044e+02	6.817116e+01	670	9.277584e-01	7.000000e-01	
6.827291e+01	671	1.462758e+01	2.407077e+02	6.827291e+01	671	9.427123e-01	7.000000e-01	
6.837466e+01	672	9.274965e+00	1.859026e+02	6.837466e+01	672	9.524793e-01	7.000000e-01	
6.847640e+01	673	2.525392e+01	2.157785e+02	6.847640e+01	673	8.952260e-01	7.000000e-01	
6.857815e+01	674	1.418594e+01	2.178601e+02	6.857815e+01	674	9.388658e-01	7.000000e-01	
6.867990e+01	675	1.456214e+01	2.287263e+02	6.867990e+01	675	9.401445e-01	7.000000e-01	
6.878165e+01	676	1.233382e+01	2.198110e+02	6.878165e+01	676	9.468701e-01	7.000000e-01	
6.888340e+01	677	1.562493e+01	2.342444e+02	6.888340e+01	677	9.374676e-01	7.000000e-01	
6.898514e+01	678	2.072494e+01	2.204117e+02	6.898514e+01	678	9.140531e-01	7.000000e-01	
6.908689e+01	679	9.241244e+00	1.965470e+02	6.908689e+01	679	9.550934e-01	7.000000e-01	
6.918864e+01	680	6.874294e+00	2.151695e+02	6.918864e+01	680	9.690408e-01	7.000000e-01	
6.929039e+01	681	1.787853e+01	2.192756e+02	6.929039e+01	681	9.246122e-01	7.000000e-01	
6.939214e+01	682	1.564244e+01	2.816850e+02	6.939214e+01	682	9.473899e-01	7.000000e-01	
6.949388e+01	683	1.199924e+01	2.147447e+02	6.949388e+01	683	9.470802e-01	7.000000e-01	
6.959563e+01	684	7.873039e+00	2.570364e+02	6.959563e+01	684	9.702803e-01	7.000000e-01	
6.969738e+01	685	1.749492e+01	2.640718e+02	6.969738e+01	685	9.378658e-01	7.000000e-01	
6.979913e+01	686	2.935821e+01	2.467007e+02	6.979913e+01	686	8.936524e-01	7.000000e-01	
6.990088e+01	687	5.459402e+01	3.013966e+02	6.990088e+01	687	8.466420e-01	7.000000e-01	
7.000262e+01	688	3.401018e+01	1.998133e+02	7.000262e+01	688	8.545476e-01	7.000000e-01	
7.010437e+01	689	1.816292e+01	2.233151e+02	7.010437e+01	689	9.247844e-01	7.000000e-01	
7.020612e+01	690	3.662761e+01	2.330890e+02	7.020612e+01	690	8.641997e-01	7.000000e-01	
7.030787e+01	691	3.014241e+01	2.103931e+02	7.030787e+01	691	8.746862e-01	7.000000e-01	
7.040962e+01	692	2.767114e+01	2.506614e+02	7.040962e+01	692	9.005824e-01	7.000000e-01	
7.051136e+01	693	2.772473e+01	2.294426e+02	7.051136e+01	693	8.921919e-01	7.000000e-01	
7.061311e+01	694	2.160656e+01	2.269952e+02	7.061311e+01	694	9.130877e-01	7.000000e-01	
7.071486e+01	695	3.018916e+01	2.282396e+02	7.071486e+01	695	8.831819e-01	7.000000e-01	
7.081661e+01	696	2.991220e+01	2.291058e+02	7.081661e+01	696	8.845169e-01	7.000000e-01	
7.091836e+01	697	4.092740e+01	2.518302e+02	7.091836e+01	697	8.602004e-01	7.000000e-01	
7.102010e+01	698	2.592159e+01	2.514357e+02	7.102010e+01	698	9.065408e-01	7.000000e-01	
7.112185e+01	699	2.404713e+01	2.408349e+02	7.112185e+01	699	9.092157e-01	7.000000e-01	
7.122360e+01	700	4.433732e+01	2.423833e+02	7.122360e+01	700	8.453640e-01	7.000000e-01	
7.132535e+01	701	1.981833e+01	2.339099e+02	7.132535e+01	701	9.218915e-01	7.000000e-01	
7.142710e+01	702	3.431398e+01	2.401034e+02	7.142710e+01	702	8.749570e-01	7.000000e-01	
7.152884e+01	703	5.948482e+01	2.555555e+02	7.152884e+01	703	8.111835e-01	7.000000e-01	
7.163059e+01	704	3.845866e+01	2.311107e+02	7.163059e+01	704	8.573330e-01	7.000000e-01	
7.173234e+01	705	2.939297e+01	2.268176e+02	7.173234e+01	705	8.852781e-01	7.000000e-01	
7.183409e+01	706	4.110342e+01	2.142823e+02	7.183409e+01	706	8.390536e-01	7.000000e-01	
7.193584e+01	707	4.418229e+01	2.481321e+02	7.193584e+01	707	8.488535e-01	7.000000e-01	
7.203758e+01	708	2.841782e+01	2.430931e+02	7.203758e+01	708	8.953345e-01	7.000000e-01	
7.213933e+01	709	3.909602e+01	2.494446e+02	7.213933e+01	709	8.645043e-01	7.000000e-01	
7.224108e+01	710	2.510190e+01	1.960612e+02	7.224108e+01	710	8.865005e-01	7.000000e-01	
7.234283e+01	711	3.539975e+01	2.466317e+02	7.234283e+01	711	8.744830e-01	7.000000e-01	
7.244458e+01	712	4.596489e+01	2.509698e+02	7.244458e+01	712	8.452020e-01	7.000000e-01	
7.254632e+01	713	1.777351e+01	2.172609e+02	7.254632e+01	713	9.243791e-01	7.000000e-01	
7.264807e+01	714	1.671124e+01	2.272259e+02	7.264807e+01	714	9.314937e-01	7.000000e-01	
7.274982e+01	715	2.535385e+01	2.075937e+02	7.274982e+01	715	8.911607e-01	7.000000e-01	
7.285157e+01	716	2.477328e+01	2.153591e+02	7.285157e+01	716	8.968349e-01	7.000000e-01	
7.295332e+01	717	2.610746e+01	2.112712e+02	7.295332e+01	717	8.900177e-01	7.000000e-01	
7.305506e+01	718	3.234228e+01	2.289106e+02	7.305506e+01	718	8.762032e-01	7.000000e-01	
7.315681e+01	719	2.083136e+01	1.942597e+02	7.315681e+01	719	9.031510e-01	7.000000e-01	
7.325856e+01	720	1.835549e+01	2.085769e+02	7.325856e+01	720	9.191147e-01	7.000000e-01	
7.336031e+01	721	1.441924e+01	2.410569e+02	7.336031e+01	721	9.435593e-01	7.000000e-01	
7.346206e+01	722	3.705837e+01	2.194580e+02	7.346206e+01	722	8.555321e-01	7.000000e-01	
7.356380e+01	723	2.450862e+01	2.196470e+02	7.356380e+01	723	8.996189e-01	7.000000e-01	
7.366555e+01	724	3.481321e+01	2.630311e+02	7.366555e+01	724	8.831161e-01	7.000000e-01	
7.376730e+01	725	3.630020e+01	2.494155e+02	7.376730e+01	725	8.729499e-01	7.000000e-01	
7.386905e+01	726	3.511623e+01	2.199846e+02	7.386905e+01	726	8.623437e-01	7.000000e-01	
7.397080e+01	727	3.481332e+01	2.108117e+02	7.397080e+01	727	8.582664e-01	7.000000e-01	
7.407254e+01	728	2.860348e+01	2.701808e+02	7.407254e+01	728	9.042671e-01	7.000000e-01	
7.417429e+01	729	3.237782e+01	2.700877e+02	7.417429e+01	729	8.929537e-01	7.000000e-01	
7.427604e+01	730	3.656292e+01	2.487891e+02	7.427604e+01	730	8.718673e-01	7.000000e-01	
7.437779e+01	731	3.406790e+01	2.728134e+02	7.437779e+01	731	8.889867e-01	7.000000e-01	
7.447954e+01	732	3.803470e+01	3.159510e+02	7.447954e+01	732	8.925530e-01	7.000000e-01	
7.458128e+01	733	3.236004e+01	2.711603e+02	7.458128e+01	733	8.933843e-01	7.000000e-01	
7.468303e+01	734	2.074688e+01	2.431621e+02	7.468303e+01	734	9.213862e-01	7.000000e-01	
7.478478e+01	735	2.812748e+01	2.737016e+02	7.478478e+01	735	9.068099e-01	7.000000e-01	
7.488653e+01	736	2.033808e+01	2.625046e+02	7.488653e+01	736	9.280940e-01	7.000000e-01	
7.498828e+01	737	1.720784e+01	2.694293e+02	7.498828e+01	737	9.399665e-01	7.000000e-01	
7.509002e+01	738	2.785780e+01	2.642410e+02	7.509002e+01	738	9.046288e-01	7.000000e-01	
7.519177e+01	739	2.582686e+01	2.609775e+02	7.519177e+01	739	9.099496e-01	7.000000e-01	
7.529352e+01	740	2.037824e+01	2.349447e+02	7.529352e+01	740	9.201864e-01	7.000000e-01	
7.539527e+01	741	2.389327e+01	2.477588e+02	7.539527e+01	741	9.120446e-01	7.000000e-01	
7.549702e+01	742	1.780027e+01	2.704502e+02	7.549702e+01	742	9.382472e-01	7.000000e-01	
7.559876e+01	743	6.566824e+00	3.100125e+02	7.559876e+01	743	9.792569e-01	7.000000e-01	
7.570051e+01	744	1.431128e+01	2.752680e+02	7.570051e+01	744	9.505791e-01	7.000000e-01	
7.580226e+01	745	1.656610e+01	2.505951e+02	7.580226e+01	745	9.379921e-01	7.000000e-01	
7.590401e+01	746	1.004882e+01	2.632614e+02	7.590401e+01	746	9.632329e-01	7.000000e-01	
7.600576e+01	747	1.234588e+01	2.825284e+02	7.600576e+01	747	9.581317e-01	7.000000e-01	
7.610750e+01	748	5.088103e+00	3.189825e+02	7.610750e+01	748	9.842994e-01	7.000000e-01	
7.620925e+01	749	8.176315e+00	2.744402e+02	7.620925e+01	749	9.710692e-01	7.000000e-01	
7.631100e+01	750	1.610061e+01	2.829113e+02	7.631100e+01	750	9.461540e-01	7.000000e-01	
7.641275e+01	751	1.567834e+01	2.680306e+02	7.641275e+01	751	9.447379e-01	7.000000e-01	
7.651450e+01	752	2.360542e+01	2.899035e+02	7.651450e+01	752	9.247057e-01	7.000000e-01	
7.661624e+01	753	1.446538e+01	2.236022e+02	7.661624e+01	753	9.392383e-01	7.000000e-01	
7.671799e+01	754	1.785746e+01	2.831548e+02	7.671799e+01	754	9.406753e-01	7.000000e-01	
7.681974e+01	755	9.990693e+00	2.575668e+02	7.681974e+01	755	9.626596e-01	7.000000e-01	
7.692149e+01	756	3.412343e+01	2.291194e+02	7.692149e+01	756	8.703728e-01	7.000000e-01	
7.702324e+01	757	6.018850e+01	2.202021e+02	7.702324e+01	757	7.853405e-01	7.000000e-01	
7.712498e+01	758	1.640127e+01	2.428621e+02	7.712498e+01	758	9.367390e-01	7.000000e-01	
7.722673e+01	759	3.900004e+01	2.114587e+02	7.722673e+01	759	8.442856e-01	7.000000e-01	
7.732848e+01	760	3.049739e+01	2.241097e+02	7.732848e+01	760	8.802178e-01	7.000000e-01	
7.743023e+01	761	3.609597e+01	2.159117e+02	7.743023e+01	761	8.567664e-01	7.000000e-01	
7.753198e+01	762	4.403103e+01	1.924766e+02	7.753198e+01	762	8.138283e-01	7.000000e-01	
7.763372e+01	763	5.567771e+01	2.121902e+02	7.763372e+01	763	7.921449e-01	7.000000e-01	
7.773547e+01	764	5.780704e+01	2.067286e+02	7.773547e+01	764	7.814773e-01	7.000000e-01	
7.783722e+01	765	6.519474e+00	2.297570e+02	7.783722e+01	765	9.724074e-01	7.000000e-01	
7.793897e+01	766	1.838342e+01	2.077574e+02	7.793897e+01	766	9.187081e-01	7.000000e-01	
7.804072e+01	767	2.993516e+01	2.246213e+02	7.804072e+01	767	8.824027e-01	7.000000e-01	
7.814246e+01	768	3.103564e+01	2.168209e+02	7.814246e+01	768	8.747839e-01	7.000000e-01	
7.824421e+01	769	4.412326e+01	2.161329e+02	7.824421e+01	769	8.304622e-01	7.000000e-01	
7.834596e+01	770	4.845843e+01	2.085512e+02	7.834596e+01	770	8.114529e-01	7.000000e-01	
7.844771e+01	771	2.760068e+01	2.144520e+02	7.844771e+01	771	8.859724e-01	7.000000e-01	
7.854946e+01	772	4.291640e+01	2.055408e+02	7.854946e+01	772	8.272684e-01	7.000000e-01	
7.865120e+01	773	3.888811e+01	2.382012e+02	7.865120e+01	773	8.596550e-01	7.000000e-01	
7.875295e+01	774	3.265307e+01	2.278039e+02	7.875295e+01	774	8.746316e-01	7.000000e-01	
7.885470e+01	775	4.335471e+01	2.297463e+02	7.885470e+01	775	8.412503e-01	7.000000e-01	
7.895645e+01	776	5.352038e+01	1.833672e+02	7.895645e+01	776	7.740684e-01	7.000000e-01	
7.905820e+01	777	5.036099e+01	1.886273e+02	7.905820e+01	777	7.892742e-01	7.000000e-01	
7.915994e+01	778	3.808091e+01	1.773170e+02	7.915994e+01	778	8.232067e-01	7.000000e-01	
7.926169e+01	779	4.255569e+01	2.449747e+02	7.926169e+01	779	8.519959e-01	7.000000e-01	
7.936344e+01	780	2.591660e+01	2.632454e+02	7.936344e+01	780	9.103734e-01	7.000000e-01	
7.946519e+01	781	1.675618e+01	2.764740e+02	7.946519e+01	781	9.428566e-01	7.000000e-01	
7.956694e+01	782	2.291534e+01	2.966548e+02	7.956694e+01	782	9.282932e-01	7.000000e-01	
7.966868e+01	783	4.416552e+01	2.859659e+02	7.966868e+01	783	8.662184e-01	7.000000e-01	
7.977043e+01	784	4.946112e+01	2.110535e+02	7.977043e+01	784	8.101407e-01	7.000000e-01	
7.987218e+01	785	3.646018e+01	2.477846e+02	7.987218e+01	785	8.717296e-01	7.000000e-01	
7.997393e+01	786	2.847560e+01	2.321942e+02	7.997393e+01	786	8.907599e-01	7.000000e-01	
8.007568e+01	787	4.569225e+01	2.471794e+02	8.007568e+01	787	8.439854e-01	7.000000e-01	
8.017742e+01	788	3.542458e+01	2.264921e+02	8.017742e+01	788	8.647487e-01	7.000000e-01	
8.027917e+01	789	3.479814e+01	2.178888e+02	8.027917e+01	789	8.622875e-01	7.000000e-01	
8.038092e+01	790	2.470364e+01	2.356506e+02	8.038092e+01	790	9.051153e-01	7.000000e-01	
8.048267e+01	791	1.728664e+01	2.380525e+02	8.048267e+01	791	9.322993e-01	7.000000e-01	
8.058442e+01	792	3.582420e+01	1.988683e+02	8.058442e+01	792	8.473569e-01	7.000000e-01	
8.068616e+01	793	4.397049e+01	2.400371e+02	8.068616e+01	793	8.451785e-01	7.000000e-01	
8.078791e+01	794	3.355815e+01	2.655443e+02	8.078791e+01	794	8.878038e-01	7.000000e-01	
8.088966e+01	795	2.127968e+01	2.045366e+02	8.088966e+01	795	9.057655e-01	7.000000e-01	
8.099141e+01	796	2.915492e+01	1.886221e+02	8.099141e+01	796	8.661249e-01	7.000000e-01	
8.109316e+01	797	2.947368e+01	1.745877e+02	8.109316e+01	797	8.555646e-01	7.000000e-01	
8.119490e+01	798	3.476927e+01	1.655277e+02	8.119490e+01	798	8.264114e-01	7.000000e-01	
8.129665e+01	799	3.189244e+01	1.814502e+02	8.129665e+01	799	8.505107e-01	7.000000e-01	
8.139840e+01	800	2.540118e+01	1.887266e+02	8.139840e+01	800	8.813737e-01	7.000000e-01	
8.150015e+01	801	3.616936e+01	1.555160e+02	8.150015e+01	801	8.113087e-01	7.000000e-01	
8.160190e+01	802	2.525590e+01	2.082627e+02	8.160190e+01	802	8.918463e-01	7.000000e-01	
8.170364e+01	803	2.986901e+01	1.734445e+02	8.170364e+01	803	8.530889e-01	7.000000e-01	
8.180539e+01	804	2.229220e+01	2.132059e+02	8.180539e+01	804	9.053402e-01	7.000000e-01	
8.190714e+01	805	2.966545e+01	1.971124e+02	8.190714e+01	805	8.691872e-01	7.000000e-01	
8.200889e+01	806	2.440677e+01	2.142604e+02	8.200889e+01	806	8.977372e-01	7.000000e-01	
8.211064e+01	807	3.001605e+01	1.745260e+02	8.211064e+01	807	8.532524e-01	7.000000e-01	
8.221238e+01	808	1.537488e+01	2.303627e+02	8.221238e+01	808	9.374337e-01	7.000000e-01	
8.231413e+01	809	1.271771e+01	2.386766e+02	8.231413e+01	809	9.494113e-01	7.000000e-01	
8.241588e+01	810	1.595746e+01	2.365585e+02	8.241588e+01	810	9.368061e-01	7.000000e-01	
8.251763e+01	811	1.208949e+01	2.191913e+02	8.251763e+01	811	9.477281e-01	7.000000e-01	
8.261938e+01	812	2.362977e+01	2.184033e+02	8.261938e+01	812	9.023697e-01	7.000000e-01	
8.272112e+01	813	2.898982e+01	1.759099e+02	8.272112e+01	813	8.585170e-01	7.000000e-01	
8.282287e+01	814	2.237056e+01	2.184920e+02	8.282287e+01	814	9.071231e-01	7.000000e-01	
8.292462e+01	815	2.564777e+01	2.449419e+02	8.292462e+01	815	9.052153e-01	7.000000e-01	
8.302637e+01	816	9.410766e+00	2.583350e+02	8.302637e+01	816	9.648519e-01	7.000000e-01	
8.312812e+01	817	-1.658236e+01	2.635813e+02	8.312812e+01	817	1.067135e+00	7.000000e-01	
8.322986e+01	818	2.769715e+01	2.345091e+02	8.322986e+01	818	8.943688e-01	7.000000e-01	
8.333161e+01	819	1.979245e+01	2.359180e+02	8.333161e+01	819	9.225982e-01	7.000000e-01	
8.343336e+01	820	1.245879e+01	2.449516e+02	8.343336e+01	820	9.515995e-01	7.000000e-01	
8.353511e+01	821	1.736720e+01	2.538560e+02	8.353511e+01	821	9.359671e-01	7.000000e-01	
8.363686e+01	822	2.302807e+01	2.245468e+02	8.363686e+01	822	9.069854e-01	7.000000e-01	
8.373860e+01	823	2.553179e+01	2.363194e+02	8.373860e+01	823	9.024950e-01	7.000000e-01	
8.384035e+01	824	2.394377e+01	2.374771e+02	8.384035e+01	824	9.084091e-01	7.000000e-01	
8.394210e+01	825	8.243709e+00	1.901991e+02	8.394210e+01	825	9.584580e-01	7.000000e-01	
8.404385e+01	826	1.234004e+01	2.149019e+02	8.404385e+01	826	9.456965e-01	7.000000e-01	
8.414560e+01	827	1.473354e+00	1.743975e+02	8.414560e+01	827	9.916225e-01	7.000000e-01	
8.424734e+01	828	-2.876509e+00	2.125010e+02	8.424734e+01	828	1.013722e+00	7.000000e-01	
8.434909e+01	829	1.198882e+01	2.247022e+02	8.434909e+01	829	9.493482e-01	7.000000e-01	
8.445084e+01	830	8.526535e+00	1.886658e+02	8.445084e+01	830	9.567603e-01	7.000000e-01	
8.455259e+01	831	1.279888e+01	2.327760e+02	8.455259e+01	831	9.478820e-01	7.000000e-01	
8.465434e+01	832	2.848238e+01	2.728452e+02	8.465434e+01	832	9.054770e-01	7.000000e-01	
8.475608e+01	833	1.098809e+01	2.106427e+02	8.475608e+01	833	9.504216e-01	7.000000e-01	
8.485783e+01	834	1.690232e+01	2.366701e+02	8.485783e+01	834	9.333432e-01	7.000000e-01	
8.495958e+01	835	1.657012e+01	2.171863e+02	8.495958e+01	835	9.291137e-01	7.000000e-01	
8.506133e+01	836	7.241855e+00	2.263857e+02	8.506133e+01	836	9.690026e-01	7.000000e-01	
8.516308e+01	837	1.673556e+01	2.432911e+02	8.516308e+01	837	9.356391e-01	7.000000e-01	
8.526482e+01	838	1.128083e+01	2.333478e+02	8.526482e+01	838	9.538859e-01	7.000000e-01	
8.536657e+01	839	1.104982e+01	2.299304e+02	8.536657e+01	839	9.541464e-01	7.000000e-01	
8.546832e+01	840	1.418402e+01	2.179540e+02	8.546832e+01	840	9.388983e-01	7.000000e-01	
8.557007e+01	841	-3.944837e+00	1.945424e+02	8.557007e+01	841	1.020697e+00	7.000000e-01	
8.567182e+01	842	1.627338e+01	2.257625e+02	8.567182e+01	842	9.327646e-01	7.000000e-01	
8.577356e+01	843	4.342123e+00	1.794146e+02	8.577356e+01	843	9.763703e-01	7.000000e-01	
8.587531e+01	844	6.804523e+00	2.009423e+02	8.587531e+01	844	9.672461e-01	7.000000e-01	
8.597706e+01	845	1.506694e+01	1.888202e+02	8.597706e+01	845	9.261016e-01	7.000000e-01	
8.607881e+01	846	2.347833e+00	1.819545e+02	8.607881e+01	846	9.872610e-01	7.000000e-01	
8.618056e+01	847	9.652106e+00	1.830255e+02	8.618056e+01	847	9.499054e-01	7.000000e-01	
8.628230e+01	848	6.009399e+00	1.557927e+02	8.628230e+01	848	9.628596e-01	7.000000e-01	
8.638405e+01	849	2.224609e+01	2.161461e+02	8.638405e+01	849	9.066828e-01	7.000000e-01	
8.648580e+01	850	5.738503e+00	1.894347e+02	8.648580e+01	850	9.705979e-01	7.000000e-01	
8.658755e+01	851	1.471794e+01	2.009686e+02	8.658755e+01	851	9.317624e-01	7.000000e-01	
8.668930e+01	852	2.333236e+01	2.184143e+02	8.668930e+01	852	9.034843e-01	7.000000e-01	
8.679104e+01	853	3.284192e+01	2.350259e+02	8.679104e+01	853	8.773951e-01	7.000000e-01	
8.689279e+01	854	1.990426e+01	2.133678e+02	8.689279e+01	854	9.146736e-01	7.000000e-01	
8.699454e+01	855	2.522620e+01	2.222998e+02	8.699454e+01	855	8.980867e-01	7.000000e-01	
8.709629e+01	856	1.977566e+01	2.151828e+02	8.709629e+01	856	9.158334e-01	7.000000e-01	
8.719804e+01	857	2.460118e+01	2.041514e+02	8.719804e+01	857	8.924551e-01	7.000000e-01	
8.729978e+01	858	2.282500e+01	2.237842e+02	8.729978e+01	858	9.074447e-01	7.000000e-01	
8.740153e+01	859	1.738498e+01	2.270973e+02	8.740153e+01	859	9.288906e-01	7.000000e-01	
8.750328e+01	860	4.524533e+01	2.457481e+02	8.750328e+01	860	8.445143e-01	7.000000e-01	
8.760503e+01	861	2.134527e+01	2.218323e+02	8.760503e+01	861	9.122235e-01	7.000000e-01	
8.770678e+01	862	3.247639e+01	2.145064e+02	8.770678e+01	862	8.685075e-01	7.000000e-01	
8.780852e+01	863	1.099974e+01	2.185676e+02	8.780852e+01	863	9.520849e-01	7.000000e-01	
8.791027e+01	864	9.900230e+00	2.039408e+02	8.791027e+01	864	9.537029e-01	7.000000e-01	
8.801202e+01	865	1.791959e+01	2.038954e+02	8.801202e+01	865	9.192138e-01	7.000000e-01	
8.811377e+01	866	1.148434e+01	2.478212e+02	8.811377e+01	866	9.557112e-01	7.000000e-01	
8.821552e+01	867	3.383272e+00	1.818639e+02	8.821552e+01	867	9.817364e-01	7.000000e-01	
8.831726e+01	868	1.776016e+01	2.063575e+02	8.831726e+01	868	9.207552e-01	7.000000e-01	
8.841901e+01	869	3.067804e+01	2.315470e+02	8.841901e+01	869	8.830087e-01	7.000000e-01	
8.852076e+01	870	1.754451e+01	2.076919e+02	8.852076e+01	870	9.221062e-01	7.000000e-01	
8.862251e+01	871	1.352113e+01	1.946344e+02	8.862251e+01	871	9.350431e-01	7.000000e-01	
8.872426e+01	872	1.950643e+01	2.482932e+02	8.872426e+01	872	9.271604e-01	7.000000e-01	
8.882600e+01	873	2.192659e+01	2.445194e+02	8.882600e+01	873	9.177072e-01	7.000000e-01	
8.892775e+01	874	1.161569e+01	2.666327e+02	8.892775e+01	874	9.582542e-01	7.000000e-01	
8.902950e+01	875	2.012324e+01	2.443897e+02	8.902950e+01	875	9.239234e-01	7.000000e-01	
8.913125e+01	876	3.363131e+01	2.145131e+02	8.913125e+01	876	8.644688e-01	7.000000e-01	
8.923300e+01	877	3.048678e+01	2.110129e+02	8.923300e+01	877	8.737606e-01	7.000000e-01	
8.933474e+01	878	2.962496e+01	2.299349e+02	8.933474e+01	878	8.858646e-01	7.000000e-01	
8.943649e+01	879	3.299851e+01	2.254568e+02	8.943649e+01	879	8.723241e-01	7.000000e-01	
8.953824e+01	880	3.424293e+01	2.029207e+02	8.953824e+01	880	8.556148e-01	7.000000e-01	
8.963999e+01	881	3.820968e+01	2.301920e+02	8.963999e+01	881	8.576399e-01	7.000000e-01	
8.974174e+01	882	3.279159e+01	2.150146e+02	8.974174e+01	882	8.676724e-01	7.000000e-01	
8.984348e+01	883	2.930219e+01	2.153019e+02	8.984348e+01	883	8.802056e-01	7.000000e-01	
8.994523e+01	884	3.582869e+01	2.340428e+02	8.994523e+01	884	8.672380e-01	7.000000e-01	
9.004698e+01	885	4.224830e+01	2.512206e+02	9.004698e+01	885	8.560382e-01	7.000000e-01	
9.014873e+01	886	3.922145e+01	2.300532e+02	9.014873e+01	886	8.543441e-01	7.000000e-01	
9.025048e+01	887	2.545032e+01	2.258823e+02	9.025048e+01	887	8.987385e-01	7.000000e-01	
9.035222e+01	888	3.188925e+01	2.268922e+02	9.035222e+01	888	8.767715e-01	7.000000e-01	
9.045397e+01	889	2.459472e+01	2.079925e+02	9.045397e+01	889	8.942559e-01	7.000000e-01	
9.055572e+01	890	2.454715e+01	2.476526e+02	9.055572e+01	890	9.098194e-01	7.000000e-01	
9.065747e+01	891	2.079829e+01	1.996279e+02	9.065747e+01	891	9.056451e-01	7.000000e-01	
9.075922e+01	892	1.068443e+01	2.543742e+02	9.075922e+01	892	9.596903e-01	7.000000e-01	
9.086096e+01	893	2.171124e+01	2.058640e+02	9.086096e+01	893	9.045975e-01	7.000000e-01	
9.096271e+01	894	1.614695e+01	1.667162e+02	9.096271e+01	894	9.116993e-01	7.000000e-01	
9.106446e+01	895	1.731706e+01	1.791751e+02	9.106446e+01	895	9.118690e-01	7.000000e-01	
9.116621e+01	896	1.357387e+01	1.923005e+02	9.116621e+01	896	9.340672e-01	7.000000e-01	
9.126796e+01	897	1.438343e+01	1.568427e+02	9.126796e+01	897	9.159975e-01	7.000000e-01	
9.136970e+01	898	2.526030e+01	1.964133e+02	9.136970e+01	898	8.860473e-01	7.000000e-01	
9.147145e+01	899	2.782040e+01	1.896730e+02	9.147145e+01	899	8.720862e-01	7.000000e-01	
9.157320e+01	900	5.894409e+01	2.131972e+02	9.157320e+01	900	7.834063e-01	7.000000e-01	
9.167495e+01	901	3.180727e+01	1.945510e+02	9.167495e+01	901	8.594826e-01	7.000000e-01	
9.177670e+01	902	4.837251e+01	1.676752e+02	9.177670e+01	902	7.761026e-01	7.000000e-01	
9.187844e+01	903	6.299670e+01	2.456990e+02	9.187844e+01	903	7.959262e-01	7.000000e-01	
9.198019e+01	904	6.122401e+01	2.465935e+02	9.198019e+01	904	8.011029e-01	7.000000e-01	
9.208194e+01	905	5.936295e+01	2.194914e+02	9.208194e+01	905	7.871184e-01	7.000000e-01	
9.218369e+01	906	5.850016e+01	2.339869e+02	9.218369e+01	906	7.999906e-01	7.000000e-01	
9.228544e+01	907	5.560851e+01	2.137261e+02	9.228544e+01	907	7.935337e-01	7.000000e-01	
9.238718e+01	908	6.268413e+01	2.351611e+02	9.238718e+01	908	7.895413e-01	7.000000e-01	
9.248893e+01	909	5.935308e+01	2.313426e+02	9.248893e+01	909	7.958240e-01	7.000000e-01	
9.259068e+01	910	6.178926e+01	2.419345e+02	9.259068e+01	910	7.965610e-01	7.000000e-01	
9.269243e+01	911	4.562002e+01	2.339718e+02	9.269243e+01	911	8.368335e-01	7.000000e-01	
9.279418e+01	912	5.914688e+01	2.570458e+02	9.279418e+01	912	8.129404e-01	7.000000e-01	
9.289592e+01	913	3.385055e+01	2.305085e+02	9.289592e+01	913	8.719524e-01	7.000000e-01	
9.299767e+01	914	5.269094e+01	2.377926e+02	9.299767e+01	914	8.186096e-01	7.000000e-01	
9.309942e+01	915	8.610705e+01	2.258063e+02	9.309942e+01	915	7.239392e-01	7.000000e-01	
9.320117e+01	916	4.817508e+01	2.355097e+02	9.320117e+01	916	8.301809e-01	7.000000e-01	
9.330292e+01	917	4.894882e+01	2.390045e+02	9.330292e+01	917	8.300113e-01	7.000000e-01	
9.340466e+01	918	5.968361e+01	2.265054e+02	9.340466e+01	918	7.914539e-01	7.000000e-01	
9.350641e+01	919	5.467415e+01	2.642173e+02	9.350641e+01	919	8.285493e-01	7.000000e-01	
9.360816e+01	920	5.481891e+01	2.308823e+02	9.360816e+01	920	8.081250e-01	7.000000e-01	
9.370991e+01	921	6.108947e+01	2.881179e+02	9.370991e+01	921	8.250625e-01	7.000000e-01	
9.381166e+01	922	5.206047e+01	2.298987e+02	9.381166e+01	922	8.153617e-01	7.000000e-01	
9.391340e+01	923	5.796362e+01	2.959433e+02	9.391340e+01	923	8.362179e-01	7.000000e-01	
9.401515e+01	924	5.714904e+01	2.574206e+02	9.401515e+01	924	8.183263e-01	7.000000e-01	
9.411690e+01	925	5.696145e+01	3.007559e+02	9.411690e+01	925	8.407641e-01	7.000000e-01	
9.421865e+01	926	4.725260e+01	2.566824e+02	9.421865e+01	926	8.445306e-01	7.000000e-01	
9.432040e+01	927	6.418344e+01	3.075240e+02	9.432040e+01	927	8.273281e-01	7.000000e-01	
9.442214e+01	928	4.555454e+01	3.162322e+02	9.442214e+01	928	8.740846e-01	7.000000e-01	
9.452389e+01	929	6.390444e+01	2.894970e+02	9.452389e+01	929	8.191732e-01	7.000000e-01	
9.462564e+01	930	6.545256e+01	3.109500e+02	9.462564e+01	930	8.261102e-01	7.000000e-01	
9.472739e+01	931	4.676722e+01	3.261505e+02	9.472739e+01	931	8.745910e-01	7.000000e-01	
9.482914e+01	932	2.906400e+01	2.704062e+02	9.482914e+01	932	9.029486e-01	7.000000e-01	
9.493088e+01	933	4.303573e+01	2.949561e+02	9.493088e+01	933	8.726723e-01	7.000000e-01	
9.503263e+01	934	3.747838e+01	3.383139e+02	9.503263e+01	934	9.002684e-01	7.000000e-01	
9.513438e+01	935	4.950503e+01	3.051572e+02	9.513438e+01	935	8.604164e-01	7.000000e-01	
9.523613e+01	936	5.107460e+01	2.414791e+02	9.523613e+01	936	8.254180e-01	7.000000e-01	
9.533788e+01	937	7.097089e+01	2.719112e+02	9.533788e+01	937	7.930166e-01	7.000000e-01	
9.543962e+01	938	5.425543e+01	3.092280e+02	9.543962e+01	938	8.507348e-01	7.000000e-01	
9.554137e+01	939	4.877478e+01	2.591214e+02	9.554137e+01	939	8.415869e-01	7.000000e-01	
9.564312e+01	940	4.244857e+01	2.835509e+02	9.564312e+01	940	8.697895e-01	7.000000e-01	
9.574487e+01	941	4.906097e+01	2.595759e+02	9.574487e+01	941	8.410398e-01	7.000000e-01	
9.584662e+01	942	5.550738e+01	2.585955e+02	9.584662e+01	942	8.232828e-01	7.000000e-01	
9.594836e+01	943	3.610299e+01	2.660561e+02	9.594836e+01	943	8.805166e-01	7.000000e-01	
9.605011e+01	944	2.949993e+01	2.641278e+02	9.605011e+01	944	8.995329e-01	7.000000e-01	
9.615186e+01	945	1.397044e+01	2.657274e+02	9.615186e+01	945	9.500517e-01	7.000000e-01	
9.625361e+01	946	3.989914e+01	2.550122e+02	9.625361e+01	946	8.647080e-01	7.000000e-01	
9.635536e+01	947	7.165248e+01	2.599509e+02	9.635536e+01	947	7.839211e-01	7.000000e-01	
9.645710e+01	948	9.246404e+01	2.397077e+02	9.645710e+01	948	7.216378e-01	7.000000e-01	
9.655885e+01	949	7.613305e+01	2.374479e+02	9.655885e+01	949	7.572140e-01	7.000000e-01	
9.666060e+01	950	7.984214e+01	2.447375e+02	9.666060e+01	950	7.540137e-01	7.000000e-01	
9.676235e+01	951	7.841415e+01	3.009339e+02	9.676235e+01	951	7.932923e-01	7.000000e-01	
9.686410e+01	952	7.571794e+01	2.812103e+02	9.686410e+01	952	7.878623e-01	7.000000e-01	
9.696584e+01	953	7.895875e+01	2.974510e+02	9.696584e+01	953	7.902319e-01	7.000000e-01	
9.706759e+01	954	7.759020e+01	2.993681e+02	9.706759e+01	954	7.941677e-01	7.000000e-01	
9.716934e+01	955	6.416301e+01	3.306162e+02	9.716934e+01	955	8.374712e-01	7.000000e-01	
9.727109e+01	956	5.235714e+01	2.812120e+02	9.727109e+01	956	8.430396e-01	7.000000e-01	
9.737284e+01	957	6.293621e+01	2.824419e+02	9.737284e+01	957	8.177759e-01	7.000000e-01	
9.747458e+01	958	3.931898e+01	2.698167e+02	9.747458e+01	958	8.728100e-01	7.000000e-01	
9.757633e+01	959	3.882103e+01	2.650267e+02	9.757633e+01	959	8.722352e-01	7.000000e-01	
9.767808e+01	960	2.448242e+01	2.672123e+02	9.767808e+01	960	9.160683e-01	7.000000e-01	
9.777983e+01	961	1.943381e+01	2.888137e+02	9.777983e+01	961	9.369539e-01	7.000000e-01	
9.788158e+01	962	4.504436e+01	2.450884e+02	9.788158e+01	962	8.447457e-01	7.000000e-01	
9.798332e+01	963	3.669614e+01	2.703891e+02	9.798332e+01	963	8.805018e-01	7.000000e-01	
9.808507e+01	964	1.945024e+01	2.888836e+02	9.808507e+01	964	9.369182e-01	7.000000e-01	
9.818682e+01	965	4.504430e+01	2.226624e+02	9.818682e+01	965	8.317401e-01	7.000000e-01	
9.828857e+01	966	7.427125e+01	2.717660e+02	9.828857e+01	966	7.853663e-01	7.000000e-01	
9.839032e+01	967	7.039496e+01	2.427165e+02	9.839032e+01	967	7.751760e-01	7.000000e-01	
9.849206e+01	968	4.621655e+01	2.038799e+02	9.849206e+01	968	8.152051e-01	7.000000e-01	
9.859381e+01	969	5.685468e+01	2.626666e+02	9.859381e+01	969	8.220629e-01	7.000000e-01	
9.869556e+01	970	1.546265e+01	1.895666e+02	9.869556e+01	970	9.245832e-01	7.000000e-01	
9.879731e+01	971	1.980069e+01	1.562114e+02	9.879731e+01	971	8.875038e-01	7.000000e-01	
9.889906e+01	972	4.029213e+01	2.100225e+02	9.889906e+01	972	8.390341e-01	7.000000e-01	
9.900080e+01	973	2.493837e+01	1.929688e+02	9.900080e+01	973	8.855551e-01	7.000000e-01	
9.910255e+01	974	6.887214e+01	2.412270e+02	9.910255e+01	974	7.779028e-01	7.000000e-01	
9.920430e+01	975	7.138654e+01	2.493631e+02	9.920430e+01	975	7.774384e-01	7.000000e-01	
9.930605e+01	976	4.942825e+01	2.213784e+02	9.930605e+01	976	8.174777e-01	7.000000e-01	
9.940780e+01	977	3.661173e+01	2.114592e+02	9.940780e+01	977	8.524143e-01	7.000000e-01	
9.950954e+01	978	6.147755e+01	2.653291e+02	9.950954e+01	978	8.118840e-01	7.000000e-01	
9.961129e+01	979	6.005858e+01	2.357286e+02	9.961129e+01	979	7.969534e-01	7.000000e-01	
9.971304e+01	980	6.426347e+01	2.462878e+02	9.971304e+01	980	7.930665e-01	7.000000e-01	
9.981479e+01	981	7.953459e+01	2.454988e+02	9.981479e+01	981	7.553033e-01	7.000000e-01	
9.991654e+01	982	6.924637e+01	2.295580e+02	9.991654e+01	982	7.682552e-01	7.000000e-01	
1.000183e+02	983	5.606527e+01	3.012177e+02	1.000183e+02	983	8.430788e-01	7.000000e-01	
1.001200e+02	984	5.577665e+01	2.719240e+02	1.001200e+02	984	8.297939e-01	7.000000e-01	
1.002218e+02	985	7.601964e+01	2.776244e+02	1.002218e+02	985	7.850391e-01	7.000000e-01	
1.003235e+02	986	6.641714e+01	2.786060e+02	1.003235e+02	986	8.074995e-01	7.000000e-01	
1.004253e+02	987	6.304126e+01	2.684798e+02	1.004253e+02	987	8.098424e-01	7.000000e-01	
1.005270e+02	988	5.690440e+01	2.989803e+02	1.005270e+02	988	8.401044e-01	7.000000e-01	
1.006288e+02	989	4.831519e+01	2.939851e+02	1.006288e+02	989	8.588514e-01	7.000000e-01	
1.007305e+02	990	8.561837e+01	2.683662e+02	1.007305e+02	990	7.581297e-01	7.000000e-01	
1.008323e+02	991	1.928038e+01	2.870472e+02	1.008323e+02	991	9.370596e-01	7.000000e-01	
1.009340e+02	992	5.344906e+01	2.937919e+02	1.009340e+02	992	8.460750e-01	7.000000e-01	
1.010358e+02	993	5.957364e+01	2.780475e+02	1.010358e+02	993	8.235488e-01	7.000000e-01	
1.011375e+02	994	6.698047e+01	3.357546e+02	1.011375e+02	994	8.336860e-01	7.000000e-01	
1.012393e+02	995	5.859899e+01	2.962519e+02	1.012393e+02	995	8.348631e-01	7.000000e-01	
1.013410e+02	996	4.380633e+01	3.029252e+02	1.013410e+02	996	8.736592e-01	7.000000e-01	
1.014428e+02	997	6.613969e+01	2.634160e+02	1.014428e+02	997	7.993065e-01	7.000000e-01	
1.015445e+02	998	7.521999e+01	2.651459e+02	1.015445e+02	998	7.790026e-01	7.000000e-01	
1.016463e+02	999	9.682084e+01	2.066936e+02	1.016463e+02	999	6.810009e-01	7.000000e-01	
1.017480e+02	1000	5.428090e+01	3.131736e+02	1.017480e+02	1000	8.522786e-01	7.000000e-01	
1.018497e+02	1001	5.347250e+01	2.937062e+02	1.018497e+02	1001	8.459799e-01	7.000000e-01	
1.019515e+02	1002	6.173181e+01	3.001012e+02	1.019515e+02	1002	8.293914e-01	7.000000e-01	
1.020532e+02	1003	6.299808e+01	3.049066e+02	1.020532e+02	1003	8.287652e-01	7.000000e-01	
1.021550e+02	1004	7.007734e+01	2.995633e+02	1.021550e+02	1004	8.104177e-01	7.000000e-01	
1.022567e+02	1005	6.599989e+01	2.564605e+02	1.022567e+02	1005	7.953240e-01	7.000000e-01	
1.023585e+02	1006	5.911887e+01	3.159079e+02	1.023585e+02	1006	8.423609e-01	7.000000e-01	
1.024602e+02	1007	6.778238e+01	3.541210e+02	1.024602e+02	1007	8.393415e-01	7.000000e-01	
1.025620e+02	1008	5.506242e+01	2.950472e+02	1.025620e+02	1008	8.427281e-01	7.000000e-01	
1.026637e+02	1009	5.468258e+01	2.879988e+02	1.026637e+02	1009	8.404273e-01	7.000000e-01	
1.027655e+02	1010	6.116345e+01	3.755138e+02	1.027655e+02	1010	8.599344e-01	7.000000e-01	
1.028672e+02	1011	5.188724e+01	3.514847e+02	1.028672e+02	1011	8.713663e-01	7.000000e-01	
1.029690e+02	1012	4.622084e+01	4.053727e+02	1.029690e+02	1012	8.976495e-01	7.000000e-01	
1.030707e+02	1013	3.625477e+01	4.018811e+02	1.030707e+02	1013	9.172522e-01	7.000000e-01	
1.031725e+02	1014	3.553010e+01	3.567897e+02	1.031725e+02	1014	9.094359e-01	7.000000e-01	
1.032742e+02	1015	6.036098e+01	3.808863e+02	1.032742e+02	1015	8.632037e-01	7.000000e-01	
1.033760e+02	1016	4.378075e+01	3.265090e+02	1.033760e+02	1016	8.817662e-01	7.000000e-01	
1.034777e+02	1017	5.794204e+01	3.801761e+02	1.034777e+02	1017	8.677479e-01	7.000000e-01	
1.035795e+02	1018	3.922825e+01	3.435716e+02	1.035795e+02	1018	8.975228e-01	7.000000e-01	
1.036812e+02	1019	5.398854e+01	3.243803e+02	1.036812e+02	1019	8.573124e-01	7.000000e-01	
1.037830e+02	1020	5.011225e+01	3.406910e+02	1.037830e+02	1020	8.717712e-01	7.000000e-01	
1.038847e+02	1021	3.881225e+01	3.527310e+02	1.038847e+02	1021	9.008737e-01	7.000000e-01	
1.039865e+02	1022	5.948694e+01	2.969351e+02	1.039865e+02	1022	8.330997e-01	7.000000e-01	
1.040882e+02	1023	3.348065e+01	3.400808e+02	1.040882e+02	1023	9.103745e-01	7.000000e-01	
1.041900e+02	1024	5.291406e+01	2.749871e+02	1.041900e+02	1024	8.386280e-01	7.000000e-01	
1.042917e+02	1025	4.947412e+01	3.285921e+02	1.042917e+02	1025	8.691390e-01	7.000000e-01	
1.043934e+02	1026	6.154352e+01	2.515805e+02	1.043934e+02	1026	8.034532e-01	7.000000e-01	
1.044952e+02	1027	5.304789e+01	3.296790e+02	1.044952e+02	1027	8.613949e-01	7.000000e-01	
1.045969e+02	1028	6.370804e+01	3.117197e+02	1.045969e+02	1028	8.303055e-01	7.000000e-01	
1.046987e+02	1029	5.155393e+01	2.539261e+02	1.046987e+02	1029	8.312363e-01	7.000000e-01	
1.048004e+02	1030	5.959943e+01	2.967315e+02	1.048004e+02	1030	8.327414e-01	7.000000e-01	
1.049022e+02	1031	5.161155e+01	2.764583e+02	1.049022e+02	1031	8.426812e-01	7.000000e-01	
1.050039e+02	1032	5.674376e+01	2.658783e+02	1.050039e+02	1032	8.241169e-01	7.000000e-01	
1.051057e+02	1033	6.593237e+01	2.291153e+02	1.051057e+02	1033	7.765366e-01	7.000000e-01	
1.052074e+02	1034	4.405666e+01	2.543235e+02	1.052074e+02	1034	8.523472e-01	7.000000e-01	
1.053092e+02	1035	5.299191e+01	2.655983e+02	1.053092e+02	1035	8.336675e-01	7.000000e-01	
1.054109e+02	1036	5.086280e+01	2.579171e+02	1.054109e+02	1036	8.352781e-01	7.000000e-01	
1.055127e+02	1037	5.459322e+01	2.503273e+02	1.055127e+02	1037	8.209592e-01	7.000000e-01	
1.056144e+02	1038	5.110256e+01	2.632412e+02	1.056144e+02	1038	8.374310e-01	7.000000e-01	
1.057162e+02	1039	5.625128e+01	2.591839e+02	1.057162e+02	1039	8.216709e-01	7.000000e-01	
1.058179e+02	1040	5.913035e+01	2.570773e+02	1.058179e+02	1040	8.130015e-01	7.000000e-01	
1.059197e+02	1041	6.089812e+01	2.883997e+02	1.059197e+02	1041	8.256556e-01	7.000000e-01	
1.060214e+02	1042	5.533624e+01	2.723864e+02	1.060214e+02	1042	8.311492e-01	7.000000e-01	
1.061232e+02	1043	5.093723e+01	2.520752e+02	1.061232e+02	1043	8.318972e-01	7.000000e-01	
1.062249e+02	1044	5.678538e+01	2.933964e+02	1.062249e+02	1044	8.378403e-01	7.000000e-01	
1.063267e+02	1045	5.647147e+01	2.913127e+02	1.063267e+02	1045	8.376250e-01	7.000000e-01	
1.064284e+02	1046	6.267647e+01	2.693197e+02	1.064284e+02	1046	8.112133e-01	7.000000e-01	
1.065302e+02	1047	7.599139e+01	3.009742e+02	1.065302e+02	1047	7.984129e-01	7.000000e-01	
1.066319e+02	1048	6.253889e+01	3.067918e+02	1.066319e+02	1048	8.306697e-01	7.000000e-01	
1.067337e+02	1049	6.642185e+01	2.921188e+02	1.067337e+02	1049	8.147439e-01	7.000000e-01	
1.068354e+02	1050	6.038011e+01	2.749191e+02	1.068354e+02	1050	8.199217e-01	7.000000e-01	
1.069371e+02	1051	7.503597e+01	2.930260e+02	1.069371e+02	1051	7.961322e-01	7.000000e-01	
1.070389e+02	1052	6.395189e+01	2.999048e+02	1.070389e+02	1052	8.242388e-01	7.000000e-01	
1.071406e+02	1053	6.168894e+01	3.020895e+02	1.071406e+02	1053	8.304217e-01	7.000000e-01	
1.072424e+02	1054	6.578258e+01	2.821931e+02	1.072424e+02	1054	8.109564e-01	7.000000e-01	
1.073441e+02	1055	6.683424e+01	2.944647e+02	1.073441e+02	1055	8.150168e-01	7.000000e-01	
1.074459e+02	1056	7.106073e+01	2.863866e+02	1.074459e+02	1056	8.011994e-01	7.000000e-01	
1.075476e+02	1057	8.176132e+01	2.884980e+02	1.075476e+02	1057	7.791782e-01	7.000000e-01	
1.076494e+02	1058	7.380079e+01	2.858236e+02	1.076494e+02	1058	7.947837e-01	7.000000e-01	
1.077511e+02	1059	7.221039e+01	3.019806e+02	1.077511e+02	1059	8.070226e-01	7.000000e-01	
1.078529e+02	1060	7.010940e+01	2.988108e+02	1.078529e+02	1060	8.099605e-01	7.000000e-01	
1.079546e+02	1061	7.972206e+01	2.525193e+02	1.079546e+02	1061	7.600478e-01	7.000000e-01	
1.080564e+02	1062	7.018898e+01	2.991681e+02	1.080564e+02	1062	8.099699e-01	7.000000e-01	
1.081581e+02	1063	4.528116e+01	2.863656e+02	1.081581e+02	1063	8.634657e-01	7.000000e-01	
1.082599e+02	1064	7.459629e+01	3.345538e+02	1.082599e+02	1064	8.176799e-01	7.000000e-01	
1.083616e+02	1065	6.692105e+01	3.257510e+02	1.083616e+02	1065	8.295752e-01	7.000000e-01	
1.084634e+02	1066	6.955108e+01	2.853836e+02	1.084634e+02	1066	8.040454e-01	7.000000e-01	
1.085651e+02	1067	5.583242e+01	3.462107e+02	1.085651e+02	1067	8.611283e-01	7.000000e-01	
1.086669e+02	1068	6.500505e+01	3.064559e+02	1.086669e+02	1068	8.250017e-01	7.000000e-01	
1.087686e+02	1069	6.500987e+01	3.132542e+02	1.087686e+02	1069	8.281363e-01	7.000000e-01	
1.088704e+02	1070	6.796218e+01	3.143457e+02	1.088704e+02	1070	8.222318e-01	7.000000e-01	
1.089721e+02	1071	5.506402e+01	3.217993e+02	1.089721e+02	1071	8.538886e-01	7.000000e-01	
1.090739e+02	1072	6.140172e+01	3.130577e+02	1.090739e+02	1072	8.360257e-01	7.000000e-01	
1.091756e+02	1073	4.779945e+01	3.420582e+02	1.091756e+02	1073	8.773926e-01	7.000000e-01	
1.092774e+02	1074	5.175614e+01	3.654354e+02	1.092774e+02	1074	8.759415e-01	7.000000e-01	
1.093791e+02	1075	4.474638e+01	3.848212e+02	1.093791e+02	1075	8.958339e-01	7.000000e-01	
1.094808e+02	1076	5.351740e+01	3.635722e+02	1.094808e+02	1076	8.716885e-01	7.000000e-01	
1.095826e+02	1077	6.140202e+01	3.314401e+02	1.095826e+02	1077	8.436980e-01	7.000000e-01	
1.096843e+02	1078	6.321717e+01	3.236843e+02	1.096843e+02	1078	8.366065e-01	7.000000e-01	
1.097861e+02	1079	5.783338e+01	3.519642e+02	1.097861e+02	1079	8.588733e-01	7.000000e-01	
1.098878e+02	1080	6.616131e+01	3.194859e+02	1.098878e+02	1080	8.284408e-01	7.000000e-01	
1.099896e+02	1081	6.218035e+01	3.213584e+02	1.099896e+02	1081	8.378773e-01	7.000000e-01	
1.100913e+02	1082	6.957061e+01	3.450340e+02	1.100913e+02	1082	8.322001e-01	7.000000e-01	
1.101931e+02	1083	5.832102e+01	3.205814e+02	1.101931e+02	1083	8.460791e-01	7.000000e-01	
1.102948e+02	1084	6.079575e+01	3.196467e+02	1.102948e+02	1084	8.401972e-01	7.000000e-01	
1.103966e+02	1085	6.178960e+01	3.305015e+02	1.103966e+02	1085	8.424904e-01	7.000000e-01	
1.104983e+02	1086	5.546273e+01	2.976968e+02	1.104983e+02	1086	8.429528e-01	7.000000e-01	
1.106001e+02	1087	7.162777e+01	3.108158e+02	1.106001e+02	1087	8.127102e-01	7.000000e-01	
1.107018e+02	1088	6.582290e+01	3.185602e+02	1.107018e+02	1088	8.287570e-01	7.000000e-01	
1.108036e+02	1089	5.923935e+01	2.922491e+02	1.108036e+02	1089	8.314615e-01	7.000000e-01	
1.109053e+02	1090	5.672293e+01	3.022849e+02	1.109053e+02	1090	8.420009e-01	7.000000e-01	
1.110071e+02	1091	5.812038e+01	3.086568e+02	1.110071e+02	1091	8.415376e-01	7.000000e-01	
1.111088e+02	1092	6.723436e+01	3.077091e+02	1.111088e+02	1092	8.206813e-01	7.000000e-01	
1.112106e+02	1093	5.592106e+01	2.926602e+02	1.112106e+02	1093	8.395753e-01	7.000000e-01	
1.113123e+02	1094	3.884956e+01	2.704975e+02	1.113123e+02	1094	8.744143e-01	7.000000e-01	
1.114141e+02	1095	5.293116e+01	3.200614e+02	1.114141e+02	1095	8.580906e-01	7.000000e-01	
1.115158e+02	1096	5.548570e+01	2.852350e+02	1.115158e+02	1096	8.371520e-01	7.000000e-01	
1.116176e+02	1097	3.851571e+01	2.760464e+02	1.116176e+02	1097	8.775577e-01	7.000000e-01	
1.117193e+02	1098	4.969486e+01	2.867219e+02	1.117193e+02	1098	8.522819e-01	7.000000e-01	
1.118211e+02	1099	5.941148e+01	2.927979e+02	1.118211e+02	1099	8.313177e-01	7.000000e-01	
1.119228e+02	1100	6.057161e+01	3.195193e+02	1.119228e+02	1100	8.406392e-01	7.000000e-01	
1.120245e+02	1101	4.860868e+01	2.856604e+02	1.120245e+02	1101	8.545822e-01	7.000000e-01	
1.121263e+02	1102	3.736335e+01	2.713438e+02	1.121263e+02	1102	8.789683e-01	7.000000e-01	
1.122280e+02	1103	6.348074e+01	3.092129e+02	1.122280e+02	1103	8.296704e-01	7.000000e-01	
1.123298e+02	1104	4.855975e+01	2.843091e+02	1.123298e+02	1104	8.541175e-01	7.000000e-01	
1.124315e+02	1105	6.247561e+01	3.110795e+02	1.124315e+02	1105	8.327540e-01	7.000000e-01	
1.125333e+02	1106	4.174632e+01	2.815772e+02	1.125333e+02	1106	8.708838e-01	7.000000e-01	
1.126350e+02	1107	5.775015e+01	2.965371e+02	1.126350e+02	1107	8.369963e-01	7.000000e-01	
1.127368e+02	1108	6.466030e+01	2.826568e+02	1.127368e+02	1108	8.138292e-01	7.000000e-01	
1.128385e+02	1109	8.094343e+01	3.252009e+02	1.128385e+02	1109	8.007028e-01	7.000000e-01	
1.129403e+02	1110	7.637686e+01	3.464746e+02	1.129403e+02	1110	8.193766e-01	7.000000e-01	
1.130420e+02	1111	5.430204e+01	3.484658e+02	1.130420e+02	1111	8.651778e-01	7.000000e-01	
1.131438e+02	1112	8.260773e+01	3.230179e+02	1.131438e+02	1112	7.963449e-01	7.000000e-01	
1.132455e+02	1113	7.699986e+01	3.475759e+02	1.132455e+02	1113	8.186428e-01	7.000000e-01	
1.133473e+02	1114	4.382783e+01	4.014389e+02	1.133473e+02	1114	9.015695e-01	7.000000e-01	
1.134490e+02	1115	5.225543e+01	3.404633e+02	1.134490e+02	1115	8.669393e-01	7.000000e-01	
1.135508e+02	1116	3.576734e+01	3.283382e+02	1.135508e+02	1116	9.017666e-01	7.000000e-01	
1.136525e+02	1117	4.399167e+01	3.725781e+02	1.136525e+02	1117	8.943954e-01	7.000000e-01	
1.137543e+02	1118	5.393478e+01	3.390395e+02	1.137543e+02	1118	8.627524e-01	7.000000e-01	
1.138560e+02	1119	4.852463e+01	2.927495e+02	1.138560e+02	1119	8.578133e-01	7.000000e-01	
1.139578e+02	1120	2.022552e+01	3.266468e+02	1.139578e+02	1120	9.416917e-01	7.000000e-01	
1.140595e+02	1121	4.179675e+01	3.119293e+02	1.140595e+02	1121	8.818386e-01	7.000000e-01	
1.141613e+02	1122	1.530331e+01	2.700773e+02	1.141613e+02	1122	9.463758e-01	7.000000e-01	
1.142630e+02	1123	5.460741e+01	3.074741e+02	1.142630e+02	1123	8.491848e-01	7.000000e-01	
1.143648e+02	1124	7.992870e+01	2.874391e+02	1.143648e+02	1124	7.824287e-01	7.000000e-01	
1.144665e+02	1125	6.620657e+01	3.226050e+02	1.144665e+02	1125	8.297207e-01	7.000000e-01	
1.145682e+02	1126	6.961344e+01	2.308623e+02	1.145682e+02	1126	7.683226e-01	7.000000e-01	
1.146700e+02	1127	5.461461e+01	2.955985e+02	1.146700e+02	1127	8.440532e-01	7.000000e-01	
1.147717e+02	1128	6.799057e+01	2.670803e+02	1.147717e+02	1128	7.970860e-01	7.000000e-01	
1.148735e+02	1129	6.416529e+01	3.411655e+02	1.148735e+02	1129	8.416965e-01	7.000000e-01	
1.149752e+02	1130	7.066679e+01	3.092257e+02	1.149752e+02	1130	8.139821e-01	7.000000e-01	
1.150770e+02	1131	6.160598e+01	2.982729e+02	1.150770e+02	1131	8.288147e-01	7.000000e-01	
1.151787e+02	1132	5.916321e+01	3.354265e+02	1.151787e+02	1132	8.500640e-01	7.000000e-01	
1.152805e+02	1133	5.407424e+01	3.403770e+02	1.152805e+02	1133	8.629127e-01	7.000000e-01	
1.153822e+02	1134	6.611106e+01	3.240800e+02	1.153822e+02	1134	8.305675e-01	7.000000e-01	
1.154840e+02	1135	4.474029e+01	3.065974e+02	1.154840e+02	1135	8.726573e-01	7.000000e-01	
1.155857e+02	1136	5.704456e+01	3.260578e+02	1.155857e+02	1136	8.510984e-01	7.000000e-01	
1.156875e+02	1137	4.536820e+01	3.664027e+02	1.156875e+02	1137	8.898217e-01	7.000000e-01	
1.157892e+02	1138	5.002709e+01	2.998727e+02	1.157892e+02	1138	8.570245e-01	7.000000e-01	
1.158910e+02	1139	5.297280e+01	2.895933e+02	1.158910e+02	1139	8.453647e-01	7.000000e-01	
1.159927e+02	1140	4.831725e+01	3.154244e+02	1.159927e+02	1140	8.671660e-01	7.000000e-01	
1.160945e+02	1141	5.864154e+01	2.877399e+02	1.160945e+02	1141	8.307024e-01	7.000000e-01	
1.161962e+02	1142	5.914342e+01	2.777057e+02	1.161962e+02	1142	8.244216e-01	7.000000e-01	
1.162980e+02	1143	5.862112e+01	2.963803e+02	1.162980e+02	1143	8.348707e-01	7.000000e-01	
1.163997e+02	1144	7.663982e+01	2.521353e+02	1.163997e+02	1144	7.668929e-01	7.000000e-01	
1.165015e+02	1145	7.962783e+01	2.396632e+02	1.165015e+02	1145	7.506105e-01	7.000000e-01	
1.166032e+02	1146	3.705716e+01	2.732088e+02	1.166032e+02	1146	8.805632e-01	7.000000e-01	
1.167050e+02	1147	4.358008e+01	2.644942e+02	1.167050e+02	1147	8.585403e-01	7.000000e-01	
1.168067e+02	1148	3.026581e+01	2.360089e+02	1.168067e+02	1148	8.863361e-01	7.000000e-01	
1.169085e+02	1149	4.961995e+01	2.755772e+02	1.169085e+02	1149	8.474158e-01	7.000000e-01	
1.170102e+02	1150	5.399382e+01	2.905244e+02	1.170102e+02	1150	8.432773e-01	7.000000e-01	
1.171119e+02	1151	5.658285e+01	3.007765e+02	1.171119e+02	1151	8.416640e-01	7.000000e-01	
1.172137e+02	1152	5.174257e+01	2.821534e+02	1.172137e+02	1152	8.450339e-01	7.000000e-01	
1.173154e+02	1153	5.067557e+01	2.903624e+02	1.173154e+02	1153	8.514078e-01	7.000000e-01	
1.174172e+02	1154	5.547478e+01	2.691027e+02	1.174172e+02	1154	8.290862e-01	7.000000e-01	
1.175189e+02	1155	6.964075e+01	3.121641e+02	1.175189e+02	1155	8.176012e-01	7.000000e-01	
1.176207e+02	1156	4.977976e+01	2.760919e+02	1.176207e+02	1156	8.472412e-01	7.000000e-01	
1.177224e+02	1157	5.358054e+01	2.772579e+02	1.177224e+02	1157	8.380462e-01	7.000000e-01	
1.178242e+02	1158	5.051887e+01	2.525936e+02	1.178242e+02	1158	8.333329e-01	7.000000e-01	
1.179259e+02	1159	3.895306e+01	2.148792e+02	1.179259e+02	1159	8.465402e-01	7.000000e-01	
1.180277e+02	1160	5.467647e+01	2.790750e+02	1.180277e+02	1160	8.361761e-01	7.000000e-01	
1.181294e+02	1161	6.151835e+01	2.827514e+02	1.181294e+02	1161	8.213077e-01	7.000000e-01	
1.182312e+02	1162	5.557824e+01	2.890102e+02	1.182312e+02	1162	8.387112e-01	7.000000e-01	
1.183329e+02	1163	5.651164e+01	3.059285e+02	1.183329e+02	1163	8.440801e-01	7.000000e-01	
1.184347e+02	1164	6.093834e+01	2.801376e+02	1.184347e+02	1164	8.213350e-01	7.000000e-01	
1.185364e+02	1165	5.535731e+01	2.733853e+02	1.185364e+02	1165	8.316090e-01	7.000000e-01	
1.186382e+02	1166	6.025455e+01	2.896730e+02	1.186382e+02	1166	8.278085e-01	7.000000e-01	
1.187399e+02	1167	5.370002e+01	2.877867e+02	1.187399e+02	1167	8.427464e-01	7.000000e-01	
1.188417e+02	1168	4.129622e+01	2.711008e+02	1.188417e+02	1168	8.678085e-01	7.000000e-01	
1.189434e+02	1169	4.969652e+01	2.803038e+02	1.189434e+02	1169	8.494046e-01	7.000000e-01	
1.190452e+02	1170	4.959683e+01	2.759013e+02	1.190452e+02	1170	8.476279e-01	7.000000e-01	
1.191469e+02	1171	6.200905e+01	2.431321e+02	1.191469e+02	1171	7.967857e-01	7.000000e-01	
1.192487e+02	1172	5.808665e+01	2.709311e+02	1.192487e+02	1172	8.234544e-01	7.000000e-01	
1.193504e+02	1173	7.360017e+01	2.898356e+02	1.193504e+02	1173	7.974878e-01	7.000000e-01	
1.194522e+02	1174	4.581103e+01	2.730876e+02	1.194522e+02	1174	8.563461e-01	7.000000e-01	
1.195539e+02	1175	5.769475e+01	2.784240e+02	1.195539e+02	1175	8.283501e-01	7.000000e-01	
1.196556e+02	1176	7.427820e+01	2.908891e+02	1.196556e+02	1176	7.965913e-01	7.000000e-01	
1.197574e+02	1177	4.797387e+01	2.980782e+02	1.197574e+02	1177	8.613681e-01	7.000000e-01	
1.198591e+02	1178	5.572428e+01	2.939219e+02	1.198591e+02	1178	8.406267e-01	7.000000e-01	
1.199609e+02	1179	5.643537e+01	2.668696e+02	1.199609e+02	1179	8.254423e-01	7.000000e-01	
1.200626e+02	1180	5.381519e+01	2.803540e+02	1.200626e+02	1180	8.389583e-01	7.000000e-01	
1.201644e+02	1181	5.130129e+01	2.695087e+02	1.201644e+02	1181	8.400882e-01	7.000000e-01	
1.202661e+02	1182	5.558193e+01	2.834900e+02	1.202661e+02	1182	8.360763e-01	7.000000e-01	
1.203679e+02	1183	6.384567e+01	3.570850e+02	1.203679e+02	1183	8.483226e-01	7.000000e-01	
1.204696e+02	1184	5.951423e+01	3.150432e+02	1.204696e+02	1184	8.411079e-01	7.000000e-01	
1.205714e+02	1185	7.758602e+01	2.792835e+02	1.205714e+02	1185	7.825928e-01	7.000000e-01	
1.206731e+02	1186	6.357356e+01	3.604500e+02	1.206731e+02	1186	8.500707e-01	7.000000e-01	
1.207749e+02	1187	7.426093e+01	2.302005e+02	1.207749e+02	1187	7.560908e-01	7.000000e-01	
1.208766e+02	1188	6.092898e+01	2.428128e+02	1.208766e+02	1188	7.994053e-01	7.000000e-01	
1.209784e+02	1189	6.968532e+01	2.758166e+02	1.209784e+02	1189	7.983070e-01	7.000000e-01	
1.210801e+02	1190	5.821052e+01	2.604604e+02	1.210801e+02	1190	8.173334e-01	7.000000e-01	
1.211819e+02	1191	6.944613e+01	2.913053e+02	1.211819e+02	1191	8.074959e-01	7.000000e-01	
1.212836e+02	1192	5.826485e+01	2.594888e+02	1.212836e+02	1192	8.166352e-01	7.000000e-01	
1.213854e+02	1193	6.105152e+01	2.421216e+02	1.213854e+02	1193	7.986249e-01	7.000000e-01	
1.214871e+02	1194	7.117984e+01	2.683372e+02	1.214871e+02	1194	7.903497e-01	7.000000e-01	
1.215889e+02	1195	6.397728e+01	2.536228e+02	1.215889e+02	1195	7.985603e-01	7.000000e-01	
1.216906e+02	1196	5.687493e+01	2.804672e+02	1.216906e+02	1196	8.314028e-01	7.000000e-01	
1.217924e+02	1197	5.226011e+01	2.592625e+02	1.217924e+02	1197	8.322430e-01	7.000000e-01	
1.218941e+02	1198	6.871932e+01	2.739567e+02	1.218941e+02	1198	7.994627e-01	7.000000e-01	
1.219959e+02	1199	5.658771e+01	2.805266e+02	1.219959e+02	1199	8.321409e-01	7.000000e-01	
1.220976e+02	1200	6.267780e+01	2.595568e+02	1.220976e+02	1200	8.054902e-01	7.000000e-01	
1.221993e+02	1201	9.739013e+01	2.659369e+02	1.221993e+02	1201	7.319491e-01	7.000000e-01	
1.223011e+02	1202	6.305830e+01	2.685179e+02	1.223011e+02	1202	8.098226e-01	7.000000e-01	
1.224028e+02	1203	7.265971e+01	2.356428e+02	1.224028e+02	1203	7.643233e-01	7.000000e-01	
1.225046e+02	1204	7.190838e+01	2.685929e+02	1.225046e+02	1204	7.888161e-01	7.000000e-01	
1.226063e+02	1205	9.309754e+01	2.680732e+02	1.226063e+02	1205	7.422340e-01	7.000000e-01	
1.227081e+02	1206	7.304637e+01	2.432522e+02	1.227081e+02	1206	7.690588e-01	7.000000e-01	
1.228098e+02	1207	6.392292e+01	2.447135e+02	1.228098e+02	1207	7.928860e-01	7.000000e-01	
1.229116e+02	1208	7.373163e+01	2.760211e+02	1.229116e+02	1208	7.891893e-01	7.000000e-01	
1.230133e+02	1209	7.241637e+01	2.298575e+02	1.230133e+02	1209	7.604280e-01	7.000000e-01	
1.231151e+02	1210	6.648532e+01	2.384444e+02	1.231151e+02	1210	7.819651e-01	7.000000e-01	
1.232168e+02	1211	7.153798e+01	2.939337e+02	1.232168e+02	1211	8.042585e-01	7.000000e-01	
1.233186e+02	1212	6.162898e+01	2.561423e+02	1.233186e+02	1212	8.060587e-01	7.000000e-01	
1.234203e+02	1213	6.995579e+01	2.710754e+02	1.234203e+02	1213	7.948698e-01	7.000000e-01	
1.235221e+02	1214	6.631557e+01	2.278757e+02	1.235221e+02	1214	7.745835e-01	7.000000e-01	
1.236238e+02	1215	7.411103e+01	2.982230e+02	1.236238e+02	1215	8.009555e-01	7.000000e-01	
1.237256e+02	1216	5.940867e+01	2.791946e+02	1.237256e+02	1216	8.245479e-01	7.000000e-01	
1.238273e+02	1217	7.211560e+01	3.596769e+02	1.238273e+02	1217	8.329855e-01	7.000000e-01	
1.239291e+02	1218	6.715776e+01	2.695111e+02	1.239291e+02	1218	8.005228e-01	7.000000e-01	
1.240308e+02	1219	6.130536e+01	2.643611e+02	1.240308e+02	1219	8.117541e-01	7.000000e-01	
1.241326e+02	1220	5.644249e+01	2.618019e+02	1.241326e+02	1220	8.226442e-01	7.000000e-01	
1.242343e+02	1221	7.029204e+01	3.132452e+02	1.242343e+02	1221	8.167269e-01	7.000000e-01	
1.243361e+02	1222	7.682260e+01	2.914428e+02	1.243361e+02	1222	7.913934e-01	7.000000e-01	
1.244378e+02	1223	8.404535e+01	2.928659e+02	1.244378e+02	1223	7.770155e-01	7.000000e-01	
1.245396e+02	1224	4.933549e+01	2.540410e+02	1.245396e+02	1224	8.373787e-01	7.000000e-01	
1.246413e+02	1225	6.247410e+01	2.748826e+02	1.246413e+02	1225	8.148129e-01	7.000000e-01	
1.247430e+02	1226	6.822623e+01	2.752095e+02	1.247430e+02	1226	8.013421e-01	7.000000e-01	
1.248448e+02	1227	6.159273e+01	2.735516e+02	1.248448e+02	1227	8.162203e-01	7.000000e-01	
1.249465e+02	1228	6.887950e+01	2.830896e+02	1.249465e+02	1228	8.043024e-01	7.000000e-01	
1.250483e+02	1229	6.674753e+01	2.883803e+02	1.250483e+02	1229	8.120465e-01	7.000000e-01	
1.251500e+02	1230	5.807317e+01	2.628488e+02	1.251500e+02	1230	8.190427e-01	7.000000e-01	
1.252518e+02	1231	7.623289e+01	2.680046e+02	1.252518e+02	1231	7.785456e-01	7.000000e-01	
1.253535e+02	1232	8.910007e+01	3.194609e+02	1.253535e+02	1232	7.819173e-01	7.000000e-01	
1.254553e+02	1233	6.903779e+01	2.666271e+02	1.254553e+02	1233	7.943253e-01	7.000000e-01	
1.255570e+02	1234	6.452861e+01	2.977539e+02	1.255570e+02	1234	8.218832e-01	7.000000e-01	
1.256588e+02	1235	5.293131e+01	2.612406e+02	1.256588e+02	1235	8.315212e-01	7.000000e-01	
1.257605e+02	1236	6.311714e+01	2.207433e+02	1.257605e+02	1236	7.776473e-01	7.000000e-01	
1.258623e+02	1237	5.257011e+01	2.636526e+02	1.258623e+02	1237	8.337561e-01	7.000000e-01	
1.259640e+02	1238	6.626480e+01	2.040873e+02	1.259640e+02	1238	7.548945e-01	7.000000e-01	
1.260658e+02	1239	6.408829e+01	2.627383e+02	1.260658e+02	1239	8.039074e-01	7.000000e-01	
1.261675e+02	1240	7.119618e+01	2.592383e+02	1.261675e+02	1240	7.845377e-01	7.000000e-01	
1.262693e+02	1241	5.344220e+01	2.416772e+02	1.262693e+02	1241	8.189133e-01	7.000000e-01	
1.263710e+02	1242	6.886146e+01	2.372724e+02	1.263710e+02	1242	7.750609e-01	7.000000e-01	
1.264728e+02	1243	6.126002e+01	2.320209e+02	1.264728e+02	1243	7.911217e-01	7.000000e-01	
1.265745e+02	1244	4.555019e+01	2.553264e+02	1.265745e+02	1244	8.486084e-01	7.000000e-01	
1.266763e+02	1245	4.459626e+01	2.575519e+02	1.266763e+02	1245	8.524027e-01	7.000000e-01	
1.267780e+02	1246	5.756821e+01	2.281967e+02	1.267780e+02	1246	7.985470e-01	7.000000e-01	
1.268798e+02	1247	4.609611e+01	2.737112e+02	1.268798e+02	1247	8.558629e-01	7.000000e-01	
1.269815e+02	1248	5.047766e+01	2.565284e+02	1.269815e+02	1248	8.355809e-01	7.000000e-01	
1.270833e+02	1249	5.303665e+01	2.677685e+02	1.270833e+02	1249	8.346764e-01	7.000000e-01	
1.271850e+02	1250	4.631351e+01	2.469277e+02	1.271850e+02	1250	8.420634e-01	7.000000e-01	
1.272867e+02	1251	4.991262e+01	2.511517e+02	1.272867e+02	1251	8.342128e-01	7.000000e-01	
1.273885e+02	1252	5.683407e+01	2.659440e+02	1.273885e+02	1252	8.239221e-01	7.000000e-01	
1.274902e+02	1253	2.919631e+01	2.832781e+02	1.274902e+02	1253	9.065642e-01	7.000000e-01	
1.275920e+02	1254	4.550760e+01	2.750871e+02	1.275920e+02	1254	8.580526e-01	7.000000e-01	
1.276937e+02	1255	6.556355e+01	2.653515e+02	1.276937e+02	1255	8.018720e-01	7.000000e-01	
1.277955e+02	1256	5.100208e+01	2.779692e+02	1.277955e+02	1256	8.449649e-01	7.000000e-01	
1.278972e+02	1257	6.386505e+01	2.767244e+02	1.278972e+02	1257	8.124867e-01	7.000000e-01	
1.279990e+02	1258	6.425732e+01	2.499520e+02	1.279990e+02	1258	7.954952e-01	7.000000e-01	
1.281007e+02	1259	4.867074e+01	3.086562e+02	1.281007e+02	1259	8.637921e-01	7.000000e-01	
1.282025e+02	1260	6.284770e+01	2.669773e+02	1.282025e+02	1260	8.094514e-01	7.000000e-01	
1.283042e+02	1261	8.469287e+01	2.991679e+02	1.283042e+02	1261	7.793657e-01	7.000000e-01	
1.284060e+02	1262	5.106022e+01	3.055024e+02	1.284060e+02	1262	8.567987e-01	7.000000e-01	
1.285077e+02	1263	6.728059e+01	2.713559e+02	1.285077e+02	1263	8.013191e-01	7.000000e-01	
1.286095e+02	1264	3.424221e+01	2.743459e+02	1.286095e+02	1264	8.890359e-01	7.000000e-01	
1.287112e+02	1265	3.555779e+01	2.895338e+02	1.287112e+02	1265	8.906222e-01	7.000000e-01	
1.288130e+02	1266	4.816305e+01	2.965932e+02	1.288130e+02	1266	8.602983e-01	7.000000e-01	
1.289147e+02	1267	5.208859e+01	3.030794e+02	1.289147e+02	1267	8.533410e-01	7.000000e-01	
1.290165e+02	1268	7.254239e+01	2.600378e+02	1.290165e+02	1268	7.818800e-01	7.000000e-01	
1.291182e+02	1269	7.035660e+01	2.538205e+02	1.291182e+02	1269	7.829686e-01	7.000000e-01	
1.292200e+02	1270	5.300306e+01	2.930842e+02	1.292200e+02	1270	8.468506e-01	7.000000e-01	
1.293217e+02	1271	6.504260e+01	2.544148e+02	1.293217e+02	1271	7.963966e-01	7.000000e-01	
1.294235e+02	1272	9.111101e+01	2.750670e+02	1.294235e+02	1272	7.511838e-01	7.000000e-01	
1.295252e+02	1273	4.978516e+01	2.711946e+02	1.295252e+02	1273	8.448963e-01	7.000000e-01	
1.296270e+02	1274	6.840959e+01	2.802767e+02	1.296270e+02	1274	8.038076e-01	7.000000e-01	
1.297287e+02	1275	6.951624e+01	2.477481e+02	1.297287e+02	1275	7.808886e-01	7.000000e-01	
1.298304e+02	1276	5.757955e+01	2.479275e+02	1.298304e+02	1276	8.115279e-01	7.000000e-01	
1.299322e+02	1277	4.541362e+01	2.685627e+02	1.299322e+02	1277	8.553597e-01	7.000000e-01	
1.300339e+02	1278	4.724306e+01	2.697379e+02	1.300339e+02	1278	8.509593e-01	7.000000e-01	
1.301357e+02	1279	5.808756e+01	2.660301e+02	1.301357e+02	1279	8.207825e-01	7.000000e-01	
1.302374e+02	1280	6.309488e+01	2.611837e+02	1.302374e+02	1280	8.054300e-01	7.000000e-01	
1.303392e+02	1281	4.063029e+01	2.443575e+02	1.303392e+02	1281	8.574315e-01	7.000000e-01	
1.304409e+02	1282	8.380186e+01	2.666326e+02	1.304409e+02	1282	7.608630e-01	7.000000e-01	
1.305427e+02	1283	5.816660e+01	2.624595e+02	1.305427e+02	1283	8.185843e-01	7.000000e-01	
1.306444e+02	1284	1.060930e+02	2.644079e+02	1.306444e+02	1284	7.136498e-01	7.000000e-01	
1.307462e+02	1285	8.078087e+01	2.555005e+02	1.307462e+02	1285	7.597819e-01	7.000000e-01	
1.308479e+02	1286	9.337976e+01	2.468978e+02	1.308479e+02	1286	7.255777e-01	7.000000e-01	
1.309497e+02	1287	4.253505e+01	2.694459e+02	1.309497e+02	1287	8.636614e-01	7.000000e-01	
1.310514e+02	1288	5.884975e+01	2.634106e+02	1.310514e+02	1288	8.173845e-01	7.000000e-01	
1.311532e+02	1289	6.756740e+01	2.854583e+02	1.311532e+02	1289	8.086049e-01	7.000000e-01	
1.312549e+02	1290	7.441224e+01	2.156615e+02	1.312549e+02	1290	7.434713e-01	7.000000e-01	
1.313567e+02	1291	6.751576e+01	2.740349e+02	1.313567e+02	1291	8.023258e-01	7.000000e-01	
1.314584e+02	1292	7.338670e+01	2.522694e+02	1.314584e+02	1292	7.746497e-01	7.000000e-01	
1.315602e+02	1293	8.517982e+01	2.187277e+02	1.315602e+02	1293	7.197180e-01	7.000000e-01	
1.316619e+02	1294	5.426358e+01	2.304665e+02	1.316619e+02	1294	8.094210e-01	7.000000e-01	
1.317637e+02	1295	6.528311e+01	2.218907e+02	1.317637e+02	1295	7.726704e-01	7.000000e-01	
1.318654e+02	1296	6.599154e+01	2.465613e+02	1.318654e+02	1296	7.888628e-01	7.000000e-01	
1.319672e+02	1297	4.227216e+01	2.225795e+02	1.319672e+02	1297	8.403931e-01	7.000000e-01	
1.320689e+02	1298	3.500938e+01	2.091782e+02	1.320689e+02	1298	8.566292e-01	7.000000e-01	
1.321707e+02	1299	4.922602e+01	2.614407e+02	1.321707e+02	1299	8.415472e-01	7.000000e-01	
1.322724e+02	1300	7.190120e+01	2.190140e+02	1.322724e+02	1300	7.528448e-01	7.000000e-01	
1.323741e+02	1301	5.698406e+01	2.672243e+02	1.323741e+02	1301	8.242363e-01	7.000000e-01	
1.324759e+02	1302	5.724282e+01	2.631021e+02	1.324759e+02	1302	8.213088e-01	7.000000e-01	
1.325776e+02	1303	5.892378e+01	2.630169e+02	1.325776e+02	1303	8.169732e-01	7.000000e-01	
1.326794e+02	1304	6.034037e+01	2.347140e+02	1.326794e+02	1304	7.954941e-01	7.000000e-01	
1.327811e+02	1305	6.096283e+01	2.474561e+02	1.327811e+02	1305	8.023376e-01	7.000000e-01	
1.328829e+02	1306	4.660956e+01	2.653449e+02	1.328829e+02	1306	8.505886e-01	7.000000e-01	
1.329846e+02	1307	4.926450e+01	2.622193e+02	1.329846e+02	1307	8.418393e-01	7.000000e-01	
1.330864e+02	1308	5.714193e+01	2.679568e+02	1.330864e+02	1308	8.242321e-01	7.000000e-01	
1.331881e+02	1309	7.462873e+01	2.899198e+02	1.331881e+02	1309	7.952845e-01	7.000000e-01	
1.332899e+02	1310	5.767650e+01	3.419259e+02	1.332899e+02	1310	8.556653e-01	7.000000e-01	
1.333916e+02	1311	7.187426e+01	2.883013e+02	1.333916e+02	1311	8.004466e-01	7.000000e-01	
1.334934e+02	1312	7.502110e+01	3.084540e+02	1.334934e+02	1312	8.043651e-01	7.000000e-01	
1.335951e+02	1313	6.941541e+01	2.296792e+02	1.335951e+02	1313	7.679149e-01	7.000000e-01	
1.336969e+02	1314	7.281093e+01	3.029399e+02	1.336969e+02	1314	8.062255e-01	7.000000e-01	
1.337986e+02	1315	5.577058e+01	2.362265e+02	1.337986e+02	1315	8.090030e-01	7.000000e-01	
1.339004e+02	1316	1.142953e+02	2.478717e+02	1.339004e+02	1316	6.844127e-01	7.000000e-01	
1.340021e+02	1317	6.218828e+01	2.395270e+02	1.340021e+02	1317	7.938842e-01	7.000000e-01	
1.341039e+02	1318	4.770912e+01	2.646670e+02	1.341039e+02	1318	8.472703e-01	7.000000e-01	
1.342056e+02	1319	5.663864e+01	2.449667e+02	1.342056e+02	1319	8.122094e-01	7.000000e-01	
1.343074e+02	1320	5.785753e+01	2.463606e+02	1.343074e+02	1320	8.098156e-01	7.000000e-01	
1.344091e+02	1321	6.647035e+01	2.273471e+02	1.344091e+02	1321	7.737699e-01	7.000000e-01	
1.345109e+02	1322	6.243842e+01	3.074833e+02	1.345109e+02	1322	8.312118e-01	7.000000e-01	
1.346126e+02	1323	6.151230e+01	2.297895e+02	1.346126e+02	1323	7.888365e-01	7.000000e-01	
1.347144e+02	1324	6.470517e+01	3.120275e+02	1.347144e+02	1324	8.282465e-01	7.000000e-01	
1.348161e+02	1325	5.851360e+01	3.004789e+02	1.348161e+02	1325	8.370061e-01	7.000000e-01	
1.349178e+02	1326	5.164522e+01	3.208715e+02	1.349178e+02	1326	8.613613e-01	7.000000e-01	
1.350196e+02	1327	6.302663e+01	3.033262e+02	1.350196e+02	1327	8.279619e-01	7.000000e-01	
1.351213e+02	1328	7.101257e+01	3.025324e+02	1.351213e+02	1328	8.098955e-01	7.000000e-01	
1.352231e+02	1329	7.232205e+01	3.029765e+02	1.352231e+02	1329	8.072946e-01	7.000000e-01	
1.353248e+02	1330	6.173840e+01	3.118318e+02	1.353248e+02	1330	8.347341e-01	7.000000e-01	
1.354266e+02	1331	6.730764e+01	3.031121e+02	1.354266e+02	1331	8.182936e-01	7.000000e-01	
1.355283e+02	1332	7.220482e+01	3.161296e+02	1.355283e+02	1332	8.140654e-01	7.000000e-01	
1.356301e+02	1333	6.356141e+01	3.106977e+02	1.356301e+02	1333	8.301674e-01	7.000000e-01	
1.357318e+02	1334	5.195455e+01	2.791680e+02	1.357318e+02	1334	8.430957e-01	7.000000e-01	
1.358336e+02	1335	6.584388e+01	2.937270e+02	1.358336e+02	1335	8.168821e-01	7.000000e-01	
1.359353e+02	1336	7.066238e+01	2.932120e+02	1.359353e+02	1336	8.058056e-01	7.000000e-01	
1.360371e+02	1337	7.524124e+01	2.949063e+02	1.360371e+02	1337	7.967264e-01	7.000000e-01	
1.361388e+02	1338	5.947267e+01	3.099561e+02	1.361388e+02	1338	8.390145e-01	7.000000e-01	
1.362406e+02	1339	6.476002e+01	2.929301e+02	1.362406e+02	1339	8.189494e-01	7.000000e-01	
1.363423e+02	1340	7.318294e+01	2.875205e+02	1.363423e+02	1340	7.971105e-01	7.000000e-01	
1.364441e+02	1341	6.814764e+01	2.960109e+02	1.364441e+02	1341	8.128627e-01	7.000000e-01	
1.365458e+02	1342	7.263899e+01	2.765267e+02	1.365458e+02	1342	7.919641e-01	7.000000e-01	
1.366476e+02	1343	6.092681e+01	3.153394e+02	1.366476e+02	1343	8.380753e-01	7.000000e-01	
1.367493e+02	1344	7.554147e+01	2.832833e+02	1.367493e+02	1344	7.894753e-01	7.000000e-01	
1.368511e+02	1345	6.695040e+01	2.773613e+02	1.368511e+02	1345	8.055529e-01	7.000000e-01	
1.369528e+02	1346	6.728392e+01	2.973310e+02	1.369528e+02	1346	8.154658e-01	7.000000e-01	
1.370546e+02	1347	6.688011e+01	2.971853e+02	1.370546e+02	1347	8.162964e-01	7.000000e-01	
1.371563e+02	1348	8.187524e+01	2.874516e+02	1.371563e+02	1348	7.783122e-01	7.000000e-01	
1.372581e+02	1349	4.793213e+01	3.167138e+02	1.372581e+02	1349	8.685516e-01	7.000000e-01	
1.373598e+02	1350	4.721317e+01	3.171455e+02	1.373598e+02	1350	8.704212e-01	7.000000e-01	
1.374615e+02	1351	4.886970e+01	3.283041e+02	1.374615e+02	1351	8.704319e-01	7.000000e-01	
1.375633e+02	1352	5.863249e+01	3.073128e+02	1.375633e+02	1352	8.397780e-01	7.000000e-01	
1.376650e+02	1353	6.322449e+01	3.141156e+02	1.376650e+02	1353	8.324469e-01	7.000000e-01	
1.377668e+02	1354	4.805301e+01	2.804832e+02	1.377668e+02	1354	8.537360e-01	7.000000e-01	
1.378685e+02	1355	6.197941e+01	2.964394e+02	1.378685e+02	1355	8.270755e-01	7.000000e-01	
1.379703e+02	1356	5.221831e+01	3.135923e+02	1.379703e+02	1356	8.572532e-01	7.000000e-01	
1.380720e+02	1357	6.883321e+01	3.050053e+02	1.380720e+02	1357	8.158745e-01	7.000000e-01	
1.381738e+02	1358	6.130574e+01	3.047320e+02	1.381738e+02	1358	8.325152e-01	7.000000e-01	
1.382755e+02	1359	6.033561e+01	2.688786e+02	1.382755e+02	1359	8.167284e-01	7.000000e-01	
1.383773e+02	1360	5.513264e+01	3.088764e+02	1.383773e+02	1360	8.485405e-01	7.000000e-01	
1.384790e+02	1361	5.278145e+01	2.928474e+02	1.384790e+02	1361	8.472886e-01	7.000000e-01	
1.385808e+02	1362	5.941640e+01	2.785802e+02	1.385808e+02	1362	8.242101e-01	7.000000e-01	
1.386825e+02	1363	6.213829e+01	3.170053e+02	1.386825e+02	1363	8.361088e-01	7.000000e-01	
1.387843e+02	1364	4.119167e+01	2.820752e+02	1.387843e+02	1364	8.725769e-01	7.000000e-01	
1.388860e+02	1365	3.413907e+01	2.877076e+02	1.388860e+02	1365	8.939275e-01	7.000000e-01	
1.389878e+02	1366	4.396549e+01	2.748277e+02	1.389878e+02	1366	8.620877e-01	7.000000e-01	
1.390895e+02	1367	4.468709e+01	2.712088e+02	1.390895e+02	1367	8.585386e-01	7.000000e-01	
1.391913e+02	1368	3.262216e+01	3.269655e+02	1.391913e+02	1368	9.092790e-01	7.000000e-01	
1.392930e+02	1369	4.859179e+01	2.864297e+02	1.392930e+02	1369	8.549592e-01	7.000000e-01	
1.393948e+02	1370	3.841328e+01	2.837442e+02	1.393948e+02	1370	8.807624e-01	7.000000e-01	
1.394965e+02	1371	5.619123e+01	2.736692e+02	1.394965e+02	1371	8.296515e-01	7.000000e-01	
1.395983e+02	1372	5.518625e+01	2.768728e+02	1.395983e+02	1372	8.338059e-01	7.000000e-01	
1.397000e+02	1373	6.593227e+01	3.171945e+02	1.397000e+02	1373	8.279100e-01	7.000000e-01	
1.398018e+02	1374	5.054521e+01	2.798923e+02	1.398018e+02	1374	8.470355e-01	7.000000e-01	
1.399035e+02	1375	4.794953e+01	2.995350e+02	1.399035e+02	1375	8.620096e-01	7.000000e-01	
1.400052e+02	1376	5.648722e+01	2.498551e+02	1.400052e+02	1376	8.156075e-01	7.000000e-01	
1.401070e+02	1377	7.976928e+01	2.232563e+02	1.401070e+02	1377	7.367573e-01	7.000000e-01	
1.402087e+02	1378	5.451079e+01	2.668160e+02	1.402087e+02	1378	8.303572e-01	7.000000e-01	
1.403105e+02	1379	6.493370e+01	2.332607e+02	1.403105e+02	1379	7.822437e-01	7.000000e-01	
1.404122e+02	1380	4.940283e+01	2.788657e+02	1.404122e+02	1380	8.495048e-01	7.000000e-01	
1.405140e+02	1381	5.024477e+01	2.583712e+02	1.405140e+02	1381	8.371932e-01	7.000000e-01	
1.406157e+02	1382	5.887880e+01	2.708310e+02	1.406157e+02	1382	8.214224e-01	7.000000e-01	
1.407175e+02	1383	7.076301e+01	3.018267e+02	1.407175e+02	1383	8.100779e-01	7.000000e-01	
1.408192e+02	1384	5.597567e+01	2.918526e+02	1.408192e+02	1384	8.390710e-01	7.000000e-01	
1.409210e+02	1385	5.236007e+01	2.790880e+02	1.409210e+02	1385	8.420263e-01	7.000000e-01	
1.410227e+02	1386	6.864424e+01	2.969126e+02	1.410227e+02	1386	8.122201e-01	7.000000e-01	
1.411245e+02	1387	5.548985e+01	2.509554e+02	1.411245e+02	1387	8.189241e-01	7.000000e-01	
1.412262e+02	1388	5.704007e+01	3.167097e+02	1.412262e+02	1388	8.473843e-01	7.000000e-01	
1.413280e+02	1389	4.909583e+01	2.726330e+02	1.413280e+02	1389	8.474000e-01	7.000000e-01	
1.414297e+02	1390	5.045193e+01	2.505920e+02	1.414297e+02	1390	8.324101e-01	7.000000e-01	
1.415315e+02	1391	6.089789e+01	2.517444e+02	1.415315e+02	1391	8.052154e-01	7.000000e-01	
1.416332e+02	1392	5.768648e+01	2.336511e+02	1.416332e+02	1392	8.019944e-01	7.000000e-01	
1.417350e+02	1393	6.778424e+01	2.589093e+02	1.417350e+02	1393	7.925143e-01	7.000000e-01	
1.418367e+02	1394	4.988583e+01	2.661342e+02	1.418367e+02	1394	8.421435e-01	7.000000e-01	
1.419385e+02	1395	5.911278e+01	2.603947e+02	1.419385e+02	1395	8.149878e-01	7.000000e-01	
1.420402e+02	1396	5.846627e+01	2.586676e+02	1.420402e+02	1396	8.156417e-01	7.000000e-01	
1.421420e+02	1397	5.785443e+01	2.476994e+02	1.421420e+02	1397	8.106572e-01	7.000000e-01	
1.422437e+02	1398	6.273499e+01	2.679980e+02	1.422437e+02	1398	8.103153e-01	7.000000e-01	
1.423455e+02	1399	6.667883e+01	2.638283e+02	1.423455e+02	1399	7.982530e-01	7.000000e-01	
1.424472e+02	1400	7.734977e+01	2.890006e+02	1.424472e+02	1400	7.888640e-01	7.000000e-01	
1.425489e+02	1401	5.833862e+01	2.672590e+02	1.425489e+02	1401	8.208260e-01	7.000000e-01	
1.426507e+02	1402	7.664760e+01	2.578618e+02	1.426507e+02	1402	7.708656e-01	7.000000e-01	
1.427524e+02	1403	7.981704e+01	3.388548e+02	1.427524e+02	1403	8.093566e-01	7.000000e-01	
1.428542e+02	1404	8.733967e+01	2.508868e+02	1.428542e+02	1404	7.417716e-01	7.000000e-01	
1.429559e+02	1405	8.041785e+01	2.443060e+02	1.429559e+02	1405	7.523500e-01	7.000000e-01	
1.430577e+02	1406	6.661041e+01	2.894852e+02	1.430577e+02	1406	8.129423e-01	7.000000e-01	
1.431594e+02	1407	7.275941e+01	2.564796e+02	1.431594e+02	1407	7.790073e-01	7.000000e-01	
1.432612e+02	1408	1.030151e+02	1.777238e+02	1.432612e+02	1408	6.330573e-01	7.000000e-01	
1.433629e+02	1409	9.051503e+01	2.487870e+02	1.433629e+02	1409	7.332317e-01	7.000000e-01	
1.434647e+02	1410	3.426407e+01	2.387093e+02	1.434647e+02	1410	8.744783e-01	7.000000e-01	
1.435664e+02	1411	6.299410e+01	2.524722e+02	1.435664e+02	1411	8.003143e-01	7.000000e-01	
1.436682e+02	1412	6.773914e+01	2.746151e+02	1.436682e+02	1412	8.021373e-01	7.000000e-01	
1.437699e+02	1413	3.489669e+01	2.391783e+02	1.437699e+02	1413	8.726747e-01	7.000000e-01	
1.438717e+02	1414	6.025449e+01	2.863711e+02	1.438717e+02	1414	8.261684e-01	7.000000e-01	
1.439734e+02	1415	6.123994e+01	2.479555e+02	1.439734e+02	1415	8.019378e-01	7.000000e-01	
1.440752e+02	1416	5.806085e+01	2.321158e+02	1.440752e+02	1416	7.999121e-01	7.000000e-01	
1.441769e+02	1417	5.461716e+01	3.056924e+02	1.441769e+02	1417	8.484160e-01	7.000000e-01	
1.442787e+02	1418	6.280284e+01	2.895033e+02	1.442787e+02	1418	8.217379e-01	7.000000e-01	
1.443804e+02	1419	5.892604e+01	2.638502e+02	1.443804e+02	1419	8.174400e-01	7.000000e-01	
1.444822e+02	1420	6.308416e+01	3.107620e+02	1.444822e+02	1420	8.312564e-01	7.000000e-01	
1.445839e+02	1421	6.249922e+01	3.062929e+02	1.445839e+02	1421	8.305299e-01	7.000000e-01	
1.446857e+02	1422	6.726413e+01	3.225434e+02	1.446857e+02	1422	8.274427e-01	7.000000e-01	
1.447874e+02	1423	5.979777e+01	3.138099e+02	1.447874e+02	1423	8.399450e-01	7.000000e-01	
1.448892e+02	1424	6.369522e+01	2.895334e+02	1.448892e+02	1424	8.196771e-01	7.000000e-01	
1.449909e+02	1425	5.900689e+01	3.060064e+02	1.449909e+02	1425	8.383432e-01	7.000000e-01	
1.450926e+02	1426	6.262161e+01	3.019409e+02	1.450926e+02	1426	8.282281e-01	7.000000e-01	
1.451944e+02	1427	6.932274e+01	3.173519e+02	1.451944e+02	1427	8.207207e-01	7.000000e-01	
1.452961e+02	1428	6.220647e+01	2.876807e+02	1.452961e+02	1428	8.222099e-01	7.000000e-01	
1.453979e+02	1429	6.444687e+01	3.164687e+02	1.453979e+02	1429	8.308106e-01	7.000000e-01	
1.454996e+02	1430	6.176534e+01	2.874401e+02	1.454996e+02	1430	8.231261e-01	7.000000e-01	
1.456014e+02	1431	3.957603e+01	2.495281e+02	1.456014e+02	1431	8.631080e-01	7.000000e-01	
1.457031e+02	1432	6.138037e+01	3.125197e+02	1.457031e+02	1432	8.358375e-01	7.000000e-01	
1.458049e+02	1433	4.888779e+01	2.938988e+02	1.458049e+02	1433	8.573813e-01	7.000000e-01	
1.459066e+02	1434	6.999827e+01	2.920491e+02	1.459066e+02	1434	8.066599e-01	7.000000e-01	
1.460084e+02	1435	8.778017e+01	2.957126e+02	1.460084e+02	1435	7.711035e-01	7.000000e-01	
1.461101e+02	1436	6.279103e+01	2.943259e+02	1.461101e+02	1436	8.241724e-01	7.000000e-01	
1.462119e+02	1437	5.124640e+01	2.597371e+02	1.462119e+02	1437	8.352118e-01	7.000000e-01	
1.463136e+02	1438	4.648215e+01	2.949883e+02	1.463136e+02	1438	8.638765e-01	7.000000e-01	
1.464154e+02	1439	5.221193e+01	2.902946e+02	1.464154e+02	1439	8.475593e-01	7.000000e-01	
1.465171e+02	1440	5.187826e+01	3.012777e+02	1.465171e+02	1440	8.531010e-01	7.000000e-01	
1.466189e+02	1441	5.106810e+01	2.990903e+02	1.466189e+02	1441	8.541571e-01	7.000000e-01	
1.467206e+02	1442	5.175941e+01	2.698774e+02	1.467206e+02	1442	8.390750e-01	7.000000e-01	
1.468224e+02	1443	4.548241e+01	3.133018e+02	1.468224e+02	1443	8.732319e-01	7.000000e-01	
1.469241e+02	1444	3.996773e+01	3.332717e+02	1.469241e+02	1444	8.929166e-01	7.000000e-01	
1.470259e+02	1445	4.307996e+01	2.947910e+02	1.470259e+02	1445	8.724958e-01	7.000000e-01	
1.471276e+02	1446	4.854655e+01	2.931783e+02	1.471276e+02	1446	8.579367e-01	7.000000e-01	
1.472294e+02	1447	5.404413e+01	2.961149e+02	1.472294e+02	1447	8.456583e-01	7.000000e-01	
1.473311e+02	1448	5.274766e+01	2.909068e+02	1.473311e+02	1448	8.465096e-01	7.000000e-01	
1.474329e+02	1449	4.950733e+01	2.798710e+02	1.474329e+02	1449	8.496946e-01	7.000000e-01	
1.475346e+02	1450	4.169454e+01	3.173894e+02	1.475346e+02	1450	8.838864e-01	7.000000e-01	
1.476363e+02	1451	5.053361e+01	2.886223e+02	1.476363e+02	1451	8.510018e-01	7.000000e-01	
1.477381e+02	1452	5.154696e+01	2.833627e+02	1.477381e+02	1452	8.460870e-01	7.000000e-01	
1.478398e+02	1453	5.087811e+01	3.015362e+02	1.478398e+02	1453	8.556298e-01	7.000000e-01	
1.479416e+02	1454	8.211487e+01	2.476648e+02	1.479416e+02	1454	7.510008e-01	7.000000e-01	
1.480433e+02	1455	4.926517e+01	2.698484e+02	1.480433e+02	1455	8.456187e-01	7.000000e-01	
1.481451e+02	1456	7.222106e+01	2.589720e+02	1.481451e+02	1456	7.819367e-01	7.000000e-01	
1.482468e+02	1457	8.206937e+01	2.477215e+02	1.482468e+02	1457	7.511472e-01	7.000000e-01	
1.483486e+02	1458	5.201951e+01	2.599937e+02	1.483486e+02	1458	8.332779e-01	7.000000e-01	
1.484503e+02	1459	1.730002e+01	2.579307e+02	1.484503e+02	1459	9.371436e-01	7.000000e-01	
1.485521e+02	1460	5.115196e+01	2.833729e+02	1.485521e+02	1460	8.470907e-01	7.000000e-01	
1.486538e+02	1461	5.828084e+01	2.738027e+02	1.486538e+02	1461	8.244995e-01	7.000000e-01	
1.487556e+02	1462	6.190476e+01	2.453625e+02	1.487556e+02	1462	7.985312e-01	7.000000e-01	
1.488573e+02	1463	4.510923e+01	2.915072e+02	1.488573e+02	1463	8.659922e-01	7.000000e-01	
1.489591e+02	1464	5.961232e+01	2.647533e+02	1.489591e+02	1464	8.162187e-01	7.000000e-01	
1.490608e+02	1465	4.628724e+01	2.602773e+02	1.490608e+02	1465	8.490131e-01	7.000000e-01	
1.491626e+02	1466	4.468318e+01	2.662916e+02	1.491626e+02	1466	8.563125e-01	7.000000e-01	
1.492643e+02	1467	5.680963e+01	2.842960e+02	1.492643e+02	1467	8.334544e-01	7.000000e-01	
1.493661e+02	1468	5.206320e+01	2.425795e+02	1.493661e+02	1468	8.233006e-01	7.000000e-01	
1.494678e+02	1469	6.609118e+01	2.868535e+02	1.494678e+02	1469	8.127435e-01	7.000000e-01	
1.495696e+02	1470	8.145349e+01	2.973252e+02	1.495696e+02	1470	7.849576e-01	7.000000e-01	
1.496713e+02	1471	3.765252e+01	2.786683e+02	1.496713e+02	1471	8.809673e-01	7.000000e-01	
1.497731e+02	1472	6.558598e+01	2.895368e+02	1.497731e+02	1472	8.153146e-01	7.000000e-01	
1.498748e+02	1473	4.932036e+01	2.824320e+02	1.498748e+02	1473	8.513338e-01	7.000000e-01	
1.499766e+02	1474	5.737569e+01	2.860733e+02	1.499766e+02	1474	8.329426e-01	7.000000e-01	
1.500783e+02	1475	4.231506e+01	2.640336e+02	1.500783e+02	1475	8.618729e-01	7.000000e-01	
1.501800e+02	1476	1.197092e+02	3.103160e+02	1.501800e+02	1476	7.216228e-01	7.000000e-01	
1.502818e+02	1477	5.515778e+01	2.843503e+02	1.502818e+02	1477	8.375362e-01	7.000000e-01	
1.503835e+02	1478	5.874759e+01	3.189939e+02	1.503835e+02	1478	8.444767e-01	7.000000e-01	
1.504853e+02	1479	6.791361e+01	2.851803e+02	1.504853e+02	1479	8.076613e-01	7.000000e-01	
1.505870e+02	1480	5.481665e+01	3.118962e+02	1.505870e+02	1480	8.505189e-01	7.000000e-01	
1.506888e+02	1481	5.608543e+01	2.937552e+02	1.506888e+02	1481	8.396829e-01	7.000000e-01	
1.507905e+02	1482	4.705828e+01	3.456278e+02	1.507905e+02	1482	8.801631e-01	7.000000e-01	
1.508923e+02	1483	7.632214e+01	3.159366e+02	1.508923e+02	1483	8.054291e-01	7.000000e-01	
1.509940e+02	1484	5.587875e+01	3.215462e+02	1.509940e+02	1484	8.519474e-01	7.000000e-01	
1.510958e+02	1485	4.700542e+01	2.827802e+02	1.510958e+02	1485	8.574667e-01	7.000000e-01	
1.511975e+02	1486	6.224213e+01	3.242957e+02	1.511975e+02	1486	8.389753e-01	7.000000e-01	
1.512993e+02	1487	5.772256e+01	3.009779e+02	1.512993e+02	1487	8.390787e-01	7.000000e-01	
1.514010e+02	1488	5.593854e+01	2.887753e+02	1.514010e+02	1488	8.377247e-01	7.000000e-01	
1.515028e+02	1489	5.982411e+01	2.956671e+02	1.515028e+02	1489	8.317142e-01	7.000000e-01	
1.516045e+02	1490	6.717729e+01	3.146278e+02	1.516045e+02	1490	8.240534e-01	7.000000e-01	
1.517063e+02	1491	6.337295e+01	3.040358e+02	1.517063e+02	1491	8.275138e-01	7.000000e-01	
1.518080e+02	1492	5.391271e+01	2.944416e+02	1.518080e+02	1492	8.452360e-01	7.000000e-01	
1.519098e+02	1493	4.917035e+01	2.871375e+02	1.519098e+02	1493	8.537936e-01	7.000000e-01	
1.520115e+02	1494	5.915176e+01	3.066500e+02	1.520115e+02	1494	8.382956e-01	7.000000e-01	
1.521133e+02	1495	6.404015e+01	3.038292e+02	1.521133e+02	1495	8.259160e-01	7.000000e-01	
1.522150e+02	1496	6.770134e+01	3.168295e+02	1.522150e+02	1496	8.239378e-01	7.000000e-01	
1.523168e+02	1497	7.323363e+01	3.315314e+02	1.523168e+02	1497	8.190713e-01	7.000000e-01	
1.524185e+02	1498	6.027139e+01	3.115829e+02	1.524185e+02	1498	8.379166e-01	7.000000e-01	
1.525203e+02	1499	6.659309e+01	2.927655e+02	1.525203e+02	1499	8.146890e-01	7.000000e-01	
1.526220e+02	1500	5.455000e+01	2.659097e+02	1.526220e+02	1500	8.297758e-01	7.000000e-01	
1.527237e+02	1501	6.169022e+01	3.151713e+02	1.527237e+02	1501	8.363053e-01	7.000000e-01	
1.528255e+02	1502	5.851873e+01	2.673594e+02	1.528255e+02	1502	8.204276e-01	7.000000e-01	
1.529272e+02	1503	4.351213e+01	2.391831e+02	1.529272e+02	1503	8.460811e-01	7.000000e-01	
1.530290e+02	1504	5.365732e+01	2.611928e+02	1.530290e+02	1504	8.295782e-01	7.000000e-01	
1.531307e+02	1505	5.119806e+01	2.549822e+02	1.531307e+02	1505	8.327846e-01	7.000000e-01	
1.532325e+02	1506	4.914093e+01	2.311339e+02	1.532325e+02	1506	8.246688e-01	7.000000e-01	
1.533342e+02	1507	5.812508e+01	2.887423e+02	1.533342e+02	1507	8.324285e-01	7.000000e-01	
1.534360e+02	1508	4.691907e+01	2.598720e+02	1.534360e+02	1508	8.470651e-01	7.000000e-01	
1.535377e+02	1509	3.490280e+01	2.034863e+02	1.535377e+02	1509	8.535889e-01	7.000000e-01	
1.536395e+02	1510	4.682978e+01	2.587104e+02	1.536395e+02	1510	8.467312e-01	7.000000e-01	
1.537412e+02	1511	4.569689e+01	2.756031e+02	1.537412e+02	1511	8.577750e-01	7.000000e-01	
1.538430e+02	1512	3.925476e+01	2.018984e+02	1.538430e+02	1512	8.372206e-01	7.000000e-01	
1.539447e+02	1513	4.732901e+01	2.396340e+02	1.539447e+02	1513	8.350693e-01	7.000000e-01	
1.540465e+02	1514	6.770927e+01	2.600736e+02	1.540465e+02	1514	7.934326e-01	7.000000e-01	
1.541482e+02	1515	4.907806e+01	2.479050e+02	1.541482e+02	1515	8.347446e-01	7.000000e-01	
1.542500e+02	1516	4.925432e+01	3.062905e+02	1.542500e+02	1516	8.614680e-01	7.000000e-01	
1.543517e+02	1517	4.284127e+01	2.267836e+02	1.543517e+02	1517	8.411079e-01	7.000000e-01	
1.544535e+02	1518	5.039372e+01	2.697855e+02	1.544535e+02	1518	8.426078e-01	7.000000e-01	
1.545552e+02	1519	5.619755e+01	2.583844e+02	1.545552e+02	1519	8.213580e-01	7.000000e-01	
1.546570e+02	1520	4.434470e+01	2.383834e+02	1.546570e+02	1520	8.431543e-01	7.000000e-01	
1.547587e+02	1521	5.513189e+01	2.453167e+02	1.547587e+02	1521	8.165014e-01	7.000000e-01	
1.548605e+02	1522	7.312937e+01	2.387953e+02	1.548605e+02	1522	7.655544e-01	7.000000e-01	
1.549622e+02	1523	8.499583e+01	2.425468e+02	1.549622e+02	1523	7.405045e-01	7.000000e-01	
1.550640e+02	1524	3.763525e+01	2.945160e+02	1.550640e+02	1524	8.866924e-01	7.000000e-01	
1.551657e+02	1525	2.535168e+01	2.345681e+02	1.551657e+02	1525	9.024634e-01	7.000000e-01	
1.552674e+02	1526	3.361842e+01	2.362693e+02	1.552674e+02	1526	8.754355e-01	7.000000e-01	
1.553692e+02	1527	4.278583e+01	2.691313e+02	1.553692e+02	1527	8.628295e-01	7.000000e-01	
1.554709e+02	1528	5.916425e+01	2.507735e+02	1.554709e+02	1528	8.091092e-01	7.000000e-01	
1.555727e+02	1529	3.660123e+01	3.039692e+02	1.555727e+02	1529	8.925296e-01	7.000000e-01	
1.556744e+02	1530	6.871024e+01	2.549188e+02	1.556744e+02	1530	7.876883e-01	7.000000e-01	
1.557762e+02	1531	6.076487e+01	2.964193e+02	1.557762e+02	1531	8.298780e-01	7.000000e-01	
1.558779e+02	1532	1.083455e+02	1.962642e+02	1.558779e+02	1532	6.443137e-01	7.000000e-01	
1.559797e+02	1533	8.707168e+01	2.328573e+02	1.559797e+02	1533	7.278406e-01	7.000000e-01	
1.560814e+02	1534	1.041902e+02	2.163286e+02	1.560814e+02	1534	6.749326e-01	7.000000e-01	
1.561832e+02	1535	9.930146e+01	2.201326e+02	1.561832e+02	1535	6.891332e-01	7.000000e-01	
1.562849e+02	1536	8.664010e+01	3.115674e+02	1.562849e+02	1536	7.824247e-01	7.000000e-01	
1.563867e+02	1537	8.057117e+01	2.493011e+02	1.563867e+02	1537	7.557504e-01	7.000000e-01	
1.564884e+02	1538	8.002782e+01	2.853550e+02	1.564884e+02	1538	7.809754e-01	7.000000e-01	
1.565902e+02	1539	8.451041e+01	2.981976e+02	1.565902e+02	1539	7.791778e-01	7.000000e-01	
1.566919e+02	1540	6.044007e+01	3.377484e+02	1.566919e+02	1540	8.482124e-01	7.000000e-01	
1.567937e+02	1541	6.709317e+01	3.351766e+02	1.567937e+02	1541	8.332135e-01	7.000000e-01	
1.568954e+02	1542	6.498809e+01	3.201803e+02	1.568954e+02	1542	8.312736e-01	7.000000e-01	
1.569972e+02	1543	5.905988e+01	3.422515e+02	1.569972e+02	1543	8.528328e-01	7.000000e-01	
1.570989e+02	1544	7.649243e+01	3.142168e+02	1.570989e+02	1544	8.042216e-01	7.000000e-01	
1.572007e+02	1545	5.829282e+01	3.114701e+02	1.572007e+02	1545	8.423508e-01	7.000000e-01	
1.573024e+02	1546	5.400992e+01	3.220096e+02	1.573024e+02	1546	8.563641e-01	7.000000e-01	
1.574042e+02	1547	6.074648e+01	3.152094e+02	1.574042e+02	1547	8.384213e-01	7.000000e-01	
1.575059e+02	1548	6.871557e+01	3.383975e+02	1.575059e+02	1548	8.312126e-01	7.000000e-01	
1.576077e+02	1549	6.419388e+01	3.079067e+02	1.576077e+02	1549	8.274825e-01	7.000000e-01	
1.577094e+02	1550	3.219256e+01	2.785235e+02	1.577094e+02	1550	8.963924e-01	7.000000e-01	
1.578111e+02	1551	5.473449e+01	2.647617e+02	1.578111e+02	1551	8.286850e-01	7.000000e-01	
1.579129e+02	1552	5.591131e+01	3.183396e+02	1.579129e+02	1552	8.506047e-01	7.000000e-01	
1.580146e+02	1553	3.491827e+01	2.840958e+02	1.580146e+02	1553	8.905432e-01	7.000000e-01	
1.581164e+02	1554	5.525002e+01	3.028535e+02	1.581164e+02	1554	8.457149e-01	7.000000e-01	
1.582181e+02	1555	5.865826e+01	3.038185e+02	1.582181e+02	1555	8.381737e-01	7.000000e-01	
1.583199e+02	1556	6.321702e+01	3.019061e+02	1.583199e+02	1556	8.268611e-01	7.000000e-01	
1.584216e+02	1557	4.669960e+01	2.680805e+02	1.584216e+02	1557	8.516437e-01	7.000000e-01	
1.585234e+02	1558	6.062335e+01	3.123948e+02	1.585234e+02	1558	8.374788e-01	7.000000e-01	
1.586251e+02	1559	5.846628e+01	2.868811e+02	1.586251e+02	1559	8.307030e-01	7.000000e-01	
1.587269e+02	1560	4.605891e+01	2.624973e+02	1.587269e+02	1560	8.507277e-01	7.000000e-01	
1.588286e+02	1561	8.438480e+01	3.067162e+02	1.588286e+02	1561	7.842378e-01	7.000000e-01	
1.589304e+02	1562	8.213159e+01	3.154125e+02	1.589304e+02	1562	7.934026e-01	7.000000e-01	
1.590321e+02	1563	5.937948e+01	3.402509e+02	1.590321e+02	1563	8.514140e-01	7.000000e-01	
1.591339e+02	1564	6.177697e+01	2.902979e+02	1.591339e+02	1564	8.245346e-01	7.000000e-01	
1.592356e+02	1565	4.820290e+01	3.439872e+02	1.592356e+02	1565	8.770930e-01	7.000000e-01	
1.593374e+02	1566	9.025859e+01	3.494158e+02	1.593374e+02	1566	7.947149e-01	7.000000e-01	
1.594391e+02	1567	5.030916e+01	3.252683e+02	1.594391e+02	1567	8.660485e-01	7.000000e-01	
1.595409e+02	1568	6.827233e+01	3.272527e+02	1.595409e+02	1568	8.273881e-01	7.000000e-01	
1.596426e+02	1569	5.209475e+01	3.121867e+02	1.596426e+02	1569	8.569931e-01	7.000000e-01	
1.597444e+02	1570	4.770056e+01	3.309782e+02	1.597444e+02	1570	8.740342e-01	7.000000e-01	
1.598461e+02	1571	4.533585e+01	3.373157e+02	1.598461e+02	1571	8.815218e-01	7.000000e-01	
1.599479e+02	1572	4.472022e+01	3.110069e+02	1.599479e+02	1572	8.742850e-01	7.000000e-01	
1.600496e+02	1573	3.917374e+01	3.188452e+02	1.600496e+02	1573	8.905819e-01	7.000000e-01	
1.601514e+02	1574	4.414808e+01	3.026283e+02	1.601514e+02	1574	8.726901e-01	7.000000e-01	
1.602531e+02	1575	5.382963e+01	3.360890e+02	1.602531e+02	1575	8.619465e-01	7.000000e-01	
1.603548e+02	1576	4.050043e+01	3.387918e+02	1.603548e+02	1576	8.932210e-01	7.000000e-01	
1.604566e+02	1577	5.476552e+01	2.939714e+02	1.604566e+02	1577	8.429604e-01	7.000000e-01	
1.605583e+02	1578	2.806213e+01	3.359409e+02	1.605583e+02	1578	9.229069e-01	7.000000e-01	
1.606601e+02	1579	4.095594e+01	3.289952e+02	1.606601e+02	1579	8.892937e-01	7.000000e-01	
1.607618e+02	1580	4.403308e+01	2.959079e+02	1.607618e+02	1580	8.704685e-01	7.000000e-01	
1.608636e+02	1581	4.418872e+01	3.032973e+02	1.608636e+02	1581	8.728331e-01	7.000000e-01	
1.609653e+02	1582	4.058800e+01	3.160973e+02	1.609653e+02	1582	8.862078e-01	7.000000e-01	
1.610671e+02	1583	4.404054e+01	2.966227e+02	1.610671e+02	1583	8.707212e-01	7.000000e-01	
1.611688e+02	1584	5.086280e+01	2.723092e+02	1.611688e+02	1584	8.426138e-01	7.000000e-01	
1.612706e+02	1585	6.451363e+01	2.959670e+02	1.612706e+02	1585	8.210344e-01	7.000000e-01	
1.613723e+02	1586	5.992958e+01	2.619118e+02	1.613723e+02	1586	8.137916e-01	7.000000e-01	
1.614741e+02	1587	8.854725e+01	2.718513e+02	1.614741e+02	1587	7.543074e-01	7.000000e-01	
1.615758e+02	1588	6.577864e+01	2.632883e+02	1.615758e+02	1588	8.001056e-01	7.000000e-01	
1.616776e+02	1589	7.294824e+01	2.639820e+02	1.616776e+02	1589	7.834916e-01	7.000000e-01	
1.617793e+02	1590	6.962388e+01	2.708137e+02	1.617793e+02	1590	7.954871e-01	7.000000e-01	
1.618811e+02	1591	7.007456e+01	2.544709e+02	1.618811e+02	1591	7.840840e-01	7.000000e-01	
1.619828e+02	1592	4.517068e+01	2.458567e+02	1.619828e+02	1592	8.447889e-01	7.000000e-01	
1.620846e+02	1593	7.123685e+01	2.601048e+02	1.620846e+02	1593	7.850048e-01	7.000000e-01	
1.621863e+02	1594	7.151945e+01	2.527138e+02	1.621863e+02	1594	7.794198e-01	7.000000e-01	
1.622881e+02	1595	6.384791e+01	2.358910e+02	1.622881e+02	1595	7.869882e-01	7.000000e-01	
1.623898e+02	1596	5.116653e+01	2.352015e+02	1.623898e+02	1596	8.213260e-01	7.000000e-01	
1.624916e+02	1597	6.872749e+01	2.676418e+02	1.624916e+02	1597	7.956785e-01	7.000000e-01	
1.625933e+02	1598	6.862682e+01	2.524247e+02	1.625933e+02	1598	7.862436e-01	7.000000e-01	
1.626951e+02	1599	5.665340e+01	2.400246e+02	1.626951e+02	1599	8.090408e-01	7.000000e-01	
1.627968e+02	1600	6.841985e+01	2.725283e+02	1.627968e+02	1600	7.993248e-01	7.000000e-01	
1.628985e+02	1601	1.034257e+02	3.123111e+02	1.628985e+02	1601	7.512231e-01	7.000000e-01	
1.630003e+02	1602	7.225912e+01	2.579010e+02	1.630003e+02	1602	7.811392e-01	7.000000e-01	
1.631020e+02	1603	5.652175e+01	2.249417e+02	1.631020e+02	1603	7.991862e-01	7.000000e-01	
1.632038e+02	1604	7.269832e+01	2.702464e+02	1.632038e+02	1604	7.880174e-01	7.000000e-01	
1.633055e+02	1605	7.415236e+01	2.735756e+02	1.633055e+02	1605	7.867518e-01	7.000000e-01	
1.634073e+02	1606	6.500162e+01	2.475205e+02	1.634073e+02	1606	7.920095e-01	7.000000e-01	
1.635090e+02	1607	7.666527e+01	2.584838e+02	1.635090e+02	1607	7.712502e-01	7.000000e-01	
1.636108e+02	1608	7.165815e+01	2.674530e+02	1.636108e+02	1608	7.886883e-01	7.000000e-01	
1.637125e+02	1609	7.520264e+01	2.530898e+02	1.637125e+02	1609	7.709279e-01	7.000000e-01	
1.638143e+02	1610	7.560082e+01	2.571635e+02	1.638143e+02	1610	7.728097e-01	7.000000e-01	
1.639160e+02	1611	7.359157e+01	2.591822e+02	1.639160e+02	1611	7.788541e-01	7.000000e-01	
1.640178e+02	1612	7.616871e+01	2.566056e+02	1.640178e+02	1612	7.711100e-01	7.000000e-01	
1.641195e+02	1613	5.128023e+01	2.181248e+02	1.641195e+02	1613	8.096538e-01	7.000000e-01	
1.642213e+02	1614	3.768716e+01	2.206828e+02	1.642213e+02	1614	8.541349e-01	7.000000e-01	
1.643230e+02	1615	5.913773e+01	2.885190e+02	1.643230e+02	1615	8.298962e-01	7.000000e-01	
1.644248e+02	1616	3.394713e+01	2.302739e+02	1.644248e+02	1616	8.715200e-01	7.000000e-01	
1.645265e+02	1617	2.845447e+01	2.079427e+02	1.645265e+02	1617	8.796328e-01	7.000000e-01	
1.646283e+02	1618	5.408317e+01	2.140773e+02	1.646283e+02	1618	7.983179e-01	7.000000e-01	
1.647300e+02	1619	4.216731e+01	2.387126e+02	1.647300e+02	1619	8.498742e-01	7.000000e-01	
1.648318e+02	1620	4.207855e+01	1.623184e+02	1.648318e+02	1620	7.941332e-01	7.000000e-01	
1.649335e+02	1621	3.749775e+01	2.330097e+02	1.649335e+02	1621	8.613800e-01	7.000000e-01	
1.650353e+02	1622	3.712902e+01	2.049271e+02	1.650353e+02	1622	8.466099e-01	7.000000e-01	
1.651370e+02	1623	3.404802e+01	2.057303e+02	1.651370e+02	1623	8.580021e-01	7.000000e-01	
1.652388e+02	1624	7.443127e+01	2.291730e+02	1.652388e+02	1624	7.548412e-01	7.000000e-01	
1.653405e+02	1625	7.648288e+01	2.231936e+02	1.653405e+02	1625	7.447818e-01	7.000000e-01	
1.654422e+02	1626	6.145711e+01	2.144462e+02	1.654422e+02	1626	7.772513e-01	7.000000e-01	
1.655440e+02	1627	6.424923e+01	2.151500e+02	1.655440e+02	1627	7.700451e-01	7.000000e-01	
1.656457e+02	1628	7.653313e+01	2.090061e+02	1.656457e+02	1628	7.319698e-01	7.000000e-01	
1.657475e+02	1629	7.584770e+01	1.935074e+02	1.657475e+02	1629	7.184100e-01	7.000000e-01	
1.658492e+02	1630	7.925300e+01	2.282628e+02	1.658492e+02	1630	7.422799e-01	7.000000e-01	
1.659510e+02	1631	8.078768e+01	2.346369e+02	1.659510e+02	1631	7.438764e-01	7.000000e-01	
1.660527e+02	1632	7.598974e+01	1.942055e+02	1.660527e+02	1632	7.187599e-01	7.000000e-01	
1.661545e+02	1633	5.422519e+01	2.244892e+02	1.661545e+02	1633	8.054453e-01	7.000000e-01	
1.662562e+02	1634	2.465867e+01	3.094018e+02	1.662562e+02	1634	9.261850e-01	7.000000e-01	
1.663580e+02	1635	3.725273e+01	2.705487e+02	1.663580e+02	1635	8.789715e-01	7.000000e-01	
1.664597e+02	1636	3.419307e+01	2.648777e+02	1.664597e+02	1636	8.856690e-01	7.000000e-01	
1.665615e+02	1637	5.661010e+01	2.370816e+02	1.665615e+02	1637	8.072465e-01	7.000000e-01	
1.666632e+02	1638	5.416217e+01	2.199690e+02	1.666632e+02	1638	8.024224e-01	7.000000e-01	
1.667650e+02	1639	4.713605e+01	2.501649e+02	1.667650e+02	1639	8.414534e-01	7.000000e-01	
1.668667e+02	1640	4.268604e+01	2.594932e+02	1.668667e+02	1640	8.587393e-01	7.000000e-01	
1.669685e+02	1641	5.539655e+01	2.298249e+02	1.669685e+02	1641	8.057771e-01	7.000000e-01	
1.670702e+02	1642	9.871134e+01	4.178713e+02	1.670702e+02	1642	8.089147e-01	7.000000e-01	
1.671720e+02	1643	7.847195e+01	3.520524e+02	1.671720e+02	1643	8.177294e-01	7.000000e-01	
1.672737e+02	1644	1.050157e+02	3.585930e+02	1.672737e+02	1644	7.734820e-01	7.000000e-01	
1.673755e+02	1645	7.849969e+01	3.196343e+02	1.673755e+02	1645	8.028310e-01	7.000000e-01	
1.674772e+02	1646	7.555823e+01	3.187435e+02	1.674772e+02	1646	8.083746e-01	7.000000e-01	
1.675790e+02	1647	8.534617e+01	3.517175e+02	1.675790e+02	1647	8.047283e-01	7.000000e-01	
1.676807e+02	1648	7.492983e+01	2.883803e+02	1.676807e+02	1648	7.937579e-01	7.000000e-01	
1.677825e+02	1649	7.853494e+01	3.462510e+02	1.677825e+02	1649	8.151188e-01	7.000000e-01	
1.678842e+02	1650	5.969582e+01	2.838585e+02	1.678842e+02	1650	8.262405e-01	7.000000e-01	
1.679859e+02	1651	7.073738e+01	2.842516e+02	1.679859e+02	1651	8.007336e-01	7.000000e-01	
1.680877e+02	1652	5.439710e+01	2.639939e+02	1.680877e+02	1652	8.291500e-01	7.000000e-01	
1.681894e+02	1653	7.344638e+01	3.111607e+02	1.681894e+02	1653	8.090353e-01	7.000000e-01	
1.682912e+02	1654	6.613284e+01	2.709941e+02	1.682912e+02	1654	8.038340e-01	7.000000e-01	
1.683929e+02	1655	7.604544e+01	2.986129e+02	1.683929e+02	1655	7.970272e-01	7.000000e-01	
1.684947e+02	1656	5.353609e+01	2.421488e+02	1.684947e+02	1656	8.189421e-01	7.000000e-01	
1.685964e+02	1657	4.133068e+01	2.651308e+02	1.685964e+02	1657	8.651358e-01	7.000000e-01	
1.686982e+02	1658	3.825763e+01	2.716178e+02	1.686982e+02	1658	8.765387e-01	7.000000e-01	
1.687999e+02	1659	5.883294e+01	2.747243e+02	1.687999e+02	1659	8.236197e-01	7.000000e-01	
1.689017e+02	1660	4.763235e+01	2.269764e+02	1.689017e+02	1660	8.265447e-01	7.000000e-01	
1.690034e+02	1661	4.412607e+01	2.384633e+02	1.690034e+02	1661	8.438509e-01	7.000000e-01	
1.691052e+02	1662	4.893720e+01	2.095271e+02	1.691052e+02	1662	8.106617e-01	7.000000e-01	
1.692069e+02	1663	5.343066e+01	2.418937e+02	1.692069e+02	1663	8.190780e-01	7.000000e-01	
1.693087e+02	1664	4.254384e+01	2.429458e+02	1.693087e+02	1664	8.509794e-01	7.000000e-01	
1.694104e+02	1665	4.082374e+01	2.856353e+02	1.694104e+02	1665	8.749499e-01	7.000000e-01	
1.695122e+02	1666	4.721215e+01	1.948816e+02	1.695122e+02	1666	8.049840e-01	7.000000e-01	
1.696139e+02	1667	4.647152e+01	2.603668e+02	1.696139e+02	1667	8.485472e-01	7.000000e-01	
1.697157e+02	1668	4.696690e+01	2.068746e+02	1.697157e+02	1668	8.149755e-01	7.000000e-01	
1.698174e+02	1669	5.974269e+01	2.269175e+02	1.698174e+02	1669	7.915906e-01	7.000000e-01	
1.699192e+02	1670	4.672599e+01	1.530259e+02	1.699192e+02	1670	7.660799e-01	7.000000e-01	
1.700209e+02	1671	3.342047e+01	2.281678e+02	1.700209e+02	1671	8.722402e-01	7.000000e-01	
1.701227e+02	1672	4.912219e+01	1.994902e+02	1.701227e+02	1672	8.024146e-01	7.000000e-01	
1.702244e+02	1673	3.632959e+01	2.107077e+02	1.702244e+02	1673	8.529388e-01	7.000000e-01	
1.703262e+02	1674	4.548266e+01	1.969173e+02	1.703262e+02	1674	8.123652e-01	7.000000e-01	
1.704279e+02	1675	3.939212e+01	1.737721e+02	1.704279e+02	1675	8.152029e-01	7.000000e-01	
1.705296e+02	1676	4.446089e+01	2.106411e+02	1.705296e+02	1676	8.257133e-01	7.000000e-01	
1.706314e+02	1677	4.802470e+01	2.122881e+02	1.706314e+02	1677	8.155116e-01	7.000000e-01	
1.707331e+02	1678	3.410479e+01	2.062069e+02	1.707331e+02	1678	8.580810e-01	7.000000e-01	
1.708349e+02	1679	3.732269e+01	1.910815e+02	1.708349e+02	1679	8.365937e-01	7.000000e-01	
1.709366e+02	1680	2.440066e+01	1.945727e+02	1.709366e+02	1680	8.885679e-01	7.000000e-01	
1.710384e+02	1681	2.966871e+01	1.958618e+02	1.710384e+02	1681	8.684492e-01	7.000000e-01	
1.711401e+02	1682	3.717099e+01	1.818776e+02	1.711401e+02	1682	8.303071e-01	7.000000e-01	
1.712419e+02	1683	3.801724e+01	1.792753e+02	1.712419e+02	1683	8.250412e-01	7.000000e-01	
1.713436e+02	1684	3.693765e+01	1.864750e+02	1.713436e+02	1684	8.346663e-01	7.000000e-01	
1.714454e+02	1685	2.716288e+01	2.114347e+02	1.714454e+02	1685	8.861561e-01	7.000000e-01	
1.715471e+02	1686	3.224552e+01	2.010848e+02	1.715471e+02	1686	8.618031e-01	7.000000e-01	
1.716489e+02	1687	1.521124e+01	2.475532e+02	1.716489e+02	1687	9.421107e-01	7.000000e-01	
1.717506e+02	1688	4.997218e+01	2.072620e+02	1.717506e+02	1688	8.057327e-01	7.000000e-01	
1.718524e+02	1689	5.105476e+01	2.090360e+02	1.718524e+02	1689	8.037041e-01	7.000000e-01	
1.719541e+02	1690	3.790151e+01	2.326188e+02	1.719541e+02	1690	8.598940e-01	7.000000e-01	
1.720559e+02	1691	4.909163e+01	2.079322e+02	1.720559e+02	1691	8.089997e-01	7.000000e-01	
1.721576e+02	1692	3.747652e+01	2.195849e+02	1.721576e+02	1692	8.542118e-01	7.000000e-01	
1.722594e+02	1693	6.800634e+01	1.841157e+02	1.722594e+02	1693	7.302642e-01	7.000000e-01	
1.723611e+02	1694	6.001955e+01	1.711979e+02	1.723611e+02	1694	7.404195e-01	7.000000e-01	
1.724629e+02	1695	4.907415e+01	2.074167e+02	1.724629e+02	1695	8.086710e-01	7.000000e-01	
1.725646e+02	1696	5.430476e+01	2.045860e+02	1.725646e+02	1696	7.902406e-01	7.000000e-01	
1.726664e+02	1697	6.051742e+01	1.692368e+02	1.726664e+02	1697	7.365993e-01	7.000000e-01	
1.727681e+02	1698	6.464000e+01	1.851670e+02	1.727681e+02	1698	7.412402e-01	7.000000e-01	
1.728699e+02	1699	3.133678e+01	1.898240e+02	1.728699e+02	1699	8.583077e-01	7.000000e-01	
1.729716e+02	1700	2.364320e+01	2.021159e+02	1.729716e+02	1700	8.952724e-01	7.000000e-01	
1.730733e+02	1701	2.270143e+01	1.796222e+02	1.730733e+02	1701	8.877964e-01	7.000000e-01	
1.731751e+02	1702	4.259250e+01	2.239769e+02	1.731751e+02	1702	8.402198e-01	7.000000e-01	
1.732768e+02	1703	2.753764e+01	1.958090e+02	1.732768e+02	1703	8.767045e-01	7.000000e-01	
1.733786e+02	1704	2.833487e+01	1.862584e+02	1.733786e+02	1704	8.679601e-01	7.000000e-01	
1.734803e+02	1705	5.491944e+01	2.841376e+02	1.734803e+02	1705	8.380230e-01	7.000000e-01	
1.735821e+02	1706	4.588772e+01	3.138266e+02	1.735821e+02	1706	8.724329e-01	7.000000e-01	
1.736838e+02	1707	4.938187e+01	2.314410e+02	1.736838e+02	1707	8.241530e-01	7.000000e-01	
1.737856e+02	1708	6.417628e+01	2.600194e+02	1.737856e+02	1708	8.020446e-01	7.000000e-01	
1.738873e+02	1709	5.637933e+01	2.794053e+02	1.738873e+02	1709	8.320968e-01	7.000000e-01	
1.739891e+02	1710	5.398347e+01	2.888323e+02	1.739891e+02	1710	8.425292e-01	7.000000e-01	
1.740908e+02	1711	5.064551e+01	2.934081e+02	1.740908e+02	1711	8.527976e-01	7.000000e-01	
1.741926e+02	1712	4.606803e+01	2.805184e+02	1.741926e+02	1712	8.589408e-01	7.000000e-01	
1.742943e+02	1713	8.053237e+01	2.835859e+02	1.742943e+02	1713	7.788291e-01	7.000000e-01	
1.743961e+02	1714	7.118073e+01	2.652373e+02	1.743961e+02	1714	7.884158e-01	7.000000e-01	
1.744978e+02	1715	5.787171e+01	2.458926e+02	1.744978e+02	1715	8.094848e-01	7.000000e-01	
1.745996e+02	1716	5.496776e+01	2.509118e+02	1.745996e+02	1716	8.202961e-01	7.000000e-01	
1.747013e+02	1717	6.251978e+01	2.663923e+02	1.747013e+02	1717	8.099195e-01	7.000000e-01	
1.748031e+02	1718	8.110443e+01	2.636769e+02	1.748031e+02	1718	7.647656e-01	7.000000e-01	
1.749048e+02	1719	6.511452e+01	2.879003e+02	1.749048e+02	1719	8.155473e-01	7.000000e-01	
1.750066e+02	1720	7.163159e+01	2.501408e+02	1.750066e+02	1720	7.773843e-01	7.000000e-01	
1.751083e+02	1721	5.188534e+01	2.313306e+02	1.751083e+02	1721	8.167994e-01	7.000000e-01	
1.752101e+02	1722	5.761912e+01	2.679309e+02	1.752101e+02	1722	8.230099e-01	7.000000e-01	
1.753118e+02	1723	5.814785e+01	2.743511e+02	1.753118e+02	1723	8.251187e-01	7.000000e-01	
1.754136e+02	1724	6.643877e+01	2.652211e+02	1.754136e+02	1724	7.996780e-01	7.000000e-01	
1.755153e+02	1725	3.837397e+01	2.375848e+02	1.755153e+02	1725	8.609431e-01	7.000000e-01	
1.756170e+02	1726	5.982113e+01	2.754710e+02	1.756170e+02	1726	8.215850e-01	7.000000e-01	
1.757188e+02	1727	7.433775e+01	2.907625e+02	1.757188e+02	1727	7.963909e-01	7.000000e-01	
1.758205e+02	1728	7.176317e+01	2.869507e+02	1.758205e+02	1728	7.999431e-01	7.000000e-01	
1.759223e+02	1729	7.307524e+00	2.248033e+02	1.759223e+02	1729	9.685171e-01	7.000000e-01	
1.760240e+02	1730	2.298995e+01	2.014448e+02	1.760240e+02	1730	8.975651e-01	7.000000e-01	
1.761258e+02	1731	1.821038e+01	2.379972e+02	1.761258e+02	1731	9.289233e-01	7.000000e-01	
1.762275e+02	1732	6.737678e+01	2.268642e+02	1.762275e+02	1732	7.710150e-01	7.000000e-01	
1.763293e+02	1733	6.550176e+01	2.219232e+02	1.763293e+02	1733	7.721083e-01	7.000000e-01	
1.764310e+02	1734	4.247522e+01	2.348975e+02	1.764310e+02	1734	8.468659e-01	7.000000e-01	
1.765328e+02	1735	5.585899e+01	2.135875e+02	1.765328e+02	1735	7.926899e-01	7.000000e-01	
1.766345e+02	1736	6.903538e+01	2.279922e+02	1.766345e+02	1736	7.675792e-01	7.000000e-01	
1.767363e+02	1737	5.373998e+01	2.207716e+02	1.767363e+02	1737	8.042342e-01	7.000000e-01	
1.768380e+02	1738	5.342054e+01	1.939801e+02	1.768380e+02	1738	7.840727e-01	7.000000e-01	
1.769398e+02	1739	5.444771e+01	2.482666e+02	1.769398e+02	1739	8.201350e-01	7.000000e-01	
1.770415e+02	1740	6.645114e+01	2.178769e+02	1.770415e+02	1740	7.662871e-01	7.000000e-01	
1.771433e+02	1741	4.129328e+01	1.916988e+02	1.771433e+02	1741	8.227696e-01	7.000000e-01	
1.772450e+02	1742	6.043201e+01	2.249305e+02	1.772450e+02	1742	7.882272e-01	7.000000e-01	
1.773468e+02	1743	4.294457e+01	2.437558e+02	1.773468e+02	1743	8.502110e-01	7.000000e-01	
1.774485e+02	1744	3.406869e+01	2.211619e+02	1.774485e+02	1744	8.665180e-01	7.000000e-01	
1.775503e+02	1745	3.007021e+01	2.437420e+02	1.775503e+02	1745	8.901794e-01	7.000000e-01	
1.776520e+02	1746	5.717930e+01	2.334485e+02	1.776520e+02	1746	8.032559e-01	7.000000e-01	
1.777538e+02	1747	5.675915e+01	2.412012e+02	1.777538e+02	1747	8.095077e-01	7.000000e-01	
1.778555e+02	1748	4.211762e+01	2.413540e+02	1.778555e+02	1748	8.514221e-01	7.000000e-01	
1.779573e+02	1749	7.654513e+01	2.240021e+02	1.779573e+02	1749	7.453141e-01	7.000000e-01	
1.780590e+02	1750	5.296471e+01	2.464848e+02	1.780590e+02	1750	8.231264e-01	7.000000e-01	
1.781607e+02	1751	4.739257e+01	2.599280e+02	1.781607e+02	1751	8.457878e-01	7.000000e-01	
1.782625e+02	1752	7.135324e+01	2.303489e+02	1.782625e+02	1752	7.634977e-01	7.000000e-01	
1.783642e+02	1753	4.770446e+01	3.020775e+02	1.783642e+02	1753	8.636166e-01	7.000000e-01	
1.784660e+02	1754	5.473710e+01	2.402623e+02	1.784660e+02	1754	8.144501e-01	7.000000e-01	
1.785677e+02	1755	5.808164e+01	2.433352e+02	1.785677e+02	1755	8.073046e-01	7.000000e-01	
1.786695e+02	1756	5.032425e+01	2.924205e+02	1.786695e+02	1756	8.531728e-01	7.000000e-01	
1.787712e+02	1757	3.583321e+01	3.507328e+02	1.787712e+02	1757	9.073038e-01	7.000000e-01	
1.788730e+02	1758	4.823270e+01	3.219999e+02	1.788730e+02	1758	8.697232e-01	7.000000e-01	
1.789747e+02	1759	4.615425e+01	3.353424e+02	1.789747e+02	1759	8.790179e-01	7.000000e-01	
1.790765e+02	1760	6.054940e+01	2.166155e+02	1.790765e+02	1760	7.815402e-01	7.000000e-01	
1.791782e+02	1761	7.110721e+01	2.306312e+02	1.791782e+02	1761	7.643415e-01	7.000000e-01	
1.792800e+02	1762	5.731375e+01	2.184868e+02	1.792800e+02	1762	7.921913e-01	7.000000e-01	
1.793817e+02	1763	6.878422e+01	2.108539e+02	1.793817e+02	1763	7.540242e-01	7.000000e-01	
1.794835e+02	1764	5.180464e+01	2.141147e+02	1.794835e+02	1764	8.051866e-01	7.000000e-01	
1.795852e+02	1765	4.220602e+01	2.097222e+02	1.795852e+02	1765	8.324681e-01	7.000000e-01	
1.796870e+02	1766	4.735755e+01	2.105003e+02	1.796870e+02	1766	8.163424e-01	7.000000e-01	
1.797887e+02	1767	4.811120e+01	2.094429e+02	1.797887e+02	1767	8.131996e-01	7.000000e-01	
1.798905e+02	1768	3.377458e+01	2.106127e+02	1.798905e+02	1768	8.617989e-01	7.000000e-01	
1.799922e+02	1769	3.260317e+01	2.238695e+02	1.799922e+02	1769	8.728786e-01	7.000000e-01	
1.800940e+02	1770	3.334606e+01	2.287133e+02	1.800940e+02	1770	8.727538e-01	7.000000e-01	
1.801957e+02	1771	3.926257e+01	2.062407e+02	1.801957e+02	1771	8.400731e-01	7.000000e-01	
1.802975e+02	1772	3.682516e+01	2.568457e+02	1.802975e+02	1772	8.746040e-01	7.000000e-01	
1.803992e+02	1773	3.655321e+01	2.170611e+02	1.803992e+02	1773	8.558709e-01	7.000000e-01	
1.805010e+02	1774	2.176053e+01	2.656937e+02	1.805010e+02	1774	9.242991e-01	7.000000e-01	
1.806027e+02	1775	3.454624e+01	2.103708e+02	1.806027e+02	1775	8.589472e-01	7.000000e-01	
1.807044e+02	1776	4.183943e+01	2.281626e+02	1.807044e+02	1776	8.450403e-01	7.000000e-01	
1.808062e+02	1777	4.545446e+01	2.450797e+02	1.808062e+02	1777	8.435487e-01	7.000000e-01	
1.809079e+02	1778	1.746124e+01	1.815360e+02	1.809079e+02	1778	9.122539e-01	7.000000e-01	
1.810097e+02	1779	3.824236e+01	2.368253e+02	1.810097e+02	1779	8.609711e-01	7.000000e-01	
1.811114e+02	1780	5.371180e+01	2.641453e+02	1.811114e+02	1780	8.310190e-01	7.000000e-01	
1.812132e+02	1781	5.438560e+01	2.516870e+02	1.812132e+02	1781	8.223114e-01	7.000000e-01	
1.813149e+02	1782	5.932225e+01	2.555929e+02	1.813149e+02	1782	8.116247e-01	7.000000e-01	
1.814167e+02	1783	5.388233e+01	2.388529e+02	1.814167e+02	1783	8.159349e-01	7.000000e-01	
1.815184e+02	1784	2.400939e+01	2.650077e+02	1.815184e+02	1784	9.169274e-01	7.000000e-01	
1.816202e+02	1785	5.182019e+01	2.623654e+02	1.816202e+02	1785	8.350650e-01	7.000000e-01	
1.817219e+02	1786	5.086888e+01	2.322713e+02	1.817219e+02	1786	8.203403e-01	7.000000e-01	
1.818237e+02	1787	6.346846e+01	2.581375e+02	1.818237e+02	1787	8.026515e-01	7.000000e-01	
1.819254e+02	1788	5.676937e+01	2.323832e+02	1.819254e+02	1788	8.036698e-01	7.000000e-01	
1.820272e+02	1789	3.401550e+01	2.466541e+02	1.820272e+02	1789	8.788059e-01	7.000000e-01	
1.821289e+02	1790	4.307105e+01	2.416420e+02	1.821289e+02	1790	8.487212e-01	7.000000e-01	
1.822307e+02	1791	5.635680e+01	2.483246e+02	1.822307e+02	1791	8.150304e-01	7.000000e-01	
1.823324e+02	1792	5.673972e+01	2.591236e+02	1.823324e+02	1792	8.203662e-01	7.000000e-01	
1.824342e+02	1793	5.626277e+01	2.351235e+02	1.824342e+02	1793	8.069134e-01	7.000000e-01	
1.825359e+02	1794	5.987063e+01	2.270345e+02	1.825359e+02	1794	7.913226e-01	7.000000e-01	
1.826377e+02	1795	5.586668e+01	2.224580e+02	1.826377e+02	1795	7.992751e-01	7.000000e-01	
1.827394e+02	1796	5.507832e+01	2.684199e+02	1.827394e+02	1796	8.297415e-01	7.000000e-01	
1.828412e+02	1797	5.982997e+01	2.737650e+02	1.828412e+02	1797	8.206509e-01	7.000000e-01	
1.829429e+02	1798	4.622588e+01	2.694160e+02	1.829429e+02	1798	8.535496e-01	7.000000e-01	
1.830447e+02	1799	5.127592e+01	2.452887e+02	1.830447e+02	1799	8.271003e-01	7.000000e-01	
1.831464e+02	1800	5.572243e+01	2.682721e+02	1.831464e+02	1800	8.280143e-01	7.000000e-01	
1.832481e+02	1801	5.513032e+01	2.701399e+02	1.832481e+02	1801	8.305092e-01	7.000000e-01	
1.833499e+02	1802	6.765364e+01	2.242764e+02	1.833499e+02	1802	7.682539e-01	7.000000e-01	
1.834516e+02	1803	5.815274e+01	2.189030e+02	1.834516e+02	1803	7.901045e-01	7.000000e-01	
1.835534e+02	1804	6.566452e+01	2.299897e+02	1.835534e+02	1804	7.779010e-01	7.000000e-01	
1.836551e+02	1805	5.332228e+01	2.315809e+02	1.836551e+02	1805	8.128407e-01	7.000000e-01	
1.837569e+02	1806	5.465430e+01	2.320461e+02	1.837569e+02	1806	8.093679e-01	7.000000e-01	
1.838586e+02	1807	6.261535e+01	2.267323e+02	1.838586e+02	1807	7.835982e-01	7.000000e-01	
1.839604e+02	1808	8.461769e+01	2.540476e+02	1.839604e+02	1808	7.501436e-01	7.000000e-01	
1.840621e+02	1809	6.400907e+01	2.184549e+02	1.840621e+02	1809	7.733903e-01	7.000000e-01	
1.841639e+02	1810	1.084459e+02	2.395841e+02	1.841639e+02	1810	6.884007e-01	7.000000e-01	
1.842656e+02	1811	2.064495e+02	2.395219e+02	1.842656e+02	1811	5.370791e-01	7.000000e-01	
1.843674e+02	1812	2.050639e+02	2.431008e+02	1.843674e+02	1812	5.424363e-01	7.000000e-01	
1.844691e+02	1813	2.016492e+02	2.671494e+02	1.844691e+02	1813	5.698596e-01	7.000000e-01	
1.845709e+02	1814	2.069729e+02	2.486920e+02	1.845709e+02	1814	5.457783e-01	7.000000e-01	
1.846726e+02	1815	2.082532e+02	2.492844e+02	1.846726e+02	1815	5.448392e-01	7.000000e-01	
1.847744e+02	1816	1.988985e+02	2.736163e+02	1.847744e+02	1816	5.790640e-01	7.000000e-01	
1.848761e+02	1817	2.073038e+02	2.605061e+02	1.848761e+02	1817	5.568632e-01	7.000000e-01	
1.849779e+02	1818	2.089745e+02	2.475425e+02	1.849779e+02	1818	5.422416e-01	7.000000e-01	
1.850796e+02	1819	2.055654e+02	2.685070e+02	1.850796e+02	1819	5.663840e-01	7.000000e-01	
1.851814e+02	1820	2.081001e+02	2.500862e+02	1.851814e+02	1820	5.458177e-01	7.000000e-01	
1.852831e+02	1821	2.017033e+02	2.638371e+02	1.852831e+02	1821	5.667330e-01	7.000000e-01	
1.853849e+02	1822	2.450260e+02	2.611052e+02	1.853849e+02	1822	5.158844e-01	7.000000e-01	
1.854866e+02	1823	2.161412e+02	2.570118e+02	1.854866e+02	1823	5.431896e-01	7.000000e-01	
1.855884e+02	1824	2.238402e+02	2.481606e+02	1.855884e+02	1824	5.257631e-01	7.000000e-01	
1.856901e+02	1825	2.313161e+02	2.631144e+02	1.856901e+02	1825	5.321565e-01	7.000000e-01	
1.857918e+02	1826	2.316337e+02	2.707922e+02	1.857918e+02	1826	5.389694e-01	7.000000e-01	
1.858936e+02	1827	1.980405e+02	2.429524e+02	1.858936e+02	1827	5.509213e-01	7.000000e-01	
1.859953e+02	1828	2.039164e+02	2.427844e+02	1.859953e+02	1828	5.435056e-01	7.000000e-01	
1.860971e+02	1829	2.063181e+02	2.421168e+02	1.860971e+02	1829	5.399152e-01	7.000000e-01	
1.861988e+02	1830	2.266836e+02	2.527658e+02	1.861988e+02	1830	5.272002e-01	7.000000e-01	
1.863006e+02	1831	2.265273e+02	2.518541e+02	1.863006e+02	1831	5.264713e-01	7.000000e-01	
1.864023e+02	1832	2.106847e+02	2.453410e+02	1.864023e+02	1832	5.379982e-01	7.000000e-01	
1.865041e+02	1833	2.062646e+02	3.154627e+02	1.865041e+02	1833	6.046506e-01	7.000000e-01	
1.866058e+02	1834	2.212954e+02	3.403859e+02	1.866058e+02	1834	6.060125e-01	7.000000e-01	
1.867076e+02	1835	2.024067e+02	2.570847e+02	1.867076e+02	1835	5.594984e-01	7.000000e-01	
1.868093e+02	1836	1.872040e+02	2.966731e+02	1.868093e+02	1836	6.131166e-01	7.000000e-01	
1.869111e+02	1837	2.020803e+02	2.896966e+02	1.869111e+02	1837	5.890813e-01	7.000000e-01	
1.870128e+02	1838	2.037539e+02	2.785206e+02	1.870128e+02	1838	5.775147e-01	7.000000e-01	
1.871146e+02	1839	1.986853e+02	3.128246e+02	1.871146e+02	1839	6.115710e-01	7.000000e-01	
1.872163e+02	1840	2.031040e+02	2.947746e+02	1.872163e+02	1840	5.920612e-01	7.000000e-01	
1.873181e+02	1841	2.064293e+02	3.152745e+02	1.873181e+02	1841	6.043170e-01	7.000000e-01	
1.874198e+02	1842	1.942435e+02	3.112371e+02	1.874198e+02	1842	6.157251e-01	7.000000e-01	
1.875216e+02	1843	1.914231e+02	2.565697e+02	1.875216e+02	1843	5.727094e-01	7.000000e-01	
1.876233e+02	1844	1.974094e+02	2.650299e+02	1.876233e+02	1844	5.731128e-01	7.000000e-01	
1.877251e+02	1845	2.079822e+02	3.022704e+02	1.877251e+02	1845	5.923936e-01	7.000000e-01	
1.878268e+02	1846	1.988485e+02	2.795455e+02	1.878268e+02	1846	5.843416e-01	7.000000e-01	
1.879286e+02	1847	1.873774e+02	2.713702e+02	1.879286e+02	1847	5.915458e-01	7.000000e-01	
1.880303e+02	1848	2.051095e+02	2.807260e+02	1.880303e+02	1848	5.778211e-01	7.000000e-01	
1.881321e+02	1849	1.772430e+02	2.344921e+02	1.881321e+02	1849	5.695218e-01	7.000000e-01	
1.882338e+02	1850	2.025764e+02	3.004385e+02	1.882338e+02	1850	5.972755e-01	7.000000e-01	
1.883355e+02	1851	2.069622e+02	3.048969e+02	1.883355e+02	1851	5.956657e-01	7.000000e-01	
1.884373e+02	1852	2.192355e+02	3.204154e+02	1.884373e+02	1852	5.937457e-01	7.000000e-01	
1.885390e+02	1853	2.257367e+02	3.204144e+02	1.885390e+02	1853	5.866772e-01	7.000000e-01	
1.886408e+02	1854	2.261709e+02	3.357217e+02	1.886408e+02	1854	5.974838e-01	7.000000e-01	
1.887425e+02	1855	2.388800e+02	3.325340e+02	1.887425e+02	1855	5.819493e-01	7.000000e-01	
1.888443e+02	1856	2.427647e+02	3.246716e+02	1.888443e+02	1856	5.721728e-01	7.000000e-01	
1.889460e+02	1857	2.256434e+02	3.182593e+02	1.889460e+02	1857	5.851401e-01	7.000000e-01	
1.890478e+02	1858	2.482604e+02	3.154672e+02	1.890478e+02	1858	5.596093e-01	7.000000e-01	
1.891495e+02	1859	2.320335e+02	3.418184e+02	1.891495e+02	1859	5.956561e-01	7.000000e-01	
1.892513e+02	1860	2.437607e+02	3.564870e+02	1.892513e+02	1860	5.938998e-01	7.000000e-01	
1.893530e+02	1861	1.850909e+02	3.177177e+02	1.893530e+02	1861	6.318860e-01	7.000000e-01	
1.894548e+02	1862	2.094858e+02	2.937746e+02	1.894548e+02	1862	5.837427e-01	7.000000e-01	
1.895565e+02	1863	2.211254e+02	2.962009e+02	1.895565e+02	1863	5.725611e-01	7.000000e-01	
1.896583e+02	1864	2.251509e+02	2.866482e+02	1.896583e+02	1864	5.600795e-01	7.000000e-01	
1.897600e+02	1865	2.356343e+02	2.899332e+02	1.897600e+02	1865	5.516574e-01	7.000000e-01	
1.898618e+02	1866	2.312160e+02	2.754725e+02	1.898618e+02	1866	5.436723e-01	7.000000e-01	
1.899635e+02	1867	2.253606e+02	2.759493e+02	1.899635e+02	1867	5.504565e-01	7.000000e-01	
1.900653e+02	1868	2.183335e+02	2.902104e+02	1.900653e+02	1868	5.706693e-01	7.000000e-01	
1.901670e+02	1869	2.048020e+02	2.879285e+02	1.901670e+02	1869	5.843529e-01	7.000000e-01	
1.902688e+02	1870	2.219559e+02	2.802634e+02	1.902688e+02	1870	5.580498e-01	7.000000e-01	
1.903705e+02	1871	2.165393e+02	2.844907e+02	1.903705e+02	1871	5.678117e-01	7.000000e-01	
1.904723e+02	1872	2.170336e+02	3.148130e+02	1.904723e+02	1872	5.919244e-01	7.000000e-01	
1.905740e+02	1873	2.040435e+02	3.038587e+02	1.905740e+02	1873	5.982622e-01	7.000000e-01	
1.906758e+02	1874	2.243991e+02	2.740989e+02	1.906758e+02	1874	5.498495e-01	7.000000e-01	
1.907775e+02	1875	1.881977e+02	3.144766e+02	1.907775e+02	1875	6.256071e-01	7.000000e-01	
1.908792e+02	1876	2.269325e+02	2.646937e+02	1.908792e+02	1876	5.384044e-01	7.000000e-01	
1.909810e+02	1877	2.215551e+02	2.983786e+02	1.909810e+02	1877	5.738782e-01	7.000000e-01	
1.910827e+02	1878	2.234491e+02	2.924649e+02	1.910827e+02	1878	5.668869e-01	7.000000e-01	
1.911845e+02	1879	4.608599e+01	2.638726e+02	1.911845e+02	1879	8.513157e-01	7.000000e-01	
1.912862e+02	1880	3.802132e+01	2.403198e+02	1.912862e+02	1880	8.634003e-01	7.000000e-01	
1.913880e+02	1881	4.753493e+01	2.626901e+02	1.913880e+02	1881	8.467727e-01	7.000000e-01	
1.914897e+02	1882	2.227343e+01	2.597792e+02	1.914897e+02	1882	9.210309e-01	7.000000e-01	
1.915915e+02	1883	5.187429e+01	2.776746e+02	1.915915e+02	1883	8.425900e-01	7.000000e-01	
1.916932e+02	1884	3.834931e+01	2.497565e+02	1.916932e+02	1884	8.668916e-01	7.000000e-01	
1.917950e+02	1885	2.207718e+01	2.584451e+02	1.917950e+02	1885	9.212997e-01	7.000000e-01	
1.918967e+02	1886	4.075236e+01	2.626031e+02	1.918967e+02	1886	8.656614e-01	7.000000e-01	
1.919985e+02	1887	5.499061e+01	2.866419e+02	1.919985e+02	1887	8.390358e-01	7.000000e-01	
1.921002e+02	1888	4.529986e+01	2.656750e+02	1.921002e+02	1888	8.543295e-01	7.000000e-01	
1.922020e+02	1889	4.473884e+01	2.672763e+02	1.922020e+02	1889	8.566132e-01	7.000000e-01	
1.923037e+02	1890	4.991675e+01	3.163982e+02	1.923037e+02	1890	8.637327e-01	7.000000e-01	
1.924055e+02	1891	5.249219e+01	2.635158e+02	1.924055e+02	1891	8.338897e-01	7.000000e-01	
1.925072e+02	1892	4.767104e+01	3.034900e+02	1.925072e+02	1892	8.642474e-01	7.000000e-01	
1.926090e+02	1893	6.324017e+01	2.754194e+02	1.926090e+02	1893	8.132633e-01	7.000000e-01	
1.927107e+02	1894	4.828241e+01	2.886531e+02	1.927107e+02	1894	8.567013e-01	7.000000e-01	
1.928125e+02	1895	5.526146e+01	2.837222e+02	1.928125e+02	1895	8.369790e-01	7.000000e-01	
1.929142e+02	1896	4.252506e+01	3.213634e+02	1.929142e+02	1896	8.831371e-01	7.000000e-01	
1.930160e+02	1897	3.043965e+01	3.252725e+02	1.930160e+02	1897	9.144262e-01	7.000000e-01	
1.931177e+02	1898	5.871011e+01	2.488697e+02	1.931177e+02	1898	8.091224e-01	7.000000e-01	
1.932195e+02	1899	5.244358e+01	3.190788e+02	1.932195e+02	1899	8.588414e-01	7.000000e-01	
1.933212e+02	1900	6.018563e+01	2.962302e+02	1.933212e+02	1900	8.311365e-01	7.000000e-01	
1.934229e+02	1901	3.928877e+01	3.042204e+02	1.934229e+02	1901	8.856253e-01	7.000000e-01	
1.935247e+02	1902	4.342928e+01	3.025773e+02	1.935247e+02	1902	8.744842e-01	7.000000e-01	
1.936264e+02	1903	4.596101e+01	2.506130e+02	1.936264e+02	1903	8.450268e-01	7.000000e-01	
1.937282e+02	1904	5.205498e+01	2.916246e+02	1.937282e+02	1904	8.485363e-01	7.000000e-01	
1.938299e+02	1905	4.879600e+01	2.872289e+02	1.938299e+02	1905	8.547846e-01	7.000000e-01	
1.939317e+02	1906	4.894064e+01	3.079789e+02	1.939317e+02	1906	8.628805e-01	7.000000e-01	
1.940334e+02	1907	4.317591e+01	2.898086e+02	1.940334e+02	1907	8.703366e-01	7.000000e-01	
1.941352e+02	1908	5.848728e+01	2.885609e+02	1.941352e+02	1908	8.314722e-01	7.000000e-01	
1.942369e+02	1909	3.801435e+01	3.022219e+02	1.942369e+02	1909	8.882707e-01	7.000000e-01	
1.943387e+02	1910	5.676678e+01	2.868652e+02	1.943387e+02	1910	8.348036e-01	7.000000e-01	
1.944404e+02	1911	4.432392e+01	3.005002e+02	1.944404e+02	1911	8.714593e-01	7.000000e-01	
1.945422e+02	1912	6.620068e+01	2.689261e+02	1.945422e+02	1912	8.024608e-01	7.000000e-01	
1.946439e+02	1913	6.917853e+01	3.028070e+02	1.946439e+02	1913	8.140290e-01	7.000000e-01	
1.947457e+02	1914	5.613856e+01	2.772488e+02	1.947457e+02	1914	8.316116e-01	7.000000e-01	
1.948474e+02	1915	7.029053e+01	2.538534e+02	1.948474e+02	1915	7.831503e-01	7.000000e-01	
1.949492e+02	1916	5.593034e+01	2.962443e+02	1.949492e+02	1916	8.411858e-01	7.000000e-01	
1.950509e+02	1917	7.186257e+01	2.564320e+02	1.950509e+02	1917	7.811034e-01	7.000000e-01	
1.951527e+02	1918	5.674832e+01	2.524266e+02	1.951527e+02	1918	8.164524e-01	7.000000e-01	
1.952544e+02	1919	6.008745e+01	2.467873e+02	1.952544e+02	1919	8.041955e-01	7.000000e-01	
1.953562e+02	1920	1.110670e+02	2.929984e+02	1.953562e+02	1920	7.251262e-01	7.000000e-01	
1.954579e+02	1921	6.697385e+01	2.514026e+02	1.954579e+02	1921	7.896394e-01	7.000000e-01	
1.955597e+02	1922	7.273283e+01	2.445103e+02	1.955597e+02	1922	7.707347e-01	7.000000e-01	
1.956614e+02	1923	7.591542e+01	2.614035e+02	1.956614e+02	1923	7.749447e-01	7.000000e-01	
1.957632e+02	1924	7.635503e+01	2.728634e+02	1.957632e+02	1924	7.813545e-01	7.000000e-01	
1.958649e+02	1925	8.014270e+01	2.564663e+02	1.958649e+02	1925	7.619116e-01	7.000000e-01	
1.959666e+02	1926	5.074525e+01	1.749135e+02	1.959666e+02	1926	7.751239e-01	7.000000e-01	
1.960684e+02	1927	6.204320e+01	2.439051e+02	1.960684e+02	1927	7.972102e-01	7.000000e-01	
1.961701e+02	1928	8.853589e+01	3.488993e+02	1.961701e+02	1928	7.976023e-01	7.000000e-01	
1.962719e+02	1929	7.936371e+01	3.150774e+02	1.962719e+02	1929	7.987945e-01	7.000000e-01	
1.963736e+02	1930	7.643128e+01	3.254855e+02	1.963736e+02	1930	8.098331e-01	7.000000e-01	
1.964754e+02	1931	9.149966e+01	3.144382e+02	1.964754e+02	1931	7.745969e-01	7.000000e-01	
1.965771e+02	1932	9.724399e+01	3.376961e+02	1.965771e+02	1932	7.764198e-01	7.000000e-01	
1.966789e+02	1933	6.696305e+01	3.091869e+02	1.966789e+02	1933	8.219778e-01	7.000000e-01	
1.967806e+02	1934	4.581202e+01	3.406704e+02	1.967806e+02	1934	8.814642e-01	7.000000e-01	
1.968824e+02	1935	5.546286e+01	3.019281e+02	1.968824e+02	1935	8.448118e-01	7.000000e-01	
1.969841e+02	1936	6.910775e+01	3.140393e+02	1.969841e+02	1936	8.196313e-01	7.000000e-01	
1.970859e+02	1937	5.966328e+01	2.858934e+02	1.970859e+02	1937	8.273416e-01	7.000000e-01	
1.971876e+02	1938	4.876916e+01	2.614558e+02	1.971876e+02	1938	8.427942e-01	7.000000e-01	
1.972894e+02	1939	5.676808e+01	2.694419e+02	1.972894e+02	1939	8.259769e-01	7.000000e-01	
1.973911e+02	1940	4.763051e+01	2.571515e+02	1.973911e+02	1940	8.437227e-01	7.000000e-01	
1.974929e+02	1941	5.191266e+01	2.712102e+02	1.974929e+02	1941	8.393408e-01	7.000000e-01	
1.975946e+02	1942	6.160729e+01	2.941629e+02	1.975946e+02	1942	8.268340e-01	7.000000e-01	
1.976964e+02	1943	5.960155e+01	2.879094e+02	1.976964e+02	1943	8.284902e-01	7.000000e-01	
1.977981e+02	1944	6.122620e+01	2.815915e+02	1.977981e+02	1944	8.214030e-01	7.000000e-01	
1.978999e+02	1945	2.351168e+01	2.256103e+02	1.978999e+02	1945	9.056218e-01	7.000000e-01	
1.980016e+02	1946	2.999439e+01	2.242931e+02	1.980016e+02	1946	8.820454e-01	7.000000e-01	
1.981034e+02	1947	2.933855e+01	2.206296e+02	1.981034e+02	1947	8.826308e-01	7.000000e-01	
1.982051e+02	1948	2.313385e+01	2.246352e+02	1.982051e+02	1948	9.066314e-01	7.000000e-01	
1.983069e+02	1949	7.629557e+01	2.767596e+02	1.983069e+02	1949	7.838990e-01	7.000000e-01	
1.984086e+02	1950	4.855735e+01	2.849436e+02	1.984086e+02	1950	8.544012e-01	7.000000e-01	
1.985103e+02	1951	6.482747e+01	2.767489e+02	1.985103e+02	1951	8.102109e-01	7.000000e-01	
1.986121e+02	1952	8.499530e+01	2.943008e+02	1.986121e+02	1952	7.759131e-01	7.000000e-01	
1.987138e+02	1953	6.494814e+01	2.841369e+02	1.987138e+02	1953	8.139475e-01	7.000000e-01	
1.988156e+02	1954	8.237280e+01	3.157237e+02	1.988156e+02	1954	7.930833e-01	7.000000e-01	
1.989173e+02	1955	7.226013e+01	2.949595e+02	1.989173e+02	1955	8.032237e-01	7.000000e-01	
1.990191e+02	1956	5.531916e+01	1.805932e+02	1.990191e+02	1956	7.655097e-01	7.000000e-01	
1.991208e+02	1957	6.149550e+01	2.031892e+02	1.991208e+02	1957	7.676651e-01	7.000000e-01	
1.992226e+02	1958	6.171489e+01	2.371542e+02	1.992226e+02	1958	7.935053e-01	7.000000e-01	
1.993243e+02	1959	5.658594e+01	2.291397e+02	1.993243e+02	1959	8.019571e-01	7.000000e-01	
1.994261e+02	1960	5.999239e+01	1.581722e+02	1.994261e+02	1960	7.250132e-01	7.000000e-01	
1.995278e+02	1961	5.441586e+01	2.082400e+02	1.995278e+02	1961	7.928245e-01	7.000000e-01	
1.996296e+02	1962	7.270815e+01	2.336076e+02	1.996296e+02	1962	7.626366e-01	7.000000e-01	
1.997313e+02	1963	5.723945e+01	2.294440e+02	1.997313e+02	1963	8.003392e-01	7.000000e-01	
1.998331e+02	1964	6.731177e+01	2.255389e+02	1.998331e+02	1964	7.701499e-01	7.000000e-01	
1.999348e+02	1965	5.090751e+01	2.287377e+02	1.999348e+02	1965	8.179568e-01	7.000000e-01	
2.000366e+02	1966	7.303903e+01	2.478914e+02	2.000366e+02	1966	7.724148e-01	7.000000e-01	
2.001383e+02	1967	6.375565e+01	2.316960e+02	2.001383e+02	1967	7.842095e-01	7.000000e-01	
2.002401e+02	1968	6.722629e+01	2.556423e+02	2.002401e+02	1968	7.917844e-01	7.000000e-01	
2.003418e+02	1969	5.137291e+01	2.701239e+02	2.003418e+02	1969	8.402071e-01	7.000000e-01	
2.004436e+02	1970	6.094424e+01	2.627627e+02	2.004436e+02	1970	8.117302e-01	7.000000e-01	
2.005453e+02	1971	6.349267e+01	2.863658e+02	2.005453e+02	1971	8.185190e-01	7.000000e-01	
2.006471e+02	1972	6.460242e+01	2.615191e+02	2.006471e+02	1972	8.019069e-01	7.000000e-01	
2.007488e+02	1973	5.421966e+01	2.666038e+02	2.007488e+02	1973	8.309985e-01	7.000000e-01	
2.008506e+02	1974	5.018460e+01	2.354321e+02	2.008506e+02	1974	8.242939e-01	7.000000e-01	
2.009523e+02	1975	5.018559e+01	3.115579e+02	2.009523e+02	1975	8.612675e-01	7.000000e-01	
2.010540e+02	1976	5.957150e+01	2.653772e+02	2.010540e+02	1976	8.166741e-01	7.000000e-01	
2.011558e+02	1977	6.316488e+01	2.614200e+02	2.011558e+02	1977	8.053980e-01	7.000000e-01	
2.012575e+02	1978	5.017426e+01	3.172517e+02	2.012575e+02	1978	8.634439e-01	7.000000e-01	
2.013593e+02	1979	5.288490e+01	3.171252e+02	2.013593e+02	1979	8.570717e-01	7.000000e-01	
2.014610e+02	1980	5.509005e+01	3.517431e+02	2.014610e+02	1980	8.645881e-01	7.000000e-01	
2.015628e+02	1981	6.820626e+01	3.405977e+02	2.015628e+02	1981	8.331566e-01	7.000000e-01	
2.016645e+02	1982	4.058499e+01	3.001695e+02	2.016645e+02	1982	8.808967e-01	7.000000e-01	
2.017663e+02	1983	6.202104e+01	3.387196e+02	2.017663e+02	1983	8.452340e-01	7.000000e-01	
2.018680e+02	1984	5.507091e+01	3.443239e+02	2.018680e+02	1984	8.621141e-01	7.000000e-01	
2.019698e+02	1985	4.864775e+01	3.170216e+02	2.019698e+02	1985	8.669625e-01	7.000000e-01	
2.020715e+02	1986	6.104966e+01	3.372728e+02	2.020715e+02	1986	8.467331e-01	7.000000e-01	
2.021733e+02	1987	6.266635e+01	3.177043e+02	2.021733e+02	1987	8.352492e-01	7.000000e-01	
2.022750e+02	1988	6.352884e+01	3.286978e+02	2.022750e+02	1988	8.380303e-01	7.000000e-01	
2.023768e+02	1989	6.698836e+01	3.039343e+02	2.023768e+02	1989	8.194007e-01	7.000000e-01	
2.024785e+02	1990	6.392334e+01	3.344359e+02	2.024785e+02	1990	8.395334e-01	7.000000e-01	
2.025803e+02	1991	6.832840e+01	3.442912e+02	2.025803e+02	1991	8.344034e-01	7.000000e-01	
2.026820e+02	1992	5.260148e+01	3.308347e+02	2.026820e+02	1992	8.628156e-01	7.000000e-01	
2.027838e+02	1993	5.573136e+01	2.714991e+02	2.027838e+02	1993	8.296877e-01	7.000000e-01	
2.028855e+02	1994	5.689988e+01	3.335158e+02	2.028855e+02	1994	8.542582e-01	7.000000e-01	
2.029873e+02	1995	4.467999e+01	2.614436e+02	2.029873e+02	1995	8.540459e-01	7.000000e-01	
2.030890e+02	1996	4.442753e+01	2.662195e+02	2.030890e+02	1996	8.569839e-01	7.000000e-01	
2.031908e+02	1997	4.293806e+01	2.467281e+02	2.031908e+02	1997	8.517671e-01	7.000000e-01	
2.032925e+02	1998	3.708506e+01	2.825189e+02	2.032925e+02	1998	8.839656e-01	7.000000e-01	
2.033943e+02	1999	3.650015e+01	2.414109e+02	2.033943e+02	1999	8.686625e-01	7.000000e-01	
2.034960e+02	2000	3.935106e+01	2.255108e+02	2.034960e+02	2000	8.514280e-01	7.000000e-01	
2.035977e+02	2001	5.099434e+01	2.596585e+02	2.035977e+02	2001	8.358478e-01	7.000000e-01	
2.036995e+02	2002	4.969056e+01	2.086953e+02	2.036995e+02	2002	8.076885e-01	7.000000e-01	
2.038012e+02	2003	4.292865e+01	2.669431e+02	2.038012e+02	2003	8.614632e-01	7.000000e-01	
2.039030e+02	2004	5.614310e+01	2.343238e+02	2.039030e+02	2004	8.067143e-01	7.000000e-01	
2.040047e+02	2005	4.850620e+01	1.672104e+02	2.040047e+02	2005	7.751392e-01	7.000000e-01	
2.041065e+02	2006	6.673716e+01	2.204660e+02	2.041065e+02	2006	7.676308e-01	7.000000e-01	
2.042082e+02	2007	5.884481e+01	2.496910e+02	2.042082e+02	2007	8.092772e-01	7.000000e-01	
2.043100e+02	2008	5.971495e+01	2.167071e+02	2.043100e+02	2008	7.839718e-01	7.000000e-01	
2.044117e+02	2009	4.815416e+01	2.471900e+02	2.044117e+02	2009	8.369558e-01	7.000000e-01	
2.045135e+02	2010	5.188051e+01	2.180548e+02	2.045135e+02	2010	8.078039e-01	7.000000e-01	
2.046152e+02	2011	5.462868e+01	2.315429e+02	2.046152e+02	2011	8.091052e-01	7.000000e-01	
2.047170e+02	2012	4.091471e+01	2.380289e+02	2.047170e+02	2012	8.533226e-01	7.000000e-01	
2.048187e+02	2013	6.182790e+01	2.438757e+02	2.048187e+02	2013	7.977521e-01	7.000000e-01	
2.049205e+02	2014	4.410382e+01	2.280833e+02	2.049205e+02	2014	8.379651e-01	7.000000e-01	
2.050222e+02	2015	4.183420e+01	2.357446e+02	2.050222e+02	2015	8.492889e-01	7.000000e-01	
2.051240e+02	2016	5.530546e+01	2.534821e+02	2.051240e+02	2016	8.208948e-01	7.000000e-01	
2.052257e+02	2017	4.177658e+01	2.267308e+02	2.052257e+02	2017	8.444118e-01	7.000000e-01	
2.053275e+02	2018	5.166018e+01	2.401995e+02	2.053275e+02	2018	8.229965e-01	7.000000e-01	
2.054292e+02	2019	4.348521e+01	2.519202e+02	2.054292e+02	2019	8.527948e-01	7.000000e-01	
2.055310e+02	2020	3.669235e+01	2.270373e+02	2.055310e+02	2020	8.608714e-01	7.000000e-01	
2.056327e+02	2021	3.571376e+01	1.786818e+02	2.056327e+02	2021	8.334212e-01	7.000000e-01	
2.057345e+02	2022	4.187477e+01	2.417039e+02	2.057345e+02	2022	8.523346e-01	7.000000e-01	
2.058362e+02	2023	5.625766e+01	2.270815e+02	2.058362e+02	2023	8.014476e-01	7.000000e-01	
2.059380e+02	2024	5.437886e+01	2.367892e+02	2.059380e+02	2024	8.132389e-01	7.000000e-01	
2.060397e+02	2025	6.168736e+01	2.214463e+02	2.060397e+02	2025	7.821264e-01	7.000000e-01	
2.061414e+02	2026	7.060715e+01	2.261201e+02	2.061414e+02	2026	7.620470e-01	7.000000e-01	
2.062432e+02	2027	5.858085e+01	2.445485e+02	2.062432e+02	2027	8.067464e-01	7.000000e-01	
2.063449e+02	2028	6.764995e+01	2.190126e+02	2.063449e+02	2028	7.640084e-01	7.000000e-01	
2.064467e+02	2029	6.054906e+01	2.171476e+02	2.064467e+02	2029	7.819597e-01	7.000000e-01	
2.065484e+02	2030	6.595330e+01	2.136172e+02	2.065484e+02	2030	7.640906e-01	7.000000e-01	
2.066502e+02	2031	7.010230e+01	2.214895e+02	2.066502e+02	2031	7.595875e-01	7.000000e-01	
2.067519e+02	2032	7.766672e+01	2.208676e+02	2.067519e+02	2032	7.398399e-01	7.000000e-01	
2.068537e+02	2033	6.315929e+01	2.026374e+02	2.068537e+02	2033	7.623774e-01	7.000000e-01	
2.069554e+02	2034	6.569636e+01	2.216142e+02	2.069554e+02	2034	7.713403e-01	7.000000e-01	
2.070572e+02	2035	5.058613e+01	2.414858e+02	2.070572e+02	2035	8.268025e-01	7.000000e-01	
2.071589e+02	2036	6.231341e+01	2.603746e+02	2.071589e+02	2036	8.068927e-01	7.000000e-01	
2.072607e+02	2037	6.512888e+01	2.321979e+02	2.072607e+02	2037	7.809519e-01	7.000000e-01	
2.073624e+02	2038	6.499343e+01	2.301448e+02	2.073624e+02	2038	7.797865e-01	7.000000e-01	
2.074642e+02	2039	6.142070e+01	2.777926e+02	2.074642e+02	2039	8.189319e-01	7.000000e-01	
2.075659e+02	2040	6.174347e+01	2.908598e+02	2.075659e+02	2040	8.248925e-01	7.000000e-01	
2.076677e+02	2041	6.306263e+01	2.828646e+02	2.076677e+02	2041	8.176997e-01	7.000000e-01	
2.077694e+02	2042	5.421177e+01	2.608807e+02	2.077694e+02	2042	8.279496e-01	7.000000e-01	
2.078712e+02	2043	4.681094e+01	2.627236e+02	2.078712e+02	2043	8.487699e-01	7.000000e-01	
2.079729e+02	2044	6.190351e+01	2.725907e+02	2.079729e+02	2044	8.149340e-01	7.000000e-01	
2.080747e+02	2045	4.800600e+01	2.365674e+02	2.080747e+02	2045	8.313054e-01	7.000000e-01	
2.081764e+02	2046	5.048216e+01	2.540047e+02	2.081764e+02	2046	8.342058e-01	7.000000e-01	
2.082782e+02	2047	5.739904e+01	2.887146e+02	2.082782e+02	2047	8.341613e-01	7.000000e-01	
2.083799e+02	2048	6.390735e+01	2.867207e+02	2.083799e+02	2048	8.177346e-01	7.000000e-01	
2.084817e+02	2049	3.677361e+01	2.283094e+02	2.084817e+02	2049	8.612751e-01	7.000000e-01	
2.085834e+02	2050	4.494994e+01	2.773429e+02	2.085834e+02	2050	8.605308e-01	7.000000e-01	
2.086851e+02	2051	2.933838e+01	2.475892e+02	2.086851e+02	2051	8.940576e-01	7.000000e-01	
2.087869e+02	2052	3.412185e+01	2.024105e+02	2.087869e+02	2052	8.557413e-01	7.000000e-01	
2.088886e+02	2053	4.668523e+01	2.465789e+02	2.088886e+02	2053	8.408083e-01	7.000000e-01	
2.089904e+02	2054	6.131694e+01	2.545539e+02	2.089904e+02	2054	8.058797e-01	7.000000e-01	
2.090921e+02	2055	5.327435e+01	2.588479e+02	2.090921e+02	2055	8.293158e-01	7.000000e-01	
2.091939e+02	2056	7.376935e+01	2.825929e+02	2.091939e+02	2056	7.929934e-01	7.000000e-01	
2.092956e+02	2057	8.601211e+01	2.805616e+02	2.092956e+02	2057	7.653620e-01	7.000000e-01	
2.093974e+02	2058	9.182636e+01	2.926212e+02	2.093974e+02	2058	7.611472e-01	7.000000e-01	
2.094991e+02	2059	8.867395e+01	2.804852e+02	2.094991e+02	2059	7.597948e-01	7.000000e-01	
2.096009e+02	2060	5.350155e+01	2.946795e+02	2.096009e+02	2060	8.463399e-01	7.000000e-01	
2.097026e+02	2061	6.001071e+01	3.098678e+02	2.097026e+02	2061	8.377556e-01	7.000000e-01	
2.098044e+02	2062	5.992670e+01	2.803049e+02	2.098044e+02	2062	8.238650e-01	7.000000e-01	
2.099061e+02	2063	6.760354e+01	2.863188e+02	2.099061e+02	2063	8.089876e-01	7.000000e-01	
2.100079e+02	2064	7.108477e+01	2.879885e+02	2.100079e+02	2064	8.020327e-01	7.000000e-01	
2.101096e+02	2065	3.932505e+01	2.975759e+02	2.101096e+02	2065	8.832741e-01	7.000000e-01	
2.102114e+02	2066	5.193268e+01	2.567066e+02	2.102114e+02	2066	8.317366e-01	7.000000e-01	
2.103131e+02	2067	4.890345e+01	2.991983e+02	2.103131e+02	2067	8.595139e-01	7.000000e-01	
2.104149e+02	2068	3.927060e+01	2.975231e+02	2.104149e+02	2068	8.833987e-01	7.000000e-01	
2.105166e+02	2069	7.326669e+01	2.603639e+02	2.105166e+02	2069	7.803958e-01	7.000000e-01	
2.106184e+02	2070	6.139025e+01	2.788875e+02	2.106184e+02	2070	8.195878e-01	7.000000e-01	
2.107201e+02	2071	5.979013e+01	2.909876e+02	2.107201e+02	2071	8.295498e-01	7.000000e-01	
2.108219e+02	2072	6.488086e+01	2.812533e+02	2.108219e+02	2072	8.125557e-01	7.000000e-01	
2.109236e+02	2073	7.219343e+01	2.549249e+02	2.109236e+02	2073	7.793048e-01	7.000000e-01	
2.110254e+02	2074	7.279889e+01	2.594329e+02	2.110254e+02	2074	7.808792e-01	7.000000e-01	
2.111271e+02	2075	6.482519e+01	2.731489e+02	2.111271e+02	2075	8.081948e-01	7.000000e-01	
2.112288e+02	2076	7.106129e+01	2.762510e+02	2.112288e+02	2076	7.953966e-01	7.000000e-01	
2.113306e+02	2077	6.364490e+01	2.768724e+02	2.113306e+02	2077	8.130935e-01	7.000000e-01	
2.114323e+02	2078	6.475379e+01	2.850314e+02	2.114323e+02	2078	8.148756e-01	7.000000e-01	
2.115341e+02	2079	5.872867e+01	2.979027e+02	2.115341e+02	2079	8.353239e-01	7.000000e-01	
2.116358e+02	2080	4.956431e+01	2.989444e+02	2.116358e+02	2080	8.577817e-01	7.000000e-01	
2.117376e+02	2081	5.453197e+01	2.713013e+02	2.117376e+02	2081	8.326384e-01	7.000000e-01	
2.118393e+02	2082	5.672391e+01	2.912434e+02	2.118393e+02	2082	8.369849e-01	7.000000e-01	
2.119411e+02	2083	5.988149e+01	2.565238e+02	2.119411e+02	2083	8.107443e-01	7.000000e-01	
2.120428e+02	2084	5.644510e+01	2.257387e+02	2.120428e+02	2084	7.999704e-01	7.000000e-01	
2.121446e+02	2085	6.045407e+01	2.789497e+02	2.121446e+02	2085	8.218816e-01	7.000000e-01	
2.122463e+02	2086	5.807442e+01	2.193936e+02	2.122463e+02	2086	7.906987e-01	7.000000e-01	
2.123481e+02	2087	5.667144e+01	2.270506e+02	2.123481e+02	2087	8.002572e-01	7.000000e-01	
2.124498e+02	2088	4.943900e+01	2.844534e+02	2.124498e+02	2088	8.519313e-01	7.000000e-01	
2.125516e+02	2089	4.620099e+01	2.800807e+02	2.125516e+02	2089	8.584015e-01	7.000000e-01	
2.126533e+02	2090	4.104309e+01	3.011564e+02	2.126533e+02	2090	8.800609e-01	7.000000e-01	
2.127551e+02	2091	4.330501e+01	2.744428e+02	2.127551e+02	2091	8.637126e-01	7.000000e-01	
2.128568e+02	2092	4.960636e+01	2.697139e+02	2.128568e+02	2092	8.446501e-01	7.000000e-01	
2.129586e+02	2093	5.322314e+01	2.934681e+02	2.129586e+02	2093	8.464826e-01	7.000000e-01	
2.130603e+02	2094	2.630591e+01	3.090037e+02	2.130603e+02	2094	9.215474e-01	7.000000e-01	
2.131621e+02	2095	3.828142e+01	2.602817e+02	2.131621e+02	2095	8.717811e-01	7.000000e-01	
2.132638e+02	2096	4.942256e+01	2.705877e+02	2.132638e+02	2096	8.455595e-01	7.000000e-01	
2.133656e+02	2097	2.630996e+01	3.091048e+02	2.133656e+02	2097	9.215599e-01	7.000000e-01	
2.134673e+02	2098	3.589581e+01	2.524444e+02	2.134673e+02	2098	8.755088e-01	7.000000e-01	
2.135691e+02	2099	5.292300e+01	2.700274e+02	2.135691e+02	2099	8.361265e-01	7.000000e-01	
2.136708e+02	2100	4.205668e+01	2.652791e+02	2.136708e+02	2100	8.631572e-01	7.000000e-01	
2.137725e+02	2101	4.117327e+01	2.415419e+02	2.137725e+02	2101	8.543648e-01	7.000000e-01	
2.138743e+02	2102	5.173484e+01	2.752487e+02	2.138743e+02	2102	8.417815e-01	7.000000e-01	
2.139760e+02	2103	5.251697e+01	2.521193e+02	2.139760e+02	2103	8.276076e-01	7.000000e-01	
2.140778e+02	2104	5.890556e+01	2.568988e+02	2.140778e+02	2104	8.134745e-01	7.000000e-01	
2.141795e+02	2105	5.083302e+01	2.664793e+02	2.141795e+02	2105	8.398013e-01	7.000000e-01	
2.142813e+02	2106	7.867159e+01	2.520335e+02	2.142813e+02	2106	7.621095e-01	7.000000e-01	
2.143830e+02	2107	6.433352e+01	2.593260e+02	2.143830e+02	2107	8.012309e-01	7.000000e-01	
2.144848e+02	2108	7.274682e+01	2.577048e+02	2.144848e+02	2108	7.798564e-01	7.000000e-01	
2.145865e+02	2109	6.694236e+01	2.707009e+02	2.145865e+02	2109	8.017364e-01	7.000000e-01	
2.146883e+02	2110	5.958373e+01	2.671106e+02	2.146883e+02	2110	8.176163e-01	7.000000e-01	
2.147900e+02	2111	7.605066e+01	2.545563e+02	2.147900e+02	2111	7.699665e-01	7.000000e-01	
2.148918e+02	2112	6.275692e+01	2.592511e+02	2.148918e+02	2112	8.051076e-01	7.000000e-01	
2.149935e+02	2113	5.893540e+01	2.374922e+02	2.149935e+02	2113	8.011811e-01	7.000000e-01	
2.150953e+02	2114	7.649987e+01	2.743047e+02	2.150953e+02	2114	7.819302e-01	7.000000e-01	
2.151970e+02	2115	6.614763e+01	2.528880e+02	2.151970e+02	2115	7.926638e-01	7.000000e-01	
2.152988e+02	2116	6.534041e+01	2.463279e+02	2.152988e+02	2116	7.903527e-01	7.000000e-01	
2.154005e+02	2117	6.086934e+01	2.631767e+02	2.154005e+02	2117	8.121584e-01	7.000000e-01	
2.155023e+02	2118	7.570187e+01	3.552761e+02	2.155023e+02	2118	8.243486e-01	7.000000e-01	
2.156040e+02	2119	4.428298e+01	2.296681e+02	2.156040e+02	2119	8.383544e-01	7.000000e-01	
2.157058e+02	2120	6.870720e+01	2.592617e+02	2.157058e+02	2120	7.905070e-01	7.000000e-01	
2.158075e+02	2121	5.457158e+01	2.483197e+02	2.158075e+02	2121	8.198311e-01	7.000000e-01	
2.159093e+02	2122	3.521653e+01	2.145191e+02	2.159093e+02	2122	8.589848e-01	7.000000e-01	
2.160110e+02	2123	7.305195e+01	2.032922e+02	2.160110e+02	2123	7.356486e-01	7.000000e-01	
2.161128e+02	2124	6.542428e+01	2.488767e+02	2.161128e+02	2124	7.918419e-01	7.000000e-01	
2.162145e+02	2125	5.461535e+01	2.069554e+02	2.162145e+02	2125	7.912024e-01	7.000000e-01	
2.163162e+02	2126	4.419972e+01	2.309695e+02	2.163162e+02	2126	8.393726e-01	7.000000e-01	
2.164180e+02	2127	7.008109e+01	2.430449e+02	2.164180e+02	2127	7.761888e-01	7.000000e-01	
2.165197e+02	2128	6.822126e+01	2.434439e+02	2.165197e+02	2128	7.811072e-01	7.000000e-01	
2.166215e+02	2129	6.644917e+01	2.452256e+02	2.166215e+02	2129	7.867997e-01	7.000000e-01	
2.167232e+02	2130	6.159682e+01	2.541877e+02	2.167232e+02	2130	8.049403e-01	7.000000e-01	
2.168250e+02	2131	6.549541e+01	2.591055e+02	2.168250e+02	2131	7.982279e-01	7.000000e-01	
2.169267e+02	2132	8.780792e+01	2.679356e+02	2.169267e+02	2132	7.531707e-01	7.000000e-01	
2.170285e+02	2133	7.840728e+01	2.688502e+02	2.170285e+02	2133	7.742100e-01	7.000000e-01	
2.171302e+02	2134	7.652667e+01	2.709806e+02	2.171302e+02	2134	7.797840e-01	7.000000e-01	
2.172320e+02	2135	7.420668e+01	2.571521e+02	2.172320e+02	2135	7.760534e-01	7.000000e-01	
2.173337e+02	2136	7.644981e+01	2.435716e+02	2.173337e+02	2136	7.611103e-01	7.000000e-01	
2.174355e+02	2137	9.527422e+01	2.613215e+02	2.174355e+02	2137	7.328229e-01	7.000000e-01	
2.175372e+02	2138	6.915990e+01	2.790831e+02	2.175372e+02	2138	8.014033e-01	7.000000e-01	
2.176390e+02	2139	8.778955e+01	2.619365e+02	2.176390e+02	2139	7.489762e-01	7.000000e-01	
2.177407e+02	2140	1.121096e+02	2.564543e+02	2.177407e+02	2140	6.958205e-01	7.000000e-01	
2.178425e+02	2141	8.571335e+01	2.650677e+02	2.178425e+02	2141	7.556500e-01	7.000000e-01	
2.179442e+02	2142	8.032609e+01	2.706406e+02	2.179442e+02	2142	7.711290e-01	7.000000e-01	
2.180460e+02	2143	7.274571e+01	3.181896e+02	2.180460e+02	2143	8.139188e-01	7.000000e-01	
2.181477e+02	2144	8.500360e+01	2.762164e+02	2.181477e+02	2144	7.646764e-01	7.000000e-01	
2.182495e+02	2145	8.020210e+01	3.161587e+02	2.182495e+02	2145	7.976538e-01	7.000000e-01	
2.183512e+02	2146	5.637371e+01	3.473406e+02	2.183512e+02	2146	8.603624e-01	7.000000e-01	
2.184530e+02	2147	7.737517e+01	3.403207e+02	2.184530e+02	2147	8.147572e-01	7.000000e-01	
2.185547e+02	2148	5.844256e+01	3.436049e+02	2.185547e+02	2148	8.546377e-01	7.000000e-01	
2.186565e+02	2149	5.637391e+01	3.473405e+02	2.186565e+02	2149	8.603619e-01	7.000000e-01	
2.187582e+02	2150	7.016689e+01	3.260531e+02	2.187582e+02	2150	8.229093e-01	7.000000e-01	
2.188599e+02	2151	7.812618e+01	3.194965e+02	2.188599e+02	2151	8.035168e-01	7.000000e-01	
2.189617e+02	2152	8.486276e+01	3.222710e+02	2.189617e+02	2152	7.915605e-01	7.000000e-01	
2.190634e+02	2153	7.370071e+01	3.345020e+02	2.190634e+02	2153	8.194507e-01	7.000000e-01	
2.191652e+02	2154	7.793421e+01	2.683101e+02	2.191652e+02	2154	7.749156e-01	7.000000e-01	
2.192669e+02	2155	5.359944e+01	2.921623e+02	2.192669e+02	2155	8.449816e-01	7.000000e-01	
2.193687e+02	2156	6.828640e+01	2.902416e+02	2.193687e+02	2156	8.095368e-01	7.000000e-01	
2.194704e+02	2157	8.302317e+01	2.584314e+02	2.194704e+02	2157	7.568544e-01	7.000000e-01	
2.195722e+02	2158	5.925083e+01	3.399257e+02	2.195722e+02	2158	8.515674e-01	7.000000e-01	
2.196739e+02	2159	8.697269e+01	2.802344e+02	2.196739e+02	2159	7.631508e-01	7.000000e-01	
2.197757e+02	2160	8.701130e+01	2.520168e+02	2.197757e+02	2160	7.433508e-01	7.000000e-01	
2.198774e+02	2161	6.800105e+01	2.562599e+02	2.198774e+02	2161	7.902891e-01	7.000000e-01	
2.199792e+02	2162	6.223473e+01	2.573154e+02	2.199792e+02	2162	8.052427e-01	7.000000e-01	
2.200809e+02	2163	7.538692e+01	3.145981e+02	2.200809e+02	2163	8.066928e-01	7.000000e-01	
2.201827e+02	2164	7.870204e+01	2.621785e+02	2.201827e+02	2164	7.691213e-01	7.000000e-01	
2.202844e+02	2165	6.222324e+01	2.572787e+02	2.202844e+02	2165	8.052493e-01	7.000000e-01	
2.203862e+02	2166	8.148782e+01	2.745215e+02	2.203862e+02	2166	7.711076e-01	7.000000e-01	
2.204879e+02	2167	7.079192e+01	2.847170e+02	2.204879e+02	2167	8.008716e-01	7.000000e-01	
2.205897e+02	2168	1.132960e+02	3.007307e+02	2.205897e+02	2168	7.263558e-01	7.000000e-01	
2.206914e+02	2169	1.110913e+02	2.695106e+02	2.206914e+02	2169	7.081168e-01	7.000000e-01	
2.207932e+02	2170	1.102012e+02	2.604478e+02	2.207932e+02	2170	7.026804e-01	7.000000e-01	
2.208949e+02	2171	1.132968e+02	3.007424e+02	2.208949e+02	2171	7.263621e-01	7.000000e-01	
2.209967e+02	2172	9.481778e+01	2.339690e+02	2.209967e+02	2172	7.116132e-01	7.000000e-01	
2.210984e+02	2173	1.000443e+02	2.320723e+02	2.210984e+02	2173	6.987675e-01	7.000000e-01	
2.212002e+02	2174	1.095799e+02	2.725879e+02	2.212002e+02	2174	7.132676e-01	7.000000e-01	
2.213019e+02	2175	1.078525e+02	2.564416e+02	2.213019e+02	2175	7.039411e-01	7.000000e-01	
2.214036e+02	2176	5.894413e+01	2.082538e+02	2.214036e+02	2176	7.793990e-01	7.000000e-01	
2.215054e+02	2177	7.266391e+01	2.773418e+02	2.215054e+02	2177	7.923922e-01	7.000000e-01	
2.216071e+02	2178	8.450381e+01	2.056051e+02	2.216071e+02	2178	7.087169e-01	7.000000e-01	
2.217089e+02	2179	7.375528e+01	2.963369e+02	2.217089e+02	2179	8.007111e-01	7.000000e-01	
2.218106e+02	2180	7.601880e+01	2.568322e+02	2.218106e+02	2180	7.716131e-01	7.000000e-01	
2.219124e+02	2181	8.187679e+01	2.279202e+02	2.219124e+02	2181	7.357082e-01	7.000000e-01	
2.220141e+02	2182	5.269474e+01	3.078896e+02	2.220141e+02	2182	8.538629e-01	7.000000e-01	
2.221159e+02	2183	5.577213e+01	2.908215e+02	2.221159e+02	2183	8.390850e-01	7.000000e-01	
2.222176e+02	2184	6.355008e+01	3.413865e+02	2.222176e+02	2184	8.430616e-01	7.000000e-01	
2.223194e+02	2185	5.306482e+01	3.202667e+02	2.223194e+02	2185	8.578614e-01	7.000000e-01	
2.224211e+02	2186	6.057386e+01	3.138439e+02	2.224211e+02	2186	8.382185e-01	7.000000e-01	
2.225229e+02	2187	7.140041e+01	2.773603e+02	2.225229e+02	2187	7.952739e-01	7.000000e-01	
2.226246e+02	2188	6.280492e+01	2.684753e+02	2.226246e+02	2188	8.104175e-01	7.000000e-01	
2.227264e+02	2189	5.704015e+01	3.234198e+02	2.227264e+02	2189	8.500758e-01	7.000000e-01	
2.228281e+02	2190	6.524731e+01	2.954823e+02	2.228281e+02	2190	8.191241e-01	7.000000e-01	
2.229299e+02	2191	7.255182e+01	3.025684e+02	2.229299e+02	2191	8.065905e-01	7.000000e-01	
2.230316e+02	2192	6.412265e+01	2.701598e+02	2.230316e+02	2192	8.081782e-01	7.000000e-01	
2.231334e+02	2193	8.344029e+01	2.894140e+02	2.231334e+02	2193	7.762121e-01	7.000000e-01	
2.232351e+02	2194	7.961253e+01	2.878257e+02	2.232351e+02	2194	7.833308e-01	7.000000e-01	
2.233369e+02	2195	6.655697e+01	2.998336e+02	2.233369e+02	2195	8.183442e-01	7.000000e-01	
2.234386e+02	2196	8.075342e+01	2.851691e+02	2.234386e+02	2196	7.793155e-01	7.000000e-01	
2.235404e+02	2197	8.743555e+01	3.014760e+02	2.235404e+02	2197	7.751788e-01	7.000000e-01	
2.236421e+02	2198	1.005592e+02	2.465094e+02	2.236421e+02	2198	7.102613e-01	7.000000e-01	
2.237439e+02	2199	8.161004e+01	2.810424e+02	2.237439e+02	2199	7.749635e-01	7.000000e-01	
2.238456e+02	2200	6.810539e+01	2.748612e+02	2.238456e+02	2200	8.014227e-01	7.000000e-01	
2.239473e+02	2201	8.455363e+01	2.970068e+02	2.239473e+02	2201	7.784004e-01	7.000000e-01	
2.240491e+02	2202	6.896479e+01	2.840481e+02	2.240491e+02	2202	8.046395e-01	7.000000e-01	
2.241508e+02	2203	8.194804e+01	2.806761e+02	2.241508e+02	2203	7.740138e-01	7.000000e-01	
2.242526e+02	2204	7.027216e+01	3.045244e+02	2.242526e+02	2204	8.125059e-01	7.000000e-01	
2.243543e+02	2205	7.137405e+01	3.048926e+02	2.243543e+02	2205	8.103099e-01	7.000000e-01	
2.244561e+02	2206	7.035862e+01	2.814963e+02	2.244561e+02	2206	8.000351e-01	7.000000e-01	
2.245578e+02	2207	6.153750e+01	3.152717e+02	2.245578e+02	2207	8.366879e-01	7.000000e-01	
2.246596e+02	2208	6.990124e+01	2.911209e+02	2.246596e+02	2208	8.063796e-01	7.000000e-01	
2.247613e+02	2209	5.561642e+01	3.056744e+02	2.247613e+02	2209	8.460619e-01	7.000000e-01	
2.248631e+02	2210	7.440795e+01	2.982582e+02	2.248631e+02	2210	8.003362e-01	7.000000e-01	
2.249648e+02	2211	6.801858e+01	2.921810e+02	2.249648e+02	2211	8.111642e-01	7.000000e-01	
2.250666e+02	2212	7.277422e+01	3.027068e+02	2.250666e+02	2212	8.061840e-01	7.000000e-01	
2.251683e+02	2213	5.582869e+01	2.975903e+02	2.251683e+02	2213	8.420326e-01	7.000000e-01	
2.252701e+02	2214	5.027246e+01	3.130869e+02	2.252701e+02	2214	8.616453e-01	7.000000e-01	
2.253718e+02	2215	5.003106e+01	2.814479e+02	2.253718e+02	2215	8.490672e-01	7.000000e-01	
2.254736e+02	2216	4.870030e+01	2.743809e+02	2.254736e+02	2216	8.492630e-01	7.000000e-01	
2.255753e+02	2217	5.335410e+01	3.285770e+02	2.255753e+02	2217	8.603044e-01	7.000000e-01	
2.256771e+02	2218	5.632849e+01	2.972053e+02	2.256771e+02	2218	8.406701e-01	7.000000e-01	
2.257788e+02	2219	5.172590e+01	2.567494e+02	2.257788e+02	2219	8.323175e-01	7.000000e-01	
2.258806e+02	2220	5.437634e+01	2.596712e+02	2.258806e+02	2220	8.268532e-01	7.000000e-01	
2.259823e+02	2221	4.828790e+01	2.610158e+02	2.259823e+02	2221	8.438819e-01	7.000000e-01	
2.260841e+02	2222	4.776218e+01	2.787701e+02	2.260841e+02	2222	8.537291e-01	7.000000e-01	
2.261858e+02	2223	5.128019e+01	2.758066e+02	2.261858e+02	2223	8.432215e-01	7.000000e-01	
2.262876e+02	2224	4.889129e+01	2.634153e+02	2.262876e+02	2224	8.434510e-01	7.000000e-01	
2.263893e+02	2225	8.032363e+01	2.730223e+02	2.263893e+02	2225	7.726771e-01	7.000000e-01	
2.264910e+02	2226	6.831037e+01	2.813247e+02	2.264910e+02	2226	8.046238e-01	7.000000e-01	
2.265928e+02	2227	8.391466e+01	2.734453e+02	2.265928e+02	2227	7.651817e-01	7.000000e-01	
2.266945e+02	2228	7.024784e+01	2.701684e+02	2.266945e+02	2228	7.936413e-01	7.000000e-01	
2.267963e+02	2229	9.624889e+01	2.434520e+02	2.267963e+02	2229	7.166658e-01	7.000000e-01	
2.268980e+02	2230	7.539411e+01	2.730546e+02	2.268980e+02	2230	7.836292e-01	7.000000e-01	
2.269998e+02	2231	8.185207e+01	2.740413e+02	2.269998e+02	2231	7.700096e-01	7.000000e-01	
2.271015e+02	2232	7.113115e+01	2.392986e+02	2.271015e+02	2232	7.708623e-01	7.000000e-01	
2.272033e+02	2233	6.848737e+01	2.984970e+02	2.272033e+02	2233	8.133780e-01	7.000000e-01	
2.273050e+02	2234	3.987733e+01	2.731696e+02	2.273050e+02	2234	8.726155e-01	7.000000e-01	
2.274068e+02	2235	4.217903e+01	2.324299e+02	2.274068e+02	2235	8.464033e-01	7.000000e-01	
2.275085e+02	2236	5.767664e+01	2.933859e+02	2.275085e+02	2236	8.357084e-01	7.000000e-01	
2.276103e+02	2237	7.948535e+01	2.698300e+02	2.276103e+02	2237	7.724539e-01	7.000000e-01	
2.277120e+02	2238	7.484158e+01	2.803652e+02	2.277120e+02	2238	7.893014e-01	7.000000e-01	
2.278138e+02	2239	8.059600e+01	2.795235e+02	2.278138e+02	2239	7.761965e-01	7.000000e-01	
2.279155e+02	2240	5.907105e+01	2.875689e+02	2.279155e+02	2240	8.295896e-01	7.000000e-01	
2.280173e+02	2241	7.383784e+01	2.877003e+02	2.280173e+02	2241	7.957675e-01	7.000000e-01	
2.281190e+02	2242	4.761014e+01	2.632042e+02	2.281190e+02	2242	8.468213e-01	7.000000e-01	
2.282208e+02	2243	4.173597e+01	3.185191e+02	2.282208e+02	2243	8.841488e-01	7.000000e-01	
2.283225e+02	2244	6.013715e+01	3.085265e+02	2.283225e+02	2244	8.368780e-01	7.000000e-01	
2.284243e+02	2245	5.197498e+01	2.935092e+02	2.284243e+02	2245	8.495590e-01	7.000000e-01	
2.285260e+02	2246	5.982190e+01	2.714660e+02	2.285260e+02	2246	8.194262e-01	7.000000e-01	
2.286278e+02	2247	3.878593e+01	2.657164e+02	2.286278e+02	2247	8.726252e-01	7.000000e-01	
2.287295e+02	2248	5.312683e+01	2.620720e+02	2.287295e+02	2248	8.314498e-01	7.000000e-01	
2.288313e+02	2249	5.471039e+01	2.757150e+02	2.288313e+02	2249	8.344244e-01	7.000000e-01	
2.289330e+02	2250	6.987717e+01	3.067816e+02	2.289330e+02	2250	8.144815e-01	7.000000e-01	
2.290347e+02	2251	5.593836e+01	2.434567e+02	2.290347e+02	2251	8.131620e-01	7.000000e-01	
2.291365e+02	2252	5.660078e+01	2.615243e+02	2.291365e+02	2252	8.220801e-01	7.000000e-01	
2.292382e+02	2253	6.428749e+01	2.729811e+02	2.292382e+02	2253	8.093879e-01	7.000000e-01	
2.293400e+02	2254	5.843651e+01	2.535606e+02	2.293400e+02	2254	8.127018e-01	7.000000e-01	
2.294417e+02	2255	4.980736e+01	2.504688e+02	2.294417e+02	2255	8.341282e-01	7.000000e-01	
2.295435e+02	2256	6.616441e+01	2.200362e+02	2.295435e+02	2256	7.688181e-01	7.000000e-01	
2.296452e+02	2257	2.117795e+02	1.512232e+01	2.296452e+02	2257	6.664698e-02	0	
2.297470e+02	2258	1.975651e+02	2.401149e+01	2.297470e+02	2258	1.083665e-01	0	
2.298487e+02	2259	2.172524e+02	1.796391e+01	2.298487e+02	2259	7.637187e-02	0	
2.299505e+02	2260	1.921925e+02	2.677514e+01	2.299505e+02	2260	1.222790e-01	0	
2.300522e+02	2261	2.045329e+02	2.092634e+01	2.300522e+02	2261	9.281651e-02	0	
2.301540e+02	2262	2.331615e+02	2.881497e+01	2.301540e+02	2262	1.099907e-01	0	
2.302557e+02	2263	2.241833e+02	1.760156e+01	2.302557e+02	2263	7.279844e-02	0	
2.303575e+02	2264	2.061259e+02	3.962118e+01	2.303575e+02	2264	1.612275e-01	0	
2.304592e+02	2265	1.949701e+02	2.438412e+01	2.304592e+02	2265	1.111632e-01	0	
2.305610e+02	2266	2.240802e+02	2.648488e+01	2.305610e+02	2266	1.057006e-01	0	
2.306627e+02	2267	2.157845e+02	2.009159e+01	2.306627e+02	2267	8.517858e-02	0	
2.307645e+02	2268	2.147921e+02	2.168302e+01	2.307645e+02	2268	9.169261e-02	0	
2.308662e+02	2269	2.294684e+02	1.784474e-01	2.308662e+02	2269	7.770514e-04	0	
2.309680e+02	2270	2.299320e+02	3.416982e+00	2.309680e+02	2270	1.464323e-02	0	
2.310697e+02	2271	2.184898e+02	-1.529093e+01	2.310697e+02	2271	-7.525106e-02	0	
2.311715e+02	2272	2.371803e+02	2.640146e+01	2.311715e+02	2272	1.001642e-01	0	
2.312732e+02	2273	2.485451e+02	9.088528e+00	2.312732e+02	2273	3.527695e-02	0	
2.313750e+02	2274	2.245609e+02	1.953203e+01	2.313750e+02	2274	8.001883e-02	0	
2.314767e+02	2275	2.268191e+02	-5.614894e+00	2.314767e+02	2275	-2.538331e-02	0	
2.315784e+02	2276	2.356973e+02	9.617407e+00	2.315784e+02	2276	3.920436e-02	0	
2.316802e+02	2277	2.097251e+02	1.494256e+00	2.316802e+02	2277	7.074427e-03	0	
2.317819e+02	2278	2.297332e+02	-2.301488e+00	2.317819e+02	2278	-1.011947e-02	0	
2.318837e+02	2279	2.195663e+02	-2.151941e+00	2.318837e+02	2279	-9.897879e-03	0	
2.319854e+02	2280	2.077281e+02	1.700637e-01	2.319854e+02	2280	8.180144e-04	0	
2.320872e+02	2281	1.960079e+02	-7.754060e+00	2.320872e+02	2281	-4.118939e-02	0	
2.321889e+02	2282	2.412803e+02	1.295344e+01	2.321889e+02	2282	5.095091e-02	0	
2.322907e+02	2283	2.606471e+02	-1.958324e-01	2.322907e+02	2283	-7.518965e-04	0	
2.323924e+02	2284	2.254476e+02	-5.925715e+00	2.323924e+02	2284	-2.699373e-02	0	
2.324942e+02	2285	2.424955e+02	9.643850e+00	2.324942e+02	2285	3.824810e-02	0	
2.325959e+02	2286	2.549952e+02	3.951571e+01	2.325959e+02	2286	1.341740e-01	0	
2.326977e+02	2287	1.995991e+02	-4.182040e-01	2.326977e+02	2287	-2.099619e-03	0	
2.327994e+02	2288	1.990351e+02	2.755774e+00	2.327994e+02	2288	1.365658e-02	0	
2.329012e+02	2289	1.901950e+02	3.865904e+00	2.329012e+02	2289	1.992109e-02	0	
2.330029e+02	2290	1.776466e+02	7.671276e-01	2.330029e+02	2290	4.299712e-03	0	
2.331047e+02	2291	2.060960e+02	4.913450e+00	2.331047e+02	2291	2.328545e-02	0	
2.332064e+02	2292	2.023748e+02	5.110264e+00	2.332064e+02	2292	2.462955e-02	0	
2.333082e+02	2293	2.020979e+02	1.699537e+00	2.333082e+02	2293	8.339344e-03	0	
2.334099e+02	2294	1.962279e+02	-2.102947e+00	2.334099e+02	2294	-1.083296e-02	0	
2.335117e+02	2295	2.030574e+02	6.774639e+00	2.335117e+02	2295	3.228601e-02	0	
2.336134e+02	2296	1.852731e+02	1.366788e+01	2.336134e+02	2296	6.870319e-02	0	
2.337152e+02	2297	2.058182e+02	-1.888514e+00	2.337152e+02	2297	-9.260613e-03	0	
2.338169e+02	2298	2.027495e+02	8.927196e+00	2.338169e+02	2298	4.217373e-02	0	
2.339187e+02	2299	1.897863e+02	4.791271e+00	2.339187e+02	2299	2.462396e-02	0	
2.340204e+02	2300	2.113795e+02	1.711997e+01	2.340204e+02	2300	7.492346e-02	0	
2.341221e+02	2301	1.854836e+02	1.350607e+01	2.341221e+02	2301	6.787322e-02	0	
2.342239e+02	2302	1.874935e+02	5.698150e-02	2.342239e+02	2302	3.038195e-04	0	
2.343256e+02	2303	2.050791e+02	1.044505e+01	2.343256e+02	2303	4.846348e-02	0	
2.344274e+02	2304	1.892849e+02	2.507020e+01	2.344274e+02	2304	1.169564e-01	0	
2.345291e+02	2305	1.733362e+02	1.725224e+00	2.345291e+02	2305	9.854964e-03	0	
2.346309e+02	2306	2.035922e+02	5.464441e+00	2.346309e+02	2306	2.613857e-02	0	
2.347326e+02	2307	1.941522e+02	8.228926e+00	2.347326e+02	2307	4.066054e-02	0	
2.348344e+02	2308	1.743808e+02	-1.179177e+01	2.348344e+02	2308	-7.252500e-02	0	
2.349361e+02	2309	1.567965e+02	-1.507191e+00	2.349361e+02	2309	-9.705697e-03	0	
2.350379e+02	2310	1.662987e+02	-9.208484e+00	2.350379e+02	2310	-5.861908e-02	0	
2.351396e+02	2311	1.987201e+02	-2.753605e+01	2.351396e+02	2311	-1.608564e-01	0	
2.352414e+02	2312	1.738474e+02	5.454297e+00	2.352414e+02	2312	3.041966e-02	0	
2.353431e+02	2313	1.637673e+02	-4.280638e+00	2.353431e+02	2313	-2.684010e-02	0	
2.354449e+02	2314	2.095062e+02	-1.187628e+01	2.354449e+02	2314	-6.009353e-02	0	
2.355466e+02	2315	2.424822e+02	-4.651462e+01	2.355466e+02	2315	-2.373588e-01	0	
2.356484e+02	2316	2.063672e+02	4.769676e+00	2.356484e+02	2316	2.259045e-02	0	
2.357501e+02	2317	2.070396e+02	-3.843509e+01	2.357501e+02	2317	-2.279600e-01	0	
2.358519e+02	2318	1.980384e+02	-3.268698e-01	2.358519e+02	2318	-1.653266e-03	0	
2.359536e+02	2319	1.843504e+02	6.888512e+00	2.359536e+02	2319	3.602045e-02	0	
2.360554e+02	2320	2.061981e+02	-1.199466e+01	2.360554e+02	2320	-6.176338e-02	0	
2.361571e+02	2321	1.908790e+02	2.725444e+01	2.361571e+02	2321	1.249439e-01	0	
2.362589e+02	2322	1.742833e+02	3.968724e+01	2.362589e+02	2322	1.854799e-01	0	
2.363606e+02	2323	1.756217e+02	3.494381e+00	2.363606e+02	2323	1.950903e-02	0	
2.364624e+02	2324	2.030311e+02	-2.830905e+00	2.364624e+02	2324	-1.414037e-02	0	
2.365641e+02	2325	1.874864e+02	1.358498e+01	2.365641e+02	2325	6.756297e-02	0	
2.366658e+02	2326	1.854950e+02	3.817153e+00	2.366658e+02	2326	2.016327e-02	0	
2.367676e+02	2327	1.934521e+02	6.804939e+00	2.367676e+02	2327	3.398102e-02	0	
2.368693e+02	2328	1.931385e+02	6.621918e+00	2.368693e+02	2328	3.314930e-02	0	
2.369711e+02	2329	1.993063e+02	9.068025e+00	2.369711e+02	2329	4.351796e-02	0	
2.370728e+02	2330	4.242789e+01	2.229439e+02	2.370728e+02	2330	8.401191e-01	7.000000e-01	
2.371746e+02	2331	4.942729e+01	2.160457e+02	2.371746e+02	2331	8.138142e-01	7.000000e-01	
2.372763e+02	2332	5.886847e+01	2.099580e+02	2.372763e+02	2332	7.810168e-01	7.000000e-01	
2.373781e+02	2333	6.256411e+01	2.213281e+02	2.373781e+02	2333	7.796202e-01	7.000000e-01	
2.374798e+02	2334	6.026158e+01	2.179885e+02	2.374798e+02	2334	7.834265e-01	7.000000e-01	
2.375816e+02	2335	4.588771e+01	1.939466e+02	2.375816e+02	2335	8.086691e-01	7.000000e-01	
2.376833e+02	2336	5.608838e+01	2.331192e+02	2.376833e+02	2336	8.060619e-01	7.000000e-01	
2.377851e+02	2337	5.594755e+01	2.466421e+02	2.377851e+02	2337	8.151042e-01	7.000000e-01	
2.378868e+02	2338	5.778726e+01	2.431007e+02	2.378868e+02	2338	8.079443e-01	7.000000e-01	
2.379886e+02	2339	5.661301e+01	2.132061e+02	2.379886e+02	2339	7.901816e-01	7.000000e-01	
2.380903e+02	2340	5.436631e+01	2.725680e+02	2.380903e+02	2340	8.337088e-01	7.000000e-01	
2.381921e+02	2341	7.567879e+01	2.389183e+02	2.381921e+02	2341	7.594422e-01	7.000000e-01	
2.382938e+02	2342	2.967429e+01	2.134250e+02	2.382938e+02	2342	8.779335e-01	7.000000e-01	
2.383956e+02	2343	1.775164e+01	2.098254e+02	2.383956e+02	2343	9.219972e-01	7.000000e-01	
2.384973e+02	2344	3.939676e+01	2.312922e+02	2.384973e+02	2344	8.544575e-01	7.000000e-01	
2.385991e+02	2345	1.036434e+01	1.807515e+02	2.385991e+02	2345	9.457693e-01	7.000000e-01	
2.387008e+02	2346	1.912616e+01	2.101690e+02	2.387008e+02	2346	9.165872e-01	7.000000e-01	
2.388026e+02	2347	5.681924e+01	2.491677e+02	2.388026e+02	2347	8.143083e-01	7.000000e-01	
2.389043e+02	2348	3.872396e+01	2.423241e+02	2.389043e+02	2348	8.622159e-01	7.000000e-01	
2.390061e+02	2349	3.982438e+01	2.148232e+02	2.390061e+02	2349	8.436098e-01	7.000000e-01	
2.391078e+02	2350	3.747413e+01	2.039325e+02	2.391078e+02	2350	8.447676e-01	7.000000e-01	
2.392095e+02	2351	6.087637e+01	2.311368e+02	2.392095e+02	2351	7.915287e-01	7.000000e-01	
2.393113e+02	2352	5.114036e+01	2.237927e+02	2.393113e+02	2352	8.139898e-01	7.000000e-01	
2.394130e+02	2353	7.524605e+01	2.252515e+02	2.394130e+02	2353	7.495951e-01	7.000000e-01	
2.395148e+02	2354	9.079996e+01	2.345437e+02	2.395148e+02	2354	7.209106e-01	7.000000e-01	
2.396165e+02	2355	7.294686e+01	2.685648e+02	2.396165e+02	2355	7.864001e-01	7.000000e-01	
2.397183e+02	2356	7.656105e+01	2.119399e+02	2.397183e+02	2356	7.346246e-01	7.000000e-01	
2.398200e+02	2357	5.780062e+01	2.751946e+02	2.398200e+02	2357	8.264221e-01	7.000000e-01	
2.399218e+02	2358	9.471468e+01	2.762732e+02	2.399218e+02	2358	7.446960e-01	7.000000e-01	
2.400235e+02	2359	5.883913e+01	2.844864e+02	2.400235e+02	2359	8.286200e-01	7.000000e-01	
2.401253e+02	2360	7.185616e+01	2.596059e+02	2.401253e+02	2360	7.832145e-01	7.000000e-01	
2.402270e+02	2361	6.255125e+01	2.921858e+02	2.402270e+02	2361	8.236687e-01	7.000000e-01	
2.403288e+02	2362	6.151549e+01	2.730986e+02	2.403288e+02	2362	8.161599e-01	7.000000e-01	
2.404305e+02	2363	6.447509e+01	2.809916e+02	2.404305e+02	2363	8.133681e-01	7.000000e-01	
2.405323e+02	2364	6.281140e+01	2.428091e+02	2.405323e+02	2364	7.944791e-01	7.000000e-01	
2.406340e+02	2365	5.839326e+01	2.905916e+02	2.406340e+02	2365	8.326768e-01	7.000000e-01	
2.407358e+02	2366	2.998039e+01	2.408273e+02	2.407358e+02	2366	8.892927e-01	7.000000e-01	
2.408375e+02	2367	5.838794e+01	2.712565e+02	2.408375e+02	2367	8.228760e-01	7.000000e-01	
2.409393e+02	2368	5.912356e+01	2.549322e+02	2.409393e+02	2368	8.117418e-01	7.000000e-01	
2.410410e+02	2369	7.455915e+01	2.739221e+02	2.410410e+02	2369	7.860454e-01	7.000000e-01	
2.411428e+02	2370	5.289247e+01	2.647320e+02	2.411428e+02	2370	8.334748e-01	7.000000e-01	
2.412445e+02	2371	5.843195e+01	2.755661e+02	2.412445e+02	2371	8.250530e-01	7.000000e-01	
2.413463e+02	2372	7.104404e+01	2.664776e+02	2.413463e+02	2372	7.895126e-01	7.000000e-01	
2.414480e+02	2373	4.945924e+01	2.911436e+02	2.414480e+02	2373	8.547891e-01	7.000000e-01	
2.415498e+02	2374	5.780190e+01	2.515167e+02	2.415498e+02	2374	8.131315e-01	7.000000e-01	
2.416515e+02	2375	6.154405e+01	2.644407e+02	2.416515e+02	2375	8.112057e-01	7.000000e-01	
2.417532e+02	2376	4.945606e+01	2.911504e+02	2.417532e+02	2376	8.548000e-01	7.000000e-01	
2.418550e+02	2377	6.522903e+01	2.719198e+02	2.418550e+02	2377	8.065275e-01	7.000000e-01	
2.419567e+02	2378	5.005231e+01	2.240205e+02	2.419567e+02	2378	8.173759e-01	7.000000e-01	
2.420585e+02	2379	6.678296e+01	2.892969e+02	2.420585e+02	2379	8.124495e-01	7.000000e-01	
2.421602e+02	2380	5.586660e+01	2.588231e+02	2.421602e+02	2380	8.224708e-01	7.000000e-01	
2.422620e+02	2381	7.629429e+01	2.340473e+02	2.422620e+02	2381	7.541603e-01	7.000000e-01	
2.423637e+02	2382	5.676832e+01	2.587847e+02	2.423637e+02	2382	8.200989e-01	7.000000e-01	
2.424655e+02	2383	4.788507e+01	2.737362e+02	2.424655e+02	2383	8.511135e-01	7.000000e-01	
2.425672e+02	2384	5.183891e+01	3.061562e+02	2.425672e+02	2384	8.551966e-01	7.000000e-01	
2.426690e+02	2385	5.026120e+01	2.489315e+02	2.426690e+02	2385	8.320106e-01	7.000000e-01	
2.427707e+02	2386	4.022867e+01	2.277837e+02	2.427707e+02	2386	8.499000e-01	7.000000e-01	
2.428725e+02	2387	4.453256e+01	3.331924e+02	2.428725e+02	2387	8.821032e-01	7.000000e-01	
2.429742e+02	2388	4.786342e+01	2.682046e+02	2.429742e+02	2388	8.485661e-01	7.000000e-01	
2.430760e+02	2389	5.615970e+01	3.319145e+02	2.430760e+02	2389	8.552862e-01	7.000000e-01	
2.431777e+02	2390	5.910537e+01	3.462053e+02	2.431777e+02	2390	8.541727e-01	7.000000e-01	
2.432795e+02	2391	4.865881e+01	2.583744e+02	2.432795e+02	2391	8.415194e-01	7.000000e-01	
2.433812e+02	2392	2.983784e+01	3.195560e+02	2.433812e+02	2392	9.146011e-01	7.000000e-01	
2.434830e+02	2393	5.015888e+01	3.056809e+02	2.434830e+02	2393	8.590408e-01	7.000000e-01	
2.435847e+02	2394	4.896366e+01	2.650021e+02	2.435847e+02	2394	8.440478e-01	7.000000e-01	
2.436865e+02	2395	4.656357e+01	2.185003e+02	2.436865e+02	2395	8.243308e-01	7.000000e-01	
2.437882e+02	2396	3.196122e+01	2.475962e+02	2.437882e+02	2396	8.856721e-01	7.000000e-01	
2.438900e+02	2397	4.671127e+01	3.037743e+02	2.438900e+02	2397	8.667241e-01	7.000000e-01	
2.439917e+02	2398	5.674821e+01	3.100361e+02	2.439917e+02	2398	8.452818e-01	7.000000e-01	
2.440935e+02	2399	5.411529e+01	3.175774e+02	2.440935e+02	2399	8.544085e-01	7.000000e-01	
2.441952e+02	2400	5.137255e+01	2.757351e+02	2.441952e+02	2400	8.429491e-01	7.000000e-01	
2.442969e+02	2401	4.848841e+01	2.932329e+02	2.442969e+02	2401	8.581054e-01	7.000000e-01	
2.443987e+02	2402	4.123480e+01	3.148823e+02	2.443987e+02	2402	8.842100e-01	7.000000e-01	
2.445004e+02	2403	8.606099e+01	3.087521e+02	2.445004e+02	2403	7.820209e-01	7.000000e-01	
2.446022e+02	2404	7.259925e+01	3.466757e+02	2.446022e+02	2404	8.268457e-01	7.000000e-01	
2.447039e+02	2405	5.694785e+01	3.074850e+02	2.447039e+02	2405	8.437357e-01	7.000000e-01	
2.448057e+02	2406	5.954159e+01	3.090223e+02	2.448057e+02	2406	8.384497e-01	7.000000e-01	
2.449074e+02	2407	2.637083e+01	2.863743e+02	2.449074e+02	2407	9.156795e-01	7.000000e-01	
2.450092e+02	2408	4.135857e+01	2.547187e+02	2.450092e+02	2408	8.603116e-01	7.000000e-01	
2.451109e+02	2409	3.415272e+01	3.097324e+02	2.451109e+02	2409	9.006857e-01	7.000000e-01	
2.452127e+02	2410	2.632835e+01	2.864224e+02	2.452127e+02	2410	9.158168e-01	7.000000e-01	
2.453144e+02	2411	4.462023e+01	2.306610e+02	2.453144e+02	2411	8.379104e-01	7.000000e-01	
2.454162e+02	2412	4.591456e+01	2.182952e+02	2.454162e+02	2412	8.262193e-01	7.000000e-01	
2.455179e+02	2413	4.631948e+01	2.177315e+02	2.455179e+02	2413	8.245813e-01	7.000000e-01	
2.456197e+02	2414	4.931755e+01	2.389735e+02	2.456197e+02	2414	8.289314e-01	7.000000e-01	
2.457214e+02	2415	5.299727e+01	2.363348e+02	2.457214e+02	2415	8.168289e-01	7.000000e-01	
2.458232e+02	2416	4.847143e+01	1.967650e+02	2.458232e+02	2416	8.023482e-01	7.000000e-01	
2.459249e+02	2417	4.884975e+01	1.935380e+02	2.459249e+02	2417	7.984644e-01	7.000000e-01	
2.460267e+02	2418	4.364224e+01	2.197206e+02	2.460267e+02	2418	8.342885e-01	7.000000e-01	
2.461284e+02	2419	4.968143e+01	2.263016e+02	2.461284e+02	2419	8.199838e-01	7.000000e-01	
2.462302e+02	2420	3.929418e+01	2.277343e+02	2.462302e+02	2420	8.528465e-01	7.000000e-01	
2.463319e+02	2421	4.303438e+01	2.202932e+02	2.463319e+02	2421	8.365747e-01	7.000000e-01	
2.464337e+02	2422	4.533171e+01	2.125206e+02	2.464337e+02	2422	8.241951e-01	7.000000e-01	
2.465354e+02	2423	3.928667e+01	2.360715e+02	2.465354e+02	2423	8.573252e-01	7.000000e-01	
2.466372e+02	2424	3.372498e+01	2.303997e+02	2.466372e+02	2424	8.723142e-01	7.000000e-01	
2.467389e+02	2425	3.387747e+01	2.350800e+02	2.467389e+02	2425	8.740415e-01	7.000000e-01	
2.468406e+02	2426	3.663412e+01	2.417805e+02	2.468406e+02	2426	8.684188e-01	7.000000e-01	
2.469424e+02	2427	4.022694e+01	2.174060e+02	2.469424e+02	2427	8.438595e-01	7.000000e-01	
2.470441e+02	2428	3.437115e+01	2.357285e+02	2.470441e+02	2428	8.727464e-01	7.000000e-01	
2.471459e+02	2429	4.180533e+01	2.405981e+02	2.471459e+02	2429	8.519659e-01	7.000000e-01	
2.472476e+02	2430	4.494399e+01	2.519497e+02	2.472476e+02	2430	8.486192e-01	7.000000e-01	
2.473494e+02	2431	3.421008e+01	236	2.473494e+02	2431	8.733945e-01	7.000000e-01	
2.474511e+02	2432	3.674200e+01	2.494231e+02	2.474511e+02	2432	8.716056e-01	7.000000e-01	
2.475529e+02	2433	3.815909e+01	2.360748e+02	2.475529e+02	2433	8.608520e-01	7.000000e-01	
2.476546e+02	2434	4.178502e+01	2.430847e+02	2.476546e+02	2434	8.533188e-01	7.000000e-01	
2.477564e+02	2435	4.354307e+01	2.606948e+02	2.477564e+02	2435	8.568782e-01	7.000000e-01	
2.478581e+02	2436	2.854977e+01	2.455553e+02	2.478581e+02	2436	8.958437e-01	7.000000e-01	
2.479599e+02	2437	4.338901e+01	2.354095e+02	2.479599e+02	2437	8.443714e-01	7.000000e-01	
2.480616e+02	2438	4.729265e+01	2.108552e+02	2.480616e+02	2438	8.168001e-01	7.000000e-01	
2.481634e+02	2439	4.120622e+01	2.471666e+02	2.481634e+02	2439	8.571078e-01	7.000000e-01	
2.482651e+02	2440	3.234583e+01	2.075653e+02	2.482651e+02	2440	8.651758e-01	7.000000e-01	
2.483669e+02	2441	2.549400e+01	2.381537e+02	2.483669e+02	2441	9.033028e-01	7.000000e-01	
2.484686e+02	2442	5.716134e+01	2.039180e+02	2.484686e+02	2442	7.810576e-01	7.000000e-01	
2.485704e+02	2443	5.358647e+01	2.188985e+02	2.485704e+02	2443	8.033416e-01	7.000000e-01	
2.486721e+02	2444	5.495453e+01	2.133544e+02	2.486721e+02	2444	7.951819e-01	7.000000e-01	
2.487739e+02	2445	4.296723e+01	1.973509e+02	2.487739e+02	2445	8.212069e-01	7.000000e-01	
2.488756e+02	2446	4.781516e+01	2.135026e+02	2.488756e+02	2446	8.170229e-01	7.000000e-01	
2.489774e+02	2447	4.347316e+01	1.938990e+02	2.489774e+02	2447	8.168565e-01	7.000000e-01	
2.490791e+02	2448	6.588483e+01	2.213317e+02	2.490791e+02	2448	7.706092e-01	7.000000e-01	
2.491809e+02	2449	5.983005e+01	2.060377e+02	2.491809e+02	2449	7.749631e-01	7.000000e-01	
2.492826e+02	2450	5.229062e+01	1.992557e+02	2.492826e+02	2450	7.921233e-01	7.000000e-01	
2.493843e+02	2451	5.270582e+01	1.982905e+02	2.493843e+02	2451	7.900136e-01	7.000000e-01	
2.494861e+02	2452	5.350612e+01	2.064441e+02	2.494861e+02	2452	7.941678e-01	7.000000e-01	
2.495878e+02	2453	5.771379e+01	2.722802e+02	2.495878e+02	2453	8.251065e-01	7.000000e-01	
2.496896e+02	2454	4.584816e+01	1.850240e+02	2.496896e+02	2454	8.014132e-01	7.000000e-01	
2.497913e+02	2455	6.197316e+01	2.022496e+02	2.497913e+02	2455	7.654511e-01	7.000000e-01	
2.498931e+02	2456	6.077050e+01	2.591410e+02	2.498931e+02	2456	8.100397e-01	7.000000e-01	
2.499948e+02	2457	4.856093e+01	2.040329e+02	2.499948e+02	2457	8.077509e-01	7.000000e-01	
2.500966e+02	2458	5.542456e+01	2.733430e+02	2.500966e+02	2458	8.314172e-01	7.000000e-01	
2.501983e+02	2459	5.324242e+01	2.069633e+02	2.501983e+02	2459	7.953834e-01	7.000000e-01	
2.503001e+02	2460	6.501563e+01	2.805615e+02	2.503001e+02	2460	8.118636e-01	7.000000e-01	
2.504018e+02	2461	6.195442e+01	2.576106e+02	2.504018e+02	2461	8.061289e-01	7.000000e-01	
2.505036e+02	2462	5.043640e+01	2.304391e+02	2.505036e+02	2462	8.204315e-01	7.000000e-01	
2.506053e+02	2463	5.810877e+01	2.764624e+02	2.506053e+02	2463	8.263187e-01	7.000000e-01	
2.507071e+02	2464	4.215218e+01	2.336216e+02	2.507071e+02	2464	8.471494e-01	7.000000e-01	
2.508088e+02	2465	4.223756e+01	2.280490e+02	2.508088e+02	2465	8.437304e-01	7.000000e-01	
2.509106e+02	2466	4.277381e+01	2.215360e+02	2.509106e+02	2466	8.381679e-01	7.000000e-01	
2.510123e+02	2467	5.653520e+01	2.412054e+02	2.510123e+02	2467	8.101193e-01	7.000000e-01	
2.511141e+02	2468	4.153173e+01	2.168909e+02	2.511141e+02	2468	8.392876e-01	7.000000e-01	
2.512158e+02	2469	5.397178e+01	2.457868e+02	2.512158e+02	2469	8.199492e-01	7.000000e-01	
2.513176e+02	2470	4.414123e+01	2.025728e+02	2.513176e+02	2470	8.210834e-01	7.000000e-01	
2.514193e+02	2471	5.116638e+01	2.019212e+02	2.514193e+02	2471	7.978313e-01	7.000000e-01	
2.515211e+02	2472	3.431909e+01	2.082244e+02	2.515211e+02	2472	8.585034e-01	7.000000e-01	
2.516228e+02	2473	4.259164e+01	2.199324e+02	2.516228e+02	2473	8.377610e-01	7.000000e-01	
2.517246e+02	2474	3.002927e+01	2.155684e+02	2.517246e+02	2474	8.777298e-01	7.000000e-01	
2.518263e+02	2475	3.143765e+01	2.475010e+02	2.518263e+02	2475	8.872955e-01	7.000000e-01	
2.519280e+02	2476	3.697374e+01	2.063271e+02	2.519280e+02	2476	8.480328e-01	7.000000e-01	
2.520298e+02	2477	2.474025e+01	2.321316e+02	2.520298e+02	2477	9.036864e-01	7.000000e-01	
2.521315e+02	2478	2.335600e+01	1.906722e+02	2.521315e+02	2478	8.908742e-01	7.000000e-01	
2.522333e+02	2479	3.066435e+01	2.916371e+02	2.522333e+02	2479	9.048582e-01	7.000000e-01	
2.523350e+02	2480	3.533298e+01	2.782049e+02	2.523350e+02	2480	8.873087e-01	7.000000e-01	
2.524368e+02	2481	3.098782e+01	3.086246e+02	2.524368e+02	2481	9.087553e-01	7.000000e-01	
2.525385e+02	2482	4.893946e+01	2.392950e+02	2.525385e+02	2482	8.302095e-01	7.000000e-01	
2.526403e+02	2483	3.334160e+01	2.910521e+02	2.526403e+02	2483	8.972187e-01	7.000000e-01	
2.527420e+02	2484	3.469846e+01	2.883557e+02	2.527420e+02	2484	8.925924e-01	7.000000e-01	
2.528438e+02	2485	7.501363e+01	2.166287e+02	2.528438e+02	2485	7.427889e-01	7.000000e-01	
2.529455e+02	2486	6.032830e+01	2.359161e+02	2.529455e+02	2486	7.963563e-01	7.000000e-01	
2.530473e+02	2487	3.587305e+01	2.511778e+02	2.530473e+02	2487	8.750289e-01	7.000000e-01	
2.531490e+02	2488	4.515075e+01	2.597566e+02	2.531490e+02	2488	8.519198e-01	7.000000e-01	
2.532508e+02	2489	5.070275e+01	2.373592e+02	2.532508e+02	2489	8.239866e-01	7.000000e-01	
2.533525e+02	2490	5.998197e+01	2.122508e+02	2.533525e+02	2490	7.796666e-01	7.000000e-01	
2.534543e+02	2491	6.302036e+01	2.124563e+02	2.534543e+02	2491	7.712316e-01	7.000000e-01	
2.535560e+02	2492	5.966964e+01	2.073169e+02	2.535560e+02	2492	7.765069e-01	7.000000e-01	
2.536578e+02	2493	6.395713e+01	2.110745e+02	2.536578e+02	2493	7.674554e-01	7.000000e-01	
2.537595e+02	2494	5.981130e+01	2.175101e+02	2.537595e+02	2494	7.843250e-01	7.000000e-01	
2.538613e+02	2495	6.015222e+01	2.184748e+02	2.538613e+02	2495	7.841120e-01	7.000000e-01	
2.539630e+02	2496	3.699528e+01	2.379045e+02	2.539630e+02	2496	8.654227e-01	7.000000e-01	
2.540648e+02	2497	8.822282e+01	2.048573e+02	2.540648e+02	2497	6.989805e-01	7.000000e-01	
2.541665e+02	2498	4.998172e+01	2.496366e+02	2.541665e+02	2498	8.331820e-01	7.000000e-01	
2.542683e+02	2499	4.494488e+01	2.533984e+02	2.542683e+02	2499	8.493518e-01	7.000000e-01	
2.543700e+02	2500	3.991312e+01	2.579785e+02	2.543700e+02	2500	8.660146e-01	7.000000e-01	
2.544717e+02	2501	3.716953e+01	2.562153e+02	2.544717e+02	2501	8.733079e-01	7.000000e-01	
2.545735e+02	2502	3.593688e+01	2.645973e+02	2.545735e+02	2502	8.804233e-01	7.000000e-01	
2.546752e+02	2503	4.464020e+01	2.493788e+02	2.546752e+02	2503	8.481724e-01	7.000000e-01	
2.547770e+02	2504	3.150631e+01	2.662258e+02	2.547770e+02	2504	8.941790e-01	7.000000e-01	
2.548787e+02	2505	3.602285e+01	2.217429e+02	2.548787e+02	2505	8.602497e-01	7.000000e-01	
2.549805e+02	2506	3.718626e+01	2.129153e+02	2.549805e+02	2506	8.513154e-01	7.000000e-01	
2.550822e+02	2507	4.126431e+01	2.518009e+02	2.550822e+02	2507	8.591975e-01	7.000000e-01	
2.551840e+02	2508	3.608557e+01	2.311787e+02	2.551840e+02	2508	8.649817e-01	7.000000e-01	
2.552857e+02	2509	3.746276e+01	2.124246e+02	2.552857e+02	2509	8.500814e-01	7.000000e-01	
2.553875e+02	2510	4.379260e+01	2.598718e+02	2.553875e+02	2510	8.557862e-01	7.000000e-01	
2.554892e+02	2511	9.553570e+01	2.446186e+02	2.554892e+02	2511	7.191401e-01	7.000000e-01	
2.555910e+02	2512	5.121565e+01	2.432612e+02	2.555910e+02	2512	8.260792e-01	7.000000e-01	
2.556927e+02	2513	4.500931e+01	2.422964e+02	2.556927e+02	2513	8.433400e-01	7.000000e-01	
2.557945e+02	2514	5.051194e+01	2.564167e+02	2.557945e+02	2514	8.354277e-01	7.000000e-01	
2.558962e+02	2515	5.767857e+01	2.631818e+02	2.558962e+02	2515	8.202378e-01	7.000000e-01	
2.559980e+02	2516	5.831511e+01	2.570959e+02	2.559980e+02	2516	8.151139e-01	7.000000e-01	
2.560997e+02	2517	5.681955e+01	2.517314e+02	2.560997e+02	2517	8.158503e-01	7.000000e-01	
2.562015e+02	2518	5.051867e+01	2.526494e+02	2.562015e+02	2518	8.333641e-01	7.000000e-01	
2.563032e+02	2519	4.614519e+01	2.591055e+02	2.563032e+02	2519	8.488285e-01	7.000000e-01	
2.564050e+02	2520	4.330903e+01	2.487468e+02	2.564050e+02	2520	8.517098e-01	7.000000e-01	
2.565067e+02	2521	5.905208e+01	2.530559e+02	2.565067e+02	2521	8.107960e-01	7.000000e-01	
2.566085e+02	2522	4.897633e+01	2.585328e+02	2.566085e+02	2522	8.407321e-01	7.000000e-01	
2.567102e+02	2523	4.595831e+01	2.529219e+02	2.567102e+02	2523	8.462317e-01	7.000000e-01	
2.568120e+02	2524	6.005921e+01	2.609927e+02	2.568120e+02	2524	8.129299e-01	7.000000e-01	
2.569137e+02	2525	4.077914e+01	2.608657e+02	2.569137e+02	2525	8.648107e-01	7.000000e-01	
2.570154e+02	2526	5.175730e+01	2.516419e+02	2.570154e+02	2526	8.294086e-01	7.000000e-01	
2.571172e+02	2527	3.681841e+01	2.737888e+02	2.571172e+02	2527	8.814631e-01	7.000000e-01	
2.572189e+02	2528	4.808045e+01	2.576856e+02	2.572189e+02	2528	8.427541e-01	7.000000e-01	
2.573207e+02	2529	4.339996e+01	2.399227e+02	2.573207e+02	2529	8.468179e-01	7.000000e-01	
2.574224e+02	2530	5.019832e+01	2.582307e+02	2.574224e+02	2530	8.372451e-01	7.000000e-01	
2.575242e+02	2531	4.391135e+01	2.596900e+02	2.575242e+02	2531	8.553651e-01	7.000000e-01	
2.576259e+02	2532	7.617488e+01	2.188957e+02	2.576259e+02	2532	7.418418e-01	7.000000e-01	
2.577277e+02	2533	5.801340e+01	2.616374e+02	2.577277e+02	2533	8.185101e-01	7.000000e-01	
2.578294e+02	2534	6.478580e+01	2.430445e+02	2.578294e+02	2534	7.895405e-01	7.000000e-01	
2.579312e+02	2535	5.432079e+01	2.484334e+02	2.579312e+02	2535	8.205779e-01	7.000000e-01	
2.580329e+02	2536	5.832463e+01	2.533307e+02	2.580329e+02	2536	8.128553e-01	7.000000e-01	
2.581347e+02	2537	6.761102e+01	2.565221e+02	2.581347e+02	2537	7.914097e-01	7.000000e-01	
2.582364e+02	2538	5.630242e+01	2.455430e+02	2.582364e+02	2538	8.134727e-01	7.000000e-01	
2.583382e+02	2539	1.650421e+01	2.500906e+02	2.583382e+02	2539	9.380925e-01	7.000000e-01	
2.584399e+02	2540	3.772077e+01	2.516074e+02	2.584399e+02	2540	8.696263e-01	7.000000e-01	
2.585417e+02	2541	5.285906e+01	2.289181e+02	2.585417e+02	2541	8.124083e-01	7.000000e-01	
2.586434e+02	2542	6.481700e+01	2.544625e+02	2.586434e+02	2542	7.969898e-01	7.000000e-01	
2.587452e+02	2543	5.873551e+01	2.187553e+02	2.587452e+02	2543	7.883335e-01	7.000000e-01	
2.588469e+02	2544	5.590552e+01	2.521995e+02	2.588469e+02	2544	8.185504e-01	7.000000e-01	
2.589487e+02	2545	5.948963e+01	2.293297e+02	2.589487e+02	2545	7.940248e-01	7.000000e-01	
2.590504e+02	2546	5.791881e+01	2.178526e+02	2.590504e+02	2546	7.899753e-01	7.000000e-01	
2.591522e+02	2547	4.852452e+01	2.254370e+02	2.591522e+02	2547	8.228783e-01	7.000000e-01	
2.592539e+02	2548	4.853031e+01	2.117388e+02	2.592539e+02	2548	8.135380e-01	7.000000e-01	
2.593557e+02	2549	5.134806e+01	2.206631e+02	2.593557e+02	2549	8.112281e-01	7.000000e-01	
2.594574e+02	2550	4.904422e+01	2.088400e+02	2.594574e+02	2550	8.098208e-01	7.000000e-01	
2.595591e+02	2551	5.690459e+01	2.163650e+02	2.595591e+02	2551	7.917639e-01	7.000000e-01	
2.596609e+02	2552	5.432751e+01	1.892917e+02	2.596609e+02	2552	7.769983e-01	7.000000e-01	
2.597626e+02	2553	5.073010e+01	2.024476e+02	2.597626e+02	2553	7.996265e-01	7.000000e-01	
2.598644e+02	2554	5.457724e+01	1.981025e+02	2.598644e+02	2554	7.840063e-01	7.000000e-01	
2.599661e+02	2555	5.552446e+01	1.931753e+02	2.599661e+02	2555	7.767410e-01	7.000000e-01	
2.600679e+02	2556	5.957224e+01	2.066241e+02	2.600679e+02	2556	7.762094e-01	7.000000e-01	
2.601696e+02	2557	4.514558e+01	2.206494e+02	2.601696e+02	2557	8.301489e-01	7.000000e-01	
2.602714e+02	2558	6.599270e+01	2.273858e+02	2.602714e+02	2558	7.750595e-01	7.000000e-01	
2.603731e+02	2559	7.170868e+01	1.947386e+02	2.603731e+02	2559	7.308710e-01	7.000000e-01	
2.604749e+02	2560	4.822591e+01	2.109667e+02	2.604749e+02	2560	8.139379e-01	7.000000e-01	
2.605766e+02	2561	6.350109e+01	2.262898e+02	2.605766e+02	2561	7.808727e-01	7.000000e-01	
2.606784e+02	2562	7.957779e+01	2.011655e+02	2.606784e+02	2562	7.165461e-01	7.000000e-01	
2.607801e+02	2563	6.603784e+01	2.175138e+02	2.607801e+02	2563	7.671047e-01	7.000000e-01	
2.608819e+02	2564	7.060126e+01	2.339615e+02	2.608819e+02	2564	7.681881e-01	7.000000e-01	
2.609836e+02	2565	6.885574e+01	2.043635e+02	2.609836e+02	2565	7.479836e-01	7.000000e-01	
2.610854e+02	2566	4.369463e+01	2.369186e+02	2.610854e+02	2566	8.442888e-01	7.000000e-01	
2.611871e+02	2567	4.665515e+01	2.245514e+02	2.611871e+02	2567	8.279719e-01	7.000000e-01	
2.612889e+02	2568	4.121699e+01	2.284132e+02	2.612889e+02	2568	8.471351e-01	7.000000e-01	
2.613906e+02	2569	4.350287e+01	2.383960e+02	2.613906e+02	2569	8.456792e-01	7.000000e-01	
2.614924e+02	2570	4.334184e+01	2.164532e+02	2.614924e+02	2570	8.331691e-01	7.000000e-01	
2.615941e+02	2571	4.795619e+01	2.376371e+02	2.615941e+02	2571	8.320822e-01	7.000000e-01	
2.616959e+02	2572	5.448212e+01	2.365523e+02	2.616959e+02	2572	8.127984e-01	7.000000e-01	
2.617976e+02	2573	4.837950e+01	2.379782e+02	2.617976e+02	2573	8.310522e-01	7.000000e-01	
2.618994e+02	2574	2.133775e+01	2.481485e+02	2.618994e+02	2574	9.208206e-01	7.000000e-01	
2.620011e+02	2575	5.687180e+01	2.391874e+02	2.620011e+02	2575	8.079040e-01	7.000000e-01	
2.621028e+02	2576	4.574398e+01	2.463370e+02	2.621028e+02	2576	8.433860e-01	7.000000e-01	
2.622046e+02	2577	4.485683e+01	2.361443e+02	2.622046e+02	2577	8.403678e-01	7.000000e-01	
2.623063e+02	2578	4.453732e+01	2.557121e+02	2.623063e+02	2578	8.516656e-01	7.000000e-01	
2.624081e+02	2579	4.104734e+01	2.785916e+02	2.624081e+02	2579	8.715822e-01	7.000000e-01	
2.625098e+02	2580	3.932831e+01	2.653430e+02	2.625098e+02	2580	8.709156e-01	7.000000e-01	
2.626116e+02	2581	4.977099e+01	2.382840e+02	2.626116e+02	2581	8.272171e-01	7.000000e-01	
2.627133e+02	2582	4.887398e+01	2.571081e+02	2.627133e+02	2582	8.402718e-01	7.000000e-01	
2.628151e+02	2583	5.594565e+01	3.101683e+02	2.628151e+02	2583	8.471906e-01	7.000000e-01	
2.629168e+02	2584	4.738420e+01	2.798121e+02	2.629168e+02	2584	8.551811e-01	7.000000e-01	
2.630186e+02	2585	4.970221e+01	2.917354e+02	2.630186e+02	2585	8.544325e-01	7.000000e-01	
2.631203e+02	2586	5.594394e+01	3.101467e+02	2.631203e+02	2586	8.471855e-01	7.000000e-01	
2.632221e+02	2587	4.230196e+01	2.726017e+02	2.632221e+02	2587	8.656670e-01	7.000000e-01	
2.633238e+02	2588	5.309234e+01	2.378246e+02	2.633238e+02	2588	8.175000e-01	7.000000e-01	
2.634256e+02	2589	4.446105e+01	1.830799e+02	2.634256e+02	2589	8.046020e-01	7.000000e-01	
2.635273e+02	2590	4.963052e+01	2.236705e+02	2.635273e+02	2590	8.184035e-01	7.000000e-01	
2.636291e+02	2591	5.025417e+01	2.247101e+02	2.636291e+02	2591	8.172338e-01	7.000000e-01	
2.637308e+02	2592	7.668401e+01	1.657686e+02	2.637308e+02	2592	6.837155e-01	7.000000e-01	
2.638326e+02	2593	4.957250e+01	2.360186e+02	2.638326e+02	2593	8.264214e-01	7.000000e-01	
2.639343e+02	2594	4.680565e+01	2.542108e+02	2.639343e+02	2594	8.445080e-01	7.000000e-01	
2.640361e+02	2595	3.885552e+01	2.617457e+02	2.640361e+02	2595	8.707406e-01	7.000000e-01	
2.641378e+02	2596	4.035374e+01	2.552705e+02	2.641378e+02	2596	8.634965e-01	7.000000e-01	
2.642396e+02	2597	3.918284e+01	2.688744e+02	2.642396e+02	2597	8.728066e-01	7.000000e-01	
2.643413e+02	2598	2.979622e+01	2.562587e+02	2.643413e+02	2598	8.958374e-01	7.000000e-01	
2.644431e+02	2599	5.168540e+01	2.397077e+02	2.644431e+02	2599	8.226265e-01	7.000000e-01	
2.645448e+02	2600	6.853904e+01	2.224875e+02	2.645448e+02	2600	7.644921e-01	7.000000e-01	
2.646465e+02	2601	4.781371e+01	2.367406e+02	2.646465e+02	2601	8.319698e-01	7.000000e-01	
2.647483e+02	2602	4.259627e+01	2.603731e+02	2.647483e+02	2602	8.594040e-01	7.000000e-01	
2.648500e+02	2603	6.577765e+01	2.449446e+02	2.648500e+02	2603	7.883072e-01	7.000000e-01	
2.649518e+02	2604	6.583783e+01	2.138287e+02	2.649518e+02	2604	7.645845e-01	7.000000e-01	
2.650535e+02	2605	6.600823e+01	2.615459e+02	2.650535e+02	2605	7.984815e-01	7.000000e-01	
2.651553e+02	2606	8.461316e+01	1.832268e+02	2.651553e+02	2606	6.840906e-01	7.000000e-01	
2.652570e+02	2607	6.369161e+01	2.055422e+02	2.652570e+02	2607	7.634338e-01	7.000000e-01	
2.653588e+02	2608	4.957528e+01	2.474144e+02	2.653588e+02	2608	8.330741e-01	7.000000e-01	
2.654605e+02	2609	7.087443e+01	3.012137e+02	2.654605e+02	2609	8.095225e-01	7.000000e-01	
2.655623e+02	2610	5.650812e+01	2.356506e+02	2.655623e+02	2610	8.065842e-01	7.000000e-01	
2.656640e+02	2611	5.075711e+01	2.521821e+02	2.656640e+02	2611	8.324512e-01	7.000000e-01	
2.657658e+02	2612	6.205086e+01	2.476018e+02	2.657658e+02	2612	7.996114e-01	7.000000e-01	
2.658675e+02	2613	5.369195e+01	2.547586e+02	2.658675e+02	2613	8.259301e-01	7.000000e-01	
2.659693e+02	2614	5.587739e+01	1.963560e+02	2.659693e+02	2614	7.784695e-01	7.000000e-01	
2.660710e+02	2615	5.079100e+01	2.522763e+02	2.660710e+02	2615	8.324102e-01	7.000000e-01	
2.661728e+02	2616	4.863031e+01	2.674323e+02	2.661728e+02	2616	8.461371e-01	7.000000e-01	
2.662745e+02	2617	5.755575e+01	2.430736e+02	2.662745e+02	2617	8.085491e-01	7.000000e-01	
2.663763e+02	2618	5.719883e+01	2.586887e+02	2.663763e+02	2618	8.189266e-01	7.000000e-01	
2.664780e+02	2619	5.780404e+01	2.509511e+02	2.664780e+02	2619	8.127836e-01	7.000000e-01	
2.665798e+02	2620	5.035888e+01	2.534236e+02	2.665798e+02	2620	8.342272e-01	7.000000e-01	
2.666815e+02	2621	5.191466e+01	2.488905e+02	2.666815e+02	2621	8.274143e-01	7.000000e-01	
2.667833e+02	2622	4.613707e+01	2.723999e+02	2.667833e+02	2622	8.551594e-01	7.000000e-01	
2.668850e+02	2623	4.944362e+01	2.643068e+02	2.668850e+02	2623	8.424110e-01	7.000000e-01	
2.669868e+02	2624	5.178692e+01	2.505012e+02	2.669868e+02	2624	8.286836e-01	7.000000e-01	
2.670885e+02	2625	6.014977e+01	2.719568e+02	2.670885e+02	2625	8.188841e-01	7.000000e-01	
2.671902e+02	2626	5.111826e+01	2.622356e+02	2.671902e+02	2626	8.368673e-01	7.000000e-01	
2.672920e+02	2627	5.540504e+01	2.592301e+02	2.672920e+02	2627	8.239070e-01	7.000000e-01	
2.673937e+02	2628	5.822922e+01	2.298693e+02	2.673937e+02	2628	7.978843e-01	7.000000e-01	
2.674955e+02	2629	4.025308e+01	2.460747e+02	2.674955e+02	2629	8.594161e-01	7.000000e-01	
2.675972e+02	2630	4.477164e+01	2.468220e+02	2.675972e+02	2630	8.464588e-01	7.000000e-01	
2.676990e+02	2631	3.835390e+01	2.709613e+02	2.676990e+02	2631	8.760038e-01	7.000000e-01	
2.678007e+02	2632	2.531947e+01	2.635001e+02	2.678007e+02	2632	9.123346e-01	7.000000e-01	
2.679025e+02	2633	4.602665e+01	2.445430e+02	2.679025e+02	2633	8.415986e-01	7.000000e-01	
2.680042e+02	2634	4.563928e+01	2.349157e+02	2.680042e+02	2634	8.373250e-01	7.000000e-01	
2.681060e+02	2635	4.250672e+01	2.491401e+02	2.681060e+02	2635	8.542528e-01	7.000000e-01	
2.682077e+02	2636	4.372866e+01	2.463677e+02	2.682077e+02	2636	8.492616e-01	7.000000e-01	
2.683095e+02	2637	5.059085e+01	2.261629e+02	2.683095e+02	2637	8.171990e-01	7.000000e-01	
2.684112e+02	2638	4.050918e+01	2.368173e+02	2.684112e+02	2638	8.539296e-01	7.000000e-01	
2.685130e+02	2639	4.132054e+01	2.291277e+02	2.685130e+02	2639	8.472146e-01	7.000000e-01	
2.686147e+02	2640	4.677429e+01	2.437567e+02	2.686147e+02	2640	8.390041e-01	7.000000e-01	
2.687165e+02	2641	5.718396e+01	2.129168e+02	2.687165e+02	2641	7.882866e-01	7.000000e-01	
2.688182e+02	2642	5.618767e+01	2.222716e+02	2.688182e+02	2642	7.982194e-01	7.000000e-01	
2.689200e+02	2643	5.966007e+01	2.370025e+02	2.689200e+02	2643	7.988959e-01	7.000000e-01	
2.690217e+02	2644	5.493458e+01	1.992092e+02	2.690217e+02	2644	7.838445e-01	7.000000e-01	
2.691235e+02	2645	3.401085e+01	2.396033e+02	2.691235e+02	2645	8.756978e-01	7.000000e-01	
2.692252e+02	2646	3.974043e+01	2.261553e+02	2.692252e+02	2646	8.505413e-01	7.000000e-01	
2.693270e+02	2647	5.600310e+01	2.269781e+02	2.693270e+02	2647	8.020960e-01	7.000000e-01	
2.694287e+02	2648	4.019757e+01	2.218561e+02	2.694287e+02	2648	8.466056e-01	7.000000e-01	
2.695305e+02	2649	4.752532e+01	2.379033e+02	2.695305e+02	2649	8.334949e-01	7.000000e-01	
2.696322e+02	2650	4.858983e+01	2.088975e+02	2.696322e+02	2650	8.112923e-01	7.000000e-01	
2.697339e+02	2651	4.628863e+01	2.302860e+02	2.697339e+02	2651	8.326360e-01	7.000000e-01	
2.698357e+02	2652	5.200202e+01	2.322822e+02	2.698357e+02	2652	8.170774e-01	7.000000e-01	
2.699374e+02	2653	4.622339e+01	2.217520e+02	2.699374e+02	2653	8.275088e-01	7.000000e-01	
2.700392e+02	2654	5.285435e+01	2.105332e+02	2.700392e+02	2654	7.993286e-01	7.000000e-01	
2.701409e+02	2655	5.916385e+01	2.207682e+02	2.701409e+02	2655	7.886492e-01	7.000000e-01	
2.702427e+02	2656	5.541797e+01	2.347794e+02	2.702427e+02	2656	8.090335e-01	7.000000e-01	
2.703444e+02	2657	5.347550e+01	2.386205e+02	2.703444e+02	2657	8.169249e-01	7.000000e-01	
2.704462e+02	2658	5.514059e+01	2.327981e+02	2.704462e+02	2658	8.084989e-01	7.000000e-01	
2.705479e+02	2659	5.899999e+01	2.353439e+02	2.705479e+02	2659	7.995542e-01	7.000000e-01	
2.706497e+02	2660	6.894536e+01	2.187941e+02	2.706497e+02	2660	7.603896e-01	7.000000e-01	
2.707514e+02	2661	6.194937e+01	2.164768e+02	2.707514e+02	2661	7.775016e-01	7.000000e-01	
2.708532e+02	2662	6.082050e+01	2.175557e+02	2.708532e+02	2662	7.815169e-01	7.000000e-01	
2.709549e+02	2663	6.403837e+01	2.098009e+02	2.709549e+02	2663	7.661461e-01	7.000000e-01	
2.710567e+02	2664	4.501735e+01	2.244311e+02	2.710567e+02	2664	8.329278e-01	7.000000e-01	
2.711584e+02	2665	4.394920e+01	2.309352e+02	2.711584e+02	2665	8.401175e-01	7.000000e-01	
2.712602e+02	2666	4.879143e+01	2.422834e+02	2.712602e+02	2666	8.323750e-01	7.000000e-01	
2.713619e+02	2667	5.174097e+01	2.355648e+02	2.713619e+02	2667	8.199097e-01	7.000000e-01	
2.714637e+02	2668	5.074102e+01	2.529196e+02	2.714637e+02	2668	8.329022e-01	7.000000e-01	
2.715654e+02	2669	4.748095e+01	2.215183e+02	2.715654e+02	2669	8.234904e-01	7.000000e-01	
2.716672e+02	2670	4.288381e+01	2.319657e+02	2.716672e+02	2670	8.439735e-01	7.000000e-01	
2.717689e+02	2671	4.993745e+01	2.429789e+02	2.717689e+02	2671	8.295163e-01	7.000000e-01	
2.718707e+02	2672	5.990291e+01	2.364301e+02	2.718707e+02	2672	7.978527e-01	7.000000e-01	
2.719724e+02	2673	3.819377e+01	2.286679e+02	2.719724e+02	2673	8.568780e-01	7.000000e-01	
2.720742e+02	2674	6.297082e+01	2.311421e+02	2.720742e+02	2674	7.858958e-01	7.000000e-01	
2.721759e+02	2675	4.291129e+01	2.407474e+02	2.721759e+02	2675	8.487221e-01	7.000000e-01	
2.722776e+02	2676	4.650531e+01	2.466808e+02	2.722776e+02	2676	8.413796e-01	7.000000e-01	
2.723794e+02	2677	5.410965e+01	2.344176e+02	2.723794e+02	2677	8.124626e-01	7.000000e-01	
2.724811e+02	2678	6.919294e+01	2.594617e+02	2.724811e+02	2678	7.894661e-01	7.000000e-01	
2.725829e+02	2679	8.541600e+01	2.409095e+02	2.725829e+02	2679	7.382491e-01	7.000000e-01	
2.726846e+02	2680	3.501530e+01	2.674657e+02	2.726846e+02	2680	8.842397e-01	7.000000e-01	
2.727864e+02	2681	2.380433e+01	2.155380e+02	2.727864e+02	2681	9.005427e-01	7.000000e-01	
2.728881e+02	2682	5.709493e+01	2.359160e+02	2.728881e+02	2682	8.051440e-01	7.000000e-01	
2.729899e+02	2683	4.458119e+01	2.547349e+02	2.729899e+02	2683	8.510565e-01	7.000000e-01	
2.730916e+02	2684	4.337537e+01	2.491005e+02	2.730916e+02	2684	8.516959e-01	7.000000e-01	
2.731934e+02	2685	4.570049e+01	2.606630e+02	2.731934e+02	2685	8.508292e-01	7.000000e-01	
2.732951e+02	2686	4.151784e+01	2.481307e+02	2.732951e+02	2686	8.566613e-01	7.000000e-01	
2.733969e+02	2687	4.595534e+01	2.218127e+02	2.733969e+02	2687	8.283763e-01	7.000000e-01	
2.734986e+02	2688	4.676308e+01	2.586320e+02	2.734986e+02	2688	8.468768e-01	7.000000e-01	
2.736004e+02	2689	6.026982e+01	2.103904e+02	2.736004e+02	2689	7.773229e-01	7.000000e-01	
2.737021e+02	2690	3.593084e+01	2.408640e+02	2.737021e+02	2690	8.701896e-01	7.000000e-01	
2.738039e+02	2691	6.884305e+01	3.069441e+02	2.738039e+02	2691	8.168031e-01	7.000000e-01	
2.739056e+02	2692	7.018519e+01	3.234877e+02	2.739056e+02	2692	8.217170e-01	7.000000e-01	
2.740074e+02	2693	5.139273e+01	2.520756e+02	2.740074e+02	2693	8.306488e-01	7.000000e-01	
2.741091e+02	2694	7.005507e+01	2.919863e+02	2.741091e+02	2694	8.064998e-01	7.000000e-01	
2.742109e+02	2695	5.761173e+01	2.736981e+02	2.742109e+02	2695	8.261092e-01	7.000000e-01	
2.743126e+02	2696	6.238095e+01	2.664437e+02	2.743126e+02	2696	8.102911e-01	7.000000e-01	
2.744144e+02	2697	6.468044e+01	2.747931e+02	2.744144e+02	2697	8.094684e-01	7.000000e-01	
2.745161e+02	2698	6.363037e+01	2.865528e+02	2.745161e+02	2698	8.182940e-01	7.000000e-01	
2.746179e+02	2699	5.705186e+01	2.568976e+02	2.746179e+02	2699	8.182769e-01	7.000000e-01	
2.747196e+02	2700	6.126407e+01	2.699269e+02	2.747196e+02	2700	8.150189e-01	7.000000e-01	
2.748213e+02	2701	6.319297e+01	2.822714e+02	2.748213e+02	2701	8.170782e-01	7.000000e-01	
2.749231e+02	2702	6.054499e+01	2.774207e+02	2.749231e+02	2702	8.208546e-01	7.000000e-01	
2.750248e+02	2703	6.143839e+01	2.630361e+02	2.750248e+02	2703	8.106526e-01	7.000000e-01	
2.751266e+02	2704	5.910036e+01	2.689423e+02	2.751266e+02	2704	8.198394e-01	7.000000e-01	
2.752283e+02	2705	3.886639e+01	2.417100e+02	2.752283e+02	2705	8.614766e-01	7.000000e-01	
2.753301e+02	2706	4.849921e+01	2.582783e+02	2.753301e+02	2706	8.419075e-01	7.000000e-01	
2.754318e+02	2707	4.494321e+01	2.440892e+02	2.754318e+02	2707	8.445046e-01	7.000000e-01	
2.755336e+02	2708	4.270408e+01	2.486395e+02	2.755336e+02	2708	8.534236e-01	7.000000e-01	
2.756353e+02	2709	3.627235e+01	2.218946e+02	2.756353e+02	2709	8.595004e-01	7.000000e-01	
2.757371e+02	2710	5.164700e+01	2.823556e+02	2.757371e+02	2710	8.453695e-01	7.000000e-01	
2.758388e+02	2711	4.914690e+01	2.646846e+02	2.758388e+02	2711	8.433972e-01	7.000000e-01	
2.759406e+02	2712	5.000709e+01	2.649650e+02	2.759406e+02	2712	8.412333e-01	7.000000e-01	
2.760423e+02	2713	5.543971e+01	2.745936e+02	2.760423e+02	2713	8.320178e-01	7.000000e-01	
2.761441e+02	2714	4.556569e+01	2.682922e+02	2.761441e+02	2714	8.548206e-01	7.000000e-01	
2.762458e+02	2715	7.254482e+01	2.724867e+02	2.762458e+02	2715	7.897444e-01	7.000000e-01	
2.763476e+02	2716	6.002829e+01	2.637602e+02	2.763476e+02	2716	8.146065e-01	7.000000e-01	
2.764493e+02	2717	4.898516e+01	2.573422e+02	2.764493e+02	2717	8.400889e-01	7.000000e-01	
2.765511e+02	2718	5.066228e+01	2.799674e+02	2.765511e+02	2718	8.467703e-01	7.000000e-01	
2.766528e+02	2719	7.061902e+01	2.529523e+02	2.766528e+02	2719	7.817513e-01	7.000000e-01	
2.767546e+02	2720	8.857282e+01	2.894153e+02	2.767546e+02	2720	7.656730e-01	7.000000e-01	
2.768563e+02	2721	5.249095e+01	2.552567e+02	2.768563e+02	2721	8.294351e-01	7.000000e-01	
2.769581e+02	2722	4.430472e+01	2.428484e+02	2.769581e+02	2722	8.457105e-01	7.000000e-01	
2.770598e+02	2723	3.008640e+01	2.346251e+02	2.770598e+02	2723	8.863427e-01	7.000000e-01	
2.771616e+02	2724	4.855656e+01	2.380355e+02	2.771616e+02	2724	8.305726e-01	7.000000e-01	
2.772633e+02	2725	5.423763e+01	2.667007e+02	2.772633e+02	2725	8.310030e-01	7.000000e-01	
2.773650e+02	2726	4.399971e+01	2.552765e+02	2.773650e+02	2726	8.529796e-01	7.000000e-01	
2.774668e+02	2727	6.501062e+01	2.618789e+02	2.774668e+02	2727	8.011236e-01	7.000000e-01	
2.775685e+02	2728	4.249100e+01	2.499221e+02	2.775685e+02	2728	8.546885e-01	7.000000e-01	
2.776703e+02	2729	4.026943e+01	2.776112e+02	2.776703e+02	2729	8.733190e-01	7.000000e-01	
2.777720e+02	2730	4.546570e+01	2.319826e+02	2.777720e+02	2730	8.361291e-01	7.000000e-01	
2.778738e+02	2731	4.953975e+01	2.691303e+02	2.778738e+02	2731	8.445422e-01	7.000000e-01	
2.779755e+02	2732	6.721638e+01	2.758312e+02	2.779755e+02	2732	8.040611e-01	7.000000e-01	
2.780773e+02	2733	3.314033e+01	2.739879e+02	2.780773e+02	2733	8.920961e-01	7.000000e-01	
2.781790e+02	2734	3.161453e+01	2.468449e+02	2.781790e+02	2734	8.864663e-01	7.000000e-01	
2.782808e+02	2735	4.129814e+01	2.197785e+02	2.782808e+02	2735	8.418160e-01	7.000000e-01	
2.783825e+02	2736	2.666222e+01	2.944619e+02	2.783825e+02	2736	9.169722e-01	7.000000e-01	
2.784843e+02	2737	4.258448e+01	2.366884e+02	2.784843e+02	2737	8.475166e-01	7.000000e-01	
2.785860e+02	2738	5.120929e+01	2.364647e+02	2.785860e+02	2738	8.219885e-01	7.000000e-01	
2.786878e+02	2739	3.985481e+01	1.996895e+02	2.786878e+02	2739	8.336224e-01	7.000000e-01	
2.787895e+02	2740	3.654307e+01	2.493652e+02	2.787895e+02	2740	8.721860e-01	7.000000e-01	
2.788913e+02	2741	4.875965e+01	2.316162e+02	2.788913e+02	2741	8.260918e-01	7.000000e-01	
2.789930e+02	2742	3.910793e+01	2.437835e+02	2.789930e+02	2742	8.617564e-01	7.000000e-01	
2.790948e+02	2743	6.025503e+01	2.443617e+02	2.790948e+02	2743	8.021940e-01	7.000000e-01	
2.791965e+02	2744	5.601259e+01	2.317609e+02	2.791965e+02	2744	8.053588e-01	7.000000e-01	
2.792983e+02	2745	5.110787e+01	2.314220e+02	2.792983e+02	2745	8.191063e-01	7.000000e-01	
2.794000e+02	2746	5.918810e+01	2.377071e+02	2.794000e+02	2746	8.006431e-01	7.000000e-01	
2.795018e+02	2747	5.710682e+01	2.404755e+02	2.795018e+02	2747	8.080974e-01	7.000000e-01	
2.796035e+02	2748	6.137465e+01	2.426946e+02	2.796035e+02	2748	7.981557e-01	7.000000e-01	
2.797053e+02	2749	5.367031e+01	2.270574e+02	2.797053e+02	2749	8.088172e-01	7.000000e-01	
2.798070e+02	2750	6.932156e+01	1.961617e+02	2.798070e+02	2750	7.388854e-01	7.000000e-01	
2.799087e+02	2751	5.573873e+01	2.038251e+02	2.799087e+02	2751	7.852600e-01	7.000000e-01	
2.800105e+02	2752	5.749039e+01	2.047872e+02	2.800105e+02	2752	7.808033e-01	7.000000e-01	
2.801122e+02	2753	6.119689e+01	2.376447e+02	2.801122e+02	2753	7.952196e-01	7.000000e-01	
2.802140e+02	2754	6.051737e+01	2.354412e+02	2.802140e+02	2754	7.955208e-01	7.000000e-01	
2.803157e+02	2755	5.475525e+01	2.412595e+02	2.803157e+02	2755	8.150253e-01	7.000000e-01	
2.804175e+02	2756	4.845995e+01	2.132851e+02	2.804175e+02	2756	8.148582e-01	7.000000e-01	
2.805192e+02	2757	5.077489e+01	2.633356e+02	2.805192e+02	2757	8.383534e-01	7.000000e-01	
2.806210e+02	2758	5.483518e+01	1.711813e+02	2.806210e+02	2758	7.573842e-01	7.000000e-01	
2.807227e+02	2759	4.981740e+01	1.876895e+02	2.807227e+02	2759	7.902486e-01	7.000000e-01	
2.808245e+02	2760	3.543733e+01	2.665640e+02	2.808245e+02	2760	8.826584e-01	7.000000e-01	
2.809262e+02	2761	8.982710e+01	2.582804e+02	2.809262e+02	2761	7.419559e-01	7.000000e-01	
2.810280e+02	2762	3.509077e+01	2.692907e+02	2.810280e+02	2762	8.847145e-01	7.000000e-01	
2.811297e+02	2763	4.165816e+01	2.477094e+02	2.811297e+02	2763	8.560372e-01	7.000000e-01	
2.812315e+02	2764	1.532920e+01	3.035368e+02	2.812315e+02	2764	9.519259e-01	7.000000e-01	
2.813332e+02	2765	3.546440e+01	2.202052e+02	2.813332e+02	2765	8.612882e-01	7.000000e-01	
2.814350e+02	2766	3.320902e+01	2.932930e+02	2.814350e+02	2766	8.982885e-01	7.000000e-01	
2.815367e+02	2767	4.703799e+01	2.242971e+02	2.815367e+02	2767	8.266424e-01	7.000000e-01	
2.816385e+02	2768	4.053956e+01	2.573320e+02	2.816385e+02	2768	8.639025e-01	7.000000e-01	
2.817402e+02	2769	4.379370e+01	1.890906e+02	2.817402e+02	2769	8.119508e-01	7.000000e-01	
2.818420e+02	2770	3.527850e+01	2.257611e+02	2.818420e+02	2770	8.648538e-01	7.000000e-01	
2.819437e+02	2771	4.088691e+01	2.437437e+02	2.819437e+02	2771	8.563510e-01	7.000000e-01	
2.820455e+02	2772	3.248776e+01	2.287309e+02	2.820455e+02	2772	8.756300e-01	7.000000e-01	
2.821472e+02	2773	6.266386e+01	2.438981e+02	2.821472e+02	2773	7.955915e-01	7.000000e-01	
2.822490e+02	2774	5.080819e+01	2.327190e+02	2.822490e+02	2774	8.207996e-01	7.000000e-01	
2.823507e+02	2775	4.994224e+01	2.572229e+02	2.823507e+02	2775	8.374092e-01	7.000000e-01	
2.824524e+02	2776	5.269259e+01	2.349827e+02	2.824524e+02	2776	8.168331e-01	7.000000e-01	
2.825542e+02	2777	5.998084e+01	2.403155e+02	2.825542e+02	2777	8.002612e-01	7.000000e-01	
2.826559e+02	2778	6.728649e+01	2.298661e+02	2.826559e+02	2778	7.735625e-01	7.000000e-01	
2.827577e+02	2779	5.801050e+01	2.535090e+02	2.827577e+02	2779	8.137821e-01	7.000000e-01	
2.828594e+02	2780	4.989417e+01	2.156677e+02	2.828594e+02	2780	8.121185e-01	7.000000e-01	
2.829612e+02	2781	4.811402e+01	2.099507e+02	2.829612e+02	2781	8.135583e-01	7.000000e-01	
2.830629e+02	2782	5.220010e+01	2.278924e+02	2.830629e+02	2782	8.136326e-01	7.000000e-01	
2.831647e+02	2783	6.683951e+01	2.302706e+02	2.831647e+02	2783	7.750345e-01	7.000000e-01	
2.832664e+02	2784	5.236515e+01	2.293257e+02	2.832664e+02	2784	8.141042e-01	7.000000e-01	
2.833682e+02	2785	6.303027e+01	2.312948e+02	2.833682e+02	2785	7.858481e-01	7.000000e-01	
2.834699e+02	2786	5.498886e+01	2.312132e+02	2.834699e+02	2786	8.078670e-01	7.000000e-01	
2.835717e+02	2787	6.285466e+01	2.294970e+02	2.835717e+02	2787	7.850032e-01	7.000000e-01	
2.836734e+02	2788	5.331168e+01	2.084348e+02	2.836734e+02	2788	7.963232e-01	7.000000e-01	
2.837752e+02	2789	7.772977e+01	2.437997e+02	2.837752e+02	2789	7.582499e-01	7.000000e-01	
2.838769e+02	2790	8.248770e+01	2.366175e+02	2.838769e+02	2790	7.415031e-01	7.000000e-01	
2.839787e+02	2791	6.972510e+01	2.378710e+02	2.839787e+02	2791	7.733225e-01	7.000000e-01	
2.840804e+02	2792	7.807446e+01	2.560383e+02	2.840804e+02	2792	7.663230e-01	7.000000e-01	
2.841822e+02	2793	4.536303e+01	1.892976e+02	2.841822e+02	2793	8.066867e-01	7.000000e-01	
2.842839e+02	2794	4.068038e+01	2.169272e+02	2.842839e+02	2794	8.420839e-01	7.000000e-01	
2.843857e+02	2795	4.320173e+01	1.973619e+02	2.843857e+02	2795	8.204145e-01	7.000000e-01	
2.844874e+02	2796	4.392390e+01	1.881735e+02	2.844874e+02	2796	8.107523e-01	7.000000e-01	
2.845892e+02	2797	4.994682e+01	2.643711e+02	2.845892e+02	2797	8.410946e-01	7.000000e-01	
2.846909e+02	2798	5.518003e+01	2.411818e+02	2.846909e+02	2798	8.138086e-01	7.000000e-01	
2.847927e+02	2799	5.952354e+01	3.595045e+02	2.847927e+02	2799	8.579486e-01	7.000000e-01	
2.848944e+02	2800	5.076709e+01	2.261253e+02	2.848944e+02	2800	8.166541e-01	7.000000e-01	
2.849961e+02	2801	5.108197e+01	2.579065e+02	2.849961e+02	2801	8.346800e-01	7.000000e-01	
2.850979e+02	2802	3.870353e+01	2.205937e+02	2.850979e+02	2802	8.507368e-01	7.000000e-01	
2.851996e+02	2803	4.383711e+01	2.152386e+02	2.851996e+02	2803	8.307942e-01	7.000000e-01	
2.853014e+02	2804	2.912841e+01	2.563682e+02	2.853014e+02	2804	8.979728e-01	7.000000e-01	
2.854031e+02	2805	4.295952e+01	2.160590e+02	2.854031e+02	2805	8.341450e-01	7.000000e-01	
2.855049e+02	2806	4.793289e+01	2.224350e+02	2.855049e+02	2806	8.227123e-01	7.000000e-01	
2.856066e+02	2807	4.543727e+01	2.251603e+02	2.856066e+02	2807	8.320854e-01	7.000000e-01	
2.857084e+02	2808	5.324985e+01	2.151131e+02	2.857084e+02	2808	8.015753e-01	7.000000e-01	
2.858101e+02	2809	4.891713e+01	2.213049e+02	2.858101e+02	2809	8.189743e-01	7.000000e-01	
2.859119e+02	2810	4.406817e+01	2.321758e+02	2.859119e+02	2810	8.404737e-01	7.000000e-01	
2.860136e+02	2811	4.125358e+01	2.430178e+02	2.860136e+02	2811	8.548796e-01	7.000000e-01	
2.861154e+02	2812	3.995745e+01	2.644987e+02	2.861154e+02	2812	8.687579e-01	7.000000e-01	
2.862171e+02	2813	3.063444e+01	2.642356e+02	2.862171e+02	2813	8.961087e-01	7.000000e-01	
2.863189e+02	2814	4.981188e+01	2.215255e+02	2.863189e+02	2814	8.164209e-01	7.000000e-01	
2.864206e+02	2815	1.395767e+01	2.616178e+02	2.864206e+02	2815	9.493508e-01	7.000000e-01	
2.865224e+02	2816	2.163438e+01	2.480932e+02	2.865224e+02	2816	9.197917e-01	7.000000e-01	
2.866241e+02	2817	2.918229e+01	2.573828e+02	2.866241e+02	2817	8.981652e-01	7.000000e-01	
2.867259e+02	2818	4.314707e+01	2.305467e+02	2.867259e+02	2818	8.423528e-01	7.000000e-01	
2.868276e+02	2819	3.224094e+01	2.492541e+02	2.868276e+02	2819	8.854653e-01	7.000000e-01	
2.869294e+02	2820	3.626986e+01	2.285212e+02	2.869294e+02	2820	8.630246e-01	7.000000e-01	
2.870311e+02	2821	4.084297e+01	2.406393e+02	2.870311e+02	2821	8.549004e-01	7.000000e-01	
2.871329e+02	2822	3.744229e+01	2.407593e+02	2.871329e+02	2822	8.654131e-01	7.000000e-01	
2.872346e+02	2823	4.724475e+01	2.525897e+02	2.872346e+02	2823	8.424305e-01	7.000000e-01	
2.873364e+02	2824	3.886810e+01	2.347391e+02	2.873364e+02	2824	8.579420e-01	7.000000e-01	
2.874381e+02	2825	3.793401e+01	2.315395e+02	2.874381e+02	2825	8.592292e-01	7.000000e-01	
2.875398e+02	2826	4.546463e+01	2.436596e+02	2.875398e+02	2826	8.427505e-01	7.000000e-01	
2.876416e+02	2827	4.381905e+01	2.830419e+02	2.876416e+02	2827	8.659398e-01	7.000000e-01	
2.877433e+02	2828	4.722963e+01	2.415582e+02	2.877433e+02	2828	8.364556e-01	7.000000e-01	
2.878451e+02	2829	4.204717e+01	2.696590e+02	2.878451e+02	2829	8.651064e-01	7.000000e-01	
2.879468e+02	2830	4.251524e+01	2.606708e+02	2.879468e+02	2830	8.597718e-01	7.000000e-01	
2.880486e+02	2831	4.666183e+01	2.004149e+02	2.880486e+02	2831	8.111444e-01	7.000000e-01	
2.881503e+02	2832	4.532195e+01	2.421772e+02	2.881503e+02	2832	8.423580e-01	7.000000e-01	
2.882521e+02	2833	4.467828e+01	2.455351e+02	2.882521e+02	2833	8.460502e-01	7.000000e-01	
2.883538e+02	2834	5.222934e+01	2.206347e+02	2.883538e+02	2834	8.085884e-01	7.000000e-01	
2.884556e+02	2835	5.787191e+01	2.382828e+02	2.884556e+02	2835	8.045889e-01	7.000000e-01	
2.885573e+02	2836	3.154730e+01	2.357762e+02	2.885573e+02	2836	8.819883e-01	7.000000e-01	
2.886591e+02	2837	5.080973e+01	2.173851e+02	2.886591e+02	2837	8.105492e-01	7.000000e-01	
2.887608e+02	2838	4.940793e+01	2.370873e+02	2.887608e+02	2838	8.275436e-01	7.000000e-01	
2.888626e+02	2839	4.707273e+01	2.336084e+02	2.888626e+02	2839	8.322911e-01	7.000000e-01	
2.889643e+02	2840	5.036267e+01	2.532582e+02	2.889643e+02	2840	8.341265e-01	7.000000e-01	
2.890661e+02	2841	4.977378e+01	2.205549e+02	2.890661e+02	2841	8.158768e-01	7.000000e-01	
2.891678e+02	2842	5.336387e+01	2.457683e+02	2.891678e+02	2842	8.216044e-01	7.000000e-01	
2.892696e+02	2843	5.036529e+01	2.396986e+02	2.892696e+02	2843	8.263648e-01	7.000000e-01	
2.893713e+02	2844	5.377898e+01	2.550215e+02	2.893713e+02	2844	8.258455e-01	7.000000e-01	
2.894731e+02	2845	6.195109e+01	2.372573e+02	2.894731e+02	2845	7.929500e-01	7.000000e-01	
2.895748e+02	2846	4.132519e+01	2.197852e+02	2.895748e+02	2846	8.417329e-01	7.000000e-01	
2.896766e+02	2847	5.858563e+01	2.416222e+02	2.896766e+02	2847	8.048498e-01	7.000000e-01	
2.897783e+02	2848	5.831259e+01	2.273755e+02	2.897783e+02	2848	7.958872e-01	7.000000e-01	
2.898801e+02	2849	5.043272e+01	2.525385e+02	2.898801e+02	2849	8.335396e-01	7.000000e-01	
2.899818e+02	2850	5.074154e+01	2.543325e+02	2.899818e+02	2850	8.336747e-01	7.000000e-01	
2.900835e+02	2851	4.972246e+01	2.314001e+02	2.900835e+02	2851	8.231289e-01	7.000000e-01	
2.901853e+02	2852	4.863194e+01	2.244981e+02	2.901853e+02	2852	8.219458e-01	7.000000e-01	
2.902870e+02	2853	4.881550e+01	2.268953e+02	2.902870e+02	2853	8.229467e-01	7.000000e-01	
2.903888e+02	2854	7.228222e+01	2.327365e+02	2.903888e+02	2854	7.630237e-01	7.000000e-01	
2.904905e+02	2855	5.641706e+01	2.367154e+02	2.904905e+02	2855	8.075373e-01	7.000000e-01	
2.905923e+02	2856	3.901765e+01	2.379285e+02	2.905923e+02	2856	8.591147e-01	7.000000e-01	
2.906940e+02	2857	4.653124e+01	2.399607e+02	2.906940e+02	2857	8.375827e-01	7.000000e-01	
2.907958e+02	2858	5.138038e+01	2.396672e+02	2.907958e+02	2858	8.234640e-01	7.000000e-01	
2.908975e+02	2859	4.196454e+01	2.268698e+02	2.908975e+02	2859	8.439019e-01	7.000000e-01	
2.909993e+02	2860	3.982400e+01	2.774854e+02	2.909993e+02	2860	8.744947e-01	7.000000e-01	
2.911010e+02	2861	4.918734e+01	2.248563e+02	2.911010e+02	2861	8.205127e-01	7.000000e-01	
2.912028e+02	2862	6.986026e+01	2.388235e+02	2.912028e+02	2862	7.736834e-01	7.000000e-01	
2.913045e+02	2863	5.162870e+01	2.397503e+02	2.913045e+02	2863	8.228126e-01	7.000000e-01	
2.914063e+02	2864	6.550484e+01	2.246568e+02	2.914063e+02	2864	7.742471e-01	7.000000e-01	
2.915080e+02	2865	7.669090e+01	2.734544e+02	2.915080e+02	2865	7.809741e-01	7.000000e-01	
2.916098e+02	2866	6.317075e+01	2.230805e+02	2.916098e+02	2866	7.793171e-01	7.000000e-01	
2.917115e+02	2867	4.917967e+01	2.126491e+02	2.917115e+02	2867	8.121686e-01	7.000000e-01	
2.918133e+02	2868	7.009788e+01	2.297422e+02	2.918133e+02	2868	7.662158e-01	7.000000e-01	
2.919150e+02	2869	6.128082e+01	2.247512e+02	2.919150e+02	2869	7.857554e-01	7.000000e-01	
2.920168e+02	2870	3.935349e+01	2.278157e+02	2.920168e+02	2870	8.527020e-01	7.000000e-01	
2.921185e+02	2871	4.293184e+01	2.053837e+02	2.921185e+02	2871	8.271077e-01	7.000000e-01	
2.922203e+02	2872	3.870091e+01	2.225177e+02	2.922203e+02	2872	8.518447e-01	7.000000e-01	
2.923220e+02	2873	5.715004e+01	2.315919e+02	2.923220e+02	2873	8.020723e-01	7.000000e-01	
2.924238e+02	2874	4.046703e+01	1.941428e+02	2.924238e+02	2874	8.275135e-01	7.000000e-01	
2.925255e+02	2875	6.210631e+01	2.249626e+02	2.925255e+02	2875	7.836537e-01	7.000000e-01	
2.926272e+02	2876	5.946211e+01	2.326895e+02	2.926272e+02	2876	7.964683e-01	7.000000e-01	
2.927290e+02	2877	6.979970e+01	2.298006e+02	2.927290e+02	2877	7.670239e-01	7.000000e-01	
2.928307e+02	2878	5.031038e+01	2.103772e+02	2.928307e+02	2878	8.070089e-01	7.000000e-01	
2.929325e+02	2879	4.685164e+01	2.310195e+02	2.929325e+02	2879	8.313908e-01	7.000000e-01	
2.930342e+02	2880	6.717751e+01	2.287246e+02	2.930342e+02	2880	7.729739e-01	7.000000e-01	
2.931360e+02	2881	6.183161e+01	2.196410e+02	2.931360e+02	2881	7.803281e-01	7.000000e-01	
2.932377e+02	2882	4.694796e+01	2.539706e+02	2.932377e+02	2882	8.439845e-01	7.000000e-01	
2.933395e+02	2883	5.898537e+01	2.191602e+02	2.933395e+02	2883	7.879335e-01	7.000000e-01	
2.934412e+02	2884	5.058705e+01	2.807049e+02	2.934412e+02	2884	8.473037e-01	7.000000e-01	
2.935430e+02	2885	1.636065e+01	2.293263e+02	2.935430e+02	2885	9.334086e-01	7.000000e-01	
2.936447e+02	2886	2.718716e+01	2.351360e+02	2.936447e+02	2886	8.963600e-01	7.000000e-01	
2.937465e+02	2887	5.281232e+01	2.321048e+02	2.937465e+02	2887	8.146397e-01	7.000000e-01	
2.938482e+02	2888	7.480766e+01	2.773426e+02	2.938482e+02	2888	7.875689e-01	7.000000e-01	
2.939500e+02	2889	5.145640e+01	2.619393e+02	2.939500e+02	2889	8.358101e-01	7.000000e-01	
2.940517e+02	2890	4.191128e+01	2.534479e+02	2.940517e+02	2890	8.581006e-01	7.000000e-01	
2.941535e+02	2891	4.596742e+01	2.536926e+02	2.941535e+02	2891	8.466014e-01	7.000000e-01	
2.942552e+02	2892	5.484842e+01	2.709260e+02	2.942552e+02	2892	8.316368e-01	7.000000e-01	
2.943570e+02	2893	5.684540e+01	2.791348e+02	2.943570e+02	2893	8.308073e-01	7.000000e-01	
2.944587e+02	2894	6.005143e+01	2.595032e+02	2.944587e+02	2894	8.120777e-01	7.000000e-01	
2.945605e+02	2895	1.508723e+01	2.390193e+02	2.945605e+02	2895	9.406264e-01	7.000000e-01	
2.946622e+02	2896	4.700065e+01	2.440463e+02	2.946622e+02	2896	8.385118e-01	7.000000e-01	
2.947640e+02	2897	4.393109e+01	2.552688e+02	2.947640e+02	2897	8.531714e-01	7.000000e-01	
2.948657e+02	2898	6.464559e+01	2.690511e+02	2.948657e+02	2898	8.062744e-01	7.000000e-01	
2.949675e+02	2899	5.976764e+01	2.898832e+02	2.949675e+02	2899	8.290648e-01	7.000000e-01	
2.950692e+02	2900	4.499945e+01	2.666458e+02	2.950692e+02	2900	8.556068e-01	7.000000e-01	
2.951709e+02	2901	6.452776e+01	2.687100e+02	2.951709e+02	2901	8.063612e-01	7.000000e-01	
2.952727e+02	2902	4.160021e+01	2.978088e+02	2.952727e+02	2902	8.774334e-01	7.000000e-01	
2.953744e+02	2903	4.755546e+01	2.489071e+02	2.953744e+02	2903	8.395903e-01	7.000000e-01	
2.954762e+02	2904	5.966953e+01	3.109387e+02	2.954762e+02	2904	8.389957e-01	7.000000e-01	
2.955779e+02	2905	5.991015e+01	2.361542e+02	2.955779e+02	2905	7.976448e-01	7.000000e-01	
2.956797e+02	2906	6.011844e+01	2.869761e+02	2.956797e+02	2906	8.267952e-01	7.000000e-01	
2.957814e+02	2907	5.649919e+01	2.576107e+02	2.957814e+02	2907	8.201292e-01	7.000000e-01	
2.958832e+02	2908	5.175760e+01	2.815818e+02	2.958832e+02	2908	8.447300e-01	7.000000e-01	
2.959849e+02	2909	5.196001e+01	2.419143e+02	2.959849e+02	2909	8.231897e-01	7.000000e-01	
2.960867e+02	2910	5.443324e+01	2.776190e+02	2.960867e+02	2910	8.360703e-01	7.000000e-01	
2.961884e+02	2911	5.587438e+01	2.291599e+02	2.961884e+02	2911	8.039731e-01	7.000000e-01	
2.962902e+02	2912	6.031133e+01	2.354383e+02	2.962902e+02	2912	7.960730e-01	7.000000e-01	
2.963919e+02	2913	6.501525e+01	2.648161e+02	2.963919e+02	2913	8.028834e-01	7.000000e-01	
2.964937e+02	2914	6.721326e+01	2.740574e+02	2.964937e+02	2914	8.030500e-01	7.000000e-01	
2.965954e+02	2915	3.747739e+01	2.429277e+02	2.965954e+02	2915	8.663455e-01	7.000000e-01	
2.966972e+02	2916	5.473667e+01	2.932798e+02	2.966972e+02	2916	8.427182e-01	7.000000e-01	
2.967989e+02	2917	4.850278e+01	2.755715e+02	2.967989e+02	2917	8.503344e-01	7.000000e-01	
2.969007e+02	2918	3.335417e+01	3.064540e+02	2.969007e+02	2918	9.018441e-01	7.000000e-01	
2.970024e+02	2919	5.077711e-01	2.829196e+00	2.970024e+02	2919	8.478346e-01	7.000000e-01	
2.971042e+02	2920	1.662201e+01	8.797882e+01	2.971042e+02	2920	8.410910e-01	7.000000e-01	
