time at 532nm	frame at 532nm	I_1 at 532nm(counts)	I_2 at 532nm(counts)	time at 532nm	frame at 532nm	FRET_1>2	discr.FRET_1>2	
1.017480e-01	1	2.469110e+02	6.804192e+00	1.017480e-01	1	2.681823e-02	0	
2.034960e-01	2	2.469110e+02	6.804192e+00	2.034960e-01	2	2.681823e-02	0	
3.052440e-01	3	2.455402e+02	1.110732e+01	3.052440e-01	3	4.327850e-02	0	
4.069920e-01	4	2.449458e+02	8.645117e+00	4.069920e-01	4	3.409080e-02	0	
5.087400e-01	5	2.226981e+02	-2.363024e+00	5.087400e-01	5	-1.072468e-02	0	
6.104880e-01	6	2.676617e+02	-1.047684e+00	6.104880e-01	6	-3.929591e-03	0	
7.122360e-01	7	2.380329e+02	-3.390066e+00	7.122360e-01	7	-1.444777e-02	0	
8.139840e-01	8	2.484033e+02	1.597235e+01	8.139840e-01	8	6.041536e-02	0	
9.157320e-01	9	2.218419e+02	1.994951e+01	9.157320e-01	9	8.250711e-02	0	
1.017480e+00	10	2.610378e+02	9.725656e+00	1.017480e+00	10	3.591938e-02	0	
1.119228e+00	11	1.702494e+02	3.048520e+01	1.119228e+00	11	1.518682e-01	0	
1.220976e+00	12	1.615446e+02	-9.846658e+00	1.220976e+00	12	-6.490963e-02	0	
1.322724e+00	13	1.524253e+02	-2.312114e+01	1.322724e+00	13	-1.788120e-01	0	
1.424472e+00	14	1.493353e+02	-2.733483e+01	1.424472e+00	14	-2.240551e-01	0	
1.526220e+00	15	2.082557e+02	-1.588604e+01	1.526220e+00	15	-8.258080e-02	0	
1.627968e+00	16	7.646018e+01	1.864132e+02	1.627968e+00	16	7.091368e-01	7.000000e-01	
1.729716e+00	17	7.859343e+01	1.878291e+02	1.729716e+00	17	7.050046e-01	7.000000e-01	
1.831464e+00	18	7.363440e+01	1.637018e+02	1.831464e+00	18	6.897464e-01	7.000000e-01	
1.933212e+00	19	5.539934e+01	1.565645e+02	1.933212e+00	19	7.386378e-01	7.000000e-01	
2.034960e+00	20	8.138930e+01	1.837908e+02	2.034960e+00	20	6.930792e-01	7.000000e-01	
2.136708e+00	21	8.137523e+01	1.938311e+02	2.136708e+00	21	7.043119e-01	7.000000e-01	
2.238456e+00	22	4.868663e+01	1.385428e+02	2.238456e+00	22	7.399627e-01	7.000000e-01	
2.340204e+00	23	6.136484e+01	1.593460e+02	2.340204e+00	23	7.219673e-01	7.000000e-01	
2.441952e+00	24	5.590428e+01	1.595205e+02	2.441952e+00	24	7.404928e-01	7.000000e-01	
2.543700e+00	25	3.040838e+01	1.656335e+02	2.543700e+00	25	8.448883e-01	7.000000e-01	
2.645448e+00	26	6.252090e+01	1.750551e+02	2.645448e+00	26	7.368383e-01	7.000000e-01	
2.747196e+00	27	5.761906e+01	1.507726e+02	2.747196e+00	27	7.235059e-01	7.000000e-01	
2.848944e+00	28	5.881117e+01	1.765140e+02	2.848944e+00	28	7.500855e-01	7.000000e-01	
2.950692e+00	29	5.154693e+01	1.598416e+02	2.950692e+00	29	7.561508e-01	7.000000e-01	
3.052440e+00	30	6.031093e+01	1.634059e+02	3.052440e+00	30	7.304140e-01	7.000000e-01	
3.154188e+00	31	5.887633e+01	1.768861e+02	3.154188e+00	31	7.502726e-01	7.000000e-01	
3.255936e+00	32	3.910013e+01	1.599484e+02	3.255936e+00	32	8.035648e-01	7.000000e-01	
3.357684e+00	33	4.279253e+01	1.683378e+02	3.357684e+00	33	7.973170e-01	7.000000e-01	
3.459432e+00	34	5.185475e+01	1.549200e+02	3.459432e+00	34	7.492211e-01	7.000000e-01	
3.561180e+00	35	5.285805e+01	1.429385e+02	3.561180e+00	35	7.300358e-01	7.000000e-01	
3.662928e+00	36	5.105365e+01	1.624702e+02	3.662928e+00	36	7.608995e-01	7.000000e-01	
3.764676e+00	37	4.057994e+01	1.423737e+02	3.764676e+00	37	7.781955e-01	7.000000e-01	
3.866424e+00	38	2.834377e+01	1.670394e+02	3.866424e+00	38	8.549324e-01	7.000000e-01	
3.968172e+00	39	4.196758e+01	1.548861e+02	3.968172e+00	39	7.868083e-01	7.000000e-01	
4.069920e+00	40	2.711584e+01	1.539924e+02	4.069920e+00	40	8.502783e-01	7.000000e-01	
4.171668e+00	41	6.335120e+01	1.645377e+02	4.171668e+00	41	7.220084e-01	7.000000e-01	
4.273416e+00	42	6.286366e+01	1.386461e+02	4.273416e+00	42	6.880366e-01	7.000000e-01	
4.375164e+00	43	5.198707e+01	1.919859e+02	4.375164e+00	43	7.869146e-01	7.000000e-01	
4.476912e+00	44	5.092075e+01	1.432527e+02	4.476912e+00	44	7.377564e-01	7.000000e-01	
4.578660e+00	45	6.511848e+01	1.607887e+02	4.578660e+00	45	7.117467e-01	7.000000e-01	
4.680408e+00	46	5.964298e+01	1.535308e+02	4.680408e+00	46	7.202143e-01	7.000000e-01	
4.782156e+00	47	5.705540e+01	1.582619e+02	4.782156e+00	47	7.350171e-01	7.000000e-01	
4.883904e+00	48	5.861732e+01	1.535237e+02	4.883904e+00	48	7.236870e-01	7.000000e-01	
4.985652e+00	49	5.336970e+01	1.664611e+02	4.985652e+00	49	7.572237e-01	7.000000e-01	
5.087400e+00	50	6.122741e+01	1.558355e+02	5.087400e+00	50	7.179278e-01	7.000000e-01	
5.189148e+00	51	7.268311e+01	1.698716e+02	5.189148e+00	51	7.003434e-01	7.000000e-01	
5.290896e+00	52	6.106446e+01	1.685006e+02	5.290896e+00	52	7.339993e-01	7.000000e-01	
5.392644e+00	53	6.043065e+01	1.536442e+02	5.392644e+00	53	7.177125e-01	7.000000e-01	
5.494392e+00	54	6.892637e+01	1.491109e+02	5.494392e+00	54	6.838780e-01	7.000000e-01	
5.596140e+00	55	6.310651e+01	1.509993e+02	5.596140e+00	55	7.052555e-01	7.000000e-01	
5.697888e+00	56	6.619830e+01	1.510727e+02	5.697888e+00	56	6.953192e-01	7.000000e-01	
5.799636e+00	57	6.725963e+01	1.645730e+02	5.799636e+00	57	7.098785e-01	7.000000e-01	
5.901384e+00	58	6.058778e+01	1.576861e+02	5.901384e+00	58	7.224231e-01	7.000000e-01	
6.003132e+00	59	6.473363e+01	1.376008e+02	6.003132e+00	59	6.800662e-01	7.000000e-01	
6.104880e+00	60	5.775796e+01	1.254703e+02	6.104880e+00	60	6.847759e-01	7.000000e-01	
6.206628e+00	61	6.102342e+01	1.595406e+02	6.206628e+00	61	7.233301e-01	7.000000e-01	
6.308376e+00	62	6.058586e+01	1.586608e+02	6.308376e+00	62	7.236635e-01	7.000000e-01	
6.410124e+00	63	6.232567e+01	1.844470e+02	6.410124e+00	63	7.474369e-01	7.000000e-01	
6.511872e+00	64	6.873236e+01	1.550348e+02	6.511872e+00	64	6.928398e-01	7.000000e-01	
6.613620e+00	65	6.625247e+01	1.711507e+02	6.613620e+00	65	7.209285e-01	7.000000e-01	
6.715368e+00	66	6.118472e+01	1.558202e+02	6.715368e+00	66	7.180492e-01	7.000000e-01	
6.817116e+00	67	6.270915e+01	1.640938e+02	6.817116e+00	67	7.235082e-01	7.000000e-01	
6.918864e+00	68	6.954041e+01	1.652142e+02	6.918864e+00	68	7.037740e-01	7.000000e-01	
7.020612e+00	69	7.787302e+01	2.073345e+02	7.020612e+00	69	7.269601e-01	7.000000e-01	
7.122360e+00	70	6.718361e+01	1.639277e+02	7.122360e+00	70	7.093019e-01	7.000000e-01	
7.224108e+00	71	7.476503e+01	1.593259e+02	7.224108e+00	71	6.806154e-01	7.000000e-01	
7.325856e+00	72	6.612601e+01	1.771067e+02	7.325856e+00	72	7.281369e-01	7.000000e-01	
7.427604e+00	73	5.179502e+01	1.510492e+02	7.427604e+00	73	7.446562e-01	7.000000e-01	
7.529352e+00	74	6.066680e+01	1.663810e+02	7.529352e+00	74	7.328016e-01	7.000000e-01	
7.631100e+00	75	7.473662e+01	1.727411e+02	7.631100e+00	75	6.980067e-01	7.000000e-01	
7.732848e+00	76	6.181875e+01	1.612587e+02	7.732848e+00	76	7.228821e-01	7.000000e-01	
7.834596e+00	77	5.992149e+01	1.567846e+02	7.834596e+00	77	7.234896e-01	7.000000e-01	
7.936344e+00	78	4.493649e+01	1.219639e+02	7.936344e+00	78	7.307586e-01	7.000000e-01	
8.038092e+00	79	4.353520e+01	1.242992e+02	8.038092e+00	79	7.406062e-01	7.000000e-01	
8.139840e+00	80	5.658708e+01	1.481149e+02	8.139840e+00	80	7.235636e-01	7.000000e-01	
8.241588e+00	81	2.910455e+01	1.135940e+02	8.241588e+00	81	7.960417e-01	7.000000e-01	
8.343336e+00	82	4.998866e+01	9.691885e+01	8.343336e+00	82	6.597270e-01	7.000000e-01	
8.445084e+00	83	4.290285e+01	1.350699e+02	8.445084e+00	83	7.589358e-01	7.000000e-01	
8.546832e+00	84	7.439041e+01	1.206399e+02	8.546832e+00	84	6.185700e-01	7.000000e-01	
8.648580e+00	85	5.062483e+01	1.293326e+02	8.648580e+00	85	7.186844e-01	7.000000e-01	
8.750328e+00	86	6.835039e+01	1.266916e+02	8.750328e+00	86	6.495606e-01	7.000000e-01	
8.852076e+00	87	6.010021e+01	1.148242e+02	8.852076e+00	87	6.564218e-01	7.000000e-01	
8.953824e+00	88	6.312013e+01	1.367306e+02	8.953824e+00	88	6.841636e-01	7.000000e-01	
9.055572e+00	89	7.221648e+01	1.332160e+02	9.055572e+00	89	6.484661e-01	7.000000e-01	
9.157320e+00	90	6.158705e+01	1.184319e+02	9.157320e+00	90	6.578857e-01	7.000000e-01	
9.259068e+00	91	6.529948e+01	9.952216e+01	9.259068e+00	91	6.038173e-01	7.000000e-01	
9.360816e+00	92	5.456956e+01	1.522149e+02	9.360816e+00	92	7.361042e-01	7.000000e-01	
9.462564e+00	93	4.931395e+01	1.500501e+02	9.462564e+00	93	7.526437e-01	7.000000e-01	
9.564312e+00	94	6.664467e+01	1.113132e+02	9.564312e+00	94	6.255031e-01	7.000000e-01	
9.666060e+00	95	5.899031e+01	1.409234e+02	9.666060e+00	95	7.049211e-01	7.000000e-01	
9.767808e+00	96	7.325654e+01	1.786862e+02	9.767808e+00	96	7.092334e-01	7.000000e-01	
9.869556e+00	97	5.862948e+01	1.522211e+02	9.869556e+00	97	7.219383e-01	7.000000e-01	
9.971304e+00	98	8.174467e+01	1.799839e+02	9.971304e+00	98	6.876739e-01	7.000000e-01	
1.007305e+01	99	8.403906e+01	1.737523e+02	1.007305e+01	99	6.740036e-01	7.000000e-01	
1.017480e+01	100	7.911139e+01	1.691875e+02	1.017480e+01	100	6.813865e-01	7.000000e-01	
1.027655e+01	101	7.003494e+01	1.755073e+02	1.027655e+01	101	7.147744e-01	7.000000e-01	
1.037830e+01	102	7.594124e+01	1.648556e+02	1.037830e+01	102	6.846253e-01	7.000000e-01	
1.048004e+01	103	7.431173e+01	1.619253e+02	1.048004e+01	103	6.854357e-01	7.000000e-01	
1.058179e+01	104	8.781770e+01	1.807526e+02	1.058179e+01	104	6.730178e-01	7.000000e-01	
1.068354e+01	105	8.583722e+01	1.766673e+02	1.068354e+01	105	6.730067e-01	7.000000e-01	
1.078529e+01	106	1.035492e+02	1.865729e+02	1.078529e+01	106	6.430841e-01	7.000000e-01	
1.088704e+01	107	4.444184e+01	1.636027e+02	1.088704e+01	107	7.863831e-01	7.000000e-01	
1.098878e+01	108	6.982726e+01	1.759132e+02	1.098878e+01	108	7.158496e-01	7.000000e-01	
1.109053e+01	109	4.975713e+01	1.639150e+02	1.109053e+01	109	7.671333e-01	7.000000e-01	
1.119228e+01	110	5.455075e+01	1.376822e+02	1.119228e+01	110	7.162258e-01	7.000000e-01	
1.129403e+01	111	6.015095e+01	1.988713e+02	1.129403e+01	111	7.677769e-01	7.000000e-01	
1.139578e+01	112	2.682523e+01	2.055197e+02	1.139578e+01	112	8.845457e-01	7.000000e-01	
1.149752e+01	113	4.143503e+01	1.691849e+02	1.149752e+01	113	8.032711e-01	7.000000e-01	
1.159927e+01	114	4.877526e+01	1.667043e+02	1.159927e+01	114	7.736432e-01	7.000000e-01	
1.170102e+01	115	8.420865e+01	2.297940e+02	1.170102e+01	115	7.318218e-01	7.000000e-01	
1.180277e+01	116	8.843605e+01	2.049054e+02	1.180277e+01	116	6.985218e-01	7.000000e-01	
1.190452e+01	117	8.720576e+01	2.022692e+02	1.190452e+01	117	6.987451e-01	7.000000e-01	
1.200626e+01	118	6.542571e+01	2.047181e+02	1.200626e+01	118	7.578116e-01	7.000000e-01	
1.210801e+01	119	7.159993e+01	2.128668e+02	1.210801e+01	119	7.483012e-01	7.000000e-01	
1.220976e+01	120	7.798463e+01	1.749689e+02	1.220976e+01	120	6.917037e-01	7.000000e-01	
1.231151e+01	121	6.949921e+01	1.791430e+02	1.231151e+01	121	7.204851e-01	7.000000e-01	
1.241326e+01	122	9.268873e+01	1.635999e+02	1.241326e+01	122	6.383424e-01	7.000000e-01	
1.251500e+01	123	7.939305e+01	1.993305e+02	1.251500e+01	123	7.151549e-01	7.000000e-01	
1.261675e+01	124	9.932832e+01	1.465976e+02	1.261675e+01	124	5.961047e-01	7.000000e-01	
1.271850e+01	125	7.539565e+01	1.929876e+02	1.271850e+01	125	7.190747e-01	7.000000e-01	
1.282025e+01	126	4.125390e+01	1.807505e+02	1.282025e+01	126	8.141753e-01	7.000000e-01	
1.292200e+01	127	4.718385e+01	1.802982e+02	1.292200e+01	127	7.925821e-01	7.000000e-01	
1.302374e+01	128	4.673699e+01	2.122891e+02	1.302374e+01	128	8.195665e-01	7.000000e-01	
1.312549e+01	129	4.082208e+01	1.880544e+02	1.312549e+01	129	8.216414e-01	7.000000e-01	
1.322724e+01	130	2.968719e+01	1.762003e+02	1.322724e+01	130	8.558087e-01	7.000000e-01	
1.332899e+01	131	5.230111e+01	1.912477e+02	1.332899e+01	131	7.852541e-01	7.000000e-01	
1.343074e+01	132	5.729569e+01	1.777539e+02	1.343074e+01	132	7.562400e-01	7.000000e-01	
1.353248e+01	133	3.337782e+01	1.765384e+02	1.353248e+01	133	8.409946e-01	7.000000e-01	
1.363423e+01	134	5.521217e+01	1.701832e+02	1.363423e+01	134	7.550430e-01	7.000000e-01	
1.373598e+01	135	3.618685e+01	2.200533e+02	1.373598e+01	135	8.587776e-01	7.000000e-01	
1.383773e+01	136	3.747050e+01	2.055713e+02	1.383773e+01	136	8.458269e-01	7.000000e-01	
1.393948e+01	137	4.403686e+01	1.904928e+02	1.393948e+01	137	8.122333e-01	7.000000e-01	
1.404122e+01	138	4.363616e+01	2.064038e+02	1.404122e+01	138	8.254833e-01	7.000000e-01	
1.414297e+01	139	4.197546e+01	1.953057e+02	1.414297e+01	139	8.230982e-01	7.000000e-01	
1.424472e+01	140	6.338191e+01	1.869204e+02	1.424472e+01	140	7.467786e-01	7.000000e-01	
1.434647e+01	141	6.456947e+01	1.773146e+02	1.434647e+01	141	7.330561e-01	7.000000e-01	
1.444822e+01	142	5.998135e+01	1.798416e+02	1.444822e+01	142	7.498932e-01	7.000000e-01	
1.454996e+01	143	6.093966e+01	1.996596e+02	1.454996e+01	143	7.661557e-01	7.000000e-01	
1.465171e+01	144	5.980076e+01	1.815217e+02	1.465171e+01	144	7.521956e-01	7.000000e-01	
1.475346e+01	145	5.532683e+01	1.844039e+02	1.475346e+01	145	7.692126e-01	7.000000e-01	
1.485521e+01	146	5.876614e+01	1.728774e+02	1.485521e+01	146	7.463079e-01	7.000000e-01	
1.495696e+01	147	5.879104e+01	1.816827e+02	1.495696e+01	147	7.555199e-01	7.000000e-01	
1.505870e+01	148	4.840723e+01	1.899695e+02	1.505870e+01	148	7.969297e-01	7.000000e-01	
1.516045e+01	149	6.888648e+01	1.802372e+02	1.516045e+01	149	7.234848e-01	7.000000e-01	
1.526220e+01	150	6.490596e+01	1.844944e+02	1.526220e+01	150	7.397519e-01	7.000000e-01	
1.536395e+01	151	7.045460e+01	1.655292e+02	1.536395e+01	151	7.014431e-01	7.000000e-01	
1.546570e+01	152	5.879712e+01	1.815772e+02	1.546570e+01	152	7.553935e-01	7.000000e-01	
1.556744e+01	153	9.956068e+01	1.623962e+02	1.556744e+01	153	6.199349e-01	7.000000e-01	
1.566919e+01	154	1.053727e+02	1.866893e+02	1.566919e+01	154	6.392112e-01	7.000000e-01	
1.577094e+01	155	7.264823e+01	1.820502e+02	1.577094e+01	155	7.147677e-01	7.000000e-01	
1.587269e+01	156	7.209275e+01	1.806512e+02	1.587269e+01	156	7.147597e-01	7.000000e-01	
1.597444e+01	157	4.237096e+01	2.046641e+02	1.597444e+01	157	8.284820e-01	7.000000e-01	
1.607618e+01	158	5.311869e+01	2.030868e+02	1.607618e+01	158	7.926715e-01	7.000000e-01	
1.617793e+01	159	5.080546e+01	1.957943e+02	1.617793e+01	159	7.939760e-01	7.000000e-01	
1.627968e+01	160	6.373143e+01	1.639009e+02	1.627968e+01	160	7.200247e-01	7.000000e-01	
1.638143e+01	161	4.604258e+01	1.844971e+02	1.638143e+01	161	8.002835e-01	7.000000e-01	
1.648318e+01	162	6.449971e+01	2.409630e+02	1.648318e+01	162	7.888459e-01	7.000000e-01	
1.658492e+01	163	4.611346e+01	1.775789e+02	1.658492e+01	163	7.938532e-01	7.000000e-01	
1.668667e+01	164	2.676028e+01	1.963470e+02	1.668667e+01	164	8.800564e-01	7.000000e-01	
1.678842e+01	165	4.506936e+01	1.598069e+02	1.678842e+01	165	7.800167e-01	7.000000e-01	
1.689017e+01	166	5.133244e+01	1.969893e+02	1.689017e+01	166	7.932825e-01	7.000000e-01	
1.699192e+01	167	5.136259e+01	1.905123e+02	1.699192e+01	167	7.876481e-01	7.000000e-01	
1.709366e+01	168	4.717085e+01	1.557909e+02	1.709366e+01	168	7.675875e-01	7.000000e-01	
1.719541e+01	169	2.249039e+01	1.335915e+02	1.719541e+01	169	8.559065e-01	7.000000e-01	
1.729716e+01	170	2.906348e+01	1.298255e+02	1.729716e+01	170	8.170831e-01	7.000000e-01	
1.739891e+01	171	6.082854e+01	1.609942e+02	1.739891e+01	171	7.257786e-01	7.000000e-01	
1.750066e+01	172	6.423541e+01	1.674738e+02	1.750066e+01	172	7.227758e-01	7.000000e-01	
1.760240e+01	173	7.268924e+01	1.744352e+02	1.760240e+01	173	7.058598e-01	7.000000e-01	
1.770415e+01	174	6.866859e+01	1.580423e+02	1.770415e+01	174	6.971094e-01	7.000000e-01	
1.780590e+01	175	7.297568e+01	1.596687e+02	1.780590e+01	175	6.863209e-01	7.000000e-01	
1.790765e+01	176	6.228171e+01	1.596358e+02	1.790765e+01	176	7.193475e-01	7.000000e-01	
1.800940e+01	177	5.679456e+01	1.615372e+02	1.800940e+01	177	7.398704e-01	7.000000e-01	
1.811114e+01	178	6.964384e+01	1.368762e+02	1.811114e+01	178	6.627744e-01	7.000000e-01	
1.821289e+01	179	7.727190e+01	1.239292e+02	1.821289e+01	179	6.159469e-01	7.000000e-01	
1.831464e+01	180	5.998976e+01	1.895290e+02	1.831464e+01	180	7.595782e-01	7.000000e-01	
1.841639e+01	181	5.574807e+01	1.951836e+02	1.841639e+01	181	7.778357e-01	7.000000e-01	
1.851814e+01	182	8.124829e+01	1.971565e+02	1.851814e+01	182	7.081649e-01	7.000000e-01	
1.861988e+01	183	6.044758e+01	1.887102e+02	1.861988e+01	183	7.573924e-01	7.000000e-01	
1.872163e+01	184	6.572279e+01	1.635563e+02	1.872163e+01	184	7.133503e-01	7.000000e-01	
1.882338e+01	185	5.923674e+01	1.843350e+02	1.882338e+01	185	7.567996e-01	7.000000e-01	
1.892513e+01	186	6.453383e+01	2.039311e+02	1.892513e+01	186	7.596191e-01	7.000000e-01	
1.902688e+01	187	4.933074e+01	1.885194e+02	1.902688e+01	187	7.925974e-01	7.000000e-01	
1.912862e+01	188	5.354170e+01	1.963077e+02	1.912862e+01	188	7.857041e-01	7.000000e-01	
1.923037e+01	189	5.623129e+01	1.595808e+02	1.923037e+01	189	7.394433e-01	7.000000e-01	
1.933212e+01	190	5.492911e+01	1.928691e+02	1.933212e+01	190	7.783313e-01	7.000000e-01	
1.943387e+01	191	5.508971e+01	1.764189e+02	1.943387e+01	191	7.620403e-01	7.000000e-01	
1.953562e+01	192	4.244587e+01	1.909260e+02	1.953562e+01	192	8.181192e-01	7.000000e-01	
1.963736e+01	193	5.647200e+01	1.819745e+02	1.963736e+01	193	7.631670e-01	7.000000e-01	
1.973911e+01	194	3.030205e+01	1.980102e+02	1.973911e+01	194	8.672780e-01	7.000000e-01	
1.984086e+01	195	4.816095e+01	1.789572e+02	1.984086e+01	195	7.879476e-01	7.000000e-01	
1.994261e+01	196	4.763108e+01	1.932420e+02	1.994261e+01	196	8.022565e-01	7.000000e-01	
2.004436e+01	197	4.482596e+01	1.816627e+02	2.004436e+01	197	8.020830e-01	7.000000e-01	
2.014610e+01	198	4.566479e+01	1.924028e+02	2.014610e+01	198	8.081856e-01	7.000000e-01	
2.024785e+01	199	4.044428e+01	2.090168e+02	2.024785e+01	199	8.378734e-01	7.000000e-01	
2.034960e+01	200	4.307474e+01	2.038993e+02	2.034960e+01	200	8.255900e-01	7.000000e-01	
2.045135e+01	201	4.152013e+01	1.979132e+02	2.045135e+01	201	8.265900e-01	7.000000e-01	
2.055310e+01	202	4.883054e+01	1.779217e+02	2.055310e+01	202	7.846524e-01	7.000000e-01	
2.065484e+01	203	8.472360e+01	1.837890e+02	2.065484e+01	203	6.844707e-01	7.000000e-01	
2.075659e+01	204	4.481334e+01	1.777492e+02	2.075659e+01	204	7.986483e-01	7.000000e-01	
2.085834e+01	205	8.195438e+01	1.729928e+02	2.085834e+01	205	6.785437e-01	7.000000e-01	
2.096009e+01	206	6.955560e+01	1.675545e+02	2.096009e+01	206	7.066527e-01	7.000000e-01	
2.106184e+01	207	8.198462e+01	2.177069e+02	2.106184e+01	207	7.264366e-01	7.000000e-01	
2.116358e+01	208	6.260147e+01	1.721954e+02	2.116358e+01	208	7.333803e-01	7.000000e-01	
2.126533e+01	209	8.581684e+01	1.377721e+02	2.126533e+01	209	6.161848e-01	7.000000e-01	
2.136708e+01	210	8.769913e+01	1.984048e+02	2.136708e+01	210	6.934711e-01	7.000000e-01	
2.146883e+01	211	4.369906e+01	1.694436e+02	2.146883e+01	211	7.949774e-01	7.000000e-01	
2.157058e+01	212	7.488544e+01	1.664931e+02	2.157058e+01	212	6.897593e-01	7.000000e-01	
2.167232e+01	213	4.979791e+01	1.671953e+02	2.167232e+01	213	7.705094e-01	7.000000e-01	
2.177407e+01	214	4.488629e+01	1.847151e+02	2.177407e+01	214	8.045034e-01	7.000000e-01	
2.187582e+01	215	4.965665e+01	1.531590e+02	2.187582e+01	215	7.551636e-01	7.000000e-01	
2.197757e+01	216	5.410365e+01	1.660826e+02	2.197757e+01	216	7.542823e-01	7.000000e-01	
2.207932e+01	217	3.998221e+01	1.333275e+02	2.207932e+01	217	7.693020e-01	7.000000e-01	
2.218106e+01	218	4.697491e+01	1.746018e+02	2.218106e+01	218	7.879971e-01	7.000000e-01	
2.228281e+01	219	5.446165e+01	1.707943e+02	2.228281e+01	219	7.582233e-01	7.000000e-01	
2.238456e+01	220	4.896402e+01	1.531395e+02	2.238456e+01	220	7.577280e-01	7.000000e-01	
2.248631e+01	221	6.509076e+01	1.662912e+02	2.248631e+01	221	7.186870e-01	7.000000e-01	
2.258806e+01	222	7.023075e+01	1.633653e+02	2.258806e+01	222	6.993496e-01	7.000000e-01	
2.268980e+01	223	7.446077e+01	1.585142e+02	2.268980e+01	223	6.803915e-01	7.000000e-01	
2.279155e+01	224	7.533382e+01	1.725371e+02	2.279155e+01	224	6.960764e-01	7.000000e-01	
2.289330e+01	225	7.199559e+01	1.854328e+02	2.289330e+01	225	7.203277e-01	7.000000e-01	
2.299505e+01	226	7.000021e+01	1.658970e+02	2.299505e+01	226	7.032597e-01	7.000000e-01	
2.309680e+01	227	7.691952e+01	1.777487e+02	2.309680e+01	227	6.979618e-01	7.000000e-01	
2.319854e+01	228	5.695469e+01	1.751200e+02	2.319854e+01	228	7.545847e-01	7.000000e-01	
2.330029e+01	229	7.696707e+01	1.525279e+02	2.330029e+01	229	6.646242e-01	7.000000e-01	
2.340204e+01	230	7.272038e+01	1.656022e+02	2.340204e+01	230	6.948658e-01	7.000000e-01	
2.350379e+01	231	6.781635e+01	1.682421e+02	2.350379e+01	231	7.127137e-01	7.000000e-01	
2.360554e+01	232	5.799546e+01	1.630125e+02	2.360554e+01	232	7.375866e-01	7.000000e-01	
2.370728e+01	233	6.459902e+01	1.842623e+02	2.370728e+01	233	7.404216e-01	7.000000e-01	
2.380903e+01	234	8.534591e+01	2.770140e+02	2.380903e+01	234	7.644720e-01	7.000000e-01	
2.391078e+01	235	6.360956e+01	2.193054e+02	2.391078e+01	235	7.751637e-01	7.000000e-01	
2.401253e+01	236	7.233354e+01	1.737900e+02	2.401253e+01	236	7.061088e-01	7.000000e-01	
2.411428e+01	237	8.132112e+01	1.523686e+02	2.411428e+01	237	6.520124e-01	7.000000e-01	
2.421602e+01	238	7.340693e+01	2.184356e+02	2.421602e+01	238	7.484708e-01	7.000000e-01	
2.431777e+01	239	5.195044e+01	2.048812e+02	2.431777e+01	239	7.977257e-01	7.000000e-01	
2.441952e+01	240	5.176542e+01	1.924747e+02	2.441952e+01	240	7.880552e-01	7.000000e-01	
2.452127e+01	241	4.484783e+01	1.879049e+02	2.452127e+01	241	8.073156e-01	7.000000e-01	
2.462302e+01	242	5.018848e+01	1.803602e+02	2.462302e+01	242	7.823085e-01	7.000000e-01	
2.472476e+01	243	6.420785e+01	1.811285e+02	2.472476e+01	243	7.382864e-01	7.000000e-01	
2.482651e+01	244	4.870450e+01	1.866808e+02	2.482651e+01	244	7.930861e-01	7.000000e-01	
2.492826e+01	245	3.371163e+01	1.796440e+02	2.492826e+01	245	8.419932e-01	7.000000e-01	
2.503001e+01	246	5.635994e+01	2.118715e+02	2.503001e+01	246	7.898832e-01	7.000000e-01	
2.513176e+01	247	6.741721e+01	2.102282e+02	2.513176e+01	247	7.571823e-01	7.000000e-01	
2.523350e+01	248	5.895834e+01	2.402536e+02	2.523350e+01	248	8.029546e-01	7.000000e-01	
2.533525e+01	249	5.508999e+01	2.880951e+02	2.533525e+01	249	8.394744e-01	7.000000e-01	
2.543700e+01	250	5.681267e+01	2.213468e+02	2.543700e+01	250	7.957550e-01	7.000000e-01	
2.553875e+01	251	6.075149e+01	1.882442e+02	2.553875e+01	251	7.560139e-01	7.000000e-01	
2.564050e+01	252	6.174886e+01	1.135870e+02	2.564050e+01	252	6.478253e-01	7.000000e-01	
2.574224e+01	253	6.173593e+01	1.872655e+02	2.574224e+01	253	7.520660e-01	7.000000e-01	
2.584399e+01	254	6.007373e+01	1.392802e+02	2.584399e+01	254	6.986579e-01	7.000000e-01	
2.594574e+01	255	5.444380e+01	1.905054e+02	2.594574e+01	255	7.777343e-01	7.000000e-01	
2.604749e+01	256	6.517203e+01	1.789312e+02	2.604749e+01	256	7.330145e-01	7.000000e-01	
2.614924e+01	257	5.923576e+01	1.821194e+02	2.614924e+01	257	7.545702e-01	7.000000e-01	
2.625098e+01	258	6.024517e+01	1.629815e+02	2.625098e+01	258	7.301166e-01	7.000000e-01	
2.635273e+01	259	5.869203e+01	2.084632e+02	2.635273e+01	259	7.803074e-01	7.000000e-01	
2.645448e+01	260	5.818486e+01	1.828495e+02	2.645448e+01	260	7.586035e-01	7.000000e-01	
2.655623e+01	261	6.027939e+01	1.942958e+02	2.655623e+01	261	7.632158e-01	7.000000e-01	
2.665798e+01	262	4.830928e+01	1.933760e+02	2.665798e+01	262	8.001149e-01	7.000000e-01	
2.675972e+01	263	4.827294e+01	2.146683e+02	2.675972e+01	263	8.164117e-01	7.000000e-01	
2.686147e+01	264	4.806946e+01	1.993941e+02	2.686147e+01	264	8.057514e-01	7.000000e-01	
2.696322e+01	265	4.854031e+01	1.965456e+02	2.696322e+01	265	8.019457e-01	7.000000e-01	
2.706497e+01	266	4.406471e+01	1.936721e+02	2.706497e+01	266	8.146492e-01	7.000000e-01	
2.716672e+01	267	5.442981e+01	1.943789e+02	2.716672e+01	267	7.812383e-01	7.000000e-01	
2.726846e+01	268	6.094181e+01	1.915049e+02	2.726846e+01	268	7.585953e-01	7.000000e-01	
2.737021e+01	269	9.952500e+01	1.333565e+02	2.737021e+01	269	5.726367e-01	7.000000e-01	
2.747196e+01	270	7.137420e+01	1.591224e+02	2.747196e+01	270	6.903460e-01	7.000000e-01	
2.757371e+01	271	6.372697e+01	1.656674e+02	2.757371e+01	271	7.221947e-01	7.000000e-01	
2.767546e+01	272	8.524194e+01	1.435175e+02	2.767546e+01	272	6.273730e-01	7.000000e-01	
2.777720e+01	273	6.779159e+01	1.702290e+02	2.777720e+01	273	7.151860e-01	7.000000e-01	
2.787895e+01	274	6.680688e+01	1.594889e+02	2.787895e+01	274	7.047807e-01	7.000000e-01	
2.798070e+01	275	5.872840e+01	1.625547e+02	2.798070e+01	275	7.346006e-01	7.000000e-01	
2.808245e+01	276	4.988810e+01	1.623118e+02	2.808245e+01	276	7.649005e-01	7.000000e-01	
2.818420e+01	277	6.006271e+01	1.489335e+02	2.818420e+01	277	7.126134e-01	7.000000e-01	
2.828594e+01	278	6.393285e+01	1.495188e+02	2.828594e+01	278	7.004809e-01	7.000000e-01	
2.838769e+01	279	4.120236e+01	1.586950e+02	2.838769e+01	279	7.938824e-01	7.000000e-01	
2.848944e+01	280	3.862621e+01	1.618766e+02	2.848944e+01	280	8.073533e-01	7.000000e-01	
2.859119e+01	281	7.228845e+01	1.869184e+02	2.859119e+01	281	7.211167e-01	7.000000e-01	
2.869294e+01	282	5.312080e+01	1.525871e+02	2.869294e+01	282	7.417659e-01	7.000000e-01	
2.879468e+01	283	7.978200e+01	1.987740e+02	2.879468e+01	283	7.135872e-01	7.000000e-01	
2.889643e+01	284	6.424415e+01	1.920522e+02	2.889643e+01	284	7.493365e-01	7.000000e-01	
2.899818e+01	285	8.585876e+01	2.003917e+02	2.899818e+01	285	7.000572e-01	7.000000e-01	
2.909993e+01	286	6.924884e+01	1.737887e+02	2.909993e+01	286	7.150694e-01	7.000000e-01	
2.920168e+01	287	8.031443e+01	2.106147e+02	2.920168e+01	287	7.239382e-01	7.000000e-01	
2.930342e+01	288	7.145112e+01	1.867638e+02	2.930342e+01	288	7.232882e-01	7.000000e-01	
2.940517e+01	289	4.297814e+01	2.004996e+02	2.940517e+01	289	8.234823e-01	7.000000e-01	
2.950692e+01	290	3.412034e+01	1.814727e+02	2.950692e+01	290	8.417373e-01	7.000000e-01	
2.960867e+01	291	5.594379e+01	1.856190e+02	2.960867e+01	291	7.684089e-01	7.000000e-01	
2.971042e+01	292	5.599003e+01	2.034645e+02	2.971042e+01	292	7.842010e-01	7.000000e-01	
2.981216e+01	293	3.496547e+01	1.818678e+02	2.981216e+01	293	8.387449e-01	7.000000e-01	
2.991391e+01	294	7.231541e+01	1.640826e+02	2.991391e+01	294	6.940947e-01	7.000000e-01	
3.001566e+01	295	6.881401e+01	1.790601e+02	3.001566e+01	295	7.223832e-01	7.000000e-01	
3.011741e+01	296	6.638412e+01	1.672000e+02	3.011741e+01	296	7.158021e-01	7.000000e-01	
3.021916e+01	297	6.421772e+01	1.702112e+02	3.021916e+01	297	7.260674e-01	7.000000e-01	
3.032090e+01	298	6.169367e+01	1.567792e+02	3.032090e+01	298	7.176140e-01	7.000000e-01	
3.042265e+01	299	6.485006e+01	1.957737e+02	3.042265e+01	299	7.511736e-01	7.000000e-01	
3.052440e+01	300	5.753639e+01	1.846380e+02	3.052440e+01	300	7.624175e-01	7.000000e-01	
3.062615e+01	301	5.937228e+01	1.894451e+02	3.062615e+01	301	7.613821e-01	7.000000e-01	
3.072790e+01	302	8.598183e+01	2.232255e+02	3.072790e+01	302	7.219282e-01	7.000000e-01	
3.082964e+01	303	7.547410e+01	2.080773e+02	3.082964e+01	303	7.338257e-01	7.000000e-01	
3.093139e+01	304	8.672143e+01	2.118486e+02	3.093139e+01	304	7.095441e-01	7.000000e-01	
3.103314e+01	305	8.294423e+01	2.195678e+02	3.103314e+01	305	7.258151e-01	7.000000e-01	
3.113489e+01	306	7.256372e+01	1.917400e+02	3.113489e+01	306	7.254533e-01	7.000000e-01	
3.123664e+01	307	9.705122e+01	1.868673e+02	3.123664e+01	307	6.581723e-01	7.000000e-01	
3.133838e+01	308	1.076547e+02	1.854729e+02	3.133838e+01	308	6.327378e-01	7.000000e-01	
3.144013e+01	309	9.850882e+01	1.764808e+02	3.144013e+01	309	6.417726e-01	7.000000e-01	
3.154188e+01	310	9.644219e+01	1.650410e+02	3.154188e+01	310	6.311725e-01	7.000000e-01	
3.164363e+01	311	8.150302e+01	2.040342e+02	3.164363e+01	311	7.145625e-01	7.000000e-01	
3.174538e+01	312	8.557626e+01	1.744412e+02	3.174538e+01	312	6.708826e-01	7.000000e-01	
3.184712e+01	313	7.183676e+01	1.609087e+02	3.184712e+01	313	6.913505e-01	7.000000e-01	
3.194887e+01	314	1.040298e+02	1.795084e+02	3.194887e+01	314	6.331013e-01	7.000000e-01	
3.205062e+01	315	1.075630e+02	1.799332e+02	3.205062e+01	315	6.258629e-01	7.000000e-01	
3.215237e+01	316	6.240374e+01	1.597714e+02	3.215237e+01	316	7.191237e-01	7.000000e-01	
3.225412e+01	317	6.199420e+01	1.530368e+02	3.225412e+01	317	7.116965e-01	7.000000e-01	
3.235586e+01	318	9.833883e+01	1.705938e+02	3.235586e+01	318	6.343366e-01	7.000000e-01	
3.245761e+01	319	8.062768e+01	1.750300e+02	3.245761e+01	319	6.846264e-01	7.000000e-01	
3.255936e+01	320	6.476913e+01	1.620652e+02	3.255936e+01	320	7.144650e-01	7.000000e-01	
3.266111e+01	321	5.176521e+01	1.703807e+02	3.266111e+01	321	7.669765e-01	7.000000e-01	
3.276286e+01	322	7.578251e+01	1.638856e+02	3.276286e+01	322	6.838023e-01	7.000000e-01	
3.286460e+01	323	8.001030e+01	1.998503e+02	3.286460e+01	323	7.141066e-01	7.000000e-01	
3.296635e+01	324	7.851589e+01	1.406656e+02	3.296635e+01	324	6.417768e-01	7.000000e-01	
3.306810e+01	325	6.368525e+01	1.699461e+02	3.306810e+01	325	7.274114e-01	7.000000e-01	
3.316985e+01	326	7.892294e+01	1.591304e+02	3.316985e+01	326	6.684653e-01	7.000000e-01	
3.327160e+01	327	8.015833e+01	1.640282e+02	3.327160e+01	327	6.717332e-01	7.000000e-01	
3.337334e+01	328	5.994080e+01	1.660624e+02	3.337334e+01	328	7.347790e-01	7.000000e-01	
3.347509e+01	329	7.775430e+01	1.897011e+02	3.347509e+01	329	7.092812e-01	7.000000e-01	
3.357684e+01	330	7.627044e+01	1.765473e+02	3.357684e+01	330	6.983185e-01	7.000000e-01	
3.367859e+01	331	7.971255e+01	1.520523e+02	3.367859e+01	331	6.560628e-01	7.000000e-01	
3.378034e+01	332	4.575578e+01	2.337545e+02	3.378034e+01	332	8.363002e-01	7.000000e-01	
3.388208e+01	333	4.939474e+01	2.008597e+02	3.388208e+01	333	8.026219e-01	7.000000e-01	
3.398383e+01	334	5.445623e+01	2.147232e+02	3.398383e+01	334	7.976954e-01	7.000000e-01	
3.408558e+01	335	6.765776e+01	1.836173e+02	3.408558e+01	335	7.307422e-01	7.000000e-01	
3.418733e+01	336	6.682117e+01	2.078326e+02	3.418733e+01	336	7.567076e-01	7.000000e-01	
3.428908e+01	337	5.951241e+01	1.754098e+02	3.428908e+01	337	7.466718e-01	7.000000e-01	
3.439082e+01	338	5.163568e+01	2.002170e+02	3.439082e+01	338	7.949767e-01	7.000000e-01	
3.449257e+01	339	6.685925e+01	1.694131e+02	3.449257e+01	339	7.170247e-01	7.000000e-01	
3.459432e+01	340	5.122121e+01	2.047326e+02	3.459432e+01	340	7.998810e-01	7.000000e-01	
3.469607e+01	341	5.079916e+01	2.183981e+02	3.469607e+01	341	8.112939e-01	7.000000e-01	
3.479782e+01	342	4.541861e+01	1.855777e+02	3.479782e+01	342	8.033795e-01	7.000000e-01	
3.489956e+01	343	4.735809e+01	1.837548e+02	3.489956e+01	343	7.950868e-01	7.000000e-01	
3.500131e+01	344	6.431198e+01	2.051992e+02	3.500131e+01	344	7.613755e-01	7.000000e-01	
3.510306e+01	345	5.100483e+01	2.027809e+02	3.510306e+01	345	7.990240e-01	7.000000e-01	
3.520481e+01	346	4.954032e+01	1.662335e+02	3.520481e+01	346	7.704063e-01	7.000000e-01	
3.530656e+01	347	5.233522e+01	1.976951e+02	3.530656e+01	347	7.906845e-01	7.000000e-01	
3.540830e+01	348	4.956309e+01	2.149506e+02	3.540830e+01	348	8.126256e-01	7.000000e-01	
3.551005e+01	349	4.410990e+01	1.969566e+02	3.551005e+01	349	8.170219e-01	7.000000e-01	
3.561180e+01	350	3.818371e+01	1.615249e+02	3.561180e+01	350	8.088029e-01	7.000000e-01	
3.571355e+01	351	5.112577e+01	2.031179e+02	3.571355e+01	351	7.989104e-01	7.000000e-01	
3.581530e+01	352	5.595011e+01	1.827985e+02	3.581530e+01	352	7.656526e-01	7.000000e-01	
3.591704e+01	353	4.632600e+01	1.963170e+02	3.591704e+01	353	8.090775e-01	7.000000e-01	
3.601879e+01	354	4.391229e+01	1.992375e+02	3.601879e+01	354	8.194023e-01	7.000000e-01	
3.612054e+01	355	5.501389e+01	1.594059e+02	3.612054e+01	355	7.434290e-01	7.000000e-01	
3.622229e+01	356	5.083255e+01	1.993760e+02	3.622229e+01	356	7.968393e-01	7.000000e-01	
3.632404e+01	357	5.483848e+01	2.128367e+02	3.632404e+01	357	7.951305e-01	7.000000e-01	
3.642578e+01	358	4.424710e+01	1.598483e+02	3.642578e+01	358	7.832038e-01	7.000000e-01	
3.652753e+01	359	5.273281e+01	1.801381e+02	3.652753e+01	359	7.735535e-01	7.000000e-01	
3.662928e+01	360	6.342410e+01	2.248673e+02	3.662928e+01	360	7.800000e-01	7.000000e-01	
3.673103e+01	361	5.416262e+01	1.762606e+02	3.673103e+01	361	7.649429e-01	7.000000e-01	
3.683278e+01	362	4.913400e+01	1.798032e+02	3.683278e+01	362	7.853822e-01	7.000000e-01	
3.693452e+01	363	7.027654e+01	2.179166e+02	3.693452e+01	363	7.561478e-01	7.000000e-01	
3.703627e+01	364	7.535153e+01	2.093179e+02	3.703627e+01	364	7.353016e-01	7.000000e-01	
3.713802e+01	365	7.273733e+01	1.731926e+02	3.713802e+01	365	7.042356e-01	7.000000e-01	
3.723977e+01	366	7.689174e+01	1.824371e+02	3.723977e+01	366	7.034972e-01	7.000000e-01	
3.734152e+01	367	7.691102e+01	1.805424e+02	3.734152e+01	367	7.012624e-01	7.000000e-01	
3.744326e+01	368	6.373542e+01	2.292040e+02	3.744326e+01	368	7.824280e-01	7.000000e-01	
3.754501e+01	369	7.938186e+01	1.655392e+02	3.754501e+01	369	6.758880e-01	7.000000e-01	
3.764676e+01	370	8.279665e+01	1.915420e+02	3.764676e+01	370	6.981955e-01	7.000000e-01	
3.774851e+01	371	7.323390e+01	1.858437e+02	3.774851e+01	371	7.173283e-01	7.000000e-01	
3.785026e+01	372	7.040764e+01	1.242007e+02	3.785026e+01	372	6.382085e-01	7.000000e-01	
3.795200e+01	373	7.355123e+01	1.701935e+02	3.795200e+01	373	6.982448e-01	7.000000e-01	
3.805375e+01	374	8.454949e+01	1.848141e+02	3.805375e+01	374	6.861139e-01	7.000000e-01	
3.815550e+01	375	7.443011e+01	1.683211e+02	3.815550e+01	375	6.933893e-01	7.000000e-01	
3.825725e+01	376	7.691506e+01	1.965977e+02	3.825725e+01	376	7.187880e-01	7.000000e-01	
3.835900e+01	377	5.378968e+01	1.774943e+02	3.835900e+01	377	7.674302e-01	7.000000e-01	
3.846074e+01	378	8.274641e+01	1.822619e+02	3.846074e+01	378	6.877592e-01	7.000000e-01	
3.856249e+01	379	7.607189e+01	1.815026e+02	3.856249e+01	379	7.046606e-01	7.000000e-01	
3.866424e+01	380	4.710186e+01	1.670242e+02	3.866424e+01	380	7.800274e-01	7.000000e-01	
3.876599e+01	381	6.512490e+01	2.068519e+02	3.876599e+01	381	7.605498e-01	7.000000e-01	
3.886774e+01	382	5.317278e+01	2.110362e+02	3.886774e+01	382	7.987473e-01	7.000000e-01	
3.896948e+01	383	5.213017e+01	1.768446e+02	3.896948e+01	383	7.723323e-01	7.000000e-01	
3.907123e+01	384	4.806338e+01	1.844586e+02	3.907123e+01	384	7.932953e-01	7.000000e-01	
3.917298e+01	385	5.589116e+01	1.742611e+02	3.917298e+01	385	7.571557e-01	7.000000e-01	
3.927473e+01	386	5.537136e+01	1.570105e+02	3.927473e+01	386	7.392839e-01	7.000000e-01	
3.937648e+01	387	6.344143e+01	2.061873e+02	3.937648e+01	387	7.647082e-01	7.000000e-01	
3.947822e+01	388	4.942860e+01	1.710067e+02	3.947822e+01	388	7.757682e-01	7.000000e-01	
3.957997e+01	389	4.691387e+01	1.941365e+02	3.957997e+01	389	8.053773e-01	7.000000e-01	
3.968172e+01	390	5.925931e+01	2.131596e+02	3.968172e+01	390	7.824699e-01	7.000000e-01	
3.978347e+01	391	5.311056e+01	2.132258e+02	3.978347e+01	391	8.005884e-01	7.000000e-01	
3.988522e+01	392	8.679466e+01	1.533661e+02	3.988522e+01	392	6.385977e-01	7.000000e-01	
3.998696e+01	393	4.953112e+01	1.607697e+02	3.998696e+01	393	7.644749e-01	7.000000e-01	
4.008871e+01	394	6.115305e+01	1.071422e+02	4.008871e+01	394	6.366323e-01	7.000000e-01	
4.019046e+01	395	8.550889e+01	2.018435e+02	4.019046e+01	395	7.024250e-01	7.000000e-01	
4.029221e+01	396	8.289402e+01	1.691753e+02	4.029221e+01	396	6.711459e-01	7.000000e-01	
4.039396e+01	397	8.041067e+01	1.808294e+02	4.039396e+01	397	6.921963e-01	7.000000e-01	
4.049570e+01	398	9.255543e+01	1.854290e+02	4.049570e+01	398	6.670482e-01	7.000000e-01	
4.059745e+01	399	8.324457e+01	1.870369e+02	4.059745e+01	399	6.920079e-01	7.000000e-01	
4.069920e+01	400	6.544033e+01	1.583996e+02	4.069920e+01	400	7.076468e-01	7.000000e-01	
4.080095e+01	401	7.837781e+01	1.930534e+02	4.080095e+01	401	7.112425e-01	7.000000e-01	
4.090270e+01	402	7.270601e+01	1.019312e+02	4.090270e+01	402	5.836740e-01	7.000000e-01	
4.100444e+01	403	5.755078e+01	1.528179e+02	4.100444e+01	403	7.264290e-01	7.000000e-01	
4.110619e+01	404	8.466897e+01	1.785309e+02	4.110619e+01	404	6.783092e-01	7.000000e-01	
4.120794e+01	405	5.474998e+01	1.439762e+02	4.120794e+01	405	7.244954e-01	7.000000e-01	
4.130969e+01	406	3.774593e+01	1.692563e+02	4.130969e+01	406	8.176545e-01	7.000000e-01	
4.141144e+01	407	3.793568e+01	1.557279e+02	4.141144e+01	407	8.041156e-01	7.000000e-01	
4.151318e+01	408	4.557729e+01	1.811191e+02	4.151318e+01	408	7.989501e-01	7.000000e-01	
4.161493e+01	409	4.688735e+01	1.743801e+02	4.161493e+01	409	7.880965e-01	7.000000e-01	
4.171668e+01	410	4.702266e+01	2.172552e+02	4.171668e+01	410	8.220711e-01	7.000000e-01	
4.181843e+01	411	4.640184e+01	1.764660e+02	4.181843e+01	411	7.917966e-01	7.000000e-01	
4.192018e+01	412	3.802282e+01	1.730833e+02	4.192018e+01	412	8.198876e-01	7.000000e-01	
4.202192e+01	413	4.841846e+01	1.813379e+02	4.202192e+01	413	7.892617e-01	7.000000e-01	
4.212367e+01	414	4.556997e+01	1.911700e+02	4.212367e+01	414	8.075105e-01	7.000000e-01	
4.222542e+01	415	3.445830e+01	1.634137e+02	4.222542e+01	415	8.258556e-01	7.000000e-01	
4.232717e+01	416	4.452952e+01	1.619744e+02	4.232717e+01	416	7.843648e-01	7.000000e-01	
4.242892e+01	417	3.006172e+01	1.619203e+02	4.242892e+01	417	8.434139e-01	7.000000e-01	
4.253066e+01	418	3.224836e+01	1.709752e+02	4.253066e+01	418	8.413158e-01	7.000000e-01	
4.263241e+01	419	2.923630e+01	1.683154e+02	4.263241e+01	419	8.520068e-01	7.000000e-01	
4.273416e+01	420	4.800795e+01	1.592821e+02	4.273416e+01	420	7.684021e-01	7.000000e-01	
4.283591e+01	421	4.241073e+01	1.898489e+02	4.283591e+01	421	8.173995e-01	7.000000e-01	
4.293766e+01	422	4.646305e+01	1.765618e+02	4.293766e+01	422	7.916687e-01	7.000000e-01	
4.303940e+01	423	3.380536e+01	1.624599e+02	4.303940e+01	423	8.277568e-01	7.000000e-01	
4.314115e+01	424	4.536713e+01	1.753788e+02	4.314115e+01	424	7.944826e-01	7.000000e-01	
4.324290e+01	425	4.161544e+01	1.972475e+02	4.324290e+01	425	8.257769e-01	7.000000e-01	
4.334465e+01	426	3.238880e+01	1.682218e+02	4.334465e+01	426	8.385489e-01	7.000000e-01	
4.344640e+01	427	4.583969e+01	1.819660e+02	4.344640e+01	427	7.987772e-01	7.000000e-01	
4.354814e+01	428	4.423275e+01	1.893445e+02	4.354814e+01	428	8.106290e-01	7.000000e-01	
4.364989e+01	429	4.486127e+01	1.789645e+02	4.364989e+01	429	7.995706e-01	7.000000e-01	
4.375164e+01	430	4.107225e+01	1.909414e+02	4.375164e+01	430	8.229749e-01	7.000000e-01	
4.385339e+01	431	4.043133e+01	2.150873e+02	4.385339e+01	431	8.417676e-01	7.000000e-01	
4.395514e+01	432	4.596675e+01	1.829742e+02	4.395514e+01	432	7.992201e-01	7.000000e-01	
4.405688e+01	433	1.993900e+01	2.162380e+02	4.405688e+01	433	9.155760e-01	7.000000e-01	
4.415863e+01	434	4.662826e+01	1.517444e+02	4.415863e+01	434	7.649461e-01	7.000000e-01	
4.426038e+01	435	4.681606e+01	1.928519e+02	4.426038e+01	435	8.046628e-01	7.000000e-01	
4.436213e+01	436	4.585045e+01	1.444915e+02	4.436213e+01	436	7.591154e-01	7.000000e-01	
4.446388e+01	437	4.738853e+01	1.509578e+02	4.446388e+01	437	7.610819e-01	7.000000e-01	
4.456562e+01	438	5.131805e+01	1.554647e+02	4.456562e+01	438	7.518263e-01	7.000000e-01	
4.466737e+01	439	4.387781e+01	1.769562e+02	4.466737e+01	439	8.013086e-01	7.000000e-01	
4.476912e+01	440	4.098621e+01	1.576232e+02	4.476912e+01	440	7.936341e-01	7.000000e-01	
4.487087e+01	441	4.786867e+01	1.596005e+02	4.487087e+01	441	7.692733e-01	7.000000e-01	
4.497262e+01	442	4.938621e+01	1.538265e+02	4.497262e+01	442	7.569728e-01	7.000000e-01	
4.507436e+01	443	4.862814e+01	1.455887e+02	4.507436e+01	443	7.496193e-01	7.000000e-01	
4.517611e+01	444	4.260105e+01	1.508813e+02	4.517611e+01	444	7.798195e-01	7.000000e-01	
4.527786e+01	445	6.031867e+01	1.709873e+02	4.527786e+01	445	7.392256e-01	7.000000e-01	
4.537961e+01	446	4.381511e+01	1.499223e+02	4.537961e+01	446	7.738428e-01	7.000000e-01	
4.548136e+01	447	3.481438e+01	1.894701e+02	4.548136e+01	447	8.447758e-01	7.000000e-01	
4.558310e+01	448	4.422904e+01	1.569966e+02	4.558310e+01	448	7.802018e-01	7.000000e-01	
4.568485e+01	449	4.584131e+01	1.824905e+02	4.568485e+01	449	7.992338e-01	7.000000e-01	
4.578660e+01	450	1.843186e+01	2.029928e+02	4.578660e+01	450	9.167579e-01	7.000000e-01	
4.588835e+01	451	3.891175e+01	1.901750e+02	4.588835e+01	451	8.301440e-01	7.000000e-01	
4.599010e+01	452	3.407778e+01	1.921991e+02	4.599010e+01	452	8.493979e-01	7.000000e-01	
4.609184e+01	453	2.773628e+01	1.844501e+02	4.609184e+01	453	8.692834e-01	7.000000e-01	
4.619359e+01	454	4.183811e+01	1.866669e+02	4.619359e+01	454	8.169051e-01	7.000000e-01	
4.629534e+01	455	2.957666e+01	1.837225e+02	4.629534e+01	455	8.613372e-01	7.000000e-01	
4.639709e+01	456	1.640221e+01	1.796794e+02	4.639709e+01	456	9.163501e-01	7.000000e-01	
4.649884e+01	457	3.070535e+01	1.841429e+02	4.649884e+01	457	8.570835e-01	7.000000e-01	
4.660058e+01	458	3.254366e+01	1.429723e+02	4.660058e+01	458	8.145829e-01	7.000000e-01	
4.670233e+01	459	4.390288e+01	1.644478e+02	4.670233e+01	459	7.892837e-01	7.000000e-01	
4.680408e+01	460	-5.907061e+00	1.776194e+02	4.680408e+01	460	1.034401e+00	7.000000e-01	
4.690583e+01	461	1.897469e+01	1.774413e+02	4.690583e+01	461	9.033954e-01	7.000000e-01	
4.700758e+01	462	-1.498139e+01	1.800592e+02	4.700758e+01	462	1.090754e+00	7.000000e-01	
4.710932e+01	463	1.131206e+01	1.811491e+02	4.710932e+01	463	9.412242e-01	7.000000e-01	
4.721107e+01	464	1.778565e+01	1.439611e+02	4.721107e+01	464	8.900401e-01	7.000000e-01	
4.731282e+01	465	1.533964e+01	1.751701e+02	4.731282e+01	465	9.194811e-01	7.000000e-01	
4.741457e+01	466	1.451440e+01	1.514528e+02	4.741457e+01	466	9.125466e-01	7.000000e-01	
4.751632e+01	467	2.197866e+01	1.593945e+02	4.751632e+01	467	8.788208e-01	7.000000e-01	
4.761806e+01	468	8.266835e+00	1.651393e+02	4.761806e+01	468	9.523267e-01	7.000000e-01	
4.771981e+01	469	2.014604e+00	1.462620e+02	4.771981e+01	469	9.864132e-01	7.000000e-01	
4.782156e+01	470	3.185654e+01	1.508181e+02	4.782156e+01	470	8.256105e-01	7.000000e-01	
4.792331e+01	471	3.565138e+01	1.688905e+02	4.792331e+01	471	8.257013e-01	7.000000e-01	
4.802506e+01	472	2.620843e+01	1.472954e+02	4.802506e+01	472	8.489461e-01	7.000000e-01	
4.812680e+01	473	3.670857e+01	1.485396e+02	4.812680e+01	473	8.018411e-01	7.000000e-01	
4.822855e+01	474	1.630030e+01	1.530844e+02	4.822855e+01	474	9.037676e-01	7.000000e-01	
4.833030e+01	475	3.036011e+01	1.496038e+02	4.833030e+01	475	8.312989e-01	7.000000e-01	
4.843205e+01	476	5.061138e+01	2.012379e+02	4.843205e+01	476	7.990410e-01	7.000000e-01	
4.853380e+01	477	4.921490e+01	2.245950e+02	4.853380e+01	477	8.202589e-01	7.000000e-01	
4.863554e+01	478	4.997005e+01	1.919603e+02	4.863554e+01	478	7.934527e-01	7.000000e-01	
4.873729e+01	479	6.215125e+01	1.731585e+02	4.873729e+01	479	7.358747e-01	7.000000e-01	
4.883904e+01	480	4.661906e+01	1.813260e+02	4.883904e+01	480	7.954812e-01	7.000000e-01	
4.894079e+01	481	7.014927e+01	2.084365e+02	4.894079e+01	481	7.481951e-01	7.000000e-01	
4.904254e+01	482	5.109103e+01	2.165983e+02	4.904254e+01	482	8.091406e-01	7.000000e-01	
4.914428e+01	483	6.400207e+01	2.109563e+02	4.914428e+01	483	7.672300e-01	7.000000e-01	
4.924603e+01	484	6.570075e+01	1.858735e+02	4.924603e+01	484	7.388415e-01	7.000000e-01	
4.934778e+01	485	2.243577e+01	2.253401e+02	4.934778e+01	485	9.094514e-01	7.000000e-01	
4.944953e+01	486	1.936259e+01	2.254374e+02	4.944953e+01	486	9.209044e-01	7.000000e-01	
4.955128e+01	487	1.489353e+01	2.516882e+02	4.955128e+01	487	9.441315e-01	7.000000e-01	
4.965302e+01	488	1.866027e+01	2.458259e+02	4.965302e+01	488	9.294471e-01	7.000000e-01	
4.975477e+01	489	1.822286e+01	2.467982e+02	4.975477e+01	489	9.312400e-01	7.000000e-01	
4.985652e+01	490	2.585767e+01	2.293427e+02	4.985652e+01	490	8.986770e-01	7.000000e-01	
4.995827e+01	491	3.044214e+01	2.137574e+02	4.995827e+01	491	8.753391e-01	7.000000e-01	
5.006002e+01	492	3.794680e+01	2.328314e+02	5.006002e+01	492	8.598602e-01	7.000000e-01	
5.016176e+01	493	1.103696e+01	2.509581e+02	5.016176e+01	493	9.578734e-01	7.000000e-01	
5.026351e+01	494	5.616201e+01	3.231241e+02	5.026351e+01	494	8.519271e-01	7.000000e-01	
5.036526e+01	495	1.849917e+01	2.561210e+02	5.036526e+01	495	9.326372e-01	7.000000e-01	
5.046701e+01	496	5.057906e+01	2.023440e+02	5.046701e+01	496	8.000220e-01	7.000000e-01	
5.056876e+01	497	3.379270e+01	2.706995e+02	5.056876e+01	497	8.890195e-01	7.000000e-01	
5.067050e+01	498	4.071859e+01	1.996142e+02	5.067050e+01	498	8.305741e-01	7.000000e-01	
5.077225e+01	499	3.609239e+01	1.982748e+02	5.077225e+01	499	8.460007e-01	7.000000e-01	
5.087400e+01	500	3.782548e+01	1.871180e+02	5.087400e+01	500	8.318445e-01	7.000000e-01	
5.097575e+01	501	3.756567e+01	1.978806e+02	5.097575e+01	501	8.404491e-01	7.000000e-01	
5.107750e+01	502	4.273065e+01	1.811771e+02	5.107750e+01	502	8.091596e-01	7.000000e-01	
5.117924e+01	503	3.379669e+01	2.175472e+02	5.117924e+01	503	8.655361e-01	7.000000e-01	
5.128099e+01	504	4.453338e+01	2.074187e+02	5.128099e+01	504	8.232466e-01	7.000000e-01	
5.138274e+01	505	1.479906e+01	1.073172e+02	5.138274e+01	505	8.788117e-01	7.000000e-01	
5.148449e+01	506	2.358219e+01	1.316310e+02	5.148449e+01	506	8.480658e-01	7.000000e-01	
5.158624e+01	507	3.928275e+01	1.287380e+02	5.158624e+01	507	7.662030e-01	7.000000e-01	
5.168798e+01	508	1.479132e+01	1.073048e+02	5.168798e+01	508	8.788551e-01	7.000000e-01	
5.178973e+01	509	3.806027e+01	1.771301e+02	5.178973e+01	509	8.231321e-01	7.000000e-01	
5.189148e+01	510	3.734137e+01	1.769911e+02	5.189148e+01	510	8.257783e-01	7.000000e-01	
5.199323e+01	511	2.932304e+01	1.347073e+02	5.199323e+01	511	8.212340e-01	7.000000e-01	
5.209498e+01	512	3.068527e+01	9.412426e+01	5.209498e+01	512	7.541432e-01	7.000000e-01	
5.219672e+01	513	5.819419e+01	8.049727e+01	5.219672e+01	513	5.804054e-01	7.000000e-01	
5.229847e+01	514	3.563031e+01	1.195605e+02	5.229847e+01	514	7.704097e-01	7.000000e-01	
5.240022e+01	515	3.581897e+01	8.298233e+01	5.240022e+01	515	6.984968e-01	7.000000e-01	
5.250197e+01	516	5.781857e+01	1.590876e+02	5.250197e+01	516	7.334397e-01	7.000000e-01	
5.260372e+01	517	5.161125e+01	1.503509e+02	5.260372e+01	517	7.444509e-01	7.000000e-01	
5.270546e+01	518	4.451921e+01	1.336859e+02	5.270546e+01	518	7.501799e-01	7.000000e-01	
5.280721e+01	519	3.953518e+01	1.495408e+02	5.280721e+01	519	7.909032e-01	7.000000e-01	
5.290896e+01	520	4.420974e+01	1.667915e+02	5.290896e+01	520	7.904764e-01	7.000000e-01	
5.301071e+01	521	7.325307e+01	1.657447e+02	5.301071e+01	521	6.934989e-01	7.000000e-01	
5.311246e+01	522	7.286028e+01	1.824735e+02	5.311246e+01	522	7.146469e-01	7.000000e-01	
5.321420e+01	523	4.728524e+01	1.636954e+02	5.321420e+01	523	7.758788e-01	7.000000e-01	
5.331595e+01	524	4.177748e+01	1.463678e+02	5.331595e+01	524	7.779510e-01	7.000000e-01	
5.341770e+01	525	5.947459e+01	1.776943e+02	5.341770e+01	525	7.492311e-01	7.000000e-01	
5.351945e+01	526	2.543560e+01	1.464898e+02	5.351945e+01	526	8.520544e-01	7.000000e-01	
5.362120e+01	527	3.268596e+01	1.527478e+02	5.362120e+01	527	8.237324e-01	7.000000e-01	
5.372294e+01	528	2.983814e+01	1.466409e+02	5.372294e+01	528	8.309253e-01	7.000000e-01	
5.382469e+01	529	2.989514e+01	1.595047e+02	5.382469e+01	529	8.421586e-01	7.000000e-01	
5.392644e+01	530	3.639263e+01	1.503735e+02	5.392644e+01	530	8.051433e-01	7.000000e-01	
5.402819e+01	531	3.815130e+01	1.436680e+02	5.402819e+01	531	7.901691e-01	7.000000e-01	
5.412994e+01	532	2.295551e+01	1.482922e+02	5.412994e+01	532	8.659514e-01	7.000000e-01	
5.423168e+01	533	2.526118e+01	1.485856e+02	5.423168e+01	533	8.546929e-01	7.000000e-01	
5.433343e+01	534	5.543746e+01	1.750047e+02	5.433343e+01	534	7.594300e-01	7.000000e-01	
5.443518e+01	535	4.474818e+01	1.960461e+02	5.443518e+01	535	8.141643e-01	7.000000e-01	
5.453693e+01	536	2.229715e+01	1.601607e+02	5.453693e+01	536	8.777956e-01	7.000000e-01	
5.463868e+01	537	2.133744e+01	1.495077e+02	5.463868e+01	537	8.751065e-01	7.000000e-01	
5.474042e+01	538	4.053930e+01	1.996154e+02	5.474042e+01	538	8.311951e-01	7.000000e-01	
5.484217e+01	539	4.626920e+01	1.609265e+02	5.484217e+01	539	7.766884e-01	7.000000e-01	
5.494392e+01	540	3.440305e+01	1.692025e+02	5.494392e+01	540	8.310309e-01	7.000000e-01	
5.504567e+01	541	4.502841e+01	1.866558e+02	5.504567e+01	541	8.056475e-01	7.000000e-01	
5.514742e+01	542	5.792777e+01	1.879294e+02	5.514742e+01	542	7.643845e-01	7.000000e-01	
5.524916e+01	543	4.103983e+01	1.801828e+02	5.524916e+01	543	8.144863e-01	7.000000e-01	
5.535091e+01	544	3.712195e+01	1.878800e+02	5.535091e+01	544	8.350150e-01	7.000000e-01	
5.545266e+01	545	1.804305e+01	1.721106e+02	5.545266e+01	545	9.051133e-01	7.000000e-01	
5.555441e+01	546	4.849837e+01	1.768916e+02	5.555441e+01	546	7.848246e-01	7.000000e-01	
5.565616e+01	547	2.536482e+01	2.058818e+02	5.565616e+01	547	8.903127e-01	7.000000e-01	
5.575790e+01	548	1.778532e+01	1.720914e+02	5.575790e+01	548	9.063323e-01	7.000000e-01	
5.585965e+01	549	4.425028e+01	1.816914e+02	5.585965e+01	549	8.041518e-01	7.000000e-01	
5.596140e+01	550	2.937405e+01	1.965012e+02	5.596140e+01	550	8.699545e-01	7.000000e-01	
5.606315e+01	551	3.463613e+01	1.759637e+02	5.606315e+01	551	8.355358e-01	7.000000e-01	
5.616490e+01	552	4.095525e+01	1.748394e+02	5.616490e+01	552	8.102119e-01	7.000000e-01	
5.626664e+01	553	7.936443e+01	2.047332e+02	5.626664e+01	553	7.206438e-01	7.000000e-01	
5.636839e+01	554	6.860724e+01	2.008201e+02	5.636839e+01	554	7.453590e-01	7.000000e-01	
5.647014e+01	555	5.419639e+01	2.230012e+02	5.647014e+01	555	8.044846e-01	7.000000e-01	
5.657189e+01	556	4.229512e+01	2.481141e+02	5.657189e+01	556	8.543603e-01	7.000000e-01	
5.667364e+01	557	5.260120e+01	2.021326e+02	5.667364e+01	557	7.935052e-01	7.000000e-01	
5.677538e+01	558	7.149896e+01	2.075526e+02	5.677538e+01	558	7.437787e-01	7.000000e-01	
5.687713e+01	559	5.770694e+01	1.735040e+02	5.687713e+01	559	7.504143e-01	7.000000e-01	
5.697888e+01	560	4.592069e+01	2.072153e+02	5.697888e+01	560	8.185928e-01	7.000000e-01	
5.708063e+01	561	5.907566e+01	2.243629e+02	5.708063e+01	561	7.915751e-01	7.000000e-01	
5.718238e+01	562	6.371183e+01	1.882768e+02	5.718238e+01	562	7.471639e-01	7.000000e-01	
5.728412e+01	563	5.714706e+01	1.947507e+02	5.728412e+01	563	7.731339e-01	7.000000e-01	
5.738587e+01	564	3.489980e+01	1.129896e+02	5.738587e+01	564	7.640142e-01	7.000000e-01	
5.748762e+01	565	5.617066e+01	1.540701e+02	5.748762e+01	565	7.328270e-01	7.000000e-01	
5.758937e+01	566	5.691109e+01	2.014831e+02	5.758937e+01	566	7.797509e-01	7.000000e-01	
5.769112e+01	567	4.736993e+01	1.835473e+02	5.769112e+01	567	7.948619e-01	7.000000e-01	
5.779286e+01	568	4.868733e+01	1.627430e+02	5.779286e+01	568	7.697240e-01	7.000000e-01	
5.789461e+01	569	4.476641e+01	1.862148e+02	5.789461e+01	569	8.061903e-01	7.000000e-01	
5.799636e+01	570	5.495028e+01	1.866788e+02	5.799636e+01	570	7.725842e-01	7.000000e-01	
5.809811e+01	571	5.439183e+01	1.970118e+02	5.809811e+01	571	7.836474e-01	7.000000e-01	
5.819986e+01	572	5.044165e+01	2.005167e+02	5.819986e+01	572	7.990039e-01	7.000000e-01	
5.830160e+01	573	5.484403e+01	2.013634e+02	5.830160e+01	573	7.859390e-01	7.000000e-01	
5.840335e+01	574	4.764300e+01	1.814606e+02	5.840335e+01	574	7.920460e-01	7.000000e-01	
5.850510e+01	575	5.722314e+01	1.803637e+02	5.850510e+01	575	7.591485e-01	7.000000e-01	
5.860685e+01	576	5.137681e+01	1.874400e+02	5.860685e+01	576	7.848694e-01	7.000000e-01	
5.870860e+01	577	5.310146e+01	1.880286e+02	5.870860e+01	577	7.797808e-01	7.000000e-01	
5.881034e+01	578	5.929208e+01	1.960272e+02	5.881034e+01	578	7.677728e-01	7.000000e-01	
5.891209e+01	579	6.354267e+01	1.768659e+02	5.891209e+01	579	7.356888e-01	7.000000e-01	
5.901384e+01	580	5.157603e+01	1.890904e+02	5.901384e+01	580	7.856950e-01	7.000000e-01	
5.911559e+01	581	5.030737e+01	1.823922e+02	5.911559e+01	581	7.838098e-01	7.000000e-01	
5.921734e+01	582	5.551734e+01	1.728911e+02	5.921734e+01	582	7.569383e-01	7.000000e-01	
5.931908e+01	583	5.109321e+01	1.816925e+02	5.931908e+01	583	7.805140e-01	7.000000e-01	
5.942083e+01	584	4.569225e+01	1.741956e+02	5.942083e+01	584	7.922020e-01	7.000000e-01	
5.952258e+01	585	4.850850e+01	1.561402e+02	5.952258e+01	585	7.629670e-01	7.000000e-01	
5.962433e+01	586	5.101511e+01	1.437637e+02	5.962433e+01	586	7.380870e-01	7.000000e-01	
5.972608e+01	587	6.000996e+01	1.558744e+02	5.972608e+01	587	7.220273e-01	7.000000e-01	
5.982782e+01	588	5.338858e+01	1.595014e+02	5.982782e+01	588	7.492199e-01	7.000000e-01	
5.992957e+01	589	4.923208e+01	1.415637e+02	5.992957e+01	589	7.419645e-01	7.000000e-01	
6.003132e+01	590	4.647079e+01	1.501063e+02	6.003132e+01	590	7.636002e-01	7.000000e-01	
6.013307e+01	591	4.354873e+01	1.539783e+02	6.013307e+01	591	7.795303e-01	7.000000e-01	
6.023482e+01	592	5.248363e+01	1.459610e+02	6.023482e+01	592	7.355251e-01	7.000000e-01	
6.033656e+01	593	6.108332e+01	1.546563e+02	6.033656e+01	593	7.168655e-01	7.000000e-01	
6.043831e+01	594	6.016159e+01	1.412554e+02	6.043831e+01	594	7.013083e-01	7.000000e-01	
6.054006e+01	595	2.934115e+01	1.667298e+02	6.054006e+01	595	8.503544e-01	7.000000e-01	
6.064181e+01	596	1.692232e+01	1.712722e+02	6.064181e+01	596	9.100807e-01	7.000000e-01	
6.074356e+01	597	2.515944e+01	1.673883e+02	6.074356e+01	597	8.693340e-01	7.000000e-01	
6.084530e+01	598	2.726972e+01	1.800388e+02	6.084530e+01	598	8.684583e-01	7.000000e-01	
6.094705e+01	599	2.245103e+01	1.662214e+02	6.094705e+01	599	8.810052e-01	7.000000e-01	
6.104880e+01	600	2.469943e+01	1.791139e+02	6.104880e+01	600	8.788135e-01	7.000000e-01	
6.115055e+01	601	1.612331e+01	1.718141e+02	6.115055e+01	601	9.142092e-01	7.000000e-01	
6.125230e+01	602	4.109305e+00	1.853981e+02	6.125230e+01	602	9.783159e-01	7.000000e-01	
6.135404e+01	603	4.434957e+01	1.278550e+02	6.135404e+01	603	7.424600e-01	7.000000e-01	
6.145579e+01	604	2.708797e+01	1.585403e+02	6.145579e+01	604	8.540741e-01	7.000000e-01	
6.155754e+01	605	3.934737e+01	1.252968e+02	6.155754e+01	605	7.610157e-01	7.000000e-01	
6.165929e+01	606	6.571639e+01	1.084464e+02	6.165929e+01	606	6.226726e-01	7.000000e-01	
6.176104e+01	607	3.970618e+01	1.357443e+02	6.176104e+01	607	7.736901e-01	7.000000e-01	
6.186278e+01	608	4.022220e+01	1.421572e+02	6.186278e+01	608	7.794586e-01	7.000000e-01	
6.196453e+01	609	4.226914e+01	1.397863e+02	6.196453e+01	609	7.678227e-01	7.000000e-01	
6.206628e+01	610	2.781680e+01	1.365476e+02	6.206628e+01	610	8.307614e-01	7.000000e-01	
6.216803e+01	611	4.349819e+01	1.453925e+02	6.216803e+01	611	7.697177e-01	7.000000e-01	
6.226978e+01	612	4.381997e+01	1.220244e+02	6.226978e+01	612	7.357766e-01	7.000000e-01	
6.237152e+01	613	3.406014e+01	1.413318e+02	6.237152e+01	613	8.058056e-01	7.000000e-01	
6.247327e+01	614	4.601144e+01	1.427409e+02	6.247327e+01	614	7.562338e-01	7.000000e-01	
6.257502e+01	615	4.347348e+01	1.460020e+02	6.257502e+01	615	7.705588e-01	7.000000e-01	
6.267677e+01	616	2.212781e+01	1.453513e+02	6.267677e+01	616	8.678772e-01	7.000000e-01	
6.277852e+01	617	4.548418e+01	1.396078e+02	6.277852e+01	617	7.542617e-01	7.000000e-01	
6.288026e+01	618	4.465039e+01	1.247494e+02	6.288026e+01	618	7.364200e-01	7.000000e-01	
6.298201e+01	619	4.171209e+01	1.257519e+02	6.298201e+01	619	7.509190e-01	7.000000e-01	
6.308376e+01	620	4.944753e+01	1.212399e+02	6.308376e+01	620	7.103036e-01	7.000000e-01	
6.318551e+01	621	4.378096e+01	1.568134e+02	6.318551e+01	621	7.817438e-01	7.000000e-01	
6.328726e+01	622	3.511638e+01	1.902855e+02	6.328726e+01	622	8.442055e-01	7.000000e-01	
6.338900e+01	623	2.008558e+01	1.591131e+02	6.338900e+01	623	8.879145e-01	7.000000e-01	
6.349075e+01	624	5.055453e+01	1.376191e+02	6.349075e+01	624	7.313410e-01	7.000000e-01	
6.359250e+01	625	4.979182e+01	1.204127e+02	6.359250e+01	625	7.074589e-01	7.000000e-01	
6.369425e+01	626	4.875121e+01	1.391098e+02	6.369425e+01	626	7.404932e-01	7.000000e-01	
6.379600e+01	627	5.874930e+01	1.227669e+02	6.379600e+01	627	6.763413e-01	7.000000e-01	
6.389774e+01	628	4.666529e+01	1.699954e+02	6.389774e+01	628	7.846158e-01	7.000000e-01	
6.399949e+01	629	4.712060e+01	1.542471e+02	6.399949e+01	629	7.659972e-01	7.000000e-01	
6.410124e+01	630	4.650098e+01	1.417617e+02	6.410124e+01	630	7.529995e-01	7.000000e-01	
6.420299e+01	631	4.447164e+01	1.534161e+02	6.420299e+01	631	7.752683e-01	7.000000e-01	
6.430474e+01	632	2.694039e+01	1.422787e+02	6.430474e+01	632	8.407958e-01	7.000000e-01	
6.440648e+01	633	3.743649e+01	1.613998e+02	6.440648e+01	633	8.117220e-01	7.000000e-01	
6.450823e+01	634	5.227645e+01	1.464562e+02	6.450823e+01	634	7.369509e-01	7.000000e-01	
6.460998e+01	635	5.959505e+01	1.833436e+02	6.460998e+01	635	7.546909e-01	7.000000e-01	
6.471173e+01	636	4.512728e+01	1.525180e+02	6.471173e+01	636	7.716754e-01	7.000000e-01	
6.481348e+01	637	6.016449e+01	1.671309e+02	6.481348e+01	637	7.353026e-01	7.000000e-01	
6.491522e+01	638	5.742336e+01	1.681293e+02	6.491522e+01	638	7.454104e-01	7.000000e-01	
6.501697e+01	639	4.688833e+01	1.792769e+02	6.501697e+01	639	7.926811e-01	7.000000e-01	
6.511872e+01	640	4.665947e+01	1.716422e+02	6.511872e+01	640	7.862615e-01	7.000000e-01	
6.522047e+01	641	5.210003e+01	1.900164e+02	6.522047e+01	641	7.848141e-01	7.000000e-01	
6.532222e+01	642	4.140326e+01	1.800517e+02	6.532222e+01	642	8.130398e-01	7.000000e-01	
6.542396e+01	643	4.205120e+01	1.803389e+02	6.542396e+01	643	8.109124e-01	7.000000e-01	
6.552571e+01	644	6.361078e+01	1.648440e+02	6.552571e+01	644	7.215607e-01	7.000000e-01	
6.562746e+01	645	5.185227e+01	1.722190e+02	6.562746e+01	645	7.685903e-01	7.000000e-01	
6.572921e+01	646	2.995773e+01	1.897484e+02	6.572921e+01	646	8.636464e-01	7.000000e-01	
6.583096e+01	647	4.961193e+01	1.851736e+02	6.583096e+01	647	7.886926e-01	7.000000e-01	
6.593270e+01	648	4.406460e+01	1.816000e+02	6.593270e+01	648	8.047341e-01	7.000000e-01	
6.603445e+01	649	4.845741e+01	1.829304e+02	6.603445e+01	649	7.905792e-01	7.000000e-01	
6.613620e+01	650	2.741238e+01	1.454295e+02	6.613620e+01	650	8.414020e-01	7.000000e-01	
6.623795e+01	651	5.520870e+01	1.670971e+02	6.623795e+01	651	7.516543e-01	7.000000e-01	
6.633970e+01	652	3.281623e+01	1.867130e+02	6.633970e+01	652	8.505154e-01	7.000000e-01	
6.644144e+01	653	5.218205e+01	1.681688e+02	6.644144e+01	653	7.631865e-01	7.000000e-01	
6.654319e+01	654	5.392316e+01	1.745440e+02	6.654319e+01	654	7.639785e-01	7.000000e-01	
6.664494e+01	655	5.219400e+01	1.714713e+02	6.664494e+01	655	7.666424e-01	7.000000e-01	
6.674669e+01	656	5.247245e+01	1.612571e+02	6.674669e+01	656	7.544914e-01	7.000000e-01	
6.684844e+01	657	4.142643e+01	1.645388e+02	6.684844e+01	657	7.988669e-01	7.000000e-01	
6.695018e+01	658	5.289225e+01	1.683569e+02	6.695018e+01	658	7.609381e-01	7.000000e-01	
6.705193e+01	659	4.414368e+01	1.641985e+02	6.705193e+01	659	7.881193e-01	7.000000e-01	
6.715368e+01	660	5.937854e+01	1.739060e+02	6.715368e+01	660	7.454673e-01	7.000000e-01	
6.725543e+01	661	4.132667e+01	1.661760e+02	6.725543e+01	661	8.008379e-01	7.000000e-01	
6.735718e+01	662	4.053089e+01	1.691703e+02	6.735718e+01	662	8.067207e-01	7.000000e-01	
6.745892e+01	663	4.185338e+01	1.788521e+02	6.745892e+01	663	8.103655e-01	7.000000e-01	
6.756067e+01	664	4.631359e+01	1.626017e+02	6.756067e+01	664	7.783140e-01	7.000000e-01	
6.766242e+01	665	2.920375e+01	1.726042e+02	6.766242e+01	665	8.552894e-01	7.000000e-01	
6.776417e+01	666	4.795318e+01	1.991256e+02	6.776417e+01	666	8.059195e-01	7.000000e-01	
6.786592e+01	667	4.786852e+01	2.023995e+02	6.786592e+01	667	8.087310e-01	7.000000e-01	
6.796766e+01	668	3.277871e+01	1.677107e+02	6.796766e+01	668	8.365065e-01	7.000000e-01	
6.806941e+01	669	4.664303e+01	2.350059e+02	6.806941e+01	669	8.343930e-01	7.000000e-01	
6.817116e+01	670	5.510766e+01	1.881478e+02	6.817116e+01	670	7.734577e-01	7.000000e-01	
6.827291e+01	671	3.798050e+01	1.968524e+02	6.827291e+01	671	8.382658e-01	7.000000e-01	
6.837466e+01	672	4.078270e+01	2.418855e+02	6.837466e+01	672	8.557224e-01	7.000000e-01	
6.847640e+01	673	4.004445e+01	2.363816e+02	6.847640e+01	673	8.551350e-01	7.000000e-01	
6.857815e+01	674	3.869820e+01	2.120128e+02	6.857815e+01	674	8.456462e-01	7.000000e-01	
6.867990e+01	675	4.141127e+01	2.404361e+02	6.867990e+01	675	8.530720e-01	7.000000e-01	
6.878165e+01	676	2.923094e+01	2.252138e+02	6.878165e+01	676	8.851187e-01	7.000000e-01	
6.888340e+01	677	5.037512e+01	2.328225e+02	6.888340e+01	677	8.221203e-01	7.000000e-01	
6.898514e+01	678	2.279035e+01	2.125042e+02	6.898514e+01	678	9.031412e-01	7.000000e-01	
6.908689e+01	679	2.920312e+01	2.090170e+02	6.908689e+01	679	8.774112e-01	7.000000e-01	
6.918864e+01	680	3.137128e+01	2.260899e+02	6.918864e+01	680	8.781514e-01	7.000000e-01	
6.929039e+01	681	3.937204e+01	2.400158e+02	6.929039e+01	681	8.590775e-01	7.000000e-01	
6.939214e+01	682	2.911510e+01	2.110761e+02	6.939214e+01	682	8.787837e-01	7.000000e-01	
6.949388e+01	683	2.675349e+01	2.122955e+02	6.949388e+01	683	8.880837e-01	7.000000e-01	
6.959563e+01	684	3.502243e+01	2.077149e+02	6.959563e+01	684	8.557188e-01	7.000000e-01	
6.969738e+01	685	1.229835e+01	1.772411e+02	6.969738e+01	685	9.351146e-01	7.000000e-01	
6.979913e+01	686	3.166299e+01	2.195982e+02	6.979913e+01	686	8.739838e-01	7.000000e-01	
6.990088e+01	687	2.451473e+01	2.085796e+02	6.990088e+01	687	8.948291e-01	7.000000e-01	
7.000262e+01	688	2.379669e+01	2.098902e+02	7.000262e+01	688	8.981685e-01	7.000000e-01	
7.010437e+01	689	4.025813e+01	2.660788e+02	7.010437e+01	689	8.685822e-01	7.000000e-01	
7.020612e+01	690	4.824769e+01	2.633275e+02	7.020612e+01	690	8.451491e-01	7.000000e-01	
7.030787e+01	691	6.800105e+01	2.374942e+02	7.030787e+01	691	7.774072e-01	7.000000e-01	
7.040962e+01	692	3.607290e+01	2.499968e+02	7.040962e+01	692	8.739017e-01	7.000000e-01	
7.051136e+01	693	4.605752e+01	2.828961e+02	7.051136e+01	693	8.599878e-01	7.000000e-01	
7.061311e+01	694	3.684851e+01	2.187351e+02	7.061311e+01	694	8.558260e-01	7.000000e-01	
7.071486e+01	695	3.534388e+01	2.013810e+02	7.071486e+01	695	8.506964e-01	7.000000e-01	
7.081661e+01	696	3.978149e+01	2.070140e+02	7.081661e+01	696	8.388079e-01	7.000000e-01	
7.091836e+01	697	4.439212e+01	2.048180e+02	7.091836e+01	697	8.218687e-01	7.000000e-01	
7.102010e+01	698	2.234175e+01	2.057732e+02	7.102010e+01	698	9.020592e-01	7.000000e-01	
7.112185e+01	699	4.718687e+01	2.173730e+02	7.112185e+01	699	8.216401e-01	7.000000e-01	
7.122360e+01	700	4.148288e+01	1.389090e+02	7.122360e+01	700	7.700402e-01	7.000000e-01	
7.132535e+01	701	3.579303e+01	1.437813e+02	7.132535e+01	701	8.006785e-01	7.000000e-01	
7.142710e+01	702	4.135239e+01	1.491787e+02	7.142710e+01	702	7.829625e-01	7.000000e-01	
7.152884e+01	703	3.810114e+01	1.995680e+02	7.152884e+01	703	8.396883e-01	7.000000e-01	
7.163059e+01	704	4.531500e+01	1.539943e+02	7.163059e+01	704	7.726398e-01	7.000000e-01	
7.173234e+01	705	3.197598e+01	1.330484e+02	7.173234e+01	705	8.062348e-01	7.000000e-01	
7.183409e+01	706	5.296539e+01	1.642861e+02	7.183409e+01	706	7.562024e-01	7.000000e-01	
7.193584e+01	707	4.581632e+01	1.552655e+02	7.193584e+01	707	7.721509e-01	7.000000e-01	
7.203758e+01	708	3.158923e+01	1.450243e+02	7.203758e+01	708	8.211392e-01	7.000000e-01	
7.213933e+01	709	3.858967e+01	9.871343e+01	7.213933e+01	709	7.189454e-01	7.000000e-01	
7.224108e+01	710	3.921089e+01	1.336148e+02	7.224108e+01	710	7.731189e-01	7.000000e-01	
7.234283e+01	711	3.985563e+01	1.526431e+02	7.234283e+01	711	7.929564e-01	7.000000e-01	
7.244458e+01	712	2.927257e+01	1.360683e+02	7.244458e+01	712	8.229562e-01	7.000000e-01	
7.254632e+01	713	3.920667e+01	1.333775e+02	7.254632e+01	713	7.728258e-01	7.000000e-01	
7.264807e+01	714	4.973444e+01	1.351651e+02	7.264807e+01	714	7.310191e-01	7.000000e-01	
7.274982e+01	715	3.690662e+01	2.447116e+02	7.274982e+01	715	8.689480e-01	7.000000e-01	
7.285157e+01	716	5.400855e+01	2.854811e+02	7.285157e+01	716	8.409125e-01	7.000000e-01	
7.295332e+01	717	4.741337e+01	2.419674e+02	7.295332e+01	717	8.361558e-01	7.000000e-01	
7.305506e+01	718	3.568250e+01	2.711850e+02	7.305506e+01	718	8.837202e-01	7.000000e-01	
7.315681e+01	719	2.897636e+01	2.145897e+02	7.315681e+01	719	8.810328e-01	7.000000e-01	
7.325856e+01	720	3.623169e+01	2.453197e+02	7.325856e+01	720	8.713141e-01	7.000000e-01	
7.336031e+01	721	4.246232e+01	2.522432e+02	7.336031e+01	721	8.559161e-01	7.000000e-01	
7.346206e+01	722	4.610171e+01	2.236468e+02	7.346206e+01	722	8.290937e-01	7.000000e-01	
7.356380e+01	723	3.158239e+01	2.121035e+02	7.356380e+01	723	8.703971e-01	7.000000e-01	
7.366555e+01	724	3.500353e+01	2.152691e+02	7.366555e+01	724	8.601384e-01	7.000000e-01	
7.376730e+01	725	3.575418e+01	1.445195e+02	7.376730e+01	725	8.016672e-01	7.000000e-01	
7.386905e+01	726	3.938982e+01	1.652494e+02	7.386905e+01	726	8.075158e-01	7.000000e-01	
7.397080e+01	727	3.601789e+01	1.445035e+02	7.397080e+01	727	8.004785e-01	7.000000e-01	
7.407254e+01	728	4.568124e+01	1.381136e+02	7.407254e+01	728	7.514553e-01	7.000000e-01	
7.417429e+01	729	4.267252e+01	1.349814e+02	7.417429e+01	729	7.597997e-01	7.000000e-01	
7.427604e+01	730	2.543923e+01	1.913292e+02	7.427604e+01	730	8.826433e-01	7.000000e-01	
7.437779e+01	731	3.498655e+01	1.789647e+02	7.437779e+01	731	8.364742e-01	7.000000e-01	
7.447954e+01	732	3.220128e+01	1.687140e+02	7.447954e+01	732	8.397271e-01	7.000000e-01	
7.458128e+01	733	2.675482e+01	1.957354e+02	7.458128e+01	733	8.797483e-01	7.000000e-01	
7.468303e+01	734	3.263116e+01	1.696033e+02	7.468303e+01	734	8.386469e-01	7.000000e-01	
7.478478e+01	735	2.649062e+01	1.731149e+02	7.478478e+01	735	8.672851e-01	7.000000e-01	
7.488653e+01	736	2.565837e+01	2.191602e+02	7.488653e+01	736	8.951943e-01	7.000000e-01	
7.498828e+01	737	3.080237e+01	2.150191e+02	7.498828e+01	737	8.746962e-01	7.000000e-01	
7.509002e+01	738	2.925608e+01	1.996651e+02	7.509002e+01	738	8.722002e-01	7.000000e-01	
7.519177e+01	739	3.062437e+01	1.902422e+02	7.519177e+01	739	8.613445e-01	7.000000e-01	
7.529352e+01	740	2.538856e+01	2.014782e+02	7.529352e+01	740	8.880904e-01	7.000000e-01	
7.539527e+01	741	4.315366e+01	1.639878e+02	7.539527e+01	741	7.916706e-01	7.000000e-01	
7.549702e+01	742	4.569891e+01	1.689013e+02	7.549702e+01	742	7.870510e-01	7.000000e-01	
7.559876e+01	743	2.608375e+01	1.880390e+02	7.559876e+01	743	8.781832e-01	7.000000e-01	
7.570051e+01	744	3.651486e+01	1.652350e+02	7.570051e+01	744	8.190092e-01	7.000000e-01	
7.580226e+01	745	4.700055e+01	1.595704e+02	7.580226e+01	745	7.724726e-01	7.000000e-01	
7.590401e+01	746	3.780783e+01	1.690581e+02	7.590401e+01	746	8.172351e-01	7.000000e-01	
7.600576e+01	747	5.537052e+01	1.354140e+02	7.600576e+01	747	7.097746e-01	7.000000e-01	
7.610750e+01	748	4.170112e+01	1.680537e+02	7.610750e+01	748	8.011911e-01	7.000000e-01	
7.620925e+01	749	4.071481e+01	1.675081e+02	7.620925e+01	749	8.044653e-01	7.000000e-01	
7.631100e+01	750	5.278504e+01	1.502663e+02	7.631100e+01	750	7.400409e-01	7.000000e-01	
7.641275e+01	751	4.281974e+01	1.504887e+02	7.641275e+01	751	7.784901e-01	7.000000e-01	
7.651450e+01	752	3.309449e+01	1.791466e+02	7.651450e+01	752	8.440712e-01	7.000000e-01	
7.661624e+01	753	5.098407e+01	1.927733e+02	7.661624e+01	753	7.908409e-01	7.000000e-01	
7.671799e+01	754	2.894681e+01	1.784864e+02	7.671799e+01	754	8.604524e-01	7.000000e-01	
7.681974e+01	755	3.721661e+01	1.603390e+02	7.681974e+01	755	8.116145e-01	7.000000e-01	
7.692149e+01	756	2.600962e+01	1.741969e+02	7.692149e+01	756	8.700860e-01	7.000000e-01	
7.702324e+01	757	4.068157e+01	1.708299e+02	7.702324e+01	757	8.076626e-01	7.000000e-01	
7.712498e+01	758	4.330824e+01	1.731001e+02	7.712498e+01	758	7.998772e-01	7.000000e-01	
7.722673e+01	759	2.644057e+01	1.620354e+02	7.722673e+01	759	8.597138e-01	7.000000e-01	
7.732848e+01	760	1.813992e+01	2.405134e+02	7.732848e+01	760	9.298678e-01	7.000000e-01	
7.743023e+01	761	2.783631e+01	1.608763e+02	7.743023e+01	761	8.524936e-01	7.000000e-01	
7.753198e+01	762	2.653446e+01	1.557668e+02	7.753198e+01	762	8.544472e-01	7.000000e-01	
7.763372e+01	763	1.778279e+01	1.466659e+02	7.763372e+01	763	8.918642e-01	7.000000e-01	
7.773547e+01	764	2.248729e+01	1.697315e+02	7.773547e+01	764	8.830120e-01	7.000000e-01	
7.783722e+01	765	4.284800e+01	1.842883e+02	7.783722e+01	765	8.113556e-01	7.000000e-01	
7.793897e+01	766	2.481512e+01	1.816111e+02	7.793897e+01	766	8.797870e-01	7.000000e-01	
7.804072e+01	767	3.813558e+01	1.612032e+02	7.804072e+01	767	8.086896e-01	7.000000e-01	
7.814246e+01	768	2.100367e+01	1.061939e+02	7.814246e+01	768	8.348737e-01	7.000000e-01	
7.824421e+01	769	2.164023e+01	1.481349e+02	7.824421e+01	769	8.725359e-01	7.000000e-01	
7.834596e+01	770	2.810672e+01	1.616976e+02	7.834596e+01	770	8.519174e-01	7.000000e-01	
7.844771e+01	771	3.237087e+01	1.493620e+02	7.844771e+01	771	8.218766e-01	7.000000e-01	
7.854946e+01	772	2.360474e+01	1.566487e+02	7.854946e+01	772	8.690469e-01	7.000000e-01	
7.865120e+01	773	3.426889e+01	1.570589e+02	7.865120e+01	773	8.208891e-01	7.000000e-01	
7.875295e+01	774	3.246192e+01	1.519255e+02	7.875295e+01	774	8.239472e-01	7.000000e-01	
7.885470e+01	775	1.116910e+01	1.575005e+02	7.885470e+01	775	9.337812e-01	7.000000e-01	
7.895645e+01	776	2.937650e+01	1.588490e+02	7.895645e+01	776	8.439292e-01	7.000000e-01	
7.905820e+01	777	7.298309e+00	1.673033e+02	7.905820e+01	777	9.582002e-01	7.000000e-01	
7.915994e+01	778	2.300666e+01	1.426845e+02	7.915994e+01	778	8.611473e-01	7.000000e-01	
7.926169e+01	779	2.166865e+01	1.509869e+02	7.926169e+01	779	8.744978e-01	7.000000e-01	
7.936344e+01	780	1.051437e+01	1.560794e+02	7.936344e+01	780	9.368862e-01	7.000000e-01	
7.946519e+01	781	3.758116e+01	1.885619e+02	7.946519e+01	781	8.338169e-01	7.000000e-01	
7.956694e+01	782	2.951607e+01	1.590663e+02	7.956694e+01	782	8.434845e-01	7.000000e-01	
7.966868e+01	783	1.966557e+01	1.905928e+02	7.966868e+01	783	9.064695e-01	7.000000e-01	
7.977043e+01	784	3.078245e+01	1.683386e+02	7.977043e+01	784	8.454084e-01	7.000000e-01	
7.987218e+01	785	2.753397e+01	1.549967e+02	7.987218e+01	785	8.491543e-01	7.000000e-01	
7.997393e+01	786	2.482625e+01	1.360215e+02	7.997393e+01	786	8.456537e-01	7.000000e-01	
8.007568e+01	787	2.107472e+01	1.519112e+02	8.007568e+01	787	8.781709e-01	7.000000e-01	
8.017742e+01	788	2.505806e+01	1.597012e+02	8.017742e+01	788	8.643745e-01	7.000000e-01	
8.027917e+01	789	3.078187e+01	1.661419e+02	8.027917e+01	789	8.436864e-01	7.000000e-01	
8.038092e+01	790	2.819995e+01	1.558941e+02	8.038092e+01	790	8.468177e-01	7.000000e-01	
8.048267e+01	791	2.166301e+01	1.508989e+02	8.048267e+01	791	8.744624e-01	7.000000e-01	
8.058442e+01	792	2.734162e+01	1.515870e+02	8.058442e+01	792	8.471926e-01	7.000000e-01	
8.068616e+01	793	3.057441e+01	1.433396e+02	8.068616e+01	793	8.241981e-01	7.000000e-01	
8.078791e+01	794	2.919840e+01	1.301002e+02	8.078791e+01	794	8.167065e-01	7.000000e-01	
8.088966e+01	795	2.059206e+01	1.479629e+02	8.088966e+01	795	8.778318e-01	7.000000e-01	
8.099141e+01	796	3.336228e+01	1.516172e+02	8.099141e+01	796	8.196433e-01	7.000000e-01	
8.109316e+01	797	2.655060e+01	1.454181e+02	8.109316e+01	797	8.456080e-01	7.000000e-01	
8.119490e+01	798	3.610746e+01	1.513737e+02	8.119490e+01	798	8.074075e-01	7.000000e-01	
8.129665e+01	799	3.087516e+01	1.415729e+02	8.129665e+01	799	8.209597e-01	7.000000e-01	
8.139840e+01	800	2.609604e+01	1.335976e+02	8.139840e+01	800	8.365869e-01	7.000000e-01	
8.150015e+01	801	2.399889e+01	1.682142e+02	8.150015e+01	801	8.751444e-01	7.000000e-01	
8.160190e+01	802	2.389910e+01	1.610808e+02	8.160190e+01	802	8.708016e-01	7.000000e-01	
8.170364e+01	803	3.389984e+01	1.515214e+02	8.170364e+01	803	8.171739e-01	7.000000e-01	
8.180539e+01	804	3.175928e+01	1.713869e+02	8.180539e+01	804	8.436629e-01	7.000000e-01	
8.190714e+01	805	1.533341e+01	1.838819e+02	8.190714e+01	805	9.230310e-01	7.000000e-01	
8.200889e+01	806	2.154821e+01	1.585287e+02	8.200889e+01	806	8.803389e-01	7.000000e-01	
8.211064e+01	807	2.889030e+01	1.660604e+02	8.211064e+01	807	8.518071e-01	7.000000e-01	
8.221238e+01	808	1.654622e+01	1.603382e+02	8.221238e+01	808	9.064574e-01	7.000000e-01	
8.231413e+01	809	6.011117e+00	1.894035e+02	8.231413e+01	809	9.692392e-01	7.000000e-01	
8.241588e+01	810	1.787502e+01	1.703291e+02	8.241588e+01	810	9.050232e-01	7.000000e-01	
8.251763e+01	811	3.284396e+01	1.417798e+02	8.251763e+01	811	8.119159e-01	7.000000e-01	
8.261938e+01	812	2.502000e+01	1.620081e+02	8.261938e+01	812	8.662233e-01	7.000000e-01	
8.272112e+01	813	1.266669e+01	1.751931e+02	8.272112e+01	813	9.325737e-01	7.000000e-01	
8.282287e+01	814	1.188244e+01	1.961998e+02	8.282287e+01	814	9.428955e-01	7.000000e-01	
8.292462e+01	815	3.113527e+01	1.737543e+02	8.292462e+01	815	8.480388e-01	7.000000e-01	
8.302637e+01	816	4.356188e+01	1.842528e+02	8.302637e+01	816	8.087837e-01	7.000000e-01	
8.312812e+01	817	2.891991e+01	1.758276e+02	8.312812e+01	817	8.587533e-01	7.000000e-01	
8.322986e+01	818	5.455226e+01	1.855347e+02	8.322986e+01	818	7.727812e-01	7.000000e-01	
8.333161e+01	819	2.557607e+01	1.631085e+02	8.333161e+01	819	8.644507e-01	7.000000e-01	
8.343336e+01	820	3.180616e+01	1.696341e+02	8.343336e+01	820	8.421062e-01	7.000000e-01	
8.353511e+01	821	2.691305e+01	1.631422e+02	8.353511e+01	821	8.583935e-01	7.000000e-01	
8.363686e+01	822	2.652626e+01	1.631656e+02	8.363686e+01	822	8.601613e-01	7.000000e-01	
8.373860e+01	823	2.785821e+01	1.687557e+02	8.373860e+01	823	8.583101e-01	7.000000e-01	
8.384035e+01	824	2.335780e+01	1.676520e+02	8.384035e+01	824	8.777141e-01	7.000000e-01	
8.394210e+01	825	2.987154e+01	1.608589e+02	8.394210e+01	825	8.433835e-01	7.000000e-01	
8.404385e+01	826	1.555161e+01	1.721430e+02	8.404385e+01	826	9.171441e-01	7.000000e-01	
8.414560e+01	827	3.792666e+01	1.608728e+02	8.414560e+01	827	8.092215e-01	7.000000e-01	
8.424734e+01	828	7.698131e+01	1.401102e+02	8.424734e+01	828	6.453970e-01	7.000000e-01	
8.434909e+01	829	3.810689e+01	1.473462e+02	8.434909e+01	829	7.945201e-01	7.000000e-01	
8.445084e+01	830	4.074437e+01	1.742313e+02	8.445084e+01	830	8.104699e-01	7.000000e-01	
8.455259e+01	831	2.108619e+01	1.376115e+02	8.455259e+01	831	8.671298e-01	7.000000e-01	
8.465434e+01	832	4.657728e+01	1.453225e+02	8.465434e+01	832	7.572833e-01	7.000000e-01	
8.475608e+01	833	3.452623e+01	1.634597e+02	8.475608e+01	833	8.256127e-01	7.000000e-01	
8.485783e+01	834	1.876717e+01	1.356843e+02	8.485783e+01	834	8.784915e-01	7.000000e-01	
8.495958e+01	835	4.144512e+01	1.611161e+02	8.495958e+01	835	7.953946e-01	7.000000e-01	
8.506133e+01	836	3.779735e+01	1.633627e+02	8.506133e+01	836	8.121031e-01	7.000000e-01	
8.516308e+01	837	3.672901e+01	1.535780e+02	8.516308e+01	837	8.070013e-01	7.000000e-01	
8.526482e+01	838	4.660993e+01	1.572433e+02	8.526482e+01	838	7.713555e-01	7.000000e-01	
8.536657e+01	839	4.008582e+01	1.430887e+02	8.536657e+01	839	7.811605e-01	7.000000e-01	
8.546832e+01	840	3.723359e+01	1.648340e+02	8.546832e+01	840	8.157370e-01	7.000000e-01	
8.557007e+01	841	4.395685e+01	1.637947e+02	8.557007e+01	841	7.884163e-01	7.000000e-01	
8.567182e+01	842	5.037151e+01	1.643902e+02	8.567182e+01	842	7.654540e-01	7.000000e-01	
8.577356e+01	843	4.078113e+01	1.764143e+02	8.577356e+01	843	8.122376e-01	7.000000e-01	
8.587531e+01	844	4.408477e+00	1.495971e+02	8.587531e+01	844	9.713746e-01	7.000000e-01	
8.597706e+01	845	4.212976e+01	1.575691e+02	8.597706e+01	845	7.890335e-01	7.000000e-01	
8.607881e+01	846	4.002531e+01	1.693551e+02	8.607881e+01	846	8.088393e-01	7.000000e-01	
8.618056e+01	847	3.768537e+01	1.686229e+02	8.618056e+01	847	8.173347e-01	7.000000e-01	
8.628230e+01	848	3.684833e+01	1.832994e+02	8.628230e+01	848	8.326200e-01	7.000000e-01	
8.638405e+01	849	4.477462e+01	1.648934e+02	8.638405e+01	849	7.864499e-01	7.000000e-01	
8.648580e+01	850	4.213177e+01	1.833718e+02	8.648580e+01	850	8.131658e-01	7.000000e-01	
8.658755e+01	851	3.782086e+01	1.702466e+02	8.658755e+01	851	8.182279e-01	7.000000e-01	
8.668930e+01	852	3.747037e+01	1.612515e+02	8.668930e+01	852	8.114431e-01	7.000000e-01	
8.679104e+01	853	3.565689e+01	1.704787e+02	8.679104e+01	853	8.270222e-01	7.000000e-01	
8.689279e+01	854	2.497714e+01	1.732207e+02	8.689279e+01	854	8.739787e-01	7.000000e-01	
8.699454e+01	855	4.413269e+01	1.840705e+02	8.699454e+01	855	8.066079e-01	7.000000e-01	
8.709629e+01	856	3.838505e+01	1.819412e+02	8.709629e+01	856	8.257809e-01	7.000000e-01	
8.719804e+01	857	3.215690e+01	1.510973e+02	8.719804e+01	857	8.245230e-01	7.000000e-01	
8.729978e+01	858	2.168806e+01	1.625218e+02	8.729978e+01	858	8.822644e-01	7.000000e-01	
8.740153e+01	859	3.334960e+01	1.785658e+02	8.740153e+01	859	8.426278e-01	7.000000e-01	
8.750328e+01	860	2.873111e+01	1.547711e+02	8.750328e+01	860	8.434291e-01	7.000000e-01	
8.760503e+01	861	2.216751e+01	1.602505e+02	8.760503e+01	861	8.784796e-01	7.000000e-01	
8.770678e+01	862	2.688754e+01	1.515906e+02	8.770678e+01	862	8.493511e-01	7.000000e-01	
8.780852e+01	863	3.064908e+01	1.500501e+02	8.780852e+01	863	8.303862e-01	7.000000e-01	
8.791027e+01	864	3.094623e+01	1.544031e+02	8.791027e+01	864	8.330383e-01	7.000000e-01	
8.801202e+01	865	3.260322e+01	1.558181e+02	8.801202e+01	865	8.269664e-01	7.000000e-01	
8.811377e+01	866	3.283909e+01	1.481497e+02	8.811377e+01	866	8.185573e-01	7.000000e-01	
8.821552e+01	867	4.228979e+01	1.396389e+02	8.821552e+01	867	7.675474e-01	7.000000e-01	
8.831726e+01	868	8.369801e+00	1.974691e+02	8.831726e+01	868	9.593381e-01	7.000000e-01	
8.841901e+01	869	4.101257e+01	1.342881e+02	8.841901e+01	869	7.660444e-01	7.000000e-01	
8.852076e+01	870	2.968714e+01	1.607977e+02	8.852076e+01	870	8.441496e-01	7.000000e-01	
8.862251e+01	871	4.899856e+01	1.375010e+02	8.862251e+01	871	7.372725e-01	7.000000e-01	
8.872426e+01	872	4.087578e+01	1.367709e+02	8.872426e+01	872	7.699041e-01	7.000000e-01	
8.882600e+01	873	4.300354e+01	1.384389e+02	8.882600e+01	873	7.629907e-01	7.000000e-01	
8.892775e+01	874	7.425722e+01	1.390335e+02	8.892775e+01	874	6.518497e-01	7.000000e-01	
8.902950e+01	875	4.417252e+01	1.448915e+02	8.902950e+01	875	7.663621e-01	7.000000e-01	
8.913125e+01	876	4.284090e+01	1.372079e+02	8.913125e+01	876	7.620595e-01	7.000000e-01	
8.923300e+01	877	1.162160e+01	1.154483e+02	8.923300e+01	877	9.085417e-01	7.000000e-01	
8.933474e+01	878	5.836999e+01	1.662118e+02	8.933474e+01	878	7.400947e-01	7.000000e-01	
8.943649e+01	879	4.764421e+01	1.376099e+02	8.943649e+01	879	7.428170e-01	7.000000e-01	
8.953824e+01	880	5.093777e+01	1.371852e+02	8.953824e+01	880	7.292315e-01	7.000000e-01	
8.963999e+01	881	4.761451e+01	1.746022e+02	8.963999e+01	881	7.857294e-01	7.000000e-01	
8.974174e+01	882	4.453332e+01	1.987746e+02	8.974174e+01	882	8.169672e-01	7.000000e-01	
8.984348e+01	883	4.961050e+01	1.684132e+02	8.984348e+01	883	7.724536e-01	7.000000e-01	
8.994523e+01	884	3.806761e+01	1.797270e+02	8.994523e+01	884	8.252133e-01	7.000000e-01	
9.004698e+01	885	5.482294e+01	1.698556e+02	9.004698e+01	885	7.559939e-01	7.000000e-01	
9.014873e+01	886	4.158214e+01	1.755797e+02	9.014873e+01	886	8.085200e-01	7.000000e-01	
9.025048e+01	887	2.919116e+01	1.667326e+02	9.025048e+01	887	8.510076e-01	7.000000e-01	
9.035222e+01	888	3.409867e+01	1.767449e+02	9.035222e+01	888	8.382750e-01	7.000000e-01	
9.045397e+01	889	3.589175e+01	1.847405e+02	9.045397e+01	889	8.373232e-01	7.000000e-01	
9.055572e+01	890	2.008815e+01	1.543875e+02	9.055572e+01	890	8.848656e-01	7.000000e-01	
9.065747e+01	891	3.371663e+01	1.829151e+02	9.065747e+01	891	8.443597e-01	7.000000e-01	
9.075922e+01	892	4.793580e+01	1.942581e+02	9.075922e+01	892	8.020768e-01	7.000000e-01	
9.086096e+01	893	3.083207e+01	1.682443e+02	9.086096e+01	893	8.451244e-01	7.000000e-01	
9.096271e+01	894	3.754772e+01	1.499222e+02	9.096271e+01	894	7.997134e-01	7.000000e-01	
9.106446e+01	895	4.190577e+01	1.838094e+02	9.106446e+01	895	8.143423e-01	7.000000e-01	
9.116621e+01	896	5.959585e+01	1.881222e+02	9.116621e+01	896	7.594206e-01	7.000000e-01	
9.126796e+01	897	4.616229e+01	1.839475e+02	9.126796e+01	897	7.993902e-01	7.000000e-01	
9.136970e+01	898	4.837073e+01	1.545479e+02	9.136970e+01	898	7.616250e-01	7.000000e-01	
9.147145e+01	899	6.453147e+01	1.687152e+02	9.147145e+01	899	7.233338e-01	7.000000e-01	
9.157320e+01	900	4.469311e+01	2.010805e+02	9.157320e+01	900	8.181533e-01	7.000000e-01	
9.167495e+01	901	5.054022e+01	1.823431e+02	9.167495e+01	901	7.829805e-01	7.000000e-01	
9.177670e+01	902	5.342820e+01	1.847126e+02	9.177670e+01	902	7.756445e-01	7.000000e-01	
9.187844e+01	903	5.084538e+01	1.804965e+02	9.187844e+01	903	7.802154e-01	7.000000e-01	
9.198019e+01	904	3.995975e+01	1.762656e+02	9.198019e+01	904	8.151940e-01	7.000000e-01	
9.208194e+01	905	6.143213e+01	1.776029e+02	9.208194e+01	905	7.429995e-01	7.000000e-01	
9.218369e+01	906	6.154537e+01	1.855019e+02	9.218369e+01	906	7.508761e-01	7.000000e-01	
9.228544e+01	907	3.419876e+01	1.868419e+02	9.228544e+01	907	8.452829e-01	7.000000e-01	
9.238718e+01	908	5.882991e+01	1.756101e+02	9.238718e+01	908	7.490620e-01	7.000000e-01	
9.248893e+01	909	2.902351e+01	2.215359e+02	9.248893e+01	909	8.841652e-01	7.000000e-01	
9.259068e+01	910	3.546922e+01	1.810132e+02	9.259068e+01	910	8.361566e-01	7.000000e-01	
9.269243e+01	911	3.222015e+01	1.736973e+02	9.269243e+01	911	8.435288e-01	7.000000e-01	
9.279418e+01	912	3.157391e+01	1.991319e+02	9.279418e+01	912	8.631421e-01	7.000000e-01	
9.289592e+01	913	4.739620e+01	1.575787e+02	9.289592e+01	913	7.687707e-01	7.000000e-01	
9.299767e+01	914	5.367481e+01	1.687395e+02	9.299767e+01	914	7.586720e-01	7.000000e-01	
9.309942e+01	915	3.214812e+01	1.841820e+02	9.309942e+01	915	8.513932e-01	7.000000e-01	
9.320117e+01	916	3.000283e+01	1.954073e+02	9.320117e+01	916	8.668967e-01	7.000000e-01	
9.330292e+01	917	2.861759e+01	1.652134e+02	9.330292e+01	917	8.523580e-01	7.000000e-01	
9.340466e+01	918	2.651558e+01	1.601256e+02	9.340466e+01	918	8.579329e-01	7.000000e-01	
9.350641e+01	919	4.481771e+01	1.524775e+02	9.350641e+01	919	7.728393e-01	7.000000e-01	
9.360816e+01	920	1.779233e+01	1.515069e+02	9.360816e+01	920	8.949060e-01	7.000000e-01	
9.370991e+01	921	3.757782e+01	1.751265e+02	9.370991e+01	921	8.233331e-01	7.000000e-01	
9.381166e+01	922	2.592033e+01	1.575901e+02	9.381166e+01	922	8.587528e-01	7.000000e-01	
9.391340e+01	923	3.431532e+01	1.612494e+02	9.391340e+01	923	8.245322e-01	7.000000e-01	
9.401515e+01	924	1.433073e+01	1.353426e+02	9.401515e+01	924	9.042533e-01	7.000000e-01	
9.411690e+01	925	2.346325e+01	1.659845e+02	9.411690e+01	925	8.761492e-01	7.000000e-01	
9.421865e+01	926	2.789713e+01	1.508695e+02	9.421865e+01	926	8.439467e-01	7.000000e-01	
9.432040e+01	927	2.450285e+01	1.448604e+02	9.432040e+01	927	8.553237e-01	7.000000e-01	
9.442214e+01	928	3.289204e+01	2.104786e+02	9.442214e+01	928	8.648480e-01	7.000000e-01	
9.452389e+01	929	3.118890e+01	1.985846e+02	9.452389e+01	929	8.642624e-01	7.000000e-01	
9.462564e+01	930	2.426131e+01	1.880759e+02	9.462564e+01	930	8.857416e-01	7.000000e-01	
9.472739e+01	931	3.048604e+01	1.772924e+02	9.472739e+01	931	8.532762e-01	7.000000e-01	
9.482914e+01	932	3.545820e+01	1.707333e+02	9.482914e+01	932	8.280327e-01	7.000000e-01	
9.493088e+01	933	3.861643e+01	1.698055e+02	9.493088e+01	933	8.147199e-01	7.000000e-01	
9.503263e+01	934	2.443659e+01	1.909806e+02	9.503263e+01	934	8.865616e-01	7.000000e-01	
9.513438e+01	935	4.341832e+01	1.669066e+02	9.513438e+01	935	7.935655e-01	7.000000e-01	
9.523613e+01	936	2.948630e+01	2.092811e+02	9.523613e+01	936	8.765062e-01	7.000000e-01	
9.533788e+01	937	4.555210e+01	1.219881e+02	9.533788e+01	937	7.281124e-01	7.000000e-01	
9.543962e+01	938	4.592296e+01	1.465736e+02	9.543962e+01	938	7.614349e-01	7.000000e-01	
9.554137e+01	939	4.177967e+01	1.481997e+02	9.554137e+01	939	7.800831e-01	7.000000e-01	
9.564312e+01	940	3.240016e+01	1.529232e+02	9.564312e+01	940	8.251696e-01	7.000000e-01	
9.574487e+01	941	3.675376e+01	1.588347e+02	9.574487e+01	941	8.120863e-01	7.000000e-01	
9.584662e+01	942	4.252956e+01	1.387896e+02	9.584662e+01	942	7.654437e-01	7.000000e-01	
9.594836e+01	943	5.136197e+01	1.414585e+02	9.594836e+01	943	7.336280e-01	7.000000e-01	
9.605011e+01	944	3.802537e+01	1.647697e+02	9.605011e+01	944	8.124936e-01	7.000000e-01	
9.615186e+01	945	4.415073e+01	1.347043e+02	9.615186e+01	945	7.531480e-01	7.000000e-01	
9.625361e+01	946	3.725474e+01	1.675947e+02	9.625361e+01	946	8.181360e-01	7.000000e-01	
9.635536e+01	947	2.740241e+00	1.848816e+02	9.635536e+01	947	9.853949e-01	7.000000e-01	
9.645710e+01	948	2.961044e+01	1.628646e+02	9.645710e+01	948	8.461596e-01	7.000000e-01	
9.655885e+01	949	4.141216e+01	1.548802e+02	9.655885e+01	949	7.890282e-01	7.000000e-01	
9.666060e+01	950	4.178651e+01	1.550914e+02	9.666060e+01	950	7.877542e-01	7.000000e-01	
9.676235e+01	951	3.911103e+01	1.751397e+02	9.676235e+01	951	8.174521e-01	7.000000e-01	
9.686410e+01	952	2.609818e+01	1.618718e+02	9.686410e+01	952	8.611577e-01	7.000000e-01	
9.696584e+01	953	3.190638e+01	1.848955e+02	9.696584e+01	953	8.528316e-01	7.000000e-01	
9.706759e+01	954	3.112207e+01	1.830779e+02	9.706759e+01	954	8.547055e-01	7.000000e-01	
9.716934e+01	955	4.719743e+01	1.427332e+02	9.716934e+01	955	7.515017e-01	7.000000e-01	
9.727109e+01	956	3.860008e+01	1.536997e+02	9.727109e+01	956	7.992713e-01	7.000000e-01	
9.737284e+01	957	3.890037e+01	1.651646e+02	9.737284e+01	957	8.093726e-01	7.000000e-01	
9.747458e+01	958	2.698440e+01	1.274577e+02	9.747458e+01	958	8.252782e-01	7.000000e-01	
9.757633e+01	959	2.802822e+01	1.806071e+02	9.757633e+01	959	8.656593e-01	7.000000e-01	
9.767808e+01	960	4.502381e+01	1.681044e+02	9.767808e+01	960	7.887478e-01	7.000000e-01	
9.777983e+01	961	1.494617e+01	1.522117e+02	9.777983e+01	961	9.105865e-01	7.000000e-01	
9.788158e+01	962	4.242362e+01	1.546163e+02	9.788158e+01	962	7.846953e-01	7.000000e-01	
9.798332e+01	963	4.126378e+01	1.481386e+02	9.798332e+01	963	7.821370e-01	7.000000e-01	
9.808507e+01	964	2.353493e+01	1.667774e+02	9.808507e+01	964	8.763352e-01	7.000000e-01	
9.818682e+01	965	3.686914e+01	1.665370e+02	9.818682e+01	965	8.187413e-01	7.000000e-01	
9.828857e+01	966	6.433423e+01	1.522431e+02	9.828857e+01	966	7.029503e-01	7.000000e-01	
9.839032e+01	967	3.597848e+01	1.507685e+02	9.839032e+01	967	8.073410e-01	7.000000e-01	
9.849206e+01	968	4.773059e+01	1.491027e+02	9.849206e+01	968	7.575075e-01	7.000000e-01	
9.859381e+01	969	4.302660e+01	1.564974e+02	9.859381e+01	969	7.843538e-01	7.000000e-01	
9.869556e+01	970	3.605943e+01	1.776751e+02	9.869556e+01	970	8.312887e-01	7.000000e-01	
9.879731e+01	971	4.229323e+01	1.490501e+02	9.879731e+01	971	7.789668e-01	7.000000e-01	
9.889906e+01	972	4.356554e+01	1.411343e+02	9.889906e+01	972	7.641279e-01	7.000000e-01	
9.900080e+01	973	3.032551e+01	1.617862e+02	9.900080e+01	973	8.421465e-01	7.000000e-01	
9.910255e+01	974	3.586881e+01	1.712429e+02	9.910255e+01	974	8.268142e-01	7.000000e-01	
9.920430e+01	975	3.393244e+01	2.220098e+02	9.920430e+01	975	8.674215e-01	7.000000e-01	
9.930605e+01	976	3.958428e+01	1.849129e+02	9.930605e+01	976	8.236758e-01	7.000000e-01	
9.940780e+01	977	2.695816e+01	1.529035e+02	9.940780e+01	977	8.501173e-01	7.000000e-01	
9.950954e+01	978	3.334973e+01	1.789705e+02	9.950954e+01	978	8.429272e-01	7.000000e-01	
9.961129e+01	979	2.669021e+01	1.709298e+02	9.961129e+01	979	8.649418e-01	7.000000e-01	
9.971304e+01	980	5.833538e+01	1.704665e+02	9.971304e+01	980	7.450398e-01	7.000000e-01	
9.981479e+01	981	3.555794e+01	1.540672e+02	9.981479e+01	981	8.124830e-01	7.000000e-01	
9.991654e+01	982	5.033343e+01	1.630629e+02	9.991654e+01	982	7.641317e-01	7.000000e-01	
1.000183e+02	983	7.722654e+01	1.150609e+02	1.000183e+02	983	5.983797e-01	7.000000e-01	
1.001200e+02	984	7.083282e+01	1.433320e+02	1.001200e+02	984	6.692602e-01	7.000000e-01	
1.002218e+02	985	4.754124e+01	1.533786e+02	1.002218e+02	985	7.633821e-01	7.000000e-01	
1.003235e+02	986	5.914995e+01	1.659614e+02	1.003235e+02	986	7.372414e-01	7.000000e-01	
1.004253e+02	987	5.844237e+01	2.024394e+02	1.004253e+02	987	7.759814e-01	7.000000e-01	
1.005270e+02	988	5.869890e+01	1.334541e+02	1.005270e+02	988	6.945200e-01	7.000000e-01	
1.006288e+02	989	4.486601e+01	1.479235e+02	1.006288e+02	989	7.672798e-01	7.000000e-01	
1.007305e+02	990	6.011693e+01	1.245609e+02	1.007305e+02	990	6.744767e-01	7.000000e-01	
1.008323e+02	991	5.958826e+01	1.444006e+02	1.008323e+02	991	7.078847e-01	7.000000e-01	
1.009340e+02	992	4.660354e+01	1.376825e+02	1.009340e+02	992	7.471130e-01	7.000000e-01	
1.010358e+02	993	5.062787e+01	1.189516e+02	1.010358e+02	993	7.014505e-01	7.000000e-01	
1.011375e+02	994	5.125424e+01	1.101427e+02	1.011375e+02	994	6.824336e-01	7.000000e-01	
1.012393e+02	995	5.842276e+01	1.135433e+02	1.012393e+02	995	6.602658e-01	7.000000e-01	
1.013410e+02	996	5.466172e+01	8.580693e+01	1.013410e+02	996	6.108618e-01	7.000000e-01	
1.014428e+02	997	5.251459e+01	1.108751e+02	1.014428e+02	997	6.785930e-01	7.000000e-01	
1.015445e+02	998	4.394962e+01	1.280315e+02	1.015445e+02	998	7.444509e-01	7.000000e-01	
1.016463e+02	999	4.979571e+01	1.634820e+02	1.016463e+02	999	7.665217e-01	7.000000e-01	
1.017480e+02	1000	4.326562e+01	1.551572e+02	1.017480e+02	1000	7.819524e-01	7.000000e-01	
1.018497e+02	1001	2.054348e+01	1.162036e+02	1.018497e+02	1001	8.497702e-01	7.000000e-01	
1.019515e+02	1002	4.780917e+01	1.491466e+02	1.019515e+02	1002	7.572594e-01	7.000000e-01	
1.020532e+02	1003	2.313416e+01	1.213081e+02	1.020532e+02	1003	8.398380e-01	7.000000e-01	
1.021550e+02	1004	3.583039e+01	1.437246e+02	1.021550e+02	1004	8.004489e-01	7.000000e-01	
1.022567e+02	1005	2.316664e+01	1.213597e+02	1.022567e+02	1005	8.397065e-01	7.000000e-01	
1.023585e+02	1006	2.060005e+01	1.163152e+02	1.023585e+02	1006	8.495416e-01	7.000000e-01	
1.024602e+02	1007	1.023263e+02	1.340079e+01	1.024602e+02	1007	1.157965e-01	0	
1.025620e+02	1008	1.044403e+02	9.930592e+00	1.025620e+02	1008	8.682797e-02	0	
1.026637e+02	1009	9.095466e+01	2.600275e+01	1.026637e+02	1009	2.223267e-01	0	
1.027655e+02	1010	7.746884e+01	1.297459e+01	1.027655e+02	1010	1.434553e-01	0	
1.028672e+02	1011	1.080577e+02	1.244998e+01	1.028672e+02	1011	1.033128e-01	0	
1.029690e+02	1012	1.098147e+02	1.138375e+01	1.029690e+02	1012	9.392653e-02	0	
1.030707e+02	1013	1.149358e+02	1.116185e+01	1.030707e+02	1013	8.851751e-02	0	
1.031725e+02	1014	1.170992e+02	1.053686e+01	1.031725e+02	1014	8.255394e-02	0	
1.032742e+02	1015	1.078480e+02	8.311511e+00	1.032742e+02	1015	7.155257e-02	0	
1.033760e+02	1016	1.092778e+02	7.379494e+00	1.033760e+02	1016	6.325789e-02	0	
1.034777e+02	1017	1.114598e+02	1.546235e+01	1.034777e+02	1017	1.218255e-01	0	
1.035795e+02	1018	1.089158e+02	1.207122e+01	1.035795e+02	1018	9.977285e-02	0	
1.036812e+02	1019	8.613757e+01	7.374625e+00	1.036812e+02	1019	7.886271e-02	0	
1.037830e+02	1020	1.003602e+02	2.481870e+00	1.037830e+02	1020	2.413283e-02	0	
1.038847e+02	1021	9.547967e+01	1.112526e+01	1.038847e+02	1021	1.043597e-01	0	
1.039865e+02	1022	1.110936e+02	1.224708e+01	1.039865e+02	1022	9.929473e-02	0	
1.040882e+02	1023	8.095805e+01	4.201760e+00	1.040882e+02	1023	4.933971e-02	0	
1.041900e+02	1024	7.336478e+01	4.669096e+00	1.041900e+02	1024	5.983422e-02	0	
1.042917e+02	1025	6.830732e+01	1.240303e+01	1.042917e+02	1025	1.536734e-01	0	
1.043934e+02	1026	6.132778e+01	-1.740680e+00	1.043934e+02	1026	-2.921236e-02	0	
1.044952e+02	1027	6.804951e+01	1.329609e+01	1.044952e+02	1027	1.634519e-01	0	
1.045969e+02	1028	8.483683e+01	1.300680e+01	1.045969e+02	1028	1.329346e-01	0	
1.046987e+02	1029	6.498339e+01	2.309901e+01	1.046987e+02	1029	2.622432e-01	0	
1.048004e+02	1030	1.134854e+02	8.373789e-01	1.048004e+02	1030	7.324690e-03	0	
1.049022e+02	1031	9.110271e+01	-1.869238e+00	1.049022e+02	1031	-2.094772e-02	0	
1.050039e+02	1032	9.880250e+01	3.550301e+00	1.050039e+02	1032	3.468690e-02	0	
1.051057e+02	1033	9.908578e+01	7.013653e+00	1.051057e+02	1033	6.610453e-02	0	
1.052074e+02	1034	1.084132e+02	-1.609958e+01	1.052074e+02	1034	-1.744009e-01	0	
1.053092e+02	1035	9.502859e+01	9.185733e+00	1.053092e+02	1035	8.814271e-02	0	
1.054109e+02	1036	1.046894e+02	-3.345307e+00	1.054109e+02	1036	-3.300939e-02	0	
1.055127e+02	1037	8.629805e+01	8.417190e+00	1.055127e+02	1037	8.886838e-02	0	
1.056144e+02	1038	9.753525e+01	7.092837e+00	1.056144e+02	1038	6.779095e-02	0	
1.057162e+02	1039	1.206997e+02	-7.685305e+00	1.057162e+02	1039	-6.800289e-02	0	
1.058179e+02	1040	1.298803e+02	-1.645621e+01	1.058179e+02	1040	-1.450857e-01	0	
1.059197e+02	1041	1.173970e+02	9.454556e-01	1.059197e+02	1041	7.989150e-03	0	
1.060214e+02	1042	1.045738e+02	-8.632200e+00	1.060214e+02	1042	-8.997348e-02	0	
1.061232e+02	1043	1.185583e+02	2.544007e+00	1.061232e+02	1043	2.100709e-02	0	
1.062249e+02	1044	1.077194e+02	-6.199183e+00	1.062249e+02	1044	-6.106353e-02	0	
1.063267e+02	1045	9.990916e+01	3.684590e+01	1.063267e+02	1045	2.694299e-01	0	
1.064284e+02	1046	1.169932e+02	-7.879836e+00	1.064284e+02	1046	-7.221697e-02	0	
1.065302e+02	1047	1.204853e+02	2.540798e+01	1.065302e+02	1047	1.741546e-01	0	
1.066319e+02	1048	1.101213e+02	-1.269051e+01	1.066319e+02	1048	-1.302515e-01	0	
1.067337e+02	1049	1.270651e+02	-1.916982e+01	1.067337e+02	1049	-1.776706e-01	0	
1.068354e+02	1050	1.447448e+02	-2.295798e+01	1.068354e+02	1050	-1.885096e-01	0	
1.069371e+02	1051	1.146704e+02	-9.298325e-01	1.069371e+02	1051	-8.175030e-03	0	
1.070389e+02	1052	1.430985e+02	-2.678387e+01	1.070389e+02	1052	-2.302709e-01	0	
1.071406e+02	1053	7.831150e+01	-9.620171e+00	1.071406e+02	1053	-1.400493e-01	0	
1.072424e+02	1054	8.775092e+01	-1.454834e+01	1.072424e+02	1054	-1.987408e-01	0	
1.073441e+02	1055	9.621074e+01	-1.799079e+01	1.073441e+02	1055	-2.300026e-01	0	
1.074459e+02	1056	1.129722e+02	-1.219541e+01	1.074459e+02	1056	-1.210141e-01	0	
1.075476e+02	1057	1.042685e+02	-1.416708e+01	1.075476e+02	1057	-1.572348e-01	0	
1.076494e+02	1058	9.665893e+01	-1.202275e+01	1.076494e+02	1058	-1.420521e-01	0	
1.077511e+02	1059	7.879598e+01	-1.570337e+01	1.077511e+02	1059	-2.488940e-01	0	
1.078529e+02	1060	1.178990e+02	-4.270067e+00	1.078529e+02	1060	-3.757905e-02	0	
1.079546e+02	1061	1.081149e+02	-5.745793e+00	1.079546e+02	1061	-5.612819e-02	0	
1.080564e+02	1062	8.333999e+01	-8.697738e+00	1.080564e+02	1062	-1.165257e-01	0	
1.081581e+02	1063	1.042079e+02	1.739919e+00	1.081581e+02	1063	1.642241e-02	0	
1.082599e+02	1064	1.468887e+02	-2.598457e+01	1.082599e+02	1064	-2.149188e-01	0	
1.083616e+02	1065	9.287126e+01	7.378922e+00	1.083616e+02	1065	7.360507e-02	0	
1.084634e+02	1066	1.053934e+02	-1.025243e+00	1.084634e+02	1066	-9.823331e-03	0	
1.085651e+02	1067	1.246554e+02	7.189576e+00	1.085651e+02	1067	5.453053e-02	0	
1.086669e+02	1068	8.353681e+01	1.703347e+01	1.086669e+02	1068	1.693688e-01	0	
1.087686e+02	1069	1.014920e+02	1.250918e+01	1.087686e+02	1069	1.097285e-01	0	
1.088704e+02	1070	9.811746e+01	5.856416e+00	1.088704e+02	1070	5.632584e-02	0	
1.089721e+02	1071	9.875285e+01	6.242396e+00	1.089721e+02	1071	5.945408e-02	0	
1.090739e+02	1072	9.298294e+01	1.741676e+01	1.090739e+02	1072	1.577609e-01	0	
1.091756e+02	1073	9.415059e+01	2.078484e+01	1.091756e+02	1073	1.808393e-01	0	
1.092774e+02	1074	1.001405e+02	1.805917e+01	1.092774e+02	1074	1.527853e-01	0	
1.093791e+02	1075	7.652689e+01	1.528681e+01	1.093791e+02	1075	1.664981e-01	0	
1.094808e+02	1076	1.088547e+02	2.415825e+01	1.094808e+02	1076	1.816233e-01	0	
1.095826e+02	1077	8.259714e+01	2.246367e+01	1.095826e+02	1077	2.138159e-01	0	
1.096843e+02	1078	1.356362e+02	5.626698e+00	1.096843e+02	1078	3.983139e-02	0	
1.097861e+02	1079	1.156698e+02	-1.026379e+01	1.097861e+02	1079	-9.737386e-02	0	
1.098878e+02	1080	1.101565e+02	1.577516e+01	1.098878e+02	1080	1.252676e-01	0	
1.099896e+02	1081	9.833286e+01	-1.741630e+01	1.099896e+02	1081	-2.152378e-01	0	
1.100913e+02	1082	7.989899e+01	-1.573817e+01	1.100913e+02	1082	-2.452925e-01	0	
1.101931e+02	1083	6.569666e+01	-1.497749e+01	1.101931e+02	1083	-2.953023e-01	0	
1.102948e+02	1084	6.985575e+01	-2.134712e+01	1.102948e+02	1084	-4.400685e-01	0	
1.103966e+02	1085	6.464838e+01	-2.444648e+01	1.103966e+02	1085	-6.080927e-01	0	
1.104983e+02	1086	6.565179e+01	-1.499045e+01	1.104983e+02	1086	-2.958953e-01	0	
1.106001e+02	1087	6.810060e+01	-2.239098e+01	1.106001e+02	1087	-4.898527e-01	0	
1.107018e+02	1088	5.589112e+01	-1.358346e+01	1.107018e+02	1088	-3.210638e-01	0	
1.108036e+02	1089	9.579268e+01	1.506870e-01	1.108036e+02	1089	1.570583e-03	0	
1.109053e+02	1090	9.030726e+01	-1.617636e+01	1.109053e+02	1090	-2.182135e-01	0	
1.110071e+02	1091	5.444841e+01	-1.385916e+01	1.110071e+02	1091	-3.414490e-01	0	
1.111088e+02	1092	4.283063e+01	4.737243e+00	1.111088e+02	1092	9.958913e-02	0	
1.112106e+02	1093	8.613570e+01	-9.279278e+00	1.112106e+02	1093	-1.207352e-01	0	
1.113123e+02	1094	1.350684e+02	-4.248384e+00	1.113123e+02	1094	-3.247503e-02	0	
1.114141e+02	1095	1.998151e+02	-1.130356e+00	1.114141e+02	1095	-5.689194e-03	0	
1.115158e+02	1096	1.252276e+02	-7.836838e+00	1.115158e+02	1096	-6.675856e-02	0	
1.116176e+02	1097	1.339613e+02	-4.482638e+00	1.116176e+02	1097	-3.462067e-02	0	
1.117193e+02	1098	1.173251e+02	-1.678478e+00	1.117193e+02	1098	-1.451385e-02	0	
1.118211e+02	1099	1.520776e+02	3.251115e-01	1.118211e+02	1099	2.133240e-03	0	
1.119228e+02	1100	1.052846e+02	-6.437520e+00	1.119228e+02	1100	-6.512605e-02	0	
1.120245e+02	1101	1.193921e+02	-9.067148e+00	1.120245e+02	1101	-8.218583e-02	0	
1.121263e+02	1102	1.365656e+02	-4.308977e+00	1.121263e+02	1102	-3.258043e-02	0	
1.122280e+02	1103	1.407668e+02	-1.035755e+01	1.122280e+02	1103	-7.942343e-02	0	
1.123298e+02	1104	1.008123e+02	4.621027e+00	1.123298e+02	1104	4.382890e-02	0	
1.124315e+02	1105	1.214297e+02	-1.202781e+01	1.124315e+02	1105	-1.099415e-01	0	
1.125333e+02	1106	1.028959e+02	-1.224708e+01	1.125333e+02	1106	-1.351047e-01	0	
1.126350e+02	1107	7.096844e+01	-3.478536e+00	1.126350e+02	1107	-5.154158e-02	0	
1.127368e+02	1108	9.953153e+01	-1.558285e-01	1.127368e+02	1108	-1.568074e-03	0	
1.128385e+02	1109	8.116110e+01	-7.713453e+00	1.128385e+02	1109	-1.050197e-01	0	
1.129403e+02	1110	1.081331e+02	1.078001e+00	1.129403e+02	1110	9.870801e-03	0	
1.130420e+02	1111	1.393954e+02	5.440966e+00	1.130420e+02	1111	3.756630e-02	0	
1.131438e+02	1112	1.400814e+02	5.370677e+00	1.131438e+02	1112	3.692403e-02	0	
1.132455e+02	1113	1.310070e+02	2.232976e+01	1.132455e+02	1113	1.456256e-01	0	
1.133473e+02	1114	1.054462e+02	6.567461e+00	1.133473e+02	1114	5.863089e-02	0	
1.134490e+02	1115	1.264533e+02	1.250303e+01	1.134490e+02	1115	8.997812e-02	0	
1.135508e+02	1116	1.521164e+02	1.380619e+01	1.135508e+02	1116	8.320862e-02	0	
1.136525e+02	1117	1.269935e+02	-1.364319e+01	1.136525e+02	1117	-1.203631e-01	0	
1.137543e+02	1118	1.495099e+02	1.582638e+01	1.137543e+02	1118	9.572237e-02	0	
1.138560e+02	1119	1.456152e+02	-2.349434e+00	1.138560e+02	1119	-1.639913e-02	0	
1.139578e+02	1120	1.632591e+02	5.872788e+00	1.139578e+02	1120	3.472313e-02	0	
1.140595e+02	1121	1.542430e+02	2.533219e+01	1.140595e+02	1121	1.410673e-01	0	
1.141613e+02	1122	1.454872e+02	7.505664e+00	1.141613e+02	1122	4.905892e-02	0	
1.142630e+02	1123	1.591703e+02	1.126529e+01	1.142630e+02	1123	6.609705e-02	0	
1.143648e+02	1124	1.796991e+02	-2.491815e+00	1.143648e+02	1124	-1.406158e-02	0	
1.144665e+02	1125	1.812312e+02	7.431028e-01	1.144665e+02	1125	4.083559e-03	0	
1.145682e+02	1126	1.568342e+02	1.169013e+01	1.145682e+02	1126	6.936761e-02	0	
1.146700e+02	1127	1.439450e+02	3.655366e+00	1.146700e+02	1127	2.476529e-02	0	
1.147717e+02	1128	1.553321e+02	6.869695e+00	1.147717e+02	1128	4.235277e-02	0	
1.148735e+02	1129	1.402355e+02	5.688365e+00	1.148735e+02	1129	3.898173e-02	0	
1.149752e+02	1130	1.412597e+02	3.420386e+00	1.149752e+02	1130	2.364103e-02	0	
1.150770e+02	1131	1.339841e+02	5.656656e+00	1.150770e+02	1131	4.050863e-02	0	
1.151787e+02	1132	1.329775e+02	-5.994145e+00	1.151787e+02	1132	-4.720418e-02	0	
1.152805e+02	1133	1.209123e+02	1.925440e+01	1.152805e+02	1133	1.373679e-01	0	
1.153822e+02	1134	1.323517e+02	2.517712e+00	1.153822e+02	1134	1.866778e-02	0	
1.154840e+02	1135	1.324860e+02	1.240780e-01	1.154840e+02	1135	9.356604e-04	0	
1.155857e+02	1136	1.353166e+02	2.116144e-01	1.155857e+02	1136	1.561405e-03	0	
1.156875e+02	1137	1.037947e+02	1.204912e+01	1.156875e+02	1137	1.040118e-01	0	
1.157892e+02	1138	1.186968e+02	2.425304e+01	1.157892e+02	1138	1.696612e-01	0	
1.158910e+02	1139	1.157923e+02	8.435846e+00	1.158910e+02	1139	6.790608e-02	0	
1.159927e+02	1140	1.112918e+02	1.648215e+00	1.159927e+02	1140	1.459372e-02	0	
1.160945e+02	1141	1.184064e+02	2.266928e+00	1.160945e+02	1141	1.878566e-02	0	
1.161962e+02	1142	1.045027e+02	1.094666e+01	1.161962e+02	1142	9.481785e-02	0	
1.162980e+02	1143	1.353133e+02	1.297622e+01	1.162980e+02	1143	8.750598e-02	0	
1.163997e+02	1144	1.042088e+02	2.318589e+01	1.163997e+02	1144	1.820004e-01	0	
1.165015e+02	1145	1.088335e+02	9.460788e+00	1.165015e+02	1145	7.997671e-02	0	
1.166032e+02	1146	1.259608e+02	6.930538e+00	1.166032e+02	1146	5.215192e-02	0	
1.167050e+02	1147	1.049963e+02	3.474719e+01	1.167050e+02	1147	2.486498e-01	0	
1.168067e+02	1148	1.685025e+02	-1.726880e+01	1.168067e+02	1148	-1.141862e-01	0	
1.169085e+02	1149	1.554759e+02	-9.484129e+00	1.169085e+02	1149	-6.496345e-02	0	
1.170102e+02	1150	1.795083e+02	-1.298593e+01	1.170102e+02	1150	-7.798310e-02	0	
1.171119e+02	1151	1.486463e+02	-6.275424e+00	1.171119e+02	1151	-4.407800e-02	0	
1.172137e+02	1152	1.440542e+02	1.792464e+00	1.172137e+02	1152	1.229006e-02	0	
1.173154e+02	1153	1.413924e+02	-1.341082e-01	1.173154e+02	1153	-9.493829e-04	0	
1.174172e+02	1154	1.552417e+02	-1.269309e+01	1.174172e+02	1154	-8.904394e-02	0	
1.175189e+02	1155	1.398542e+02	3.888177e+00	1.175189e+02	1155	2.704962e-02	0	
1.176207e+02	1156	1.540829e+02	-1.176157e+01	1.176207e+02	1156	-8.264095e-02	0	
1.177224e+02	1157	1.675197e+02	-1.705076e+01	1.177224e+02	1157	-1.133175e-01	0	
1.178242e+02	1158	1.347478e+02	1.163404e+01	1.178242e+02	1158	7.947735e-02	0	
1.179259e+02	1159	1.390386e+02	-6.580923e+00	1.179259e+02	1159	-4.968321e-02	0	
1.180277e+02	1160	1.301922e+02	5.508402e+00	1.180277e+02	1160	4.059232e-02	0	
1.181294e+02	1161	1.303316e+02	2.002416e+01	1.181294e+02	1161	1.331785e-01	0	
1.182312e+02	1162	1.414450e+02	9.476133e+00	1.182312e+02	1162	6.278864e-02	0	
1.183329e+02	1163	1.231601e+02	9.949754e+00	1.183329e+02	1163	7.474844e-02	0	
1.184347e+02	1164	1.047451e+02	-3.082755e+00	1.184347e+02	1164	-3.032347e-02	0	
1.185364e+02	1165	1.281765e+02	9.978786e+00	1.185364e+02	1165	7.222877e-02	0	
1.186382e+02	1166	1.327636e+02	7.039885e+00	1.186382e+02	1166	5.035558e-02	0	
1.187399e+02	1167	1.023212e+02	-7.133864e+00	1.187399e+02	1167	-7.494552e-02	0	
1.188417e+02	1168	1.317373e+02	6.407568e+00	1.188417e+02	1168	4.638296e-02	0	
1.189434e+02	1169	1.116759e+02	-1.591788e-01	1.189434e+02	1169	-1.427398e-03	0	
1.190452e+02	1170	1.274865e+02	-8.869344e+00	1.190452e+02	1170	-7.477286e-02	0	
1.191469e+02	1171	1.241511e+02	5.609608e+00	1.191469e+02	1171	4.323041e-02	0	
1.192487e+02	1172	1.124787e+02	-4.184060e+00	1.192487e+02	1172	-3.863589e-02	0	
1.193504e+02	1173	8.280989e+01	-4.797514e+01	1.193504e+02	1173	-1.377221e+00	0	
1.194522e+02	1174	1.163178e+02	-1.339351e+00	1.194522e+02	1174	-1.164871e-02	0	
1.195539e+02	1175	1.114300e+02	-2.141529e+00	1.195539e+02	1175	-1.959520e-02	0	
1.196556e+02	1176	1.436402e+02	7.772280e+00	1.196556e+02	1176	5.133183e-02	0	
1.197574e+02	1177	1.072708e+02	-2.749209e+00	1.197574e+02	1177	-2.630279e-02	0	
1.198591e+02	1178	1.155609e+02	8.580539e+00	1.198591e+02	1178	6.911906e-02	0	
1.199609e+02	1179	1.089256e+02	-9.514021e+00	1.199609e+02	1179	-9.570335e-02	0	
1.200626e+02	1180	1.387034e+02	-2.687511e+00	1.200626e+02	1180	-1.975880e-02	0	
1.201644e+02	1181	1.329355e+02	-6.327769e-01	1.201644e+02	1181	-4.782796e-03	0	
1.202661e+02	1182	1.247645e+02	-5.419308e+00	1.202661e+02	1182	-4.540868e-02	0	
1.203679e+02	1183	1.518426e+02	-1.272070e+00	1.203679e+02	1183	-8.448333e-03	0	
1.204696e+02	1184	1.567759e+02	1.097772e+00	1.204696e+02	1184	6.953484e-03	0	
1.205714e+02	1185	1.536266e+02	-1.140959e-02	1.205714e+02	1185	-7.427384e-05	0	
1.206731e+02	1186	1.357597e+02	9.498842e-01	1.206731e+02	1186	6.948190e-03	0	
1.207749e+02	1187	1.382849e+02	-6.289235e+00	1.207749e+02	1187	-4.764728e-02	0	
1.208766e+02	1188	1.833004e+02	1.513980e+01	1.208766e+02	1188	7.629402e-02	0	
1.209784e+02	1189	1.671901e+02	2.169400e+01	1.209784e+02	1189	1.148535e-01	0	
1.210801e+02	1190	1.604404e+02	-2.481980e+00	1.210801e+02	1190	-1.571287e-02	0	
1.211819e+02	1191	1.293102e+02	-1.961607e+00	1.211819e+02	1191	-1.540344e-02	0	
1.212836e+02	1192	1.610816e+02	3.803863e+00	1.212836e+02	1192	2.306973e-02	0	
1.213854e+02	1193	1.667510e+02	9.231956e+00	1.213854e+02	1193	5.245938e-02	0	
1.214871e+02	1194	1.367813e+02	7.706153e+00	1.214871e+02	1194	5.333441e-02	0	
1.215889e+02	1195	1.324244e+02	8.070279e+00	1.215889e+02	1195	5.744188e-02	0	
1.216906e+02	1196	1.230999e+02	1.523229e+01	1.216906e+02	1196	1.101138e-01	0	
1.217924e+02	1197	1.380302e+02	-4.553923e+00	1.217924e+02	1197	-3.411785e-02	0	
1.218941e+02	1198	1.345548e+02	5.979172e+00	1.218941e+02	1198	4.254610e-02	0	
1.219959e+02	1199	1.252635e+02	-3.294850e+00	1.219959e+02	1199	-2.701391e-02	0	
1.220976e+02	1200	1.193967e+02	2.951724e+00	1.220976e+02	1200	2.412556e-02	0	
1.221993e+02	1201	1.078159e+02	9.615262e+00	1.221993e+02	1201	8.187999e-02	0	
1.223011e+02	1202	1.310376e+02	6.471965e+00	1.223011e+02	1202	4.706556e-02	0	
1.224028e+02	1203	1.254064e+02	9.068783e+00	1.224028e+02	1203	6.743834e-02	0	
1.225046e+02	1204	1.234591e+02	-1.714391e+00	1.225046e+02	1204	-1.408185e-02	0	
1.226063e+02	1205	1.626216e+02	-2.807730e+00	1.226063e+02	1205	-1.756875e-02	0	
1.227081e+02	1206	1.342466e+02	2.116229e+01	1.227081e+02	1206	1.361717e-01	0	
1.228098e+02	1207	1.260244e+02	-7.599467e+00	1.228098e+02	1207	-6.417117e-02	0	
1.229116e+02	1208	1.034066e+02	1.828533e+01	1.229116e+02	1208	1.502592e-01	0	
1.230133e+02	1209	9.636348e+01	9.402041e+00	1.230133e+02	1209	8.889514e-02	0	
1.231151e+02	1210	1.232340e+02	7.893448e+00	1.231151e+02	1210	6.019676e-02	0	
1.232168e+02	1211	1.330796e+02	1.588305e+01	1.232168e+02	1211	1.066244e-01	0	
1.233186e+02	1212	9.057831e+01	1.402429e+01	1.233186e+02	1212	1.340721e-01	0	
1.234203e+02	1213	1.044441e+02	7.236892e-01	1.234203e+02	1213	6.881282e-03	0	
1.235221e+02	1214	1.117357e+02	1.731687e+01	1.235221e+02	1214	1.341846e-01	0	
1.236238e+02	1215	9.391352e+01	1.515192e+01	1.236238e+02	1215	1.389250e-01	0	
1.237256e+02	1216	9.262273e+01	9.010552e+00	1.237256e+02	1216	8.865749e-02	0	
1.238273e+02	1217	9.637986e+01	1.787972e+01	1.238273e+02	1217	1.564833e-01	0	
1.239291e+02	1218	1.173409e+02	1.050398e+01	1.239291e+02	1218	8.216191e-02	0	
1.240308e+02	1219	1.020018e+02	6.679459e+00	1.240308e+02	1219	6.145916e-02	0	
1.241326e+02	1220	1.163080e+02	2.240115e+00	1.241326e+02	1220	1.889625e-02	0	
1.242343e+02	1221	1.165831e+02	5.669556e+00	1.242343e+02	1221	4.637573e-02	0	
1.243361e+02	1222	1.345930e+02	1.029962e+01	1.243361e+02	1222	7.108450e-02	0	
1.244378e+02	1223	1.504577e+02	-5.690748e+00	1.244378e+02	1223	-3.930972e-02	0	
1.245396e+02	1224	1.345340e+02	-4.319514e-01	1.245396e+02	1224	-3.221065e-03	0	
1.246413e+02	1225	1.296167e+02	-3.709031e+00	1.246413e+02	1225	-2.945834e-02	0	
1.247430e+02	1226	1.230055e+02	-1.468955e+01	1.247430e+02	1226	-1.356176e-01	0	
1.248448e+02	1227	1.375849e+02	6.681357e+00	1.248448e+02	1227	4.631268e-02	0	
1.249465e+02	1228	1.301818e+02	2.479450e-01	1.249465e+02	1228	1.900985e-03	0	
1.250483e+02	1229	1.330976e+02	-2.825504e+00	1.250483e+02	1229	-2.168925e-02	0	
1.251500e+02	1230	1.255195e+02	-1.164193e+01	1.251500e+02	1230	-1.022320e-01	0	
1.252518e+02	1231	1.413833e+02	1.637293e+00	1.252518e+02	1231	1.144795e-02	0	
1.253535e+02	1232	1.012424e+02	2.345286e+01	1.253535e+02	1232	1.880814e-01	0	
1.254553e+02	1233	1.243734e+02	2.687820e-01	1.254553e+02	1233	2.156429e-03	0	
1.255570e+02	1234	1.165315e+02	3.290565e+01	1.255570e+02	1234	2.201973e-01	0	
1.256588e+02	1235	1.355416e+02	3.272942e+00	1.256588e+02	1235	2.357780e-02	0	
1.257605e+02	1236	1.156263e+02	-4.946636e+00	1.257605e+02	1236	-4.469327e-02	0	
1.258623e+02	1237	7.499319e+01	9.191504e+01	1.258623e+02	1237	5.506921e-01	0	
1.259640e+02	1238	1.393746e+02	4.442598e-01	1.259640e+02	1238	3.177395e-03	0	
1.260658e+02	1239	1.061993e+02	1.913531e+01	1.260658e+02	1239	1.526738e-01	0	
1.261675e+02	1240	1.424016e+02	-1.368285e+00	1.261675e+02	1240	-9.701857e-03	0	
1.262693e+02	1241	1.704127e+02	2.651528e+01	1.262693e+02	1241	1.346446e-01	0	
1.263710e+02	1242	1.308098e+02	-8.164164e-01	1.263710e+02	1242	-6.280446e-03	0	
1.264728e+02	1243	1.165978e+02	2.057344e+01	1.264728e+02	1243	1.499836e-01	0	
1.265745e+02	1244	1.120634e+02	1.410336e+00	1.265745e+02	1244	1.242874e-02	0	
1.266763e+02	1245	1.238500e+02	-5.767662e+00	1.266763e+02	1245	-4.884441e-02	0	
1.267780e+02	1246	1.920309e+02	1.315436e+01	1.267780e+02	1246	6.410967e-02	0	
1.268798e+02	1247	1.431287e+02	5.392119e+00	1.268798e+02	1247	3.630548e-02	0	
1.269815e+02	1248	1.144558e+02	1.539280e-01	1.269815e+02	1248	1.343062e-03	0	
1.270833e+02	1249	1.485307e+02	2.204739e+00	1.270833e+02	1249	1.462655e-02	0	
1.271850e+02	1250	1.285877e+02	-3.667251e+00	1.271850e+02	1250	-2.935669e-02	0	
1.272867e+02	1251	1.363510e+02	3.601624e+00	1.272867e+02	1251	2.573459e-02	0	
1.273885e+02	1252	1.293223e+02	1.487837e+01	1.273885e+02	1252	1.031782e-01	0	
1.274902e+02	1253	1.322601e+02	3.388601e+00	1.274902e+02	1253	2.498071e-02	0	
1.275920e+02	1254	1.081397e+02	-3.502056e+00	1.275920e+02	1254	-3.346841e-02	0	
1.276937e+02	1255	9.953617e+01	6.248520e-01	1.276937e+02	1255	6.238475e-03	0	
1.277955e+02	1256	1.187576e+02	-1.984891e+01	1.277955e+02	1256	-2.006791e-01	0	
1.278972e+02	1257	1.437346e+02	1.707808e+00	1.278972e+02	1257	1.174216e-02	0	
1.279990e+02	1258	1.253349e+02	-4.418846e+00	1.279990e+02	1258	-3.654474e-02	0	
1.281007e+02	1259	7.237843e+01	1.518323e+01	1.281007e+02	1259	1.734004e-01	0	
1.282025e+02	1260	1.136055e+02	-7.881939e+00	1.282025e+02	1260	-7.455234e-02	0	
1.283042e+02	1261	8.226771e+01	2.356086e+01	1.283042e+02	1261	2.226323e-01	0	
1.284060e+02	1262	1.116395e+02	2.480728e+01	1.284060e+02	1262	1.818092e-01	0	
1.285077e+02	1263	1.119284e+02	2.857781e+01	1.285077e+02	1263	2.033918e-01	0	
1.286095e+02	1264	1.144912e+02	2.451144e+01	1.286095e+02	1264	1.763379e-01	0	
1.287112e+02	1265	9.271332e+01	2.711760e+01	1.287112e+02	1265	2.262989e-01	0	
1.288130e+02	1266	1.382795e+02	2.999085e+01	1.288130e+02	1266	1.782302e-01	0	
1.289147e+02	1267	1.498559e+02	1.273440e+01	1.289147e+02	1267	7.832202e-02	0	
1.290165e+02	1268	1.184213e+02	3.739647e+01	1.290165e+02	1268	2.400013e-01	0	
1.291182e+02	1269	1.613030e+02	2.587027e+01	1.291182e+02	1269	1.382156e-01	0	
1.292200e+02	1270	1.513155e+02	1.228482e+01	1.292200e+02	1270	7.509044e-02	0	
1.293217e+02	1271	1.102611e+02	3.252478e+01	1.293217e+02	1271	2.277871e-01	0	
1.294235e+02	1272	1.023203e+02	5.212705e+01	1.294235e+02	1272	3.375069e-01	0	
1.295252e+02	1273	8.170502e+01	9.298183e+00	1.295252e+02	1273	1.021742e-01	0	
1.296270e+02	1274	1.048753e+02	1.415685e+01	1.296270e+02	1274	1.189330e-01	0	
1.297287e+02	1275	8.733307e+01	1.455033e+01	1.297287e+02	1275	1.428135e-01	0	
1.298304e+02	1276	1.391584e+02	1.650458e+01	1.298304e+02	1276	1.060277e-01	0	
1.299322e+02	1277	1.063406e+02	3.199247e+01	1.299322e+02	1277	2.312713e-01	0	
1.300339e+02	1278	1.278506e+02	1.802357e+01	1.300339e+02	1278	1.235556e-01	0	
1.301357e+02	1279	1.169751e+02	1.636379e+01	1.301357e+02	1279	1.227233e-01	0	
1.302374e+02	1280	1.401481e+02	2.771135e+00	1.302374e+02	1280	1.938952e-02	0	
1.303392e+02	1281	1.470061e+02	2.326893e+01	1.303392e+02	1281	1.366550e-01	0	
1.304409e+02	1282	1.475704e+02	2.364868e+00	1.304409e+02	1282	1.577259e-02	0	
1.305427e+02	1283	1.367835e+02	-5.892715e+00	1.305427e+02	1283	-4.502009e-02	0	
1.306444e+02	1284	1.280021e+02	1.294121e+01	1.306444e+02	1284	9.181855e-02	0	
1.307462e+02	1285	1.494480e+02	-5.627469e+00	1.307462e+02	1285	-3.912841e-02	0	
1.308479e+02	1286	1.239143e+02	-6.494416e+00	1.308479e+02	1286	-5.530934e-02	0	
1.309497e+02	1287	1.319798e+02	-1.229225e+01	1.309497e+02	1287	-1.027028e-01	0	
1.310514e+02	1288	1.220847e+02	-7.896777e+00	1.310514e+02	1288	-6.915597e-02	0	
1.311532e+02	1289	1.216664e+02	-1.062419e+00	1.311532e+02	1289	-8.809154e-03	0	
1.312549e+02	1290	1.167947e+02	-8.619649e+00	1.312549e+02	1290	-7.968241e-02	0	
1.313567e+02	1291	1.415457e+02	-2.251714e+01	1.313567e+02	1291	-1.891743e-01	0	
1.314584e+02	1292	1.320479e+02	-1.545705e+01	1.314584e+02	1292	-1.325752e-01	0	
1.315602e+02	1293	1.285730e+02	-5.705247e+00	1.315602e+02	1293	-4.643405e-02	0	
1.316619e+02	1294	1.056042e+02	1.003719e+01	1.316619e+02	1294	8.679583e-02	0	
1.317637e+02	1295	1.145817e+02	-1.583966e+01	1.317637e+02	1295	-1.604146e-01	0	
1.318654e+02	1296	1.214725e+02	-1.404035e+01	1.318654e+02	1296	-1.306904e-01	0	
1.319672e+02	1297	9.580164e+01	4.675782e+00	1.319672e+02	1297	4.653565e-02	0	
1.320689e+02	1298	9.064728e+01	1.166029e+01	1.320689e+02	1298	1.139729e-01	0	
1.321707e+02	1299	8.260736e+01	2.276782e+01	1.321707e+02	1299	2.160644e-01	0	
1.322724e+02	1300	9.547737e+01	-1.856346e+00	1.322724e+02	1300	-1.982830e-02	0	
1.323741e+02	1301	9.230492e+01	4.271468e+00	1.323741e+02	1301	4.422891e-02	0	
1.324759e+02	1302	1.071043e+02	6.421915e+00	1.324759e+02	1302	5.656768e-02	0	
1.325776e+02	1303	1.026579e+02	9.714471e+00	1.325776e+02	1303	8.644893e-02	0	
1.326794e+02	1304	9.235609e+01	3.774476e+00	1.326794e+02	1304	3.926406e-02	0	
1.327811e+02	1305	8.639572e+01	1.442120e+01	1.327811e+02	1305	1.430434e-01	0	
1.328829e+02	1306	8.853421e+01	2.010571e+01	1.328829e+02	1306	1.850674e-01	0	
1.329846e+02	1307	1.078664e+02	1.327740e+01	1.329846e+02	1307	1.096003e-01	0	
1.330864e+02	1308	9.284434e+01	2.432844e+01	1.330864e+02	1308	2.076288e-01	0	
1.331881e+02	1309	9.797314e+01	1.616837e+01	1.331881e+02	1309	1.416520e-01	0	
1.332899e+02	1310	9.556914e+01	2.053876e+01	1.332899e+02	1310	1.768937e-01	0	
1.333916e+02	1311	9.306340e+01	2.292212e+01	1.333916e+02	1311	1.976292e-01	0	
1.334934e+02	1312	9.395488e+01	-6.236699e+00	1.334934e+02	1312	-7.109927e-02	0	
1.335951e+02	1313	9.871675e+01	1.699102e+01	1.335951e+02	1313	1.468442e-01	0	
1.336969e+02	1314	1.032521e+02	1.426612e+01	1.336969e+02	1314	1.213950e-01	0	
1.337986e+02	1315	8.910571e+01	3.074246e+00	1.337986e+02	1315	3.335048e-02	0	
1.339004e+02	1316	8.618016e+01	-2.301582e-01	1.339004e+02	1316	-2.677815e-03	0	
1.340021e+02	1317	8.690711e+01	-7.102615e+00	1.340021e+02	1317	-8.900019e-02	0	
1.341039e+02	1318	9.696208e+01	-3.407946e+01	1.341039e+02	1318	-5.419536e-01	0	
1.342056e+02	1319	9.233576e+01	-3.512897e+00	1.342056e+02	1319	-3.954947e-02	0	
1.343074e+02	1320	9.806606e+01	-2.803095e+01	1.343074e+02	1320	-4.002414e-01	0	
1.344091e+02	1321	9.695263e+01	-3.401021e+01	1.344091e+02	1321	-5.403385e-01	0	
1.345109e+02	1322	9.034249e+01	-5.235373e+00	1.345109e+02	1322	-6.151510e-02	0	
1.346126e+02	1323	8.779525e+01	-5.196432e+00	1.346126e+02	1323	-6.291170e-02	0	
1.347144e+02	1324	6.680711e+01	9.483599e+00	1.347144e+02	1324	1.243087e-01	0	
1.348161e+02	1325	1.266167e+02	1.242954e+01	1.348161e+02	1325	8.939141e-02	0	
1.349178e+02	1326	9.641918e+01	3.453962e+00	1.349178e+02	1326	3.458349e-02	0	
1.350196e+02	1327	9.355446e+01	1.278107e+01	1.350196e+02	1327	1.201957e-01	0	
1.351213e+02	1328	9.658788e+01	6.841365e-01	1.351213e+02	1328	7.033230e-03	0	
1.352231e+02	1329	1.061499e+02	1.195745e+01	1.352231e+02	1329	1.012422e-01	0	
1.353248e+02	1330	1.044805e+02	1.329279e+01	1.353248e+02	1330	1.128676e-01	0	
1.354266e+02	1331	1.349853e+02	-6.103506e+00	1.354266e+02	1331	-4.735739e-02	0	
1.355283e+02	1332	1.247165e+02	-1.076274e+01	1.355283e+02	1332	-9.444831e-02	0	
1.356301e+02	1333	9.659433e+01	3.027277e+00	1.356301e+02	1333	3.038776e-02	0	
1.357318e+02	1334	1.289263e+02	-4.377003e+00	1.357318e+02	1334	-3.514274e-02	0	
1.358336e+02	1335	1.053036e+02	-1.445455e+01	1.358336e+02	1335	-1.591051e-01	0	
1.359353e+02	1336	1.435897e+02	-1.097164e+01	1.359353e+02	1336	-8.273112e-02	0	
1.360371e+02	1337	1.761057e+02	-2.043787e+01	1.360371e+02	1337	-1.312915e-01	0	
1.361388e+02	1338	1.301521e+02	-7.038640e+00	1.361388e+02	1338	-5.717198e-02	0	
1.362406e+02	1339	1.853331e+02	-2.649827e+01	1.362406e+02	1339	-1.668291e-01	0	
1.363423e+02	1340	1.674039e+02	-1.909269e+01	1.363423e+02	1340	-1.287340e-01	0	
1.364441e+02	1341	1.183691e+02	5.516339e+00	1.364441e+02	1341	4.452774e-02	0	
1.365458e+02	1342	1.298742e+02	-1.382400e+01	1.365458e+02	1342	-1.191209e-01	0	
1.366476e+02	1343	1.186412e+02	1.391541e+01	1.366476e+02	1343	1.049771e-01	0	
1.367493e+02	1344	1.405100e+02	-1.484034e+01	1.367493e+02	1344	-1.180901e-01	0	
1.368511e+02	1345	1.073051e+02	1.214246e+01	1.368511e+02	1345	1.016552e-01	0	
1.369528e+02	1346	1.196463e+02	5.310664e+00	1.369528e+02	1346	4.249994e-02	0	
1.370546e+02	1347	1.034909e+02	1.312001e+01	1.370546e+02	1347	1.125110e-01	0	
1.371563e+02	1348	1.109929e+02	2.565382e+01	1.371563e+02	1348	1.877383e-01	0	
1.372581e+02	1349	1.028065e+02	1.131286e+01	1.372581e+02	1349	9.913182e-02	0	
1.373598e+02	1350	1.133002e+02	2.556593e+01	1.373598e+02	1350	1.841049e-01	0	
1.374615e+02	1351	1.122625e+02	-4.284087e+00	1.374615e+02	1351	-3.967540e-02	0	
1.375633e+02	1352	1.201049e+02	1.822234e+01	1.375633e+02	1352	1.317336e-01	0	
1.376650e+02	1353	1.249932e+02	-1.594557e+01	1.376650e+02	1353	-1.462257e-01	0	
1.377668e+02	1354	1.073118e+02	9.801739e+00	1.377668e+02	1354	8.369433e-02	0	
1.378685e+02	1355	8.364975e+01	-2.225297e+01	1.378685e+02	1355	-3.624452e-01	0	
1.379703e+02	1356	7.628040e+01	1.064328e+01	1.379703e+02	1356	1.224440e-01	0	
1.380720e+02	1357	1.250977e+02	-1.584608e+01	1.380720e+02	1357	-1.450421e-01	0	
1.381738e+02	1358	1.093946e+02	7.708436e-01	1.381738e+02	1358	6.997145e-03	0	
1.382755e+02	1359	1.445235e+02	3.093037e+00	1.382755e+02	1359	2.095319e-02	0	
1.383773e+02	1360	1.162939e+02	-3.598512e+01	1.383773e+02	1360	-4.480845e-01	0	
1.384790e+02	1361	1.385215e+02	-1.856262e+01	1.384790e+02	1361	-1.547415e-01	0	
1.385808e+02	1362	8.033996e+01	1.270458e+01	1.385808e+02	1362	1.365430e-01	0	
1.386825e+02	1363	8.393188e+01	5.076093e+00	1.386825e+02	1363	5.702964e-02	0	
1.387843e+02	1364	1.073880e+02	2.035380e+01	1.387843e+02	1364	1.593355e-01	0	
1.388860e+02	1365	1.042785e+02	1.890426e+01	1.388860e+02	1365	1.534651e-01	0	
1.389878e+02	1366	1.062656e+02	3.574970e+01	1.389878e+02	1366	2.517313e-01	0	
1.390895e+02	1367	9.657332e+01	9.197603e+00	1.390895e+02	1367	8.695776e-02	0	
1.391913e+02	1368	8.408844e+01	1.035115e+01	1.391913e+02	1368	1.096060e-01	0	
1.392930e+02	1369	6.968148e+01	2.721232e+01	1.392930e+02	1369	2.808469e-01	0	
1.393948e+02	1370	1.335109e+02	1.207770e+01	1.393948e+02	1370	8.295773e-02	0	
1.394965e+02	1371	1.106532e+02	-4.972546e+00	1.394965e+02	1371	-4.705257e-02	0	
1.395983e+02	1372	1.174872e+02	3.885401e+01	1.395983e+02	1372	2.485206e-01	0	
1.397000e+02	1373	9.360273e+01	2.083652e+00	1.397000e+02	1373	2.177585e-02	0	
1.398018e+02	1374	1.159679e+02	1.705710e+01	1.398018e+02	1374	1.282248e-01	0	
1.399035e+02	1375	4.607762e+01	-9.296101e+00	1.399035e+02	1375	-2.527384e-01	0	
1.400052e+02	1376	7.422565e+01	-5.182057e+00	1.400052e+02	1376	-7.505486e-02	0	
1.401070e+02	1377	7.598703e+01	4.616376e+00	1.401070e+02	1377	5.727272e-02	0	
1.402087e+02	1378	9.762103e+01	2.588180e+00	1.402087e+02	1378	2.582777e-02	0	
1.403105e+02	1379	9.333366e+01	-2.389315e-01	1.403105e+02	1379	-2.566542e-03	0	
1.404122e+02	1380	1.009004e+02	-2.432105e+00	1.404122e+02	1380	-2.469937e-02	0	
1.405140e+02	1381	1.135968e+02	-1.878894e+00	1.405140e+02	1381	-1.681820e-02	0	
1.406157e+02	1382	1.210232e+02	5.547908e+00	1.406157e+02	1382	4.383234e-02	0	
1.407175e+02	1383	9.354689e+01	2.054592e+00	1.407175e+02	1383	2.149121e-02	0	
1.408192e+02	1384	1.119756e+02	1.947180e+00	1.408192e+02	1384	1.709210e-02	0	
1.409210e+02	1385	1.095410e+02	5.420480e-01	1.409210e+02	1385	4.923992e-03	0	
1.410227e+02	1386	1.121122e+02	3.062542e+00	1.410227e+02	1386	2.659040e-02	0	
1.411245e+02	1387	1.030396e+02	3.290944e+00	1.411245e+02	1387	3.095013e-02	0	
1.412262e+02	1388	1.065695e+02	1.686064e+00	1.412262e+02	1388	1.557485e-02	0	
1.413280e+02	1389	1.155759e+02	9.494300e+00	1.413280e+02	1389	7.591177e-02	0	
1.414297e+02	1390	9.457769e+01	-5.414393e-01	1.414297e+02	1390	-5.757772e-03	0	
1.415315e+02	1391	1.140224e+02	2.462658e-01	1.415315e+02	1391	2.155147e-03	0	
1.416332e+02	1392	1.099684e+02	1.063268e+01	1.416332e+02	1392	8.816405e-02	0	
1.417350e+02	1393	9.970116e+01	4.745364e+00	1.417350e+02	1393	4.543343e-02	0	
1.418367e+02	1394	1.225821e+02	1.697880e+01	1.418367e+02	1394	1.216587e-01	0	
1.419385e+02	1395	1.055962e+02	-2.241232e+00	1.419385e+02	1395	-2.168480e-02	0	
1.420402e+02	1396	1.033620e+02	2.025925e+01	1.420402e+02	1396	1.638816e-01	0	
1.421420e+02	1397	1.327548e+02	1.486560e+01	1.421420e+02	1397	1.007015e-01	0	
1.422437e+02	1398	1.097430e+02	1.474721e+01	1.422437e+02	1398	1.184608e-01	0	
1.423455e+02	1399	1.198722e+02	2.729529e+01	1.423455e+02	1399	1.854709e-01	0	
1.424472e+02	1400	1.102914e+02	1.947177e+01	1.424472e+02	1400	1.500562e-01	0	
1.425489e+02	1401	1.111082e+02	1.430320e+01	1.425489e+02	1401	1.140502e-01	0	
1.426507e+02	1402	1.208750e+02	1.144570e+01	1.426507e+02	1402	8.649969e-02	0	
1.427524e+02	1403	1.249873e+02	9.478692e+00	1.427524e+02	1403	7.049137e-02	0	
1.428542e+02	1404	1.374247e+02	1.300733e+01	1.428542e+02	1404	8.646649e-02	0	
1.429559e+02	1405	1.456213e+02	1.455366e+01	1.429559e+02	1405	9.086102e-02	0	
1.430577e+02	1406	1.491406e+02	5.307153e+00	1.430577e+02	1406	3.436213e-02	0	
1.431594e+02	1407	1.330563e+02	8.528838e+00	1.431594e+02	1407	6.023823e-02	0	
1.432612e+02	1408	1.174609e+02	3.461244e+01	1.432612e+02	1408	2.276036e-01	0	
1.433629e+02	1409	1.349976e+02	1.612352e+01	1.433629e+02	1409	1.066927e-01	0	
1.434647e+02	1410	1.267306e+02	1.107306e+00	1.434647e+02	1410	8.661797e-03	0	
1.435664e+02	1411	1.435456e+02	4.136669e+00	1.435664e+02	1411	2.801060e-02	0	
1.436682e+02	1412	1.216208e+02	3.716873e+01	1.436682e+02	1412	2.340754e-01	0	
1.437699e+02	1413	1.362610e+02	-6.658636e+00	1.437699e+02	1413	-5.137743e-02	0	
1.438717e+02	1414	2.469030e+02	-1.572547e+00	1.438717e+02	1414	-6.409914e-03	0	
1.439734e+02	1415	1.433596e+02	1.311662e+01	1.439734e+02	1415	8.382501e-02	0	
1.440752e+02	1416	1.704380e+02	-1.638399e+01	1.440752e+02	1416	-1.063522e-01	0	
1.441769e+02	1417	1.427043e+02	-2.442720e+00	1.441769e+02	1417	-1.741546e-02	0	
1.442787e+02	1418	1.678947e+02	-3.869452e+00	1.442787e+02	1418	-2.359059e-02	0	
1.443804e+02	1419	1.430017e+02	-5.577201e+00	1.443804e+02	1419	-4.058375e-02	0	
1.444822e+02	1420	1.588325e+02	-4.582748e+00	1.444822e+02	1420	-2.970992e-02	0	
1.445839e+02	1421	1.706052e+02	-1.637045e+01	1.445839e+02	1421	-1.061398e-01	0	
1.446857e+02	1422	1.647187e+02	-1.835954e+01	1.446857e+02	1422	-1.254417e-01	0	
1.447874e+02	1423	1.671031e+02	-4.162667e+00	1.447874e+02	1423	-2.554717e-02	0	
1.448892e+02	1424	1.627283e+02	-1.357320e+01	1.448892e+02	1424	-9.100058e-02	0	
1.449909e+02	1425	1.661317e+02	-1.026008e+01	1.449909e+02	1425	-6.582391e-02	0	
1.450926e+02	1426	1.074478e+02	1.603242e+01	1.450926e+02	1426	1.298380e-01	0	
1.451944e+02	1427	1.107348e+02	7.086386e+00	1.451944e+02	1427	6.014526e-02	0	
1.452961e+02	1428	1.012026e+02	-5.024279e+00	1.452961e+02	1428	-5.223920e-02	0	
1.453979e+02	1429	1.074399e+02	1.603146e+01	1.453979e+02	1429	1.298395e-01	0	
1.454996e+02	1430	1.284020e+02	2.023008e+00	1.454996e+02	1430	1.551089e-02	0	
1.456014e+02	1431	1.086588e+02	3.144550e+00	1.456014e+02	1431	2.812572e-02	0	
1.457031e+02	1432	9.597924e+01	-6.088440e+00	1.457031e+02	1432	-6.773151e-02	0	
1.458049e+02	1433	1.115055e+02	1.132337e+00	1.458049e+02	1433	1.005290e-02	0	
1.459066e+02	1434	1.044549e+02	-2.710182e+00	1.459066e+02	1434	-2.663708e-02	0	
1.460084e+02	1435	1.042844e+02	-3.654515e+00	1.460084e+02	1435	-3.631640e-02	0	
1.461101e+02	1436	1.009302e+02	5.985926e+00	1.461101e+02	1436	5.598712e-02	0	
1.462119e+02	1437	1.092605e+02	4.375658e+00	1.462119e+02	1437	3.850586e-02	0	
1.463136e+02	1438	1.371685e+02	-8.515887e+00	1.463136e+02	1438	-6.619288e-02	0	
1.464154e+02	1439	1.323017e+02	2.194766e+01	1.464154e+02	1439	1.422869e-01	0	
1.465171e+02	1440	1.365439e+02	5.308529e+00	1.465171e+02	1440	3.742290e-02	0	
1.466189e+02	1441	8.184194e+01	-2.614732e+01	1.466189e+02	1441	-4.694766e-01	0	
1.467206e+02	1442	1.215213e+02	-2.770171e-01	1.467206e+02	1442	-2.284785e-03	0	
1.468224e+02	1443	8.200821e+01	-2.066957e+01	1.468224e+02	1443	-3.369747e-01	0	
1.469241e+02	1444	8.802105e+01	-1.219592e+01	1.469241e+02	1444	-1.608427e-01	0	
1.470259e+02	1445	9.300471e+01	-2.154032e+01	1.470259e+02	1445	-3.014133e-01	0	
1.471276e+02	1446	1.128981e+02	-1.265052e+01	1.471276e+02	1446	-1.261928e-01	0	
1.472294e+02	1447	8.282250e+01	-1.441468e+01	1.472294e+02	1447	-2.107168e-01	0	
1.473311e+02	1448	8.072777e+01	1.705263e+01	1.473311e+02	1448	1.743972e-01	0	
1.474329e+02	1449	1.136017e+02	-9.157427e+00	1.474329e+02	1449	-8.767764e-02	0	
1.475346e+02	1450	1.239400e+02	-5.947652e+00	1.475346e+02	1450	-5.040710e-02	0	
1.476363e+02	1451	1.093548e+02	-1.956105e+00	1.476363e+02	1451	-1.821349e-02	0	
1.477381e+02	1452	1.126321e+02	-5.704635e+00	1.477381e+02	1452	-5.335051e-02	0	
1.478398e+02	1453	1.241047e+02	-1.901614e+01	1.478398e+02	1453	-1.809535e-01	0	
1.479416e+02	1454	1.039066e+02	-8.727033e+00	1.479416e+02	1454	-9.169019e-02	0	
1.480433e+02	1455	1.154796e+02	4.625790e-01	1.480433e+02	1455	3.989739e-03	0	
1.481451e+02	1456	1.224579e+02	-1.757744e+01	1.481451e+02	1456	-1.675950e-01	0	
1.482468e+02	1457	1.270943e+02	-3.464671e+00	1.482468e+02	1457	-2.802460e-02	0	
1.483486e+02	1458	1.191895e+02	-1.775533e+00	1.483486e+02	1458	-1.512199e-02	0	
1.484503e+02	1459	1.081528e+02	1.484290e+00	1.484503e+02	1459	1.353821e-02	0	
1.485521e+02	1460	1.528164e+02	-1.053448e+01	1.485521e+02	1460	-7.403948e-02	0	
1.486538e+02	1461	1.102928e+02	1.123869e+00	1.486538e+02	1461	1.008708e-02	0	
1.487556e+02	1462	1.062583e+02	1.990834e+00	1.487556e+02	1462	1.839122e-02	0	
1.488573e+02	1463	1.282059e+02	-4.000824e+00	1.488573e+02	1463	-3.221144e-02	0	
1.489591e+02	1464	1.082083e+02	6.633195e+00	1.489591e+02	1464	5.775957e-02	0	
1.490608e+02	1465	1.234111e+02	-7.576151e-01	1.490608e+02	1465	-6.176874e-03	0	
1.491626e+02	1466	9.603733e+01	4.521218e+00	1.491626e+02	1466	4.496105e-02	0	
1.492643e+02	1467	9.503695e+01	1.094238e+00	1.492643e+02	1467	1.138276e-02	0	
1.493661e+02	1468	1.034606e+02	-2.962902e+00	1.493661e+02	1468	-2.948229e-02	0	
1.494678e+02	1469	8.801206e+01	8.626434e+00	1.494678e+02	1469	8.926499e-02	0	
1.495696e+02	1470	8.600440e+01	2.541997e+00	1.495696e+02	1470	2.870808e-02	0	
1.496713e+02	1471	8.189245e+01	6.910253e+00	1.496713e+02	1471	7.781580e-02	0	
1.497731e+02	1472	8.088465e+01	3.776709e+00	1.497731e+02	1472	4.460960e-02	0	
1.498748e+02	1473	9.617721e+01	1.508679e-01	1.498748e+02	1473	1.566188e-03	0	
1.499766e+02	1474	5.562543e+01	2.382735e+01	1.499766e+02	1474	2.998932e-01	0	
1.500783e+02	1475	7.825779e+01	6.703185e+00	1.500783e+02	1475	7.889722e-02	0	
1.501800e+02	1476	6.710053e+01	7.839599e+00	1.501800e+02	1476	1.046115e-01	0	
1.502818e+02	1477	1.116461e+02	-5.350840e+00	1.502818e+02	1477	-5.033940e-02	0	
1.503835e+02	1478	9.347081e+01	-2.576078e+00	1.503835e+02	1478	-2.834133e-02	0	
1.504853e+02	1479	1.051093e+02	-7.737964e+00	1.504853e+02	1479	-7.946860e-02	0	
1.505870e+02	1480	8.743354e+01	7.460421e+00	1.505870e+02	1480	7.861850e-02	0	
1.506888e+02	1481	1.102696e+02	9.667581e+00	1.506888e+02	1481	8.060537e-02	0	
1.507905e+02	1482	1.242336e+02	-3.388722e+00	1.507905e+02	1482	-2.804192e-02	0	
1.508923e+02	1483	1.278628e+02	3.309470e+01	1.508923e+02	1483	2.056114e-01	0	
1.509940e+02	1484	1.078997e+02	9.037744e+00	1.509940e+02	1484	7.728700e-02	0	
1.510958e+02	1485	1.077444e+02	-3.009332e+00	1.510958e+02	1485	-2.873280e-02	0	
1.511975e+02	1486	1.254438e+02	2.877701e+01	1.511975e+02	1486	1.865962e-01	0	
1.512993e+02	1487	1.042935e+02	-2.335524e-01	1.512993e+02	1487	-2.244402e-03	0	
1.514010e+02	1488	1.198918e+02	1.976718e+01	1.514010e+02	1488	1.415389e-01	0	
1.515028e+02	1489	1.146501e+02	1.365974e+01	1.515028e+02	1489	1.064590e-01	0	
1.516045e+02	1490	1.278256e+02	3.453643e+01	1.516045e+02	1490	2.127125e-01	0	
1.517063e+02	1491	9.525082e+01	3.106625e-01	1.517063e+02	1491	3.250918e-03	0	
1.518080e+02	1492	1.331670e+02	3.411737e+01	1.518080e+02	1492	2.039483e-01	0	
1.519098e+02	1493	1.210098e+02	2.247485e+01	1.519098e+02	1493	1.566359e-01	0	
1.520115e+02	1494	9.299229e+01	2.109979e+00	1.520115e+02	1494	2.218642e-02	0	
1.521133e+02	1495	7.239599e+01	-5.884400e+00	1.521133e+02	1495	-8.847180e-02	0	
1.522150e+02	1496	9.487598e+01	7.696764e+00	1.522150e+02	1496	7.503713e-02	0	
1.523168e+02	1497	1.118471e+02	1.029552e+01	1.523168e+02	1497	8.429097e-02	0	
1.524185e+02	1498	9.732085e+01	1.300037e+00	1.524185e+02	1498	1.318217e-02	0	
1.525203e+02	1499	1.122940e+02	8.842783e+00	1.525203e+02	1499	7.299833e-02	0	
1.526220e+02	1500	9.557749e+01	5.993360e+00	1.526220e+02	1500	5.900669e-02	0	
1.527237e+02	1501	1.079632e+02	8.698441e+00	1.527237e+02	1501	7.456128e-02	0	
1.528255e+02	1502	1.028117e+02	4.416869e+00	1.528255e+02	1502	4.119116e-02	0	
1.529272e+02	1503	9.648911e+01	2.184035e+01	1.529272e+02	1503	1.845724e-01	0	
1.530290e+02	1504	9.950171e+01	6.292804e+00	1.530290e+02	1504	5.948138e-02	0	
1.531307e+02	1505	1.003839e+02	8.367601e+00	1.531307e+02	1505	7.694240e-02	0	
1.532325e+02	1506	1.264498e+02	2.308300e+01	1.532325e+02	1506	1.543675e-01	0	
1.533342e+02	1507	1.083370e+02	4.562537e+01	1.533342e+02	1507	2.963410e-01	0	
1.534360e+02	1508	1.142577e+02	8.853345e+00	1.534360e+02	1508	7.191349e-02	0	
1.535377e+02	1509	1.253056e+02	2.536108e+01	1.535377e+02	1509	1.683257e-01	0	
1.536395e+02	1510	1.129105e+02	1.788564e+01	1.536395e+02	1510	1.367444e-01	0	
1.537412e+02	1511	1.165468e+02	2.288634e+01	1.537412e+02	1511	1.641385e-01	0	
1.538430e+02	1512	1.182649e+02	1.571676e+01	1.538430e+02	1512	1.173053e-01	0	
1.539447e+02	1513	1.137652e+02	1.999901e+01	1.539447e+02	1513	1.495094e-01	0	
1.540465e+02	1514	1.134167e+02	1.519441e+01	1.540465e+02	1514	1.181423e-01	0	
1.541482e+02	1515	1.246548e+02	1.379057e+01	1.541482e+02	1515	9.961019e-02	0	
1.542500e+02	1516	1.141553e+02	2.217730e+01	1.542500e+02	1516	1.626706e-01	0	
1.543517e+02	1517	9.260959e+01	1.059214e+01	1.543517e+02	1517	1.026353e-01	0	
1.544535e+02	1518	1.218797e+02	1.676261e+01	1.544535e+02	1518	1.209054e-01	0	
1.545552e+02	1519	8.967947e+01	8.894750e+00	1.545552e+02	1519	9.023404e-02	0	
1.546570e+02	1520	9.076350e+01	1.092477e+01	1.546570e+02	1520	1.074339e-01	0	
1.547587e+02	1521	9.841756e+01	1.107475e+01	1.547587e+02	1521	1.011464e-01	0	
1.548605e+02	1522	1.046532e+02	1.161234e+01	1.548605e+02	1522	9.987775e-02	0	
1.549622e+02	1523	1.080217e+02	1.261670e+01	1.549622e+02	1523	1.045828e-01	0	
1.550640e+02	1524	1.126436e+02	2.704543e+00	1.550640e+02	1524	2.344678e-02	0	
1.551657e+02	1525	9.381376e+01	1.031427e+01	1.551657e+02	1525	9.905373e-02	0	
1.552674e+02	1526	1.032214e+02	2.040438e+01	1.552674e+02	1526	1.650496e-01	0	
1.553692e+02	1527	1.331882e+02	1.091591e+00	1.553692e+02	1527	8.129228e-03	0	
1.554709e+02	1528	1.245963e+02	-2.128944e+00	1.554709e+02	1528	-1.738377e-02	0	
1.555727e+02	1529	1.101673e+02	9.926904e+00	1.555727e+02	1529	8.265931e-02	0	
1.556744e+02	1530	1.003476e+02	1.118951e+01	1.556744e+02	1530	1.003210e-01	0	
1.557762e+02	1531	1.195332e+02	-1.957732e+00	1.557762e+02	1531	-1.665085e-02	0	
1.558779e+02	1532	1.481717e+02	-7.538175e+00	1.558779e+02	1532	-5.360155e-02	0	
1.559797e+02	1533	1.220762e+02	-1.689037e+01	1.559797e+02	1533	-1.605765e-01	0	
1.560814e+02	1534	1.181797e+02	-1.698798e+01	1.560814e+02	1534	-1.678792e-01	0	
1.561832e+02	1535	1.227652e+02	-7.715278e+00	1.561832e+02	1535	-6.706026e-02	0	
1.562849e+02	1536	1.113895e+02	-8.704310e+00	1.562849e+02	1536	-8.476695e-02	0	
1.563867e+02	1537	1.117494e+02	-1.014127e+01	1.563867e+02	1537	-9.980766e-02	0	
1.564884e+02	1538	1.235697e+02	-3.022114e+01	1.564884e+02	1538	-3.237451e-01	0	
1.565902e+02	1539	1.185502e+02	-1.728740e+01	1.565902e+02	1539	-1.707182e-01	0	
1.566919e+02	1540	1.348071e+02	-2.401817e+01	1.566919e+02	1540	-2.167921e-01	0	
1.567937e+02	1541	1.138078e+02	1.661463e+00	1.567937e+02	1541	1.438879e-02	0	
1.568954e+02	1542	1.213181e+02	-2.018831e+01	1.568954e+02	1542	-1.996277e-01	0	
1.569972e+02	1543	9.240292e+01	3.052898e+01	1.569972e+02	1543	2.483406e-01	0	
1.570989e+02	1544	8.201275e+01	1.512446e+01	1.570989e+02	1544	1.557020e-01	0	
1.572007e+02	1545	8.057334e+01	2.307515e+01	1.572007e+02	1545	2.226289e-01	0	
1.573024e+02	1546	1.568824e+02	-8.560476e+00	1.573024e+02	1546	-5.771551e-02	0	
1.574042e+02	1547	1.253947e+02	-6.246561e+00	1.574042e+02	1547	-5.242684e-02	0	
1.575059e+02	1548	1.080189e+02	-2.385531e+00	1.575059e+02	1548	-2.258312e-02	0	
1.576077e+02	1549	6.729093e+01	-3.890613e+00	1.576077e+02	1549	-6.136583e-02	0	
1.577094e+02	1550	7.463803e+01	-7.711004e+00	1.577094e+02	1550	-1.152151e-01	0	
1.578111e+02	1551	6.812064e+01	-4.460865e+00	1.578111e+02	1551	-7.007353e-02	0	
1.579129e+02	1552	3.946771e+01	-3.151914e+01	1.579129e+02	1552	-3.965385e+00	0	
1.580146e+02	1553	5.182048e+01	-3.311478e+00	1.580146e+02	1553	-6.826523e-02	0	
1.581164e+02	1554	3.556332e+01	-2.249772e+01	1.581164e+02	1554	-1.721905e+00	0	
1.582181e+02	1555	4.164597e+01	-3.021043e+01	1.582181e+02	1555	-2.641802e+00	0	
1.583199e+02	1556	5.325039e+01	-9.338798e+00	1.583199e+02	1556	-2.126727e-01	0	
1.584216e+02	1557	7.565123e+01	1.829717e+01	1.584216e+02	1557	1.947577e-01	0	
1.585234e+02	1558	1.330615e+02	-2.216178e+01	1.585234e+02	1558	-1.998362e-01	0	
1.586251e+02	1559	1.466251e+02	-1.557276e+01	1.586251e+02	1559	-1.188286e-01	0	
1.587269e+02	1560	1.405470e+02	-1.701180e+01	1.587269e+02	1560	-1.377081e-01	0	
1.588286e+02	1561	1.344904e+02	2.297493e+01	1.588286e+02	1561	1.459047e-01	0	
1.589304e+02	1562	1.307477e+02	9.058866e+00	1.589304e+02	1562	6.479571e-02	0	
1.590321e+02	1563	1.352670e+02	7.688584e+00	1.590321e+02	1563	5.378303e-02	0	
1.591339e+02	1564	1.350735e+02	1.074148e-01	1.591339e+02	1564	7.946003e-04	0	
1.592356e+02	1565	1.080274e+02	2.931690e+01	1.592356e+02	1565	2.134555e-01	0	
1.593374e+02	1566	1.242661e+02	3.734378e+01	1.593374e+02	1566	2.310736e-01	0	
1.594391e+02	1567	1.322864e+02	2.692997e+01	1.594391e+02	1567	1.691407e-01	0	
1.595409e+02	1568	1.161309e+02	2.626751e+01	1.595409e+02	1568	1.844649e-01	0	
1.596426e+02	1569	1.003713e+02	1.755049e+01	1.596426e+02	1569	1.488316e-01	0	
1.597444e+02	1570	9.801432e+01	1.655955e+01	1.597444e+02	1570	1.445316e-01	0	
1.598461e+02	1571	1.256301e+02	3.144530e+01	1.598461e+02	1571	2.001924e-01	0	
1.599479e+02	1572	1.089869e+02	-4.929749e+00	1.599479e+02	1572	-4.737540e-02	0	
1.600496e+02	1573	1.050909e+02	2.357177e+01	1.600496e+02	1573	1.832060e-01	0	
1.601514e+02	1574	1.013192e+02	1.151153e+00	1.601514e+02	1574	1.123401e-02	0	
1.602531e+02	1575	1.232822e+02	2.127392e+01	1.602531e+02	1575	1.471672e-01	0	
1.603548e+02	1576	1.241584e+02	1.610107e+00	1.603548e+02	1576	1.280215e-02	0	
1.604566e+02	1577	1.088676e+02	-4.683153e+00	1.604566e+02	1577	-4.495060e-02	0	
1.605583e+02	1578	1.269540e+02	8.001449e+00	1.605583e+02	1578	5.928956e-02	0	
1.606601e+02	1579	1.263183e+02	-5.267829e+00	1.606601e+02	1579	-4.351762e-02	0	
1.607618e+02	1580	1.193102e+02	9.919328e+00	1.607618e+02	1580	7.675744e-02	0	
1.608636e+02	1581	1.279924e+02	-7.630476e+00	1.608636e+02	1581	-6.339610e-02	0	
1.609653e+02	1582	1.251390e+02	-3.603807e+00	1.609653e+02	1582	-2.965237e-02	0	
1.610671e+02	1583	1.272527e+02	3.277864e+01	1.610671e+02	1583	2.048264e-01	0	
1.611688e+02	1584	1.217045e+02	-1.027405e+00	1.611688e+02	1584	-8.513670e-03	0	
1.612706e+02	1585	1.650738e+02	4.542061e+00	1.612706e+02	1585	2.677852e-02	0	
1.613723e+02	1586	1.372643e+02	1.525393e+00	1.613723e+02	1586	1.099068e-02	0	
1.614741e+02	1587	1.266717e+02	1.023687e+01	1.614741e+02	1587	7.477158e-02	0	
1.615758e+02	1588	1.295268e+02	-6.482941e-01	1.615758e+02	1588	-5.030273e-03	0	
1.616776e+02	1589	1.334546e+02	1.395441e+01	1.616776e+02	1589	9.466457e-02	0	
1.617793e+02	1590	1.293492e+02	1.567989e+01	1.617793e+02	1590	1.081155e-01	0	
1.618811e+02	1591	1.326129e+02	1.804026e+00	1.618811e+02	1591	1.342112e-02	0	
1.619828e+02	1592	1.353396e+02	1.326829e+01	1.619828e+02	1592	8.928389e-02	0	
1.620846e+02	1593	1.406746e+02	5.898971e+00	1.620846e+02	1593	4.024580e-02	0	
1.621863e+02	1594	1.410526e+02	-7.579272e+00	1.621863e+02	1594	-5.678492e-02	0	
1.622881e+02	1595	1.461043e+02	9.503549e+00	1.622881e+02	1595	6.107371e-02	0	
1.623898e+02	1596	1.308786e+02	-1.853893e+00	1.623898e+02	1596	-1.436851e-02	0	
1.624916e+02	1597	1.292671e+02	-1.012068e+01	1.624916e+02	1597	-8.494322e-02	0	
1.625933e+02	1598	1.578596e+02	-1.174509e+00	1.625933e+02	1598	-7.495984e-03	0	
1.626951e+02	1599	1.419411e+02	2.894161e+01	1.626951e+02	1599	1.693654e-01	0	
1.627968e+02	1600	1.280309e+02	6.310764e+00	1.627968e+02	1600	4.697548e-02	0	
1.628985e+02	1601	1.580837e+02	9.800039e+00	1.628985e+02	1601	5.837396e-02	0	
1.630003e+02	1602	1.493409e+02	1.963060e+00	1.630003e+02	1602	1.297428e-02	0	
1.631020e+02	1603	1.133130e+02	3.635092e+00	1.631020e+02	1603	3.108295e-02	0	
1.632038e+02	1604	1.399828e+02	8.003114e+00	1.632038e+02	1604	5.408024e-02	0	
1.633055e+02	1605	1.258321e+02	1.264913e+01	1.633055e+02	1605	9.134184e-02	0	
1.634073e+02	1606	1.527926e+02	6.533746e+00	1.634073e+02	1606	4.100857e-02	0	
1.635090e+02	1607	1.070661e+02	9.132228e+00	1.635090e+02	1607	7.859173e-02	0	
1.636108e+02	1608	5.835932e+01	-3.293864e+00	1.636108e+02	1608	-5.981725e-02	0	
1.637125e+02	1609	1.613623e+02	2.614899e+01	1.637125e+02	1609	1.394529e-01	0	
1.638143e+02	1610	1.232843e+02	1.699716e+01	1.638143e+02	1610	1.211647e-01	0	
1.639160e+02	1611	1.129873e+02	1.129395e+00	1.639160e+02	1611	9.896843e-03	0	
1.640178e+02	1612	9.825833e+01	8.707575e+00	1.640178e+02	1612	8.140514e-02	0	
1.641195e+02	1613	1.161434e+02	7.081935e+00	1.641195e+02	1613	5.747142e-02	0	
