time at 532nm	frame at 532nm	I_1 at 532nm(counts)	I_2 at 532nm(counts)	time at 532nm	frame at 532nm	FRET_1>2	discr.FRET_1>2	
1.017480e-01	1	2.255771e+02	6.591226e+02	1.017480e-01	1	7.450241e-01	7.000000e-01	
2.034960e-01	2	2.255771e+02	6.591226e+02	2.034960e-01	2	7.450241e-01	7.000000e-01	
3.052440e-01	3	2.248620e+02	6.531217e+02	3.052440e-01	3	7.438882e-01	7.000000e-01	
4.069920e-01	4	2.284174e+02	6.267964e+02	4.069920e-01	4	7.329119e-01	7.000000e-01	
5.087400e-01	5	2.343711e+02	6.195176e+02	5.087400e-01	5	7.255250e-01	7.000000e-01	
6.104880e-01	6	2.079544e+02	6.545898e+02	6.104880e-01	6	7.589058e-01	7.000000e-01	
7.122360e-01	7	2.520508e+02	6.577845e+02	7.122360e-01	7	7.229710e-01	7.000000e-01	
8.139840e-01	8	2.476352e+02	6.346203e+02	8.139840e-01	8	7.193158e-01	7.000000e-01	
9.157320e-01	9	2.205316e+02	6.154124e+02	9.157320e-01	9	7.361885e-01	7.000000e-01	
1.017480e+00	10	2.469394e+02	5.736780e+02	1.017480e+00	10	6.990810e-01	7.000000e-01	
1.119228e+00	11	2.436985e+02	6.600899e+02	1.119228e+00	11	7.303589e-01	7.000000e-01	
1.220976e+00	12	2.626025e+02	6.149038e+02	1.220976e+00	12	7.007400e-01	7.000000e-01	
1.322724e+00	13	2.513261e+02	6.161818e+02	1.322724e+00	13	7.102896e-01	7.000000e-01	
1.424472e+00	14	2.019837e+02	5.513565e+02	1.424472e+00	14	7.318825e-01	7.000000e-01	
1.526220e+00	15	2.366870e+02	6.945353e+02	1.526220e+00	15	7.458319e-01	7.000000e-01	
1.627968e+00	16	2.343870e+02	6.765808e+02	1.627968e+00	16	7.427055e-01	7.000000e-01	
1.729716e+00	17	2.237829e+02	6.575695e+02	1.729716e+00	17	7.460915e-01	7.000000e-01	
1.831464e+00	18	2.276430e+02	6.509762e+02	1.831464e+00	18	7.409082e-01	7.000000e-01	
1.933212e+00	19	2.002212e+02	7.218181e+02	1.933212e+00	19	7.828496e-01	7.000000e-01	
2.034960e+00	20	2.435352e+02	6.410218e+02	2.034960e+00	20	7.246812e-01	7.000000e-01	
2.136708e+00	21	2.350330e+02	6.686781e+02	2.136708e+00	21	7.399246e-01	7.000000e-01	
2.238456e+00	22	1.708445e+02	5.049634e+02	2.238456e+00	22	7.471996e-01	7.000000e-01	
2.340204e+00	23	1.666360e+02	4.995657e+02	2.340204e+00	23	7.498715e-01	7.000000e-01	
2.441952e+00	24	1.773493e+02	4.971114e+02	2.441952e+00	24	7.370502e-01	7.000000e-01	
2.543700e+00	25	1.752794e+02	5.034275e+02	2.543700e+00	25	7.417451e-01	7.000000e-01	
2.645448e+00	26	1.820989e+02	5.158300e+02	2.645448e+00	26	7.390867e-01	7.000000e-01	
2.747196e+00	27	1.586224e+02	4.998217e+02	2.747196e+00	27	7.590951e-01	7.000000e-01	
2.848944e+00	28	1.769840e+02	5.388602e+02	2.848944e+00	28	7.527618e-01	7.000000e-01	
2.950692e+00	29	1.899747e+02	4.565202e+02	2.950692e+00	29	7.061466e-01	7.000000e-01	
3.052440e+00	30	1.768380e+02	5.306672e+02	3.052440e+00	30	7.500541e-01	7.000000e-01	
3.154188e+00	31	1.692765e+02	5.775172e+02	3.154188e+00	31	7.733290e-01	7.000000e-01	
3.255936e+00	32	1.841887e+02	5.553253e+02	3.255936e+00	32	7.509328e-01	7.000000e-01	
3.357684e+00	33	1.642070e+02	5.189482e+02	3.357684e+00	33	7.596344e-01	7.000000e-01	
3.459432e+00	34	1.839059e+02	5.421633e+02	3.459432e+00	34	7.467102e-01	7.000000e-01	
3.561180e+00	35	1.726637e+02	5.480430e+02	3.561180e+00	35	7.604245e-01	7.000000e-01	
3.662928e+00	36	1.623174e+02	5.812237e+02	3.662928e+00	36	7.816968e-01	7.000000e-01	
3.764676e+00	37	1.743302e+02	5.783692e+02	3.764676e+00	37	7.683933e-01	7.000000e-01	
3.866424e+00	38	1.638991e+02	5.608394e+02	3.866424e+00	38	7.738507e-01	7.000000e-01	
3.968172e+00	39	1.660772e+02	5.943354e+02	3.968172e+00	39	7.815959e-01	7.000000e-01	
4.069920e+00	40	1.767652e+02	5.833633e+02	4.069920e+00	40	7.674535e-01	7.000000e-01	
4.171668e+00	41	1.787550e+02	5.677290e+02	4.171668e+00	41	7.605374e-01	7.000000e-01	
4.273416e+00	42	1.666774e+02	5.802296e+02	4.273416e+00	42	7.768432e-01	7.000000e-01	
4.375164e+00	43	1.528855e+02	5.826386e+02	4.375164e+00	43	7.921407e-01	7.000000e-01	
4.476912e+00	44	1.474323e+02	5.937326e+02	4.476912e+00	44	8.010803e-01	7.000000e-01	
4.578660e+00	45	1.487125e+02	6.006117e+02	4.578660e+00	45	8.015378e-01	7.000000e-01	
4.680408e+00	46	1.673553e+02	5.705517e+02	4.680408e+00	46	7.732027e-01	7.000000e-01	
4.782156e+00	47	1.574090e+02	5.632340e+02	4.782156e+00	47	7.815715e-01	7.000000e-01	
4.883904e+00	48	1.571602e+02	5.799001e+02	4.883904e+00	48	7.867743e-01	7.000000e-01	
4.985652e+00	49	1.497319e+02	5.874371e+02	4.985652e+00	49	7.968825e-01	7.000000e-01	
5.087400e+00	50	1.575170e+02	5.675849e+02	5.087400e+00	50	7.827657e-01	7.000000e-01	
5.189148e+00	51	1.569118e+02	6.771426e+02	5.189148e+00	51	8.118686e-01	7.000000e-01	
5.290896e+00	52	1.602249e+02	7.249809e+02	5.290896e+00	52	8.189970e-01	7.000000e-01	
5.392644e+00	53	1.643100e+02	7.169202e+02	5.392644e+00	53	8.135447e-01	7.000000e-01	
5.494392e+00	54	1.436841e+02	7.127805e+02	5.494392e+00	54	8.322358e-01	7.000000e-01	
5.596140e+00	55	1.488826e+02	5.686770e+02	5.596140e+00	55	7.925154e-01	7.000000e-01	
5.697888e+00	56	1.551790e+02	6.490843e+02	5.697888e+00	56	8.070545e-01	7.000000e-01	
5.799636e+00	57	1.660887e+02	6.484998e+02	5.799636e+00	57	7.961072e-01	7.000000e-01	
5.901384e+00	58	2.040505e+02	6.299301e+02	5.901384e+00	58	7.553294e-01	7.000000e-01	
6.003132e+00	59	1.578624e+02	6.144155e+02	6.003132e+00	59	7.955886e-01	7.000000e-01	
6.104880e+00	60	1.529517e+02	6.099454e+02	6.104880e+00	60	7.995120e-01	7.000000e-01	
6.206628e+00	61	1.977781e+02	6.360392e+02	6.206628e+00	61	7.628040e-01	7.000000e-01	
6.308376e+00	62	2.130829e+02	6.452029e+02	6.308376e+00	62	7.517343e-01	7.000000e-01	
6.410124e+00	63	1.953672e+02	5.931860e+02	6.410124e+00	63	7.522460e-01	7.000000e-01	
6.511872e+00	64	1.770650e+02	6.032995e+02	6.511872e+00	64	7.730996e-01	7.000000e-01	
6.613620e+00	65	2.084194e+02	6.569255e+02	6.613620e+00	65	7.591488e-01	7.000000e-01	
6.715368e+00	66	1.873043e+02	6.771162e+02	6.715368e+00	66	7.833181e-01	7.000000e-01	
6.817116e+00	67	2.050598e+02	6.315554e+02	6.817116e+00	67	7.548935e-01	7.000000e-01	
6.918864e+00	68	1.596947e+02	6.854020e+02	6.918864e+00	68	8.110338e-01	7.000000e-01	
7.020612e+00	69	1.716951e+02	6.588011e+02	7.020612e+00	69	7.932620e-01	7.000000e-01	
7.122360e+00	70	1.501788e+02	6.498147e+02	7.122360e+00	70	8.122750e-01	7.000000e-01	
7.224108e+00	71	1.721433e+02	7.086179e+02	7.224108e+00	71	8.045517e-01	7.000000e-01	
7.325856e+00	72	1.649433e+02	6.124110e+02	7.325856e+00	72	7.878145e-01	7.000000e-01	
7.427604e+00	73	1.763908e+02	6.100754e+02	7.427604e+00	73	7.757173e-01	7.000000e-01	
7.529352e+00	74	1.771223e+02	6.714554e+02	7.529352e+00	74	7.912716e-01	7.000000e-01	
7.631100e+00	75	1.875568e+02	6.758042e+02	7.631100e+00	75	7.827597e-01	7.000000e-01	
7.732848e+00	76	1.739493e+02	5.911825e+02	7.732848e+00	76	7.726545e-01	7.000000e-01	
7.834596e+00	77	1.821442e+02	6.093062e+02	7.834596e+00	77	7.698602e-01	7.000000e-01	
7.936344e+00	78	1.888059e+02	6.009851e+02	7.936344e+00	78	7.609419e-01	7.000000e-01	
8.038092e+00	79	1.801467e+02	5.801456e+02	8.038092e+00	79	7.630560e-01	7.000000e-01	
8.139840e+00	80	1.859092e+02	6.124979e+02	8.139840e+00	80	7.671499e-01	7.000000e-01	
8.241588e+00	81	1.578743e+02	5.945898e+02	8.241588e+00	81	7.901903e-01	7.000000e-01	
8.343336e+00	82	1.662420e+02	5.700274e+02	8.343336e+00	82	7.742104e-01	7.000000e-01	
8.445084e+00	83	1.714998e+02	6.023781e+02	8.445084e+00	83	7.783891e-01	7.000000e-01	
8.546832e+00	84	1.754099e+02	6.185521e+02	8.546832e+00	84	7.790702e-01	7.000000e-01	
8.648580e+00	85	1.527111e+02	5.608857e+02	8.648580e+00	85	7.859981e-01	7.000000e-01	
8.750328e+00	86	1.546430e+02	5.424573e+02	8.750328e+00	86	7.781625e-01	7.000000e-01	
8.852076e+00	87	1.601623e+02	5.626532e+02	8.852076e+00	87	7.784188e-01	7.000000e-01	
8.953824e+00	88	1.777957e+02	5.432321e+02	8.953824e+00	88	7.534135e-01	7.000000e-01	
9.055572e+00	89	1.557670e+02	5.399559e+02	9.055572e+00	89	7.761077e-01	7.000000e-01	
9.157320e+00	90	1.667366e+02	5.319993e+02	9.157320e+00	90	7.613739e-01	7.000000e-01	
9.259068e+00	91	1.706863e+02	5.792295e+02	9.259068e+00	91	7.723927e-01	7.000000e-01	
9.360816e+00	92	1.495827e+02	5.662135e+02	9.360816e+00	92	7.910261e-01	7.000000e-01	
9.462564e+00	93	1.737300e+02	5.853539e+02	9.462564e+00	93	7.711320e-01	7.000000e-01	
9.564312e+00	94	1.642287e+02	5.405849e+02	9.564312e+00	94	7.669899e-01	7.000000e-01	
9.666060e+00	95	1.633897e+02	5.644958e+02	9.666060e+00	95	7.755283e-01	7.000000e-01	
9.767808e+00	96	1.599738e+02	5.723883e+02	9.767808e+00	96	7.815646e-01	7.000000e-01	
9.869556e+00	97	1.738495e+02	6.068495e+02	9.869556e+00	97	7.773156e-01	7.000000e-01	
9.971304e+00	98	1.734424e+02	5.832266e+02	9.971304e+00	98	7.707817e-01	7.000000e-01	
1.007305e+01	99	1.832001e+02	6.327831e+02	1.007305e+01	99	7.754855e-01	7.000000e-01	
1.017480e+01	100	1.540446e+02	6.116161e+02	1.017480e+01	100	7.988083e-01	7.000000e-01	
1.027655e+01	101	1.651716e+02	5.935739e+02	1.027655e+01	101	7.823096e-01	7.000000e-01	
1.037830e+01	102	1.796152e+02	6.063779e+02	1.037830e+01	102	7.714799e-01	7.000000e-01	
1.048004e+01	103	1.772018e+02	6.231994e+02	1.048004e+01	103	7.786088e-01	7.000000e-01	
1.058179e+01	104	1.603716e+02	5.682153e+02	1.058179e+01	104	7.798868e-01	7.000000e-01	
1.068354e+01	105	1.741625e+02	7.409188e+02	1.068354e+01	105	8.096754e-01	7.000000e-01	
1.078529e+01	106	2.216422e+02	7.160010e+02	1.078529e+01	106	7.636178e-01	7.000000e-01	
1.088704e+01	107	1.629973e+02	5.487128e+02	1.088704e+01	107	7.709780e-01	7.000000e-01	
1.098878e+01	108	1.831256e+02	6.351153e+02	1.098878e+01	108	7.761960e-01	7.000000e-01	
1.109053e+01	109	1.587483e+02	4.618588e+02	1.109053e+01	109	7.442048e-01	7.000000e-01	
1.119228e+01	110	1.362240e+02	4.129661e+02	1.119228e+01	110	7.519547e-01	7.000000e-01	
1.129403e+01	111	1.501659e+02	4.772207e+02	1.129403e+01	111	7.606485e-01	7.000000e-01	
1.139578e+01	112	1.661789e+02	4.375515e+02	1.139578e+01	112	7.247465e-01	7.000000e-01	
1.149752e+01	113	1.575133e+02	4.933815e+02	1.149752e+01	113	7.580050e-01	7.000000e-01	
1.159927e+01	114	1.798206e+02	4.270291e+02	1.159927e+01	114	7.036818e-01	7.000000e-01	
1.170102e+01	115	1.491836e+02	4.780336e+02	1.170102e+01	115	7.621500e-01	7.000000e-01	
1.180277e+01	116	1.602254e+02	4.417050e+02	1.180277e+01	116	7.338141e-01	7.000000e-01	
1.190452e+01	117	1.507579e+02	4.156343e+02	1.190452e+01	117	7.338277e-01	7.000000e-01	
1.200626e+01	118	1.703056e+02	4.273891e+02	1.200626e+01	118	7.150626e-01	7.000000e-01	
1.210801e+01	119	1.841999e+02	4.125475e+02	1.210801e+01	119	6.913268e-01	7.000000e-01	
1.220976e+01	120	1.752642e+02	4.606029e+02	1.220976e+01	120	7.243698e-01	7.000000e-01	
1.231151e+01	121	1.841255e+02	3.928289e+02	1.231151e+01	121	6.808665e-01	7.000000e-01	
1.241326e+01	122	1.866575e+02	5.160945e+02	1.241326e+01	122	7.343907e-01	7.000000e-01	
1.251500e+01	123	1.765448e+02	5.042191e+02	1.251500e+01	123	7.406666e-01	7.000000e-01	
1.261675e+01	124	1.765456e+02	4.852641e+02	1.261675e+01	124	7.332381e-01	7.000000e-01	
1.271850e+01	125	1.868299e+02	5.168224e+02	1.271850e+01	125	7.344855e-01	7.000000e-01	
1.282025e+01	126	1.826026e+02	4.493737e+02	1.282025e+01	126	7.110610e-01	7.000000e-01	
1.292200e+01	127	1.850262e+02	5.080450e+02	1.292200e+01	127	7.330344e-01	7.000000e-01	
1.302374e+01	128	1.766871e+02	5.157114e+02	1.302374e+01	128	7.448188e-01	7.000000e-01	
1.312549e+01	129	1.752260e+02	4.767476e+02	1.312549e+01	129	7.312376e-01	7.000000e-01	
1.322724e+01	130	1.615957e+02	5.139264e+02	1.322724e+01	130	7.607840e-01	7.000000e-01	
1.332899e+01	131	1.753083e+02	5.151869e+02	1.332899e+01	131	7.461122e-01	7.000000e-01	
1.343074e+01	132	1.677645e+02	5.225842e+02	1.343074e+01	132	7.569859e-01	7.000000e-01	
1.353248e+01	133	1.739428e+02	4.747225e+02	1.353248e+01	133	7.318451e-01	7.000000e-01	
1.363423e+01	134	1.751350e+02	5.531540e+02	1.363423e+01	134	7.595254e-01	7.000000e-01	
1.373598e+01	135	1.609744e+02	4.878182e+02	1.373598e+01	135	7.518862e-01	7.000000e-01	
1.383773e+01	136	1.762220e+02	5.208725e+02	1.383773e+01	136	7.472050e-01	7.000000e-01	
1.393948e+01	137	1.686172e+02	5.448415e+02	1.393948e+01	137	7.636623e-01	7.000000e-01	
1.404122e+01	138	1.677263e+02	5.210291e+02	1.404122e+01	138	7.564792e-01	7.000000e-01	
1.414297e+01	139	1.745672e+02	5.518143e+02	1.414297e+01	139	7.596756e-01	7.000000e-01	
1.424472e+01	140	1.652257e+02	5.271464e+02	1.424472e+01	140	7.613629e-01	7.000000e-01	
1.434647e+01	141	1.802010e+02	5.685534e+02	1.434647e+01	141	7.593323e-01	7.000000e-01	
1.444822e+01	142	1.797318e+02	5.754193e+02	1.444822e+01	142	7.619923e-01	7.000000e-01	
1.454996e+01	143	1.667866e+02	6.185277e+02	1.454996e+01	143	7.876180e-01	7.000000e-01	
1.465171e+01	144	1.849347e+02	5.737876e+02	1.465171e+01	144	7.562551e-01	7.000000e-01	
1.475346e+01	145	1.929491e+02	5.929203e+02	1.475346e+01	145	7.544769e-01	7.000000e-01	
1.485521e+01	146	1.670648e+02	6.143014e+02	1.485521e+01	146	7.861889e-01	7.000000e-01	
1.495696e+01	147	1.866610e+02	5.283430e+02	1.495696e+01	147	7.389371e-01	7.000000e-01	
1.505870e+01	148	1.897711e+02	6.271041e+02	1.505870e+01	148	7.676865e-01	7.000000e-01	
1.516045e+01	149	1.553502e+02	5.145225e+02	1.516045e+01	149	7.680900e-01	7.000000e-01	
1.526220e+01	150	1.628450e+02	5.140425e+02	1.526220e+01	150	7.594209e-01	7.000000e-01	
1.536395e+01	151	1.528141e+02	4.924943e+02	1.536395e+01	151	7.631921e-01	7.000000e-01	
1.546570e+01	152	1.459318e+02	4.890809e+02	1.546570e+01	152	7.701907e-01	7.000000e-01	
1.556744e+01	153	1.713043e+02	5.235871e+02	1.556744e+01	153	7.534805e-01	7.000000e-01	
1.566919e+01	154	1.664749e+02	5.718538e+02	1.566919e+01	154	7.745247e-01	7.000000e-01	
1.577094e+01	155	1.599737e+02	5.050302e+02	1.577094e+01	155	7.594395e-01	7.000000e-01	
1.587269e+01	156	1.729201e+02	6.293227e+02	1.587269e+01	156	7.844542e-01	7.000000e-01	
1.597444e+01	157	1.746554e+02	6.403560e+02	1.597444e+01	157	7.857019e-01	7.000000e-01	
1.607618e+01	158	1.509536e+02	6.526591e+02	1.607618e+01	158	8.121563e-01	7.000000e-01	
1.617793e+01	159	1.814318e+02	5.072472e+02	1.617793e+01	159	7.365510e-01	7.000000e-01	
1.627968e+01	160	1.908609e+02	4.880367e+02	1.627968e+01	160	7.188664e-01	7.000000e-01	
1.638143e+01	161	1.746776e+02	4.843137e+02	1.638143e+01	161	7.349319e-01	7.000000e-01	
1.648318e+01	162	1.935353e+02	4.742376e+02	1.648318e+01	162	7.101780e-01	7.000000e-01	
1.658492e+01	163	1.913229e+02	4.901498e+02	1.658492e+01	163	7.192508e-01	7.000000e-01	
1.668667e+01	164	1.674236e+02	5.366350e+02	1.668667e+01	164	7.622022e-01	7.000000e-01	
1.678842e+01	165	1.557520e+02	6.273208e+02	1.678842e+01	165	8.011015e-01	7.000000e-01	
1.689017e+01	166	1.800394e+02	5.369918e+02	1.689017e+01	166	7.489099e-01	7.000000e-01	
1.699192e+01	167	1.585238e+02	5.517575e+02	1.699192e+01	167	7.768155e-01	7.000000e-01	
1.709366e+01	168	1.821494e+02	5.415325e+02	1.709366e+01	168	7.483018e-01	7.000000e-01	
1.719541e+01	169	1.669612e+02	6.244985e+02	1.719541e+01	169	7.890465e-01	7.000000e-01	
1.729716e+01	170	1.449420e+02	6.034057e+02	1.729716e+01	170	8.063173e-01	7.000000e-01	
1.739891e+01	171	1.812981e+02	5.754113e+02	1.739891e+01	171	7.604125e-01	7.000000e-01	
1.750066e+01	172	1.592487e+02	5.709880e+02	1.750066e+01	172	7.819218e-01	7.000000e-01	
1.760240e+01	173	1.521893e+02	5.692528e+02	1.760240e+01	173	7.890485e-01	7.000000e-01	
1.770415e+01	174	1.737289e+02	5.566662e+02	1.770415e+01	174	7.621439e-01	7.000000e-01	
1.780590e+01	175	1.595652e+02	5.318615e+02	1.780590e+01	175	7.692233e-01	7.000000e-01	
1.790765e+01	176	1.754633e+02	5.710576e+02	1.790765e+01	176	7.649586e-01	7.000000e-01	
1.800940e+01	177	1.744169e+02	5.264006e+02	1.800940e+01	177	7.511237e-01	7.000000e-01	
1.811114e+01	178	1.740890e+02	5.590169e+02	1.811114e+01	178	7.625323e-01	7.000000e-01	
1.821289e+01	179	1.694316e+02	5.246068e+02	1.821289e+01	179	7.558758e-01	7.000000e-01	
1.831464e+01	180	1.776387e+02	5.809928e+02	1.831464e+01	180	7.658432e-01	7.000000e-01	
1.841639e+01	181	1.739982e+02	5.600488e+02	1.841639e+01	181	7.629604e-01	7.000000e-01	
1.851814e+01	182	1.746043e+02	5.347355e+02	1.851814e+01	182	7.538496e-01	7.000000e-01	
1.861988e+01	183	1.735760e+02	5.518296e+02	1.861988e+01	183	7.607187e-01	7.000000e-01	
1.872163e+01	184	1.990838e+02	6.344715e+02	1.872163e+01	184	7.611631e-01	7.000000e-01	
1.882338e+01	185	1.807815e+02	6.815092e+02	1.882338e+01	185	7.903474e-01	7.000000e-01	
1.892513e+01	186	1.997193e+02	6.960870e+02	1.892513e+01	186	7.770508e-01	7.000000e-01	
1.902688e+01	187	1.970020e+02	6.798457e+02	1.902688e+01	187	7.753293e-01	7.000000e-01	
1.912862e+01	188	1.438684e+02	4.930474e+02	1.912862e+01	188	7.741171e-01	7.000000e-01	
1.923037e+01	189	1.265460e+02	5.473037e+02	1.923037e+01	189	8.122044e-01	7.000000e-01	
1.933212e+01	190	1.453920e+02	5.951731e+02	1.933212e+01	190	8.036742e-01	7.000000e-01	
1.943387e+01	191	1.733952e+02	5.184602e+02	1.943387e+01	191	7.493765e-01	7.000000e-01	
1.953562e+01	192	1.798334e+02	6.663822e+02	1.953562e+01	192	7.874851e-01	7.000000e-01	
1.963736e+01	193	2.270637e+02	6.706877e+02	1.963736e+01	193	7.470751e-01	7.000000e-01	
1.973911e+01	194	1.763355e+02	6.466623e+02	1.973911e+01	194	7.857400e-01	7.000000e-01	
1.984086e+01	195	2.047503e+02	7.153060e+02	1.984086e+01	195	7.774589e-01	7.000000e-01	
1.994261e+01	196	1.577140e+02	6.410169e+02	1.994261e+01	196	8.025443e-01	7.000000e-01	
2.004436e+01	197	1.852488e+02	6.573501e+02	2.004436e+01	197	7.801459e-01	7.000000e-01	
2.014610e+01	198	1.673805e+02	6.223927e+02	2.014610e+01	198	7.880651e-01	7.000000e-01	
2.024785e+01	199	1.366139e+02	5.905261e+02	2.024785e+01	199	8.121216e-01	7.000000e-01	
2.034960e+01	200	1.799749e+02	6.355522e+02	2.034960e+01	200	7.793146e-01	7.000000e-01	
2.045135e+01	201	1.794486e+02	6.591023e+02	2.045135e+01	201	7.860015e-01	7.000000e-01	
2.055310e+01	202	1.861112e+02	6.151887e+02	2.055310e+01	202	7.677384e-01	7.000000e-01	
2.065484e+01	203	1.823736e+02	6.428847e+02	2.065484e+01	203	7.790103e-01	7.000000e-01	
2.075659e+01	204	1.995845e+02	5.588224e+02	2.075659e+01	204	7.368372e-01	7.000000e-01	
2.085834e+01	205	1.972604e+02	6.625947e+02	2.085834e+01	205	7.705888e-01	7.000000e-01	
2.096009e+01	206	2.069895e+02	6.253055e+02	2.096009e+01	206	7.513027e-01	7.000000e-01	
2.106184e+01	207	2.007802e+02	6.213045e+02	2.106184e+01	207	7.557670e-01	7.000000e-01	
2.116358e+01	208	1.825324e+02	6.209600e+02	2.116358e+01	208	7.728262e-01	7.000000e-01	
2.126533e+01	209	1.858956e+02	6.611512e+02	2.126533e+01	209	7.805368e-01	7.000000e-01	
2.136708e+01	210	2.188584e+02	5.993636e+02	2.136708e+01	210	7.325195e-01	7.000000e-01	
2.146883e+01	211	2.067133e+02	5.744840e+02	2.146883e+01	211	7.353891e-01	7.000000e-01	
2.157058e+01	212	1.938733e+02	5.613494e+02	2.157058e+01	212	7.432899e-01	7.000000e-01	
2.167232e+01	213	2.049757e+02	6.228036e+02	2.167232e+01	213	7.523788e-01	7.000000e-01	
2.177407e+01	214	2.085881e+02	5.695541e+02	2.177407e+01	214	7.319409e-01	7.000000e-01	
2.187582e+01	215	2.015055e+02	6.037927e+02	2.187582e+01	215	7.497753e-01	7.000000e-01	
2.197757e+01	216	1.930759e+02	5.966324e+02	2.197757e+01	216	7.555099e-01	7.000000e-01	
2.207932e+01	217	2.056561e+02	5.853894e+02	2.207932e+01	217	7.400199e-01	7.000000e-01	
2.218106e+01	218	1.946794e+02	5.600913e+02	2.218106e+01	218	7.420682e-01	7.000000e-01	
2.228281e+01	219	1.822670e+02	6.034190e+02	2.228281e+01	219	7.680155e-01	7.000000e-01	
2.238456e+01	220	1.732949e+02	6.841361e+02	2.238456e+01	220	7.978906e-01	7.000000e-01	
2.248631e+01	221	1.829031e+02	5.902395e+02	2.248631e+01	221	7.634290e-01	7.000000e-01	
2.258806e+01	222	2.014142e+02	5.818945e+02	2.258806e+01	222	7.428674e-01	7.000000e-01	
2.268980e+01	223	1.804632e+02	6.303960e+02	2.268980e+01	223	7.774420e-01	7.000000e-01	
2.279155e+01	224	1.676481e+02	8.004433e+02	2.279155e+01	224	8.268262e-01	7.000000e-01	
2.289330e+01	225	1.736941e+02	6.582121e+02	2.289330e+01	225	7.912095e-01	7.000000e-01	
2.299505e+01	226	1.803733e+02	6.514102e+02	2.299505e+01	226	7.831487e-01	7.000000e-01	
2.309680e+01	227	1.822373e+02	6.623976e+02	2.309680e+01	227	7.842413e-01	7.000000e-01	
2.319854e+01	228	1.690485e+02	6.915207e+02	2.319854e+01	228	8.035620e-01	7.000000e-01	
2.330029e+01	229	1.790504e+02	6.506679e+02	2.330029e+01	229	7.842034e-01	7.000000e-01	
2.340204e+01	230	1.814513e+02	7.047764e+02	2.340204e+01	230	7.952543e-01	7.000000e-01	
2.350379e+01	231	1.941082e+02	7.734042e+02	2.350379e+01	231	7.993739e-01	7.000000e-01	
2.360554e+01	232	1.819066e+02	6.971198e+02	2.360554e+01	232	7.930590e-01	7.000000e-01	
2.370728e+01	233	2.105561e+02	5.667995e+02	2.370728e+01	233	7.291380e-01	7.000000e-01	
2.380903e+01	234	1.755380e+02	5.192774e+02	2.380903e+01	234	7.473602e-01	7.000000e-01	
2.391078e+01	235	2.016162e+02	5.614543e+02	2.391078e+01	235	7.357830e-01	7.000000e-01	
2.401253e+01	236	2.142945e+02	5.705648e+02	2.401253e+01	236	7.269644e-01	7.000000e-01	
2.411428e+01	237	1.688606e+02	5.752451e+02	2.411428e+01	237	7.730691e-01	7.000000e-01	
2.421602e+01	238	1.606806e+02	5.574880e+02	2.421602e+01	238	7.762634e-01	7.000000e-01	
2.431777e+01	239	1.785605e+02	5.501404e+02	2.431777e+01	239	7.549605e-01	7.000000e-01	
2.441952e+01	240	1.580406e+02	5.740475e+02	2.441952e+01	240	7.841235e-01	7.000000e-01	
2.452127e+01	241	1.692877e+02	5.317865e+02	2.452127e+01	241	7.585310e-01	7.000000e-01	
2.462302e+01	242	1.603541e+02	5.704903e+02	2.462302e+01	242	7.805906e-01	7.000000e-01	
2.472476e+01	243	1.687722e+02	5.199449e+02	2.472476e+01	243	7.549470e-01	7.000000e-01	
2.482651e+01	244	2.004523e+02	6.189501e+02	2.482651e+01	244	7.553677e-01	7.000000e-01	
2.492826e+01	245	1.632200e+02	6.528480e+02	2.492826e+01	245	7.999922e-01	7.000000e-01	
2.503001e+01	246	1.896414e+02	6.035805e+02	2.503001e+01	246	7.609226e-01	7.000000e-01	
2.513176e+01	247	1.989635e+02	5.743911e+02	2.513176e+01	247	7.427267e-01	7.000000e-01	
2.523350e+01	248	1.781295e+02	6.000495e+02	2.523350e+01	248	7.710944e-01	7.000000e-01	
2.533525e+01	249	1.854055e+02	5.995135e+02	2.533525e+01	249	7.637903e-01	7.000000e-01	
2.543700e+01	250	1.972988e+02	5.681995e+02	2.543700e+01	250	7.422610e-01	7.000000e-01	
2.553875e+01	251	1.752113e+02	6.380982e+02	2.553875e+01	251	7.845700e-01	7.000000e-01	
2.564050e+01	252	1.790952e+02	5.911548e+02	2.564050e+01	252	7.674843e-01	7.000000e-01	
2.574224e+01	253	1.867330e+02	6.330606e+02	2.574224e+01	253	7.722195e-01	7.000000e-01	
2.584399e+01	254	2.045346e+02	5.908235e+02	2.584399e+01	254	7.428396e-01	7.000000e-01	
2.594574e+01	255	1.866406e+02	6.085503e+02	2.594574e+01	255	7.652883e-01	7.000000e-01	
2.604749e+01	256	1.851578e+02	6.044950e+02	2.604749e+01	256	7.655200e-01	7.000000e-01	
2.614924e+01	257	1.599125e+02	5.080307e+02	2.614924e+01	257	7.605897e-01	7.000000e-01	
2.625098e+01	258	1.573004e+02	4.938311e+02	2.625098e+01	258	7.584199e-01	7.000000e-01	
2.635273e+01	259	1.387445e+02	4.681065e+02	2.635273e+01	259	7.713697e-01	7.000000e-01	
2.645448e+01	260	1.631691e+02	4.410684e+02	2.645448e+01	260	7.299587e-01	7.000000e-01	
2.655623e+01	261	1.407353e+02	4.861693e+02	2.655623e+01	261	7.755076e-01	7.000000e-01	
2.665798e+01	262	1.346888e+02	4.588346e+02	2.665798e+01	262	7.730691e-01	7.000000e-01	
2.675972e+01	263	1.614295e+02	5.126501e+02	2.675972e+01	263	7.605186e-01	7.000000e-01	
2.686147e+01	264	1.662879e+02	5.184180e+02	2.686147e+01	264	7.571397e-01	7.000000e-01	
2.696322e+01	265	1.722466e+02	5.135873e+02	2.696322e+01	265	7.488509e-01	7.000000e-01	
2.706497e+01	266	1.852873e+02	6.438911e+02	2.706497e+01	266	7.765411e-01	7.000000e-01	
2.716672e+01	267	1.536622e+02	6.662101e+02	2.716672e+01	267	8.125779e-01	7.000000e-01	
2.726846e+01	268	1.676739e+02	6.693464e+02	2.726846e+01	268	7.996776e-01	7.000000e-01	
2.737021e+01	269	1.798331e+02	6.195602e+02	2.737021e+01	269	7.750380e-01	7.000000e-01	
2.747196e+01	270	1.775243e+02	6.331658e+02	2.747196e+01	270	7.810208e-01	7.000000e-01	
2.757371e+01	271	1.838241e+02	5.633039e+02	2.757371e+01	271	7.539590e-01	7.000000e-01	
2.767546e+01	272	1.772633e+02	6.313572e+02	2.767546e+01	272	7.807831e-01	7.000000e-01	
2.777720e+01	273	1.690937e+02	6.528087e+02	2.777720e+01	273	7.942655e-01	7.000000e-01	
2.787895e+01	274	1.637349e+02	5.874677e+02	2.787895e+01	274	7.820363e-01	7.000000e-01	
2.798070e+01	275	2.127693e+02	5.050543e+02	2.798070e+01	275	7.035911e-01	7.000000e-01	
2.808245e+01	276	1.690466e+02	5.692195e+02	2.808245e+01	276	7.710221e-01	7.000000e-01	
2.818420e+01	277	1.873934e+02	5.492611e+02	2.818420e+01	277	7.456156e-01	7.000000e-01	
2.828594e+01	278	1.678676e+02	6.172955e+02	2.828594e+01	278	7.862003e-01	7.000000e-01	
2.838769e+01	279	1.784913e+02	5.650198e+02	2.838769e+01	279	7.599346e-01	7.000000e-01	
2.848944e+01	280	1.585945e+02	5.680432e+02	2.848944e+01	280	7.817420e-01	7.000000e-01	
2.859119e+01	281	1.719632e+02	5.759152e+02	2.859119e+01	281	7.700653e-01	7.000000e-01	
2.869294e+01	282	1.767263e+02	5.279842e+02	2.869294e+01	282	7.492214e-01	7.000000e-01	
2.879468e+01	283	1.626674e+02	5.296876e+02	2.879468e+01	283	7.650520e-01	7.000000e-01	
2.889643e+01	284	1.728008e+02	5.502938e+02	2.889643e+01	284	7.610260e-01	7.000000e-01	
2.899818e+01	285	1.785971e+02	5.318359e+02	2.899818e+01	285	7.486081e-01	7.000000e-01	
2.909993e+01	286	1.713853e+02	5.623057e+02	2.909993e+01	286	7.664067e-01	7.000000e-01	
2.920168e+01	287	1.712472e+02	5.168970e+02	2.920168e+01	287	7.511463e-01	7.000000e-01	
2.930342e+01	288	1.738082e+02	5.781603e+02	2.930342e+01	288	7.688624e-01	7.000000e-01	
2.940517e+01	289	1.649558e+02	5.636119e+02	2.940517e+01	289	7.735889e-01	7.000000e-01	
2.950692e+01	290	1.514218e+02	4.636478e+02	2.950692e+01	290	7.538136e-01	7.000000e-01	
2.960867e+01	291	1.808987e+02	6.308447e+02	2.960867e+01	291	7.771479e-01	7.000000e-01	
2.971042e+01	292	1.629637e+02	6.081550e+02	2.971042e+01	292	7.886659e-01	7.000000e-01	
2.981216e+01	293	1.746582e+02	5.413699e+02	2.981216e+01	293	7.560735e-01	7.000000e-01	
2.991391e+01	294	1.565783e+02	5.838378e+02	2.991391e+01	294	7.885266e-01	7.000000e-01	
3.001566e+01	295	1.641275e+02	6.765116e+02	3.001566e+01	295	8.047587e-01	7.000000e-01	
3.011741e+01	296	1.572860e+02	6.291191e+02	3.011741e+01	296	7.999937e-01	7.000000e-01	
3.021916e+01	297	1.683230e+02	5.852019e+02	3.021916e+01	297	7.766192e-01	7.000000e-01	
3.032090e+01	298	1.802356e+02	5.681254e+02	3.032090e+01	298	7.591596e-01	7.000000e-01	
3.042265e+01	299	1.627253e+02	6.027999e+02	3.042265e+01	299	7.874331e-01	7.000000e-01	
3.052440e+01	300	1.529636e+02	5.548490e+02	3.052440e+01	300	7.838925e-01	7.000000e-01	
3.062615e+01	301	1.647290e+02	5.985482e+02	3.062615e+01	301	7.841819e-01	7.000000e-01	
3.072790e+01	302	1.781647e+02	5.604874e+02	3.072790e+01	302	7.587975e-01	7.000000e-01	
3.082964e+01	303	1.617446e+02	5.294269e+02	3.082964e+01	303	7.659849e-01	7.000000e-01	
3.093139e+01	304	1.659294e+02	5.855372e+02	3.093139e+01	304	7.791926e-01	7.000000e-01	
3.103314e+01	305	1.592169e+02	6.133952e+02	3.103314e+01	305	7.939239e-01	7.000000e-01	
3.113489e+01	306	1.570488e+02	5.702232e+02	3.113489e+01	306	7.840577e-01	7.000000e-01	
3.123664e+01	307	1.631888e+02	5.333016e+02	3.123664e+01	307	7.656984e-01	7.000000e-01	
3.133838e+01	308	1.661442e+02	6.374843e+02	3.133838e+01	308	7.932575e-01	7.000000e-01	
3.144013e+01	309	1.512447e+02	6.090156e+02	3.144013e+01	309	8.010620e-01	7.000000e-01	
3.154188e+01	310	1.619178e+02	5.780481e+02	3.154188e+01	310	7.811821e-01	7.000000e-01	
3.164363e+01	311	1.669664e+02	5.576116e+02	3.164363e+01	311	7.695674e-01	7.000000e-01	
3.174538e+01	312	1.637701e+02	6.787328e+02	3.174538e+01	312	8.056148e-01	7.000000e-01	
3.184712e+01	313	1.564637e+02	6.189727e+02	3.184712e+01	313	7.982250e-01	7.000000e-01	
3.194887e+01	314	1.674590e+02	6.550480e+02	3.194887e+01	314	7.964042e-01	7.000000e-01	
3.205062e+01	315	1.670225e+02	6.582805e+02	3.205062e+01	315	7.976228e-01	7.000000e-01	
3.215237e+01	316	1.615724e+02	6.507984e+02	3.215237e+01	316	8.011100e-01	7.000000e-01	
3.225412e+01	317	1.668132e+02	6.622571e+02	3.225412e+01	317	7.987949e-01	7.000000e-01	
3.235586e+01	318	1.667497e+02	6.397483e+02	3.235586e+01	318	7.932423e-01	7.000000e-01	
3.245761e+01	319	1.609058e+02	6.787284e+02	3.245761e+01	319	8.083620e-01	7.000000e-01	
3.255936e+01	320	1.689647e+02	6.238089e+02	3.255936e+01	320	7.868689e-01	7.000000e-01	
3.266111e+01	321	1.620343e+02	6.533289e+02	3.266111e+01	321	8.012735e-01	7.000000e-01	
3.276286e+01	322	1.549464e+02	6.658855e+02	3.276286e+01	322	8.112325e-01	7.000000e-01	
3.286460e+01	323	1.610336e+02	6.064652e+02	3.286460e+01	323	7.901839e-01	7.000000e-01	
3.296635e+01	324	1.700620e+02	6.659598e+02	3.296635e+01	324	7.965819e-01	7.000000e-01	
3.306810e+01	325	1.559520e+02	6.158666e+02	3.306810e+01	325	7.979422e-01	7.000000e-01	
3.316985e+01	326	1.578358e+02	6.035243e+02	3.316985e+01	326	7.926923e-01	7.000000e-01	
3.327160e+01	327	1.624719e+02	5.875539e+02	3.327160e+01	327	7.833783e-01	7.000000e-01	
3.337334e+01	328	1.599973e+02	5.637155e+02	3.337334e+01	328	7.789216e-01	7.000000e-01	
3.347509e+01	329	1.563890e+02	5.612048e+02	3.347509e+01	329	7.820647e-01	7.000000e-01	
3.357684e+01	330	1.571779e+02	5.970246e+02	3.357684e+01	330	7.915972e-01	7.000000e-01	
3.367859e+01	331	1.591929e+02	6.081920e+02	3.367859e+01	331	7.925514e-01	7.000000e-01	
3.378034e+01	332	1.616629e+02	5.385205e+02	3.378034e+01	332	7.691135e-01	7.000000e-01	
3.388208e+01	333	1.632922e+02	5.313935e+02	3.388208e+01	333	7.649409e-01	7.000000e-01	
3.398383e+01	334	1.668691e+02	5.303806e+02	3.398383e+01	334	7.606753e-01	7.000000e-01	
3.408558e+01	335	1.584191e+02	6.019725e+02	3.408558e+01	335	7.916612e-01	7.000000e-01	
3.418733e+01	336	1.556013e+02	5.527083e+02	3.418733e+01	336	7.803202e-01	7.000000e-01	
3.428908e+01	337	1.646194e+02	5.244956e+02	3.428908e+01	337	7.611148e-01	7.000000e-01	
3.439082e+01	338	1.651159e+02	5.135355e+02	3.439082e+01	338	7.567000e-01	7.000000e-01	
3.449257e+01	339	1.762035e+02	4.932955e+02	3.449257e+01	339	7.368129e-01	7.000000e-01	
3.459432e+01	340	1.686267e+02	5.556793e+02	3.459432e+01	340	7.671886e-01	7.000000e-01	
3.469607e+01	341	1.607387e+02	5.190776e+02	3.469607e+01	341	7.635557e-01	7.000000e-01	
3.479782e+01	342	1.244869e+02	5.362789e+02	3.479782e+01	342	8.116021e-01	7.000000e-01	
3.489956e+01	343	1.623100e+02	5.781732e+02	3.489956e+01	343	7.808053e-01	7.000000e-01	
3.500131e+01	344	1.630016e+02	5.031663e+02	3.500131e+01	344	7.553145e-01	7.000000e-01	
3.510306e+01	345	1.548179e+02	5.646003e+02	3.510306e+01	345	7.848012e-01	7.000000e-01	
3.520481e+01	346	1.575139e+02	5.742749e+02	3.520481e+01	346	7.847550e-01	7.000000e-01	
3.530656e+01	347	1.714048e+02	5.851694e+02	3.530656e+01	347	7.734461e-01	7.000000e-01	
3.540830e+01	348	1.642940e+02	5.779356e+02	3.540830e+01	348	7.786480e-01	7.000000e-01	
3.551005e+01	349	1.966762e+02	6.154362e+02	3.551005e+01	349	7.578215e-01	7.000000e-01	
3.561180e+01	350	1.771715e+02	5.935480e+02	3.561180e+01	350	7.701219e-01	7.000000e-01	
3.571355e+01	351	1.218123e+02	5.702947e+02	3.571355e+01	351	8.239979e-01	7.000000e-01	
3.581530e+01	352	1.758049e+02	5.642716e+02	3.581530e+01	352	7.624504e-01	7.000000e-01	
3.591704e+01	353	1.491037e+02	5.912534e+02	3.591704e+01	353	7.986057e-01	7.000000e-01	
3.601879e+01	354	1.551348e+02	5.816210e+02	3.601879e+01	354	7.894353e-01	7.000000e-01	
3.612054e+01	355	1.650076e+02	5.802932e+02	3.612054e+01	355	7.786027e-01	7.000000e-01	
3.622229e+01	356	1.557718e+02	5.493891e+02	3.622229e+01	356	7.790975e-01	7.000000e-01	
3.632404e+01	357	1.678205e+02	5.837736e+02	3.632404e+01	357	7.767139e-01	7.000000e-01	
3.642578e+01	358	1.834316e+02	5.867151e+02	3.642578e+01	358	7.618225e-01	7.000000e-01	
3.652753e+01	359	1.728932e+02	5.292095e+02	3.652753e+01	359	7.537494e-01	7.000000e-01	
3.662928e+01	360	1.296938e+02	5.096791e+02	3.662928e+01	360	7.971547e-01	7.000000e-01	
3.673103e+01	361	1.695878e+02	5.268301e+02	3.673103e+01	361	7.564856e-01	7.000000e-01	
3.683278e+01	362	1.559258e+02	5.311504e+02	3.683278e+01	362	7.730589e-01	7.000000e-01	
3.693452e+01	363	1.631416e+02	5.491568e+02	3.693452e+01	363	7.709645e-01	7.000000e-01	
3.703627e+01	364	1.758571e+02	5.205624e+02	3.703627e+01	364	7.474840e-01	7.000000e-01	
3.713802e+01	365	1.607176e+02	5.300871e+02	3.713802e+01	365	7.673473e-01	7.000000e-01	
3.723977e+01	366	1.606446e+02	5.562589e+02	3.723977e+01	366	7.759188e-01	7.000000e-01	
3.734152e+01	367	1.598102e+02	4.969103e+02	3.734152e+01	367	7.566542e-01	7.000000e-01	
3.744326e+01	368	1.823580e+02	5.253579e+02	3.744326e+01	368	7.423288e-01	7.000000e-01	
3.754501e+01	369	1.729668e+02	4.772752e+02	3.754501e+01	369	7.339963e-01	7.000000e-01	
3.764676e+01	370	1.984558e+02	5.083938e+02	3.764676e+01	370	7.192390e-01	7.000000e-01	
3.774851e+01	371	2.141186e+02	5.056510e+02	3.774851e+01	371	7.025179e-01	7.000000e-01	
3.785026e+01	372	1.199230e+02	4.869017e+02	3.785026e+01	372	8.023762e-01	7.000000e-01	
3.795200e+01	373	1.084801e+02	5.277832e+02	3.795200e+01	373	8.295044e-01	7.000000e-01	
3.805375e+01	374	1.399042e+02	5.108728e+02	3.805375e+01	374	7.850198e-01	7.000000e-01	
3.815550e+01	375	1.598867e+02	5.270490e+02	3.815550e+01	375	7.672465e-01	7.000000e-01	
3.825725e+01	376	1.509374e+02	5.233587e+02	3.825725e+01	376	7.761556e-01	7.000000e-01	
3.835900e+01	377	1.509653e+02	5.753950e+02	3.835900e+01	377	7.921620e-01	7.000000e-01	
3.846074e+01	378	1.605570e+02	5.282400e+02	3.846074e+01	378	7.669023e-01	7.000000e-01	
3.856249e+01	379	1.734633e+02	5.579102e+02	3.856249e+01	379	7.628253e-01	7.000000e-01	
3.866424e+01	380	1.814232e+02	5.426489e+02	3.866424e+01	380	7.494404e-01	7.000000e-01	
3.876599e+01	381	1.835196e+02	5.388431e+02	3.876599e+01	381	7.459454e-01	7.000000e-01	
3.886774e+01	382	1.985071e+02	5.338364e+02	3.886774e+01	382	7.289426e-01	7.000000e-01	
3.896948e+01	383	1.864074e+02	5.368002e+02	3.896948e+01	383	7.422491e-01	7.000000e-01	
3.907123e+01	384	1.623880e+02	5.660937e+02	3.907123e+01	384	7.770871e-01	7.000000e-01	
3.917298e+01	385	1.970664e+02	5.437654e+02	3.917298e+01	385	7.339931e-01	7.000000e-01	
3.927473e+01	386	1.979143e+02	5.216346e+02	3.927473e+01	386	7.249467e-01	7.000000e-01	
3.937648e+01	387	1.824064e+02	4.576906e+02	3.937648e+01	387	7.150332e-01	7.000000e-01	
3.947822e+01	388	1.975601e+02	4.981245e+02	3.947822e+01	388	7.160206e-01	7.000000e-01	
3.957997e+01	389	1.857131e+02	5.422130e+02	3.957997e+01	389	7.448737e-01	7.000000e-01	
3.968172e+01	390	1.933420e+02	5.258365e+02	3.968172e+01	390	7.311627e-01	7.000000e-01	
3.978347e+01	391	1.974089e+02	4.973934e+02	3.978347e+01	391	7.158776e-01	7.000000e-01	
3.988522e+01	392	1.812682e+02	5.417646e+02	3.988522e+01	392	7.492946e-01	7.000000e-01	
3.998696e+01	393	2.041043e+02	5.257610e+02	3.998696e+01	393	7.203535e-01	7.000000e-01	
4.008871e+01	394	1.879754e+02	5.581665e+02	4.008871e+01	394	7.480702e-01	7.000000e-01	
4.019046e+01	395	1.906466e+02	5.550170e+02	4.019046e+01	395	7.443263e-01	7.000000e-01	
4.029221e+01	396	1.892196e+02	5.673191e+02	4.029221e+01	396	7.498877e-01	7.000000e-01	
4.039396e+01	397	2.006831e+02	5.520127e+02	4.039396e+01	397	7.333809e-01	7.000000e-01	
4.049570e+01	398	1.932096e+02	5.696462e+02	4.049570e+01	398	7.467285e-01	7.000000e-01	
4.059745e+01	399	1.932579e+02	5.563572e+02	4.059745e+01	399	7.421905e-01	7.000000e-01	
4.069920e+01	400	1.940298e+02	5.498233e+02	4.069920e+01	400	7.391558e-01	7.000000e-01	
4.080095e+01	401	2.023342e+02	5.730861e+02	4.080095e+01	401	7.390651e-01	7.000000e-01	
4.090270e+01	402	1.987586e+02	5.485923e+02	4.090270e+01	402	7.340492e-01	7.000000e-01	
4.100444e+01	403	1.891926e+02	5.390999e+02	4.100444e+01	403	7.402244e-01	7.000000e-01	
4.110619e+01	404	1.611554e+02	5.175847e+02	4.110619e+01	404	7.625668e-01	7.000000e-01	
4.120794e+01	405	1.766808e+02	5.199411e+02	4.120794e+01	405	7.463749e-01	7.000000e-01	
4.130969e+01	406	1.504825e+02	5.312989e+02	4.130969e+01	406	7.792804e-01	7.000000e-01	
4.141144e+01	407	1.880500e+02	5.649428e+02	4.141144e+01	407	7.502632e-01	7.000000e-01	
4.151318e+01	408	1.786781e+02	5.210224e+02	4.151318e+01	408	7.446363e-01	7.000000e-01	
4.161493e+01	409	2.875725e+02	5.684364e+02	4.161493e+01	409	6.640543e-01	7.000000e-01	
4.171668e+01	410	2.496744e+02	5.978719e+02	4.171668e+01	410	7.054150e-01	7.000000e-01	
4.181843e+01	411	2.359103e+02	5.613723e+02	4.181843e+01	411	7.041071e-01	7.000000e-01	
4.192018e+01	412	2.242054e+02	4.845641e+02	4.192018e+01	412	6.836695e-01	7.000000e-01	
4.202192e+01	413	1.949939e+02	4.575925e+02	4.202192e+01	413	7.011983e-01	7.000000e-01	
4.212367e+01	414	2.103150e+02	5.477793e+02	4.212367e+01	414	7.225741e-01	7.000000e-01	
4.222542e+01	415	2.306245e+02	4.585463e+02	4.222542e+01	415	6.653594e-01	7.000000e-01	
4.232717e+01	416	2.132283e+02	4.301304e+02	4.232717e+01	416	6.685701e-01	7.000000e-01	
4.242892e+01	417	2.148939e+02	4.169020e+02	4.242892e+01	417	6.598682e-01	7.000000e-01	
4.253066e+01	418	2.070990e+02	4.457775e+02	4.253066e+01	418	6.827899e-01	7.000000e-01	
4.263241e+01	419	2.371945e+02	4.308266e+02	4.263241e+01	419	6.449296e-01	7.000000e-01	
4.273416e+01	420	2.026739e+02	4.327742e+02	4.273416e+01	420	6.810536e-01	7.000000e-01	
4.283591e+01	421	1.572600e+02	4.793863e+02	4.283591e+01	421	7.529869e-01	7.000000e-01	
4.293766e+01	422	1.559581e+02	4.823549e+02	4.293766e+01	422	7.556714e-01	7.000000e-01	
4.303940e+01	423	1.197840e+02	4.681295e+02	4.303940e+01	423	7.962557e-01	7.000000e-01	
4.314115e+01	424	1.841392e+02	4.543563e+02	4.314115e+01	424	7.116045e-01	7.000000e-01	
4.324290e+01	425	1.516200e+02	4.785006e+02	4.324290e+01	425	7.593794e-01	7.000000e-01	
4.334465e+01	426	1.497022e+02	4.961536e+02	4.334465e+01	426	7.682111e-01	7.000000e-01	
4.344640e+01	427	1.568394e+02	4.792810e+02	4.344640e+01	427	7.534438e-01	7.000000e-01	
4.354814e+01	428	1.611517e+02	4.599618e+02	4.354814e+01	428	7.405439e-01	7.000000e-01	
4.364989e+01	429	1.525145e+02	4.724851e+02	4.364989e+01	429	7.559766e-01	7.000000e-01	
4.375164e+01	430	1.625316e+02	4.706042e+02	4.375164e+01	430	7.432911e-01	7.000000e-01	
4.385339e+01	431	1.570616e+02	4.712376e+02	4.385339e+01	431	7.500210e-01	7.000000e-01	
4.395514e+01	432	1.538937e+02	4.574187e+02	4.395514e+01	432	7.482569e-01	7.000000e-01	
4.405688e+01	433	1.556537e+02	4.662600e+02	4.405688e+01	433	7.497182e-01	7.000000e-01	
4.415863e+01	434	1.618982e+02	4.146362e+02	4.415863e+01	434	7.191873e-01	7.000000e-01	
4.426038e+01	435	1.564891e+02	4.694141e+02	4.426038e+01	435	7.499788e-01	7.000000e-01	
4.436213e+01	436	1.855849e+02	4.495861e+02	4.436213e+01	436	7.078190e-01	7.000000e-01	
4.446388e+01	437	1.902525e+02	4.335608e+02	4.446388e+01	437	6.950169e-01	7.000000e-01	
4.456562e+01	438	1.789720e+02	4.788371e+02	4.456562e+01	438	7.279271e-01	7.000000e-01	
4.466737e+01	439	1.739108e+02	4.477936e+02	4.466737e+01	439	7.202677e-01	7.000000e-01	
4.476912e+01	440	1.758822e+02	4.216344e+02	4.476912e+01	440	7.056447e-01	7.000000e-01	
4.487087e+01	441	1.878502e+02	4.829863e+02	4.487087e+01	441	7.199762e-01	7.000000e-01	
4.497262e+01	442	1.661824e+02	4.759464e+02	4.497262e+01	442	7.412008e-01	7.000000e-01	
4.507436e+01	443	1.803728e+02	4.465771e+02	4.507436e+01	443	7.123011e-01	7.000000e-01	
4.517611e+01	444	1.423537e+02	4.733799e+02	4.517611e+01	444	7.688063e-01	7.000000e-01	
4.527786e+01	445	1.398986e+02	4.706069e+02	4.527786e+01	445	7.708479e-01	7.000000e-01	
4.537961e+01	446	1.394340e+02	4.731128e+02	4.537961e+01	446	7.723700e-01	7.000000e-01	
4.548136e+01	447	1.425838e+02	4.754599e+02	4.548136e+01	447	7.692982e-01	7.000000e-01	
4.558310e+01	448	1.194038e+02	4.903456e+02	4.558310e+01	448	8.041756e-01	7.000000e-01	
4.568485e+01	449	1.519735e+02	4.952307e+02	4.568485e+01	449	7.651846e-01	7.000000e-01	
4.578660e+01	450	1.408773e+02	4.875559e+02	4.578660e+01	450	7.758277e-01	7.000000e-01	
4.588835e+01	451	1.252503e+02	4.573650e+02	4.588835e+01	451	7.850206e-01	7.000000e-01	
4.599010e+01	452	1.429615e+02	5.053758e+02	4.599010e+01	452	7.794952e-01	7.000000e-01	
4.609184e+01	453	1.360322e+02	4.435745e+02	4.609184e+01	453	7.653026e-01	7.000000e-01	
4.619359e+01	454	1.335109e+02	5.060882e+02	4.619359e+01	454	7.912585e-01	7.000000e-01	
4.629534e+01	455	1.420394e+02	4.788210e+02	4.629534e+01	455	7.712217e-01	7.000000e-01	
4.639709e+01	456	1.338110e+02	5.085313e+02	4.639709e+01	456	7.916827e-01	7.000000e-01	
4.649884e+01	457	1.080392e+02	4.994842e+02	4.649884e+01	457	8.221645e-01	7.000000e-01	
4.660058e+01	458	1.370510e+02	5.048378e+02	4.660058e+01	458	7.864879e-01	7.000000e-01	
4.670233e+01	459	1.299894e+02	5.216361e+02	4.670233e+01	459	8.005152e-01	7.000000e-01	
4.680408e+01	460	1.568705e+02	5.086793e+02	4.680408e+01	460	7.642994e-01	7.000000e-01	
4.690583e+01	461	1.301655e+02	5.401698e+02	4.690583e+01	461	8.058203e-01	7.000000e-01	
4.700758e+01	462	1.145880e+02	5.092259e+02	4.700758e+01	462	8.163106e-01	7.000000e-01	
4.710932e+01	463	1.408445e+02	5.177320e+02	4.710932e+01	463	7.861380e-01	7.000000e-01	
4.721107e+01	464	1.144106e+02	5.002969e+02	4.721107e+01	464	8.138780e-01	7.000000e-01	
4.731282e+01	465	1.073165e+02	5.193210e+02	4.731282e+01	465	8.287423e-01	7.000000e-01	
4.741457e+01	466	1.428332e+02	4.934638e+02	4.741457e+01	466	7.755243e-01	7.000000e-01	
4.751632e+01	467	1.344200e+02	5.101087e+02	4.751632e+01	467	7.914445e-01	7.000000e-01	
4.761806e+01	468	1.752049e+02	5.206409e+02	4.761806e+01	468	7.482130e-01	7.000000e-01	
4.771981e+01	469	1.402357e+02	4.453367e+02	4.771981e+01	469	7.605152e-01	7.000000e-01	
4.782156e+01	470	1.453303e+02	4.446519e+02	4.782156e+01	470	7.536700e-01	7.000000e-01	
4.792331e+01	471	1.446905e+02	4.934178e+02	4.792331e+01	471	7.732509e-01	7.000000e-01	
4.802506e+01	472	1.372944e+02	4.048331e+02	4.802506e+01	472	7.467489e-01	7.000000e-01	
4.812680e+01	473	1.678844e+02	4.412058e+02	4.812680e+01	473	7.243686e-01	7.000000e-01	
4.822855e+01	474	1.704969e+02	4.331089e+02	4.822855e+01	474	7.175360e-01	7.000000e-01	
4.833030e+01	475	1.712371e+02	4.345302e+02	4.833030e+01	475	7.173220e-01	7.000000e-01	
4.843205e+01	476	1.663094e+02	4.445719e+02	4.843205e+01	476	7.277550e-01	7.000000e-01	
4.853380e+01	477	1.458490e+02	4.342127e+02	4.853380e+01	477	7.485630e-01	7.000000e-01	
4.863554e+01	478	1.417956e+02	4.427186e+02	4.863554e+01	478	7.574129e-01	7.000000e-01	
4.873729e+01	479	1.648308e+02	3.807333e+02	4.873729e+01	479	6.978709e-01	7.000000e-01	
4.883904e+01	480	1.548878e+02	4.626319e+02	4.883904e+01	480	7.491776e-01	7.000000e-01	
4.894079e+01	481	1.462638e+02	4.552469e+02	4.894079e+01	481	7.568392e-01	7.000000e-01	
4.904254e+01	482	1.505024e+02	4.387718e+02	4.904254e+01	482	7.445970e-01	7.000000e-01	
4.914428e+01	483	1.527356e+02	4.281545e+02	4.914428e+01	483	7.370663e-01	7.000000e-01	
4.924603e+01	484	1.571813e+02	4.523205e+02	4.924603e+01	484	7.421151e-01	7.000000e-01	
4.934778e+01	485	1.472826e+02	4.581122e+02	4.934778e+01	485	7.567164e-01	7.000000e-01	
4.944953e+01	486	1.586069e+02	5.602469e+02	4.944953e+01	486	7.793614e-01	7.000000e-01	
4.955128e+01	487	1.509641e+02	4.576945e+02	4.955128e+01	487	7.519725e-01	7.000000e-01	
4.965302e+01	488	1.562686e+02	4.654038e+02	4.965302e+01	488	7.486319e-01	7.000000e-01	
4.975477e+01	489	1.572812e+02	5.851339e+02	4.975477e+01	489	7.881492e-01	7.000000e-01	
4.985652e+01	490	1.613778e+02	4.584095e+02	4.985652e+01	490	7.396239e-01	7.000000e-01	
4.995827e+01	491	1.167009e+02	3.709406e+02	4.995827e+01	491	7.606830e-01	7.000000e-01	
5.006002e+01	492	1.739341e+02	4.334193e+02	5.006002e+01	492	7.136196e-01	7.000000e-01	
5.016176e+01	493	1.678868e+02	4.132676e+02	5.016176e+01	493	7.111150e-01	7.000000e-01	
5.026351e+01	494	1.780565e+02	4.273839e+02	5.026351e+01	494	7.059058e-01	7.000000e-01	
5.036526e+01	495	1.720072e+02	3.973799e+02	5.036526e+01	495	6.979082e-01	7.000000e-01	
5.046701e+01	496	1.619091e+02	4.329690e+02	5.046701e+01	496	7.278281e-01	7.000000e-01	
5.056876e+01	497	1.724942e+02	4.191782e+02	5.056876e+01	497	7.084633e-01	7.000000e-01	
5.067050e+01	498	1.743160e+02	3.978657e+02	5.067050e+01	498	6.953485e-01	7.000000e-01	
5.077225e+01	499	1.597636e+02	4.650739e+02	5.077225e+01	499	7.443118e-01	7.000000e-01	
5.087400e+01	500	1.425028e+02	3.882244e+02	5.087400e+01	500	7.314952e-01	7.000000e-01	
5.097575e+01	501	1.584400e+02	4.825410e+02	5.097575e+01	501	7.528164e-01	7.000000e-01	
5.107750e+01	502	1.635586e+02	4.461769e+02	5.107750e+01	502	7.317548e-01	7.000000e-01	
5.117924e+01	503	1.664691e+02	4.241886e+02	5.117924e+01	503	7.181632e-01	7.000000e-01	
5.128099e+01	504	1.339202e+02	5.010208e+02	5.128099e+01	504	7.890825e-01	7.000000e-01	
5.138274e+01	505	1.608374e+02	5.210138e+02	5.138274e+01	505	7.641166e-01	7.000000e-01	
5.148449e+01	506	1.480486e+02	4.711152e+02	5.148449e+01	506	7.608894e-01	7.000000e-01	
5.158624e+01	507	1.617168e+02	4.877097e+02	5.158624e+01	507	7.509852e-01	7.000000e-01	
5.168798e+01	508	1.638326e+02	5.527582e+02	5.168798e+01	508	7.713722e-01	7.000000e-01	
5.178973e+01	509	1.480417e+02	4.895403e+02	5.178973e+01	509	7.678076e-01	7.000000e-01	
5.189148e+01	510	1.461295e+02	5.507646e+02	5.189148e+01	510	7.903132e-01	7.000000e-01	
5.199323e+01	511	2.135389e+02	5.090898e+02	5.199323e+01	511	7.044971e-01	7.000000e-01	
5.209498e+01	512	1.243454e+02	6.429227e+02	5.209498e+01	512	8.379375e-01	7.000000e-01	
5.219672e+01	513	1.509248e+02	5.884199e+02	5.219672e+01	513	7.958668e-01	7.000000e-01	
5.229847e+01	514	1.350561e+02	6.591707e+02	5.229847e+01	514	8.299527e-01	7.000000e-01	
5.240022e+01	515	1.436409e+02	4.118953e+02	5.240022e+01	515	7.414374e-01	7.000000e-01	
5.250197e+01	516	1.331139e+02	3.683549e+02	5.250197e+01	516	7.345520e-01	7.000000e-01	
5.260372e+01	517	1.304384e+02	3.499673e+02	5.260372e+01	517	7.284828e-01	7.000000e-01	
5.270546e+01	518	1.095964e+02	2.422307e+02	5.270546e+01	518	6.884936e-01	7.000000e-01	
5.280721e+01	519	1.194429e+02	3.266020e+02	5.280721e+01	519	7.322178e-01	7.000000e-01	
5.290896e+01	520	1.381714e+02	2.822492e+02	5.290896e+01	520	6.713496e-01	7.000000e-01	
5.301071e+01	521	1.473214e+02	4.167335e+02	5.301071e+01	521	7.388173e-01	7.000000e-01	
5.311246e+01	522	1.702504e+02	5.128750e+02	5.311246e+01	522	7.507772e-01	7.000000e-01	
5.321420e+01	523	1.602162e+02	5.282358e+02	5.321420e+01	523	7.672805e-01	7.000000e-01	
5.331595e+01	524	1.577868e+02	5.201660e+02	5.331595e+01	524	7.672599e-01	7.000000e-01	
5.341770e+01	525	1.759895e+02	4.593095e+02	5.341770e+01	525	7.229816e-01	7.000000e-01	
5.351945e+01	526	1.546278e+02	4.973970e+02	5.351945e+01	526	7.628498e-01	7.000000e-01	
5.362120e+01	527	1.712458e+02	5.100201e+02	5.362120e+01	527	7.486359e-01	7.000000e-01	
5.372294e+01	528	1.538500e+02	4.630337e+02	5.372294e+01	528	7.506013e-01	7.000000e-01	
5.382469e+01	529	1.624163e+02	5.170202e+02	5.382469e+01	529	7.609544e-01	7.000000e-01	
5.392644e+01	530	1.576991e+02	5.181761e+02	5.392644e+01	530	7.666742e-01	7.000000e-01	
5.402819e+01	531	1.368020e+02	5.308873e+02	5.402819e+01	531	7.951113e-01	7.000000e-01	
5.412994e+01	532	1.530114e+02	4.223696e+02	5.412994e+01	532	7.340694e-01	7.000000e-01	
5.423168e+01	533	1.808396e+02	4.205133e+02	5.423168e+01	533	6.992787e-01	7.000000e-01	
5.433343e+01	534	1.603613e+02	4.570734e+02	5.433343e+01	534	7.402781e-01	7.000000e-01	
5.443518e+01	535	1.547276e+02	4.287304e+02	5.443518e+01	535	7.348094e-01	7.000000e-01	
5.453693e+01	536	1.404816e+02	4.578418e+02	5.453693e+01	536	7.652079e-01	7.000000e-01	
5.463868e+01	537	1.406975e+02	4.520988e+02	5.463868e+01	537	7.626546e-01	7.000000e-01	
5.474042e+01	538	1.471166e+02	4.660777e+02	5.474042e+01	538	7.600816e-01	7.000000e-01	
5.484217e+01	539	1.471253e+02	4.414233e+02	5.484217e+01	539	7.500201e-01	7.000000e-01	
5.494392e+01	540	1.259511e+02	4.461327e+02	5.494392e+01	540	7.798380e-01	7.000000e-01	
5.504567e+01	541	1.226218e+02	4.571939e+02	5.504567e+01	541	7.885159e-01	7.000000e-01	
5.514742e+01	542	1.294388e+02	4.416478e+02	5.514742e+01	542	7.733465e-01	7.000000e-01	
5.524916e+01	543	1.726822e+02	4.998591e+02	5.524916e+01	543	7.432393e-01	7.000000e-01	
5.535091e+01	544	1.671216e+02	4.588927e+02	5.535091e+01	544	7.330387e-01	7.000000e-01	
5.545266e+01	545	1.716394e+02	5.084233e+02	5.545266e+01	545	7.476124e-01	7.000000e-01	
5.555441e+01	546	1.535266e+02	4.653610e+02	5.555441e+01	546	7.519314e-01	7.000000e-01	
5.565616e+01	547	1.740245e+02	4.865058e+02	5.565616e+01	547	7.365382e-01	7.000000e-01	
5.575790e+01	548	1.739519e+02	4.950404e+02	5.575790e+01	548	7.399792e-01	7.000000e-01	
5.585965e+01	549	1.665491e+02	4.852175e+02	5.585965e+01	549	7.444651e-01	7.000000e-01	
5.596140e+01	550	1.664212e+02	4.623908e+02	5.596140e+01	550	7.353403e-01	7.000000e-01	
5.606315e+01	551	1.628201e+02	4.551008e+02	5.606315e+01	551	7.365033e-01	7.000000e-01	
5.616490e+01	552	1.760042e+02	4.902508e+02	5.616490e+01	552	7.358306e-01	7.000000e-01	
5.626664e+01	553	1.784744e+02	4.956931e+02	5.626664e+01	553	7.352670e-01	7.000000e-01	
5.636839e+01	554	1.695132e+02	4.525879e+02	5.636839e+01	554	7.275150e-01	7.000000e-01	
5.647014e+01	555	1.273043e+02	4.837261e+02	5.647014e+01	555	7.916564e-01	7.000000e-01	
5.657189e+01	556	1.698029e+02	4.863003e+02	5.657189e+01	556	7.411948e-01	7.000000e-01	
5.667364e+01	557	1.663107e+02	4.885855e+02	5.667364e+01	557	7.460503e-01	7.000000e-01	
5.677538e+01	558	1.529777e+02	4.943585e+02	5.677538e+01	558	7.636812e-01	7.000000e-01	
5.687713e+01	559	1.690033e+02	4.830874e+02	5.687713e+01	559	7.408285e-01	7.000000e-01	
5.697888e+01	560	1.689990e+02	4.980674e+02	5.697888e+01	560	7.466534e-01	7.000000e-01	
5.708063e+01	561	1.563793e+02	4.872611e+02	5.708063e+01	561	7.570393e-01	7.000000e-01	
5.718238e+01	562	1.646500e+02	4.462152e+02	5.718238e+01	562	7.304643e-01	7.000000e-01	
5.728412e+01	563	1.644302e+02	4.631674e+02	5.728412e+01	563	7.380006e-01	7.000000e-01	
5.738587e+01	564	1.595282e+02	4.731462e+02	5.738587e+01	564	7.478510e-01	7.000000e-01	
5.748762e+01	565	1.879874e+02	4.320307e+02	5.748762e+01	565	6.968034e-01	7.000000e-01	
5.758937e+01	566	1.746931e+02	4.238962e+02	5.758937e+01	566	7.081587e-01	7.000000e-01	
5.769112e+01	567	1.939511e+02	4.994350e+02	5.769112e+01	567	7.202841e-01	7.000000e-01	
5.779286e+01	568	1.745647e+02	4.547363e+02	5.779286e+01	568	7.226054e-01	7.000000e-01	
5.789461e+01	569	1.705556e+02	3.977545e+02	5.789461e+01	569	6.998899e-01	7.000000e-01	
5.799636e+01	570	1.759748e+02	4.537927e+02	5.799636e+01	570	7.205718e-01	7.000000e-01	
5.809811e+01	571	1.710411e+02	4.886739e+02	5.809811e+01	571	7.407349e-01	7.000000e-01	
5.819986e+01	572	1.854604e+02	4.571787e+02	5.819986e+01	572	7.114082e-01	7.000000e-01	
5.830160e+01	573	1.841103e+02	4.287229e+02	5.830160e+01	573	6.995752e-01	7.000000e-01	
5.840335e+01	574	1.735487e+02	5.284781e+02	5.840335e+01	574	7.527891e-01	7.000000e-01	
5.850510e+01	575	1.711258e+02	5.301397e+02	5.850510e+01	575	7.559757e-01	7.000000e-01	
5.860685e+01	576	1.649582e+02	4.476757e+02	5.860685e+01	576	7.307394e-01	7.000000e-01	
5.870860e+01	577	1.605767e+02	4.693560e+02	5.870860e+01	577	7.450891e-01	7.000000e-01	
5.881034e+01	578	1.386905e+02	4.829045e+02	5.881034e+01	578	7.768796e-01	7.000000e-01	
5.891209e+01	579	1.612110e+02	5.131676e+02	5.891209e+01	579	7.609488e-01	7.000000e-01	
5.901384e+01	580	1.637878e+02	5.384847e+02	5.901384e+01	580	7.667746e-01	7.000000e-01	
5.911559e+01	581	1.834673e+02	5.422809e+02	5.911559e+01	581	7.472025e-01	7.000000e-01	
5.921734e+01	582	1.786151e+02	5.502977e+02	5.921734e+01	582	7.549568e-01	7.000000e-01	
5.931908e+01	583	1.905415e+02	5.704775e+02	5.931908e+01	583	7.496232e-01	7.000000e-01	
5.942083e+01	584	1.756558e+02	4.979576e+02	5.942083e+01	584	7.392335e-01	7.000000e-01	
5.952258e+01	585	1.684292e+02	5.357158e+02	5.952258e+01	585	7.608032e-01	7.000000e-01	
5.962433e+01	586	1.810440e+02	5.001510e+02	5.962433e+01	586	7.342259e-01	7.000000e-01	
5.972608e+01	587	1.936485e+02	4.796525e+02	5.972608e+01	587	7.123894e-01	7.000000e-01	
5.982782e+01	588	1.873913e+02	4.978747e+02	5.982782e+01	588	7.265422e-01	7.000000e-01	
5.992957e+01	589	1.944241e+02	4.424433e+02	5.992957e+01	589	6.947181e-01	7.000000e-01	
6.003132e+01	590	1.614189e+02	4.973579e+02	6.003132e+01	590	7.549718e-01	7.000000e-01	
6.013307e+01	591	1.429662e+02	4.960859e+02	6.013307e+01	591	7.762840e-01	7.000000e-01	
6.023482e+01	592	1.142957e+02	5.003878e+02	6.023482e+01	592	8.140576e-01	7.000000e-01	
6.033656e+01	593	1.299831e+02	4.471271e+02	6.033656e+01	593	7.747690e-01	7.000000e-01	
6.043831e+01	594	1.656932e+02	5.173918e+02	6.043831e+01	594	7.574340e-01	7.000000e-01	
6.054006e+01	595	1.516226e+02	4.870495e+02	6.054006e+01	595	7.625971e-01	7.000000e-01	
6.064181e+01	596	1.465563e+02	4.943706e+02	6.064181e+01	596	7.713369e-01	7.000000e-01	
6.074356e+01	597	1.473424e+02	5.505841e+02	6.074356e+01	597	7.888855e-01	7.000000e-01	
6.084530e+01	598	1.479824e+02	4.926763e+02	6.084530e+01	598	7.690152e-01	7.000000e-01	
6.094705e+01	599	1.755315e+02	4.833436e+02	6.094705e+01	599	7.335891e-01	7.000000e-01	
6.104880e+01	600	1.776227e+02	4.720275e+02	6.104880e+01	600	7.265872e-01	7.000000e-01	
6.115055e+01	601	1.768554e+02	4.836598e+02	6.115055e+01	601	7.322463e-01	7.000000e-01	
6.125230e+01	602	1.763735e+02	4.738687e+02	6.125230e+01	602	7.287572e-01	7.000000e-01	
6.135404e+01	603	1.557309e+02	5.281548e+02	6.135404e+01	603	7.722852e-01	7.000000e-01	
6.145579e+01	604	1.757109e+02	4.928449e+02	6.145579e+01	604	7.371784e-01	7.000000e-01	
6.155754e+01	605	1.738015e+02	4.642304e+02	6.155754e+01	605	7.275975e-01	7.000000e-01	
6.165929e+01	606	1.704479e+02	4.741269e+02	6.165929e+01	606	7.355654e-01	7.000000e-01	
6.176104e+01	607	2.151510e+02	4.250682e+02	6.176104e+01	607	6.639417e-01	7.000000e-01	
6.186278e+01	608	1.736093e+02	4.724425e+02	6.186278e+01	608	7.312765e-01	7.000000e-01	
6.196453e+01	609	1.835208e+02	4.587170e+02	6.196453e+01	609	7.142479e-01	7.000000e-01	
6.206628e+01	610	1.432393e+02	5.121826e+02	6.206628e+01	610	7.814548e-01	7.000000e-01	
6.216803e+01	611	1.423570e+02	5.243181e+02	6.216803e+01	611	7.864672e-01	7.000000e-01	
6.226978e+01	612	1.640337e+02	4.841603e+02	6.226978e+01	612	7.469373e-01	7.000000e-01	
6.237152e+01	613	1.379293e+02	5.226932e+02	6.237152e+01	613	7.912131e-01	7.000000e-01	
6.247327e+01	614	1.726708e+02	4.653217e+02	6.247327e+01	614	7.293529e-01	7.000000e-01	
6.257502e+01	615	1.696353e+02	4.935979e+02	6.257502e+01	615	7.442298e-01	7.000000e-01	
6.267677e+01	616	1.762927e+02	4.734297e+02	6.267677e+01	616	7.286646e-01	7.000000e-01	
6.277852e+01	617	1.796749e+02	4.957680e+02	6.277852e+01	617	7.339895e-01	7.000000e-01	
6.288026e+01	618	1.866003e+02	4.766660e+02	6.288026e+01	618	7.186646e-01	7.000000e-01	
6.298201e+01	619	2.147162e+02	5.100550e+02	6.298201e+01	619	7.037462e-01	7.000000e-01	
6.308376e+01	620	1.458804e+02	4.566905e+02	6.308376e+01	620	7.579033e-01	7.000000e-01	
6.318551e+01	621	1.551807e+02	4.687159e+02	6.318551e+01	621	7.512718e-01	7.000000e-01	
6.328726e+01	622	1.548272e+02	4.775893e+02	6.328726e+01	622	7.551816e-01	7.000000e-01	
6.338900e+01	623	1.487670e+02	4.765968e+02	6.338900e+01	623	7.621113e-01	7.000000e-01	
6.349075e+01	624	1.314611e+02	4.647419e+02	6.349075e+01	624	7.795028e-01	7.000000e-01	
6.359250e+01	625	1.615796e+02	4.786329e+02	6.359250e+01	625	7.476157e-01	7.000000e-01	
6.369425e+01	626	1.496437e+02	4.518598e+02	6.369425e+01	626	7.512172e-01	7.000000e-01	
6.379600e+01	627	1.754377e+02	4.615016e+02	6.379600e+01	627	7.245614e-01	7.000000e-01	
6.389774e+01	628	1.504474e+02	4.545648e+02	6.389774e+01	628	7.513316e-01	7.000000e-01	
6.399949e+01	629	1.472372e+02	4.565724e+02	6.399949e+01	629	7.561529e-01	7.000000e-01	
6.410124e+01	630	1.870409e+02	4.402156e+02	6.410124e+01	630	7.018111e-01	7.000000e-01	
6.420299e+01	631	1.813069e+02	4.432667e+02	6.420299e+01	631	7.097109e-01	7.000000e-01	
6.430474e+01	632	1.815176e+02	4.530571e+02	6.430474e+01	632	7.139539e-01	7.000000e-01	
6.440648e+01	633	1.732075e+02	4.478115e+02	6.440648e+01	633	7.210915e-01	7.000000e-01	
6.450823e+01	634	1.870941e+02	4.664286e+02	6.450823e+01	634	7.137145e-01	7.000000e-01	
6.460998e+01	635	1.764925e+02	4.798181e+02	6.460998e+01	635	7.310839e-01	7.000000e-01	
6.471173e+01	636	1.746733e+02	4.584340e+02	6.471173e+01	636	7.241016e-01	7.000000e-01	
6.481348e+01	637	1.679209e+02	4.962909e+02	6.481348e+01	637	7.471877e-01	7.000000e-01	
6.491522e+01	638	1.785531e+02	5.102126e+02	6.491522e+01	638	7.407637e-01	7.000000e-01	
6.501697e+01	639	1.729723e+02	5.154823e+02	6.501697e+01	639	7.487528e-01	7.000000e-01	
6.511872e+01	640	1.830648e+02	5.428123e+02	6.511872e+01	640	7.478019e-01	7.000000e-01	
6.522047e+01	641	1.711632e+02	5.398071e+02	6.522047e+01	641	7.592541e-01	7.000000e-01	
6.532222e+01	642	1.842082e+02	4.803101e+02	6.532222e+01	642	7.227944e-01	7.000000e-01	
6.542396e+01	643	1.787310e+02	5.012944e+02	6.542396e+01	643	7.371701e-01	7.000000e-01	
6.552571e+01	644	1.734799e+02	5.029248e+02	6.552571e+01	644	7.435265e-01	7.000000e-01	
6.562746e+01	645	1.715017e+02	5.544513e+02	6.562746e+01	645	7.637565e-01	7.000000e-01	
6.572921e+01	646	2.362482e+02	6.044777e+02	6.572921e+01	646	7.189950e-01	7.000000e-01	
6.583096e+01	647	1.836447e+02	5.877279e+02	6.583096e+01	647	7.619248e-01	7.000000e-01	
6.593270e+01	648	1.726027e+02	5.814267e+02	6.593270e+01	648	7.710929e-01	7.000000e-01	
6.603445e+01	649	1.600578e+02	5.719512e+02	6.603445e+01	649	7.813445e-01	7.000000e-01	
6.613620e+01	650	1.820344e+02	5.842658e+02	6.613620e+01	650	7.624503e-01	7.000000e-01	
6.623795e+01	651	1.997088e+02	5.336054e+02	6.623795e+01	651	7.276627e-01	7.000000e-01	
6.633970e+01	652	1.927123e+02	5.808484e+02	6.633970e+01	652	7.508763e-01	7.000000e-01	
6.644144e+01	653	1.849907e+02	6.080839e+02	6.644144e+01	653	7.667424e-01	7.000000e-01	
6.654319e+01	654	1.792811e+02	5.990623e+02	6.654319e+01	654	7.696632e-01	7.000000e-01	
6.664494e+01	655	1.729571e+02	5.655673e+02	6.664494e+01	655	7.658072e-01	7.000000e-01	
6.674669e+01	656	2.025754e+02	6.055927e+02	6.674669e+01	656	7.493400e-01	7.000000e-01	
6.684844e+01	657	1.823288e+02	5.635033e+02	6.684844e+01	657	7.555364e-01	7.000000e-01	
6.695018e+01	658	1.798450e+02	6.108627e+02	6.695018e+01	658	7.725519e-01	7.000000e-01	
6.705193e+01	659	1.748482e+02	6.695842e+02	6.705193e+01	659	7.929400e-01	7.000000e-01	
6.715368e+01	660	1.601560e+02	5.232440e+02	6.715368e+01	660	7.656482e-01	7.000000e-01	
6.725543e+01	661	1.855061e+02	5.870933e+02	6.725543e+01	661	7.598935e-01	7.000000e-01	
6.735718e+01	662	1.774885e+02	5.676523e+02	6.735718e+01	662	7.618054e-01	7.000000e-01	
6.745892e+01	663	1.806754e+02	5.553819e+02	6.745892e+01	663	7.545362e-01	7.000000e-01	
6.756067e+01	664	1.845219e+02	5.563676e+02	6.756067e+01	664	7.509455e-01	7.000000e-01	
6.766242e+01	665	1.838806e+02	5.452794e+02	6.766242e+01	665	7.478186e-01	7.000000e-01	
6.776417e+01	666	1.683879e+02	5.435989e+02	6.776417e+01	666	7.634958e-01	7.000000e-01	
6.786592e+01	667	1.595358e+02	5.535047e+02	6.786592e+01	667	7.762598e-01	7.000000e-01	
6.796766e+01	668	1.675147e+02	5.574073e+02	6.796766e+01	668	7.689204e-01	7.000000e-01	
6.806941e+01	669	1.558771e+02	5.718405e+02	6.806941e+01	669	7.858000e-01	7.000000e-01	
6.817116e+01	670	1.960693e+02	6.359107e+02	6.817116e+01	670	7.643341e-01	7.000000e-01	
6.827291e+01	671	1.771296e+02	5.832105e+02	6.827291e+01	671	7.670390e-01	7.000000e-01	
6.837466e+01	672	1.842911e+02	5.583237e+02	6.837466e+01	672	7.518349e-01	7.000000e-01	
6.847640e+01	673	1.738048e+02	5.866114e+02	6.847640e+01	673	7.714346e-01	7.000000e-01	
6.857815e+01	674	1.895771e+02	5.862871e+02	6.857815e+01	674	7.556569e-01	7.000000e-01	
6.867990e+01	675	1.969290e+02	6.230879e+02	6.867990e+01	675	7.598476e-01	7.000000e-01	
6.878165e+01	676	1.716527e+02	5.376291e+02	6.878165e+01	676	7.579908e-01	7.000000e-01	
6.888340e+01	677	1.701949e+02	5.069750e+02	6.888340e+01	677	7.486674e-01	7.000000e-01	
6.898514e+01	678	1.512864e+02	4.777304e+02	6.898514e+01	678	7.594875e-01	7.000000e-01	
6.908689e+01	679	1.695874e+02	5.280283e+02	6.908689e+01	679	7.569043e-01	7.000000e-01	
6.918864e+01	680	1.731005e+02	5.070985e+02	6.918864e+01	680	7.455149e-01	7.000000e-01	
6.929039e+01	681	1.781467e+02	5.108799e+02	6.929039e+01	681	7.414516e-01	7.000000e-01	
6.939214e+01	682	1.657635e+02	4.689248e+02	6.939214e+01	682	7.388269e-01	7.000000e-01	
6.949388e+01	683	1.673397e+02	5.245961e+02	6.949388e+01	683	7.581572e-01	7.000000e-01	
6.959563e+01	684	1.757357e+02	5.381014e+02	6.959563e+01	684	7.538154e-01	7.000000e-01	
6.969738e+01	685	1.955878e+02	5.678654e+02	6.969738e+01	685	7.438117e-01	7.000000e-01	
6.979913e+01	686	1.713240e+02	5.126599e+02	6.979913e+01	686	7.495204e-01	7.000000e-01	
6.990088e+01	687	1.743110e+02	5.273423e+02	6.990088e+01	687	7.515710e-01	7.000000e-01	
7.000262e+01	688	1.704827e+02	5.336848e+02	7.000262e+01	688	7.578947e-01	7.000000e-01	
7.010437e+01	689	1.620025e+02	5.342261e+02	7.010437e+01	689	7.673142e-01	7.000000e-01	
7.020612e+01	690	1.815870e+02	5.474427e+02	7.020612e+01	690	7.509196e-01	7.000000e-01	
7.030787e+01	691	1.772783e+02	5.249082e+02	7.030787e+01	691	7.475339e-01	7.000000e-01	
7.040962e+01	692	1.716666e+02	4.791835e+02	7.040962e+01	692	7.362425e-01	7.000000e-01	
7.051136e+01	693	1.609297e+02	4.977713e+02	7.051136e+01	693	7.556863e-01	7.000000e-01	
7.061311e+01	694	1.635033e+02	5.228287e+02	7.061311e+01	694	7.617723e-01	7.000000e-01	
7.071486e+01	695	1.805049e+02	4.657392e+02	7.071486e+01	695	7.206862e-01	7.000000e-01	
7.081661e+01	696	1.717355e+02	5.176672e+02	7.081661e+01	696	7.508923e-01	7.000000e-01	
7.091836e+01	697	1.622254e+02	4.825054e+02	7.091836e+01	697	7.483827e-01	7.000000e-01	
7.102010e+01	698	1.622760e+02	5.054648e+02	7.102010e+01	698	7.569776e-01	7.000000e-01	
7.112185e+01	699	1.912509e+02	4.601375e+02	7.112185e+01	699	7.063950e-01	7.000000e-01	
7.122360e+01	700	1.717483e+02	4.661774e+02	7.122360e+01	700	7.307707e-01	7.000000e-01	
7.132535e+01	701	1.786600e+02	6.511300e+02	7.132535e+01	701	7.846925e-01	7.000000e-01	
7.142710e+01	702	1.883453e+02	6.428336e+02	7.142710e+01	702	7.733998e-01	7.000000e-01	
7.152884e+01	703	1.895975e+02	6.468527e+02	7.152884e+01	703	7.733308e-01	7.000000e-01	
7.163059e+01	704	1.807392e+02	6.195948e+02	7.163059e+01	704	7.741703e-01	7.000000e-01	
7.173234e+01	705	1.800135e+02	6.177816e+02	7.173234e+01	705	7.743612e-01	7.000000e-01	
7.183409e+01	706	1.722014e+02	6.278117e+02	7.183409e+01	706	7.847518e-01	7.000000e-01	
7.193584e+01	707	1.795949e+02	6.069165e+02	7.193584e+01	707	7.716563e-01	7.000000e-01	
7.203758e+01	708	1.941911e+02	6.181163e+02	7.203758e+01	708	7.609389e-01	7.000000e-01	
7.213933e+01	709	1.676426e+02	5.762699e+02	7.213933e+01	709	7.746474e-01	7.000000e-01	
7.224108e+01	710	1.882373e+02	6.580675e+02	7.224108e+01	710	7.775774e-01	7.000000e-01	
7.234283e+01	711	1.968383e+02	6.472362e+02	7.234283e+01	711	7.667999e-01	7.000000e-01	
7.244458e+01	712	1.713401e+02	5.829000e+02	7.244458e+01	712	7.728308e-01	7.000000e-01	
7.254632e+01	713	1.598460e+02	5.883493e+02	7.254632e+01	713	7.863579e-01	7.000000e-01	
7.264807e+01	714	1.459138e+02	5.830686e+02	7.264807e+01	714	7.998391e-01	7.000000e-01	
7.274982e+01	715	1.588066e+02	5.684379e+02	7.274982e+01	715	7.816324e-01	7.000000e-01	
7.285157e+01	716	1.611835e+02	5.734144e+02	7.285157e+01	716	7.805827e-01	7.000000e-01	
7.295332e+01	717	1.520814e+02	5.646980e+02	7.295332e+01	717	7.878268e-01	7.000000e-01	
7.305506e+01	718	1.495707e+02	5.651246e+02	7.305506e+01	718	7.907210e-01	7.000000e-01	
7.315681e+01	719	1.877072e+02	5.860922e+02	7.315681e+01	719	7.574214e-01	7.000000e-01	
7.325856e+01	720	2.066971e+02	6.299499e+02	7.325856e+01	720	7.529459e-01	7.000000e-01	
7.336031e+01	721	2.068905e+02	6.571842e+02	7.336031e+01	721	7.605641e-01	7.000000e-01	
7.346206e+01	722	2.186460e+02	6.713146e+02	7.346206e+01	722	7.543195e-01	7.000000e-01	
7.356380e+01	723	1.806752e+02	6.114342e+02	7.356380e+01	723	7.719063e-01	7.000000e-01	
7.366555e+01	724	1.942263e+02	5.881762e+02	7.366555e+01	724	7.517565e-01	7.000000e-01	
7.376730e+01	725	1.973403e+02	6.022515e+02	7.376730e+01	725	7.531987e-01	7.000000e-01	
7.386905e+01	726	2.107806e+02	6.145265e+02	7.386905e+01	726	7.446034e-01	7.000000e-01	
7.397080e+01	727	2.152719e+02	7.055987e+02	7.397080e+01	727	7.662300e-01	7.000000e-01	
7.407254e+01	728	2.101302e+02	6.756816e+02	7.407254e+01	728	7.627823e-01	7.000000e-01	
7.417429e+01	729	1.675698e+02	5.315440e+02	7.417429e+01	729	7.603111e-01	7.000000e-01	
7.427604e+01	730	1.812622e+02	5.462910e+02	7.427604e+01	730	7.508606e-01	7.000000e-01	
7.437779e+01	731	1.744400e+02	5.200280e+02	7.437779e+01	731	7.488149e-01	7.000000e-01	
7.447954e+01	732	1.775964e+02	4.897770e+02	7.447954e+01	732	7.338875e-01	7.000000e-01	
7.458128e+01	733	1.540260e+02	5.109295e+02	7.458128e+01	733	7.683665e-01	7.000000e-01	
7.468303e+01	734	1.803170e+02	4.877198e+02	7.468303e+01	734	7.300792e-01	7.000000e-01	
7.478478e+01	735	1.696408e+02	4.909249e+02	7.478478e+01	735	7.431886e-01	7.000000e-01	
7.488653e+01	736	1.425526e+02	4.605082e+02	7.488653e+01	736	7.636182e-01	7.000000e-01	
7.498828e+01	737	1.632565e+02	4.833932e+02	7.498828e+01	737	7.475349e-01	7.000000e-01	
7.509002e+01	738	2.088810e+02	4.532650e+02	7.509002e+01	738	6.845394e-01	7.000000e-01	
7.519177e+01	739	1.458072e+02	4.694799e+02	7.519177e+01	739	7.630257e-01	7.000000e-01	
7.529352e+01	740	1.742354e+02	4.984526e+02	7.529352e+01	740	7.409863e-01	7.000000e-01	
7.539527e+01	741	2.116487e+02	4.512299e+02	7.539527e+01	741	6.807127e-01	7.000000e-01	
7.549702e+01	742	1.619398e+02	5.039978e+02	7.549702e+01	742	7.568244e-01	7.000000e-01	
7.559876e+01	743	1.566033e+02	4.968860e+02	7.559876e+01	743	7.603583e-01	7.000000e-01	
7.570051e+01	744	1.594005e+02	4.940117e+02	7.570051e+01	744	7.560491e-01	7.000000e-01	
7.580226e+01	745	1.713706e+02	4.789391e+02	7.580226e+01	745	7.364785e-01	7.000000e-01	
7.590401e+01	746	1.559631e+02	4.752816e+02	7.590401e+01	746	7.529277e-01	7.000000e-01	
7.600576e+01	747	1.795270e+02	5.579766e+02	7.600576e+01	747	7.565747e-01	7.000000e-01	
7.610750e+01	748	1.567297e+02	5.099164e+02	7.610750e+01	748	7.648982e-01	7.000000e-01	
7.620925e+01	749	1.803503e+02	5.383719e+02	7.620925e+01	749	7.490681e-01	7.000000e-01	
7.631100e+01	750	1.470720e+02	5.094376e+02	7.631100e+01	750	7.759789e-01	7.000000e-01	
7.641275e+01	751	1.619050e+02	5.074748e+02	7.641275e+01	751	7.581269e-01	7.000000e-01	
7.651450e+01	752	2.248634e+02	4.971330e+02	7.651450e+01	752	6.885533e-01	7.000000e-01	
7.661624e+01	753	1.542641e+02	5.183332e+02	7.661624e+01	753	7.706442e-01	7.000000e-01	
7.671799e+01	754	1.975236e+02	6.242305e+02	7.671799e+01	754	7.596317e-01	7.000000e-01	
7.681974e+01	755	1.579146e+02	5.435217e+02	7.681974e+01	755	7.748696e-01	7.000000e-01	
7.692149e+01	756	1.554078e+02	5.531449e+02	7.692149e+01	756	7.806687e-01	7.000000e-01	
7.702324e+01	757	1.830277e+02	5.449557e+02	7.702324e+01	757	7.485826e-01	7.000000e-01	
7.712498e+01	758	1.661340e+02	5.828425e+02	7.712498e+01	758	7.781853e-01	7.000000e-01	
7.722673e+01	759	1.580681e+02	5.409711e+02	7.722673e+01	759	7.738781e-01	7.000000e-01	
7.732848e+01	760	1.624170e+02	5.615981e+02	7.732848e+01	760	7.756718e-01	7.000000e-01	
7.743023e+01	761	1.571509e+02	5.637345e+02	7.743023e+01	761	7.820029e-01	7.000000e-01	
7.753198e+01	762	1.505090e+02	5.728793e+02	7.753198e+01	762	7.919389e-01	7.000000e-01	
7.763372e+01	763	1.538358e+02	4.777154e+02	7.763372e+01	763	7.564159e-01	7.000000e-01	
7.773547e+01	764	1.634239e+02	4.995824e+02	7.773547e+01	764	7.535108e-01	7.000000e-01	
7.783722e+01	765	1.611519e+02	5.239558e+02	7.783722e+01	765	7.647787e-01	7.000000e-01	
7.793897e+01	766	1.399319e+02	4.198759e+02	7.793897e+01	766	7.500358e-01	7.000000e-01	
7.804072e+01	767	1.807494e+02	4.746328e+02	7.804072e+01	767	7.242076e-01	7.000000e-01	
7.814246e+01	768	1.544247e+02	4.803245e+02	7.814246e+01	768	7.567154e-01	7.000000e-01	
7.824421e+01	769	1.544185e+02	5.256806e+02	7.824421e+01	769	7.729471e-01	7.000000e-01	
7.834596e+01	770	1.769314e+02	4.311736e+02	7.834596e+01	770	7.090447e-01	7.000000e-01	
7.844771e+01	771	1.831437e+02	4.299556e+02	7.844771e+01	771	7.012822e-01	7.000000e-01	
7.854946e+01	772	1.797702e+02	3.937838e+02	7.854946e+01	772	6.865680e-01	7.000000e-01	
7.865120e+01	773	1.965590e+02	4.468231e+02	7.865120e+01	773	6.944910e-01	7.000000e-01	
7.875295e+01	774	2.215007e+02	4.492638e+02	7.875295e+01	774	6.697787e-01	7.000000e-01	
7.885470e+01	775	1.724928e+02	4.789253e+02	7.885470e+01	775	7.352042e-01	7.000000e-01	
7.895645e+01	776	1.830831e+02	4.511564e+02	7.895645e+01	776	7.113344e-01	7.000000e-01	
7.905820e+01	777	1.610078e+02	4.407786e+02	7.905820e+01	777	7.324503e-01	7.000000e-01	
7.915994e+01	778	1.455102e+02	4.574912e+02	7.915994e+01	778	7.586901e-01	7.000000e-01	
7.926169e+01	779	1.796986e+02	4.875055e+02	7.926169e+01	779	7.306692e-01	7.000000e-01	
7.936344e+01	780	1.896137e+02	4.983373e+02	7.936344e+01	780	7.243791e-01	7.000000e-01	
7.946519e+01	781	1.636114e+02	4.577885e+02	7.946519e+01	781	7.367051e-01	7.000000e-01	
7.956694e+01	782	1.335540e+02	4.302643e+02	7.956694e+01	782	7.631258e-01	7.000000e-01	
7.966868e+01	783	1.546429e+02	4.260791e+02	7.966868e+01	783	7.337058e-01	7.000000e-01	
7.977043e+01	784	1.652962e+02	4.834354e+02	7.977043e+01	784	7.452009e-01	7.000000e-01	
7.987218e+01	785	1.425881e+02	4.241637e+02	7.987218e+01	785	7.484117e-01	7.000000e-01	
7.997393e+01	786	1.742349e+02	4.105080e+02	7.997393e+01	786	7.020316e-01	7.000000e-01	
8.007568e+01	787	1.686218e+02	4.338324e+02	8.007568e+01	787	7.201085e-01	7.000000e-01	
8.017742e+01	788	1.686569e+02	4.432912e+02	8.017742e+01	788	7.243935e-01	7.000000e-01	
8.027917e+01	789	1.529301e+02	4.277718e+02	8.027917e+01	789	7.366461e-01	7.000000e-01	
8.038092e+01	790	1.713082e+02	4.245067e+02	8.038092e+01	790	7.124808e-01	7.000000e-01	
8.048267e+01	791	1.628319e+02	4.420942e+02	8.048267e+01	791	7.308235e-01	7.000000e-01	
8.058442e+01	792	1.759094e+02	4.873467e+02	8.058442e+01	792	7.347791e-01	7.000000e-01	
8.068616e+01	793	1.752976e+02	4.333465e+02	8.068616e+01	793	7.119867e-01	7.000000e-01	
8.078791e+01	794	1.606699e+02	4.650783e+02	8.078791e+01	794	7.432355e-01	7.000000e-01	
8.088966e+01	795	1.613279e+02	4.286073e+02	8.088966e+01	795	7.265328e-01	7.000000e-01	
8.099141e+01	796	1.684962e+02	4.600262e+02	8.099141e+01	796	7.319170e-01	7.000000e-01	
8.109316e+01	797	1.614930e+02	4.449943e+02	8.109316e+01	797	7.337240e-01	7.000000e-01	
8.119490e+01	798	1.886864e+02	4.173599e+02	8.119490e+01	798	6.886601e-01	7.000000e-01	
8.129665e+01	799	1.655903e+02	4.541098e+02	8.129665e+01	799	7.327896e-01	7.000000e-01	
8.139840e+01	800	1.637541e+02	4.423830e+02	8.139840e+01	800	7.298398e-01	7.000000e-01	
8.150015e+01	801	1.596563e+02	5.202897e+02	8.150015e+01	801	7.651927e-01	7.000000e-01	
8.160190e+01	802	1.697368e+02	4.524367e+02	8.160190e+01	802	7.271874e-01	7.000000e-01	
8.170364e+01	803	1.544323e+02	4.844896e+02	8.170364e+01	803	7.582924e-01	7.000000e-01	
8.180539e+01	804	1.594122e+02	5.443144e+02	8.180539e+01	804	7.734742e-01	7.000000e-01	
8.190714e+01	805	1.784235e+02	4.643502e+02	8.190714e+01	805	7.224163e-01	7.000000e-01	
8.200889e+01	806	1.769785e+02	5.047660e+02	8.200889e+01	806	7.404035e-01	7.000000e-01	
8.211064e+01	807	1.831583e+02	5.029242e+02	8.211064e+01	807	7.330375e-01	7.000000e-01	
8.221238e+01	808	1.545508e+02	5.799321e+02	8.221238e+01	808	7.895788e-01	7.000000e-01	
8.231413e+01	809	1.682717e+02	5.180439e+02	8.231413e+01	809	7.548188e-01	7.000000e-01	
8.241588e+01	810	2.024070e+02	4.419697e+02	8.241588e+01	810	6.858872e-01	7.000000e-01	
8.251763e+01	811	1.348063e+02	4.268988e+02	8.251763e+01	811	7.600052e-01	7.000000e-01	
8.261938e+01	812	1.829155e+02	5.183654e+02	8.261938e+01	812	7.391694e-01	7.000000e-01	
8.272112e+01	813	1.351866e+02	5.202172e+02	8.272112e+01	813	7.937354e-01	7.000000e-01	
8.282287e+01	814	1.841790e+02	5.062198e+02	8.282287e+01	814	7.332281e-01	7.000000e-01	
8.292462e+01	815	1.592079e+02	4.840029e+02	8.292462e+01	815	7.524794e-01	7.000000e-01	
8.302637e+01	816	1.119815e+02	3.394970e+02	8.302637e+01	816	7.519671e-01	7.000000e-01	
8.312812e+01	817	9.962135e+01	3.328661e+02	8.312812e+01	817	7.696549e-01	7.000000e-01	
8.322986e+01	818	1.077744e+02	3.258403e+02	8.322986e+01	818	7.514512e-01	7.000000e-01	
8.333161e+01	819	1.039126e+02	2.896097e+02	8.333161e+01	819	7.359423e-01	7.000000e-01	
8.343336e+01	820	1.092017e+02	3.646410e+02	8.343336e+01	820	7.695402e-01	7.000000e-01	
8.353511e+01	821	1.173714e+02	4.101644e+02	8.353511e+01	821	7.775101e-01	7.000000e-01	
8.363686e+01	822	1.347820e+02	4.161675e+02	8.363686e+01	822	7.553641e-01	7.000000e-01	
8.373860e+01	823	1.667218e+02	4.587670e+02	8.373860e+01	823	7.334536e-01	7.000000e-01	
8.384035e+01	824	1.812309e+02	4.723543e+02	8.384035e+01	824	7.227127e-01	7.000000e-01	
8.394210e+01	825	1.486150e+02	4.906113e+02	8.394210e+01	825	7.675080e-01	7.000000e-01	
8.404385e+01	826	1.548340e+02	5.114543e+02	8.404385e+01	826	7.676171e-01	7.000000e-01	
8.414560e+01	827	1.648825e+02	4.761436e+02	8.414560e+01	827	7.427835e-01	7.000000e-01	
8.424734e+01	828	1.639257e+02	5.585380e+02	8.424734e+01	828	7.731018e-01	7.000000e-01	
8.434909e+01	829	1.667128e+02	5.562252e+02	8.434909e+01	829	7.693954e-01	7.000000e-01	
8.445084e+01	830	1.693721e+02	5.320308e+02	8.445084e+01	830	7.585238e-01	7.000000e-01	
8.455259e+01	831	1.512066e+02	5.264472e+02	8.455259e+01	831	7.768675e-01	7.000000e-01	
8.465434e+01	832	1.529640e+02	5.266379e+02	8.465434e+01	832	7.749212e-01	7.000000e-01	
8.475608e+01	833	1.864659e+02	6.220569e+02	8.475608e+01	833	7.693746e-01	7.000000e-01	
8.485783e+01	834	1.671063e+02	5.728423e+02	8.485783e+01	834	7.741650e-01	7.000000e-01	
8.495958e+01	835	1.470176e+02	5.056214e+02	8.495958e+01	835	7.747337e-01	7.000000e-01	
8.506133e+01	836	1.610299e+02	5.396385e+02	8.506133e+01	836	7.701767e-01	7.000000e-01	
8.516308e+01	837	1.493833e+02	5.355955e+02	8.516308e+01	837	7.819154e-01	7.000000e-01	
8.526482e+01	838	1.493262e+02	5.272682e+02	8.526482e+01	838	7.792973e-01	7.000000e-01	
8.536657e+01	839	1.500008e+02	5.455157e+02	8.536657e+01	839	7.843318e-01	7.000000e-01	
8.546832e+01	840	1.485560e+02	5.219133e+02	8.546832e+01	840	7.784298e-01	7.000000e-01	
8.557007e+01	841	1.631008e+02	5.725000e+02	8.557007e+01	841	7.782754e-01	7.000000e-01	
8.567182e+01	842	1.683796e+02	5.581949e+02	8.567182e+01	842	7.682556e-01	7.000000e-01	
8.577356e+01	843	1.502282e+02	5.657866e+02	8.577356e+01	843	7.901884e-01	7.000000e-01	
8.587531e+01	844	1.558209e+02	5.134719e+02	8.587531e+01	844	7.671858e-01	7.000000e-01	
8.597706e+01	845	1.411934e+02	5.433006e+02	8.597706e+01	845	7.937259e-01	7.000000e-01	
8.607881e+01	846	1.492531e+02	5.418057e+02	8.607881e+01	846	7.840226e-01	7.000000e-01	
8.618056e+01	847	2.176855e+02	6.755253e+02	8.618056e+01	847	7.562888e-01	7.000000e-01	
8.628230e+01	848	2.006781e+02	6.881460e+02	8.628230e+01	848	7.742207e-01	7.000000e-01	
8.638405e+01	849	2.726462e+02	5.989862e+02	8.638405e+01	849	6.872005e-01	7.000000e-01	
8.648580e+01	850	1.811251e+02	6.340911e+02	8.648580e+01	850	7.778196e-01	7.000000e-01	
8.658755e+01	851	1.942233e+02	6.517825e+02	8.658755e+01	851	7.704232e-01	7.000000e-01	
8.668930e+01	852	1.952458e+02	6.351069e+02	8.668930e+01	852	7.648640e-01	7.000000e-01	
8.679104e+01	853	1.767299e+02	5.485713e+02	8.679104e+01	853	7.563359e-01	7.000000e-01	
8.689279e+01	854	1.823426e+02	6.246337e+02	8.689279e+01	854	7.740422e-01	7.000000e-01	
8.699454e+01	855	2.173191e+02	6.348225e+02	8.699454e+01	855	7.449730e-01	7.000000e-01	
8.709629e+01	856	1.747748e+02	5.027061e+02	8.709629e+01	856	7.420225e-01	7.000000e-01	
8.719804e+01	857	1.753509e+02	5.099967e+02	8.719804e+01	857	7.441431e-01	7.000000e-01	
8.729978e+01	858	1.771136e+02	5.811732e+02	8.729978e+01	858	7.664293e-01	7.000000e-01	
8.740153e+01	859	1.870799e+02	4.299773e+02	8.740153e+01	859	6.968192e-01	7.000000e-01	
8.750328e+01	860	1.792903e+02	4.228173e+02	8.750328e+01	860	7.022288e-01	7.000000e-01	
8.760503e+01	861	1.719617e+02	4.178292e+02	8.760503e+01	861	7.084362e-01	7.000000e-01	
8.770678e+01	862	1.754831e+02	5.090818e+02	8.770678e+01	862	7.436575e-01	7.000000e-01	
8.780852e+01	863	1.822649e+02	4.451387e+02	8.780852e+01	863	7.094934e-01	7.000000e-01	
8.791027e+01	864	1.696393e+02	4.739283e+02	8.791027e+01	864	7.364080e-01	7.000000e-01	
8.801202e+01	865	1.738502e+02	4.093471e+02	8.801202e+01	865	7.019016e-01	7.000000e-01	
8.811377e+01	866	1.681262e+02	4.083054e+02	8.811377e+01	866	7.083328e-01	7.000000e-01	
8.821552e+01	867	2.048819e+02	4.633324e+02	8.821552e+01	867	6.933889e-01	7.000000e-01	
8.831726e+01	868	1.754202e+02	4.182067e+02	8.831726e+01	868	7.044942e-01	7.000000e-01	
8.841901e+01	869	1.758963e+02	4.132259e+02	8.841901e+01	869	7.014265e-01	7.000000e-01	
8.852076e+01	870	1.443907e+02	4.564296e+02	8.852076e+01	870	7.596774e-01	7.000000e-01	
8.862251e+01	871	1.544531e+02	4.475784e+02	8.862251e+01	871	7.434468e-01	7.000000e-01	
8.872426e+01	872	1.479876e+02	4.996018e+02	8.872426e+01	872	7.714793e-01	7.000000e-01	
8.882600e+01	873	1.448796e+02	4.515727e+02	8.882600e+01	873	7.570978e-01	7.000000e-01	
8.892775e+01	874	1.219057e+02	4.337851e+02	8.892775e+01	874	7.806231e-01	7.000000e-01	
8.902950e+01	875	1.686950e+02	4.679720e+02	8.902950e+01	875	7.350342e-01	7.000000e-01	
8.913125e+01	876	1.660311e+02	4.708422e+02	8.913125e+01	876	7.393028e-01	7.000000e-01	
8.923300e+01	877	1.569435e+02	4.684755e+02	8.923300e+01	877	7.490586e-01	7.000000e-01	
8.933474e+01	878	1.415510e+02	4.462038e+02	8.933474e+01	878	7.591666e-01	7.000000e-01	
8.943649e+01	879	1.730840e+02	4.513305e+02	8.943649e+01	879	7.228059e-01	7.000000e-01	
8.953824e+01	880	1.934529e+02	4.957508e+02	8.953824e+01	880	7.193095e-01	7.000000e-01	
8.963999e+01	881	1.594315e+02	4.612740e+02	8.963999e+01	881	7.431447e-01	7.000000e-01	
8.974174e+01	882	1.703559e+02	4.560037e+02	8.974174e+01	882	7.280222e-01	7.000000e-01	
8.984348e+01	883	1.663425e+02	4.892906e+02	8.984348e+01	883	7.462872e-01	7.000000e-01	
8.994523e+01	884	1.685337e+02	4.683384e+02	8.994523e+01	884	7.353728e-01	7.000000e-01	
9.004698e+01	885	1.542725e+02	4.589697e+02	9.004698e+01	885	7.484314e-01	7.000000e-01	
9.014873e+01	886	1.622633e+02	4.678328e+02	9.014873e+01	886	7.424785e-01	7.000000e-01	
9.025048e+01	887	1.588911e+02	4.688241e+02	9.025048e+01	887	7.468739e-01	7.000000e-01	
9.035222e+01	888	1.581378e+02	4.959366e+02	9.035222e+01	888	7.582266e-01	7.000000e-01	
9.045397e+01	889	1.636872e+02	4.690474e+02	9.045397e+01	889	7.413020e-01	7.000000e-01	
9.055572e+01	890	1.588714e+02	4.645296e+02	9.055572e+01	890	7.451538e-01	7.000000e-01	
9.065747e+01	891	1.599990e+02	4.927187e+02	9.065747e+01	891	7.548726e-01	7.000000e-01	
9.075922e+01	892	1.602986e+02	4.989307e+02	9.075922e+01	892	7.568394e-01	7.000000e-01	
9.086096e+01	893	1.568139e+02	4.945528e+02	9.086096e+01	893	7.592540e-01	7.000000e-01	
9.096271e+01	894	1.488059e+02	5.090356e+02	9.096271e+01	894	7.737967e-01	7.000000e-01	
9.106446e+01	895	1.530809e+02	5.621574e+02	9.106446e+01	895	7.859722e-01	7.000000e-01	
9.116621e+01	896	1.466573e+02	5.727378e+02	9.116621e+01	896	7.961380e-01	7.000000e-01	
9.126796e+01	897	1.584523e+02	5.122092e+02	9.126796e+01	897	7.637373e-01	7.000000e-01	
9.136970e+01	898	1.615468e+02	5.004439e+02	9.136970e+01	898	7.559682e-01	7.000000e-01	
9.147145e+01	899	1.544948e+02	5.818565e+02	9.147145e+01	899	7.901887e-01	7.000000e-01	
9.157320e+01	900	1.552062e+02	6.454483e+02	9.157320e+01	900	8.061508e-01	7.000000e-01	
9.167495e+01	901	1.446740e+02	6.768761e+02	9.167495e+01	901	8.239012e-01	7.000000e-01	
9.177670e+01	902	1.298122e+02	6.826592e+02	9.177670e+01	902	8.402255e-01	7.000000e-01	
9.187844e+01	903	1.711068e+02	5.419938e+02	9.187844e+01	903	7.600524e-01	7.000000e-01	
9.198019e+01	904	1.723359e+02	4.550043e+02	9.198019e+01	904	7.252912e-01	7.000000e-01	
9.208194e+01	905	1.815120e+02	5.582979e+02	9.208194e+01	905	7.546505e-01	7.000000e-01	
9.218369e+01	906	1.483910e+02	5.853467e+02	9.218369e+01	906	7.977602e-01	7.000000e-01	
9.228544e+01	907	1.538598e+02	4.779030e+02	9.228544e+01	907	7.564595e-01	7.000000e-01	
9.238718e+01	908	1.795344e+02	5.730306e+02	9.238718e+01	908	7.614367e-01	7.000000e-01	
9.248893e+01	909	1.733785e+02	4.633348e+02	9.248893e+01	909	7.276977e-01	7.000000e-01	
9.259068e+01	910	1.359972e+02	4.497075e+02	9.259068e+01	910	7.678059e-01	7.000000e-01	
9.269243e+01	911	1.488568e+02	4.799104e+02	9.269243e+01	911	7.632561e-01	7.000000e-01	
9.279418e+01	912	1.467759e+02	4.873824e+02	9.279418e+01	912	7.685501e-01	7.000000e-01	
9.289592e+01	913	1.797200e+02	5.438962e+02	9.289592e+01	913	7.516363e-01	7.000000e-01	
9.299767e+01	914	1.479043e+02	5.567776e+02	9.299767e+01	914	7.901120e-01	7.000000e-01	
9.309942e+01	915	1.498925e+02	3.865352e+02	9.309942e+01	915	7.205728e-01	7.000000e-01	
9.320117e+01	916	1.492489e+02	4.108137e+02	9.320117e+01	916	7.335139e-01	7.000000e-01	
9.330292e+01	917	1.363389e+02	3.391552e+02	9.330292e+01	917	7.132690e-01	7.000000e-01	
9.340466e+01	918	1.446510e+02	3.262249e+02	9.340466e+01	918	6.928044e-01	7.000000e-01	
9.350641e+01	919	1.506662e+02	3.730462e+02	9.350641e+01	919	7.123112e-01	7.000000e-01	
9.360816e+01	920	1.565861e+02	3.339439e+02	9.360816e+01	920	6.807818e-01	7.000000e-01	
9.370991e+01	921	1.407174e+02	3.430029e+02	9.370991e+01	921	7.090935e-01	7.000000e-01	
9.381166e+01	922	1.406781e+02	3.127790e+02	9.381166e+01	922	6.897654e-01	7.000000e-01	
9.391340e+01	923	9.253751e+01	3.681186e+02	9.391340e+01	923	7.991180e-01	7.000000e-01	
9.401515e+01	924	1.056478e+02	3.575771e+02	9.401515e+01	924	7.719298e-01	7.000000e-01	
9.411690e+01	925	1.079855e+02	3.745787e+02	9.411690e+01	925	7.762256e-01	7.000000e-01	
9.421865e+01	926	1.188536e+02	3.926398e+02	9.421865e+01	926	7.676341e-01	7.000000e-01	
9.432040e+01	927	9.501231e+01	3.362125e+02	9.432040e+01	927	7.796687e-01	7.000000e-01	
9.442214e+01	928	1.057287e+02	3.744027e+02	9.442214e+01	928	7.797922e-01	7.000000e-01	
9.452389e+01	929	1.135812e+02	3.745957e+02	9.452389e+01	929	7.673360e-01	7.000000e-01	
9.462564e+01	930	1.156507e+02	3.690762e+02	9.462564e+01	930	7.614106e-01	7.000000e-01	
9.472739e+01	931	1.769561e+02	4.282817e+02	9.472739e+01	931	7.076255e-01	7.000000e-01	
9.482914e+01	932	1.396622e+02	3.555126e+02	9.482914e+01	932	7.179537e-01	7.000000e-01	
9.493088e+01	933	1.507836e+02	3.654645e+02	9.493088e+01	933	7.079242e-01	7.000000e-01	
9.503263e+01	934	2.006619e+02	5.063633e+02	9.503263e+01	934	7.161885e-01	7.000000e-01	
9.513438e+01	935	1.626011e+02	4.000973e+02	9.513438e+01	935	7.110333e-01	7.000000e-01	
9.523613e+01	936	1.746864e+02	4.299128e+02	9.523613e+01	936	7.110707e-01	7.000000e-01	
9.533788e+01	937	1.919159e+02	4.932583e+02	9.533788e+01	937	7.199020e-01	7.000000e-01	
9.543962e+01	938	2.049854e+02	4.952953e+02	9.543962e+01	938	7.072811e-01	7.000000e-01	
9.554137e+01	939	2.501703e+02	4.859443e+02	9.554137e+01	939	6.601476e-01	7.000000e-01	
9.564312e+01	940	1.921953e+02	5.087501e+02	9.564312e+01	940	7.258056e-01	7.000000e-01	
9.574487e+01	941	1.575062e+02	4.843372e+02	9.574487e+01	941	7.546034e-01	7.000000e-01	
9.584662e+01	942	1.787793e+02	4.903012e+02	9.584662e+01	942	7.327985e-01	7.000000e-01	
9.594836e+01	943	1.525329e+02	5.085084e+02	9.594836e+01	943	7.692536e-01	7.000000e-01	
9.605011e+01	944	1.872323e+02	4.363868e+02	9.605011e+01	944	6.997650e-01	7.000000e-01	
9.615186e+01	945	1.454047e+02	5.349697e+02	9.615186e+01	945	7.862872e-01	7.000000e-01	
9.625361e+01	946	1.364330e+02	5.623308e+02	9.625361e+01	946	8.047509e-01	7.000000e-01	
9.635536e+01	947	1.764030e+02	5.434273e+02	9.635536e+01	947	7.549381e-01	7.000000e-01	
9.645710e+01	948	1.650638e+02	5.471883e+02	9.645710e+01	948	7.682509e-01	7.000000e-01	
9.655885e+01	949	1.438539e+02	5.881719e+02	9.655885e+01	949	8.034852e-01	7.000000e-01	
9.666060e+01	950	1.484577e+02	5.206968e+02	9.666060e+01	950	7.781414e-01	7.000000e-01	
9.676235e+01	951	1.516704e+02	5.089730e+02	9.676235e+01	951	7.704202e-01	7.000000e-01	
9.686410e+01	952	1.490715e+02	5.566042e+02	9.686410e+01	952	7.887535e-01	7.000000e-01	
9.696584e+01	953	1.893344e+02	4.684418e+02	9.696584e+01	953	7.121599e-01	7.000000e-01	
9.706759e+01	954	1.759325e+02	5.072371e+02	9.706759e+01	954	7.424761e-01	7.000000e-01	
9.716934e+01	955	1.633351e+02	5.570113e+02	9.716934e+01	955	7.732548e-01	7.000000e-01	
9.727109e+01	956	1.701130e+02	5.343219e+02	9.727109e+01	956	7.585114e-01	7.000000e-01	
9.737284e+01	957	1.516735e+02	5.323528e+02	9.737284e+01	957	7.782636e-01	7.000000e-01	
9.747458e+01	958	1.650889e+02	5.428255e+02	9.747458e+01	958	7.667954e-01	7.000000e-01	
9.757633e+01	959	1.676435e+02	5.547889e+02	9.757633e+01	959	7.679458e-01	7.000000e-01	
9.767808e+01	960	1.836742e+02	5.303124e+02	9.767808e+01	960	7.427484e-01	7.000000e-01	
9.777983e+01	961	1.618145e+02	5.208952e+02	9.777983e+01	961	7.629820e-01	7.000000e-01	
9.788158e+01	962	1.650755e+02	5.212235e+02	9.788158e+01	962	7.594700e-01	7.000000e-01	
9.798332e+01	963	1.801644e+02	5.345518e+02	9.798332e+01	963	7.479218e-01	7.000000e-01	
9.808507e+01	964	1.878309e+02	5.358149e+02	9.808507e+01	964	7.404381e-01	7.000000e-01	
9.818682e+01	965	1.734505e+02	5.398728e+02	9.818682e+01	965	7.568417e-01	7.000000e-01	
9.828857e+01	966	1.741306e+02	7.508204e+02	9.828857e+01	966	8.117407e-01	7.000000e-01	
9.839032e+01	967	1.587621e+02	6.199069e+02	9.839032e+01	967	7.961109e-01	7.000000e-01	
9.849206e+01	968	1.623125e+02	6.063741e+02	9.849206e+01	968	7.888444e-01	7.000000e-01	
9.859381e+01	969	1.590715e+02	7.311950e+02	9.859381e+01	969	8.213215e-01	7.000000e-01	
9.869556e+01	970	1.594543e+02	6.457805e+02	9.869556e+01	970	8.019779e-01	7.000000e-01	
9.879731e+01	971	1.627402e+02	5.362060e+02	9.879731e+01	971	7.671635e-01	7.000000e-01	
9.889906e+01	972	1.565150e+02	4.863682e+02	9.889906e+01	972	7.565421e-01	7.000000e-01	
9.900080e+01	973	1.513181e+02	4.552320e+02	9.900080e+01	973	7.505266e-01	7.000000e-01	
9.910255e+01	974	1.678118e+02	5.895473e+02	9.910255e+01	974	7.784251e-01	7.000000e-01	
9.920430e+01	975	1.387287e+02	4.996158e+02	9.920430e+01	975	7.826742e-01	7.000000e-01	
9.930605e+01	976	1.390077e+02	5.024832e+02	9.930605e+01	976	7.833053e-01	7.000000e-01	
9.940780e+01	977	1.392909e+02	4.850705e+02	9.940780e+01	977	7.769066e-01	7.000000e-01	
9.950954e+01	978	1.440266e+02	5.103127e+02	9.950954e+01	978	7.798900e-01	7.000000e-01	
9.961129e+01	979	1.623924e+02	4.934565e+02	9.961129e+01	979	7.523936e-01	7.000000e-01	
9.971304e+01	980	1.423193e+02	4.886392e+02	9.971304e+01	980	7.744395e-01	7.000000e-01	
9.981479e+01	981	1.557261e+02	4.624674e+02	9.981479e+01	981	7.480949e-01	7.000000e-01	
9.991654e+01	982	1.533535e+02	4.673156e+02	9.991654e+01	982	7.529223e-01	7.000000e-01	
1.000183e+02	983	1.391013e+02	4.842319e+02	1.000183e+02	983	7.768428e-01	7.000000e-01	
1.001200e+02	984	1.392038e+02	4.910125e+02	1.001200e+02	984	7.791174e-01	7.000000e-01	
1.002218e+02	985	1.735489e+02	4.705481e+02	1.002218e+02	985	7.305547e-01	7.000000e-01	
1.003235e+02	986	1.735945e+02	4.718710e+02	1.003235e+02	986	7.310553e-01	7.000000e-01	
1.004253e+02	987	1.603960e+02	4.832065e+02	1.004253e+02	987	7.507841e-01	7.000000e-01	
1.005270e+02	988	1.541083e+02	4.706200e+02	1.005270e+02	988	7.533195e-01	7.000000e-01	
1.006288e+02	989	1.654515e+02	4.934796e+02	1.006288e+02	989	7.489093e-01	7.000000e-01	
1.007305e+02	990	1.619802e+02	4.677056e+02	1.007305e+02	990	7.427603e-01	7.000000e-01	
1.008323e+02	991	1.551717e+02	4.960312e+02	1.008323e+02	991	7.617153e-01	7.000000e-01	
1.009340e+02	992	1.728084e+02	4.681464e+02	1.009340e+02	992	7.303891e-01	7.000000e-01	
1.010358e+02	993	1.673973e+02	4.746476e+02	1.010358e+02	993	7.392748e-01	7.000000e-01	
1.011375e+02	994	1.548956e+02	5.131193e+02	1.011375e+02	994	7.681255e-01	7.000000e-01	
1.012393e+02	995	1.446347e+02	5.035144e+02	1.012393e+02	995	7.768496e-01	7.000000e-01	
1.013410e+02	996	1.490995e+02	5.231484e+02	1.013410e+02	996	7.782076e-01	7.000000e-01	
1.014428e+02	997	1.474235e+02	5.032633e+02	1.014428e+02	997	7.734340e-01	7.000000e-01	
1.015445e+02	998	1.494938e+02	5.019958e+02	1.015445e+02	998	7.705354e-01	7.000000e-01	
1.016463e+02	999	1.400120e+02	5.305997e+02	1.016463e+02	999	7.912175e-01	7.000000e-01	
1.017480e+02	1000	1.327038e+02	5.198257e+02	1.017480e+02	1000	7.966317e-01	7.000000e-01	
1.018497e+02	1001	1.569501e+02	5.203903e+02	1.018497e+02	1001	7.682848e-01	7.000000e-01	
1.019515e+02	1002	1.601358e+02	5.260669e+02	1.019515e+02	1002	7.666348e-01	7.000000e-01	
1.020532e+02	1003	1.660029e+02	5.508028e+02	1.020532e+02	1003	7.684130e-01	7.000000e-01	
1.021550e+02	1004	1.500011e+02	5.297447e+02	1.021550e+02	1004	7.793277e-01	7.000000e-01	
1.022567e+02	1005	1.497745e+02	5.540245e+02	1.022567e+02	1005	7.871914e-01	7.000000e-01	
1.023585e+02	1006	1.519969e+02	5.099793e+02	1.023585e+02	1006	7.703892e-01	7.000000e-01	
1.024602e+02	1007	1.789464e+02	5.587239e+02	1.024602e+02	1007	7.574168e-01	7.000000e-01	
1.025620e+02	1008	1.775084e+02	5.062268e+02	1.025620e+02	1008	7.403843e-01	7.000000e-01	
1.026637e+02	1009	1.549491e+02	5.338854e+02	1.026637e+02	1009	7.750561e-01	7.000000e-01	
1.027655e+02	1010	1.563205e+02	5.369979e+02	1.027655e+02	1010	7.745329e-01	7.000000e-01	
1.028672e+02	1011	1.728836e+02	6.143620e+02	1.028672e+02	1011	7.803943e-01	7.000000e-01	
1.029690e+02	1012	1.590245e+02	5.995105e+02	1.029690e+02	1012	7.903531e-01	7.000000e-01	
1.030707e+02	1013	1.660051e+02	5.806657e+02	1.030707e+02	1013	7.776730e-01	7.000000e-01	
1.031725e+02	1014	1.571050e+02	5.048316e+02	1.031725e+02	1014	7.626585e-01	7.000000e-01	
1.032742e+02	1015	1.771223e+02	5.671306e+02	1.032742e+02	1015	7.620133e-01	7.000000e-01	
1.033760e+02	1016	1.732158e+02	5.893567e+02	1.033760e+02	1016	7.728533e-01	7.000000e-01	
1.034777e+02	1017	1.470665e+02	4.718674e+02	1.034777e+02	1017	7.623874e-01	7.000000e-01	
1.035795e+02	1018	1.403469e+02	4.790107e+02	1.035795e+02	1018	7.733992e-01	7.000000e-01	
1.036812e+02	1019	1.378135e+02	4.828260e+02	1.036812e+02	1019	7.779492e-01	7.000000e-01	
1.037830e+02	1020	1.479993e+02	4.622363e+02	1.037830e+02	1020	7.574719e-01	7.000000e-01	
1.038847e+02	1021	1.228263e+02	5.072194e+02	1.038847e+02	1021	8.050518e-01	7.000000e-01	
1.039865e+02	1022	6.604902e+01	6.088020e+02	1.039865e+02	1022	9.021280e-01	7.000000e-01	
1.040882e+02	1023	1.517171e+02	4.723981e+02	1.040882e+02	1023	7.569085e-01	7.000000e-01	
1.041900e+02	1024	1.467005e+02	4.251383e+02	1.041900e+02	1024	7.434583e-01	7.000000e-01	
1.042917e+02	1025	1.026060e+02	5.147701e+02	1.042917e+02	1025	8.338031e-01	7.000000e-01	
1.043934e+02	1026	1.346183e+02	4.226405e+02	1.043934e+02	1026	7.584277e-01	7.000000e-01	
1.044952e+02	1027	1.354360e+02	4.806998e+02	1.044952e+02	1027	7.801848e-01	7.000000e-01	
1.045969e+02	1028	1.376412e+02	4.808096e+02	1.045969e+02	1028	7.774420e-01	7.000000e-01	
1.046987e+02	1029	1.290523e+02	4.981786e+02	1.046987e+02	1029	7.942507e-01	7.000000e-01	
1.048004e+02	1030	1.297335e+02	4.579306e+02	1.048004e+02	1030	7.792387e-01	7.000000e-01	
1.049022e+02	1031	1.396479e+02	5.339423e+02	1.049022e+02	1031	7.926812e-01	7.000000e-01	
1.050039e+02	1032	1.339843e+02	4.276177e+02	1.050039e+02	1032	7.614248e-01	7.000000e-01	
1.051057e+02	1033	1.272846e+02	4.143404e+02	1.051057e+02	1033	7.649950e-01	7.000000e-01	
1.052074e+02	1034	1.362139e+02	5.062665e+02	1.052074e+02	1034	7.879875e-01	7.000000e-01	
1.053092e+02	1035	1.319954e+02	5.105978e+02	1.053092e+02	1035	7.945895e-01	7.000000e-01	
1.054109e+02	1036	1.395535e+02	4.898870e+02	1.054109e+02	1036	7.782896e-01	7.000000e-01	
1.055127e+02	1037	1.404069e+02	5.905600e+02	1.055127e+02	1037	8.079162e-01	7.000000e-01	
1.056144e+02	1038	1.403931e+02	5.826300e+02	1.056144e+02	1038	8.058249e-01	7.000000e-01	
1.057162e+02	1039	1.371956e+02	5.241084e+02	1.057162e+02	1039	7.925378e-01	7.000000e-01	
1.058179e+02	1040	1.358251e+02	5.331908e+02	1.058179e+02	1040	7.969778e-01	7.000000e-01	
1.059197e+02	1041	1.031185e+02	8.561672e+02	1.059197e+02	1041	8.925049e-01	7.000000e-01	
1.060214e+02	1042	1.122958e+02	7.546255e+02	1.060214e+02	1042	8.704660e-01	7.000000e-01	
1.061232e+02	1043	1.273789e+02	8.386611e+02	1.061232e+02	1043	8.681432e-01	7.000000e-01	
1.062249e+02	1044	1.102701e+02	7.802299e+02	1.062249e+02	1044	8.761706e-01	7.000000e-01	
1.063267e+02	1045	1.014028e+02	7.391924e+02	1.063267e+02	1045	8.793679e-01	7.000000e-01	
1.064284e+02	1046	1.509084e+02	6.230474e+02	1.064284e+02	1046	8.050168e-01	7.000000e-01	
1.065302e+02	1047	1.096518e+02	9.416646e+02	1.065302e+02	1047	8.957005e-01	7.000000e-01	
1.066319e+02	1048	1.314876e+02	6.077131e+02	1.066319e+02	1048	8.221219e-01	7.000000e-01	
1.067337e+02	1049	1.767620e+02	6.222555e+02	1.067337e+02	1049	7.787758e-01	7.000000e-01	
1.068354e+02	1050	1.762504e+02	6.313150e+02	1.068354e+02	1050	7.817509e-01	7.000000e-01	
1.069371e+02	1051	1.420355e+02	5.788531e+02	1.069371e+02	1051	8.029716e-01	7.000000e-01	
1.070389e+02	1052	1.700391e+02	6.529372e+02	1.070389e+02	1052	7.933852e-01	7.000000e-01	
1.071406e+02	1053	1.573852e+02	5.884085e+02	1.071406e+02	1053	7.889695e-01	7.000000e-01	
1.072424e+02	1054	1.641939e+02	5.894012e+02	1.072424e+02	1054	7.821192e-01	7.000000e-01	
1.073441e+02	1055	1.646794e+02	6.377263e+02	1.073441e+02	1055	7.947679e-01	7.000000e-01	
1.074459e+02	1056	1.631793e+02	5.890591e+02	1.074459e+02	1056	7.830750e-01	7.000000e-01	
1.075476e+02	1057	1.701543e+02	6.524093e+02	1.075476e+02	1057	7.931415e-01	7.000000e-01	
1.076494e+02	1058	1.300714e+02	5.436117e+02	1.076494e+02	1058	8.069249e-01	7.000000e-01	
1.077511e+02	1059	1.359143e+02	6.289100e+02	1.077511e+02	1059	8.222934e-01	7.000000e-01	
1.078529e+02	1060	1.666456e+02	5.920126e+02	1.078529e+02	1060	7.803417e-01	7.000000e-01	
1.079546e+02	1061	1.367977e+02	5.553020e+02	1.079546e+02	1061	8.023439e-01	7.000000e-01	
1.080564e+02	1062	1.117280e+02	5.042305e+02	1.080564e+02	1062	8.186112e-01	7.000000e-01	
1.081581e+02	1063	1.498856e+02	5.863000e+02	1.081581e+02	1063	7.964024e-01	7.000000e-01	
1.082599e+02	1064	1.267742e+02	4.007483e+02	1.082599e+02	1064	7.596800e-01	7.000000e-01	
1.083616e+02	1065	1.348554e+02	5.829812e+02	1.083616e+02	1065	8.121364e-01	7.000000e-01	
1.084634e+02	1066	1.610749e+02	6.189311e+02	1.084634e+02	1066	7.934953e-01	7.000000e-01	
1.085651e+02	1067	1.635344e+02	5.835843e+02	1.085651e+02	1067	7.811132e-01	7.000000e-01	
1.086669e+02	1068	1.649759e+02	5.852816e+02	1.086669e+02	1068	7.801076e-01	7.000000e-01	
1.087686e+02	1069	1.911124e+02	6.943224e+02	1.087686e+02	1069	7.841598e-01	7.000000e-01	
1.088704e+02	1070	1.930331e+02	5.935684e+02	1.088704e+02	1070	7.545986e-01	7.000000e-01	
1.089721e+02	1071	1.345571e+02	5.631979e+02	1.089721e+02	1071	8.071571e-01	7.000000e-01	
1.090739e+02	1072	2.050122e+02	6.322270e+02	1.090739e+02	1072	7.551331e-01	7.000000e-01	
1.091756e+02	1073	1.909794e+02	5.768781e+02	1.091756e+02	1073	7.512828e-01	7.000000e-01	
1.092774e+02	1074	2.054188e+02	6.551405e+02	1.092774e+02	1074	7.612962e-01	7.000000e-01	
1.093791e+02	1075	1.688915e+02	6.160556e+02	1.093791e+02	1075	7.848371e-01	7.000000e-01	
1.094808e+02	1076	1.916682e+02	6.831366e+02	1.094808e+02	1076	7.809018e-01	7.000000e-01	
1.095826e+02	1077	1.981149e+02	6.699826e+02	1.095826e+02	1077	7.717827e-01	7.000000e-01	
1.096843e+02	1078	2.251746e+02	6.604219e+02	1.096843e+02	1078	7.457368e-01	7.000000e-01	
1.097861e+02	1079	1.615811e+02	5.881780e+02	1.097861e+02	1079	7.844893e-01	7.000000e-01	
1.098878e+02	1080	1.649283e+02	6.647022e+02	1.098878e+02	1080	8.012027e-01	7.000000e-01	
1.099896e+02	1081	1.849759e+02	6.516478e+02	1.099896e+02	1081	7.789019e-01	7.000000e-01	
1.100913e+02	1082	1.839361e+02	6.222995e+02	1.100913e+02	1082	7.718581e-01	7.000000e-01	
1.101931e+02	1083	1.918341e+02	6.651046e+02	1.101931e+02	1083	7.761402e-01	7.000000e-01	
1.102948e+02	1084	1.664328e+02	6.378759e+02	1.102948e+02	1084	7.930735e-01	7.000000e-01	
1.103966e+02	1085	1.974846e+02	6.169799e+02	1.103966e+02	1085	7.575283e-01	7.000000e-01	
1.104983e+02	1086	1.910700e+02	6.197622e+02	1.104983e+02	1086	7.643532e-01	7.000000e-01	
1.106001e+02	1087	1.963472e+02	6.360854e+02	1.106001e+02	1087	7.641284e-01	7.000000e-01	
1.107018e+02	1088	1.784035e+02	6.393396e+02	1.107018e+02	1088	7.818343e-01	7.000000e-01	
1.108036e+02	1089	1.968408e+02	6.241678e+02	1.108036e+02	1089	7.602451e-01	7.000000e-01	
1.109053e+02	1090	5.010888e+02	1.820758e+01	1.109053e+02	1090	3.506202e-02	0	
1.110071e+02	1091	5.054031e+02	1.872460e+01	1.110071e+02	1091	3.572526e-02	0	
1.111088e+02	1092	5.003713e+02	1.773374e+01	1.111088e+02	1092	3.422808e-02	0	
1.112106e+02	1093	5.104574e+02	1.151556e+01	1.112106e+02	1093	2.206160e-02	0	
1.113123e+02	1094	4.953207e+02	1.817408e+01	1.113123e+02	1094	3.539292e-02	0	
1.114141e+02	1095	5.016402e+02	2.105770e+01	1.114141e+02	1095	4.028656e-02	0	
1.115158e+02	1096	4.860050e+02	2.802789e+01	1.115158e+02	1096	5.452548e-02	0	
1.116176e+02	1097	5.058569e+02	1.235347e+01	1.116176e+02	1097	2.383872e-02	0	
1.117193e+02	1098	5.072138e+02	3.229443e+00	1.117193e+02	1098	6.326743e-03	0	
1.118211e+02	1099	5.060244e+02	2.410166e+01	1.118211e+02	1099	4.546402e-02	0	
1.119228e+02	1100	4.990866e+02	2.181387e+01	1.119228e+02	1100	4.187723e-02	0	
1.120245e+02	1101	4.668155e+02	7.900925e+00	1.120245e+02	1101	1.664346e-02	0	
1.121263e+02	1102	5.044038e+02	1.094082e+01	1.121263e+02	1102	2.123010e-02	0	
1.122280e+02	1103	5.286550e+02	3.397290e+00	1.122280e+02	1103	6.385256e-03	0	
1.123298e+02	1104	5.276626e+02	-3.529671e+01	1.123298e+02	1104	-7.168797e-02	0	
1.124315e+02	1105	5.152871e+02	1.003730e+01	1.124315e+02	1105	1.910686e-02	0	
1.125333e+02	1106	5.250354e+02	-5.497372e+00	1.125333e+02	1106	-1.058127e-02	0	
1.126350e+02	1107	5.998598e+02	-6.151279e+00	1.126350e+02	1107	-1.036077e-02	0	
1.127368e+02	1108	5.642569e+02	-2.017114e+01	1.127368e+02	1108	-3.707346e-02	0	
1.128385e+02	1109	6.046786e+02	-2.015598e+00	1.128385e+02	1109	-3.344486e-03	0	
1.129403e+02	1110	5.855845e+02	-1.852610e+01	1.129403e+02	1110	-3.267053e-02	0	
1.130420e+02	1111	5.385326e+02	-3.596516e+00	1.130420e+02	1111	-6.723263e-03	0	
1.131438e+02	1112	5.488351e+02	2.739817e+00	1.131438e+02	1112	4.967262e-03	0	
1.132455e+02	1113	5.985306e+02	-2.374105e+00	1.132455e+02	1113	-3.982352e-03	0	
1.133473e+02	1114	5.783308e+02	-1.150735e+00	1.133473e+02	1114	-1.993719e-03	0	
1.134490e+02	1115	5.938734e+02	-1.144076e+01	1.134490e+02	1115	-1.964306e-02	0	
1.135508e+02	1116	6.292425e+02	-6.661976e+00	1.135508e+02	1116	-1.070059e-02	0	
1.136525e+02	1117	5.666443e+02	1.788603e+01	1.136525e+02	1117	3.059898e-02	0	
1.137543e+02	1118	6.618863e+02	-1.363522e+01	1.137543e+02	1118	-2.103386e-02	0	
1.138560e+02	1119	6.474933e+02	-1.336573e+01	1.138560e+02	1119	-2.107735e-02	0	
1.139578e+02	1120	5.805141e+02	1.929201e+01	1.139578e+02	1120	3.216374e-02	0	
1.140595e+02	1121	5.831279e+02	1.167990e+01	1.140595e+02	1121	1.963643e-02	0	
1.141613e+02	1122	5.829530e+02	2.063561e+01	1.141613e+02	1122	3.418820e-02	0	
1.142630e+02	1123	5.550136e+02	1.142556e+00	1.142630e+02	1123	2.054380e-03	0	
1.143648e+02	1124	5.375989e+02	1.309315e+01	1.143648e+02	1124	2.377581e-02	0	
1.144665e+02	1125	5.940516e+02	-2.274038e+00	1.144665e+02	1125	-3.842724e-03	0	
1.145682e+02	1126	6.566780e+02	4.789598e+01	1.145682e+02	1126	6.797864e-02	0	
1.146700e+02	1127	5.583259e+02	2.841069e+01	1.146700e+02	1127	4.842154e-02	0	
1.147717e+02	1128	5.866047e+02	6.415885e+00	1.147717e+02	1128	1.081899e-02	0	
1.148735e+02	1129	6.042394e+02	1.391115e+01	1.148735e+02	1129	2.250447e-02	0	
1.149752e+02	1130	6.076231e+02	1.581891e+01	1.149752e+02	1130	2.537351e-02	0	
1.150770e+02	1131	5.799026e+02	1.185816e+01	1.150770e+02	1131	2.003877e-02	0	
1.151787e+02	1132	6.505404e+02	2.307895e+01	1.151787e+02	1132	3.426111e-02	0	
1.152805e+02	1133	5.845908e+02	-1.515340e+00	1.152805e+02	1133	-2.598875e-03	0	
1.153822e+02	1134	5.547444e+02	1.146572e+01	1.153822e+02	1134	2.024994e-02	0	
1.154840e+02	1135	5.723651e+02	1.617841e+01	1.154840e+02	1135	2.748889e-02	0	
1.155857e+02	1136	6.115534e+02	9.765836e-01	1.155857e+02	1136	1.594344e-03	0	
1.156875e+02	1137	6.068772e+02	1.102685e+01	1.156875e+02	1137	1.784557e-02	0	
1.157892e+02	1138	6.084964e+02	1.008045e+01	1.157892e+02	1138	1.629620e-02	0	
1.158910e+02	1139	5.936575e+02	8.032802e+00	1.158910e+02	1139	1.335039e-02	0	
1.159927e+02	1140	5.740870e+02	2.316295e+01	1.159927e+02	1140	3.878267e-02	0	
1.160945e+02	1141	4.447257e+02	1.813495e+01	1.160945e+02	1141	3.918015e-02	0	
1.161962e+02	1142	5.326349e+02	1.252688e+01	1.161962e+02	1142	2.297828e-02	0	
1.162980e+02	1143	4.543070e+02	2.680505e+01	1.162980e+02	1143	5.571478e-02	0	
1.163997e+02	1144	4.444169e+02	1.814886e+01	1.163997e+02	1144	3.923520e-02	0	
1.165015e+02	1145	5.724961e+02	1.556389e+00	1.165015e+02	1145	2.711231e-03	0	
1.166032e+02	1146	6.783735e+02	6.073131e+01	1.166032e+02	1146	8.216874e-02	0	
1.167050e+02	1147	5.739305e+02	2.388114e+01	1.167050e+02	1147	3.994760e-02	0	
1.168067e+02	1148	5.573974e+02	1.206479e+01	1.168067e+02	1148	2.118629e-02	0	
1.169085e+02	1149	5.600444e+02	3.431114e+00	1.169085e+02	1149	6.089198e-03	0	
1.170102e+02	1150	6.088557e+02	1.865379e+01	1.170102e+02	1150	2.972671e-02	0	
1.171119e+02	1151	5.636081e+02	2.262808e+01	1.171119e+02	1151	3.859891e-02	0	
1.172137e+02	1152	5.545507e+02	1.404827e+00	1.172137e+02	1152	2.526869e-03	0	
1.173154e+02	1153	5.582361e+02	1.397791e+01	1.173154e+02	1153	2.442777e-02	0	
1.174172e+02	1154	5.724587e+02	2.478925e+01	1.174172e+02	1154	4.150579e-02	0	
1.175189e+02	1155	5.832362e+02	2.991075e+01	1.175189e+02	1155	4.878235e-02	0	
1.176207e+02	1156	6.184355e+02	1.869112e+01	1.176207e+02	1156	2.933659e-02	0	
1.177224e+02	1157	5.871548e+02	3.981086e+01	1.177224e+02	1157	6.349767e-02	0	
1.178242e+02	1158	5.717931e+02	1.460207e+01	1.178242e+02	1158	2.490142e-02	0	
1.179259e+02	1159	6.190404e+02	1.872474e+01	1.179259e+02	1159	2.935993e-02	0	
1.180277e+02	1160	5.902553e+02	3.367675e+01	1.180277e+02	1160	5.397503e-02	0	
1.181294e+02	1161	5.812871e+02	4.902939e+01	1.181294e+02	1161	7.778535e-02	0	
1.182312e+02	1162	5.778108e+02	2.142283e+01	1.182312e+02	1162	3.575038e-02	0	
1.183329e+02	1163	5.876479e+02	3.611790e+01	1.183329e+02	1163	5.790298e-02	0	
1.184347e+02	1164	5.822269e+02	3.310493e+01	1.184347e+02	1164	5.380013e-02	0	
1.185364e+02	1165	5.547028e+02	4.164273e+01	1.185364e+02	1165	6.982987e-02	0	
1.186382e+02	1166	5.291968e+02	9.492218e+01	1.186382e+02	1166	1.520899e-01	0	
1.187399e+02	1167	5.761623e+02	5.035987e+01	1.187399e+02	1167	8.038003e-02	0	
1.188417e+02	1168	5.992455e+02	4.677009e+01	1.188417e+02	1168	7.239777e-02	0	
1.189434e+02	1169	6.055548e+02	1.259868e+01	1.189434e+02	1169	2.038115e-02	0	
1.190452e+02	1170	6.009177e+02	2.896800e+01	1.190452e+02	1170	4.598930e-02	0	
1.191469e+02	1171	1.478929e+02	5.606300e+02	1.191469e+02	1171	7.912659e-01	7.000000e-01	
1.192487e+02	1172	1.460679e+02	4.976889e+02	1.192487e+02	1172	7.731008e-01	7.000000e-01	
1.193504e+02	1173	1.584960e+02	5.381096e+02	1.193504e+02	1173	7.724738e-01	7.000000e-01	
1.194522e+02	1174	1.535288e+02	5.018459e+02	1.194522e+02	1174	7.657389e-01	7.000000e-01	
1.195539e+02	1175	1.416367e+02	5.700352e+02	1.195539e+02	1175	8.009803e-01	7.000000e-01	
1.196556e+02	1176	1.662402e+02	5.337030e+02	1.196556e+02	1176	7.624947e-01	7.000000e-01	
1.197574e+02	1177	1.487099e+02	4.631254e+02	1.197574e+02	1177	7.569446e-01	7.000000e-01	
1.198591e+02	1178	1.803381e+02	6.164558e+02	1.198591e+02	1178	7.736703e-01	7.000000e-01	
1.199609e+02	1179	1.476157e+02	5.260142e+02	1.199609e+02	1179	7.808653e-01	7.000000e-01	
1.200626e+02	1180	1.826585e+02	4.616736e+02	1.200626e+02	1180	7.165150e-01	7.000000e-01	
1.201644e+02	1181	1.966662e+02	5.201319e+02	1.201644e+02	1181	7.256324e-01	7.000000e-01	
1.202661e+02	1182	2.353979e+02	4.048158e+02	1.202661e+02	1182	6.323136e-01	7.000000e-01	
1.203679e+02	1183	2.572397e+02	4.717489e+02	1.203679e+02	1183	6.471280e-01	7.000000e-01	
1.204696e+02	1184	2.705026e+02	4.723280e+02	1.204696e+02	1184	6.358489e-01	7.000000e-01	
1.205714e+02	1185	2.008166e+02	4.849367e+02	1.205714e+02	1185	7.071591e-01	7.000000e-01	
1.206731e+02	1186	1.221319e+02	5.269467e+02	1.206731e+02	1186	8.118380e-01	7.000000e-01	
1.207749e+02	1187	1.331742e+02	5.284772e+02	1.207749e+02	1187	7.987245e-01	7.000000e-01	
1.208766e+02	1188	1.459032e+02	5.465067e+02	1.208766e+02	1188	7.892820e-01	7.000000e-01	
1.209784e+02	1189	1.421475e+02	5.017601e+02	1.209784e+02	1189	7.792424e-01	7.000000e-01	
1.210801e+02	1190	1.693486e+02	4.837075e+02	1.210801e+02	1190	7.406829e-01	7.000000e-01	
1.211819e+02	1191	1.758419e+02	4.830068e+02	1.211819e+02	1191	7.331073e-01	7.000000e-01	
1.212836e+02	1192	1.314953e+02	4.764040e+02	1.212836e+02	1192	7.836890e-01	7.000000e-01	
1.213854e+02	1193	1.464422e+02	4.957346e+02	1.213854e+02	1193	7.719597e-01	7.000000e-01	
1.214871e+02	1194	1.612979e+02	5.372265e+02	1.214871e+02	1194	7.690877e-01	7.000000e-01	
1.215889e+02	1195	1.770239e+02	4.181619e+02	1.215889e+02	1195	7.025737e-01	7.000000e-01	
1.216906e+02	1196	1.790546e+02	3.816811e+02	1.216906e+02	1196	6.806792e-01	7.000000e-01	
1.217924e+02	1197	1.652359e+02	4.887299e+02	1.217924e+02	1197	7.473325e-01	7.000000e-01	
1.218941e+02	1198	1.513650e+02	5.478757e+02	1.218941e+02	1198	7.835295e-01	7.000000e-01	
1.219959e+02	1199	1.527302e+02	5.357325e+02	1.219959e+02	1199	7.781576e-01	7.000000e-01	
1.220976e+02	1200	1.701561e+02	4.788384e+02	1.220976e+02	1200	7.378158e-01	7.000000e-01	
1.221993e+02	1201	1.628305e+02	5.005914e+02	1.221993e+02	1201	7.545597e-01	7.000000e-01	
1.223011e+02	1202	1.526098e+02	5.103377e+02	1.223011e+02	1202	7.698011e-01	7.000000e-01	
1.224028e+02	1203	1.428635e+02	5.696894e+02	1.224028e+02	1203	7.995047e-01	7.000000e-01	
1.225046e+02	1204	1.319855e+02	5.773920e+02	1.225046e+02	1204	8.139418e-01	7.000000e-01	
1.226063e+02	1205	1.485676e+02	4.753154e+02	1.226063e+02	1205	7.618662e-01	7.000000e-01	
1.227081e+02	1206	1.694038e+02	4.884634e+02	1.227081e+02	1206	7.424954e-01	7.000000e-01	
1.228098e+02	1207	1.496719e+02	4.590086e+02	1.228098e+02	1207	7.541043e-01	7.000000e-01	
1.229116e+02	1208	1.324077e+02	4.725342e+02	1.229116e+02	1208	7.811233e-01	7.000000e-01	
1.230133e+02	1209	1.587715e+02	4.618064e+02	1.230133e+02	1209	7.441554e-01	7.000000e-01	
1.231151e+02	1210	1.636407e+02	4.980821e+02	1.231151e+02	1210	7.527051e-01	7.000000e-01	
1.232168e+02	1211	1.484003e+02	3.926367e+02	1.232168e+02	1211	7.257114e-01	7.000000e-01	
1.233186e+02	1212	1.493149e+02	4.835692e+02	1.233186e+02	1212	7.640723e-01	7.000000e-01	
1.234203e+02	1213	1.685708e+02	5.254956e+02	1.234203e+02	1213	7.571258e-01	7.000000e-01	
1.235221e+02	1214	1.455136e+02	4.558422e+02	1.235221e+02	1214	7.580241e-01	7.000000e-01	
1.236238e+02	1215	1.436523e+02	5.103235e+02	1.236238e+02	1215	7.803400e-01	7.000000e-01	
1.237256e+02	1216	1.550334e+02	5.271956e+02	1.237256e+02	1216	7.727546e-01	7.000000e-01	
1.238273e+02	1217	1.442311e+02	5.305727e+02	1.238273e+02	1217	7.862622e-01	7.000000e-01	
1.239291e+02	1218	1.406258e+02	5.001020e+02	1.239291e+02	1218	7.805218e-01	7.000000e-01	
1.240308e+02	1219	1.502204e+02	4.748754e+02	1.240308e+02	1219	7.596842e-01	7.000000e-01	
1.241326e+02	1220	1.369804e+02	5.548846e+02	1.241326e+02	1220	8.020128e-01	7.000000e-01	
1.242343e+02	1221	1.488436e+02	4.913646e+02	1.242343e+02	1221	7.675075e-01	7.000000e-01	
1.243361e+02	1222	1.508246e+02	5.552266e+02	1.243361e+02	1222	7.863829e-01	7.000000e-01	
1.244378e+02	1223	1.455050e+02	3.926846e+02	1.244378e+02	1223	7.296399e-01	7.000000e-01	
1.245396e+02	1224	1.660151e+02	4.809552e+02	1.245396e+02	1224	7.433961e-01	7.000000e-01	
1.246413e+02	1225	1.508586e+02	4.143610e+02	1.246413e+02	1225	7.330974e-01	7.000000e-01	
1.247430e+02	1226	1.449431e+02	3.885655e+02	1.247430e+02	1226	7.283210e-01	7.000000e-01	
1.248448e+02	1227	1.765209e+02	5.119321e+02	1.248448e+02	1227	7.435977e-01	7.000000e-01	
1.249465e+02	1228	1.548731e+02	4.819001e+02	1.249465e+02	1228	7.567845e-01	7.000000e-01	
1.250483e+02	1229	1.514955e+02	5.486802e+02	1.250483e+02	1229	7.836322e-01	7.000000e-01	
1.251500e+02	1230	1.553341e+02	5.184537e+02	1.251500e+02	1230	7.694614e-01	7.000000e-01	
1.252518e+02	1231	1.794133e+02	5.072862e+02	1.252518e+02	1231	7.387310e-01	7.000000e-01	
1.253535e+02	1232	1.621084e+02	5.226068e+02	1.253535e+02	1232	7.632470e-01	7.000000e-01	
1.254553e+02	1233	1.454510e+02	5.546506e+02	1.254553e+02	1233	7.922430e-01	7.000000e-01	
1.255570e+02	1234	1.474562e+02	5.639761e+02	1.255570e+02	1234	7.927333e-01	7.000000e-01	
1.256588e+02	1235	1.566590e+02	4.123146e+02	1.256588e+02	1235	7.246639e-01	7.000000e-01	
1.257605e+02	1236	1.497453e+02	4.775773e+02	1.257605e+02	1236	7.612946e-01	7.000000e-01	
1.258623e+02	1237	1.575854e+02	4.543147e+02	1.258623e+02	1237	7.424655e-01	7.000000e-01	
1.259640e+02	1238	1.623873e+02	4.665212e+02	1.259640e+02	1238	7.417950e-01	7.000000e-01	
1.260658e+02	1239	1.574837e+02	4.324970e+02	1.260658e+02	1239	7.330697e-01	7.000000e-01	
1.261675e+02	1240	1.584643e+02	4.732021e+02	1.261675e+02	1240	7.491329e-01	7.000000e-01	
1.262693e+02	1241	1.482766e+02	4.982025e+02	1.262693e+02	1241	7.706398e-01	7.000000e-01	
1.263710e+02	1242	1.512206e+02	4.354797e+02	1.263710e+02	1242	7.422524e-01	7.000000e-01	
1.264728e+02	1243	1.645566e+02	4.884597e+02	1.264728e+02	1243	7.480054e-01	7.000000e-01	
1.265745e+02	1244	1.440582e+02	4.965330e+02	1.265745e+02	1244	7.751168e-01	7.000000e-01	
1.266763e+02	1245	1.391965e+02	5.294482e+02	1.266763e+02	1245	7.918229e-01	7.000000e-01	
1.267780e+02	1246	1.870746e+02	4.896913e+02	1.267780e+02	1246	7.235756e-01	7.000000e-01	
1.268798e+02	1247	1.529857e+02	5.115828e+02	1.268798e+02	1247	7.697969e-01	7.000000e-01	
1.269815e+02	1248	1.623559e+02	4.913501e+02	1.269815e+02	1248	7.516377e-01	7.000000e-01	
1.270833e+02	1249	1.963058e+02	4.772943e+02	1.270833e+02	1249	7.085722e-01	7.000000e-01	
1.271850e+02	1250	1.701253e+02	5.069161e+02	1.271850e+02	1250	7.487225e-01	7.000000e-01	
1.272867e+02	1251	1.632081e+02	4.896963e+02	1.272867e+02	1251	7.500276e-01	7.000000e-01	
1.273885e+02	1252	1.531328e+02	5.119582e+02	1.273885e+02	1252	7.697566e-01	7.000000e-01	
1.274902e+02	1253	2.027782e+02	4.036437e+02	1.274902e+02	1253	6.656153e-01	7.000000e-01	
1.275920e+02	1254	2.333551e+02	4.489653e+02	1.275920e+02	1254	6.579978e-01	7.000000e-01	
1.276937e+02	1255	1.909907e+02	4.170412e+02	1.276937e+02	1255	6.858870e-01	7.000000e-01	
1.277955e+02	1256	1.818272e+02	4.644501e+02	1.277955e+02	1256	7.186545e-01	7.000000e-01	
1.278972e+02	1257	1.872858e+02	4.590707e+02	1.278972e+02	1257	7.102438e-01	7.000000e-01	
1.279990e+02	1258	1.923776e+02	4.390377e+02	1.279990e+02	1258	6.953232e-01	7.000000e-01	
1.281007e+02	1259	1.832156e+02	4.521392e+02	1.281007e+02	1259	7.116326e-01	7.000000e-01	
1.282025e+02	1260	1.622694e+02	5.016429e+02	1.282025e+02	1260	7.555861e-01	7.000000e-01	
1.283042e+02	1261	1.676124e+02	4.980247e+02	1.283042e+02	1261	7.481925e-01	7.000000e-01	
1.284060e+02	1262	1.736887e+02	4.431839e+02	1.284060e+02	1262	7.184367e-01	7.000000e-01	
1.285077e+02	1263	1.697697e+02	4.350495e+02	1.285077e+02	1263	7.193050e-01	7.000000e-01	
1.286095e+02	1264	1.475989e+02	5.532466e+02	1.286095e+02	1264	7.893988e-01	7.000000e-01	
1.287112e+02	1265	1.623528e+02	5.064682e+02	1.287112e+02	1265	7.572552e-01	7.000000e-01	
1.288130e+02	1266	1.263178e+02	5.314819e+02	1.288130e+02	1266	8.079692e-01	7.000000e-01	
1.289147e+02	1267	1.483670e+02	5.500207e+02	1.289147e+02	1267	7.875578e-01	7.000000e-01	
1.290165e+02	1268	1.195338e+02	5.114055e+02	1.290165e+02	1268	8.105463e-01	7.000000e-01	
1.291182e+02	1269	1.519679e+02	5.366508e+02	1.291182e+02	1269	7.793149e-01	7.000000e-01	
1.292200e+02	1270	1.378200e+02	5.213226e+02	1.292200e+02	1270	7.909102e-01	7.000000e-01	
1.293217e+02	1271	1.470488e+02	5.750627e+02	1.293217e+02	1271	7.963628e-01	7.000000e-01	
1.294235e+02	1272	1.497361e+02	4.785531e+02	1.294235e+02	1272	7.616765e-01	7.000000e-01	
1.295252e+02	1273	1.658600e+02	6.972519e+02	1.295252e+02	1273	8.078349e-01	7.000000e-01	
1.296270e+02	1274	1.439738e+02	4.111555e+02	1.296270e+02	1274	7.406482e-01	7.000000e-01	
1.297287e+02	1275	1.444148e+02	4.208109e+02	1.297287e+02	1275	7.445006e-01	7.000000e-01	
1.298304e+02	1276	1.344033e+02	4.113179e+02	1.298304e+02	1276	7.537144e-01	7.000000e-01	
1.299322e+02	1277	1.405853e+02	4.253904e+02	1.299322e+02	1277	7.516054e-01	7.000000e-01	
1.300339e+02	1278	1.446727e+02	4.715879e+02	1.300339e+02	1278	7.652410e-01	7.000000e-01	
1.301357e+02	1279	1.461757e+02	3.738739e+02	1.301357e+02	1279	7.189197e-01	7.000000e-01	
1.302374e+02	1280	1.445563e+02	4.366893e+02	1.302374e+02	1280	7.512991e-01	7.000000e-01	
1.303392e+02	1281	1.559519e+02	4.793593e+02	1.303392e+02	1281	7.545268e-01	7.000000e-01	
1.304409e+02	1282	1.402281e+02	4.212349e+02	1.304409e+02	1282	7.502452e-01	7.000000e-01	
1.305427e+02	1283	1.389316e+02	4.813595e+02	1.305427e+02	1283	7.760219e-01	7.000000e-01	
1.306444e+02	1284	1.643432e+02	5.005432e+02	1.306444e+02	1284	7.528251e-01	7.000000e-01	
1.307462e+02	1285	1.551715e+02	4.703099e+02	1.307462e+02	1285	7.519167e-01	7.000000e-01	
1.308479e+02	1286	1.713453e+02	5.003350e+02	1.308479e+02	1286	7.449005e-01	7.000000e-01	
1.309497e+02	1287	1.511659e+02	5.115728e+02	1.309497e+02	1287	7.719072e-01	7.000000e-01	
1.310514e+02	1288	1.550215e+02	4.936063e+02	1.310514e+02	1288	7.610008e-01	7.000000e-01	
1.311532e+02	1289	1.700574e+02	4.995232e+02	1.311532e+02	1289	7.460240e-01	7.000000e-01	
1.312549e+02	1290	1.862759e+02	4.954192e+02	1.312549e+02	1290	7.267460e-01	7.000000e-01	
1.313567e+02	1291	1.615288e+02	4.812565e+02	1.313567e+02	1291	7.487049e-01	7.000000e-01	
1.314584e+02	1292	1.784507e+02	4.962289e+02	1.314584e+02	1292	7.355030e-01	7.000000e-01	
1.315602e+02	1293	1.571630e+02	4.621478e+02	1.315602e+02	1293	7.462292e-01	7.000000e-01	
1.316619e+02	1294	1.767024e+02	4.895513e+02	1.316619e+02	1294	7.347821e-01	7.000000e-01	
1.317637e+02	1295	2.045780e+02	4.833295e+02	1.317637e+02	1295	7.026083e-01	7.000000e-01	
1.318654e+02	1296	1.459238e+02	4.771310e+02	1.318654e+02	1296	7.657930e-01	7.000000e-01	
1.319672e+02	1297	2.323700e+02	5.395203e+02	1.319672e+02	1297	6.989598e-01	7.000000e-01	
1.320689e+02	1298	2.148355e+02	5.136622e+02	1.320689e+02	1298	7.050979e-01	7.000000e-01	
1.321707e+02	1299	2.321281e+02	5.275564e+02	1.321707e+02	1299	6.944414e-01	7.000000e-01	
1.322724e+02	1300	1.508089e+02	4.360769e+02	1.322724e+02	1300	7.430354e-01	7.000000e-01	
1.323741e+02	1301	1.632124e+02	4.857858e+02	1.323741e+02	1301	7.485164e-01	7.000000e-01	
1.324759e+02	1302	1.928255e+02	5.029538e+02	1.324759e+02	1302	7.228640e-01	7.000000e-01	
1.325776e+02	1303	1.508590e+02	4.364296e+02	1.325776e+02	1303	7.431263e-01	7.000000e-01	
1.326794e+02	1304	1.718222e+02	4.348129e+02	1.326794e+02	1304	7.167619e-01	7.000000e-01	
1.327811e+02	1305	1.971472e+02	4.667501e+02	1.327811e+02	1305	7.030456e-01	7.000000e-01	
1.328829e+02	1306	1.554982e+02	4.765614e+02	1.328829e+02	1306	7.539817e-01	7.000000e-01	
1.329846e+02	1307	1.664268e+02	5.175149e+02	1.329846e+02	1307	7.566652e-01	7.000000e-01	
1.330864e+02	1308	1.621204e+02	4.519417e+02	1.330864e+02	1308	7.359870e-01	7.000000e-01	
1.331881e+02	1309	1.592575e+02	4.843569e+02	1.331881e+02	1309	7.525576e-01	7.000000e-01	
1.332899e+02	1310	1.539732e+02	4.836164e+02	1.332899e+02	1310	7.585074e-01	7.000000e-01	
1.333916e+02	1311	1.619017e+02	4.502530e+02	1.333916e+02	1311	7.355216e-01	7.000000e-01	
1.334934e+02	1312	1.467361e+02	4.449953e+02	1.334934e+02	1312	7.520225e-01	7.000000e-01	
1.335951e+02	1313	1.604387e+02	5.019265e+02	1.335951e+02	1313	7.577791e-01	7.000000e-01	
1.336969e+02	1314	1.580805e+02	4.936390e+02	1.336969e+02	1314	7.574409e-01	7.000000e-01	
1.337986e+02	1315	1.627930e+02	5.098517e+02	1.337986e+02	1315	7.579807e-01	7.000000e-01	
1.339004e+02	1316	1.589070e+02	4.796167e+02	1.339004e+02	1316	7.511337e-01	7.000000e-01	
