time at 532nm	frame at 532nm	I_1 at 532nm(counts)	I_2 at 532nm(counts)	time at 532nm	frame at 532nm	FRET_1>2	discr.FRET_1>2	
1.017480e-01	1	2.504406e+02	4.301064e+01	1.017480e-01	1	1.465683e-01	0	
2.034960e-01	2	2.504406e+02	4.301064e+01	2.034960e-01	2	1.465683e-01	0	
3.052440e-01	3	2.656936e+02	4.544759e+01	3.052440e-01	3	1.460674e-01	0	
4.069920e-01	4	2.982572e+02	1.966673e+01	4.069920e-01	4	6.185986e-02	0	
5.087400e-01	5	2.992448e+02	2.534086e+01	5.087400e-01	5	7.807141e-02	0	
6.104880e-01	6	2.843663e+02	3.206012e+01	6.104880e-01	6	1.013194e-01	0	
7.122360e-01	7	2.905884e+02	1.187324e+01	7.122360e-01	7	3.925536e-02	0	
8.139840e-01	8	3.123308e+02	1.254833e+01	8.139840e-01	8	3.862461e-02	0	
9.157320e-01	9	3.144134e+02	1.870461e+01	9.157320e-01	9	5.615010e-02	0	
1.017480e+00	10	2.921072e+02	-5.394707e+00	1.017480e+00	10	-1.881574e-02	0	
1.119228e+00	11	3.057037e+02	4.340088e+00	1.119228e+00	11	1.399831e-02	0	
1.220976e+00	12	2.836646e+02	1.506707e+01	1.220976e+00	12	5.043680e-02	0	
1.322724e+00	13	2.826738e+02	2.111359e+01	1.322724e+00	13	6.950121e-02	0	
1.424472e+00	14	2.771356e+02	-2.372933e+01	1.424472e+00	14	-9.364145e-02	0	
1.526220e+00	15	2.884610e+02	1.141671e+01	1.526220e+00	15	3.807122e-02	0	
1.627968e+00	16	2.623207e+02	-9.273945e+00	1.627968e+00	16	-3.664914e-02	0	
1.729716e+00	17	2.748431e+02	-2.927922e+00	1.729716e+00	17	-1.076778e-02	0	
1.831464e+00	18	2.748732e+02	-2.985618e+00	1.831464e+00	18	-1.098108e-02	0	
1.933212e+00	19	2.598751e+02	1.146810e+01	1.933212e+00	19	4.226419e-02	0	
2.034960e+00	20	2.724693e+02	-1.764530e+01	2.034960e+00	20	-6.924505e-02	0	
2.136708e+00	21	2.528807e+02	-1.749191e+01	2.136708e+00	21	-7.431072e-02	0	
2.238456e+00	22	2.676325e+02	-1.093191e+01	2.238456e+00	22	-4.258623e-02	0	
2.340204e+00	23	3.022345e+02	4.491072e+00	2.340204e+00	23	1.464199e-02	0	
2.441952e+00	24	2.578166e+02	4.365446e+00	2.441952e+00	24	1.665044e-02	0	
2.543700e+00	25	2.540571e+02	-2.223601e+00	2.543700e+00	25	-8.829647e-03	0	
2.645448e+00	26	2.754548e+02	1.444892e+01	2.645448e+00	26	4.984041e-02	0	
2.747196e+00	27	2.831084e+02	2.422417e+01	2.747196e+00	27	7.882071e-02	0	
2.848944e+00	28	2.843130e+02	-1.906339e+01	2.848944e+00	28	-7.186962e-02	0	
2.950692e+00	29	2.665164e+02	-1.559481e+01	2.950692e+00	29	-6.215013e-02	0	
3.052440e+00	30	2.814012e+02	-8.776086e+00	3.052440e+00	30	-3.219104e-02	0	
3.154188e+00	31	3.129785e+02	-4.206109e+01	3.154188e+00	31	-1.552543e-01	0	
3.255936e+00	32	2.726484e+02	-1.077739e+01	3.255936e+00	32	-4.115534e-02	0	
3.357684e+00	33	2.591784e+02	-1.621127e+01	3.357684e+00	33	-6.672207e-02	0	
3.459432e+00	34	2.709977e+02	-1.410634e+01	3.459432e+00	34	-5.491169e-02	0	
3.561180e+00	35	2.778477e+02	-1.618152e+01	3.561180e+00	35	-6.184032e-02	0	
3.662928e+00	36	2.752045e+02	-1.002736e+01	3.662928e+00	36	-3.781382e-02	0	
3.764676e+00	37	3.037373e+02	9.112149e+00	3.764676e+00	37	2.912631e-02	0	
3.866424e+00	38	2.700599e+02	-8.455617e+00	3.866424e+00	38	-3.232217e-02	0	
3.968172e+00	39	2.660956e+02	-1.065646e+01	3.968172e+00	39	-4.171820e-02	0	
4.069920e+00	40	2.641667e+02	2.895980e+00	4.069920e+00	40	1.084382e-02	0	
4.171668e+00	41	2.847540e+02	-3.831950e+00	4.171668e+00	41	-1.364062e-02	0	
4.273416e+00	42	2.817222e+02	8.950152e+00	4.273416e+00	42	3.079121e-02	0	
4.375164e+00	43	2.665485e+02	-1.330614e+01	4.375164e+00	43	-5.254311e-02	0	
4.476912e+00	44	2.682966e+02	-2.379616e+00	4.476912e+00	44	-8.948718e-03	0	
4.578660e+00	45	2.939949e+02	-2.277208e+00	4.578660e+00	45	-7.806205e-03	0	
4.680408e+00	46	2.435446e+02	2.634134e+01	4.680408e+00	46	9.760175e-02	0	
4.782156e+00	47	2.603014e+02	8.825624e+00	4.782156e+00	47	3.279353e-02	0	
4.883904e+00	48	2.842822e+02	7.296849e+00	4.883904e+00	48	2.502529e-02	0	
4.985652e+00	49	3.386979e+02	-2.643697e+01	4.985652e+00	49	-8.466307e-02	0	
5.087400e+00	50	2.748547e+02	1.007471e+00	5.087400e+00	50	3.652081e-03	0	
5.189148e+00	51	2.933643e+02	4.486752e+00	5.189148e+00	51	1.506374e-02	0	
5.290896e+00	52	3.057223e+02	-8.210392e+00	5.290896e+00	52	-2.759685e-02	0	
5.392644e+00	53	2.986811e+02	1.826235e+00	5.392644e+00	53	6.077173e-03	0	
5.494392e+00	54	2.890896e+02	3.516322e+00	5.494392e+00	54	1.201726e-02	0	
5.596140e+00	55	2.945172e+02	-2.790627e+00	5.596140e+00	55	-9.565899e-03	0	
5.697888e+00	56	2.766663e+02	-8.368438e-01	5.697888e+00	56	-3.033917e-03	0	
5.799636e+00	57	2.947091e+02	-9.682226e+00	5.799636e+00	57	-3.396952e-02	0	
5.901384e+00	58	3.236995e+02	1.340267e+01	5.901384e+00	58	3.975848e-02	0	
6.003132e+00	59	3.180859e+02	3.084001e+01	6.003132e+00	59	8.838555e-02	0	
6.104880e+00	60	3.003905e+02	-2.132450e+01	6.104880e+00	60	-7.641382e-02	0	
6.206628e+00	61	2.918492e+02	7.605882e+00	6.206628e+00	61	2.539907e-02	0	
6.308376e+00	62	3.046359e+02	-1.711180e+01	6.308376e+00	62	-5.951432e-02	0	
6.410124e+00	63	2.908488e+02	-3.237180e+00	6.410124e+00	63	-1.125539e-02	0	
6.511872e+00	64	2.983159e+02	-4.254278e+00	6.511872e+00	64	-1.446730e-02	0	
6.613620e+00	65	3.010182e+02	-2.618316e+01	6.613620e+00	65	-9.526864e-02	0	
6.715368e+00	66	2.587329e+02	8.378572e+00	6.715368e+00	66	3.136732e-02	0	
6.817116e+00	67	2.868719e+02	-1.568449e+01	6.817116e+00	67	-5.783635e-02	0	
6.918864e+00	68	2.660236e+02	1.661511e+01	6.918864e+00	68	5.878568e-02	0	
7.020612e+00	69	2.765990e+02	7.154173e+00	7.020612e+00	69	2.521266e-02	0	
7.122360e+00	70	2.458470e+02	1.756637e+01	7.122360e+00	70	6.668747e-02	0	
7.224108e+00	71	2.544010e+02	1.483168e+01	7.224108e+00	71	5.508871e-02	0	
7.325856e+00	72	2.567059e+02	2.064987e+00	7.325856e+00	72	7.979982e-03	0	
7.427604e+00	73	2.681272e+02	2.645826e+01	7.427604e+00	73	8.981523e-02	0	
7.529352e+00	74	2.659067e+02	3.373829e+00	7.529352e+00	74	1.252905e-02	0	
7.631100e+00	75	2.561282e+02	9.598539e+00	7.631100e+00	75	3.612184e-02	0	
7.732848e+00	76	2.984976e+02	-2.922962e+00	7.732848e+00	76	-9.889083e-03	0	
7.834596e+00	77	2.731011e+02	1.694693e+01	7.834596e+00	77	5.842801e-02	0	
7.936344e+00	78	2.927642e+02	7.335151e+00	7.936344e+00	78	2.444241e-02	0	
8.038092e+00	79	2.992320e+02	1.070508e+01	8.038092e+00	79	3.453953e-02	0	
8.139840e+00	80	3.062991e+02	1.220845e+01	8.139840e+00	80	3.833017e-02	0	
8.241588e+00	81	2.641453e+02	-3.358684e+00	8.241588e+00	81	-1.287905e-02	0	
8.343336e+00	82	2.455049e+02	-9.655199e+00	8.343336e+00	82	-4.093793e-02	0	
8.445084e+00	83	2.933682e+02	1.886144e+00	8.445084e+00	83	6.388201e-03	0	
8.546832e+00	84	2.389887e+02	-8.246733e+00	8.546832e+00	84	-3.574007e-02	0	
8.648580e+00	85	2.736628e+02	-1.211951e+01	8.648580e+00	85	-4.633845e-02	0	
8.750328e+00	86	2.546975e+02	-1.677772e+01	8.750328e+00	86	-7.051839e-02	0	
8.852076e+00	87	2.411362e+02	-2.492511e+01	8.852076e+00	87	-1.152814e-01	0	
8.953824e+00	88	2.401627e+02	-3.450664e+00	8.953824e+00	88	-1.457748e-02	0	
9.055572e+00	89	2.513787e+02	-9.222512e+00	9.055572e+00	89	-3.808497e-02	0	
9.157320e+00	90	2.481306e+02	-7.064047e+00	9.157320e+00	90	-2.930331e-02	0	
9.259068e+00	91	2.409618e+02	5.906153e+00	9.259068e+00	91	2.392434e-02	0	
9.360816e+00	92	2.016359e+02	7.518840e+00	9.360816e+00	92	3.594870e-02	0	
9.462564e+00	93	1.911760e+02	1.511546e+01	9.462564e+00	93	7.327235e-02	0	
9.564312e+00	94	2.394998e+02	1.501533e+01	9.564312e+00	94	5.899582e-02	0	
9.666060e+00	95	1.980818e+02	4.604376e+00	9.666060e+00	95	2.271677e-02	0	
9.767808e+00	96	1.914860e+02	1.501111e+01	9.767808e+00	96	7.269404e-02	0	
9.869556e+00	97	2.657012e+02	-8.134249e+00	9.869556e+00	97	-3.158111e-02	0	
9.971304e+00	98	2.821325e+02	-7.153110e+00	9.971304e+00	98	-2.601326e-02	0	
1.007305e+01	99	2.618091e+02	-1.589512e+01	1.007305e+01	99	-6.463691e-02	0	
1.017480e+01	100	2.668580e+02	-8.751840e-01	1.017480e+01	100	-3.290378e-03	0	
1.027655e+01	101	2.773130e+02	-6.740496e-01	1.027655e+01	101	-2.436568e-03	0	
1.037830e+01	102	2.778863e+02	3.582114e-01	1.037830e+01	102	1.287398e-03	0	
1.048004e+01	103	2.781357e+02	-1.134037e-02	1.048004e+01	103	-4.077446e-05	0	
1.058179e+01	104	2.770750e+02	-1.101161e+01	1.058179e+01	104	-4.138717e-02	0	
1.068354e+01	105	3.063417e+02	-3.963908e+00	1.068354e+01	105	-1.310912e-02	0	
1.078529e+01	106	2.807797e+02	-6.305968e+00	1.078529e+01	106	-2.297476e-02	0	
1.088704e+01	107	2.752762e+02	-1.822530e+01	1.088704e+01	107	-7.090152e-02	0	
1.098878e+01	108	2.779787e+02	6.700301e+00	1.098878e+01	108	2.353634e-02	0	
1.109053e+01	109	2.641922e+02	6.033736e+00	1.109053e+01	109	2.232849e-02	0	
1.119228e+01	110	2.604386e+02	2.038044e+01	1.119228e+01	110	7.257499e-02	0	
1.129403e+01	111	2.809763e+02	4.929910e+00	1.129403e+01	111	1.724310e-02	0	
1.139578e+01	112	2.741571e+02	3.149102e+00	1.139578e+01	112	1.135605e-02	0	
1.149752e+01	113	2.559293e+02	5.275790e+00	1.149752e+01	113	2.019788e-02	0	
1.159927e+01	114	2.837962e+02	9.230922e+00	1.159927e+01	114	3.150194e-02	0	
1.170102e+01	115	2.530075e+02	7.406096e+00	1.170102e+01	115	2.843974e-02	0	
1.180277e+01	116	2.763617e+02	1.144662e+01	1.180277e+01	116	3.977168e-02	0	
1.190452e+01	117	2.460542e+02	1.874558e+01	1.190452e+01	117	7.079152e-02	0	
1.200626e+01	118	2.699301e+02	1.500235e+01	1.200626e+01	118	5.265230e-02	0	
1.210801e+01	119	2.531852e+02	8.296649e-01	1.210801e+01	119	3.266206e-03	0	
1.220976e+01	120	2.621146e+02	-6.749970e-01	1.220976e+01	120	-2.581847e-03	0	
1.231151e+01	121	2.794158e+02	6.115412e+00	1.231151e+01	121	2.141767e-02	0	
1.241326e+01	122	2.803400e+02	-2.371865e-01	1.241326e+01	122	-8.467837e-04	0	
1.251500e+01	123	2.305544e+02	-2.655543e+00	1.251500e+01	123	-1.165229e-02	0	
1.261675e+01	124	2.811401e+02	-3.121500e+00	1.261675e+01	124	-1.122767e-02	0	
1.271850e+01	125	2.888838e+02	-1.288934e+01	1.271850e+01	125	-4.670144e-02	0	
1.282025e+01	126	2.966800e+02	1.177438e+01	1.282025e+01	126	3.817219e-02	0	
1.292200e+01	127	2.752025e+02	-1.302637e+01	1.292200e+01	127	-4.968557e-02	0	
1.302374e+01	128	2.725651e+02	-1.064174e+00	1.302374e+01	128	-3.919596e-03	0	
1.312549e+01	129	2.799294e+02	4.123895e-01	1.312549e+01	129	1.471024e-03	0	
1.322724e+01	130	3.024984e+02	-2.733930e+01	1.322724e+01	130	-9.935815e-02	0	
1.332899e+01	131	2.851086e+02	-9.867253e+00	1.332899e+01	131	-3.584946e-02	0	
1.343074e+01	132	3.005707e+02	-1.817579e+01	1.343074e+01	132	-6.436302e-02	0	
1.353248e+01	133	2.654031e+02	-4.152548e+00	1.353248e+01	133	-1.589489e-02	0	
1.363423e+01	134	2.868139e+02	-1.672178e+01	1.363423e+01	134	-6.191140e-02	0	
1.373598e+01	135	2.621548e+02	-1.224836e+01	1.373598e+01	135	-4.901178e-02	0	
1.383773e+01	136	3.090106e+02	1.717165e+00	1.383773e+01	136	5.526268e-03	0	
1.393948e+01	137	3.192848e+02	-2.870457e+01	1.393948e+01	137	-9.878363e-02	0	
1.404122e+01	138	2.825582e+02	-1.151102e+01	1.404122e+01	138	-4.246869e-02	0	
1.414297e+01	139	2.926870e+02	-3.825497e+00	1.414297e+01	139	-1.324336e-02	0	
1.424472e+01	140	2.865992e+02	-2.422213e+01	1.424472e+01	140	-9.231801e-02	0	
1.434647e+01	141	2.942441e+02	-9.922414e+00	1.434647e+01	141	-3.489855e-02	0	
1.444822e+01	142	2.527040e+02	-1.473840e+00	1.444822e+01	142	-5.866493e-03	0	
1.454996e+01	143	2.662556e+02	-2.481365e+00	1.454996e+01	143	-9.407155e-03	0	
1.465171e+01	144	2.516841e+02	-8.381158e+00	1.465171e+01	144	-3.444742e-02	0	
1.475346e+01	145	2.662243e+02	-6.116121e+00	1.475346e+01	145	-2.351376e-02	0	
1.485521e+01	146	2.094223e+02	1.622723e+01	1.485521e+01	146	7.191342e-02	0	
1.495696e+01	147	2.897742e+02	-2.273034e+01	1.495696e+01	147	-8.511838e-02	0	
1.505870e+01	148	2.459198e+02	-7.545286e+00	1.505870e+01	148	-3.165307e-02	0	
1.516045e+01	149	2.586188e+02	-3.871879e+01	1.516045e+01	149	-1.760745e-01	0	
1.526220e+01	150	2.545878e+02	9.714408e-02	1.526220e+01	150	3.814284e-04	0	
1.536395e+01	151	2.728239e+02	-1.795242e+01	1.536395e+01	151	-7.043715e-02	0	
1.546570e+01	152	2.520950e+02	-6.806170e+00	1.546570e+01	152	-2.774757e-02	0	
1.556744e+01	153	2.416032e+02	-3.415148e+01	1.556744e+01	153	-1.646237e-01	0	
1.566919e+01	154	2.694035e+02	-1.605216e+01	1.566919e+01	154	-6.335929e-02	0	
1.577094e+01	155	2.801148e+02	-2.337616e+01	1.577094e+01	155	-9.105042e-02	0	
1.587269e+01	156	3.250562e+02	2.193522e+01	1.587269e+01	156	6.321545e-02	0	
1.597444e+01	157	2.776671e+02	-9.916051e+00	1.597444e+01	157	-3.703459e-02	0	
1.607618e+01	158	2.573485e+02	-1.901759e+01	1.607618e+01	158	-7.979490e-02	0	
1.617793e+01	159	2.669494e+02	-7.615244e-01	1.617793e+01	159	-2.860853e-03	0	
1.627968e+01	160	2.848362e+02	-8.113029e+00	1.627968e+01	160	-2.931821e-02	0	
1.638143e+01	161	2.776818e+02	-1.200351e+01	1.638143e+01	161	-4.518062e-02	0	
1.648318e+01	162	2.504099e+02	-1.619807e+01	1.648318e+01	162	-6.915991e-02	0	
1.658492e+01	163	2.551605e+02	1.382582e+01	1.658492e+01	163	5.139971e-02	0	
1.668667e+01	164	2.500947e+02	1.550117e+01	1.668667e+01	164	5.836375e-02	0	
1.678842e+01	165	2.711950e+02	-3.261508e+00	1.678842e+01	165	-1.217283e-02	0	
1.689017e+01	166	2.749873e+02	1.821229e+01	1.689017e+01	166	6.211567e-02	0	
1.699192e+01	167	2.482518e+02	1.409450e+01	1.699192e+01	167	5.372479e-02	0	
1.709366e+01	168	2.637770e+02	1.368717e+01	1.709366e+01	168	4.932950e-02	0	
1.719541e+01	169	2.975934e+02	-1.109828e+01	1.719541e+01	169	-3.873811e-02	0	
1.729716e+01	170	2.930298e+02	-7.271814e+00	1.729716e+01	170	-2.544746e-02	0	
1.739891e+01	171	2.901418e+02	9.892435e+00	1.739891e+01	171	3.297102e-02	0	
1.750066e+01	172	3.173601e+02	1.528706e+01	1.750066e+01	172	4.595578e-02	0	
1.760240e+01	173	2.595446e+02	-1.248601e+01	1.760240e+01	173	-5.053866e-02	0	
1.770415e+01	174	3.219084e+02	-9.390640e-01	1.770415e+01	174	-2.925713e-03	0	
1.780590e+01	175	2.664613e+02	-1.804267e+01	1.780590e+01	175	-7.263010e-02	0	
1.790765e+01	176	3.042501e+02	4.796648e-01	1.790765e+01	176	1.574066e-03	0	
1.800940e+01	177	2.696394e+02	-4.884815e+00	1.800940e+01	177	-1.845035e-02	0	
1.811114e+01	178	2.781368e+02	-4.310880e+00	1.811114e+01	178	-1.574314e-02	0	
1.821289e+01	179	2.796626e+02	-1.013879e+01	1.821289e+01	179	-3.761742e-02	0	
1.831464e+01	180	2.644333e+02	6.562315e+00	1.831464e+01	180	2.421558e-02	0	
1.841639e+01	181	2.788427e+02	-6.109760e+00	1.841639e+01	181	-2.240199e-02	0	
1.851814e+01	182	3.024200e+02	-3.017403e+00	1.851814e+01	182	-1.007808e-02	0	
1.861988e+01	183	2.549673e+02	1.438601e+01	1.861988e+01	183	5.340944e-02	0	
1.872163e+01	184	2.710401e+02	-7.844667e+00	1.872163e+01	184	-2.980548e-02	0	
1.882338e+01	185	2.901688e+02	-7.450720e+00	1.882338e+01	185	-2.635389e-02	0	
1.892513e+01	186	2.039420e+02	2.796082e+01	1.892513e+01	186	1.205713e-01	0	
1.902688e+01	187	2.398199e+02	1.768570e+01	1.902688e+01	187	6.868084e-02	0	
1.912862e+01	188	2.522605e+02	1.973822e+01	1.912862e+01	188	7.256733e-02	0	
1.923037e+01	189	2.351248e+02	8.475925e+00	1.923037e+01	189	3.479433e-02	0	
1.933212e+01	190	2.654045e+02	1.303626e+01	1.933212e+01	190	4.681879e-02	0	
1.943387e+01	191	2.282667e+02	2.448948e+01	1.943387e+01	191	9.688974e-02	0	
1.953562e+01	192	2.402521e+02	1.211152e+01	1.953562e+01	192	4.799234e-02	0	
1.963736e+01	193	2.656829e+02	-1.514894e-01	1.963736e+01	193	-5.705140e-04	0	
1.973911e+01	194	2.989614e+02	-4.429237e+01	1.973911e+01	194	-1.739213e-01	0	
1.984086e+01	195	2.781233e+02	-1.524013e+01	1.984086e+01	195	-5.797302e-02	0	
1.994261e+01	196	2.556010e+02	4.909212e+00	1.994261e+01	196	1.884460e-02	0	
2.004436e+01	197	2.728644e+02	-7.983468e+00	2.004436e+01	197	-3.013984e-02	0	
2.014610e+01	198	2.932402e+02	-1.171954e+01	2.014610e+01	198	-4.162941e-02	0	
2.024785e+01	199	2.712250e+02	-6.693327e+00	2.024785e+01	199	-2.530255e-02	0	
2.034960e+01	200	2.677504e+02	-3.991010e+00	2.034960e+01	200	-1.513125e-02	0	
2.045135e+01	201	2.641527e+02	-1.416307e+01	2.045135e+01	201	-5.665463e-02	0	
2.055310e+01	202	2.599868e+02	-1.198478e+01	2.055310e+01	202	-4.832533e-02	0	
2.065484e+01	203	2.572280e+02	-1.944514e+01	2.065484e+01	203	-8.177688e-02	0	
2.075659e+01	204	2.603304e+02	-1.104978e+01	2.075659e+01	204	-4.432667e-02	0	
2.085834e+01	205	2.570434e+02	-6.049743e+00	2.085834e+01	205	-2.410317e-02	0	
2.096009e+01	206	2.737105e+02	-1.520319e+01	2.096009e+01	206	-5.881145e-02	0	
2.106184e+01	207	2.564965e+02	-8.483401e+00	2.106184e+01	207	-3.420546e-02	0	
2.116358e+01	208	2.592673e+02	-1.441685e+01	2.116358e+01	208	-5.888023e-02	0	
2.126533e+01	209	2.606300e+02	-1.141937e+01	2.126533e+01	209	-4.582216e-02	0	
2.136708e+01	210	2.526758e+02	-8.800524e+00	2.136708e+01	210	-3.608617e-02	0	
2.146883e+01	211	2.515494e+02	1.714821e+01	2.146883e+01	211	6.381973e-02	0	
2.157058e+01	212	2.649673e+02	-7.284672e+00	2.157058e+01	212	-2.826994e-02	0	
2.167232e+01	213	2.638257e+02	1.663507e+01	2.167232e+01	213	5.931336e-02	0	
2.177407e+01	214	2.524401e+02	-4.566583e+00	2.177407e+01	214	-1.842304e-02	0	
2.187582e+01	215	2.496846e+02	8.806544e-01	2.187582e+01	215	3.514671e-03	0	
2.197757e+01	216	2.411554e+02	9.235685e+00	2.197757e+01	216	3.688504e-02	0	
2.207932e+01	217	2.649540e+02	2.786769e+00	2.207932e+01	217	1.040846e-02	0	
2.218106e+01	218	2.676273e+02	3.040558e+00	2.218106e+01	218	1.123354e-02	0	
2.228281e+01	219	2.603383e+02	5.927959e+00	2.228281e+01	219	2.226328e-02	0	
2.238456e+01	220	2.565655e+02	1.795808e+01	2.238456e+01	220	6.541544e-02	0	
2.248631e+01	221	2.444156e+02	-7.072797e+00	2.248631e+01	221	-2.979992e-02	0	
2.258806e+01	222	2.666731e+02	-1.078791e+01	2.258806e+01	222	-4.215918e-02	0	
2.268980e+01	223	2.694279e+02	-1.369378e+00	2.268980e+01	223	-5.108504e-03	0	
2.279155e+01	224	2.720643e+02	-1.668405e+01	2.279155e+01	224	-6.533023e-02	0	
2.289330e+01	225	2.389573e+02	-1.044618e+01	2.289330e+01	225	-4.571410e-02	0	
2.299505e+01	226	2.435833e+02	-1.041674e+01	2.299505e+01	226	-4.467510e-02	0	
2.309680e+01	227	2.728233e+02	-8.973038e+00	2.309680e+01	227	-3.400807e-02	0	
2.319854e+01	228	2.728856e+02	3.111545e+00	2.319854e+01	228	1.127383e-02	0	
2.330029e+01	229	2.689198e+02	-9.923384e+00	2.330029e+01	229	-3.831475e-02	0	
2.340204e+01	230	2.761832e+02	-1.734859e+01	2.340204e+01	230	-6.702577e-02	0	
2.350379e+01	231	2.477744e+02	-2.277076e+01	2.350379e+01	231	-1.012017e-01	0	
2.360554e+01	232	2.651538e+02	1.473580e+01	2.360554e+01	232	5.264862e-02	0	
2.370728e+01	233	2.613653e+02	4.004414e+01	2.370728e+01	233	1.328563e-01	0	
2.380903e+01	234	2.595561e+02	1.018075e+01	2.380903e+01	234	3.774327e-02	0	
2.391078e+01	235	2.586824e+02	-1.472184e+00	2.391078e+01	235	-5.723661e-03	0	
2.401253e+01	236	2.642587e+02	-1.464829e+00	2.401253e+01	236	-5.574061e-03	0	
2.411428e+01	237	2.721004e+02	3.962177e+00	2.411428e+01	237	1.435246e-02	0	
2.421602e+01	238	2.617557e+02	1.770540e+00	2.421602e+01	238	6.718648e-03	0	
2.431777e+01	239	2.809105e+02	9.605598e+00	2.431777e+01	239	3.306391e-02	0	
2.441952e+01	240	2.655931e+02	6.746783e+00	2.441952e+01	240	2.477339e-02	0	
2.452127e+01	241	2.227879e+02	1.607892e+00	2.452127e+01	241	7.165428e-03	0	
2.462302e+01	242	2.778423e+02	-4.941487e+00	2.462302e+01	242	-1.810726e-02	0	
2.472476e+01	243	3.008625e+02	2.314558e+00	2.472476e+01	243	7.634344e-03	0	
2.482651e+01	244	2.628022e+02	1.898452e+00	2.482651e+01	244	7.172071e-03	0	
2.492826e+01	245	2.500400e+02	2.357163e+00	2.492826e+01	245	9.339103e-03	0	
2.503001e+01	246	2.669218e+02	-7.093603e-01	2.503001e+01	246	-2.664640e-03	0	
2.513176e+01	247	2.790401e+02	-1.695760e+01	2.513176e+01	247	-6.470329e-02	0	
2.523350e+01	248	2.662440e+02	-2.130145e-01	2.523350e+01	248	-8.007131e-04	0	
2.533525e+01	249	2.592923e+02	-4.125555e+00	2.533525e+01	249	-1.616807e-02	0	
2.543700e+01	250	2.817567e+02	-1.112295e+01	2.543700e+01	250	-4.109964e-02	0	
2.553875e+01	251	2.697084e+02	-9.449990e+00	2.553875e+01	251	-3.631003e-02	0	
2.564050e+01	252	2.703499e+02	-6.166926e+00	2.564050e+01	252	-2.334339e-02	0	
2.574224e+01	253	2.990667e+02	-3.055468e+00	2.574224e+01	253	-1.032214e-02	0	
2.584399e+01	254	2.751888e+02	-2.422791e+01	2.584399e+01	254	-9.654058e-02	0	
2.594574e+01	255	2.991244e+02	-1.262135e+01	2.594574e+01	255	-4.405311e-02	0	
2.604749e+01	256	2.907308e+02	-1.417807e+01	2.604749e+01	256	-5.126715e-02	0	
2.614924e+01	257	2.466408e+02	-4.120304e+00	2.614924e+01	257	-1.698951e-02	0	
2.625098e+01	258	2.711274e+02	-8.045498e+00	2.625098e+01	258	-3.058172e-02	0	
2.635273e+01	259	2.607483e+02	-1.167381e+01	2.635273e+01	259	-4.686875e-02	0	
2.645448e+01	260	2.417729e+02	-2.492289e+01	2.645448e+01	260	-1.149315e-01	0	
2.655623e+01	261	2.511094e+02	-4.184383e+00	2.655623e+01	261	-1.694597e-02	0	
2.665798e+01	262	2.422126e+02	-3.782956e+00	2.665798e+01	262	-1.586613e-02	0	
2.675972e+01	263	2.691282e+02	-8.409751e-01	2.675972e+01	263	-3.134607e-03	0	
2.686147e+01	264	2.629668e+02	-1.208437e+01	2.686147e+01	264	-4.816746e-02	0	
2.696322e+01	265	2.562980e+02	-9.629715e+00	2.696322e+01	265	-3.903913e-02	0	
2.706497e+01	266	2.740002e+02	1.400592e+01	2.706497e+01	266	4.863063e-02	0	
2.716672e+01	267	2.574011e+02	6.643712e+00	2.716672e+01	267	2.516130e-02	0	
2.726846e+01	268	2.471522e+02	-4.826017e+00	2.726846e+01	268	-1.991538e-02	0	
2.737021e+01	269	2.896274e+02	-8.348315e+00	2.737021e+01	269	-2.967983e-02	0	
2.747196e+01	270	2.708191e+02	2.735204e+01	2.747196e+01	270	9.173269e-02	0	
2.757371e+01	271	2.775306e+02	-2.980964e+00	2.757371e+01	271	-1.085765e-02	0	
2.767546e+01	272	2.756759e+02	6.628182e+00	2.767546e+01	272	2.347887e-02	0	
2.777720e+01	273	2.717510e+02	1.124301e+01	2.777720e+01	273	3.972879e-02	0	
2.787895e+01	274	2.930802e+02	4.655196e+00	2.787895e+01	274	1.563535e-02	0	
2.798070e+01	275	2.506741e+02	-1.203593e+01	2.798070e+01	275	-5.043590e-02	0	
2.808245e+01	276	2.794676e+02	1.670216e+01	2.808245e+01	276	5.639387e-02	0	
2.818420e+01	277	2.642008e+02	1.534471e+01	2.818420e+01	277	5.489163e-02	0	
2.828594e+01	278	2.702528e+02	-1.445320e+01	2.828594e+01	278	-5.650204e-02	0	
2.838769e+01	279	2.818797e+02	-6.625896e+00	2.838769e+01	279	-2.407195e-02	0	
2.848944e+01	280	2.686669e+02	2.021990e+00	2.848944e+01	280	7.469793e-03	0	
2.859119e+01	281	2.888105e+02	-5.507938e+00	2.859119e+01	281	-1.944189e-02	0	
2.869294e+01	282	2.848761e+02	6.914311e+01	2.869294e+01	282	1.953089e-01	0	
2.879468e+01	283	2.865532e+02	1.116802e+00	2.879468e+01	283	3.882233e-03	0	
2.889643e+01	284	2.888300e+02	-2.358237e+01	2.889643e+01	284	-8.890700e-02	0	
2.899818e+01	285	2.783300e+02	-4.663249e+00	2.899818e+01	285	-1.703988e-02	0	
2.909993e+01	286	2.697113e+02	4.778149e+00	2.909993e+01	286	1.740740e-02	0	
2.920168e+01	287	2.801767e+02	-1.309392e+01	2.920168e+01	287	-4.902570e-02	0	
2.930342e+01	288	2.882762e+02	-4.775925e+00	2.930342e+01	288	-1.684628e-02	0	
2.940517e+01	289	2.728561e+02	2.744221e+00	2.940517e+01	289	9.957249e-03	0	
2.950692e+01	290	2.853525e+02	-1.150336e+00	2.950692e+01	290	-4.047598e-03	0	
2.960867e+01	291	2.717429e+02	1.053817e+00	2.960867e+01	291	3.863012e-03	0	
2.971042e+01	292	2.818034e+02	-1.007368e+00	2.971042e+01	292	-3.587544e-03	0	
2.981216e+01	293	2.695871e+02	1.107593e+00	2.981216e+01	293	4.091669e-03	0	
2.991391e+01	294	2.771080e+02	-2.110384e+01	2.991391e+01	294	-8.243554e-02	0	
3.001566e+01	295	2.716933e+02	1.996288e+01	3.001566e+01	295	6.844662e-02	0	
3.011741e+01	296	2.728437e+02	5.757958e+00	3.011741e+01	296	2.066735e-02	0	
3.021916e+01	297	2.823095e+02	-4.063445e+00	3.021916e+01	297	-1.460378e-02	0	
3.032090e+01	298	2.744669e+02	-1.799627e+00	3.032090e+01	298	-6.600084e-03	0	
3.042265e+01	299	2.896207e+02	2.589000e+00	3.042265e+01	299	8.860075e-03	0	
3.052440e+01	300	3.020685e+02	1.541368e+01	3.052440e+01	300	4.854975e-02	0	
3.062615e+01	301	2.693721e+02	1.414921e+01	3.062615e+01	301	4.990528e-02	0	
3.072790e+01	302	2.778310e+02	2.254565e+01	3.072790e+01	302	7.505793e-02	0	
3.082964e+01	303	2.797929e+02	-8.452630e+00	3.082964e+01	303	-3.115140e-02	0	
3.093139e+01	304	2.748869e+02	1.079205e+01	3.093139e+01	304	3.777685e-02	0	
3.103314e+01	305	2.549348e+02	-3.011105e+01	3.103314e+01	305	-1.339318e-01	0	
3.113489e+01	306	2.739333e+02	-1.646901e+01	3.113489e+01	306	-6.396619e-02	0	
3.123664e+01	307	2.754646e+02	-1.359245e+01	3.123664e+01	307	-5.190491e-02	0	
3.133838e+01	308	2.552254e+02	-1.118875e+01	3.133838e+01	308	-4.584865e-02	0	
3.144013e+01	309	2.629650e+02	-5.614198e+00	3.144013e+01	309	-2.181535e-02	0	
3.154188e+01	310	2.652142e+02	-1.415096e+01	3.154188e+01	310	-5.636413e-02	0	
3.164363e+01	311	2.530080e+02	-5.423100e+00	3.164363e+01	311	-2.190400e-02	0	
3.174538e+01	312	2.739642e+02	-8.145134e+00	3.174538e+01	312	-3.064165e-02	0	
3.184712e+01	313	2.709992e+02	-2.110675e+01	3.184712e+01	313	-8.446334e-02	0	
3.194887e+01	314	2.569811e+02	-1.224013e+01	3.194887e+01	314	-5.001259e-02	0	
3.205062e+01	315	2.575500e+02	1.418837e+01	3.205062e+01	315	5.221335e-02	0	
3.215237e+01	316	2.726695e+02	-2.299384e+01	3.215237e+01	316	-9.209484e-02	0	
3.225412e+01	317	2.481956e+02	6.794351e-01	3.225412e+01	317	2.730025e-03	0	
3.235586e+01	318	2.585838e+02	1.550689e+01	3.235586e+01	318	5.657576e-02	0	
3.245761e+01	319	2.576326e+02	-7.178271e+00	3.245761e+01	319	-2.866100e-02	0	
3.255936e+01	320	2.633354e+02	2.387321e+01	3.255936e+01	320	8.312150e-02	0	
3.266111e+01	321	2.655682e+02	8.791340e+00	3.266111e+01	321	3.204314e-02	0	
3.276286e+01	322	2.864388e+02	1.028387e+01	3.276286e+01	322	3.465819e-02	0	
3.286460e+01	323	3.129381e+02	2.305731e+00	3.286460e+01	323	7.314119e-03	0	
3.296635e+01	324	3.208898e+02	-5.249027e+00	3.296635e+01	324	-1.662975e-02	0	
3.306810e+01	325	3.110044e+02	3.920180e+00	3.306810e+01	325	1.244800e-02	0	
3.316985e+01	326	3.084988e+02	1.357537e+00	3.316985e+01	326	4.381182e-03	0	
3.327160e+01	327	2.560611e+02	2.873626e+01	3.327160e+01	327	1.009007e-01	0	
3.337334e+01	328	2.978437e+02	1.485969e+01	3.337334e+01	328	4.752008e-02	0	
3.347509e+01	329	3.068597e+02	1.191831e+00	3.347509e+01	329	3.868934e-03	0	
3.357684e+01	330	2.263577e+02	6.954660e+00	3.357684e+01	330	2.980837e-02	0	
3.367859e+01	331	2.250799e+02	2.716401e+01	3.367859e+01	331	1.076895e-01	0	
3.378034e+01	332	2.340088e+02	6.288038e+00	3.378034e+01	332	2.616779e-02	0	
3.388208e+01	333	2.230109e+02	3.709876e+01	3.388208e+01	333	1.426274e-01	0	
3.398383e+01	334	2.847973e+02	-2.596363e+00	3.398383e+01	334	-9.200405e-03	0	
3.408558e+01	335	2.423749e+02	1.449531e+01	3.408558e+01	335	5.643048e-02	0	
3.418733e+01	336	2.860086e+02	5.285723e+00	3.418733e+01	336	1.814564e-02	0	
3.428908e+01	337	2.646732e+02	2.884535e+01	3.428908e+01	337	9.827437e-02	0	
3.439082e+01	338	2.652898e+02	1.781317e+01	3.439082e+01	338	6.292117e-02	0	
3.449257e+01	339	2.619434e+02	-4.676047e+00	3.449257e+01	339	-1.817583e-02	0	
3.459432e+01	340	2.668754e+02	1.824710e+01	3.459432e+01	340	6.399740e-02	0	
3.469607e+01	341	2.684373e+02	3.948563e+00	3.469607e+01	341	1.449621e-02	0	
3.479782e+01	342	2.453875e+02	3.152988e+01	3.479782e+01	342	1.138602e-01	0	
3.489956e+01	343	2.724262e+02	1.175003e+01	3.489956e+01	343	4.134769e-02	0	
3.500131e+01	344	2.412167e+02	2.661455e+01	3.500131e+01	344	9.937059e-02	0	
3.510306e+01	345	2.637175e+02	2.645036e+01	3.510306e+01	345	9.115537e-02	0	
3.520481e+01	346	2.686030e+02	1.402101e+01	3.520481e+01	346	4.961012e-02	0	
3.530656e+01	347	2.683230e+02	2.182112e+01	3.530656e+01	347	7.520787e-02	0	
3.540830e+01	348	1.704867e+02	4.462948e+01	3.540830e+01	348	2.074669e-01	0	
3.551005e+01	349	2.577646e+02	1.388651e+01	3.551005e+01	349	5.111891e-02	0	
3.561180e+01	350	2.875460e+02	4.126699e+01	3.561180e+01	350	1.255029e-01	0	
3.571355e+01	351	2.664062e+02	1.635666e+01	3.571355e+01	351	5.784586e-02	0	
3.581530e+01	352	2.521239e+02	3.309002e+01	3.581530e+01	352	1.160183e-01	0	
3.591704e+01	353	2.724075e+02	2.981777e+01	3.591704e+01	353	9.866074e-02	0	
3.601879e+01	354	2.903842e+02	2.729437e+01	3.601879e+01	354	8.591820e-02	0	
3.612054e+01	355	2.601531e+02	1.268943e+01	3.612054e+01	355	4.650826e-02	0	
3.622229e+01	356	2.528152e+02	3.190456e+01	3.622229e+01	356	1.120560e-01	0	
3.632404e+01	357	2.702764e+02	1.743689e+01	3.632404e+01	357	6.060509e-02	0	
3.642578e+01	358	2.620781e+02	2.751737e+01	3.642578e+01	358	9.502003e-02	0	
3.652753e+01	359	2.671918e+02	3.974877e+01	3.652753e+01	359	1.294999e-01	0	
3.662928e+01	360	2.531162e+02	4.638394e+01	3.662928e+01	360	1.548712e-01	0	
3.673103e+01	361	2.478756e+02	3.440483e+01	3.673103e+01	361	1.218817e-01	0	
3.683278e+01	362	2.524195e+02	1.410663e+00	3.683278e+01	362	5.557507e-03	0	
3.693452e+01	363	2.533131e+02	1.647152e+01	3.693452e+01	363	6.105433e-02	0	
3.703627e+01	364	2.464595e+02	-1.600781e+01	3.703627e+01	364	-6.946276e-02	0	
3.713802e+01	365	2.689199e+02	-4.431278e+00	3.713802e+01	365	-1.675413e-02	0	
3.723977e+01	366	2.518759e+02	-1.044177e+01	3.723977e+01	366	-4.324894e-02	0	
3.734152e+01	367	2.464750e+02	-1.605290e+01	3.734152e+01	367	-6.966736e-02	0	
3.744326e+01	368	2.510934e+02	3.087584e+01	3.744326e+01	368	1.095007e-01	0	
3.754501e+01	369	2.399865e+02	4.509221e+01	3.754501e+01	369	1.581746e-01	0	
3.764676e+01	370	2.365632e+02	1.828516e+01	3.764676e+01	370	7.174918e-02	0	
3.774851e+01	371	2.570252e+02	4.817891e+00	3.774851e+01	371	1.839992e-02	0	
3.785026e+01	372	2.571842e+02	6.630949e+00	3.785026e+01	372	2.513483e-02	0	
3.795200e+01	373	2.526411e+02	5.761820e+00	3.795200e+01	373	2.229781e-02	0	
3.805375e+01	374	1.906523e+02	5.886265e+01	3.805375e+01	374	2.359083e-01	0	
3.815550e+01	375	2.643187e+02	1.805881e+01	3.815550e+01	375	6.395272e-02	0	
3.825725e+01	376	2.974276e+02	-2.013767e+01	3.825725e+01	376	-7.262316e-02	0	
3.835900e+01	377	2.825322e+02	2.944716e+01	3.835900e+01	377	9.438817e-02	0	
3.846074e+01	378	2.621699e+02	1.685729e+01	3.846074e+01	378	6.041451e-02	0	
3.856249e+01	379	2.821061e+02	9.768203e+00	3.856249e+01	379	3.346716e-02	0	
3.866424e+01	380	3.059662e+02	1.268209e+01	3.866424e+01	380	3.979965e-02	0	
3.876599e+01	381	3.024169e+02	1.026362e+01	3.876599e+01	381	3.282462e-02	0	
3.886774e+01	382	3.051004e+02	3.634461e+00	3.886774e+01	382	1.177211e-02	0	
3.896948e+01	383	2.770315e+02	2.859209e+01	3.896948e+01	383	9.355328e-02	0	
3.907123e+01	384	2.858541e+02	-1.306180e+00	3.907123e+01	384	-4.590369e-03	0	
3.917298e+01	385	2.807908e+02	2.156059e+01	3.917298e+01	385	7.130971e-02	0	
3.927473e+01	386	2.580832e+02	-8.214138e+00	3.927473e+01	386	-3.287377e-02	0	
3.937648e+01	387	3.070815e+02	1.238318e+01	3.937648e+01	387	3.876228e-02	0	
3.947822e+01	388	2.354000e+02	-8.817184e+00	3.947822e+01	388	-3.891374e-02	0	
3.957997e+01	389	2.552985e+02	-8.029710e+00	3.957997e+01	389	-3.247361e-02	0	
3.968172e+01	390	2.606958e+02	-4.442066e-01	3.968172e+01	390	-1.706835e-03	0	
3.978347e+01	391	2.624416e+02	-1.531191e+01	3.978347e+01	391	-6.195901e-02	0	
3.988522e+01	392	2.403880e+02	-1.342950e+01	3.988522e+01	392	-5.917161e-02	0	
3.998696e+01	393	2.826063e+02	-3.758001e+00	3.998696e+01	393	-1.347687e-02	0	
4.008871e+01	394	2.602932e+02	-2.333621e+01	4.008871e+01	394	-9.848289e-02	0	
4.019046e+01	395	2.595729e+02	-1.554142e+01	4.019046e+01	395	-6.368613e-02	0	
4.029221e+01	396	2.598037e+02	3.538456e+00	4.029221e+01	396	1.343672e-02	0	
4.039396e+01	397	2.592996e+02	-1.661215e+01	4.039396e+01	397	-6.845080e-02	0	
4.049570e+01	398	2.758303e+02	2.621341e+01	4.049570e+01	398	8.678681e-02	0	
4.059745e+01	399	2.695476e+02	2.872784e+01	4.059745e+01	399	9.631313e-02	0	
4.069920e+01	400	2.735979e+02	2.536925e+01	4.069920e+01	400	8.485631e-02	0	
4.080095e+01	401	2.897534e+02	1.129695e+01	4.080095e+01	401	3.752512e-02	0	
4.090270e+01	402	2.650032e+02	1.427977e+01	4.090270e+01	402	5.113011e-02	0	
4.100444e+01	403	2.823622e+02	-3.147829e+00	4.100444e+01	403	-1.127388e-02	0	
4.110619e+01	404	2.829143e+02	5.934015e+00	4.110619e+01	404	2.054371e-02	0	
4.120794e+01	405	2.927037e+02	1.162979e+00	4.120794e+01	405	3.957506e-03	0	
4.130969e+01	406	2.803752e+02	-1.899129e+00	4.130969e+01	406	-6.819721e-03	0	
4.141144e+01	407	2.977836e+02	-5.598592e+00	4.141144e+01	407	-1.916112e-02	0	
4.151318e+01	408	2.802260e+02	-8.007369e+00	4.151318e+01	408	-2.941521e-02	0	
4.161493e+01	409	2.807932e+02	2.684364e+00	4.161493e+01	409	9.469405e-03	0	
4.171668e+01	410	2.790220e+02	6.222042e-01	4.171668e+01	410	2.224985e-03	0	
4.181843e+01	411	2.881764e+02	-3.363453e+00	4.181843e+01	411	-1.180934e-02	0	
4.192018e+01	412	2.222068e+02	-1.320267e+01	4.192018e+01	412	-6.316942e-02	0	
4.202192e+01	413	2.718553e+02	-2.901988e+00	4.202192e+01	413	-1.078993e-02	0	
4.212367e+01	414	2.783248e+02	2.938652e+00	4.212367e+01	414	1.044804e-02	0	
4.222542e+01	415	3.059930e+02	1.422903e+01	4.222542e+01	415	4.443489e-02	0	
4.232717e+01	416	2.777932e+02	-6.910490e+00	4.232717e+01	416	-2.551100e-02	0	
4.242892e+01	417	2.807398e+02	-4.710282e+00	4.242892e+01	417	-1.706441e-02	0	
4.253066e+01	418	3.038617e+02	1.294063e+01	4.253066e+01	418	4.084765e-02	0	
4.263241e+01	419	2.926203e+02	-4.099033e+00	4.263241e+01	419	-1.420704e-02	0	
4.273416e+01	420	2.411488e+02	-6.770199e+00	4.273416e+01	420	-2.888574e-02	0	
4.283591e+01	421	2.649651e+02	8.698438e+00	4.283591e+01	421	3.178516e-02	0	
4.293766e+01	422	2.992205e+02	-1.438030e+01	4.293766e+01	422	-5.048550e-02	0	
4.303940e+01	423	2.792178e+02	-3.723045e+00	4.303940e+01	423	-1.351403e-02	0	
4.314115e+01	424	2.758906e+02	-9.877393e+00	4.314115e+01	424	-3.713121e-02	0	
4.324290e+01	425	3.008540e+02	-1.973783e+01	4.324290e+01	425	-7.021236e-02	0	
4.334465e+01	426	2.722352e+02	-9.134256e+00	4.334465e+01	426	-3.471769e-02	0	
4.344640e+01	427	3.005692e+02	-1.650706e+00	4.344640e+01	427	-5.522261e-03	0	
4.354814e+01	428	2.986211e+02	7.316072e-01	4.354814e+01	428	2.443964e-03	0	
4.364989e+01	429	2.614073e+02	-2.764010e+00	4.364989e+01	429	-1.068657e-02	0	
4.375164e+01	430	2.926514e+02	2.818268e+00	4.375164e+01	430	9.538265e-03	0	
4.385339e+01	431	2.755201e+02	-1.388021e+00	4.385339e+01	431	-5.063329e-03	0	
4.395514e+01	432	2.625708e+02	-6.674679e+00	4.395514e+01	432	-2.608355e-02	0	
4.405688e+01	433	2.704321e+02	1.486999e+00	4.405688e+01	433	5.468535e-03	0	
4.415863e+01	434	2.636243e+02	-1.475424e+01	4.415863e+01	434	-5.928491e-02	0	
4.426038e+01	435	2.788098e+02	-1.138862e+00	4.426038e+01	435	-4.101481e-03	0	
4.436213e+01	436	2.607410e+02	-3.848215e+00	4.436213e+01	436	-1.497985e-02	0	
4.446388e+01	437	2.608389e+02	-1.144835e+01	4.446388e+01	437	-4.590531e-02	0	
4.456562e+01	438	2.577112e+02	1.943673e+01	4.456562e+01	438	7.013125e-02	0	
4.466737e+01	439	2.772063e+02	-1.284680e+01	4.466737e+01	439	-4.859595e-02	0	
4.476912e+01	440	2.762787e+02	6.117089e+00	4.476912e+01	440	2.166140e-02	0	
4.487087e+01	441	2.530946e+02	-5.906387e+00	4.487087e+01	441	-2.389429e-02	0	
4.497262e+01	442	2.705945e+02	1.236479e+00	4.497262e+01	442	4.548705e-03	0	
4.507436e+01	443	2.544259e+02	-6.426367e+00	4.507436e+01	443	-2.591282e-02	0	
4.517611e+01	444	2.066708e+02	-2.459261e+01	4.517611e+01	444	-1.350662e-01	0	
4.527786e+01	445	2.469842e+02	-2.274609e+01	4.527786e+01	445	-1.014372e-01	0	
4.537961e+01	446	2.394587e+02	-1.847839e+00	4.537961e+01	446	-7.776745e-03	0	
4.548136e+01	447	2.513449e+02	-2.145448e+01	4.548136e+01	447	-9.332481e-02	0	
4.558310e+01	448	2.514993e+02	-3.866863e+00	4.558310e+01	448	-1.561533e-02	0	
4.568485e+01	449	2.546629e+02	-1.839952e+01	4.568485e+01	449	-7.787716e-02	0	
4.578660e+01	450	2.789607e+02	-2.576375e+01	4.578660e+01	450	-1.017538e-01	0	
4.588835e+01	451	2.745403e+02	-2.714361e+01	4.588835e+01	451	-1.097169e-01	0	
4.599010e+01	452	2.807198e+02	-1.948028e+01	4.599010e+01	452	-7.456866e-02	0	
4.609184e+01	453	2.527343e+02	-1.869628e+01	4.609184e+01	453	-7.988565e-02	0	
4.619359e+01	454	2.507712e+02	-2.023620e+01	4.619359e+01	454	-8.777930e-02	0	
4.629534e+01	455	2.869922e+02	-1.017084e+01	4.629534e+01	455	-3.674153e-02	0	
4.639709e+01	456	2.677177e+02	-2.285067e+01	4.639709e+01	456	-9.331869e-02	0	
4.649884e+01	457	2.758318e+02	-2.189724e+01	4.649884e+01	457	-8.623182e-02	0	
4.660058e+01	458	2.916071e+02	-1.312223e+01	4.660058e+01	458	-4.712008e-02	0	
4.670233e+01	459	2.855395e+02	-2.617132e+01	4.670233e+01	459	-1.009041e-01	0	
4.680408e+01	460	2.870547e+02	-2.205967e+01	4.680408e+01	460	-8.324560e-02	0	
4.690583e+01	461	2.676457e+02	-1.823816e+00	4.690583e+01	461	-6.861045e-03	0	
4.700758e+01	462	2.551594e+02	1.493005e+01	4.700758e+01	462	5.527817e-02	0	
4.710932e+01	463	2.907563e+02	-6.779990e+00	4.710932e+01	463	-2.387520e-02	0	
4.721107e+01	464	2.942417e+02	-1.572538e+01	4.721107e+01	464	-5.646125e-02	0	
4.731282e+01	465	2.692596e+02	2.567680e+00	4.731282e+01	465	9.445998e-03	0	
4.741457e+01	466	2.832801e+02	5.327035e+00	4.741457e+01	466	1.845774e-02	0	
4.751632e+01	467	2.916244e+02	-1.422575e+01	4.751632e+01	467	-5.128269e-02	0	
4.761806e+01	468	2.637272e+02	6.820509e+00	4.761806e+01	468	2.521000e-02	0	
4.771981e+01	469	2.533167e+02	1.144996e+01	4.771981e+01	469	4.324548e-02	0	
4.782156e+01	470	2.867816e+02	9.663889e+00	4.782156e+01	470	3.259921e-02	0	
4.792331e+01	471	2.571617e+02	6.699592e+00	4.792331e+01	471	2.539058e-02	0	
4.802506e+01	472	2.533047e+02	1.145138e+01	4.802506e+01	472	4.325257e-02	0	
4.812680e+01	473	2.721541e+02	1.008200e+01	4.812680e+01	473	3.572187e-02	0	
4.822855e+01	474	2.912219e+02	-2.160088e+00	4.822855e+01	474	-7.472755e-03	0	
4.833030e+01	475	2.748492e+02	2.291939e+01	4.833030e+01	475	7.697048e-02	0	
4.843205e+01	476	3.132717e+02	-2.674061e+01	4.843205e+01	476	-9.332534e-02	0	
4.853380e+01	477	2.827848e+02	1.024063e+01	4.853380e+01	477	3.494792e-02	0	
4.863554e+01	478	2.528468e+02	-5.847557e+00	4.863554e+01	478	-2.367439e-02	0	
4.873729e+01	479	2.511586e+02	-6.279883e+00	4.873729e+01	479	-2.564487e-02	0	
4.883904e+01	480	2.676554e+02	-2.435067e+00	4.883904e+01	480	-9.181298e-03	0	
4.894079e+01	481	2.845652e+02	-5.593565e+00	4.894079e+01	481	-2.005066e-02	0	
4.904254e+01	482	2.664965e+02	7.706283e-01	4.904254e+01	482	2.883364e-03	0	
4.914428e+01	483	2.498938e+02	-4.373635e+00	4.914428e+01	483	-1.781375e-02	0	
4.924603e+01	484	2.451702e+02	-7.235121e-02	4.924603e+01	484	-2.951932e-04	0	
4.934778e+01	485	2.480160e+02	-9.731950e+00	4.934778e+01	485	-4.084180e-02	0	
4.944953e+01	486	2.793249e+02	-1.042810e+01	4.944953e+01	486	-3.878105e-02	0	
4.955128e+01	487	2.888548e+02	2.290310e+01	4.955128e+01	487	7.346438e-02	0	
4.965302e+01	488	3.000956e+02	-3.377281e+00	4.965302e+01	488	-1.138211e-02	0	
4.975477e+01	489	3.049321e+02	-8.974255e+00	4.975477e+01	489	-3.032275e-02	0	
4.985652e+01	490	2.960546e+02	-2.067135e+00	4.985652e+01	490	-7.031371e-03	0	
4.995827e+01	491	2.304264e+02	-7.637670e+00	4.995827e+01	491	-3.428212e-02	0	
5.006002e+01	492	2.475965e+02	-4.487807e+00	5.006002e+01	492	-1.846008e-02	0	
5.016176e+01	493	2.837433e+02	-4.321817e+00	5.016176e+01	493	-1.546702e-02	0	
5.026351e+01	494	2.954115e+02	-8.848366e+00	5.026351e+01	494	-3.087754e-02	0	
5.036526e+01	495	2.795419e+02	-4.196070e+00	5.036526e+01	495	-1.523927e-02	0	
5.046701e+01	496	2.884704e+02	-1.595655e+00	5.046701e+01	496	-5.562201e-03	0	
5.056876e+01	497	2.720520e+02	-8.180835e-01	5.056876e+01	497	-3.016155e-03	0	
5.067050e+01	498	2.662672e+02	1.978885e+00	5.067050e+01	498	7.377125e-03	0	
5.077225e+01	499	2.487401e+02	-2.539377e+00	5.077225e+01	499	-1.031425e-02	0	
5.087400e+01	500	2.546044e+02	1.377127e+01	5.087400e+01	500	5.131341e-02	0	
5.097575e+01	501	2.590737e+02	-1.740119e+00	5.097575e+01	501	-6.762114e-03	0	
5.107750e+01	502	2.301254e+02	1.967631e+01	5.107750e+01	502	7.876772e-02	0	
5.117924e+01	503	3.290034e+02	-1.578539e+00	5.117924e+01	503	-4.821073e-03	0	
5.128099e+01	504	2.283192e+02	1.575524e+01	5.128099e+01	504	6.455096e-02	0	
5.138274e+01	505	2.358276e+02	1.674158e+01	5.138274e+01	505	6.628513e-02	0	
5.148449e+01	506	2.241990e+02	1.694413e+01	5.148449e+01	506	7.026586e-02	0	
5.158624e+01	507	2.346594e+02	1.603007e+01	5.158624e+01	507	6.394393e-02	0	
5.168798e+01	508	2.169350e+02	9.072695e+00	5.168798e+01	508	4.014330e-02	0	
5.178973e+01	509	2.190788e+02	1.960577e+01	5.178973e+01	509	8.214092e-02	0	
5.189148e+01	510	2.802787e+02	-5.104259e+00	5.189148e+01	510	-1.854918e-02	0	
5.199323e+01	511	2.886945e+02	-1.136937e+01	5.199323e+01	511	-4.099654e-02	0	
5.209498e+01	512	2.755545e+02	7.598065e+00	5.209498e+01	512	2.683382e-02	0	
5.219672e+01	513	3.001726e+02	-2.134991e+01	5.219672e+01	513	-7.657164e-02	0	
5.229847e+01	514	2.907498e+02	-1.561300e+01	5.229847e+01	514	-5.674632e-02	0	
5.240022e+01	515	2.976122e+02	-8.112191e+00	5.240022e+01	515	-2.802138e-02	0	
5.250197e+01	516	3.139156e+02	-1.817725e+01	5.250197e+01	516	-6.146396e-02	0	
5.260372e+01	517	2.923080e+02	-9.386541e+00	5.260372e+01	517	-3.317720e-02	0	
5.270546e+01	518	2.764377e+02	4.364626e+00	5.270546e+01	518	1.554341e-02	0	
5.280721e+01	519	2.746315e+02	-5.075629e+00	5.280721e+01	519	-1.882960e-02	0	
5.290896e+01	520	3.194053e+02	-7.911979e+00	5.290896e+01	520	-2.540016e-02	0	
5.301071e+01	521	2.685699e+02	5.385481e+00	5.301071e+01	521	1.965824e-02	0	
5.311246e+01	522	2.877997e+02	-2.646868e+01	5.311246e+01	522	-1.012841e-01	0	
5.321420e+01	523	2.407913e+02	-1.917624e-01	5.321420e+01	523	-7.970190e-04	0	
5.331595e+01	524	2.760260e+02	2.372581e+01	5.331595e+01	524	7.915152e-02	0	
5.341770e+01	525	2.950884e+02	1.915244e+01	5.341770e+01	525	6.094828e-02	0	
5.351945e+01	526	2.659496e+02	5.108632e+00	5.351945e+01	526	1.884699e-02	0	
5.362120e+01	527	3.086629e+02	7.709644e+00	5.362120e+01	527	2.436888e-02	0	
5.372294e+01	528	2.818929e+02	-3.563676e-01	5.372294e+01	528	-1.265795e-03	0	
5.382469e+01	529	3.160295e+02	-7.943259e+00	5.382469e+01	529	-2.578258e-02	0	
5.392644e+01	530	3.236357e+02	-1.431110e+01	5.392644e+01	530	-4.626564e-02	0	
5.402819e+01	531	3.169617e+02	-1.754220e+01	5.402819e+01	531	-5.858737e-02	0	
5.412994e+01	532	3.061733e+02	2.500099e+01	5.412994e+01	532	7.549194e-02	0	
5.423168e+01	533	3.229542e+02	-7.242781e+00	5.423168e+01	533	-2.294114e-02	0	
5.433343e+01	534	3.150163e+02	-5.852321e+00	5.433343e+01	534	-1.892950e-02	0	
5.443518e+01	535	2.907896e+02	-3.804006e+01	5.443518e+01	535	-1.505050e-01	0	
5.453693e+01	536	3.102842e+02	-5.358275e+00	5.453693e+01	536	-1.757238e-02	0	
5.463868e+01	537	2.887191e+02	7.815279e-01	5.463868e+01	537	2.699572e-03	0	
5.474042e+01	538	2.865300e+02	1.635680e+00	5.474042e+01	538	5.676179e-03	0	
5.484217e+01	539	3.080470e+02	-8.271296e+00	5.484217e+01	539	-2.759162e-02	0	
5.494392e+01	540	2.647522e+02	-3.443305e+00	5.494392e+01	540	-1.317714e-02	0	
5.504567e+01	541	2.912773e+02	-5.988702e+00	5.504567e+01	541	-2.099173e-02	0	
5.514742e+01	542	2.727851e+02	-9.472300e+00	5.514742e+01	542	-3.597356e-02	0	
5.524916e+01	543	2.890573e+02	2.058845e+01	5.524916e+01	543	6.649034e-02	0	
5.535091e+01	544	2.812782e+02	-3.243326e+00	5.535091e+01	544	-1.166518e-02	0	
5.545266e+01	545	2.552679e+02	-1.361898e+01	5.545266e+01	545	-5.635854e-02	0	
5.555441e+01	546	2.681051e+02	-6.101414e+00	5.555441e+01	546	-2.328751e-02	0	
5.565616e+01	547	2.756194e+02	4.953268e+00	5.565616e+01	547	1.765414e-02	0	
5.575790e+01	548	2.522995e+02	-7.256917e+00	5.575790e+01	548	-2.961492e-02	0	
5.585965e+01	549	2.243983e+02	-3.300575e+01	5.585965e+01	549	-1.724505e-01	0	
5.596140e+01	550	2.641289e+02	-1.436888e+01	5.596140e+01	550	-5.753074e-02	0	
5.606315e+01	551	2.452819e+02	-1.344179e+01	5.606315e+01	551	-5.797871e-02	0	
5.616490e+01	552	2.438210e+02	-6.917083e+00	5.616490e+01	552	-2.919784e-02	0	
5.626664e+01	553	2.420355e+02	-1.527631e+01	5.626664e+01	553	-6.736799e-02	0	
5.636839e+01	554	2.703382e+02	-8.419524e+00	5.636839e+01	554	-3.214557e-02	0	
5.647014e+01	555	2.505634e+02	-1.645219e+01	5.647014e+01	555	-7.027511e-02	0	
5.657189e+01	556	2.839161e+02	-2.130972e+01	5.657189e+01	556	-8.114700e-02	0	
5.667364e+01	557	2.752952e+02	-1.022053e+01	5.667364e+01	557	-3.855717e-02	0	
5.677538e+01	558	2.712551e+02	-8.647817e+00	5.677538e+01	558	-3.293061e-02	0	
5.687713e+01	559	2.786934e+02	-3.795583e+00	5.687713e+01	559	-1.380725e-02	0	
5.697888e+01	560	2.617577e+02	-2.781517e+00	5.697888e+01	560	-1.074044e-02	0	
5.708063e+01	561	2.679459e+02	-6.446251e+00	5.708063e+01	561	-2.465109e-02	0	
5.718238e+01	562	2.776045e+02	-4.965046e+00	5.718238e+01	562	-1.821103e-02	0	
5.728412e+01	563	2.807300e+02	-2.024315e+01	5.728412e+01	563	-7.771275e-02	0	
5.738587e+01	564	2.698274e+02	-1.683759e+01	5.738587e+01	564	-6.655442e-02	0	
5.748762e+01	565	2.909750e+02	-6.472895e+00	5.748762e+01	565	-2.275166e-02	0	
5.758937e+01	566	2.751517e+02	-4.367466e+00	5.758937e+01	566	-1.612895e-02	0	
5.769112e+01	567	2.884001e+02	-1.278475e+01	5.769112e+01	567	-4.638620e-02	0	
5.779286e+01	568	2.853095e+02	6.348031e+00	5.779286e+01	568	2.176536e-02	0	
5.789461e+01	569	2.942098e+02	-8.071217e+00	5.789461e+01	569	-2.820737e-02	0	
5.799636e+01	570	2.815107e+02	1.922677e+00	5.799636e+01	570	6.783524e-03	0	
5.809811e+01	571	2.797723e+02	-1.543816e+01	5.809811e+01	571	-5.840396e-02	0	
5.819986e+01	572	2.684436e+02	-2.907727e+01	5.819986e+01	572	-1.214760e-01	0	
5.830160e+01	573	2.867163e+02	-5.969614e+00	5.830160e+01	573	-2.126335e-02	0	
5.840335e+01	574	2.851354e+02	2.362547e+00	5.840335e+01	574	8.217613e-03	0	
5.850510e+01	575	2.933740e+02	-8.235473e+00	5.850510e+01	575	-2.888236e-02	0	
5.860685e+01	576	2.724959e+02	-7.564210e+00	5.860685e+01	576	-2.855155e-02	0	
5.870860e+01	577	2.811264e+02	4.151128e+00	5.870860e+01	577	1.455119e-02	0	
5.881034e+01	578	2.999285e+02	-1.936977e+00	5.881034e+01	578	-6.500108e-03	0	
5.891209e+01	579	3.235542e+02	-1.489082e+01	5.891209e+01	579	-4.824291e-02	0	
5.901384e+01	580	2.974883e+02	2.842232e+00	5.901384e+01	580	9.463680e-03	0	
5.911559e+01	581	3.001097e+02	-3.103369e+00	5.911559e+01	581	-1.044883e-02	0	
5.921734e+01	582	3.259306e+02	4.005261e-01	5.921734e+01	582	1.227361e-03	0	
5.931908e+01	583	3.341748e+02	1.460872e+01	5.931908e+01	583	4.188478e-02	0	
5.942083e+01	584	3.182893e+02	-2.519985e+01	5.942083e+01	584	-8.598007e-02	0	
5.952258e+01	585	3.154008e+02	4.944767e+00	5.952258e+01	585	1.543573e-02	0	
5.962433e+01	586	2.912080e+02	-7.808714e+00	5.962433e+01	586	-2.755375e-02	0	
5.972608e+01	587	2.965140e+02	-4.594824e+00	5.972608e+01	587	-1.574006e-02	0	
5.982782e+01	588	3.007525e+02	-8.106036e+00	5.982782e+01	588	-2.769907e-02	0	
5.992957e+01	589	2.772136e+02	-2.933842e+00	5.992957e+01	589	-1.069653e-02	0	
6.003132e+01	590	2.309045e+02	-1.861286e+01	6.003132e+01	590	-8.767590e-02	0	
6.013307e+01	591	2.852714e+02	3.333807e+01	6.013307e+01	591	1.046362e-01	0	
6.023482e+01	592	2.827965e+02	1.638475e+01	6.023482e+01	592	5.476530e-02	0	
6.033656e+01	593	2.951801e+02	4.637022e+01	6.033656e+01	593	1.357639e-01	0	
6.043831e+01	594	2.804103e+02	3.308612e+01	6.043831e+01	594	1.055391e-01	0	
6.054006e+01	595	3.021298e+02	2.994999e+01	6.054006e+01	595	9.018914e-02	0	
6.064181e+01	596	2.969958e+02	8.304235e+00	6.064181e+01	596	2.720024e-02	0	
6.074356e+01	597	2.794252e+02	3.270492e+01	6.074356e+01	597	1.047798e-01	0	
6.084530e+01	598	2.947548e+02	2.090999e+00	6.084530e+01	598	7.044058e-03	0	
6.094705e+01	599	2.816758e+02	2.114046e+00	6.094705e+01	599	7.449336e-03	0	
6.104880e+01	600	3.032091e+02	1.655478e+01	6.104880e+01	600	5.177189e-02	0	
6.115055e+01	601	2.721727e+02	1.263565e+00	6.115055e+01	601	4.621059e-03	0	
6.125230e+01	602	2.687939e+02	1.786787e+01	6.125230e+01	602	6.233084e-02	0	
6.135404e+01	603	2.906518e+02	2.842158e+00	6.135404e+01	603	9.683872e-03	0	
6.145579e+01	604	2.773440e+02	-2.548118e+01	6.145579e+01	604	-1.011709e-01	0	
6.155754e+01	605	2.685669e+02	3.519802e+00	6.155754e+01	605	1.293632e-02	0	
6.165929e+01	606	2.824177e+02	1.257552e+01	6.165929e+01	606	4.262986e-02	0	
6.176104e+01	607	2.592142e+02	1.693352e+01	6.176104e+01	607	6.132051e-02	0	
6.186278e+01	608	2.778431e+02	8.117945e+00	6.186278e+01	608	2.838829e-02	0	
6.196453e+01	609	2.670928e+02	1.721258e+00	6.196453e+01	609	6.403155e-03	0	
6.206628e+01	610	2.633823e+02	2.636968e+01	6.206628e+01	610	9.100776e-02	0	
6.216803e+01	611	2.798763e+02	1.284625e+01	6.216803e+01	611	4.388541e-02	0	
6.226978e+01	612	2.599265e+02	1.619357e+00	6.226978e+01	612	6.191484e-03	0	
6.237152e+01	613	2.540168e+02	-2.191063e+00	6.237152e+01	613	-8.700711e-03	0	
6.247327e+01	614	2.548095e+02	3.706290e+01	6.247327e+01	614	1.269832e-01	0	
6.257502e+01	615	2.664274e+02	1.744382e-01	6.257502e+01	615	6.543023e-04	0	
6.267677e+01	616	2.601779e+02	3.554754e+00	6.267677e+01	616	1.347863e-02	0	
6.277852e+01	617	2.642297e+02	4.890745e+00	6.277852e+01	617	1.817307e-02	0	
6.288026e+01	618	2.711423e+02	2.179499e+01	6.288026e+01	618	7.440156e-02	0	
6.298201e+01	619	2.524249e+02	-3.477628e+00	6.298201e+01	619	-1.396934e-02	0	
6.308376e+01	620	2.849565e+02	2.507153e+01	6.308376e+01	620	8.086859e-02	0	
6.318551e+01	621	2.735548e+02	2.950683e+01	6.318551e+01	621	9.736247e-02	0	
6.328726e+01	622	2.853468e+02	2.683784e+01	6.328726e+01	622	8.596784e-02	0	
6.338900e+01	623	2.862324e+02	4.285582e+00	6.338900e+01	623	1.475152e-02	0	
6.349075e+01	624	2.533993e+02	3.660023e+01	6.349075e+01	624	1.262079e-01	0	
6.359250e+01	625	2.643547e+02	1.494777e+01	6.359250e+01	625	5.351822e-02	0	
6.369425e+01	626	2.696989e+02	2.170839e+01	6.369425e+01	626	7.449501e-02	0	
6.379600e+01	627	2.939112e+02	-1.325017e+00	6.379600e+01	627	-4.528638e-03	0	
6.389774e+01	628	2.735371e+02	2.624038e+01	6.389774e+01	628	8.753286e-02	0	
6.399949e+01	629	2.962217e+02	1.029667e+01	6.399949e+01	629	3.359234e-02	0	
6.410124e+01	630	2.820237e+02	1.504224e+01	6.410124e+01	630	5.063603e-02	0	
6.420299e+01	631	3.002654e+02	-1.420114e+00	6.420299e+01	631	-4.752004e-03	0	
6.430474e+01	632	2.979228e+02	-4.070608e+00	6.430474e+01	632	-1.385257e-02	0	
6.440648e+01	633	2.719757e+02	1.363432e+01	6.440648e+01	633	4.773754e-02	0	
6.450823e+01	634	3.049264e+02	1.943005e+00	6.450823e+01	634	6.331700e-03	0	
6.460998e+01	635	3.109498e+02	8.893195e+00	6.460998e+01	635	2.780488e-02	0	
6.471173e+01	636	3.235117e+02	2.050217e+01	6.471173e+01	636	5.959693e-02	0	
6.481348e+01	637	3.245071e+02	1.712395e+01	6.481348e+01	637	5.012410e-02	0	
6.491522e+01	638	3.206833e+02	1.306964e+01	6.491522e+01	638	3.915963e-02	0	
6.501697e+01	639	2.993532e+02	1.283882e+00	6.501697e+01	639	4.270538e-03	0	
6.511872e+01	640	2.818938e+02	-1.156781e+01	6.511872e+01	640	-4.279207e-02	0	
6.522047e+01	641	3.532138e+02	3.069919e+01	6.522047e+01	641	7.996393e-02	0	
6.532222e+01	642	2.734732e+02	-1.115961e+01	6.532222e+01	642	-4.254301e-02	0	
6.542396e+01	643	2.811645e+02	-5.278184e+00	6.542396e+01	643	-1.913174e-02	0	
6.552571e+01	644	2.775998e+02	-6.322626e+00	6.552571e+01	644	-2.330689e-02	0	
6.562746e+01	645	2.688110e+02	1.124757e+01	6.562746e+01	645	4.016149e-02	0	
6.572921e+01	646	2.853134e+02	-2.321298e+00	6.572921e+01	646	-8.202695e-03	0	
6.583096e+01	647	2.769524e+02	-1.747440e+01	6.583096e+01	647	-6.734444e-02	0	
6.593270e+01	648	2.771001e+02	1.077651e+01	6.593270e+01	648	3.743448e-02	0	
6.603445e+01	649	2.820473e+02	-1.514503e+01	6.603445e+01	649	-5.674373e-02	0	
6.613620e+01	650	2.718333e+02	9.019003e+00	6.613620e+01	650	3.211298e-02	0	
6.623795e+01	651	2.719159e+02	7.682132e-01	6.623795e+01	651	2.817228e-03	0	
6.633970e+01	652	2.521214e+02	1.672790e+01	6.633970e+01	652	6.222036e-02	0	
6.644144e+01	653	2.867626e+02	2.576727e+00	6.644144e+01	653	8.905554e-03	0	
6.654319e+01	654	2.796587e+02	-6.267399e+00	6.654319e+01	654	-2.292465e-02	0	
6.664494e+01	655	2.952544e+02	-1.547132e+01	6.664494e+01	655	-5.529755e-02	0	
6.674669e+01	656	2.680504e+02	1.589495e+01	6.674669e+01	656	5.597891e-02	0	
6.684844e+01	657	2.587316e+02	1.324596e+01	6.684844e+01	657	4.870240e-02	0	
6.695018e+01	658	2.963327e+02	-1.716170e+01	6.695018e+01	658	-6.147379e-02	0	
6.705193e+01	659	2.992466e+02	2.263786e+00	6.705193e+01	659	7.508153e-03	0	
6.715368e+01	660	2.823028e+02	-1.830686e+01	6.715368e+01	660	-6.934523e-02	0	
6.725543e+01	661	2.872675e+02	-3.732807e-01	6.725543e+01	661	-1.301109e-03	0	
6.735718e+01	662	2.829987e+02	2.359331e+00	6.735718e+01	662	8.267968e-03	0	
6.745892e+01	663	3.071973e+02	-5.114647e+00	6.745892e+01	663	-1.693128e-02	0	
6.756067e+01	664	2.876994e+02	-1.615538e+01	6.756067e+01	664	-5.949452e-02	0	
6.766242e+01	665	2.754813e+02	-6.391761e+00	6.766242e+01	665	-2.375329e-02	0	
6.776417e+01	666	2.921950e+02	-1.545478e+01	6.776417e+01	666	-5.584580e-02	0	
6.786592e+01	667	2.970607e+02	-1.901447e+01	6.786592e+01	667	-6.838600e-02	0	
6.796766e+01	668	2.797964e+02	6.859901e+00	6.796766e+01	668	2.393075e-02	0	
6.806941e+01	669	3.048672e+02	-8.865282e+00	6.806941e+01	669	-2.995008e-02	0	
6.817116e+01	670	2.536530e+02	1.212759e+01	6.817116e+01	670	4.563008e-02	0	
6.827291e+01	671	2.340111e+02	1.930919e+01	6.827291e+01	671	7.622441e-02	0	
6.837466e+01	672	2.572772e+02	-3.928826e-01	6.837466e+01	672	-1.529415e-03	0	
6.847640e+01	673	2.448712e+02	1.176276e+01	6.847640e+01	673	4.583478e-02	0	
6.857815e+01	674	2.273883e+02	1.591079e+01	6.857815e+01	674	6.539601e-02	0	
6.867990e+01	675	2.564014e+02	1.212314e+01	6.867990e+01	675	4.514723e-02	0	
6.878165e+01	676	2.681581e+02	2.073662e+01	6.878165e+01	676	7.177916e-02	0	
6.888340e+01	677	3.024313e+02	2.702774e+01	6.888340e+01	677	8.203672e-02	0	
6.898514e+01	678	3.093995e+02	3.089238e+01	6.898514e+01	678	9.078201e-02	0	
6.908689e+01	679	2.812831e+02	2.379360e+01	6.908689e+01	679	7.799219e-02	0	
6.918864e+01	680	2.467223e+02	3.845610e+01	6.918864e+01	680	1.348493e-01	0	
6.929039e+01	681	2.569469e+02	1.425338e+01	6.929039e+01	681	5.255666e-02	0	
6.939214e+01	682	2.637082e+02	1.381859e+01	6.939214e+01	682	4.979191e-02	0	
6.949388e+01	683	2.617282e+02	9.290159e+00	6.949388e+01	683	3.427871e-02	0	
6.959563e+01	684	2.835528e+02	7.336171e+00	6.959563e+01	684	2.521983e-02	0	
6.969738e+01	685	2.283758e+02	5.722566e+00	6.969738e+01	685	2.444513e-02	0	
6.979913e+01	686	2.743595e+02	2.039985e+01	6.979913e+01	686	6.920849e-02	0	
6.990088e+01	687	2.548652e+02	4.255092e-01	6.990088e+01	687	1.666763e-03	0	
7.000262e+01	688	2.747041e+02	2.094719e+01	7.000262e+01	688	7.085100e-02	0	
7.010437e+01	689	2.684637e+02	4.469605e+01	7.010437e+01	689	1.427260e-01	0	
7.020612e+01	690	2.564332e+02	7.373013e+00	7.020612e+01	690	2.794859e-02	0	
7.030787e+01	691	2.747320e+02	1.234432e+01	7.030787e+01	691	4.300013e-02	0	
7.040962e+01	692	2.674784e+02	2.871485e+01	7.040962e+01	692	9.694633e-02	0	
7.051136e+01	693	2.716148e+02	4.599075e+00	7.051136e+01	693	1.665041e-02	0	
7.061311e+01	694	3.122967e+02	1.591242e+01	7.061311e+01	694	4.848257e-02	0	
7.071486e+01	695	2.713412e+02	2.450339e+01	7.071486e+01	695	8.282521e-02	0	
7.081661e+01	696	2.684789e+02	1.637254e+01	7.081661e+01	696	5.747747e-02	0	
7.091836e+01	697	2.698861e+02	6.703567e+00	7.091836e+01	697	2.423651e-02	0	
7.102010e+01	698	2.783870e+02	1.769932e+01	7.102010e+01	698	5.977757e-02	0	
7.112185e+01	699	2.638732e+02	2.393257e+01	7.112185e+01	699	8.315528e-02	0	
7.122360e+01	700	2.766823e+02	1.521639e+01	7.122360e+01	700	5.212901e-02	0	
7.132535e+01	701	2.711504e+02	-4.558331e+00	7.132535e+01	701	-1.709852e-02	0	
7.142710e+01	702	3.007512e+02	2.293588e+01	7.142710e+01	702	7.085819e-02	0	
7.152884e+01	703	2.731011e+02	1.353132e+01	7.152884e+01	703	4.720792e-02	0	
7.163059e+01	704	2.995272e+02	-1.661147e+01	7.163059e+01	704	-5.871526e-02	0	
7.173234e+01	705	2.744841e+02	2.306125e+00	7.173234e+01	705	8.331671e-03	0	
7.183409e+01	706	2.795680e+02	2.407900e+00	7.183409e+01	706	8.539382e-03	0	
7.193584e+01	707	2.419769e+02	1.129866e+01	7.193584e+01	707	4.461015e-02	0	
7.203758e+01	708	2.566016e+02	-2.970416e+00	7.203758e+01	708	-1.171156e-02	0	
7.213933e+01	709	2.744389e+02	-9.579809e+00	7.213933e+01	709	-3.616946e-02	0	
7.224108e+01	710	2.410870e+02	-5.574908e+00	7.224108e+01	710	-2.367143e-02	0	
7.234283e+01	711	2.511686e+02	-1.148066e+00	7.234283e+01	711	-4.591887e-03	0	
7.244458e+01	712	2.563594e+02	-1.923217e-01	7.244458e+01	712	-7.507667e-04	0	
7.254632e+01	713	2.270952e+02	1.429627e+01	7.254632e+01	713	5.922442e-02	0	
7.264807e+01	714	2.413625e+02	7.160089e+00	7.264807e+01	714	2.881062e-02	0	
7.274982e+01	715	2.570909e+02	-3.341623e+00	7.274982e+01	715	-1.316900e-02	0	
7.285157e+01	716	2.464727e+02	-5.401282e-02	7.285157e+01	716	-2.191912e-04	0	
7.295332e+01	717	2.211976e+02	2.921765e+01	7.295332e+01	717	1.166768e-01	0	
7.305506e+01	718	2.146729e+02	2.825821e+00	7.305506e+01	718	1.299236e-02	0	
7.315681e+01	719	2.608758e+02	-2.793861e+00	7.315681e+01	719	-1.082548e-02	0	
7.325856e+01	720	2.655826e+02	-1.702000e+01	7.325856e+01	720	-6.847370e-02	0	
7.336031e+01	721	2.703976e+02	-2.386291e+01	7.336031e+01	721	-9.679332e-02	0	
7.346206e+01	722	2.469214e+02	3.512258e+00	7.346206e+01	722	1.402470e-02	0	
7.356380e+01	723	2.661580e+02	-2.693269e+01	7.356380e+01	723	-1.125829e-01	0	
7.366555e+01	724	2.618042e+02	-2.033108e+01	7.366555e+01	724	-8.419604e-02	0	
7.376730e+01	725	2.893708e+02	-1.872483e+01	7.376730e+01	725	-6.918570e-02	0	
7.386905e+01	726	2.654986e+02	-1.343991e+01	7.386905e+01	726	-5.332056e-02	0	
7.397080e+01	727	2.699557e+02	-1.623826e+01	7.397080e+01	727	-6.400136e-02	0	
7.407254e+01	728	2.800944e+02	-1.425466e+01	7.407254e+01	728	-5.362125e-02	0	
7.417429e+01	729	2.682640e+02	-2.206922e+01	7.417429e+01	729	-8.964130e-02	0	
7.427604e+01	730	2.542491e+02	-1.024778e+01	7.427604e+01	730	-4.199887e-02	0	
7.437779e+01	731	2.802555e+02	-8.224787e+00	7.437779e+01	731	-3.023477e-02	0	
7.447954e+01	732	2.682593e+02	-2.323279e+01	7.447954e+01	732	-9.481745e-02	0	
7.458128e+01	733	2.535957e+02	-1.036170e+01	7.458128e+01	733	-4.259972e-02	0	
7.468303e+01	734	2.806069e+02	-1.411336e+01	7.468303e+01	734	-5.295948e-02	0	
7.478478e+01	735	2.710814e+02	-9.108151e-01	7.478478e+01	735	-3.371259e-03	0	
7.488653e+01	736	2.745462e+02	-3.477076e+00	7.488653e+01	736	-1.282727e-02	0	
7.498828e+01	737	3.043154e+02	-3.014451e+01	7.498828e+01	737	-1.099479e-01	0	
7.509002e+01	738	2.750946e+02	-8.797085e+00	7.509002e+01	738	-3.303480e-02	0	
7.519177e+01	739	2.650592e+02	-3.765545e+00	7.519177e+01	739	-1.441116e-02	0	
7.529352e+01	740	3.088096e+02	1.053714e+01	7.529352e+01	740	3.299592e-02	0	
7.539527e+01	741	2.656279e+02	4.369218e+00	7.539527e+01	741	1.618246e-02	0	
7.549702e+01	742	2.681521e+02	-1.222081e+01	7.549702e+01	742	-4.775036e-02	0	
7.559876e+01	743	2.683188e+02	-8.290548e+00	7.559876e+01	743	-3.188326e-02	0	
7.570051e+01	744	2.796909e+02	1.098989e+01	7.570051e+01	744	3.780742e-02	0	
7.580226e+01	745	2.595461e+02	4.849279e+00	7.580226e+01	745	1.834101e-02	0	
7.590401e+01	746	2.690255e+02	1.421339e+01	7.590401e+01	746	5.018163e-02	0	
7.600576e+01	747	2.563680e+02	7.114875e+00	7.600576e+01	747	2.700318e-02	0	
7.610750e+01	748	2.664372e+02	-3.879940e+00	7.610750e+01	748	-1.477750e-02	0	
7.620925e+01	749	2.475407e+02	1.028335e+01	7.620925e+01	749	3.988515e-02	0	
7.631100e+01	750	2.693029e+02	4.634294e+00	7.631100e+01	750	1.691736e-02	0	
7.641275e+01	751	2.705674e+02	7.223353e+00	7.641275e+01	751	2.600286e-02	0	
7.651450e+01	752	2.272408e+02	1.065497e+01	7.651450e+01	752	4.478840e-02	0	
7.661624e+01	753	2.445507e+02	1.025292e+01	7.661624e+01	753	4.023852e-02	0	
7.671799e+01	754	2.149758e+02	7.246150e+00	7.671799e+01	754	3.260771e-02	0	
7.681974e+01	755	2.375388e+02	9.862491e+00	7.681974e+01	755	3.986435e-02	0	
7.692149e+01	756	2.762710e+02	6.401048e-01	7.692149e+01	756	2.311589e-03	0	
7.702324e+01	757	2.820498e+02	4.061595e+00	7.702324e+01	757	1.419585e-02	0	
7.712498e+01	758	2.807703e+02	-4.268903e+00	7.712498e+01	758	-1.543899e-02	0	
7.722673e+01	759	2.750881e+02	-7.188694e+00	7.722673e+01	759	-2.683356e-02	0	
7.732848e+01	760	2.804121e+02	-2.092504e+00	7.732848e+01	760	-7.518350e-03	0	
7.743023e+01	761	2.839042e+02	-1.928684e+01	7.743023e+01	761	-7.288577e-02	0	
7.753198e+01	762	2.832321e+02	3.067603e+00	7.753198e+01	762	1.071466e-02	0	
7.763372e+01	763	2.727036e+02	-2.742090e+01	7.763372e+01	763	-1.117930e-01	0	
7.773547e+01	764	2.878643e+02	7.120968e+00	7.773547e+01	764	2.414008e-02	0	
7.783722e+01	765	2.666924e+02	-1.418547e+01	7.783722e+01	765	-5.617854e-02	0	
7.793897e+01	766	2.864783e+02	-1.662793e+01	7.793897e+01	766	-6.161907e-02	0	
7.804072e+01	767	2.563233e+02	-3.465654e+01	7.804072e+01	767	-1.563452e-01	0	
7.814246e+01	768	2.739343e+02	-4.665941e+01	7.814246e+01	768	-2.052995e-01	0	
7.824421e+01	769	2.455294e+02	2.680150e+00	7.824421e+01	769	1.079793e-02	0	
7.834596e+01	770	2.751470e+02	-1.583951e+01	7.834596e+01	770	-6.108389e-02	0	
7.844771e+01	771	2.824237e+02	4.834570e+00	7.844771e+01	771	1.683005e-02	0	
7.854946e+01	772	2.737855e+02	-1.158513e+00	7.854946e+01	772	-4.249444e-03	0	
7.865120e+01	773	2.625147e+02	-9.309903e+00	7.865120e+01	773	-3.676827e-02	0	
7.875295e+01	774	2.721299e+02	-2.970529e+00	7.875295e+01	774	-1.103632e-02	0	
7.885470e+01	775	3.184716e+02	1.326071e+01	7.885470e+01	775	3.997413e-02	0	
7.895645e+01	776	2.844138e+02	-4.560150e+00	7.895645e+01	776	-1.629477e-02	0	
7.905820e+01	777	2.310633e+02	3.007143e+00	7.905820e+01	777	1.284717e-02	0	
7.915994e+01	778	2.848782e+02	-1.962646e+01	7.915994e+01	778	-7.399182e-02	0	
7.926169e+01	779	2.792530e+02	-2.501797e+00	7.926169e+01	779	-9.039878e-03	0	
7.936344e+01	780	2.963752e+02	-1.448929e+01	7.936344e+01	780	-5.140126e-02	0	
7.946519e+01	781	2.675001e+02	2.740271e+01	7.946519e+01	781	9.292116e-02	0	
7.956694e+01	782	2.916770e+02	2.548262e+00	7.956694e+01	782	8.660922e-03	0	
7.966868e+01	783	2.788455e+02	-2.433733e+00	7.966868e+01	783	-8.804737e-03	0	
7.977043e+01	784	2.990643e+02	-9.380931e+00	7.977043e+01	784	-3.238340e-02	0	
7.987218e+01	785	2.814177e+02	1.385697e-01	7.987218e+01	785	4.921563e-04	0	
7.997393e+01	786	2.785812e+02	-4.867698e+00	7.997393e+01	786	-1.778392e-02	0	
8.007568e+01	787	2.834811e+02	3.390092e+00	8.007568e+01	787	1.181747e-02	0	
8.017742e+01	788	2.864367e+02	3.691108e+00	8.017742e+01	788	1.272235e-02	0	
8.027917e+01	789	2.638762e+02	-5.293822e+00	8.027917e+01	789	-2.047248e-02	0	
8.038092e+01	790	3.008963e+02	-2.382563e+00	8.038092e+01	790	-7.981418e-03	0	
8.048267e+01	791	2.788612e+02	-1.463249e-01	8.048267e+01	791	-5.249985e-04	0	
8.058442e+01	792	2.668163e+02	-8.662168e+00	8.058442e+01	792	-3.355425e-02	0	
8.068616e+01	793	2.793365e+02	1.595423e+00	8.068616e+01	793	5.679038e-03	0	
8.078791e+01	794	2.838200e+02	1.231085e+01	8.078791e+01	794	4.157233e-02	0	
8.088966e+01	795	2.818978e+02	1.229034e+01	8.088966e+01	795	4.177714e-02	0	
8.099141e+01	796	2.758946e+02	-1.059893e+01	8.099141e+01	796	-3.995139e-02	0	
8.109316e+01	797	2.679935e+02	-7.912138e+00	8.109316e+01	797	-3.042178e-02	0	
8.119490e+01	798	2.765806e+02	1.164290e+01	8.119490e+01	798	4.039539e-02	0	
8.129665e+01	799	2.622123e+02	8.021183e-01	8.129665e+01	799	3.049712e-03	0	
8.139840e+01	800	2.967892e+02	1.092036e+01	8.139840e+01	800	3.548918e-02	0	
8.150015e+01	801	2.747954e+02	5.605782e+00	8.150015e+01	801	1.999201e-02	0	
8.160190e+01	802	2.833182e+02	7.267966e+00	8.160190e+01	802	2.501140e-02	0	
8.170364e+01	803	2.670128e+02	-8.270571e-01	8.170364e+01	803	-3.107068e-03	0	
8.180539e+01	804	2.847016e+02	1.419978e+01	8.180539e+01	804	4.750657e-02	0	
8.190714e+01	805	2.602305e+02	-3.375669e+00	8.190714e+01	805	-1.314232e-02	0	
8.200889e+01	806	2.766027e+02	2.556423e+00	8.200889e+01	806	9.157584e-03	0	
8.211064e+01	807	2.703604e+02	-6.358957e+00	8.211064e+01	807	-2.408683e-02	0	
8.221238e+01	808	2.664417e+02	-2.991618e+00	8.221238e+01	808	-1.135554e-02	0	
8.231413e+01	809	2.692882e+02	9.563142e-01	8.231413e+01	809	3.538700e-03	0	
8.241588e+01	810	2.501020e+02	-1.344904e+01	8.241588e+01	810	-5.683022e-02	0	
8.251763e+01	811	2.525248e+02	-5.417564e+00	8.251763e+01	811	-2.192394e-02	0	
8.261938e+01	812	2.459173e+02	-1.305937e+01	8.261938e+01	812	-5.608299e-02	0	
8.272112e+01	813	2.876263e+02	1.652931e+01	8.272112e+01	813	5.434491e-02	0	
8.282287e+01	814	2.670484e+02	-1.251507e+01	8.282287e+01	814	-4.916869e-02	0	
8.292462e+01	815	2.662386e+02	-5.960615e+00	8.292462e+01	815	-2.290096e-02	0	
8.302637e+01	816	2.906967e+02	5.639735e+00	8.302637e+01	816	1.903153e-02	0	
8.312812e+01	817	2.886109e+02	1.199445e+02	8.312812e+01	817	2.935820e-01	0	
8.322986e+01	818	2.829922e+02	9.165157e+01	8.322986e+01	818	2.446366e-01	0	
8.333161e+01	819	2.878304e+02	8.281434e+01	8.333161e+01	819	2.234332e-01	0	
8.343336e+01	820	2.792953e+02	8.980228e+01	8.343336e+01	820	2.433023e-01	0	
8.353511e+01	821	2.868855e+02	9.776299e+01	8.353511e+01	821	2.541619e-01	0	
8.363686e+01	822	2.798518e+02	6.735750e+01	8.363686e+01	822	1.939968e-01	0	
8.373860e+01	823	2.841780e+02	5.056822e+01	8.373860e+01	823	1.510643e-01	0	
8.384035e+01	824	2.867796e+02	8.918138e+01	8.384035e+01	824	2.372091e-01	0	
8.394210e+01	825	2.850214e+02	4.357356e+01	8.394210e+01	825	1.326057e-01	0	
8.404385e+01	826	2.944244e+02	4.275442e+01	8.404385e+01	826	1.268004e-01	0	
8.414560e+01	827	2.885026e+02	5.726610e+01	8.414560e+01	827	1.656197e-01	0	
8.424734e+01	828	2.894591e+02	6.071899e+01	8.424734e+01	828	1.733946e-01	0	
8.434909e+01	829	2.830950e+02	5.785500e+01	8.434909e+01	829	1.696876e-01	0	
8.445084e+01	830	2.769289e+02	5.786142e+01	8.445084e+01	830	1.728288e-01	0	
8.455259e+01	831	2.928453e+02	4.005618e+01	8.455259e+01	831	1.203244e-01	0	
8.465434e+01	832	2.990146e+02	7.052226e+01	8.465434e+01	832	1.908396e-01	0	
8.475608e+01	833	2.853652e+02	5.671236e+01	8.475608e+01	833	1.657880e-01	0	
8.485783e+01	834	2.829920e+02	4.538181e+01	8.485783e+01	834	1.382017e-01	0	
8.495958e+01	835	2.813809e+02	6.831390e+01	8.495958e+01	835	1.953529e-01	0	
8.506133e+01	836	2.840257e+02	6.403811e+01	8.506133e+01	836	1.839838e-01	0	
8.516308e+01	837	2.917533e+02	5.593613e+01	8.516308e+01	837	1.608796e-01	0	
8.526482e+01	838	2.808763e+02	5.548655e+01	8.526482e+01	838	1.649604e-01	0	
8.536657e+01	839	2.720816e+02	3.807243e+01	8.536657e+01	839	1.227533e-01	0	
8.546832e+01	840	2.983278e+02	3.938278e+01	8.546832e+01	840	1.166170e-01	0	
8.557007e+01	841	2.841257e+02	4.658786e+01	8.557007e+01	841	1.408707e-01	0	
8.567182e+01	842	2.760634e+02	-1.710800e+01	8.567182e+01	842	-6.606543e-02	0	
8.577356e+01	843	2.682743e+02	-1.794207e+01	8.577356e+01	843	-7.167303e-02	0	
8.587531e+01	844	2.805725e+02	-1.647802e+01	8.587531e+01	844	-6.239441e-02	0	
8.597706e+01	845	2.797153e+02	-2.410079e+01	8.597706e+01	845	-9.428569e-02	0	
8.607881e+01	846	2.890399e+02	-2.003765e+01	8.607881e+01	846	-7.448878e-02	0	
8.618056e+01	847	2.998016e+02	-2.073189e+01	8.618056e+01	847	-7.428929e-02	0	
8.628230e+01	848	2.657880e+02	-1.786547e+01	8.628230e+01	848	-7.206070e-02	0	
8.638405e+01	849	2.936268e+02	-1.392277e+01	8.638405e+01	849	-4.977679e-02	0	
8.648580e+01	850	2.930385e+02	-2.060780e+01	8.648580e+01	850	-7.564419e-02	0	
8.658755e+01	851	2.730187e+02	-1.585782e+01	8.658755e+01	851	-6.166498e-02	0	
8.668930e+01	852	2.768019e+02	-2.378303e+01	8.668930e+01	852	-9.399706e-02	0	
8.679104e+01	853	2.946258e+02	-2.117751e+01	8.679104e+01	853	-7.744612e-02	0	
8.689279e+01	854	2.983160e+02	-2.413318e+01	8.689279e+01	854	-8.801857e-02	0	
8.699454e+01	855	2.883582e+02	-2.272414e+01	8.699454e+01	855	-8.554679e-02	0	
8.709629e+01	856	2.631592e+02	2.244950e+01	8.709629e+01	856	7.860230e-02	0	
8.719804e+01	857	2.682109e+02	7.142716e+00	8.719804e+01	857	2.594016e-02	0	
8.729978e+01	858	2.825765e+02	7.475357e+00	8.729978e+01	858	2.577248e-02	0	
8.740153e+01	859	2.481067e+02	2.802789e+01	8.740153e+01	859	1.015008e-01	0	
8.750328e+01	860	2.333756e+02	4.157196e+01	8.750328e+01	860	1.511996e-01	0	
8.760503e+01	861	2.636224e+02	2.996019e+01	8.760503e+01	861	1.020503e-01	0	
8.770678e+01	862	3.371638e+02	-2.652873e+00	8.770678e+01	862	-7.930602e-03	0	
8.780852e+01	863	2.826397e+02	-5.416060e+00	8.780852e+01	863	-1.953679e-02	0	
8.791027e+01	864	2.750223e+02	2.180943e+01	8.791027e+01	864	7.347405e-02	0	
8.801202e+01	865	2.238934e+02	-9.399246e+00	8.801202e+01	865	-4.382052e-02	0	
8.811377e+01	866	2.384213e+02	-4.042217e+00	8.811377e+01	866	-1.724649e-02	0	
8.821552e+01	867	2.722035e+02	6.676047e+01	8.821552e+01	867	1.969545e-01	0	
8.831726e+01	868	2.586355e+02	2.848827e+01	8.831726e+01	868	9.921948e-02	0	
8.841901e+01	869	2.319938e+02	5.659751e+01	8.841901e+01	869	1.961165e-01	0	
8.852076e+01	870	2.708085e+02	4.458871e+01	8.852076e+01	870	1.413732e-01	0	
8.862251e+01	871	2.613141e+02	4.933374e+01	8.862251e+01	871	1.588092e-01	0	
8.872426e+01	872	2.736374e+02	5.713568e+01	8.872426e+01	872	1.727338e-01	0	
8.882600e+01	873	2.516358e+02	4.733341e+01	8.882600e+01	873	1.583220e-01	0	
8.892775e+01	874	2.768306e+02	6.758701e+01	8.892775e+01	874	1.962356e-01	0	
8.902950e+01	875	2.643991e+02	1.629514e+01	8.902950e+01	875	5.805299e-02	0	
8.913125e+01	876	2.628277e+02	5.391435e+01	8.913125e+01	876	1.702153e-01	0	
8.923300e+01	877	2.824400e+02	1.583750e+01	8.923300e+01	877	5.309653e-02	0	
8.933474e+01	878	2.600567e+02	4.137827e+01	8.933474e+01	878	1.372710e-01	0	
8.943649e+01	879	2.732228e+02	2.178719e+01	8.943649e+01	879	7.385238e-02	0	
8.953824e+01	880	2.809820e+02	1.196082e+01	8.953824e+01	880	4.082988e-02	0	
8.963999e+01	881	2.734192e+02	7.919923e+01	8.963999e+01	881	2.246032e-01	0	
8.974174e+01	882	2.887597e+02	8.221141e+01	8.974174e+01	882	2.216114e-01	0	
8.984348e+01	883	2.680796e+02	7.171700e+01	8.984348e+01	883	2.110586e-01	0	
8.994523e+01	884	2.740704e+02	6.628460e+01	8.994523e+01	884	1.947514e-01	0	
9.004698e+01	885	2.864747e+02	8.802813e+01	9.004698e+01	885	2.350533e-01	0	
9.014873e+01	886	2.841693e+02	5.558235e+01	9.014873e+01	886	1.635970e-01	0	
9.025048e+01	887	2.823565e+02	7.340297e+01	9.025048e+01	887	2.063275e-01	0	
9.035222e+01	888	2.717290e+02	7.810823e+01	9.035222e+01	888	2.232702e-01	0	
9.045397e+01	889	2.905548e+02	6.954468e+01	9.045397e+01	889	1.931263e-01	0	
9.055572e+01	890	2.895899e+02	3.694771e+01	9.055572e+01	890	1.131499e-01	0	
9.065747e+01	891	2.832199e+02	7.796418e+01	9.065747e+01	891	2.158572e-01	0	
9.075922e+01	892	2.932514e+02	6.731810e+01	9.075922e+01	892	1.866994e-01	0	
9.086096e+01	893	2.856516e+02	7.566157e+01	9.086096e+01	893	2.094072e-01	0	
9.096271e+01	894	2.826207e+02	6.798613e+01	9.096271e+01	894	1.939099e-01	0	
9.106446e+01	895	2.753955e+02	8.261766e+01	9.106446e+01	895	2.307671e-01	0	
9.116621e+01	896	2.814380e+02	8.289081e+01	9.116621e+01	896	2.275165e-01	0	
9.126796e+01	897	2.629346e+02	9.713536e+01	9.126796e+01	897	2.697680e-01	0	
9.136970e+01	898	3.198916e+02	2.084563e+01	9.136970e+01	898	6.117802e-02	0	
9.147145e+01	899	2.622441e+02	9.776118e+01	9.147145e+01	899	2.715549e-01	0	
9.157320e+01	900	2.638940e+02	9.136302e+01	9.157320e+01	900	2.571744e-01	0	
9.167495e+01	901	2.665174e+02	5.468812e+01	9.167495e+01	901	1.702590e-01	0	
9.177670e+01	902	2.851750e+02	8.021913e+01	9.177670e+01	902	2.195414e-01	0	
9.187844e+01	903	2.544493e+02	6.332221e+01	9.187844e+01	903	1.992696e-01	0	
9.198019e+01	904	2.452442e+02	9.293884e+01	9.198019e+01	904	2.748182e-01	0	
9.208194e+01	905	2.513334e+02	6.547528e+01	9.208194e+01	905	2.066714e-01	0	
9.218369e+01	906	2.580571e+02	9.395396e+01	9.218369e+01	906	2.669063e-01	0	
9.228544e+01	907	2.784010e+02	4.748215e+01	9.228544e+01	907	1.457030e-01	0	
9.238718e+01	908	2.944472e+02	1.345076e+01	9.238718e+01	908	4.368577e-02	0	
9.248893e+01	909	3.088660e+02	1.869698e+01	9.248893e+01	909	5.707904e-02	0	
9.259068e+01	910	2.965730e+02	-1.618432e+00	9.259068e+01	910	-5.487055e-03	0	
9.269243e+01	911	2.697371e+02	5.369712e+01	9.269243e+01	911	1.660218e-01	0	
9.279418e+01	912	2.798420e+02	7.860792e+01	9.279418e+01	912	2.192996e-01	0	
9.289592e+01	913	2.795196e+02	2.082692e+01	9.289592e+01	913	6.934297e-02	0	
9.299767e+01	914	2.865160e+02	1.190563e+02	9.299767e+01	914	2.935514e-01	0	
9.309942e+01	915	2.945987e+02	1.534410e+02	9.309942e+01	915	3.424719e-01	0	
9.320117e+01	916	2.825005e+02	1.224643e+02	9.320117e+01	916	3.024073e-01	0	
9.330292e+01	917	2.862135e+02	1.108714e+02	9.330292e+01	917	2.792133e-01	0	
9.340466e+01	918	2.855858e+02	1.223493e+02	9.340466e+01	918	2.999234e-01	0	
9.350641e+01	919	2.923413e+02	9.675997e+01	9.350641e+01	919	2.486755e-01	0	
9.360816e+01	920	2.881220e+02	1.297906e+02	9.360816e+01	920	3.105688e-01	0	
9.370991e+01	921	2.802358e+02	1.262520e+02	9.370991e+01	921	3.105923e-01	0	
9.381166e+01	922	2.878151e+02	1.185615e+02	9.381166e+01	922	2.917528e-01	0	
9.391340e+01	923	2.805868e+02	9.744455e+01	9.391340e+01	923	2.577684e-01	0	
9.401515e+01	924	2.874229e+02	1.271997e+02	9.401515e+01	924	3.067843e-01	0	
9.411690e+01	925	2.819805e+02	1.006490e+02	9.411690e+01	925	2.630456e-01	0	
9.421865e+01	926	2.888804e+02	1.090961e+02	9.421865e+01	926	2.741270e-01	0	
9.432040e+01	927	2.615295e+02	8.294429e+01	9.432040e+01	927	2.407855e-01	0	
9.442214e+01	928	2.742110e+02	9.635012e+01	9.442214e+01	928	2.600114e-01	0	
9.452389e+01	929	2.740902e+02	9.636843e+01	9.452389e+01	929	2.601328e-01	0	
9.462564e+01	930	2.552380e+02	9.300379e+01	9.462564e+01	930	2.670667e-01	0	
9.472739e+01	931	2.836213e+02	8.402815e+01	9.472739e+01	931	2.285551e-01	0	
9.482914e+01	932	2.714103e+02	9.652554e+01	9.482914e+01	932	2.623434e-01	0	
9.493088e+01	933	2.660537e+02	5.114774e+01	9.493088e+01	933	1.612469e-01	0	
9.503263e+01	934	2.725603e+02	9.131228e+01	9.503263e+01	934	2.509458e-01	0	
9.513438e+01	935	2.373684e+02	6.185261e+01	9.513438e+01	935	2.067121e-01	0	
9.523613e+01	936	2.672551e+02	6.901095e+01	9.523613e+01	936	2.052272e-01	0	
9.533788e+01	937	2.810541e+02	7.254649e+01	9.533788e+01	937	2.051651e-01	0	
9.543962e+01	938	2.580652e+02	6.303143e+01	9.543962e+01	938	1.963005e-01	0	
9.554137e+01	939	2.609653e+02	6.929327e+01	9.554137e+01	939	2.098152e-01	0	
9.564312e+01	940	2.517868e+02	7.022486e+01	9.564312e+01	940	2.180817e-01	0	
9.574487e+01	941	2.824303e+02	8.282540e+01	9.574487e+01	941	2.267600e-01	0	
9.584662e+01	942	2.546081e+02	6.640871e+01	9.584662e+01	942	2.068699e-01	0	
9.594836e+01	943	2.986013e+02	7.272815e+01	9.594836e+01	943	1.958588e-01	0	
9.605011e+01	944	2.903270e+02	1.006035e+02	9.605011e+01	944	2.573437e-01	0	
9.615186e+01	945	2.809789e+02	8.156992e+01	9.615186e+01	945	2.249902e-01	0	
9.625361e+01	946	2.749506e+02	7.575823e+01	9.625361e+01	946	2.160146e-01	0	
9.635536e+01	947	3.198315e+02	3.806454e+01	9.635536e+01	947	1.063564e-01	0	
9.645710e+01	948	2.769139e+02	1.114693e+02	9.645710e+01	948	2.870086e-01	0	
9.655885e+01	949	3.054110e+02	8.462566e+01	9.655885e+01	949	2.169685e-01	0	
9.666060e+01	950	2.991266e+02	8.947660e+01	9.666060e+01	950	2.302518e-01	0	
9.676235e+01	951	2.757037e+02	9.103378e+01	9.676235e+01	951	2.482260e-01	0	
9.686410e+01	952	2.893137e+02	1.081598e+02	9.686410e+01	952	2.721183e-01	0	
9.696584e+01	953	2.718612e+02	1.031043e+02	9.696584e+01	953	2.749701e-01	0	
9.706759e+01	954	2.874181e+02	1.132670e+02	9.706759e+01	954	2.826833e-01	0	
9.716934e+01	955	2.839305e+02	1.254614e+02	9.716934e+01	955	3.064579e-01	0	
9.727109e+01	956	2.864104e+02	3.860821e+01	9.727109e+01	956	1.187877e-01	0	
9.737284e+01	957	2.917680e+02	5.894835e+01	9.737284e+01	957	1.680798e-01	0	
9.747458e+01	958	2.866694e+02	4.055242e+01	9.747458e+01	958	1.239294e-01	0	
9.757633e+01	959	2.810284e+02	4.027805e+01	9.757633e+01	959	1.253571e-01	0	
9.767808e+01	960	2.883981e+02	5.508489e+01	9.767808e+01	960	1.603715e-01	0	
9.777983e+01	961	2.783307e+02	6.517993e+01	9.777983e+01	961	1.897465e-01	0	
9.788158e+01	962	2.762026e+02	6.911719e+01	9.788158e+01	962	2.001542e-01	0	
9.798332e+01	963	2.812850e+02	6.090543e+01	9.798332e+01	963	1.779869e-01	0	
9.808507e+01	964	2.884308e+02	4.184562e+01	9.808507e+01	964	1.266988e-01	0	
9.818682e+01	965	2.807796e+02	6.880890e+01	9.818682e+01	965	1.968283e-01	0	
9.828857e+01	966	2.833345e+02	6.531832e+01	9.828857e+01	966	1.873449e-01	0	
9.839032e+01	967	2.926491e+02	7.314018e+01	9.839032e+01	967	1.999517e-01	0	
9.849206e+01	968	2.769654e+02	6.205924e+01	9.849206e+01	968	1.830523e-01	0	
9.859381e+01	969	2.968123e+02	5.286091e+01	9.859381e+01	969	1.511723e-01	0	
9.869556e+01	970	2.852500e+02	6.707461e+01	9.869556e+01	970	1.903773e-01	0	
9.879731e+01	971	2.827693e+02	6.330852e+01	9.879731e+01	971	1.829315e-01	0	
9.889906e+01	972	2.739760e+02	2.835136e+01	9.889906e+01	972	9.377702e-02	0	
9.900080e+01	973	2.979209e+02	6.063380e+01	9.900080e+01	973	1.691061e-01	0	
9.910255e+01	974	2.868862e+02	6.289100e+01	9.910255e+01	974	1.798030e-01	0	
9.920430e+01	975	2.859178e+02	6.823158e+01	9.920430e+01	975	1.926633e-01	0	
9.930605e+01	976	2.989236e+02	1.938584e+01	9.930605e+01	976	6.090250e-02	0	
9.940780e+01	977	2.843603e+02	2.136052e+01	9.940780e+01	977	6.986937e-02	0	
9.950954e+01	978	2.855966e+02	7.597619e+00	9.950954e+01	978	2.591326e-02	0	
9.961129e+01	979	3.346136e+02	1.534438e+01	9.961129e+01	979	4.384635e-02	0	
9.971304e+01	980	2.914494e+02	4.033667e+01	9.971304e+01	980	1.215743e-01	0	
9.981479e+01	981	2.680782e+02	3.041141e+01	9.981479e+01	981	1.018843e-01	0	
9.991654e+01	982	2.816938e+02	1.827473e+01	9.991654e+01	982	6.092216e-02	0	
1.000183e+02	983	2.734806e+02	4.717161e+01	1.000183e+02	983	1.471114e-01	0	
1.001200e+02	984	2.884853e+02	5.367787e+01	1.001200e+02	984	1.568780e-01	0	
1.002218e+02	985	2.707166e+02	2.973795e+01	1.002218e+02	985	9.897653e-02	0	
1.003235e+02	986	2.829178e+02	2.910218e+01	1.003235e+02	986	9.327025e-02	0	
1.004253e+02	987	2.811310e+02	3.467046e+01	1.004253e+02	987	1.097856e-01	0	
1.005270e+02	988	2.357575e+02	-1.643943e+01	1.005270e+02	988	-7.495702e-02	0	
1.006288e+02	989	2.626131e+02	4.287880e+01	1.006288e+02	989	1.403599e-01	0	
1.007305e+02	990	2.562795e+02	1.225101e+01	1.007305e+02	990	4.562241e-02	0	
1.008323e+02	991	2.357577e+02	-1.643853e+01	1.008323e+02	991	-7.495255e-02	0	
1.009340e+02	992	3.006399e+02	5.870139e+01	1.009340e+02	992	1.633583e-01	0	
1.010358e+02	993	2.903424e+02	5.985815e+01	1.010358e+02	993	1.709253e-01	0	
1.011375e+02	994	2.898261e+02	6.538331e+01	1.011375e+02	994	1.840698e-01	0	
1.012393e+02	995	3.166398e+02	7.217897e+01	1.012393e+02	995	1.856365e-01	0	
1.013410e+02	996	2.819139e+02	6.514756e+01	1.013410e+02	996	1.877119e-01	0	
1.014428e+02	997	2.844324e+02	5.775393e+01	1.014428e+02	997	1.687792e-01	0	
1.015445e+02	998	3.108162e+02	7.938024e+01	1.015445e+02	998	2.034366e-01	0	
1.016463e+02	999	2.833485e+02	6.677374e+01	1.016463e+02	999	1.907155e-01	0	
1.017480e+02	1000	2.424039e+02	3.137223e+01	1.017480e+02	1000	1.145908e-01	0	
1.018497e+02	1001	2.623557e+02	2.000128e+01	1.018497e+02	1001	7.083685e-02	0	
1.019515e+02	1002	2.652948e+02	1.049426e+01	1.019515e+02	1002	3.805176e-02	0	
1.020532e+02	1003	2.518697e+02	2.864506e+01	1.020532e+02	1003	1.021161e-01	0	
1.021550e+02	1004	2.512781e+02	5.450298e+01	1.021550e+02	1004	1.782418e-01	0	
1.022567e+02	1005	2.940069e+02	7.455389e+00	1.022567e+02	1005	2.473075e-02	0	
1.023585e+02	1006	2.949035e+02	3.162756e+01	1.023585e+02	1006	9.685927e-02	0	
1.024602e+02	1007	2.779497e+02	3.384018e+01	1.024602e+02	1007	1.085352e-01	0	
1.025620e+02	1008	2.615634e+02	1.594742e+01	1.025620e+02	1008	5.746594e-02	0	
1.026637e+02	1009	3.183840e+02	4.837953e+01	1.026637e+02	1009	1.319093e-01	0	
1.027655e+02	1010	2.906256e+02	1.581163e+00	1.027655e+02	1010	5.411110e-03	0	
1.028672e+02	1011	2.938725e+02	-2.943989e+00	1.028672e+02	1011	-1.011929e-02	0	
1.029690e+02	1012	2.894000e+02	8.209638e+01	1.029690e+02	1012	2.209884e-01	0	
1.030707e+02	1013	2.946430e+02	7.729140e+01	1.030707e+02	1013	2.078092e-01	0	
1.031725e+02	1014	2.737777e+02	9.819310e+01	1.031725e+02	1014	2.639807e-01	0	
1.032742e+02	1015	3.050304e+02	5.981984e+01	1.032742e+02	1015	1.639572e-01	0	
1.033760e+02	1016	2.986136e+02	5.467981e+01	1.033760e+02	1016	1.547717e-01	0	
1.034777e+02	1017	2.905293e+02	7.128162e+01	1.034777e+02	1017	1.970135e-01	0	
1.035795e+02	1018	2.987961e+02	5.771708e+01	1.035795e+02	1018	1.618933e-01	0	
1.036812e+02	1019	3.011062e+02	5.329483e+01	1.036812e+02	1019	1.503800e-01	0	
1.037830e+02	1020	2.792404e+02	1.399409e+02	1.037830e+02	1020	3.338434e-01	0	
1.038847e+02	1021	2.729213e+02	1.537680e+02	1.038847e+02	1021	3.603746e-01	0	
1.039865e+02	1022	2.946406e+02	8.089585e+01	1.039865e+02	1022	2.154141e-01	0	
1.040882e+02	1023	2.570708e+02	3.268487e+01	1.040882e+02	1023	1.128015e-01	0	
1.041900e+02	1024	2.722231e+02	2.987051e+01	1.041900e+02	1024	9.887832e-02	0	
1.042917e+02	1025	2.921430e+02	2.001061e+01	1.042917e+02	1025	6.410501e-02	0	
1.043934e+02	1026	2.688133e+02	3.248307e+01	1.043934e+02	1026	1.078110e-01	0	
1.044952e+02	1027	2.561587e+02	6.153724e+01	1.044952e+02	1027	1.936985e-01	0	
1.045969e+02	1028	2.828511e+02	1.168992e+01	1.045969e+02	1028	3.968860e-02	0	
1.046987e+02	1029	2.709207e+02	3.024421e+01	1.046987e+02	1029	1.004241e-01	0	
1.048004e+02	1030	2.722688e+02	2.806861e+01	1.048004e+02	1030	9.345692e-02	0	
1.049022e+02	1031	2.878245e+02	2.750066e+01	1.049022e+02	1031	8.721366e-02	0	
1.050039e+02	1032	2.829279e+02	2.882088e+01	1.050039e+02	1032	9.244905e-02	0	
1.051057e+02	1033	2.559673e+02	5.301478e+01	1.051057e+02	1033	1.715788e-01	0	
1.052074e+02	1034	2.629371e+02	4.421503e+01	1.052074e+02	1034	1.439516e-01	0	
1.053092e+02	1035	2.764227e+02	5.103327e+01	1.053092e+02	1035	1.558477e-01	0	
1.054109e+02	1036	3.110092e+02	8.442888e+01	1.054109e+02	1036	2.135072e-01	0	
1.055127e+02	1037	2.825989e+02	5.508171e+01	1.055127e+02	1037	1.631178e-01	0	
1.056144e+02	1038	2.756923e+02	4.552764e+01	1.056144e+02	1038	1.417335e-01	0	
1.057162e+02	1039	2.849290e+02	4.802553e+01	1.057162e+02	1039	1.442405e-01	0	
1.058179e+02	1040	2.817310e+02	1.074118e+02	1.058179e+02	1040	2.760216e-01	0	
1.059197e+02	1041	3.020171e+02	9.231677e+01	1.059197e+02	1041	2.341081e-01	0	
1.060214e+02	1042	2.834108e+02	7.799665e+01	1.060214e+02	1042	2.158136e-01	0	
1.061232e+02	1043	2.883067e+02	1.089910e+02	1.061232e+02	1043	2.743308e-01	0	
1.062249e+02	1044	2.637479e+02	1.768165e+02	1.062249e+02	1044	4.013409e-01	0	
1.063267e+02	1045	2.994631e+02	1.905772e+02	1.063267e+02	1045	3.889011e-01	0	
1.064284e+02	1046	3.168739e+02	1.304874e+02	1.064284e+02	1046	2.916824e-01	0	
1.065302e+02	1047	2.433609e+02	1.269514e+02	1.065302e+02	1047	3.428225e-01	0	
1.066319e+02	1048	3.016606e+02	1.458002e+02	1.066319e+02	1048	3.258390e-01	0	
1.067337e+02	1049	2.843733e+02	1.083750e+02	1.067337e+02	1049	2.759401e-01	0	
1.068354e+02	1050	3.344870e+02	1.533954e+02	1.068354e+02	1050	3.144106e-01	0	
1.069371e+02	1051	2.795671e+02	1.105837e+02	1.069371e+02	1051	2.834384e-01	0	
1.070389e+02	1052	2.785556e+02	1.077182e+02	1.070389e+02	1052	2.788649e-01	0	
1.071406e+02	1053	2.714566e+02	1.100073e+02	1.071406e+02	1053	2.883819e-01	0	
1.072424e+02	1054	2.737773e+02	1.075522e+02	1.072424e+02	1054	2.820453e-01	0	
1.073441e+02	1055	2.735345e+02	1.010194e+02	1.073441e+02	1055	2.697059e-01	0	
1.074459e+02	1056	2.983581e+02	1.135278e+02	1.074459e+02	1056	2.756292e-01	0	
1.075476e+02	1057	2.714754e+02	9.439140e+01	1.075476e+02	1057	2.579939e-01	0	
1.076494e+02	1058	2.820228e+02	1.105685e+02	1.076494e+02	1058	2.816377e-01	0	
1.077511e+02	1059	2.987601e+02	1.137517e+02	1.077511e+02	1059	2.757538e-01	0	
1.078529e+02	1060	2.682894e+02	1.116565e+02	1.078529e+02	1060	2.938747e-01	0	
1.079546e+02	1061	2.659151e+02	8.231976e+01	1.079546e+02	1061	2.363915e-01	0	
1.080564e+02	1062	2.553734e+02	4.596353e+00	1.080564e+02	1062	1.768034e-02	0	
1.081581e+02	1063	2.774870e+02	6.523101e+01	1.081581e+02	1063	1.903344e-01	0	
1.082599e+02	1064	2.602938e+02	7.234489e+01	1.082599e+02	1064	2.174879e-01	0	
1.083616e+02	1065	2.836991e+02	7.592217e+01	1.083616e+02	1065	2.111170e-01	0	
1.084634e+02	1066	2.961186e+02	7.966004e+01	1.084634e+02	1066	2.119866e-01	0	
1.085651e+02	1067	2.563958e+02	6.496034e+01	1.085651e+02	1067	2.021444e-01	0	
1.086669e+02	1068	2.617672e+02	7.541622e+01	1.086669e+02	1068	2.236653e-01	0	
1.087686e+02	1069	2.972616e+02	6.127187e+01	1.087686e+02	1069	1.708958e-01	0	
1.088704e+02	1070	2.504931e+02	1.021573e+02	1.088704e+02	1070	2.896843e-01	0	
1.089721e+02	1071	2.936057e+02	8.848595e+01	1.089721e+02	1071	2.315831e-01	0	
1.090739e+02	1072	2.562629e+02	7.937011e+01	1.090739e+02	1072	2.364789e-01	0	
1.091756e+02	1073	2.938090e+02	7.622279e+01	1.091756e+02	1073	2.059898e-01	0	
1.092774e+02	1074	2.692687e+02	7.257115e+01	1.092774e+02	1074	2.122958e-01	0	
1.093791e+02	1075	2.930586e+02	6.387466e+01	1.093791e+02	1075	1.789541e-01	0	
1.094808e+02	1076	1.205034e+02	2.653222e+02	1.094808e+02	1076	6.876739e-01	7.000000e-01	
1.095826e+02	1077	5.160290e+01	3.224437e+02	1.095826e+02	1077	8.620415e-01	7.000000e-01	
1.096843e+02	1078	4.327041e+01	2.889033e+02	1.096843e+02	1078	8.697356e-01	7.000000e-01	
1.097861e+02	1079	5.140677e+01	3.296090e+02	1.097861e+02	1079	8.650797e-01	7.000000e-01	
1.098878e+02	1080	5.000472e+01	3.113154e+02	1.098878e+02	1080	8.616055e-01	7.000000e-01	
1.099896e+02	1081	5.076017e+01	3.355189e+02	1.099896e+02	1081	8.685920e-01	7.000000e-01	
1.100913e+02	1082	4.617750e+01	2.905622e+02	1.100913e+02	1082	8.628689e-01	7.000000e-01	
1.101931e+02	1083	5.255756e+01	3.176518e+02	1.101931e+02	1083	8.580329e-01	7.000000e-01	
1.102948e+02	1084	4.595088e+01	3.107209e+02	1.102948e+02	1084	8.711676e-01	7.000000e-01	
1.103966e+02	1085	5.094992e+01	2.764299e+02	1.103966e+02	1085	8.443706e-01	7.000000e-01	
1.104983e+02	1086	5.387741e+01	2.855557e+02	1.104983e+02	1086	8.412724e-01	7.000000e-01	
1.106001e+02	1087	3.741907e+01	3.192015e+02	1.106001e+02	1087	8.950732e-01	7.000000e-01	
1.107018e+02	1088	5.368111e+01	3.224457e+02	1.107018e+02	1088	8.572792e-01	7.000000e-01	
1.108036e+02	1089	5.008959e+01	3.366043e+02	1.108036e+02	1089	8.704671e-01	7.000000e-01	
1.109053e+02	1090	4.095576e+01	3.176806e+02	1.109053e+02	1090	8.858014e-01	7.000000e-01	
1.110071e+02	1091	6.474653e+01	2.150273e+02	1.110071e+02	1091	7.685755e-01	7.000000e-01	
1.111088e+02	1092	4.515405e+01	2.338545e+02	1.111088e+02	1092	8.381625e-01	7.000000e-01	
1.112106e+02	1093	4.595618e+01	2.307615e+02	1.112106e+02	1093	8.339239e-01	7.000000e-01	
1.113123e+02	1094	3.673252e+01	2.374295e+02	1.113123e+02	1094	8.660189e-01	7.000000e-01	
1.114141e+02	1095	4.845571e+01	2.205677e+02	1.114141e+02	1095	8.198829e-01	7.000000e-01	
1.115158e+02	1096	5.020602e+01	2.505242e+02	1.115158e+02	1096	8.330530e-01	7.000000e-01	
1.116176e+02	1097	5.138502e+01	2.439383e+02	1.116176e+02	1097	8.260042e-01	7.000000e-01	
1.117193e+02	1098	4.626302e+01	2.319753e+02	1.117193e+02	1098	8.337288e-01	7.000000e-01	
1.118211e+02	1099	4.680432e+01	2.305012e+02	1.118211e+02	1099	8.312175e-01	7.000000e-01	
1.119228e+02	1100	2.926352e+02	-4.913159e+00	1.119228e+02	1100	-1.707606e-02	0	
1.120245e+02	1101	2.966792e+02	1.008368e+01	1.120245e+02	1101	3.287125e-02	0	
1.121263e+02	1102	2.863840e+02	1.153606e+01	1.121263e+02	1102	3.872200e-02	0	
1.122280e+02	1103	2.700680e+02	2.674816e+00	1.122280e+02	1103	9.807100e-03	0	
1.123298e+02	1104	2.893654e+02	9.582618e+00	1.123298e+02	1104	3.205446e-02	0	
1.124315e+02	1105	2.918305e+02	-2.309035e+00	1.124315e+02	1105	-7.975350e-03	0	
1.125333e+02	1106	2.724832e+02	1.175997e+01	1.125333e+02	1106	4.137292e-02	0	
1.126350e+02	1107	2.790526e+02	1.298234e+01	1.126350e+02	1107	4.445475e-02	0	
1.127368e+02	1108	2.858376e+02	1.746842e+01	1.127368e+02	1108	5.759338e-02	0	
1.128385e+02	1109	2.744831e+02	1.483571e+01	1.128385e+02	1109	5.127807e-02	0	
1.129403e+02	1110	2.929960e+02	-1.951644e+00	1.129403e+02	1110	-6.705658e-03	0	
1.130420e+02	1111	3.044462e+02	-2.375897e+00	1.130420e+02	1111	-7.865378e-03	0	
1.131438e+02	1112	2.991705e+02	-1.402524e+00	1.131438e+02	1112	-4.710124e-03	0	
1.132455e+02	1113	2.879049e+02	5.414709e+00	1.132455e+02	1113	1.846010e-02	0	
1.133473e+02	1114	2.982511e+02	-2.267402e+00	1.133473e+02	1114	-7.660564e-03	0	
1.134490e+02	1115	3.303441e+02	-1.522034e+01	1.134490e+02	1115	-4.829956e-02	0	
1.135508e+02	1116	3.057576e+02	-9.560001e-01	1.135508e+02	1116	-3.136467e-03	0	
1.136525e+02	1117	3.040833e+02	-1.005474e+01	1.136525e+02	1117	-3.419647e-02	0	
1.137543e+02	1118	2.954475e+02	-1.394878e+01	1.137543e+02	1118	-4.955184e-02	0	
1.138560e+02	1119	2.901949e+02	-1.121195e+01	1.138560e+02	1119	-4.018866e-02	0	
1.139578e+02	1120	3.010545e+02	-6.973176e+00	1.139578e+02	1120	-2.371173e-02	0	
1.140595e+02	1121	2.889454e+02	-1.676499e+01	1.140595e+02	1121	-6.159514e-02	0	
1.141613e+02	1122	2.640549e+02	-1.310371e+01	1.141613e+02	1122	-5.221617e-02	0	
1.142630e+02	1123	2.857220e+02	-1.339269e+01	1.142630e+02	1123	-4.917829e-02	0	
1.143648e+02	1124	2.817667e+02	-2.837051e+01	1.143648e+02	1124	-1.119611e-01	0	
1.144665e+02	1125	3.003885e+02	-1.313753e+01	1.144665e+02	1125	-4.573537e-02	0	
1.145682e+02	1126	2.648563e+02	-2.802221e+01	1.145682e+02	1126	-1.183200e-01	0	
1.146700e+02	1127	2.727946e+02	-1.553573e+01	1.146700e+02	1127	-6.038948e-02	0	
1.147717e+02	1128	2.918647e+02	-2.127606e+01	1.147717e+02	1128	-7.862880e-02	0	
1.148735e+02	1129	2.903959e+02	-2.217419e+01	1.148735e+02	1129	-8.267112e-02	0	
1.149752e+02	1130	2.838116e+02	-1.542431e+01	1.149752e+02	1130	-5.747034e-02	0	
1.150770e+02	1131	2.983901e+02	-4.316537e+00	1.150770e+02	1131	-1.467843e-02	0	
1.151787e+02	1132	2.796986e+02	-1.139488e+01	1.151787e+02	1132	-4.247008e-02	0	
1.152805e+02	1133	2.925225e+02	-2.654078e+00	1.152805e+02	1133	-9.156147e-03	0	
1.153822e+02	1134	3.038284e+02	-9.202122e+00	1.153822e+02	1134	-3.123320e-02	0	
1.154840e+02	1135	3.078187e+02	9.933092e+00	1.154840e+02	1135	3.126054e-02	0	
1.155857e+02	1136	2.842332e+02	-8.243028e+00	1.155857e+02	1136	-2.986711e-02	0	
1.156875e+02	1137	3.118349e+02	1.590037e+01	1.156875e+02	1137	4.851590e-02	0	
1.157892e+02	1138	2.627543e+02	-1.263655e+01	1.157892e+02	1138	-5.052240e-02	0	
1.158910e+02	1139	2.945070e+02	-1.811555e+00	1.158910e+02	1139	-6.189215e-03	0	
1.159927e+02	1140	2.594818e+02	1.303018e+01	1.159927e+02	1140	4.781507e-02	0	
1.160945e+02	1141	3.008658e+02	-1.358436e+01	1.160945e+02	1141	-4.728589e-02	0	
1.161962e+02	1142	2.680507e+02	1.342119e+01	1.161962e+02	1142	4.768217e-02	0	
1.162980e+02	1143	3.118146e+02	2.365243e+01	1.162980e+02	1143	7.050597e-02	0	
1.163997e+02	1144	2.784408e+02	-6.271716e+00	1.163997e+02	1144	-2.304345e-02	0	
1.165015e+02	1145	2.650969e+02	3.182110e+00	1.165015e+02	1145	1.186120e-02	0	
1.166032e+02	1146	3.112385e+02	2.342627e+01	1.166032e+02	1146	6.999921e-02	0	
1.167050e+02	1147	2.671153e+02	8.359131e+00	1.167050e+02	1147	3.034449e-02	0	
1.168067e+02	1148	2.794258e+02	-5.008215e+00	1.168067e+02	1148	-1.825034e-02	0	
1.169085e+02	1149	2.819157e+02	-4.916907e+00	1.169085e+02	1149	-1.775064e-02	0	
1.170102e+02	1150	2.628718e+02	1.352182e+01	1.170102e+02	1150	4.892233e-02	0	
1.171119e+02	1151	2.686915e+02	-4.117957e+00	1.171119e+02	1151	-1.556451e-02	0	
1.172137e+02	1152	2.678722e+02	-5.112820e+00	1.172137e+02	1152	-1.945818e-02	0	
1.173154e+02	1153	2.608632e+02	2.105252e+00	1.173154e+02	1153	8.005721e-03	0	
1.174172e+02	1154	2.517591e+02	-1.135407e+01	1.174172e+02	1154	-4.722892e-02	0	
1.175189e+02	1155	2.556411e+02	-1.012965e+01	1.175189e+02	1155	-4.125938e-02	0	
1.176207e+02	1156	2.481407e+02	-8.592801e+00	1.176207e+02	1156	-3.587091e-02	0	
1.177224e+02	1157	2.620787e+02	-1.240251e+01	1.177224e+02	1157	-4.967438e-02	0	
1.178242e+02	1158	2.597488e+02	-3.166579e+00	1.178242e+02	1158	-1.234138e-02	0	
1.179259e+02	1159	2.508793e+02	1.641015e+01	1.179259e+02	1159	6.139468e-02	0	
1.180277e+02	1160	2.639675e+02	-6.000936e+00	1.180277e+02	1160	-2.326246e-02	0	
1.181294e+02	1161	2.543384e+02	1.674551e+01	1.181294e+02	1161	6.177242e-02	0	
1.182312e+02	1162	2.886757e+02	8.972405e+00	1.182312e+02	1162	3.014434e-02	0	
1.183329e+02	1163	2.677454e+02	2.281615e+01	1.183329e+02	1163	7.852433e-02	0	
1.184347e+02	1164	2.922487e+02	2.948268e+00	1.184347e+02	1164	9.987460e-03	0	
1.185364e+02	1165	2.953431e+02	4.773916e-01	1.185364e+02	1165	1.613788e-03	0	
1.186382e+02	1166	2.588882e+02	2.124699e+01	1.186382e+02	1166	7.584549e-02	0	
1.187399e+02	1167	2.999529e+02	-2.183776e+01	1.187399e+02	1167	-7.852057e-02	0	
1.188417e+02	1168	3.143377e+02	-4.766896e+00	1.188417e+02	1168	-1.539840e-02	0	
1.189434e+02	1169	2.941017e+02	1.167904e-02	1.189434e+02	1169	3.970931e-05	0	
1.190452e+02	1170	2.880554e+02	5.565247e+00	1.190452e+02	1170	1.895387e-02	0	
1.191469e+02	1171	3.027535e+02	-1.744922e+01	1.191469e+02	1171	-6.116004e-02	0	
1.192487e+02	1172	2.999570e+02	-2.184015e+01	1.192487e+02	1172	-7.852868e-02	0	
1.193504e+02	1173	2.842189e+02	9.073306e+00	1.193504e+02	1173	3.093606e-02	0	
1.194522e+02	1174	2.760997e+02	1.230021e+01	1.194522e+02	1174	4.264984e-02	0	
1.195539e+02	1175	2.723143e+02	1.715398e+01	1.195539e+02	1175	5.926031e-02	0	
1.196556e+02	1176	2.748190e+02	1.215395e+01	1.196556e+02	1176	4.235225e-02	0	
1.197574e+02	1177	2.868424e+02	1.174556e+01	1.197574e+02	1177	3.933702e-02	0	
1.198591e+02	1178	2.786553e+02	2.720564e+01	1.198591e+02	1178	8.894774e-02	0	
1.199609e+02	1179	2.645244e+02	1.528129e+01	1.199609e+02	1179	5.461394e-02	0	
1.200626e+02	1180	2.687909e+02	1.075470e+01	1.200626e+02	1180	3.847208e-02	0	
1.201644e+02	1181	2.812293e+02	1.089355e+01	1.201644e+02	1181	3.729099e-02	0	
1.202661e+02	1182	2.662780e+02	-8.748245e-01	1.202661e+02	1182	-3.296210e-03	0	
1.203679e+02	1183	2.770646e+02	2.571705e+01	1.203679e+02	1183	8.493596e-02	0	
1.204696e+02	1184	2.745482e+02	1.330453e+01	1.204696e+02	1184	4.621992e-02	0	
1.205714e+02	1185	2.715953e+02	1.275079e+01	1.205714e+02	1185	4.484250e-02	0	
1.206731e+02	1186	2.532498e+02	5.583967e+00	1.206731e+02	1186	2.157356e-02	0	
1.207749e+02	1187	2.707425e+02	-9.800867e+00	1.207749e+02	1187	-3.755961e-02	0	
1.208766e+02	1188	2.705515e+02	9.465390e+00	1.208766e+02	1188	3.380293e-02	0	
1.209784e+02	1189	2.699570e+02	1.085513e+00	1.209784e+02	1189	4.004955e-03	0	
1.210801e+02	1190	2.749372e+02	-7.517001e+00	1.210801e+02	1190	-2.810932e-02	0	
1.211819e+02	1191	2.711737e+02	-6.417529e+00	1.211819e+02	1191	-2.423939e-02	0	
1.212836e+02	1192	2.681031e+02	-2.809600e+00	1.212836e+02	1192	-1.059053e-02	0	
1.213854e+02	1193	2.639542e+02	7.523194e-01	1.213854e+02	1193	2.842089e-03	0	
1.214871e+02	1194	2.615960e+02	-1.131404e+01	1.214871e+02	1194	-4.520518e-02	0	
1.215889e+02	1195	2.697263e+02	-7.346353e+00	1.215889e+02	1195	-2.799891e-02	0	
1.216906e+02	1196	2.556830e+02	-5.220457e+00	1.216906e+02	1196	-2.084326e-02	0	
1.217924e+02	1197	2.748700e+02	-1.477509e+01	1.217924e+02	1197	-5.680653e-02	0	
1.218941e+02	1198	2.397826e+02	-4.644919e+00	1.218941e+02	1198	-1.975404e-02	0	
1.219959e+02	1199	2.679993e+02	-2.182985e+01	1.219959e+02	1199	-8.867814e-02	0	
1.220976e+02	1200	2.670973e+02	-6.017032e+00	1.220976e+02	1200	-2.304667e-02	0	
1.221993e+02	1201	2.757609e+02	-3.245313e+01	1.221993e+02	1201	-1.333830e-01	0	
1.223011e+02	1202	2.857312e+02	-2.150267e+01	1.223011e+02	1202	-8.137906e-02	0	
1.224028e+02	1203	2.617098e+02	-1.141906e+01	1.224028e+02	1203	-4.562318e-02	0	
1.225046e+02	1204	2.785422e+02	-1.951432e+01	1.225046e+02	1204	-7.533676e-02	0	
1.226063e+02	1205	2.931478e+02	-3.630844e+01	1.226063e+02	1205	-1.413663e-01	0	
1.227081e+02	1206	2.806041e+02	1.611711e+00	1.227081e+02	1206	5.710917e-03	0	
1.228098e+02	1207	2.708221e+02	-2.915358e+01	1.228098e+02	1207	-1.206346e-01	0	
1.229116e+02	1208	2.834178e+02	-2.844733e+00	1.229116e+02	1208	-1.013901e-02	0	
1.230133e+02	1209	3.216055e+02	3.781504e+00	1.230133e+02	1209	1.162156e-02	0	
1.231151e+02	1210	2.539467e+02	1.020948e+01	1.231151e+02	1210	3.864941e-02	0	
1.232168e+02	1211	2.853072e+02	-8.211607e+00	1.232168e+02	1211	-2.963456e-02	0	
1.233186e+02	1212	2.805069e+02	1.665341e+01	1.233186e+02	1212	5.604184e-02	0	
1.234203e+02	1213	2.738231e+02	-6.104681e+00	1.234203e+02	1213	-2.280262e-02	0	
1.235221e+02	1214	3.106445e+02	1.165519e+01	1.235221e+02	1214	3.616259e-02	0	
1.236238e+02	1215	3.498895e+02	3.409263e+01	1.236238e+02	1215	8.878702e-02	0	
1.237256e+02	1216	2.759613e+02	-1.043655e+01	1.237256e+02	1216	-3.930538e-02	0	
1.238273e+02	1217	2.788771e+02	1.524448e+01	1.238273e+02	1217	5.183054e-02	0	
1.239291e+02	1218	3.000085e+02	2.637624e+01	1.239291e+02	1218	8.081334e-02	0	
1.240308e+02	1219	2.382437e+02	-4.982899e+00	1.240308e+02	1219	-2.136192e-02	0	
1.241326e+02	1220	2.352459e+02	-1.389468e+01	1.241326e+02	1220	-6.277210e-02	0	
1.242343e+02	1221	2.368279e+02	-2.446453e+00	1.242343e+02	1221	-1.043791e-02	0	
1.243361e+02	1222	2.394667e+02	-3.387359e+01	1.243361e+02	1222	-1.647603e-01	0	
1.244378e+02	1223	2.419474e+02	1.168784e+00	1.244378e+02	1223	4.807512e-03	0	
1.245396e+02	1224	2.177340e+02	-9.473024e+00	1.245396e+02	1224	-4.548631e-02	0	
1.246413e+02	1225	2.715581e+02	-1.369790e+01	1.246413e+02	1225	-5.312142e-02	0	
1.247430e+02	1226	2.391487e+02	-1.433484e+01	1.247430e+02	1226	-6.376315e-02	0	
1.248448e+02	1227	2.404180e+02	-1.625969e-01	1.248448e+02	1227	-6.767669e-04	0	
1.249465e+02	1228	2.358192e+02	-5.828020e+00	1.249465e+02	1228	-2.534019e-02	0	
1.250483e+02	1229	2.433512e+02	-1.527427e+01	1.250483e+02	1229	-6.696982e-02	0	
1.251500e+02	1230	2.486105e+02	4.411496e+00	1.251500e+02	1230	1.743523e-02	0	
1.252518e+02	1231	2.343092e+02	1.711776e+00	1.252518e+02	1231	7.252644e-03	0	
1.253535e+02	1232	2.770618e+02	-1.503136e+01	1.253535e+02	1232	-5.736494e-02	0	
1.254553e+02	1233	2.621947e+02	1.468670e+01	1.254553e+02	1233	5.304329e-02	0	
1.255570e+02	1234	2.680200e+02	1.953418e+01	1.255570e+02	1234	6.793217e-02	0	
1.256588e+02	1235	2.627419e+02	-4.695135e+00	1.256588e+02	1235	-1.819490e-02	0	
1.257605e+02	1236	2.551926e+02	-4.221992e+00	1.257605e+02	1236	-1.682266e-02	0	
1.258623e+02	1237	2.913645e+02	1.592676e+01	1.258623e+02	1237	5.182952e-02	0	
1.259640e+02	1238	2.981112e+02	4.400449e+00	1.259640e+02	1238	1.454638e-02	0	
1.260658e+02	1239	2.755005e+02	9.824700e+00	1.260658e+02	1239	3.443334e-02	0	
1.261675e+02	1240	2.877044e+02	1.830550e+01	1.261675e+02	1240	5.981996e-02	0	
1.262693e+02	1241	2.770175e+02	1.769869e+01	1.262693e+02	1241	6.005333e-02	0	
1.263710e+02	1242	2.946766e+02	1.646122e+01	1.263710e+02	1242	5.290652e-02	0	
1.264728e+02	1243	3.322601e+02	3.543703e+01	1.264728e+02	1243	9.637560e-02	0	
1.265745e+02	1244	3.093835e+02	-3.174374e+00	1.265745e+02	1244	-1.036669e-02	0	
1.266763e+02	1245	2.833400e+02	-4.370594e+01	1.266763e+02	1245	-1.823862e-01	0	
1.267780e+02	1246	3.070314e+02	-9.236743e-01	1.267780e+02	1246	-3.017481e-03	0	
1.268798e+02	1247	3.053700e+02	-2.562426e+01	1.268798e+02	1247	-9.159839e-02	0	
1.269815e+02	1248	2.798792e+02	4.453191e+01	1.269815e+02	1248	1.372700e-01	0	
1.270833e+02	1249	2.933568e+02	-2.662145e+01	1.270833e+02	1249	-9.980473e-02	0	
1.271850e+02	1250	3.280618e+02	-2.143917e+01	1.271850e+02	1250	-6.992038e-02	0	
1.272867e+02	1251	2.848872e+02	-1.556823e+01	1.272867e+02	1251	-5.780592e-02	0	
1.273885e+02	1252	3.017190e+02	-2.222749e+00	1.273885e+02	1252	-7.421625e-03	0	
1.274902e+02	1253	3.171346e+02	-3.058537e+01	1.274902e+02	1253	-1.067369e-01	0	
1.275920e+02	1254	2.574793e+02	-3.251677e+01	1.275920e+02	1254	-1.445430e-01	0	
1.276937e+02	1255	2.502490e+02	-1.530556e+01	1.276937e+02	1255	-6.514572e-02	0	
1.277955e+02	1256	2.926173e+02	-2.881446e+01	1.277955e+02	1256	-1.092273e-01	0	
1.278972e+02	1257	2.671713e+02	-1.823353e+01	1.278972e+02	1257	-7.324533e-02	0	
1.279990e+02	1258	2.872473e+02	-3.205682e+01	1.279990e+02	1258	-1.256192e-01	0	
1.281007e+02	1259	2.923759e+02	-1.151460e+01	1.281007e+02	1259	-4.099746e-02	0	
1.282025e+02	1260	2.905907e+02	-8.407455e+00	1.282025e+02	1260	-2.979431e-02	0	
1.283042e+02	1261	2.643120e+02	-2.019200e+01	1.283042e+02	1261	-8.271342e-02	0	
1.284060e+02	1262	2.590890e+02	-1.716847e+01	1.284060e+02	1262	-7.096740e-02	0	
1.285077e+02	1263	2.606162e+02	-1.308970e+01	1.285077e+02	1263	-5.288201e-02	0	
1.286095e+02	1264	2.648618e+02	-1.561911e+01	1.286095e+02	1264	-6.266627e-02	0	
1.287112e+02	1265	2.917531e+02	-6.957190e+00	1.287112e+02	1265	-2.442869e-02	0	
1.288130e+02	1266	2.622863e+02	-1.231469e+01	1.288130e+02	1266	-4.926435e-02	0	
1.289147e+02	1267	2.592657e+02	-2.108987e+01	1.289147e+02	1267	-8.854748e-02	0	
1.290165e+02	1268	2.858844e+02	1.911682e+00	1.290165e+02	1268	6.642488e-03	0	
1.291182e+02	1269	2.717897e+02	-1.549252e+01	1.291182e+02	1269	-6.044749e-02	0	
1.292200e+02	1270	2.865304e+02	-1.825129e+01	1.292200e+02	1270	-6.803098e-02	0	
1.293217e+02	1271	2.819482e+02	-4.222922e-01	1.293217e+02	1271	-1.500012e-03	0	
1.294235e+02	1272	2.630942e+02	-1.617589e+01	1.294235e+02	1272	-6.551110e-02	0	
1.295252e+02	1273	2.802066e+02	-1.955249e+01	1.295252e+02	1273	-7.501317e-02	0	
1.296270e+02	1274	3.171187e+02	-4.125414e+01	1.296270e+02	1274	-1.495449e-01	0	
1.297287e+02	1275	2.809670e+02	-1.388926e+01	1.297287e+02	1275	-5.200456e-02	0	
1.298304e+02	1276	2.653425e+02	-1.752235e+01	1.298304e+02	1276	-7.070591e-02	0	
1.299322e+02	1277	2.795849e+02	-1.402910e+01	1.299322e+02	1277	-5.282920e-02	0	
1.300339e+02	1278	2.856623e+02	-1.176029e+01	1.300339e+02	1278	-4.293612e-02	0	
1.301357e+02	1279	2.836001e+02	-1.029972e+01	1.301357e+02	1279	-3.768645e-02	0	
1.302374e+02	1280	2.527617e+02	-5.513060e-01	1.302374e+02	1280	-2.185897e-03	0	
1.303392e+02	1281	2.769181e+02	-3.176594e+00	1.303392e+02	1281	-1.160436e-02	0	
1.304409e+02	1282	2.880411e+02	-8.454491e+00	1.304409e+02	1282	-3.023926e-02	0	
1.305427e+02	1283	2.901442e+02	9.303205e-01	1.305427e+02	1283	3.196159e-03	0	
1.306444e+02	1284	2.706953e+02	-1.261780e+01	1.306444e+02	1284	-4.889152e-02	0	
1.307462e+02	1285	2.856335e+02	3.506043e-01	1.307462e+02	1285	1.225957e-03	0	
1.308479e+02	1286	2.635765e+02	-9.463042e+00	1.308479e+02	1286	-3.723944e-02	0	
1.309497e+02	1287	2.564417e+02	-4.098165e+00	1.309497e+02	1287	-1.624042e-02	0	
1.310514e+02	1288	2.730332e+02	-2.063409e+00	1.310514e+02	1288	-7.614904e-03	0	
1.311532e+02	1289	3.108711e+02	-1.150389e+01	1.311532e+02	1289	-3.842735e-02	0	
1.312549e+02	1290	2.685540e+02	9.587262e+00	1.312549e+02	1290	3.446904e-02	0	
1.313567e+02	1291	2.831919e+02	-5.204808e+00	1.313567e+02	1291	-1.872320e-02	0	
1.314584e+02	1292	2.587442e+02	-4.279658e+00	1.314584e+02	1292	-1.681829e-02	0	
1.315602e+02	1293	2.758257e+02	-1.613033e+00	1.315602e+02	1293	-5.882416e-03	0	
1.316619e+02	1294	2.911466e+02	-9.292303e+00	1.316619e+02	1294	-3.296846e-02	0	
1.317637e+02	1295	2.511914e+02	7.827207e+00	1.317637e+02	1295	3.021871e-02	0	
1.318654e+02	1296	2.493681e+02	-9.444289e+00	1.318654e+02	1296	-3.936370e-02	0	
1.319672e+02	1297	2.998952e+02	-7.701250e+00	1.319672e+02	1297	-2.635664e-02	0	
1.320689e+02	1298	2.711853e+02	-7.156983e+00	1.320689e+02	1298	-2.710688e-02	0	
1.321707e+02	1299	3.150357e+02	-8.254545e+00	1.321707e+02	1299	-2.690695e-02	0	
1.322724e+02	1300	2.931426e+02	-6.496855e+00	1.322724e+02	1300	-2.266510e-02	0	
1.323741e+02	1301	2.934971e+02	-2.626331e+00	1.323741e+02	1301	-9.029202e-03	0	
1.324759e+02	1302	2.946373e+02	-1.066588e+01	1.324759e+02	1302	-3.755970e-02	0	
1.325776e+02	1303	3.116869e+02	-2.417062e+01	1.325776e+02	1303	-8.406696e-02	0	
1.326794e+02	1304	2.871181e+02	-1.069447e+01	1.326794e+02	1304	-3.868870e-02	0	
1.327811e+02	1305	3.071556e+02	-9.504993e+00	1.327811e+02	1305	-3.193339e-02	0	
1.328829e+02	1306	3.001377e+02	-5.805916e+00	1.328829e+02	1306	-1.972575e-02	0	
1.329846e+02	1307	3.018083e+02	-7.506960e+00	1.329846e+02	1307	-2.550773e-02	0	
1.330864e+02	1308	2.989584e+02	-3.937800e+00	1.330864e+02	1308	-1.334754e-02	0	
1.331881e+02	1309	2.899496e+02	-1.164486e+01	1.331881e+02	1309	-4.184212e-02	0	
1.332899e+02	1310	2.938816e+02	-4.344976e+00	1.332899e+02	1310	-1.500665e-02	0	
1.333916e+02	1311	2.943833e+02	1.019633e+01	1.333916e+02	1311	3.347673e-02	0	
1.334934e+02	1312	2.974695e+02	-1.207913e+01	1.334934e+02	1312	-4.232494e-02	0	
1.335951e+02	1313	2.995543e+02	1.696541e+00	1.335951e+02	1313	5.631656e-03	0	
1.336969e+02	1314	2.644640e+02	-9.073333e+00	1.336969e+02	1314	-3.552727e-02	0	
1.337986e+02	1315	2.702075e+02	-8.077026e+00	1.337986e+02	1315	-3.081300e-02	0	
1.339004e+02	1316	2.717387e+02	-7.179844e+00	1.339004e+02	1316	-2.713893e-02	0	
1.340021e+02	1317	2.901902e+02	-1.623169e+01	1.340021e+02	1317	-5.924872e-02	0	
1.341039e+02	1318	2.893440e+02	1.223241e+01	1.341039e+02	1318	4.056156e-02	0	
1.342056e+02	1319	2.845041e+02	-4.866684e+00	1.342056e+02	1319	-1.740355e-02	0	
1.343074e+02	1320	2.694103e+02	-1.572236e+01	1.343074e+02	1320	-6.197520e-02	0	
1.344091e+02	1321	2.838744e+02	-1.352917e+01	1.344091e+02	1321	-5.004405e-02	0	
1.345109e+02	1322	2.739706e+02	1.624140e+01	1.345109e+02	1322	5.596392e-02	0	
1.346126e+02	1323	2.659400e+02	-6.572042e+00	1.346126e+02	1323	-2.533868e-02	0	
1.347144e+02	1324	2.653825e+02	-1.318743e+01	1.347144e+02	1324	-5.229059e-02	0	
1.348161e+02	1325	2.737324e+02	-5.897879e+00	1.348161e+02	1325	-2.202061e-02	0	
1.349178e+02	1326	2.816943e+02	5.604394e+00	1.349178e+02	1326	1.950720e-02	0	
1.350196e+02	1327	2.821465e+02	-2.205373e+01	1.350196e+02	1327	-8.479178e-02	0	
1.351213e+02	1328	2.602154e+02	1.310401e+01	1.351213e+02	1328	4.794394e-02	0	
1.352231e+02	1329	2.554694e+02	-3.282458e+00	1.352231e+02	1329	-1.301597e-02	0	
1.353248e+02	1330	2.844614e+02	-8.275721e-02	1.353248e+02	1330	-2.910106e-04	0	
1.354266e+02	1331	2.858232e+02	4.548006e+00	1.354266e+02	1331	1.566273e-02	0	
1.355283e+02	1332	2.758595e+02	1.052920e+01	1.355283e+02	1332	3.676542e-02	0	
1.356301e+02	1333	2.207583e+02	-1.748791e+01	1.356301e+02	1333	-8.603275e-02	0	
1.357318e+02	1334	2.758012e+02	-7.788779e+00	1.357318e+02	1334	-2.906126e-02	0	
1.358336e+02	1335	2.354713e+02	-5.781851e+00	1.358336e+02	1335	-2.517247e-02	0	
1.359353e+02	1336	2.582028e+02	1.923789e+01	1.359353e+02	1336	6.934055e-02	0	
1.360371e+02	1337	2.583376e+02	3.757684e+01	1.360371e+02	1337	1.269855e-01	0	
1.361388e+02	1338	2.455320e+02	3.575923e+00	1.361388e+02	1338	1.435491e-02	0	
1.362406e+02	1339	2.739327e+02	-2.760995e+01	1.362406e+02	1339	-1.120885e-01	0	
1.363423e+02	1340	2.974184e+02	-1.586375e+01	1.363423e+02	1340	-5.634341e-02	0	
1.364441e+02	1341	2.715291e+02	-1.259916e+01	1.364441e+02	1341	-4.865857e-02	0	
1.365458e+02	1342	2.501341e+02	-1.268716e+01	1.365458e+02	1342	-5.343156e-02	0	
1.366476e+02	1343	2.865767e+02	-2.060143e+01	1.366476e+02	1343	-7.745619e-02	0	
1.367493e+02	1344	2.767117e+02	-8.165841e+00	1.367493e+02	1344	-3.040762e-02	0	
1.368511e+02	1345	2.814775e+02	4.620122e+00	1.368511e+02	1345	1.614876e-02	0	
1.369528e+02	1346	2.761317e+02	1.786704e+00	1.369528e+02	1346	6.428880e-03	0	
1.370546e+02	1347	2.520697e+02	-1.140042e+01	1.370546e+02	1347	-4.736965e-02	0	
1.371563e+02	1348	3.070080e+02	-6.236386e+00	1.371563e+02	1348	-2.073462e-02	0	
1.372581e+02	1349	2.701767e+02	-4.943550e-01	1.372581e+02	1349	-1.833101e-03	0	
1.373598e+02	1350	2.785544e+02	-1.489920e+01	1.373598e+02	1350	-5.651017e-02	0	
1.374615e+02	1351	2.493801e+02	2.490437e+01	1.374615e+02	1351	9.079759e-02	0	
1.375633e+02	1352	2.842113e+02	-5.354786e+00	1.375633e+02	1352	-1.920266e-02	0	
1.376650e+02	1353	2.835763e+02	-1.009102e+01	1.376650e+02	1353	-3.689785e-02	0	
1.377668e+02	1354	2.762235e+02	5.369355e+00	1.377668e+02	1354	1.906780e-02	0	
1.378685e+02	1355	2.937362e+02	-1.250192e+01	1.378685e+02	1355	-4.445376e-02	0	
1.379703e+02	1356	2.343301e+02	-1.602713e+01	1.379703e+02	1356	-7.341691e-02	0	
1.380720e+02	1357	3.039232e+02	-8.599238e+00	1.380720e+02	1357	-2.911798e-02	0	
1.381738e+02	1358	2.941788e+02	-1.076873e+01	1.381738e+02	1358	-3.799699e-02	0	
1.382755e+02	1359	2.983985e+02	-1.531898e+01	1.382755e+02	1359	-5.411547e-02	0	
1.383773e+02	1360	2.864603e+02	-1.689312e+01	1.383773e+02	1360	-6.266757e-02	0	
1.384790e+02	1361	2.796272e+02	-2.242985e+01	1.384790e+02	1361	-8.720871e-02	0	
1.385808e+02	1362	2.810917e+02	-1.175561e+01	1.385808e+02	1362	-4.364662e-02	0	
1.386825e+02	1363	2.884871e+02	-3.404999e+00	1.386825e+02	1363	-1.194392e-02	0	
1.387843e+02	1364	3.101051e+02	-1.265274e+01	1.387843e+02	1364	-4.253703e-02	0	
1.388860e+02	1365	2.940259e+02	-1.070822e+01	1.388860e+02	1365	-3.779581e-02	0	
1.389878e+02	1366	2.957794e+02	-9.708719e-01	1.389878e+02	1366	-3.293229e-03	0	
1.390895e+02	1367	3.122887e+02	-2.657095e+01	1.390895e+02	1367	-9.299720e-02	0	
1.391913e+02	1368	3.138664e+02	-1.075011e+01	1.391913e+02	1368	-3.546530e-02	0	
1.392930e+02	1369	3.099529e+02	-1.273833e+01	1.392930e+02	1369	-4.285904e-02	0	
1.393948e+02	1370	2.981726e+02	-2.060241e+01	1.393948e+02	1370	-7.422414e-02	0	
1.394965e+02	1371	3.078717e+02	-1.433342e+01	1.394965e+02	1371	-4.882982e-02	0	
1.395983e+02	1372	3.041135e+02	-8.775677e+00	1.395983e+02	1372	-2.971403e-02	0	
1.397000e+02	1373	3.123593e+02	-1.107896e+01	1.397000e+02	1373	-3.677293e-02	0	
1.398018e+02	1374	2.829399e+02	-4.344526e+00	1.398018e+02	1374	-1.559439e-02	0	
1.399035e+02	1375	2.916540e+02	-5.659524e-01	1.399035e+02	1375	-1.944265e-03	0	
1.400052e+02	1376	2.709838e+02	8.479161e+00	1.400052e+02	1376	3.034091e-02	0	
1.401070e+02	1377	2.830575e+02	-3.382630e+00	1.401070e+02	1377	-1.209487e-02	0	
1.402087e+02	1378	2.749863e+02	1.254235e+01	1.402087e+02	1378	4.362122e-02	0	
1.403105e+02	1379	2.729298e+02	6.368436e+00	1.403105e+02	1379	2.280156e-02	0	
1.404122e+02	1380	2.931202e+02	-1.997481e+00	1.404122e+02	1380	-6.861302e-03	0	
1.405140e+02	1381	2.800599e+02	8.598659e+00	1.405140e+02	1381	2.978834e-02	0	
1.406157e+02	1382	2.820468e+02	-1.624238e+01	1.406157e+02	1382	-6.110651e-02	0	
1.407175e+02	1383	2.707467e+02	2.020513e+01	1.407175e+02	1383	6.944493e-02	0	
1.408192e+02	1384	2.779338e+02	1.524711e+01	1.408192e+02	1384	5.200581e-02	0	
1.409210e+02	1385	2.753856e+02	-2.171977e+01	1.409210e+02	1385	-8.562355e-02	0	
1.410227e+02	1386	2.776664e+02	-2.352865e+01	1.410227e+02	1386	-9.258227e-02	0	
1.411245e+02	1387	2.736947e+02	-1.848530e+01	1.411245e+02	1387	-7.243189e-02	0	
1.412262e+02	1388	2.677127e+02	-2.694582e+01	1.412262e+02	1388	-1.119166e-01	0	
1.413280e+02	1389	2.608026e+02	-3.234819e+00	1.413280e+02	1389	-1.255910e-02	0	
1.414297e+02	1390	2.807338e+02	-1.201904e+01	1.414297e+02	1390	-4.472787e-02	0	
1.415315e+02	1391	2.771251e+02	-9.426501e-01	1.415315e+02	1391	-3.413143e-03	0	
1.416332e+02	1392	2.737074e+02	-2.642870e+01	1.416332e+02	1392	-1.068782e-01	0	
1.417350e+02	1393	2.725261e+02	2.550031e+00	1.417350e+02	1393	9.270274e-03	0	
1.418367e+02	1394	2.767174e+02	-1.923689e+00	1.418367e+02	1394	-7.000484e-03	0	
1.419385e+02	1395	2.707621e+02	1.877527e+01	1.419385e+02	1395	6.484576e-02	0	
1.420402e+02	1396	2.884574e+02	1.588922e+01	1.420402e+02	1396	5.220764e-02	0	
1.421420e+02	1397	2.723811e+02	2.374798e+00	1.421420e+02	1397	8.643301e-03	0	
1.422437e+02	1398	2.699373e+02	-3.578358e+00	1.422437e+02	1398	-1.343435e-02	0	
1.423455e+02	1399	2.708100e+02	-1.621339e+01	1.423455e+02	1399	-6.368266e-02	0	
1.424472e+02	1400	2.772163e+02	-2.613786e+00	1.424472e+02	1400	-9.518434e-03	0	
1.425489e+02	1401	2.567848e+02	-2.273121e+01	1.425489e+02	1401	-9.711968e-02	0	
1.426507e+02	1402	2.809369e+02	3.396931e+00	1.426507e+02	1402	1.194698e-02	0	
1.427524e+02	1403	2.711019e+02	3.392790e+01	1.427524e+02	1403	1.112281e-01	0	
1.428542e+02	1404	2.623007e+02	-2.241785e+00	1.428542e+02	1404	-8.620297e-03	0	
1.429559e+02	1405	2.391198e+02	-1.544113e+01	1.429559e+02	1405	-6.903264e-02	0	
1.430577e+02	1406	2.887203e+02	8.449794e+00	1.430577e+02	1406	2.843420e-02	0	
1.431594e+02	1407	3.001702e+02	1.586126e+01	1.431594e+02	1407	5.018886e-02	0	
1.432612e+02	1408	3.149867e+02	1.837722e+01	1.432612e+02	1408	5.512660e-02	0	
1.433629e+02	1409	2.910411e+02	9.017998e+00	1.433629e+02	1409	3.005407e-02	0	
1.434647e+02	1410	3.016746e+02	3.917799e+00	1.434647e+02	1410	1.282034e-02	0	
1.435664e+02	1411	2.886372e+02	5.938227e+00	1.435664e+02	1411	2.015860e-02	0	
1.436682e+02	1412	2.963412e+02	-9.987938e-01	1.436682e+02	1412	-3.381816e-03	0	
1.437699e+02	1413	3.115813e+02	3.533910e+00	1.437699e+02	1413	1.121466e-02	0	
1.438717e+02	1414	2.765126e+02	5.031985e+00	1.438717e+02	1414	1.787278e-02	0	
1.439734e+02	1415	3.154842e+02	-4.732337e+00	1.439734e+02	1415	-1.522867e-02	0	
1.440752e+02	1416	2.990237e+02	-1.302539e+01	1.440752e+02	1416	-4.554359e-02	0	
1.441769e+02	1417	2.815229e+02	6.687870e+00	1.441769e+02	1417	2.320479e-02	0	
1.442787e+02	1418	2.966201e+02	-1.578028e+01	1.442787e+02	1418	-5.618961e-02	0	
1.443804e+02	1419	2.889832e+02	7.058444e+00	1.443804e+02	1419	2.384274e-02	0	
1.444822e+02	1420	2.776486e+02	-1.588365e+01	1.444822e+02	1420	-6.067906e-02	0	
1.445839e+02	1421	2.758193e+02	4.737281e+00	1.445839e+02	1421	1.688530e-02	0	
1.446857e+02	1422	3.007682e+02	-1.140092e-01	1.446857e+02	1422	-3.792038e-04	0	
1.447874e+02	1423	2.813815e+02	1.491560e+01	1.447874e+02	1423	5.034001e-02	0	
1.448892e+02	1424	2.576709e+02	-3.594320e+01	1.448892e+02	1424	-1.621051e-01	0	
1.449909e+02	1425	2.980671e+02	-1.316319e+01	1.449909e+02	1425	-4.620221e-02	0	
1.450926e+02	1426	2.575847e+02	6.429147e+01	1.450926e+02	1426	1.997398e-01	0	
1.451944e+02	1427	2.726636e+02	1.349560e+01	1.451944e+02	1427	4.716116e-02	0	
1.452961e+02	1428	2.837331e+02	8.555097e+00	1.452961e+02	1428	2.926939e-02	0	
1.453979e+02	1429	2.581465e+02	6.317961e+01	1.453979e+02	1429	1.966215e-01	0	
1.454996e+02	1430	2.639169e+02	1.688505e+01	1.454996e+02	1430	6.013153e-02	0	
1.456014e+02	1431	2.741210e+02	3.200668e+00	1.456014e+02	1431	1.154136e-02	0	
1.457031e+02	1432	2.617966e+02	9.227856e+00	1.457031e+02	1432	3.404806e-02	0	
1.458049e+02	1433	2.845286e+02	2.113469e+01	1.458049e+02	1433	6.914370e-02	0	
1.459066e+02	1434	2.803307e+02	9.578142e+00	1.459066e+02	1434	3.303846e-02	0	
1.460084e+02	1435	2.647564e+02	4.065099e+00	1.460084e+02	1435	1.512193e-02	0	
1.461101e+02	1436	2.899597e+02	2.438920e+00	1.461101e+02	1436	8.341079e-03	0	
1.462119e+02	1437	2.512360e+02	8.026817e+00	1.462119e+02	1437	3.096015e-02	0	
1.463136e+02	1438	2.740171e+02	-1.582849e+01	1.463136e+02	1438	-6.130592e-02	0	
1.464154e+02	1439	2.731531e+02	-2.469512e+00	1.464154e+02	1439	-9.123242e-03	0	
1.465171e+02	1440	2.505704e+02	-2.086489e+00	1.465171e+02	1440	-8.396878e-03	0	
1.466189e+02	1441	2.378251e+02	5.363560e+00	1.466189e+02	1441	2.205514e-02	0	
1.467206e+02	1442	2.989992e+02	8.278643e+00	1.467206e+02	1442	2.694188e-02	0	
1.468224e+02	1443	3.271344e+02	1.830145e+01	1.468224e+02	1443	5.298075e-02	0	
1.469241e+02	1444	3.057696e+02	5.001170e+00	1.469241e+02	1444	1.609279e-02	0	
1.470259e+02	1445	3.124043e+02	1.222516e+01	1.470259e+02	1445	3.765881e-02	0	
1.471276e+02	1446	3.251984e+02	2.001569e+01	1.471276e+02	1446	5.798051e-02	0	
1.472294e+02	1447	3.522485e+02	5.758097e+00	1.472294e+02	1447	1.608377e-02	0	
1.473311e+02	1448	2.556492e+02	-2.403746e-01	1.473311e+02	1448	-9.411366e-04	0	
1.474329e+02	1449	2.629216e+02	-1.269219e+00	1.474329e+02	1449	-4.850783e-03	0	
1.475346e+02	1450	2.728624e+02	-1.271610e+01	1.475346e+02	1450	-4.888057e-02	0	
1.476363e+02	1451	2.670445e+02	-1.005406e+01	1.476363e+02	1451	-3.912231e-02	0	
1.477381e+02	1452	2.612674e+02	-1.066396e+01	1.477381e+02	1452	-4.255313e-02	0	
1.478398e+02	1453	2.956722e+02	1.545846e+01	1.478398e+02	1453	4.968479e-02	0	
1.479416e+02	1454	2.602734e+02	-4.088499e+00	1.479416e+02	1454	-1.595917e-02	0	
1.480433e+02	1455	2.908623e+02	-8.830761e+00	1.480433e+02	1455	-3.131125e-02	0	
1.481451e+02	1456	2.861473e+02	-1.072070e+01	1.481451e+02	1456	-3.892398e-02	0	
1.482468e+02	1457	2.719861e+02	-6.228904e+00	1.482468e+02	1457	-2.343833e-02	0	
1.483486e+02	1458	2.924193e+02	-2.759014e+00	1.483486e+02	1458	-9.524999e-03	0	
1.484503e+02	1459	2.951600e+02	-4.073478e+00	1.484503e+02	1459	-1.399405e-02	0	
1.485521e+02	1460	2.863669e+02	-1.045224e+01	1.485521e+02	1460	-3.788215e-02	0	
1.486538e+02	1461	2.795979e+02	-1.342892e+01	1.486538e+02	1461	-5.045261e-02	0	
1.487556e+02	1462	2.666732e+02	-4.096348e+00	1.487556e+02	1462	-1.560057e-02	0	
1.488573e+02	1463	2.998243e+02	-2.128966e+00	1.488573e+02	1463	-7.151493e-03	0	
1.489591e+02	1464	2.602388e+02	-8.087682e+00	1.489591e+02	1464	-3.207474e-02	0	
1.490608e+02	1465	2.792947e+02	1.000802e+01	1.490608e+02	1465	3.459359e-02	0	
1.491626e+02	1466	2.645953e+02	3.962297e+00	1.491626e+02	1466	1.475399e-02	0	
1.492643e+02	1467	2.832499e+02	3.744373e+00	1.492643e+02	1467	1.304686e-02	0	
1.493661e+02	1468	2.921030e+02	-3.564118e-01	1.493661e+02	1468	-1.221649e-03	0	
1.494678e+02	1469	2.931141e+02	2.247465e+01	1.494678e+02	1469	7.121499e-02	0	
1.495696e+02	1470	2.451484e+02	-1.344276e+01	1.495696e+02	1470	-5.801654e-02	0	
1.496713e+02	1471	2.648938e+02	-7.529015e+00	1.496713e+02	1471	-2.925425e-02	0	
1.497731e+02	1472	2.572749e+02	1.903957e+01	1.497731e+02	1472	6.890544e-02	0	
1.498748e+02	1473	3.163806e+02	2.128392e+01	1.498748e+02	1473	6.303274e-02	0	
1.499766e+02	1474	2.692774e+02	2.862389e+01	1.499766e+02	1474	9.608515e-02	0	
1.500783e+02	1475	2.683194e+02	2.767645e+01	1.500783e+02	1475	9.350283e-02	0	
1.501800e+02	1476	2.873232e+02	2.093210e+01	1.501800e+02	1476	6.790508e-02	0	
1.502818e+02	1477	2.872597e+02	1.624305e+01	1.502818e+02	1477	5.351863e-02	0	
1.503835e+02	1478	2.670259e+02	2.882255e+01	1.503835e+02	1478	9.742336e-02	0	
1.504853e+02	1479	2.852246e+02	2.686547e+01	1.504853e+02	1479	8.608242e-02	0	
1.505870e+02	1480	2.676272e+02	2.138695e+01	1.505870e+02	1480	7.399966e-02	0	
1.506888e+02	1481	2.687704e+02	1.895284e+01	1.506888e+02	1481	6.587177e-02	0	
1.507905e+02	1482	3.092706e+02	-2.705568e+00	1.507905e+02	1482	-8.825429e-03	0	
1.508923e+02	1483	2.939647e+02	6.551470e+00	1.508923e+02	1483	2.180072e-02	0	
1.509940e+02	1484	3.046642e+02	1.481156e+01	1.509940e+02	1484	4.636208e-02	0	
1.510958e+02	1485	3.017568e+02	-8.396758e+00	1.510958e+02	1485	-2.862271e-02	0	
1.511975e+02	1486	3.049896e+02	1.676043e+01	1.511975e+02	1486	5.209146e-02	0	
1.512993e+02	1487	2.884111e+02	-1.071970e+01	1.512993e+02	1487	-3.860292e-02	0	
1.514010e+02	1488	3.122458e+02	-6.898444e+00	1.514010e+02	1488	-2.259212e-02	0	
1.515028e+02	1489	2.815881e+02	4.431794e+00	1.515028e+02	1489	1.549471e-02	0	
1.516045e+02	1490	2.739958e+02	-6.150083e+00	1.516045e+02	1490	-2.296129e-02	0	
1.517063e+02	1491	2.768517e+02	5.315863e+00	1.517063e+02	1491	1.883938e-02	0	
1.518080e+02	1492	2.788827e+02	5.774122e+00	1.518080e+02	1492	2.028450e-02	0	
1.519098e+02	1493	2.589786e+02	-3.887064e+00	1.519098e+02	1493	-1.523792e-02	0	
1.520115e+02	1494	2.711315e+02	-4.048193e+00	1.520115e+02	1494	-1.515704e-02	0	
1.521133e+02	1495	2.758244e+02	-1.345461e-01	1.521133e+02	1495	-4.880343e-04	0	
1.522150e+02	1496	2.568307e+02	-8.699301e+00	1.522150e+02	1496	-3.505925e-02	0	
1.523168e+02	1497	2.884851e+02	6.474849e+00	1.523168e+02	1497	2.195162e-02	0	
1.524185e+02	1498	2.857997e+02	-1.165434e+01	1.524185e+02	1498	-4.251153e-02	0	
1.525203e+02	1499	2.933259e+02	-1.407073e+01	1.525203e+02	1499	-5.038664e-02	0	
1.526220e+02	1500	2.732283e+02	1.039637e+00	1.526220e+02	1500	3.790589e-03	0	
1.527237e+02	1501	2.714055e+02	1.308731e+01	1.527237e+02	1501	4.600225e-02	0	
1.528255e+02	1502	2.753338e+02	-3.673828e+00	1.528255e+02	1502	-1.352363e-02	0	
1.529272e+02	1503	2.868984e+02	2.424959e+01	1.529272e+02	1503	7.793587e-02	0	
1.530290e+02	1504	2.638675e+02	-1.255434e+01	1.530290e+02	1504	-4.995496e-02	0	
1.531307e+02	1505	2.769952e+02	-1.146290e+01	1.531307e+02	1505	-4.316951e-02	0	
1.532325e+02	1506	2.656996e+02	2.354720e+01	1.532325e+02	1506	8.140868e-02	0	
1.533342e+02	1507	2.897727e+02	-4.996420e+00	1.533342e+02	1507	-1.754507e-02	0	
1.534360e+02	1508	2.723435e+02	1.616077e+01	1.534360e+02	1508	5.601570e-02	0	
1.535377e+02	1509	2.667798e+02	7.783395e+00	1.535377e+02	1509	2.834828e-02	0	
1.536395e+02	1510	2.714055e+02	1.308734e+01	1.536395e+02	1510	4.600235e-02	0	
1.537412e+02	1511	2.463320e+02	4.277324e+00	1.537412e+02	1511	1.706770e-02	0	
1.538430e+02	1512	2.664364e+02	-1.355651e+01	1.538430e+02	1512	-5.360849e-02	0	
1.539447e+02	1513	2.729732e+02	3.274564e+00	1.539447e+02	1513	1.185372e-02	0	
1.540465e+02	1514	2.919722e+02	-1.019374e+01	1.540465e+02	1514	-3.617643e-02	0	
1.541482e+02	1515	2.643689e+02	-1.786902e+01	1.541482e+02	1515	-7.249099e-02	0	
1.542500e+02	1516	2.792235e+02	-1.273660e+01	1.542500e+02	1516	-4.779447e-02	0	
1.543517e+02	1517	2.965383e+02	2.405128e+00	1.543517e+02	1517	8.045429e-03	0	
1.544535e+02	1518	2.722496e+02	-9.115377e+00	1.544535e+02	1518	-3.464155e-02	0	
1.545552e+02	1519	2.965353e+02	1.878026e+01	1.545552e+02	1519	5.956021e-02	0	
1.546570e+02	1520	2.843325e+02	-1.098032e+01	1.546570e+02	1520	-4.016913e-02	0	
1.547587e+02	1521	2.879358e+02	1.925028e+01	1.547587e+02	1521	6.266651e-02	0	
1.548605e+02	1522	2.963789e+02	-3.867391e+00	1.548605e+02	1522	-1.322133e-02	0	
1.549622e+02	1523	2.902986e+02	-5.626331e+00	1.549622e+02	1523	-1.976424e-02	0	
1.550640e+02	1524	2.905176e+02	-6.925210e+00	1.550640e+02	1524	-2.441959e-02	0	
1.551657e+02	1525	2.996395e+02	1.511674e+01	1.551657e+02	1525	4.802682e-02	0	
1.552674e+02	1526	2.973629e+02	1.918104e+01	1.552674e+02	1526	6.059519e-02	0	
1.553692e+02	1527	2.941686e+02	-8.362260e-01	1.553692e+02	1527	-2.850780e-03	0	
1.554709e+02	1528	3.105184e+02	5.475717e+00	1.554709e+02	1528	1.732854e-02	0	
1.555727e+02	1529	2.935542e+02	2.407144e+01	1.555727e+02	1529	7.578557e-02	0	
1.556744e+02	1530	3.118188e+02	8.307552e+00	1.556744e+02	1530	2.595085e-02	0	
1.557762e+02	1531	3.008874e+02	-2.983130e+01	1.557762e+02	1531	-1.100558e-01	0	
1.558779e+02	1532	2.933167e+02	3.846055e+00	1.558779e+02	1532	1.294259e-02	0	
1.559797e+02	1533	3.249637e+02	2.493413e+01	1.559797e+02	1533	7.126117e-02	0	
1.560814e+02	1534	3.211321e+02	-1.727812e+00	1.560814e+02	1534	-5.409483e-03	0	
1.561832e+02	1535	3.082072e+02	1.280317e+01	1.561832e+02	1535	3.988398e-02	0	
1.562849e+02	1536	3.068916e+02	5.124033e+00	1.562849e+02	1536	1.642236e-02	0	
1.563867e+02	1537	3.319461e+02	1.995669e+01	1.563867e+02	1537	5.671080e-02	0	
1.564884e+02	1538	2.867487e+02	-2.759959e+00	1.564884e+02	1538	-9.718551e-03	0	
1.565902e+02	1539	2.789659e+02	2.444395e+01	1.565902e+02	1539	8.056413e-02	0	
1.566919e+02	1540	3.371364e+02	1.029855e+01	1.566919e+02	1540	2.964166e-02	0	
1.567937e+02	1541	3.154236e+02	1.707627e+00	1.567937e+02	1541	5.384607e-03	0	
1.568954e+02	1542	3.043503e+02	4.125768e+00	1.568954e+02	1542	1.337468e-02	0	
1.569972e+02	1543	3.399618e+02	1.024667e+01	1.569972e+02	1543	2.925877e-02	0	
1.570989e+02	1544	3.008315e+02	-6.266257e+00	1.570989e+02	1544	-2.127290e-02	0	
1.572007e+02	1545	2.523439e+02	4.872782e+00	1.572007e+02	1545	1.894427e-02	0	
1.573024e+02	1546	2.233716e+02	2.403746e+01	1.573024e+02	1546	9.715675e-02	0	
1.574042e+02	1547	2.778614e+02	-3.102884e+00	1.574042e+02	1547	-1.129313e-02	0	
1.575059e+02	1548	2.870340e+02	-1.843594e+01	1.575059e+02	1548	-6.863765e-02	0	
1.576077e+02	1549	2.942718e+02	-1.632424e+00	1.576077e+02	1549	-5.578279e-03	0	
1.577094e+02	1550	2.901544e+02	-3.657053e+00	1.577094e+02	1550	-1.276470e-02	0	
1.578111e+02	1551	3.202816e+02	-1.100784e+01	1.578111e+02	1551	-3.559254e-02	0	
1.579129e+02	1552	2.797667e+02	3.155475e+00	1.579129e+02	1552	1.115316e-02	0	
1.580146e+02	1553	3.186758e+02	-2.293712e+01	1.580146e+02	1553	-7.755874e-02	0	
1.581164e+02	1554	3.200124e+02	-1.121429e+01	1.581164e+02	1554	-3.631593e-02	0	
1.582181e+02	1555	2.855740e+02	-9.837972e+00	1.582181e+02	1555	-3.567895e-02	0	
1.583199e+02	1556	2.719853e+02	7.239961e+00	1.583199e+02	1556	2.592875e-02	0	
1.584216e+02	1557	2.888000e+02	-1.479558e+01	1.584216e+02	1557	-5.399760e-02	0	
1.585234e+02	1558	2.879168e+02	-7.206944e+00	1.585234e+02	1558	-2.567400e-02	0	
1.586251e+02	1559	2.769613e+02	-1.235334e+01	1.586251e+02	1559	-4.668544e-02	0	
1.587269e+02	1560	3.145577e+02	-7.700776e+00	1.587269e+02	1560	-2.509566e-02	0	
1.588286e+02	1561	2.934198e+02	-1.339202e+01	1.588286e+02	1561	-4.782390e-02	0	
1.589304e+02	1562	2.773063e+02	-1.764342e+01	1.589304e+02	1562	-6.794741e-02	0	
1.590321e+02	1563	2.850131e+02	-8.444710e+00	1.590321e+02	1563	-3.053389e-02	0	
1.591339e+02	1564	3.113583e+02	-1.778978e+01	1.591339e+02	1564	-6.059839e-02	0	
1.592356e+02	1565	2.520865e+02	-3.761477e+00	1.592356e+02	1565	-1.514739e-02	0	
1.593374e+02	1566	2.865271e+02	-2.502960e+01	1.593374e+02	1566	-9.571640e-02	0	
1.594391e+02	1567	2.887409e+02	-1.679401e+01	1.594391e+02	1567	-6.175474e-02	0	
1.595409e+02	1568	2.425983e+02	-5.015199e+00	1.595409e+02	1568	-2.110924e-02	0	
1.596426e+02	1569	2.449533e+02	-5.526924e+00	1.596426e+02	1569	-2.308402e-02	0	
1.597444e+02	1570	2.609154e+02	1.670981e+01	1.597444e+02	1570	6.018837e-02	0	
1.598461e+02	1571	2.591484e+02	-7.669013e-01	1.598461e+02	1571	-2.968097e-03	0	
1.599479e+02	1572	2.448320e+02	-1.978105e+00	1.599479e+02	1572	-8.145247e-03	0	
1.600496e+02	1573	2.631752e+02	-1.147357e-01	1.600496e+02	1573	-4.361571e-04	0	
1.601514e+02	1574	2.709595e+02	1.331068e+00	1.601514e+02	1574	4.888410e-03	0	
1.602531e+02	1575	2.388598e+02	-5.744702e+00	1.602531e+02	1575	-2.464320e-02	0	
1.603548e+02	1576	2.477498e+02	2.911520e+01	1.603548e+02	1576	1.051603e-01	0	
1.604566e+02	1577	2.534557e+02	1.919054e+01	1.604566e+02	1577	7.038623e-02	0	
1.605583e+02	1578	2.518154e+02	3.498012e+00	1.605583e+02	1578	1.370085e-02	0	
1.606601e+02	1579	2.445420e+02	2.449367e+01	1.606601e+02	1579	9.104246e-02	0	
1.607618e+02	1580	2.670836e+02	8.147440e+00	1.607618e+02	1580	2.960218e-02	0	
1.608636e+02	1581	2.582755e+02	2.391953e+01	1.608636e+02	1581	8.476241e-02	0	
1.609653e+02	1582	2.592193e+02	1.193723e+01	1.609653e+02	1582	4.402339e-02	0	
1.610671e+02	1583	2.613671e+02	3.059052e+00	1.610671e+02	1583	1.156864e-02	0	
1.611688e+02	1584	2.592457e+02	-3.131024e+00	1.611688e+02	1584	-1.222509e-02	0	
1.612706e+02	1585	2.593685e+02	2.619487e+01	1.612706e+02	1585	9.173050e-02	0	
1.613723e+02	1586	2.721903e+02	3.580712e+00	1.613723e+02	1586	1.298437e-02	0	
1.614741e+02	1587	2.548354e+02	5.666879e+00	1.614741e+02	1587	2.175366e-02	0	
1.615758e+02	1588	2.668211e+02	3.130058e+00	1.615758e+02	1588	1.159490e-02	0	
1.616776e+02	1589	2.547873e+02	1.180511e-01	1.616776e+02	1589	4.631174e-04	0	
1.617793e+02	1590	2.544738e+02	3.433285e+00	1.617793e+02	1590	1.331210e-02	0	
1.618811e+02	1591	2.895100e+02	1.384088e+01	1.618811e+02	1591	4.562664e-02	0	
1.619828e+02	1592	2.635770e+02	3.483015e+00	1.619828e+02	1592	1.304207e-02	0	
1.620846e+02	1593	2.703814e+02	1.610650e+01	1.620846e+02	1593	5.622052e-02	0	
1.621863e+02	1594	2.952072e+02	-7.281694e+00	1.621863e+02	1594	-2.529020e-02	0	
1.622881e+02	1595	2.731895e+02	1.279176e+01	1.622881e+02	1595	4.472936e-02	0	
1.623898e+02	1596	2.777326e+02	-5.288952e-01	1.623898e+02	1596	-1.907966e-03	0	
1.624916e+02	1597	2.604371e+02	2.137723e+01	1.624916e+02	1597	7.585572e-02	0	
1.625933e+02	1598	2.582040e+02	1.440922e+01	1.625933e+02	1598	5.285591e-02	0	
1.626951e+02	1599	2.592106e+02	2.754177e+01	1.626951e+02	1599	9.604723e-02	0	
1.627968e+02	1600	2.667629e+02	2.142778e-01	1.627968e+02	1600	8.026072e-04	0	
1.628985e+02	1601	2.727957e+02	2.341423e+01	1.628985e+02	1601	7.904607e-02	0	
1.630003e+02	1602	2.667178e+02	2.616175e+01	1.630003e+02	1602	8.932597e-02	0	
1.631020e+02	1603	2.733138e+02	5.821696e+00	1.631020e+02	1603	2.085617e-02	0	
1.632038e+02	1604	2.820501e+02	-4.194230e+01	1.632038e+02	1604	-1.746811e-01	0	
1.633055e+02	1605	2.831193e+02	2.049187e+00	1.633055e+02	1605	7.185882e-03	0	
1.634073e+02	1606	2.932944e+02	-2.637283e+00	1.634073e+02	1606	-9.073519e-03	0	
1.635090e+02	1607	2.635671e+02	8.921075e+00	1.635090e+02	1607	3.273931e-02	0	
1.636108e+02	1608	2.910598e+02	-4.663038e+00	1.636108e+02	1608	-1.628174e-02	0	
1.637125e+02	1609	3.009311e+02	-1.949983e+00	1.637125e+02	1609	-6.522094e-03	0	
1.638143e+02	1610	3.142344e+02	-1.894725e-01	1.638143e+02	1610	-6.033293e-04	0	
1.639160e+02	1611	2.858326e+02	-3.236509e+00	1.639160e+02	1611	-1.145277e-02	0	
1.640178e+02	1612	2.829028e+02	7.464080e+00	1.640178e+02	1612	2.570569e-02	0	
1.641195e+02	1613	2.828878e+02	1.568242e+00	1.641195e+02	1613	5.513126e-03	0	
1.642213e+02	1614	2.656889e+02	1.235088e+01	1.642213e+02	1614	4.442127e-02	0	
1.643230e+02	1615	2.644085e+02	6.810592e-02	1.643230e+02	1615	2.575121e-04	0	
1.644248e+02	1616	2.818266e+02	5.111458e+00	1.644248e+02	1616	1.781380e-02	0	
1.645265e+02	1617	2.580858e+02	1.795889e+01	1.645265e+02	1617	6.505791e-02	0	
1.646283e+02	1618	2.707898e+02	2.304227e+00	1.646283e+02	1618	8.437486e-03	0	
1.647300e+02	1619	2.711082e+02	1.892537e+00	1.647300e+02	1619	6.932351e-03	0	
1.648318e+02	1620	2.764230e+02	1.323517e+01	1.648318e+02	1620	4.569238e-02	0	
1.649335e+02	1621	2.595604e+02	3.351088e+00	1.649335e+02	1621	1.274607e-02	0	
1.650353e+02	1622	2.670913e+02	-7.861105e-01	1.650353e+02	1622	-2.951916e-03	0	
1.651370e+02	1623	2.729469e+02	-2.240064e-01	1.651370e+02	1623	-8.213700e-04	0	
1.652388e+02	1624	2.635311e+02	1.724828e+00	1.652388e+02	1624	6.502505e-03	0	
1.653405e+02	1625	2.822274e+02	-5.677731e+00	1.653405e+02	1625	-2.053060e-02	0	
1.654422e+02	1626	2.745798e+02	-1.600351e+00	1.654422e+02	1626	-5.862533e-03	0	
1.655440e+02	1627	2.889764e+02	-1.310450e+01	1.655440e+02	1627	-4.750212e-02	0	
1.656457e+02	1628	2.678568e+02	1.214301e+01	1.656457e+02	1628	4.336792e-02	0	
1.657475e+02	1629	2.855082e+02	-7.258033e+00	1.657475e+02	1629	-2.608456e-02	0	
1.658492e+02	1630	2.699817e+02	4.940602e+00	1.658492e+02	1630	1.797090e-02	0	
1.659510e+02	1631	2.885112e+02	8.980207e+00	1.659510e+02	1631	3.018644e-02	0	
1.660527e+02	1632	2.834630e+02	-2.763157e+01	1.660527e+02	1632	-1.080069e-01	0	
1.661545e+02	1633	2.741934e+02	-1.022093e+01	1.661545e+02	1633	-3.871968e-02	0	
1.662562e+02	1634	2.745059e+02	7.073143e+00	1.662562e+02	1634	2.511956e-02	0	
1.663580e+02	1635	2.937183e+02	-1.038660e+01	1.663580e+02	1635	-3.665880e-02	0	
1.664597e+02	1636	2.729805e+02	1.683120e+00	1.664597e+02	1636	6.127932e-03	0	
1.665615e+02	1637	2.659012e+02	1.571371e+01	1.665615e+02	1637	5.579857e-02	0	
1.666632e+02	1638	2.840555e+02	-5.053290e+00	1.666632e+02	1638	-1.811201e-02	0	
1.667650e+02	1639	2.593070e+02	-2.346662e+01	1.667650e+02	1639	-9.950213e-02	0	
1.668667e+02	1640	2.972545e+02	-6.188459e+00	1.668667e+02	1640	-2.126136e-02	0	
1.669685e+02	1641	2.862963e+02	-5.868513e-01	1.669685e+02	1641	-2.054014e-03	0	
1.670702e+02	1642	2.895419e+02	7.120823e+00	1.670702e+02	1642	2.400309e-02	0	
1.671720e+02	1643	3.227481e+02	5.382077e+00	1.671720e+02	1643	1.640226e-02	0	
1.672737e+02	1644	2.985340e+02	-1.710647e+01	1.672737e+02	1644	-6.078464e-02	0	
1.673755e+02	1645	3.205363e+02	-1.146812e+00	1.673755e+02	1645	-3.590638e-03	0	
1.674772e+02	1646	3.111560e+02	-8.173168e+00	1.674772e+02	1646	-2.697568e-02	0	
1.675790e+02	1647	2.984222e+02	-7.177556e+00	1.675790e+02	1647	-2.464442e-02	0	
1.676807e+02	1648	3.067909e+02	1.906132e+01	1.676807e+02	1648	5.849682e-02	0	
1.677825e+02	1649	3.483620e+02	4.958826e+01	1.677825e+02	1649	1.246092e-01	0	
1.678842e+02	1650	3.170590e+02	1.860162e+01	1.678842e+02	1650	5.541794e-02	0	
1.679859e+02	1651	3.358987e+02	1.046730e+01	1.679859e+02	1651	3.022034e-02	0	
1.680877e+02	1652	2.813751e+02	-7.429883e+00	1.680877e+02	1652	-2.712178e-02	0	
1.681894e+02	1653	2.940757e+02	-6.834877e+00	1.681894e+02	1653	-2.379494e-02	0	
1.682912e+02	1654	3.177406e+02	1.170267e+01	1.682912e+02	1654	3.552257e-02	0	
1.683929e+02	1655	3.267128e+02	1.184799e+01	1.683929e+02	1655	3.499516e-02	0	
1.684947e+02	1656	2.768000e+02	-3.233099e+01	1.684947e+02	1656	-1.322499e-01	0	
1.685964e+02	1657	2.814615e+02	3.398181e+00	1.685964e+02	1657	1.192932e-02	0	
1.686982e+02	1658	2.948043e+02	-6.634578e+00	1.686982e+02	1658	-2.302316e-02	0	
1.687999e+02	1659	2.913964e+02	-1.255448e+01	1.687999e+02	1659	-4.502365e-02	0	
1.689017e+02	1660	2.740907e+02	-1.646742e+01	1.689017e+02	1660	-6.392054e-02	0	
1.690034e+02	1661	2.798965e+02	-3.198265e+01	1.690034e+02	1661	-1.290071e-01	0	
1.691052e+02	1662	2.787176e+02	-1.615239e+01	1.691052e+02	1662	-6.151763e-02	0	
1.692069e+02	1663	2.863376e+02	4.865814e+00	1.692069e+02	1663	1.670933e-02	0	
1.693087e+02	1664	2.964947e+02	2.132774e+00	1.693087e+02	1664	7.141922e-03	0	
1.694104e+02	1665	2.790108e+02	5.949236e+00	1.694104e+02	1665	2.087744e-02	0	
1.695122e+02	1666	2.828438e+02	-1.044286e+01	1.695122e+02	1666	-3.833636e-02	0	
1.696139e+02	1667	3.043357e+02	5.350739e+00	1.696139e+02	1667	1.727792e-02	0	
1.697157e+02	1668	2.882057e+02	4.465504e+00	1.697157e+02	1668	1.525775e-02	0	
1.698174e+02	1669	2.656409e+02	-8.256849e+00	1.698174e+02	1669	-3.207988e-02	0	
1.699192e+02	1670	2.848943e+02	9.645713e+00	1.699192e+02	1670	3.274840e-02	0	
1.700209e+02	1671	2.369722e+02	2.744896e+00	1.700209e+02	1671	1.145056e-02	0	
1.701227e+02	1672	2.782651e+02	-1.228289e+01	1.701227e+02	1672	-4.617937e-02	0	
1.702244e+02	1673	2.759657e+02	-8.589118e+00	1.702244e+02	1673	-3.212367e-02	0	
1.703262e+02	1674	2.630862e+02	-8.562863e+00	1.703262e+02	1674	-3.364274e-02	0	
1.704279e+02	1675	2.971409e+02	-1.377435e+01	1.704279e+02	1675	-4.860965e-02	0	
1.705296e+02	1676	2.759177e+02	-3.017996e+00	1.705296e+02	1676	-1.105899e-02	0	
1.706314e+02	1677	2.680791e+02	-4.311635e+00	1.706314e+02	1677	-1.634635e-02	0	
1.707331e+02	1678	2.682848e+02	-1.108730e+00	1.707331e+02	1678	-4.149810e-03	0	
1.708349e+02	1679	2.628941e+02	-8.111564e+00	1.708349e+02	1679	-3.183721e-02	0	
1.709366e+02	1680	2.459775e+02	5.046219e-01	1.709366e+02	1680	2.047296e-03	0	
1.710384e+02	1681	2.557967e+02	3.889030e+00	1.710384e+02	1681	1.497591e-02	0	
1.711401e+02	1682	2.756084e+02	-7.592077e+00	1.711401e+02	1682	-2.832692e-02	0	
1.712419e+02	1683	2.499954e+02	5.118483e+00	1.712419e+02	1683	2.006352e-02	0	
1.713436e+02	1684	2.888390e+02	4.208263e+00	1.713436e+02	1684	1.436036e-02	0	
1.714454e+02	1685	2.695115e+02	-8.042809e+00	1.714454e+02	1685	-3.076012e-02	0	
1.715471e+02	1686	2.942517e+02	4.702094e+00	1.715471e+02	1686	1.572850e-02	0	
1.716489e+02	1687	2.685601e+02	-7.080728e-01	1.716489e+02	1687	-2.643522e-03	0	
1.717506e+02	1688	2.780745e+02	-1.109455e+00	1.717506e+02	1688	-4.005758e-03	0	
1.718524e+02	1689	3.357625e+02	5.176436e+00	1.718524e+02	1689	1.518288e-02	0	
1.719541e+02	1690	2.830150e+02	4.747817e+00	1.719541e+02	1690	1.649906e-02	0	
1.720559e+02	1691	2.766294e+02	4.446991e+00	1.720559e+02	1691	1.582129e-02	0	
1.721576e+02	1692	2.946376e+02	-3.616561e+00	1.721576e+02	1692	-1.242715e-02	0	
1.722594e+02	1693	2.858566e+02	5.277065e+00	1.722594e+02	1693	1.812592e-02	0	
1.723611e+02	1694	2.595942e+02	2.179274e+01	1.723611e+02	1694	7.744759e-02	0	
1.724629e+02	1695	2.882057e+02	-2.098249e+01	1.724629e+02	1695	-7.852046e-02	0	
1.725646e+02	1696	2.886823e+02	-2.449953e+01	1.725646e+02	1696	-9.273705e-02	0	
1.726664e+02	1697	2.733215e+02	-8.644362e+00	1.726664e+02	1697	-3.266003e-02	0	
1.727681e+02	1698	2.813242e+02	-1.398551e+01	1.727681e+02	1698	-5.231383e-02	0	
1.728699e+02	1699	2.852996e+02	-1.899051e+01	1.728699e+02	1699	-7.131003e-02	0	
1.729716e+02	1700	2.788524e+02	-1.817997e+01	1.729716e+02	1700	-6.974259e-02	0	
1.730733e+02	1701	3.109695e+02	-2.735234e+01	1.730733e+02	1701	-9.644106e-02	0	
1.731751e+02	1702	2.802663e+02	-5.255768e+00	1.731751e+02	1702	-1.911115e-02	0	
1.732768e+02	1703	2.557767e+02	-8.687966e+00	1.732768e+02	1703	-3.516132e-02	0	
1.733786e+02	1704	2.588738e+02	-1.391428e+01	1.733786e+02	1704	-5.680236e-02	0	
1.734803e+02	1705	2.881267e+02	-2.346143e+01	1.734803e+02	1705	-8.864567e-02	0	
1.735821e+02	1706	2.838912e+02	-2.080454e+01	1.735821e+02	1706	-7.907866e-02	0	
1.736838e+02	1707	3.026757e+02	-1.388655e+01	1.736838e+02	1707	-4.808543e-02	0	
1.737856e+02	1708	2.950790e+02	-3.840642e+00	1.737856e+02	1708	-1.318728e-02	0	
1.738873e+02	1709	2.867779e+02	2.027758e+00	1.738873e+02	1709	7.021185e-03	0	
1.739891e+02	1710	2.981711e+02	-1.607376e+01	1.739891e+02	1710	-5.697948e-02	0	
1.740908e+02	1711	2.803858e+02	3.917335e+00	1.740908e+02	1711	1.377873e-02	0	
1.741926e+02	1712	2.534110e+02	-1.079003e+01	1.741926e+02	1712	-4.447278e-02	0	
1.742943e+02	1713	2.636341e+02	-2.875892e+01	1.742943e+02	1713	-1.224434e-01	0	
1.743961e+02	1714	2.516725e+02	-7.236466e+00	1.743961e+02	1714	-2.960474e-02	0	
1.744978e+02	1715	2.653256e+02	-1.173637e+01	1.744978e+02	1715	-4.628103e-02	0	
1.745996e+02	1716	2.577049e+02	8.205714e+00	1.745996e+02	1716	3.085892e-02	0	
1.747013e+02	1717	2.844601e+02	-1.628749e+01	1.747013e+02	1717	-6.073510e-02	0	
1.748031e+02	1718	2.658519e+02	1.228221e+01	1.748031e+02	1718	4.415931e-02	0	
1.749048e+02	1719	2.621031e+02	-1.811171e+01	1.749048e+02	1719	-7.423094e-02	0	
1.750066e+02	1720	2.640470e+02	-5.812117e+00	1.750066e+02	1720	-2.250709e-02	0	
1.751083e+02	1721	2.899399e+02	1.099158e+00	1.751083e+02	1721	3.776668e-03	0	
1.752101e+02	1722	2.586520e+02	2.308875e+00	1.752101e+02	1722	8.847591e-03	0	
1.753118e+02	1723	2.808233e+02	2.285521e-01	1.753118e+02	1723	8.132026e-04	0	
1.754136e+02	1724	3.162910e+02	4.509382e-01	1.754136e+02	1724	1.423677e-03	0	
1.755153e+02	1725	2.663829e+02	1.029954e+01	1.755153e+02	1725	3.722513e-02	0	
1.756170e+02	1726	2.597883e+02	9.113689e+00	1.756170e+02	1726	3.389223e-02	0	
1.757188e+02	1727	2.720854e+02	1.463615e+01	1.757188e+02	1727	5.104656e-02	0	
1.758205e+02	1728	2.884746e+02	6.616482e+00	1.758205e+02	1728	2.242183e-02	0	
1.759223e+02	1729	2.907418e+02	3.488279e+00	1.759223e+02	1729	1.185562e-02	0	
1.760240e+02	1730	2.860442e+02	-7.535229e-01	1.760240e+02	1730	-2.641246e-03	0	
1.761258e+02	1731	3.070715e+02	-4.634372e+00	1.761258e+02	1731	-1.532342e-02	0	
1.762275e+02	1732	2.835726e+02	9.760236e+00	1.762275e+02	1732	3.327359e-02	0	
1.763293e+02	1733	2.726965e+02	-3.616486e+00	1.763293e+02	1733	-1.344019e-02	0	
1.764310e+02	1734	3.019454e+02	-2.409058e+00	1.764310e+02	1734	-8.042623e-03	0	
1.765328e+02	1735	2.737488e+02	2.596724e+00	1.765328e+02	1735	9.396657e-03	0	
1.766345e+02	1736	2.685438e+02	9.736399e+00	1.766345e+02	1736	3.498775e-02	0	
1.767363e+02	1737	2.790558e+02	-4.561014e+00	1.767363e+02	1737	-1.661603e-02	0	
1.768380e+02	1738	2.594477e+02	1.057017e+00	1.768380e+02	1738	4.057573e-03	0	
1.769398e+02	1739	2.363548e+02	-5.835085e+00	1.769398e+02	1739	-2.531274e-02	0	
1.770415e+02	1740	2.746148e+02	-7.457044e+00	1.770415e+02	1740	-2.791251e-02	0	
1.771433e+02	1741	2.547468e+02	-3.255353e+00	1.771433e+02	1741	-1.294419e-02	0	
1.772450e+02	1742	2.878934e+02	3.202247e+00	1.772450e+02	1742	1.100067e-02	0	
1.773468e+02	1743	2.888214e+02	5.690431e+01	1.773468e+02	1743	1.645938e-01	0	
1.774485e+02	1744	2.825166e+02	5.681729e+00	1.774485e+02	1744	1.971465e-02	0	
1.775503e+02	1745	2.699273e+02	9.987049e+00	1.775503e+02	1745	3.567895e-02	0	
1.776520e+02	1746	2.692586e+02	1.898666e+00	1.776520e+02	1746	7.002084e-03	0	
1.777538e+02	1747	2.752015e+02	-1.941380e+00	1.777538e+02	1747	-7.104513e-03	0	
1.778555e+02	1748	2.415350e+02	2.202720e+00	1.778555e+02	1748	9.037255e-03	0	
1.779573e+02	1749	2.547320e+02	-1.252164e+01	1.779573e+02	1749	-5.169738e-02	0	
1.780590e+02	1750	2.747558e+02	6.916750e+00	1.780590e+02	1750	2.455600e-02	0	
1.781607e+02	1751	2.856739e+02	5.668037e+00	1.781607e+02	1751	1.945493e-02	0	
1.782625e+02	1752	2.825104e+02	-1.337066e+00	1.782625e+02	1752	-4.755309e-03	0	
1.783642e+02	1753	2.816243e+02	-1.135992e+01	1.783642e+02	1753	-4.203262e-02	0	
1.784660e+02	1754	2.473814e+02	-7.285530e+00	1.784660e+02	1754	-3.034425e-02	0	
1.785677e+02	1755	8.369518e+01	3.003932e+02	1.785677e+02	1755	7.820940e-01	7.000000e-01	
1.786695e+02	1756	8.588585e+01	2.837003e+02	1.786695e+02	1756	7.676162e-01	7.000000e-01	
1.787712e+02	1757	8.624458e+01	2.998707e+02	1.787712e+02	1757	7.766352e-01	7.000000e-01	
1.788730e+02	1758	8.010733e+01	2.430222e+02	1.788730e+02	1758	7.520891e-01	7.000000e-01	
1.789747e+02	1759	8.702829e+01	3.012981e+02	1.789747e+02	1759	7.758888e-01	7.000000e-01	
1.790765e+02	1760	9.013110e+01	2.998522e+02	1.790765e+02	1760	7.688847e-01	7.000000e-01	
1.791782e+02	1761	8.503469e+01	2.810324e+02	1.791782e+02	1761	7.677074e-01	7.000000e-01	
1.792800e+02	1762	6.956134e+01	3.070209e+02	1.792800e+02	1762	8.152825e-01	7.000000e-01	
1.793817e+02	1763	8.747245e+01	2.881256e+02	1.793817e+02	1763	7.671115e-01	7.000000e-01	
1.794835e+02	1764	6.150325e+01	2.854640e+02	1.794835e+02	1764	8.227405e-01	7.000000e-01	
1.795852e+02	1765	8.900962e+01	3.096639e+02	1.795852e+02	1765	7.767356e-01	7.000000e-01	
1.796870e+02	1766	6.997136e+01	2.852186e+02	1.796870e+02	1766	8.030030e-01	7.000000e-01	
1.797887e+02	1767	6.079224e+01	2.739897e+02	1.797887e+02	1767	8.184124e-01	7.000000e-01	
1.798905e+02	1768	7.259327e+01	2.922070e+02	1.798905e+02	1768	8.010054e-01	7.000000e-01	
1.799922e+02	1769	7.003615e+01	2.947900e+02	1.799922e+02	1769	8.080287e-01	7.000000e-01	
1.800940e+02	1770	7.177266e+01	2.866539e+02	1.800940e+02	1770	7.997563e-01	7.000000e-01	
1.801957e+02	1771	8.231246e+01	2.863908e+02	1.801957e+02	1771	7.767515e-01	7.000000e-01	
1.802975e+02	1772	6.845495e+01	2.871992e+02	1.802975e+02	1772	8.075238e-01	7.000000e-01	
1.803992e+02	1773	6.162554e+01	2.807391e+02	1.803992e+02	1773	8.200003e-01	7.000000e-01	
1.805010e+02	1774	8.010884e+01	3.066159e+02	1.805010e+02	1774	7.928531e-01	7.000000e-01	
1.806027e+02	1775	7.442912e+01	2.690640e+02	1.806027e+02	1775	7.833170e-01	7.000000e-01	
1.807044e+02	1776	7.003844e+01	2.899827e+02	1.807044e+02	1776	8.054602e-01	7.000000e-01	
1.808062e+02	1777	8.138378e+01	3.042589e+02	1.808062e+02	1777	7.889658e-01	7.000000e-01	
1.809079e+02	1778	7.609569e+01	2.379671e+02	1.809079e+02	1778	7.577055e-01	7.000000e-01	
1.810097e+02	1779	6.568739e+01	2.363698e+02	1.810097e+02	1779	7.825333e-01	7.000000e-01	
1.811114e+02	1780	5.395362e+01	2.393680e+02	1.811114e+02	1780	8.160599e-01	7.000000e-01	
1.812132e+02	1781	6.725256e+01	2.664318e+02	1.812132e+02	1781	7.984546e-01	7.000000e-01	
1.813149e+02	1782	7.867952e+01	2.310766e+02	1.813149e+02	1782	7.459953e-01	7.000000e-01	
1.814167e+02	1783	5.177729e+01	2.379472e+02	1.814167e+02	1783	8.212878e-01	7.000000e-01	
1.815184e+02	1784	9.005410e+01	2.781380e+02	1.815184e+02	1784	7.554154e-01	7.000000e-01	
1.816202e+02	1785	4.758226e+01	3.076232e+02	1.816202e+02	1785	8.660430e-01	7.000000e-01	
1.817219e+02	1786	6.887797e+01	2.477215e+02	1.817219e+02	1786	7.824445e-01	7.000000e-01	
1.818237e+02	1787	8.838173e+01	2.824813e+02	1.818237e+02	1787	7.616863e-01	7.000000e-01	
1.819254e+02	1788	5.717721e+01	3.066218e+02	1.819254e+02	1788	8.428330e-01	7.000000e-01	
1.820272e+02	1789	5.579750e+01	2.822867e+02	1.820272e+02	1789	8.349598e-01	7.000000e-01	
1.821289e+02	1790	8.626537e+01	2.735782e+02	1.821289e+02	1790	7.602698e-01	7.000000e-01	
1.822307e+02	1791	5.372130e+01	2.695004e+02	1.822307e+02	1791	8.337943e-01	7.000000e-01	
1.823324e+02	1792	6.031661e+01	2.764019e+02	1.823324e+02	1792	8.208693e-01	7.000000e-01	
1.824342e+02	1793	5.855511e+01	2.759977e+02	1.824342e+02	1793	8.249750e-01	7.000000e-01	
1.825359e+02	1794	4.782309e+01	2.581818e+02	1.825359e+02	1794	8.437179e-01	7.000000e-01	
1.826377e+02	1795	7.149792e+01	2.901905e+02	1.826377e+02	1795	8.023218e-01	7.000000e-01	
1.827394e+02	1796	5.917339e+01	2.764749e+02	1.827394e+02	1796	8.237042e-01	7.000000e-01	
1.828412e+02	1797	7.238247e+01	2.812894e+02	1.828412e+02	1797	7.953400e-01	7.000000e-01	
1.829429e+02	1798	5.776991e+01	2.845000e+02	1.829429e+02	1798	8.312153e-01	7.000000e-01	
1.830447e+02	1799	8.623757e+01	3.104388e+02	1.830447e+02	1799	7.825997e-01	7.000000e-01	
1.831464e+02	1800	8.119422e+01	2.837960e+02	1.831464e+02	1800	7.775441e-01	7.000000e-01	
1.832481e+02	1801	8.322816e+01	2.756980e+02	1.832481e+02	1801	7.681190e-01	7.000000e-01	
1.833499e+02	1802	9.137819e+01	2.722463e+02	1.833499e+02	1802	7.487018e-01	7.000000e-01	
1.834516e+02	1803	8.457916e+01	3.342158e+02	1.834516e+02	1803	7.980416e-01	7.000000e-01	
1.835534e+02	1804	8.232958e+01	2.989057e+02	1.835534e+02	1804	7.840452e-01	7.000000e-01	
1.836551e+02	1805	7.692950e+01	2.740284e+02	1.836551e+02	1805	7.808013e-01	7.000000e-01	
1.837569e+02	1806	8.272888e+01	3.035079e+02	1.837569e+02	1806	7.858079e-01	7.000000e-01	
1.838586e+02	1807	8.788232e+01	2.170748e+02	1.838586e+02	1807	7.118207e-01	7.000000e-01	
1.839604e+02	1808	9.690478e+01	2.167711e+02	1.839604e+02	1808	6.910672e-01	7.000000e-01	
1.840621e+02	1809	8.980184e+01	2.091353e+02	1.840621e+02	1809	6.995962e-01	7.000000e-01	
1.841639e+02	1810	6.468171e+01	3.055804e+02	1.841639e+02	1810	8.253083e-01	7.000000e-01	
1.842656e+02	1811	6.375015e+01	3.269230e+02	1.842656e+02	1811	8.368197e-01	7.000000e-01	
1.843674e+02	1812	7.050399e+01	2.995330e+02	1.843674e+02	1812	8.094677e-01	7.000000e-01	
1.844691e+02	1813	7.501324e+01	2.631447e+02	1.844691e+02	1813	7.781710e-01	7.000000e-01	
1.845709e+02	1814	7.469989e+01	2.596828e+02	1.845709e+02	1814	7.766036e-01	7.000000e-01	
1.846726e+02	1815	6.944736e+01	2.745982e+02	1.846726e+02	1815	7.981449e-01	7.000000e-01	
1.847744e+02	1816	6.439124e+01	2.849870e+02	1.847744e+02	1816	8.156976e-01	7.000000e-01	
1.848761e+02	1817	6.991223e+01	2.629073e+02	1.848761e+02	1817	7.899395e-01	7.000000e-01	
1.849779e+02	1818	7.746801e+01	2.575948e+02	1.849779e+02	1818	7.687956e-01	7.000000e-01	
1.850796e+02	1819	7.023285e+01	2.621478e+02	1.850796e+02	1819	7.886975e-01	7.000000e-01	
1.851814e+02	1820	7.594868e+01	2.682708e+02	1.851814e+02	1820	7.793597e-01	7.000000e-01	
1.852831e+02	1821	7.937014e+01	2.415746e+02	1.852831e+02	1821	7.526984e-01	7.000000e-01	
1.853849e+02	1822	6.750802e+01	2.665861e+02	1.853849e+02	1822	7.979371e-01	7.000000e-01	
1.854866e+02	1823	7.584769e+01	2.660526e+02	1.854866e+02	1823	7.781585e-01	7.000000e-01	
1.855884e+02	1824	7.153370e+01	2.611768e+02	1.855884e+02	1824	7.849972e-01	7.000000e-01	
1.856901e+02	1825	7.188497e+01	3.001665e+02	1.856901e+02	1825	8.067876e-01	7.000000e-01	
1.857918e+02	1826	8.324296e+01	2.880634e+02	1.857918e+02	1826	7.758106e-01	7.000000e-01	
1.858936e+02	1827	7.433514e+01	2.993836e+02	1.858936e+02	1827	8.010934e-01	7.000000e-01	
1.859953e+02	1828	7.137544e+01	2.717741e+02	1.859953e+02	1828	7.919990e-01	7.000000e-01	
1.860971e+02	1829	7.963280e+01	3.044097e+02	1.860971e+02	1829	7.926459e-01	7.000000e-01	
1.861988e+02	1830	6.680517e+01	2.726982e+02	1.861988e+02	1830	8.032268e-01	7.000000e-01	
1.863006e+02	1831	8.234699e+01	2.814671e+02	1.863006e+02	1831	7.736564e-01	7.000000e-01	
1.864023e+02	1832	7.568747e+01	2.919967e+02	1.864023e+02	1832	7.941509e-01	7.000000e-01	
1.865041e+02	1833	8.251566e+01	2.813259e+02	1.865041e+02	1833	7.732099e-01	7.000000e-01	
1.866058e+02	1834	8.731591e+01	2.625646e+02	1.866058e+02	1834	7.504408e-01	7.000000e-01	
1.867076e+02	1835	7.141010e+01	3.319096e+02	1.867076e+02	1835	8.229442e-01	7.000000e-01	
1.868093e+02	1836	9.824324e+01	2.567877e+02	1.868093e+02	1836	7.232826e-01	7.000000e-01	
1.869111e+02	1837	9.449810e+01	2.589188e+02	1.869111e+02	1837	7.326158e-01	7.000000e-01	
1.870128e+02	1838	7.897323e+01	2.845848e+02	1.870128e+02	1838	7.827768e-01	7.000000e-01	
1.871146e+02	1839	9.298538e+01	2.805803e+02	1.871146e+02	1839	7.510869e-01	7.000000e-01	
1.872163e+02	1840	8.596571e+01	2.555204e+02	1.872163e+02	1840	7.482600e-01	7.000000e-01	
1.873181e+02	1841	9.307670e+01	2.499659e+02	1.873181e+02	1841	7.286731e-01	7.000000e-01	
1.874198e+02	1842	9.779991e+01	2.596030e+02	1.874198e+02	1842	7.263595e-01	7.000000e-01	
1.875216e+02	1843	7.678341e+01	2.608383e+02	1.875216e+02	1843	7.725756e-01	7.000000e-01	
1.876233e+02	1844	7.629100e+01	2.472318e+02	1.876233e+02	1844	7.641866e-01	7.000000e-01	
1.877251e+02	1845	8.437556e+01	2.654319e+02	1.877251e+02	1845	7.587943e-01	7.000000e-01	
1.878268e+02	1846	7.549849e+01	2.632186e+02	1.878268e+02	1846	7.771046e-01	7.000000e-01	
1.879286e+02	1847	8.727597e+01	2.295867e+02	1.879286e+02	1847	7.245622e-01	7.000000e-01	
1.880303e+02	1848	8.533198e+01	2.516101e+02	1.880303e+02	1848	7.467459e-01	7.000000e-01	
1.881321e+02	1849	9.369659e+01	2.581780e+02	1.881321e+02	1849	7.337216e-01	7.000000e-01	
1.882338e+02	1850	7.025223e+01	2.839244e+02	1.882338e+02	1850	8.016463e-01	7.000000e-01	
1.883355e+02	1851	8.237483e+01	2.349903e+02	1.883355e+02	1851	7.404415e-01	7.000000e-01	
1.884373e+02	1852	8.216970e+01	2.531673e+02	1.884373e+02	1852	7.549638e-01	7.000000e-01	
1.885390e+02	1853	1.032997e+02	2.391043e+02	1.885390e+02	1853	6.983105e-01	7.000000e-01	
1.886408e+02	1854	8.573206e+01	2.667585e+02	1.886408e+02	1854	7.567820e-01	7.000000e-01	
1.887425e+02	1855	1.024016e+02	2.736999e+02	1.887425e+02	1855	7.277288e-01	7.000000e-01	
1.888443e+02	1856	7.361625e+01	1.679290e+02	1.888443e+02	1856	6.952279e-01	7.000000e-01	
1.889460e+02	1857	1.110669e+02	1.830880e+02	1.889460e+02	1857	6.224204e-01	7.000000e-01	
1.890478e+02	1858	8.232043e+01	2.609907e+02	1.890478e+02	1858	7.602163e-01	7.000000e-01	
1.891495e+02	1859	7.821701e+01	2.916187e+02	1.891495e+02	1859	7.885088e-01	7.000000e-01	
1.892513e+02	1860	8.481012e+01	2.581835e+02	1.892513e+02	1860	7.527356e-01	7.000000e-01	
1.893530e+02	1861	1.109468e+02	2.568439e+02	1.893530e+02	1861	6.983426e-01	7.000000e-01	
1.894548e+02	1862	9.353762e+01	2.459372e+02	1.894548e+02	1862	7.244637e-01	7.000000e-01	
1.895565e+02	1863	9.215336e+01	2.546812e+02	1.895565e+02	1863	7.343017e-01	7.000000e-01	
1.896583e+02	1864	1.004180e+02	2.739098e+02	1.896583e+02	1864	7.317378e-01	7.000000e-01	
1.897600e+02	1865	7.429367e+01	2.927826e+02	1.897600e+02	1865	7.976070e-01	7.000000e-01	
1.898618e+02	1866	8.934334e+01	2.632983e+02	1.898618e+02	1866	7.466455e-01	7.000000e-01	
1.899635e+02	1867	8.458998e+01	2.507604e+02	1.899635e+02	1867	7.477564e-01	7.000000e-01	
1.900653e+02	1868	6.608572e+01	2.804572e+02	1.900653e+02	1868	8.093000e-01	7.000000e-01	
1.901670e+02	1869	6.892115e+01	2.882910e+02	1.901670e+02	1869	8.070582e-01	7.000000e-01	
1.902688e+02	1870	8.305118e+01	2.701117e+02	1.902688e+02	1870	7.648360e-01	7.000000e-01	
1.903705e+02	1871	6.953206e+01	3.061493e+02	1.903705e+02	1871	8.149175e-01	7.000000e-01	
1.904723e+02	1872	7.432701e+01	3.031503e+02	1.904723e+02	1872	8.030954e-01	7.000000e-01	
1.905740e+02	1873	7.231148e+01	3.200951e+02	1.905740e+02	1873	8.157231e-01	7.000000e-01	
1.906758e+02	1874	6.382350e+01	3.128673e+02	1.906758e+02	1874	8.305679e-01	7.000000e-01	
1.907775e+02	1875	7.200315e+01	3.021716e+02	1.907775e+02	1875	8.075681e-01	7.000000e-01	
1.908792e+02	1876	7.234867e+01	3.085805e+02	1.908792e+02	1876	8.100732e-01	7.000000e-01	
1.909810e+02	1877	7.830311e+01	3.009036e+02	1.909810e+02	1877	7.935081e-01	7.000000e-01	
1.910827e+02	1878	6.835376e+01	2.911890e+02	1.910827e+02	1878	8.098870e-01	7.000000e-01	
1.911845e+02	1879	7.033467e+01	3.311415e+02	1.911845e+02	1879	8.248099e-01	7.000000e-01	
1.912862e+02	1880	7.595355e+01	3.062911e+02	1.912862e+02	1880	8.012960e-01	7.000000e-01	
1.913880e+02	1881	4.674616e+01	2.774997e+02	1.913880e+02	1881	8.558311e-01	7.000000e-01	
1.914897e+02	1882	7.433391e+01	2.707737e+02	1.914897e+02	1882	7.846066e-01	7.000000e-01	
1.915915e+02	1883	7.601261e+01	2.706863e+02	1.915915e+02	1883	7.807532e-01	7.000000e-01	
1.916932e+02	1884	6.909041e+01	2.744450e+02	1.916932e+02	1884	7.988842e-01	7.000000e-01	
1.917950e+02	1885	8.027119e+01	2.602618e+02	1.917950e+02	1885	7.642778e-01	7.000000e-01	
1.918967e+02	1886	7.551945e+01	2.715456e+02	1.918967e+02	1886	7.824055e-01	7.000000e-01	
1.919985e+02	1887	6.971419e+01	2.831568e+02	1.919985e+02	1887	8.024372e-01	7.000000e-01	
1.921002e+02	1888	8.208308e+01	2.523392e+02	1.921002e+02	1888	7.545526e-01	7.000000e-01	
1.922020e+02	1889	6.319287e+01	2.648093e+02	1.922020e+02	1889	8.073401e-01	7.000000e-01	
1.923037e+02	1890	6.315286e+01	2.844476e+02	1.923037e+02	1890	8.183177e-01	7.000000e-01	
1.924055e+02	1891	8.764024e+01	2.875657e+02	1.924055e+02	1891	7.664210e-01	7.000000e-01	
1.925072e+02	1892	7.330725e+01	2.717182e+02	1.925072e+02	1892	7.875309e-01	7.000000e-01	
1.926090e+02	1893	5.102107e+01	2.972036e+02	1.926090e+02	1893	8.534823e-01	7.000000e-01	
1.927107e+02	1894	7.072601e+01	2.962678e+02	1.927107e+02	1894	8.072828e-01	7.000000e-01	
1.928125e+02	1895	6.011667e+01	2.807702e+02	1.928125e+02	1895	8.236463e-01	7.000000e-01	
1.929142e+02	1896	6.974830e+01	2.809898e+02	1.929142e+02	1896	8.011385e-01	7.000000e-01	
1.930160e+02	1897	5.967368e+01	2.673849e+02	1.930160e+02	1897	8.175444e-01	7.000000e-01	
1.931177e+02	1898	6.084327e+01	2.867880e+02	1.931177e+02	1898	8.249776e-01	7.000000e-01	
1.932195e+02	1899	8.298143e+01	2.988668e+02	1.932195e+02	1899	7.826848e-01	7.000000e-01	
1.933212e+02	1900	5.647809e+01	2.830614e+02	1.933212e+02	1900	8.336627e-01	7.000000e-01	
1.934229e+02	1901	8.207790e+01	3.075061e+02	1.934229e+02	1901	7.893191e-01	7.000000e-01	
1.935247e+02	1902	5.310747e+01	2.721418e+02	1.935247e+02	1902	8.367176e-01	7.000000e-01	
1.936264e+02	1903	1.003367e+02	3.200166e+02	1.936264e+02	1903	7.613039e-01	7.000000e-01	
1.937282e+02	1904	9.606049e+01	3.063253e+02	1.937282e+02	1904	7.612727e-01	7.000000e-01	
1.938299e+02	1905	1.069073e+02	2.895874e+02	1.938299e+02	1905	7.303689e-01	7.000000e-01	
1.939317e+02	1906	7.859614e+01	2.965658e+02	1.939317e+02	1906	7.905008e-01	7.000000e-01	
1.940334e+02	1907	1.102894e+02	3.106068e+02	1.940334e+02	1907	7.379653e-01	7.000000e-01	
1.941352e+02	1908	8.640571e+01	3.153182e+02	1.941352e+02	1908	7.849127e-01	7.000000e-01	
1.942369e+02	1909	7.684182e+01	3.555430e+02	1.942369e+02	1909	8.222837e-01	7.000000e-01	
1.943387e+02	1910	6.030909e+01	3.181331e+02	1.943387e+02	1910	8.406386e-01	7.000000e-01	
1.944404e+02	1911	9.924064e+01	2.478782e+02	1.944404e+02	1911	7.141018e-01	7.000000e-01	
1.945422e+02	1912	6.148526e+01	3.206959e+02	1.945422e+02	1912	8.391201e-01	7.000000e-01	
1.946439e+02	1913	5.544726e+01	3.247832e+02	1.946439e+02	1913	8.541746e-01	7.000000e-01	
1.947457e+02	1914	6.405181e+01	3.062489e+02	1.947457e+02	1914	8.270276e-01	7.000000e-01	
1.948474e+02	1915	6.370751e+01	3.177145e+02	1.948474e+02	1915	8.329737e-01	7.000000e-01	
1.949492e+02	1916	6.116833e+01	2.932611e+02	1.949492e+02	1916	8.274175e-01	7.000000e-01	
1.950509e+02	1917	7.441707e+01	3.139885e+02	1.950509e+02	1917	8.084037e-01	7.000000e-01	
1.951527e+02	1918	5.249702e+01	3.133493e+02	1.951527e+02	1918	8.565053e-01	7.000000e-01	
1.952544e+02	1919	4.407939e+01	3.321679e+02	1.952544e+02	1919	8.828446e-01	7.000000e-01	
1.953562e+02	1920	5.595842e+01	2.787584e+02	1.953562e+02	1920	8.328186e-01	7.000000e-01	
1.954579e+02	1921	6.669676e+01	2.658189e+02	1.954579e+02	1921	7.994177e-01	7.000000e-01	
1.955597e+02	1922	6.468230e+01	2.790798e+02	1.955597e+02	1922	8.118399e-01	7.000000e-01	
1.956614e+02	1923	5.887158e+01	2.908801e+02	1.956614e+02	1923	8.316761e-01	7.000000e-01	
1.957632e+02	1924	4.618361e+01	2.910838e+02	1.957632e+02	1924	8.630653e-01	7.000000e-01	
1.958649e+02	1925	6.172147e+01	2.874241e+02	1.958649e+02	1925	8.232214e-01	7.000000e-01	
1.959666e+02	1926	7.200815e+01	2.852052e+02	1.959666e+02	1926	7.984170e-01	7.000000e-01	
1.960684e+02	1927	4.980233e+01	2.838637e+02	1.960684e+02	1927	8.507420e-01	7.000000e-01	
1.961701e+02	1928	6.720269e+01	2.882021e+02	1.961701e+02	1928	8.109123e-01	7.000000e-01	
1.962719e+02	1929	4.914701e+01	3.003902e+02	1.962719e+02	1929	8.593941e-01	7.000000e-01	
1.963736e+02	1930	4.472664e+01	3.025488e+02	1.963736e+02	1930	8.712070e-01	7.000000e-01	
1.964754e+02	1931	5.899391e+01	2.915323e+02	1.964754e+02	1931	8.316990e-01	7.000000e-01	
1.965771e+02	1932	6.507106e+01	2.768914e+02	1.965771e+02	1932	8.097129e-01	7.000000e-01	
1.966789e+02	1933	7.254600e+01	2.563568e+02	1.966789e+02	1933	7.794303e-01	7.000000e-01	
1.967806e+02	1934	5.689499e+01	2.843034e+02	1.967806e+02	1934	8.332495e-01	7.000000e-01	
1.968824e+02	1935	7.275081e+01	3.279005e+02	1.968824e+02	1935	8.184186e-01	7.000000e-01	
1.969841e+02	1936	6.298477e+01	3.483653e+02	1.969841e+02	1936	8.468828e-01	7.000000e-01	
1.970859e+02	1937	7.209580e+01	3.421328e+02	1.970859e+02	1937	8.259517e-01	7.000000e-01	
1.971876e+02	1938	6.324535e+01	3.561254e+02	1.971876e+02	1938	8.491899e-01	7.000000e-01	
1.972894e+02	1939	8.079505e+01	2.868452e+02	1.972894e+02	1939	7.802334e-01	7.000000e-01	
1.973911e+02	1940	7.629398e+01	2.882742e+02	1.973911e+02	1940	7.907278e-01	7.000000e-01	
1.974929e+02	1941	7.482797e+01	2.776151e+02	1.974929e+02	1941	7.876878e-01	7.000000e-01	
1.975946e+02	1942	7.646723e+01	2.479601e+02	1.975946e+02	1942	7.643009e-01	7.000000e-01	
1.976964e+02	1943	7.588881e+01	2.794743e+02	1.976964e+02	1943	7.864471e-01	7.000000e-01	
1.977981e+02	1944	8.667103e+01	2.992833e+02	1.977981e+02	1944	7.754371e-01	7.000000e-01	
1.978999e+02	1945	7.943520e+01	2.949774e+02	1.978999e+02	1945	7.878405e-01	7.000000e-01	
1.980016e+02	1946	8.186306e+01	2.684846e+02	1.980016e+02	1946	7.663376e-01	7.000000e-01	
1.981034e+02	1947	7.449620e+01	2.526417e+02	1.981034e+02	1947	7.722789e-01	7.000000e-01	
1.982051e+02	1948	8.250310e+01	2.552675e+02	1.982051e+02	1948	7.557422e-01	7.000000e-01	
1.983069e+02	1949	9.287455e+01	3.063727e+02	1.983069e+02	1949	7.673759e-01	7.000000e-01	
1.984086e+02	1950	7.686579e+01	2.950904e+02	1.984086e+02	1950	7.933472e-01	7.000000e-01	
1.985103e+02	1951	7.920320e+01	2.922199e+02	1.985103e+02	1951	7.867575e-01	7.000000e-01	
1.986121e+02	1952	8.274334e+01	2.821324e+02	1.986121e+02	1952	7.732287e-01	7.000000e-01	
1.987138e+02	1953	8.153386e+01	2.946901e+02	1.987138e+02	1953	7.832837e-01	7.000000e-01	
1.988156e+02	1954	8.135234e+01	3.062046e+02	1.988156e+02	1954	7.900893e-01	7.000000e-01	
1.989173e+02	1955	9.387450e+01	3.104448e+02	1.989173e+02	1955	7.678209e-01	7.000000e-01	
1.990191e+02	1956	9.893930e+01	3.185113e+02	1.990191e+02	1956	7.629916e-01	7.000000e-01	
1.991208e+02	1957	9.351801e+01	3.118606e+02	1.991208e+02	1957	7.693070e-01	7.000000e-01	
1.992226e+02	1958	9.475459e+01	3.112006e+02	1.992226e+02	1958	7.665885e-01	7.000000e-01	
1.993243e+02	1959	8.577808e+01	2.999900e+02	1.993243e+02	1959	7.776434e-01	7.000000e-01	
1.994261e+02	1960	7.154737e+01	3.341545e+02	1.994261e+02	1960	8.236455e-01	7.000000e-01	
1.995278e+02	1961	7.696320e+01	3.018534e+02	1.995278e+02	1961	7.968326e-01	7.000000e-01	
1.996296e+02	1962	7.420897e+01	3.284924e+02	1.996296e+02	1962	8.157221e-01	7.000000e-01	
1.997313e+02	1963	7.188295e+01	3.072136e+02	1.997313e+02	1963	8.103835e-01	7.000000e-01	
1.998331e+02	1964	3.686668e+01	3.400608e+02	1.998331e+02	1964	9.021916e-01	7.000000e-01	
1.999348e+02	1965	7.298387e+01	3.222030e+02	1.999348e+02	1965	8.153181e-01	7.000000e-01	
2.000366e+02	1966	7.837383e+01	2.720319e+02	2.000366e+02	1966	7.763341e-01	7.000000e-01	
2.001383e+02	1967	8.452702e+01	2.865699e+02	2.001383e+02	1967	7.722239e-01	7.000000e-01	
2.002401e+02	1968	7.081185e+01	3.232050e+02	2.002401e+02	1968	8.202822e-01	7.000000e-01	
2.003418e+02	1969	8.370719e+01	2.718071e+02	2.003418e+02	1969	7.645462e-01	7.000000e-01	
2.004436e+02	1970	7.833220e+01	3.133504e+02	2.004436e+02	1970	8.000110e-01	7.000000e-01	
2.005453e+02	1971	9.011847e+01	2.811113e+02	2.005453e+02	1971	7.572434e-01	7.000000e-01	
2.006471e+02	1972	7.284684e+01	2.778132e+02	2.006471e+02	1972	7.922579e-01	7.000000e-01	
2.007488e+02	1973	6.728341e+01	2.751255e+02	2.007488e+02	1973	8.034998e-01	7.000000e-01	
2.008506e+02	1974	7.650213e+01	2.679900e+02	2.008506e+02	1974	7.779278e-01	7.000000e-01	
2.009523e+02	1975	7.713213e+01	2.680422e+02	2.009523e+02	1975	7.765415e-01	7.000000e-01	
2.010540e+02	1976	7.652798e+01	2.680895e+02	2.010540e+02	1976	7.779336e-01	7.000000e-01	
2.011558e+02	1977	5.913190e+01	2.983058e+02	2.011558e+02	1977	8.345673e-01	7.000000e-01	
2.012575e+02	1978	5.920148e+01	2.998120e+02	2.012575e+02	1978	8.350996e-01	7.000000e-01	
2.013593e+02	1979	8.506018e+01	2.858963e+02	2.013593e+02	1979	7.707004e-01	7.000000e-01	
2.014610e+02	1980	7.832706e+01	2.784556e+02	2.014610e+02	1980	7.804628e-01	7.000000e-01	
2.015628e+02	1981	8.766920e+01	2.806086e+02	2.015628e+02	1981	7.619482e-01	7.000000e-01	
2.016645e+02	1982	9.006629e+01	3.094464e+02	2.016645e+02	1982	7.745596e-01	7.000000e-01	
2.017663e+02	1983	6.936030e+01	2.768192e+02	2.017663e+02	1983	7.996406e-01	7.000000e-01	
2.018680e+02	1984	7.478579e+01	2.813031e+02	2.018680e+02	1984	7.899800e-01	7.000000e-01	
2.019698e+02	1985	9.659453e+01	3.350137e+02	2.019698e+02	1985	7.761986e-01	7.000000e-01	
2.020715e+02	1986	8.026281e+01	2.805182e+02	2.020715e+02	1986	7.775304e-01	7.000000e-01	
2.021733e+02	1987	6.281586e+01	3.034580e+02	2.021733e+02	1987	8.285003e-01	7.000000e-01	
2.022750e+02	1988	6.726439e+01	3.019414e+02	2.022750e+02	1988	8.178133e-01	7.000000e-01	
2.023768e+02	1989	7.578734e+01	3.060344e+02	2.023768e+02	1989	8.015112e-01	7.000000e-01	
2.024785e+02	1990	6.990568e+01	3.138852e+02	2.024785e+02	1990	8.178548e-01	7.000000e-01	
2.025803e+02	1991	7.406195e+01	3.200335e+02	2.025803e+02	1991	8.120710e-01	7.000000e-01	
2.026820e+02	1992	6.281245e+01	3.033596e+02	2.026820e+02	1992	8.284619e-01	7.000000e-01	
2.027838e+02	1993	8.407704e+01	3.035617e+02	2.027838e+02	1993	7.831047e-01	7.000000e-01	
2.028855e+02	1994	7.846160e+01	2.866630e+02	2.028855e+02	1994	7.851101e-01	7.000000e-01	
2.029873e+02	1995	6.960365e+01	3.022693e+02	2.029873e+02	1995	8.128295e-01	7.000000e-01	
2.030890e+02	1996	7.201459e+01	3.041724e+02	2.030890e+02	1996	8.085670e-01	7.000000e-01	
2.031908e+02	1997	7.041407e+01	3.095456e+02	2.031908e+02	1997	8.146801e-01	7.000000e-01	
2.032925e+02	1998	7.063896e+01	2.573035e+02	2.032925e+02	1998	7.845995e-01	7.000000e-01	
2.033943e+02	1999	6.632744e+01	3.159808e+02	2.033943e+02	1999	8.265080e-01	7.000000e-01	
2.034960e+02	2000	8.337458e+01	3.030618e+02	2.034960e+02	2000	7.842476e-01	7.000000e-01	
2.035977e+02	2001	7.178855e+01	2.588272e+02	2.035977e+02	2001	7.828641e-01	7.000000e-01	
2.036995e+02	2002	7.394651e+01	3.206706e+02	2.036995e+02	2002	8.126120e-01	7.000000e-01	
2.038012e+02	2003	6.770920e+01	3.252112e+02	2.038012e+02	2003	8.276771e-01	7.000000e-01	
2.039030e+02	2004	7.578190e+01	2.863009e+02	2.039030e+02	2004	7.907056e-01	7.000000e-01	
2.040047e+02	2005	6.353190e+01	3.361428e+02	2.040047e+02	2005	8.410410e-01	7.000000e-01	
2.041065e+02	2006	6.545608e+01	2.951631e+02	2.041065e+02	2006	8.184897e-01	7.000000e-01	
2.042082e+02	2007	6.547579e+01	2.988837e+02	2.042082e+02	2007	8.202989e-01	7.000000e-01	
2.043100e+02	2008	6.758823e+01	3.498123e+02	2.043100e+02	2008	8.380734e-01	7.000000e-01	
2.044117e+02	2009	7.159227e+01	2.981285e+02	2.044117e+02	2009	8.063612e-01	7.000000e-01	
2.045135e+02	2010	6.326428e+01	3.090748e+02	2.045135e+02	2010	8.300896e-01	7.000000e-01	
2.046152e+02	2011	7.426064e+01	3.187596e+02	2.046152e+02	2011	8.110514e-01	7.000000e-01	
2.047170e+02	2012	7.260045e+01	2.946188e+02	2.047170e+02	2012	8.022967e-01	7.000000e-01	
2.048187e+02	2013	6.106350e+01	2.987848e+02	2.048187e+02	2013	8.303077e-01	7.000000e-01	
2.049205e+02	2014	8.420386e+01	2.780634e+02	2.049205e+02	2014	7.675643e-01	7.000000e-01	
2.050222e+02	2015	8.302588e+01	2.839606e+02	2.050222e+02	2015	7.737631e-01	7.000000e-01	
2.051240e+02	2016	8.458982e+01	2.802891e+02	2.051240e+02	2016	7.681702e-01	7.000000e-01	
2.052257e+02	2017	8.166285e+01	2.998539e+02	2.052257e+02	2017	7.859521e-01	7.000000e-01	
2.053275e+02	2018	8.443268e+01	2.837437e+02	2.053275e+02	2018	7.706733e-01	7.000000e-01	
2.054292e+02	2019	9.884153e+01	3.011170e+02	2.054292e+02	2019	7.528706e-01	7.000000e-01	
2.055310e+02	2020	8.271730e+01	3.050993e+02	2.055310e+02	2020	7.867103e-01	7.000000e-01	
2.056327e+02	2021	7.543150e+01	2.745921e+02	2.056327e+02	2021	7.844960e-01	7.000000e-01	
2.057345e+02	2022	8.058108e+01	2.873310e+02	2.057345e+02	2022	7.809773e-01	7.000000e-01	
2.058362e+02	2023	8.238275e+01	2.785826e+02	2.058362e+02	2023	7.717710e-01	7.000000e-01	
2.059380e+02	2024	8.251703e+01	3.055678e+02	2.059380e+02	2024	7.873737e-01	7.000000e-01	
2.060397e+02	2025	7.815712e+01	3.072512e+02	2.060397e+02	2025	7.972096e-01	7.000000e-01	
2.061414e+02	2026	7.375731e+01	3.010482e+02	2.061414e+02	2026	8.032118e-01	7.000000e-01	
2.062432e+02	2027	8.404904e+01	2.832585e+02	2.062432e+02	2027	7.711753e-01	7.000000e-01	
2.063449e+02	2028	7.583946e+01	3.052711e+02	2.063449e+02	2028	8.010040e-01	7.000000e-01	
2.064467e+02	2029	8.086484e+01	3.032432e+02	2.064467e+02	2029	7.894737e-01	7.000000e-01	
2.065484e+02	2030	8.233525e+01	2.797806e+02	2.065484e+02	2030	7.726273e-01	7.000000e-01	
2.066502e+02	2031	6.436909e+01	2.845254e+02	2.066502e+02	2031	8.155056e-01	7.000000e-01	
2.067519e+02	2032	8.567430e+01	3.257323e+02	2.067519e+02	2032	7.917527e-01	7.000000e-01	
2.068537e+02	2033	6.086277e+01	2.480807e+02	2.068537e+02	2033	8.029971e-01	7.000000e-01	
2.069554e+02	2034	6.347312e+01	2.557274e+02	2.069554e+02	2034	8.011497e-01	7.000000e-01	
2.070572e+02	2035	5.495680e+01	2.562419e+02	2.070572e+02	2035	8.234029e-01	7.000000e-01	
2.071589e+02	2036	5.674988e+01	2.501084e+02	2.071589e+02	2036	8.150616e-01	7.000000e-01	
2.072607e+02	2037	7.489547e+01	2.508295e+02	2.072607e+02	2037	7.700653e-01	7.000000e-01	
2.073624e+02	2038	5.619081e+01	2.506228e+02	2.073624e+02	2038	8.168569e-01	7.000000e-01	
2.074642e+02	2039	6.324878e+01	2.572426e+02	2.074642e+02	2039	8.026506e-01	7.000000e-01	
2.075659e+02	2040	5.199014e+01	2.510447e+02	2.075659e+02	2040	8.284351e-01	7.000000e-01	
2.076677e+02	2041	6.426284e+01	2.754535e+02	2.076677e+02	2041	8.108338e-01	7.000000e-01	
2.077694e+02	2042	7.251641e+01	2.952102e+02	2.077694e+02	2042	8.027980e-01	7.000000e-01	
2.078712e+02	2043	7.355480e+01	2.813697e+02	2.078712e+02	2043	7.927593e-01	7.000000e-01	
2.079729e+02	2044	6.512936e+01	2.672661e+02	2.079729e+02	2044	8.040606e-01	7.000000e-01	
2.080747e+02	2045	5.648922e+01	2.556742e+02	2.080747e+02	2045	8.190396e-01	7.000000e-01	
2.081764e+02	2046	6.462801e+01	3.235548e+02	2.081764e+02	2046	8.335114e-01	7.000000e-01	
2.082782e+02	2047	6.634352e+01	2.692111e+02	2.082782e+02	2047	8.022870e-01	7.000000e-01	
2.083799e+02	2048	6.451771e+01	3.067216e+02	2.083799e+02	2048	8.262099e-01	7.000000e-01	
2.084817e+02	2049	7.415097e+01	2.862143e+02	2.084817e+02	2049	7.942339e-01	7.000000e-01	
2.085834e+02	2050	6.792072e+01	2.954575e+02	2.085834e+02	2050	8.130853e-01	7.000000e-01	
2.086851e+02	2051	7.650293e+01	3.012982e+02	2.086851e+02	2051	7.975048e-01	7.000000e-01	
2.087869e+02	2052	7.684604e+01	3.236871e+02	2.087869e+02	2052	8.081406e-01	7.000000e-01	
2.088886e+02	2053	7.190419e+01	2.983960e+02	2.088886e+02	2053	8.058219e-01	7.000000e-01	
2.089904e+02	2054	5.621130e+01	2.353873e+02	2.089904e+02	2054	8.072306e-01	7.000000e-01	
2.090921e+02	2055	6.792474e+01	2.810889e+02	2.090921e+02	2055	8.053808e-01	7.000000e-01	
2.091939e+02	2056	6.465781e+01	2.915762e+02	2.091939e+02	2056	8.184962e-01	7.000000e-01	
2.092956e+02	2057	7.344158e+01	3.047700e+02	2.092956e+02	2057	8.058188e-01	7.000000e-01	
2.093974e+02	2058	6.598553e+01	3.176233e+02	2.093974e+02	2058	8.279875e-01	7.000000e-01	
2.094991e+02	2059	7.609173e+01	2.519156e+02	2.094991e+02	2059	7.680182e-01	7.000000e-01	
2.096009e+02	2060	7.376952e+01	2.586624e+02	2.096009e+02	2060	7.780913e-01	7.000000e-01	
2.097026e+02	2061	7.555208e+01	2.671781e+02	2.097026e+02	2061	7.795581e-01	7.000000e-01	
2.098044e+02	2062	7.186288e+01	2.959568e+02	2.098044e+02	2062	8.046247e-01	7.000000e-01	
2.099061e+02	2063	6.807789e+01	2.861057e+02	2.099061e+02	2063	8.077893e-01	7.000000e-01	
2.100079e+02	2064	5.038782e+01	3.018277e+02	2.100079e+02	2064	8.569404e-01	7.000000e-01	
2.101096e+02	2065	7.203244e+01	2.684354e+02	2.101096e+02	2065	7.884310e-01	7.000000e-01	
2.102114e+02	2066	6.973137e+01	2.579792e+02	2.102114e+02	2066	7.872166e-01	7.000000e-01	
2.103131e+02	2067	8.992248e+01	2.653207e+02	2.103131e+02	2067	7.468706e-01	7.000000e-01	
2.104149e+02	2068	7.168451e+01	2.695172e+02	2.104149e+02	2068	7.899058e-01	7.000000e-01	
2.105166e+02	2069	9.725874e+01	2.722958e+02	2.105166e+02	2069	7.368217e-01	7.000000e-01	
2.106184e+02	2070	7.385211e+01	2.754288e+02	2.106184e+02	2070	7.885596e-01	7.000000e-01	
2.107201e+02	2071	6.697017e+01	2.507358e+02	2.107201e+02	2071	7.892071e-01	7.000000e-01	
2.108219e+02	2072	9.426697e+01	2.670559e+02	2.108219e+02	2072	7.391060e-01	7.000000e-01	
2.109236e+02	2073	7.458121e+01	2.478433e+02	2.109236e+02	2073	7.686863e-01	7.000000e-01	
2.110254e+02	2074	4.838460e+01	2.220607e+02	2.110254e+02	2074	8.210928e-01	7.000000e-01	
2.111271e+02	2075	6.921138e+01	2.419413e+02	2.111271e+02	2075	7.775646e-01	7.000000e-01	
2.112288e+02	2076	4.529667e+01	2.040195e+02	2.112288e+02	2076	8.183164e-01	7.000000e-01	
2.113306e+02	2077	9.504006e+01	2.639511e+02	2.113306e+02	2077	7.352579e-01	7.000000e-01	
2.114323e+02	2078	6.386058e+01	2.398222e+02	2.114323e+02	2078	7.897129e-01	7.000000e-01	
2.115341e+02	2079	7.814567e+01	2.966505e+02	2.115341e+02	2079	7.914982e-01	7.000000e-01	
2.116358e+02	2080	9.636631e+01	2.864735e+02	2.116358e+02	2080	7.482856e-01	7.000000e-01	
2.117376e+02	2081	9.489307e+01	2.978126e+02	2.117376e+02	2081	7.583608e-01	7.000000e-01	
2.118393e+02	2082	7.638419e+01	2.922569e+02	2.118393e+02	2082	7.927952e-01	7.000000e-01	
2.119411e+02	2083	8.337272e+01	2.948336e+02	2.119411e+02	2083	7.795576e-01	7.000000e-01	
2.120428e+02	2084	6.824169e+01	2.918755e+02	2.120428e+02	2084	8.105014e-01	7.000000e-01	
2.121446e+02	2085	9.302961e+01	2.892397e+02	2.121446e+02	2085	7.566386e-01	7.000000e-01	
2.122463e+02	2086	6.734750e+01	2.842627e+02	2.122463e+02	2086	8.084598e-01	7.000000e-01	
2.123481e+02	2087	7.471591e+01	3.067281e+02	2.123481e+02	2087	8.041235e-01	7.000000e-01	
2.124498e+02	2088	9.185589e+01	2.884304e+02	2.124498e+02	2088	7.584560e-01	7.000000e-01	
2.125516e+02	2089	6.414142e+01	2.881579e+02	2.125516e+02	2089	8.179349e-01	7.000000e-01	
2.126533e+02	2090	8.890719e+01	2.858207e+02	2.126533e+02	2090	7.627420e-01	7.000000e-01	
2.127551e+02	2091	9.268541e+01	2.804226e+02	2.127551e+02	2091	7.515856e-01	7.000000e-01	
2.128568e+02	2092	9.017937e+01	2.894780e+02	2.128568e+02	2092	7.624717e-01	7.000000e-01	
2.129586e+02	2093	7.531557e+01	2.938019e+02	2.129586e+02	2093	7.959577e-01	7.000000e-01	
2.130603e+02	2094	7.003803e+01	2.871202e+02	2.130603e+02	2094	8.039020e-01	7.000000e-01	
2.131621e+02	2095	6.838529e+01	2.904993e+02	2.131621e+02	2095	8.094505e-01	7.000000e-01	
2.132638e+02	2096	6.409273e+01	3.068048e+02	2.132638e+02	2096	8.271956e-01	7.000000e-01	
2.133656e+02	2097	8.333144e+01	2.816377e+02	2.133656e+02	2097	7.716754e-01	7.000000e-01	
2.134673e+02	2098	7.158652e+01	2.766021e+02	2.134673e+02	2098	7.944030e-01	7.000000e-01	
2.135691e+02	2099	6.061294e+01	3.151654e+02	2.135691e+02	2099	8.387003e-01	7.000000e-01	
2.136708e+02	2100	7.337517e+01	2.761886e+02	2.136708e+02	2100	7.900950e-01	7.000000e-01	
2.137725e+02	2101	7.950561e+01	2.882243e+02	2.137725e+02	2101	7.837935e-01	7.000000e-01	
2.138743e+02	2102	7.589457e+01	2.834727e+02	2.138743e+02	2102	7.888106e-01	7.000000e-01	
2.139760e+02	2103	7.613857e+01	2.804353e+02	2.139760e+02	2103	7.864718e-01	7.000000e-01	
2.140778e+02	2104	8.155724e+01	2.846783e+02	2.140778e+02	2104	7.773093e-01	7.000000e-01	
2.141795e+02	2105	6.609151e+01	2.836869e+02	2.141795e+02	2105	8.110475e-01	7.000000e-01	
2.142813e+02	2106	6.413311e+01	2.827165e+02	2.142813e+02	2106	8.150982e-01	7.000000e-01	
2.143830e+02	2107	6.043516e+01	2.591660e+02	2.143830e+02	2107	8.109044e-01	7.000000e-01	
2.144848e+02	2108	7.257858e+01	2.881212e+02	2.144848e+02	2108	7.987840e-01	7.000000e-01	
2.145865e+02	2109	1.011569e+02	2.858868e+02	2.145865e+02	2109	7.386422e-01	7.000000e-01	
2.146883e+02	2110	6.531901e+01	2.823040e+02	2.146883e+02	2110	8.120981e-01	7.000000e-01	
2.147900e+02	2111	7.302664e+01	2.907665e+02	2.147900e+02	2111	7.992633e-01	7.000000e-01	
2.148918e+02	2112	7.192484e+01	2.559273e+02	2.148918e+02	2112	7.806181e-01	7.000000e-01	
2.149935e+02	2113	7.898353e+01	2.925950e+02	2.149935e+02	2113	7.874379e-01	7.000000e-01	
2.150953e+02	2114	6.147403e+01	3.077673e+02	2.150953e+02	2114	8.335126e-01	7.000000e-01	
2.151970e+02	2115	5.560026e+01	2.895328e+02	2.151970e+02	2115	8.389020e-01	7.000000e-01	
2.152988e+02	2116	7.445127e+01	2.839068e+02	2.152988e+02	2116	7.922434e-01	7.000000e-01	
2.154005e+02	2117	6.177098e+01	2.790188e+02	2.154005e+02	2117	8.187417e-01	7.000000e-01	
2.155023e+02	2118	6.032364e+01	2.748719e+02	2.155023e+02	2118	8.200345e-01	7.000000e-01	
2.156040e+02	2119	6.934476e+01	3.145337e+02	2.156040e+02	2119	8.193575e-01	7.000000e-01	
2.157058e+02	2120	5.417198e+01	2.847968e+02	2.157058e+02	2120	8.401859e-01	7.000000e-01	
2.158075e+02	2121	6.833584e+01	2.930979e+02	2.158075e+02	2121	8.109312e-01	7.000000e-01	
2.159093e+02	2122	5.284859e+01	2.874659e+02	2.159093e+02	2122	8.447066e-01	7.000000e-01	
2.160110e+02	2123	7.367619e+01	3.031832e+02	2.160110e+02	2123	8.044995e-01	7.000000e-01	
2.161128e+02	2124	6.032711e+01	2.873999e+02	2.161128e+02	2124	8.265101e-01	7.000000e-01	
2.162145e+02	2125	7.916287e+01	3.158425e+02	2.162145e+02	2125	7.995904e-01	7.000000e-01	
2.163162e+02	2126	9.293385e+01	2.993755e+02	2.163162e+02	2126	7.631108e-01	7.000000e-01	
2.164180e+02	2127	7.420506e+01	3.345814e+02	2.164180e+02	2127	8.184748e-01	7.000000e-01	
2.165197e+02	2128	1.196962e+02	3.298710e+02	2.165197e+02	2128	7.337524e-01	7.000000e-01	
2.166215e+02	2129	7.235561e+01	3.258352e+02	2.166215e+02	2129	8.182891e-01	7.000000e-01	
2.167232e+02	2130	8.559463e+01	3.282377e+02	2.167232e+02	2130	7.931659e-01	7.000000e-01	
2.168250e+02	2131	8.917079e+01	3.012929e+02	2.168250e+02	2131	7.716285e-01	7.000000e-01	
2.169267e+02	2132	7.470237e+01	2.648677e+02	2.169267e+02	2132	7.800090e-01	7.000000e-01	
2.170285e+02	2133	6.476984e+01	2.749451e+02	2.170285e+02	2133	8.093406e-01	7.000000e-01	
2.171302e+02	2134	8.192052e+01	3.005489e+02	2.171302e+02	2134	7.858116e-01	7.000000e-01	
2.172320e+02	2135	7.837481e+01	2.965235e+02	2.172320e+02	2135	7.909438e-01	7.000000e-01	
2.173337e+02	2136	7.989525e+01	2.897907e+02	2.173337e+02	2136	7.838835e-01	7.000000e-01	
2.174355e+02	2137	1.002666e+02	2.365425e+02	2.174355e+02	2137	7.023044e-01	7.000000e-01	
2.175372e+02	2138	8.776178e+01	2.687338e+02	2.175372e+02	2138	7.538208e-01	7.000000e-01	
2.176390e+02	2139	7.444622e+01	2.835495e+02	2.176390e+02	2139	7.920472e-01	7.000000e-01	
2.177407e+02	2140	8.012517e+01	2.737010e+02	2.177407e+02	2140	7.735465e-01	7.000000e-01	
2.178425e+02	2141	8.729539e+01	2.733092e+02	2.178425e+02	2141	7.579194e-01	7.000000e-01	
2.179442e+02	2142	7.419712e+01	2.900593e+02	2.179442e+02	2142	7.963053e-01	7.000000e-01	
2.180460e+02	2143	7.679841e+01	3.161062e+02	2.180460e+02	2143	8.045368e-01	7.000000e-01	
2.181477e+02	2144	6.459830e+01	2.689758e+02	2.181477e+02	2144	8.063450e-01	7.000000e-01	
2.182495e+02	2145	9.626095e+01	2.812473e+02	2.182495e+02	2145	7.450097e-01	7.000000e-01	
2.183512e+02	2146	9.510126e+01	2.213701e+02	2.183512e+02	2146	6.994949e-01	7.000000e-01	
2.184530e+02	2147	8.749629e+01	2.627342e+02	2.184530e+02	2147	7.501751e-01	7.000000e-01	
2.185547e+02	2148	1.130033e+02	3.061285e+02	2.185547e+02	2148	7.303872e-01	7.000000e-01	
2.186565e+02	2149	1.157639e+02	2.992984e+02	2.186565e+02	2149	7.210927e-01	7.000000e-01	
2.187582e+02	2150	1.108184e+02	3.298074e+02	2.187582e+02	2150	7.484977e-01	7.000000e-01	
2.188599e+02	2151	1.298293e+02	3.374065e+02	2.188599e+02	2151	7.221332e-01	7.000000e-01	
2.189617e+02	2152	1.078352e+02	3.437430e+02	2.189617e+02	2152	7.612037e-01	7.000000e-01	
2.190634e+02	2153	9.975536e+01	3.253011e+02	2.190634e+02	2153	7.653127e-01	7.000000e-01	
2.191652e+02	2154	8.161519e+01	2.956285e+02	2.191652e+02	2154	7.836539e-01	7.000000e-01	
2.192669e+02	2155	1.000658e+02	3.126935e+02	2.192669e+02	2155	7.575686e-01	7.000000e-01	
2.193687e+02	2156	8.214091e+01	3.022095e+02	2.193687e+02	2156	7.862864e-01	7.000000e-01	
2.194704e+02	2157	9.102123e+01	3.008595e+02	2.194704e+02	2157	7.677323e-01	7.000000e-01	
2.195722e+02	2158	9.252885e+01	2.838657e+02	2.195722e+02	2158	7.541706e-01	7.000000e-01	
2.196739e+02	2159	7.987246e+01	2.841556e+02	2.196739e+02	2159	7.805871e-01	7.000000e-01	
2.197757e+02	2160	9.725085e+01	2.894503e+02	2.197757e+02	2160	7.485116e-01	7.000000e-01	
2.198774e+02	2161	7.522946e+01	2.913533e+02	2.198774e+02	2161	7.947818e-01	7.000000e-01	
2.199792e+02	2162	7.691518e+01	2.788109e+02	2.199792e+02	2162	7.837798e-01	7.000000e-01	
2.200809e+02	2163	8.010665e+01	2.803902e+02	2.200809e+02	2163	7.777882e-01	7.000000e-01	
2.201827e+02	2164	8.422919e+01	3.020273e+02	2.201827e+02	2164	7.819346e-01	7.000000e-01	
2.202844e+02	2165	6.919555e+01	2.882441e+02	2.202844e+02	2165	8.064133e-01	7.000000e-01	
2.203862e+02	2166	8.488282e+01	2.863809e+02	2.203862e+02	2166	7.713679e-01	7.000000e-01	
2.204879e+02	2167	7.669539e+01	2.659835e+02	2.204879e+02	2167	7.761888e-01	7.000000e-01	
2.205897e+02	2168	9.044872e+01	2.537040e+02	2.205897e+02	2168	7.371844e-01	7.000000e-01	
2.206914e+02	2169	8.978503e+01	3.042352e+02	2.206914e+02	2169	7.721309e-01	7.000000e-01	
2.207932e+02	2170	9.787898e+01	2.778115e+02	2.207932e+02	2170	7.394691e-01	7.000000e-01	
2.208949e+02	2171	7.623634e+01	2.938166e+02	2.208949e+02	2171	7.939853e-01	7.000000e-01	
2.209967e+02	2172	8.094283e+01	2.937486e+02	2.209967e+02	2172	7.839747e-01	7.000000e-01	
2.210984e+02	2173	8.191938e+01	2.849025e+02	2.210984e+02	2173	7.766780e-01	7.000000e-01	
2.212002e+02	2174	7.937959e+01	2.991943e+02	2.212002e+02	2174	7.903194e-01	7.000000e-01	
2.213019e+02	2175	6.819903e+01	2.937435e+02	2.213019e+02	2175	8.115750e-01	7.000000e-01	
2.214036e+02	2176	7.638363e+01	3.025631e+02	2.214036e+02	2176	7.984317e-01	7.000000e-01	
2.215054e+02	2177	6.381103e+01	2.878664e+02	2.215054e+02	2177	8.185524e-01	7.000000e-01	
2.216071e+02	2178	7.000124e+01	2.935169e+02	2.216071e+02	2178	8.074340e-01	7.000000e-01	
2.217089e+02	2179	5.499755e+01	2.930304e+02	2.217089e+02	2179	8.419738e-01	7.000000e-01	
2.218106e+02	2180	5.297619e+01	2.765883e+02	2.218106e+02	2180	8.392539e-01	7.000000e-01	
2.219124e+02	2181	7.663276e+01	3.011048e+02	2.219124e+02	2181	7.971270e-01	7.000000e-01	
2.220141e+02	2182	5.977733e+01	2.911721e+02	2.220141e+02	2182	8.296697e-01	7.000000e-01	
2.221159e+02	2183	7.217546e+01	2.885379e+02	2.221159e+02	2183	7.999091e-01	7.000000e-01	
2.222176e+02	2184	5.721570e+01	2.687979e+02	2.222176e+02	2184	8.244990e-01	7.000000e-01	
2.223194e+02	2185	6.047369e+01	2.461057e+02	2.223194e+02	2185	8.027470e-01	7.000000e-01	
2.224211e+02	2186	7.303359e+01	2.674820e+02	2.224211e+02	2186	7.855206e-01	7.000000e-01	
2.225229e+02	2187	5.417685e+01	2.781515e+02	2.225229e+02	2187	8.369779e-01	7.000000e-01	
2.226246e+02	2188	8.575828e+01	2.769071e+02	2.226246e+02	2188	7.635333e-01	7.000000e-01	
2.227264e+02	2189	5.281153e+01	2.695120e+02	2.227264e+02	2189	8.361537e-01	7.000000e-01	
2.228281e+02	2190	5.398922e+01	2.673513e+02	2.228281e+02	2190	8.319875e-01	7.000000e-01	
2.229299e+02	2191	1.007940e+02	2.436288e+02	2.229299e+02	2191	7.073539e-01	7.000000e-01	
2.230316e+02	2192	8.406791e+01	2.723402e+02	2.230316e+02	2192	7.641246e-01	7.000000e-01	
2.231334e+02	2193	7.882810e+01	2.850322e+02	2.231334e+02	2193	7.833561e-01	7.000000e-01	
2.232351e+02	2194	8.611496e+01	2.834480e+02	2.232351e+02	2194	7.669816e-01	7.000000e-01	
2.233369e+02	2195	7.592339e+01	2.680800e+02	2.233369e+02	2195	7.792946e-01	7.000000e-01	
2.234386e+02	2196	9.642699e+01	2.621647e+02	2.234386e+02	2196	7.310953e-01	7.000000e-01	
2.235404e+02	2197	8.842839e+01	2.299017e+02	2.235404e+02	2197	7.222117e-01	7.000000e-01	
2.236421e+02	2198	8.642657e+01	2.958247e+02	2.236421e+02	2198	7.739012e-01	7.000000e-01	
2.237439e+02	2199	8.954982e+01	2.939017e+02	2.237439e+02	2199	7.664638e-01	7.000000e-01	
2.238456e+02	2200	8.675380e+01	2.771077e+02	2.238456e+02	2200	7.615747e-01	7.000000e-01	
2.239473e+02	2201	8.709412e+01	3.084300e+02	2.239473e+02	2201	7.798007e-01	7.000000e-01	
2.240491e+02	2202	8.151341e+01	2.837356e+02	2.240491e+02	2202	7.768278e-01	7.000000e-01	
2.241508e+02	2203	7.971245e+01	3.086815e+02	2.241508e+02	2203	7.947639e-01	7.000000e-01	
2.242526e+02	2204	8.833645e+01	3.109628e+02	2.242526e+02	2204	7.787713e-01	7.000000e-01	
2.243543e+02	2205	8.811618e+01	2.996586e+02	2.243543e+02	2205	7.727645e-01	7.000000e-01	
2.244561e+02	2206	9.347272e+01	3.080581e+02	2.244561e+02	2206	7.672091e-01	7.000000e-01	
2.245578e+02	2207	1.027437e+02	3.056485e+02	2.245578e+02	2207	7.484190e-01	7.000000e-01	
2.246596e+02	2208	8.497226e+01	3.091490e+02	2.246596e+02	2208	7.844007e-01	7.000000e-01	
2.247613e+02	2209	9.937435e+01	3.177322e+02	2.247613e+02	2209	7.617531e-01	7.000000e-01	
2.248631e+02	2210	9.369379e+01	3.115102e+02	2.248631e+02	2210	7.687738e-01	7.000000e-01	
2.249648e+02	2211	8.167227e+01	3.303816e+02	2.249648e+02	2211	8.017923e-01	7.000000e-01	
2.250666e+02	2212	9.244066e+01	3.036684e+02	2.250666e+02	2212	7.666283e-01	7.000000e-01	
2.251683e+02	2213	8.479028e+01	3.232785e+02	2.251683e+02	2213	7.922157e-01	7.000000e-01	
2.252701e+02	2214	8.991665e+01	3.222529e+02	2.252701e+02	2214	7.818455e-01	7.000000e-01	
2.253718e+02	2215	4.904744e+01	3.487387e+02	2.253718e+02	2215	8.766990e-01	7.000000e-01	
2.254736e+02	2216	8.354544e+01	3.239321e+02	2.254736e+02	2216	7.949692e-01	7.000000e-01	
2.255753e+02	2217	9.083490e+01	3.227608e+02	2.255753e+02	2217	7.803776e-01	7.000000e-01	
2.256771e+02	2218	8.973567e+01	3.223646e+02	2.256771e+02	2218	7.822480e-01	7.000000e-01	
2.257788e+02	2219	7.530435e+01	3.318996e+02	2.257788e+02	2219	8.150697e-01	7.000000e-01	
2.258806e+02	2220	8.087417e+01	3.032520e+02	2.258806e+02	2220	7.894594e-01	7.000000e-01	
2.259823e+02	2221	8.178041e+01	3.172924e+02	2.259823e+02	2221	7.950740e-01	7.000000e-01	
2.260841e+02	2222	6.256513e+01	3.270410e+02	2.260841e+02	2222	8.394144e-01	7.000000e-01	
2.261858e+02	2223	6.889606e+01	3.074521e+02	2.261858e+02	2223	8.169353e-01	7.000000e-01	
2.262876e+02	2224	8.515066e+01	3.288085e+02	2.262876e+02	2224	7.943018e-01	7.000000e-01	
2.263893e+02	2225	6.255933e+01	3.270501e+02	2.263893e+02	2225	8.394307e-01	7.000000e-01	
2.264910e+02	2226	8.122124e+01	2.799694e+02	2.264910e+02	2226	7.751292e-01	7.000000e-01	
2.265928e+02	2227	8.596504e+01	2.922305e+02	2.265928e+02	2227	7.726968e-01	7.000000e-01	
2.266945e+02	2228	6.943959e+01	2.969640e+02	2.266945e+02	2228	8.104833e-01	7.000000e-01	
2.267963e+02	2229	8.464896e+01	2.786227e+02	2.267963e+02	2229	7.669817e-01	7.000000e-01	
2.268980e+02	2230	6.923237e+01	2.626403e+02	2.268980e+02	2230	7.913888e-01	7.000000e-01	
2.269998e+02	2231	8.403065e+01	2.446855e+02	2.269998e+02	2231	7.443671e-01	7.000000e-01	
2.271015e+02	2232	7.585436e+01	2.684346e+02	2.271015e+02	2232	7.796782e-01	7.000000e-01	
2.272033e+02	2233	7.650195e+01	2.722800e+02	2.272033e+02	2233	7.806597e-01	7.000000e-01	
2.273050e+02	2234	8.589242e+01	2.639735e+02	2.273050e+02	2234	7.544990e-01	7.000000e-01	
2.274068e+02	2235	7.122541e+01	2.618719e+02	2.274068e+02	2235	7.861724e-01	7.000000e-01	
2.275085e+02	2236	8.812878e+01	2.927533e+02	2.275085e+02	2236	7.686193e-01	7.000000e-01	
2.276103e+02	2237	7.433340e+01	2.446426e+02	2.276103e+02	2237	7.669624e-01	7.000000e-01	
2.277120e+02	2238	6.879971e+01	2.693039e+02	2.277120e+02	2238	7.965129e-01	7.000000e-01	
2.278138e+02	2239	7.953786e+01	2.709135e+02	2.278138e+02	2239	7.730417e-01	7.000000e-01	
2.279155e+02	2240	7.654469e+01	2.825328e+02	2.279155e+02	2240	7.868296e-01	7.000000e-01	
2.280173e+02	2241	7.052910e+01	2.557015e+02	2.280173e+02	2241	7.838060e-01	7.000000e-01	
2.281190e+02	2242	7.579124e+01	2.705117e+02	2.281190e+02	2242	7.811418e-01	7.000000e-01	
2.282208e+02	2243	7.054965e+01	2.780399e+02	2.282208e+02	2243	7.976140e-01	7.000000e-01	
2.283225e+02	2244	7.230207e+01	2.654430e+02	2.283225e+02	2244	7.859271e-01	7.000000e-01	
2.284243e+02	2245	7.456499e+01	2.650238e+02	2.284243e+02	2245	7.804256e-01	7.000000e-01	
2.285260e+02	2246	7.785268e+01	2.887780e+02	2.285260e+02	2246	7.876537e-01	7.000000e-01	
2.286278e+02	2247	7.396883e+01	2.781956e+02	2.286278e+02	2247	7.899594e-01	7.000000e-01	
2.287295e+02	2248	8.296212e+01	2.706237e+02	2.287295e+02	2248	7.653692e-01	7.000000e-01	
2.288313e+02	2249	8.937911e+01	3.085752e+02	2.288313e+02	2249	7.754036e-01	7.000000e-01	
2.289330e+02	2250	8.837315e+01	3.142239e+02	2.289330e+02	2250	7.804923e-01	7.000000e-01	
2.290347e+02	2251	7.934473e+01	2.974323e+02	2.290347e+02	2251	7.894120e-01	7.000000e-01	
2.291365e+02	2252	8.469109e+01	2.912614e+02	2.291365e+02	2252	7.747293e-01	7.000000e-01	
2.292382e+02	2253	8.233744e+01	3.111719e+02	2.292382e+02	2253	7.907612e-01	7.000000e-01	
2.293400e+02	2254	8.602799e+01	3.202349e+02	2.293400e+02	2254	7.882455e-01	7.000000e-01	
2.294417e+02	2255	9.105197e+01	2.655611e+02	2.294417e+02	2255	7.446757e-01	7.000000e-01	
2.295435e+02	2256	8.272047e+01	2.733541e+02	2.295435e+02	2256	7.676878e-01	7.000000e-01	
2.296452e+02	2257	8.470666e+01	3.040494e+02	2.296452e+02	2257	7.821085e-01	7.000000e-01	
2.297470e+02	2258	6.626695e+01	2.733376e+02	2.297470e+02	2258	8.048703e-01	7.000000e-01	
2.298487e+02	2259	8.864273e+01	2.292619e+02	2.298487e+02	2259	7.211657e-01	7.000000e-01	
2.299505e+02	2260	6.174252e+01	2.567115e+02	2.299505e+02	2260	8.061179e-01	7.000000e-01	
2.300522e+02	2261	8.141429e+01	2.686595e+02	2.300522e+02	2261	7.674368e-01	7.000000e-01	
2.301540e+02	2262	6.700578e+01	2.869459e+02	2.301540e+02	2262	8.106923e-01	7.000000e-01	
2.302557e+02	2263	8.079822e+01	2.934532e+02	2.302557e+02	2263	7.841071e-01	7.000000e-01	
2.303575e+02	2264	7.109519e+01	2.921613e+02	2.303575e+02	2264	8.042838e-01	7.000000e-01	
2.304592e+02	2265	9.377534e+01	3.304059e+02	2.304592e+02	2265	7.789262e-01	7.000000e-01	
2.305610e+02	2266	7.864369e+01	2.786642e+02	2.305610e+02	2266	7.798994e-01	7.000000e-01	
2.306627e+02	2267	7.792998e+01	2.710804e+02	2.306627e+02	2267	7.767116e-01	7.000000e-01	
2.307645e+02	2268	5.800335e+01	2.010969e+02	2.307645e+02	2268	7.761355e-01	7.000000e-01	
2.308662e+02	2269	7.235626e+01	2.451952e+02	2.308662e+02	2269	7.721432e-01	7.000000e-01	
2.309680e+02	2270	7.145038e+01	2.028337e+02	2.309680e+02	2270	7.395023e-01	7.000000e-01	
2.310697e+02	2271	6.015249e+01	2.130949e+02	2.310697e+02	2271	7.798607e-01	7.000000e-01	
2.311715e+02	2272	8.411310e+01	3.709031e+02	2.311715e+02	2272	8.151426e-01	7.000000e-01	
2.312732e+02	2273	6.837907e+01	2.944324e+02	2.312732e+02	2273	8.115300e-01	7.000000e-01	
2.313750e+02	2274	6.939239e+01	2.975015e+02	2.313750e+02	2274	8.108652e-01	7.000000e-01	
2.314767e+02	2275	8.424518e+01	3.716293e+02	2.314767e+02	2275	8.152009e-01	7.000000e-01	
2.315784e+02	2276	8.032449e+01	2.960016e+02	2.315784e+02	2276	7.865561e-01	7.000000e-01	
2.316802e+02	2277	7.977055e+01	3.084960e+02	2.316802e+02	2277	7.945469e-01	7.000000e-01	
2.317819e+02	2278	7.111940e+01	3.251559e+02	2.317819e+02	2278	8.205303e-01	7.000000e-01	
2.318837e+02	2279	7.375959e+01	3.178889e+02	2.318837e+02	2279	8.116689e-01	7.000000e-01	
2.319854e+02	2280	8.187252e+01	3.159331e+02	2.319854e+02	2280	7.941896e-01	7.000000e-01	
2.320872e+02	2281	7.976250e+01	3.209238e+02	2.320872e+02	2281	8.009353e-01	7.000000e-01	
2.321889e+02	2282	8.858089e+01	3.169363e+02	2.321889e+02	2282	7.815607e-01	7.000000e-01	
2.322907e+02	2283	8.239000e+01	3.337528e+02	2.322907e+02	2283	8.020151e-01	7.000000e-01	
2.323924e+02	2284	8.488250e+01	3.298816e+02	2.323924e+02	2284	7.953475e-01	7.000000e-01	
2.324942e+02	2285	8.357623e+01	3.075682e+02	2.324942e+02	2285	7.863290e-01	7.000000e-01	
2.325959e+02	2286	8.405997e+01	3.986761e+02	2.325959e+02	2286	8.258676e-01	7.000000e-01	
2.326977e+02	2287	7.027983e+01	3.743556e+02	2.326977e+02	2287	8.419383e-01	7.000000e-01	
2.327994e+02	2288	8.505400e+01	3.700520e+02	2.327994e+02	2288	8.131117e-01	7.000000e-01	
2.329012e+02	2289	7.667773e+01	3.066780e+02	2.329012e+02	2289	7.999828e-01	7.000000e-01	
2.330029e+02	2290	7.865537e+01	3.486379e+02	2.330029e+02	2290	8.159218e-01	7.000000e-01	
2.331047e+02	2291	7.103129e+01	2.934370e+02	2.331047e+02	2291	8.051098e-01	7.000000e-01	
2.332064e+02	2292	9.879663e+01	2.705995e+02	2.332064e+02	2292	7.325456e-01	7.000000e-01	
2.333082e+02	2293	7.535048e+01	2.958971e+02	2.333082e+02	2293	7.970344e-01	7.000000e-01	
2.334099e+02	2294	7.928488e+01	2.700950e+02	2.334099e+02	2294	7.730697e-01	7.000000e-01	
2.335117e+02	2295	7.628698e+01	2.880112e+02	2.335117e+02	2295	7.905919e-01	7.000000e-01	
2.336134e+02	2296	7.832458e+01	2.583048e+02	2.336134e+02	2296	7.673270e-01	7.000000e-01	
2.337152e+02	2297	7.742630e+01	2.699746e+02	2.337152e+02	2297	7.771269e-01	7.000000e-01	
2.338169e+02	2298	6.578575e+01	2.097381e+02	2.338169e+02	2298	7.612339e-01	7.000000e-01	
2.339187e+02	2299	7.482867e+01	2.682075e+02	2.339187e+02	2299	7.818636e-01	7.000000e-01	
2.340204e+02	2300	7.757549e+01	2.679503e+02	2.340204e+02	2300	7.754857e-01	7.000000e-01	
2.341221e+02	2301	8.273471e+01	2.703622e+02	2.341221e+02	2301	7.656884e-01	7.000000e-01	
2.342239e+02	2302	7.062427e+01	2.703317e+02	2.342239e+02	2302	7.928640e-01	7.000000e-01	
2.343256e+02	2303	7.861288e+01	2.513690e+02	2.343256e+02	2303	7.617661e-01	7.000000e-01	
2.344274e+02	2304	7.621250e+01	2.713498e+02	2.344274e+02	2304	7.807228e-01	7.000000e-01	
2.345291e+02	2305	6.808732e+01	3.025307e+02	2.345291e+02	2305	8.162871e-01	7.000000e-01	
2.346309e+02	2306	6.340808e+01	2.945159e+02	2.346309e+02	2306	8.228448e-01	7.000000e-01	
2.347326e+02	2307	7.881313e+01	2.837358e+02	2.347326e+02	2307	7.826138e-01	7.000000e-01	
2.348344e+02	2308	6.928254e+01	2.904395e+02	2.348344e+02	2308	8.073998e-01	7.000000e-01	
2.349361e+02	2309	6.403639e+01	2.873559e+02	2.349361e+02	2309	8.177638e-01	7.000000e-01	
2.350379e+02	2310	7.611555e+01	3.216308e+02	2.350379e+02	2310	8.086329e-01	7.000000e-01	
2.351396e+02	2311	7.763323e+01	2.643244e+02	2.351396e+02	2311	7.729741e-01	7.000000e-01	
2.352414e+02	2312	6.867974e+01	2.785019e+02	2.352414e+02	2312	8.021792e-01	7.000000e-01	
2.353431e+02	2313	6.682109e+01	2.972007e+02	2.353431e+02	2313	8.164366e-01	7.000000e-01	
2.354449e+02	2314	6.924594e+01	2.822943e+02	2.354449e+02	2314	8.030213e-01	7.000000e-01	
2.355466e+02	2315	6.291112e+01	2.870595e+02	2.355466e+02	2315	8.202389e-01	7.000000e-01	
2.356484e+02	2316	8.507035e+01	2.954857e+02	2.356484e+02	2316	7.764578e-01	7.000000e-01	
2.357501e+02	2317	7.011335e+01	2.902203e+02	2.357501e+02	2317	8.054210e-01	7.000000e-01	
2.358519e+02	2318	6.799276e+01	2.957716e+02	2.358519e+02	2318	8.130857e-01	7.000000e-01	
2.359536e+02	2319	6.553397e+01	2.730425e+02	2.359536e+02	2319	8.064426e-01	7.000000e-01	
2.360554e+02	2320	9.582612e+01	2.822087e+02	2.360554e+02	2320	7.465151e-01	7.000000e-01	
2.361571e+02	2321	8.952198e+01	2.887290e+02	2.361571e+02	2321	7.633265e-01	7.000000e-01	
2.362589e+02	2322	7.872910e+01	2.803852e+02	2.362589e+02	2322	7.807687e-01	7.000000e-01	
2.363606e+02	2323	8.710367e+01	2.730540e+02	2.363606e+02	2323	7.581513e-01	7.000000e-01	
2.364624e+02	2324	9.167393e+01	2.753608e+02	2.364624e+02	2324	7.502309e-01	7.000000e-01	
2.365641e+02	2325	9.287520e+01	2.839486e+02	2.365641e+02	2325	7.535315e-01	7.000000e-01	
2.366658e+02	2326	9.656382e+01	2.791696e+02	2.366658e+02	2326	7.429991e-01	7.000000e-01	
2.367676e+02	2327	9.111178e+01	2.886681e+02	2.367676e+02	2327	7.600932e-01	7.000000e-01	
2.368693e+02	2328	8.818453e+01	2.839601e+02	2.368693e+02	2328	7.630369e-01	7.000000e-01	
2.369711e+02	2329	9.722217e+01	2.746742e+02	2.369711e+02	2329	7.385773e-01	7.000000e-01	
2.370728e+02	2330	7.880301e+01	2.808047e+02	2.370728e+02	2330	7.808640e-01	7.000000e-01	
2.371746e+02	2331	9.765533e+01	2.764341e+02	2.371746e+02	2331	7.389519e-01	7.000000e-01	
2.372763e+02	2332	9.670874e+01	2.669434e+02	2.372763e+02	2332	7.340625e-01	7.000000e-01	
2.373781e+02	2333	9.266138e+01	3.039073e+02	2.373781e+02	2333	7.663422e-01	7.000000e-01	
2.374798e+02	2334	9.695855e+01	2.698081e+02	2.374798e+02	2334	7.356397e-01	7.000000e-01	
2.375816e+02	2335	8.752263e+01	2.788763e+02	2.375816e+02	2335	7.611275e-01	7.000000e-01	
2.376833e+02	2336	1.003452e+02	3.186772e+02	2.376833e+02	2336	7.605255e-01	7.000000e-01	
2.377851e+02	2337	9.666256e+01	2.890996e+02	2.377851e+02	2337	7.494245e-01	7.000000e-01	
2.378868e+02	2338	7.751240e+01	2.692262e+02	2.378868e+02	2338	7.764529e-01	7.000000e-01	
2.379886e+02	2339	6.757690e+01	2.675689e+02	2.379886e+02	2339	7.983657e-01	7.000000e-01	
2.380903e+02	2340	7.509656e+01	2.541068e+02	2.380903e+02	2340	7.718840e-01	7.000000e-01	
2.381921e+02	2341	7.803184e+01	2.625862e+02	2.381921e+02	2341	7.709110e-01	7.000000e-01	
2.382938e+02	2342	6.358445e+01	2.853453e+02	2.382938e+02	2342	8.177729e-01	7.000000e-01	
2.383956e+02	2343	6.830851e+01	2.838072e+02	2.383956e+02	2343	8.060055e-01	7.000000e-01	
2.384973e+02	2344	8.270473e+01	2.715750e+02	2.384973e+02	2344	7.665553e-01	7.000000e-01	
2.385991e+02	2345	6.733871e+01	2.506588e+02	2.385991e+02	2345	7.882414e-01	7.000000e-01	
2.387008e+02	2346	7.988283e+01	2.600031e+02	2.387008e+02	2346	7.649716e-01	7.000000e-01	
2.388026e+02	2347	6.856734e+01	2.676997e+02	2.388026e+02	2347	7.960926e-01	7.000000e-01	
2.389043e+02	2348	6.730582e+01	2.572525e+02	2.389043e+02	2348	7.926233e-01	7.000000e-01	
2.390061e+02	2349	6.823598e+01	2.698590e+02	2.390061e+02	2349	7.981751e-01	7.000000e-01	
2.391078e+02	2350	7.629040e+01	2.797347e+02	2.391078e+02	2350	7.857162e-01	7.000000e-01	
2.392095e+02	2351	5.812333e+01	3.097239e+02	2.392095e+02	2351	8.419906e-01	7.000000e-01	
2.393113e+02	2352	5.394466e+01	2.888728e+02	2.393113e+02	2352	8.426432e-01	7.000000e-01	
2.394130e+02	2353	7.151168e+01	3.086644e+02	2.394130e+02	2353	8.118985e-01	7.000000e-01	
2.395148e+02	2354	5.949469e+01	2.916017e+02	2.395148e+02	2354	8.305460e-01	7.000000e-01	
2.396165e+02	2355	6.647384e+01	3.069107e+02	2.396165e+02	2355	8.219695e-01	7.000000e-01	
2.397183e+02	2356	5.566991e+01	2.888884e+02	2.397183e+02	2356	8.384311e-01	7.000000e-01	
2.398200e+02	2357	5.145456e+01	2.840919e+02	2.398200e+02	2357	8.466544e-01	7.000000e-01	
2.399218e+02	2358	7.765400e+01	2.860683e+02	2.399218e+02	2358	7.865020e-01	7.000000e-01	
2.400235e+02	2359	5.227295e+01	2.881467e+02	2.400235e+02	2359	8.464456e-01	7.000000e-01	
2.401253e+02	2360	6.296894e+01	3.162216e+02	2.401253e+02	2360	8.339385e-01	7.000000e-01	
2.402270e+02	2361	7.761423e+01	2.865936e+02	2.402270e+02	2361	7.868958e-01	7.000000e-01	
2.403288e+02	2362	7.065592e+01	2.882404e+02	2.403288e+02	2362	8.031300e-01	7.000000e-01	
2.404305e+02	2363	7.478624e+01	2.944187e+02	2.404305e+02	2363	7.974398e-01	7.000000e-01	
2.405323e+02	2364	8.570937e+01	2.682892e+02	2.405323e+02	2364	7.578822e-01	7.000000e-01	
2.406340e+02	2365	8.699571e+01	2.707226e+02	2.406340e+02	2365	7.568039e-01	7.000000e-01	
2.407358e+02	2366	7.407006e+01	2.875514e+02	2.407358e+02	2366	7.951724e-01	7.000000e-01	
2.408375e+02	2367	8.312073e+01	2.516644e+02	2.408375e+02	2367	7.517192e-01	7.000000e-01	
2.409393e+02	2368	1.010640e+02	2.310099e+02	2.409393e+02	2368	6.956581e-01	7.000000e-01	
2.410410e+02	2369	9.134212e+01	2.700796e+02	2.410410e+02	2369	7.472700e-01	7.000000e-01	
2.411428e+02	2370	8.090950e+01	2.249839e+02	2.411428e+02	2370	7.354977e-01	7.000000e-01	
2.412445e+02	2371	7.763817e+01	2.399891e+02	2.412445e+02	2371	7.555683e-01	7.000000e-01	
2.413463e+02	2372	8.965108e+01	2.622021e+02	2.413463e+02	2372	7.452032e-01	7.000000e-01	
2.414480e+02	2373	8.163261e+01	2.275462e+02	2.414480e+02	2373	7.359696e-01	7.000000e-01	
2.415498e+02	2374	5.748244e+01	2.907958e+02	2.415498e+02	2374	8.349525e-01	7.000000e-01	
2.416515e+02	2375	7.245176e+01	2.726267e+02	2.416515e+02	2375	7.900426e-01	7.000000e-01	
2.417532e+02	2376	5.685248e+01	2.725033e+02	2.417532e+02	2376	8.273828e-01	7.000000e-01	
2.418550e+02	2377	6.894334e+01	2.506126e+02	2.418550e+02	2377	7.842527e-01	7.000000e-01	
2.419567e+02	2378	5.399659e+01	2.950387e+02	2.419567e+02	2378	8.452976e-01	7.000000e-01	
2.420585e+02	2379	5.987026e+01	3.028241e+02	2.420585e+02	2379	8.349292e-01	7.000000e-01	
2.421602e+02	2380	6.862265e+01	2.973970e+02	2.421602e+02	2380	8.125165e-01	7.000000e-01	
2.422620e+02	2381	5.731677e+01	2.909800e+02	2.422620e+02	2381	8.354370e-01	7.000000e-01	
2.423637e+02	2382	6.236943e+01	2.996908e+02	2.423637e+02	2382	8.277374e-01	7.000000e-01	
2.424655e+02	2383	6.652871e+01	2.876001e+02	2.424655e+02	2383	8.121341e-01	7.000000e-01	
2.425672e+02	2384	6.520288e+01	3.054062e+02	2.425672e+02	2384	8.240656e-01	7.000000e-01	
2.426690e+02	2385	7.072636e+01	2.690755e+02	2.426690e+02	2385	7.918600e-01	7.000000e-01	
2.427707e+02	2386	6.144421e+01	3.175276e+02	2.427707e+02	2386	8.378660e-01	7.000000e-01	
2.428725e+02	2387	7.379349e+01	2.728097e+02	2.428725e+02	2387	7.870952e-01	7.000000e-01	
2.429742e+02	2388	8.149541e+01	2.622979e+02	2.429742e+02	2388	7.629523e-01	7.000000e-01	
2.430760e+02	2389	6.199995e+01	2.580978e+02	2.430760e+02	2389	8.063093e-01	7.000000e-01	
2.431777e+02	2390	6.500250e+01	2.923303e+02	2.431777e+02	2390	8.180897e-01	7.000000e-01	
2.432795e+02	2391	7.292550e+01	2.916744e+02	2.432795e+02	2391	7.999849e-01	7.000000e-01	
2.433812e+02	2392	7.630590e+01	2.873833e+02	2.433812e+02	2392	7.901893e-01	7.000000e-01	
2.434830e+02	2393	8.827085e+01	2.746634e+02	2.434830e+02	2393	7.567856e-01	7.000000e-01	
2.435847e+02	2394	7.578229e+01	2.773874e+02	2.435847e+02	2394	7.854224e-01	7.000000e-01	
2.436865e+02	2395	9.277453e+01	3.143230e+02	2.436865e+02	2395	7.721074e-01	7.000000e-01	
2.437882e+02	2396	1.020204e+02	3.181070e+02	2.437882e+02	2396	7.571679e-01	7.000000e-01	
2.438900e+02	2397	9.177976e+01	3.067698e+02	2.438900e+02	2397	7.697156e-01	7.000000e-01	
2.439917e+02	2398	9.757903e+01	3.240249e+02	2.439917e+02	2398	7.685528e-01	7.000000e-01	
2.440935e+02	2399	1.096383e+02	3.126900e+02	2.440935e+02	2399	7.403956e-01	7.000000e-01	
2.441952e+02	2400	8.283741e+01	2.882444e+02	2.441952e+02	2400	7.767678e-01	7.000000e-01	
2.442969e+02	2401	5.953867e+01	2.935523e+02	2.442969e+02	2401	8.313787e-01	7.000000e-01	
2.443987e+02	2402	8.706313e+01	2.923881e+02	2.443987e+02	2402	7.705552e-01	7.000000e-01	
2.445004e+02	2403	9.752260e+01	3.091012e+02	2.445004e+02	2403	7.601650e-01	7.000000e-01	
2.446022e+02	2404	8.192018e+01	3.160159e+02	2.446022e+02	2404	7.941373e-01	7.000000e-01	
2.447039e+02	2405	5.348756e+01	2.455130e+02	2.447039e+02	2405	8.211122e-01	7.000000e-01	
2.448057e+02	2406	6.686433e+01	2.616821e+02	2.448057e+02	2406	7.964844e-01	7.000000e-01	
2.449074e+02	2407	6.917225e+01	2.976148e+02	2.449074e+02	2407	8.114103e-01	7.000000e-01	
2.450092e+02	2408	6.146034e+01	3.016646e+02	2.450092e+02	2408	8.307460e-01	7.000000e-01	
2.451109e+02	2409	7.958281e+01	2.650132e+02	2.451109e+02	2409	7.690548e-01	7.000000e-01	
2.452127e+02	2410	5.713801e+01	2.150848e+02	2.452127e+02	2410	7.901057e-01	7.000000e-01	
2.453144e+02	2411	5.192622e+01	2.913367e+02	2.453144e+02	2411	8.487276e-01	7.000000e-01	
2.454162e+02	2412	8.214141e+01	2.848218e+02	2.454162e+02	2412	7.761590e-01	7.000000e-01	
2.455179e+02	2413	5.564711e+01	2.453359e+02	2.455179e+02	2413	8.151154e-01	7.000000e-01	
2.456197e+02	2414	7.336485e+01	2.400575e+02	2.456197e+02	2414	7.659234e-01	7.000000e-01	
2.457214e+02	2415	7.334663e+01	2.705856e+02	2.457214e+02	2415	7.867410e-01	7.000000e-01	
2.458232e+02	2416	9.490079e+01	2.959180e+02	2.458232e+02	2416	7.571744e-01	7.000000e-01	
2.459249e+02	2417	5.943762e+01	2.968517e+02	2.459249e+02	2417	8.331760e-01	7.000000e-01	
2.460267e+02	2418	5.554558e+01	2.839242e+02	2.460267e+02	2418	8.363755e-01	7.000000e-01	
2.461284e+02	2419	8.291205e+01	2.757260e+02	2.461284e+02	2419	7.688141e-01	7.000000e-01	
2.462302e+02	2420	6.277271e+01	2.617604e+02	2.462302e+02	2420	8.065753e-01	7.000000e-01	
2.463319e+02	2421	5.915283e+01	2.771493e+02	2.463319e+02	2421	8.241081e-01	7.000000e-01	
2.464337e+02	2422	5.686482e+01	2.679248e+02	2.464337e+02	2422	8.249180e-01	7.000000e-01	
2.465354e+02	2423	6.020830e+01	3.314815e+02	2.465354e+02	2423	8.462858e-01	7.000000e-01	
2.466372e+02	2424	8.078933e+01	3.204239e+02	2.466372e+02	2424	7.986374e-01	7.000000e-01	
2.467389e+02	2425	5.186976e+01	3.363680e+02	2.467389e+02	2425	8.663969e-01	7.000000e-01	
2.468406e+02	2426	7.781643e+01	3.536109e+02	2.468406e+02	2426	8.196303e-01	7.000000e-01	
2.469424e+02	2427	5.496706e+01	3.520822e+02	2.469424e+02	2427	8.649621e-01	7.000000e-01	
2.470441e+02	2428	5.832330e+01	3.339264e+02	2.470441e+02	2428	8.513108e-01	7.000000e-01	
2.471459e+02	2429	9.841948e+01	2.963179e+02	2.471459e+02	2429	7.506710e-01	7.000000e-01	
2.472476e+02	2430	1.057450e+02	3.041950e+02	2.472476e+02	2430	7.420476e-01	7.000000e-01	
2.473494e+02	2431	9.531093e+01	3.002065e+02	2.473494e+02	2431	7.590222e-01	7.000000e-01	
2.474511e+02	2432	1.004713e+02	2.852131e+02	2.474511e+02	2432	7.394987e-01	7.000000e-01	
2.475529e+02	2433	8.148956e+01	3.186488e+02	2.475529e+02	2433	7.963465e-01	7.000000e-01	
2.476546e+02	2434	1.079273e+02	3.346421e+02	2.476546e+02	2434	7.561347e-01	7.000000e-01	
2.477564e+02	2435	1.088280e+02	2.958021e+02	2.477564e+02	2435	7.310432e-01	7.000000e-01	
2.478581e+02	2436	7.509827e+01	2.920667e+02	2.478581e+02	2436	7.954645e-01	7.000000e-01	
2.479599e+02	2437	7.573188e+01	2.791219e+02	2.479599e+02	2437	7.865829e-01	7.000000e-01	
2.480616e+02	2438	6.827713e+01	3.189701e+02	2.480616e+02	2438	8.236859e-01	7.000000e-01	
2.481634e+02	2439	8.785981e+01	3.094244e+02	2.481634e+02	2439	7.788490e-01	7.000000e-01	
2.482651e+02	2440	6.409204e+01	3.389474e+02	2.482651e+02	2440	8.409782e-01	7.000000e-01	
2.483669e+02	2441	4.596977e+01	3.247081e+02	2.483669e+02	2441	8.759846e-01	7.000000e-01	
2.484686e+02	2442	7.818105e+01	3.113054e+02	2.484686e+02	2442	7.992715e-01	7.000000e-01	
2.485704e+02	2443	6.738813e+01	3.154173e+02	2.485704e+02	2443	8.239625e-01	7.000000e-01	
2.486721e+02	2444	7.619970e+01	2.724569e+02	2.486721e+02	2444	7.814477e-01	7.000000e-01	
2.487739e+02	2445	6.549891e+01	3.071468e+02	2.487739e+02	2445	8.242328e-01	7.000000e-01	
2.488756e+02	2446	6.146779e+01	2.714068e+02	2.488756e+02	2446	8.153425e-01	7.000000e-01	
2.489774e+02	2447	8.473225e+01	2.188988e+02	2.489774e+02	2447	7.209368e-01	7.000000e-01	
2.490791e+02	2448	7.324161e+01	2.696377e+02	2.490791e+02	2448	7.863924e-01	7.000000e-01	
2.491809e+02	2449	7.733955e+01	2.955797e+02	2.491809e+02	2449	7.926105e-01	7.000000e-01	
2.492826e+02	2450	6.594279e+01	2.746327e+02	2.492826e+02	2450	8.063783e-01	7.000000e-01	
2.493843e+02	2451	7.141495e+01	2.979650e+02	2.493843e+02	2451	8.066626e-01	7.000000e-01	
2.494861e+02	2452	7.244777e+01	2.760095e+02	2.494861e+02	2452	7.920899e-01	7.000000e-01	
2.495878e+02	2453	8.299132e+01	2.728182e+02	2.495878e+02	2453	7.667535e-01	7.000000e-01	
2.496896e+02	2454	5.641095e+01	2.956470e+02	2.496896e+02	2454	8.397680e-01	7.000000e-01	
2.497913e+02	2455	7.438800e+01	3.170664e+02	2.497913e+02	2455	8.099702e-01	7.000000e-01	
2.498931e+02	2456	6.027483e+01	2.975660e+02	2.498931e+02	2456	8.315597e-01	7.000000e-01	
2.499948e+02	2457	5.309567e+01	2.954833e+02	2.499948e+02	2457	8.476797e-01	7.000000e-01	
2.500966e+02	2458	6.713711e+01	2.983785e+02	2.500966e+02	2458	8.163222e-01	7.000000e-01	
2.501983e+02	2459	6.932285e+01	2.976855e+02	2.501983e+02	2459	8.111137e-01	7.000000e-01	
2.503001e+02	2460	4.940562e+01	3.023399e+02	2.503001e+02	2460	8.595416e-01	7.000000e-01	
2.504018e+02	2461	6.825312e+01	2.983569e+02	2.504018e+02	2461	8.138264e-01	7.000000e-01	
2.505036e+02	2462	6.623987e+01	2.974122e+02	2.505036e+02	2462	8.178482e-01	7.000000e-01	
2.506053e+02	2463	5.697045e+01	2.954483e+02	2.506053e+02	2463	8.383444e-01	7.000000e-01	
2.507071e+02	2464	6.776879e+01	3.101320e+02	2.507071e+02	2464	8.206704e-01	7.000000e-01	
2.508088e+02	2465	7.612267e+01	2.970781e+02	2.508088e+02	2465	7.960276e-01	7.000000e-01	
2.509106e+02	2466	7.350135e+01	2.876577e+02	2.509106e+02	2466	7.964848e-01	7.000000e-01	
2.510123e+02	2467	7.400823e+01	2.831812e+02	2.510123e+02	2467	7.928040e-01	7.000000e-01	
2.511141e+02	2468	6.508659e+01	2.776122e+02	2.511141e+02	2468	8.100764e-01	7.000000e-01	
2.512158e+02	2469	8.509642e+01	2.961668e+02	2.512158e+02	2469	7.768040e-01	7.000000e-01	
2.513176e+02	2470	8.866956e+01	3.146215e+02	2.513176e+02	2470	7.801351e-01	7.000000e-01	
2.514193e+02	2471	8.091420e+01	2.943957e+02	2.514193e+02	2471	7.844070e-01	7.000000e-01	
2.515211e+02	2472	7.834448e+01	2.992194e+02	2.515211e+02	2472	7.925001e-01	7.000000e-01	
2.516228e+02	2473	5.871498e+01	3.009441e+02	2.516228e+02	2473	8.367482e-01	7.000000e-01	
2.517246e+02	2474	6.195680e+01	2.996059e+02	2.517246e+02	2474	8.286416e-01	7.000000e-01	
2.518263e+02	2475	8.219626e+01	2.967849e+02	2.518263e+02	2475	7.831125e-01	7.000000e-01	
2.519280e+02	2476	6.684640e+01	2.987554e+02	2.519280e+02	2476	8.171606e-01	7.000000e-01	
2.520298e+02	2477	6.184465e+01	3.047475e+02	2.520298e+02	2477	8.312985e-01	7.000000e-01	
2.521315e+02	2478	8.361911e+01	2.887689e+02	2.521315e+02	2478	7.754517e-01	7.000000e-01	
2.522333e+02	2479	8.008369e+01	3.067402e+02	2.522333e+02	2479	7.929712e-01	7.000000e-01	
2.523350e+02	2480	8.251822e+01	2.896632e+02	2.523350e+02	2480	7.782850e-01	7.000000e-01	
2.524368e+02	2481	6.515165e+01	2.757208e+02	2.524368e+02	2481	8.088680e-01	7.000000e-01	
2.525385e+02	2482	8.795290e+01	2.802835e+02	2.525385e+02	2482	7.611510e-01	7.000000e-01	
2.526403e+02	2483	7.329733e+01	2.997914e+02	2.526403e+02	2483	8.035391e-01	7.000000e-01	
2.527420e+02	2484	8.892965e+01	2.732997e+02	2.527420e+02	2484	7.544935e-01	7.000000e-01	
2.528438e+02	2485	9.601759e+01	2.839894e+02	2.528438e+02	2485	7.473268e-01	7.000000e-01	
2.529455e+02	2486	6.063333e+01	2.790161e+02	2.529455e+02	2486	8.214826e-01	7.000000e-01	
2.530473e+02	2487	7.263225e+01	2.779062e+02	2.530473e+02	2487	7.927981e-01	7.000000e-01	
2.531490e+02	2488	8.727083e+01	2.895253e+02	2.531490e+02	2488	7.683871e-01	7.000000e-01	
2.532508e+02	2489	7.529410e+01	2.779976e+02	2.532508e+02	2489	7.868784e-01	7.000000e-01	
2.533525e+02	2490	8.206334e+01	2.936117e+02	2.533525e+02	2490	7.815576e-01	7.000000e-01	
2.534543e+02	2491	8.462224e+01	2.663983e+02	2.534543e+02	2491	7.589251e-01	7.000000e-01	
2.535560e+02	2492	6.500463e+01	2.844743e+02	2.535560e+02	2492	8.139956e-01	7.000000e-01	
2.536578e+02	2493	7.290947e+01	2.861304e+02	2.536578e+02	2493	7.969321e-01	7.000000e-01	
2.537595e+02	2494	8.221830e+01	3.034854e+02	2.537595e+02	2494	7.868356e-01	7.000000e-01	
2.538613e+02	2495	6.081619e+01	2.974295e+02	2.538613e+02	2495	8.302389e-01	7.000000e-01	
2.539630e+02	2496	7.123596e+01	2.863404e+02	2.539630e+02	2496	8.007811e-01	7.000000e-01	
2.540648e+02	2497	7.023503e+01	3.056950e+02	2.540648e+02	2497	8.131699e-01	7.000000e-01	
2.541665e+02	2498	6.099748e+01	3.007772e+02	2.541665e+02	2498	8.313937e-01	7.000000e-01	
2.542683e+02	2499	6.147093e+01	2.915866e+02	2.542683e+02	2499	8.258898e-01	7.000000e-01	
2.543700e+02	2500	6.239923e+01	2.991613e+02	2.543700e+02	2500	8.274169e-01	7.000000e-01	
2.544717e+02	2501	7.939555e+01	2.964252e+02	2.544717e+02	2501	7.887409e-01	7.000000e-01	
2.545735e+02	2502	6.584683e+01	2.838990e+02	2.545735e+02	2502	8.117295e-01	7.000000e-01	
2.546752e+02	2503	5.944380e+01	2.947586e+02	2.546752e+02	2503	8.321756e-01	7.000000e-01	
2.547770e+02	2504	6.312025e+01	3.038383e+02	2.547770e+02	2504	8.279908e-01	7.000000e-01	
2.548787e+02	2505	5.999126e+01	2.761504e+02	2.548787e+02	2505	8.215298e-01	7.000000e-01	
2.549805e+02	2506	6.531072e+01	2.787374e+02	2.549805e+02	2506	8.101698e-01	7.000000e-01	
2.550822e+02	2507	5.754212e+01	2.735385e+02	2.550822e+02	2507	8.261991e-01	7.000000e-01	
2.551840e+02	2508	6.087751e+01	2.777025e+02	2.551840e+02	2508	8.201976e-01	7.000000e-01	
2.552857e+02	2509	6.219265e+01	2.809501e+02	2.552857e+02	2509	8.187558e-01	7.000000e-01	
2.553875e+02	2510	3.959001e+01	2.628728e+02	2.553875e+02	2510	8.691078e-01	7.000000e-01	
2.554892e+02	2511	5.651331e+01	2.692993e+02	2.554892e+02	2511	8.265466e-01	7.000000e-01	
2.555910e+02	2512	8.575623e+01	2.787573e+02	2.555910e+02	2512	7.647379e-01	7.000000e-01	
2.556927e+02	2513	9.031609e+01	2.760049e+02	2.556927e+02	2513	7.534510e-01	7.000000e-01	
2.557945e+02	2514	6.606920e+01	2.749699e+02	2.557945e+02	2514	8.062709e-01	7.000000e-01	
2.558962e+02	2515	8.375373e+01	2.829732e+02	2.558962e+02	2515	7.716183e-01	7.000000e-01	
2.559980e+02	2516	1.257853e+02	2.873403e+02	2.559980e+02	2516	6.955277e-01	7.000000e-01	
2.560997e+02	2517	7.788604e+01	2.861437e+02	2.560997e+02	2517	7.860448e-01	7.000000e-01	
2.562015e+02	2518	8.286687e+01	2.731030e+02	2.562015e+02	2518	7.672082e-01	7.000000e-01	
2.563032e+02	2519	7.554540e+01	2.681213e+02	2.563032e+02	2519	7.801783e-01	7.000000e-01	
2.564050e+02	2520	8.205851e+01	2.808692e+02	2.564050e+02	2520	7.738985e-01	7.000000e-01	
2.565067e+02	2521	8.511137e+01	2.811298e+02	2.565067e+02	2521	7.676084e-01	7.000000e-01	
2.566085e+02	2522	7.744657e+01	2.775627e+02	2.566085e+02	2522	7.818463e-01	7.000000e-01	
2.567102e+02	2523	9.223260e+01	2.235236e+02	2.567102e+02	2523	7.078993e-01	7.000000e-01	
2.568120e+02	2524	6.291513e+01	2.862173e+02	2.568120e+02	2524	8.197958e-01	7.000000e-01	
2.569137e+02	2525	5.334666e+01	3.143802e+02	2.569137e+02	2525	8.549286e-01	7.000000e-01	
2.570154e+02	2526	7.856948e+01	3.001598e+02	2.570154e+02	2526	7.925445e-01	7.000000e-01	
2.571172e+02	2527	4.532898e+01	2.913862e+02	2.571172e+02	2527	8.653789e-01	7.000000e-01	
2.572189e+02	2528	5.769034e+01	2.750881e+02	2.572189e+02	2528	8.266404e-01	7.000000e-01	
2.573207e+02	2529	8.675624e+01	3.091749e+02	2.573207e+02	2529	7.808805e-01	7.000000e-01	
2.574224e+02	2530	7.858814e+01	3.184874e+02	2.574224e+02	2530	8.020826e-01	7.000000e-01	
2.575242e+02	2531	8.097106e+01	3.114272e+02	2.575242e+02	2531	7.936508e-01	7.000000e-01	
2.576259e+02	2532	8.316782e+01	3.078136e+02	2.576259e+02	2532	7.872845e-01	7.000000e-01	
2.577277e+02	2533	7.099453e+01	3.127813e+02	2.577277e+02	2533	8.150104e-01	7.000000e-01	
2.578294e+02	2534	8.659065e+01	3.094722e+02	2.578294e+02	2534	7.813714e-01	7.000000e-01	
2.579312e+02	2535	1.169189e+02	3.040981e+02	2.579312e+02	2535	7.222941e-01	7.000000e-01	
2.580329e+02	2536	6.216023e+01	3.332438e+02	2.580329e+02	2536	8.427931e-01	7.000000e-01	
2.581347e+02	2537	7.567032e+01	3.166922e+02	2.581347e+02	2537	8.071418e-01	7.000000e-01	
2.582364e+02	2538	5.670644e+01	3.394595e+02	2.582364e+02	2538	8.568619e-01	7.000000e-01	
2.583382e+02	2539	3.995496e+01	3.503182e+02	2.583382e+02	2539	8.976231e-01	7.000000e-01	
2.584399e+02	2540	7.595777e+01	3.089731e+02	2.584399e+02	2540	8.026717e-01	7.000000e-01	
2.585417e+02	2541	7.231985e+01	2.555556e+02	2.585417e+02	2541	7.794289e-01	7.000000e-01	
2.586434e+02	2542	6.672348e+01	3.325662e+02	2.586434e+02	2542	8.328946e-01	7.000000e-01	
2.587452e+02	2543	6.656964e+01	3.207233e+02	2.587452e+02	2543	8.281155e-01	7.000000e-01	
2.588469e+02	2544	8.921859e+01	2.721679e+02	2.588469e+02	2544	7.531214e-01	7.000000e-01	
2.589487e+02	2545	7.284778e+01	2.852453e+02	2.589487e+02	2545	7.965675e-01	7.000000e-01	
2.590504e+02	2546	7.228478e+01	2.815412e+02	2.590504e+02	2546	7.957053e-01	7.000000e-01	
2.591522e+02	2547	8.756598e+01	2.689046e+02	2.591522e+02	2547	7.543529e-01	7.000000e-01	
2.592539e+02	2548	7.546589e+01	2.765325e+02	2.592539e+02	2548	7.856073e-01	7.000000e-01	
2.593557e+02	2549	5.951761e+01	2.640494e+02	2.593557e+02	2549	8.160579e-01	7.000000e-01	
2.594574e+02	2550	6.544009e+01	2.792011e+02	2.594574e+02	2550	8.101211e-01	7.000000e-01	
2.595591e+02	2551	7.420763e+01	2.595396e+02	2.595591e+02	2551	7.776532e-01	7.000000e-01	
2.596609e+02	2552	7.363278e+01	2.604577e+02	2.596609e+02	2552	7.796023e-01	7.000000e-01	
2.597626e+02	2553	5.359051e+01	2.544903e+02	2.597626e+02	2553	8.260505e-01	7.000000e-01	
2.598644e+02	2554	6.228364e+01	2.770523e+02	2.598644e+02	2554	8.164543e-01	7.000000e-01	
2.599661e+02	2555	6.894537e+01	3.017795e+02	2.599661e+02	2555	8.140255e-01	7.000000e-01	
2.600679e+02	2556	5.638237e+01	2.868957e+02	2.600679e+02	2556	8.357531e-01	7.000000e-01	
2.601696e+02	2557	4.784551e+01	2.996696e+02	2.601696e+02	2557	8.623211e-01	7.000000e-01	
2.602714e+02	2558	6.513869e+01	2.907046e+02	2.602714e+02	2558	8.169456e-01	7.000000e-01	
2.603731e+02	2559	6.094969e+01	2.625818e+02	2.603731e+02	2559	8.116113e-01	7.000000e-01	
2.604749e+02	2560	7.083943e+01	2.789215e+02	2.604749e+02	2560	7.974633e-01	7.000000e-01	
2.605766e+02	2561	7.953412e+01	2.980545e+02	2.605766e+02	2561	7.893630e-01	7.000000e-01	
2.606784e+02	2562	7.618402e+01	2.698036e+02	2.606784e+02	2562	7.798071e-01	7.000000e-01	
2.607801e+02	2563	6.208006e+01	2.787197e+02	2.607801e+02	2563	8.178401e-01	7.000000e-01	
2.608819e+02	2564	7.162144e+01	2.874605e+02	2.608819e+02	2564	8.005429e-01	7.000000e-01	
2.609836e+02	2565	7.404444e+01	2.604466e+02	2.609836e+02	2565	7.786355e-01	7.000000e-01	
2.610854e+02	2566	7.091319e+01	2.629452e+02	2.610854e+02	2566	7.875950e-01	7.000000e-01	
2.611871e+02	2567	7.305203e+01	2.993825e+02	2.611871e+02	2567	8.038527e-01	7.000000e-01	
2.612889e+02	2568	8.308706e+01	2.218536e+02	2.612889e+02	2568	7.275304e-01	7.000000e-01	
2.613906e+02	2569	9.026809e+01	2.079073e+02	2.613906e+02	2569	6.972651e-01	7.000000e-01	
2.614924e+02	2570	5.859805e+01	2.243722e+02	2.614924e+02	2570	7.929180e-01	7.000000e-01	
2.615941e+02	2571	8.584908e+01	2.261604e+02	2.615941e+02	2571	7.248511e-01	7.000000e-01	
2.616959e+02	2572	7.808051e+01	3.115303e+02	2.616959e+02	2572	7.995936e-01	7.000000e-01	
2.617976e+02	2573	6.511134e+01	3.206337e+02	2.617976e+02	2573	8.312063e-01	7.000000e-01	
2.618994e+02	2574	7.723935e+01	3.105639e+02	2.618994e+02	2574	8.008285e-01	7.000000e-01	
2.620011e+02	2575	7.845685e+01	3.058541e+02	2.620011e+02	2575	7.958506e-01	7.000000e-01	
2.621028e+02	2576	7.154158e+01	2.892142e+02	2.621028e+02	2576	8.016897e-01	7.000000e-01	
2.622046e+02	2577	8.485881e+01	2.898727e+02	2.622046e+02	2577	7.735477e-01	7.000000e-01	
2.623063e+02	2578	6.038815e+01	3.653667e+02	2.623063e+02	2578	8.581622e-01	7.000000e-01	
2.624081e+02	2579	7.567612e+01	2.889801e+02	2.624081e+02	2579	7.924727e-01	7.000000e-01	
2.625098e+02	2580	7.798333e+01	3.093638e+02	2.625098e+02	2580	7.986733e-01	7.000000e-01	
2.626116e+02	2581	7.309074e+01	2.927993e+02	2.626116e+02	2581	8.002385e-01	7.000000e-01	
2.627133e+02	2582	6.610633e+01	2.859371e+02	2.627133e+02	2582	8.122211e-01	7.000000e-01	
2.628151e+02	2583	7.036368e+01	3.004426e+02	2.628151e+02	2583	8.102414e-01	7.000000e-01	
2.629168e+02	2584	7.007203e+01	2.878974e+02	2.629168e+02	2584	8.042514e-01	7.000000e-01	
2.630186e+02	2585	7.352089e+01	3.182264e+02	2.630186e+02	2585	8.123257e-01	7.000000e-01	
2.631203e+02	2586	6.340112e+01	2.774843e+02	2.631203e+02	2586	8.140105e-01	7.000000e-01	
2.632221e+02	2587	6.900361e+01	2.846307e+02	2.632221e+02	2587	8.048730e-01	7.000000e-01	
2.633238e+02	2588	6.603999e+01	2.836508e+02	2.633238e+02	2588	8.111475e-01	7.000000e-01	
2.634256e+02	2589	6.615973e+01	2.836419e+02	2.634256e+02	2589	8.108650e-01	7.000000e-01	
2.635273e+02	2590	8.609416e+01	3.357351e+02	2.635273e+02	2590	7.959028e-01	7.000000e-01	
2.636291e+02	2591	8.782781e+01	3.004303e+02	2.636291e+02	2591	7.737901e-01	7.000000e-01	
2.637308e+02	2592	7.430104e+01	3.143318e+02	2.637308e+02	2592	8.088143e-01	7.000000e-01	
2.638326e+02	2593	8.475371e+01	3.540755e+02	2.638326e+02	2593	8.068640e-01	7.000000e-01	
2.639343e+02	2594	7.678317e+01	3.067351e+02	2.639343e+02	2594	7.997927e-01	7.000000e-01	
2.640361e+02	2595	8.380908e+01	3.390234e+02	2.640361e+02	2595	8.017913e-01	7.000000e-01	
2.641378e+02	2596	6.591114e+01	3.043094e+02	2.641378e+02	2596	8.219679e-01	7.000000e-01	
2.642396e+02	2597	6.766052e+01	3.162266e+02	2.642396e+02	2597	8.237489e-01	7.000000e-01	
2.643413e+02	2598	7.092992e+01	2.852045e+02	2.643413e+02	2598	8.008339e-01	7.000000e-01	
2.644431e+02	2599	7.069575e+01	2.927515e+02	2.644431e+02	2599	8.054855e-01	7.000000e-01	
2.645448e+02	2600	7.809058e+01	3.196685e+02	2.645448e+02	2600	8.036737e-01	7.000000e-01	
2.646465e+02	2601	6.466641e+01	2.954802e+02	2.646465e+02	2601	8.204442e-01	7.000000e-01	
2.647483e+02	2602	7.382297e+01	2.918070e+02	2.647483e+02	2602	7.980938e-01	7.000000e-01	
2.648500e+02	2603	8.363833e+01	2.771512e+02	2.648500e+02	2603	7.681797e-01	7.000000e-01	
2.649518e+02	2604	7.176811e+01	3.067564e+02	2.649518e+02	2604	8.104004e-01	7.000000e-01	
2.650535e+02	2605	7.177917e+01	2.974870e+02	2.650535e+02	2605	8.056167e-01	7.000000e-01	
2.651553e+02	2606	6.838086e+01	2.939722e+02	2.651553e+02	2606	8.112866e-01	7.000000e-01	
2.652570e+02	2607	5.484307e+01	3.134673e+02	2.652570e+02	2607	8.510955e-01	7.000000e-01	
2.653588e+02	2608	7.136502e+01	2.823908e+02	2.653588e+02	2608	7.982647e-01	7.000000e-01	
2.654605e+02	2609	6.381533e+01	3.188677e+02	2.654605e+02	2609	8.332423e-01	7.000000e-01	
2.655623e+02	2610	4.296235e+01	3.378822e+02	2.655623e+02	2610	8.871919e-01	7.000000e-01	
2.656640e+02	2611	6.990106e+01	2.983100e+02	2.656640e+02	2611	8.101603e-01	7.000000e-01	
2.657658e+02	2612	5.139167e+01	2.868938e+02	2.657658e+02	2612	8.480819e-01	7.000000e-01	
2.658675e+02	2613	5.485504e+01	2.914913e+02	2.658675e+02	2613	8.416180e-01	7.000000e-01	
2.659693e+02	2614	5.766119e+01	3.250251e+02	2.659693e+02	2614	8.493252e-01	7.000000e-01	
2.660710e+02	2615	5.742081e+01	2.923231e+02	2.660710e+02	2615	8.358204e-01	7.000000e-01	
2.661728e+02	2616	6.136569e+01	3.036577e+02	2.661728e+02	2616	8.318856e-01	7.000000e-01	
2.662745e+02	2617	5.509036e+01	3.100384e+02	2.662745e+02	2617	8.491207e-01	7.000000e-01	
2.663763e+02	2618	5.658756e+01	2.847566e+02	2.663763e+02	2618	8.342214e-01	7.000000e-01	
2.664780e+02	2619	5.519795e+01	3.019233e+02	2.664780e+02	2619	8.454364e-01	7.000000e-01	
2.665798e+02	2620	5.121479e+01	2.811082e+02	2.665798e+02	2620	8.458885e-01	7.000000e-01	
2.666815e+02	2621	6.427689e+01	2.519026e+02	2.666815e+02	2621	7.967076e-01	7.000000e-01	
2.667833e+02	2622	6.402429e+01	2.668738e+02	2.667833e+02	2622	8.065136e-01	7.000000e-01	
2.668850e+02	2623	6.502852e+01	2.692461e+02	2.668850e+02	2623	8.054638e-01	7.000000e-01	
2.669868e+02	2624	6.256836e+01	2.577295e+02	2.669868e+02	2624	8.046557e-01	7.000000e-01	
2.670885e+02	2625	6.185962e+01	2.660899e+02	2.670885e+02	2625	8.113746e-01	7.000000e-01	
2.671902e+02	2626	6.224041e+01	2.772132e+02	2.671902e+02	2626	8.166453e-01	7.000000e-01	
2.672920e+02	2627	6.523435e+01	2.584352e+02	2.672920e+02	2627	7.984539e-01	7.000000e-01	
2.673937e+02	2628	6.713373e+01	2.750737e+02	2.673937e+02	2628	8.038215e-01	7.000000e-01	
2.674955e+02	2629	8.381049e+01	3.030084e+02	2.674955e+02	2629	7.833340e-01	7.000000e-01	
2.675972e+02	2630	7.285214e+01	2.956863e+02	2.675972e+02	2630	8.023215e-01	7.000000e-01	
2.676990e+02	2631	9.327234e+01	3.207577e+02	2.676990e+02	2631	7.747208e-01	7.000000e-01	
2.678007e+02	2632	5.308130e+01	3.064245e+02	2.678007e+02	2632	8.523493e-01	7.000000e-01	
2.679025e+02	2633	6.069651e+01	2.970687e+02	2.679025e+02	2633	8.303454e-01	7.000000e-01	
2.680042e+02	2634	6.417036e+01	3.013108e+02	2.680042e+02	2634	8.244222e-01	7.000000e-01	
2.681060e+02	2635	6.080881e+01	2.713939e+02	2.681060e+02	2635	8.169527e-01	7.000000e-01	
2.682077e+02	2636	6.359914e+01	2.882882e+02	2.682077e+02	2636	8.192628e-01	7.000000e-01	
2.683095e+02	2637	6.832762e+01	3.034189e+02	2.683095e+02	2637	8.161984e-01	7.000000e-01	
2.684112e+02	2638	4.793794e+01	3.043273e+02	2.684112e+02	2638	8.639152e-01	7.000000e-01	
2.685130e+02	2639	7.211463e+01	2.770469e+02	2.685130e+02	2639	7.934634e-01	7.000000e-01	
2.686147e+02	2640	5.405199e+01	3.054320e+02	2.686147e+02	2640	8.496401e-01	7.000000e-01	
2.687165e+02	2641	6.824897e+01	2.784530e+02	2.687165e+02	2641	8.031480e-01	7.000000e-01	
2.688182e+02	2642	7.482316e+01	2.869876e+02	2.688182e+02	2642	7.931981e-01	7.000000e-01	
2.689200e+02	2643	7.507123e+01	2.806732e+02	2.689200e+02	2643	7.889743e-01	7.000000e-01	
2.690217e+02	2644	7.757684e+01	2.867468e+02	2.690217e+02	2644	7.870661e-01	7.000000e-01	
2.691235e+02	2645	8.231117e+01	2.612727e+02	2.691235e+02	2645	7.604335e-01	7.000000e-01	
2.692252e+02	2646	7.194114e+01	2.774001e+02	2.692252e+02	2646	7.940663e-01	7.000000e-01	
2.693270e+02	2647	7.631486e+01	2.779439e+02	2.693270e+02	2647	7.845788e-01	7.000000e-01	
2.694287e+02	2648	7.207920e+01	2.903360e+02	2.694287e+02	2648	8.011143e-01	7.000000e-01	
2.695305e+02	2649	8.884066e+01	2.347975e+02	2.695305e+02	2649	7.254939e-01	7.000000e-01	
2.696322e+02	2650	8.287181e+01	2.544048e+02	2.696322e+02	2650	7.542913e-01	7.000000e-01	
2.697339e+02	2651	6.794080e+01	3.029348e+02	2.697339e+02	2651	8.168097e-01	7.000000e-01	
2.698357e+02	2652	8.123575e+01	2.906220e+02	2.698357e+02	2652	7.815408e-01	7.000000e-01	
2.699374e+02	2653	6.999482e+01	2.940210e+02	2.699374e+02	2653	8.077149e-01	7.000000e-01	
2.700392e+02	2654	6.086914e+01	3.182414e+02	2.700392e+02	2654	8.394422e-01	7.000000e-01	
2.701409e+02	2655	6.772639e+01	2.943089e+02	2.701409e+02	2655	8.129288e-01	7.000000e-01	
2.702427e+02	2656	6.957423e+01	2.715574e+02	2.702427e+02	2656	7.960487e-01	7.000000e-01	
2.703444e+02	2657	5.873097e+01	2.795153e+02	2.703444e+02	2657	8.263662e-01	7.000000e-01	
2.704462e+02	2658	6.972324e+01	2.535206e+02	2.704462e+02	2658	7.843014e-01	7.000000e-01	
2.705479e+02	2659	7.786146e+01	3.157587e+02	2.705479e+02	2659	8.021914e-01	7.000000e-01	
2.706497e+02	2660	6.883450e+01	2.835212e+02	2.706497e+02	2660	8.046449e-01	7.000000e-01	
2.707514e+02	2661	7.158589e+01	2.495480e+02	2.707514e+02	2661	7.770840e-01	7.000000e-01	
2.708532e+02	2662	6.156554e+01	2.169202e+02	2.708532e+02	2662	7.789275e-01	7.000000e-01	
2.709549e+02	2663	6.711674e+01	2.425806e+02	2.709549e+02	2663	7.832828e-01	7.000000e-01	
2.710567e+02	2664	6.613066e+01	2.517498e+02	2.710567e+02	2664	7.919637e-01	7.000000e-01	
2.711584e+02	2665	7.139983e+01	2.450591e+02	2.711584e+02	2665	7.743788e-01	7.000000e-01	
2.712602e+02	2666	7.035788e+01	2.500281e+02	2.712602e+02	2666	7.803965e-01	7.000000e-01	
2.713619e+02	2667	6.317220e+01	2.579250e+02	2.713619e+02	2667	8.032614e-01	7.000000e-01	
2.714637e+02	2668	5.871913e+01	2.346009e+02	2.714637e+02	2668	7.998121e-01	7.000000e-01	
2.715654e+02	2669	7.736625e+01	2.297922e+02	2.715654e+02	2669	7.481227e-01	7.000000e-01	
2.716672e+02	2670	6.226964e+01	2.004699e+02	2.716672e+02	2670	7.629986e-01	7.000000e-01	
2.717689e+02	2671	6.189917e+01	2.224733e+02	2.717689e+02	2671	7.823307e-01	7.000000e-01	
2.718707e+02	2672	6.976007e+01	2.424869e+02	2.718707e+02	2672	7.765869e-01	7.000000e-01	
2.719724e+02	2673	7.383221e+01	2.756344e+02	2.719724e+02	2673	7.887289e-01	7.000000e-01	
2.720742e+02	2674	7.609517e+01	2.732919e+02	2.720742e+02	2674	7.822038e-01	7.000000e-01	
2.721759e+02	2675	9.084490e+01	2.797886e+02	2.721759e+02	2675	7.548929e-01	7.000000e-01	
2.722776e+02	2676	8.710293e+01	2.736017e+02	2.722776e+02	2676	7.585201e-01	7.000000e-01	
2.723794e+02	2677	6.261376e+01	2.754431e+02	2.723794e+02	2677	8.147833e-01	7.000000e-01	
2.724811e+02	2678	8.645978e+01	2.656482e+02	2.724811e+02	2678	7.544509e-01	7.000000e-01	
2.725829e+02	2679	5.323709e+01	3.006870e+02	2.725829e+02	2679	8.495805e-01	7.000000e-01	
2.726846e+02	2680	6.679291e+01	2.839737e+02	2.726846e+02	2680	8.095802e-01	7.000000e-01	
2.727864e+02	2681	5.526254e+01	2.810946e+02	2.727864e+02	2681	8.357028e-01	7.000000e-01	
2.728881e+02	2682	6.015640e+01	2.751074e+02	2.728881e+02	2682	8.205700e-01	7.000000e-01	
2.729899e+02	2683	6.361909e+01	2.849882e+02	2.729899e+02	2683	8.175050e-01	7.000000e-01	
2.730916e+02	2684	8.712086e+01	2.550528e+02	2.730916e+02	2684	7.453899e-01	7.000000e-01	
2.731934e+02	2685	6.486777e+01	2.792883e+02	2.731934e+02	2685	8.115164e-01	7.000000e-01	
2.732951e+02	2686	5.709360e+01	2.783574e+02	2.732951e+02	2686	8.298005e-01	7.000000e-01	
2.733969e+02	2687	6.581236e+01	2.821251e+02	2.733969e+02	2687	8.108500e-01	7.000000e-01	
2.734986e+02	2688	6.452295e+01	2.803017e+02	2.734986e+02	2688	8.128819e-01	7.000000e-01	
2.736004e+02	2689	6.339086e+01	2.761072e+02	2.736004e+02	2689	8.132806e-01	7.000000e-01	
2.737021e+02	2690	3.673677e+01	2.849794e+02	2.737021e+02	2690	8.858100e-01	7.000000e-01	
2.738039e+02	2691	5.753386e+01	2.576443e+02	2.738039e+02	2691	8.174561e-01	7.000000e-01	
2.739056e+02	2692	6.516365e+01	2.702088e+02	2.739056e+02	2692	8.056977e-01	7.000000e-01	
2.740074e+02	2693	6.106092e+01	2.655997e+02	2.740074e+02	2693	8.130754e-01	7.000000e-01	
2.741091e+02	2694	6.955360e+01	2.801144e+02	2.741091e+02	2694	8.010867e-01	7.000000e-01	
2.742109e+02	2695	6.496335e+01	2.832385e+02	2.742109e+02	2695	8.134319e-01	7.000000e-01	
2.743126e+02	2696	8.741297e+01	2.731089e+02	2.743126e+02	2696	7.575377e-01	7.000000e-01	
2.744144e+02	2697	6.502136e+01	2.702532e+02	2.744144e+02	2697	8.060653e-01	7.000000e-01	
2.745161e+02	2698	8.556780e+01	2.726721e+02	2.745161e+02	2698	7.611439e-01	7.000000e-01	
2.746179e+02	2699	7.847955e+01	2.772970e+02	2.746179e+02	2699	7.794134e-01	7.000000e-01	
2.747196e+02	2700	8.056440e+01	2.619387e+02	2.747196e+02	2700	7.647776e-01	7.000000e-01	
2.748213e+02	2701	9.851003e+01	2.628978e+02	2.748213e+02	2701	7.274270e-01	7.000000e-01	
2.749231e+02	2702	7.367368e+01	2.735256e+02	2.749231e+02	2702	7.878058e-01	7.000000e-01	
2.750248e+02	2703	7.619913e+01	2.807108e+02	2.750248e+02	2703	7.865032e-01	7.000000e-01	
2.751266e+02	2704	7.576130e+01	2.742901e+02	2.751266e+02	2704	7.835709e-01	7.000000e-01	
2.752283e+02	2705	8.643859e+01	2.731508e+02	2.752283e+02	2705	7.596186e-01	7.000000e-01	
2.753301e+02	2706	8.844699e+01	2.615405e+02	2.753301e+02	2706	7.472853e-01	7.000000e-01	
2.754318e+02	2707	7.371701e+01	2.701415e+02	2.754318e+02	2707	7.856182e-01	7.000000e-01	
2.755336e+02	2708	9.528447e+01	3.259806e+02	2.755336e+02	2708	7.738135e-01	7.000000e-01	
2.756353e+02	2709	7.033361e+01	3.187626e+02	2.756353e+02	2709	8.192385e-01	7.000000e-01	
2.757371e+02	2710	8.391343e+01	3.372636e+02	2.757371e+02	2710	8.007645e-01	7.000000e-01	
2.758388e+02	2711	9.800589e+01	2.820013e+02	2.758388e+02	2711	7.420946e-01	7.000000e-01	
2.759406e+02	2712	8.856155e+01	2.957902e+02	2.759406e+02	2712	7.695820e-01	7.000000e-01	
2.760423e+02	2713	8.325725e+01	3.126369e+02	2.760423e+02	2713	7.896982e-01	7.000000e-01	
2.761441e+02	2714	7.695751e+01	2.619955e+02	2.761441e+02	2714	7.729552e-01	7.000000e-01	
2.762458e+02	2715	1.171217e+02	2.704477e+02	2.762458e+02	2715	6.978046e-01	7.000000e-01	
2.763476e+02	2716	9.498125e+01	2.679894e+02	2.763476e+02	2716	7.383225e-01	7.000000e-01	
2.764493e+02	2717	6.765502e+01	2.518239e+02	2.764493e+02	2717	7.882332e-01	7.000000e-01	
2.765511e+02	2718	8.270719e+01	2.665369e+02	2.765511e+02	2718	7.631823e-01	7.000000e-01	
2.766528e+02	2719	9.249516e+01	3.196770e+02	2.766528e+02	2719	7.755910e-01	7.000000e-01	
2.767546e+02	2720	6.850080e+01	2.696262e+02	2.767546e+02	2720	7.974110e-01	7.000000e-01	
2.768563e+02	2721	9.587431e+01	2.831343e+02	2.768563e+02	2721	7.470392e-01	7.000000e-01	
2.769581e+02	2722	6.082430e+01	2.629555e+02	2.769581e+02	2722	8.121430e-01	7.000000e-01	
2.770598e+02	2723	7.189670e+01	2.748117e+02	2.770598e+02	2723	7.926306e-01	7.000000e-01	
2.771616e+02	2724	7.863949e+01	2.747974e+02	2.771616e+02	2724	7.775006e-01	7.000000e-01	
2.772633e+02	2725	7.448253e+01	2.221017e+02	2.772633e+02	2725	7.488655e-01	7.000000e-01	
2.773650e+02	2726	7.276037e+01	2.585475e+02	2.773650e+02	2726	7.803844e-01	7.000000e-01	
2.774668e+02	2727	6.156372e+01	2.615842e+02	2.774668e+02	2727	8.094875e-01	7.000000e-01	
2.775685e+02	2728	6.846459e+01	2.739596e+02	2.775685e+02	2728	8.000591e-01	7.000000e-01	
2.776703e+02	2729	7.841020e+01	2.638394e+02	2.776703e+02	2729	7.708976e-01	7.000000e-01	
2.777720e+02	2730	5.944076e+01	2.640383e+02	2.777720e+02	2730	8.162454e-01	7.000000e-01	
2.778738e+02	2731	5.658772e+01	2.793038e+02	2.778738e+02	2731	8.315298e-01	7.000000e-01	
2.779755e+02	2732	6.625065e+01	2.920922e+02	2.779755e+02	2732	8.151194e-01	7.000000e-01	
2.780773e+02	2733	7.821773e+01	2.508297e+02	2.780773e+02	2733	7.622904e-01	7.000000e-01	
2.781790e+02	2734	9.192288e+01	2.217840e+02	2.781790e+02	2734	7.069784e-01	7.000000e-01	
2.782808e+02	2735	7.775030e+01	2.576854e+02	2.782808e+02	2735	7.682110e-01	7.000000e-01	
2.783825e+02	2736	9.106148e+01	2.125471e+02	2.783825e+02	2736	7.000695e-01	7.000000e-01	
2.784843e+02	2737	1.170042e+02	2.852122e+02	2.784843e+02	2737	7.091014e-01	7.000000e-01	
2.785860e+02	2738	9.295710e+01	2.960656e+02	2.785860e+02	2738	7.610497e-01	7.000000e-01	
2.786878e+02	2739	9.552764e+01	3.063986e+02	2.786878e+02	2739	7.623254e-01	7.000000e-01	
2.787895e+02	2740	8.334111e+01	3.031039e+02	2.787895e+02	2740	7.843390e-01	7.000000e-01	
2.788913e+02	2741	8.406204e+01	2.957636e+02	2.788913e+02	2741	7.786826e-01	7.000000e-01	
2.789930e+02	2742	8.049542e+01	2.837803e+02	2.789930e+02	2742	7.790261e-01	7.000000e-01	
2.790948e+02	2743	9.321603e+01	2.867124e+02	2.790948e+02	2743	7.546484e-01	7.000000e-01	
2.791965e+02	2744	8.277632e+01	2.973650e+02	2.791965e+02	2744	7.822486e-01	7.000000e-01	
2.792983e+02	2745	9.158139e+01	3.007354e+02	2.792983e+02	2745	7.665627e-01	7.000000e-01	
2.794000e+02	2746	9.180689e+01	3.009985e+02	2.794000e+02	2746	7.662789e-01	7.000000e-01	
2.795018e+02	2747	7.360154e+01	2.577203e+02	2.795018e+02	2747	7.778548e-01	7.000000e-01	
2.796035e+02	2748	7.872192e+01	2.854883e+02	2.796035e+02	2748	7.838558e-01	7.000000e-01	
2.797053e+02	2749	6.394808e+01	2.910007e+02	2.797053e+02	2749	8.198386e-01	7.000000e-01	
2.798070e+02	2750	8.229950e+01	2.710496e+02	2.798070e+02	2750	7.670873e-01	7.000000e-01	
2.799087e+02	2751	7.788411e+01	2.883507e+02	2.799087e+02	2751	7.873383e-01	7.000000e-01	
2.800105e+02	2752	2.875395e+01	2.948351e+02	2.800105e+02	2752	9.111405e-01	7.000000e-01	
2.801122e+02	2753	4.888192e+01	2.855252e+02	2.801122e+02	2753	8.538251e-01	7.000000e-01	
2.802140e+02	2754	6.823393e+01	2.858472e+02	2.802140e+02	2754	8.072930e-01	7.000000e-01	
2.803157e+02	2755	6.647037e+01	3.061968e+02	2.803157e+02	2755	8.216361e-01	7.000000e-01	
2.804175e+02	2756	5.924139e+01	2.896448e+02	2.804175e+02	2756	8.301985e-01	7.000000e-01	
2.805192e+02	2757	6.911981e+01	3.012833e+02	2.805192e+02	2757	8.133930e-01	7.000000e-01	
2.806210e+02	2758	6.077725e+01	2.955704e+02	2.806210e+02	2758	8.294439e-01	7.000000e-01	
2.807227e+02	2759	6.603111e+01	3.024950e+02	2.807227e+02	2759	8.208238e-01	7.000000e-01	
2.808245e+02	2760	7.495809e+01	2.900233e+02	2.808245e+02	2760	7.946249e-01	7.000000e-01	
2.809262e+02	2761	6.768613e+01	2.603834e+02	2.809262e+02	2761	7.936836e-01	7.000000e-01	
2.810280e+02	2762	7.139433e+01	2.965325e+02	2.810280e+02	2762	8.059551e-01	7.000000e-01	
2.811297e+02	2763	8.178366e+01	3.034324e+02	2.811297e+02	2763	7.876941e-01	7.000000e-01	
2.812315e+02	2764	6.183049e+01	3.015238e+02	2.812315e+02	2764	8.298342e-01	7.000000e-01	
2.813332e+02	2765	5.593559e+01	3.213768e+02	2.813332e+02	2765	8.517526e-01	7.000000e-01	
2.814350e+02	2766	9.157559e+01	2.719122e+02	2.814350e+02	2766	7.480642e-01	7.000000e-01	
2.815367e+02	2767	6.677638e+01	2.545395e+02	2.815367e+02	2767	7.921784e-01	7.000000e-01	
2.816385e+02	2768	9.786354e+01	2.737335e+02	2.816385e+02	2768	7.366407e-01	7.000000e-01	
2.817402e+02	2769	7.077571e+01	3.159957e+02	2.817402e+02	2769	8.170089e-01	7.000000e-01	
2.818420e+02	2770	1.053975e+02	2.804342e+02	2.818420e+02	2770	7.268304e-01	7.000000e-01	
2.819437e+02	2771	1.017716e+02	2.902003e+02	2.819437e+02	2771	7.403600e-01	7.000000e-01	
2.820455e+02	2772	9.004466e+01	2.651246e+02	2.820455e+02	2772	7.464739e-01	7.000000e-01	
2.821472e+02	2773	1.063457e+02	2.808876e+02	2.821472e+02	2773	7.253705e-01	7.000000e-01	
2.822490e+02	2774	8.005772e+01	2.998799e+02	2.822490e+02	2774	7.892872e-01	7.000000e-01	
2.823507e+02	2775	1.060724e+02	2.670038e+02	2.823507e+02	2775	7.156817e-01	7.000000e-01	
2.824524e+02	2776	9.601867e+01	2.793698e+02	2.824524e+02	2776	7.442152e-01	7.000000e-01	
2.825542e+02	2777	6.357711e+01	3.201038e+02	2.825542e+02	2777	8.342969e-01	7.000000e-01	
2.826559e+02	2778	5.684094e+01	3.322661e+02	2.826559e+02	2778	8.539195e-01	7.000000e-01	
2.827577e+02	2779	6.398612e+01	3.440608e+02	2.827577e+02	2779	8.431893e-01	7.000000e-01	
2.828594e+02	2780	5.684317e+01	3.542078e+02	2.828594e+02	2780	8.617126e-01	7.000000e-01	
2.829612e+02	2781	6.530638e+01	2.912682e+02	2.829612e+02	2781	8.168507e-01	7.000000e-01	
2.830629e+02	2782	7.575920e+01	3.112263e+02	2.830629e+02	2782	8.042325e-01	7.000000e-01	
2.831647e+02	2783	5.155163e+01	3.250881e+02	2.831647e+02	2783	8.631275e-01	7.000000e-01	
2.832664e+02	2784	6.534592e+01	3.162039e+02	2.832664e+02	2784	8.287356e-01	7.000000e-01	
2.833682e+02	2785	6.637120e+01	2.528453e+02	2.833682e+02	2785	7.920809e-01	7.000000e-01	
2.834699e+02	2786	7.477144e+01	2.771226e+02	2.834699e+02	2786	7.875172e-01	7.000000e-01	
2.835717e+02	2787	6.798290e+01	2.839600e+02	2.835717e+02	2787	8.068354e-01	7.000000e-01	
2.836734e+02	2788	7.557387e+01	2.810525e+02	2.836734e+02	2788	7.880867e-01	7.000000e-01	
2.837752e+02	2789	8.592698e+01	2.702424e+02	2.837752e+02	2789	7.587469e-01	7.000000e-01	
2.838769e+02	2790	7.518532e+01	2.685996e+02	2.838769e+02	2790	7.813013e-01	7.000000e-01	
2.839787e+02	2791	7.115332e+01	2.546151e+02	2.839787e+02	2791	7.815831e-01	7.000000e-01	
2.840804e+02	2792	8.117115e+01	2.838974e+02	2.840804e+02	2792	7.776550e-01	7.000000e-01	
2.841822e+02	2793	6.777673e+01	2.750292e+02	2.841822e+02	2793	8.022883e-01	7.000000e-01	
2.842839e+02	2794	8.311240e+01	2.718507e+02	2.842839e+02	2794	7.658562e-01	7.000000e-01	
2.843857e+02	2795	4.796141e+01	2.918450e+02	2.843857e+02	2795	8.588567e-01	7.000000e-01	
2.844874e+02	2796	8.058358e+01	2.991413e+02	2.844874e+02	2796	7.877843e-01	7.000000e-01	
2.845892e+02	2797	7.499410e+01	2.914327e+02	2.845892e+02	2797	7.953367e-01	7.000000e-01	
2.846909e+02	2798	5.808770e+01	2.947601e+02	2.846909e+02	2798	8.353746e-01	7.000000e-01	
2.847927e+02	2799	6.323797e+01	2.479765e+02	2.847927e+02	2799	7.968026e-01	7.000000e-01	
2.848944e+02	2800	7.464562e+01	2.710085e+02	2.848944e+02	2800	7.840453e-01	7.000000e-01	
2.849961e+02	2801	8.007167e+01	2.645446e+02	2.849961e+02	2801	7.676498e-01	7.000000e-01	
2.850979e+02	2802	6.666435e+01	2.603637e+02	2.850979e+02	2802	7.961510e-01	7.000000e-01	
2.851996e+02	2803	5.781723e+01	3.236892e+02	2.851996e+02	2803	8.484502e-01	7.000000e-01	
2.853014e+02	2804	7.096916e+01	2.791119e+02	2.853014e+02	2804	7.972779e-01	7.000000e-01	
2.854031e+02	2805	6.195186e+01	2.816096e+02	2.854031e+02	2805	8.196775e-01	7.000000e-01	
2.855049e+02	2806	7.243799e+01	2.932035e+02	2.855049e+02	2806	8.018879e-01	7.000000e-01	
2.856066e+02	2807	8.609145e+01	2.937763e+02	2.856066e+02	2807	7.733647e-01	7.000000e-01	
2.857084e+02	2808	7.899342e+01	2.576443e+02	2.857084e+02	2808	7.653459e-01	7.000000e-01	
2.858101e+02	2809	7.313371e+01	2.624396e+02	2.858101e+02	2809	7.820634e-01	7.000000e-01	
2.859119e+02	2810	7.512737e+01	2.914634e+02	2.859119e+02	2810	7.950648e-01	7.000000e-01	
2.860136e+02	2811	7.435747e+01	2.723731e+02	2.860136e+02	2811	7.855468e-01	7.000000e-01	
2.861154e+02	2812	7.896774e+01	2.674911e+02	2.861154e+02	2812	7.720718e-01	7.000000e-01	
2.862171e+02	2813	7.943247e+01	2.700387e+02	2.862171e+02	2813	7.727067e-01	7.000000e-01	
2.863189e+02	2814	7.434425e+01	2.458675e+02	2.863189e+02	2814	7.678279e-01	7.000000e-01	
2.864206e+02	2815	7.343767e+01	2.781585e+02	2.864206e+02	2815	7.911306e-01	7.000000e-01	
2.865224e+02	2816	7.674627e+01	2.705201e+02	2.865224e+02	2816	7.789988e-01	7.000000e-01	
2.866241e+02	2817	7.452511e+01	2.721670e+02	2.866241e+02	2817	7.850395e-01	7.000000e-01	
2.867259e+02	2818	5.779178e+01	2.711726e+02	2.867259e+02	2818	8.243221e-01	7.000000e-01	
2.868276e+02	2819	7.620063e+01	2.721633e+02	2.868276e+02	2819	7.812614e-01	7.000000e-01	
2.869294e+02	2820	7.323594e+01	2.917780e+02	2.869294e+02	2820	7.993613e-01	7.000000e-01	
2.870311e+02	2821	6.439769e+01	2.953895e+02	2.870311e+02	2821	8.210117e-01	7.000000e-01	
2.871329e+02	2822	7.058607e+01	2.878904e+02	2.871329e+02	2822	8.030943e-01	7.000000e-01	
2.872346e+02	2823	7.193350e+01	3.010178e+02	2.872346e+02	2823	8.071236e-01	7.000000e-01	
2.873364e+02	2824	7.349443e+01	2.781798e+02	2.873364e+02	2824	7.910156e-01	7.000000e-01	
2.874381e+02	2825	7.492671e+01	2.878239e+02	2.874381e+02	2825	7.934484e-01	7.000000e-01	
2.875398e+02	2826	8.123535e+01	2.870335e+02	2.875398e+02	2826	7.794129e-01	7.000000e-01	
2.876416e+02	2827	6.256244e+01	3.016299e+02	2.876416e+02	2827	8.282159e-01	7.000000e-01	
2.877433e+02	2828	8.772311e+01	2.965183e+02	2.877433e+02	2828	7.716979e-01	7.000000e-01	
2.878451e+02	2829	8.786598e+01	2.826581e+02	2.878451e+02	2829	7.628603e-01	7.000000e-01	
2.879468e+02	2830	7.083558e+01	2.843956e+02	2.879468e+02	2830	8.005930e-01	7.000000e-01	
2.880486e+02	2831	7.509732e+01	2.949097e+02	2.880486e+02	2831	7.970381e-01	7.000000e-01	
2.881503e+02	2832	7.265207e+01	3.022253e+02	2.881503e+02	2832	8.061978e-01	7.000000e-01	
2.882521e+02	2833	6.155799e+01	3.051842e+02	2.882521e+02	2833	8.321491e-01	7.000000e-01	
2.883538e+02	2834	6.762003e+01	2.986284e+02	2.883538e+02	2834	8.153711e-01	7.000000e-01	
2.884556e+02	2835	5.973554e+01	3.005866e+02	2.884556e+02	2835	8.342163e-01	7.000000e-01	
2.885573e+02	2836	5.786957e+01	2.908174e+02	2.885573e+02	2836	8.340358e-01	7.000000e-01	
2.886591e+02	2837	6.909439e+01	3.115118e+02	2.886591e+02	2837	8.184623e-01	7.000000e-01	
2.887608e+02	2838	6.367865e+01	2.744424e+02	2.887608e+02	2838	8.116691e-01	7.000000e-01	
2.888626e+02	2839	5.530257e+01	2.487110e+02	2.888626e+02	2839	8.180918e-01	7.000000e-01	
2.889643e+02	2840	5.546175e+01	3.155048e+02	2.889643e+02	2840	8.504939e-01	7.000000e-01	
2.890661e+02	2841	4.684046e+01	2.803815e+02	2.890661e+02	2841	8.568542e-01	7.000000e-01	
2.891678e+02	2842	7.808755e+01	2.961727e+02	2.891678e+02	2842	7.913549e-01	7.000000e-01	
2.892696e+02	2843	6.731842e+01	2.636116e+02	2.892696e+02	2843	7.965781e-01	7.000000e-01	
2.893713e+02	2844	7.185285e+01	2.451931e+02	2.893713e+02	2844	7.733677e-01	7.000000e-01	
2.894731e+02	2845	6.948191e+01	3.098866e+02	2.894731e+02	2845	8.168485e-01	7.000000e-01	
2.895748e+02	2846	1.027181e+02	3.530497e+02	2.895748e+02	2846	7.746262e-01	7.000000e-01	
2.896766e+02	2847	6.956598e+01	3.002624e+02	2.896766e+02	2847	8.118966e-01	7.000000e-01	
2.897783e+02	2848	8.160147e+01	3.130153e+02	2.897783e+02	2848	7.932134e-01	7.000000e-01	
2.898801e+02	2849	6.908633e+01	3.161831e+02	2.898801e+02	2849	8.206805e-01	7.000000e-01	
2.899818e+02	2850	9.254204e+01	2.973238e+02	2.899818e+02	2850	7.626311e-01	7.000000e-01	
2.900835e+02	2851	7.113715e+01	3.095090e+02	2.900835e+02	2851	8.131148e-01	7.000000e-01	
2.901853e+02	2852	7.848751e+01	2.998619e+02	2.901853e+02	2852	7.925528e-01	7.000000e-01	
2.902870e+02	2853	9.698945e+01	2.548816e+02	2.902870e+02	2853	7.243608e-01	7.000000e-01	
2.903888e+02	2854	9.234217e+01	2.730398e+02	2.903888e+02	2854	7.472722e-01	7.000000e-01	
2.904905e+02	2855	7.916971e+01	2.787499e+02	2.904905e+02	2855	7.788059e-01	7.000000e-01	
2.905923e+02	2856	8.713203e+01	3.120346e+02	2.905923e+02	2856	7.817151e-01	7.000000e-01	
2.906940e+02	2857	8.543205e+01	2.863951e+02	2.906940e+02	2857	7.702372e-01	7.000000e-01	
2.907958e+02	2858	4.101908e+01	2.737903e+02	2.907958e+02	2858	8.697018e-01	7.000000e-01	
2.908975e+02	2859	7.982741e+01	2.893794e+02	2.908975e+02	2859	7.837867e-01	7.000000e-01	
2.909993e+02	2860	8.031743e+01	2.769101e+02	2.909993e+02	2860	7.751645e-01	7.000000e-01	
2.911010e+02	2861	6.436164e+01	2.891732e+02	2.911010e+02	2861	8.179482e-01	7.000000e-01	
2.912028e+02	2862	9.132666e+01	2.584008e+02	2.912028e+02	2862	7.388633e-01	7.000000e-01	
2.913045e+02	2863	7.305856e+01	2.794683e+02	2.913045e+02	2863	7.927575e-01	7.000000e-01	
2.914063e+02	2864	9.284989e+01	2.708443e+02	2.914063e+02	2864	7.447034e-01	7.000000e-01	
2.915080e+02	2865	5.449867e+01	2.435775e+02	2.915080e+02	2865	8.171653e-01	7.000000e-01	
2.916098e+02	2866	9.563358e+01	2.464226e+02	2.916098e+02	2866	7.204156e-01	7.000000e-01	
2.917115e+02	2867	8.756426e+01	2.587301e+02	2.917115e+02	2867	7.471392e-01	7.000000e-01	
2.918133e+02	2868	9.559328e+01	2.556188e+02	2.918133e+02	2868	7.278189e-01	7.000000e-01	
2.919150e+02	2869	9.794068e+01	2.434555e+02	2.919150e+02	2869	7.131172e-01	7.000000e-01	
2.920168e+02	2870	9.610881e+01	2.392802e+02	2.920168e+02	2870	7.134408e-01	7.000000e-01	
2.921185e+02	2871	9.826305e+01	2.484265e+02	2.921185e+02	2871	7.165676e-01	7.000000e-01	
2.922203e+02	2872	6.293264e+01	3.022958e+02	2.922203e+02	2872	8.276897e-01	7.000000e-01	
2.923220e+02	2873	7.473764e+01	2.906168e+02	2.923220e+02	2873	7.954380e-01	7.000000e-01	
2.924238e+02	2874	8.251560e+01	2.734868e+02	2.924238e+02	2874	7.682162e-01	7.000000e-01	
2.925255e+02	2875	7.600532e+01	3.046912e+02	2.925255e+02	2875	8.003519e-01	7.000000e-01	
2.926272e+02	2876	6.981281e+01	3.043252e+02	2.926272e+02	2876	8.134036e-01	7.000000e-01	
2.927290e+02	2877	8.193135e+01	2.998463e+02	2.927290e+02	2877	7.853951e-01	7.000000e-01	
2.928307e+02	2878	6.889267e+01	3.046649e+02	2.928307e+02	2878	8.155768e-01	7.000000e-01	
2.929325e+02	2879	7.182099e+01	3.123422e+02	2.929325e+02	2879	8.130456e-01	7.000000e-01	
2.930342e+02	2880	7.828335e+01	3.107666e+02	2.930342e+02	2880	7.987833e-01	7.000000e-01	
2.931360e+02	2881	7.386165e+01	2.948583e+02	2.931360e+02	2881	7.996809e-01	7.000000e-01	
2.932377e+02	2882	7.959492e+01	3.102734e+02	2.932377e+02	2882	7.958415e-01	7.000000e-01	
2.933395e+02	2883	7.899857e+01	2.868544e+02	2.933395e+02	2883	7.840702e-01	7.000000e-01	
2.934412e+02	2884	7.079538e+01	3.152029e+02	2.934412e+02	2884	8.165915e-01	7.000000e-01	
2.935430e+02	2885	7.434729e+01	3.106636e+02	2.935430e+02	2885	8.068956e-01	7.000000e-01	
2.936447e+02	2886	7.133007e+01	2.875686e+02	2.936447e+02	2886	8.012529e-01	7.000000e-01	
2.937465e+02	2887	7.371134e+01	3.003389e+02	2.937465e+02	2887	8.029373e-01	7.000000e-01	
2.938482e+02	2888	7.358433e+01	3.138505e+02	2.938482e+02	2888	8.100730e-01	7.000000e-01	
2.939500e+02	2889	6.731386e+01	2.828010e+02	2.939500e+02	2889	8.077378e-01	7.000000e-01	
2.940517e+02	2890	6.737237e+01	2.715138e+02	2.940517e+02	2890	8.011947e-01	7.000000e-01	
2.941535e+02	2891	6.332585e+01	2.818393e+02	2.941535e+02	2891	8.165346e-01	7.000000e-01	
2.942552e+02	2892	6.643683e+01	2.122310e+02	2.942552e+02	2892	7.615913e-01	7.000000e-01	
2.943570e+02	2893	7.570122e+01	2.501193e+02	2.943570e+02	2893	7.676598e-01	7.000000e-01	
2.944587e+02	2894	7.004450e+01	2.844117e+02	2.944587e+02	2894	8.023888e-01	7.000000e-01	
2.945605e+02	2895	7.349273e+01	2.726050e+02	2.945605e+02	2895	7.876532e-01	7.000000e-01	
2.946622e+02	2896	6.821970e+01	2.546485e+02	2.946622e+02	2896	7.887073e-01	7.000000e-01	
2.947640e+02	2897	6.436793e+01	2.592753e+02	2.947640e+02	2897	8.011145e-01	7.000000e-01	
2.948657e+02	2898	7.595718e+01	2.507462e+02	2.948657e+02	2898	7.675042e-01	7.000000e-01	
2.949675e+02	2899	6.788325e+01	2.670923e+02	2.949675e+02	2899	7.973486e-01	7.000000e-01	
2.950692e+02	2900	9.652583e+01	3.003438e+02	2.950692e+02	2900	7.567820e-01	7.000000e-01	
2.951709e+02	2901	8.495297e+01	2.724052e+02	2.951709e+02	2901	7.622750e-01	7.000000e-01	
2.952727e+02	2902	8.027300e+01	2.821685e+02	2.952727e+02	2902	7.785215e-01	7.000000e-01	
2.953744e+02	2903	9.646140e+01	3.001460e+02	2.953744e+02	2903	7.567837e-01	7.000000e-01	
2.954762e+02	2904	8.030550e+01	2.788174e+02	2.954762e+02	2904	7.763844e-01	7.000000e-01	
2.955779e+02	2905	8.734101e+01	2.886655e+02	2.955779e+02	2905	7.677141e-01	7.000000e-01	
2.956797e+02	2906	7.782383e+01	2.703412e+02	2.956797e+02	2906	7.764743e-01	7.000000e-01	
2.957814e+02	2907	6.994366e+01	2.838919e+02	2.957814e+02	2907	8.023272e-01	7.000000e-01	
2.958832e+02	2908	8.419459e+01	2.787348e+02	2.958832e+02	2908	7.680139e-01	7.000000e-01	
2.959849e+02	2909	6.578121e+01	2.900752e+02	2.959849e+02	2909	8.151468e-01	7.000000e-01	
2.960867e+02	2910	8.009866e+01	2.764710e+02	2.960867e+02	2910	7.753632e-01	7.000000e-01	
2.961884e+02	2911	7.500674e+01	2.748127e+02	2.961884e+02	2911	7.855844e-01	7.000000e-01	
2.962902e+02	2912	7.997822e+01	2.549345e+02	2.962902e+02	2912	7.611968e-01	7.000000e-01	
2.963919e+02	2913	7.177919e+01	2.572870e+02	2.963919e+02	2913	7.818701e-01	7.000000e-01	
2.964937e+02	2914	7.052206e+01	2.810522e+02	2.964937e+02	2914	7.994106e-01	7.000000e-01	
2.965954e+02	2915	8.470820e+01	2.347214e+02	2.965954e+02	2915	7.348142e-01	7.000000e-01	
2.966972e+02	2916	6.905463e+01	2.645408e+02	2.966972e+02	2916	7.929989e-01	7.000000e-01	
2.967989e+02	2917	8.381513e+01	2.549980e+02	2.967989e+02	2917	7.526214e-01	7.000000e-01	
2.969007e+02	2918	7.328991e+01	2.864765e+02	2.969007e+02	2918	7.962847e-01	7.000000e-01	
2.970024e+02	2919	8.895320e+01	2.870942e+02	2.970024e+02	2919	7.634522e-01	7.000000e-01	
2.971042e+02	2920	7.875706e+01	2.496415e+02	2.971042e+02	2920	7.601784e-01	7.000000e-01	
2.972059e+02	2921	7.350392e+01	2.852607e+02	2.972059e+02	2921	7.951194e-01	7.000000e-01	
2.973077e+02	2922	6.499681e+01	2.889381e+02	2.973077e+02	2922	8.163594e-01	7.000000e-01	
2.974094e+02	2923	7.295057e+01	2.514314e+02	2.974094e+02	2923	7.751090e-01	7.000000e-01	
2.975112e+02	2924	7.116998e+01	2.929691e+02	2.975112e+02	2924	8.045528e-01	7.000000e-01	
2.976129e+02	2925	7.909873e+01	2.780499e+02	2.976129e+02	2925	7.785271e-01	7.000000e-01	
2.977146e+02	2926	8.287367e+01	2.822377e+02	2.977146e+02	2926	7.730181e-01	7.000000e-01	
2.978164e+02	2927	6.227029e+01	3.051756e+02	2.978164e+02	2927	8.305321e-01	7.000000e-01	
2.979181e+02	2928	5.513835e+01	3.058405e+02	2.979181e+02	2928	8.472532e-01	7.000000e-01	
2.980199e+02	2929	7.952625e+01	2.811411e+02	2.980199e+02	2929	7.795025e-01	7.000000e-01	
2.981216e+02	2930	8.702363e+01	2.911001e+02	2.981216e+02	2930	7.698541e-01	7.000000e-01	
2.982234e+02	2931	6.619466e+01	2.683675e+02	2.982234e+02	2931	8.021454e-01	7.000000e-01	
2.983251e+02	2932	8.528357e+01	2.784798e+02	2.983251e+02	2932	7.655521e-01	7.000000e-01	
2.984269e+02	2933	6.984874e+01	2.760560e+02	2.984269e+02	2933	7.980694e-01	7.000000e-01	
2.985286e+02	2934	8.009389e+01	2.889277e+02	2.985286e+02	2934	7.829561e-01	7.000000e-01	
2.986304e+02	2935	8.740546e+01	2.874002e+02	2.986304e+02	2935	7.667979e-01	7.000000e-01	
2.987321e+02	2936	7.738993e+01	2.801967e+02	2.987321e+02	2936	7.835771e-01	7.000000e-01	
2.988339e+02	2937	7.739010e+01	3.268644e+02	2.988339e+02	2937	8.085609e-01	7.000000e-01	
2.989356e+02	2938	8.121449e+01	3.457406e+02	2.989356e+02	2938	8.097821e-01	7.000000e-01	
2.990374e+02	2939	7.131009e+01	3.045414e+02	2.990374e+02	2939	8.102706e-01	7.000000e-01	
2.991391e+02	2940	7.054450e+01	3.034178e+02	2.991391e+02	2940	8.113593e-01	7.000000e-01	
2.992409e+02	2941	7.139450e+01	3.095828e+02	2.992409e+02	2941	8.126017e-01	7.000000e-01	
2.993426e+02	2942	7.626109e+01	2.701161e+02	2.993426e+02	2942	7.798322e-01	7.000000e-01	
2.994444e+02	2943	7.758968e+01	3.063151e+02	2.994444e+02	2943	7.978934e-01	7.000000e-01	
2.995461e+02	2944	7.710332e+01	2.859322e+02	2.995461e+02	2944	7.876149e-01	7.000000e-01	
2.996479e+02	2945	5.989255e+01	3.368159e+02	2.996479e+02	2945	8.490263e-01	7.000000e-01	
2.997496e+02	2946	8.110664e+01	2.773074e+02	2.997496e+02	2946	7.737069e-01	7.000000e-01	
2.998514e+02	2947	7.368964e+01	2.801909e+02	2.998514e+02	2947	7.917669e-01	7.000000e-01	
2.999531e+02	2948	7.500700e+01	2.957558e+02	2.999531e+02	2948	7.976955e-01	7.000000e-01	
3.000549e+02	2949	7.422457e+01	2.685929e+02	3.000549e+02	2949	7.834866e-01	7.000000e-01	
3.001566e+02	2950	7.475471e+01	2.979998e+02	3.001566e+02	2950	7.994532e-01	7.000000e-01	
3.002583e+02	2951	7.679582e+01	2.908054e+02	3.002583e+02	2951	7.910893e-01	7.000000e-01	
3.003601e+02	2952	7.272400e+01	3.024085e+02	3.003601e+02	2952	8.061378e-01	7.000000e-01	
3.004618e+02	2953	7.311144e+01	2.632326e+02	3.004618e+02	2953	7.826290e-01	7.000000e-01	
3.005636e+02	2954	7.179107e+01	3.029432e+02	3.005636e+02	2954	8.084214e-01	7.000000e-01	
3.006653e+02	2955	7.197179e+01	2.558766e+02	3.006653e+02	2955	7.804723e-01	7.000000e-01	
3.007671e+02	2956	7.027466e+01	2.580037e+02	3.007671e+02	2956	7.859297e-01	7.000000e-01	
3.008688e+02	2957	6.535791e+01	2.428455e+02	3.008688e+02	2957	7.879390e-01	7.000000e-01	
3.009706e+02	2958	7.497650e+01	2.508996e+02	3.009706e+02	2958	7.699233e-01	7.000000e-01	
3.010723e+02	2959	7.052698e+01	2.399325e+02	3.010723e+02	2959	7.728303e-01	7.000000e-01	
3.011741e+02	2960	7.506881e+01	2.542554e+02	3.011741e+02	2960	7.720520e-01	7.000000e-01	
3.012758e+02	2961	7.052395e+01	2.443639e+02	3.012758e+02	2961	7.760347e-01	7.000000e-01	
3.013776e+02	2962	7.087883e+01	2.371544e+02	3.013776e+02	2962	7.698988e-01	7.000000e-01	
3.014793e+02	2963	7.603137e+01	2.294359e+02	3.014793e+02	2963	7.510981e-01	7.000000e-01	
3.015811e+02	2964	8.047632e+01	2.600190e+02	3.015811e+02	2964	7.636493e-01	7.000000e-01	
3.016828e+02	2965	7.273100e+01	2.482954e+02	3.016828e+02	2965	7.734423e-01	7.000000e-01	
3.017846e+02	2966	6.391358e+01	2.226793e+02	3.017846e+02	2966	7.769882e-01	7.000000e-01	
3.018863e+02	2967	9.582639e+01	2.557333e+02	3.018863e+02	2967	7.274250e-01	7.000000e-01	
3.019881e+02	2968	9.124769e+01	2.663899e+02	3.019881e+02	2968	7.448599e-01	7.000000e-01	
3.020898e+02	2969	9.375268e+01	2.578566e+02	3.020898e+02	2969	7.333612e-01	7.000000e-01	
3.021916e+02	2970	1.303891e+02	2.369360e+02	3.021916e+02	2970	6.450308e-01	7.000000e-01	
3.022933e+02	2971	1.177786e+02	2.594902e+02	3.022933e+02	2971	6.878125e-01	7.000000e-01	
3.023951e+02	2972	8.570594e+01	2.691815e+02	3.023951e+02	2972	7.584982e-01	7.000000e-01	
3.024968e+02	2973	1.303266e+02	2.369904e+02	3.024968e+02	2973	6.451931e-01	7.000000e-01	
3.025986e+02	2974	7.457894e+01	2.967036e+02	3.025986e+02	2974	7.991316e-01	7.000000e-01	
3.027003e+02	2975	9.538180e+01	2.531738e+02	3.027003e+02	2975	7.263513e-01	7.000000e-01	
3.028020e+02	2976	5.863951e+01	2.675160e+02	3.028020e+02	2976	8.202100e-01	7.000000e-01	
3.029038e+02	2977	4.729424e+01	2.597289e+02	3.029038e+02	2977	8.459587e-01	7.000000e-01	
3.030055e+02	2978	4.807885e+01	2.704775e+02	3.030055e+02	2978	8.490727e-01	7.000000e-01	
3.031073e+02	2979	5.459874e+01	2.645258e+02	3.031073e+02	2979	8.289109e-01	7.000000e-01	
3.032090e+02	2980	4.729400e+01	2.597288e+02	3.032090e+02	2980	8.459593e-01	7.000000e-01	
3.033108e+02	2981	4.561767e+01	2.670385e+02	3.033108e+02	2981	8.540964e-01	7.000000e-01	
3.034125e+02	2982	8.109880e+01	2.571988e+02	3.034125e+02	2982	7.602738e-01	7.000000e-01	
3.035143e+02	2983	7.700433e+01	2.731051e+02	3.035143e+02	2983	7.800564e-01	7.000000e-01	
3.036160e+02	2984	8.597428e+01	2.649762e+02	3.036160e+02	2984	7.550245e-01	7.000000e-01	
3.037178e+02	2985	9.718181e+01	2.582807e+02	3.037178e+02	2985	7.266046e-01	7.000000e-01	
3.038195e+02	2986	8.747714e+01	2.638259e+02	3.038195e+02	2986	7.509924e-01	7.000000e-01	
3.039213e+02	2987	7.820228e+01	2.656920e+02	3.039213e+02	2987	7.725979e-01	7.000000e-01	
3.040230e+02	2988	6.928936e+01	2.511111e+02	3.040230e+02	2988	7.837414e-01	7.000000e-01	
3.041248e+02	2989	6.650271e+01	2.458653e+02	3.041248e+02	2989	7.871014e-01	7.000000e-01	
3.042265e+02	2990	6.111030e+01	2.272351e+02	3.042265e+02	2990	7.880656e-01	7.000000e-01	
3.043283e+02	2991	7.169572e+01	2.295302e+02	3.043283e+02	2991	7.619869e-01	7.000000e-01	
3.044300e+02	2992	6.320723e+01	2.258245e+02	3.044300e+02	2992	7.813139e-01	7.000000e-01	
3.045318e+02	2993	6.041119e+01	2.340278e+02	3.045318e+02	2993	7.948261e-01	7.000000e-01	
3.046335e+02	2994	8.033280e+01	2.423198e+02	3.046335e+02	2994	7.510239e-01	7.000000e-01	
3.047353e+02	2995	7.835423e+01	2.748465e+02	3.047353e+02	2995	7.781595e-01	7.000000e-01	
3.048370e+02	2996	7.332439e+01	2.314960e+02	3.048370e+02	2996	7.594505e-01	7.000000e-01	
3.049388e+02	2997	9.908196e+01	2.601809e+02	3.049388e+02	2997	7.242076e-01	7.000000e-01	
3.050405e+02	2998	6.616618e+01	2.527776e+02	3.050405e+02	2998	7.925459e-01	7.000000e-01	
3.051423e+02	2999	6.270973e+01	3.392791e+02	3.051423e+02	2999	8.440013e-01	7.000000e-01	
3.052440e+02	3000	7.872179e+01	2.891846e+02	3.052440e+02	3000	7.860277e-01	7.000000e-01	
3.053457e+02	3001	6.978754e+01	3.494423e+02	3.053457e+02	3001	8.335339e-01	7.000000e-01	
3.054475e+02	3002	6.698699e+01	3.578791e+02	3.054475e+02	3002	8.423339e-01	7.000000e-01	
3.055492e+02	3003	6.881034e+01	3.527856e+02	3.055492e+02	3003	8.367860e-01	7.000000e-01	
3.056510e+02	3004	5.906564e+01	3.440662e+02	3.056510e+02	3004	8.534831e-01	7.000000e-01	
3.057527e+02	3005	6.692960e+01	3.479167e+02	3.057527e+02	3005	8.386641e-01	7.000000e-01	
3.058545e+02	3006	6.712381e+01	3.461069e+02	3.058545e+02	3006	8.375634e-01	7.000000e-01	
3.059562e+02	3007	6.939271e+01	3.663177e+02	3.059562e+02	3007	8.407366e-01	7.000000e-01	
3.060580e+02	3008	6.185414e+01	3.547027e+02	3.060580e+02	3008	8.515109e-01	7.000000e-01	
3.061597e+02	3009	7.473876e+01	3.126773e+02	3.061597e+02	3009	8.070840e-01	7.000000e-01	
3.062615e+02	3010	7.103765e+01	3.902313e+02	3.062615e+02	3010	8.459952e-01	7.000000e-01	
3.063632e+02	3011	6.078232e+01	3.622007e+02	3.063632e+02	3011	8.563008e-01	7.000000e-01	
3.064650e+02	3012	5.202488e+01	3.919700e+02	3.064650e+02	3012	8.828255e-01	7.000000e-01	
3.065667e+02	3013	7.311877e+01	2.794604e+02	3.065667e+02	3013	7.926174e-01	7.000000e-01	
3.066685e+02	3014	7.161865e+01	2.210176e+02	3.066685e+02	3014	7.552639e-01	7.000000e-01	
3.067702e+02	3015	6.764452e+01	2.688653e+02	3.067702e+02	3015	7.989820e-01	7.000000e-01	
3.068720e+02	3016	8.695638e+01	2.661578e+02	3.068720e+02	3016	7.537443e-01	7.000000e-01	
3.069737e+02	3017	6.940027e+01	2.651630e+02	3.069737e+02	3017	7.925646e-01	7.000000e-01	
3.070755e+02	3018	6.751532e+01	2.642612e+02	3.070755e+02	3018	7.965036e-01	7.000000e-01	
3.071772e+02	3019	5.093717e+01	2.801301e+02	3.071772e+02	3019	8.461425e-01	7.000000e-01	
3.072790e+02	3020	7.823065e+01	2.660450e+02	3.072790e+02	3020	7.727674e-01	7.000000e-01	
3.073807e+02	3021	7.029134e+01	2.610424e+02	3.073807e+02	3021	7.878534e-01	7.000000e-01	
3.074825e+02	3022	7.084964e+01	3.052587e+02	3.074825e+02	3022	8.116244e-01	7.000000e-01	
3.075842e+02	3023	6.983761e+01	2.987748e+02	3.075842e+02	3023	8.105392e-01	7.000000e-01	
3.076860e+02	3024	9.108410e+01	3.353512e+02	3.076860e+02	3024	7.864058e-01	7.000000e-01	
3.077877e+02	3025	7.501101e+01	2.923632e+02	3.077877e+02	3025	7.958185e-01	7.000000e-01	
3.078894e+02	3026	6.842706e+01	2.928557e+02	3.078894e+02	3026	8.105997e-01	7.000000e-01	
3.079912e+02	3027	6.775499e+01	3.111133e+02	3.079912e+02	3027	8.211648e-01	7.000000e-01	
3.080929e+02	3028	7.681206e+01	3.111518e+02	3.080929e+02	3028	8.020123e-01	7.000000e-01	
3.081947e+02	3029	6.893578e+01	2.920473e+02	3.081947e+02	3029	8.090332e-01	7.000000e-01	
3.082964e+02	3030	6.691670e+01	2.847805e+02	3.082964e+02	3030	8.097321e-01	7.000000e-01	
3.083982e+02	3031	9.184266e+01	2.848671e+02	3.083982e+02	3031	7.561978e-01	7.000000e-01	
3.084999e+02	3032	9.246048e+01	2.889898e+02	3.084999e+02	3032	7.576080e-01	7.000000e-01	
3.086017e+02	3033	9.484956e+01	2.764310e+02	3.086017e+02	3033	7.445340e-01	7.000000e-01	
3.087034e+02	3034	9.951478e+01	2.866907e+02	3.087034e+02	3034	7.423269e-01	7.000000e-01	
3.088052e+02	3035	9.665649e+01	2.661798e+02	3.088052e+02	3035	7.336085e-01	7.000000e-01	
3.089069e+02	3036	8.885709e+01	2.881085e+02	3.089069e+02	3036	7.642833e-01	7.000000e-01	
3.090087e+02	3037	8.365470e+01	3.018033e+02	3.090087e+02	3037	7.829732e-01	7.000000e-01	
3.091104e+02	3038	9.259215e+01	2.970057e+02	3.091104e+02	3038	7.623392e-01	7.000000e-01	
3.092122e+02	3039	9.684342e+01	2.832220e+02	3.092122e+02	3039	7.451928e-01	7.000000e-01	
3.093139e+02	3040	9.660316e+01	2.737423e+02	3.093139e+02	3040	7.391539e-01	7.000000e-01	
3.094157e+02	3041	8.515675e+01	2.976958e+02	3.094157e+02	3041	7.775730e-01	7.000000e-01	
3.095174e+02	3042	9.944051e+01	2.809589e+02	3.095174e+02	3042	7.385892e-01	7.000000e-01	
3.096192e+02	3043	6.034556e+01	3.064634e+02	3.096192e+02	3043	8.354850e-01	7.000000e-01	
3.097209e+02	3044	9.020187e+01	2.924186e+02	3.097209e+02	3044	7.642524e-01	7.000000e-01	
3.098227e+02	3045	7.637862e+01	2.935466e+02	3.098227e+02	3045	7.935296e-01	7.000000e-01	
3.099244e+02	3046	7.225237e+01	3.295624e+02	3.099244e+02	3046	8.201849e-01	7.000000e-01	
3.100262e+02	3047	5.406854e+01	3.451270e+02	3.100262e+02	3047	8.645563e-01	7.000000e-01	
3.101279e+02	3048	6.707232e+01	3.231358e+02	3.101279e+02	3048	8.281114e-01	7.000000e-01	
3.102297e+02	3049	8.345643e+01	2.839242e+02	3.102297e+02	3049	7.728339e-01	7.000000e-01	
3.103314e+02	3050	6.182692e+01	3.059103e+02	3.103314e+02	3050	8.318720e-01	7.000000e-01	
3.104331e+02	3051	8.771795e+01	3.423487e+02	3.104331e+02	3051	7.960364e-01	7.000000e-01	
3.105349e+02	3052	7.311864e+01	3.351429e+02	3.105349e+02	3052	8.209025e-01	7.000000e-01	
3.106366e+02	3053	6.475166e+01	3.648742e+02	3.106366e+02	3053	8.492836e-01	7.000000e-01	
3.107384e+02	3054	7.589033e+01	3.404684e+02	3.107384e+02	3054	8.177285e-01	7.000000e-01	
3.108401e+02	3055	1.004780e+02	3.433161e+02	3.108401e+02	3055	7.735932e-01	7.000000e-01	
3.109419e+02	3056	7.947813e+01	3.163490e+02	3.109419e+02	3056	7.992100e-01	7.000000e-01	
3.110436e+02	3057	7.251943e+01	3.315010e+02	3.110436e+02	3057	8.205055e-01	7.000000e-01	
3.111454e+02	3058	7.125567e+01	2.782593e+02	3.111454e+02	3058	7.961298e-01	7.000000e-01	
3.112471e+02	3059	6.792713e+01	2.946395e+02	3.112471e+02	3059	8.126493e-01	7.000000e-01	
3.113489e+02	3060	8.430426e+01	2.749643e+02	3.113489e+02	3060	7.653447e-01	7.000000e-01	
3.114506e+02	3061	8.851224e+01	2.706050e+02	3.114506e+02	3061	7.535283e-01	7.000000e-01	
3.115524e+02	3062	7.772253e+01	2.930522e+02	3.115524e+02	3062	7.903780e-01	7.000000e-01	
3.116541e+02	3063	6.503521e+01	2.988424e+02	3.116541e+02	3063	8.212717e-01	7.000000e-01	
3.117559e+02	3064	8.138820e+01	3.150794e+02	3.117559e+02	3064	7.947166e-01	7.000000e-01	
3.118576e+02	3065	7.653422e+01	2.800624e+02	3.118576e+02	3065	7.853759e-01	7.000000e-01	
3.119594e+02	3066	5.787805e+01	2.645107e+02	3.119594e+02	3066	8.204712e-01	7.000000e-01	
3.120611e+02	3067	7.986958e+01	3.106109e+02	3.120611e+02	3067	7.954582e-01	7.000000e-01	
3.121629e+02	3068	9.016527e+01	3.241241e+02	3.121629e+02	3068	7.823616e-01	7.000000e-01	
3.122646e+02	3069	7.803867e+01	3.221975e+02	3.122646e+02	3069	8.050184e-01	7.000000e-01	
3.123664e+02	3070	8.918536e+01	3.285964e+02	3.123664e+02	3070	7.865264e-01	7.000000e-01	
3.124681e+02	3071	6.976442e+01	2.793015e+02	3.124681e+02	3071	8.001397e-01	7.000000e-01	
3.125699e+02	3072	7.851626e+01	2.793892e+02	3.125699e+02	3072	7.806229e-01	7.000000e-01	
3.126716e+02	3073	6.706281e+01	2.790996e+02	3.126716e+02	3073	8.062678e-01	7.000000e-01	
3.127734e+02	3074	7.333195e+01	2.766728e+02	3.127734e+02	3074	7.904830e-01	7.000000e-01	
3.128751e+02	3075	7.649998e+01	3.102508e+02	3.128751e+02	3075	8.021983e-01	7.000000e-01	
3.129768e+02	3076	6.354684e+01	2.697666e+02	3.129768e+02	3076	8.093481e-01	7.000000e-01	
3.130786e+02	3077	7.946407e+01	2.780425e+02	3.130786e+02	3077	7.777270e-01	7.000000e-01	
3.131803e+02	3078	6.138841e+01	2.594363e+02	3.131803e+02	3078	8.086544e-01	7.000000e-01	
3.132821e+02	3079	6.456001e+01	2.744326e+02	3.132821e+02	3079	8.095533e-01	7.000000e-01	
3.133838e+02	3080	7.602038e+01	2.713820e+02	3.133838e+02	3080	7.811748e-01	7.000000e-01	
3.134856e+02	3081	7.696112e+01	2.860325e+02	3.134856e+02	3081	7.879822e-01	7.000000e-01	
3.135873e+02	3082	6.811807e+01	2.743259e+02	3.135873e+02	3082	8.010826e-01	7.000000e-01	
3.136891e+02	3083	7.502016e+01	3.023640e+02	3.136891e+02	3083	8.012101e-01	7.000000e-01	
3.137908e+02	3084	6.314725e+01	2.615338e+02	3.137908e+02	3084	8.055099e-01	7.000000e-01	
3.138926e+02	3085	6.889705e+01	2.646631e+02	3.138926e+02	3085	7.934494e-01	7.000000e-01	
3.139943e+02	3086	7.794242e+01	2.747202e+02	3.139943e+02	3086	7.789887e-01	7.000000e-01	
3.140961e+02	3087	7.593048e+01	2.634457e+02	3.140961e+02	3087	7.762646e-01	7.000000e-01	
3.141978e+02	3088	7.104624e+01	2.755809e+02	3.141978e+02	3088	7.950356e-01	7.000000e-01	
3.142996e+02	3089	7.336599e+01	3.168423e+02	3.142996e+02	3089	8.119825e-01	7.000000e-01	
3.144013e+02	3090	8.451639e+01	2.730827e+02	3.144013e+02	3090	7.636560e-01	7.000000e-01	
3.145031e+02	3091	5.612526e+01	2.893619e+02	3.145031e+02	3091	8.375475e-01	7.000000e-01	
3.146048e+02	3092	5.867334e+01	2.855755e+02	3.146048e+02	3092	8.295613e-01	7.000000e-01	
3.147066e+02	3093	7.729540e+01	2.885581e+02	3.147066e+02	3093	7.887258e-01	7.000000e-01	
3.148083e+02	3094	6.495187e+01	2.965825e+02	3.148083e+02	3094	8.203439e-01	7.000000e-01	
3.149101e+02	3095	6.473025e+01	2.669414e+02	3.149101e+02	3095	8.048363e-01	7.000000e-01	
3.150118e+02	3096	6.068121e+01	2.550725e+02	3.150118e+02	3096	8.078211e-01	7.000000e-01	
3.151136e+02	3097	7.056919e+01	2.815875e+02	3.151136e+02	3097	7.996085e-01	7.000000e-01	
3.152153e+02	3098	7.883816e+01	2.870416e+02	3.152153e+02	3098	7.845244e-01	7.000000e-01	
3.153171e+02	3099	7.939095e+01	2.606332e+02	3.153171e+02	3099	7.665138e-01	7.000000e-01	
3.154188e+02	3100	5.963049e+01	2.798926e+02	3.154188e+02	3100	8.243699e-01	7.000000e-01	
3.155205e+02	3101	7.442148e+01	3.036584e+02	3.155205e+02	3101	8.031594e-01	7.000000e-01	
3.156223e+02	3102	6.506413e+01	2.523173e+02	3.156223e+02	3102	7.949970e-01	7.000000e-01	
3.157240e+02	3103	7.479176e+01	2.926779e+02	3.157240e+02	3103	7.964682e-01	7.000000e-01	
3.158258e+02	3104	8.115316e+01	3.366136e+02	3.158258e+02	3104	8.057453e-01	7.000000e-01	
3.159275e+02	3105	6.881581e+01	2.778278e+02	3.159275e+02	3105	8.014797e-01	7.000000e-01	
3.160293e+02	3106	6.553262e+01	2.828452e+02	3.160293e+02	3106	8.118921e-01	7.000000e-01	
3.161310e+02	3107	7.971502e+01	2.895489e+02	3.161310e+02	3107	7.841245e-01	7.000000e-01	
3.162328e+02	3108	6.900429e+01	2.798201e+02	3.162328e+02	3108	8.021804e-01	7.000000e-01	
3.163345e+02	3109	6.946429e+01	2.684363e+02	3.163345e+02	3109	7.944239e-01	7.000000e-01	
3.164363e+02	3110	7.032612e+01	2.760886e+02	3.164363e+02	3110	7.969886e-01	7.000000e-01	
3.165380e+02	3111	6.678678e+01	2.707330e+02	3.165380e+02	3111	8.021248e-01	7.000000e-01	
3.166398e+02	3112	7.246585e+01	2.885579e+02	3.166398e+02	3112	7.992768e-01	7.000000e-01	
3.167415e+02	3113	7.996319e+01	2.999473e+02	3.167415e+02	3113	7.895210e-01	7.000000e-01	
3.168433e+02	3114	7.437021e+01	2.709408e+02	3.168433e+02	3114	7.846283e-01	7.000000e-01	
3.169450e+02	3115	5.713842e+01	2.801008e+02	3.169450e+02	3115	8.305701e-01	7.000000e-01	
3.170468e+02	3116	7.154536e+01	2.930840e+02	3.170468e+02	3116	8.037861e-01	7.000000e-01	
3.171485e+02	3117	7.687571e+01	2.753820e+02	3.171485e+02	3117	7.817629e-01	7.000000e-01	
3.172503e+02	3118	8.030770e+01	2.920100e+02	3.172503e+02	3118	7.843033e-01	7.000000e-01	
3.173520e+02	3119	8.936683e+01	3.222513e+02	3.173520e+02	3119	7.828890e-01	7.000000e-01	
3.174538e+02	3120	7.817804e+01	2.750065e+02	3.174538e+02	3120	7.786482e-01	7.000000e-01	
3.175555e+02	3121	7.254620e+01	3.189166e+02	3.175555e+02	3121	8.146792e-01	7.000000e-01	
3.176573e+02	3122	7.845527e+01	3.124300e+02	3.176573e+02	3122	7.992882e-01	7.000000e-01	
3.177590e+02	3123	8.468156e+01	2.722064e+02	3.177590e+02	3123	7.627223e-01	7.000000e-01	
3.178608e+02	3124	6.264995e+01	2.379588e+02	3.178608e+02	3124	7.915897e-01	7.000000e-01	
3.179625e+02	3125	7.941265e+01	2.831307e+02	3.179625e+02	3125	7.809568e-01	7.000000e-01	
3.180642e+02	3126	7.253432e+01	2.535302e+02	3.180642e+02	3126	7.775461e-01	7.000000e-01	
3.181660e+02	3127	5.433012e+01	2.988974e+02	3.181660e+02	3127	8.461894e-01	7.000000e-01	
3.182677e+02	3128	7.721201e+01	2.811463e+02	3.182677e+02	3128	7.845396e-01	7.000000e-01	
3.183695e+02	3129	6.758264e+01	2.837168e+02	3.183695e+02	3129	8.076210e-01	7.000000e-01	
3.184712e+02	3130	6.999120e+01	2.758051e+02	3.184712e+02	3130	7.975941e-01	7.000000e-01	
3.185730e+02	3131	6.366988e+01	2.847534e+02	3.185730e+02	3131	8.172628e-01	7.000000e-01	
3.186747e+02	3132	7.699301e+01	2.899073e+02	3.186747e+02	3132	7.901528e-01	7.000000e-01	
3.187765e+02	3133	5.878115e+01	2.730413e+02	3.187765e+02	3133	8.228536e-01	7.000000e-01	
3.188782e+02	3134	5.929842e+01	2.769989e+02	3.188782e+02	3134	8.236726e-01	7.000000e-01	
3.189800e+02	3135	6.282689e+01	2.880769e+02	3.189800e+02	3135	8.209569e-01	7.000000e-01	
3.190817e+02	3136	3.124401e+01	2.845388e+02	3.190817e+02	3136	9.010585e-01	7.000000e-01	
3.191835e+02	3137	5.887714e+01	2.642943e+02	3.191835e+02	3137	8.178145e-01	7.000000e-01	
3.192852e+02	3138	5.967011e+01	2.746804e+02	3.192852e+02	3138	8.215343e-01	7.000000e-01	
3.193870e+02	3139	3.289730e+01	2.838141e+02	3.193870e+02	3139	8.961285e-01	7.000000e-01	
3.194887e+02	3140	8.062757e+01	2.672819e+02	3.194887e+02	3140	7.682513e-01	7.000000e-01	
3.195905e+02	3141	5.729930e+01	2.887225e+02	3.195905e+02	3141	8.344055e-01	7.000000e-01	
3.196922e+02	3142	8.387434e+01	2.815109e+02	3.196922e+02	3142	7.704496e-01	7.000000e-01	
3.197940e+02	3143	6.313449e+01	2.738863e+02	3.197940e+02	3143	8.126689e-01	7.000000e-01	
3.198957e+02	3144	7.111937e+01	2.682494e+02	3.198957e+02	3144	7.904363e-01	7.000000e-01	
3.199975e+02	3145	6.392947e+01	2.325050e+02	3.199975e+02	3145	7.843386e-01	7.000000e-01	
3.200992e+02	3146	8.376936e+01	2.908005e+02	3.200992e+02	3146	7.763585e-01	7.000000e-01	
3.202010e+02	3147	6.947047e+01	2.773546e+02	3.202010e+02	3147	7.996959e-01	7.000000e-01	
3.203027e+02	3148	8.625617e+01	2.806577e+02	3.203027e+02	3148	7.649144e-01	7.000000e-01	
3.204045e+02	3149	9.442378e+01	2.992309e+02	3.204045e+02	3149	7.601355e-01	7.000000e-01	
3.205062e+02	3150	6.202591e+01	2.661106e+02	3.205062e+02	3150	8.109753e-01	7.000000e-01	
3.206079e+02	3151	8.464672e+01	2.879001e+02	3.206079e+02	3151	7.727890e-01	7.000000e-01	
3.207097e+02	3152	7.497541e+01	2.778693e+02	3.207097e+02	3152	7.875116e-01	7.000000e-01	
3.208114e+02	3153	6.087447e+01	2.789468e+02	3.208114e+02	3153	8.208633e-01	7.000000e-01	
3.209132e+02	3154	6.063333e+01	2.968537e+02	3.209132e+02	3154	8.303901e-01	7.000000e-01	
3.210149e+02	3155	5.856467e+01	2.580715e+02	3.210149e+02	3155	8.150411e-01	7.000000e-01	
3.211167e+02	3156	6.858886e+01	2.752443e+02	3.211167e+02	3156	8.005170e-01	7.000000e-01	
3.212184e+02	3157	6.830715e+01	2.666584e+02	3.212184e+02	3157	7.960771e-01	7.000000e-01	
3.213202e+02	3158	8.465971e+01	2.860631e+02	3.213202e+02	3158	7.716361e-01	7.000000e-01	
3.214219e+02	3159	7.173338e+01	2.742362e+02	3.214219e+02	3159	7.926599e-01	7.000000e-01	
3.215237e+02	3160	7.991823e+01	2.619120e+02	3.215237e+02	3160	7.662049e-01	7.000000e-01	
3.216254e+02	3161	8.765534e+01	2.741170e+02	3.216254e+02	3161	7.577058e-01	7.000000e-01	
3.217272e+02	3162	9.336451e+01	2.880789e+02	3.217272e+02	3162	7.552337e-01	7.000000e-01	
3.218289e+02	3163	8.530331e+01	2.601657e+02	3.218289e+02	3163	7.530797e-01	7.000000e-01	
3.219307e+02	3164	9.988422e+01	2.721736e+02	3.219307e+02	3164	7.315358e-01	7.000000e-01	
3.220324e+02	3165	9.026864e+01	2.907416e+02	3.220324e+02	3165	7.630808e-01	7.000000e-01	
3.221342e+02	3166	9.905423e+01	2.498832e+02	3.221342e+02	3166	7.161261e-01	7.000000e-01	
3.222359e+02	3167	7.307715e+01	2.493215e+02	3.222359e+02	3167	7.733330e-01	7.000000e-01	
3.223377e+02	3168	8.652766e+01	2.633499e+02	3.223377e+02	3168	7.526916e-01	7.000000e-01	
3.224394e+02	3169	8.299426e+01	2.581491e+02	3.224394e+02	3169	7.567174e-01	7.000000e-01	
3.225412e+02	3170	6.567764e+01	3.040830e+02	3.225412e+02	3170	8.223780e-01	7.000000e-01	
3.226429e+02	3171	1.030300e+02	2.947858e+02	3.226429e+02	3171	7.410108e-01	7.000000e-01	
3.227447e+02	3172	9.794916e+01	3.071780e+02	3.227447e+02	3172	7.582261e-01	7.000000e-01	
3.228464e+02	3173	6.849963e+01	3.126725e+02	3.228464e+02	3173	8.202921e-01	7.000000e-01	
3.229482e+02	3174	5.820771e+01	2.978435e+02	3.229482e+02	3174	8.365187e-01	7.000000e-01	
3.230499e+02	3175	7.675774e+01	3.099791e+02	3.230499e+02	3175	8.015246e-01	7.000000e-01	
3.231516e+02	3176	7.033470e+01	3.187814e+02	3.231516e+02	3176	8.192450e-01	7.000000e-01	
3.232534e+02	3177	6.844845e+01	3.349813e+02	3.232534e+02	3177	8.303337e-01	7.000000e-01	
3.233551e+02	3178	7.185392e+01	2.804978e+02	3.233551e+02	3178	7.960733e-01	7.000000e-01	
3.234569e+02	3179	6.510716e+01	3.163660e+02	3.234569e+02	3179	8.293270e-01	7.000000e-01	
3.235586e+02	3180	5.379520e+01	2.692475e+02	3.235586e+02	3180	8.334734e-01	7.000000e-01	
3.236604e+02	3181	9.237267e+01	2.655971e+02	3.236604e+02	3181	7.419540e-01	7.000000e-01	
3.237621e+02	3182	9.173473e+01	2.467014e+02	3.237621e+02	3182	7.289452e-01	7.000000e-01	
3.238639e+02	3183	8.871851e+01	2.436478e+02	3.238639e+02	3183	7.330701e-01	7.000000e-01	
3.239656e+02	3184	8.867082e+01	2.688159e+02	3.239656e+02	3184	7.519605e-01	7.000000e-01	
3.240674e+02	3185	1.064997e+02	2.844724e+02	3.240674e+02	3185	7.276028e-01	7.000000e-01	
3.241691e+02	3186	1.025466e+02	2.548589e+02	3.241691e+02	3186	7.130805e-01	7.000000e-01	
3.242709e+02	3187	7.394827e+01	2.524855e+02	3.242709e+02	3187	7.734662e-01	7.000000e-01	
3.243726e+02	3188	7.239084e+01	2.653809e+02	3.243726e+02	3188	7.856812e-01	7.000000e-01	
3.244744e+02	3189	7.637830e+01	2.489983e+02	3.244744e+02	3189	7.652619e-01	7.000000e-01	
3.245761e+02	3190	9.988503e+01	2.330846e+02	3.245761e+02	3190	7.000176e-01	7.000000e-01	
3.246779e+02	3191	7.984138e+01	2.521443e+02	3.246779e+02	3191	7.595035e-01	7.000000e-01	
3.247796e+02	3192	8.501434e+01	2.466459e+02	3.247796e+02	3192	7.436704e-01	7.000000e-01	
3.248814e+02	3193	8.149827e+01	2.430337e+02	3.248814e+02	3193	7.488744e-01	7.000000e-01	
3.249831e+02	3194	6.427867e+01	2.759114e+02	3.249831e+02	3194	8.110507e-01	7.000000e-01	
3.250849e+02	3195	7.481862e+01	2.630691e+02	3.250849e+02	3195	7.785696e-01	7.000000e-01	
3.251866e+02	3196	6.263177e+01	2.949681e+02	3.251866e+02	3196	8.248552e-01	7.000000e-01	
3.252884e+02	3197	7.934120e+01	2.502256e+02	3.252884e+02	3197	7.592561e-01	7.000000e-01	
3.253901e+02	3198	6.840097e+01	2.932314e+02	3.253901e+02	3198	8.108550e-01	7.000000e-01	
3.254919e+02	3199	6.842156e+01	2.941477e+02	3.254919e+02	3199	8.112869e-01	7.000000e-01	
3.255936e+02	3200	7.090453e+01	2.820586e+02	3.255936e+02	3200	7.991163e-01	7.000000e-01	
3.256953e+02	3201	6.514067e+01	2.923313e+02	3.256953e+02	3201	8.177740e-01	7.000000e-01	
3.257971e+02	3202	7.309448e+01	3.278698e+02	3.257971e+02	3202	8.177033e-01	7.000000e-01	
3.258988e+02	3203	5.926855e+01	3.056198e+02	3.258988e+02	3203	8.375707e-01	7.000000e-01	
3.260006e+02	3204	6.272292e+01	3.004314e+02	3.260006e+02	3204	8.272830e-01	7.000000e-01	
3.261023e+02	3205	6.324579e+01	2.968441e+02	3.261023e+02	3205	8.243611e-01	7.000000e-01	
3.262041e+02	3206	6.609373e+01	2.873286e+02	3.262041e+02	3206	8.129894e-01	7.000000e-01	
3.263058e+02	3207	7.081385e+01	2.738738e+02	3.263058e+02	3207	7.945565e-01	7.000000e-01	
3.264076e+02	3208	7.839529e+01	2.905341e+02	3.264076e+02	3208	7.875060e-01	7.000000e-01	
3.265093e+02	3209	7.493161e+01	2.624205e+02	3.265093e+02	3209	7.778831e-01	7.000000e-01	
3.266111e+02	3210	6.653037e+01	2.748874e+02	3.266111e+02	3210	8.051350e-01	7.000000e-01	
3.267128e+02	3211	6.978661e+01	2.906814e+02	3.267128e+02	3211	8.064000e-01	7.000000e-01	
3.268146e+02	3212	8.896870e+01	2.618825e+02	3.268146e+02	3212	7.464204e-01	7.000000e-01	
3.269163e+02	3213	7.660353e+01	2.776237e+02	3.269163e+02	3213	7.837447e-01	7.000000e-01	
3.270181e+02	3214	8.949855e+01	2.791152e+02	3.270181e+02	3214	7.572024e-01	7.000000e-01	
3.271198e+02	3215	6.719273e+01	2.803780e+02	3.271198e+02	3215	8.066790e-01	7.000000e-01	
3.272216e+02	3216	8.318910e+01	2.976664e+02	3.272216e+02	3216	7.815731e-01	7.000000e-01	
3.273233e+02	3217	7.044490e+01	2.744743e+02	3.273233e+02	3217	7.957641e-01	7.000000e-01	
3.274251e+02	3218	8.238499e+01	2.856112e+02	3.274251e+02	3218	7.761254e-01	7.000000e-01	
3.275268e+02	3219	7.368733e+01	2.600021e+02	3.275268e+02	3219	7.791739e-01	7.000000e-01	
3.276286e+02	3220	7.219449e+01	2.708050e+02	3.276286e+02	3220	7.895201e-01	7.000000e-01	
3.277303e+02	3221	8.060786e+01	2.995880e+02	3.277303e+02	3221	7.879833e-01	7.000000e-01	
3.278321e+02	3222	8.082913e+01	2.906069e+02	3.278321e+02	3222	7.823875e-01	7.000000e-01	
3.279338e+02	3223	9.127203e+01	3.141250e+02	3.279338e+02	3223	7.748577e-01	7.000000e-01	
3.280356e+02	3224	7.225449e+01	2.858363e+02	3.280356e+02	3224	7.982230e-01	7.000000e-01	
3.281373e+02	3225	8.308069e+01	2.994815e+02	3.281373e+02	3225	7.828309e-01	7.000000e-01	
3.282390e+02	3226	7.682055e+01	2.906073e+02	3.282390e+02	3226	7.909234e-01	7.000000e-01	
3.283408e+02	3227	6.688997e+01	2.828454e+02	3.283408e+02	3227	8.087412e-01	7.000000e-01	
3.284425e+02	3228	6.551195e+01	2.906083e+02	3.284425e+02	3228	8.160398e-01	7.000000e-01	
3.285443e+02	3229	6.955099e+01	2.832097e+02	3.285443e+02	3229	8.028380e-01	7.000000e-01	
3.286460e+02	3230	6.522372e+01	2.856749e+02	3.286460e+02	3230	8.141237e-01	7.000000e-01	
3.287478e+02	3231	7.019062e+01	2.742526e+02	3.287478e+02	3231	7.962201e-01	7.000000e-01	
3.288495e+02	3232	7.020415e+01	2.843996e+02	3.288495e+02	3232	8.020208e-01	7.000000e-01	
3.289513e+02	3233	7.762167e+01	2.812260e+02	3.289513e+02	3233	7.836919e-01	7.000000e-01	
3.290530e+02	3234	7.037898e+01	2.866516e+02	3.290530e+02	3234	8.028769e-01	7.000000e-01	
3.291548e+02	3235	6.812045e+01	2.804473e+02	3.291548e+02	3235	8.045704e-01	7.000000e-01	
3.292565e+02	3236	8.409305e+01	3.115755e+02	3.292565e+02	3236	7.874659e-01	7.000000e-01	
3.293583e+02	3237	7.269187e+01	3.005157e+02	3.293583e+02	3237	8.052240e-01	7.000000e-01	
3.294600e+02	3238	8.676423e+01	2.865464e+02	3.294600e+02	3238	7.675817e-01	7.000000e-01	
3.295618e+02	3239	7.749754e+01	2.868678e+02	3.295618e+02	3239	7.873081e-01	7.000000e-01	
3.296635e+02	3240	8.926490e+01	3.060999e+02	3.296635e+02	3240	7.742214e-01	7.000000e-01	
3.297653e+02	3241	7.288970e+01	2.921683e+02	3.297653e+02	3241	8.003339e-01	7.000000e-01	
3.298670e+02	3242	7.610432e+01	2.876468e+02	3.298670e+02	3242	7.907791e-01	7.000000e-01	
3.299688e+02	3243	8.356675e+01	2.966359e+02	3.299688e+02	3243	7.802047e-01	7.000000e-01	
3.300705e+02	3244	9.170631e+01	3.023496e+02	3.300705e+02	3244	7.672759e-01	7.000000e-01	
3.301723e+02	3245	9.059440e+01	3.255180e+02	3.301723e+02	3245	7.822838e-01	7.000000e-01	
3.302740e+02	3246	6.884854e+01	2.826912e+02	3.302740e+02	3246	8.041515e-01	7.000000e-01	
3.303758e+02	3247	6.105346e+01	2.777354e+02	3.303758e+02	3247	8.197891e-01	7.000000e-01	
3.304775e+02	3248	5.894582e+01	2.948573e+02	3.304775e+02	3248	8.333937e-01	7.000000e-01	
3.305793e+02	3249	8.269228e+01	2.883813e+02	3.305793e+02	3249	7.771540e-01	7.000000e-01	
3.306810e+02	3250	7.480878e+01	2.514454e+02	3.306810e+02	3250	7.707040e-01	7.000000e-01	
3.307827e+02	3251	7.025035e+01	2.812988e+02	3.307827e+02	3251	8.001692e-01	7.000000e-01	
3.308845e+02	3252	5.734560e+01	2.804981e+02	3.308845e+02	3252	8.302600e-01	7.000000e-01	
3.309862e+02	3253	6.826696e+01	2.654962e+02	3.309862e+02	3253	7.954629e-01	7.000000e-01	
3.310880e+02	3254	7.694984e+01	3.020576e+02	3.310880e+02	3254	7.969701e-01	7.000000e-01	
3.311897e+02	3255	7.483569e+01	2.857382e+02	3.311897e+02	3255	7.924539e-01	7.000000e-01	
3.312915e+02	3256	5.627700e+01	2.889828e+02	3.312915e+02	3256	8.370010e-01	7.000000e-01	
3.313932e+02	3257	6.810314e+01	2.756510e+02	3.313932e+02	3257	8.018842e-01	7.000000e-01	
3.314950e+02	3258	8.144410e+01	2.992645e+02	3.314950e+02	3258	7.860723e-01	7.000000e-01	
3.315967e+02	3259	7.724201e+01	2.876569e+02	3.315967e+02	3259	7.883194e-01	7.000000e-01	
3.316985e+02	3260	8.116970e+01	3.043929e+02	3.316985e+02	3260	7.894772e-01	7.000000e-01	
3.318002e+02	3261	7.312802e+01	3.373339e+02	3.318002e+02	3261	8.218397e-01	7.000000e-01	
3.319020e+02	3262	5.666988e+01	2.496443e+02	3.319020e+02	3262	8.149943e-01	7.000000e-01	
3.320037e+02	3263	5.675317e+01	2.389694e+02	3.320037e+02	3263	8.080864e-01	7.000000e-01	
3.321055e+02	3264	7.629813e+01	2.583559e+02	3.321055e+02	3264	7.720089e-01	7.000000e-01	
3.322072e+02	3265	7.021498e+01	2.649795e+02	3.322072e+02	3265	7.905247e-01	7.000000e-01	
3.323090e+02	3266	6.349011e+01	2.612528e+02	3.323090e+02	3266	8.044912e-01	7.000000e-01	
3.324107e+02	3267	4.885978e+01	2.870028e+02	3.324107e+02	3267	8.545245e-01	7.000000e-01	
3.325125e+02	3268	7.274470e+01	2.563752e+02	3.325125e+02	3268	7.789720e-01	7.000000e-01	
3.326142e+02	3269	6.856240e+01	2.926436e+02	3.326142e+02	3269	8.101848e-01	7.000000e-01	
3.327160e+02	3270	6.365989e+01	2.953384e+02	3.327160e+02	3270	8.226736e-01	7.000000e-01	
3.328177e+02	3271	6.489840e+01	2.673444e+02	3.328177e+02	3271	8.046657e-01	7.000000e-01	
3.329195e+02	3272	5.175237e+01	2.919171e+02	3.329195e+02	3272	8.494124e-01	7.000000e-01	
3.330212e+02	3273	6.304589e+01	2.934678e+02	3.330212e+02	3273	8.231600e-01	7.000000e-01	
3.331230e+02	3274	6.899086e+01	3.168798e+02	3.331230e+02	3274	8.212073e-01	7.000000e-01	
3.332247e+02	3275	6.870910e+01	2.809060e+02	3.332247e+02	3275	8.034722e-01	7.000000e-01	
3.333264e+02	3276	9.825178e+01	2.477805e+02	3.333264e+02	3276	7.160618e-01	7.000000e-01	
3.334282e+02	3277	5.954851e+01	2.779038e+02	3.334282e+02	3277	8.235350e-01	7.000000e-01	
3.335299e+02	3278	6.998179e+01	2.751130e+02	3.335299e+02	3278	7.972099e-01	7.000000e-01	
3.336317e+02	3279	7.778900e+01	2.940938e+02	3.336317e+02	3279	7.908239e-01	7.000000e-01	
3.337334e+02	3280	5.390145e+01	2.759854e+02	3.337334e+02	3280	8.366062e-01	7.000000e-01	
3.338352e+02	3281	7.125882e+01	2.790539e+02	3.338352e+02	3281	7.965851e-01	7.000000e-01	
3.339369e+02	3282	5.830796e+01	2.649990e+02	3.339369e+02	3282	8.196514e-01	7.000000e-01	
3.340387e+02	3283	7.917386e+01	2.703723e+02	3.340387e+02	3283	7.734953e-01	7.000000e-01	
3.341404e+02	3284	6.062863e+01	2.860308e+02	3.341404e+02	3284	8.251061e-01	7.000000e-01	
3.342422e+02	3285	6.240066e+01	2.757795e+02	3.342422e+02	3285	8.154810e-01	7.000000e-01	
3.343439e+02	3286	8.252373e+01	2.497772e+02	3.343439e+02	3286	7.516596e-01	7.000000e-01	
3.344457e+02	3287	7.738536e+01	2.660200e+02	3.344457e+02	3287	7.746530e-01	7.000000e-01	
3.345474e+02	3288	7.716991e+01	2.666109e+02	3.345474e+02	3288	7.755258e-01	7.000000e-01	
3.346492e+02	3289	8.059218e+01	2.640881e+02	3.346492e+02	3289	7.661828e-01	7.000000e-01	
3.347509e+02	3290	7.377074e+01	2.623848e+02	3.347509e+02	3290	7.805458e-01	7.000000e-01	
3.348527e+02	3291	7.760750e+01	2.701460e+02	3.348527e+02	3291	7.768319e-01	7.000000e-01	
3.349544e+02	3292	9.890883e+01	2.692331e+02	3.349544e+02	3292	7.313296e-01	7.000000e-01	
3.350562e+02	3293	7.618323e+01	2.709803e+02	3.350562e+02	3293	7.805552e-01	7.000000e-01	
3.351579e+02	3294	6.589047e+01	2.626980e+02	3.351579e+02	3294	7.994742e-01	7.000000e-01	
3.352597e+02	3295	6.549525e+01	2.682001e+02	3.352597e+02	3295	8.037274e-01	7.000000e-01	
3.353614e+02	3296	7.776344e+01	2.633512e+02	3.353614e+02	3296	7.720314e-01	7.000000e-01	
3.354632e+02	3297	7.707567e+01	2.876990e+02	3.354632e+02	3297	7.887033e-01	7.000000e-01	
3.355649e+02	3298	7.161869e+01	2.949374e+02	3.355649e+02	3298	8.046174e-01	7.000000e-01	
3.356667e+02	3299	7.144561e+01	2.703989e+02	3.356667e+02	3299	7.909997e-01	7.000000e-01	
3.357684e+02	3300	6.944619e+01	2.694473e+02	3.357684e+02	3300	7.950796e-01	7.000000e-01	
3.358701e+02	3301	6.907420e+01	2.737198e+02	3.358701e+02	3301	7.984965e-01	7.000000e-01	
3.359719e+02	3302	6.676103e+01	2.704623e+02	3.359719e+02	3302	8.020273e-01	7.000000e-01	
3.360736e+02	3303	7.194287e+01	2.456734e+02	3.360736e+02	3303	7.734912e-01	7.000000e-01	
3.361754e+02	3304	6.542594e+01	2.693500e+02	3.361754e+02	3304	8.045680e-01	7.000000e-01	
3.362771e+02	3305	6.114255e+01	2.870294e+02	3.362771e+02	3305	8.243898e-01	7.000000e-01	
3.363789e+02	3306	7.508527e+01	2.552412e+02	3.363789e+02	3306	7.726938e-01	7.000000e-01	
3.364806e+02	3307	3.774297e+01	2.635747e+02	3.364806e+02	3307	8.747403e-01	7.000000e-01	
3.365824e+02	3308	6.898337e+01	2.616755e+02	3.365824e+02	3308	7.913760e-01	7.000000e-01	
3.366841e+02	3309	6.540453e+01	2.713516e+02	3.366841e+02	3309	8.057807e-01	7.000000e-01	
3.367859e+02	3310	8.630335e+01	2.790754e+02	3.367859e+02	3310	7.637976e-01	7.000000e-01	
3.368876e+02	3311	6.431160e+01	2.711601e+02	3.368876e+02	3311	8.082950e-01	7.000000e-01	
3.369894e+02	3312	6.743630e+01	2.813362e+02	3.369894e+02	3312	8.066467e-01	7.000000e-01	
3.370911e+02	3313	6.857564e+01	2.735749e+02	3.370911e+02	3313	7.995747e-01	7.000000e-01	
3.371929e+02	3314	7.464997e+01	2.688507e+02	3.371929e+02	3314	7.826788e-01	7.000000e-01	
3.372946e+02	3315	7.631968e+01	2.915491e+02	3.372946e+02	3315	7.925356e-01	7.000000e-01	
3.373964e+02	3316	7.585280e+01	2.531618e+02	3.373964e+02	3316	7.694546e-01	7.000000e-01	
3.374981e+02	3317	7.212395e+01	2.546558e+02	3.374981e+02	3317	7.792888e-01	7.000000e-01	
3.375999e+02	3318	7.695805e+01	2.801823e+02	3.375999e+02	3318	7.845159e-01	7.000000e-01	
3.377016e+02	3319	6.428999e+01	2.881406e+02	3.377016e+02	3319	8.175811e-01	7.000000e-01	
3.378034e+02	3320	7.772346e+01	2.785416e+02	3.378034e+02	3320	7.818381e-01	7.000000e-01	
3.379051e+02	3321	6.948329e+01	3.016358e+02	3.379051e+02	3321	8.127736e-01	7.000000e-01	
3.380069e+02	3322	8.005582e+01	2.548690e+02	3.380069e+02	3322	7.609738e-01	7.000000e-01	
3.381086e+02	3323	7.120229e+01	2.769251e+02	3.381086e+02	3323	7.954706e-01	7.000000e-01	
3.382104e+02	3324	7.212506e+01	3.328629e+02	3.382104e+02	3324	8.219081e-01	7.000000e-01	
3.383121e+02	3325	7.915624e+01	2.730045e+02	3.383121e+02	3325	7.752270e-01	7.000000e-01	
3.384138e+02	3326	6.476352e+01	2.874321e+02	3.384138e+02	3326	8.161149e-01	7.000000e-01	
3.385156e+02	3327	6.110207e+01	2.990992e+02	3.385156e+02	3327	8.303669e-01	7.000000e-01	
3.386173e+02	3328	8.283222e+01	2.531780e+02	3.386173e+02	3328	7.534830e-01	7.000000e-01	
3.387191e+02	3329	7.574539e+01	2.607707e+02	3.387191e+02	3329	7.749130e-01	7.000000e-01	
3.388208e+02	3330	8.096647e+01	2.652156e+02	3.388208e+02	3330	7.661159e-01	7.000000e-01	
3.389226e+02	3331	8.036052e+01	2.735725e+02	3.389226e+02	3331	7.729499e-01	7.000000e-01	
3.390243e+02	3332	8.284983e+01	2.750731e+02	3.390243e+02	3332	7.685261e-01	7.000000e-01	
3.391261e+02	3333	8.477527e+01	2.651527e+02	3.391261e+02	3333	7.577351e-01	7.000000e-01	
3.392278e+02	3334	8.275699e+01	2.545008e+02	3.392278e+02	3334	7.546180e-01	7.000000e-01	
3.393296e+02	3335	8.375155e+01	2.739422e+02	3.393296e+02	3335	7.658568e-01	7.000000e-01	
3.394313e+02	3336	6.831208e+01	2.847165e+02	3.394313e+02	3336	8.064970e-01	7.000000e-01	
3.395331e+02	3337	8.363833e+01	2.683512e+02	3.395331e+02	3337	7.623840e-01	7.000000e-01	
3.396348e+02	3338	6.778155e+01	2.840241e+02	3.396348e+02	3338	8.073324e-01	7.000000e-01	
3.397366e+02	3339	7.375123e+01	2.864341e+02	3.397366e+02	3339	7.952409e-01	7.000000e-01	
3.398383e+02	3340	5.595836e+01	2.943063e+02	3.398383e+02	3340	8.402398e-01	7.000000e-01	
3.399401e+02	3341	7.137220e+01	2.753690e+02	3.399401e+02	3341	7.941629e-01	7.000000e-01	
3.400418e+02	3342	6.807256e+01	2.795368e+02	3.400418e+02	3342	8.041694e-01	7.000000e-01	
3.401436e+02	3343	6.772274e+01	2.920800e+02	3.401436e+02	3343	8.117781e-01	7.000000e-01	
3.402453e+02	3344	6.389174e+01	2.986459e+02	3.402453e+02	3344	8.237652e-01	7.000000e-01	
3.403471e+02	3345	7.114231e+01	2.685908e+02	3.403471e+02	3345	7.905935e-01	7.000000e-01	
3.404488e+02	3346	5.877070e+01	3.149555e+02	3.404488e+02	3346	8.427440e-01	7.000000e-01	
3.405506e+02	3347	7.502417e+01	2.816532e+02	3.405506e+02	3347	7.896582e-01	7.000000e-01	
3.406523e+02	3348	6.258798e+01	2.898803e+02	3.406523e+02	3348	8.224295e-01	7.000000e-01	
3.407541e+02	3349	7.833986e+01	2.823797e+02	3.407541e+02	3349	7.828234e-01	7.000000e-01	
3.408558e+02	3350	6.407925e+01	2.686611e+02	3.408558e+02	3350	8.074197e-01	7.000000e-01	
3.409575e+02	3351	6.028033e+01	2.524658e+02	3.409575e+02	3351	8.072548e-01	7.000000e-01	
3.410593e+02	3352	6.508764e+01	2.688058e+02	3.410593e+02	3352	8.050646e-01	7.000000e-01	
3.411610e+02	3353	6.145579e+01	2.545775e+02	3.411610e+02	3353	8.055401e-01	7.000000e-01	
3.412628e+02	3354	6.834775e+01	2.599093e+02	3.412628e+02	3354	7.917859e-01	7.000000e-01	
3.413645e+02	3355	6.489000e+01	2.686084e+02	3.413645e+02	3355	8.054264e-01	7.000000e-01	
3.414663e+02	3356	4.094519e+01	3.042492e+02	3.414663e+02	3356	8.813851e-01	7.000000e-01	
3.415680e+02	3357	6.774908e+01	2.733368e+02	3.415680e+02	3357	8.013724e-01	7.000000e-01	
3.416698e+02	3358	5.776369e+01	3.095343e+02	3.416698e+02	3358	8.427334e-01	7.000000e-01	
3.417715e+02	3359	5.799415e+01	2.633592e+02	3.417715e+02	3359	8.195315e-01	7.000000e-01	
3.418733e+02	3360	6.338240e+01	2.618279e+02	3.418733e+02	3360	8.051033e-01	7.000000e-01	
3.419750e+02	3361	4.535719e+01	2.667526e+02	3.419750e+02	3361	8.546755e-01	7.000000e-01	
3.420768e+02	3362	6.241226e+01	2.719873e+02	3.420768e+02	3362	8.133602e-01	7.000000e-01	
3.421785e+02	3363	6.314677e+01	3.244577e+02	3.421785e+02	3363	8.370845e-01	7.000000e-01	
3.422803e+02	3364	6.651052e+01	3.397993e+02	3.422803e+02	3364	8.363059e-01	7.000000e-01	
3.423820e+02	3365	6.168273e+01	3.155537e+02	3.423820e+02	3365	8.364879e-01	7.000000e-01	
3.424838e+02	3366	6.378846e+01	3.280778e+02	3.424838e+02	3366	8.372188e-01	7.000000e-01	
3.425855e+02	3367	5.819533e+01	2.909861e+02	3.425855e+02	3367	8.333378e-01	7.000000e-01	
3.426873e+02	3368	6.907333e+01	3.395708e+02	3.426873e+02	3368	8.309695e-01	7.000000e-01	
3.427890e+02	3369	7.310136e+01	3.229566e+02	3.427890e+02	3369	8.154276e-01	7.000000e-01	
3.428908e+02	3370	5.817437e+01	3.106601e+02	3.428908e+02	3370	8.422751e-01	7.000000e-01	
3.429925e+02	3371	7.928544e+01	2.435867e+02	3.429925e+02	3371	7.544370e-01	7.000000e-01	
3.430943e+02	3372	7.025536e+01	2.861505e+02	3.430943e+02	3372	8.028782e-01	7.000000e-01	
3.431960e+02	3373	6.398074e+01	2.772545e+02	3.431960e+02	3373	8.125025e-01	7.000000e-01	
3.432978e+02	3374	7.181628e+01	2.774367e+02	3.432978e+02	3374	7.943717e-01	7.000000e-01	
3.433995e+02	3375	6.363869e+01	2.687093e+02	3.433995e+02	3375	8.085179e-01	7.000000e-01	
3.435012e+02	3376	6.260876e+01	2.780256e+02	3.435012e+02	3376	8.161995e-01	7.000000e-01	
3.436030e+02	3377	6.434164e+01	2.838253e+02	3.436030e+02	3377	8.151989e-01	7.000000e-01	
3.437047e+02	3378	8.481290e+01	2.565897e+02	3.437047e+02	3378	7.515751e-01	7.000000e-01	
3.438065e+02	3379	7.810197e+01	2.584607e+02	3.438065e+02	3379	7.679423e-01	7.000000e-01	
3.439082e+02	3380	7.873191e+01	2.805837e+02	3.439082e+02	3380	7.808837e-01	7.000000e-01	
3.440100e+02	3381	7.667450e+01	2.605889e+02	3.440100e+02	3381	7.726569e-01	7.000000e-01	
3.441117e+02	3382	7.742013e+01	2.371781e+02	3.441117e+02	3382	7.539079e-01	7.000000e-01	
3.442135e+02	3383	8.192454e+01	2.586213e+02	3.442135e+02	3383	7.594317e-01	7.000000e-01	
3.443152e+02	3384	7.590757e+01	2.812261e+02	3.443152e+02	3384	7.874533e-01	7.000000e-01	
3.444170e+02	3385	7.964804e+01	2.538967e+02	3.444170e+02	3385	7.612073e-01	7.000000e-01	
3.445187e+02	3386	7.805111e+01	3.030862e+02	3.445187e+02	3386	7.952152e-01	7.000000e-01	
3.446205e+02	3387	8.053889e+01	2.865514e+02	3.446205e+02	3387	7.806020e-01	7.000000e-01	
3.447222e+02	3388	7.361320e+01	2.653120e+02	3.447222e+02	3388	7.828040e-01	7.000000e-01	
3.448240e+02	3389	7.976831e+01	2.931273e+02	3.448240e+02	3389	7.860841e-01	7.000000e-01	
3.449257e+02	3390	7.960846e+01	2.816546e+02	3.449257e+02	3390	7.796385e-01	7.000000e-01	
3.450275e+02	3391	8.229912e+01	3.018315e+02	3.450275e+02	3391	7.857523e-01	7.000000e-01	
3.451292e+02	3392	7.873949e+01	2.860111e+02	3.451292e+02	3392	7.841279e-01	7.000000e-01	
3.452310e+02	3393	7.642270e+01	3.018498e+02	3.452310e+02	3393	7.979692e-01	7.000000e-01	
3.453327e+02	3394	7.869262e+01	2.904109e+02	3.453327e+02	3394	7.868007e-01	7.000000e-01	
3.454345e+02	3395	8.160525e+01	2.550043e+02	3.454345e+02	3395	7.575670e-01	7.000000e-01	
3.455362e+02	3396	7.770918e+01	2.702300e+02	3.455362e+02	3396	7.766587e-01	7.000000e-01	
3.456380e+02	3397	7.487340e+01	2.722204e+02	3.456380e+02	3397	7.842848e-01	7.000000e-01	
3.457397e+02	3398	8.388101e+01	2.626718e+02	3.457397e+02	3398	7.579561e-01	7.000000e-01	
3.458415e+02	3399	7.437518e+01	2.799675e+02	3.458415e+02	3399	7.901038e-01	7.000000e-01	
3.459432e+02	3400	8.322497e+01	2.795754e+02	3.459432e+02	3400	7.706040e-01	7.000000e-01	
3.460449e+02	3401	7.586063e+01	2.907045e+02	3.460449e+02	3401	7.930501e-01	7.000000e-01	
3.461467e+02	3402	8.248737e+01	2.845228e+02	3.461467e+02	3402	7.752450e-01	7.000000e-01	
3.462484e+02	3403	6.305721e+01	2.653788e+02	3.462484e+02	3403	8.080076e-01	7.000000e-01	
3.463502e+02	3404	7.782436e+01	2.760977e+02	3.463502e+02	3404	7.801088e-01	7.000000e-01	
3.464519e+02	3405	7.539464e+01	2.793553e+02	3.464519e+02	3405	7.874710e-01	7.000000e-01	
3.465537e+02	3406	7.772205e+01	2.775935e+02	3.465537e+02	3406	7.812591e-01	7.000000e-01	
3.466554e+02	3407	6.667219e+01	2.801845e+02	3.466554e+02	3407	8.077817e-01	7.000000e-01	
3.467572e+02	3408	7.058756e+01	2.776376e+02	3.467572e+02	3408	7.972933e-01	7.000000e-01	
3.468589e+02	3409	7.014977e+01	2.738969e+02	3.468589e+02	3409	7.961039e-01	7.000000e-01	
3.469607e+02	3410	7.812266e+01	2.711045e+02	3.469607e+02	3410	7.762984e-01	7.000000e-01	
3.470624e+02	3411	7.883657e+01	2.783515e+02	3.470624e+02	3411	7.792855e-01	7.000000e-01	
3.471642e+02	3412	7.748318e+01	2.764433e+02	3.471642e+02	3412	7.810755e-01	7.000000e-01	
3.472659e+02	3413	5.262475e+01	2.828791e+02	3.472659e+02	3413	8.431471e-01	7.000000e-01	
3.473677e+02	3414	5.914827e+01	2.750256e+02	3.473677e+02	3414	8.230015e-01	7.000000e-01	
3.474694e+02	3415	5.149128e+01	2.696740e+02	3.474694e+02	3415	8.396736e-01	7.000000e-01	
3.475712e+02	3416	3.994672e+01	3.218093e+02	3.475712e+02	3416	8.895755e-01	7.000000e-01	
3.476729e+02	3417	5.959689e+01	2.810218e+02	3.476729e+02	3417	8.250334e-01	7.000000e-01	
3.477747e+02	3418	6.019132e+01	2.512366e+02	3.477747e+02	3418	8.067247e-01	7.000000e-01	
3.478764e+02	3419	8.436512e+01	2.596357e+02	3.478764e+02	3419	7.547531e-01	7.000000e-01	
3.479782e+02	3420	4.738328e+01	2.772569e+02	3.479782e+02	3420	8.540437e-01	7.000000e-01	
3.480799e+02	3421	9.072502e+01	2.878719e+02	3.480799e+02	3421	7.603651e-01	7.000000e-01	
3.481817e+02	3422	5.598066e+01	2.800932e+02	3.481817e+02	3422	8.334275e-01	7.000000e-01	
3.482834e+02	3423	8.364511e+01	2.694129e+02	3.482834e+02	3423	7.630839e-01	7.000000e-01	
3.483852e+02	3424	8.324118e+01	2.524523e+02	3.483852e+02	3424	7.520322e-01	7.000000e-01	
3.484869e+02	3425	7.028028e+01	2.756111e+02	3.484869e+02	3425	7.968140e-01	7.000000e-01	
3.485886e+02	3426	7.273679e+01	2.646603e+02	3.485886e+02	3426	7.844179e-01	7.000000e-01	
3.486904e+02	3427	8.504863e+01	2.503889e+02	3.486904e+02	3427	7.464546e-01	7.000000e-01	
3.487921e+02	3428	7.516803e+01	2.754624e+02	3.487921e+02	3428	7.856203e-01	7.000000e-01	
3.488939e+02	3429	6.363590e+01	2.296938e+02	3.488939e+02	3429	7.830567e-01	7.000000e-01	
3.489956e+02	3430	7.420656e+01	2.418035e+02	3.489956e+02	3430	7.651766e-01	7.000000e-01	
3.490974e+02	3431	7.851220e+01	2.849530e+02	3.490974e+02	3431	7.839898e-01	7.000000e-01	
3.491991e+02	3432	7.114071e+01	2.697362e+02	3.491991e+02	3432	7.913009e-01	7.000000e-01	
3.493009e+02	3433	7.720049e+01	2.725567e+02	3.493009e+02	3433	7.792740e-01	7.000000e-01	
3.494026e+02	3434	9.089124e+01	2.583676e+02	3.494026e+02	3434	7.397597e-01	7.000000e-01	
3.495044e+02	3435	7.547682e+01	2.761032e+02	3.495044e+02	3435	7.853211e-01	7.000000e-01	
3.496061e+02	3436	7.269405e+01	2.684386e+02	3.496061e+02	3436	7.869039e-01	7.000000e-01	
3.497079e+02	3437	8.602726e+01	2.465842e+02	3.497079e+02	3437	7.413581e-01	7.000000e-01	
3.498096e+02	3438	9.473241e+01	2.675880e+02	3.498096e+02	3438	7.385397e-01	7.000000e-01	
3.499114e+02	3439	9.084800e+01	2.592667e+02	3.499114e+02	3439	7.405193e-01	7.000000e-01	
3.500131e+02	3440	9.604547e+01	3.265642e+02	3.500131e+02	3440	7.727324e-01	7.000000e-01	
3.501149e+02	3441	1.006702e+02	3.129058e+02	3.501149e+02	3441	7.565860e-01	7.000000e-01	
3.502166e+02	3442	1.142239e+02	3.042531e+02	3.502166e+02	3442	7.270486e-01	7.000000e-01	
3.503184e+02	3443	9.735570e+01	2.688626e+02	3.503184e+02	3443	7.341594e-01	7.000000e-01	
3.504201e+02	3444	1.036477e+02	2.761537e+02	3.504201e+02	3444	7.271003e-01	7.000000e-01	
3.505219e+02	3445	8.196010e+01	3.662577e+02	3.505219e+02	3445	8.171422e-01	7.000000e-01	
3.506236e+02	3446	1.058756e+02	3.283564e+02	3.506236e+02	3446	7.561773e-01	7.000000e-01	
3.507254e+02	3447	8.041369e+01	3.149215e+02	3.507254e+02	3447	7.965936e-01	7.000000e-01	
3.508271e+02	3448	6.509695e+01	3.204576e+02	3.508271e+02	3448	8.311602e-01	7.000000e-01	
3.509289e+02	3449	6.188772e+01	3.261541e+02	3.509289e+02	3449	8.405128e-01	7.000000e-01	
3.510306e+02	3450	6.995100e+01	3.517590e+02	3.510306e+02	3450	8.341253e-01	7.000000e-01	
3.511323e+02	3451	6.861276e+01	3.226570e+02	3.511323e+02	3451	8.246408e-01	7.000000e-01	
3.512341e+02	3452	8.978670e+01	3.295479e+02	3.512341e+02	3452	7.858829e-01	7.000000e-01	
3.513358e+02	3453	7.589895e+01	3.025464e+02	3.513358e+02	3453	7.994454e-01	7.000000e-01	
3.514376e+02	3454	7.433220e+01	3.213527e+02	3.514376e+02	3454	8.121429e-01	7.000000e-01	
3.515393e+02	3455	6.195197e+01	3.249829e+02	3.515393e+02	3455	8.398904e-01	7.000000e-01	
3.516411e+02	3456	7.628437e+01	3.041697e+02	3.516411e+02	3456	7.994913e-01	7.000000e-01	
3.517428e+02	3457	8.025378e+01	2.910743e+02	3.517428e+02	3457	7.838737e-01	7.000000e-01	
3.518446e+02	3458	8.330868e+01	2.972730e+02	3.518446e+02	3458	7.811017e-01	7.000000e-01	
3.519463e+02	3459	6.409299e+01	3.177098e+02	3.519463e+02	3459	8.321306e-01	7.000000e-01	
3.520481e+02	3460	7.693884e+01	2.880147e+02	3.520481e+02	3460	7.891818e-01	7.000000e-01	
3.521498e+02	3461	8.630780e+01	2.999425e+02	3.521498e+02	3461	7.765496e-01	7.000000e-01	
3.522516e+02	3462	1.002262e+02	2.803908e+02	3.522516e+02	3462	7.366744e-01	7.000000e-01	
3.523533e+02	3463	8.118086e+01	2.991249e+02	3.523533e+02	3463	7.865379e-01	7.000000e-01	
3.524551e+02	3464	7.674782e+01	3.091250e+02	3.524551e+02	3464	8.011059e-01	7.000000e-01	
3.525568e+02	3465	8.291025e+01	3.022456e+02	3.525568e+02	3465	7.847358e-01	7.000000e-01	
3.526586e+02	3466	9.269646e+01	3.169721e+02	3.526586e+02	3466	7.737282e-01	7.000000e-01	
3.527603e+02	3467	8.174238e+01	2.905687e+02	3.527603e+02	3467	7.804460e-01	7.000000e-01	
3.528621e+02	3468	8.717610e+01	2.934589e+02	3.528621e+02	3468	7.709719e-01	7.000000e-01	
3.529638e+02	3469	9.407943e+01	3.259178e+02	3.529638e+02	3469	7.759999e-01	7.000000e-01	
3.530656e+02	3470	9.186562e+01	2.658874e+02	3.530656e+02	3470	7.432150e-01	7.000000e-01	
3.531673e+02	3471	9.042954e+01	2.711638e+02	3.531673e+02	3471	7.499137e-01	7.000000e-01	
3.532691e+02	3472	9.626410e+01	2.805417e+02	3.532691e+02	3472	7.445260e-01	7.000000e-01	
3.533708e+02	3473	1.045350e+02	2.932861e+02	3.533708e+02	3473	7.372311e-01	7.000000e-01	
3.534726e+02	3474	8.537963e+01	2.714214e+02	3.534726e+02	3474	7.607080e-01	7.000000e-01	
3.535743e+02	3475	9.700911e+01	2.981950e+02	3.535743e+02	3475	7.545342e-01	7.000000e-01	
3.536760e+02	3476	8.804431e+01	2.863709e+02	3.536760e+02	3476	7.648485e-01	7.000000e-01	
3.537778e+02	3477	8.315374e+01	2.832469e+02	3.537778e+02	3477	7.730524e-01	7.000000e-01	
3.538795e+02	3478	8.055174e+01	2.861004e+02	3.538795e+02	3478	7.803047e-01	7.000000e-01	
3.539813e+02	3479	8.713599e+01	2.706210e+02	3.539813e+02	3479	7.564381e-01	7.000000e-01	
3.540830e+02	3480	8.949896e+01	2.736916e+02	3.540830e+02	3480	7.535758e-01	7.000000e-01	
3.541848e+02	3481	8.757043e+01	2.839893e+02	3.541848e+02	3481	7.643167e-01	7.000000e-01	
3.542865e+02	3482	7.845486e+01	2.938090e+02	3.542865e+02	3482	7.892493e-01	7.000000e-01	
3.543883e+02	3483	6.969667e+01	2.746970e+02	3.543883e+02	3483	7.976250e-01	7.000000e-01	
3.544900e+02	3484	8.760977e+01	2.628795e+02	3.544900e+02	3484	7.500358e-01	7.000000e-01	
3.545918e+02	3485	7.486701e+01	2.871375e+02	3.545918e+02	3485	7.931876e-01	7.000000e-01	
3.546935e+02	3486	7.572852e+01	2.778953e+02	3.546935e+02	3486	7.858501e-01	7.000000e-01	
3.547953e+02	3487	8.885116e+01	2.856767e+02	3.547953e+02	3487	7.627649e-01	7.000000e-01	
3.548970e+02	3488	8.833553e+01	3.061087e+02	3.548970e+02	3488	7.760506e-01	7.000000e-01	
3.549988e+02	3489	9.063173e+01	3.004265e+02	3.549988e+02	3489	7.682398e-01	7.000000e-01	
3.551005e+02	3490	7.816188e+01	2.858615e+02	3.551005e+02	3490	7.852834e-01	7.000000e-01	
3.552023e+02	3491	7.872104e+01	2.532461e+02	3.552023e+02	3491	7.628650e-01	7.000000e-01	
3.553040e+02	3492	7.444903e+01	3.012525e+02	3.553040e+02	3492	8.018400e-01	7.000000e-01	
3.554058e+02	3493	9.037000e+01	3.167349e+02	3.554058e+02	3493	7.780179e-01	7.000000e-01	
3.555075e+02	3494	7.545306e+01	2.865531e+02	3.555075e+02	3494	7.915697e-01	7.000000e-01	
3.556093e+02	3495	9.184728e+01	3.044338e+02	3.556093e+02	3495	7.682269e-01	7.000000e-01	
3.557110e+02	3496	8.567406e+01	2.870396e+02	3.557110e+02	3496	7.701344e-01	7.000000e-01	
3.558128e+02	3497	1.061653e+02	3.133274e+02	3.558128e+02	3497	7.469198e-01	7.000000e-01	
3.559145e+02	3498	9.659979e+01	2.969380e+02	3.559145e+02	3498	7.545349e-01	7.000000e-01	
3.560163e+02	3499	6.819482e+01	3.666811e+02	3.560163e+02	3499	8.431856e-01	7.000000e-01	
3.561180e+02	3500	9.271695e+01	3.094027e+02	3.561180e+02	3500	7.694294e-01	7.000000e-01	
3.562197e+02	3501	9.310891e+01	2.930972e+02	3.562197e+02	3501	7.589139e-01	7.000000e-01	
3.563215e+02	3502	8.363382e+01	3.289522e+02	3.563215e+02	3502	7.972936e-01	7.000000e-01	
3.564232e+02	3503	9.144600e+01	2.594256e+02	3.564232e+02	3503	7.393747e-01	7.000000e-01	
3.565250e+02	3504	9.102083e+01	2.697831e+02	3.565250e+02	3504	7.477277e-01	7.000000e-01	
3.566267e+02	3505	8.267158e+01	2.625547e+02	3.566267e+02	3505	7.605293e-01	7.000000e-01	
3.567285e+02	3506	1.126452e+02	2.667806e+02	3.567285e+02	3506	7.031167e-01	7.000000e-01	
3.568302e+02	3507	9.080439e+01	2.988537e+02	3.568302e+02	3507	7.669639e-01	7.000000e-01	
3.569320e+02	3508	8.288127e+01	2.654210e+02	3.569320e+02	3508	7.620421e-01	7.000000e-01	
3.570337e+02	3509	9.336987e+01	2.719798e+02	3.570337e+02	3509	7.444370e-01	7.000000e-01	
3.571355e+02	3510	7.639582e+01	2.602241e+02	3.571355e+02	3510	7.730502e-01	7.000000e-01	
3.572372e+02	3511	8.624334e+01	2.588180e+02	3.572372e+02	3511	7.500637e-01	7.000000e-01	
3.573390e+02	3512	9.288162e+01	2.631653e+02	3.573390e+02	3512	7.391310e-01	7.000000e-01	
3.574407e+02	3513	8.781837e+01	3.271961e+02	3.574407e+02	3513	7.883968e-01	7.000000e-01	
3.575425e+02	3514	8.007529e+01	3.082588e+02	3.575425e+02	3514	7.937979e-01	7.000000e-01	
3.576442e+02	3515	9.050948e+01	2.807412e+02	3.576442e+02	3515	7.562039e-01	7.000000e-01	
3.577460e+02	3516	9.607726e+01	3.032246e+02	3.577460e+02	3516	7.593869e-01	7.000000e-01	
3.578477e+02	3517	8.107813e+01	3.201937e+02	3.578477e+02	3517	7.979471e-01	7.000000e-01	
3.579495e+02	3518	9.032420e+01	3.141363e+02	3.579495e+02	3518	7.766798e-01	7.000000e-01	
3.580512e+02	3519	8.659637e+01	3.128392e+02	3.580512e+02	3519	7.832032e-01	7.000000e-01	
3.581530e+02	3520	8.468661e+01	2.966091e+02	3.581530e+02	3520	7.778978e-01	7.000000e-01	
3.582547e+02	3521	8.279707e+01	3.207891e+02	3.582547e+02	3521	7.948466e-01	7.000000e-01	
3.583565e+02	3522	8.310458e+01	2.876692e+02	3.583565e+02	3522	7.758618e-01	7.000000e-01	
3.584582e+02	3523	9.174598e+01	3.279124e+02	3.584582e+02	3523	7.813794e-01	7.000000e-01	
3.585600e+02	3524	7.444544e+01	2.836677e+02	3.585600e+02	3524	7.921175e-01	7.000000e-01	
3.586617e+02	3525	7.393755e+01	2.628897e+02	3.586617e+02	3525	7.804882e-01	7.000000e-01	
3.587634e+02	3526	8.325685e+01	2.981091e+02	3.587634e+02	3526	7.816878e-01	7.000000e-01	
3.588652e+02	3527	7.354469e+01	2.465716e+02	3.588652e+02	3527	7.702563e-01	7.000000e-01	
3.589669e+02	3528	9.269993e+01	2.920465e+02	3.589669e+02	3528	7.590623e-01	7.000000e-01	
3.590687e+02	3529	7.360568e+01	3.340181e+02	3.590687e+02	3529	8.194274e-01	7.000000e-01	
3.591704e+02	3530	7.258179e+01	2.718497e+02	3.591704e+02	3530	7.892707e-01	7.000000e-01	
3.592722e+02	3531	8.357927e+01	2.890732e+02	3.592722e+02	3531	7.757179e-01	7.000000e-01	
3.593739e+02	3532	8.953738e+01	3.018184e+02	3.593739e+02	3532	7.712123e-01	7.000000e-01	
3.594757e+02	3533	7.177788e+01	2.809599e+02	3.594757e+02	3533	7.965121e-01	7.000000e-01	
3.595774e+02	3534	8.790608e+01	2.909383e+02	3.595774e+02	3534	7.679626e-01	7.000000e-01	
3.596792e+02	3535	6.638560e+01	2.389059e+02	3.596792e+02	3535	7.825501e-01	7.000000e-01	
3.597809e+02	3536	6.740573e+01	2.636914e+02	3.597809e+02	3536	7.964171e-01	7.000000e-01	
3.598827e+02	3537	6.900341e+01	2.618832e+02	3.598827e+02	3537	7.914590e-01	7.000000e-01	
3.599844e+02	3538	7.827849e+01	3.040697e+02	3.599844e+02	3538	7.952691e-01	7.000000e-01	
3.600862e+02	3539	6.796301e+01	3.051194e+02	3.600862e+02	3539	8.178338e-01	7.000000e-01	
3.601879e+02	3540	6.119044e+01	3.105439e+02	3.601879e+02	3540	8.353920e-01	7.000000e-01	
3.602897e+02	3541	9.721216e+01	2.944100e+02	3.602897e+02	3541	7.517705e-01	7.000000e-01	
3.603914e+02	3542	6.270117e+01	3.067489e+02	3.603914e+02	3542	8.302851e-01	7.000000e-01	
3.604932e+02	3543	7.267311e+01	2.817965e+02	3.604932e+02	3543	7.949807e-01	7.000000e-01	
3.605949e+02	3544	6.990499e+01	3.210550e+02	3.605949e+02	3544	8.211966e-01	7.000000e-01	
3.606967e+02	3545	6.608216e+01	3.079001e+02	3.606967e+02	3545	8.233014e-01	7.000000e-01	
3.607984e+02	3546	7.214384e+01	2.983197e+02	3.607984e+02	3546	8.052606e-01	7.000000e-01	
3.609002e+02	3547	8.418756e+01	3.109552e+02	3.609002e+02	3547	7.869439e-01	7.000000e-01	
3.610019e+02	3548	5.497339e+01	4.032679e+02	3.610019e+02	3548	8.800340e-01	7.000000e-01	
3.611037e+02	3549	7.252442e+01	2.892312e+02	3.611037e+02	3549	7.995210e-01	7.000000e-01	
3.612054e+02	3550	6.700501e+01	3.263838e+02	3.612054e+02	3550	8.296723e-01	7.000000e-01	
3.613071e+02	3551	8.533004e+01	2.987559e+02	3.613071e+02	3551	7.778361e-01	7.000000e-01	
3.614089e+02	3552	7.418685e+01	2.324520e+02	3.614089e+02	3552	7.580644e-01	7.000000e-01	
3.615106e+02	3553	9.738056e+01	2.760906e+02	3.615106e+02	3553	7.392555e-01	7.000000e-01	
3.616124e+02	3554	7.681228e+01	2.926454e+02	3.616124e+02	3554	7.920945e-01	7.000000e-01	
3.617141e+02	3555	8.509947e+01	3.097777e+02	3.617141e+02	3555	7.844913e-01	7.000000e-01	
3.618159e+02	3556	8.403067e+01	2.976455e+02	3.618159e+02	3556	7.798378e-01	7.000000e-01	
3.619176e+02	3557	8.339757e+01	2.880958e+02	3.619176e+02	3557	7.755072e-01	7.000000e-01	
3.620194e+02	3558	8.306574e+01	3.059317e+02	3.620194e+02	3558	7.864620e-01	7.000000e-01	
3.621211e+02	3559	9.972263e+01	2.273454e+02	3.621211e+02	3559	6.951013e-01	7.000000e-01	
3.622229e+02	3560	1.046206e+02	2.596892e+02	3.622229e+02	3560	7.128252e-01	7.000000e-01	
3.623246e+02	3561	9.508114e+01	2.405679e+02	3.623246e+02	3561	7.167245e-01	7.000000e-01	
3.624264e+02	3562	9.228557e+01	3.299132e+02	3.624264e+02	3562	7.814168e-01	7.000000e-01	
3.625281e+02	3563	8.265811e+01	2.944763e+02	3.625281e+02	3563	7.808259e-01	7.000000e-01	
3.626299e+02	3564	9.465274e+01	2.665351e+02	3.626299e+02	3564	7.379404e-01	7.000000e-01	
3.627316e+02	3565	7.718267e+01	2.678535e+02	3.627316e+02	3565	7.763056e-01	7.000000e-01	
3.628334e+02	3566	9.364188e+01	2.809163e+02	3.628334e+02	3566	7.499938e-01	7.000000e-01	
3.629351e+02	3567	8.151781e+01	2.950268e+02	3.629351e+02	3567	7.835109e-01	7.000000e-01	
3.630369e+02	3568	8.216096e+01	2.943581e+02	3.630369e+02	3568	7.817880e-01	7.000000e-01	
3.631386e+02	3569	9.032113e+01	2.831236e+02	3.631386e+02	3569	7.581406e-01	7.000000e-01	
3.632404e+02	3570	7.965995e+01	2.863144e+02	3.632404e+02	3570	7.823346e-01	7.000000e-01	
3.633421e+02	3571	8.089199e+01	2.951308e+02	3.633421e+02	3571	7.848748e-01	7.000000e-01	
3.634439e+02	3572	7.559354e+01	2.885159e+02	3.634439e+02	3572	7.923879e-01	7.000000e-01	
3.635456e+02	3573	6.592580e+01	2.990110e+02	3.635456e+02	3573	8.193501e-01	7.000000e-01	
3.636474e+02	3574	8.083544e+01	2.900754e+02	3.636474e+02	3574	7.820623e-01	7.000000e-01	
3.637491e+02	3575	6.628711e+01	3.134247e+02	3.637491e+02	3575	8.254278e-01	7.000000e-01	
3.638508e+02	3576	7.587651e+01	2.897023e+02	3.638508e+02	3576	7.924483e-01	7.000000e-01	
3.639526e+02	3577	6.842793e+01	3.073540e+02	3.639526e+02	3577	8.179052e-01	7.000000e-01	
3.640543e+02	3578	6.334853e+01	2.859341e+02	3.640543e+02	3578	8.186325e-01	7.000000e-01	
3.641561e+02	3579	7.003916e+01	2.872899e+02	3.641561e+02	3579	8.039925e-01	7.000000e-01	
3.642578e+02	3580	6.831120e+01	2.958483e+02	3.642578e+02	3580	8.124141e-01	7.000000e-01	
3.643596e+02	3581	7.703862e+01	2.933845e+02	3.643596e+02	3581	7.920253e-01	7.000000e-01	
3.644613e+02	3582	7.404400e+01	3.084988e+02	3.644613e+02	3582	8.064426e-01	7.000000e-01	
3.645631e+02	3583	6.950858e+01	3.136757e+02	3.645631e+02	3583	8.186027e-01	7.000000e-01	
3.646648e+02	3584	7.679319e+01	2.938904e+02	3.646648e+02	3584	7.928336e-01	7.000000e-01	
3.647666e+02	3585	7.377311e+01	3.058876e+02	3.647666e+02	3585	8.056867e-01	7.000000e-01	
3.648683e+02	3586	6.263119e+01	2.897466e+02	3.648683e+02	3586	8.222612e-01	7.000000e-01	
3.649701e+02	3587	7.323189e+01	3.009866e+02	3.649701e+02	3587	8.043071e-01	7.000000e-01	
3.650718e+02	3588	6.837040e+01	2.797249e+02	3.650718e+02	3588	8.035871e-01	7.000000e-01	
3.651736e+02	3589	5.948134e+01	2.513992e+02	3.651736e+02	3589	8.086682e-01	7.000000e-01	
3.652753e+02	3590	5.514067e+01	2.869755e+02	3.652753e+02	3590	8.388247e-01	7.000000e-01	
3.653771e+02	3591	6.313156e+01	2.620590e+02	3.653771e+02	3591	8.058629e-01	7.000000e-01	
3.654788e+02	3592	6.149781e+01	2.566780e+02	3.654788e+02	3592	8.067175e-01	7.000000e-01	
3.655806e+02	3593	8.572620e+01	3.066901e+02	3.655806e+02	3593	7.815427e-01	7.000000e-01	
3.656823e+02	3594	7.689408e+01	3.109464e+02	3.656823e+02	3594	8.017379e-01	7.000000e-01	
3.657841e+02	3595	6.114803e+01	3.306734e+02	3.657841e+02	3595	8.439390e-01	7.000000e-01	
3.658858e+02	3596	6.027605e+01	3.085047e+02	3.658858e+02	3596	8.365532e-01	7.000000e-01	
3.659876e+02	3597	5.213270e+01	3.247469e+02	3.659876e+02	3597	8.616728e-01	7.000000e-01	
3.660893e+02	3598	1.003308e+02	3.286349e+02	3.660893e+02	3598	7.661100e-01	7.000000e-01	
3.661911e+02	3599	7.371845e+01	3.052594e+02	3.661911e+02	3599	8.054808e-01	7.000000e-01	
3.662928e+02	3600	5.426898e+01	3.317500e+02	3.662928e+02	3600	8.594137e-01	7.000000e-01	
3.663945e+02	3601	6.689879e+01	3.294278e+02	3.663945e+02	3601	8.312029e-01	7.000000e-01	
3.664963e+02	3602	7.110913e+01	3.151965e+02	3.664963e+02	3602	8.159252e-01	7.000000e-01	
3.665980e+02	3603	5.615608e+01	3.558768e+02	3.665980e+02	3603	8.637097e-01	7.000000e-01	
3.666998e+02	3604	3.157782e+01	3.728230e+02	3.666998e+02	3604	9.219146e-01	7.000000e-01	
3.668015e+02	3605	7.294905e+01	3.004242e+02	3.668015e+02	3605	8.046216e-01	7.000000e-01	
3.669033e+02	3606	8.960671e+01	3.187028e+02	3.669033e+02	3606	7.805422e-01	7.000000e-01	
3.670050e+02	3607	6.215725e+01	3.239842e+02	3.670050e+02	3607	8.390298e-01	7.000000e-01	
3.671068e+02	3608	6.463576e+01	2.900180e+02	3.671068e+02	3608	8.177497e-01	7.000000e-01	
3.672085e+02	3609	8.524231e+01	3.218860e+02	3.672085e+02	3609	7.906254e-01	7.000000e-01	
3.673103e+02	3610	6.294560e+01	3.017422e+02	3.673103e+02	3610	8.273987e-01	7.000000e-01	
3.674120e+02	3611	5.414887e+01	3.084171e+02	3.674120e+02	3611	8.506510e-01	7.000000e-01	
3.675138e+02	3612	7.377540e+01	2.923603e+02	3.675138e+02	3612	7.985026e-01	7.000000e-01	
3.676155e+02	3613	7.966305e+01	2.954483e+02	3.676155e+02	3613	7.876283e-01	7.000000e-01	
3.677173e+02	3614	6.390013e+01	2.947443e+02	3.677173e+02	3614	8.218287e-01	7.000000e-01	
3.678190e+02	3615	6.440844e+01	2.916840e+02	3.678190e+02	3615	8.191244e-01	7.000000e-01	
3.679208e+02	3616	5.925341e+01	2.976550e+02	3.679208e+02	3616	8.339815e-01	7.000000e-01	
3.680225e+02	3617	6.346718e+01	2.855782e+02	3.680225e+02	3617	8.181693e-01	7.000000e-01	
3.681243e+02	3618	6.835756e+01	2.711893e+02	3.681243e+02	3618	7.986800e-01	7.000000e-01	
3.682260e+02	3619	6.693506e+01	3.064867e+02	3.682260e+02	3619	8.207521e-01	7.000000e-01	
3.683278e+02	3620	7.907702e+01	3.121780e+02	3.683278e+02	3620	7.978888e-01	7.000000e-01	
3.684295e+02	3621	7.856867e+01	2.906299e+02	3.684295e+02	3621	7.871913e-01	7.000000e-01	
3.685313e+02	3622	7.017330e+01	2.946756e+02	3.685313e+02	3622	8.076648e-01	7.000000e-01	
3.686330e+02	3623	7.429933e+01	3.092198e+02	3.686330e+02	3623	8.062696e-01	7.000000e-01	
3.687348e+02	3624	7.386334e+01	2.718100e+02	3.687348e+02	3624	7.863204e-01	7.000000e-01	
3.688365e+02	3625	7.804931e+01	3.072189e+02	3.688365e+02	3625	7.974156e-01	7.000000e-01	
3.689382e+02	3626	8.702647e+01	2.096112e+02	3.689382e+02	3626	7.066237e-01	7.000000e-01	
3.690400e+02	3627	7.673903e+01	2.806985e+02	3.690400e+02	3627	7.853079e-01	7.000000e-01	
3.691417e+02	3628	8.093022e+01	2.692474e+02	3.691417e+02	3628	7.688881e-01	7.000000e-01	
3.692435e+02	3629	8.702466e+01	2.096160e+02	3.692435e+02	3629	7.066327e-01	7.000000e-01	
3.693452e+02	3630	8.853554e+01	2.744400e+02	3.693452e+02	3630	7.560840e-01	7.000000e-01	
3.694470e+02	3631	5.588287e+01	3.271243e+02	3.694470e+02	3631	8.540945e-01	7.000000e-01	
3.695487e+02	3632	7.776452e+01	2.763651e+02	3.695487e+02	3632	7.804066e-01	7.000000e-01	
3.696505e+02	3633	8.089197e+01	2.572908e+02	3.696505e+02	3633	7.608040e-01	7.000000e-01	
3.697522e+02	3634	7.833832e+01	2.773712e+02	3.697522e+02	3634	7.797688e-01	7.000000e-01	
3.698540e+02	3635	9.036663e+01	2.146628e+02	3.698540e+02	3635	7.037446e-01	7.000000e-01	
3.699557e+02	3636	7.903414e+01	2.693898e+02	3.699557e+02	3636	7.731667e-01	7.000000e-01	
3.700575e+02	3637	7.723909e+01	2.657140e+02	3.700575e+02	3637	7.747823e-01	7.000000e-01	
3.701592e+02	3638	8.288935e+01	2.515868e+02	3.701592e+02	3638	7.521816e-01	7.000000e-01	
3.702610e+02	3639	8.615418e+01	2.721643e+02	3.702610e+02	3639	7.595598e-01	7.000000e-01	
3.703627e+02	3640	7.659052e+01	2.524554e+02	3.703627e+02	3640	7.672346e-01	7.000000e-01	
3.704645e+02	3641	7.909351e+01	2.402815e+02	3.704645e+02	3641	7.523491e-01	7.000000e-01	
3.705662e+02	3642	6.963621e+01	3.015112e+02	3.705662e+02	3642	8.123759e-01	7.000000e-01	
3.706680e+02	3643	7.782601e+01	2.535898e+02	3.706680e+02	3643	7.651711e-01	7.000000e-01	
3.707697e+02	3644	8.666812e+01	2.715867e+02	3.707697e+02	3644	7.580825e-01	7.000000e-01	
3.708715e+02	3645	6.840205e+01	3.100437e+02	3.708715e+02	3645	8.192553e-01	7.000000e-01	
3.709732e+02	3646	7.237323e+01	2.760444e+02	3.709732e+02	3646	7.922802e-01	7.000000e-01	
3.710750e+02	3647	5.585401e+01	2.898888e+02	3.710750e+02	3647	8.384521e-01	7.000000e-01	
3.711767e+02	3648	6.973873e+01	3.265770e+02	3.711767e+02	3648	8.240324e-01	7.000000e-01	
3.712785e+02	3649	7.479020e+01	3.399668e+02	3.712785e+02	3649	8.196771e-01	7.000000e-01	
3.713802e+02	3650	6.904555e+01	3.129507e+02	3.713802e+02	3650	8.192507e-01	7.000000e-01	
3.714819e+02	3651	6.901539e+01	3.156908e+02	3.714819e+02	3651	8.206023e-01	7.000000e-01	
3.715837e+02	3652	6.962173e+01	2.982309e+02	3.715837e+02	3652	8.107347e-01	7.000000e-01	
3.716854e+02	3653	5.121240e+01	3.108796e+02	3.716854e+02	3653	8.585652e-01	7.000000e-01	
3.717872e+02	3654	7.542220e+01	3.138133e+02	3.717872e+02	3654	8.062299e-01	7.000000e-01	
3.718889e+02	3655	7.202819e+01	3.049872e+02	3.718889e+02	3655	8.089516e-01	7.000000e-01	
3.719907e+02	3656	7.262236e+01	3.048277e+02	3.719907e+02	3656	8.075974e-01	7.000000e-01	
3.720924e+02	3657	6.522071e+01	3.085467e+02	3.720924e+02	3657	8.255046e-01	7.000000e-01	
3.721942e+02	3658	7.297003e+01	3.092276e+02	3.721942e+02	3658	8.090778e-01	7.000000e-01	
3.722959e+02	3659	7.395373e+01	3.009731e+02	3.722959e+02	3659	8.027516e-01	7.000000e-01	
3.723977e+02	3660	7.436393e+01	2.984267e+02	3.723977e+02	3660	8.005209e-01	7.000000e-01	
3.724994e+02	3661	7.730892e+01	3.115961e+02	3.724994e+02	3661	8.012139e-01	7.000000e-01	
3.726012e+02	3662	6.906092e+01	3.077649e+02	3.726012e+02	3662	8.167299e-01	7.000000e-01	
3.727029e+02	3663	8.073610e+01	2.542204e+02	3.727029e+02	3663	7.589654e-01	7.000000e-01	
3.728047e+02	3664	5.812629e+01	3.130563e+02	3.728047e+02	3664	8.434024e-01	7.000000e-01	
3.729064e+02	3665	7.640217e+01	3.112000e+02	3.729064e+02	3665	8.028851e-01	7.000000e-01	
3.730082e+02	3666	5.453759e+01	3.143372e+02	3.730082e+02	3666	8.521515e-01	7.000000e-01	
3.731099e+02	3667	7.181017e+01	3.080168e+02	3.731099e+02	3667	8.109398e-01	7.000000e-01	
3.732117e+02	3668	7.464054e+01	3.049777e+02	3.732117e+02	3668	8.033800e-01	7.000000e-01	
3.733134e+02	3669	7.117939e+01	3.040201e+02	3.733134e+02	3669	8.102892e-01	7.000000e-01	
3.734152e+02	3670	6.392236e+01	3.128397e+02	3.734152e+02	3670	8.303376e-01	7.000000e-01	
3.735169e+02	3671	7.359360e+01	3.334461e+02	3.735169e+02	3671	8.191980e-01	7.000000e-01	
3.736187e+02	3672	6.321040e+01	3.172119e+02	3.736187e+02	3672	8.338415e-01	7.000000e-01	
3.737204e+02	3673	7.638885e+01	2.607314e+02	3.737204e+02	3673	7.734077e-01	7.000000e-01	
3.738222e+02	3674	8.582014e+01	2.769667e+02	3.738222e+02	3674	7.634420e-01	7.000000e-01	
3.739239e+02	3675	8.061651e+01	2.767866e+02	3.739239e+02	3675	7.744381e-01	7.000000e-01	
3.740256e+02	3676	9.297957e+01	2.629885e+02	3.740256e+02	3676	7.387980e-01	7.000000e-01	
3.741274e+02	3677	8.816704e+01	2.725751e+02	3.741274e+02	3677	7.555954e-01	7.000000e-01	
3.742291e+02	3678	1.023633e+02	2.768461e+02	3.742291e+02	3678	7.300613e-01	7.000000e-01	
3.743309e+02	3679	7.048933e+01	3.027558e+02	3.743309e+02	3679	8.111447e-01	7.000000e-01	
3.744326e+02	3680	8.215815e+01	2.849480e+02	3.744326e+02	3680	7.762006e-01	7.000000e-01	
3.745344e+02	3681	6.694823e+01	2.918311e+02	3.745344e+02	3681	8.134000e-01	7.000000e-01	
3.746361e+02	3682	7.256073e+01	2.765944e+02	3.746361e+02	3682	7.921820e-01	7.000000e-01	
3.747379e+02	3683	6.626534e+01	3.068745e+02	3.747379e+02	3683	8.224115e-01	7.000000e-01	
3.748396e+02	3684	6.709697e+01	2.809500e+02	3.748396e+02	3684	8.072186e-01	7.000000e-01	
3.749414e+02	3685	7.339977e+01	2.825816e+02	3.749414e+02	3685	7.938101e-01	7.000000e-01	
3.750431e+02	3686	6.444436e+01	2.861771e+02	3.750431e+02	3686	8.161996e-01	7.000000e-01	
3.751449e+02	3687	5.827637e+01	3.264048e+02	3.751449e+02	3687	8.485073e-01	7.000000e-01	
3.752466e+02	3688	6.786552e+01	2.897703e+02	3.752466e+02	3688	8.102385e-01	7.000000e-01	
3.753484e+02	3689	5.985222e+01	2.566229e+02	3.753484e+02	3689	8.108786e-01	7.000000e-01	
3.754501e+02	3690	3.649014e+01	2.587574e+02	3.754501e+02	3690	8.764083e-01	7.000000e-01	
3.755519e+02	3691	6.481095e+01	3.116466e+02	3.755519e+02	3691	8.278400e-01	7.000000e-01	
3.756536e+02	3692	6.757863e+01	3.079594e+02	3.756536e+02	3692	8.200485e-01	7.000000e-01	
3.757554e+02	3693	7.211735e+01	3.165107e+02	3.757554e+02	3693	8.144309e-01	7.000000e-01	
3.758571e+02	3694	4.721916e+01	3.012928e+02	3.758571e+02	3694	8.645121e-01	7.000000e-01	
3.759589e+02	3695	8.092976e+01	2.992436e+02	3.759589e+02	3695	7.871241e-01	7.000000e-01	
3.760606e+02	3696	6.085492e+01	2.968141e+02	3.760606e+02	3696	8.298569e-01	7.000000e-01	
3.761624e+02	3697	7.505330e+01	2.984664e+02	3.761624e+02	3697	7.990647e-01	7.000000e-01	
3.762641e+02	3698	7.625436e+01	3.082031e+02	3.762641e+02	3698	8.016572e-01	7.000000e-01	
3.763659e+02	3699	6.972625e+01	3.076309e+02	3.763659e+02	3699	8.152248e-01	7.000000e-01	
3.764676e+02	3700	7.864407e+01	3.006183e+02	3.764676e+02	3700	7.926394e-01	7.000000e-01	
3.765693e+02	3701	9.793311e+01	2.834907e+02	3.765693e+02	3701	7.432433e-01	7.000000e-01	
3.766711e+02	3702	7.847636e+01	3.250386e+02	3.766711e+02	3702	8.055181e-01	7.000000e-01	
3.767728e+02	3703	7.424267e+01	3.030146e+02	3.767728e+02	3703	8.032041e-01	7.000000e-01	
3.768746e+02	3704	7.520202e+01	3.313063e+02	3.768746e+02	3704	8.150050e-01	7.000000e-01	
3.769763e+02	3705	7.849635e+01	2.938171e+02	3.769763e+02	3705	7.891660e-01	7.000000e-01	
3.770781e+02	3706	5.963808e+01	3.456635e+02	3.770781e+02	3706	8.528551e-01	7.000000e-01	
3.771798e+02	3707	6.917575e+01	3.407639e+02	3.771798e+02	3707	8.312538e-01	7.000000e-01	
3.772816e+02	3708	7.133333e+01	3.522361e+02	3.772816e+02	3708	8.315900e-01	7.000000e-01	
3.773833e+02	3709	6.644412e+01	3.399996e+02	3.773833e+02	3709	8.365232e-01	7.000000e-01	
3.774851e+02	3710	5.868604e+01	3.074751e+02	3.774851e+02	3710	8.397262e-01	7.000000e-01	
3.775868e+02	3711	6.240546e+01	3.056630e+02	3.775868e+02	3711	8.304515e-01	7.000000e-01	
3.776886e+02	3712	6.238849e+01	3.463476e+02	3.776886e+02	3712	8.473624e-01	7.000000e-01	
3.777903e+02	3713	6.068168e+01	3.449219e+02	3.777903e+02	3713	8.503917e-01	7.000000e-01	
3.778921e+02	3714	6.951347e+01	3.118556e+02	3.778921e+02	3714	8.177265e-01	7.000000e-01	
3.779938e+02	3715	6.019638e+01	2.934367e+02	3.779938e+02	3715	8.297773e-01	7.000000e-01	
3.780956e+02	3716	7.003799e+01	3.245098e+02	3.780956e+02	3716	8.224854e-01	7.000000e-01	
3.781973e+02	3717	6.283146e+01	3.182583e+02	3.781973e+02	3717	8.351269e-01	7.000000e-01	
3.782991e+02	3718	5.224960e+01	3.021451e+02	3.782991e+02	3718	8.525666e-01	7.000000e-01	
3.784008e+02	3719	8.541150e+01	3.197645e+02	3.784008e+02	3719	7.891990e-01	7.000000e-01	
3.785026e+02	3720	6.206475e+01	3.108843e+02	3.785026e+02	3720	8.335838e-01	7.000000e-01	
3.786043e+02	3721	6.258722e+01	3.421619e+02	3.786043e+02	3721	8.453679e-01	7.000000e-01	
3.787061e+02	3722	7.720001e+01	3.181639e+02	3.787061e+02	3722	8.047368e-01	7.000000e-01	
3.788078e+02	3723	6.400308e+01	3.162055e+02	3.788078e+02	3723	8.316632e-01	7.000000e-01	
3.789096e+02	3724	7.072932e+01	3.278567e+02	3.789096e+02	3724	8.225494e-01	7.000000e-01	
3.790113e+02	3725	6.426175e+01	3.147356e+02	3.790113e+02	3725	8.304427e-01	7.000000e-01	
3.791130e+02	3726	6.277134e+01	3.213753e+02	3.791130e+02	3726	8.365954e-01	7.000000e-01	
3.792148e+02	3727	6.531752e+01	3.045230e+02	3.792148e+02	3727	8.233900e-01	7.000000e-01	
3.793165e+02	3728	6.027663e+01	3.303926e+02	3.793165e+02	3728	8.457093e-01	7.000000e-01	
3.794183e+02	3729	6.147954e+01	3.141391e+02	3.794183e+02	3729	8.363246e-01	7.000000e-01	
3.795200e+02	3730	6.935312e+01	3.301797e+02	3.795200e+02	3730	8.264145e-01	7.000000e-01	
3.796218e+02	3731	6.623911e+01	3.044210e+02	3.796218e+02	3731	8.212942e-01	7.000000e-01	
3.797235e+02	3732	8.159911e+01	2.820589e+02	3.797235e+02	3732	7.756158e-01	7.000000e-01	
3.798253e+02	3733	7.294573e+01	2.988436e+02	3.798253e+02	3733	8.037982e-01	7.000000e-01	
3.799270e+02	3734	8.148527e+01	2.785991e+02	3.799270e+02	3734	7.737051e-01	7.000000e-01	
3.800288e+02	3735	7.525146e+01	2.906100e+02	3.800288e+02	3735	7.943171e-01	7.000000e-01	
3.801305e+02	3736	9.080521e+01	2.640067e+02	3.801305e+02	3736	7.440751e-01	7.000000e-01	
3.802323e+02	3737	7.181917e+01	2.911620e+02	3.802323e+02	3737	8.021408e-01	7.000000e-01	
3.803340e+02	3738	7.089061e+01	3.014733e+02	3.803340e+02	3738	8.096201e-01	7.000000e-01	
3.804358e+02	3739	8.281283e+01	2.782901e+02	3.804358e+02	3739	7.706670e-01	7.000000e-01	
3.805375e+02	3740	7.975912e+01	2.819775e+02	3.805375e+02	3740	7.795105e-01	7.000000e-01	
3.806393e+02	3741	7.833494e+01	2.877659e+02	3.806393e+02	3741	7.860291e-01	7.000000e-01	
3.807410e+02	3742	9.088228e+01	3.005542e+02	3.807410e+02	3742	7.678237e-01	7.000000e-01	
3.808428e+02	3743	7.945039e+01	2.861973e+02	3.808428e+02	3743	7.827133e-01	7.000000e-01	
3.809445e+02	3744	6.497609e+01	2.739348e+02	3.809445e+02	3744	8.082797e-01	7.000000e-01	
3.810463e+02	3745	7.764092e+01	2.789901e+02	3.810463e+02	3745	7.822934e-01	7.000000e-01	
3.811480e+02	3746	7.571502e+01	2.864580e+02	3.811480e+02	3746	7.909424e-01	7.000000e-01	
3.812498e+02	3747	7.141129e+01	2.850192e+02	3.812498e+02	3747	7.996488e-01	7.000000e-01	
3.813515e+02	3748	7.332745e+01	2.918685e+02	3.813515e+02	3748	7.992107e-01	7.000000e-01	
3.814533e+02	3749	8.444849e+01	2.814394e+02	3.814533e+02	3749	7.691957e-01	7.000000e-01	
3.815550e+02	3750	7.794693e+01	2.812516e+02	3.815550e+02	3750	7.829976e-01	7.000000e-01	
3.816567e+02	3751	5.936155e+01	2.693809e+02	3.816567e+02	3751	8.194284e-01	7.000000e-01	
3.817585e+02	3752	6.199422e+01	3.030961e+02	3.817585e+02	3752	8.301948e-01	7.000000e-01	
3.818602e+02	3753	7.984821e+01	2.766140e+02	3.818602e+02	3753	7.759981e-01	7.000000e-01	
3.819620e+02	3754	5.786538e+01	2.685762e+02	3.819620e+02	3754	8.227389e-01	7.000000e-01	
3.820637e+02	3755	7.357367e+01	3.171877e+02	3.820637e+02	3755	8.117171e-01	7.000000e-01	
3.821655e+02	3756	7.062838e+01	3.519603e+02	3.821655e+02	3756	8.328673e-01	7.000000e-01	
3.822672e+02	3757	6.926591e+01	2.928397e+02	3.822672e+02	3757	8.087135e-01	7.000000e-01	
3.823690e+02	3758	6.034802e+01	2.998349e+02	3.823690e+02	3758	8.324517e-01	7.000000e-01	
3.824707e+02	3759	6.690898e+01	3.171394e+02	3.824707e+02	3759	8.257798e-01	7.000000e-01	
3.825725e+02	3760	6.840860e+01	3.250932e+02	3.825725e+02	3760	8.261543e-01	7.000000e-01	
3.826742e+02	3761	6.051036e+01	3.002316e+02	3.826742e+02	3761	8.322614e-01	7.000000e-01	
3.827760e+02	3762	7.102720e+01	3.230989e+02	3.827760e+02	3762	8.197856e-01	7.000000e-01	
3.828777e+02	3763	6.718072e+01	3.192856e+02	3.828777e+02	3763	8.261667e-01	7.000000e-01	
3.829795e+02	3764	7.839565e+01	3.301789e+02	3.829795e+02	3764	8.081240e-01	7.000000e-01	
3.830812e+02	3765	6.662572e+01	2.957537e+02	3.830812e+02	3765	8.161438e-01	7.000000e-01	
3.831830e+02	3766	8.004028e+01	3.121225e+02	3.831830e+02	3766	7.959004e-01	7.000000e-01	
3.832847e+02	3767	7.050688e+01	3.264956e+02	3.832847e+02	3767	8.224019e-01	7.000000e-01	
3.833865e+02	3768	5.652043e+01	2.810029e+02	3.833865e+02	3768	8.325436e-01	7.000000e-01	
3.834882e+02	3769	6.608585e+01	3.230988e+02	3.834882e+02	3769	8.301941e-01	7.000000e-01	
3.835900e+02	3770	6.479529e+01	2.951138e+02	3.835900e+02	3770	8.199676e-01	7.000000e-01	
3.836917e+02	3771	8.563306e+01	2.626566e+02	3.836917e+02	3771	7.541326e-01	7.000000e-01	
3.837935e+02	3772	5.063227e+01	2.652933e+02	3.837935e+02	3772	8.397335e-01	7.000000e-01	
3.838952e+02	3773	6.241419e+01	2.583477e+02	3.838952e+02	3773	8.054189e-01	7.000000e-01	
3.839970e+02	3774	7.525050e+01	2.821584e+02	3.839970e+02	3774	7.894554e-01	7.000000e-01	
3.840987e+02	3775	7.466415e+01	2.700072e+02	3.840987e+02	3775	7.833758e-01	7.000000e-01	
3.842004e+02	3776	9.067541e+01	2.744561e+02	3.842004e+02	3776	7.516637e-01	7.000000e-01	
3.843022e+02	3777	7.440815e+01	2.797829e+02	3.843022e+02	3777	7.899209e-01	7.000000e-01	
3.844039e+02	3778	7.564003e+01	2.567124e+02	3.844039e+02	3778	7.724102e-01	7.000000e-01	
3.845057e+02	3779	7.072444e+01	2.802758e+02	3.845057e+02	3779	7.985060e-01	7.000000e-01	
3.846074e+02	3780	6.527001e+01	2.950328e+02	3.846074e+02	3780	8.188468e-01	7.000000e-01	
3.847092e+02	3781	7.820367e+01	2.834357e+02	3.847092e+02	3781	7.837523e-01	7.000000e-01	
3.848109e+02	3782	8.102989e+01	2.757734e+02	3.848109e+02	3782	7.729004e-01	7.000000e-01	
3.849127e+02	3783	7.370182e+01	2.952454e+02	3.849127e+02	3783	8.002375e-01	7.000000e-01	
3.850144e+02	3784	7.021365e+01	2.883176e+02	3.850144e+02	3784	8.041631e-01	7.000000e-01	
3.851162e+02	3785	7.023593e+01	2.802047e+02	3.851162e+02	3785	7.995782e-01	7.000000e-01	
3.852179e+02	3786	7.283039e+01	2.927915e+02	3.852179e+02	3786	8.008041e-01	7.000000e-01	
3.853197e+02	3787	6.110081e+01	2.678425e+02	3.853197e+02	3787	8.142512e-01	7.000000e-01	
3.854214e+02	3788	6.005267e+01	2.733700e+02	3.854214e+02	3788	8.198903e-01	7.000000e-01	
3.855232e+02	3789	4.791310e+01	2.609696e+02	3.855232e+02	3789	8.448825e-01	7.000000e-01	
3.856249e+02	3790	5.104471e+01	2.956427e+02	3.856249e+02	3790	8.527645e-01	7.000000e-01	
3.857267e+02	3791	7.013948e+01	2.961605e+02	3.857267e+02	3791	8.085190e-01	7.000000e-01	
3.858284e+02	3792	6.459972e+01	2.662086e+02	3.858284e+02	3792	8.047216e-01	7.000000e-01	
3.859302e+02	3793	5.724639e+01	2.612690e+02	3.859302e+02	3793	8.202712e-01	7.000000e-01	
3.860319e+02	3794	5.720279e+01	3.167102e+02	3.860319e+02	3794	8.470158e-01	7.000000e-01	
3.861337e+02	3795	5.597879e+01	3.003124e+02	3.861337e+02	3795	8.428847e-01	7.000000e-01	
3.862354e+02	3796	5.710692e+01	3.112959e+02	3.862354e+02	3796	8.449878e-01	7.000000e-01	
3.863372e+02	3797	5.877520e+01	3.113642e+02	3.863372e+02	3797	8.412079e-01	7.000000e-01	
3.864389e+02	3798	5.036113e+01	2.789696e+02	3.864389e+02	3798	8.470804e-01	7.000000e-01	
3.865407e+02	3799	4.586733e+01	2.570221e+02	3.865407e+02	3799	8.485674e-01	7.000000e-01	
3.866424e+02	3800	5.972369e+01	3.083326e+02	3.866424e+02	3800	8.377322e-01	7.000000e-01	
3.867441e+02	3801	4.770132e+01	3.046172e+02	3.867441e+02	3801	8.646074e-01	7.000000e-01	
3.868459e+02	3802	5.477351e+01	3.139160e+02	3.868459e+02	3802	8.514373e-01	7.000000e-01	
3.869476e+02	3803	7.329422e+01	2.953904e+02	3.869476e+02	3803	8.012008e-01	7.000000e-01	
3.870494e+02	3804	5.856844e+01	3.102982e+02	3.870494e+02	3804	8.412206e-01	7.000000e-01	
3.871511e+02	3805	5.518265e+01	3.055004e+02	3.871511e+02	3805	8.470051e-01	7.000000e-01	
3.872529e+02	3806	8.380795e+01	3.004319e+02	3.872529e+02	3806	7.818864e-01	7.000000e-01	
3.873546e+02	3807	9.001455e+01	2.813556e+02	3.873546e+02	3807	7.576150e-01	7.000000e-01	
3.874564e+02	3808	9.265948e+01	2.929127e+02	3.874564e+02	3808	7.596832e-01	7.000000e-01	
3.875581e+02	3809	7.536484e+01	2.862119e+02	3.875581e+02	3809	7.915661e-01	7.000000e-01	
3.876599e+02	3810	7.788020e+01	2.996797e+02	3.876599e+02	3810	7.937276e-01	7.000000e-01	
3.877616e+02	3811	7.564639e+01	2.914592e+02	3.877616e+02	3811	7.939383e-01	7.000000e-01	
3.878634e+02	3812	6.796527e+01	2.825116e+02	3.878634e+02	3812	8.060777e-01	7.000000e-01	
3.879651e+02	3813	7.750664e+01	2.899309e+02	3.879651e+02	3813	7.890617e-01	7.000000e-01	
3.880669e+02	3814	7.798877e+01	3.141770e+02	3.880669e+02	3814	8.011332e-01	7.000000e-01	
3.881686e+02	3815	7.322752e+01	2.832414e+02	3.881686e+02	3815	7.945753e-01	7.000000e-01	
3.882704e+02	3816	4.614609e+01	2.661490e+02	3.882704e+02	3816	8.522356e-01	7.000000e-01	
3.883721e+02	3817	4.779336e+01	2.676162e+02	3.883721e+02	3817	8.484721e-01	7.000000e-01	
3.884739e+02	3818	7.551920e+01	2.599065e+02	3.884739e+02	3818	7.748557e-01	7.000000e-01	
3.885756e+02	3819	4.655126e+01	2.664571e+02	3.885756e+02	3819	8.512779e-01	7.000000e-01	
3.886774e+02	3820	6.689337e+01	2.576709e+02	3.886774e+02	3820	7.938979e-01	7.000000e-01	
3.887791e+02	3821	5.208527e+01	2.958731e+02	3.887791e+02	3821	8.503118e-01	7.000000e-01	
3.888809e+02	3822	5.404694e+01	2.823537e+02	3.888809e+02	3822	8.393376e-01	7.000000e-01	
3.889826e+02	3823	9.093685e+01	3.388842e+02	3.889826e+02	3823	7.884309e-01	7.000000e-01	
3.890844e+02	3824	8.753803e+01	3.318839e+02	3.890844e+02	3824	7.912889e-01	7.000000e-01	
3.891861e+02	3825	8.378283e+01	3.184497e+02	3.891861e+02	3825	7.917055e-01	7.000000e-01	
3.892878e+02	3826	6.263990e+01	3.012436e+02	3.892878e+02	3826	8.278573e-01	7.000000e-01	
3.893896e+02	3827	9.163537e+01	3.187926e+02	3.893896e+02	3827	7.767322e-01	7.000000e-01	
3.894913e+02	3828	9.109364e+01	3.420416e+02	3.894913e+02	3828	7.896878e-01	7.000000e-01	
3.895931e+02	3829	8.696697e+01	2.798785e+02	3.895931e+02	3829	7.629330e-01	7.000000e-01	
3.896948e+02	3830	7.199920e+01	2.851068e+02	3.896948e+02	3830	7.983814e-01	7.000000e-01	
3.897966e+02	3831	9.972361e+01	2.867270e+02	3.897966e+02	3831	7.419499e-01	7.000000e-01	
3.898983e+02	3832	8.050176e+01	3.003552e+02	3.898983e+02	3832	7.886299e-01	7.000000e-01	
3.900001e+02	3833	8.458360e+01	3.103301e+02	3.900001e+02	3833	7.858175e-01	7.000000e-01	
3.901018e+02	3834	7.648853e+01	2.558020e+02	3.901018e+02	3834	7.698143e-01	7.000000e-01	
3.902036e+02	3835	9.076988e+01	2.567785e+02	3.902036e+02	3835	7.388281e-01	7.000000e-01	
3.903053e+02	3836	8.265849e+01	2.898720e+02	3.903053e+02	3836	7.781162e-01	7.000000e-01	
3.904071e+02	3837	7.153126e+01	2.819298e+02	3.904071e+02	3837	7.976262e-01	7.000000e-01	
3.905088e+02	3838	7.768353e+01	2.942368e+02	3.905088e+02	3838	7.911286e-01	7.000000e-01	
3.906106e+02	3839	7.625639e+01	2.721214e+02	3.906106e+02	3839	7.811101e-01	7.000000e-01	
3.907123e+02	3840	6.076909e+01	3.373724e+02	3.907123e+02	3840	8.473681e-01	7.000000e-01	
3.908141e+02	3841	7.520268e+01	3.000020e+02	3.908141e+02	3841	7.995689e-01	7.000000e-01	
3.909158e+02	3842	5.661510e+01	2.904711e+02	3.909158e+02	3842	8.368846e-01	7.000000e-01	
3.910176e+02	3843	8.539273e+01	3.395303e+02	3.910176e+02	3843	7.990395e-01	7.000000e-01	
3.911193e+02	3844	6.648102e+01	2.878480e+02	3.911193e+02	3844	8.123749e-01	7.000000e-01	
3.912211e+02	3845	7.631596e+01	2.267386e+02	3.912211e+02	3845	7.481775e-01	7.000000e-01	
3.913228e+02	3846	6.909020e+01	2.860884e+02	3.913228e+02	3846	8.054776e-01	7.000000e-01	
3.914246e+02	3847	4.989401e+01	3.040248e+02	3.914246e+02	3847	8.590241e-01	7.000000e-01	
3.915263e+02	3848	6.611229e+01	2.829416e+02	3.915263e+02	3848	8.105958e-01	7.000000e-01	
3.916281e+02	3849	4.952796e+01	3.154266e+02	3.916281e+02	3849	8.642901e-01	7.000000e-01	
3.917298e+02	3850	3.665114e+01	3.282164e+02	3.917298e+02	3850	8.995495e-01	7.000000e-01	
3.918315e+02	3851	9.039904e+01	2.568823e+02	3.918315e+02	3851	7.396951e-01	7.000000e-01	
3.919333e+02	3852	5.701502e+01	2.741307e+02	3.919333e+02	3852	8.278250e-01	7.000000e-01	
3.920350e+02	3853	7.532799e+01	2.578266e+02	3.920350e+02	3853	7.738948e-01	7.000000e-01	
3.921368e+02	3854	1.067503e+02	2.284791e+02	3.921368e+02	3854	6.815604e-01	7.000000e-01	
3.922385e+02	3855	9.512921e+01	2.638974e+02	3.922385e+02	3855	7.350358e-01	7.000000e-01	
3.923403e+02	3856	8.398559e+01	2.660269e+02	3.923403e+02	3856	7.600497e-01	7.000000e-01	
3.924420e+02	3857	8.056730e+01	2.666231e+02	3.924420e+02	3857	7.679449e-01	7.000000e-01	
3.925438e+02	3858	9.546805e+01	2.832417e+02	3.925438e+02	3858	7.479124e-01	7.000000e-01	
3.926455e+02	3859	8.035823e+01	2.796374e+02	3.926455e+02	3859	7.767800e-01	7.000000e-01	
3.927473e+02	3860	8.841755e+01	2.568785e+02	3.927473e+02	3860	7.439370e-01	7.000000e-01	
3.928490e+02	3861	8.812797e+01	3.176283e+02	3.928490e+02	3861	7.828056e-01	7.000000e-01	
3.929508e+02	3862	9.535535e+01	3.902478e+02	3.929508e+02	3862	8.036352e-01	7.000000e-01	
3.930525e+02	3863	1.125029e+02	3.455955e+02	3.930525e+02	3863	7.544132e-01	7.000000e-01	
3.931543e+02	3864	7.049969e+01	3.004960e+02	3.931543e+02	3864	8.099717e-01	7.000000e-01	
3.932560e+02	3865	1.007320e+02	3.434993e+02	3.932560e+02	3865	7.732443e-01	7.000000e-01	
3.933578e+02	3866	9.977030e+01	3.555815e+02	3.933578e+02	3866	7.808940e-01	7.000000e-01	
3.934595e+02	3867	9.055595e+01	2.777381e+02	3.934595e+02	3867	7.541205e-01	7.000000e-01	
3.935613e+02	3868	7.591603e+01	2.765616e+02	3.935613e+02	3868	7.846217e-01	7.000000e-01	
3.936630e+02	3869	9.334111e+01	3.300789e+02	3.936630e+02	3869	7.795543e-01	7.000000e-01	
3.937648e+02	3870	7.510035e+01	2.786642e+02	3.937648e+02	3870	7.877109e-01	7.000000e-01	
3.938665e+02	3871	7.102378e+01	2.499743e+02	3.938665e+02	3871	7.787408e-01	7.000000e-01	
3.939683e+02	3872	5.952242e+01	3.049344e+02	3.939683e+02	3872	8.366818e-01	7.000000e-01	
3.940700e+02	3873	8.456617e+01	2.878283e+02	3.940700e+02	3873	7.729124e-01	7.000000e-01	
3.941718e+02	3874	6.250262e+01	3.045990e+02	3.941718e+02	3874	8.297403e-01	7.000000e-01	
3.942735e+02	3875	7.981492e+01	3.215583e+02	3.942735e+02	3875	8.011454e-01	7.000000e-01	
3.943752e+02	3876	6.882475e+01	3.024456e+02	3.943752e+02	3876	8.146236e-01	7.000000e-01	
3.944770e+02	3877	5.436998e+01	2.991450e+02	3.944770e+02	3877	8.462018e-01	7.000000e-01	
3.945787e+02	3878	5.354369e+01	3.043877e+02	3.945787e+02	3878	8.504080e-01	7.000000e-01	
3.946805e+02	3879	7.352520e+01	3.079908e+02	3.946805e+02	3879	8.072815e-01	7.000000e-01	
3.947822e+02	3880	5.667033e+01	2.759671e+02	3.947822e+02	3880	8.296333e-01	7.000000e-01	
3.948840e+02	3881	6.180773e+01	2.912886e+02	3.948840e+02	3881	8.249550e-01	7.000000e-01	
3.949857e+02	3882	6.358816e+01	2.824929e+02	3.949857e+02	3882	8.162622e-01	7.000000e-01	
3.950875e+02	3883	6.277210e+01	2.968266e+02	3.950875e+02	3883	8.254385e-01	7.000000e-01	
3.951892e+02	3884	6.803020e+01	2.858543e+02	3.951892e+02	3884	8.077616e-01	7.000000e-01	
3.952910e+02	3885	5.362588e+01	2.935723e+02	3.952910e+02	3885	8.455468e-01	7.000000e-01	
3.953927e+02	3886	6.173466e+01	2.822850e+02	3.953927e+02	3886	8.205490e-01	7.000000e-01	
3.954945e+02	3887	5.030344e+01	3.088944e+02	3.954945e+02	3887	8.599562e-01	7.000000e-01	
3.955962e+02	3888	6.374862e+01	2.796154e+02	3.955962e+02	3888	8.143410e-01	7.000000e-01	
3.956980e+02	3889	7.446869e+01	2.793135e+02	3.956980e+02	3889	7.895070e-01	7.000000e-01	
3.957997e+02	3890	9.330257e+01	2.850392e+02	3.957997e+02	3890	7.533908e-01	7.000000e-01	
3.959015e+02	3891	6.553749e+01	2.714369e+02	3.959015e+02	3891	8.055120e-01	7.000000e-01	
3.960032e+02	3892	7.385209e+01	2.848641e+02	3.960032e+02	3892	7.941211e-01	7.000000e-01	
3.961050e+02	3893	7.695831e+01	3.004169e+02	3.961050e+02	3893	7.960695e-01	7.000000e-01	
3.962067e+02	3894	3.221419e+01	2.505762e+02	3.962067e+02	3894	8.860846e-01	7.000000e-01	
3.963085e+02	3895	8.178589e+01	2.660845e+02	3.963085e+02	3895	7.648955e-01	7.000000e-01	
3.964102e+02	3896	8.739930e+01	2.938753e+02	3.964102e+02	3896	7.707707e-01	7.000000e-01	
3.965120e+02	3897	9.102361e+01	2.798354e+02	3.965120e+02	3897	7.545601e-01	7.000000e-01	
3.966137e+02	3898	6.309437e+01	2.782954e+02	3.966137e+02	3898	8.151838e-01	7.000000e-01	
3.967155e+02	3899	9.264760e+01	2.721449e+02	3.967155e+02	3899	7.460266e-01	7.000000e-01	
3.968172e+02	3900	8.429231e+01	2.707654e+02	3.968172e+02	3900	7.625955e-01	7.000000e-01	
3.969189e+02	3901	8.741783e+01	3.103771e+02	3.969189e+02	3901	7.802440e-01	7.000000e-01	
3.970207e+02	3902	8.174895e+01	3.165496e+02	3.970207e+02	3902	7.947546e-01	7.000000e-01	
3.971224e+02	3903	8.028789e+01	3.222604e+02	3.971224e+02	3903	8.005509e-01	7.000000e-01	
3.972242e+02	3904	9.055814e+01	3.216700e+02	3.972242e+02	3904	7.803203e-01	7.000000e-01	
3.973259e+02	3905	9.194707e+01	3.246729e+02	3.973259e+02	3905	7.793023e-01	7.000000e-01	
3.974277e+02	3906	7.515615e+01	3.242580e+02	3.974277e+02	3906	8.118340e-01	7.000000e-01	
3.975294e+02	3907	8.541440e+01	3.210293e+02	3.975294e+02	3907	7.898494e-01	7.000000e-01	
3.976312e+02	3908	7.592679e+01	3.432660e+02	3.976312e+02	3908	8.188738e-01	7.000000e-01	
3.977329e+02	3909	7.874987e+01	3.148724e+02	3.977329e+02	3909	7.999354e-01	7.000000e-01	
3.978347e+02	3910	6.897511e+01	3.165634e+02	3.978347e+02	3910	8.210941e-01	7.000000e-01	
3.979364e+02	3911	8.178129e+01	3.176977e+02	3.979364e+02	3911	7.952801e-01	7.000000e-01	
3.980382e+02	3912	7.345056e+01	3.339618e+02	3.980382e+02	3912	8.197145e-01	7.000000e-01	
3.981399e+02	3913	7.663288e+01	3.073322e+02	3.981399e+02	3913	8.004171e-01	7.000000e-01	
3.982417e+02	3914	6.774292e+01	3.000444e+02	3.982417e+02	3914	8.158095e-01	7.000000e-01	
3.983434e+02	3915	7.443009e+01	3.276247e+02	3.983434e+02	3915	8.148758e-01	7.000000e-01	
3.984452e+02	3916	6.106133e+01	3.384281e+02	3.984452e+02	3916	8.471516e-01	7.000000e-01	
3.985469e+02	3917	6.758899e+01	3.554724e+02	3.985469e+02	3917	8.402383e-01	7.000000e-01	
3.986487e+02	3918	6.188243e+01	2.942007e+02	3.986487e+02	3918	8.262135e-01	7.000000e-01	
3.987504e+02	3919	6.152791e+01	2.962143e+02	3.987504e+02	3919	8.280105e-01	7.000000e-01	
3.988522e+02	3920	6.312179e+01	2.919181e+02	3.988522e+02	3920	8.222121e-01	7.000000e-01	
3.989539e+02	3921	6.081741e+01	2.885912e+02	3.989539e+02	3921	8.259419e-01	7.000000e-01	
3.990557e+02	3922	5.986104e+01	2.741568e+02	3.990557e+02	3922	8.207849e-01	7.000000e-01	
3.991574e+02	3923	6.457503e+01	2.672324e+02	3.991574e+02	3923	8.053840e-01	7.000000e-01	
3.992592e+02	3924	6.773787e+01	2.730303e+02	3.992592e+02	3924	8.012201e-01	7.000000e-01	
3.993609e+02	3925	7.523883e+01	2.884606e+02	3.993609e+02	3925	7.931291e-01	7.000000e-01	
3.994626e+02	3926	6.993463e+01	2.922917e+02	3.994626e+02	3926	8.069311e-01	7.000000e-01	
3.995644e+02	3927	5.537966e+01	2.945383e+02	3.995644e+02	3927	8.417353e-01	7.000000e-01	
3.996661e+02	3928	8.631326e+01	2.858963e+02	3.996661e+02	3928	7.681057e-01	7.000000e-01	
3.997679e+02	3929	7.186192e+01	2.802141e+02	3.997679e+02	3929	7.958909e-01	7.000000e-01	
3.998696e+02	3930	7.903733e+01	2.684521e+02	3.998696e+02	3930	7.725475e-01	7.000000e-01	
3.999714e+02	3931	7.958466e+01	2.883078e+02	3.999714e+02	3931	7.836741e-01	7.000000e-01	
4.000731e+02	3932	6.538759e+01	2.707729e+02	4.000731e+02	3932	8.054870e-01	7.000000e-01	
4.001749e+02	3933	6.779625e+01	3.299176e+02	4.001749e+02	3933	8.295351e-01	7.000000e-01	
4.002766e+02	3934	8.782226e+01	3.276879e+02	4.002766e+02	3934	7.886399e-01	7.000000e-01	
4.003784e+02	3935	7.198851e+01	3.435697e+02	4.003784e+02	3935	8.267667e-01	7.000000e-01	
4.004801e+02	3936	8.030369e+01	3.211508e+02	4.004801e+02	3936	7.999681e-01	7.000000e-01	
4.005819e+02	3937	6.273767e+01	2.849585e+02	4.005819e+02	3937	8.195618e-01	7.000000e-01	
4.006836e+02	3938	6.100245e+01	2.905739e+02	4.006836e+02	3938	8.264888e-01	7.000000e-01	
4.007854e+02	3939	7.209977e+01	2.757825e+02	4.007854e+02	3939	7.927466e-01	7.000000e-01	
4.008871e+02	3940	7.696761e+01	2.571954e+02	4.008871e+02	3940	7.696705e-01	7.000000e-01	
4.009889e+02	3941	6.505892e+01	2.441032e+02	4.009889e+02	3941	7.895637e-01	7.000000e-01	
4.010906e+02	3942	6.176483e+01	2.945064e+02	4.010906e+02	3942	8.266354e-01	7.000000e-01	
4.011924e+02	3943	6.897461e+01	2.795796e+02	4.011924e+02	3943	8.021122e-01	7.000000e-01	
4.012941e+02	3944	7.026332e+01	3.218258e+02	4.012941e+02	3944	8.207976e-01	7.000000e-01	
4.013959e+02	3945	5.977719e+01	3.075321e+02	4.013959e+02	3945	8.372565e-01	7.000000e-01	
4.014976e+02	3946	5.093519e+01	3.088803e+02	4.014976e+02	3946	8.584408e-01	7.000000e-01	
4.015994e+02	3947	6.060388e+01	2.839536e+02	4.015994e+02	3947	8.241110e-01	7.000000e-01	
4.017011e+02	3948	6.545672e+01	2.515542e+02	4.017011e+02	3948	7.935190e-01	7.000000e-01	
4.018029e+02	3949	7.528446e+01	2.883568e+02	4.018029e+02	3949	7.929705e-01	7.000000e-01	
4.019046e+02	3950	6.635853e+01	2.656405e+02	4.019046e+02	3950	8.001243e-01	7.000000e-01	
4.020063e+02	3951	6.633931e+01	2.719715e+02	4.020063e+02	3951	8.039102e-01	7.000000e-01	
4.021081e+02	3952	6.885105e+01	2.596586e+02	4.021081e+02	3952	7.904139e-01	7.000000e-01	
4.022098e+02	3953	6.683819e+01	2.758320e+02	4.022098e+02	3953	8.049489e-01	7.000000e-01	
4.023116e+02	3954	6.877428e+01	2.611615e+02	4.023116e+02	3954	7.915525e-01	7.000000e-01	
4.024133e+02	3955	6.981069e+01	2.876417e+02	4.024133e+02	3955	8.046993e-01	7.000000e-01	
4.025151e+02	3956	6.521738e+01	2.642484e+02	4.025151e+02	3956	8.020511e-01	7.000000e-01	
4.026168e+02	3957	6.414380e+01	2.815727e+02	4.026168e+02	3957	8.144613e-01	7.000000e-01	
4.027186e+02	3958	7.396752e+01	2.913735e+02	4.027186e+02	3958	7.975384e-01	7.000000e-01	
4.028203e+02	3959	7.788499e+01	2.853864e+02	4.028203e+02	3959	7.856011e-01	7.000000e-01	
4.029221e+02	3960	6.550778e+01	2.755773e+02	4.029221e+02	3960	8.079430e-01	7.000000e-01	
4.030238e+02	3961	8.090082e+01	2.689068e+02	4.030238e+02	3961	7.687277e-01	7.000000e-01	
4.031256e+02	3962	7.614721e+01	2.576817e+02	4.031256e+02	3962	7.718975e-01	7.000000e-01	
4.032273e+02	3963	7.027489e+01	2.986395e+02	4.032273e+02	3963	8.095089e-01	7.000000e-01	
4.033291e+02	3964	8.596884e+01	2.824463e+02	4.033291e+02	3964	7.666523e-01	7.000000e-01	
4.034308e+02	3965	7.836451e+01	2.778192e+02	4.034308e+02	3965	7.799885e-01	7.000000e-01	
4.035326e+02	3966	7.424193e+01	2.826272e+02	4.035326e+02	3966	7.919631e-01	7.000000e-01	
4.036343e+02	3967	7.612009e+01	2.838247e+02	4.036343e+02	3967	7.885229e-01	7.000000e-01	
4.037361e+02	3968	7.933365e+01	2.802849e+02	4.037361e+02	3968	7.793950e-01	7.000000e-01	
4.038378e+02	3969	8.965549e+01	2.866428e+02	4.038378e+02	3969	7.617436e-01	7.000000e-01	
4.039396e+02	3970	8.113560e+01	2.818403e+02	4.039396e+02	3970	7.764711e-01	7.000000e-01	
4.040413e+02	3971	8.717178e+01	2.957563e+02	4.040413e+02	3971	7.723547e-01	7.000000e-01	
4.041431e+02	3972	5.357195e+01	2.688385e+02	4.041431e+02	3972	8.338393e-01	7.000000e-01	
4.042448e+02	3973	7.698320e+01	2.772710e+02	4.042448e+02	3973	7.826894e-01	7.000000e-01	
4.043466e+02	3974	6.069290e+01	2.726043e+02	4.043466e+02	3974	8.179016e-01	7.000000e-01	
4.044483e+02	3975	6.089429e+01	2.724491e+02	4.044483e+02	3975	8.173226e-01	7.000000e-01	
4.045500e+02	3976	6.392180e+01	2.952637e+02	4.045500e+02	3976	8.220368e-01	7.000000e-01	
4.046518e+02	3977	6.905676e+01	2.895540e+02	4.046518e+02	3977	8.074325e-01	7.000000e-01	
4.047535e+02	3978	6.028476e+01	2.868674e+02	4.047535e+02	3978	8.263449e-01	7.000000e-01	
4.048553e+02	3979	5.904601e+01	3.030914e+02	4.048553e+02	3979	8.369514e-01	7.000000e-01	
4.049570e+02	3980	8.040883e+01	2.851172e+02	4.049570e+02	3980	7.800189e-01	7.000000e-01	
4.050588e+02	3981	7.425875e+01	2.683292e+02	4.050588e+02	3981	7.832418e-01	7.000000e-01	
4.051605e+02	3982	6.172746e+01	3.013131e+02	4.051605e+02	3982	8.299709e-01	7.000000e-01	
4.052623e+02	3983	7.313131e+01	3.084835e+02	4.052623e+02	3983	8.083635e-01	7.000000e-01	
4.053640e+02	3984	6.501704e+01	2.963647e+02	4.053640e+02	3984	8.200876e-01	7.000000e-01	
4.054658e+02	3985	6.267744e+01	2.855461e+02	4.054658e+02	3985	8.200080e-01	7.000000e-01	
4.055675e+02	3986	7.347332e+01	3.087361e+02	4.055675e+02	3986	8.077669e-01	7.000000e-01	
4.056693e+02	3987	5.980811e+01	2.936852e+02	4.056693e+02	3987	8.308084e-01	7.000000e-01	
4.057710e+02	3988	5.338257e+01	3.123459e+02	4.057710e+02	3988	8.540377e-01	7.000000e-01	
4.058728e+02	3989	8.040285e+01	3.127375e+02	4.058728e+02	3989	7.954856e-01	7.000000e-01	
4.059745e+02	3990	5.951256e+01	2.862075e+02	4.059745e+02	3990	8.278591e-01	7.000000e-01	
4.060763e+02	3991	5.628135e+01	2.802083e+02	4.060763e+02	3991	8.327397e-01	7.000000e-01	
4.061780e+02	3992	8.633674e+01	2.971406e+02	4.061780e+02	3992	7.748583e-01	7.000000e-01	
4.062798e+02	3993	7.216218e+01	3.079984e+02	4.062798e+02	3993	8.101797e-01	7.000000e-01	
4.063815e+02	3994	8.356177e+01	3.249070e+02	4.063815e+02	3994	7.954268e-01	7.000000e-01	
4.064833e+02	3995	7.759043e+01	2.745586e+02	4.064833e+02	3995	7.796659e-01	7.000000e-01	
4.065850e+02	3996	7.759059e+01	2.692297e+02	4.065850e+02	3996	7.762801e-01	7.000000e-01	
4.066868e+02	3997	8.101837e+01	2.575768e+02	4.066868e+02	3997	7.607220e-01	7.000000e-01	
4.067885e+02	3998	9.057118e+01	2.900322e+02	4.067885e+02	3998	7.620326e-01	7.000000e-01	
4.068903e+02	3999	9.762698e+01	2.726778e+02	4.068903e+02	3999	7.363605e-01	7.000000e-01	
4.069920e+02	4000	8.064069e+01	2.654529e+02	4.069920e+02	4000	7.669974e-01	7.000000e-01	
