time at 532nm	frame at 532nm	I_1 at 532nm(counts)	I_2 at 532nm(counts)	time at 532nm	frame at 532nm	FRET_1>2	discr.FRET_1>2	
1.017480e-01	1	2.409680e+02	-1.232709e+01	1.017480e-01	1	-5.391463e-02	0	
2.034960e-01	2	2.409680e+02	-1.232709e+01	2.034960e-01	2	-5.391463e-02	0	
3.052440e-01	3	2.304926e+02	-2.588982e+00	3.052440e-01	3	-1.135999e-02	0	
4.069920e-01	4	2.326671e+02	-2.385208e+00	4.069920e-01	4	-1.035777e-02	0	
5.087400e-01	5	2.400414e+02	-9.316670e+00	5.087400e-01	5	-4.038002e-02	0	
6.104880e-01	6	2.373659e+02	2.572672e+00	6.104880e-01	6	1.072221e-02	0	
7.122360e-01	7	1.925680e+02	-1.637536e-01	7.122360e-01	7	-8.510914e-04	0	
8.139840e-01	8	2.139124e+02	1.144615e-01	8.139840e-01	8	5.347997e-04	0	
9.157320e-01	9	2.403381e+02	-3.771641e+00	9.157320e-01	9	-1.594326e-02	0	
1.017480e+00	10	2.427345e+02	-2.698709e+00	1.017480e+00	10	-1.124294e-02	0	
1.119228e+00	11	2.410457e+02	5.916854e-01	1.119228e+00	11	2.448650e-03	0	
1.220976e+00	12	2.380395e+02	-5.415921e+00	1.220976e+00	12	-2.328191e-02	0	
1.322724e+00	13	2.591839e+02	-8.163285e+00	1.322724e+00	13	-3.252038e-02	0	
1.424472e+00	14	2.560565e+02	3.135606e+00	1.424472e+00	14	1.209761e-02	0	
1.526220e+00	15	2.314534e+02	-5.634467e+00	1.526220e+00	15	-2.495126e-02	0	
1.627968e+00	16	2.399743e+02	-4.914931e+00	1.627968e+00	16	-2.090932e-02	0	
1.729716e+00	17	2.296696e+02	-1.079562e+01	1.729716e+00	17	-4.932345e-02	0	
1.831464e+00	18	2.479888e+02	-1.365649e+01	1.831464e+00	18	-5.827831e-02	0	
1.933212e+00	19	2.409764e+02	-3.048788e+00	1.933212e+00	19	-1.281393e-02	0	
2.034960e+00	20	2.297508e+02	-8.014539e+00	2.034960e+00	20	-3.614447e-02	0	
2.136708e+00	21	2.355776e+02	-1.734180e+00	2.136708e+00	21	-7.415988e-03	0	
2.238456e+00	22	2.770447e+02	-2.520709e+01	2.238456e+00	22	-1.000926e-01	0	
2.340204e+00	23	2.330753e+02	-1.012428e+01	2.340204e+00	23	-4.541033e-02	0	
2.441952e+00	24	2.226538e+02	-5.039960e+00	2.441952e+00	24	-2.316011e-02	0	
2.543700e+00	25	2.354663e+02	-5.157368e+00	2.543700e+00	25	-2.239326e-02	0	
2.645448e+00	26	2.344455e+02	6.481535e-01	2.645448e+00	26	2.757001e-03	0	
2.747196e+00	27	2.367813e+02	-3.972526e+00	2.747196e+00	27	-1.706347e-02	0	
2.848944e+00	28	2.405018e+02	-1.222264e+01	2.848944e+00	28	-5.354251e-02	0	
2.950692e+00	29	2.628664e+02	-9.831560e+00	2.950692e+00	29	-3.885457e-02	0	
3.052440e+00	30	1.753879e+02	1.127077e+01	3.052440e+00	30	6.038171e-02	0	
3.154188e+00	31	2.201605e+02	-4.068216e+00	3.154188e+00	31	-1.882629e-02	0	
3.255936e+00	32	2.574676e+02	-1.850332e+01	3.255936e+00	32	-7.743132e-02	0	
3.357684e+00	33	2.269700e+02	-2.010945e+00	3.357684e+00	33	-8.939160e-03	0	
3.459432e+00	34	2.515602e+02	-1.370573e+01	3.459432e+00	34	-5.762234e-02	0	
3.561180e+00	35	2.971079e+02	-2.000800e+01	3.561180e+00	35	-7.220501e-02	0	
3.662928e+00	36	2.308304e+02	-9.720388e+00	3.662928e+00	36	-4.396177e-02	0	
3.764676e+00	37	2.560345e+02	-7.973244e+00	3.764676e+00	37	-3.214224e-02	0	
3.866424e+00	38	2.574106e+02	-1.125805e+01	3.866424e+00	38	-4.573607e-02	0	
3.968172e+00	39	2.528241e+02	-1.693845e+01	3.968172e+00	39	-7.180789e-02	0	
4.069920e+00	40	2.555145e+02	-1.001955e+01	4.069920e+00	40	-4.081367e-02	0	
4.171668e+00	41	2.684367e+02	-1.117617e+01	4.171668e+00	41	-4.344300e-02	0	
4.273416e+00	42	2.266243e+02	6.659170e-01	4.273416e+00	42	2.929809e-03	0	
4.375164e+00	43	2.367654e+02	-1.224516e+01	4.375164e+00	43	-5.453923e-02	0	
4.476912e+00	44	2.286034e+02	-1.834369e+01	4.476912e+00	44	-8.724301e-02	0	
4.578660e+00	45	2.488246e+02	1.326423e+00	4.578660e+00	45	5.302489e-03	0	
4.680408e+00	46	2.288252e+02	-1.032430e+01	4.680408e+00	46	-4.725061e-02	0	
4.782156e+00	47	2.124467e+02	-3.031387e+01	4.782156e+00	47	-1.664383e-01	0	
4.883904e+00	48	2.186037e+02	-2.567537e+00	4.883904e+00	48	-1.188476e-02	0	
4.985652e+00	49	2.349775e+02	5.655301e+00	4.985652e+00	49	2.350179e-02	0	
5.087400e+00	50	2.087819e+02	-5.397425e+00	5.087400e+00	50	-2.653804e-02	0	
5.189148e+00	51	2.445023e+02	1.931754e+01	5.189148e+00	51	7.322247e-02	0	
5.290896e+00	52	2.423811e+02	-1.317873e+01	5.290896e+00	52	-5.749823e-02	0	
5.392644e+00	53	2.709454e+02	-1.376068e+01	5.392644e+00	53	-5.350504e-02	0	
5.494392e+00	54	2.868127e+02	1.061249e+01	5.494392e+00	54	3.568121e-02	0	
5.596140e+00	55	2.254436e+02	-5.114119e+00	5.596140e+00	55	-2.321123e-02	0	
5.697888e+00	56	2.498608e+02	8.935559e+00	5.697888e+00	56	3.452738e-02	0	
5.799636e+00	57	2.001846e+02	1.181966e+01	5.799636e+00	57	5.575199e-02	0	
5.901384e+00	58	2.190502e+02	2.042166e+01	5.901384e+00	58	8.527791e-02	0	
6.003132e+00	59	2.183803e+02	7.186939e+00	6.003132e+00	59	3.186163e-02	0	
6.104880e+00	60	1.919959e+02	9.432927e+00	6.104880e+00	60	4.683007e-02	0	
6.206628e+00	61	2.061597e+02	1.606775e-01	6.206628e+00	61	7.787767e-04	0	
6.308376e+00	62	2.047388e+02	9.862735e+00	6.308376e+00	62	4.595836e-02	0	
6.410124e+00	63	2.019228e+02	8.956364e+00	6.410124e+00	63	4.247155e-02	0	
6.511872e+00	64	1.967232e+02	5.669146e+00	6.511872e+00	64	2.801067e-02	0	
6.613620e+00	65	2.266032e+02	1.302443e+01	6.613620e+00	65	5.435279e-02	0	
6.715368e+00	66	2.406083e+02	1.520291e+01	6.715368e+00	66	5.943019e-02	0	
6.817116e+00	67	2.108335e+02	3.423938e+00	6.817116e+00	67	1.598049e-02	0	
6.918864e+00	68	2.349783e+02	2.162140e+00	6.918864e+00	68	9.117551e-03	0	
7.020612e+00	69	2.434053e+02	-2.735506e+00	7.020612e+00	69	-1.136622e-02	0	
7.122360e+00	70	2.371699e+02	4.606429e+01	7.122360e+00	70	1.626368e-01	0	
7.224108e+00	71	2.322551e+02	-2.757846e+00	7.224108e+00	71	-1.201690e-02	0	
7.325856e+00	72	2.396288e+02	1.331121e+01	7.325856e+00	72	5.262596e-02	0	
7.427604e+00	73	2.268544e+02	8.061865e+00	7.427604e+00	73	3.431804e-02	0	
7.529352e+00	74	2.779273e+02	-3.988751e+00	7.529352e+00	74	-1.456075e-02	0	
7.631100e+00	75	2.267862e+02	4.955178e+00	7.631100e+00	75	2.138236e-02	0	
7.732848e+00	76	2.374298e+02	-6.618105e+00	7.732848e+00	76	-2.867318e-02	0	
7.834596e+00	77	1.901719e+02	-2.319044e+00	7.834596e+00	77	-1.234500e-02	0	
7.936344e+00	78	2.116440e+02	-8.874015e+00	7.936344e+00	78	-4.376395e-02	0	
8.038092e+00	79	1.820760e+02	-2.779562e+01	8.038092e+00	79	-1.801630e-01	0	
8.139840e+00	80	2.158822e+02	-9.727405e+00	8.139840e+00	80	-4.718496e-02	0	
8.241588e+00	81	1.855033e+02	-1.136979e+00	8.241588e+00	81	-6.166956e-03	0	
8.343336e+00	82	1.835651e+02	-2.579016e+01	8.343336e+00	82	-1.634617e-01	0	
8.445084e+00	83	2.622925e+02	-9.725339e+00	8.445084e+00	83	-3.850595e-02	0	
8.546832e+00	84	2.291477e+02	-3.104012e+00	8.546832e+00	84	-1.373191e-02	0	
8.648580e+00	85	2.153583e+02	-9.442273e+00	8.648580e+00	85	-4.585497e-02	0	
8.750328e+00	86	2.556089e+02	-8.371235e+00	8.750328e+00	86	-3.385906e-02	0	
8.852076e+00	87	2.729920e+02	-6.365392e+00	8.852076e+00	87	-2.387381e-02	0	
8.953824e+00	88	2.718106e+02	-3.507714e+00	8.953824e+00	88	-1.307371e-02	0	
9.055572e+00	89	2.581361e+02	-5.600365e+00	9.055572e+00	89	-2.217652e-02	0	
9.157320e+00	90	2.593882e+02	-1.783076e+00	9.157320e+00	90	-6.921741e-03	0	
9.259068e+00	91	2.505656e+02	-1.268348e+00	9.259068e+00	91	-5.087693e-03	0	
9.360816e+00	92	2.535508e+02	1.080113e+01	9.360816e+00	92	4.085890e-02	0	
9.462564e+00	93	2.661258e+02	-1.261568e+01	9.462564e+00	93	-4.976401e-02	0	
9.564312e+00	94	2.714945e+02	3.919765e+01	9.564312e+00	94	1.261623e-01	0	
9.666060e+00	95	2.531082e+02	1.061735e+01	9.666060e+00	95	4.025909e-02	0	
9.767808e+00	96	2.563359e+02	2.064872e+00	9.767808e+00	96	7.990967e-03	0	
9.869556e+00	97	2.548248e+02	3.536254e+01	9.869556e+00	97	1.218611e-01	0	
9.971304e+00	98	2.672601e+02	-1.967822e+00	9.971304e+00	98	-7.417562e-03	0	
1.007305e+01	99	2.614153e+02	1.286960e-01	1.007305e+01	99	4.920625e-04	0	
1.017480e+01	100	2.527599e+02	1.688344e+01	1.017480e+01	100	6.261397e-02	0	
1.027655e+01	101	2.324366e+02	-3.019085e+00	1.027655e+01	101	-1.315978e-02	0	
1.037830e+01	102	2.674130e+02	-1.291887e+01	1.037830e+01	102	-5.076294e-02	0	
1.048004e+01	103	2.695726e+02	7.704158e+00	1.048004e+01	103	2.778508e-02	0	
1.058179e+01	104	2.700752e+02	-4.146050e+00	1.058179e+01	104	-1.559081e-02	0	
1.068354e+01	105	2.662072e+02	5.683564e+00	1.068354e+01	105	2.090385e-02	0	
1.078529e+01	106	2.625135e+02	9.100518e+00	1.078529e+01	106	3.350533e-02	0	
1.088704e+01	107	2.694967e+02	-2.789408e+00	1.088704e+01	107	-1.045869e-02	0	
1.098878e+01	108	2.648794e+02	3.109577e+00	1.098878e+01	108	1.160338e-02	0	
1.109053e+01	109	2.362008e+02	-3.693271e+00	1.109053e+01	109	-1.588452e-02	0	
1.119228e+01	110	2.520732e+02	-2.392631e+00	1.119228e+01	110	-9.582768e-03	0	
1.129403e+01	111	2.553334e+02	3.578145e+00	1.129403e+01	111	1.381995e-02	0	
1.139578e+01	112	2.251492e+02	-3.965600e+00	1.139578e+01	112	-1.792900e-02	0	
1.149752e+01	113	2.627715e+02	8.656422e+00	1.149752e+01	113	3.189216e-02	0	
1.159927e+01	114	2.294270e+02	-1.213354e+00	1.159927e+01	114	-5.316746e-03	0	
1.170102e+01	115	2.490987e+02	-2.316303e+00	1.170102e+01	115	-9.386014e-03	0	
1.180277e+01	116	2.535783e+02	2.437655e+00	1.180277e+01	116	9.521496e-03	0	
1.190452e+01	117	2.180752e+02	-1.909599e-01	1.190452e+01	117	-8.764282e-04	0	
1.200626e+01	118	2.124887e+02	-1.626734e+01	1.200626e+01	118	-8.290300e-02	0	
1.210801e+01	119	2.148314e+02	9.498845e-01	1.210801e+01	119	4.402071e-03	0	
1.220976e+01	120	2.753181e+02	4.566211e+00	1.220976e+01	120	1.631464e-02	0	
1.231151e+01	121	2.145255e+02	-7.237528e+00	1.231151e+01	121	-3.491533e-02	0	
1.241326e+01	122	2.297661e+02	-8.266059e+00	1.241326e+01	122	-3.731854e-02	0	
1.251500e+01	123	2.097358e+02	7.253519e+00	1.251500e+01	123	3.342800e-02	0	
1.261675e+01	124	2.286036e+02	-2.369595e+00	1.261675e+01	124	-1.047409e-02	0	
1.271850e+01	125	2.373798e+02	-5.915376e+00	1.271850e+01	125	-2.555631e-02	0	
1.282025e+01	126	2.492814e+02	1.113550e+01	1.282025e+01	126	4.276028e-02	0	
1.292200e+01	127	2.446960e+02	1.118974e+01	1.292200e+01	127	4.372944e-02	0	
1.302374e+01	128	2.422707e+02	9.301968e+00	1.302374e+01	128	3.697527e-02	0	
1.312549e+01	129	2.344744e+02	-3.699312e-01	1.312549e+01	129	-1.580197e-03	0	
1.322724e+01	130	2.368150e+02	5.901246e+00	1.322724e+01	130	2.431335e-02	0	
1.332899e+01	131	2.323583e+02	-2.929260e+00	1.332899e+01	131	-1.276761e-02	0	
1.343074e+01	132	2.463846e+02	-5.868392e+00	1.343074e+01	132	-2.439915e-02	0	
1.353248e+01	133	2.408860e+02	4.046365e+00	1.353248e+01	133	1.652034e-02	0	
1.363423e+01	134	2.525380e+02	2.602112e+00	1.363423e+01	134	1.019876e-02	0	
1.373598e+01	135	2.459301e+02	6.748160e+00	1.373598e+01	135	2.670653e-02	0	
1.383773e+01	136	2.420791e+02	6.379562e+00	1.383773e+01	136	2.567655e-02	0	
1.393948e+01	137	2.472122e+02	-1.344552e+00	1.393948e+01	137	-5.468601e-03	0	
1.404122e+01	138	2.513225e+02	1.698487e+01	1.404122e+01	138	6.330378e-02	0	
1.414297e+01	139	2.385562e+02	2.203912e+01	1.414297e+01	139	8.457220e-02	0	
1.424472e+01	140	2.417409e+02	-7.085617e+00	1.424472e+01	140	-3.019586e-02	0	
1.434647e+01	141	2.574012e+02	2.031495e+01	1.434647e+01	141	7.315005e-02	0	
1.444822e+01	142	2.443652e+02	1.213980e+01	1.444822e+01	142	4.732773e-02	0	
1.454996e+01	143	2.200916e+02	1.875619e+01	1.454996e+01	143	7.852779e-02	0	
1.465171e+01	144	2.532302e+02	2.143846e+01	1.465171e+01	144	7.805208e-02	0	
1.475346e+01	145	2.383792e+02	2.955897e+01	1.475346e+01	145	1.103201e-01	0	
1.485521e+01	146	2.141290e+02	3.280493e+01	1.485521e+01	146	1.328490e-01	0	
1.495696e+01	147	1.935926e+02	2.044975e+01	1.495696e+01	147	9.554067e-02	0	
1.505870e+01	148	1.836796e+02	2.385394e+01	1.505870e+01	148	1.149402e-01	0	
1.516045e+01	149	2.173976e+02	2.305440e+01	1.516045e+01	149	9.587943e-02	0	
1.526220e+01	150	2.434194e+02	-1.014381e+01	1.526220e+01	150	-4.348423e-02	0	
1.536395e+01	151	2.456355e+02	5.555372e+00	1.536395e+01	151	2.211614e-02	0	
1.546570e+01	152	2.391968e+02	4.195618e+00	1.546570e+01	152	1.723808e-02	0	
1.556744e+01	153	2.651762e+02	-1.547309e+01	1.556744e+01	153	-6.196595e-02	0	
1.566919e+01	154	2.599668e+02	1.229837e+01	1.566919e+01	154	4.517056e-02	0	
1.577094e+01	155	2.596035e+02	-1.710362e+00	1.577094e+01	155	-6.632057e-03	0	
1.587269e+01	156	3.444649e+02	-3.206980e+00	1.587269e+01	156	-9.397525e-03	0	
1.597444e+01	157	2.681751e+02	1.053271e+00	1.597444e+01	157	3.912184e-03	0	
1.607618e+01	158	2.488827e+02	-1.346567e+01	1.607618e+01	158	-5.719922e-02	0	
1.617793e+01	159	2.501675e+02	-1.009947e+01	1.617793e+01	159	-4.206920e-02	0	
1.627968e+01	160	2.801977e+02	5.133872e+00	1.627968e+01	160	1.799265e-02	0	
1.638143e+01	161	2.489459e+02	-8.688947e+00	1.638143e+01	161	-3.616523e-02	0	
1.648318e+01	162	2.506337e+02	-1.225151e+01	1.648318e+01	162	-5.139440e-02	0	
1.658492e+01	163	2.653546e+02	-1.345466e+01	1.658492e+01	163	-5.341272e-02	0	
1.668667e+01	164	2.778436e+02	-1.018602e+01	1.668667e+01	164	-3.805616e-02	0	
1.678842e+01	165	2.564967e+02	-1.544159e+01	1.678842e+01	165	-6.405834e-02	0	
1.689017e+01	166	2.484193e+02	-1.098929e+01	1.689017e+01	166	-4.628433e-02	0	
1.699192e+01	167	2.610660e+02	-6.715831e+00	1.699192e+01	167	-2.640388e-02	0	
1.709366e+01	168	2.574155e+02	-8.281552e+00	1.709366e+01	168	-3.324136e-02	0	
1.719541e+01	169	2.531133e+02	-8.670545e+00	1.719541e+01	169	-3.547066e-02	0	
1.729716e+01	170	2.699344e+02	-1.082443e+01	1.729716e+01	170	-4.177543e-02	0	
1.739891e+01	171	2.468862e+02	-5.106554e+00	1.739891e+01	171	-2.112069e-02	0	
1.750066e+01	172	2.509804e+02	-1.307466e+01	1.750066e+01	172	-5.495731e-02	0	
1.760240e+01	173	2.694994e+02	-1.074059e+01	1.760240e+01	173	-4.150811e-02	0	
1.770415e+01	174	2.535323e+02	-2.418263e+01	1.770415e+01	174	-1.054400e-01	0	
1.780590e+01	175	2.514812e+02	-1.308606e+01	1.780590e+01	175	-5.489231e-02	0	
1.790765e+01	176	2.600470e+02	-1.906114e+01	1.790765e+01	176	-7.909651e-02	0	
1.800940e+01	177	2.384250e+02	-3.373351e-01	1.800940e+01	177	-1.416852e-03	0	
1.811114e+01	178	2.441423e+02	-1.145071e+01	1.811114e+01	178	-4.920981e-02	0	
1.821289e+01	179	2.433713e+02	-7.017435e+00	1.821289e+01	179	-2.969038e-02	0	
1.831464e+01	180	2.550603e+02	-1.027968e+01	1.831464e+01	180	-4.199548e-02	0	
1.841639e+01	181	2.633563e+02	-2.343296e+01	1.841639e+01	181	-9.766853e-02	0	
1.851814e+01	182	2.531873e+02	-1.271820e+01	1.851814e+01	182	-5.288912e-02	0	
1.861988e+01	183	2.593314e+02	-1.893031e+01	1.861988e+01	183	-7.874469e-02	0	
1.872163e+01	184	2.634731e+02	3.248760e+00	1.872163e+01	184	1.218033e-02	0	
1.882338e+01	185	2.529959e+02	-1.151627e+01	1.882338e+01	185	-4.769044e-02	0	
1.892513e+01	186	2.488120e+02	-4.496387e+00	1.892513e+01	186	-1.840401e-02	0	
1.902688e+01	187	2.685999e+02	-7.494141e-01	1.902688e+01	187	-2.797882e-03	0	
1.912862e+01	188	2.457025e+02	1.420641e+00	1.912862e+01	188	5.748717e-03	0	
1.923037e+01	189	2.813009e+02	-1.510441e+01	1.923037e+01	189	-5.674158e-02	0	
1.933212e+01	190	2.827817e+02	-1.895444e+01	1.933212e+01	190	-7.184413e-02	0	
1.943387e+01	191	2.768026e+02	-1.897472e+01	1.943387e+01	191	-7.359452e-02	0	
1.953562e+01	192	2.857918e+02	-1.090591e+01	1.953562e+01	192	-3.967432e-02	0	
1.963736e+01	193	2.694259e+02	-3.655745e+00	1.963736e+01	193	-1.375529e-02	0	
1.973911e+01	194	3.123983e+02	-1.248292e+01	1.973911e+01	194	-4.162147e-02	0	
1.984086e+01	195	2.590851e+02	-2.215939e+00	1.984086e+01	195	-8.626723e-03	0	
1.994261e+01	196	2.905569e+02	-2.597502e+01	1.994261e+01	196	-9.817384e-02	0	
2.004436e+01	197	2.370042e+02	-9.125031e-01	2.004436e+01	197	-3.865037e-03	0	
2.014610e+01	198	2.368796e+02	-1.887708e+00	2.014610e+01	198	-8.033077e-03	0	
2.024785e+01	199	2.746953e+02	-1.448804e+01	2.024785e+01	199	-5.567885e-02	0	
2.034960e+01	200	2.767930e+02	-1.915888e+01	2.034960e+01	200	-7.436468e-02	0	
2.045135e+01	201	2.332730e+02	-9.808319e-01	2.045135e+01	201	-4.222406e-03	0	
2.055310e+01	202	2.373358e+02	-1.741363e+00	2.055310e+01	202	-7.391359e-03	0	
2.065484e+01	203	2.309902e+02	4.062735e-01	2.065484e+01	203	1.755746e-03	0	
2.075659e+01	204	2.341128e+02	1.220598e+00	2.075659e+01	204	5.186676e-03	0	
2.085834e+01	205	2.368090e+02	-3.861992e+00	2.085834e+01	205	-1.657884e-02	0	
2.096009e+01	206	2.294928e+02	-1.092617e+00	2.096009e+01	206	-4.783783e-03	0	
2.106184e+01	207	2.350007e+02	-9.405965e+00	2.106184e+01	207	-4.169408e-02	0	
2.116358e+01	208	2.348532e+02	-3.422999e+00	2.116358e+01	208	-1.479063e-02	0	
2.126533e+01	209	2.335078e+02	8.442848e+00	2.126533e+01	209	3.489492e-02	0	
2.136708e+01	210	2.042088e+02	1.359112e+01	2.136708e+01	210	6.240186e-02	0	
2.146883e+01	211	2.252021e+02	5.796143e+00	2.146883e+01	211	2.509172e-02	0	
2.157058e+01	212	2.285273e+02	-4.176203e+00	2.157058e+01	212	-1.861459e-02	0	
2.167232e+01	213	2.330679e+02	2.985790e+00	2.167232e+01	213	1.264877e-02	0	
2.177407e+01	214	2.330131e+02	1.263687e+01	2.177407e+01	214	5.144259e-02	0	
2.187582e+01	215	2.334266e+02	4.164478e+00	2.187582e+01	215	1.752792e-02	0	
2.197757e+01	216	2.159212e+02	-1.076179e+01	2.197757e+01	216	-5.245575e-02	0	
2.207932e+01	217	2.187372e+02	1.459768e+01	2.207932e+01	217	6.256107e-02	0	
2.218106e+01	218	2.424917e+02	-1.209654e+00	2.218106e+01	218	-5.013444e-03	0	
2.228281e+01	219	2.231969e+02	1.025516e+01	2.228281e+01	219	4.392833e-02	0	
2.238456e+01	220	2.236606e+02	6.336269e+00	2.238456e+01	220	2.754937e-02	0	
2.248631e+01	221	2.452953e+02	-8.408746e+00	2.248631e+01	221	-3.549693e-02	0	
2.258806e+01	222	2.462700e+02	4.691202e+00	2.258806e+01	222	1.869294e-02	0	
2.268980e+01	223	2.512301e+02	1.617749e+01	2.268980e+01	223	6.049750e-02	0	
2.279155e+01	224	2.330739e+02	-8.296323e-02	2.279155e+01	224	-3.560792e-04	0	
2.289330e+01	225	2.384012e+02	-2.100416e+01	2.289330e+01	225	-9.661659e-02	0	
2.299505e+01	226	2.211181e+02	-2.175121e+01	2.299505e+01	226	-1.091014e-01	0	
2.309680e+01	227	2.217221e+02	8.569206e-01	2.309680e+01	227	3.849961e-03	0	
2.319854e+01	228	2.259315e+02	2.028942e+00	2.319854e+01	228	8.900413e-03	0	
2.330029e+01	229	2.276360e+02	-2.319883e+00	2.330029e+01	229	-1.029613e-02	0	
2.340204e+01	230	2.114907e+02	-1.985859e+00	2.340204e+01	230	-9.478822e-03	0	
2.350379e+01	231	2.352863e+02	2.661595e+00	2.350379e+01	231	1.118562e-02	0	
2.360554e+01	232	2.326887e+02	-3.472887e+00	2.360554e+01	232	-1.515117e-02	0	
2.370728e+01	233	2.506566e+02	-8.414768e-01	2.370728e+01	233	-3.368398e-03	0	
2.380903e+01	234	2.415795e+02	3.679503e+00	2.380903e+01	234	1.500252e-02	0	
2.391078e+01	235	2.276195e+02	-1.574587e+00	2.391078e+01	235	-6.965815e-03	0	
2.401253e+01	236	2.597735e+02	4.838251e-01	2.401253e+01	236	1.859026e-03	0	
2.411428e+01	237	2.216716e+02	1.208620e+00	2.411428e+01	237	5.422733e-03	0	
2.421602e+01	238	2.653602e+02	7.904936e+00	2.421602e+01	238	2.892772e-02	0	
2.431777e+01	239	2.463189e+02	2.707210e+01	2.431777e+01	239	9.902338e-02	0	
2.441952e+01	240	2.650377e+02	1.257319e+01	2.441952e+01	240	4.529069e-02	0	
2.452127e+01	241	2.436352e+02	2.041691e+00	2.452127e+01	241	8.310472e-03	0	
2.462302e+01	242	2.660561e+02	1.060268e+01	2.462302e+01	242	3.832403e-02	0	
2.472476e+01	243	2.590964e+02	2.035435e+01	2.472476e+01	243	7.283698e-02	0	
2.482651e+01	244	2.745173e+02	1.465276e+01	2.482651e+01	244	5.067177e-02	0	
2.492826e+01	245	2.456319e+02	1.871765e+01	2.492826e+01	245	7.080644e-02	0	
2.503001e+01	246	2.477220e+02	9.821245e+00	2.503001e+01	246	3.813435e-02	0	
2.513176e+01	247	2.744574e+02	2.040219e+01	2.513176e+01	247	6.919290e-02	0	
2.523350e+01	248	2.723361e+02	1.503009e+01	2.523350e+01	248	5.230292e-02	0	
2.533525e+01	249	2.367644e+02	1.295134e+01	2.533525e+01	249	5.186433e-02	0	
2.543700e+01	250	2.401088e+02	2.430472e+01	2.543700e+01	250	9.191935e-02	0	
2.553875e+01	251	2.352522e+02	1.036395e+01	2.553875e+01	251	4.219572e-02	0	
2.564050e+01	252	2.581594e+02	1.992611e+01	2.564050e+01	252	7.165461e-02	0	
2.574224e+01	253	2.408179e+02	-4.394064e+00	2.574224e+01	253	-1.858554e-02	0	
2.584399e+01	254	2.286541e+02	1.752902e+01	2.584399e+01	254	7.120318e-02	0	
2.594574e+01	255	2.429423e+02	3.910736e+00	2.594574e+01	255	1.584237e-02	0	
2.604749e+01	256	2.446427e+02	1.669503e+00	2.604749e+01	256	6.777995e-03	0	
2.614924e+01	257	2.332728e+02	3.728505e+00	2.614924e+01	257	1.573200e-02	0	
2.625098e+01	258	2.367545e+02	8.405888e+00	2.625098e+01	258	3.428730e-02	0	
2.635273e+01	259	2.709311e+02	-8.129717e+00	2.635273e+01	259	-3.093483e-02	0	
2.645448e+01	260	2.453510e+02	5.498947e+00	2.645448e+01	260	2.192126e-02	0	
2.655623e+01	261	2.560799e+02	5.519153e+00	2.655623e+01	261	2.109776e-02	0	
2.665798e+01	262	2.377642e+02	6.415068e+00	2.665798e+01	262	2.627196e-02	0	
2.675972e+01	263	2.358152e+02	7.478663e+00	2.675972e+01	263	3.073922e-02	0	
2.686147e+01	264	2.408969e+02	9.855774e+00	2.686147e+01	264	3.930476e-02	0	
2.696322e+01	265	2.458769e+02	1.002202e+01	2.696322e+01	265	3.916398e-02	0	
2.706497e+01	266	2.792222e+02	1.472497e+01	2.706497e+01	266	5.009393e-02	0	
2.716672e+01	267	2.626790e+02	1.124941e+01	2.716672e+01	267	4.106697e-02	0	
2.726846e+01	268	2.421840e+02	9.451227e+00	2.726846e+01	268	3.755924e-02	0	
2.737021e+01	269	2.512776e+02	8.686642e+00	2.737021e+01	269	3.341476e-02	0	
2.747196e+01	270	2.493891e+02	7.742388e+00	2.747196e+01	270	3.011062e-02	0	
2.757371e+01	271	2.525895e+02	-8.492976e-01	2.757371e+01	271	-3.373707e-03	0	
2.767546e+01	272	2.306310e+02	8.207151e+00	2.767546e+01	272	3.436281e-02	0	
2.777720e+01	273	2.248655e+02	7.851619e+00	2.777720e+01	273	3.373890e-02	0	
2.787895e+01	274	2.308043e+02	5.303517e+00	2.787895e+01	274	2.246227e-02	0	
2.798070e+01	275	2.170068e+02	3.083434e+00	2.798070e+01	275	1.400986e-02	0	
2.808245e+01	276	2.301654e+02	5.109293e-01	2.808245e+01	276	2.214919e-03	0	
2.818420e+01	277	2.283503e+02	1.102415e+01	2.818420e+01	277	4.605400e-02	0	
2.828594e+01	278	2.555107e+02	-4.901259e+00	2.828594e+01	278	-1.955736e-02	0	
2.838769e+01	279	2.438809e+02	1.260945e+00	2.838769e+01	279	5.143736e-03	0	
2.848944e+01	280	2.521863e+02	-1.072433e+01	2.848944e+01	280	-4.441416e-02	0	
2.859119e+01	281	2.244452e+02	6.790952e+00	2.859119e+01	281	2.936804e-02	0	
2.869294e+01	282	2.331486e+02	6.008047e+00	2.869294e+01	282	2.512181e-02	0	
2.879468e+01	283	2.285273e+02	3.203054e+00	2.879468e+01	283	1.382233e-02	0	
2.889643e+01	284	2.378579e+02	6.784333e+00	2.889643e+01	284	2.773165e-02	0	
2.899818e+01	285	2.909766e+02	-1.528324e+01	2.899818e+01	285	-5.543565e-02	0	
2.909993e+01	286	2.824119e+02	-2.807877e+01	2.909993e+01	286	-1.104015e-01	0	
2.920168e+01	287	2.509376e+02	-1.013914e+01	2.920168e+01	287	-4.210633e-02	0	
2.930342e+01	288	2.651759e+02	-1.491559e+01	2.930342e+01	288	-5.960030e-02	0	
2.940517e+01	289	2.270028e+02	-7.077642e+00	2.940517e+01	289	-3.218205e-02	0	
2.950692e+01	290	2.672398e+02	-1.677001e+01	2.950692e+01	290	-6.695422e-02	0	
2.960867e+01	291	2.423881e+02	-9.137851e+00	2.960867e+01	291	-3.917617e-02	0	
2.971042e+01	292	2.830642e+02	-2.507943e+01	2.971042e+01	292	-9.721283e-02	0	
2.981216e+01	293	2.374766e+02	-7.841311e+00	2.981216e+01	293	-3.414680e-02	0	
2.991391e+01	294	2.519323e+02	-9.033935e+00	2.991391e+01	294	-3.719224e-02	0	
3.001566e+01	295	2.414731e+02	-3.330130e+00	3.001566e+01	295	-1.398374e-02	0	
3.011741e+01	296	2.373000e+02	-1.023365e+01	3.011741e+01	296	-4.506899e-02	0	
3.021916e+01	297	2.244084e+02	-1.399352e+01	3.021916e+01	297	-6.650442e-02	0	
3.032090e+01	298	2.402129e+02	-7.111554e+00	3.032090e+01	298	-3.050842e-02	0	
3.042265e+01	299	2.165617e+02	-7.904991e+00	3.042265e+01	299	-3.788515e-02	0	
3.052440e+01	300	2.232688e+02	-7.180959e+00	3.052440e+01	300	-3.323167e-02	0	
3.062615e+01	301	2.406984e+02	-7.232759e+00	3.062615e+01	301	-3.097997e-02	0	
3.072790e+01	302	2.587268e+02	-4.988638e+00	3.072790e+01	302	-1.966057e-02	0	
3.082964e+01	303	3.057167e+02	5.621355e+00	3.082964e+01	303	1.805547e-02	0	
3.093139e+01	304	2.454421e+02	5.747015e-01	3.093139e+01	304	2.336025e-03	0	
3.103314e+01	305	2.878511e+02	-6.387293e-01	3.103314e+01	305	-2.223892e-03	0	
3.113489e+01	306	2.623960e+02	-2.049894e+00	3.113489e+01	306	-7.873726e-03	0	
3.123664e+01	307	2.651259e+02	-2.200528e+00	3.123664e+01	307	-8.369401e-03	0	
3.133838e+01	308	2.421587e+02	-3.320780e+00	3.133838e+01	308	-1.390391e-02	0	
3.144013e+01	309	2.612341e+02	-4.981101e+00	3.144013e+01	309	-1.943822e-02	0	
3.154188e+01	310	2.710690e+02	2.269457e-01	3.154188e+01	310	8.365245e-04	0	
3.164363e+01	311	2.494412e+02	1.354986e+01	3.164363e+01	311	5.152213e-02	0	
3.174538e+01	312	2.193771e+02	-2.072067e+01	3.174538e+01	312	-1.043040e-01	0	
3.184712e+01	313	2.394966e+02	-1.731371e+01	3.184712e+01	313	-7.792549e-02	0	
3.194887e+01	314	2.929440e+02	1.791529e+01	3.194887e+01	314	5.763151e-02	0	
3.205062e+01	315	2.683066e+02	1.177672e+01	3.205062e+01	315	4.204720e-02	0	
3.215237e+01	316	3.238126e+02	2.917029e+01	3.215237e+01	316	8.263939e-02	0	
3.225412e+01	317	2.565024e+02	1.051545e+01	3.225412e+01	317	3.938108e-02	0	
3.235586e+01	318	2.846149e+02	8.294633e+00	3.235586e+01	318	2.831807e-02	0	
3.245761e+01	319	2.243131e+02	7.436194e+00	3.245761e+01	319	3.208723e-02	0	
3.255936e+01	320	2.292653e+02	4.916083e+00	3.255936e+01	320	2.099263e-02	0	
3.266111e+01	321	2.789041e+02	1.578486e+01	3.266111e+01	321	5.356448e-02	0	
3.276286e+01	322	2.212284e+02	1.035499e+01	3.276286e+01	322	4.471387e-02	0	
3.286460e+01	323	2.216763e+02	-1.878397e+00	3.286460e+01	323	-8.546019e-03	0	
3.296635e+01	324	2.638088e+02	9.396372e+00	3.296635e+01	324	3.439310e-02	0	
3.306810e+01	325	2.550599e+02	6.626279e+00	3.306810e+01	325	2.532147e-02	0	
3.316985e+01	326	2.283346e+02	2.628751e+00	3.316985e+01	326	1.138168e-02	0	
3.327160e+01	327	2.279771e+02	7.865057e+00	3.327160e+01	327	3.334882e-02	0	
3.337334e+01	328	2.144976e+02	2.283959e+01	3.337334e+01	328	9.623266e-02	0	
3.347509e+01	329	1.889086e+02	6.657566e+00	3.347509e+01	329	3.404252e-02	0	
3.357684e+01	330	2.412127e+02	6.153881e+00	3.357684e+01	330	2.487758e-02	0	
3.367859e+01	331	2.241064e+02	1.223643e+01	3.367859e+01	331	5.177407e-02	0	
3.378034e+01	332	2.362939e+02	1.308323e+01	3.378034e+01	332	5.246363e-02	0	
3.388208e+01	333	2.192818e+02	4.827831e+00	3.388208e+01	333	2.154227e-02	0	
3.398383e+01	334	2.302253e+02	1.830431e+01	3.398383e+01	334	7.365042e-02	0	
3.408558e+01	335	2.591512e+02	-2.216940e+00	3.408558e+01	335	-8.628433e-03	0	
3.418733e+01	336	2.528001e+02	9.236113e+00	3.418733e+01	336	3.524747e-02	0	
3.428908e+01	337	2.462626e+02	1.870815e+00	3.428908e+01	337	7.539553e-03	0	
3.439082e+01	338	2.328626e+02	3.840286e+00	3.439082e+01	338	1.622408e-02	0	
3.449257e+01	339	2.248701e+02	2.226455e+01	3.449257e+01	339	9.009077e-02	0	
3.459432e+01	340	2.242235e+02	2.013678e+01	3.459432e+01	340	8.240611e-02	0	
3.469607e+01	341	2.812282e+02	-1.416282e+01	3.469607e+01	341	-5.303128e-02	0	
3.479782e+01	342	2.779897e+02	-2.054773e+00	3.479782e+01	342	-7.446585e-03	0	
3.489956e+01	343	2.362152e+02	2.044096e+01	3.489956e+01	343	7.964336e-02	0	
3.500131e+01	344	2.702540e+02	-1.103128e+01	3.500131e+01	344	-4.255522e-02	0	
3.510306e+01	345	2.638340e+02	1.215331e+00	3.510306e+01	345	4.585301e-03	0	
3.520481e+01	346	2.587786e+02	-2.937844e+00	3.520481e+01	346	-1.148310e-02	0	
3.530656e+01	347	2.626928e+02	-6.711684e+00	3.530656e+01	347	-2.621945e-02	0	
3.540830e+01	348	2.657462e+02	9.563482e+00	3.540830e+01	348	3.473718e-02	0	
3.551005e+01	349	2.719124e+02	-1.097237e+01	3.551005e+01	349	-4.204939e-02	0	
3.561180e+01	350	2.696174e+02	-1.679161e+01	3.561180e+01	350	-6.641573e-02	0	
3.571355e+01	351	2.963329e+02	3.545192e+00	3.571355e+01	351	1.182211e-02	0	
3.581530e+01	352	2.725263e+02	6.906031e+00	3.581530e+01	352	2.471450e-02	0	
3.591704e+01	353	2.594567e+02	2.233927e-01	3.591704e+01	353	8.602612e-04	0	
3.601879e+01	354	2.516419e+02	-1.866633e+01	3.601879e+01	354	-8.012141e-02	0	
3.612054e+01	355	1.695513e+02	2.099778e+01	3.612054e+01	355	1.101962e-01	0	
3.622229e+01	356	2.483258e+02	-1.645705e+01	3.622229e+01	356	-7.097571e-02	0	
3.632404e+01	357	2.561432e+02	-1.023258e+01	3.632404e+01	357	-4.161097e-02	0	
3.642578e+01	358	2.644497e+02	-1.153120e+01	3.642578e+01	358	-4.559255e-02	0	
3.652753e+01	359	2.450563e+02	-1.821158e+01	3.652753e+01	359	-8.028214e-02	0	
3.662928e+01	360	2.535046e+02	-1.880219e+01	3.662928e+01	360	-8.011077e-02	0	
3.673103e+01	361	2.523394e+02	-4.011500e+00	3.673103e+01	361	-1.615404e-02	0	
3.683278e+01	362	2.431167e+02	-1.285054e+01	3.683278e+01	362	-5.580733e-02	0	
3.693452e+01	363	2.275954e+02	9.074374e-01	3.693452e+01	363	3.971230e-03	0	
3.703627e+01	364	2.343368e+02	1.473804e+01	3.703627e+01	364	5.917113e-02	0	
3.713802e+01	365	2.526732e+02	3.088762e+00	3.713802e+01	365	1.207671e-02	0	
3.723977e+01	366	2.436902e+02	-4.480595e+00	3.723977e+01	366	-1.873083e-02	0	
3.734152e+01	367	2.330898e+02	1.588477e+01	3.734152e+01	367	6.380077e-02	0	
3.744326e+01	368	2.634771e+02	-1.702180e+00	3.744326e+01	368	-6.502456e-03	0	
3.754501e+01	369	2.839283e+02	1.605270e+01	3.754501e+01	369	5.351239e-02	0	
3.764676e+01	370	2.507221e+02	5.938663e-01	3.764676e+01	370	2.363027e-03	0	
3.774851e+01	371	2.626122e+02	6.585981e+00	3.774851e+01	371	2.446518e-02	0	
3.785026e+01	372	2.604524e+02	2.608382e+00	3.785026e+01	372	9.915511e-03	0	
3.795200e+01	373	2.590580e+02	-1.699963e+00	3.795200e+01	373	-6.605440e-03	0	
3.805375e+01	374	2.589794e+02	1.150835e+01	3.805375e+01	374	4.254666e-02	0	
3.815550e+01	375	2.571585e+02	-2.711497e+00	3.815550e+01	375	-1.065643e-02	0	
3.825725e+01	376	2.575987e+02	1.306037e+00	3.825725e+01	376	5.044469e-03	0	
3.835900e+01	377	2.383945e+02	1.972869e+01	3.835900e+01	377	7.643130e-02	0	
3.846074e+01	378	2.854748e+02	1.794442e+01	3.846074e+01	378	5.914068e-02	0	
3.856249e+01	379	2.641708e+02	8.126099e+00	3.856249e+01	379	2.984279e-02	0	
3.866424e+01	380	2.226886e+02	1.377538e+01	3.866424e+01	380	5.825572e-02	0	
3.876599e+01	381	2.386329e+02	3.570095e+01	3.876599e+01	381	1.301369e-01	0	
3.886774e+01	382	2.474826e+02	2.383617e+01	3.886774e+01	382	8.785301e-02	0	
3.896948e+01	383	2.362558e+02	1.205780e+01	3.896948e+01	383	4.855876e-02	0	
3.907123e+01	384	2.557235e+02	1.823680e+01	3.907123e+01	384	6.656731e-02	0	
3.917298e+01	385	2.329101e+02	3.002394e+01	3.917298e+01	385	1.141881e-01	0	
3.927473e+01	386	2.428301e+02	1.633718e+01	3.927473e+01	386	6.303720e-02	0	
3.937648e+01	387	2.397372e+02	2.364538e+01	3.937648e+01	387	8.977579e-02	0	
3.947822e+01	388	2.429295e+02	2.899768e+01	3.947822e+01	388	1.066377e-01	0	
3.957997e+01	389	2.307500e+02	6.703565e+00	3.957997e+01	389	2.823106e-02	0	
3.968172e+01	390	2.487476e+02	3.162360e+01	3.968172e+01	390	1.127919e-01	0	
3.978347e+01	391	2.543587e+02	3.751656e+01	3.978347e+01	391	1.285363e-01	0	
3.988522e+01	392	2.083962e+02	5.681188e+00	3.988522e+01	392	2.653801e-02	0	
3.998696e+01	393	2.267240e+02	1.157835e+01	3.998696e+01	393	4.858681e-02	0	
4.008871e+01	394	2.291596e+02	1.033052e+01	4.008871e+01	394	4.313547e-02	0	
4.019046e+01	395	2.269387e+02	1.226882e+01	4.019046e+01	395	5.128944e-02	0	
4.029221e+01	396	2.275116e+02	7.710142e+00	4.029221e+01	396	3.277819e-02	0	
4.039396e+01	397	2.221877e+02	1.764497e+01	4.039396e+01	397	7.357200e-02	0	
4.049570e+01	398	2.306876e+02	6.193529e+00	4.049570e+01	398	2.614615e-02	0	
4.059745e+01	399	2.272678e+02	8.456715e+00	4.059745e+01	399	3.587542e-02	0	
4.069920e+01	400	2.222821e+02	7.325849e+00	4.069920e+01	400	3.190590e-02	0	
4.080095e+01	401	2.811576e+02	1.198760e+01	4.080095e+01	401	4.089305e-02	0	
4.090270e+01	402	2.742922e+02	3.267575e+00	4.090270e+01	402	1.177251e-02	0	
4.100444e+01	403	2.832904e+02	-5.450013e-01	4.100444e+01	403	-1.927534e-03	0	
4.110619e+01	404	2.804140e+02	1.186059e+01	4.110619e+01	404	4.058030e-02	0	
4.120794e+01	405	2.644669e+02	1.262013e+01	4.120794e+01	405	4.554573e-02	0	
4.130969e+01	406	2.835069e+02	4.358834e+00	4.130969e+01	406	1.514190e-02	0	
4.141144e+01	407	8.682542e+01	1.875542e+02	4.141144e+01	407	6.835573e-01	7.000000e-01	
4.151318e+01	408	9.771745e+01	1.886531e+02	4.151318e+01	408	6.587727e-01	7.000000e-01	
4.161493e+01	409	9.458971e+01	1.936747e+02	4.161493e+01	409	6.718648e-01	7.000000e-01	
4.171668e+01	410	8.168891e+01	2.034751e+02	4.171668e+01	410	7.135371e-01	7.000000e-01	
4.181843e+01	411	7.810329e+01	1.946276e+02	4.181843e+01	411	7.136251e-01	7.000000e-01	
4.192018e+01	412	8.507073e+01	2.041020e+02	4.192018e+01	412	7.058134e-01	7.000000e-01	
4.202192e+01	413	9.306757e+01	1.725686e+02	4.202192e+01	413	6.496427e-01	7.000000e-01	
4.212367e+01	414	7.437899e+01	2.181991e+02	4.212367e+01	414	7.457807e-01	7.000000e-01	
4.222542e+01	415	7.904512e+01	2.122343e+02	4.222542e+01	415	7.286279e-01	7.000000e-01	
4.232717e+01	416	7.884251e+01	1.683260e+02	4.232717e+01	416	6.810172e-01	7.000000e-01	
4.242892e+01	417	8.106656e+01	2.165946e+02	4.242892e+01	417	7.276549e-01	7.000000e-01	
4.253066e+01	418	7.901547e+01	1.954436e+02	4.253066e+01	418	7.121047e-01	7.000000e-01	
4.263241e+01	419	7.782883e+01	2.154243e+02	4.263241e+01	419	7.346019e-01	7.000000e-01	
4.273416e+01	420	8.132188e+01	1.949912e+02	4.273416e+01	420	7.056894e-01	7.000000e-01	
4.283591e+01	421	8.280182e+01	2.171661e+02	4.283591e+01	421	7.239644e-01	7.000000e-01	
4.293766e+01	422	8.374779e+01	2.009799e+02	4.293766e+01	422	7.058671e-01	7.000000e-01	
4.303940e+01	423	4.684986e+01	1.788444e+02	4.303940e+01	423	7.924189e-01	7.000000e-01	
4.314115e+01	424	8.026722e+01	2.032603e+02	4.314115e+01	424	7.168980e-01	7.000000e-01	
4.324290e+01	425	8.099334e+01	2.056313e+02	4.324290e+01	425	7.174237e-01	7.000000e-01	
4.334465e+01	426	8.151907e+01	1.679457e+02	4.334465e+01	426	6.732241e-01	7.000000e-01	
4.344640e+01	427	8.048581e+01	2.026554e+02	4.344640e+01	427	7.157397e-01	7.000000e-01	
4.354814e+01	428	6.724833e+01	2.055617e+02	4.354814e+01	428	7.534976e-01	7.000000e-01	
4.364989e+01	429	6.268725e+01	2.046666e+02	4.364989e+01	429	7.655270e-01	7.000000e-01	
4.375164e+01	430	7.547780e+01	2.002144e+02	4.375164e+01	430	7.262244e-01	7.000000e-01	
4.385339e+01	431	6.239348e+01	1.974593e+02	4.385339e+01	431	7.598891e-01	7.000000e-01	
4.395514e+01	432	7.826045e+01	2.010627e+02	4.395514e+01	432	7.198211e-01	7.000000e-01	
4.405688e+01	433	6.883676e+01	2.123566e+02	4.405688e+01	433	7.551978e-01	7.000000e-01	
4.415863e+01	434	7.016142e+01	2.043307e+02	4.415863e+01	434	7.443955e-01	7.000000e-01	
4.426038e+01	435	6.581919e+01	1.964383e+02	4.426038e+01	435	7.490284e-01	7.000000e-01	
4.436213e+01	436	6.266146e+01	2.047995e+02	4.436213e+01	436	7.657174e-01	7.000000e-01	
4.446388e+01	437	4.964327e+01	2.040264e+02	4.446388e+01	437	8.042995e-01	7.000000e-01	
4.456562e+01	438	6.579369e+01	1.992364e+02	4.456562e+01	438	7.517501e-01	7.000000e-01	
4.466737e+01	439	5.445791e+01	1.792716e+02	4.466737e+01	439	7.670046e-01	7.000000e-01	
4.476912e+01	440	5.764597e+01	2.095231e+02	4.476912e+01	440	7.842341e-01	7.000000e-01	
4.487087e+01	441	5.095951e+01	1.954041e+02	4.487087e+01	441	7.931533e-01	7.000000e-01	
4.497262e+01	442	4.789891e+01	2.033394e+02	4.497262e+01	442	8.093487e-01	7.000000e-01	
4.507436e+01	443	5.638538e+01	2.006281e+02	4.507436e+01	443	7.806131e-01	7.000000e-01	
4.517611e+01	444	7.235617e+01	1.980751e+02	4.517611e+01	444	7.324416e-01	7.000000e-01	
4.527786e+01	445	6.681866e+01	1.949008e+02	4.527786e+01	445	7.446936e-01	7.000000e-01	
4.537961e+01	446	6.879259e+01	2.060631e+02	4.537961e+01	446	7.497138e-01	7.000000e-01	
4.548136e+01	447	8.186441e+01	2.186480e+02	4.548136e+01	447	7.275839e-01	7.000000e-01	
4.558310e+01	448	7.657190e+01	1.879870e+02	4.558310e+01	448	7.105677e-01	7.000000e-01	
4.568485e+01	449	6.829568e+01	2.004881e+02	4.568485e+01	449	7.459085e-01	7.000000e-01	
4.578660e+01	450	5.715636e+01	1.983262e+02	4.578660e+01	450	7.762808e-01	7.000000e-01	
4.588835e+01	451	6.565431e+01	1.957444e+02	4.588835e+01	451	7.488346e-01	7.000000e-01	
4.599010e+01	452	6.535624e+01	1.675089e+02	4.599010e+01	452	7.193387e-01	7.000000e-01	
4.609184e+01	453	7.649635e+01	2.044309e+02	4.609184e+01	453	7.277005e-01	7.000000e-01	
4.619359e+01	454	6.806068e+01	1.934315e+02	4.619359e+01	454	7.397219e-01	7.000000e-01	
4.629534e+01	455	6.626556e+01	2.181623e+02	4.629534e+01	455	7.670216e-01	7.000000e-01	
4.639709e+01	456	6.662189e+01	1.849273e+02	4.639709e+01	456	7.351536e-01	7.000000e-01	
4.649884e+01	457	5.893127e+01	2.018194e+02	4.649884e+01	457	7.739938e-01	7.000000e-01	
4.660058e+01	458	4.416238e+01	2.106251e+02	4.660058e+01	458	8.266697e-01	7.000000e-01	
4.670233e+01	459	5.331872e+01	1.940298e+02	4.670233e+01	459	7.844389e-01	7.000000e-01	
4.680408e+01	460	5.168368e+01	1.930420e+02	4.680408e+01	460	7.888097e-01	7.000000e-01	
4.690583e+01	461	6.002956e+01	1.981436e+02	4.690583e+01	461	7.674833e-01	7.000000e-01	
4.700758e+01	462	4.913520e+01	2.145420e+02	4.700758e+01	462	8.136540e-01	7.000000e-01	
4.710932e+01	463	4.101636e+01	2.236549e+02	4.710932e+01	463	8.450290e-01	7.000000e-01	
4.721107e+01	464	3.963714e+01	2.176123e+02	4.721107e+01	464	8.459194e-01	7.000000e-01	
4.731282e+01	465	5.333438e+01	2.141051e+02	4.731282e+01	465	8.005740e-01	7.000000e-01	
4.741457e+01	466	8.250856e+01	1.841365e+02	4.741457e+01	466	6.905678e-01	7.000000e-01	
4.751632e+01	467	9.089724e+01	1.573789e+02	4.751632e+01	467	6.338865e-01	7.000000e-01	
4.761806e+01	468	6.152963e+01	1.883940e+02	4.761806e+01	468	7.538063e-01	7.000000e-01	
4.771981e+01	469	4.322946e+01	1.646694e+02	4.771981e+01	469	7.920649e-01	7.000000e-01	
4.782156e+01	470	9.252639e+01	1.994542e+02	4.782156e+01	470	6.831077e-01	7.000000e-01	
4.792331e+01	471	9.117755e+01	1.854622e+02	4.792331e+01	471	6.704105e-01	7.000000e-01	
4.802506e+01	472	8.805668e+01	1.958669e+02	4.802506e+01	472	6.898578e-01	7.000000e-01	
4.812680e+01	473	1.105258e+02	2.056836e+02	4.812680e+01	473	6.504664e-01	7.000000e-01	
4.822855e+01	474	8.010531e+01	1.811484e+02	4.822855e+01	474	6.933812e-01	7.000000e-01	
4.833030e+01	475	1.056786e+02	1.944644e+02	4.833030e+01	475	6.479058e-01	7.000000e-01	
4.843205e+01	476	8.890064e+01	2.156806e+02	4.843205e+01	476	7.081217e-01	7.000000e-01	
4.853380e+01	477	9.227820e+01	1.939378e+02	4.853380e+01	477	6.775924e-01	7.000000e-01	
4.863554e+01	478	6.842644e+01	2.063047e+02	4.863554e+01	478	7.509331e-01	7.000000e-01	
4.873729e+01	479	8.876800e+01	1.996086e+02	4.873729e+01	479	6.921803e-01	7.000000e-01	
4.883904e+01	480	6.954628e+01	2.063314e+02	4.883904e+01	480	7.479090e-01	7.000000e-01	
4.894079e+01	481	7.123023e+01	2.179027e+02	4.894079e+01	481	7.536419e-01	7.000000e-01	
4.904254e+01	482	7.698989e+01	2.024721e+02	4.904254e+01	482	7.245068e-01	7.000000e-01	
4.914428e+01	483	6.336409e+01	2.034747e+02	4.914428e+01	483	7.625379e-01	7.000000e-01	
4.924603e+01	484	6.527596e+01	2.062531e+02	4.924603e+01	484	7.595986e-01	7.000000e-01	
4.934778e+01	485	7.035972e+01	2.121573e+02	4.934778e+01	485	7.509540e-01	7.000000e-01	
4.944953e+01	486	7.413060e+01	2.035474e+02	4.944953e+01	486	7.330339e-01	7.000000e-01	
4.955128e+01	487	6.685031e+01	2.089130e+02	4.955128e+01	487	7.575808e-01	7.000000e-01	
4.965302e+01	488	6.784631e+01	2.011746e+02	4.965302e+01	488	7.478028e-01	7.000000e-01	
4.975477e+01	489	7.382694e+01	2.077322e+02	4.975477e+01	489	7.377924e-01	7.000000e-01	
4.985652e+01	490	5.354479e+01	2.019289e+02	4.985652e+01	490	7.904098e-01	7.000000e-01	
4.995827e+01	491	7.448388e+01	2.216750e+02	4.995827e+01	491	7.485003e-01	7.000000e-01	
5.006002e+01	492	5.407719e+01	2.103999e+02	5.006002e+01	492	7.955317e-01	7.000000e-01	
5.016176e+01	493	6.652802e+01	2.133320e+02	5.016176e+01	493	7.622811e-01	7.000000e-01	
5.026351e+01	494	4.604101e+01	1.878732e+02	5.026351e+01	494	8.031714e-01	7.000000e-01	
5.036526e+01	495	5.636892e+01	2.143735e+02	5.036526e+01	495	7.917987e-01	7.000000e-01	
5.046701e+01	496	6.493703e+01	2.114477e+02	5.046701e+01	496	7.650484e-01	7.000000e-01	
5.056876e+01	497	6.264097e+01	2.244430e+02	5.056876e+01	497	7.818026e-01	7.000000e-01	
5.067050e+01	498	5.532184e+01	2.111658e+02	5.067050e+01	498	7.924037e-01	7.000000e-01	
5.077225e+01	499	5.758049e+01	2.204350e+02	5.077225e+01	499	7.928875e-01	7.000000e-01	
5.087400e+01	500	5.596029e+01	2.138772e+02	5.087400e+01	500	7.926148e-01	7.000000e-01	
5.097575e+01	501	2.822993e+01	1.634080e+02	5.097575e+01	501	8.526913e-01	7.000000e-01	
5.107750e+01	502	8.170596e+01	2.177048e+02	5.107750e+01	502	7.271108e-01	7.000000e-01	
5.117924e+01	503	5.052106e+01	2.019676e+02	5.117924e+01	503	7.999076e-01	7.000000e-01	
5.128099e+01	504	9.439013e+01	2.091858e+02	5.128099e+01	504	6.890724e-01	7.000000e-01	
5.138274e+01	505	7.361337e+01	2.048832e+02	5.138274e+01	505	7.356758e-01	7.000000e-01	
5.148449e+01	506	7.413822e+01	2.121247e+02	5.148449e+01	506	7.410135e-01	7.000000e-01	
5.158624e+01	507	7.525300e+01	2.098521e+02	5.158624e+01	507	7.360517e-01	7.000000e-01	
5.168798e+01	508	7.865247e+01	2.143823e+02	5.168798e+01	508	7.315934e-01	7.000000e-01	
5.178973e+01	509	6.010589e+01	2.155783e+02	5.178973e+01	509	7.819756e-01	7.000000e-01	
5.189148e+01	510	7.343806e+01	2.212281e+02	5.189148e+01	510	7.507754e-01	7.000000e-01	
5.199323e+01	511	7.908941e+01	2.110101e+02	5.199323e+01	511	7.273714e-01	7.000000e-01	
5.209498e+01	512	7.117126e+01	2.089364e+02	5.209498e+01	512	7.459146e-01	7.000000e-01	
5.219672e+01	513	4.064206e+01	2.267259e+02	5.219672e+01	513	8.479920e-01	7.000000e-01	
5.229847e+01	514	8.984026e+01	2.161692e+02	5.229847e+01	514	7.064135e-01	7.000000e-01	
5.240022e+01	515	8.789454e+01	2.117047e+02	5.240022e+01	515	7.066263e-01	7.000000e-01	
5.250197e+01	516	8.219551e+01	2.065303e+02	5.250197e+01	516	7.153164e-01	7.000000e-01	
5.260372e+01	517	9.453628e+01	2.169992e+02	5.260372e+01	517	6.965473e-01	7.000000e-01	
5.270546e+01	518	8.970177e+01	2.084486e+02	5.270546e+01	518	6.991392e-01	7.000000e-01	
5.280721e+01	519	9.468990e+01	2.479996e+02	5.280721e+01	519	7.236860e-01	7.000000e-01	
5.290896e+01	520	6.400413e+01	1.685973e+02	5.290896e+01	520	7.248335e-01	7.000000e-01	
5.301071e+01	521	8.912632e+01	2.044304e+02	5.301071e+01	521	6.963915e-01	7.000000e-01	
5.311246e+01	522	7.455762e+01	1.959144e+02	5.311246e+01	522	7.243426e-01	7.000000e-01	
5.321420e+01	523	7.699653e+01	1.986108e+02	5.321420e+01	523	7.206296e-01	7.000000e-01	
5.331595e+01	524	8.253803e+01	2.344579e+02	5.331595e+01	524	7.396243e-01	7.000000e-01	
5.341770e+01	525	8.609481e+01	2.101666e+02	5.341770e+01	525	7.093958e-01	7.000000e-01	
5.351945e+01	526	8.642310e+01	1.917341e+02	5.351945e+01	526	6.893012e-01	7.000000e-01	
5.362120e+01	527	7.285896e+01	2.142827e+02	5.362120e+01	527	7.462613e-01	7.000000e-01	
5.372294e+01	528	7.211437e+01	2.124433e+02	5.372294e+01	528	7.465738e-01	7.000000e-01	
5.382469e+01	529	8.681482e+01	2.217362e+02	5.382469e+01	529	7.186371e-01	7.000000e-01	
5.392644e+01	530	4.733501e+01	2.482498e+02	5.392644e+01	530	8.398598e-01	7.000000e-01	
5.402819e+01	531	7.061681e+01	2.191784e+02	5.402819e+01	531	7.563217e-01	7.000000e-01	
5.412994e+01	532	4.575880e+01	2.232034e+02	5.412994e+01	532	8.298690e-01	7.000000e-01	
5.423168e+01	533	9.535383e+01	1.826496e+02	5.423168e+01	533	6.570048e-01	7.000000e-01	
5.433343e+01	534	9.317665e+01	1.878149e+02	5.433343e+01	534	6.684005e-01	7.000000e-01	
5.443518e+01	535	6.469424e+01	2.178020e+02	5.443518e+01	535	7.709908e-01	7.000000e-01	
5.453693e+01	536	1.020709e+02	1.763200e+02	5.453693e+01	536	6.333540e-01	7.000000e-01	
5.463868e+01	537	8.168132e+01	1.985484e+02	5.463868e+01	537	7.085201e-01	7.000000e-01	
5.474042e+01	538	8.578035e+01	1.779860e+02	5.474042e+01	538	6.747866e-01	7.000000e-01	
5.484217e+01	539	8.414144e+01	1.773281e+02	5.484217e+01	539	6.781979e-01	7.000000e-01	
5.494392e+01	540	7.813502e+01	1.753792e+02	5.494392e+01	540	6.917924e-01	7.000000e-01	
5.504567e+01	541	1.020654e+02	1.763243e+02	5.504567e+01	541	6.333722e-01	7.000000e-01	
5.514742e+01	542	7.278870e+01	1.695210e+02	5.514742e+01	542	6.996047e-01	7.000000e-01	
5.524916e+01	543	9.645208e+01	1.869965e+02	5.524916e+01	543	6.597193e-01	7.000000e-01	
5.535091e+01	544	8.066670e+01	1.867521e+02	5.535091e+01	544	6.983507e-01	7.000000e-01	
5.545266e+01	545	6.916423e+01	1.511772e+02	5.545266e+01	545	6.861043e-01	7.000000e-01	
5.555441e+01	546	6.195595e+01	1.984542e+02	5.555441e+01	546	7.620832e-01	7.000000e-01	
5.565616e+01	547	7.066233e+01	1.785274e+02	5.565616e+01	547	7.164316e-01	7.000000e-01	
5.575790e+01	548	5.977970e+01	1.912071e+02	5.575790e+01	548	7.618213e-01	7.000000e-01	
5.585965e+01	549	6.674324e+01	2.076559e+02	5.585965e+01	549	7.567659e-01	7.000000e-01	
5.596140e+01	550	6.797012e+01	1.961525e+02	5.596140e+01	550	7.426570e-01	7.000000e-01	
5.606315e+01	551	7.055298e+01	2.044087e+02	5.606315e+01	551	7.434080e-01	7.000000e-01	
5.616490e+01	552	5.153641e+01	2.150219e+02	5.616490e+01	552	8.066599e-01	7.000000e-01	
5.626664e+01	553	6.717705e+01	2.325101e+02	5.626664e+01	553	7.758427e-01	7.000000e-01	
5.636839e+01	554	7.753607e+01	2.070522e+02	5.636839e+01	554	7.275500e-01	7.000000e-01	
5.647014e+01	555	5.909457e+01	1.999483e+02	5.647014e+01	555	7.718734e-01	7.000000e-01	
5.657189e+01	556	7.573688e+01	2.302440e+02	5.657189e+01	556	7.524784e-01	7.000000e-01	
5.667364e+01	557	5.836730e+01	2.365006e+02	5.667364e+01	557	8.020561e-01	7.000000e-01	
5.677538e+01	558	6.544602e+01	2.468974e+02	5.677538e+01	558	7.904677e-01	7.000000e-01	
5.687713e+01	559	1.015397e+02	1.690735e+02	5.687713e+01	559	6.247792e-01	7.000000e-01	
5.697888e+01	560	1.015812e+02	1.818642e+02	5.697888e+01	560	6.416199e-01	7.000000e-01	
5.708063e+01	561	8.817103e+01	1.818281e+02	5.708063e+01	561	6.734396e-01	7.000000e-01	
5.718238e+01	562	1.169459e+02	1.374238e+02	5.718238e+01	562	5.402522e-01	7.000000e-01	
5.728412e+01	563	9.594662e+01	1.969400e+02	5.728412e+01	563	6.724104e-01	7.000000e-01	
5.738587e+01	564	1.010494e+02	1.604227e+02	5.738587e+01	564	6.135366e-01	7.000000e-01	
5.748762e+01	565	7.925420e+01	1.861870e+02	5.748762e+01	565	7.014246e-01	7.000000e-01	
5.758937e+01	566	7.763103e+01	1.773805e+02	5.758937e+01	566	6.955784e-01	7.000000e-01	
5.769112e+01	567	6.992486e+01	2.277754e+02	5.769112e+01	567	7.651166e-01	7.000000e-01	
5.779286e+01	568	1.011242e+02	1.819305e+02	5.779286e+01	568	6.427397e-01	7.000000e-01	
5.789461e+01	569	7.252355e+01	1.935247e+02	5.789461e+01	569	7.274045e-01	7.000000e-01	
5.799636e+01	570	6.901888e+01	1.406508e+02	5.799636e+01	570	6.708209e-01	7.000000e-01	
5.809811e+01	571	7.706980e+01	1.876656e+02	5.809811e+01	571	7.088799e-01	7.000000e-01	
5.819986e+01	572	5.340054e+01	1.791745e+02	5.819986e+01	572	7.703944e-01	7.000000e-01	
5.830160e+01	573	7.583356e+01	1.877639e+02	5.830160e+01	573	7.123130e-01	7.000000e-01	
5.840335e+01	574	7.363305e+01	2.025660e+02	5.840335e+01	574	7.334059e-01	7.000000e-01	
5.850510e+01	575	5.870011e+01	1.842908e+02	5.850510e+01	575	7.584267e-01	7.000000e-01	
5.860685e+01	576	7.047802e+01	1.838716e+02	5.860685e+01	576	7.229089e-01	7.000000e-01	
5.870860e+01	577	7.318287e+01	1.914466e+02	5.870860e+01	577	7.234515e-01	7.000000e-01	
5.881034e+01	578	6.884890e+01	2.046581e+02	5.881034e+01	578	7.482737e-01	7.000000e-01	
5.891209e+01	579	6.687241e+01	1.949456e+02	5.891209e+01	579	7.445844e-01	7.000000e-01	
5.901384e+01	580	7.117714e+01	1.967691e+02	5.901384e+01	580	7.343604e-01	7.000000e-01	
5.911559e+01	581	6.256432e+01	2.218400e+02	5.911559e+01	581	7.800163e-01	7.000000e-01	
5.921734e+01	582	5.930866e+01	2.180944e+02	5.921734e+01	582	7.862004e-01	7.000000e-01	
5.931908e+01	583	7.107864e+01	2.166623e+02	5.931908e+01	583	7.529770e-01	7.000000e-01	
5.942083e+01	584	6.334966e+01	2.018047e+02	5.942083e+01	584	7.610838e-01	7.000000e-01	
5.952258e+01	585	7.092448e+01	1.858517e+02	5.952258e+01	585	7.237887e-01	7.000000e-01	
5.962433e+01	586	5.994959e+01	2.110074e+02	5.962433e+01	586	7.787487e-01	7.000000e-01	
5.972608e+01	587	6.163290e+01	2.750225e+02	5.972608e+01	587	8.169259e-01	7.000000e-01	
5.982782e+01	588	6.439125e+01	2.413862e+02	5.982782e+01	588	7.894179e-01	7.000000e-01	
5.992957e+01	589	6.299494e+01	2.210459e+02	5.992957e+01	589	7.782187e-01	7.000000e-01	
6.003132e+01	590	5.691425e+01	2.355974e+02	6.003132e+01	590	8.054291e-01	7.000000e-01	
6.013307e+01	591	5.985521e+01	2.055826e+02	6.013307e+01	591	7.745038e-01	7.000000e-01	
6.023482e+01	592	7.587759e+01	1.715801e+02	6.023482e+01	592	6.933715e-01	7.000000e-01	
6.033656e+01	593	7.304945e+01	1.984402e+02	6.033656e+01	593	7.309310e-01	7.000000e-01	
6.043831e+01	594	7.336140e+01	1.717951e+02	6.043831e+01	594	7.007569e-01	7.000000e-01	
6.054006e+01	595	8.127321e+01	1.707282e+02	6.054006e+01	595	6.774891e-01	7.000000e-01	
6.064181e+01	596	7.641794e+01	1.748473e+02	6.064181e+01	596	6.958674e-01	7.000000e-01	
6.074356e+01	597	7.245256e+01	1.791806e+02	6.074356e+01	597	7.120707e-01	7.000000e-01	
6.084530e+01	598	6.640426e+01	1.773328e+02	6.084530e+01	598	7.275578e-01	7.000000e-01	
6.094705e+01	599	8.700648e+01	1.740995e+02	6.094705e+01	599	6.667771e-01	7.000000e-01	
6.104880e+01	600	7.563293e+01	1.540294e+02	6.104880e+01	600	6.706777e-01	7.000000e-01	
6.115055e+01	601	7.543048e+01	1.756122e+02	6.115055e+01	601	6.995313e-01	7.000000e-01	
6.125230e+01	602	7.508637e+01	1.954569e+02	6.125230e+01	602	7.224608e-01	7.000000e-01	
6.135404e+01	603	7.049941e+01	1.991007e+02	6.135404e+01	603	7.385038e-01	7.000000e-01	
6.145579e+01	604	7.362270e+01	1.833569e+02	6.145579e+01	604	7.135076e-01	7.000000e-01	
6.155754e+01	605	7.840111e+01	1.913451e+02	6.155754e+01	605	7.093523e-01	7.000000e-01	
6.165929e+01	606	8.019366e+01	1.949799e+02	6.165929e+01	606	7.085706e-01	7.000000e-01	
6.176104e+01	607	7.517021e+01	2.174832e+02	6.176104e+01	607	7.431425e-01	7.000000e-01	
6.186278e+01	608	7.839803e+01	1.981053e+02	6.186278e+01	608	7.164662e-01	7.000000e-01	
6.196453e+01	609	7.979178e+01	2.017054e+02	6.196453e+01	609	7.165450e-01	7.000000e-01	
6.206628e+01	610	7.518815e+01	1.972543e+02	6.206628e+01	610	7.240219e-01	7.000000e-01	
6.216803e+01	611	7.073217e+01	1.967263e+02	6.216803e+01	611	7.355396e-01	7.000000e-01	
6.226978e+01	612	7.702050e+01	1.994456e+02	6.226978e+01	612	7.214107e-01	7.000000e-01	
6.237152e+01	613	6.330324e+01	2.197330e+02	6.237152e+01	613	7.763423e-01	7.000000e-01	
6.247327e+01	614	8.770215e+01	1.959161e+02	6.247327e+01	614	6.907740e-01	7.000000e-01	
6.257502e+01	615	6.004639e+01	1.985029e+02	6.257502e+01	615	7.677565e-01	7.000000e-01	
6.267677e+01	616	7.499129e+01	2.088794e+02	6.267677e+01	616	7.358259e-01	7.000000e-01	
6.277852e+01	617	6.554589e+01	2.163077e+02	6.277852e+01	617	7.674470e-01	7.000000e-01	
6.288026e+01	618	6.855051e+01	1.854248e+02	6.288026e+01	618	7.300899e-01	7.000000e-01	
6.298201e+01	619	5.794547e+01	2.074861e+02	6.298201e+01	619	7.816934e-01	7.000000e-01	
6.308376e+01	620	6.890241e+01	2.423496e+02	6.308376e+01	620	7.786282e-01	7.000000e-01	
6.318551e+01	621	7.136221e+01	2.360794e+02	6.318551e+01	621	7.678837e-01	7.000000e-01	
6.328726e+01	622	6.395936e+01	1.928171e+02	6.328726e+01	622	7.509142e-01	7.000000e-01	
6.338900e+01	623	5.906597e+01	1.951682e+02	6.338900e+01	623	7.676710e-01	7.000000e-01	
6.349075e+01	624	4.612230e+01	2.211189e+02	6.349075e+01	624	8.274132e-01	7.000000e-01	
6.359250e+01	625	8.124159e+01	1.773771e+02	6.359250e+01	625	6.858634e-01	7.000000e-01	
6.369425e+01	626	5.904349e+01	2.126257e+02	6.369425e+01	626	7.826640e-01	7.000000e-01	
6.379600e+01	627	7.000860e+01	2.175343e+02	6.379600e+01	627	7.565282e-01	7.000000e-01	
6.389774e+01	628	7.112189e+01	2.244643e+02	6.389774e+01	628	7.593870e-01	7.000000e-01	
6.399949e+01	629	6.322515e+01	1.948690e+02	6.399949e+01	629	7.550307e-01	7.000000e-01	
6.410124e+01	630	7.090278e+01	2.142156e+02	6.410124e+01	630	7.513216e-01	7.000000e-01	
6.420299e+01	631	7.277044e+01	2.212879e+02	6.420299e+01	631	7.525306e-01	7.000000e-01	
6.430474e+01	632	7.496734e+01	2.050684e+02	6.430474e+01	632	7.322937e-01	7.000000e-01	
6.440648e+01	633	7.598667e+01	2.115970e+02	6.440648e+01	633	7.357754e-01	7.000000e-01	
6.450823e+01	634	6.223126e+01	1.961962e+02	6.450823e+01	634	7.591925e-01	7.000000e-01	
6.460998e+01	635	7.878296e+01	2.138147e+02	6.460998e+01	635	7.307464e-01	7.000000e-01	
6.471173e+01	636	7.973767e+01	2.129659e+02	6.471173e+01	636	7.275822e-01	7.000000e-01	
6.481348e+01	637	6.743963e+01	2.042279e+02	6.481348e+01	637	7.517568e-01	7.000000e-01	
6.491522e+01	638	8.709188e+01	2.070959e+02	6.491522e+01	638	7.039582e-01	7.000000e-01	
6.501697e+01	639	7.817194e+01	2.099263e+02	6.501697e+01	639	7.286622e-01	7.000000e-01	
6.511872e+01	640	8.211255e+01	2.144906e+02	6.511872e+01	640	7.231569e-01	7.000000e-01	
6.522047e+01	641	7.093510e+01	2.093241e+02	6.522047e+01	641	7.468947e-01	7.000000e-01	
6.532222e+01	642	8.100094e+01	2.068738e+02	6.532222e+01	642	7.186244e-01	7.000000e-01	
6.542396e+01	643	5.938759e+01	1.784791e+02	6.542396e+01	643	7.503325e-01	7.000000e-01	
6.552571e+01	644	6.357598e+01	1.800585e+02	6.552571e+01	644	7.390518e-01	7.000000e-01	
6.562746e+01	645	6.992633e+01	1.981768e+02	6.562746e+01	645	7.391812e-01	7.000000e-01	
6.572921e+01	646	6.619914e+01	1.783177e+02	6.572921e+01	646	7.292655e-01	7.000000e-01	
6.583096e+01	647	7.446668e+01	1.964429e+02	6.583096e+01	647	7.251235e-01	7.000000e-01	
6.593270e+01	648	6.035101e+01	1.776898e+02	6.593270e+01	648	7.464678e-01	7.000000e-01	
6.603445e+01	649	5.385455e+01	1.436516e+02	6.603445e+01	649	7.273272e-01	7.000000e-01	
6.613620e+01	650	5.800681e+01	1.559756e+02	6.613620e+01	650	7.289179e-01	7.000000e-01	
6.623795e+01	651	6.615657e+01	1.469063e+02	6.623795e+01	651	6.894974e-01	7.000000e-01	
6.633970e+01	652	6.401258e+01	1.575843e+02	6.633970e+01	652	7.111305e-01	7.000000e-01	
6.644144e+01	653	5.898464e+01	1.577924e+02	6.644144e+01	653	7.279018e-01	7.000000e-01	
6.654319e+01	654	5.951822e+01	1.590408e+02	6.654319e+01	654	7.276790e-01	7.000000e-01	
6.664494e+01	655	5.121767e+01	1.476312e+02	6.664494e+01	655	7.424292e-01	7.000000e-01	
6.674669e+01	656	4.385014e+01	1.118453e+02	6.674669e+01	656	7.183595e-01	7.000000e-01	
6.684844e+01	657	6.272018e+01	1.669508e+02	6.684844e+01	657	7.269129e-01	7.000000e-01	
6.695018e+01	658	7.065859e+01	2.287674e+02	6.695018e+01	658	7.640199e-01	7.000000e-01	
6.705193e+01	659	6.083543e+01	1.843155e+02	6.705193e+01	659	7.518450e-01	7.000000e-01	
6.715368e+01	660	5.959742e+01	1.574225e+02	6.715368e+01	660	7.253827e-01	7.000000e-01	
6.725543e+01	661	5.571930e+01	1.947952e+02	6.725543e+01	661	7.775805e-01	7.000000e-01	
6.735718e+01	662	6.496977e+01	1.569117e+02	6.735718e+01	662	7.071870e-01	7.000000e-01	
6.745892e+01	663	5.794817e+01	1.946000e+02	6.745892e+01	663	7.705461e-01	7.000000e-01	
6.756067e+01	664	5.982479e+01	1.965158e+02	6.756067e+01	664	7.666199e-01	7.000000e-01	
6.766242e+01	665	6.433149e+01	1.696520e+02	6.766242e+01	665	7.250597e-01	7.000000e-01	
6.776417e+01	666	6.171300e+01	1.982853e+02	6.776417e+01	666	7.626408e-01	7.000000e-01	
6.786592e+01	667	7.114697e+01	2.083269e+02	6.786592e+01	667	7.454253e-01	7.000000e-01	
6.796766e+01	668	6.561224e+01	2.026455e+02	6.796766e+01	668	7.554134e-01	7.000000e-01	
6.806941e+01	669	5.497319e+01	1.922385e+02	6.806941e+01	669	7.776271e-01	7.000000e-01	
6.817116e+01	670	5.861144e+01	1.906318e+02	6.817116e+01	670	7.648424e-01	7.000000e-01	
6.827291e+01	671	6.621080e+01	2.035343e+02	6.827291e+01	671	7.545431e-01	7.000000e-01	
6.837466e+01	672	5.335381e+01	1.998257e+02	6.837466e+01	672	7.892649e-01	7.000000e-01	
6.847640e+01	673	6.875794e+01	2.054378e+02	6.847640e+01	673	7.492378e-01	7.000000e-01	
6.857815e+01	674	5.947407e+01	2.029512e+02	6.857815e+01	674	7.733676e-01	7.000000e-01	
6.867990e+01	675	6.459113e+01	1.990081e+02	6.867990e+01	675	7.549646e-01	7.000000e-01	
6.878165e+01	676	6.475368e+01	2.211047e+02	6.878165e+01	676	7.734764e-01	7.000000e-01	
6.888340e+01	677	6.941096e+01	2.123673e+02	6.888340e+01	677	7.536682e-01	7.000000e-01	
6.898514e+01	678	6.875304e+01	2.161059e+02	6.898514e+01	678	7.586418e-01	7.000000e-01	
6.908689e+01	679	8.298191e+01	2.149320e+02	6.908689e+01	679	7.214567e-01	7.000000e-01	
6.918864e+01	680	8.652198e+01	2.075348e+02	6.918864e+01	680	7.057644e-01	7.000000e-01	
6.929039e+01	681	8.558617e+01	1.925293e+02	6.929039e+01	681	6.922639e-01	7.000000e-01	
6.939214e+01	682	8.588820e+01	2.007948e+02	6.939214e+01	682	7.004071e-01	7.000000e-01	
6.949388e+01	683	8.527436e+01	1.872234e+02	6.949388e+01	683	6.870640e-01	7.000000e-01	
6.959563e+01	684	8.956939e+01	1.984533e+02	6.959563e+01	684	6.890197e-01	7.000000e-01	
6.969738e+01	685	7.922541e+01	2.285693e+02	6.969738e+01	685	7.426031e-01	7.000000e-01	
6.979913e+01	686	9.716181e+01	1.740076e+02	6.979913e+01	686	6.416933e-01	7.000000e-01	
6.990088e+01	687	7.792431e+01	1.798654e+02	6.990088e+01	687	6.977214e-01	7.000000e-01	
7.000262e+01	688	8.440263e+01	1.854347e+02	7.000262e+01	688	6.872092e-01	7.000000e-01	
7.010437e+01	689	8.213512e+01	1.935020e+02	7.010437e+01	689	7.020172e-01	7.000000e-01	
7.020612e+01	690	7.482158e+01	1.974478e+02	7.020612e+01	690	7.251928e-01	7.000000e-01	
7.030787e+01	691	7.610820e+01	2.068374e+02	7.030787e+01	691	7.310147e-01	7.000000e-01	
7.040962e+01	692	7.530236e+01	1.876929e+02	7.040962e+01	692	7.136741e-01	7.000000e-01	
7.051136e+01	693	6.864168e+01	2.078381e+02	7.051136e+01	693	7.517298e-01	7.000000e-01	
7.061311e+01	694	6.252654e+01	2.101405e+02	7.061311e+01	694	7.706854e-01	7.000000e-01	
7.071486e+01	695	8.055612e+01	2.055520e+02	7.071486e+01	695	7.184417e-01	7.000000e-01	
7.081661e+01	696	8.454581e+01	1.812063e+02	7.081661e+01	696	6.818621e-01	7.000000e-01	
7.091836e+01	697	8.583207e+01	2.125039e+02	7.091836e+01	697	7.122973e-01	7.000000e-01	
7.102010e+01	698	9.076656e+01	1.997363e+02	7.102010e+01	698	6.875536e-01	7.000000e-01	
7.112185e+01	699	8.479748e+01	1.806209e+02	7.112185e+01	699	6.805139e-01	7.000000e-01	
7.122360e+01	700	8.959815e+01	2.118127e+02	7.122360e+01	700	7.027375e-01	7.000000e-01	
7.132535e+01	701	7.781978e+01	2.015666e+02	7.132535e+01	701	7.214618e-01	7.000000e-01	
7.142710e+01	702	7.978010e+01	1.902765e+02	7.142710e+01	702	7.045801e-01	7.000000e-01	
7.152884e+01	703	7.572463e+01	1.890856e+02	7.152884e+01	703	7.140419e-01	7.000000e-01	
7.163059e+01	704	9.366607e+01	2.199163e+02	7.163059e+01	704	7.013031e-01	7.000000e-01	
7.173234e+01	705	6.877485e+01	1.906459e+02	7.173234e+01	705	7.348907e-01	7.000000e-01	
7.183409e+01	706	8.794959e+01	1.896222e+02	7.183409e+01	706	6.831465e-01	7.000000e-01	
7.193584e+01	707	7.890619e+01	1.912976e+02	7.193584e+01	707	7.079753e-01	7.000000e-01	
7.203758e+01	708	7.399278e+01	1.778506e+02	7.203758e+01	708	7.061953e-01	7.000000e-01	
7.213933e+01	709	5.743936e+01	1.963470e+02	7.213933e+01	709	7.736704e-01	7.000000e-01	
7.224108e+01	710	6.966065e+01	1.969978e+02	7.224108e+01	710	7.387645e-01	7.000000e-01	
7.234283e+01	711	6.564457e+01	2.145317e+02	7.234283e+01	711	7.657026e-01	7.000000e-01	
7.244458e+01	712	6.480870e+01	1.994569e+02	7.244458e+01	712	7.547592e-01	7.000000e-01	
7.254632e+01	713	6.320907e+01	2.215253e+02	7.254632e+01	713	7.780069e-01	7.000000e-01	
7.264807e+01	714	5.681009e+01	2.296749e+02	7.264807e+01	714	8.016996e-01	7.000000e-01	
7.274982e+01	715	4.020802e+01	2.330683e+02	7.274982e+01	715	8.528668e-01	7.000000e-01	
7.285157e+01	716	5.105396e+01	2.237951e+02	7.285157e+01	716	8.142473e-01	7.000000e-01	
7.295332e+01	717	5.555246e+01	2.488701e+02	7.295332e+01	717	8.175153e-01	7.000000e-01	
7.305506e+01	718	5.108068e+01	2.170662e+02	7.305506e+01	718	8.095049e-01	7.000000e-01	
7.315681e+01	719	5.207936e+01	2.142179e+02	7.315681e+01	719	8.044315e-01	7.000000e-01	
7.325856e+01	720	5.777612e+01	2.228395e+02	7.325856e+01	720	7.941094e-01	7.000000e-01	
7.336031e+01	721	5.866676e+01	2.283489e+02	7.336031e+01	721	7.955974e-01	7.000000e-01	
7.346206e+01	722	6.934735e+01	2.042352e+02	7.346206e+01	722	7.465213e-01	7.000000e-01	
7.356380e+01	723	5.827822e+01	2.197239e+02	7.356380e+01	723	7.903677e-01	7.000000e-01	
7.366555e+01	724	6.563879e+01	2.196765e+02	7.366555e+01	724	7.699430e-01	7.000000e-01	
7.376730e+01	725	6.635036e+01	2.307735e+02	7.376730e+01	725	7.766912e-01	7.000000e-01	
7.386905e+01	726	6.910636e+01	2.106690e+02	7.386905e+01	726	7.529934e-01	7.000000e-01	
7.397080e+01	727	5.436937e+01	2.223509e+02	7.397080e+01	727	8.035223e-01	7.000000e-01	
7.407254e+01	728	5.312297e+01	2.224157e+02	7.407254e+01	728	8.072032e-01	7.000000e-01	
7.417429e+01	729	5.827623e+01	2.208606e+02	7.417429e+01	729	7.912270e-01	7.000000e-01	
7.427604e+01	730	5.964732e+01	2.213560e+02	7.427604e+01	730	7.877345e-01	7.000000e-01	
7.437779e+01	731	6.211360e+01	2.109982e+02	7.437779e+01	731	7.725708e-01	7.000000e-01	
7.447954e+01	732	6.315207e+01	2.121480e+02	7.447954e+01	732	7.706064e-01	7.000000e-01	
7.458128e+01	733	6.116362e+01	2.222827e+02	7.458128e+01	733	7.842145e-01	7.000000e-01	
7.468303e+01	734	6.890632e+01	2.123815e+02	7.468303e+01	734	7.550327e-01	7.000000e-01	
7.478478e+01	735	6.929522e+01	2.437808e+02	7.478478e+01	735	7.786633e-01	7.000000e-01	
7.488653e+01	736	7.345431e+01	2.140830e+02	7.488653e+01	736	7.445399e-01	7.000000e-01	
7.498828e+01	737	6.117502e+01	2.119107e+02	7.498828e+01	737	7.759860e-01	7.000000e-01	
7.509002e+01	738	6.613338e+01	2.260661e+02	7.509002e+01	738	7.736704e-01	7.000000e-01	
7.519177e+01	739	6.396999e+01	2.042541e+02	7.519177e+01	739	7.615054e-01	7.000000e-01	
7.529352e+01	740	8.121543e+01	1.984195e+02	7.529352e+01	740	7.095662e-01	7.000000e-01	
7.539527e+01	741	8.465319e+01	1.950586e+02	7.539527e+01	741	6.973557e-01	7.000000e-01	
7.549702e+01	742	6.921512e+01	2.157630e+02	7.549702e+01	742	7.571213e-01	7.000000e-01	
7.559876e+01	743	6.848525e+01	2.276690e+02	7.559876e+01	743	7.687514e-01	7.000000e-01	
7.570051e+01	744	9.591075e+01	2.332469e+02	7.570051e+01	744	7.086176e-01	7.000000e-01	
7.580226e+01	745	7.447273e+01	2.139638e+02	7.580226e+01	745	7.418055e-01	7.000000e-01	
7.590401e+01	746	8.109815e+01	2.044453e+02	7.590401e+01	746	7.159867e-01	7.000000e-01	
7.600576e+01	747	9.572550e+01	2.328507e+02	7.600576e+01	747	7.086658e-01	7.000000e-01	
7.610750e+01	748	6.219148e+01	2.179182e+02	7.610750e+01	748	7.779745e-01	7.000000e-01	
7.620925e+01	749	9.021082e+01	1.887963e+02	7.620925e+01	749	6.766720e-01	7.000000e-01	
7.631100e+01	750	8.084527e+01	1.992900e+02	7.631100e+01	750	7.114063e-01	7.000000e-01	
7.641275e+01	751	6.774119e+01	2.158997e+02	7.641275e+01	751	7.611727e-01	7.000000e-01	
7.651450e+01	752	6.947094e+01	2.188126e+02	7.651450e+01	752	7.590187e-01	7.000000e-01	
7.661624e+01	753	6.946522e+01	1.937990e+02	7.661624e+01	753	7.361388e-01	7.000000e-01	
7.671799e+01	754	6.702882e+01	2.379454e+02	7.671799e+01	754	7.802148e-01	7.000000e-01	
7.681974e+01	755	6.217681e+01	2.335014e+02	7.681974e+01	755	7.897146e-01	7.000000e-01	
7.692149e+01	756	6.931118e+01	2.144486e+02	7.692149e+01	756	7.557399e-01	7.000000e-01	
7.702324e+01	757	6.451141e+01	2.186841e+02	7.702324e+01	757	7.722019e-01	7.000000e-01	
7.712498e+01	758	6.509843e+01	2.259796e+02	7.712498e+01	758	7.763540e-01	7.000000e-01	
7.722673e+01	759	4.290206e+01	2.367476e+02	7.722673e+01	759	8.465864e-01	7.000000e-01	
7.732848e+01	760	6.942515e+01	2.252147e+02	7.732848e+01	760	7.643728e-01	7.000000e-01	
7.743023e+01	761	6.710831e+01	2.249998e+02	7.743023e+01	761	7.702621e-01	7.000000e-01	
7.753198e+01	762	8.682955e+01	2.236510e+02	7.753198e+01	762	7.203382e-01	7.000000e-01	
7.763372e+01	763	7.862567e+01	2.276314e+02	7.763372e+01	763	7.432690e-01	7.000000e-01	
7.773547e+01	764	8.604428e+01	2.186130e+02	7.773547e+01	764	7.175702e-01	7.000000e-01	
7.783722e+01	765	6.408977e+01	2.287386e+02	7.783722e+01	765	7.811354e-01	7.000000e-01	
7.793897e+01	766	7.726326e+01	2.306221e+02	7.793897e+01	766	7.490519e-01	7.000000e-01	
7.804072e+01	767	8.197731e+01	2.089039e+02	7.804072e+01	767	7.181760e-01	7.000000e-01	
7.814246e+01	768	7.286673e+01	2.238193e+02	7.814246e+01	768	7.543978e-01	7.000000e-01	
7.824421e+01	769	9.898949e+01	1.542540e+02	7.824421e+01	769	6.091134e-01	7.000000e-01	
7.834596e+01	770	7.474022e+01	2.078630e+02	7.834596e+01	770	7.355295e-01	7.000000e-01	
7.844771e+01	771	1.011778e+02	1.987003e+02	7.844771e+01	771	6.626036e-01	7.000000e-01	
7.854946e+01	772	9.443573e+01	1.629985e+02	7.854946e+01	772	6.331656e-01	7.000000e-01	
7.865120e+01	773	5.818172e+01	1.858694e+02	7.865120e+01	773	7.616003e-01	7.000000e-01	
7.875295e+01	774	6.188182e+01	2.621355e+02	7.875295e+01	774	8.090169e-01	7.000000e-01	
7.885470e+01	775	5.380806e+01	1.975761e+02	7.885470e+01	775	7.859529e-01	7.000000e-01	
7.895645e+01	776	6.154429e+01	2.024277e+02	7.895645e+01	776	7.668530e-01	7.000000e-01	
7.905820e+01	777	4.215297e+01	1.943147e+02	7.905820e+01	777	8.217390e-01	7.000000e-01	
7.915994e+01	778	4.741652e+01	2.052040e+02	7.915994e+01	778	8.123014e-01	7.000000e-01	
7.926169e+01	779	6.015657e+01	1.988198e+02	7.926169e+01	779	7.677141e-01	7.000000e-01	
7.936344e+01	780	6.360721e+01	2.175492e+02	7.936344e+01	780	7.737657e-01	7.000000e-01	
7.946519e+01	781	5.536439e+01	1.995492e+02	7.946519e+01	781	7.828111e-01	7.000000e-01	
7.956694e+01	782	5.444885e+01	1.948630e+02	7.956694e+01	782	7.816034e-01	7.000000e-01	
7.966868e+01	783	6.482795e+01	2.208384e+02	7.966868e+01	783	7.730641e-01	7.000000e-01	
7.977043e+01	784	5.896492e+01	2.212963e+02	7.977043e+01	784	7.896073e-01	7.000000e-01	
7.987218e+01	785	6.549204e+01	2.312118e+02	7.987218e+01	785	7.792680e-01	7.000000e-01	
7.997393e+01	786	7.547779e+01	2.390536e+02	7.997393e+01	786	7.600310e-01	7.000000e-01	
8.007568e+01	787	7.041846e+01	2.303176e+02	8.007568e+01	787	7.658463e-01	7.000000e-01	
8.017742e+01	788	6.400404e+01	2.302548e+02	8.017742e+01	788	7.824907e-01	7.000000e-01	
8.027917e+01	789	7.024893e+01	2.287596e+02	8.027917e+01	789	7.650604e-01	7.000000e-01	
8.038092e+01	790	5.271325e+01	2.264958e+02	8.038092e+01	790	8.112051e-01	7.000000e-01	
8.048267e+01	791	7.880215e+01	2.280703e+02	8.048267e+01	791	7.432088e-01	7.000000e-01	
8.058442e+01	792	5.016058e+01	2.037735e+02	8.058442e+01	792	8.024661e-01	7.000000e-01	
8.068616e+01	793	5.763211e+01	2.495508e+02	8.068616e+01	793	8.123850e-01	7.000000e-01	
8.078791e+01	794	6.292074e+01	2.200335e+02	8.078791e+01	794	7.776293e-01	7.000000e-01	
8.088966e+01	795	5.921417e+01	2.365576e+02	8.088966e+01	795	7.997978e-01	7.000000e-01	
8.099141e+01	796	5.335243e+01	2.102242e+02	8.099141e+01	796	7.975829e-01	7.000000e-01	
8.109316e+01	797	4.717782e+01	2.100792e+02	8.109316e+01	797	8.166121e-01	7.000000e-01	
8.119490e+01	798	6.645889e+01	2.126454e+02	8.119490e+01	798	7.618851e-01	7.000000e-01	
8.129665e+01	799	4.744710e+01	2.345940e+02	8.129665e+01	799	8.317724e-01	7.000000e-01	
8.139840e+01	800	5.568491e+01	1.926974e+02	8.139840e+01	800	7.758097e-01	7.000000e-01	
8.150015e+01	801	6.763067e+01	2.074076e+02	8.150015e+01	801	7.541045e-01	7.000000e-01	
8.160190e+01	802	5.378482e+01	2.101497e+02	8.160190e+01	802	7.962191e-01	7.000000e-01	
8.170364e+01	803	5.390893e+01	1.828896e+02	8.170364e+01	803	7.723426e-01	7.000000e-01	
8.180539e+01	804	6.988839e+01	2.216343e+02	8.180539e+01	804	7.602643e-01	7.000000e-01	
8.190714e+01	805	7.702952e+01	2.237780e+02	8.190714e+01	805	7.439242e-01	7.000000e-01	
8.200889e+01	806	7.926904e+01	2.341380e+02	8.200889e+01	806	7.470732e-01	7.000000e-01	
8.211064e+01	807	8.040549e+01	2.237144e+02	8.211064e+01	807	7.356125e-01	7.000000e-01	
8.221238e+01	808	6.746368e+01	2.090953e+02	8.221238e+01	808	7.560604e-01	7.000000e-01	
8.231413e+01	809	7.176813e+01	2.341658e+02	8.231413e+01	809	7.654130e-01	7.000000e-01	
8.241588e+01	810	8.477833e+01	2.196209e+02	8.241588e+01	810	7.214897e-01	7.000000e-01	
8.251763e+01	811	7.008707e+01	2.221604e+02	8.251763e+01	811	7.601790e-01	7.000000e-01	
8.261938e+01	812	8.278758e+01	1.933519e+02	8.261938e+01	812	7.001965e-01	7.000000e-01	
8.272112e+01	813	7.987198e+01	2.379129e+02	8.272112e+01	813	7.486602e-01	7.000000e-01	
8.282287e+01	814	7.475037e+01	1.865055e+02	8.282287e+01	814	7.138806e-01	7.000000e-01	
8.292462e+01	815	7.636925e+01	1.773454e+02	8.292462e+01	815	6.989955e-01	7.000000e-01	
8.302637e+01	816	8.157842e+01	2.041461e+02	8.302637e+01	816	7.144858e-01	7.000000e-01	
8.312812e+01	817	8.322863e+01	1.941673e+02	8.312812e+01	817	6.999645e-01	7.000000e-01	
8.322986e+01	818	6.872274e+01	1.756668e+02	8.322986e+01	818	7.187984e-01	7.000000e-01	
8.333161e+01	819	6.256161e+01	1.793573e+02	8.333161e+01	819	7.413943e-01	7.000000e-01	
8.343336e+01	820	7.534496e+01	1.884362e+02	8.343336e+01	820	7.143657e-01	7.000000e-01	
8.353511e+01	821	6.440324e+01	1.803904e+02	8.353511e+01	821	7.369080e-01	7.000000e-01	
8.363686e+01	822	7.372383e+01	1.822974e+02	8.363686e+01	822	7.120402e-01	7.000000e-01	
8.373860e+01	823	6.831313e+01	1.732590e+02	8.373860e+01	823	7.172144e-01	7.000000e-01	
8.384035e+01	824	4.935809e+01	2.238907e+02	8.384035e+01	824	8.193658e-01	7.000000e-01	
8.394210e+01	825	4.518460e+01	2.313182e+02	8.394210e+01	825	8.365854e-01	7.000000e-01	
8.404385e+01	826	6.430121e+01	2.340151e+02	8.404385e+01	826	7.844529e-01	7.000000e-01	
8.414560e+01	827	5.199678e+01	2.220547e+02	8.414560e+01	827	8.102664e-01	7.000000e-01	
8.424734e+01	828	4.984857e+01	2.228163e+02	8.424734e+01	828	8.171801e-01	7.000000e-01	
8.434909e+01	829	6.517865e+01	2.180089e+02	8.434909e+01	829	7.698393e-01	7.000000e-01	
8.445084e+01	830	5.178417e+01	2.189222e+02	8.445084e+01	830	8.087072e-01	7.000000e-01	
8.455259e+01	831	8.899421e+01	2.047320e+02	8.455259e+01	831	6.970164e-01	7.000000e-01	
8.465434e+01	832	8.009960e+01	2.118993e+02	8.465434e+01	832	7.256853e-01	7.000000e-01	
8.475608e+01	833	7.569482e+01	2.071387e+02	8.475608e+01	833	7.323697e-01	7.000000e-01	
8.485783e+01	834	6.733442e+01	2.322398e+02	8.485783e+01	834	7.752329e-01	7.000000e-01	
8.495958e+01	835	5.208237e+01	2.011473e+02	8.495958e+01	835	7.943275e-01	7.000000e-01	
8.506133e+01	836	6.536720e+01	2.107983e+02	8.506133e+01	836	7.633043e-01	7.000000e-01	
8.516308e+01	837	6.914761e+01	1.964791e+02	8.516308e+01	837	7.396813e-01	7.000000e-01	
8.526482e+01	838	7.693924e+01	2.006446e+02	8.526482e+01	838	7.228252e-01	7.000000e-01	
8.536657e+01	839	5.850742e+01	2.152105e+02	8.536657e+01	839	7.862492e-01	7.000000e-01	
8.546832e+01	840	6.284001e+01	2.217284e+02	8.546832e+01	840	7.791743e-01	7.000000e-01	
8.557007e+01	841	6.664245e+01	2.077675e+02	8.557007e+01	841	7.571427e-01	7.000000e-01	
8.567182e+01	842	6.541509e+01	1.674463e+02	8.567182e+01	842	7.190814e-01	7.000000e-01	
8.577356e+01	843	6.183865e+01	2.122039e+02	8.577356e+01	843	7.743465e-01	7.000000e-01	
8.587531e+01	844	6.447120e+01	2.056583e+02	8.587531e+01	844	7.613322e-01	7.000000e-01	
8.597706e+01	845	5.075375e+01	2.118831e+02	8.597706e+01	845	8.067531e-01	7.000000e-01	
8.607881e+01	846	5.612618e+01	2.253394e+02	8.607881e+01	846	8.005931e-01	7.000000e-01	
8.618056e+01	847	4.951049e+01	1.937338e+02	8.618056e+01	847	7.964578e-01	7.000000e-01	
8.628230e+01	848	5.225703e+01	1.968108e+02	8.628230e+01	848	7.901896e-01	7.000000e-01	
8.638405e+01	849	5.537850e+01	1.921646e+02	8.638405e+01	849	7.762874e-01	7.000000e-01	
8.648580e+01	850	5.712570e+01	2.113488e+02	8.648580e+01	850	7.872211e-01	7.000000e-01	
8.658755e+01	851	5.920988e+01	2.079913e+02	8.658755e+01	851	7.784071e-01	7.000000e-01	
8.668930e+01	852	3.844818e+01	2.119508e+02	8.668930e+01	852	8.464523e-01	7.000000e-01	
8.679104e+01	853	5.460282e+01	1.950821e+02	8.679104e+01	853	7.813131e-01	7.000000e-01	
8.689279e+01	854	5.855552e+01	1.993763e+02	8.689279e+01	854	7.729806e-01	7.000000e-01	
8.699454e+01	855	5.484717e+01	2.168458e+02	8.699454e+01	855	7.981281e-01	7.000000e-01	
8.709629e+01	856	6.528655e+01	2.247874e+02	8.709629e+01	856	7.749314e-01	7.000000e-01	
8.719804e+01	857	5.200084e+01	2.010457e+02	8.719804e+01	857	7.945009e-01	7.000000e-01	
8.729978e+01	858	5.677517e+01	2.006439e+02	8.729978e+01	858	7.794446e-01	7.000000e-01	
8.740153e+01	859	6.565668e+01	2.016994e+02	8.740153e+01	859	7.544223e-01	7.000000e-01	
8.750328e+01	860	6.583545e+01	2.119272e+02	8.750328e+01	860	7.629795e-01	7.000000e-01	
8.760503e+01	861	6.721792e+01	1.960481e+02	8.760503e+01	861	7.446768e-01	7.000000e-01	
8.770678e+01	862	6.231653e+01	2.182298e+02	8.770678e+01	862	7.778744e-01	7.000000e-01	
8.780852e+01	863	6.668212e+01	2.236392e+02	8.780852e+01	863	7.703161e-01	7.000000e-01	
8.791027e+01	864	5.815643e+01	1.843838e+02	8.791027e+01	864	7.602194e-01	7.000000e-01	
8.801202e+01	865	6.470471e+01	2.248003e+02	8.801202e+01	865	7.764988e-01	7.000000e-01	
8.811377e+01	866	4.841382e+01	1.888326e+02	8.811377e+01	866	7.959345e-01	7.000000e-01	
8.821552e+01	867	5.541678e+01	2.201275e+02	8.821552e+01	867	7.988825e-01	7.000000e-01	
8.831726e+01	868	6.586266e+01	2.007712e+02	8.831726e+01	868	7.529846e-01	7.000000e-01	
8.841901e+01	869	6.008643e+01	2.119180e+02	8.841901e+01	869	7.790976e-01	7.000000e-01	
8.852076e+01	870	6.443067e+01	1.964728e+02	8.852076e+01	870	7.530479e-01	7.000000e-01	
8.862251e+01	871	5.812361e+01	2.020002e+02	8.862251e+01	871	7.765541e-01	7.000000e-01	
8.872426e+01	872	5.514911e+01	2.087174e+02	8.872426e+01	872	7.909962e-01	7.000000e-01	
8.882600e+01	873	6.102341e+01	2.030842e+02	8.882600e+01	873	7.689449e-01	7.000000e-01	
8.892775e+01	874	6.853919e+01	2.071418e+02	8.892775e+01	874	7.513822e-01	7.000000e-01	
8.902950e+01	875	5.766642e+01	2.243583e+02	8.902950e+01	875	7.955271e-01	7.000000e-01	
8.913125e+01	876	5.765805e+01	2.119184e+02	8.913125e+01	876	7.861161e-01	7.000000e-01	
8.923300e+01	877	6.509692e+01	2.483214e+02	8.923300e+01	877	7.923002e-01	7.000000e-01	
8.933474e+01	878	5.827338e+01	1.956013e+02	8.933474e+01	878	7.704640e-01	7.000000e-01	
8.943649e+01	879	6.073849e+01	2.271095e+02	8.943649e+01	879	7.889911e-01	7.000000e-01	
8.953824e+01	880	5.531397e+01	2.137758e+02	8.953824e+01	880	7.944405e-01	7.000000e-01	
8.963999e+01	881	4.354399e+01	2.447856e+02	8.963999e+01	881	8.489784e-01	7.000000e-01	
8.974174e+01	882	7.121344e+01	2.206562e+02	8.974174e+01	882	7.560094e-01	7.000000e-01	
8.984348e+01	883	6.431018e+01	2.268210e+02	8.984348e+01	883	7.791024e-01	7.000000e-01	
8.994523e+01	884	7.754256e+01	2.507379e+02	8.994523e+01	884	7.637917e-01	7.000000e-01	
9.004698e+01	885	6.658408e+01	2.177095e+02	9.004698e+01	885	7.657911e-01	7.000000e-01	
9.014873e+01	886	7.585971e+01	1.978358e+02	9.014873e+01	886	7.228317e-01	7.000000e-01	
9.025048e+01	887	7.055910e+01	2.260064e+02	9.025048e+01	887	7.620792e-01	7.000000e-01	
9.035222e+01	888	5.605031e+01	1.892336e+02	9.035222e+01	888	7.714880e-01	7.000000e-01	
9.045397e+01	889	5.822295e+01	2.048825e+02	9.045397e+01	889	7.787087e-01	7.000000e-01	
9.055572e+01	890	6.904810e+01	2.132837e+02	9.055572e+01	890	7.554363e-01	7.000000e-01	
9.065747e+01	891	7.154116e+01	2.119931e+02	9.065747e+01	891	7.476807e-01	7.000000e-01	
9.075922e+01	892	7.057908e+01	2.375365e+02	9.075922e+01	892	7.709331e-01	7.000000e-01	
9.086096e+01	893	6.418691e+01	1.927655e+02	9.086096e+01	893	7.501992e-01	7.000000e-01	
9.096271e+01	894	5.845063e+01	1.868678e+02	9.096271e+01	894	7.617357e-01	7.000000e-01	
9.106446e+01	895	6.355878e+01	2.212916e+02	9.106446e+01	895	7.768696e-01	7.000000e-01	
9.116621e+01	896	5.508715e+01	1.894246e+02	9.116621e+01	896	7.747055e-01	7.000000e-01	
9.126796e+01	897	5.891401e+01	1.886018e+02	9.126796e+01	897	7.619788e-01	7.000000e-01	
9.136970e+01	898	4.668298e+01	1.847407e+02	9.136970e+01	898	7.982792e-01	7.000000e-01	
9.147145e+01	899	6.034526e+01	1.921047e+02	9.147145e+01	899	7.609615e-01	7.000000e-01	
9.157320e+01	900	4.799139e+01	1.709338e+02	9.157320e+01	900	7.807863e-01	7.000000e-01	
9.167495e+01	901	5.113690e+01	1.852071e+02	9.167495e+01	901	7.836336e-01	7.000000e-01	
9.177670e+01	902	6.121520e+01	1.898128e+02	9.177670e+01	902	7.561419e-01	7.000000e-01	
9.187844e+01	903	6.634493e+01	1.988354e+02	9.187844e+01	903	7.498120e-01	7.000000e-01	
9.198019e+01	904	5.255017e+01	1.711022e+02	9.198019e+01	904	7.650364e-01	7.000000e-01	
9.208194e+01	905	5.722528e+01	1.856862e+02	9.208194e+01	905	7.644192e-01	7.000000e-01	
9.218369e+01	906	5.984364e+01	2.077838e+02	9.218369e+01	906	7.763920e-01	7.000000e-01	
9.228544e+01	907	7.491361e+01	2.082800e+02	9.228544e+01	907	7.354686e-01	7.000000e-01	
9.238718e+01	908	7.828280e+01	1.961934e+02	9.238718e+01	908	7.147920e-01	7.000000e-01	
9.248893e+01	909	7.525211e+01	2.164780e+02	9.248893e+01	909	7.420489e-01	7.000000e-01	
9.259068e+01	910	7.673801e+01	2.021632e+02	9.259068e+01	910	7.248559e-01	7.000000e-01	
9.269243e+01	911	7.270276e+01	1.983468e+02	9.269243e+01	911	7.317732e-01	7.000000e-01	
9.279418e+01	912	3.161803e+01	1.996131e+02	9.279418e+01	912	8.632622e-01	7.000000e-01	
9.289592e+01	913	3.952040e+01	1.982049e+02	9.289592e+01	913	8.337560e-01	7.000000e-01	
9.299767e+01	914	4.280236e+01	2.001741e+02	9.299767e+01	914	8.238415e-01	7.000000e-01	
9.309942e+01	915	4.304240e+01	2.150963e+02	9.309942e+01	915	8.332586e-01	7.000000e-01	
9.320117e+01	916	3.001570e+01	2.117612e+02	9.320117e+01	916	8.758537e-01	7.000000e-01	
9.330292e+01	917	5.386428e+01	1.918155e+02	9.330292e+01	917	7.807541e-01	7.000000e-01	
9.340466e+01	918	4.347339e+01	2.041891e+02	9.340466e+01	918	8.244652e-01	7.000000e-01	
9.350641e+01	919	5.021367e+01	2.104736e+02	9.350641e+01	919	8.073797e-01	7.000000e-01	
9.360816e+01	920	5.354278e+01	2.138503e+02	9.360816e+01	920	7.997600e-01	7.000000e-01	
9.370991e+01	921	4.245244e+01	1.955154e+02	9.370991e+01	921	8.216043e-01	7.000000e-01	
9.381166e+01	922	5.329442e+01	2.122546e+02	9.381166e+01	922	7.993048e-01	7.000000e-01	
9.391340e+01	923	4.830076e+01	2.042425e+02	9.391340e+01	923	8.087426e-01	7.000000e-01	
9.401515e+01	924	4.117051e+01	2.125828e+02	9.401515e+01	924	8.377538e-01	7.000000e-01	
9.411690e+01	925	3.962077e+01	2.070264e+02	9.411690e+01	925	8.393626e-01	7.000000e-01	
9.421865e+01	926	6.885358e+01	2.106901e+02	9.421865e+01	926	7.536929e-01	7.000000e-01	
9.432040e+01	927	6.359916e+01	2.003753e+02	9.432040e+01	927	7.590708e-01	7.000000e-01	
9.442214e+01	928	2.871668e+01	1.685372e+02	9.442214e+01	928	8.544177e-01	7.000000e-01	
9.452389e+01	929	1.712164e+01	2.397426e+02	9.452389e+01	929	9.333436e-01	7.000000e-01	
9.462564e+01	930	3.691861e+01	1.421194e+02	9.462564e+01	930	7.937946e-01	7.000000e-01	
9.472739e+01	931	3.694927e+01	2.004692e+02	9.472739e+01	931	8.443707e-01	7.000000e-01	
9.482914e+01	932	3.595504e+01	1.463471e+02	9.482914e+01	932	8.027723e-01	7.000000e-01	
9.493088e+01	933	3.248724e+01	1.375890e+02	9.493088e+01	933	8.089843e-01	7.000000e-01	
9.503263e+01	934	9.304315e+01	2.085409e+02	9.503263e+01	934	6.914852e-01	7.000000e-01	
9.513438e+01	935	8.450715e+01	2.130481e+02	9.513438e+01	935	7.159951e-01	7.000000e-01	
9.523613e+01	936	8.654555e+01	2.165460e+02	9.523613e+01	936	7.144574e-01	7.000000e-01	
9.533788e+01	937	7.019073e+01	1.865531e+02	9.533788e+01	937	7.266118e-01	7.000000e-01	
9.543962e+01	938	7.831776e+01	2.278455e+02	9.543962e+01	938	7.441961e-01	7.000000e-01	
9.554137e+01	939	9.551984e+01	2.076829e+02	9.554137e+01	939	6.849638e-01	7.000000e-01	
9.564312e+01	940	7.231156e+01	2.123898e+02	9.564312e+01	940	7.460091e-01	7.000000e-01	
9.574487e+01	941	7.389090e+01	2.168437e+02	9.574487e+01	941	7.458476e-01	7.000000e-01	
9.584662e+01	942	8.867383e+01	2.135273e+02	9.584662e+01	942	7.065735e-01	7.000000e-01	
9.594836e+01	943	7.682183e+01	2.283689e+02	9.594836e+01	943	7.482826e-01	7.000000e-01	
9.605011e+01	944	6.598489e+01	2.035142e+02	9.605011e+01	944	7.551573e-01	7.000000e-01	
9.615186e+01	945	6.520022e+01	2.028359e+02	9.615186e+01	945	7.567484e-01	7.000000e-01	
9.625361e+01	946	9.244694e+01	2.103398e+02	9.625361e+01	946	6.946797e-01	7.000000e-01	
9.635536e+01	947	7.334649e+01	2.002547e+02	9.635536e+01	947	7.319219e-01	7.000000e-01	
9.645710e+01	948	5.727857e+01	2.009558e+02	9.645710e+01	948	7.781915e-01	7.000000e-01	
9.655885e+01	949	6.740061e+01	2.014970e+02	9.655885e+01	949	7.493447e-01	7.000000e-01	
9.666060e+01	950	7.239508e+01	2.053504e+02	9.666060e+01	950	7.393474e-01	7.000000e-01	
9.676235e+01	951	7.561634e+01	2.005816e+02	9.676235e+01	951	7.262241e-01	7.000000e-01	
9.686410e+01	952	6.880914e+01	2.037904e+02	9.686410e+01	952	7.475816e-01	7.000000e-01	
9.696584e+01	953	5.446182e+01	1.955584e+02	9.696584e+01	953	7.821703e-01	7.000000e-01	
9.706759e+01	954	7.287668e+01	1.975326e+02	9.706759e+01	954	7.304949e-01	7.000000e-01	
9.716934e+01	955	7.544510e+01	1.910775e+02	9.716934e+01	955	7.169279e-01	7.000000e-01	
9.727109e+01	956	6.490984e+01	2.054935e+02	9.727109e+01	956	7.599518e-01	7.000000e-01	
9.737284e+01	957	7.025818e+01	2.021291e+02	9.737284e+01	957	7.420651e-01	7.000000e-01	
9.747458e+01	958	6.818780e+01	2.286439e+02	9.747458e+01	958	7.702813e-01	7.000000e-01	
9.757633e+01	959	6.952154e+01	2.040327e+02	9.757633e+01	959	7.458583e-01	7.000000e-01	
9.767808e+01	960	7.385654e+01	2.004602e+02	9.767808e+01	960	7.307618e-01	7.000000e-01	
9.777983e+01	961	7.791904e+01	1.860799e+02	9.777983e+01	961	7.048509e-01	7.000000e-01	
9.788158e+01	962	6.348490e+01	2.020035e+02	9.788158e+01	962	7.608751e-01	7.000000e-01	
9.798332e+01	963	6.769353e+01	2.328902e+02	9.798332e+01	963	7.747931e-01	7.000000e-01	
9.808507e+01	964	6.292538e+01	2.136028e+02	9.808507e+01	964	7.724450e-01	7.000000e-01	
9.818682e+01	965	6.611403e+01	2.117786e+02	9.818682e+01	965	7.620879e-01	7.000000e-01	
9.828857e+01	966	5.622139e+01	1.688203e+02	9.828857e+01	966	7.501734e-01	7.000000e-01	
9.839032e+01	967	5.718556e+01	1.570121e+02	9.839032e+01	967	7.330243e-01	7.000000e-01	
9.849206e+01	968	6.236164e+01	1.834907e+02	9.849206e+01	968	7.463451e-01	7.000000e-01	
9.859381e+01	969	7.180178e+01	2.518573e+02	9.859381e+01	969	7.781561e-01	7.000000e-01	
9.869556e+01	970	6.582883e+01	2.104561e+02	9.869556e+01	970	7.617357e-01	7.000000e-01	
9.879731e+01	971	8.281711e+01	2.492457e+02	9.879731e+01	971	7.505981e-01	7.000000e-01	
9.889906e+01	972	6.809367e+01	2.407872e+02	9.889906e+01	972	7.795471e-01	7.000000e-01	
9.900080e+01	973	8.462905e+01	2.563359e+02	9.900080e+01	973	7.517955e-01	7.000000e-01	
9.910255e+01	974	6.600495e+01	2.246104e+02	9.910255e+01	974	7.728787e-01	7.000000e-01	
9.920430e+01	975	7.378931e+01	2.459870e+02	9.920430e+01	975	7.692471e-01	7.000000e-01	
9.930605e+01	976	6.084821e+01	2.028146e+02	9.930605e+01	976	7.692196e-01	7.000000e-01	
9.940780e+01	977	6.527674e+01	2.138733e+02	9.940780e+01	977	7.661589e-01	7.000000e-01	
9.950954e+01	978	5.249756e+01	1.716202e+02	9.950954e+01	978	7.657590e-01	7.000000e-01	
9.961129e+01	979	6.093528e+01	2.247388e+02	9.961129e+01	979	7.866965e-01	7.000000e-01	
9.971304e+01	980	6.256547e+01	1.981389e+02	9.971304e+01	980	7.600137e-01	7.000000e-01	
9.981479e+01	981	6.493261e+01	1.930200e+02	9.981479e+01	981	7.482770e-01	7.000000e-01	
9.991654e+01	982	6.287548e+01	1.875217e+02	9.991654e+01	982	7.488970e-01	7.000000e-01	
1.000183e+02	983	6.640243e+01	2.033114e+02	1.000183e+02	983	7.538041e-01	7.000000e-01	
1.001200e+02	984	6.383279e+01	2.011082e+02	1.001200e+02	984	7.590679e-01	7.000000e-01	
1.002218e+02	985	6.185924e+01	1.978652e+02	1.002218e+02	985	7.618274e-01	7.000000e-01	
1.003235e+02	986	6.339988e+01	1.946889e+02	1.003235e+02	986	7.543486e-01	7.000000e-01	
1.004253e+02	987	5.933329e+01	2.159880e+02	1.004253e+02	987	7.844944e-01	7.000000e-01	
1.005270e+02	988	6.613911e+01	1.893062e+02	1.005270e+02	988	7.410831e-01	7.000000e-01	
1.006288e+02	989	4.882258e+01	2.341203e+02	1.006288e+02	989	8.274472e-01	7.000000e-01	
1.007305e+02	990	6.263212e+01	2.145904e+02	1.007305e+02	990	7.740728e-01	7.000000e-01	
1.008323e+02	991	6.623793e+01	1.978480e+02	1.008323e+02	991	7.491804e-01	7.000000e-01	
1.009340e+02	992	5.506341e+01	2.193653e+02	1.009340e+02	992	7.993526e-01	7.000000e-01	
1.010358e+02	993	4.572943e+01	2.484549e+02	1.010358e+02	993	8.445552e-01	7.000000e-01	
1.011375e+02	994	5.257891e+01	2.083121e+02	1.011375e+02	994	7.984641e-01	7.000000e-01	
1.012393e+02	995	5.652187e+01	2.266063e+02	1.012393e+02	995	8.003665e-01	7.000000e-01	
1.013410e+02	996	5.313088e+01	1.959847e+02	1.013410e+02	996	7.867220e-01	7.000000e-01	
1.014428e+02	997	4.932342e+01	2.265514e+02	1.014428e+02	997	8.212109e-01	7.000000e-01	
1.015445e+02	998	4.427654e+01	2.047438e+02	1.015445e+02	998	8.221971e-01	7.000000e-01	
1.016463e+02	999	5.450267e+01	2.062445e+02	1.016463e+02	999	7.909750e-01	7.000000e-01	
1.017480e+02	1000	5.950795e+01	2.168661e+02	1.017480e+02	1000	7.846833e-01	7.000000e-01	
1.018497e+02	1001	7.082620e+01	1.783589e+02	1.018497e+02	1001	7.157687e-01	7.000000e-01	
1.019515e+02	1002	5.692104e+01	2.054793e+02	1.019515e+02	1002	7.830756e-01	7.000000e-01	
1.020532e+02	1003	5.489265e+01	1.916493e+02	1.020532e+02	1003	7.773497e-01	7.000000e-01	
1.021550e+02	1004	5.493485e+01	2.126363e+02	1.021550e+02	1004	7.946907e-01	7.000000e-01	
1.022567e+02	1005	5.936050e+01	1.862799e+02	1.022567e+02	1005	7.583439e-01	7.000000e-01	
1.023585e+02	1006	5.412169e+01	1.910956e+02	1.023585e+02	1006	7.792909e-01	7.000000e-01	
1.024602e+02	1007	6.345472e+01	1.948772e+02	1.024602e+02	1007	7.543675e-01	7.000000e-01	
1.025620e+02	1008	6.112721e+01	2.106319e+02	1.025620e+02	1008	7.750684e-01	7.000000e-01	
1.026637e+02	1009	6.241087e+01	2.068801e+02	1.026637e+02	1009	7.682400e-01	7.000000e-01	
1.027655e+02	1010	5.704630e+01	2.117690e+02	1.027655e+02	1010	7.877863e-01	7.000000e-01	
1.028672e+02	1011	5.703425e+01	2.102312e+02	1.028672e+02	1011	7.866007e-01	7.000000e-01	
1.029690e+02	1012	5.810604e+01	2.115032e+02	1.029690e+02	1012	7.844805e-01	7.000000e-01	
1.030707e+02	1013	5.434709e+01	2.057364e+02	1.030707e+02	1013	7.910398e-01	7.000000e-01	
1.031725e+02	1014	5.857287e+01	2.110534e+02	1.031725e+02	1014	7.827627e-01	7.000000e-01	
1.032742e+02	1015	5.119773e+01	2.038335e+02	1.032742e+02	1015	7.992492e-01	7.000000e-01	
1.033760e+02	1016	6.082673e+01	2.020518e+02	1.033760e+02	1016	7.686128e-01	7.000000e-01	
1.034777e+02	1017	4.096549e+01	1.914038e+02	1.034777e+02	1017	8.237052e-01	7.000000e-01	
1.035795e+02	1018	4.638886e+01	2.054652e+02	1.035795e+02	1018	8.158106e-01	7.000000e-01	
1.036812e+02	1019	6.518810e+01	2.109553e+02	1.036812e+02	1019	7.639339e-01	7.000000e-01	
1.037830e+02	1020	4.112823e+01	1.688946e+02	1.037830e+02	1020	8.041726e-01	7.000000e-01	
1.038847e+02	1021	3.428392e+01	1.982787e+02	1.038847e+02	1021	8.525820e-01	7.000000e-01	
1.039865e+02	1022	3.008675e+01	1.815742e+02	1.039865e+02	1022	8.578540e-01	7.000000e-01	
1.040882e+02	1023	5.067295e+01	1.722329e+02	1.040882e+02	1023	7.726711e-01	7.000000e-01	
1.041900e+02	1024	4.870351e+01	1.710505e+02	1.041900e+02	1024	7.783726e-01	7.000000e-01	
1.042917e+02	1025	3.346211e+01	1.713114e+02	1.042917e+02	1025	8.365897e-01	7.000000e-01	
1.043934e+02	1026	3.358102e+01	1.665574e+02	1.043934e+02	1026	8.322110e-01	7.000000e-01	
1.044952e+02	1027	4.745738e+01	1.860739e+02	1.044952e+02	1027	7.967836e-01	7.000000e-01	
1.045969e+02	1028	4.976762e+01	2.055627e+02	1.045969e+02	1028	8.050853e-01	7.000000e-01	
1.046987e+02	1029	5.232997e+01	2.088666e+02	1.046987e+02	1029	7.996529e-01	7.000000e-01	
1.048004e+02	1030	5.249849e+01	2.086574e+02	1.048004e+02	1030	7.989764e-01	7.000000e-01	
1.049022e+02	1031	6.208775e+01	1.905190e+02	1.049022e+02	1031	7.542118e-01	7.000000e-01	
1.050039e+02	1032	5.886173e+01	2.100889e+02	1.050039e+02	1032	7.811430e-01	7.000000e-01	
1.051057e+02	1033	4.983943e+01	1.916962e+02	1.051057e+02	1033	7.936560e-01	7.000000e-01	
1.052074e+02	1034	4.443318e+01	2.035460e+02	1.052074e+02	1034	8.208189e-01	7.000000e-01	
1.053092e+02	1035	4.749600e+01	2.113203e+02	1.053092e+02	1035	8.164876e-01	7.000000e-01	
1.054109e+02	1036	6.459800e+01	2.273115e+02	1.054109e+02	1036	7.787054e-01	7.000000e-01	
1.055127e+02	1037	5.192974e+01	2.077312e+02	1.055127e+02	1037	8.000094e-01	7.000000e-01	
1.056144e+02	1038	5.779083e+01	2.219596e+02	1.056144e+02	1038	7.934200e-01	7.000000e-01	
1.057162e+02	1039	6.127237e+01	1.966653e+02	1.057162e+02	1039	7.624528e-01	7.000000e-01	
1.058179e+02	1040	6.990039e+01	2.098568e+02	1.058179e+02	1040	7.501391e-01	7.000000e-01	
1.059197e+02	1041	6.920803e+01	1.896560e+02	1.059197e+02	1041	7.326472e-01	7.000000e-01	
1.060214e+02	1042	7.640422e+01	1.876773e+02	1.060214e+02	1042	7.106794e-01	7.000000e-01	
1.061232e+02	1043	5.652311e+01	2.031139e+02	1.061232e+02	1043	7.822995e-01	7.000000e-01	
1.062249e+02	1044	6.995882e+01	2.260212e+02	1.062249e+02	1044	7.636367e-01	7.000000e-01	
1.063267e+02	1045	6.642567e+01	2.002686e+02	1.063267e+02	1045	7.509295e-01	7.000000e-01	
1.064284e+02	1046	6.168613e+01	2.117605e+02	1.064284e+02	1046	7.744125e-01	7.000000e-01	
1.065302e+02	1047	6.305015e+01	2.008276e+02	1.065302e+02	1047	7.610630e-01	7.000000e-01	
1.066319e+02	1048	6.402519e+01	1.975820e+02	1.066319e+02	1048	7.552621e-01	7.000000e-01	
1.067337e+02	1049	6.881198e+01	2.108499e+02	1.067337e+02	1049	7.539458e-01	7.000000e-01	
1.068354e+02	1050	5.819130e+01	1.940116e+02	1.068354e+02	1050	7.692679e-01	7.000000e-01	
1.069371e+02	1051	6.088599e+01	2.362835e+02	1.069371e+02	1051	7.951136e-01	7.000000e-01	
1.070389e+02	1052	6.937554e+01	2.217532e+02	1.070389e+02	1052	7.617015e-01	7.000000e-01	
1.071406e+02	1053	5.998106e+01	2.218880e+02	1.071406e+02	1053	7.872024e-01	7.000000e-01	
1.072424e+02	1054	6.987376e+01	2.008790e+02	1.072424e+02	1054	7.419278e-01	7.000000e-01	
1.073441e+02	1055	6.451128e+01	2.233901e+02	1.073441e+02	1055	7.759258e-01	7.000000e-01	
1.074459e+02	1056	6.006850e+01	2.172391e+02	1.074459e+02	1056	7.833868e-01	7.000000e-01	
1.075476e+02	1057	7.116649e+01	1.900365e+02	1.075476e+02	1057	7.275434e-01	7.000000e-01	
1.076494e+02	1058	6.285743e+01	1.690950e+02	1.076494e+02	1058	7.290072e-01	7.000000e-01	
1.077511e+02	1059	7.667219e+01	1.996471e+02	1.077511e+02	1059	7.225232e-01	7.000000e-01	
1.078529e+02	1060	7.749328e+01	1.947768e+02	1.078529e+02	1060	7.153808e-01	7.000000e-01	
1.079546e+02	1061	8.444357e+01	2.300433e+02	1.079546e+02	1061	7.314878e-01	7.000000e-01	
1.080564e+02	1062	7.035440e+01	1.959350e+02	1.080564e+02	1062	7.357972e-01	7.000000e-01	
1.081581e+02	1063	6.573089e+01	1.965101e+02	1.081581e+02	1063	7.493493e-01	7.000000e-01	
1.082599e+02	1064	7.675363e+01	2.012079e+02	1.082599e+02	1064	7.238696e-01	7.000000e-01	
1.083616e+02	1065	7.014338e+01	2.183364e+02	1.083616e+02	1065	7.568517e-01	7.000000e-01	
1.084634e+02	1066	7.424870e+01	2.261921e+02	1.084634e+02	1066	7.528675e-01	7.000000e-01	
1.085651e+02	1067	6.908905e+01	1.984798e+02	1.085651e+02	1067	7.417896e-01	7.000000e-01	
1.086669e+02	1068	7.630286e+01	1.995615e+02	1.086669e+02	1068	7.234044e-01	7.000000e-01	
1.087686e+02	1069	7.462211e+01	2.007808e+02	1.087686e+02	1069	7.290439e-01	7.000000e-01	
1.088704e+02	1070	7.078200e+01	2.090051e+02	1.088704e+02	1070	7.470148e-01	7.000000e-01	
1.089721e+02	1071	7.535318e+01	2.118419e+02	1.089721e+02	1071	7.376237e-01	7.000000e-01	
1.090739e+02	1072	7.376799e+01	2.081363e+02	1.090739e+02	1072	7.383226e-01	7.000000e-01	
1.091756e+02	1073	8.787905e+01	2.251071e+02	1.091756e+02	1073	7.192238e-01	7.000000e-01	
1.092774e+02	1074	9.611066e+01	2.252153e+02	1.092774e+02	1074	7.008936e-01	7.000000e-01	
1.093791e+02	1075	7.722614e+01	2.182426e+02	1.093791e+02	1075	7.386318e-01	7.000000e-01	
1.094808e+02	1076	7.629172e+01	2.310740e+02	1.094808e+02	1076	7.517885e-01	7.000000e-01	
1.095826e+02	1077	7.503492e+01	2.065092e+02	1.095826e+02	1077	7.334879e-01	7.000000e-01	
1.096843e+02	1078	6.461260e+01	2.068955e+02	1.096843e+02	1078	7.620233e-01	7.000000e-01	
1.097861e+02	1079	6.153844e+01	2.248619e+02	1.097861e+02	1079	7.851314e-01	7.000000e-01	
1.098878e+02	1080	6.444475e+01	2.084015e+02	1.098878e+02	1080	7.638056e-01	7.000000e-01	
1.099896e+02	1081	7.657001e+01	2.313419e+02	1.099896e+02	1081	7.513249e-01	7.000000e-01	
1.100913e+02	1082	5.946132e+01	1.857846e+02	1.100913e+02	1082	7.575441e-01	7.000000e-01	
1.101931e+02	1083	6.653676e+01	1.954861e+02	1.101931e+02	1083	7.460651e-01	7.000000e-01	
1.102948e+02	1084	6.748313e+01	2.208645e+02	1.102948e+02	1084	7.659661e-01	7.000000e-01	
1.103966e+02	1085	7.118742e+01	2.097650e+02	1.103966e+02	1085	7.466211e-01	7.000000e-01	
1.104983e+02	1086	6.257009e+01	2.018284e+02	1.104983e+02	1086	7.633493e-01	7.000000e-01	
1.106001e+02	1087	7.858476e+01	2.147657e+02	1.106001e+02	1087	7.321131e-01	7.000000e-01	
1.107018e+02	1088	8.350199e+01	2.044011e+02	1.107018e+02	1088	7.099649e-01	7.000000e-01	
1.108036e+02	1089	7.460966e+01	2.189010e+02	1.108036e+02	1089	7.458026e-01	7.000000e-01	
1.109053e+02	1090	6.977437e+01	1.955794e+02	1.109053e+02	1090	7.370515e-01	7.000000e-01	
1.110071e+02	1091	5.163660e+01	1.910141e+02	1.110071e+02	1091	7.871978e-01	7.000000e-01	
1.111088e+02	1092	7.273014e+01	2.110635e+02	1.111088e+02	1092	7.437217e-01	7.000000e-01	
1.112106e+02	1093	5.769585e+01	1.883271e+02	1.112106e+02	1093	7.654859e-01	7.000000e-01	
1.113123e+02	1094	4.501685e+01	2.064796e+02	1.113123e+02	1094	8.210040e-01	7.000000e-01	
1.114141e+02	1095	7.046034e+01	2.247677e+02	1.114141e+02	1095	7.613359e-01	7.000000e-01	
1.115158e+02	1096	6.750214e+01	2.080343e+02	1.115158e+02	1096	7.550156e-01	7.000000e-01	
1.116176e+02	1097	6.444827e+01	1.995398e+02	1.116176e+02	1097	7.558667e-01	7.000000e-01	
1.117193e+02	1098	7.712377e+01	2.016889e+02	1.117193e+02	1098	7.233850e-01	7.000000e-01	
1.118211e+02	1099	5.544231e+01	1.934449e+02	1.118211e+02	1099	7.772392e-01	7.000000e-01	
1.119228e+02	1100	5.914285e+01	2.005435e+02	1.119228e+02	1100	7.722528e-01	7.000000e-01	
1.120245e+02	1101	6.256169e+01	2.340641e+02	1.120245e+02	1101	7.890888e-01	7.000000e-01	
1.121263e+02	1102	7.507324e+01	1.658830e+02	1.121263e+02	1102	6.884362e-01	7.000000e-01	
1.122280e+02	1103	7.637304e+01	1.971462e+02	1.122280e+02	1103	7.207764e-01	7.000000e-01	
1.123298e+02	1104	5.131782e+01	2.054287e+02	1.123298e+02	1104	8.001226e-01	7.000000e-01	
1.124315e+02	1105	7.978540e+01	2.184509e+02	1.124315e+02	1105	7.324759e-01	7.000000e-01	
1.125333e+02	1106	5.885523e+01	2.104987e+02	1.125333e+02	1106	7.814948e-01	7.000000e-01	
1.126350e+02	1107	5.997930e+01	2.329826e+02	1.126350e+02	1107	7.952659e-01	7.000000e-01	
1.127368e+02	1108	4.704011e+01	2.283521e+02	1.127368e+02	1108	8.291887e-01	7.000000e-01	
1.128385e+02	1109	6.141428e+01	2.164916e+02	1.128385e+02	1109	7.790105e-01	7.000000e-01	
1.129403e+02	1110	6.818460e+01	1.753886e+02	1.129403e+02	1110	7.200653e-01	7.000000e-01	
1.130420e+02	1111	6.349195e+01	1.752861e+02	1.130420e+02	1111	7.340964e-01	7.000000e-01	
1.131438e+02	1112	6.530834e+01	1.791202e+02	1.131438e+02	1112	7.328121e-01	7.000000e-01	
1.132455e+02	1113	7.335408e+01	1.770272e+02	1.132455e+02	1113	7.070305e-01	7.000000e-01	
1.133473e+02	1114	6.302271e+01	1.621417e+02	1.133473e+02	1114	7.201036e-01	7.000000e-01	
1.134490e+02	1115	6.712547e+01	1.735666e+02	1.134490e+02	1115	7.211147e-01	7.000000e-01	
1.135508e+02	1116	6.971362e+01	1.731945e+02	1.135508e+02	1116	7.130042e-01	7.000000e-01	
1.136525e+02	1117	6.679078e+01	1.978293e+02	1.136525e+02	1117	7.475975e-01	7.000000e-01	
1.137543e+02	1118	6.276273e+01	1.733787e+02	1.137543e+02	1118	7.342155e-01	7.000000e-01	
1.138560e+02	1119	6.607024e+01	1.736458e+02	1.138560e+02	1119	7.243812e-01	7.000000e-01	
1.139578e+02	1120	8.141920e+01	2.105607e+02	1.139578e+02	1120	7.211479e-01	7.000000e-01	
1.140595e+02	1121	7.094440e+01	2.260032e+02	1.140595e+02	1121	7.610878e-01	7.000000e-01	
1.141613e+02	1122	6.976091e+01	2.141483e+02	1.141613e+02	1122	7.542844e-01	7.000000e-01	
1.142630e+02	1123	7.480506e+01	2.004832e+02	1.142630e+02	1123	7.282664e-01	7.000000e-01	
1.143648e+02	1124	6.759010e+01	2.042583e+02	1.143648e+02	1124	7.513684e-01	7.000000e-01	
1.144665e+02	1125	8.220467e+01	2.437549e+02	1.144665e+02	1125	7.478072e-01	7.000000e-01	
1.145682e+02	1126	7.352113e+01	2.088989e+02	1.145682e+02	1126	7.396745e-01	7.000000e-01	
1.146700e+02	1127	5.720435e+01	2.068065e+02	1.146700e+02	1127	7.833258e-01	7.000000e-01	
1.147717e+02	1128	6.866866e+01	1.987991e+02	1.147717e+02	1128	7.432638e-01	7.000000e-01	
1.148735e+02	1129	7.335961e+01	2.081534e+02	1.148735e+02	1129	7.394095e-01	7.000000e-01	
1.149752e+02	1130	7.510603e+01	2.075803e+02	1.149752e+02	1130	7.343132e-01	7.000000e-01	
1.150770e+02	1131	5.488505e+01	1.961473e+02	1.150770e+02	1131	7.813626e-01	7.000000e-01	
1.151787e+02	1132	6.999330e+01	2.260659e+02	1.151787e+02	1132	7.635834e-01	7.000000e-01	
1.152805e+02	1133	6.688359e+01	2.359369e+02	1.152805e+02	1133	7.791312e-01	7.000000e-01	
1.153822e+02	1134	8.806461e+01	1.984223e+02	1.153822e+02	1134	6.926051e-01	7.000000e-01	
1.154840e+02	1135	7.224651e+01	2.102285e+02	1.154840e+02	1135	7.442375e-01	7.000000e-01	
1.155857e+02	1136	9.102905e+01	2.107868e+02	1.155857e+02	1136	6.983954e-01	7.000000e-01	
1.156875e+02	1137	8.345707e+01	1.814360e+02	1.156875e+02	1137	6.849405e-01	7.000000e-01	
1.157892e+02	1138	1.143180e+02	2.146898e+02	1.157892e+02	1138	6.525371e-01	7.000000e-01	
1.158910e+02	1139	1.028719e+02	1.998135e+02	1.158910e+02	1139	6.601359e-01	7.000000e-01	
1.159927e+02	1140	6.818327e+01	1.906285e+02	1.159927e+02	1140	7.365527e-01	7.000000e-01	
1.160945e+02	1141	4.699441e+01	1.804342e+02	1.160945e+02	1141	7.933663e-01	7.000000e-01	
1.161962e+02	1142	8.193386e+01	2.006681e+02	1.161962e+02	1142	7.100733e-01	7.000000e-01	
1.162980e+02	1143	7.721538e+01	2.014403e+02	1.162980e+02	1143	7.229004e-01	7.000000e-01	
1.163997e+02	1144	4.702551e+01	1.820699e+02	1.163997e+02	1144	7.947339e-01	7.000000e-01	
1.165015e+02	1145	3.136055e+01	1.654840e+02	1.165015e+02	1145	8.406837e-01	7.000000e-01	
1.166032e+02	1146	4.760475e+01	1.770408e+02	1.166032e+02	1146	7.880895e-01	7.000000e-01	
1.167050e+02	1147	5.281492e+01	1.737090e+02	1.167050e+02	1147	7.668462e-01	7.000000e-01	
1.168067e+02	1148	3.626431e+01	1.750814e+02	1.168067e+02	1148	8.284124e-01	7.000000e-01	
1.169085e+02	1149	5.475287e+01	1.583857e+02	1.169085e+02	1149	7.431114e-01	7.000000e-01	
1.170102e+02	1150	5.075102e+01	1.712009e+02	1.170102e+02	1150	7.713423e-01	7.000000e-01	
1.171119e+02	1151	5.310243e+01	1.532007e+02	1.171119e+02	1151	7.426000e-01	7.000000e-01	
1.172137e+02	1152	5.310922e+01	1.763197e+02	1.172137e+02	1152	7.685156e-01	7.000000e-01	
1.173154e+02	1153	5.159537e+01	1.647158e+02	1.173154e+02	1153	7.614762e-01	7.000000e-01	
1.174172e+02	1154	5.504773e+01	1.569800e+02	1.174172e+02	1154	7.403749e-01	7.000000e-01	
1.175189e+02	1155	5.384758e+01	1.899981e+02	1.175189e+02	1155	7.791735e-01	7.000000e-01	
1.176207e+02	1156	7.229518e+01	2.736717e+02	1.176207e+02	1156	7.910344e-01	7.000000e-01	
1.177224e+02	1157	4.125606e+01	1.919792e+02	1.177224e+02	1157	8.231140e-01	7.000000e-01	
1.178242e+02	1158	5.976592e+01	2.138667e+02	1.178242e+02	1158	7.815834e-01	7.000000e-01	
1.179259e+02	1159	5.920061e+01	2.094465e+02	1.179259e+02	1159	7.796343e-01	7.000000e-01	
1.180277e+02	1160	4.996004e+01	1.703989e+02	1.180277e+02	1160	7.732788e-01	7.000000e-01	
1.181294e+02	1161	6.206923e+01	2.048898e+02	1.181294e+02	1161	7.674953e-01	7.000000e-01	
1.182312e+02	1162	4.301127e+01	2.331341e+02	1.182312e+02	1162	8.442441e-01	7.000000e-01	
1.183329e+02	1163	5.935409e+01	2.082657e+02	1.183329e+02	1163	7.782149e-01	7.000000e-01	
1.184347e+02	1164	6.011724e+01	2.093670e+02	1.184347e+02	1164	7.769174e-01	7.000000e-01	
1.185364e+02	1165	5.095002e+01	2.181374e+02	1.185364e+02	1165	8.106563e-01	7.000000e-01	
1.186382e+02	1166	5.357110e+01	2.118914e+02	1.186382e+02	1166	7.981971e-01	7.000000e-01	
1.187399e+02	1167	7.305760e+01	2.035792e+02	1.187399e+02	1167	7.359079e-01	7.000000e-01	
1.188417e+02	1168	5.648423e+01	2.087262e+02	1.188417e+02	1168	7.870211e-01	7.000000e-01	
1.189434e+02	1169	6.213213e+01	2.013938e+02	1.189434e+02	1169	7.642276e-01	7.000000e-01	
1.190452e+02	1170	8.042484e+01	1.920429e+02	1.190452e+02	1170	7.048280e-01	7.000000e-01	
1.191469e+02	1171	7.362005e+01	1.950032e+02	1.191469e+02	1171	7.259357e-01	7.000000e-01	
1.192487e+02	1172	5.949921e+01	1.756317e+02	1.192487e+02	1172	7.469528e-01	7.000000e-01	
1.193504e+02	1173	7.404982e+01	2.013956e+02	1.193504e+02	1173	7.311634e-01	7.000000e-01	
1.194522e+02	1174	4.512079e+01	2.336474e+02	1.194522e+02	1174	8.381423e-01	7.000000e-01	
1.195539e+02	1175	5.742743e+01	1.973468e+02	1.195539e+02	1175	7.745948e-01	7.000000e-01	
1.196556e+02	1176	4.406527e+01	2.364181e+02	1.196556e+02	1176	8.428952e-01	7.000000e-01	
1.197574e+02	1177	4.803594e+01	2.470602e+02	1.197574e+02	1177	8.372194e-01	7.000000e-01	
1.198591e+02	1178	4.537899e+01	2.366326e+02	1.198591e+02	1178	8.390882e-01	7.000000e-01	
1.199609e+02	1179	3.726647e+01	2.394364e+02	1.199609e+02	1179	8.653195e-01	7.000000e-01	
1.200626e+02	1180	3.816135e+01	2.457772e+02	1.200626e+02	1180	8.656000e-01	7.000000e-01	
1.201644e+02	1181	4.568378e+01	2.618041e+02	1.201644e+02	1181	8.514290e-01	7.000000e-01	
1.202661e+02	1182	3.593190e+01	2.407981e+02	1.202661e+02	1182	8.701554e-01	7.000000e-01	
1.203679e+02	1183	4.468282e+01	2.378284e+02	1.203679e+02	1183	8.418370e-01	7.000000e-01	
1.204696e+02	1184	4.374569e+01	2.308662e+02	1.204696e+02	1184	8.406999e-01	7.000000e-01	
1.205714e+02	1185	4.008271e+01	2.422692e+02	1.205714e+02	1185	8.580399e-01	7.000000e-01	
1.206731e+02	1186	4.607903e+01	2.204544e+02	1.206731e+02	1186	8.271173e-01	7.000000e-01	
1.207749e+02	1187	3.843964e+01	2.154678e+02	1.207749e+02	1187	8.486077e-01	7.000000e-01	
1.208766e+02	1188	4.338794e+01	2.480613e+02	1.208766e+02	1188	8.511304e-01	7.000000e-01	
1.209784e+02	1189	4.566602e+01	2.553623e+02	1.209784e+02	1189	8.482999e-01	7.000000e-01	
1.210801e+02	1190	6.533268e+01	2.411980e+02	1.210801e+02	1190	7.868641e-01	7.000000e-01	
1.211819e+02	1191	6.544280e+01	2.329149e+02	1.211819e+02	1191	7.806566e-01	7.000000e-01	
1.212836e+02	1192	4.950060e+01	2.207642e+02	1.212836e+02	1192	8.168441e-01	7.000000e-01	
1.213854e+02	1193	5.601460e+01	2.407164e+02	1.213854e+02	1193	8.112277e-01	7.000000e-01	
1.214871e+02	1194	6.633485e+01	2.261735e+02	1.214871e+02	1194	7.732207e-01	7.000000e-01	
1.215889e+02	1195	5.564631e+01	2.334736e+02	1.215889e+02	1195	8.075321e-01	7.000000e-01	
1.216906e+02	1196	6.214749e+01	2.067335e+02	1.216906e+02	1196	7.688662e-01	7.000000e-01	
1.217924e+02	1197	6.057511e+01	1.883427e+02	1.217924e+02	1197	7.566461e-01	7.000000e-01	
1.218941e+02	1198	6.793498e+01	2.426836e+02	1.218941e+02	1198	7.812913e-01	7.000000e-01	
1.219959e+02	1199	5.752911e+01	2.305585e+02	1.219959e+02	1199	8.003069e-01	7.000000e-01	
1.220976e+02	1200	6.479217e+01	2.001620e+02	1.220976e+02	1200	7.554590e-01	7.000000e-01	
1.221993e+02	1201	5.242492e+01	1.838446e+02	1.221993e+02	1201	7.781139e-01	7.000000e-01	
1.223011e+02	1202	5.979947e+01	2.044585e+02	1.223011e+02	1202	7.737080e-01	7.000000e-01	
1.224028e+02	1203	6.605526e+01	1.989530e+02	1.224028e+02	1203	7.507426e-01	7.000000e-01	
1.225046e+02	1204	6.177351e+01	2.111276e+02	1.225046e+02	1204	7.736414e-01	7.000000e-01	
1.226063e+02	1205	6.272666e+01	1.968512e+02	1.226063e+02	1205	7.583513e-01	7.000000e-01	
1.227081e+02	1206	4.641807e+01	2.232380e+02	1.227081e+02	1206	8.278620e-01	7.000000e-01	
1.228098e+02	1207	5.160465e+01	1.834382e+02	1.228098e+02	1207	7.804458e-01	7.000000e-01	
1.229116e+02	1208	6.208166e+01	2.011336e+02	1.229116e+02	1208	7.641411e-01	7.000000e-01	
1.230133e+02	1209	5.658378e+01	1.582234e+02	1.230133e+02	1209	7.365834e-01	7.000000e-01	
1.231151e+02	1210	6.172275e+01	1.425377e+02	1.231151e+02	1210	6.978233e-01	7.000000e-01	
1.232168e+02	1211	4.976808e+01	2.008784e+02	1.232168e+02	1211	8.014411e-01	7.000000e-01	
1.233186e+02	1212	5.796305e+01	2.077496e+02	1.233186e+02	1212	7.818581e-01	7.000000e-01	
1.234203e+02	1213	5.631198e+01	2.075983e+02	1.234203e+02	1213	7.866245e-01	7.000000e-01	
1.235221e+02	1214	5.073402e+01	1.872368e+02	1.235221e+02	1214	7.868057e-01	7.000000e-01	
1.236238e+02	1215	5.141162e+01	1.892130e+02	1.236238e+02	1215	7.863410e-01	7.000000e-01	
1.237256e+02	1216	5.916650e+01	1.883110e+02	1.237256e+02	1216	7.609217e-01	7.000000e-01	
1.238273e+02	1217	5.597150e+01	2.069312e+02	1.238273e+02	1217	7.871018e-01	7.000000e-01	
1.239291e+02	1218	5.614273e+01	1.855097e+02	1.239291e+02	1218	7.676716e-01	7.000000e-01	
1.240308e+02	1219	6.402590e+01	1.884428e+02	1.240308e+02	1219	7.464006e-01	7.000000e-01	
1.241326e+02	1220	7.095532e+01	1.979182e+02	1.241326e+02	1220	7.361015e-01	7.000000e-01	
1.242343e+02	1221	5.050035e+01	1.969167e+02	1.242343e+02	1221	7.958898e-01	7.000000e-01	
1.243361e+02	1222	5.926357e+01	1.886824e+02	1.243361e+02	1222	7.609819e-01	7.000000e-01	
1.244378e+02	1223	7.342167e+01	2.096330e+02	1.244378e+02	1223	7.406096e-01	7.000000e-01	
1.245396e+02	1224	7.311478e+01	1.851760e+02	1.245396e+02	1224	7.169284e-01	7.000000e-01	
1.246413e+02	1225	8.701848e+01	1.807429e+02	1.246413e+02	1225	6.750148e-01	7.000000e-01	
1.247430e+02	1226	7.427859e+01	2.066955e+02	1.247430e+02	1226	7.356390e-01	7.000000e-01	
1.248448e+02	1227	6.078616e+01	2.185452e+02	1.248448e+02	1227	7.823869e-01	7.000000e-01	
1.249465e+02	1228	7.406024e+01	2.079913e+02	1.249465e+02	1228	7.374230e-01	7.000000e-01	
1.250483e+02	1229	6.603387e+01	2.126715e+02	1.250483e+02	1229	7.630693e-01	7.000000e-01	
1.251500e+02	1230	6.555918e+01	1.985053e+02	1.251500e+02	1230	7.517304e-01	7.000000e-01	
1.252518e+02	1231	6.311971e+01	2.245633e+02	1.252518e+02	1231	7.805928e-01	7.000000e-01	
1.253535e+02	1232	6.001244e+01	2.157945e+02	1.253535e+02	1232	7.824114e-01	7.000000e-01	
1.254553e+02	1233	7.288264e+01	1.774766e+02	1.254553e+02	1233	7.088878e-01	7.000000e-01	
1.255570e+02	1234	5.173977e+01	2.019601e+02	1.255570e+02	1234	7.960591e-01	7.000000e-01	
1.256588e+02	1235	5.800189e+01	2.176382e+02	1.256588e+02	1235	7.895738e-01	7.000000e-01	
1.257605e+02	1236	5.349094e+01	1.835937e+02	1.257605e+02	1236	7.743804e-01	7.000000e-01	
1.258623e+02	1237	5.029032e+01	2.016566e+02	1.258623e+02	1237	8.003932e-01	7.000000e-01	
1.259640e+02	1238	6.638868e+01	2.250608e+02	1.259640e+02	1238	7.722120e-01	7.000000e-01	
1.260658e+02	1239	5.114706e+01	1.885404e+02	1.260658e+02	1239	7.866094e-01	7.000000e-01	
1.261675e+02	1240	5.473825e+01	2.040470e+02	1.261675e+02	1240	7.884800e-01	7.000000e-01	
1.262693e+02	1241	5.030833e+01	2.054366e+02	1.262693e+02	1241	8.032871e-01	7.000000e-01	
1.263710e+02	1242	5.588915e+01	2.067484e+02	1.263710e+02	1242	7.872005e-01	7.000000e-01	
1.264728e+02	1243	6.305845e+01	2.073245e+02	1.264728e+02	1243	7.667810e-01	7.000000e-01	
1.265745e+02	1244	5.204124e+01	2.109809e+02	1.265745e+02	1244	8.021412e-01	7.000000e-01	
1.266763e+02	1245	5.950593e+01	2.017605e+02	1.266763e+02	1245	7.722404e-01	7.000000e-01	
1.267780e+02	1246	6.162160e+01	1.724760e+02	1.267780e+02	1246	7.367696e-01	7.000000e-01	
1.268798e+02	1247	5.613540e+01	2.156491e+02	1.268798e+02	1247	7.934562e-01	7.000000e-01	
1.269815e+02	1248	6.641270e+01	2.167290e+02	1.269815e+02	1248	7.654436e-01	7.000000e-01	
1.270833e+02	1249	6.095090e+01	2.292166e+02	1.270833e+02	1249	7.899458e-01	7.000000e-01	
1.271850e+02	1250	5.714495e+01	2.348289e+02	1.271850e+02	1250	8.042806e-01	7.000000e-01	
1.272867e+02	1251	6.379791e+01	2.178991e+02	1.272867e+02	1251	7.735229e-01	7.000000e-01	
1.273885e+02	1252	6.406474e+01	2.237116e+02	1.273885e+02	1252	7.773801e-01	7.000000e-01	
1.274902e+02	1253	6.179785e+01	2.109570e+02	1.274902e+02	1253	7.734308e-01	7.000000e-01	
1.275920e+02	1254	5.617099e+01	2.146066e+02	1.275920e+02	1254	7.925567e-01	7.000000e-01	
1.276937e+02	1255	7.136011e+01	2.018711e+02	1.276937e+02	1255	7.388288e-01	7.000000e-01	
1.277955e+02	1256	6.666113e+01	2.051057e+02	1.277955e+02	1256	7.547120e-01	7.000000e-01	
1.278972e+02	1257	5.947283e+01	2.221882e+02	1.278972e+02	1257	7.888496e-01	7.000000e-01	
1.279990e+02	1258	5.943343e+01	2.049528e+02	1.279990e+02	1258	7.752022e-01	7.000000e-01	
1.281007e+02	1259	6.596633e+01	2.311055e+02	1.281007e+02	1259	7.779448e-01	7.000000e-01	
1.282025e+02	1260	6.896033e+01	1.879364e+02	1.282025e+02	1260	7.315640e-01	7.000000e-01	
1.283042e+02	1261	6.212460e+01	2.109782e+02	1.283042e+02	1261	7.725230e-01	7.000000e-01	
1.284060e+02	1262	6.929114e+01	1.982043e+02	1.284060e+02	1262	7.409633e-01	7.000000e-01	
1.285077e+02	1263	5.664515e+01	2.206515e+02	1.285077e+02	1263	7.957236e-01	7.000000e-01	
1.286095e+02	1264	6.027189e+01	2.130752e+02	1.286095e+02	1264	7.795042e-01	7.000000e-01	
1.287112e+02	1265	6.785074e+01	2.014230e+02	1.287112e+02	1265	7.480232e-01	7.000000e-01	
1.288130e+02	1266	6.430370e+01	2.082661e+02	1.288130e+02	1266	7.640835e-01	7.000000e-01	
1.289147e+02	1267	5.935927e+01	2.083549e+02	1.289147e+02	1267	7.782737e-01	7.000000e-01	
1.290165e+02	1268	5.649221e+01	2.205795e+02	1.290165e+02	1268	7.961098e-01	7.000000e-01	
1.291182e+02	1269	8.574659e+01	2.028444e+02	1.291182e+02	1269	7.028785e-01	7.000000e-01	
1.292200e+02	1270	6.767700e+01	1.898247e+02	1.292200e+02	1270	7.371784e-01	7.000000e-01	
1.293217e+02	1271	7.151624e+01	2.010146e+02	1.293217e+02	1271	7.375848e-01	7.000000e-01	
1.294235e+02	1272	8.566645e+01	1.922736e+02	1.294235e+02	1272	6.917808e-01	7.000000e-01	
1.295252e+02	1273	6.965202e+01	2.019856e+02	1.295252e+02	1273	7.435848e-01	7.000000e-01	
1.296270e+02	1274	5.518525e+01	2.181804e+02	1.296270e+02	1274	7.981266e-01	7.000000e-01	
1.297287e+02	1275	5.077934e+01	2.304210e+02	1.297287e+02	1275	8.194194e-01	7.000000e-01	
1.298304e+02	1276	5.735978e+01	2.119775e+02	1.298304e+02	1276	7.870336e-01	7.000000e-01	
1.299322e+02	1277	5.325128e+01	2.128680e+02	1.299322e+02	1277	7.998969e-01	7.000000e-01	
1.300339e+02	1278	6.316297e+01	2.401041e+02	1.300339e+02	1278	7.917249e-01	7.000000e-01	
1.301357e+02	1279	6.623241e+01	1.901326e+02	1.301357e+02	1279	7.416480e-01	7.000000e-01	
1.302374e+02	1280	6.174886e+01	2.106450e+02	1.302374e+02	1280	7.733104e-01	7.000000e-01	
1.303392e+02	1281	5.762013e+01	2.016497e+02	1.303392e+02	1281	7.777600e-01	7.000000e-01	
1.304409e+02	1282	5.666944e+01	2.316849e+02	1.304409e+02	1282	8.034729e-01	7.000000e-01	
1.305427e+02	1283	5.854655e+01	2.174263e+02	1.305427e+02	1283	7.878540e-01	7.000000e-01	
1.306444e+02	1284	6.558590e+01	2.250236e+02	1.306444e+02	1284	7.743160e-01	7.000000e-01	
1.307462e+02	1285	5.890946e+01	2.184912e+02	1.307462e+02	1285	7.876376e-01	7.000000e-01	
1.308479e+02	1286	6.129561e+01	2.186907e+02	1.308479e+02	1286	7.810764e-01	7.000000e-01	
1.309497e+02	1287	6.157080e+01	2.107979e+02	1.309497e+02	1287	7.739432e-01	7.000000e-01	
1.310514e+02	1288	6.919393e+01	1.717353e+02	1.310514e+02	1288	7.128039e-01	7.000000e-01	
1.311532e+02	1289	7.353962e+01	2.149035e+02	1.311532e+02	1289	7.450464e-01	7.000000e-01	
1.312549e+02	1290	9.357984e+01	2.457970e+02	1.312549e+02	1290	7.242598e-01	7.000000e-01	
1.313567e+02	1291	7.777111e+01	2.317717e+02	1.313567e+02	1291	7.487549e-01	7.000000e-01	
1.314584e+02	1292	6.664671e+01	2.099964e+02	1.314584e+02	1292	7.590878e-01	7.000000e-01	
1.315602e+02	1293	7.634886e+01	2.304830e+02	1.315602e+02	1293	7.511704e-01	7.000000e-01	
1.316619e+02	1294	6.413938e+01	1.909593e+02	1.316619e+02	1294	7.485703e-01	7.000000e-01	
1.317637e+02	1295	6.876409e+01	1.882855e+02	1.317637e+02	1295	7.324871e-01	7.000000e-01	
1.318654e+02	1296	6.316496e+01	1.896908e+02	1.318654e+02	1296	7.501937e-01	7.000000e-01	
1.319672e+02	1297	7.382697e+01	2.261985e+02	1.319672e+02	1297	7.539310e-01	7.000000e-01	
1.320689e+02	1298	6.357707e+01	1.915502e+02	1.320689e+02	1298	7.508025e-01	7.000000e-01	
1.321707e+02	1299	6.498624e+01	2.057000e+02	1.321707e+02	1299	7.599204e-01	7.000000e-01	
1.322724e+02	1300	5.906403e+01	1.949002e+02	1.322724e+02	1300	7.674317e-01	7.000000e-01	
1.323741e+02	1301	7.017727e+01	1.881470e+02	1.323741e+02	1301	7.283365e-01	7.000000e-01	
1.324759e+02	1302	6.933444e+01	1.991961e+02	1.324759e+02	1302	7.418005e-01	7.000000e-01	
1.325776e+02	1303	3.954412e+01	1.873458e+02	1.325776e+02	1303	8.257123e-01	7.000000e-01	
1.326794e+02	1304	8.661816e+01	2.014184e+02	1.326794e+02	1304	6.992807e-01	7.000000e-01	
1.327811e+02	1305	6.368111e+01	1.919163e+02	1.327811e+02	1305	7.508539e-01	7.000000e-01	
1.328829e+02	1306	6.055962e+01	1.982896e+02	1.328829e+02	1306	7.660429e-01	7.000000e-01	
1.329846e+02	1307	6.596418e+01	1.911317e+02	1.329846e+02	1307	7.434258e-01	7.000000e-01	
1.330864e+02	1308	7.715558e+01	1.813853e+02	1.330864e+02	1308	7.015730e-01	7.000000e-01	
1.331881e+02	1309	6.578982e+01	2.220134e+02	1.331881e+02	1309	7.714069e-01	7.000000e-01	
1.332899e+02	1310	6.518146e+01	2.232484e+02	1.332899e+02	1310	7.740128e-01	7.000000e-01	
1.333916e+02	1311	8.220196e+01	2.070771e+02	1.333916e+02	1311	7.158385e-01	7.000000e-01	
1.334934e+02	1312	7.861400e+01	2.057019e+02	1.334934e+02	1312	7.234977e-01	7.000000e-01	
1.335951e+02	1313	7.746206e+01	2.241756e+02	1.335951e+02	1313	7.431950e-01	7.000000e-01	
1.336969e+02	1314	7.606671e+01	2.287092e+02	1.336969e+02	1314	7.504176e-01	7.000000e-01	
1.337986e+02	1315	7.412569e+01	2.196465e+02	1.337986e+02	1315	7.476763e-01	7.000000e-01	
1.339004e+02	1316	7.736047e+01	2.246615e+02	1.339004e+02	1316	7.438581e-01	7.000000e-01	
1.340021e+02	1317	7.887607e+01	2.208748e+02	1.340021e+02	1317	7.368612e-01	7.000000e-01	
1.341039e+02	1318	7.681654e+01	2.220391e+02	1.341039e+02	1318	7.429644e-01	7.000000e-01	
1.342056e+02	1319	7.792398e+01	2.105645e+02	1.342056e+02	1319	7.298888e-01	7.000000e-01	
1.343074e+02	1320	7.909019e+01	2.269944e+02	1.343074e+02	1320	7.416068e-01	7.000000e-01	
1.344091e+02	1321	8.331520e+01	2.222448e+02	1.344091e+02	1321	7.273360e-01	7.000000e-01	
1.345109e+02	1322	5.498442e+01	2.336756e+02	1.345109e+02	1322	8.095184e-01	7.000000e-01	
1.346126e+02	1323	5.804175e+01	2.003486e+02	1.346126e+02	1323	7.753718e-01	7.000000e-01	
1.347144e+02	1324	6.442525e+01	1.990583e+02	1.347144e+02	1324	7.554866e-01	7.000000e-01	
1.348161e+02	1325	6.132795e+01	2.125872e+02	1.348161e+02	1325	7.761060e-01	7.000000e-01	
1.349178e+02	1326	5.424397e+01	2.052110e+02	1.349178e+02	1326	7.909311e-01	7.000000e-01	
1.350196e+02	1327	5.582782e+01	2.114126e+02	1.350196e+02	1327	7.910951e-01	7.000000e-01	
1.351213e+02	1328	6.147178e+01	2.145324e+02	1.351213e+02	1328	7.772795e-01	7.000000e-01	
1.352231e+02	1329	4.441991e+01	2.031916e+02	1.352231e+02	1329	8.206064e-01	7.000000e-01	
1.353248e+02	1330	5.352885e+01	2.186116e+02	1.353248e+02	1330	8.033043e-01	7.000000e-01	
1.354266e+02	1331	1.235943e+02	2.119762e+02	1.354266e+02	1331	6.316890e-01	7.000000e-01	
1.355283e+02	1332	6.593933e+01	2.043782e+02	1.355283e+02	1332	7.560671e-01	7.000000e-01	
1.356301e+02	1333	3.556762e+01	2.395369e+02	1.356301e+02	1333	8.707123e-01	7.000000e-01	
1.357318e+02	1334	3.468770e+01	2.223171e+02	1.357318e+02	1334	8.650309e-01	7.000000e-01	
1.358336e+02	1335	7.498136e+01	2.343151e+02	1.358336e+02	1335	7.575745e-01	7.000000e-01	
1.359353e+02	1336	6.105583e+01	2.224444e+02	1.359353e+02	1336	7.846357e-01	7.000000e-01	
1.360371e+02	1337	7.285276e+01	2.155833e+02	1.360371e+02	1337	7.474215e-01	7.000000e-01	
1.361388e+02	1338	5.639898e+01	2.266500e+02	1.361388e+02	1338	8.007448e-01	7.000000e-01	
1.362406e+02	1339	8.040504e+01	1.933694e+02	1.362406e+02	1339	7.063092e-01	7.000000e-01	
1.363423e+02	1340	6.066049e+01	2.294422e+02	1.363423e+02	1340	7.908999e-01	7.000000e-01	
1.364441e+02	1341	6.508508e+01	2.308432e+02	1.364441e+02	1341	7.800647e-01	7.000000e-01	
1.365458e+02	1342	5.884268e+01	2.270218e+02	1.365458e+02	1342	7.941588e-01	7.000000e-01	
1.366476e+02	1343	6.543962e+01	2.375866e+02	1.366476e+02	1343	7.840463e-01	7.000000e-01	
1.367493e+02	1344	5.826810e+01	2.146452e+02	1.367493e+02	1344	7.864959e-01	7.000000e-01	
1.368511e+02	1345	6.053998e+01	2.021337e+02	1.368511e+02	1345	7.695240e-01	7.000000e-01	
1.369528e+02	1346	7.239203e+01	2.382607e+02	1.369528e+02	1346	7.669680e-01	7.000000e-01	
1.370546e+02	1347	5.848175e+01	2.230124e+02	1.370546e+02	1347	7.922452e-01	7.000000e-01	
1.371563e+02	1348	5.315848e+01	1.649562e+02	1.371563e+02	1348	7.562820e-01	7.000000e-01	
1.372581e+02	1349	5.598189e+01	1.912583e+02	1.372581e+02	1349	7.735729e-01	7.000000e-01	
1.373598e+02	1350	4.031054e+01	1.928975e+02	1.373598e+02	1350	8.271477e-01	7.000000e-01	
1.374615e+02	1351	3.494001e+01	1.559407e+02	1.374615e+02	1351	8.169537e-01	7.000000e-01	
1.375633e+02	1352	5.787585e+01	1.916035e+02	1.375633e+02	1352	7.680135e-01	7.000000e-01	
1.376650e+02	1353	7.432448e+01	2.129136e+02	1.376650e+02	1353	7.412443e-01	7.000000e-01	
1.377668e+02	1354	5.670994e+01	1.922995e+02	1.377668e+02	1354	7.722579e-01	7.000000e-01	
1.378685e+02	1355	4.799306e+01	1.898652e+02	1.378685e+02	1355	7.982283e-01	7.000000e-01	
1.379703e+02	1356	5.259101e+01	1.683681e+02	1.379703e+02	1356	7.619876e-01	7.000000e-01	
1.380720e+02	1357	5.924827e+01	1.706549e+02	1.380720e+02	1357	7.422903e-01	7.000000e-01	
1.381738e+02	1358	1.057498e+02	2.372278e+02	1.381738e+02	1358	6.916714e-01	7.000000e-01	
1.382755e+02	1359	5.839692e+01	1.996416e+02	1.382755e+02	1359	7.736891e-01	7.000000e-01	
1.383773e+02	1360	6.601355e+01	2.556390e+02	1.383773e+02	1360	7.947675e-01	7.000000e-01	
1.384790e+02	1361	6.995645e+01	2.077116e+02	1.384790e+02	1361	7.480573e-01	7.000000e-01	
1.385808e+02	1362	7.347434e+01	2.399836e+02	1.385808e+02	1362	7.656006e-01	7.000000e-01	
1.386825e+02	1363	6.922364e+01	2.406733e+02	1.386825e+02	1363	7.766237e-01	7.000000e-01	
1.387843e+02	1364	7.651698e+01	2.406248e+02	1.387843e+02	1364	7.587294e-01	7.000000e-01	
1.388860e+02	1365	6.848730e+01	2.523960e+02	1.388860e+02	1365	7.865663e-01	7.000000e-01	
1.389878e+02	1366	7.491077e+01	1.850894e+02	1.389878e+02	1366	7.118818e-01	7.000000e-01	
1.390895e+02	1367	7.194259e+01	2.011270e+02	1.390895e+02	1367	7.365412e-01	7.000000e-01	
1.391913e+02	1368	7.364644e+01	2.182562e+02	1.391913e+02	1368	7.477020e-01	7.000000e-01	
1.392930e+02	1369	6.294818e+01	2.120049e+02	1.392930e+02	1369	7.710585e-01	7.000000e-01	
1.393948e+02	1370	7.628590e+01	1.996036e+02	1.393948e+02	1370	7.234911e-01	7.000000e-01	
1.394965e+02	1371	7.250940e+01	2.251771e+02	1.394965e+02	1371	7.564236e-01	7.000000e-01	
1.395983e+02	1372	6.408076e+01	2.015657e+02	1.395983e+02	1372	7.587743e-01	7.000000e-01	
1.397000e+02	1373	5.773725e+01	2.054360e+02	1.397000e+02	1373	7.806113e-01	7.000000e-01	
1.398018e+02	1374	5.342535e+01	2.098362e+02	1.398018e+02	1374	7.970636e-01	7.000000e-01	
1.399035e+02	1375	6.190265e+01	1.997342e+02	1.399035e+02	1375	7.634024e-01	7.000000e-01	
1.400052e+02	1376	7.126919e+01	2.448933e+02	1.400052e+02	1376	7.745805e-01	7.000000e-01	
1.401070e+02	1377	7.824651e+01	2.221724e+02	1.401070e+02	1377	7.395420e-01	7.000000e-01	
1.402087e+02	1378	7.229529e+01	2.523740e+02	1.402087e+02	1378	7.773264e-01	7.000000e-01	
1.403105e+02	1379	5.558247e+01	2.561267e+02	1.403105e+02	1379	8.216848e-01	7.000000e-01	
1.404122e+02	1380	6.151234e+01	2.481175e+02	1.404122e+02	1380	8.013359e-01	7.000000e-01	
1.405140e+02	1381	7.005787e+01	2.672008e+02	1.405140e+02	1381	7.922726e-01	7.000000e-01	
1.406157e+02	1382	6.723664e+01	2.307316e+02	1.406157e+02	1382	7.743496e-01	7.000000e-01	
1.407175e+02	1383	7.853190e+01	1.770434e+02	1.407175e+02	1383	6.927250e-01	7.000000e-01	
1.408192e+02	1384	1.102559e+02	2.166121e+02	1.408192e+02	1384	6.626898e-01	7.000000e-01	
1.409210e+02	1385	6.626483e+01	2.059915e+02	1.409210e+02	1385	7.566087e-01	7.000000e-01	
1.410227e+02	1386	5.935435e+01	2.020258e+02	1.410227e+02	1386	7.729194e-01	7.000000e-01	
1.411245e+02	1387	6.203709e+01	2.037802e+02	1.411245e+02	1387	7.666176e-01	7.000000e-01	
1.412262e+02	1388	5.663764e+01	2.055386e+02	1.412262e+02	1388	7.839711e-01	7.000000e-01	
1.413280e+02	1389	6.060107e+01	1.763540e+02	1.413280e+02	1389	7.442508e-01	7.000000e-01	
1.414297e+02	1390	6.014422e+01	1.836412e+02	1.414297e+02	1390	7.532903e-01	7.000000e-01	
1.415315e+02	1391	6.893864e+01	2.067775e+02	1.415315e+02	1391	7.499652e-01	7.000000e-01	
1.416332e+02	1392	6.858848e+01	1.797222e+02	1.416332e+02	1392	7.237796e-01	7.000000e-01	
1.417350e+02	1393	6.283812e+01	2.055008e+02	1.417350e+02	1393	7.658255e-01	7.000000e-01	
1.418367e+02	1394	7.062112e+01	1.758428e+02	1.418367e+02	1394	7.134626e-01	7.000000e-01	
1.419385e+02	1395	5.645527e+01	1.989795e+02	1.419385e+02	1395	7.789836e-01	7.000000e-01	
1.420402e+02	1396	5.886556e+01	1.970943e+02	1.420402e+02	1396	7.700203e-01	7.000000e-01	
1.421420e+02	1397	6.725251e+01	1.928570e+02	1.421420e+02	1397	7.414454e-01	7.000000e-01	
1.422437e+02	1398	7.943759e+01	1.420425e+02	1.422437e+02	1398	6.413330e-01	7.000000e-01	
1.423455e+02	1399	7.348870e+01	1.898184e+02	1.423455e+02	1399	7.209012e-01	7.000000e-01	
1.424472e+02	1400	7.241413e+01	2.275183e+02	1.424472e+02	1400	7.585652e-01	7.000000e-01	
1.425489e+02	1401	7.609202e+01	1.918548e+02	1.425489e+02	1401	7.160182e-01	7.000000e-01	
1.426507e+02	1402	7.350664e+01	1.859681e+02	1.426507e+02	1402	7.167098e-01	7.000000e-01	
1.427524e+02	1403	5.996364e+01	1.634753e+02	1.427524e+02	1403	7.316330e-01	7.000000e-01	
1.428542e+02	1404	8.151680e+01	1.888682e+02	1.428542e+02	1404	6.985158e-01	7.000000e-01	
1.429559e+02	1405	6.779947e+01	1.838880e+02	1.429559e+02	1405	7.306204e-01	7.000000e-01	
1.430577e+02	1406	6.775302e+01	1.676758e+02	1.430577e+02	1406	7.122144e-01	7.000000e-01	
1.431594e+02	1407	7.892324e+01	1.551923e+02	1.431594e+02	1407	6.628876e-01	7.000000e-01	
1.432612e+02	1408	7.158501e+01	1.496805e+02	1.432612e+02	1408	6.764746e-01	7.000000e-01	
1.433629e+02	1409	6.209119e+01	1.738049e+02	1.433629e+02	1409	7.367858e-01	7.000000e-01	
1.434647e+02	1410	7.794500e+01	158	1.434647e+02	1410	6.696476e-01	7.000000e-01	
1.435664e+02	1411	7.208592e+01	1.488998e+02	1.435664e+02	1411	6.737983e-01	7.000000e-01	
1.436682e+02	1412	6.466213e+01	1.737585e+02	1.436682e+02	1412	7.287897e-01	7.000000e-01	
1.437699e+02	1413	4.268863e+01	1.745466e+02	1.437699e+02	1413	8.034912e-01	7.000000e-01	
1.438717e+02	1414	6.209530e+01	1.756003e+02	1.438717e+02	1414	7.387613e-01	7.000000e-01	
1.439734e+02	1415	6.072357e+01	1.916035e+02	1.439734e+02	1415	7.593458e-01	7.000000e-01	
1.440752e+02	1416	5.974941e+01	1.783572e+02	1.440752e+02	1416	7.490645e-01	7.000000e-01	
1.441769e+02	1417	5.057435e+01	2.052815e+02	1.441769e+02	1417	8.023326e-01	7.000000e-01	
1.442787e+02	1418	6.829314e+01	1.790562e+02	1.442787e+02	1418	7.239001e-01	7.000000e-01	
1.443804e+02	1419	5.912092e+01	1.724620e+02	1.443804e+02	1419	7.447095e-01	7.000000e-01	
1.444822e+02	1420	5.593384e+01	2.161741e+02	1.444822e+02	1420	7.944425e-01	7.000000e-01	
1.445839e+02	1421	5.562457e+01	1.929001e+02	1.445839e+02	1421	7.761809e-01	7.000000e-01	
1.446857e+02	1422	5.753937e+01	1.964056e+02	1.446857e+02	1422	7.734180e-01	7.000000e-01	
1.447874e+02	1423	5.541480e+01	2.240513e+02	1.447874e+02	1423	8.017119e-01	7.000000e-01	
1.448892e+02	1424	5.430945e+01	2.026098e+02	1.448892e+02	1424	7.886128e-01	7.000000e-01	
1.449909e+02	1425	5.392893e+01	2.139476e+02	1.449909e+02	1425	7.986799e-01	7.000000e-01	
1.450926e+02	1426	5.193754e+01	2.061631e+02	1.450926e+02	1426	7.987702e-01	7.000000e-01	
1.451944e+02	1427	5.802772e+01	2.204513e+02	1.451944e+02	1427	7.916262e-01	7.000000e-01	
1.452961e+02	1428	4.785042e+01	2.180312e+02	1.452961e+02	1428	8.200311e-01	7.000000e-01	
1.453979e+02	1429	6.506625e+01	1.832244e+02	1.453979e+02	1429	7.379432e-01	7.000000e-01	
1.454996e+02	1430	5.588283e+01	2.166969e+02	1.454996e+02	1430	7.949854e-01	7.000000e-01	
1.456014e+02	1431	6.353278e+01	2.013078e+02	1.456014e+02	1431	7.601093e-01	7.000000e-01	
1.457031e+02	1432	3.936616e+01	2.206671e+02	1.457031e+02	1432	8.486111e-01	7.000000e-01	
1.458049e+02	1433	5.128510e+01	1.885869e+02	1.458049e+02	1433	7.861981e-01	7.000000e-01	
1.459066e+02	1434	1.084008e+02	1.448201e+02	1.459066e+02	1434	5.719121e-01	7.000000e-01	
1.460084e+02	1435	6.613039e+01	2.024026e+02	1.460084e+02	1435	7.537346e-01	7.000000e-01	
1.461101e+02	1436	7.573031e+01	1.714111e+02	1.461101e+02	1436	6.935750e-01	7.000000e-01	
1.462119e+02	1437	7.745703e+01	2.053976e+02	1.462119e+02	1437	7.261596e-01	7.000000e-01	
1.463136e+02	1438	6.227601e+01	1.911897e+02	1.463136e+02	1438	7.543020e-01	7.000000e-01	
1.464154e+02	1439	7.116380e+01	2.347190e+02	1.464154e+02	1439	7.673495e-01	7.000000e-01	
1.465171e+02	1440	6.613734e+01	1.944866e+02	1.465171e+02	1440	7.462346e-01	7.000000e-01	
1.466189e+02	1441	8.352340e+01	2.230544e+02	1.466189e+02	1441	7.275621e-01	7.000000e-01	
1.467206e+02	1442	8.605557e+01	2.312807e+02	1.467206e+02	1442	7.288190e-01	7.000000e-01	
1.468224e+02	1443	5.823385e+01	2.106333e+02	1.468224e+02	1443	7.834103e-01	7.000000e-01	
1.469241e+02	1444	4.507388e+01	2.108790e+02	1.469241e+02	1444	8.238977e-01	7.000000e-01	
1.470259e+02	1445	5.444239e+01	1.325488e+02	1.470259e+02	1445	7.088505e-01	7.000000e-01	
1.471276e+02	1446	5.637410e+01	1.947041e+02	1.471276e+02	1446	7.754719e-01	7.000000e-01	
1.472294e+02	1447	4.510766e+01	1.778703e+02	1.472294e+02	1447	7.977035e-01	7.000000e-01	
1.473311e+02	1448	3.327190e+01	2.087376e+02	1.473311e+02	1448	8.625182e-01	7.000000e-01	
1.474329e+02	1449	4.849143e+01	2.172914e+02	1.474329e+02	1449	8.175524e-01	7.000000e-01	
1.475346e+02	1450	5.873808e+01	1.878706e+02	1.475346e+02	1450	7.618167e-01	7.000000e-01	
1.476363e+02	1451	4.564824e+01	1.927880e+02	1.476363e+02	1451	8.085516e-01	7.000000e-01	
1.477381e+02	1452	4.750264e+01	1.931756e+02	1.477381e+02	1452	8.026301e-01	7.000000e-01	
1.478398e+02	1453	7.528718e+01	1.403097e+02	1.478398e+02	1453	6.507965e-01	7.000000e-01	
1.479416e+02	1454	6.820575e+01	1.727145e+02	1.479416e+02	1454	7.168949e-01	7.000000e-01	
1.480433e+02	1455	7.886211e+01	1.482270e+02	1.480433e+02	1455	6.527261e-01	7.000000e-01	
1.481451e+02	1456	7.315921e+01	1.462602e+02	1.481451e+02	1456	6.665782e-01	7.000000e-01	
1.482468e+02	1457	5.302194e+01	1.825458e+02	1.482468e+02	1457	7.749185e-01	7.000000e-01	
1.483486e+02	1458	7.625020e+01	1.642061e+02	1.483486e+02	1458	6.828937e-01	7.000000e-01	
1.484503e+02	1459	5.230272e+01	1.924435e+02	1.484503e+02	1459	7.862981e-01	7.000000e-01	
1.485521e+02	1460	6.248107e+01	1.793287e+02	1.485521e+02	1460	7.416106e-01	7.000000e-01	
1.486538e+02	1461	5.728224e+01	1.926622e+02	1.486538e+02	1461	7.708201e-01	7.000000e-01	
1.487556e+02	1462	4.143877e+01	1.929208e+02	1.487556e+02	1462	8.231829e-01	7.000000e-01	
1.488573e+02	1463	5.414638e+01	1.785205e+02	1.488573e+02	1463	7.672794e-01	7.000000e-01	
1.489591e+02	1464	5.570187e+01	2.110732e+02	1.489591e+02	1464	7.912029e-01	7.000000e-01	
1.490608e+02	1465	5.741406e+01	1.874761e+02	1.490608e+02	1465	7.655518e-01	7.000000e-01	
1.491626e+02	1466	5.446728e+01	1.848421e+02	1.491626e+02	1466	7.723981e-01	7.000000e-01	
1.492643e+02	1467	6.334075e+01	1.941391e+02	1.492643e+02	1467	7.539973e-01	7.000000e-01	
1.493661e+02	1468	6.740316e+01	2.066655e+02	1.493661e+02	1468	7.540647e-01	7.000000e-01	
1.494678e+02	1469	5.938541e+01	2.044441e+02	1.494678e+02	1469	7.749099e-01	7.000000e-01	
1.495696e+02	1470	5.626707e+01	2.078958e+02	1.495696e+02	1470	7.869986e-01	7.000000e-01	
1.496713e+02	1471	7.840211e+01	2.070118e+02	1.496713e+02	1471	7.253038e-01	7.000000e-01	
1.497731e+02	1472	5.623643e+01	2.133951e+02	1.497731e+02	1472	7.914323e-01	7.000000e-01	
1.498748e+02	1473	8.173542e+01	2.317407e+02	1.498748e+02	1473	7.392611e-01	7.000000e-01	
1.499766e+02	1474	7.520722e+01	1.954791e+02	1.499766e+02	1474	7.221610e-01	7.000000e-01	
1.500783e+02	1475	6.851190e+01	2.196646e+02	1.500783e+02	1475	7.622572e-01	7.000000e-01	
1.501800e+02	1476	6.463482e+01	2.142325e+02	1.501800e+02	1476	7.682238e-01	7.000000e-01	
1.502818e+02	1477	6.785692e+01	2.059868e+02	1.502818e+02	1477	7.522057e-01	7.000000e-01	
1.503835e+02	1478	5.478768e+01	2.053783e+02	1.503835e+02	1478	7.894126e-01	7.000000e-01	
1.504853e+02	1479	7.534036e+01	2.053481e+02	1.504853e+02	1479	7.315873e-01	7.000000e-01	
1.505870e+02	1480	6.727882e+01	2.444848e+02	1.505870e+02	1480	7.841993e-01	7.000000e-01	
1.506888e+02	1481	6.306806e+01	2.375665e+02	1.506888e+02	1481	7.902169e-01	7.000000e-01	
1.507905e+02	1482	6.520913e+01	2.114190e+02	1.507905e+02	1482	7.642715e-01	7.000000e-01	
1.508923e+02	1483	8.511465e+01	2.552467e+02	1.508923e+02	1483	7.499286e-01	7.000000e-01	
1.509940e+02	1484	6.031965e+01	2.194357e+02	1.509940e+02	1484	7.843843e-01	7.000000e-01	
1.510958e+02	1485	5.786254e+01	2.106669e+02	1.510958e+02	1485	7.845207e-01	7.000000e-01	
1.511975e+02	1486	6.551720e+01	2.509279e+02	1.511975e+02	1486	7.929587e-01	7.000000e-01	
1.512993e+02	1487	5.818971e+01	2.112717e+02	1.512993e+02	1487	7.840518e-01	7.000000e-01	
1.514010e+02	1488	6.351543e+01	2.368500e+02	1.514010e+02	1488	7.885395e-01	7.000000e-01	
1.515028e+02	1489	6.366943e+01	2.185316e+02	1.515028e+02	1489	7.743827e-01	7.000000e-01	
1.516045e+02	1490	6.271600e+01	2.227056e+02	1.516045e+02	1490	7.802689e-01	7.000000e-01	
1.517063e+02	1491	6.550563e+01	1.999597e+02	1.517063e+02	1491	7.532422e-01	7.000000e-01	
1.518080e+02	1492	5.170746e+01	2.170117e+02	1.518080e+02	1492	8.075781e-01	7.000000e-01	
1.519098e+02	1493	5.723354e+01	2.273665e+02	1.519098e+02	1493	7.988983e-01	7.000000e-01	
1.520115e+02	1494	5.464654e+01	2.187417e+02	1.520115e+02	1494	8.001138e-01	7.000000e-01	
1.521133e+02	1495	6.041082e+01	2.270030e+02	1.521133e+02	1495	7.898124e-01	7.000000e-01	
1.522150e+02	1496	8.269277e+01	2.277701e+02	1.522150e+02	1496	7.336468e-01	7.000000e-01	
1.523168e+02	1497	6.766243e+01	2.352251e+02	1.523168e+02	1497	7.766087e-01	7.000000e-01	
1.524185e+02	1498	1.829190e+01	2.181976e+02	1.524185e+02	1498	9.226524e-01	7.000000e-01	
1.525203e+02	1499	7.004047e+01	2.239263e+02	1.525203e+02	1499	7.617402e-01	7.000000e-01	
1.526220e+02	1500	7.638828e+01	2.301835e+02	1.526220e+02	1500	7.508307e-01	7.000000e-01	
1.527237e+02	1501	6.918888e+01	2.231207e+02	1.527237e+02	1501	7.633027e-01	7.000000e-01	
1.528255e+02	1502	6.890225e+01	2.266216e+02	1.528255e+02	1502	7.668471e-01	7.000000e-01	
1.529272e+02	1503	7.369859e+01	2.122471e+02	1.529272e+02	1503	7.422637e-01	7.000000e-01	
1.530290e+02	1504	8.355828e+01	2.218993e+02	1.530290e+02	1504	7.264488e-01	7.000000e-01	
1.531307e+02	1505	7.198882e+01	2.338169e+02	1.531307e+02	1505	7.645930e-01	7.000000e-01	
1.532325e+02	1506	6.897562e+01	2.225862e+02	1.532325e+02	1506	7.634271e-01	7.000000e-01	
1.533342e+02	1507	6.675566e+01	2.065736e+02	1.533342e+02	1507	7.557683e-01	7.000000e-01	
1.534360e+02	1508	6.502810e+01	2.190525e+02	1.534360e+02	1508	7.710928e-01	7.000000e-01	
1.535377e+02	1509	7.167889e+01	2.242084e+02	1.535377e+02	1509	7.577493e-01	7.000000e-01	
1.536395e+02	1510	6.825116e+01	2.266749e+02	1.536395e+02	1510	7.685821e-01	7.000000e-01	
1.537412e+02	1511	6.597830e+01	2.374167e+02	1.537412e+02	1511	7.825333e-01	7.000000e-01	
1.538430e+02	1512	7.809455e+01	2.376192e+02	1.538430e+02	1512	7.526413e-01	7.000000e-01	
1.539447e+02	1513	6.176440e+01	1.978820e+02	1.539447e+02	1513	7.621211e-01	7.000000e-01	
1.540465e+02	1514	7.176235e+01	2.299014e+02	1.540465e+02	1514	7.621115e-01	7.000000e-01	
1.541482e+02	1515	6.856307e+01	2.538918e+02	1.541482e+02	1515	7.873716e-01	7.000000e-01	
1.542500e+02	1516	6.615308e+01	2.504874e+02	1.542500e+02	1516	7.910783e-01	7.000000e-01	
1.543517e+02	1517	6.726874e+01	2.196808e+02	1.543517e+02	1517	7.655729e-01	7.000000e-01	
1.544535e+02	1518	7.371651e+01	2.527989e+02	1.544535e+02	1518	7.742327e-01	7.000000e-01	
1.545552e+02	1519	7.067891e+01	2.435558e+02	1.545552e+02	1519	7.750761e-01	7.000000e-01	
1.546570e+02	1520	6.884922e+01	2.359781e+02	1.546570e+02	1520	7.741370e-01	7.000000e-01	
1.547587e+02	1521	6.834487e+01	2.291506e+02	1.547587e+02	1521	7.702658e-01	7.000000e-01	
1.548605e+02	1522	6.484989e+01	1.954510e+02	1.548605e+02	1522	7.508657e-01	7.000000e-01	
1.549622e+02	1523	5.090878e+01	2.218084e+02	1.549622e+02	1523	8.133276e-01	7.000000e-01	
1.550640e+02	1524	6.819507e+01	2.496726e+02	1.550640e+02	1524	7.854608e-01	7.000000e-01	
1.551657e+02	1525	4.992136e+01	1.735287e+02	1.551657e+02	1525	7.765883e-01	7.000000e-01	
1.552674e+02	1526	4.762463e+01	1.598827e+02	1.552674e+02	1526	7.704918e-01	7.000000e-01	
1.553692e+02	1527	4.618104e+01	1.816627e+02	1.553692e+02	1527	7.973127e-01	7.000000e-01	
1.554709e+02	1528	5.455906e+01	1.654793e+02	1.554709e+02	1528	7.520475e-01	7.000000e-01	
1.555727e+02	1529	4.775246e+01	1.621324e+02	1.555727e+02	1529	7.724826e-01	7.000000e-01	
1.556744e+02	1530	5.378936e+01	1.998159e+02	1.556744e+02	1530	7.879012e-01	7.000000e-01	
1.557762e+02	1531	3.555508e+01	2.211482e+02	1.557762e+02	1531	8.614935e-01	7.000000e-01	
1.558779e+02	1532	5.129696e+01	1.748736e+02	1.558779e+02	1532	7.731935e-01	7.000000e-01	
1.559797e+02	1533	4.412237e+01	1.932061e+02	1.559797e+02	1533	8.140873e-01	7.000000e-01	
1.560814e+02	1534	6.800990e+01	2.218632e+02	1.560814e+02	1534	7.653804e-01	7.000000e-01	
1.561832e+02	1535	6.495241e+01	2.255990e+02	1.561832e+02	1535	7.764512e-01	7.000000e-01	
1.562849e+02	1536	7.440400e+01	2.254798e+02	1.562849e+02	1536	7.518906e-01	7.000000e-01	
1.563867e+02	1537	5.193647e+01	2.273867e+02	1.563867e+02	1537	8.140632e-01	7.000000e-01	
1.564884e+02	1538	6.625203e+01	2.248822e+02	1.564884e+02	1538	7.724348e-01	7.000000e-01	
1.565902e+02	1539	6.313964e+01	2.281297e+02	1.565902e+02	1539	7.832259e-01	7.000000e-01	
1.566919e+02	1540	6.328705e+01	2.297647e+02	1.566919e+02	1540	7.840414e-01	7.000000e-01	
1.567937e+02	1541	6.923699e+01	2.288717e+02	1.567937e+02	1541	7.677458e-01	7.000000e-01	
1.568954e+02	1542	7.081717e+01	2.263239e+02	1.568954e+02	1542	7.616716e-01	7.000000e-01	
1.569972e+02	1543	6.421779e+01	2.251510e+02	1.569972e+02	1543	7.780763e-01	7.000000e-01	
1.570989e+02	1544	6.777538e+01	2.346798e+02	1.570989e+02	1544	7.759160e-01	7.000000e-01	
1.572007e+02	1545	7.049482e+01	2.246804e+02	1.572007e+02	1545	7.611764e-01	7.000000e-01	
1.573024e+02	1546	6.671557e+01	2.298158e+02	1.573024e+02	1546	7.750134e-01	7.000000e-01	
1.574042e+02	1547	6.264706e+01	2.440545e+02	1.574042e+02	1547	7.957394e-01	7.000000e-01	
1.575059e+02	1548	6.672676e+01	2.234399e+02	1.575059e+02	1548	7.700399e-01	7.000000e-01	
1.576077e+02	1549	9.415180e+01	2.242095e+02	1.576077e+02	1549	7.042612e-01	7.000000e-01	
1.577094e+02	1550	7.108570e+01	2.158548e+02	1.577094e+02	1550	7.522633e-01	7.000000e-01	
1.578111e+02	1551	7.764074e+01	2.135483e+02	1.578111e+02	1551	7.333665e-01	7.000000e-01	
1.579129e+02	1552	8.364453e+01	2.221890e+02	1.579129e+02	1552	7.265031e-01	7.000000e-01	
1.580146e+02	1553	7.166430e+01	2.175997e+02	1.580146e+02	1553	7.522530e-01	7.000000e-01	
1.581164e+02	1554	7.570785e+01	1.865667e+02	1.581164e+02	1554	7.113412e-01	7.000000e-01	
1.582181e+02	1555	6.477546e+01	2.328269e+02	1.582181e+02	1555	7.823423e-01	7.000000e-01	
1.583199e+02	1556	6.596102e+01	2.040464e+02	1.583199e+02	1556	7.557066e-01	7.000000e-01	
1.584216e+02	1557	9.987001e+01	1.319389e+02	1.584216e+02	1557	5.691710e-01	7.000000e-01	
1.585234e+02	1558	6.416107e+01	1.930851e+02	1.585234e+02	1558	7.505849e-01	7.000000e-01	
1.586251e+02	1559	7.876502e+01	1.853576e+02	1.586251e+02	1559	7.017862e-01	7.000000e-01	
1.587269e+02	1560	7.160790e+01	1.821616e+02	1.587269e+02	1560	7.178231e-01	7.000000e-01	
1.588286e+02	1561	6.337604e+01	1.968977e+02	1.588286e+02	1561	7.565024e-01	7.000000e-01	
1.589304e+02	1562	5.126349e+01	2.288435e+02	1.589304e+02	1562	8.169860e-01	7.000000e-01	
1.590321e+02	1563	7.050697e+01	2.327805e+02	1.590321e+02	1563	7.675243e-01	7.000000e-01	
1.591339e+02	1564	5.592929e+01	2.178685e+02	1.591339e+02	1564	7.957278e-01	7.000000e-01	
1.592356e+02	1565	7.246938e+01	1.960537e+02	1.592356e+02	1565	7.301186e-01	7.000000e-01	
1.593374e+02	1566	6.052718e+01	2.235202e+02	1.593374e+02	1566	7.869117e-01	7.000000e-01	
1.594391e+02	1567	6.492881e+01	2.077117e+02	1.594391e+02	1567	7.618519e-01	7.000000e-01	
1.595409e+02	1568	4.952334e+01	2.327918e+02	1.595409e+02	1568	8.245814e-01	7.000000e-01	
1.596426e+02	1569	3.816486e+01	2.451033e+02	1.596426e+02	1569	8.652695e-01	7.000000e-01	
1.597444e+02	1570	4.209557e+01	2.176090e+02	1.597444e+02	1570	8.379098e-01	7.000000e-01	
1.598461e+02	1571	3.990419e+01	2.449580e+02	1.598461e+02	1571	8.599176e-01	7.000000e-01	
1.599479e+02	1572	3.134610e+01	2.587833e+02	1.599479e+02	1572	8.919582e-01	7.000000e-01	
1.600496e+02	1573	5.051228e+01	2.153966e+02	1.600496e+02	1573	8.100391e-01	7.000000e-01	
1.601514e+02	1574	6.618402e+01	2.252187e+02	1.601514e+02	1574	7.728778e-01	7.000000e-01	
1.602531e+02	1575	3.944282e+01	2.314402e+02	1.602531e+02	1575	8.543917e-01	7.000000e-01	
1.603548e+02	1576	4.454355e+01	2.221271e+02	1.603548e+02	1576	8.329642e-01	7.000000e-01	
1.604566e+02	1577	6.171851e+01	2.106301e+02	1.604566e+02	1577	7.733842e-01	7.000000e-01	
1.605583e+02	1578	8.012518e+01	2.386074e+02	1.605583e+02	1578	7.486131e-01	7.000000e-01	
1.606601e+02	1579	5.484749e+01	2.251426e+02	1.606601e+02	1579	8.041092e-01	7.000000e-01	
1.607618e+02	1580	6.574944e+01	2.198413e+02	1.607618e+02	1580	7.697774e-01	7.000000e-01	
1.608636e+02	1581	6.027040e+01	2.164198e+02	1.608636e+02	1581	7.821737e-01	7.000000e-01	
1.609653e+02	1582	6.606484e+01	2.306786e+02	1.609653e+02	1582	7.773671e-01	7.000000e-01	
1.610671e+02	1583	6.336748e+01	2.373078e+02	1.610671e+02	1583	7.892495e-01	7.000000e-01	
1.611688e+02	1584	5.930842e+01	2.004718e+02	1.611688e+02	1584	7.716977e-01	7.000000e-01	
1.612706e+02	1585	6.279103e+01	2.026004e+02	1.612706e+02	1585	7.634022e-01	7.000000e-01	
1.613723e+02	1586	5.758934e+01	2.554913e+02	1.613723e+02	1586	8.160559e-01	7.000000e-01	
1.614741e+02	1587	6.468102e+01	2.277351e+02	1.614741e+02	1587	7.788049e-01	7.000000e-01	
1.615758e+02	1588	6.265669e+01	2.434484e+02	1.615758e+02	1588	7.953099e-01	7.000000e-01	
1.616776e+02	1589	5.007089e+01	2.899586e+02	1.616776e+02	1589	8.527454e-01	7.000000e-01	
1.617793e+02	1590	4.770677e+01	2.724554e+02	1.617793e+02	1590	8.509919e-01	7.000000e-01	
1.618811e+02	1591	5.768101e+01	2.658981e+02	1.618811e+02	1591	8.217406e-01	7.000000e-01	
1.619828e+02	1592	4.441885e+01	2.740765e+02	1.619828e+02	1592	8.605353e-01	7.000000e-01	
1.620846e+02	1593	3.958681e+01	2.739991e+02	1.620846e+02	1593	8.737609e-01	7.000000e-01	
1.621863e+02	1594	7.127053e+01	1.987901e+02	1.621863e+02	1594	7.360943e-01	7.000000e-01	
1.622881e+02	1595	6.645210e+01	2.176003e+02	1.622881e+02	1595	7.660569e-01	7.000000e-01	
1.623898e+02	1596	6.967686e+01	2.025154e+02	1.623898e+02	1596	7.440160e-01	7.000000e-01	
1.624916e+02	1597	7.343284e+01	1.888961e+02	1.624916e+02	1597	7.200734e-01	7.000000e-01	
1.625933e+02	1598	6.185794e+01	2.349264e+02	1.625933e+02	1598	7.915728e-01	7.000000e-01	
1.626951e+02	1599	6.897681e+01	2.342585e+02	1.626951e+02	1599	7.725304e-01	7.000000e-01	
1.627968e+02	1600	5.864400e+01	2.607488e+02	1.627968e+02	1600	8.163891e-01	7.000000e-01	
1.628985e+02	1601	7.637357e+01	1.790501e+02	1.628985e+02	1601	7.009926e-01	7.000000e-01	
1.630003e+02	1602	7.288687e+01	1.846091e+02	1.630003e+02	1602	7.169398e-01	7.000000e-01	
1.631020e+02	1603	7.105697e+01	2.894332e+02	1.631020e+02	1603	8.028879e-01	7.000000e-01	
1.632038e+02	1604	5.516948e+01	2.879941e+02	1.632038e+02	1604	8.392327e-01	7.000000e-01	
1.633055e+02	1605	6.820501e+01	2.835526e+02	1.633055e+02	1605	8.061022e-01	7.000000e-01	
1.634073e+02	1606	7.105557e+01	2.894825e+02	1.634073e+02	1606	8.029180e-01	7.000000e-01	
1.635090e+02	1607	5.357978e+01	2.302958e+02	1.635090e+02	1607	8.112561e-01	7.000000e-01	
1.636108e+02	1608	5.195550e+01	2.303808e+02	1.636108e+02	1608	8.159801e-01	7.000000e-01	
1.637125e+02	1609	5.345992e+01	2.372588e+02	1.637125e+02	1609	8.161112e-01	7.000000e-01	
1.638143e+02	1610	5.494955e+01	2.098669e+02	1.638143e+02	1610	7.924995e-01	7.000000e-01	
1.639160e+02	1611	5.949608e+01	2.475869e+02	1.639160e+02	1611	8.062541e-01	7.000000e-01	
1.640178e+02	1612	5.593114e+01	2.348372e+02	1.640178e+02	1612	8.076436e-01	7.000000e-01	
1.641195e+02	1613	4.965933e+01	2.174908e+02	1.641195e+02	1613	8.141145e-01	7.000000e-01	
1.642213e+02	1614	5.593835e+01	2.167568e+02	1.642213e+02	1614	7.948686e-01	7.000000e-01	
1.643230e+02	1615	5.493082e+01	2.408258e+02	1.643230e+02	1615	8.142702e-01	7.000000e-01	
1.644248e+02	1616	5.922193e+01	2.472233e+02	1.644248e+02	1616	8.067455e-01	7.000000e-01	
1.645265e+02	1617	5.598259e+01	2.401756e+02	1.645265e+02	1617	8.109707e-01	7.000000e-01	
1.646283e+02	1618	4.926810e+01	2.608808e+02	1.646283e+02	1618	8.411469e-01	7.000000e-01	
1.647300e+02	1619	5.656560e+01	2.573975e+02	1.647300e+02	1619	8.198336e-01	7.000000e-01	
1.648318e+02	1620	5.880540e+01	2.347516e+02	1.648318e+02	1620	7.996798e-01	7.000000e-01	
1.649335e+02	1621	5.840127e+01	2.303584e+02	1.649335e+02	1621	7.977513e-01	7.000000e-01	
1.650353e+02	1622	5.697126e+01	2.305884e+02	1.650353e+02	1622	8.018802e-01	7.000000e-01	
1.651370e+02	1623	5.744715e+01	2.224046e+02	1.651370e+02	1623	7.947229e-01	7.000000e-01	
1.652388e+02	1624	5.846864e+01	2.129328e+02	1.652388e+02	1624	7.845677e-01	7.000000e-01	
1.653405e+02	1625	5.643730e+01	2.416553e+02	1.653405e+02	1625	8.106719e-01	7.000000e-01	
1.654422e+02	1626	6.211938e+01	2.331360e+02	1.654422e+02	1626	7.896080e-01	7.000000e-01	
1.655440e+02	1627	6.755021e+01	2.107612e+02	1.655440e+02	1627	7.572855e-01	7.000000e-01	
1.656457e+02	1628	6.414141e+01	2.099781e+02	1.656457e+02	1628	7.660093e-01	7.000000e-01	
1.657475e+02	1629	6.060744e+01	2.251224e+02	1.657475e+02	1629	7.878855e-01	7.000000e-01	
1.658492e+02	1630	5.441472e+01	2.201457e+02	1.658492e+02	1630	8.018115e-01	7.000000e-01	
1.659510e+02	1631	6.449007e+01	2.030891e+02	1.659510e+02	1631	7.589870e-01	7.000000e-01	
1.660527e+02	1632	6.534935e+01	2.096287e+02	1.660527e+02	1632	7.623470e-01	7.000000e-01	
1.661545e+02	1633	6.293013e+01	2.142262e+02	1.661545e+02	1633	7.729436e-01	7.000000e-01	
1.662562e+02	1634	4.812003e+01	1.894882e+02	1.662562e+02	1634	7.974816e-01	7.000000e-01	
1.663580e+02	1635	6.195764e+01	2.459782e+02	1.663580e+02	1635	7.987969e-01	7.000000e-01	
1.664597e+02	1636	7.096857e+01	2.070085e+02	1.664597e+02	1636	7.446963e-01	7.000000e-01	
1.665615e+02	1637	8.393088e+01	2.506370e+02	1.665615e+02	1637	7.491365e-01	7.000000e-01	
1.666632e+02	1638	6.925221e+01	2.431421e+02	1.666632e+02	1638	7.783180e-01	7.000000e-01	
1.667650e+02	1639	6.725788e+01	2.642933e+02	1.667650e+02	1639	7.971418e-01	7.000000e-01	
1.668667e+02	1640	6.168893e+01	2.334266e+02	1.668667e+02	1640	7.909668e-01	7.000000e-01	
1.669685e+02	1641	7.722636e+01	2.294523e+02	1.669685e+02	1641	7.481848e-01	7.000000e-01	
1.670702e+02	1642	7.725179e+01	2.361997e+02	1.670702e+02	1642	7.535447e-01	7.000000e-01	
1.671720e+02	1643	7.301691e+01	2.168026e+02	1.671720e+02	1643	7.480607e-01	7.000000e-01	
1.672737e+02	1644	3.701186e+01	2.110985e+02	1.672737e+02	1644	8.508250e-01	7.000000e-01	
1.673755e+02	1645	7.210302e+01	1.962903e+02	1.673755e+02	1645	7.313531e-01	7.000000e-01	
1.674772e+02	1646	6.739272e+01	2.020490e+02	1.674772e+02	1646	7.498802e-01	7.000000e-01	
1.675790e+02	1647	8.516189e+01	1.969836e+02	1.675790e+02	1647	6.981632e-01	7.000000e-01	
1.676807e+02	1648	7.222167e+01	2.257214e+02	1.676807e+02	1648	7.575991e-01	7.000000e-01	
1.677825e+02	1649	7.271559e+01	1.909235e+02	1.677825e+02	1649	7.241851e-01	7.000000e-01	
1.678842e+02	1650	7.353785e+01	1.940463e+02	1.678842e+02	1650	7.251786e-01	7.000000e-01	
1.679859e+02	1651	8.519609e+01	1.810019e+02	1.679859e+02	1651	6.799522e-01	7.000000e-01	
1.680877e+02	1652	7.037695e+01	2.283120e+02	1.680877e+02	1652	7.643805e-01	7.000000e-01	
1.681894e+02	1653	6.492475e+01	2.247493e+02	1.681894e+02	1653	7.758696e-01	7.000000e-01	
1.682912e+02	1654	6.089668e+01	2.298602e+02	1.682912e+02	1654	7.905581e-01	7.000000e-01	
1.683929e+02	1655	7.734666e+01	2.600402e+02	1.683929e+02	1655	7.707479e-01	7.000000e-01	
1.684947e+02	1656	7.258267e+01	2.320282e+02	1.684947e+02	1656	7.617200e-01	7.000000e-01	
1.685964e+02	1657	6.481902e+01	2.371339e+02	1.685964e+02	1657	7.853340e-01	7.000000e-01	
1.686982e+02	1658	6.306548e+01	2.310551e+02	1.686982e+02	1658	7.855795e-01	7.000000e-01	
1.687999e+02	1659	6.942610e+01	2.372710e+02	1.687999e+02	1659	7.736330e-01	7.000000e-01	
1.689017e+02	1660	6.256230e+01	2.406247e+02	1.689017e+02	1660	7.936511e-01	7.000000e-01	
1.690034e+02	1661	6.802637e+01	2.249892e+02	1.690034e+02	1661	7.678404e-01	7.000000e-01	
1.691052e+02	1662	6.787820e+01	2.294497e+02	1.691052e+02	1662	7.717059e-01	7.000000e-01	
1.692069e+02	1663	6.796712e+01	2.350583e+02	1.692069e+02	1663	7.757049e-01	7.000000e-01	
1.693087e+02	1664	3.441463e+01	2.779417e+02	1.693087e+02	1664	8.898225e-01	7.000000e-01	
1.694104e+02	1665	6.292786e+01	2.579323e+02	1.694104e+02	1665	8.038776e-01	7.000000e-01	
1.695122e+02	1666	6.236679e+01	2.358664e+02	1.695122e+02	1666	7.908791e-01	7.000000e-01	
1.696139e+02	1667	6.696038e+01	2.443910e+02	1.696139e+02	1667	7.849363e-01	7.000000e-01	
1.697157e+02	1668	5.982036e+01	2.404390e+02	1.697157e+02	1668	8.007710e-01	7.000000e-01	
1.698174e+02	1669	7.025025e+01	2.373922e+02	1.698174e+02	1669	7.716497e-01	7.000000e-01	
1.699192e+02	1670	5.859553e+01	2.463414e+02	1.699192e+02	1670	8.078438e-01	7.000000e-01	
1.700209e+02	1671	6.094082e+01	2.054309e+02	1.700209e+02	1671	7.712189e-01	7.000000e-01	
1.701227e+02	1672	4.490547e+01	2.048032e+02	1.701227e+02	1672	8.201686e-01	7.000000e-01	
1.702244e+02	1673	6.766090e+01	2.402853e+02	1.702244e+02	1673	7.802834e-01	7.000000e-01	
1.703262e+02	1674	6.704934e+01	2.403270e+02	1.703262e+02	1674	7.818656e-01	7.000000e-01	
1.704279e+02	1675	5.482881e+01	2.156096e+02	1.704279e+02	1675	7.972595e-01	7.000000e-01	
1.705296e+02	1676	6.744752e+01	2.291997e+02	1.705296e+02	1676	7.726339e-01	7.000000e-01	
1.706314e+02	1677	5.862766e+01	1.848460e+02	1.706314e+02	1677	7.592033e-01	7.000000e-01	
1.707331e+02	1678	7.533091e+01	2.282160e+02	1.707331e+02	1678	7.518311e-01	7.000000e-01	
1.708349e+02	1679	7.247823e+01	2.358628e+02	1.708349e+02	1679	7.649413e-01	7.000000e-01	
1.709366e+02	1680	6.477485e+01	2.430037e+02	1.709366e+02	1680	7.895407e-01	7.000000e-01	
1.710384e+02	1681	6.618839e+01	2.494859e+02	1.710384e+02	1681	7.903270e-01	7.000000e-01	
1.711401e+02	1682	7.381737e+01	2.471266e+02	1.711401e+02	1682	7.699992e-01	7.000000e-01	
1.712419e+02	1683	7.068821e+01	2.062172e+02	1.712419e+02	1683	7.447207e-01	7.000000e-01	
1.713436e+02	1684	7.615994e+01	2.320318e+02	1.713436e+02	1684	7.528813e-01	7.000000e-01	
1.714454e+02	1685	8.398398e+01	2.317660e+02	1.714454e+02	1685	7.340175e-01	7.000000e-01	
1.715471e+02	1686	5.633527e+01	2.776680e+02	1.715471e+02	1686	8.313332e-01	7.000000e-01	
1.716489e+02	1687	5.605536e+01	2.785481e+02	1.716489e+02	1687	8.324723e-01	7.000000e-01	
1.717506e+02	1688	5.317828e+01	2.527399e+02	1.717506e+02	1688	8.261683e-01	7.000000e-01	
1.718524e+02	1689	5.566423e+01	2.506654e+02	1.718524e+02	1689	8.182865e-01	7.000000e-01	
1.719541e+02	1690	4.774580e+01	2.131971e+02	1.719541e+02	1690	8.170259e-01	7.000000e-01	
1.720559e+02	1691	5.505314e+01	2.619607e+02	1.720559e+02	1691	8.263384e-01	7.000000e-01	
1.721576e+02	1692	5.300261e+01	2.787663e+02	1.721576e+02	1692	8.402424e-01	7.000000e-01	
1.722594e+02	1693	5.500046e+01	2.051284e+02	1.722594e+02	1693	7.885646e-01	7.000000e-01	
1.723611e+02	1694	3.959576e+01	1.767101e+02	1.723611e+02	1694	8.169455e-01	7.000000e-01	
1.724629e+02	1695	6.890981e+01	2.105284e+02	1.724629e+02	1695	7.533988e-01	7.000000e-01	
1.725646e+02	1696	4.948471e+01	2.261924e+02	1.725646e+02	1696	8.204976e-01	7.000000e-01	
1.726664e+02	1697	5.484873e+01	2.114929e+02	1.726664e+02	1697	7.940663e-01	7.000000e-01	
1.727681e+02	1698	4.222910e+01	1.576336e+02	1.727681e+02	1698	7.887094e-01	7.000000e-01	
1.728699e+02	1699	6.604125e+01	1.950885e+02	1.728699e+02	1699	7.470941e-01	7.000000e-01	
1.729716e+02	1700	5.001584e+01	2.138407e+02	1.729716e+02	1700	8.104431e-01	7.000000e-01	
1.730733e+02	1701	5.963996e+01	2.086282e+02	1.730733e+02	1701	7.776853e-01	7.000000e-01	
1.731751e+02	1702	9.026329e+01	2.271829e+02	1.731751e+02	1702	7.156580e-01	7.000000e-01	
1.732768e+02	1703	6.198565e+01	2.046015e+02	1.732768e+02	1703	7.674845e-01	7.000000e-01	
1.733786e+02	1704	4.569970e+01	2.154903e+02	1.733786e+02	1704	8.250327e-01	7.000000e-01	
1.734803e+02	1705	7.294018e+01	2.144505e+02	1.734803e+02	1705	7.461985e-01	7.000000e-01	
1.735821e+02	1706	3.123896e+01	2.129106e+02	1.735821e+02	1706	8.720499e-01	7.000000e-01	
1.736838e+02	1707	3.932622e+01	2.124101e+02	1.736838e+02	1707	8.437801e-01	7.000000e-01	
1.737856e+02	1708	4.195134e+01	2.191297e+02	1.737856e+02	1708	8.393168e-01	7.000000e-01	
1.738873e+02	1709	2.699524e+01	1.882692e+02	1.738873e+02	1709	8.745950e-01	7.000000e-01	
1.739891e+02	1710	5.004357e+01	2.124205e+02	1.739891e+02	1710	8.093317e-01	7.000000e-01	
1.740908e+02	1711	3.386066e+01	2.144738e+02	1.740908e+02	1711	8.636490e-01	7.000000e-01	
1.741926e+02	1712	4.939449e+01	2.227756e+02	1.741926e+02	1712	8.185161e-01	7.000000e-01	
1.742943e+02	1713	4.857532e+01	2.158932e+02	1.742943e+02	1713	8.163285e-01	7.000000e-01	
1.743961e+02	1714	6.731655e+01	2.150682e+02	1.743961e+02	1714	7.616141e-01	7.000000e-01	
1.744978e+02	1715	4.871861e+01	2.225473e+02	1.744978e+02	1715	8.204028e-01	7.000000e-01	
1.745996e+02	1716	5.103897e+01	2.261265e+02	1.745996e+02	1716	8.158538e-01	7.000000e-01	
1.747013e+02	1717	5.103582e+01	2.430628e+02	1.747013e+02	1717	8.264670e-01	7.000000e-01	
1.748031e+02	1718	5.336280e+01	2.125293e+02	1.748031e+02	1718	7.993066e-01	7.000000e-01	
1.749048e+02	1719	3.837498e+01	2.346150e+02	1.749048e+02	1719	8.594271e-01	7.000000e-01	
1.750066e+02	1720	5.364789e+01	2.261355e+02	1.750066e+02	1720	8.082521e-01	7.000000e-01	
1.751083e+02	1721	7.366568e+01	2.462454e+02	1.751083e+02	1721	7.697308e-01	7.000000e-01	
1.752101e+02	1722	4.569413e+01	2.351295e+02	1.752101e+02	1722	8.372853e-01	7.000000e-01	
1.753118e+02	1723	5.340082e+01	2.386474e+02	1.753118e+02	1723	8.171507e-01	7.000000e-01	
1.754136e+02	1724	5.737866e+01	2.369456e+02	1.754136e+02	1724	8.050495e-01	7.000000e-01	
1.755153e+02	1725	5.309955e+01	1.989825e+02	1.755153e+02	1725	7.893561e-01	7.000000e-01	
1.756170e+02	1726	5.616933e+01	1.762179e+02	1.756170e+02	1726	7.582942e-01	7.000000e-01	
1.757188e+02	1727	5.930509e+01	2.508945e+02	1.757188e+02	1727	8.088163e-01	7.000000e-01	
1.758205e+02	1728	5.611971e+01	2.415175e+02	1.758205e+02	1728	8.114493e-01	7.000000e-01	
1.759223e+02	1729	5.970025e+01	2.407298e+02	1.759223e+02	1729	8.012840e-01	7.000000e-01	
1.760240e+02	1730	5.475947e+01	2.482829e+02	1.760240e+02	1730	8.193009e-01	7.000000e-01	
1.761258e+02	1731	5.987100e+01	2.422834e+02	1.761258e+02	1731	8.018530e-01	7.000000e-01	
1.762275e+02	1732	4.905299e+01	1.119690e+02	1.762275e+02	1732	6.953647e-01	7.000000e-01	
1.763293e+02	1733	4.639500e+01	1.052453e+02	1.763293e+02	1733	6.940457e-01	7.000000e-01	
1.764310e+02	1734	4.655037e+01	1.077435e+02	1.764310e+02	1734	6.983006e-01	7.000000e-01	
1.765328e+02	1735	4.896693e+01	9.585869e+01	1.765328e+02	1735	6.618904e-01	7.000000e-01	
1.766345e+02	1736	5.597673e+01	1.277293e+02	1.766345e+02	1736	6.952918e-01	7.000000e-01	
1.767363e+02	1737	4.944110e+01	1.057224e+02	1.767363e+02	1737	6.813613e-01	7.000000e-01	
1.768380e+02	1738	4.845158e+01	9.518412e+01	1.768380e+02	1738	6.626773e-01	7.000000e-01	
1.769398e+02	1739	4.990900e+01	9.720557e+01	1.769398e+02	1739	6.607474e-01	7.000000e-01	
1.770415e+02	1740	5.799462e+01	8.928281e+01	1.770415e+02	1740	6.062219e-01	7.000000e-01	
1.771433e+02	1741	4.865192e+01	1.030095e+02	1.771433e+02	1741	6.792070e-01	7.000000e-01	
1.772450e+02	1742	4.249836e+01	1.141454e+02	1.772450e+02	1742	7.286942e-01	7.000000e-01	
1.773468e+02	1743	6.125000e+01	8.759196e+01	1.773468e+02	1743	5.884897e-01	7.000000e-01	
1.774485e+02	1744	6.341212e+01	8.891486e+01	1.774485e+02	1744	5.837105e-01	7.000000e-01	
1.775503e+02	1745	6.846691e+01	9.980558e+01	1.775503e+02	1745	5.931188e-01	7.000000e-01	
1.776520e+02	1746	6.114802e+01	1.007739e+02	1.776520e+02	1746	6.223611e-01	7.000000e-01	
1.777538e+02	1747	6.529760e+01	9.839901e+01	1.777538e+02	1747	6.011060e-01	7.000000e-01	
1.778555e+02	1748	6.411690e+01	8.335933e+01	1.778555e+02	1748	5.652391e-01	7.000000e-01	
1.779573e+02	1749	5.912969e+01	1.063959e+02	1.779573e+02	1749	6.427761e-01	7.000000e-01	
1.780590e+02	1750	5.745410e+01	8.897088e+01	1.780590e+02	1750	6.076209e-01	7.000000e-01	
1.781607e+02	1751	6.072628e+01	1.074224e+02	1.781607e+02	1751	6.388537e-01	7.000000e-01	
1.782625e+02	1752	7.829751e+01	8.955258e+01	1.782625e+02	1752	5.335271e-01	7.000000e-01	
1.783642e+02	1753	5.949884e+01	1.275642e+02	1.783642e+02	1753	6.819316e-01	7.000000e-01	
1.784660e+02	1754	3.035050e+01	1.448458e+02	1.784660e+02	1754	8.267629e-01	7.000000e-01	
1.785677e+02	1755	6.333951e+01	1.270851e+02	1.785677e+02	1755	6.673775e-01	7.000000e-01	
1.786695e+02	1756	5.869479e+01	1.413055e+02	1.786695e+02	1756	7.065265e-01	7.000000e-01	
1.787712e+02	1757	4.367511e+01	1.382209e+02	1.787712e+02	1757	7.598897e-01	7.000000e-01	
1.788730e+02	1758	8.486986e+01	1.707182e+02	1.788730e+02	1758	6.679428e-01	7.000000e-01	
1.789747e+02	1759	6.199216e+01	1.562506e+02	1.789747e+02	1759	7.159486e-01	7.000000e-01	
1.790765e+02	1760	6.444457e+01	1.689383e+02	1.790765e+02	1760	7.238676e-01	7.000000e-01	
1.791782e+02	1761	6.584205e+01	1.411755e+02	1.791782e+02	1761	6.819494e-01	7.000000e-01	
1.792800e+02	1762	5.160652e+01	1.445369e+02	1.792800e+02	1762	7.368940e-01	7.000000e-01	
1.793817e+02	1763	7.533464e+01	1.472658e+02	1.793817e+02	1763	6.615701e-01	7.000000e-01	
1.794835e+02	1764	6.895968e+01	1.432313e+02	1.794835e+02	1764	6.750113e-01	7.000000e-01	
1.795852e+02	1765	5.247650e+01	1.335487e+02	1.795852e+02	1765	7.179065e-01	7.000000e-01	
1.796870e+02	1766	6.815331e+01	1.533553e+02	1.796870e+02	1766	6.923221e-01	7.000000e-01	
1.797887e+02	1767	5.533038e+01	1.249898e+02	1.797887e+02	1767	6.931548e-01	7.000000e-01	
1.798905e+02	1768	5.441028e+01	1.413656e+02	1.798905e+02	1768	7.220787e-01	7.000000e-01	
1.799922e+02	1769	5.078363e+01	1.366976e+02	1.799922e+02	1769	7.291269e-01	7.000000e-01	
1.800940e+02	1770	4.659199e+01	1.437389e+02	1.800940e+02	1770	7.552053e-01	7.000000e-01	
1.801957e+02	1771	5.206112e+01	1.425736e+02	1.801957e+02	1771	7.325188e-01	7.000000e-01	
1.802975e+02	1772	4.712191e+01	1.533044e+02	1.802975e+02	1772	7.648916e-01	7.000000e-01	
1.803992e+02	1773	5.101520e+01	1.502306e+02	1.803992e+02	1773	7.465030e-01	7.000000e-01	
1.805010e+02	1774	5.045781e+01	1.545438e+02	1.805010e+02	1774	7.538663e-01	7.000000e-01	
1.806027e+02	1775	4.453333e+01	1.627487e+02	1.806027e+02	1775	7.851559e-01	7.000000e-01	
1.807044e+02	1776	6.241110e+01	1.517116e+02	1.807044e+02	1776	7.085265e-01	7.000000e-01	
1.808062e+02	1777	4.899795e+01	1.483352e+02	1.808062e+02	1777	7.516993e-01	7.000000e-01	
1.809079e+02	1778	6.540031e+01	1.519269e+02	1.809079e+02	1778	6.990698e-01	7.000000e-01	
1.810097e+02	1779	4.637794e+01	1.524877e+02	1.810097e+02	1779	7.667876e-01	7.000000e-01	
1.811114e+02	1780	5.756750e+01	1.492356e+02	1.811114e+02	1780	7.216313e-01	7.000000e-01	
1.812132e+02	1781	8.962821e+01	1.534248e+02	1.812132e+02	1781	6.312401e-01	7.000000e-01	
1.813149e+02	1782	5.891349e+01	1.499952e+02	1.813149e+02	1782	7.179941e-01	7.000000e-01	
1.814167e+02	1783	6.600778e+01	1.500156e+02	1.814167e+02	1783	6.944415e-01	7.000000e-01	
1.815184e+02	1784	5.831883e+01	1.564626e+02	1.815184e+02	1784	7.284736e-01	7.000000e-01	
1.816202e+02	1785	6.625809e+01	1.473808e+02	1.816202e+02	1785	6.898594e-01	7.000000e-01	
1.817219e+02	1786	6.626673e+01	1.472737e+02	1.817219e+02	1786	6.896760e-01	7.000000e-01	
1.818237e+02	1787	7.667323e+01	1.471985e+02	1.818237e+02	1787	6.575127e-01	7.000000e-01	
1.819254e+02	1788	6.342030e+01	1.412985e+02	1.819254e+02	1788	6.902077e-01	7.000000e-01	
1.820272e+02	1789	7.342290e+01	1.353987e+02	1.820272e+02	1789	6.483941e-01	7.000000e-01	
1.821289e+02	1790	6.571386e+01	1.533145e+02	1.821289e+02	1790	6.999756e-01	7.000000e-01	
1.822307e+02	1791	9.040991e+01	1.360796e+02	1.822307e+02	1791	6.008208e-01	7.000000e-01	
1.823324e+02	1792	7.515762e+01	1.298267e+02	1.823324e+02	1792	6.333494e-01	7.000000e-01	
1.824342e+02	1793	7.165821e+01	1.447750e+02	1.824342e+02	1793	6.689131e-01	7.000000e-01	
1.825359e+02	1794	6.993400e+01	1.302134e+02	1.825359e+02	1794	6.505875e-01	7.000000e-01	
1.826377e+02	1795	5.127727e+01	1.282021e+02	1.826377e+02	1795	7.142999e-01	7.000000e-01	
1.827394e+02	1796	5.170231e+01	1.360490e+02	1.827394e+02	1796	7.246234e-01	7.000000e-01	
1.828412e+02	1797	5.432854e+01	1.290255e+02	1.828412e+02	1797	7.036960e-01	7.000000e-01	
1.829429e+02	1798	6.711619e+01	1.257793e+02	1.829429e+02	1798	6.520593e-01	7.000000e-01	
1.830447e+02	1799	5.304851e+01	1.226524e+02	1.830447e+02	1799	6.980749e-01	7.000000e-01	
1.831464e+02	1800	5.040858e+01	1.302532e+02	1.831464e+02	1800	7.209782e-01	7.000000e-01	
1.832481e+02	1801	7.142241e+01	1.158192e+02	1.832481e+02	1801	6.185548e-01	7.000000e-01	
1.833499e+02	1802	7.579185e+01	1.208813e+02	1.833499e+02	1802	6.146304e-01	7.000000e-01	
1.834516e+02	1803	6.071055e+01	1.252668e+02	1.834516e+02	1803	6.735594e-01	7.000000e-01	
1.835534e+02	1804	5.595342e+01	9.672568e+01	1.835534e+02	1804	6.335227e-01	7.000000e-01	
1.836551e+02	1805	7.833162e+01	1.336720e+02	1.836551e+02	1805	6.305175e-01	7.000000e-01	
1.837569e+02	1806	7.647682e+01	1.325773e+02	1.837569e+02	1806	6.341769e-01	7.000000e-01	
1.838586e+02	1807	6.730659e+01	1.383972e+02	1.838586e+02	1807	6.727985e-01	7.000000e-01	
1.839604e+02	1808	7.931884e+01	1.251235e+02	1.839604e+02	1808	6.120234e-01	7.000000e-01	
1.840621e+02	1809	7.107994e+01	1.350348e+02	1.840621e+02	1809	6.551438e-01	7.000000e-01	
1.841639e+02	1810	7.103219e+01	1.427482e+02	1.841639e+02	1810	6.677329e-01	7.000000e-01	
1.842656e+02	1811	9.082557e+01	1.204215e+02	1.842656e+02	1811	5.700505e-01	7.000000e-01	
1.843674e+02	1812	8.206832e+01	1.280297e+02	1.843674e+02	1812	6.093808e-01	7.000000e-01	
1.844691e+02	1813	7.434007e+01	1.207977e+02	1.844691e+02	1813	6.190380e-01	7.000000e-01	
1.845709e+02	1814	5.315140e+01	1.410167e+02	1.845709e+02	1814	7.262609e-01	7.000000e-01	
1.846726e+02	1815	5.314241e+01	1.229635e+02	1.846726e+02	1815	6.982361e-01	7.000000e-01	
1.847744e+02	1816	5.634884e+01	1.246701e+02	1.847744e+02	1816	6.887130e-01	7.000000e-01	
1.848761e+02	1817	7.835556e+01	1.252542e+02	1.848761e+02	1817	6.151680e-01	7.000000e-01	
1.849779e+02	1818	6.271198e+01	9.594088e+01	1.849779e+02	1818	6.047220e-01	7.000000e-01	
1.850796e+02	1819	6.519601e+01	1.371473e+02	1.850796e+02	1819	6.777951e-01	7.000000e-01	
1.851814e+02	1820	6.149153e+01	1.158512e+02	1.851814e+02	1820	6.532616e-01	7.000000e-01	
1.852831e+02	1821	6.313430e+01	9.820052e+01	1.852831e+02	1821	6.086753e-01	7.000000e-01	
1.853849e+02	1822	5.458023e+01	1.009214e+02	1.853849e+02	1822	6.490054e-01	7.000000e-01	
1.854866e+02	1823	4.749720e+01	1.224998e+02	1.854866e+02	1823	7.205998e-01	7.000000e-01	
1.855884e+02	1824	7.037295e+01	1.188985e+02	1.855884e+02	1824	6.281904e-01	7.000000e-01	
1.856901e+02	1825	5.144734e+01	8.483838e+01	1.856901e+02	1825	6.225038e-01	7.000000e-01	
1.857918e+02	1826	5.081996e+01	8.255038e+01	1.857918e+02	1826	6.189561e-01	7.000000e-01	
1.858936e+02	1827	4.790924e+01	1.035946e+02	1.858936e+02	1827	6.837754e-01	7.000000e-01	
1.859953e+02	1828	5.703950e+01	1.125927e+02	1.859953e+02	1828	6.637460e-01	7.000000e-01	
1.860971e+02	1829	5.081974e+01	8.255533e+01	1.860971e+02	1829	6.189712e-01	7.000000e-01	
1.861988e+02	1830	5.940621e+01	1.121940e+02	1.861988e+02	1830	6.538104e-01	7.000000e-01	
1.863006e+02	1831	5.085911e+01	9.754024e+01	1.863006e+02	1831	6.572821e-01	7.000000e-01	
1.864023e+02	1832	4.670064e+01	1.027970e+02	1.864023e+02	1832	6.876162e-01	7.000000e-01	
1.865041e+02	1833	6.861913e+01	2.205965e+02	1.865041e+02	1833	7.627406e-01	7.000000e-01	
1.866058e+02	1834	6.970427e+01	2.272663e+02	1.866058e+02	1834	7.652822e-01	7.000000e-01	
1.867076e+02	1835	6.215104e+01	2.175674e+02	1.867076e+02	1835	7.778086e-01	7.000000e-01	
1.868093e+02	1836	9.022064e+01	1.952386e+02	1.868093e+02	1836	6.839456e-01	7.000000e-01	
1.869111e+02	1837	7.031694e+01	2.209809e+02	1.869111e+02	1837	7.586081e-01	7.000000e-01	
1.870128e+02	1838	7.148013e+01	2.197636e+02	1.870128e+02	1838	7.545694e-01	7.000000e-01	
1.871146e+02	1839	7.485220e+01	2.321919e+02	1.871146e+02	1839	7.562168e-01	7.000000e-01	
1.872163e+02	1840	6.188735e+01	1.872710e+02	1.872163e+02	1840	7.516144e-01	7.000000e-01	
1.873181e+02	1841	8.069254e+01	2.201765e+02	1.873181e+02	1841	7.318018e-01	7.000000e-01	
1.874198e+02	1842	6.632727e+01	2.237145e+02	1.874198e+02	1842	7.713182e-01	7.000000e-01	
1.875216e+02	1843	7.896271e+01	2.101515e+02	1.875216e+02	1843	7.268806e-01	7.000000e-01	
1.876233e+02	1844	6.572891e+01	1.999339e+02	1.876233e+02	1844	7.525852e-01	7.000000e-01	
1.877251e+02	1845	7.098146e+01	1.917836e+02	1.877251e+02	1845	7.298672e-01	7.000000e-01	
1.878268e+02	1846	7.239606e+01	1.956320e+02	1.878268e+02	1846	7.298937e-01	7.000000e-01	
1.879286e+02	1847	7.939358e+01	2.184829e+02	1.879286e+02	1847	7.334681e-01	7.000000e-01	
1.880303e+02	1848	6.310050e+01	2.138715e+02	1.880303e+02	1848	7.721773e-01	7.000000e-01	
1.881321e+02	1849	8.307347e+01	2.067727e+02	1.881321e+02	1849	7.133877e-01	7.000000e-01	
1.882338e+02	1850	7.025310e+01	2.137357e+02	1.882338e+02	1850	7.526202e-01	7.000000e-01	
1.883355e+02	1851	7.357764e+01	2.112818e+02	1.883355e+02	1851	7.417055e-01	7.000000e-01	
1.884373e+02	1852	6.234161e+01	1.995272e+02	1.884373e+02	1852	7.619357e-01	7.000000e-01	
1.885390e+02	1853	7.197987e+01	1.969368e+02	1.885390e+02	1853	7.323339e-01	7.000000e-01	
1.886408e+02	1854	6.149307e+01	2.165689e+02	1.886408e+02	1854	7.788512e-01	7.000000e-01	
1.887425e+02	1855	5.745390e+01	2.178756e+02	1.887425e+02	1855	7.913268e-01	7.000000e-01	
1.888443e+02	1856	7.012681e+01	2.116591e+02	1.888443e+02	1856	7.511344e-01	7.000000e-01	
1.889460e+02	1857	6.523543e+01	2.105906e+02	1.889460e+02	1857	7.634907e-01	7.000000e-01	
1.890478e+02	1858	7.203562e+01	2.003443e+02	1.890478e+02	1858	7.355326e-01	7.000000e-01	
1.891495e+02	1859	4.799999e+01	2.101515e+02	1.891495e+02	1859	8.140627e-01	7.000000e-01	
1.892513e+02	1860	5.266932e+01	2.155572e+02	1.892513e+02	1860	8.036387e-01	7.000000e-01	
1.893530e+02	1861	7.365300e+01	1.962704e+02	1.893530e+02	1861	7.271337e-01	7.000000e-01	
1.894548e+02	1862	6.103724e+01	2.017151e+02	1.894548e+02	1862	7.677005e-01	7.000000e-01	
1.895565e+02	1863	7.225105e+01	2.025850e+02	1.895565e+02	1863	7.371122e-01	7.000000e-01	
1.896583e+02	1864	5.236786e+01	2.247118e+02	1.896583e+02	1864	8.110007e-01	7.000000e-01	
1.897600e+02	1865	6.519389e+01	2.086409e+02	1.897600e+02	1865	7.619225e-01	7.000000e-01	
1.898618e+02	1866	6.797711e+01	2.347143e+02	1.898618e+02	1866	7.754244e-01	7.000000e-01	
1.899635e+02	1867	4.518960e+01	1.877230e+02	1.899635e+02	1867	8.059804e-01	7.000000e-01	
1.900653e+02	1868	4.859259e+01	1.986641e+02	1.900653e+02	1868	8.034731e-01	7.000000e-01	
1.901670e+02	1869	6.315206e+01	2.357655e+02	1.901670e+02	1869	7.887308e-01	7.000000e-01	
1.902688e+02	1870	5.385491e+01	2.209834e+02	1.902688e+02	1870	8.040488e-01	7.000000e-01	
1.903705e+02	1871	5.301068e+01	2.428053e+02	1.903705e+02	1871	8.207985e-01	7.000000e-01	
1.904723e+02	1872	7.605753e+01	2.429079e+02	1.904723e+02	1872	7.615493e-01	7.000000e-01	
1.905740e+02	1873	4.729311e+01	2.436696e+02	1.905740e+02	1873	8.374599e-01	7.000000e-01	
1.906758e+02	1874	6.105980e+01	2.346890e+02	1.906758e+02	1874	7.935417e-01	7.000000e-01	
1.907775e+02	1875	6.322136e+01	2.467269e+02	1.907775e+02	1875	7.960261e-01	7.000000e-01	
1.908792e+02	1876	6.318229e+01	2.308356e+02	1.908792e+02	1876	7.851073e-01	7.000000e-01	
1.909810e+02	1877	5.362416e+01	2.339489e+02	1.909810e+02	1877	8.135286e-01	7.000000e-01	
1.910827e+02	1878	5.602750e+01	2.097354e+02	1.910827e+02	1878	7.891824e-01	7.000000e-01	
1.911845e+02	1879	5.269441e+01	2.216314e+02	1.911845e+02	1879	8.079130e-01	7.000000e-01	
1.912862e+02	1880	5.580497e+01	2.470334e+02	1.912862e+02	1880	8.157269e-01	7.000000e-01	
1.913880e+02	1881	5.766638e+01	2.364312e+02	1.913880e+02	1881	8.039209e-01	7.000000e-01	
1.914897e+02	1882	5.793254e+01	2.358122e+02	1.914897e+02	1882	8.027793e-01	7.000000e-01	
1.915915e+02	1883	6.239135e+01	2.392375e+02	1.915915e+02	1883	7.931519e-01	7.000000e-01	
1.916932e+02	1884	5.980484e+01	2.288332e+02	1.916932e+02	1884	7.928033e-01	7.000000e-01	
1.917950e+02	1885	5.580593e+01	2.458623e+02	1.917950e+02	1885	8.150089e-01	7.000000e-01	
1.918967e+02	1886	6.849174e+01	2.337811e+02	1.918967e+02	1886	7.734109e-01	7.000000e-01	
1.919985e+02	1887	5.109136e+01	2.392514e+02	1.919985e+02	1887	8.240309e-01	7.000000e-01	
1.921002e+02	1888	6.229793e+01	2.198232e+02	1.921002e+02	1888	7.791802e-01	7.000000e-01	
1.922020e+02	1889	6.652755e+01	2.001213e+02	1.922020e+02	1889	7.505050e-01	7.000000e-01	
1.923037e+02	1890	5.766695e+01	2.211863e+02	1.923037e+02	1890	7.931996e-01	7.000000e-01	
1.924055e+02	1891	7.724441e+01	2.418733e+02	1.924055e+02	1891	7.579438e-01	7.000000e-01	
1.925072e+02	1892	5.499316e+01	2.326213e+02	1.925072e+02	1892	8.087956e-01	7.000000e-01	
1.926090e+02	1893	5.566349e+01	1.673591e+02	1.926090e+02	1893	7.504132e-01	7.000000e-01	
1.927107e+02	1894	5.132107e+01	2.229138e+02	1.927107e+02	1894	8.128572e-01	7.000000e-01	
1.928125e+02	1895	5.454372e+01	2.713138e+02	1.928125e+02	1895	8.326148e-01	7.000000e-01	
1.929142e+02	1896	5.146195e+01	2.697073e+02	1.929142e+02	1896	8.397669e-01	7.000000e-01	
1.930160e+02	1897	3.494523e+01	2.397824e+02	1.930160e+02	1897	8.728005e-01	7.000000e-01	
1.931177e+02	1898	5.566378e+01	2.340180e+02	1.931177e+02	1898	8.078451e-01	7.000000e-01	
1.932195e+02	1899	4.817434e+01	2.015568e+02	1.932195e+02	1899	8.070952e-01	7.000000e-01	
1.933212e+02	1900	7.979210e+01	1.903055e+02	1.933212e+02	1900	7.045805e-01	7.000000e-01	
1.934229e+02	1901	7.588690e+01	2.014956e+02	1.934229e+02	1901	7.264179e-01	7.000000e-01	
1.935247e+02	1902	5.204749e+01	2.115548e+02	1.935247e+02	1902	8.025530e-01	7.000000e-01	
1.936264e+02	1903	6.980281e+01	2.185295e+02	1.936264e+02	1903	7.579085e-01	7.000000e-01	
1.937282e+02	1904	7.655831e+01	1.984674e+02	1.937282e+02	1904	7.216322e-01	7.000000e-01	
1.938299e+02	1905	8.306581e+01	1.853618e+02	1.938299e+02	1905	6.905467e-01	7.000000e-01	
1.939317e+02	1906	6.608320e+01	2.158342e+02	1.939317e+02	1906	7.655938e-01	7.000000e-01	
1.940334e+02	1907	6.114597e+01	2.342681e+02	1.940334e+02	1907	7.930161e-01	7.000000e-01	
1.941352e+02	1908	7.709177e+01	1.998977e+02	1.941352e+02	1908	7.216798e-01	7.000000e-01	
1.942369e+02	1909	7.695234e+01	1.943325e+02	1.942369e+02	1909	7.163412e-01	7.000000e-01	
1.943387e+02	1910	5.778698e+01	2.355343e+02	1.943387e+02	1910	8.029908e-01	7.000000e-01	
1.944404e+02	1911	6.942341e+01	2.121960e+02	1.944404e+02	1911	7.534850e-01	7.000000e-01	
1.945422e+02	1912	6.685956e+01	2.484735e+02	1.945422e+02	1912	7.879716e-01	7.000000e-01	
1.946439e+02	1913	6.767265e+01	2.381089e+02	1.946439e+02	1913	7.786896e-01	7.000000e-01	
1.947457e+02	1914	4.419239e+01	2.264863e+02	1.947457e+02	1914	8.367349e-01	7.000000e-01	
1.948474e+02	1915	4.637542e+01	2.360863e+02	1.948474e+02	1915	8.358170e-01	7.000000e-01	
1.949492e+02	1916	7.178715e+01	2.289785e+02	1.949492e+02	1916	7.613187e-01	7.000000e-01	
1.950509e+02	1917	6.173653e+01	2.295660e+02	1.950509e+02	1917	7.880673e-01	7.000000e-01	
1.951527e+02	1918	5.500984e+01	2.312113e+02	1.951527e+02	1918	8.078065e-01	7.000000e-01	
1.952544e+02	1919	6.940012e+01	2.158491e+02	1.952544e+02	1919	7.567036e-01	7.000000e-01	
1.953562e+02	1920	7.181279e+01	2.032784e+02	1.953562e+02	1920	7.389491e-01	7.000000e-01	
1.954579e+02	1921	7.199618e+01	2.406497e+02	1.954579e+02	1921	7.697197e-01	7.000000e-01	
1.955597e+02	1922	6.252018e+01	2.213664e+02	1.955597e+02	1922	7.797706e-01	7.000000e-01	
1.956614e+02	1923	7.762708e+01	1.908480e+02	1.956614e+02	1923	7.108593e-01	7.000000e-01	
1.957632e+02	1924	6.862801e+01	2.200948e+02	1.957632e+02	1924	7.623049e-01	7.000000e-01	
1.958649e+02	1925	6.996969e+01	2.175509e+02	1.958649e+02	1925	7.566446e-01	7.000000e-01	
1.959666e+02	1926	5.328510e+01	2.444530e+02	1.959666e+02	1926	8.210337e-01	7.000000e-01	
1.960684e+02	1927	7.069363e+01	2.387099e+02	1.960684e+02	1927	7.715164e-01	7.000000e-01	
1.961701e+02	1928	4.686998e+01	1.650784e+02	1.961701e+02	1928	7.788613e-01	7.000000e-01	
1.962719e+02	1929	5.261732e+01	2.069322e+02	1.962719e+02	1929	7.972744e-01	7.000000e-01	
1.963736e+02	1930	6.032780e+01	2.352208e+02	1.963736e+02	1930	7.958786e-01	7.000000e-01	
1.964754e+02	1931	6.008252e+01	2.315934e+02	1.964754e+02	1931	7.940093e-01	7.000000e-01	
1.965771e+02	1932	6.072923e+01	2.238549e+02	1.965771e+02	1932	7.866036e-01	7.000000e-01	
1.966789e+02	1933	7.172063e+01	2.190306e+02	1.966789e+02	1933	7.533265e-01	7.000000e-01	
1.967806e+02	1934	3.753047e+01	2.209622e+02	1.967806e+02	1934	8.548103e-01	7.000000e-01	
1.968824e+02	1935	4.442261e+01	2.112985e+02	1.968824e+02	1935	8.262849e-01	7.000000e-01	
1.969841e+02	1936	6.857435e+01	2.466791e+02	1.969841e+02	1936	7.824787e-01	7.000000e-01	
1.970859e+02	1937	5.421745e+01	2.167677e+02	1.970859e+02	1937	7.999246e-01	7.000000e-01	
1.971876e+02	1938	1.512242e+01	1.965771e+02	1.971876e+02	1938	9.285666e-01	7.000000e-01	
1.972894e+02	1939	5.234002e+01	2.075773e+02	1.972894e+02	1939	7.986282e-01	7.000000e-01	
1.973911e+02	1940	6.039415e+01	2.313975e+02	1.973911e+02	1940	7.930230e-01	7.000000e-01	
1.974929e+02	1941	4.883342e+01	2.169823e+02	1.974929e+02	1941	8.162884e-01	7.000000e-01	
1.975946e+02	1942	5.959391e+01	2.147356e+02	1.975946e+02	1942	7.827652e-01	7.000000e-01	
1.976964e+02	1943	4.639716e+01	2.153190e+02	1.976964e+02	1943	8.227195e-01	7.000000e-01	
1.977981e+02	1944	5.832656e+01	2.151138e+02	1.977981e+02	1944	7.866937e-01	7.000000e-01	
1.978999e+02	1945	8.868266e+01	2.191400e+02	1.978999e+02	1945	7.119034e-01	7.000000e-01	
1.980016e+02	1946	5.057699e+01	2.225122e+02	1.980016e+02	1946	8.147968e-01	7.000000e-01	
1.981034e+02	1947	5.517546e+01	2.248412e+02	1.981034e+02	1947	8.029565e-01	7.000000e-01	
1.982051e+02	1948	5.933174e+01	2.208946e+02	1.982051e+02	1948	7.882721e-01	7.000000e-01	
1.983069e+02	1949	5.860089e+01	2.111799e+02	1.983069e+02	1949	7.827833e-01	7.000000e-01	
1.984086e+02	1950	5.672931e+01	2.202136e+02	1.984086e+02	1950	7.951588e-01	7.000000e-01	
1.985103e+02	1951	6.008842e+01	2.086788e+02	1.985103e+02	1951	7.764295e-01	7.000000e-01	
1.986121e+02	1952	8.860589e+01	1.577741e+02	1.986121e+02	1952	6.403690e-01	7.000000e-01	
1.987138e+02	1953	6.747319e+01	1.912106e+02	1.987138e+02	1953	7.391673e-01	7.000000e-01	
1.988156e+02	1954	5.810126e+01	2.111772e+02	1.988156e+02	1954	7.842335e-01	7.000000e-01	
1.989173e+02	1955	6.202927e+01	1.932490e+02	1.989173e+02	1955	7.570131e-01	7.000000e-01	
1.990191e+02	1956	8.223369e+01	1.884015e+02	1.990191e+02	1956	6.961456e-01	7.000000e-01	
1.991208e+02	1957	6.101346e+01	1.956661e+02	1.991208e+02	1957	7.622972e-01	7.000000e-01	
1.992226e+02	1958	2.465609e+02	-7.207731e+00	1.992226e+02	1958	-3.011337e-02	0	
1.993243e+02	1959	2.279288e+02	-2.782137e+01	1.993243e+02	1959	-1.390322e-01	0	
1.994261e+02	1960	2.631015e+02	3.356369e+00	1.994261e+02	1960	1.259625e-02	0	
1.995278e+02	1961	2.231116e+02	-1.128373e+01	1.995278e+02	1961	-5.326839e-02	0	
1.996296e+02	1962	2.268568e+02	-2.862751e+01	1.996296e+02	1962	-1.444161e-01	0	
1.997313e+02	1963	2.505542e+02	-3.714149e-02	1.997313e+02	1963	-1.482593e-04	0	
1.998331e+02	1964	2.533709e+02	-1.110138e+01	1.998331e+02	1964	-4.582244e-02	0	
1.999348e+02	1965	2.607345e+02	1.436512e+00	1.999348e+02	1965	5.479294e-03	0	
2.000366e+02	1966	2.553697e+02	-4.643982e+00	2.000366e+02	1966	-1.852216e-02	0	
2.001383e+02	1967	3.057261e+02	-1.085113e+01	2.001383e+02	1967	-3.679909e-02	0	
2.002401e+02	1968	3.070861e+02	3.164374e+01	2.002401e+02	1968	9.341881e-02	0	
2.003418e+02	1969	2.728585e+02	8.665800e+00	2.003418e+02	1969	3.078171e-02	0	
2.004436e+02	1970	2.161845e+02	1.963153e+01	2.004436e+02	1970	8.324934e-02	0	
2.005453e+02	1971	2.239944e+02	2.424856e+01	2.005453e+02	1971	9.768076e-02	0	
2.006471e+02	1972	2.220278e+02	2.114877e+01	2.006471e+02	1972	8.696878e-02	0	
2.007488e+02	1973	2.217875e+02	1.839673e+01	2.007488e+02	1973	7.659425e-02	0	
2.008506e+02	1974	2.092909e+02	-1.330677e+00	2.008506e+02	1974	-6.398709e-03	0	
2.009523e+02	1975	2.047247e+02	1.854957e+01	2.009523e+02	1975	8.307975e-02	0	
2.010540e+02	1976	2.152594e+02	5.966126e+00	2.010540e+02	1976	2.696852e-02	0	
2.011558e+02	1977	2.186191e+02	2.363274e+01	2.011558e+02	1977	9.755443e-02	0	
2.012575e+02	1978	2.181626e+02	7.625066e+00	2.012575e+02	1978	3.377096e-02	0	
2.013593e+02	1979	2.289237e+02	-4.945006e+00	2.013593e+02	1979	-2.207802e-02	0	
2.014610e+02	1980	2.094618e+02	-1.803021e+01	2.014610e+02	1980	-9.418618e-02	0	
2.015628e+02	1981	2.210782e+02	-6.915187e+00	2.015628e+02	1981	-3.228936e-02	0	
2.016645e+02	1982	2.102262e+02	-1.885427e+01	2.016645e+02	1982	-9.852161e-02	0	
2.017663e+02	1983	2.258155e+02	-1.175550e-01	2.017663e+02	1983	-5.208510e-04	0	
2.018680e+02	1984	2.095849e+02	-1.525318e+01	2.018680e+02	1984	-7.849043e-02	0	
2.019698e+02	1985	2.097123e+02	-2.079577e+01	2.019698e+02	1985	-1.100791e-01	0	
2.020715e+02	1986	2.327795e+02	-1.473595e+00	2.020715e+02	1986	-6.370763e-03	0	
2.021733e+02	1987	2.201855e+02	-2.086590e+00	2.021733e+02	1987	-9.567173e-03	0	
2.022750e+02	1988	2.236614e+02	2.363460e+00	2.022750e+02	1988	1.045664e-02	0	
2.023768e+02	1989	2.235358e+02	-1.129475e+00	2.023768e+02	1989	-5.078430e-03	0	
2.024785e+02	1990	2.248561e+02	8.926110e-02	2.024785e+02	1990	3.968124e-04	0	
2.025803e+02	1991	2.343024e+02	9.122535e+00	2.025803e+02	1991	3.747576e-02	0	
2.026820e+02	1992	2.363800e+02	4.000706e+00	2.026820e+02	1992	1.664321e-02	0	
2.027838e+02	1993	2.420709e+02	1.655073e+00	2.027838e+02	1993	6.790712e-03	0	
2.028855e+02	1994	2.356818e+02	-6.145948e-01	2.028855e+02	1994	-2.614549e-03	0	
2.029873e+02	1995	2.447918e+02	1.867584e+01	2.029873e+02	1995	7.088476e-02	0	
2.030890e+02	1996	2.453408e+02	7.297861e-01	2.030890e+02	1996	2.965759e-03	0	
2.031908e+02	1997	2.539147e+02	3.059404e+01	2.031908e+02	1997	1.075329e-01	0	
2.032925e+02	1998	2.457920e+02	6.067961e+00	2.032925e+02	1998	2.409260e-02	0	
2.033943e+02	1999	2.771605e+02	2.702418e+00	2.033943e+02	1999	9.656220e-03	0	
2.034960e+02	2000	2.416732e+02	1.499419e+01	2.034960e+02	2000	5.841876e-02	0	
2.035977e+02	2001	2.684339e+02	-1.055158e+01	2.035977e+02	2001	-4.091626e-02	0	
2.036995e+02	2002	2.500658e+02	1.987559e+01	2.036995e+02	2002	7.362928e-02	0	
2.038012e+02	2003	2.248130e+02	2.612702e+01	2.038012e+02	2003	1.041166e-01	0	
2.039030e+02	2004	2.496969e+02	1.196443e+01	2.039030e+02	2004	4.572487e-02	0	
2.040047e+02	2005	2.830035e+02	4.382414e+01	2.040047e+02	2005	1.340895e-01	0	
2.041065e+02	2006	2.632482e+02	2.323765e+01	2.041065e+02	2006	8.111273e-02	0	
2.042082e+02	2007	2.297653e+02	1.481227e+01	2.042082e+02	2007	6.056267e-02	0	
2.043100e+02	2008	2.679175e+02	2.951312e+01	2.043100e+02	2008	9.922691e-02	0	
2.044117e+02	2009	2.192771e+02	4.910537e+00	2.044117e+02	2009	2.190369e-02	0	
2.045135e+02	2010	1.783190e+02	2.176539e+01	2.045135e+02	2010	1.087810e-01	0	
2.046152e+02	2011	1.942807e+02	9.306344e+00	2.046152e+02	2011	4.571187e-02	0	
2.047170e+02	2012	1.868139e+02	-1.701281e+01	2.047170e+02	2012	-1.001926e-01	0	
2.048187e+02	2013	1.993134e+02	3.956011e+00	2.048187e+02	2013	1.946191e-02	0	
2.049205e+02	2014	2.464591e+02	1.105957e+01	2.049205e+02	2014	4.294667e-02	0	
2.050222e+02	2015	2.341586e+02	3.061556e+01	2.050222e+02	2015	1.156290e-01	0	
2.051240e+02	2016	2.188572e+02	5.200268e+00	2.051240e+02	2016	2.320953e-02	0	
2.052257e+02	2017	2.244692e+02	4.765222e+00	2.052257e+02	2017	2.078755e-02	0	
2.053275e+02	2018	2.850335e+02	-9.250957e+00	2.053275e+02	2018	-3.354439e-02	0	
2.054292e+02	2019	2.763046e+02	-1.804171e+01	2.054292e+02	2019	-6.985793e-02	0	
2.055310e+02	2020	2.534696e+02	1.277816e+01	2.055310e+02	2020	4.799349e-02	0	
2.056327e+02	2021	2.850783e+02	-9.255443e+00	2.056327e+02	2021	-3.355575e-02	0	
2.057345e+02	2022	2.402444e+02	2.505459e+01	2.057345e+02	2022	9.443907e-02	0	
2.058362e+02	2023	2.570040e+02	8.757968e+00	2.058362e+02	2023	3.295418e-02	0	
2.059380e+02	2024	2.444273e+02	1.461643e+01	2.059380e+02	2024	5.642457e-02	0	
2.060397e+02	2025	2.548104e+02	1.722334e+01	2.060397e+02	2025	6.331325e-02	0	
2.061414e+02	2026	2.587227e+02	1.575712e+01	2.061414e+02	2026	5.740721e-02	0	
2.062432e+02	2027	2.533707e+02	2.440587e+01	2.062432e+02	2027	8.786151e-02	0	
2.063449e+02	2028	2.164077e+02	-7.863454e+00	2.063449e+02	2028	-3.770641e-02	0	
2.064467e+02	2029	2.365345e+02	2.407215e+01	2.064467e+02	2029	9.236967e-02	0	
2.065484e+02	2030	2.508723e+02	2.503778e+01	2.065484e+02	2030	9.074616e-02	0	
2.066502e+02	2031	2.681891e+02	2.063275e+01	2.066502e+02	2031	7.143764e-02	0	
2.067519e+02	2032	2.649926e+02	1.653729e+01	2.067519e+02	2032	5.874080e-02	0	
2.068537e+02	2033	2.692704e+02	1.998221e+01	2.068537e+02	2033	6.908221e-02	0	
2.069554e+02	2034	2.455888e+02	1.580122e+01	2.069554e+02	2034	6.045074e-02	0	
2.070572e+02	2035	2.716169e+02	1.286947e+01	2.070572e+02	2035	4.523756e-02	0	
2.071589e+02	2036	2.586257e+02	8.016464e+00	2.071589e+02	2036	3.006450e-02	0	
2.072607e+02	2037	2.586756e+02	1.943241e+01	2.072607e+02	2037	6.987361e-02	0	
2.073624e+02	2038	2.657568e+02	1.949475e+01	2.073624e+02	2038	6.834231e-02	0	
2.074642e+02	2039	2.637869e+02	-5.196657e+00	2.074642e+02	2039	-2.009611e-02	0	
2.075659e+02	2040	2.805717e+02	8.511419e+00	2.075659e+02	2040	2.944281e-02	0	
2.076677e+02	2041	2.773200e+02	1.221850e+01	2.076677e+02	2041	4.219991e-02	0	
2.077694e+02	2042	2.626772e+02	1.034325e+01	2.077694e+02	2042	3.788452e-02	0	
2.078712e+02	2043	2.524057e+02	-2.153370e+01	2.078712e+02	2043	-9.327116e-02	0	
2.079729e+02	2044	2.343231e+02	-9.495510e+00	2.079729e+02	2044	-4.223463e-02	0	
2.080747e+02	2045	2.574035e+02	2.665867e+01	2.080747e+02	2045	9.384801e-02	0	
2.081764e+02	2046	2.574378e+02	1.957346e+01	2.081764e+02	2046	7.065944e-02	0	
2.082782e+02	2047	2.528026e+02	1.415006e+01	2.082782e+02	2047	5.300588e-02	0	
2.083799e+02	2048	2.483912e+02	1.854520e+01	2.083799e+02	2048	6.947423e-02	0	
2.084817e+02	2049	2.400575e+02	2.005178e+01	2.084817e+02	2049	7.708983e-02	0	
2.085834e+02	2050	2.397130e+02	1.600854e+01	2.085834e+02	2050	6.260145e-02	0	
2.086851e+02	2051	2.378983e+02	2.043792e+01	2.086851e+02	2051	7.911365e-02	0	
2.087869e+02	2052	2.258030e+02	3.158174e+01	2.087869e+02	2052	1.227025e-01	0	
2.088886e+02	2053	2.508063e+02	2.002915e+01	2.088886e+02	2053	7.395321e-02	0	
2.089904e+02	2054	2.515038e+02	2.915766e+01	2.089904e+02	2054	1.038891e-01	0	
2.090921e+02	2055	2.423815e+02	2.117670e+01	2.090921e+02	2055	8.034924e-02	0	
2.091939e+02	2056	2.418875e+02	1.427989e+01	2.091939e+02	2056	5.574437e-02	0	
2.092956e+02	2057	2.455577e+02	-4.430984e+00	2.092956e+02	2057	-1.837616e-02	0	
2.093974e+02	2058	2.441243e+02	2.153164e+01	2.093974e+02	2058	8.105085e-02	0	
2.094991e+02	2059	2.193043e+02	8.062861e-01	2.094991e+02	2059	3.663096e-03	0	
2.096009e+02	2060	2.437183e+02	1.706786e+01	2.096009e+02	2060	6.544772e-02	0	
2.097026e+02	2061	2.364878e+02	1.548201e+00	2.097026e+02	2061	6.504062e-03	0	
2.098044e+02	2062	1.773840e+02	1.973495e+01	2.098044e+02	2062	1.001170e-01	0	
2.099061e+02	2063	2.121639e+02	-6.850714e+00	2.099061e+02	2063	-3.336714e-02	0	
2.100079e+02	2064	2.376506e+02	7.052609e+00	2.100079e+02	2064	2.882107e-02	0	
2.101096e+02	2065	1.972951e+02	7.572446e+00	2.101096e+02	2065	3.696264e-02	0	
2.102114e+02	2066	2.118923e+02	-5.686062e-01	2.102114e+02	2066	-2.690688e-03	0	
2.103131e+02	2067	2.761774e+02	2.151816e+01	2.103131e+02	2067	7.228244e-02	0	
2.104149e+02	2068	2.196465e+02	5.875090e-01	2.104149e+02	2068	2.667658e-03	0	
2.105166e+02	2069	2.598273e+02	3.428105e+01	2.105166e+02	2069	1.165593e-01	0	
2.106184e+02	2070	2.931717e+02	7.335270e+00	2.106184e+02	2070	2.440965e-02	0	
2.107201e+02	2071	2.763607e+02	2.937386e+01	2.107201e+02	2071	9.607635e-02	0	
2.108219e+02	2072	2.540319e+02	8.915922e+00	2.108219e+02	2072	3.390757e-02	0	
2.109236e+02	2073	4.562052e+02	7.949086e+00	2.109236e+02	2073	1.712596e-02	0	
2.110254e+02	2074	4.322090e+02	8.882492e+00	2.110254e+02	2074	2.013753e-02	0	
2.111271e+02	2075	3.652906e+02	3.187042e+01	2.111271e+02	2075	8.024559e-02	0	
2.112288e+02	2076	4.561859e+02	7.947026e+00	2.112288e+02	2076	1.712231e-02	0	
2.113306e+02	2077	3.019891e+02	3.534635e+01	2.113306e+02	2077	1.047810e-01	0	
2.114323e+02	2078	3.163752e+02	2.801781e+01	2.114323e+02	2078	8.135418e-02	0	
2.115341e+02	2079	2.854296e+02	3.638548e+01	2.115341e+02	2079	1.130633e-01	0	
2.116358e+02	2080	2.729842e+02	1.812434e+01	2.116358e+02	2080	6.225973e-02	0	
2.117376e+02	2081	2.770252e+02	5.272956e+01	2.117376e+02	2081	1.599054e-01	0	
2.118393e+02	2082	2.988458e+02	3.592363e+01	2.118393e+02	2082	1.073086e-01	0	
2.119411e+02	2083	2.811539e+02	1.393281e+01	2.119411e+02	2083	4.721599e-02	0	
2.120428e+02	2084	2.381823e+02	2.205343e+01	2.120428e+02	2084	8.474405e-02	0	
2.121446e+02	2085	2.171365e+02	6.361756e+01	2.121446e+02	2085	2.265953e-01	0	
2.122463e+02	2086	2.697563e+02	3.179639e+01	2.122463e+02	2086	1.054422e-01	0	
2.123481e+02	2087	2.563959e+02	3.085032e+01	2.123481e+02	2087	1.074003e-01	0	
2.124498e+02	2088	2.513210e+02	3.379996e+01	2.124498e+02	2088	1.185460e-01	0	
2.125516e+02	2089	2.060426e+02	1.031434e+01	2.125516e+02	2089	4.767279e-02	0	
2.126533e+02	2090	2.224220e+02	-8.653794e+00	2.126533e+02	2090	-4.048214e-02	0	
2.127551e+02	2091	2.372446e+02	-1.786156e+00	2.127551e+02	2091	-7.585865e-03	0	
2.128568e+02	2092	2.314720e+02	-9.788588e+00	2.128568e+02	2092	-4.415571e-02	0	
2.129586e+02	2093	2.155175e+02	7.278115e+00	2.129586e+02	2093	3.266723e-02	0	
2.130603e+02	2094	2.148928e+02	-4.231581e-01	2.130603e+02	2094	-1.973044e-03	0	
2.131621e+02	2095	2.521739e+02	1.614032e+00	2.131621e+02	2095	6.359767e-03	0	
2.132638e+02	2096	2.403201e+02	-1.065304e+01	2.132638e+02	2096	-4.638471e-02	0	
2.133656e+02	2097	2.220794e+02	-1.741651e+00	2.133656e+02	2097	-7.904460e-03	0	
2.134673e+02	2098	2.262303e+02	7.333930e+00	2.134673e+02	2098	3.140006e-02	0	
2.135691e+02	2099	2.416423e+02	-8.176823e+00	2.135691e+02	2099	-3.502369e-02	0	
2.136708e+02	2100	2.590376e+02	-2.997160e+00	2.136708e+02	2100	-1.170581e-02	0	
2.137725e+02	2101	2.583419e+02	1.796741e+00	2.137725e+02	2101	6.906859e-03	0	
2.138743e+02	2102	2.707213e+02	-7.351153e+00	2.138743e+02	2102	-2.791187e-02	0	
2.139760e+02	2103	2.536919e+02	1.337619e+00	2.139760e+02	2103	5.244958e-03	0	
2.140778e+02	2104	2.452069e+02	5.009553e+00	2.140778e+02	2104	2.002088e-02	0	
2.141795e+02	2105	2.228756e+02	-1.335680e+01	2.141795e+02	2105	-6.374989e-02	0	
2.142813e+02	2106	2.143214e+02	-1.518480e+01	2.142813e+02	2106	-7.625318e-02	0	
2.143830e+02	2107	2.232864e+02	4.275811e+01	2.143830e+02	2107	1.607179e-01	0	
2.144848e+02	2108	2.217648e+02	4.281122e+01	2.144848e+02	2108	1.618107e-01	0	
2.145865e+02	2109	2.418891e+02	9.007936e+00	2.145865e+02	2109	3.590292e-02	0	
2.146883e+02	2110	2.401305e+02	7.676609e+00	2.146883e+02	2110	3.097816e-02	0	
2.147900e+02	2111	2.254257e+02	3.678135e+01	2.147900e+02	2111	1.402760e-01	0	
2.148918e+02	2112	2.366736e+02	4.163315e+01	2.148918e+02	2112	1.495945e-01	0	
2.149935e+02	2113	2.323348e+02	3.814799e+01	2.149935e+02	2113	1.410367e-01	0	
2.150953e+02	2114	2.383591e+02	3.636109e+01	2.150953e+02	2114	1.323568e-01	0	
2.151970e+02	2115	2.259967e+02	4.698937e+01	2.151970e+02	2115	1.721310e-01	0	
2.152988e+02	2116	2.368737e+02	5.552945e+01	2.152988e+02	2116	1.899072e-01	0	
2.154005e+02	2117	2.223190e+02	4.175017e+01	2.154005e+02	2117	1.581032e-01	0	
2.155023e+02	2118	2.655210e+02	2.659139e+01	2.155023e+02	2118	9.103137e-02	0	
2.156040e+02	2119	2.442854e+02	1.873550e+01	2.156040e+02	2119	7.123198e-02	0	
2.157058e+02	2120	2.412835e+02	1.238022e+01	2.157058e+02	2120	4.880564e-02	0	
2.158075e+02	2121	2.351913e+02	8.308429e+00	2.158075e+02	2121	3.412090e-02	0	
2.159093e+02	2122	2.344532e+02	2.893155e+01	2.159093e+02	2122	1.098452e-01	0	
2.160110e+02	2123	2.168725e+02	-1.117091e+01	2.160110e+02	2123	-5.430639e-02	0	
2.161128e+02	2124	2.353557e+02	1.789079e+01	2.161128e+02	2124	7.064576e-02	0	
2.162145e+02	2125	2.310073e+02	1.508547e+00	2.162145e+02	2125	6.487932e-03	0	
2.163162e+02	2126	2.333331e+02	1.288608e+01	2.163162e+02	2126	5.233581e-02	0	
2.164180e+02	2127	2.392901e+02	1.773134e+01	2.164180e+02	2127	6.898779e-02	0	
2.165197e+02	2128	2.495981e+02	2.961570e+01	2.165197e+02	2128	1.060682e-01	0	
2.166215e+02	2129	2.421117e+02	1.172919e+01	2.166215e+02	2129	4.620686e-02	0	
2.167232e+02	2130	2.430720e+02	2.048938e+01	2.167232e+02	2130	7.774045e-02	0	
2.168250e+02	2131	2.281629e+02	2.038506e+01	2.168250e+02	2131	8.201661e-02	0	
2.169267e+02	2132	2.658899e+02	4.195962e+01	2.169267e+02	2132	1.362991e-01	0	
2.170285e+02	2133	2.639922e+02	2.047041e+01	2.170285e+02	2133	7.196169e-02	0	
2.171302e+02	2134	2.495719e+02	1.789641e+01	2.171302e+02	2134	6.691039e-02	0	
2.172320e+02	2135	2.649129e+02	1.958112e+01	2.172320e+02	2135	6.882788e-02	0	
2.173337e+02	2136	2.706426e+02	5.654089e-01	2.173337e+02	2136	2.084780e-03	0	
2.174355e+02	2137	2.665105e+02	4.129074e+01	2.174355e+02	2137	1.341474e-01	0	
2.175372e+02	2138	2.647678e+02	3.228232e+01	2.175372e+02	2138	1.086763e-01	0	
2.176390e+02	2139	2.715990e+02	1.493837e-01	2.176390e+02	2139	5.497133e-04	0	
2.177407e+02	2140	2.338947e+02	7.281161e+00	2.177407e+02	2140	3.019026e-02	0	
2.178425e+02	2141	2.305483e+02	3.404720e+00	2.178425e+02	2141	1.455301e-02	0	
2.179442e+02	2142	2.454172e+02	-3.701048e+00	2.179442e+02	2142	-1.531155e-02	0	
2.180460e+02	2143	2.208282e+02	-1.760891e+00	2.180460e+02	2143	-8.038128e-03	0	
2.181477e+02	2144	2.163995e+02	2.503752e+01	2.181477e+02	2144	1.037021e-01	0	
2.182495e+02	2145	2.357826e+02	1.607613e+01	2.182495e+02	2145	6.382995e-02	0	
2.183512e+02	2146	2.261209e+02	6.884378e+00	2.183512e+02	2146	2.954602e-02	0	
2.184530e+02	2147	2.226168e+02	2.235523e+01	2.184530e+02	2147	9.125625e-02	0	
2.185547e+02	2148	2.228109e+02	2.045367e+01	2.185547e+02	2148	8.407994e-02	0	
2.186565e+02	2149	2.378591e+02	4.205228e+00	2.186565e+02	2149	1.737236e-02	0	
2.187582e+02	2150	2.269063e+02	4.003466e+01	2.187582e+02	2150	1.499757e-01	0	
2.188599e+02	2151	2.112146e+02	-1.500224e+01	2.188599e+02	2151	-7.645920e-02	0	
2.189617e+02	2152	2.082812e+02	1.421013e+01	2.189617e+02	2152	6.386824e-02	0	
2.190634e+02	2153	2.383173e+02	2.942448e+01	2.190634e+02	2153	1.098987e-01	0	
2.191652e+02	2154	2.392171e+02	3.190124e+01	2.191652e+02	2154	1.176654e-01	0	
2.192669e+02	2155	2.331775e+02	3.576706e+01	2.192669e+02	2155	1.329905e-01	0	
2.193687e+02	2156	2.452344e+02	4.786629e+01	2.193687e+02	2156	1.633101e-01	0	
2.194704e+02	2157	2.205680e+02	2.666079e+01	2.194704e+02	2157	1.078385e-01	0	
2.195722e+02	2158	2.646272e+02	2.497912e+01	2.195722e+02	2158	8.625199e-02	0	
2.196739e+02	2159	2.626041e+02	4.099580e+01	2.196739e+02	2159	1.350323e-01	0	
2.197757e+02	2160	2.575889e+02	5.168881e+01	2.197757e+02	2160	1.671275e-01	0	
2.198774e+02	2161	2.408338e+02	3.060116e+01	2.198774e+02	2161	1.127385e-01	0	
2.199792e+02	2162	2.731245e+02	4.653399e+01	2.199792e+02	2162	1.455741e-01	0	
2.200809e+02	2163	2.590724e+02	3.549490e+01	2.200809e+02	2163	1.204984e-01	0	
2.201827e+02	2164	2.316161e+02	4.908552e+01	2.201827e+02	2164	1.748672e-01	0	
2.202844e+02	2165	2.549988e+02	3.409595e+01	2.202844e+02	2165	1.179404e-01	0	
2.203862e+02	2166	2.286865e+02	5.096392e+01	2.203862e+02	2166	1.822415e-01	0	
2.204879e+02	2167	2.397106e+02	4.387229e+01	2.204879e+02	2167	1.547071e-01	0	
2.205897e+02	2168	2.550543e+02	4.124739e+01	2.205897e+02	2168	1.392074e-01	0	
2.206914e+02	2169	2.641989e+02	4.210616e+01	2.206914e+02	2169	1.374648e-01	0	
2.207932e+02	2170	1.951334e+02	5.918900e+01	2.207932e+02	2170	2.327322e-01	0	
2.208949e+02	2171	1.781411e+02	5.036085e+01	2.208949e+02	2171	2.203957e-01	0	
2.209967e+02	2172	1.780789e+02	5.262421e+01	2.209967e+02	2172	2.281036e-01	0	
2.210984e+02	2173	1.806636e+02	6.612792e+01	2.210984e+02	2173	2.679505e-01	0	
2.212002e+02	2174	1.776506e+02	5.065240e+01	2.212002e+02	2174	2.218648e-01	0	
2.213019e+02	2175	1.794924e+02	5.255098e+01	2.213019e+02	2175	2.264705e-01	0	
2.214036e+02	2176	2.105695e+02	5.102986e+01	2.214036e+02	2176	1.950687e-01	0	
2.215054e+02	2177	2.456239e+02	2.466204e+01	2.215054e+02	2177	9.124426e-02	0	
2.216071e+02	2178	2.109668e+02	4.415775e+01	2.216071e+02	2178	1.730831e-01	0	
2.217089e+02	2179	2.433929e+02	3.049941e+01	2.217089e+02	2179	1.113555e-01	0	
2.218106e+02	2180	2.170979e+02	1.127166e+01	2.218106e+02	2180	4.935710e-02	0	
2.219124e+02	2181	2.363196e+02	3.726686e+01	2.219124e+02	2181	1.362160e-01	0	
2.220141e+02	2182	2.363435e+02	4.425398e+01	2.220141e+02	2182	1.577134e-01	0	
2.221159e+02	2183	2.422078e+02	3.282829e+01	2.221159e+02	2183	1.193599e-01	0	
2.222176e+02	2184	2.459827e+02	2.934293e+01	2.222176e+02	2184	1.065754e-01	0	
2.223194e+02	2185	2.432099e+02	2.926535e+01	2.223194e+02	2185	1.074055e-01	0	
2.224211e+02	2186	2.427097e+02	3.132006e+01	2.224211e+02	2186	1.142944e-01	0	
2.225229e+02	2187	2.249139e+02	4.377302e+01	2.225229e+02	2187	1.629146e-01	0	
2.226246e+02	2188	2.495020e+02	6.133996e+01	2.226246e+02	2188	1.973349e-01	0	
2.227264e+02	2189	3.208298e+02	4.456842e+01	2.227264e+02	2189	1.219722e-01	0	
2.228281e+02	2190	2.444505e+02	3.073914e+01	2.228281e+02	2190	1.117017e-01	0	
2.229299e+02	2191	2.492924e+02	4.552037e+01	2.229299e+02	2191	1.544043e-01	0	
2.230316e+02	2192	2.540795e+02	5.063200e+01	2.230316e+02	2192	1.661637e-01	0	
2.231334e+02	2193	2.727778e+02	5.642964e+01	2.231334e+02	2193	1.714106e-01	0	
2.232351e+02	2194	2.425639e+02	2.416562e+01	2.232351e+02	2194	9.059972e-02	0	
2.233369e+02	2195	2.518069e+02	3.870899e+01	2.233369e+02	2195	1.332422e-01	0	
2.234386e+02	2196	2.471909e+02	4.766325e+01	2.234386e+02	2196	1.616503e-01	0	
2.235404e+02	2197	2.348926e+02	2.610139e+01	2.235404e+02	2197	1.000076e-01	0	
2.236421e+02	2198	2.552544e+02	7.186421e+01	2.236421e+02	2198	2.196885e-01	0	
2.237439e+02	2199	2.968996e+02	6.898668e+01	2.237439e+02	2199	1.885468e-01	0	
2.238456e+02	2200	2.509809e+02	4.060652e+01	2.238456e+02	2200	1.392602e-01	0	
2.239473e+02	2201	2.456540e+02	2.985273e+01	2.239473e+02	2201	1.083557e-01	0	
2.240491e+02	2202	2.663651e+02	6.719866e+01	2.240491e+02	2202	2.014567e-01	0	
2.241508e+02	2203	2.586322e+02	3.053552e+01	2.241508e+02	2203	1.055980e-01	0	
2.242526e+02	2204	2.603080e+02	3.826471e+01	2.242526e+02	2204	1.281588e-01	0	
2.243543e+02	2205	2.539581e+02	4.043427e+01	2.243543e+02	2205	1.373482e-01	0	
2.244561e+02	2206	2.553269e+02	2.267165e+01	2.244561e+02	2206	8.155312e-02	0	
2.245578e+02	2207	2.362945e+02	2.069861e+01	2.245578e+02	2207	8.054150e-02	0	
2.246596e+02	2208	2.353139e+02	2.466184e+01	2.246596e+02	2208	9.486208e-02	0	
2.247613e+02	2209	2.466680e+02	2.953675e+01	2.247613e+02	2209	1.069379e-01	0	
2.248631e+02	2210	2.657479e+02	8.716270e+00	2.248631e+02	2210	3.175741e-02	0	
2.249648e+02	2211	2.734154e+02	3.141257e+01	2.249648e+02	2211	1.030502e-01	0	
2.250666e+02	2212	2.428380e+02	6.550674e+01	2.250666e+02	2212	2.124464e-01	0	
2.251683e+02	2213	2.649024e+02	4.214903e+01	2.251683e+02	2213	1.372703e-01	0	
2.252701e+02	2214	2.552830e+02	6.174151e+01	2.252701e+02	2214	1.947531e-01	0	
2.253718e+02	2215	2.830965e+02	2.302387e+01	2.253718e+02	2215	7.521182e-02	0	
2.254736e+02	2216	2.746218e+02	3.672884e+01	2.254736e+02	2216	1.179662e-01	0	
2.255753e+02	2217	2.579694e+02	4.839112e+01	2.255753e+02	2217	1.579548e-01	0	
2.256771e+02	2218	2.563987e+02	4.563446e+01	2.256771e+02	2218	1.510909e-01	0	
2.257788e+02	2219	2.718776e+02	3.131689e+01	2.257788e+02	2219	1.032898e-01	0	
2.258806e+02	2220	2.391203e+02	6.125969e+01	2.258806e+02	2220	2.039406e-01	0	
2.259823e+02	2221	2.483605e+02	5.950819e+01	2.259823e+02	2221	1.932908e-01	0	
2.260841e+02	2222	2.571844e+02	4.836057e+01	2.260841e+02	2222	1.582764e-01	0	
2.261858e+02	2223	2.539236e+02	6.586056e+01	2.261858e+02	2223	2.059532e-01	0	
2.262876e+02	2224	2.464889e+02	5.998408e+01	2.262876e+02	2224	1.957239e-01	0	
2.263893e+02	2225	2.543143e+02	4.290701e+01	2.263893e+02	2225	1.443605e-01	0	
2.264910e+02	2226	2.394808e+02	6.854960e+01	2.264910e+02	2226	2.225417e-01	0	
2.265928e+02	2227	2.362337e+02	5.808038e+01	2.265928e+02	2227	1.973415e-01	0	
2.266945e+02	2228	2.074862e+02	6.964830e+01	2.266945e+02	2228	2.513159e-01	0	
2.267963e+02	2229	2.237684e+02	5.083981e+01	2.267963e+02	2229	1.851358e-01	0	
2.268980e+02	2230	2.345568e+02	5.816940e+01	2.268980e+02	2230	1.987161e-01	0	
2.269998e+02	2231	2.353125e+02	8.359451e+01	2.269998e+02	2231	2.621282e-01	0	
2.271015e+02	2232	2.261888e+02	5.092699e+01	2.271015e+02	2232	1.837751e-01	0	
2.272033e+02	2233	2.287568e+02	4.341955e+01	2.272033e+02	2233	1.595273e-01	0	
2.273050e+02	2234	2.414163e+02	6.353897e+01	2.273050e+02	2234	2.083550e-01	0	
2.274068e+02	2235	2.484469e+02	6.572605e+01	2.274068e+02	2235	2.092034e-01	0	
2.275085e+02	2236	2.024146e+02	4.126608e+01	2.275085e+02	2236	1.693449e-01	0	
2.276103e+02	2237	2.408933e+02	5.971649e+01	2.276103e+02	2237	1.986512e-01	0	
2.277120e+02	2238	2.325646e+02	4.815907e+01	2.277120e+02	2238	1.715533e-01	0	
2.278138e+02	2239	2.553449e+02	5.099669e+01	2.278138e+02	2239	1.664700e-01	0	
2.279155e+02	2240	2.570471e+02	4.571733e+01	2.279155e+02	2240	1.509997e-01	0	
2.280173e+02	2241	2.521115e+02	4.813403e+01	2.280173e+02	2241	1.603156e-01	0	
2.281190e+02	2242	2.423311e+02	3.932369e+01	2.281190e+02	2242	1.396166e-01	0	
2.282208e+02	2243	2.509334e+02	3.892458e+01	2.282208e+02	2243	1.342885e-01	0	
2.283225e+02	2244	2.443222e+02	2.850693e+01	2.283225e+02	2244	1.044864e-01	0	
2.284243e+02	2245	2.405646e+02	5.636495e+01	2.284243e+02	2245	1.898260e-01	0	
2.285260e+02	2246	2.532768e+02	4.517941e+01	2.285260e+02	2246	1.513770e-01	0	
2.286278e+02	2247	2.460680e+02	4.939866e+01	2.286278e+02	2247	1.671886e-01	0	
2.287295e+02	2248	2.516232e+02	4.943945e+01	2.287295e+02	2248	1.642165e-01	0	
2.288313e+02	2249	2.512278e+02	5.037973e+01	2.288313e+02	2249	1.670374e-01	0	
2.289330e+02	2250	2.607468e+02	4.732076e+01	2.289330e+02	2250	1.536051e-01	0	
2.290347e+02	2251	2.482537e+02	3.972215e+01	2.290347e+02	2251	1.379357e-01	0	
2.291365e+02	2252	2.529252e+02	6.978546e+01	2.291365e+02	2252	2.162478e-01	0	
2.292382e+02	2253	2.538242e+02	4.107937e+01	2.292382e+02	2253	1.392976e-01	0	
2.293400e+02	2254	2.506073e+02	7.021627e+01	2.293400e+02	2254	2.188626e-01	0	
2.294417e+02	2255	2.536370e+02	5.128714e+01	2.294417e+02	2255	1.681964e-01	0	
2.295435e+02	2256	5.211613e+01	2.867967e+02	2.295435e+02	2256	8.462256e-01	7.000000e-01	
2.296452e+02	2257	5.741295e+01	2.773501e+02	2.296452e+02	2257	8.284968e-01	7.000000e-01	
2.297470e+02	2258	5.764880e+01	2.712274e+02	2.297470e+02	2258	8.247097e-01	7.000000e-01	
2.298487e+02	2259	6.456322e+01	2.731107e+02	2.298487e+02	2259	8.088001e-01	7.000000e-01	
2.299505e+02	2260	5.131797e+01	2.922661e+02	2.299505e+02	2260	8.506393e-01	7.000000e-01	
2.300522e+02	2261	4.825010e+01	2.566325e+02	2.300522e+02	2261	8.417420e-01	7.000000e-01	
2.301540e+02	2262	5.554954e+01	2.808636e+02	2.301540e+02	2262	8.348770e-01	7.000000e-01	
2.302557e+02	2263	4.441806e+01	2.515709e+02	2.302557e+02	2263	8.499334e-01	7.000000e-01	
2.303575e+02	2264	4.364893e+01	2.780811e+02	2.303575e+02	2264	8.643306e-01	7.000000e-01	
2.304592e+02	2265	4.168111e+01	2.584751e+02	2.304592e+02	2265	8.611353e-01	7.000000e-01	
2.305610e+02	2266	4.342198e+01	2.622516e+02	2.305610e+02	2266	8.579466e-01	7.000000e-01	
2.306627e+02	2267	3.919787e+01	2.492380e+02	2.306627e+02	2267	8.641020e-01	7.000000e-01	
2.307645e+02	2268	4.265184e+01	2.902190e+02	2.307645e+02	2268	8.718667e-01	7.000000e-01	
2.308662e+02	2269	4.729141e+01	2.706464e+02	2.308662e+02	2269	8.512558e-01	7.000000e-01	
2.309680e+02	2270	5.708426e+01	2.961522e+02	2.309680e+02	2270	8.383965e-01	7.000000e-01	
2.310697e+02	2271	5.566338e+01	3.063109e+02	2.310697e+02	2271	8.462228e-01	7.000000e-01	
2.311715e+02	2272	4.810919e+01	2.834913e+02	2.311715e+02	2272	8.549182e-01	7.000000e-01	
2.312732e+02	2273	4.544120e+01	2.878760e+02	2.312732e+02	2273	8.636698e-01	7.000000e-01	
2.313750e+02	2274	4.375748e+01	2.595720e+02	2.313750e+02	2274	8.557427e-01	7.000000e-01	
2.314767e+02	2275	3.655381e+01	2.794789e+02	2.314767e+02	2275	8.843354e-01	7.000000e-01	
2.315784e+02	2276	5.501662e+01	3.046665e+02	2.315784e+02	2276	8.470414e-01	7.000000e-01	
2.316802e+02	2277	2.715359e+01	2.717072e+02	2.316802e+02	2277	9.091430e-01	7.000000e-01	
2.317819e+02	2278	4.896273e+01	2.967316e+02	2.317819e+02	2278	8.583641e-01	7.000000e-01	
2.318837e+02	2279	2.379709e+01	2.640711e+02	2.318837e+02	2279	9.173334e-01	7.000000e-01	
2.319854e+02	2280	4.360274e+01	2.626694e+02	2.319854e+02	2280	8.576340e-01	7.000000e-01	
2.320872e+02	2281	3.706379e+01	2.652639e+02	2.320872e+02	2281	8.774052e-01	7.000000e-01	
2.321889e+02	2282	3.468844e+01	2.577764e+02	2.321889e+02	2282	8.813928e-01	7.000000e-01	
2.322907e+02	2283	6.086192e+01	2.312271e+02	2.322907e+02	2283	7.916323e-01	7.000000e-01	
2.323924e+02	2284	4.918997e+01	2.483869e+02	2.323924e+02	2284	8.346983e-01	7.000000e-01	
2.324942e+02	2285	6.222786e+01	2.414696e+02	2.324942e+02	2285	7.950992e-01	7.000000e-01	
2.325959e+02	2286	5.560386e+01	2.537216e+02	2.325959e+02	2286	8.202416e-01	7.000000e-01	
2.326977e+02	2287	5.114671e+01	2.426899e+02	2.326977e+02	2287	8.259349e-01	7.000000e-01	
2.327994e+02	2288	6.287227e+01	2.732481e+02	2.327994e+02	2288	8.129472e-01	7.000000e-01	
2.329012e+02	2289	7.259446e+01	2.236982e+02	2.329012e+02	2289	7.549907e-01	7.000000e-01	
2.330029e+02	2290	7.301643e+01	2.353352e+02	2.330029e+02	2290	7.632040e-01	7.000000e-01	
2.331047e+02	2291	5.701625e+01	2.499752e+02	2.331047e+02	2291	8.142741e-01	7.000000e-01	
2.332064e+02	2292	5.581254e+01	2.409417e+02	2.332064e+02	2292	8.119234e-01	7.000000e-01	
2.333082e+02	2293	8.441869e+01	2.272512e+02	2.333082e+02	2293	7.291407e-01	7.000000e-01	
2.334099e+02	2294	7.258709e+01	2.242618e+02	2.334099e+02	2294	7.554746e-01	7.000000e-01	
2.335117e+02	2295	8.173792e+01	2.201189e+02	2.335117e+02	2295	7.292163e-01	7.000000e-01	
2.336134e+02	2296	7.653033e+01	2.232356e+02	2.336134e+02	2296	7.446997e-01	7.000000e-01	
2.337152e+02	2297	7.731948e+01	2.257794e+02	2.337152e+02	2297	7.449034e-01	7.000000e-01	
2.338169e+02	2298	5.885324e+01	2.401058e+02	2.338169e+02	2298	8.031395e-01	7.000000e-01	
2.339187e+02	2299	7.170840e+01	2.352109e+02	2.339187e+02	2299	7.663607e-01	7.000000e-01	
2.340204e+02	2300	5.716531e+01	2.583095e+02	2.340204e+02	2300	8.187960e-01	7.000000e-01	
2.341221e+02	2301	4.900912e+01	2.639514e+02	2.341221e+02	2301	8.434016e-01	7.000000e-01	
2.342239e+02	2302	6.185268e+01	2.466582e+02	2.342239e+02	2302	7.995122e-01	7.000000e-01	
2.343256e+02	2303	6.203562e+01	2.472378e+02	2.343256e+02	2303	7.994150e-01	7.000000e-01	
2.344274e+02	2304	3.989511e+01	2.189128e+02	2.344274e+02	2304	8.458505e-01	7.000000e-01	
2.345291e+02	2305	4.938408e+01	2.525327e+02	2.345291e+02	2305	8.364315e-01	7.000000e-01	
2.346309e+02	2306	5.455087e+01	2.458887e+02	2.346309e+02	2306	8.184298e-01	7.000000e-01	
2.347326e+02	2307	4.754864e+01	2.362946e+02	2.347326e+02	2307	8.324827e-01	7.000000e-01	
2.348344e+02	2308	5.599494e+01	2.546615e+02	2.348344e+02	2308	8.197528e-01	7.000000e-01	
2.349361e+02	2309	5.169222e+01	2.395316e+02	2.349361e+02	2309	8.225000e-01	7.000000e-01	
2.350379e+02	2310	6.073524e+01	2.375810e+02	2.350379e+02	2310	7.964065e-01	7.000000e-01	
2.351396e+02	2311	6.240353e+01	2.774230e+02	2.351396e+02	2311	8.163665e-01	7.000000e-01	
2.352414e+02	2312	6.273638e+01	2.634971e+02	2.352414e+02	2312	8.076948e-01	7.000000e-01	
2.353431e+02	2313	5.590796e+01	2.715075e+02	2.353431e+02	2313	8.292446e-01	7.000000e-01	
2.354449e+02	2314	6.643251e+01	2.764658e+02	2.354449e+02	2314	8.062618e-01	7.000000e-01	
2.355466e+02	2315	5.985736e+01	2.584807e+02	2.355466e+02	2315	8.119692e-01	7.000000e-01	
2.356484e+02	2316	7.896851e+01	2.732302e+02	2.356484e+02	2316	7.757842e-01	7.000000e-01	
2.357501e+02	2317	6.931191e+01	2.782405e+02	2.357501e+02	2317	8.005713e-01	7.000000e-01	
2.358519e+02	2318	6.323538e+01	3.128328e+02	2.358519e+02	2318	8.318513e-01	7.000000e-01	
2.359536e+02	2319	6.167628e+01	2.672587e+02	2.359536e+02	2319	8.124970e-01	7.000000e-01	
2.360554e+02	2320	6.845669e+01	2.375819e+02	2.360554e+02	2320	7.763135e-01	7.000000e-01	
2.361571e+02	2321	8.461765e+01	2.294242e+02	2.361571e+02	2321	7.305530e-01	7.000000e-01	
2.362589e+02	2322	6.787564e+01	2.820288e+02	2.362589e+02	2322	8.060166e-01	7.000000e-01	
2.363606e+02	2323	7.518224e+01	2.258011e+02	2.363606e+02	2323	7.502113e-01	7.000000e-01	
2.364624e+02	2324	7.949003e+01	2.262691e+02	2.364624e+02	2324	7.400240e-01	7.000000e-01	
2.365641e+02	2325	6.874774e+01	2.432373e+02	2.365641e+02	2325	7.796441e-01	7.000000e-01	
2.366658e+02	2326	7.762716e+01	2.364135e+02	2.366658e+02	2326	7.528118e-01	7.000000e-01	
2.367676e+02	2327	7.934393e+01	2.211962e+02	2.367676e+02	2327	7.359956e-01	7.000000e-01	
2.368693e+02	2328	7.424979e+01	2.473790e+02	2.368693e+02	2328	7.691445e-01	7.000000e-01	
2.369711e+02	2329	7.142580e+01	2.462852e+02	2.369711e+02	2329	7.751863e-01	7.000000e-01	
2.370728e+02	2330	6.879433e+01	2.232692e+02	2.370728e+02	2330	7.644542e-01	7.000000e-01	
2.371746e+02	2331	8.836896e+01	2.351911e+02	2.371746e+02	2331	7.268855e-01	7.000000e-01	
2.372763e+02	2332	4.944551e+01	2.085942e+02	2.372763e+02	2332	8.083802e-01	7.000000e-01	
2.373781e+02	2333	4.750716e+01	2.281161e+02	2.373781e+02	2333	8.276373e-01	7.000000e-01	
2.374798e+02	2334	4.760945e+01	2.551921e+02	2.374798e+02	2334	8.427701e-01	7.000000e-01	
2.375816e+02	2335	6.920105e+01	2.495566e+02	2.375816e+02	2335	7.829039e-01	7.000000e-01	
2.376833e+02	2336	6.547585e+01	2.465832e+02	2.376833e+02	2336	7.901812e-01	7.000000e-01	
2.377851e+02	2337	4.062173e+01	2.899955e+02	2.377851e+02	2337	8.771337e-01	7.000000e-01	
2.378868e+02	2338	5.345840e+01	2.690871e+02	2.378868e+02	2338	8.342609e-01	7.000000e-01	
2.379886e+02	2339	4.571684e+01	2.317884e+02	2.379886e+02	2339	8.352577e-01	7.000000e-01	
2.380903e+02	2340	5.897447e+01	2.655567e+02	2.380903e+02	2340	8.182779e-01	7.000000e-01	
2.381921e+02	2341	4.078533e+01	2.942716e+02	2.381921e+02	2341	8.782734e-01	7.000000e-01	
2.382938e+02	2342	5.098545e+01	2.681186e+02	2.382938e+02	2342	8.402231e-01	7.000000e-01	
2.383956e+02	2343	6.935675e+01	2.750194e+02	2.383956e+02	2343	7.986018e-01	7.000000e-01	
2.384973e+02	2344	4.966535e+01	2.677569e+02	2.384973e+02	2344	8.435354e-01	7.000000e-01	
2.385991e+02	2345	5.715370e+01	2.214698e+02	2.385991e+02	2345	7.948712e-01	7.000000e-01	
2.387008e+02	2346	5.482798e+01	2.191802e+02	2.387008e+02	2346	7.999039e-01	7.000000e-01	
2.388026e+02	2347	5.373884e+01	2.472299e+02	2.388026e+02	2347	8.214471e-01	7.000000e-01	
2.389043e+02	2348	5.619938e+01	2.054576e+02	2.389043e+02	2348	7.852173e-01	7.000000e-01	
2.390061e+02	2349	5.597440e+01	2.297264e+02	2.390061e+02	2349	8.040804e-01	7.000000e-01	
2.391078e+02	2350	5.342837e+01	1.992864e+02	2.391078e+02	2350	7.885823e-01	7.000000e-01	
2.392095e+02	2351	6.102828e+01	2.000332e+02	2.392095e+02	2351	7.662302e-01	7.000000e-01	
2.393113e+02	2352	6.181650e+01	2.436998e+02	2.393113e+02	2352	7.976655e-01	7.000000e-01	
2.394130e+02	2353	6.482203e+01	2.511822e+02	2.394130e+02	2353	7.948697e-01	7.000000e-01	
2.395148e+02	2354	7.225001e+01	2.219202e+02	2.395148e+02	2354	7.543939e-01	7.000000e-01	
2.396165e+02	2355	6.061179e+01	2.612015e+02	2.396165e+02	2355	8.116554e-01	7.000000e-01	
2.397183e+02	2356	6.001829e+01	2.417381e+02	2.397183e+02	2356	8.011035e-01	7.000000e-01	
2.398200e+02	2357	6.171516e+01	2.477692e+02	2.398200e+02	2357	8.005871e-01	7.000000e-01	
2.399218e+02	2358	6.388345e+01	2.194652e+02	2.399218e+02	2358	7.745412e-01	7.000000e-01	
2.400235e+02	2359	5.692176e+01	2.493589e+02	2.400235e+02	2359	8.141516e-01	7.000000e-01	
2.401253e+02	2360	5.844943e+01	2.824725e+02	2.401253e+02	2360	8.285548e-01	7.000000e-01	
2.402270e+02	2361	5.532918e+01	2.195219e+02	2.402270e+02	2361	7.986940e-01	7.000000e-01	
2.403288e+02	2362	7.908704e+01	2.052980e+02	2.403288e+02	2362	7.219015e-01	7.000000e-01	
2.404305e+02	2363	7.342194e+01	2.579343e+02	2.404305e+02	2363	7.784199e-01	7.000000e-01	
2.405323e+02	2364	6.422435e+01	2.337341e+02	2.405323e+02	2364	7.844520e-01	7.000000e-01	
2.406340e+02	2365	7.394896e+01	2.246528e+02	2.406340e+02	2365	7.523492e-01	7.000000e-01	
2.407358e+02	2366	5.344777e+01	2.610407e+02	2.407358e+02	2366	8.300486e-01	7.000000e-01	
2.408375e+02	2367	7.266200e+01	2.285525e+02	2.408375e+02	2367	7.587699e-01	7.000000e-01	
2.409393e+02	2368	1.023296e+02	2.087881e+02	2.409393e+02	2368	6.710904e-01	7.000000e-01	
2.410410e+02	2369	5.645523e+01	2.248101e+02	2.410410e+02	2369	7.992812e-01	7.000000e-01	
2.411428e+02	2370	7.526039e+01	2.228320e+02	2.411428e+02	2370	7.475266e-01	7.000000e-01	
2.412445e+02	2371	6.164284e+01	2.412293e+02	2.412445e+02	2371	7.964724e-01	7.000000e-01	
2.413463e+02	2372	9.013417e+01	2.476446e+02	2.413463e+02	2372	7.331562e-01	7.000000e-01	
2.414480e+02	2373	7.197505e+01	2.282939e+02	2.414480e+02	2373	7.602981e-01	7.000000e-01	
2.415498e+02	2374	5.700851e+01	2.291163e+02	2.415498e+02	2374	8.007565e-01	7.000000e-01	
2.416515e+02	2375	9.556535e+01	2.570031e+02	2.416515e+02	2375	7.289453e-01	7.000000e-01	
2.417532e+02	2376	8.796654e+01	2.660967e+02	2.417532e+02	2376	7.515513e-01	7.000000e-01	
2.418550e+02	2377	8.845715e+01	2.456075e+02	2.418550e+02	2377	7.352095e-01	7.000000e-01	
2.419567e+02	2378	9.733732e+01	2.639797e+02	2.419567e+02	2378	7.306041e-01	7.000000e-01	
2.420585e+02	2379	9.802634e+01	2.855232e+02	2.420585e+02	2379	7.444233e-01	7.000000e-01	
2.421602e+02	2380	1.007603e+02	2.688400e+02	2.421602e+02	2380	7.273804e-01	7.000000e-01	
2.422620e+02	2381	5.053622e+01	2.436957e+02	2.422620e+02	2381	8.282436e-01	7.000000e-01	
2.423637e+02	2382	6.828357e+01	2.579180e+02	2.423637e+02	2382	7.906706e-01	7.000000e-01	
2.424655e+02	2383	5.837967e+01	2.783000e+02	2.424655e+02	2383	8.266017e-01	7.000000e-01	
2.425672e+02	2384	6.169055e+01	2.818642e+02	2.425672e+02	2384	8.204346e-01	7.000000e-01	
2.426690e+02	2385	7.482598e+01	2.594271e+02	2.426690e+02	2385	7.761397e-01	7.000000e-01	
2.427707e+02	2386	7.133692e+01	2.615059e+02	2.427707e+02	2386	7.856739e-01	7.000000e-01	
2.428725e+02	2387	5.641231e+01	2.804681e+02	2.428725e+02	2387	8.325450e-01	7.000000e-01	
2.429742e+02	2388	7.842590e+01	3.050636e+02	2.429742e+02	2388	7.954940e-01	7.000000e-01	
2.430760e+02	2389	7.066309e+01	2.775552e+02	2.430760e+02	2389	7.970724e-01	7.000000e-01	
2.431777e+02	2390	5.765802e+01	2.679693e+02	2.431777e+02	2390	8.229325e-01	7.000000e-01	
2.432795e+02	2391	8.000468e+01	2.661060e+02	2.432795e+02	2391	7.688465e-01	7.000000e-01	
2.433812e+02	2392	7.626018e+01	2.545517e+02	2.433812e+02	2392	7.694757e-01	7.000000e-01	
2.434830e+02	2393	6.285573e+01	2.639955e+02	2.434830e+02	2393	8.076932e-01	7.000000e-01	
2.435847e+02	2394	7.451097e+01	2.527296e+02	2.435847e+02	2394	7.723052e-01	7.000000e-01	
2.436865e+02	2395	6.844043e+01	2.510365e+02	2.436865e+02	2395	7.857735e-01	7.000000e-01	
2.437882e+02	2396	7.505997e+01	2.719916e+02	2.437882e+02	2396	7.837210e-01	7.000000e-01	
2.438900e+02	2397	6.921530e+01	2.668074e+02	2.438900e+02	2397	7.940160e-01	7.000000e-01	
2.439917e+02	2398	5.953966e+01	2.423451e+02	2.439917e+02	2398	8.027735e-01	7.000000e-01	
2.440935e+02	2399	5.870031e+01	2.412655e+02	2.440935e+02	2399	8.043100e-01	7.000000e-01	
2.441952e+02	2400	7.671479e+01	2.577417e+02	2.441952e+02	2400	7.706285e-01	7.000000e-01	
2.442969e+02	2401	5.514933e+01	2.367392e+02	2.442969e+02	2401	8.110603e-01	7.000000e-01	
2.443987e+02	2402	7.560997e+01	2.454831e+02	2.443987e+02	2402	7.645232e-01	7.000000e-01	
2.445004e+02	2403	5.980193e+01	2.277253e+02	2.445004e+02	2403	7.920130e-01	7.000000e-01	
2.446022e+02	2404	6.369205e+01	2.277599e+02	2.446022e+02	2404	7.814664e-01	7.000000e-01	
2.447039e+02	2405	6.477169e+01	2.273907e+02	2.447039e+02	2405	7.783024e-01	7.000000e-01	
2.448057e+02	2406	4.771756e+01	2.450539e+02	2.448057e+02	2406	8.370143e-01	7.000000e-01	
2.449074e+02	2407	4.471933e+01	2.245302e+02	2.449074e+02	2407	8.339112e-01	7.000000e-01	
2.450092e+02	2408	5.745410e+01	2.356209e+02	2.450092e+02	2408	8.039611e-01	7.000000e-01	
2.451109e+02	2409	5.815568e+01	2.258071e+02	2.451109e+02	2409	7.951996e-01	7.000000e-01	
2.452127e+02	2410	5.620733e+01	2.356581e+02	2.452127e+02	2410	8.074204e-01	7.000000e-01	
2.453144e+02	2411	5.611534e+01	2.364159e+02	2.453144e+02	2411	8.081732e-01	7.000000e-01	
2.454162e+02	2412	6.990208e+01	2.334292e+02	2.454162e+02	2412	7.695520e-01	7.000000e-01	
2.455179e+02	2413	4.362702e+01	2.427727e+02	2.455179e+02	2413	8.476709e-01	7.000000e-01	
2.456197e+02	2414	6.040972e+01	2.428573e+02	2.456197e+02	2414	8.008035e-01	7.000000e-01	
2.457214e+02	2415	6.394624e+01	2.405111e+02	2.457214e+02	2415	7.899665e-01	7.000000e-01	
2.458232e+02	2416	7.499937e+01	2.586540e+02	2.458232e+02	2416	7.752177e-01	7.000000e-01	
2.459249e+02	2417	5.634780e+01	2.370845e+02	2.459249e+02	2417	8.079700e-01	7.000000e-01	
2.460267e+02	2418	5.575867e+01	2.411865e+02	2.460267e+02	2418	8.122257e-01	7.000000e-01	
2.461284e+02	2419	7.209251e+01	2.465828e+02	2.461284e+02	2419	7.737744e-01	7.000000e-01	
2.462302e+02	2420	6.259367e+01	2.474779e+02	2.462302e+02	2420	7.981315e-01	7.000000e-01	
2.463319e+02	2421	3.498391e+01	2.360656e+02	2.463319e+02	2421	8.709317e-01	7.000000e-01	
2.464337e+02	2422	6.133111e+01	2.367098e+02	2.464337e+02	2422	7.942192e-01	7.000000e-01	
2.465354e+02	2423	6.308352e+01	2.162514e+02	2.465354e+02	2423	7.741653e-01	7.000000e-01	
2.466372e+02	2424	5.531185e+01	2.136655e+02	2.466372e+02	2424	7.943624e-01	7.000000e-01	
2.467389e+02	2425	5.412570e+01	2.180614e+02	2.467389e+02	2425	8.011452e-01	7.000000e-01	
2.468406e+02	2426	5.661828e+01	2.032900e+02	2.468406e+02	2426	7.821605e-01	7.000000e-01	
2.469424e+02	2427	5.762756e+01	2.564146e+02	2.469424e+02	2427	8.164974e-01	7.000000e-01	
2.470441e+02	2428	4.943435e+01	2.235749e+02	2.470441e+02	2428	8.189279e-01	7.000000e-01	
2.471459e+02	2429	6.321087e+01	2.273061e+02	2.471459e+02	2429	7.824194e-01	7.000000e-01	
2.472476e+02	2430	5.766791e+01	2.567416e+02	2.472476e+02	2430	8.165834e-01	7.000000e-01	
2.473494e+02	2431	5.095903e+01	2.191562e+02	2.473494e+02	2431	8.113434e-01	7.000000e-01	
2.474511e+02	2432	5.339699e+01	2.174235e+02	2.474511e+02	2432	8.028325e-01	7.000000e-01	
2.475529e+02	2433	5.071937e+01	2.331775e+02	2.475529e+02	2433	8.213458e-01	7.000000e-01	
2.476546e+02	2434	4.803858e+01	2.136866e+02	2.476546e+02	2434	8.164541e-01	7.000000e-01	
2.477564e+02	2435	4.575369e+01	2.512785e+02	2.477564e+02	2435	8.459639e-01	7.000000e-01	
2.478581e+02	2436	5.570174e+01	2.226867e+02	2.478581e+02	2436	7.999136e-01	7.000000e-01	
2.479599e+02	2437	4.604071e+01	1.976594e+02	2.479599e+02	2437	8.110764e-01	7.000000e-01	
2.480616e+02	2438	4.418849e+01	1.900616e+02	2.480616e+02	2438	8.113619e-01	7.000000e-01	
2.481634e+02	2439	4.899891e+01	2.231682e+02	2.481634e+02	2439	8.199676e-01	7.000000e-01	
2.482651e+02	2440	5.246043e+01	1.933222e+02	2.482651e+02	2440	7.865576e-01	7.000000e-01	
2.483669e+02	2441	5.326388e+01	2.031660e+02	2.483669e+02	2441	7.922868e-01	7.000000e-01	
2.484686e+02	2442	4.863969e+01	1.874110e+02	2.484686e+02	2442	7.939439e-01	7.000000e-01	
2.485704e+02	2443	4.360608e+01	2.083002e+02	2.485704e+02	2443	8.268956e-01	7.000000e-01	
2.486721e+02	2444	4.215674e+01	1.727525e+02	2.486721e+02	2444	8.038393e-01	7.000000e-01	
2.487739e+02	2445	4.696740e+01	1.383836e+02	2.487739e+02	2445	7.466029e-01	7.000000e-01	
2.488756e+02	2446	4.558987e+01	1.886575e+02	2.488756e+02	2446	8.053772e-01	7.000000e-01	
2.489774e+02	2447	4.736801e+01	1.819064e+02	2.489774e+02	2447	7.934004e-01	7.000000e-01	
2.490791e+02	2448	6.836010e+01	2.450968e+02	2.490791e+02	2448	7.819155e-01	7.000000e-01	
2.491809e+02	2449	6.837049e+01	2.402114e+02	2.491809e+02	2449	7.784365e-01	7.000000e-01	
2.492826e+02	2450	7.936841e+01	2.349807e+02	2.492826e+02	2450	7.475151e-01	7.000000e-01	
2.493843e+02	2451	7.857209e+01	2.246704e+02	2.493843e+02	2451	7.408935e-01	7.000000e-01	
2.494861e+02	2452	2.999033e+01	2.987798e+02	2.494861e+02	2452	9.087802e-01	7.000000e-01	
2.495878e+02	2453	7.908429e+01	2.247014e+02	2.495878e+02	2453	7.396708e-01	7.000000e-01	
2.496896e+02	2454	6.249473e+01	2.520525e+02	2.496896e+02	2454	8.013185e-01	7.000000e-01	
2.497913e+02	2455	6.998295e+01	2.215578e+02	2.497913e+02	2455	7.599548e-01	7.000000e-01	
2.498931e+02	2456	7.154197e+01	2.336175e+02	2.498931e+02	2456	7.655587e-01	7.000000e-01	
2.499948e+02	2457	7.117721e+01	2.314540e+02	2.499948e+02	2457	7.648055e-01	7.000000e-01	
2.500966e+02	2458	6.865566e+01	2.419365e+02	2.500966e+02	2458	7.789524e-01	7.000000e-01	
2.501983e+02	2459	7.137887e+01	2.262070e+02	2.501983e+02	2459	7.601403e-01	7.000000e-01	
2.503001e+02	2460	8.159645e+01	2.056219e+02	2.503001e+02	2460	7.159079e-01	7.000000e-01	
2.504018e+02	2461	7.944230e+01	2.312955e+02	2.504018e+02	2461	7.443430e-01	7.000000e-01	
2.505036e+02	2462	7.538958e+01	2.088458e+02	2.505036e+02	2462	7.347636e-01	7.000000e-01	
2.506053e+02	2463	8.160452e+01	2.173269e+02	2.506053e+02	2463	7.270126e-01	7.000000e-01	
2.507071e+02	2464	5.524669e+01	1.885223e+02	2.507071e+02	2464	7.733646e-01	7.000000e-01	
2.508088e+02	2465	6.494973e+01	1.974621e+02	2.508088e+02	2465	7.524893e-01	7.000000e-01	
2.509106e+02	2466	6.506776e+01	1.955061e+02	2.509106e+02	2466	7.502905e-01	7.000000e-01	
2.510123e+02	2467	5.339551e+01	2.014115e+02	2.510123e+02	2467	7.904472e-01	7.000000e-01	
2.511141e+02	2468	6.375743e+01	2.236224e+02	2.511141e+02	2468	7.781423e-01	7.000000e-01	
2.512158e+02	2469	6.753767e+01	1.990043e+02	2.512158e+02	2469	7.466153e-01	7.000000e-01	
2.513176e+02	2470	6.719060e+01	1.934760e+02	2.513176e+02	2470	7.422355e-01	7.000000e-01	
2.514193e+02	2471	8.341924e+01	1.709770e+02	2.514193e+02	2471	6.720893e-01	7.000000e-01	
2.515211e+02	2472	5.839864e+01	2.157314e+02	2.515211e+02	2472	7.869674e-01	7.000000e-01	
2.516228e+02	2473	6.137506e+01	2.117786e+02	2.516228e+02	2473	7.753094e-01	7.000000e-01	
2.517246e+02	2474	5.925550e+01	1.981133e+02	2.517246e+02	2474	7.697642e-01	7.000000e-01	
2.518263e+02	2475	6.487265e+01	2.000969e+02	2.518263e+02	2475	7.551694e-01	7.000000e-01	
2.519280e+02	2476	7.787888e+01	1.998450e+02	2.519280e+02	2476	7.195816e-01	7.000000e-01	
2.520298e+02	2477	4.974372e+01	2.357937e+02	2.520298e+02	2477	8.257891e-01	7.000000e-01	
2.521315e+02	2478	3.642170e+01	2.416115e+02	2.521315e+02	2478	8.690023e-01	7.000000e-01	
2.522333e+02	2479	4.598375e+01	2.541045e+02	2.522333e+02	2479	8.467659e-01	7.000000e-01	
2.523350e+02	2480	6.659719e+01	2.287148e+02	2.523350e+02	2480	7.744853e-01	7.000000e-01	
2.524368e+02	2481	5.263608e+01	2.245587e+02	2.524368e+02	2481	8.101116e-01	7.000000e-01	
2.525385e+02	2482	5.662030e+01	2.298901e+02	2.525385e+02	2482	8.023796e-01	7.000000e-01	
2.526403e+02	2483	4.294984e+01	2.376676e+02	2.526403e+02	2483	8.469452e-01	7.000000e-01	
2.527420e+02	2484	4.585352e+01	2.348600e+02	2.527420e+02	2484	8.366537e-01	7.000000e-01	
2.528438e+02	2485	5.196540e+01	2.357188e+02	2.528438e+02	2485	8.193665e-01	7.000000e-01	
2.529455e+02	2486	7.487021e+01	2.027816e+02	2.529455e+02	2486	7.303450e-01	7.000000e-01	
2.530473e+02	2487	9.590257e+01	2.294403e+02	2.530473e+02	2487	7.052262e-01	7.000000e-01	
2.531490e+02	2488	6.263511e+01	2.170861e+02	2.531490e+02	2488	7.760802e-01	7.000000e-01	
2.532508e+02	2489	7.074579e+01	2.167965e+02	2.532508e+02	2489	7.539639e-01	7.000000e-01	
2.533525e+02	2490	8.800330e+01	1.617535e+02	2.533525e+02	2490	6.476440e-01	7.000000e-01	
2.534543e+02	2491	6.755914e+01	1.824118e+02	2.534543e+02	2491	7.297320e-01	7.000000e-01	
2.535560e+02	2492	8.348772e+01	2.351951e+02	2.535560e+02	2492	7.380225e-01	7.000000e-01	
2.536578e+02	2493	6.281575e+01	2.152865e+02	2.536578e+02	2493	7.741271e-01	7.000000e-01	
2.537595e+02	2494	9.732694e+01	2.326988e+02	2.537595e+02	2494	7.050929e-01	7.000000e-01	
2.538613e+02	2495	8.526853e+01	2.412214e+02	2.538613e+02	2495	7.388326e-01	7.000000e-01	
2.539630e+02	2496	6.679927e+01	2.303495e+02	2.539630e+02	2496	7.751992e-01	7.000000e-01	
2.540648e+02	2497	7.398826e+01	2.272067e+02	2.540648e+02	2497	7.543509e-01	7.000000e-01	
2.541665e+02	2498	7.328472e+01	2.204489e+02	2.541665e+02	2498	7.505062e-01	7.000000e-01	
2.542683e+02	2499	7.246600e+01	2.248648e+02	2.542683e+02	2499	7.562782e-01	7.000000e-01	
2.543700e+02	2500	6.090229e+01	2.237350e+02	2.543700e+02	2500	7.860354e-01	7.000000e-01	
2.544717e+02	2501	6.337457e+01	2.028683e+02	2.544717e+02	2501	7.619671e-01	7.000000e-01	
2.545735e+02	2502	6.573589e+01	2.001596e+02	2.545735e+02	2502	7.527755e-01	7.000000e-01	
2.546752e+02	2503	5.514646e+01	2.220428e+02	2.546752e+02	2503	8.010512e-01	7.000000e-01	
2.547770e+02	2504	5.615966e+01	1.985137e+02	2.547770e+02	2504	7.794836e-01	7.000000e-01	
2.548787e+02	2505	4.611190e+01	1.557376e+02	2.548787e+02	2505	7.715531e-01	7.000000e-01	
2.549805e+02	2506	5.532361e+01	2.016411e+02	2.549805e+02	2506	7.847035e-01	7.000000e-01	
2.550822e+02	2507	5.227315e+01	1.567550e+02	2.550822e+02	2507	7.499229e-01	7.000000e-01	
2.551840e+02	2508	4.690892e+01	1.597755e+02	2.551840e+02	2508	7.730409e-01	7.000000e-01	
2.552857e+02	2509	5.452654e+01	2.084698e+02	2.552857e+02	2509	7.926719e-01	7.000000e-01	
2.553875e+02	2510	5.411792e+01	2.045010e+02	2.553875e+02	2510	7.907426e-01	7.000000e-01	
2.554892e+02	2511	4.848095e+01	2.112548e+02	2.554892e+02	2511	8.133451e-01	7.000000e-01	
2.555910e+02	2512	5.964367e+01	2.124671e+02	2.555910e+02	2512	7.808111e-01	7.000000e-01	
2.556927e+02	2513	5.400327e+01	2.023267e+02	2.556927e+02	2513	7.893213e-01	7.000000e-01	
2.557945e+02	2514	6.372566e+01	2.189274e+02	2.557945e+02	2514	7.745446e-01	7.000000e-01	
2.558962e+02	2515	6.443262e+01	2.279838e+02	2.558962e+02	2515	7.796546e-01	7.000000e-01	
2.559980e+02	2516	3.808018e+01	1.234334e+02	2.559980e+02	2516	7.642292e-01	7.000000e-01	
2.560997e+02	2517	6.914418e+01	2.221772e+02	2.560997e+02	2517	7.626533e-01	7.000000e-01	
2.562015e+02	2518	5.150644e+01	2.075568e+02	2.562015e+02	2518	8.011820e-01	7.000000e-01	
2.563032e+02	2519	8.520134e+01	2.013401e+02	2.563032e+02	2519	7.026561e-01	7.000000e-01	
2.564050e+02	2520	6.753395e+01	2.000831e+02	2.564050e+02	2520	7.476471e-01	7.000000e-01	
2.565067e+02	2521	7.674705e+01	2.082476e+02	2.565067e+02	2521	7.307071e-01	7.000000e-01	
2.566085e+02	2522	7.635382e+01	1.942380e+02	2.566085e+02	2522	7.178266e-01	7.000000e-01	
2.567102e+02	2523	7.781402e+01	2.140684e+02	2.567102e+02	2523	7.334063e-01	7.000000e-01	
2.568120e+02	2524	5.093879e+01	2.058485e+02	2.568120e+02	2524	8.016304e-01	7.000000e-01	
2.569137e+02	2525	5.091212e+01	2.016064e+02	2.569137e+02	2525	7.983826e-01	7.000000e-01	
2.570154e+02	2526	5.703801e+01	2.021617e+02	2.570154e+02	2526	7.799457e-01	7.000000e-01	
2.571172e+02	2527	7.108651e+01	1.955334e+02	2.571172e+02	2527	7.333788e-01	7.000000e-01	
2.572189e+02	2528	5.674353e+01	1.931637e+02	2.572189e+02	2528	7.729416e-01	7.000000e-01	
2.573207e+02	2529	5.776717e+01	1.995289e+02	2.573207e+02	2529	7.754837e-01	7.000000e-01	
2.574224e+02	2530	6.080657e+01	2.375763e+02	2.574224e+02	2530	7.962129e-01	7.000000e-01	
2.575242e+02	2531	5.720807e+01	1.887515e+02	2.575242e+02	2531	7.674086e-01	7.000000e-01	
2.576259e+02	2532	5.415776e+01	2.072499e+02	2.576259e+02	2532	7.928226e-01	7.000000e-01	
2.577277e+02	2533	5.472225e+01	2.285426e+02	2.577277e+02	2533	8.068160e-01	7.000000e-01	
2.578294e+02	2534	6.213811e+01	1.867760e+02	2.578294e+02	2534	7.503632e-01	7.000000e-01	
2.579312e+02	2535	6.491973e+01	1.898775e+02	2.579312e+02	2535	7.452102e-01	7.000000e-01	
2.580329e+02	2536	6.476557e+01	2.086773e+02	2.580329e+02	2536	7.631477e-01	7.000000e-01	
2.581347e+02	2537	6.086123e+01	1.952690e+02	2.581347e+02	2537	7.623817e-01	7.000000e-01	
2.582364e+02	2538	5.959300e+01	1.886322e+02	2.582364e+02	2538	7.599236e-01	7.000000e-01	
2.583382e+02	2539	7.118234e+01	1.664929e+02	2.583382e+02	2539	7.005059e-01	7.000000e-01	
2.584399e+02	2540	6.485833e+01	2.358385e+02	2.584399e+02	2540	7.843066e-01	7.000000e-01	
2.585417e+02	2541	6.020334e+01	2.213617e+02	2.585417e+02	2541	7.861832e-01	7.000000e-01	
2.586434e+02	2542	6.032902e+01	2.143731e+02	2.586434e+02	2542	7.803839e-01	7.000000e-01	
2.587452e+02	2543	5.752523e+01	2.475509e+02	2.587452e+02	2543	8.114398e-01	7.000000e-01	
2.588469e+02	2544	6.425787e+01	2.249241e+02	2.588469e+02	2544	7.777943e-01	7.000000e-01	
2.589487e+02	2545	7.126530e+01	2.230789e+02	2.589487e+02	2545	7.578845e-01	7.000000e-01	
2.590504e+02	2546	5.821510e+01	2.137853e+02	2.590504e+02	2546	7.859742e-01	7.000000e-01	
2.591522e+02	2547	5.817245e+01	2.215143e+02	2.591522e+02	2547	7.920086e-01	7.000000e-01	
2.592539e+02	2548	5.774236e+01	2.318831e+02	2.592539e+02	2548	8.006309e-01	7.000000e-01	
2.593557e+02	2549	5.069703e+01	1.861742e+02	2.593557e+02	2549	7.859722e-01	7.000000e-01	
2.594574e+02	2550	4.896527e+01	2.089109e+02	2.594574e+02	2550	8.101210e-01	7.000000e-01	
2.595591e+02	2551	5.509616e+01	2.223598e+02	2.595591e+02	2551	8.014238e-01	7.000000e-01	
2.596609e+02	2552	5.039399e+01	1.857007e+02	2.596609e+02	2552	7.865518e-01	7.000000e-01	
2.597626e+02	2553	7.578242e+01	2.048375e+02	2.597626e+02	2553	7.299464e-01	7.000000e-01	
2.598644e+02	2554	6.054716e+01	2.162533e+02	2.598644e+02	2554	7.812606e-01	7.000000e-01	
2.599661e+02	2555	6.266266e+01	2.318211e+02	2.599661e+02	2555	7.872118e-01	7.000000e-01	
2.600679e+02	2556	7.043084e+01	1.646318e+02	2.600679e+02	2556	7.003742e-01	7.000000e-01	
2.601696e+02	2557	4.766463e+01	2.243062e+02	2.601696e+02	2557	8.247436e-01	7.000000e-01	
2.602714e+02	2558	4.181700e+01	2.126844e+02	2.602714e+02	2558	8.356905e-01	7.000000e-01	
2.603731e+02	2559	4.945565e+01	2.118612e+02	2.603731e+02	2559	8.107445e-01	7.000000e-01	
2.604749e+02	2560	6.380452e+01	2.314630e+02	2.604749e+02	2560	7.839095e-01	7.000000e-01	
2.605766e+02	2561	4.544326e+01	2.058838e+02	2.605766e+02	2561	8.191868e-01	7.000000e-01	
2.606784e+02	2562	5.703257e+01	2.245818e+02	2.606784e+02	2562	7.974799e-01	7.000000e-01	
2.607801e+02	2563	6.572768e+01	1.989331e+02	2.607801e+02	2563	7.516531e-01	7.000000e-01	
2.608819e+02	2564	5.640333e+01	2.056033e+02	2.608819e+02	2564	7.847256e-01	7.000000e-01	
2.609836e+02	2565	5.502857e+01	1.904343e+02	2.609836e+02	2565	7.758171e-01	7.000000e-01	
2.610854e+02	2566	6.023210e+01	1.877593e+02	2.610854e+02	2566	7.571202e-01	7.000000e-01	
2.611871e+02	2567	5.389597e+01	2.007878e+02	2.611871e+02	2567	7.883808e-01	7.000000e-01	
2.612889e+02	2568	6.010809e+01	2.271870e+02	2.612889e+02	2568	7.907793e-01	7.000000e-01	
2.613906e+02	2569	5.786297e+01	2.158922e+02	2.613906e+02	2569	7.886324e-01	7.000000e-01	
2.614924e+02	2570	6.408373e+01	2.076338e+02	2.614924e+02	2570	7.641531e-01	7.000000e-01	
2.615941e+02	2571	6.752243e+01	2.184738e+02	2.615941e+02	2571	7.639045e-01	7.000000e-01	
2.616959e+02	2572	5.647620e+01	1.933986e+02	2.616959e+02	2572	7.739820e-01	7.000000e-01	
2.617976e+02	2573	6.193210e+01	2.250896e+02	2.617976e+02	2573	7.842250e-01	7.000000e-01	
2.618994e+02	2574	6.098722e+01	2.132176e+02	2.618994e+02	2574	7.775852e-01	7.000000e-01	
2.620011e+02	2575	6.622078e+01	2.118285e+02	2.620011e+02	2575	7.618380e-01	7.000000e-01	
2.621028e+02	2576	6.049792e+01	2.262217e+02	2.621028e+02	2576	7.889997e-01	7.000000e-01	
2.622046e+02	2577	6.017686e+01	2.437697e+02	2.622046e+02	2577	8.020150e-01	7.000000e-01	
2.623063e+02	2578	5.546158e+01	2.064764e+02	2.623063e+02	2578	7.882645e-01	7.000000e-01	
2.624081e+02	2579	4.659564e+01	2.132899e+02	2.624081e+02	2579	8.207071e-01	7.000000e-01	
2.625098e+02	2580	7.071790e+01	2.284210e+02	2.625098e+02	2580	7.635951e-01	7.000000e-01	
2.626116e+02	2581	4.230219e+01	2.209853e+02	2.626116e+02	2581	8.393308e-01	7.000000e-01	
2.627133e+02	2582	4.436415e+01	1.903963e+02	2.627133e+02	2582	8.110237e-01	7.000000e-01	
2.628151e+02	2583	4.769430e+01	2.254212e+02	2.628151e+02	2583	8.253695e-01	7.000000e-01	
2.629168e+02	2584	3.983685e+01	2.059337e+02	2.629168e+02	2584	8.379104e-01	7.000000e-01	
2.630186e+02	2585	4.554013e+01	2.208789e+02	2.630186e+02	2585	8.290658e-01	7.000000e-01	
2.631203e+02	2586	4.313258e+01	2.153282e+02	2.631203e+02	2586	8.331175e-01	7.000000e-01	
2.632221e+02	2587	6.979208e+01	2.249920e+02	2.632221e+02	2587	7.632434e-01	7.000000e-01	
2.633238e+02	2588	4.364674e+01	2.174109e+02	2.633238e+02	2588	8.328080e-01	7.000000e-01	
2.634256e+02	2589	4.737441e+01	2.281420e+02	2.634256e+02	2589	8.280523e-01	7.000000e-01	
2.635273e+02	2590	7.508327e+01	2.114518e+02	2.635273e+02	2590	7.379613e-01	7.000000e-01	
2.636291e+02	2591	9.476043e+01	2.146349e+02	2.636291e+02	2591	6.937238e-01	7.000000e-01	
2.637308e+02	2592	6.213328e+01	2.202333e+02	2.637308e+02	2592	7.799553e-01	7.000000e-01	
2.638326e+02	2593	5.351099e+01	2.073106e+02	2.638326e+02	2593	7.948368e-01	7.000000e-01	
2.639343e+02	2594	6.656141e+01	2.195309e+02	2.639343e+02	2594	7.673429e-01	7.000000e-01	
2.640361e+02	2595	5.820448e+01	2.042866e+02	2.640361e+02	2595	7.782611e-01	7.000000e-01	
2.641378e+02	2596	7.300124e+01	2.278977e+02	2.641378e+02	2596	7.573895e-01	7.000000e-01	
2.642396e+02	2597	6.331998e+01	1.873438e+02	2.642396e+02	2597	7.473908e-01	7.000000e-01	
2.643413e+02	2598	6.282369e+01	2.231133e+02	2.643413e+02	2598	7.802883e-01	7.000000e-01	
2.644431e+02	2599	7.130689e+01	2.066297e+02	2.644431e+02	2599	7.434419e-01	7.000000e-01	
2.645448e+02	2600	8.184813e+01	2.190767e+02	2.645448e+02	2600	7.280114e-01	7.000000e-01	
2.646465e+02	2601	6.099235e+01	2.245906e+02	2.646465e+02	2601	7.864286e-01	7.000000e-01	
2.647483e+02	2602	5.821532e+01	2.110652e+02	2.647483e+02	2602	7.838116e-01	7.000000e-01	
2.648500e+02	2603	8.039068e+01	2.184162e+02	2.648500e+02	2603	7.309611e-01	7.000000e-01	
2.649518e+02	2604	6.030049e+01	1.945393e+02	2.649518e+02	2604	7.633788e-01	7.000000e-01	
2.650535e+02	2605	4.911623e+01	2.200963e+02	2.650535e+02	2605	8.175559e-01	7.000000e-01	
2.651553e+02	2606	6.528092e+01	2.265334e+02	2.651553e+02	2606	7.762930e-01	7.000000e-01	
2.652570e+02	2607	4.992209e+01	2.195369e+02	2.652570e+02	2607	8.147321e-01	7.000000e-01	
2.653588e+02	2608	6.055803e+01	2.257448e+02	2.653588e+02	2608	7.884826e-01	7.000000e-01	
2.654605e+02	2609	3.954495e+01	2.011232e+02	2.654605e+02	2609	8.356868e-01	7.000000e-01	
2.655623e+02	2610	5.971701e+01	1.990231e+02	2.655623e+02	2610	7.692008e-01	7.000000e-01	
2.656640e+02	2611	3.501855e+01	2.334059e+02	2.656640e+02	2611	8.695404e-01	7.000000e-01	
2.657658e+02	2612	5.430363e+01	1.903606e+02	2.657658e+02	2612	7.780483e-01	7.000000e-01	
2.658675e+02	2613	5.315035e+01	1.983858e+02	2.658675e+02	2613	7.886970e-01	7.000000e-01	
2.659693e+02	2614	5.555006e+01	2.051152e+02	2.659693e+02	2614	7.868912e-01	7.000000e-01	
2.660710e+02	2615	5.286187e+01	2.241737e+02	2.660710e+02	2615	8.091874e-01	7.000000e-01	
2.661728e+02	2616	5.415583e+01	2.181320e+02	2.661728e+02	2616	8.011082e-01	7.000000e-01	
2.662745e+02	2617	5.143338e+01	1.712203e+02	2.662745e+02	2617	7.689983e-01	7.000000e-01	
2.663763e+02	2618	5.136425e+01	1.690019e+02	2.663763e+02	2618	7.669141e-01	7.000000e-01	
2.664780e+02	2619	5.594051e+01	1.886900e+02	2.664780e+02	2619	7.713265e-01	7.000000e-01	
2.665798e+02	2620	5.078686e+01	1.917484e+02	2.665798e+02	2620	7.906001e-01	7.000000e-01	
2.666815e+02	2621	5.059287e+01	1.700425e+02	2.666815e+02	2621	7.706947e-01	7.000000e-01	
2.667833e+02	2622	5.040918e+01	1.701200e+02	2.667833e+02	2622	7.714172e-01	7.000000e-01	
2.668850e+02	2623	6.301605e+01	2.262158e+02	2.668850e+02	2623	7.821262e-01	7.000000e-01	
2.669868e+02	2624	6.135118e+01	2.322515e+02	2.669868e+02	2624	7.910401e-01	7.000000e-01	
2.670885e+02	2625	7.186279e+01	2.410876e+02	2.670885e+02	2625	7.703700e-01	7.000000e-01	
2.671902e+02	2626	5.227275e+01	2.171813e+02	2.671902e+02	2626	8.060050e-01	7.000000e-01	
2.672920e+02	2627	5.841703e+01	2.077736e+02	2.672920e+02	2627	7.805444e-01	7.000000e-01	
2.673937e+02	2628	5.659914e+01	2.164503e+02	2.673937e+02	2628	7.927147e-01	7.000000e-01	
2.674955e+02	2629	6.359987e+01	2.329479e+02	2.674955e+02	2629	7.855325e-01	7.000000e-01	
2.675972e+02	2630	3.289528e+01	2.023287e+02	2.675972e+02	2630	8.601534e-01	7.000000e-01	
2.676990e+02	2631	5.511489e+01	2.192348e+02	2.676990e+02	2631	7.991072e-01	7.000000e-01	
2.678007e+02	2632	5.725520e+01	2.211323e+02	2.678007e+02	2632	7.943327e-01	7.000000e-01	
2.679025e+02	2633	7.468001e+01	2.057894e+02	2.679025e+02	2633	7.337321e-01	7.000000e-01	
2.680042e+02	2634	5.219895e+01	2.148207e+02	2.680042e+02	2634	8.045127e-01	7.000000e-01	
2.681060e+02	2635	5.633750e+01	2.238061e+02	2.681060e+02	2635	7.988978e-01	7.000000e-01	
2.682077e+02	2636	4.689994e+01	2.244422e+02	2.682077e+02	2636	8.271557e-01	7.000000e-01	
2.683095e+02	2637	5.934964e+01	2.113048e+02	2.683095e+02	2637	7.807180e-01	7.000000e-01	
2.684112e+02	2638	6.828515e+01	1.969009e+02	2.684112e+02	2638	7.425010e-01	7.000000e-01	
2.685130e+02	2639	1.074052e+02	1.676993e+02	2.685130e+02	2639	6.095840e-01	7.000000e-01	
2.686147e+02	2640	6.932503e+01	1.812741e+02	2.686147e+02	2640	7.233628e-01	7.000000e-01	
2.687165e+02	2641	6.639209e+01	1.872963e+02	2.687165e+02	2641	7.382928e-01	7.000000e-01	
2.688182e+02	2642	8.510403e+01	1.972221e+02	2.688182e+02	2642	6.985613e-01	7.000000e-01	
2.689200e+02	2643	6.187685e+01	1.369543e+02	2.689200e+02	2643	6.887970e-01	7.000000e-01	
2.690217e+02	2644	5.077425e+01	1.665939e+02	2.690217e+02	2644	7.664136e-01	7.000000e-01	
2.691235e+02	2645	5.784760e+01	1.912213e+02	2.691235e+02	2645	7.677446e-01	7.000000e-01	
2.692252e+02	2646	6.189048e+01	1.370637e+02	2.692252e+02	2646	6.889209e-01	7.000000e-01	
2.693270e+02	2647	5.265431e+01	1.917064e+02	2.693270e+02	2647	7.845222e-01	7.000000e-01	
2.694287e+02	2648	5.139057e+01	1.878723e+02	2.694287e+02	2648	7.852129e-01	7.000000e-01	
2.695305e+02	2649	5.766916e+01	1.912067e+02	2.695305e+02	2649	7.682814e-01	7.000000e-01	
2.696322e+02	2650	5.773178e+01	1.851869e+02	2.696322e+02	2650	7.623411e-01	7.000000e-01	
2.697339e+02	2651	5.769035e+01	2.008107e+02	2.697339e+02	2651	7.768274e-01	7.000000e-01	
2.698357e+02	2652	5.735905e+01	2.216149e+02	2.698357e+02	2652	7.943928e-01	7.000000e-01	
2.699374e+02	2653	5.144428e+01	2.283780e+02	2.699374e+02	2653	8.161537e-01	7.000000e-01	
2.700392e+02	2654	5.162269e+01	2.151450e+02	2.700392e+02	2654	8.064882e-01	7.000000e-01	
2.701409e+02	2655	5.473316e+01	2.095820e+02	2.701409e+02	2655	7.929246e-01	7.000000e-01	
2.702427e+02	2656	5.104374e+01	2.202164e+02	2.702427e+02	2656	8.118273e-01	7.000000e-01	
2.703444e+02	2657	5.929179e+01	2.199096e+02	2.703444e+02	2657	7.876379e-01	7.000000e-01	
2.704462e+02	2658	7.789822e+01	2.261886e+02	2.704462e+02	2658	7.438290e-01	7.000000e-01	
2.705479e+02	2659	5.811833e+01	2.207126e+02	2.705479e+02	2659	7.915643e-01	7.000000e-01	
2.706497e+02	2660	8.035771e+01	2.323273e+02	2.706497e+02	2660	7.430075e-01	7.000000e-01	
2.707514e+02	2661	6.298349e+01	2.189074e+02	2.707514e+02	2661	7.765678e-01	7.000000e-01	
2.708532e+02	2662	5.830468e+01	2.203409e+02	2.708532e+02	2662	7.907568e-01	7.000000e-01	
2.709549e+02	2663	5.591533e+01	2.133490e+02	2.709549e+02	2663	7.923404e-01	7.000000e-01	
2.710567e+02	2664	6.867647e+01	2.244926e+02	2.710567e+02	2664	7.657445e-01	7.000000e-01	
2.711584e+02	2665	5.675400e+01	2.164799e+02	2.711584e+02	2665	7.922879e-01	7.000000e-01	
2.712602e+02	2666	7.434472e+01	2.326447e+02	2.712602e+02	2666	7.578264e-01	7.000000e-01	
2.713619e+02	2667	3.969265e+01	1.953388e+02	2.713619e+02	2667	8.311177e-01	7.000000e-01	
2.714637e+02	2668	1.764991e+01	2.038396e+02	2.714637e+02	2668	9.203127e-01	7.000000e-01	
2.715654e+02	2669	3.546743e+01	1.753594e+02	2.715654e+02	2669	8.317698e-01	7.000000e-01	
2.716672e+02	2670	3.261271e+01	1.722489e+02	2.716672e+02	2670	8.408061e-01	7.000000e-01	
2.717689e+02	2671	4.431246e+01	1.886970e+02	2.717689e+02	2671	8.098255e-01	7.000000e-01	
2.718707e+02	2672	2.617207e+01	1.771549e+02	2.718707e+02	2672	8.712809e-01	7.000000e-01	
2.719724e+02	2673	7.246004e+01	1.968206e+02	2.719724e+02	2673	7.309126e-01	7.000000e-01	
2.720742e+02	2674	6.485572e+01	1.937540e+02	2.720742e+02	2674	7.492139e-01	7.000000e-01	
2.721759e+02	2675	6.432103e+01	1.903572e+02	2.721759e+02	2675	7.474420e-01	7.000000e-01	
2.722776e+02	2676	8.991057e+01	1.896723e+02	2.722776e+02	2676	6.784117e-01	7.000000e-01	
2.723794e+02	2677	5.119730e+01	1.867988e+02	2.723794e+02	2677	7.848818e-01	7.000000e-01	
2.724811e+02	2678	6.359606e+01	1.998736e+02	2.724811e+02	2678	7.586209e-01	7.000000e-01	
2.725829e+02	2679	5.898726e+01	2.100539e+02	2.725829e+02	2679	7.807501e-01	7.000000e-01	
2.726846e+02	2680	5.801541e+01	1.941492e+02	2.726846e+02	2680	7.699304e-01	7.000000e-01	
2.727864e+02	2681	6.889146e+01	1.965337e+02	2.727864e+02	2681	7.404486e-01	7.000000e-01	
2.728881e+02	2682	6.982422e+01	1.858611e+02	2.728881e+02	2682	7.269135e-01	7.000000e-01	
2.729899e+02	2683	5.559237e+01	2.021014e+02	2.729899e+02	2683	7.842696e-01	7.000000e-01	
2.730916e+02	2684	5.769571e+01	2.118520e+02	2.730916e+02	2684	7.859536e-01	7.000000e-01	
2.731934e+02	2685	5.543139e+01	2.180768e+02	2.731934e+02	2685	7.973319e-01	7.000000e-01	
2.732951e+02	2686	5.737572e+01	1.983499e+02	2.732951e+02	2686	7.756356e-01	7.000000e-01	
2.733969e+02	2687	5.649324e+01	2.186188e+02	2.733969e+02	2687	7.946537e-01	7.000000e-01	
2.734986e+02	2688	5.545634e+01	2.070496e+02	2.734986e+02	2688	7.887425e-01	7.000000e-01	
2.736004e+02	2689	5.097750e+01	2.089403e+02	2.736004e+02	2689	8.038707e-01	7.000000e-01	
2.737021e+02	2690	5.600492e+01	2.202316e+02	2.737021e+02	2690	7.972574e-01	7.000000e-01	
2.738039e+02	2691	6.480124e+01	2.624350e+02	2.738039e+02	2691	8.019741e-01	7.000000e-01	
2.739056e+02	2692	5.180975e+01	2.209270e+02	2.739056e+02	2692	8.100375e-01	7.000000e-01	
2.740074e+02	2693	6.033210e+01	2.181850e+02	2.740074e+02	2693	7.833810e-01	7.000000e-01	
2.741091e+02	2694	5.641385e+01	2.196132e+02	2.741091e+02	2694	7.956220e-01	7.000000e-01	
2.742109e+02	2695	5.652305e+01	2.281158e+02	2.742109e+02	2695	8.014219e-01	7.000000e-01	
2.743126e+02	2696	5.943938e+01	2.097922e+02	2.743126e+02	2696	7.792258e-01	7.000000e-01	
2.744144e+02	2697	6.235144e+01	2.453499e+02	2.744144e+02	2697	7.973638e-01	7.000000e-01	
2.745161e+02	2698	5.692789e+01	2.256178e+02	2.745161e+02	2698	7.985179e-01	7.000000e-01	
2.746179e+02	2699	5.378963e+01	2.194469e+02	2.746179e+02	2699	8.031390e-01	7.000000e-01	
2.747196e+02	2700	6.499801e+01	2.418080e+02	2.747196e+02	2700	7.881462e-01	7.000000e-01	
2.748213e+02	2701	5.921643e+01	2.474767e+02	2.748213e+02	2701	8.069196e-01	7.000000e-01	
2.749231e+02	2702	6.465723e+01	2.387013e+02	2.749231e+02	2702	7.868620e-01	7.000000e-01	
2.750248e+02	2703	5.408564e+01	2.355421e+02	2.750248e+02	2703	8.132581e-01	7.000000e-01	
2.751266e+02	2704	6.153546e+01	2.329353e+02	2.751266e+02	2704	7.910303e-01	7.000000e-01	
2.752283e+02	2705	5.371820e+01	2.390370e+02	2.752283e+02	2705	8.165081e-01	7.000000e-01	
2.753301e+02	2706	5.223669e+01	2.112568e+02	2.753301e+02	2706	8.017534e-01	7.000000e-01	
2.754318e+02	2707	6.089797e+01	2.528788e+02	2.754318e+02	2707	8.059194e-01	7.000000e-01	
2.755336e+02	2708	5.937923e+01	2.534910e+02	2.755336e+02	2708	8.102113e-01	7.000000e-01	
2.756353e+02	2709	6.034113e+01	1.991038e+02	2.756353e+02	2709	7.674222e-01	7.000000e-01	
2.757371e+02	2710	5.741113e+01	1.944418e+02	2.757371e+02	2710	7.720450e-01	7.000000e-01	
2.758388e+02	2711	5.442803e+01	2.233880e+02	2.758388e+02	2711	8.040861e-01	7.000000e-01	
2.759406e+02	2712	5.328263e+01	2.277965e+02	2.759406e+02	2712	8.104355e-01	7.000000e-01	
2.760423e+02	2713	4.591764e+01	2.084297e+02	2.760423e+02	2713	8.194688e-01	7.000000e-01	
2.761441e+02	2714	7.706166e+01	2.031467e+02	2.761441e+02	2714	7.249844e-01	7.000000e-01	
2.762458e+02	2715	6.331907e+01	1.974460e+02	2.762458e+02	2715	7.571796e-01	7.000000e-01	
2.763476e+02	2716	8.563017e+01	2.006077e+02	2.763476e+02	2716	7.008426e-01	7.000000e-01	
2.764493e+02	2717	7.831039e+01	1.864146e+02	2.764493e+02	2717	7.041821e-01	7.000000e-01	
2.765511e+02	2718	8.120891e+01	2.031109e+02	2.765511e+02	2718	7.143748e-01	7.000000e-01	
2.766528e+02	2719	7.279142e+01	2.098631e+02	2.766528e+02	2719	7.424721e-01	7.000000e-01	
2.767546e+02	2720	8.230946e+01	2.163588e+02	2.767546e+02	2720	7.244118e-01	7.000000e-01	
2.768563e+02	2721	6.823836e+01	1.998192e+02	2.768563e+02	2721	7.454339e-01	7.000000e-01	
2.769581e+02	2722	7.483925e+01	1.670840e+02	2.769581e+02	2722	6.906488e-01	7.000000e-01	
2.770598e+02	2723	8.259875e+01	1.945042e+02	2.770598e+02	2723	7.019204e-01	7.000000e-01	
2.771616e+02	2724	5.969900e+01	2.088872e+02	2.771616e+02	2724	7.777287e-01	7.000000e-01	
2.772633e+02	2725	4.781200e+01	1.830316e+02	2.772633e+02	2725	7.928814e-01	7.000000e-01	
2.773650e+02	2726	6.203587e+01	2.091998e+02	2.773650e+02	2726	7.712842e-01	7.000000e-01	
2.774668e+02	2727	5.874049e+01	2.034701e+02	2.774668e+02	2727	7.759797e-01	7.000000e-01	
2.775685e+02	2728	7.680152e+01	1.961645e+02	2.775685e+02	2728	7.186407e-01	7.000000e-01	
2.776703e+02	2729	6.254806e+01	2.236744e+02	2.776703e+02	2729	7.814705e-01	7.000000e-01	
2.777720e+02	2730	5.385017e+01	1.882003e+02	2.777720e+02	2730	7.775250e-01	7.000000e-01	
2.778738e+02	2731	5.757494e+01	2.065200e+02	2.778738e+02	2731	7.819915e-01	7.000000e-01	
2.779755e+02	2732	5.095090e+01	2.096476e+02	2.779755e+02	2732	8.044851e-01	7.000000e-01	
2.780773e+02	2733	5.598891e+01	2.732741e+02	2.780773e+02	2733	8.299569e-01	7.000000e-01	
2.781790e+02	2734	4.951908e+01	2.218234e+02	2.781790e+02	2734	8.175034e-01	7.000000e-01	
2.782808e+02	2735	5.776244e+01	2.302405e+02	2.782808e+02	2735	7.994380e-01	7.000000e-01	
2.783825e+02	2736	4.410593e+01	2.311675e+02	2.783825e+02	2736	8.397741e-01	7.000000e-01	
2.784843e+02	2737	2.981088e+01	2.082506e+02	2.784843e+02	2737	8.747765e-01	7.000000e-01	
2.785860e+02	2738	5.283543e+01	2.359626e+02	2.785860e+02	2738	8.170506e-01	7.000000e-01	
2.786878e+02	2739	5.265258e+01	2.223484e+02	2.786878e+02	2739	8.085368e-01	7.000000e-01	
2.787895e+02	2740	7.155051e+01	2.371073e+02	2.787895e+02	2740	7.681882e-01	7.000000e-01	
2.788913e+02	2741	4.389488e+01	2.152196e+02	2.788913e+02	2741	8.305966e-01	7.000000e-01	
2.789930e+02	2742	8.425325e+01	2.237773e+02	2.789930e+02	2742	7.264776e-01	7.000000e-01	
2.790948e+02	2743	6.312332e+01	2.344690e+02	2.790948e+02	2743	7.878866e-01	7.000000e-01	
2.791965e+02	2744	8.118537e+01	1.979494e+02	2.791965e+02	2744	7.091535e-01	7.000000e-01	
2.792983e+02	2745	7.802191e+01	2.042465e+02	2.792983e+02	2745	7.235897e-01	7.000000e-01	
2.794000e+02	2746	9.562646e+01	1.991060e+02	2.794000e+02	2746	6.755483e-01	7.000000e-01	
2.795018e+02	2747	7.496245e+01	2.092720e+02	2.795018e+02	2747	7.362654e-01	7.000000e-01	
2.796035e+02	2748	1.068641e+02	2.012891e+02	2.796035e+02	2748	6.532111e-01	7.000000e-01	
2.797053e+02	2749	5.217524e+01	2.032610e+02	2.797053e+02	2749	7.957407e-01	7.000000e-01	
2.798070e+02	2750	8.127725e+01	2.135235e+02	2.798070e+02	2750	7.242977e-01	7.000000e-01	
2.799087e+02	2751	5.811302e+01	2.253993e+02	2.799087e+02	2751	7.950247e-01	7.000000e-01	
2.800105e+02	2752	7.560283e+01	2.013356e+02	2.800105e+02	2752	7.270049e-01	7.000000e-01	
2.801122e+02	2753	7.090586e+01	2.216572e+02	2.801122e+02	2753	7.576391e-01	7.000000e-01	
2.802140e+02	2754	7.732683e+01	2.217855e+02	2.802140e+02	2754	7.414790e-01	7.000000e-01	
2.803157e+02	2755	6.918010e+01	2.214824e+02	2.803157e+02	2755	7.619917e-01	7.000000e-01	
2.804175e+02	2756	6.815624e+01	2.226728e+02	2.804175e+02	2756	7.656484e-01	7.000000e-01	
2.805192e+02	2757	6.647837e+01	2.130115e+02	2.805192e+02	2757	7.621439e-01	7.000000e-01	
2.806210e+02	2758	7.095697e+01	2.185056e+02	2.806210e+02	2758	7.548665e-01	7.000000e-01	
2.807227e+02	2759	7.050790e+01	2.221416e+02	2.807227e+02	2759	7.590705e-01	7.000000e-01	
2.808245e+02	2760	7.552402e+01	2.269506e+02	2.808245e+02	2760	7.503129e-01	7.000000e-01	
2.809262e+02	2761	6.666981e+01	2.077591e+02	2.809262e+02	2761	7.570598e-01	7.000000e-01	
2.810280e+02	2762	7.866875e+01	2.268318e+02	2.810280e+02	2762	7.424923e-01	7.000000e-01	
2.811297e+02	2763	6.688259e+01	2.090511e+02	2.811297e+02	2763	7.576135e-01	7.000000e-01	
2.812315e+02	2764	3.013324e+01	1.993430e+02	2.812315e+02	2764	8.686869e-01	7.000000e-01	
2.813332e+02	2765	8.429617e+01	1.883038e+02	2.813332e+02	2765	6.907697e-01	7.000000e-01	
2.814350e+02	2766	6.610776e+01	2.222226e+02	2.814350e+02	2766	7.707222e-01	7.000000e-01	
2.815367e+02	2767	6.033134e+01	1.940538e+02	2.815367e+02	2767	7.628347e-01	7.000000e-01	
2.816385e+02	2768	5.717784e+01	2.151198e+02	2.816385e+02	2768	7.900171e-01	7.000000e-01	
2.817402e+02	2769	4.633750e+01	1.982154e+02	2.817402e+02	2769	8.105216e-01	7.000000e-01	
2.818420e+02	2770	6.546658e+01	2.049527e+02	2.818420e+02	2770	7.579071e-01	7.000000e-01	
2.819437e+02	2771	4.617244e+01	2.111406e+02	2.819437e+02	2771	8.205593e-01	7.000000e-01	
2.820455e+02	2772	4.772836e+01	1.655203e+02	2.820455e+02	2772	7.761845e-01	7.000000e-01	
2.821472e+02	2773	5.400262e+01	1.959160e+02	2.821472e+02	2773	7.839192e-01	7.000000e-01	
2.822490e+02	2774	3.682899e+01	2.002061e+02	2.822490e+02	2774	8.446264e-01	7.000000e-01	
2.823507e+02	2775	4.004867e+01	1.949344e+02	2.823507e+02	2775	8.295678e-01	7.000000e-01	
2.824524e+02	2776	4.689254e+01	1.984992e+02	2.824524e+02	2776	8.089074e-01	7.000000e-01	
2.825542e+02	2777	5.381117e+01	1.823994e+02	2.825542e+02	2777	7.721898e-01	7.000000e-01	
2.826559e+02	2778	6.091709e+01	2.325848e+02	2.826559e+02	2778	7.924474e-01	7.000000e-01	
2.827577e+02	2779	5.370478e+01	2.182231e+02	2.827577e+02	2779	8.025036e-01	7.000000e-01	
2.828594e+02	2780	6.577217e+01	2.263769e+02	2.828594e+02	2780	7.748678e-01	7.000000e-01	
2.829612e+02	2781	6.643122e+01	2.243859e+02	2.829612e+02	2781	7.715705e-01	7.000000e-01	
2.830629e+02	2782	5.571379e+01	2.249181e+02	2.830629e+02	2782	8.014702e-01	7.000000e-01	
2.831647e+02	2783	4.774396e+01	2.260217e+02	2.831647e+02	2783	8.256028e-01	7.000000e-01	
2.832664e+02	2784	6.203365e+01	2.178761e+02	2.832664e+02	2784	7.783798e-01	7.000000e-01	
2.833682e+02	2785	5.420424e+01	2.254295e+02	2.833682e+02	2785	8.061599e-01	7.000000e-01	
2.834699e+02	2786	6.095750e+01	2.379968e+02	2.834699e+02	2786	7.960976e-01	7.000000e-01	
2.835717e+02	2787	6.155539e+01	2.338091e+02	2.835717e+02	2787	7.915952e-01	7.000000e-01	
2.836734e+02	2788	5.862873e+01	2.389128e+02	2.836734e+02	2788	8.029561e-01	7.000000e-01	
2.837752e+02	2789	4.934968e+01	1.677926e+02	2.837752e+02	2789	7.727311e-01	7.000000e-01	
2.838769e+02	2790	5.891580e+01	1.774216e+02	2.838769e+02	2790	7.507132e-01	7.000000e-01	
2.839787e+02	2791	5.168222e+01	1.918166e+02	2.839787e+02	2791	7.877517e-01	7.000000e-01	
2.840804e+02	2792	6.663983e+01	1.810543e+02	2.840804e+02	2792	7.309592e-01	7.000000e-01	
2.841822e+02	2793	4.192822e+01	1.840948e+02	2.841822e+02	2793	8.144958e-01	7.000000e-01	
2.842839e+02	2794	5.494026e+01	1.699826e+02	2.842839e+02	2794	7.557373e-01	7.000000e-01	
2.843857e+02	2795	5.336246e+01	1.960558e+02	2.843857e+02	2795	7.860523e-01	7.000000e-01	
2.844874e+02	2796	6.701855e+01	1.981698e+02	2.844874e+02	2796	7.472794e-01	7.000000e-01	
2.845892e+02	2797	5.057155e+01	1.797137e+02	2.845892e+02	2797	7.803961e-01	7.000000e-01	
2.846909e+02	2798	7.466899e+01	1.898695e+02	2.846909e+02	2798	7.177387e-01	7.000000e-01	
2.847927e+02	2799	5.191580e+01	1.855097e+02	2.847927e+02	2799	7.813386e-01	7.000000e-01	
2.848944e+02	2800	6.519843e+01	1.859583e+02	2.848944e+02	2800	7.404074e-01	7.000000e-01	
2.849961e+02	2801	6.591530e+01	1.869273e+02	2.849961e+02	2801	7.393030e-01	7.000000e-01	
2.850979e+02	2802	6.791725e+01	1.922456e+02	2.850979e+02	2802	7.389433e-01	7.000000e-01	
2.851996e+02	2803	6.086535e+01	1.840740e+02	2.851996e+02	2803	7.515085e-01	7.000000e-01	
2.853014e+02	2804	7.481009e+01	1.964644e+02	2.853014e+02	2804	7.242273e-01	7.000000e-01	
2.854031e+02	2805	7.566560e+01	1.822808e+02	2.854031e+02	2805	7.066615e-01	7.000000e-01	
2.855049e+02	2806	6.105577e+01	2.148317e+02	2.855049e+02	2806	7.786932e-01	7.000000e-01	
2.856066e+02	2807	6.397515e+01	1.876924e+02	2.856066e+02	2807	7.457950e-01	7.000000e-01	
2.857084e+02	2808	5.708780e+01	1.859797e+02	2.857084e+02	2808	7.651360e-01	7.000000e-01	
2.858101e+02	2809	4.759220e+01	1.767019e+02	2.858101e+02	2809	7.878134e-01	7.000000e-01	
2.859119e+02	2810	5.482655e+01	2.232891e+02	2.859119e+02	2810	8.028642e-01	7.000000e-01	
2.860136e+02	2811	4.922762e+01	2.350660e+02	2.860136e+02	2811	8.268423e-01	7.000000e-01	
2.861154e+02	2812	6.348404e+01	2.445285e+02	2.861154e+02	2812	7.938914e-01	7.000000e-01	
2.862171e+02	2813	6.203694e+01	2.373142e+02	2.862171e+02	2813	7.927620e-01	7.000000e-01	
2.863189e+02	2814	5.880922e+01	2.355470e+02	2.863189e+02	2814	8.002107e-01	7.000000e-01	
2.864206e+02	2815	5.544907e+01	2.282842e+02	2.864206e+02	2815	8.045733e-01	7.000000e-01	
2.865224e+02	2816	5.953026e+01	2.227877e+02	2.865224e+02	2816	7.891375e-01	7.000000e-01	
2.866241e+02	2817	6.956737e+01	2.215787e+02	2.866241e+02	2817	7.610568e-01	7.000000e-01	
2.867259e+02	2818	6.771914e+01	2.262864e+02	2.867259e+02	2818	7.696671e-01	7.000000e-01	
2.868276e+02	2819	5.705240e+01	2.331752e+02	2.868276e+02	2819	8.034219e-01	7.000000e-01	
2.869294e+02	2820	6.446510e+01	1.936335e+02	2.869294e+02	2820	7.502307e-01	7.000000e-01	
2.870311e+02	2821	8.210699e+01	2.015529e+02	2.870311e+02	2821	7.105442e-01	7.000000e-01	
2.871329e+02	2822	8.292386e+01	2.045809e+02	2.871329e+02	2822	7.115740e-01	7.000000e-01	
2.872346e+02	2823	7.110403e+01	2.215507e+02	2.872346e+02	2823	7.570378e-01	7.000000e-01	
2.873364e+02	2824	8.821634e+01	2.386514e+02	2.873364e+02	2824	7.301161e-01	7.000000e-01	
2.874381e+02	2825	6.974635e+01	2.372610e+02	2.874381e+02	2825	7.728186e-01	7.000000e-01	
2.875398e+02	2826	6.112010e+01	2.512381e+02	2.875398e+02	2826	8.043269e-01	7.000000e-01	
2.876416e+02	2827	6.347192e+01	2.447943e+02	2.876416e+02	2827	7.941003e-01	7.000000e-01	
2.877433e+02	2828	6.034331e+01	2.266501e+02	2.877433e+02	2828	7.897397e-01	7.000000e-01	
2.878451e+02	2829	6.603025e+01	2.382440e+02	2.878451e+02	2829	7.829910e-01	7.000000e-01	
2.879468e+02	2830	5.855487e+01	2.748519e+02	2.879468e+02	2830	8.243741e-01	7.000000e-01	
2.880486e+02	2831	5.473899e+01	2.593247e+02	2.880486e+02	2831	8.257074e-01	7.000000e-01	
2.881503e+02	2832	5.673727e+01	2.660454e+02	2.881503e+02	2832	8.242245e-01	7.000000e-01	
2.882521e+02	2833	6.195805e+01	2.729224e+02	2.882521e+02	2833	8.149846e-01	7.000000e-01	
2.883538e+02	2834	5.572130e+01	2.596010e+02	2.883538e+02	2834	8.232878e-01	7.000000e-01	
2.884556e+02	2835	5.509249e+01	2.373731e+02	2.884556e+02	2835	8.116274e-01	7.000000e-01	
2.885573e+02	2836	8.395892e+01	1.717908e+02	2.885573e+02	2836	6.717145e-01	7.000000e-01	
2.886591e+02	2837	5.790454e+01	1.886319e+02	2.886591e+02	2837	7.651279e-01	7.000000e-01	
2.887608e+02	2838	6.665395e+01	2.258888e+02	2.887608e+02	2838	7.721565e-01	7.000000e-01	
2.888626e+02	2839	6.149613e+01	2.170245e+02	2.888626e+02	2839	7.792044e-01	7.000000e-01	
2.889643e+02	2840	7.626705e+01	2.291761e+02	2.889643e+02	2840	7.503069e-01	7.000000e-01	
2.890661e+02	2841	7.522731e+01	2.434568e+02	2.890661e+02	2841	7.639440e-01	7.000000e-01	
2.891678e+02	2842	5.857788e+01	2.251250e+02	2.891678e+02	2842	7.935238e-01	7.000000e-01	
2.892696e+02	2843	6.999186e+01	2.414691e+02	2.892696e+02	2843	7.752789e-01	7.000000e-01	
2.893713e+02	2844	5.825667e+01	2.652594e+02	2.893713e+02	2844	8.199265e-01	7.000000e-01	
2.894731e+02	2845	8.514965e+01	2.310735e+02	2.894731e+02	2845	7.307292e-01	7.000000e-01	
2.895748e+02	2846	7.614123e+01	2.357261e+02	2.895748e+02	2846	7.558538e-01	7.000000e-01	
2.896766e+02	2847	8.080483e+01	2.138977e+02	2.896766e+02	2847	7.258088e-01	7.000000e-01	
2.897783e+02	2848	8.114302e+01	2.349422e+02	2.897783e+02	2848	7.432875e-01	7.000000e-01	
2.898801e+02	2849	8.729484e+01	2.340721e+02	2.898801e+02	2849	7.283640e-01	7.000000e-01	
2.899818e+02	2850	8.764264e+01	2.125213e+02	2.899818e+02	2850	7.080174e-01	7.000000e-01	
2.900835e+02	2851	7.943160e+01	2.058301e+02	2.900835e+02	2851	7.215483e-01	7.000000e-01	
2.901853e+02	2852	8.277664e+01	1.876603e+02	2.901853e+02	2852	6.939152e-01	7.000000e-01	
2.902870e+02	2853	8.303048e+01	2.307884e+02	2.902870e+02	2853	7.354191e-01	7.000000e-01	
2.903888e+02	2854	5.709792e+01	2.148623e+02	2.903888e+02	2854	7.900505e-01	7.000000e-01	
2.904905e+02	2855	4.820024e+01	2.182175e+02	2.904905e+02	2855	8.190802e-01	7.000000e-01	
2.905923e+02	2856	5.773545e+01	2.183360e+02	2.905923e+02	2856	7.908677e-01	7.000000e-01	
2.906940e+02	2857	4.716678e+01	2.257882e+02	2.906940e+02	2857	8.271994e-01	7.000000e-01	
2.907958e+02	2858	6.278445e+01	2.112379e+02	2.907958e+02	2858	7.708784e-01	7.000000e-01	
2.908975e+02	2859	5.967004e+01	2.139925e+02	2.908975e+02	2859	7.819576e-01	7.000000e-01	
2.909993e+02	2860	8.107106e+01	2.019462e+02	2.909993e+02	2860	7.135473e-01	7.000000e-01	
2.911010e+02	2861	6.692779e+01	1.989154e+02	2.911010e+02	2861	7.482434e-01	7.000000e-01	
2.912028e+02	2862	6.309074e+01	2.125183e+02	2.912028e+02	2862	7.710861e-01	7.000000e-01	
2.913045e+02	2863	5.855957e+01	2.135433e+02	2.913045e+02	2863	7.847889e-01	7.000000e-01	
2.914063e+02	2864	6.382044e+01	2.047791e+02	2.914063e+02	2864	7.623956e-01	7.000000e-01	
2.915080e+02	2865	5.762197e+01	1.887203e+02	2.915080e+02	2865	7.660898e-01	7.000000e-01	
2.916098e+02	2866	6.566648e+01	2.057292e+02	2.916098e+02	2866	7.580415e-01	7.000000e-01	
2.917115e+02	2867	5.848658e+01	2.173884e+02	2.917115e+02	2867	7.879961e-01	7.000000e-01	
2.918133e+02	2868	5.727419e+01	2.097862e+02	2.918133e+02	2868	7.855384e-01	7.000000e-01	
2.919150e+02	2869	6.723451e+01	2.051548e+02	2.919150e+02	2869	7.531676e-01	7.000000e-01	
2.920168e+02	2870	6.090135e+01	1.999436e+02	2.920168e+02	2870	7.665228e-01	7.000000e-01	
2.921185e+02	2871	5.485154e+01	2.055506e+02	2.921185e+02	2871	7.893583e-01	7.000000e-01	
2.922203e+02	2872	5.874414e+01	2.116560e+02	2.922203e+02	2872	7.827511e-01	7.000000e-01	
2.923220e+02	2873	5.929755e+01	1.997595e+02	2.923220e+02	2873	7.711023e-01	7.000000e-01	
2.924238e+02	2874	7.070923e+01	1.756826e+02	2.924238e+02	2874	7.130212e-01	7.000000e-01	
2.925255e+02	2875	5.467256e+01	2.025879e+02	2.925255e+02	2875	7.874817e-01	7.000000e-01	
2.926272e+02	2876	5.791837e+01	2.373192e+02	2.926272e+02	2876	8.038245e-01	7.000000e-01	
2.927290e+02	2877	5.738730e+01	2.100926e+02	2.927290e+02	2877	7.854519e-01	7.000000e-01	
2.928307e+02	2878	5.718070e+01	2.103875e+02	2.928307e+02	2878	7.862949e-01	7.000000e-01	
2.929325e+02	2879	4.304976e+01	1.943430e+02	2.929325e+02	2879	8.186560e-01	7.000000e-01	
2.930342e+02	2880	5.530040e+01	2.118632e+02	2.930342e+02	2880	7.930092e-01	7.000000e-01	
2.931360e+02	2881	7.369375e+01	2.227571e+02	2.931360e+02	2881	7.514133e-01	7.000000e-01	
2.932377e+02	2882	5.087519e+01	2.106020e+02	2.932377e+02	2882	8.054316e-01	7.000000e-01	
2.933395e+02	2883	5.512175e+01	2.230992e+02	2.933395e+02	2883	8.018778e-01	7.000000e-01	
2.934412e+02	2884	4.839457e+01	2.331883e+02	2.934412e+02	2884	8.281338e-01	7.000000e-01	
2.935430e+02	2885	5.737790e+01	2.251474e+02	2.935430e+02	2885	7.969106e-01	7.000000e-01	
2.936447e+02	2886	6.030981e+01	2.180894e+02	2.936447e+02	2886	7.833693e-01	7.000000e-01	
2.937465e+02	2887	4.916354e+01	2.319884e+02	2.937465e+02	2887	8.251353e-01	7.000000e-01	
2.938482e+02	2888	6.306304e+01	2.202939e+02	2.938482e+02	2888	7.774431e-01	7.000000e-01	
2.939500e+02	2889	5.085987e+01	2.240559e+02	2.939500e+02	2889	8.149984e-01	7.000000e-01	
2.940517e+02	2890	7.358094e+01	2.234830e+02	2.940517e+02	2890	7.523061e-01	7.000000e-01	
2.941535e+02	2891	8.502308e+01	2.018035e+02	2.941535e+02	2891	7.035732e-01	7.000000e-01	
2.942552e+02	2892	8.354361e+01	1.857253e+02	2.942552e+02	2892	6.897391e-01	7.000000e-01	
2.943570e+02	2893	6.223030e+01	2.189563e+02	2.943570e+02	2893	7.786868e-01	7.000000e-01	
2.944587e+02	2894	6.113506e+01	2.154109e+02	2.944587e+02	2894	7.789335e-01	7.000000e-01	
2.945605e+02	2895	3.535273e+01	2.475933e+02	2.945605e+02	2895	8.750549e-01	7.000000e-01	
2.946622e+02	2896	6.364622e+01	2.188687e+02	2.946622e+02	2896	7.747155e-01	7.000000e-01	
2.947640e+02	2897	6.233043e+01	2.184031e+02	2.947640e+02	2897	7.779730e-01	7.000000e-01	
2.948657e+02	2898	5.009902e+01	2.315409e+02	2.948657e+02	2898	8.221168e-01	7.000000e-01	
2.949675e+02	2899	7.024002e+01	1.902042e+02	2.949675e+02	2899	7.303069e-01	7.000000e-01	
2.950692e+02	2900	6.232923e+01	2.426164e+02	2.950692e+02	2900	7.956054e-01	7.000000e-01	
2.951709e+02	2901	6.882680e+01	2.031474e+02	2.951709e+02	2901	7.469363e-01	7.000000e-01	
2.952727e+02	2902	7.624947e+01	2.070001e+02	2.952727e+02	2902	7.308046e-01	7.000000e-01	
2.953744e+02	2903	8.093541e+01	1.798510e+02	2.953744e+02	2903	6.896487e-01	7.000000e-01	
2.954762e+02	2904	6.528974e+01	1.946364e+02	2.954762e+02	2904	7.488143e-01	7.000000e-01	
2.955779e+02	2905	5.002765e+01	1.850128e+02	2.955779e+02	2905	7.871530e-01	7.000000e-01	
2.956797e+02	2906	7.844079e+01	1.848185e+02	2.956797e+02	2906	7.020398e-01	7.000000e-01	
2.957814e+02	2907	7.122986e+01	2.371339e+02	2.957814e+02	2907	7.690070e-01	7.000000e-01	
2.958832e+02	2908	7.757798e+01	2.131689e+02	2.958832e+02	2908	7.331769e-01	7.000000e-01	
2.959849e+02	2909	7.428412e+01	2.196877e+02	2.959849e+02	2909	7.473087e-01	7.000000e-01	
2.960867e+02	2910	4.859318e+01	2.650697e+02	2.960867e+02	2910	8.450783e-01	7.000000e-01	
2.961884e+02	2911	7.000586e+01	2.055067e+02	2.961884e+02	2911	7.459068e-01	7.000000e-01	
2.962902e+02	2912	7.120792e+01	2.398466e+02	2.962902e+02	2912	7.710758e-01	7.000000e-01	
2.963919e+02	2913	7.630671e+01	2.156965e+02	2.963919e+02	2913	7.386785e-01	7.000000e-01	
2.964937e+02	2914	8.065422e+01	2.204374e+02	2.964937e+02	2914	7.321273e-01	7.000000e-01	
2.965954e+02	2915	7.319764e+01	2.210193e+02	2.965954e+02	2915	7.512120e-01	7.000000e-01	
2.966972e+02	2916	7.836453e+01	2.118911e+02	2.966972e+02	2916	7.300155e-01	7.000000e-01	
2.967989e+02	2917	7.880781e+01	2.252865e+02	2.967989e+02	2917	7.408442e-01	7.000000e-01	
2.969007e+02	2918	7.976524e+01	2.034310e+02	2.969007e+02	2918	7.183393e-01	7.000000e-01	
2.970024e+02	2919	8.582618e+01	2.394036e+02	2.970024e+02	2919	7.361060e-01	7.000000e-01	
2.971042e+02	2920	4.736967e+01	2.422445e+02	2.971042e+02	2920	8.364387e-01	7.000000e-01	
2.972059e+02	2921	7.199653e+01	2.156280e+02	2.972059e+02	2921	7.496857e-01	7.000000e-01	
2.973077e+02	2922	6.058286e+01	2.224468e+02	2.973077e+02	2922	7.859487e-01	7.000000e-01	
2.974094e+02	2923	8.287940e+01	2.243528e+02	2.974094e+02	2923	7.302386e-01	7.000000e-01	
2.975112e+02	2924	8.173459e+01	2.187837e+02	2.975112e+02	2924	7.280212e-01	7.000000e-01	
2.976129e+02	2925	8.354400e+01	2.382892e+02	2.976129e+02	2925	7.404121e-01	7.000000e-01	
2.977146e+02	2926	7.714716e+01	2.338795e+02	2.977146e+02	2926	7.519597e-01	7.000000e-01	
2.978164e+02	2927	8.669315e+01	2.463891e+02	2.978164e+02	2927	7.397245e-01	7.000000e-01	
2.979181e+02	2928	4.967857e+01	1.546643e+02	2.979181e+02	2928	7.568862e-01	7.000000e-01	
2.980199e+02	2929	5.581311e+01	1.608508e+02	2.980199e+02	2929	7.423978e-01	7.000000e-01	
2.981216e+02	2930	4.780325e+01	1.663886e+02	2.981216e+02	2930	7.768204e-01	7.000000e-01	
2.982234e+02	2931	3.573011e+01	1.691048e+02	2.982234e+02	2931	8.255663e-01	7.000000e-01	
2.983251e+02	2932	6.344979e+01	1.816565e+02	2.983251e+02	2932	7.411336e-01	7.000000e-01	
2.984269e+02	2933	6.422456e+01	1.410033e+02	2.984269e+02	2933	6.870573e-01	7.000000e-01	
2.985286e+02	2934	6.165052e+01	1.874824e+02	2.985286e+02	2934	7.525396e-01	7.000000e-01	
2.986304e+02	2935	5.930815e+01	1.659252e+02	2.986304e+02	2935	7.366813e-01	7.000000e-01	
2.987321e+02	2936	6.025002e+01	1.835028e+02	2.987321e+02	2936	7.528233e-01	7.000000e-01	
2.988339e+02	2937	6.472906e+01	1.854158e+02	2.988339e+02	2937	7.412337e-01	7.000000e-01	
2.989356e+02	2938	5.420628e+01	1.994413e+02	2.989356e+02	2938	7.862929e-01	7.000000e-01	
2.990374e+02	2939	5.387953e+01	1.621808e+02	2.990374e+02	2939	7.506274e-01	7.000000e-01	
2.991391e+02	2940	6.021533e+01	1.847504e+02	2.991391e+02	2940	7.541888e-01	7.000000e-01	
2.992409e+02	2941	8.154637e+01	1.676216e+02	2.992409e+02	2941	6.727253e-01	7.000000e-01	
2.993426e+02	2942	3.179301e+01	1.969481e+02	2.993426e+02	2942	8.610088e-01	7.000000e-01	
2.994444e+02	2943	4.359215e+01	2.022535e+02	2.994444e+02	2943	8.226849e-01	7.000000e-01	
2.995461e+02	2944	4.055510e+01	1.947069e+02	2.995461e+02	2944	8.276173e-01	7.000000e-01	
2.996479e+02	2945	3.346559e+01	1.984966e+02	2.996479e+02	2945	8.557283e-01	7.000000e-01	
2.997496e+02	2946	5.024432e+01	2.087359e+02	2.997496e+02	2946	8.059917e-01	7.000000e-01	
2.998514e+02	2947	3.529839e+01	2.251850e+02	2.998514e+02	2947	8.644889e-01	7.000000e-01	
2.999531e+02	2948	1.363605e+01	1.763994e+02	2.999531e+02	2948	9.282447e-01	7.000000e-01	
3.000549e+02	2949	4.387325e+01	2.403058e+02	3.000549e+02	2949	8.456141e-01	7.000000e-01	
3.001566e+02	2950	2.272863e+01	1.804048e+02	3.001566e+02	2950	8.881098e-01	7.000000e-01	
3.002583e+02	2951	1.374307e+01	1.765409e+02	3.002583e+02	2951	9.277760e-01	7.000000e-01	
3.003601e+02	2952	4.835916e+01	2.156621e+02	3.003601e+02	2952	8.168361e-01	7.000000e-01	
3.004618e+02	2953	5.742984e+01	2.045191e+02	3.004618e+02	2953	7.807594e-01	7.000000e-01	
3.005636e+02	2954	4.123483e+01	2.234927e+02	3.005636e+02	2954	8.442367e-01	7.000000e-01	
3.006653e+02	2955	3.704259e+01	2.423614e+02	3.006653e+02	2955	8.674228e-01	7.000000e-01	
3.007671e+02	2956	6.408790e+01	1.897616e+02	3.007671e+02	2956	7.475358e-01	7.000000e-01	
3.008688e+02	2957	6.094313e+01	2.323015e+02	3.008688e+02	2957	7.921765e-01	7.000000e-01	
3.009706e+02	2958	4.754700e+01	2.401010e+02	3.009706e+02	2958	8.347042e-01	7.000000e-01	
3.010723e+02	2959	3.877342e+01	2.093392e+02	3.010723e+02	2959	8.437265e-01	7.000000e-01	
3.011741e+02	2960	5.793298e+01	1.851679e+02	3.011741e+02	2960	7.616916e-01	7.000000e-01	
