time at 532nm	frame at 532nm	I_1 at 532nm(counts)	I_2 at 532nm(counts)	time at 532nm	frame at 532nm	FRET_1>2	discr.FRET_1>2	
1.017480e-01	1	9.452724e+01	2.265378e+02	1.017480e-01	1	7.055823e-01	7.000000e-01	
2.034960e-01	2	9.452724e+01	2.265378e+02	2.034960e-01	2	7.055823e-01	7.000000e-01	
3.052440e-01	3	9.312570e+01	2.467716e+02	3.052440e-01	3	7.260181e-01	7.000000e-01	
4.069920e-01	4	8.021334e+01	2.370157e+02	4.069920e-01	4	7.471438e-01	7.000000e-01	
5.087400e-01	5	6.312796e+01	2.117676e+02	5.087400e-01	5	7.703566e-01	7.000000e-01	
6.104880e-01	6	6.990060e+01	2.187020e+02	6.104880e-01	6	7.577964e-01	7.000000e-01	
7.122360e-01	7	7.386255e+01	2.129532e+02	7.122360e-01	7	7.424739e-01	7.000000e-01	
8.139840e-01	8	7.537276e+01	2.241729e+02	8.139840e-01	8	7.483764e-01	7.000000e-01	
9.157320e-01	9	6.439062e+01	2.134684e+02	9.157320e-01	9	7.682615e-01	7.000000e-01	
1.017480e+00	10	6.308496e+01	2.026216e+02	1.017480e+00	10	7.625766e-01	7.000000e-01	
1.119228e+00	11	7.354428e+01	2.063470e+02	1.119228e+00	11	7.372398e-01	7.000000e-01	
1.220976e+00	12	7.440241e+01	1.978275e+02	1.220976e+00	12	7.266927e-01	7.000000e-01	
1.322724e+00	13	6.577368e+01	2.117853e+02	1.322724e+00	13	7.630281e-01	7.000000e-01	
1.424472e+00	14	8.397351e+01	2.338117e+02	1.424472e+00	14	7.357539e-01	7.000000e-01	
1.526220e+00	15	9.452472e+01	2.533023e+02	1.526220e+00	15	7.282422e-01	7.000000e-01	
1.627968e+00	16	8.150303e+01	2.402548e+02	1.627968e+00	16	7.466945e-01	7.000000e-01	
1.729716e+00	17	8.703697e+01	2.715022e+02	1.729716e+00	17	7.572456e-01	7.000000e-01	
1.831464e+00	18	9.998687e+01	2.561934e+02	1.831464e+00	18	7.192802e-01	7.000000e-01	
1.933212e+00	19	9.398243e+01	2.762249e+02	1.933212e+00	19	7.461357e-01	7.000000e-01	
2.034960e+00	20	9.940149e+01	2.634113e+02	2.034960e+00	20	7.260254e-01	7.000000e-01	
2.136708e+00	21	9.124562e+01	2.752992e+02	2.136708e+00	21	7.510656e-01	7.000000e-01	
2.238456e+00	22	8.675196e+01	2.555132e+02	2.238456e+00	22	7.465358e-01	7.000000e-01	
2.340204e+00	23	9.632307e+01	2.711197e+02	2.340204e+00	23	7.378556e-01	7.000000e-01	
2.441952e+00	24	9.224790e+01	2.859817e+02	2.441952e+00	24	7.561061e-01	7.000000e-01	
2.543700e+00	25	8.297276e+01	2.628514e+02	2.543700e+00	25	7.600724e-01	7.000000e-01	
2.645448e+00	26	9.280535e+01	2.511999e+02	2.645448e+00	26	7.302211e-01	7.000000e-01	
2.747196e+00	27	8.527868e+01	2.757412e+02	2.747196e+00	27	7.637840e-01	7.000000e-01	
2.848944e+00	28	7.914266e+01	2.610082e+02	2.848944e+00	28	7.673307e-01	7.000000e-01	
2.950692e+00	29	6.920715e+01	2.570316e+02	2.950692e+00	29	7.878635e-01	7.000000e-01	
3.052440e+00	30	5.176997e+01	2.487213e+02	3.052440e+00	30	8.277156e-01	7.000000e-01	
3.154188e+00	31	7.981259e+01	2.486220e+02	3.154188e+00	31	7.569909e-01	7.000000e-01	
3.255936e+00	32	5.757619e+01	2.225419e+02	3.255936e+00	32	7.944574e-01	7.000000e-01	
3.357684e+00	33	9.067751e+01	2.076231e+02	3.357684e+00	33	6.960197e-01	7.000000e-01	
3.459432e+00	34	7.456392e+01	2.605271e+02	3.459432e+00	34	7.774816e-01	7.000000e-01	
3.561180e+00	35	9.565038e+01	2.070734e+02	3.561180e+00	35	6.840341e-01	7.000000e-01	
3.662928e+00	36	6.831181e+01	2.492995e+02	3.662928e+00	36	7.849201e-01	7.000000e-01	
3.764676e+00	37	1.002413e+02	1.978216e+02	3.764676e+00	37	6.636908e-01	7.000000e-01	
3.866424e+00	38	7.688057e+01	2.171935e+02	3.866424e+00	38	7.385673e-01	7.000000e-01	
3.968172e+00	39	8.172958e+01	2.287134e+02	3.968172e+00	39	7.367324e-01	7.000000e-01	
4.069920e+00	40	6.585186e+01	2.268948e+02	4.069920e+00	40	7.750551e-01	7.000000e-01	
4.171668e+00	41	8.839853e+01	2.172993e+02	4.171668e+00	41	7.108304e-01	7.000000e-01	
4.273416e+00	42	7.455599e+01	2.574596e+02	4.273416e+00	42	7.754443e-01	7.000000e-01	
4.375164e+00	43	6.822045e+01	2.323847e+02	4.375164e+00	43	7.730563e-01	7.000000e-01	
4.476912e+00	44	7.076289e+01	2.710931e+02	4.476912e+00	44	7.930038e-01	7.000000e-01	
4.578660e+00	45	6.563686e+01	2.096946e+02	4.578660e+00	45	7.616078e-01	7.000000e-01	
4.680408e+00	46	6.938186e+01	2.352896e+02	4.680408e+00	46	7.722732e-01	7.000000e-01	
4.782156e+00	47	8.304635e+01	2.834131e+02	4.782156e+00	47	7.733819e-01	7.000000e-01	
4.883904e+00	48	6.795523e+01	2.372232e+02	4.883904e+00	48	7.773262e-01	7.000000e-01	
4.985652e+00	49	7.554728e+01	2.844841e+02	4.985652e+00	49	7.901647e-01	7.000000e-01	
5.087400e+00	50	7.683488e+01	2.551037e+02	5.087400e+00	50	7.685268e-01	7.000000e-01	
5.189148e+00	51	9.051966e+01	2.777824e+02	5.189148e+00	51	7.542244e-01	7.000000e-01	
5.290896e+00	52	8.488493e+01	2.945103e+02	5.290896e+00	52	7.762625e-01	7.000000e-01	
5.392644e+00	53	1.127564e+02	2.786830e+02	5.392644e+00	53	7.119442e-01	7.000000e-01	
5.494392e+00	54	7.790748e+01	2.869223e+02	5.494392e+00	54	7.864553e-01	7.000000e-01	
5.596140e+00	55	5.882414e+01	2.652213e+02	5.596140e+00	55	8.184695e-01	7.000000e-01	
5.697888e+00	56	8.341464e+01	2.866306e+02	5.697888e+00	56	7.745826e-01	7.000000e-01	
5.799636e+00	57	6.481184e+01	2.608494e+02	5.799636e+00	57	8.009839e-01	7.000000e-01	
5.901384e+00	58	6.246170e+01	2.442513e+02	5.901384e+00	58	7.963513e-01	7.000000e-01	
6.003132e+00	59	4.752900e+01	2.605739e+02	6.003132e+00	59	8.457366e-01	7.000000e-01	
6.104880e+00	60	7.694821e+01	2.731919e+02	6.104880e+00	60	7.802359e-01	7.000000e-01	
6.206628e+00	61	6.713305e+01	2.563420e+02	6.206628e+00	61	7.924630e-01	7.000000e-01	
6.308376e+00	62	6.457518e+01	2.519535e+02	6.308376e+00	62	7.959895e-01	7.000000e-01	
6.410124e+00	63	5.157385e+01	2.465495e+02	6.410124e+00	63	8.270050e-01	7.000000e-01	
6.511872e+00	64	9.027237e+01	2.305170e+02	6.511872e+00	64	7.185930e-01	7.000000e-01	
6.613620e+00	65	9.219503e+01	2.209317e+02	6.613620e+00	65	7.055664e-01	7.000000e-01	
6.715368e+00	66	8.354143e+01	2.218834e+02	6.715368e+00	66	7.264747e-01	7.000000e-01	
6.817116e+00	67	7.761697e+01	2.418674e+02	6.817116e+00	67	7.570555e-01	7.000000e-01	
6.918864e+00	68	9.231554e+01	2.337092e+02	6.918864e+00	68	7.168450e-01	7.000000e-01	
7.020612e+00	69	8.666236e+01	2.205791e+02	7.020612e+00	69	7.179340e-01	7.000000e-01	
7.122360e+00	70	8.919385e+01	2.195649e+02	7.122360e+00	70	7.111212e-01	7.000000e-01	
7.224108e+00	71	9.235232e+01	2.329881e+02	7.224108e+00	71	7.161363e-01	7.000000e-01	
7.325856e+00	72	8.265694e+01	2.217224e+02	7.325856e+00	72	7.284410e-01	7.000000e-01	
7.427604e+00	73	8.317315e+01	2.146784e+02	7.427604e+00	73	7.207564e-01	7.000000e-01	
7.529352e+00	74	9.751498e+01	2.206844e+02	7.529352e+00	74	6.935413e-01	7.000000e-01	
7.631100e+00	75	8.362083e+01	2.320971e+02	7.631100e+00	75	7.351407e-01	7.000000e-01	
7.732848e+00	76	9.505652e+01	2.085281e+02	7.732848e+00	76	6.868862e-01	7.000000e-01	
7.834596e+00	77	8.184430e+01	2.245782e+02	7.834596e+00	77	7.329038e-01	7.000000e-01	
7.936344e+00	78	8.831600e+01	2.161748e+02	7.936344e+00	78	7.099551e-01	7.000000e-01	
8.038092e+00	79	8.361798e+01	2.191999e+02	8.038092e+00	79	7.238671e-01	7.000000e-01	
8.139840e+00	80	7.293028e+01	2.237587e+02	8.139840e+00	80	7.541861e-01	7.000000e-01	
8.241588e+00	81	7.799899e+01	2.289057e+02	8.241588e+00	81	7.458527e-01	7.000000e-01	
8.343336e+00	82	8.498946e+01	2.275010e+02	8.343336e+00	82	7.280254e-01	7.000000e-01	
8.445084e+00	83	9.829717e+01	1.705416e+02	8.445084e+00	83	6.343639e-01	7.000000e-01	
8.546832e+00	84	8.886879e+01	2.202579e+02	8.546832e+00	84	7.125166e-01	7.000000e-01	
8.648580e+00	85	9.260177e+01	2.141425e+02	8.648580e+00	85	6.981141e-01	7.000000e-01	
8.750328e+00	86	1.007556e+02	2.151051e+02	8.750328e+00	86	6.810125e-01	7.000000e-01	
8.852076e+00	87	7.977125e+01	2.155825e+02	8.852076e+00	87	7.299129e-01	7.000000e-01	
8.953824e+00	88	7.051689e+01	2.132539e+02	8.953824e+00	88	7.515005e-01	7.000000e-01	
9.055572e+00	89	1.059246e+02	2.342455e+02	9.055572e+00	89	6.886128e-01	7.000000e-01	
9.157320e+00	90	7.938230e+01	2.247555e+02	9.157320e+00	90	7.389923e-01	7.000000e-01	
9.259068e+00	91	9.457595e+01	2.529881e+02	9.259068e+00	91	7.278891e-01	7.000000e-01	
9.360816e+00	92	8.849652e+01	2.235792e+02	9.360816e+00	92	7.164261e-01	7.000000e-01	
9.462564e+00	93	1.060097e+02	2.654820e+02	9.462564e+00	93	7.146378e-01	7.000000e-01	
9.564312e+00	94	1.015653e+02	2.340156e+02	9.564312e+00	94	6.973448e-01	7.000000e-01	
9.666060e+00	95	7.214476e+01	2.557984e+02	9.666060e+00	95	7.800083e-01	7.000000e-01	
9.767808e+00	96	7.663642e+01	2.505825e+02	9.767808e+00	96	7.657947e-01	7.000000e-01	
9.869556e+00	97	8.447526e+01	2.489268e+02	9.869556e+00	97	7.466265e-01	7.000000e-01	
9.971304e+00	98	6.281933e+01	2.605989e+02	9.971304e+00	98	8.057644e-01	7.000000e-01	
1.007305e+01	99	6.499967e+01	2.463495e+02	1.007305e+01	99	7.912322e-01	7.000000e-01	
1.017480e+01	100	7.770370e+01	2.672673e+02	1.017480e+01	100	7.747530e-01	7.000000e-01	
1.027655e+01	101	7.164652e+01	2.236516e+02	1.027655e+01	101	7.573756e-01	7.000000e-01	
1.037830e+01	102	7.169659e+01	2.257495e+02	1.037830e+01	102	7.589594e-01	7.000000e-01	
1.048004e+01	103	7.707907e+01	2.168530e+02	1.048004e+01	103	7.377657e-01	7.000000e-01	
1.058179e+01	104	8.146585e+01	2.524681e+02	1.058179e+01	104	7.560420e-01	7.000000e-01	
1.068354e+01	105	7.665977e+01	2.110995e+02	1.068354e+01	105	7.335976e-01	7.000000e-01	
1.078529e+01	106	7.254416e+01	2.264102e+02	1.078529e+01	106	7.573404e-01	7.000000e-01	
1.088704e+01	107	6.512393e+01	2.395041e+02	1.088704e+01	107	7.862182e-01	7.000000e-01	
1.098878e+01	108	6.329292e+01	2.150572e+02	1.098878e+01	108	7.726140e-01	7.000000e-01	
1.109053e+01	109	8.929128e+01	2.391177e+02	1.109053e+01	109	7.281095e-01	7.000000e-01	
1.119228e+01	110	8.160015e+01	2.145480e+02	1.119228e+01	110	7.244617e-01	7.000000e-01	
1.129403e+01	111	6.830276e+01	2.696832e+02	1.129403e+01	111	7.979124e-01	7.000000e-01	
1.139578e+01	112	7.855173e+01	2.174057e+02	1.139578e+01	112	7.345844e-01	7.000000e-01	
1.149752e+01	113	8.106303e+01	2.274957e+02	1.149752e+01	113	7.372849e-01	7.000000e-01	
1.159927e+01	114	7.764453e+01	2.398100e+02	1.159927e+01	114	7.554153e-01	7.000000e-01	
1.170102e+01	115	8.716771e+01	2.413981e+02	1.170102e+01	115	7.347024e-01	7.000000e-01	
1.180277e+01	116	1.140963e+02	2.166748e+02	1.180277e+01	116	6.550596e-01	7.000000e-01	
1.190452e+01	117	8.678577e+01	2.372079e+02	1.190452e+01	117	7.321375e-01	7.000000e-01	
1.200626e+01	118	9.806069e+01	2.330689e+02	1.200626e+01	118	7.038601e-01	7.000000e-01	
1.210801e+01	119	7.289394e+01	2.430474e+02	1.210801e+01	119	7.692801e-01	7.000000e-01	
1.220976e+01	120	7.938005e+01	2.341156e+02	1.220976e+01	120	7.467906e-01	7.000000e-01	
1.231151e+01	121	6.151752e+01	2.360539e+02	1.231151e+01	121	7.932680e-01	7.000000e-01	
1.241326e+01	122	5.961014e+01	2.248494e+02	1.241326e+01	122	7.904442e-01	7.000000e-01	
1.251500e+01	123	6.718019e+01	2.327178e+02	1.251500e+01	123	7.759899e-01	7.000000e-01	
1.261675e+01	124	9.475446e+01	2.376904e+02	1.261675e+01	124	7.149769e-01	7.000000e-01	
1.271850e+01	125	6.171381e+01	2.346714e+02	1.271850e+01	125	7.917784e-01	7.000000e-01	
1.282025e+01	126	7.242176e+01	2.409533e+02	1.282025e+01	126	7.688975e-01	7.000000e-01	
1.292200e+01	127	6.980119e+01	2.346902e+02	1.292200e+01	127	7.707614e-01	7.000000e-01	
1.302374e+01	128	6.309746e+01	2.438530e+02	1.302374e+01	128	7.944376e-01	7.000000e-01	
1.312549e+01	129	5.749681e+01	2.365047e+02	1.312549e+01	129	8.044336e-01	7.000000e-01	
1.322724e+01	130	4.951397e+01	2.242129e+02	1.322724e+01	130	8.191118e-01	7.000000e-01	
1.332899e+01	131	6.730920e+01	2.361791e+02	1.332899e+01	131	7.782148e-01	7.000000e-01	
1.343074e+01	132	6.120019e+01	2.248823e+02	1.343074e+01	132	7.860750e-01	7.000000e-01	
1.353248e+01	133	7.220742e+01	2.403812e+02	1.353248e+01	133	7.690018e-01	7.000000e-01	
1.363423e+01	134	7.312295e+01	2.210885e+02	1.363423e+01	134	7.514612e-01	7.000000e-01	
1.373598e+01	135	6.887225e+01	2.292197e+02	1.373598e+01	135	7.689564e-01	7.000000e-01	
1.383773e+01	136	9.266768e+01	2.501424e+02	1.383773e+01	136	7.296822e-01	7.000000e-01	
1.393948e+01	137	6.359400e+01	2.393056e+02	1.393948e+01	137	7.900492e-01	7.000000e-01	
1.404122e+01	138	5.612749e+01	2.546452e+02	1.404122e+01	138	8.193938e-01	7.000000e-01	
1.414297e+01	139	5.962446e+01	2.565060e+02	1.414297e+01	139	8.113929e-01	7.000000e-01	
1.424472e+01	140	5.966085e+01	2.568432e+02	1.424472e+01	140	8.115005e-01	7.000000e-01	
1.434647e+01	141	4.738032e+01	2.595261e+02	1.434647e+01	141	8.456197e-01	7.000000e-01	
1.444822e+01	142	6.028206e+01	2.440820e+02	1.444822e+01	142	8.019409e-01	7.000000e-01	
1.454996e+01	143	6.478062e+01	2.550790e+02	1.454996e+01	143	7.974717e-01	7.000000e-01	
1.465171e+01	144	6.105770e+01	2.628955e+02	1.465171e+01	144	8.115231e-01	7.000000e-01	
1.475346e+01	145	7.739012e+01	2.459929e+02	1.475346e+01	145	7.606859e-01	7.000000e-01	
1.485521e+01	146	7.456181e+01	2.395715e+02	1.485521e+01	146	7.626428e-01	7.000000e-01	
1.495696e+01	147	6.135238e+01	2.465881e+02	1.495696e+01	147	8.007655e-01	7.000000e-01	
1.505870e+01	148	6.829720e+01	2.326374e+02	1.505870e+01	148	7.730497e-01	7.000000e-01	
1.516045e+01	149	9.794782e+01	2.795773e+02	1.516045e+01	149	7.405528e-01	7.000000e-01	
1.526220e+01	150	6.806504e+01	2.264883e+02	1.526220e+01	150	7.689212e-01	7.000000e-01	
1.536395e+01	151	7.574306e+01	2.586979e+02	1.536395e+01	151	7.735234e-01	7.000000e-01	
1.546570e+01	152	6.862391e+01	2.409438e+02	1.546570e+01	152	7.783234e-01	7.000000e-01	
1.556744e+01	153	6.491866e+01	1.814966e+02	1.556744e+01	153	7.365477e-01	7.000000e-01	
1.566919e+01	154	7.509231e+01	2.315194e+02	1.566919e+01	154	7.550899e-01	7.000000e-01	
1.577094e+01	155	6.870521e+01	2.265455e+02	1.577094e+01	155	7.672987e-01	7.000000e-01	
1.587269e+01	156	7.174093e+01	2.390112e+02	1.587269e+01	156	7.691378e-01	7.000000e-01	
1.597444e+01	157	6.266676e+01	2.302380e+02	1.597444e+01	157	7.860507e-01	7.000000e-01	
1.607618e+01	158	6.856209e+01	2.204178e+02	1.607618e+01	158	7.627444e-01	7.000000e-01	
1.617793e+01	159	8.125084e+01	2.302905e+02	1.617793e+01	159	7.391972e-01	7.000000e-01	
1.627968e+01	160	7.999383e+01	2.243303e+02	1.627968e+01	160	7.371427e-01	7.000000e-01	
1.638143e+01	161	6.617543e+01	2.406553e+02	1.638143e+01	161	7.843259e-01	7.000000e-01	
1.648318e+01	162	9.953963e+01	2.416669e+02	1.648318e+01	162	7.082716e-01	7.000000e-01	
1.658492e+01	163	9.507349e+01	2.221512e+02	1.658492e+01	163	7.002961e-01	7.000000e-01	
1.668667e+01	164	8.821386e+01	2.218976e+02	1.668667e+01	164	7.155414e-01	7.000000e-01	
1.678842e+01	165	8.618131e+01	2.293099e+02	1.678842e+01	165	7.268345e-01	7.000000e-01	
1.689017e+01	166	9.772444e+01	2.202497e+02	1.689017e+01	166	6.926654e-01	7.000000e-01	
1.699192e+01	167	8.307780e+01	2.307929e+02	1.699192e+01	167	7.353120e-01	7.000000e-01	
1.709366e+01	168	1.235908e+02	1.849071e+02	1.709366e+01	168	5.993788e-01	7.000000e-01	
1.719541e+01	169	9.112155e+01	2.155774e+02	1.719541e+01	169	7.028958e-01	7.000000e-01	
1.729716e+01	170	9.680324e+01	2.284782e+02	1.729716e+01	170	7.024016e-01	7.000000e-01	
1.739891e+01	171	7.675915e+01	2.491136e+02	1.739891e+01	171	7.644505e-01	7.000000e-01	
1.750066e+01	172	9.420614e+01	2.189753e+02	1.750066e+01	172	6.991963e-01	7.000000e-01	
1.760240e+01	173	8.556991e+01	2.535230e+02	1.760240e+01	173	7.476505e-01	7.000000e-01	
1.770415e+01	174	9.230629e+01	2.212949e+02	1.770415e+01	174	7.056571e-01	7.000000e-01	
1.780590e+01	175	8.033167e+01	2.422527e+02	1.780590e+01	175	7.509747e-01	7.000000e-01	
1.790765e+01	176	7.184619e+01	2.429590e+02	1.790765e+01	176	7.717757e-01	7.000000e-01	
1.800940e+01	177	8.385400e+01	2.472539e+02	1.800940e+01	177	7.467472e-01	7.000000e-01	
1.811114e+01	178	8.260016e+01	2.292044e+02	1.811114e+01	178	7.350900e-01	7.000000e-01	
1.821289e+01	179	8.297301e+01	2.182856e+02	1.821289e+01	179	7.245788e-01	7.000000e-01	
1.831464e+01	180	7.975356e+01	2.327025e+02	1.831464e+01	180	7.447527e-01	7.000000e-01	
1.841639e+01	181	8.433129e+01	2.081978e+02	1.841639e+01	181	7.117166e-01	7.000000e-01	
1.851814e+01	182	9.286935e+01	1.908319e+02	1.851814e+01	182	6.726509e-01	7.000000e-01	
1.861988e+01	183	1.027844e+02	2.072306e+02	1.861988e+01	183	6.684535e-01	7.000000e-01	
1.872163e+01	184	8.871758e+01	2.554790e+02	1.872163e+01	184	7.422474e-01	7.000000e-01	
1.882338e+01	185	8.609807e+01	2.364756e+02	1.882338e+01	185	7.330902e-01	7.000000e-01	
1.892513e+01	186	9.739833e+01	2.441844e+02	1.892513e+01	186	7.148617e-01	7.000000e-01	
1.902688e+01	187	8.716125e+01	2.532895e+02	1.902688e+01	187	7.439828e-01	7.000000e-01	
1.912862e+01	188	9.191481e+01	2.539605e+02	1.912862e+01	188	7.342545e-01	7.000000e-01	
1.923037e+01	189	8.053243e+01	2.623195e+02	1.923037e+01	189	7.651102e-01	7.000000e-01	
1.933212e+01	190	8.941864e+01	2.499590e+02	1.933212e+01	190	7.365217e-01	7.000000e-01	
1.943387e+01	191	8.750163e+01	2.647735e+02	1.943387e+01	191	7.516100e-01	7.000000e-01	
1.953562e+01	192	7.705181e+01	2.610664e+02	1.953562e+01	192	7.721158e-01	7.000000e-01	
1.963736e+01	193	8.095691e+01	2.513538e+02	1.963736e+01	193	7.563819e-01	7.000000e-01	
1.973911e+01	194	7.770752e+01	2.585673e+02	1.973911e+01	194	7.689166e-01	7.000000e-01	
1.984086e+01	195	7.687807e+01	2.649892e+02	1.984086e+01	195	7.751230e-01	7.000000e-01	
1.994261e+01	196	8.565479e+01	2.524864e+02	1.994261e+01	196	7.466893e-01	7.000000e-01	
2.004436e+01	197	7.832099e+01	2.290900e+02	2.004436e+01	197	7.452238e-01	7.000000e-01	
2.014610e+01	198	8.501031e+01	2.384478e+02	2.014610e+01	198	7.371829e-01	7.000000e-01	
2.024785e+01	199	7.933805e+01	2.605185e+02	2.024785e+01	199	7.665543e-01	7.000000e-01	
2.034960e+01	200	8.678009e+01	2.502607e+02	2.034960e+01	200	7.425235e-01	7.000000e-01	
2.045135e+01	201	7.335899e+01	2.364426e+02	2.045135e+01	201	7.632065e-01	7.000000e-01	
2.055310e+01	202	8.589552e+01	2.502092e+02	2.055310e+01	202	7.444382e-01	7.000000e-01	
2.065484e+01	203	8.267835e+01	2.569180e+02	2.065484e+01	203	7.565393e-01	7.000000e-01	
2.075659e+01	204	7.705652e+01	2.374016e+02	2.075659e+01	204	7.549546e-01	7.000000e-01	
2.085834e+01	205	7.923156e+01	2.519938e+02	2.085834e+01	205	7.607926e-01	7.000000e-01	
2.096009e+01	206	8.271410e+01	2.533145e+02	2.096009e+01	206	7.538480e-01	7.000000e-01	
2.106184e+01	207	8.425815e+01	2.522440e+02	2.106184e+01	207	7.496059e-01	7.000000e-01	
2.116358e+01	208	8.525626e+01	2.458479e+02	2.116358e+01	208	7.425092e-01	7.000000e-01	
2.126533e+01	209	7.980637e+01	2.528770e+02	2.126533e+01	209	7.601131e-01	7.000000e-01	
2.136708e+01	210	9.567619e+01	2.548987e+02	2.136708e+01	210	7.270877e-01	7.000000e-01	
2.146883e+01	211	8.175182e+01	2.454283e+02	2.146883e+01	211	7.501321e-01	7.000000e-01	
2.157058e+01	212	8.839096e+01	2.530449e+02	2.157058e+01	212	7.411199e-01	7.000000e-01	
2.167232e+01	213	9.226977e+01	2.453629e+02	2.167232e+01	213	7.267155e-01	7.000000e-01	
2.177407e+01	214	8.182294e+01	2.614123e+02	2.177407e+01	214	7.616126e-01	7.000000e-01	
2.187582e+01	215	7.355003e+01	2.401683e+02	2.187582e+01	215	7.655539e-01	7.000000e-01	
2.197757e+01	216	7.640880e+01	2.446602e+02	2.197757e+01	216	7.620175e-01	7.000000e-01	
2.207932e+01	217	7.417085e+01	2.374777e+02	2.207932e+01	217	7.620048e-01	7.000000e-01	
2.218106e+01	218	7.407676e+01	2.151174e+02	2.218106e+01	218	7.438511e-01	7.000000e-01	
2.228281e+01	219	7.874928e+01	2.762703e+02	2.228281e+01	219	7.781833e-01	7.000000e-01	
2.238456e+01	220	7.976470e+01	2.693671e+02	2.238456e+01	220	7.715341e-01	7.000000e-01	
2.248631e+01	221	7.535158e+01	2.712800e+02	2.248631e+01	221	7.826177e-01	7.000000e-01	
2.258806e+01	222	8.315659e+01	2.577600e+02	2.258806e+01	222	7.560794e-01	7.000000e-01	
2.268980e+01	223	7.360220e+01	2.540357e+02	2.268980e+01	223	7.753550e-01	7.000000e-01	
2.279155e+01	224	8.431964e+01	2.669923e+02	2.279155e+01	224	7.599864e-01	7.000000e-01	
2.289330e+01	225	8.775019e+01	2.733679e+02	2.289330e+01	225	7.570042e-01	7.000000e-01	
2.299505e+01	226	7.916660e+01	2.745954e+02	2.299505e+01	226	7.762151e-01	7.000000e-01	
2.309680e+01	227	9.034345e+01	2.520564e+02	2.309680e+01	227	7.361464e-01	7.000000e-01	
2.319854e+01	228	8.645594e+01	2.674821e+02	2.319854e+01	228	7.557314e-01	7.000000e-01	
2.330029e+01	229	8.810040e+01	2.517570e+02	2.330029e+01	229	7.407725e-01	7.000000e-01	
2.340204e+01	230	9.299553e+01	2.479390e+02	2.340204e+01	230	7.272335e-01	7.000000e-01	
2.350379e+01	231	1.233063e+02	2.294079e+02	2.350379e+01	231	6.504073e-01	7.000000e-01	
2.360554e+01	232	1.130020e+02	2.165161e+02	2.360554e+01	232	6.570689e-01	7.000000e-01	
2.370728e+01	233	1.132144e+02	2.477767e+02	2.370728e+01	233	6.863790e-01	7.000000e-01	
2.380903e+01	234	1.287337e+02	2.297088e+02	2.380903e+01	234	6.408526e-01	7.000000e-01	
2.391078e+01	235	1.033936e+02	2.392590e+02	2.391078e+01	235	6.982553e-01	7.000000e-01	
2.401253e+01	236	7.413751e+01	2.624806e+02	2.401253e+01	236	7.797578e-01	7.000000e-01	
2.411428e+01	237	6.186041e+01	2.526293e+02	2.411428e+01	237	8.032991e-01	7.000000e-01	
2.421602e+01	238	7.421893e+01	2.584299e+02	2.421602e+01	238	7.768850e-01	7.000000e-01	
2.431777e+01	239	7.986422e+01	2.406914e+02	2.431777e+01	239	7.508569e-01	7.000000e-01	
2.441952e+01	240	7.863480e+01	2.505746e+02	2.441952e+01	240	7.611405e-01	7.000000e-01	
2.452127e+01	241	8.295293e+01	2.466724e+02	2.452127e+01	241	7.483418e-01	7.000000e-01	
2.462302e+01	242	8.219130e+01	2.440117e+02	2.462302e+01	242	7.480363e-01	7.000000e-01	
2.472476e+01	243	9.715082e+01	2.295683e+02	2.472476e+01	243	7.026473e-01	7.000000e-01	
2.482651e+01	244	7.708032e+01	2.269417e+02	2.482651e+01	244	7.464647e-01	7.000000e-01	
2.492826e+01	245	7.381643e+01	2.646261e+02	2.492826e+01	245	7.818938e-01	7.000000e-01	
2.503001e+01	246	8.906545e+01	2.319063e+02	2.503001e+01	246	7.225131e-01	7.000000e-01	
2.513176e+01	247	7.752356e+01	2.485701e+02	2.513176e+01	247	7.622660e-01	7.000000e-01	
2.523350e+01	248	1.053047e+02	2.298812e+02	2.523350e+01	248	6.858320e-01	7.000000e-01	
2.533525e+01	249	9.049629e+01	2.282732e+02	2.533525e+01	249	7.161074e-01	7.000000e-01	
2.543700e+01	250	1.026476e+02	2.174794e+02	2.543700e+01	250	6.793535e-01	7.000000e-01	
2.553875e+01	251	1.142149e+02	2.236365e+02	2.553875e+01	251	6.619375e-01	7.000000e-01	
2.564050e+01	252	7.444976e+01	2.263270e+02	2.564050e+01	252	7.524750e-01	7.000000e-01	
2.574224e+01	253	8.870693e+01	2.274773e+02	2.574224e+01	253	7.194454e-01	7.000000e-01	
2.584399e+01	254	8.093868e+01	2.402131e+02	2.584399e+01	254	7.479737e-01	7.000000e-01	
2.594574e+01	255	9.839864e+01	2.115358e+02	2.594574e+01	255	6.825179e-01	7.000000e-01	
2.604749e+01	256	1.180922e+02	2.233003e+02	2.604749e+01	256	6.540867e-01	7.000000e-01	
2.614924e+01	257	1.005370e+02	2.099757e+02	2.614924e+01	257	6.762226e-01	7.000000e-01	
2.625098e+01	258	1.057369e+02	2.206857e+02	2.625098e+01	258	6.760736e-01	7.000000e-01	
2.635273e+01	259	1.148917e+02	2.166725e+02	2.635273e+01	259	6.534858e-01	7.000000e-01	
2.645448e+01	260	9.175550e+01	1.969682e+02	2.645448e+01	260	6.822031e-01	7.000000e-01	
2.655623e+01	261	9.761895e+01	2.164093e+02	2.655623e+01	261	6.891396e-01	7.000000e-01	
2.665798e+01	262	1.054200e+02	2.130774e+02	2.665798e+01	262	6.690083e-01	7.000000e-01	
2.675972e+01	263	1.079372e+02	2.546070e+02	2.675972e+01	263	7.022785e-01	7.000000e-01	
2.686147e+01	264	7.534501e+01	2.245837e+02	2.686147e+01	264	7.487903e-01	7.000000e-01	
2.696322e+01	265	8.419467e+01	2.031614e+02	2.696322e+01	265	7.070023e-01	7.000000e-01	
2.706497e+01	266	6.415929e+01	2.121276e+02	2.706497e+01	266	7.677802e-01	7.000000e-01	
2.716672e+01	267	9.759971e+01	2.467252e+02	2.716672e+01	267	7.165476e-01	7.000000e-01	
2.726846e+01	268	7.632272e+01	2.268540e+02	2.726846e+01	268	7.482567e-01	7.000000e-01	
2.737021e+01	269	7.668650e+01	2.266394e+02	2.737021e+01	269	7.471812e-01	7.000000e-01	
2.747196e+01	270	5.391278e+01	1.996358e+02	2.747196e+01	270	7.873671e-01	7.000000e-01	
2.757371e+01	271	6.735865e+01	2.333858e+02	2.757371e+01	271	7.760270e-01	7.000000e-01	
2.767546e+01	272	1.000165e+02	2.464146e+02	2.767546e+01	272	7.112947e-01	7.000000e-01	
2.777720e+01	273	1.028934e+02	2.387105e+02	2.777720e+01	273	6.987933e-01	7.000000e-01	
2.787895e+01	274	9.418947e+01	2.255527e+02	2.787895e+01	274	7.054206e-01	7.000000e-01	
2.798070e+01	275	9.709958e+01	2.263531e+02	2.798070e+01	275	6.998028e-01	7.000000e-01	
2.808245e+01	276	1.003284e+02	2.352137e+02	2.808245e+01	276	7.009961e-01	7.000000e-01	
2.818420e+01	277	9.398317e+01	2.310742e+02	2.818420e+01	277	7.108721e-01	7.000000e-01	
2.828594e+01	278	9.912374e+01	2.325733e+02	2.828594e+01	278	7.011618e-01	7.000000e-01	
2.838769e+01	279	5.174692e+01	2.980952e+02	2.838769e+01	279	8.520849e-01	7.000000e-01	
2.848944e+01	280	7.146180e+01	2.665534e+02	2.848944e+01	280	7.885841e-01	7.000000e-01	
2.859119e+01	281	6.216474e+01	3.112396e+02	2.859119e+01	281	8.335190e-01	7.000000e-01	
2.869294e+01	282	5.340880e+01	2.958107e+02	2.869294e+01	282	8.470624e-01	7.000000e-01	
2.879468e+01	283	6.974892e+01	2.621346e+02	2.879468e+01	283	7.898392e-01	7.000000e-01	
2.889643e+01	284	8.325356e+01	2.225715e+02	2.889643e+01	284	7.277739e-01	7.000000e-01	
2.899818e+01	285	6.834752e+01	2.815172e+02	2.899818e+01	285	8.046459e-01	7.000000e-01	
2.909993e+01	286	8.532484e+01	2.654464e+02	2.909993e+01	286	7.567508e-01	7.000000e-01	
2.920168e+01	287	9.891498e+01	2.043677e+02	2.920168e+01	287	6.738522e-01	7.000000e-01	
2.930342e+01	288	8.867018e+01	2.327212e+02	2.930342e+01	288	7.241053e-01	7.000000e-01	
2.940517e+01	289	9.562857e+01	2.198651e+02	2.940517e+01	289	6.968923e-01	7.000000e-01	
2.950692e+01	290	9.539486e+01	2.348805e+02	2.950692e+01	290	7.111657e-01	7.000000e-01	
2.960867e+01	291	1.047803e+02	1.814245e+02	2.960867e+01	291	6.338975e-01	7.000000e-01	
2.971042e+01	292	9.472992e+01	2.135522e+02	2.971042e+01	292	6.927168e-01	7.000000e-01	
2.981216e+01	293	1.013887e+02	2.350545e+02	2.981216e+01	293	6.986454e-01	7.000000e-01	
2.991391e+01	294	9.307172e+01	2.018723e+02	2.991391e+01	294	6.844428e-01	7.000000e-01	
3.001566e+01	295	8.917132e+01	2.389980e+02	3.001566e+01	295	7.282765e-01	7.000000e-01	
3.011741e+01	296	9.573965e+01	2.306040e+02	3.011741e+01	296	7.066293e-01	7.000000e-01	
3.021916e+01	297	1.020895e+02	2.521012e+02	3.021916e+01	297	7.117669e-01	7.000000e-01	
3.032090e+01	298	8.230365e+01	2.471108e+02	3.032090e+01	298	7.501517e-01	7.000000e-01	
3.042265e+01	299	8.671706e+01	2.333699e+02	3.042265e+01	299	7.290828e-01	7.000000e-01	
3.052440e+01	300	9.363969e+01	2.353515e+02	3.052440e+01	300	7.153733e-01	7.000000e-01	
3.062615e+01	301	8.735732e+01	2.472903e+02	3.062615e+01	301	7.389573e-01	7.000000e-01	
3.072790e+01	302	8.921714e+01	2.324924e+02	3.072790e+01	302	7.226780e-01	7.000000e-01	
3.082964e+01	303	8.968571e+01	2.459316e+02	3.082964e+01	303	7.327739e-01	7.000000e-01	
3.093139e+01	304	8.690349e+01	2.501104e+02	3.093139e+01	304	7.421368e-01	7.000000e-01	
3.103314e+01	305	1.021318e+02	2.270518e+02	3.103314e+01	305	6.897421e-01	7.000000e-01	
3.113489e+01	306	8.067235e+01	2.443492e+02	3.113489e+01	306	7.517938e-01	7.000000e-01	
3.123664e+01	307	8.244517e+01	2.467808e+02	3.123664e+01	307	7.495788e-01	7.000000e-01	
3.133838e+01	308	9.540416e+01	2.329552e+02	3.133838e+01	308	7.094520e-01	7.000000e-01	
3.144013e+01	309	1.027966e+02	2.527444e+02	3.144013e+01	309	7.108727e-01	7.000000e-01	
3.154188e+01	310	8.965328e+01	2.224178e+02	3.154188e+01	310	7.127152e-01	7.000000e-01	
3.164363e+01	311	1.056745e+02	2.390900e+02	3.164363e+01	311	6.934879e-01	7.000000e-01	
3.174538e+01	312	8.757272e+01	2.248599e+02	3.174538e+01	312	7.197069e-01	7.000000e-01	
3.184712e+01	313	1.011733e+02	2.203893e+02	3.184712e+01	313	6.853698e-01	7.000000e-01	
3.194887e+01	314	9.752333e+01	2.162540e+02	3.194887e+01	314	6.891957e-01	7.000000e-01	
3.205062e+01	315	9.739122e+01	2.344512e+02	3.205062e+01	315	7.065137e-01	7.000000e-01	
3.215237e+01	316	1.032171e+02	2.088711e+02	3.215237e+01	316	6.692695e-01	7.000000e-01	
3.225412e+01	317	1.038015e+02	2.501777e+02	3.225412e+01	317	7.067582e-01	7.000000e-01	
3.235586e+01	318	1.050164e+02	2.555246e+02	3.235586e+01	318	7.087255e-01	7.000000e-01	
3.245761e+01	319	8.032630e+01	2.066214e+02	3.245761e+01	319	7.200664e-01	7.000000e-01	
3.255936e+01	320	1.045415e+02	1.895400e+02	3.255936e+01	320	6.445152e-01	7.000000e-01	
3.266111e+01	321	8.730722e+01	2.104228e+02	3.266111e+01	321	7.067571e-01	7.000000e-01	
3.276286e+01	322	7.810497e+01	2.195074e+02	3.276286e+01	322	7.375614e-01	7.000000e-01	
3.286460e+01	323	9.177674e+01	2.211806e+02	3.286460e+01	323	7.067436e-01	7.000000e-01	
3.296635e+01	324	7.758704e+01	1.737953e+02	3.296635e+01	324	6.913584e-01	7.000000e-01	
3.306810e+01	325	8.808140e+01	1.991986e+02	3.306810e+01	325	6.933953e-01	7.000000e-01	
3.316985e+01	326	8.150933e+01	2.055735e+02	3.316985e+01	326	7.160773e-01	7.000000e-01	
3.327160e+01	327	8.893951e+01	2.948626e+02	3.327160e+01	327	7.682673e-01	7.000000e-01	
3.337334e+01	328	8.322960e+01	2.654588e+02	3.337334e+01	328	7.613067e-01	7.000000e-01	
3.347509e+01	329	7.762692e+01	3.141153e+02	3.347509e+01	329	8.018418e-01	7.000000e-01	
3.357684e+01	330	9.638590e+01	2.815185e+02	3.357684e+01	330	7.449463e-01	7.000000e-01	
3.367859e+01	331	9.712135e+01	2.754362e+02	3.367859e+01	331	7.393118e-01	7.000000e-01	
3.378034e+01	332	1.049638e+02	2.857809e+02	3.378034e+01	332	7.313750e-01	7.000000e-01	
3.388208e+01	333	9.558961e+01	2.818153e+02	3.388208e+01	333	7.467187e-01	7.000000e-01	
3.398383e+01	334	7.427431e+01	2.519559e+02	3.398383e+01	334	7.723255e-01	7.000000e-01	
3.408558e+01	335	8.684333e+01	2.885270e+02	3.408558e+01	335	7.686463e-01	7.000000e-01	
3.418733e+01	336	6.575673e+01	2.511588e+02	3.418733e+01	336	7.925102e-01	7.000000e-01	
3.428908e+01	337	7.141327e+01	2.465047e+02	3.428908e+01	337	7.753720e-01	7.000000e-01	
3.439082e+01	338	1.047087e+02	2.861970e+02	3.439082e+01	338	7.321382e-01	7.000000e-01	
3.449257e+01	339	7.731385e+01	2.676418e+02	3.449257e+01	339	7.758731e-01	7.000000e-01	
3.459432e+01	340	7.499046e+01	2.506040e+02	3.459432e+01	340	7.696814e-01	7.000000e-01	
3.469607e+01	341	7.111293e+01	2.468520e+02	3.469607e+01	341	7.763498e-01	7.000000e-01	
3.479782e+01	342	5.771142e+01	2.374314e+02	3.479782e+01	342	8.044627e-01	7.000000e-01	
3.489956e+01	343	5.605362e+01	2.340340e+02	3.489956e+01	343	8.067700e-01	7.000000e-01	
3.500131e+01	344	6.644532e+01	2.289484e+02	3.500131e+01	344	7.750618e-01	7.000000e-01	
3.510306e+01	345	6.632728e+01	2.486508e+02	3.510306e+01	345	7.894226e-01	7.000000e-01	
3.520481e+01	346	7.037467e+01	2.424939e+02	3.520481e+01	346	7.750663e-01	7.000000e-01	
3.530656e+01	347	8.960485e+01	2.400466e+02	3.530656e+01	347	7.281831e-01	7.000000e-01	
3.540830e+01	348	7.234062e+01	2.639011e+02	3.540830e+01	348	7.848553e-01	7.000000e-01	
3.551005e+01	349	5.217839e+01	2.595800e+02	3.551005e+01	349	8.326320e-01	7.000000e-01	
3.561180e+01	350	6.963871e+01	2.444284e+02	3.561180e+01	350	7.782681e-01	7.000000e-01	
3.571355e+01	351	5.766034e+01	2.274500e+02	3.571355e+01	351	7.977613e-01	7.000000e-01	
3.581530e+01	352	1.606434e+01	2.407697e+02	3.581530e+01	352	9.374524e-01	7.000000e-01	
3.591704e+01	353	1.858339e+01	2.407601e+02	3.591704e+01	353	9.283445e-01	7.000000e-01	
3.601879e+01	354	2.408879e+01	2.062583e+02	3.601879e+01	354	8.954239e-01	7.000000e-01	
3.612054e+01	355	4.990405e+01	2.163546e+02	3.612054e+01	355	8.125730e-01	7.000000e-01	
3.622229e+01	356	5.015642e+01	2.585175e+02	3.622229e+01	356	8.375100e-01	7.000000e-01	
3.632404e+01	357	5.919949e+01	2.327134e+02	3.632404e+01	357	7.972015e-01	7.000000e-01	
3.642578e+01	358	4.828768e+01	2.207355e+02	3.642578e+01	358	8.205074e-01	7.000000e-01	
3.652753e+01	359	7.864731e+01	2.434346e+02	3.652753e+01	359	7.558158e-01	7.000000e-01	
3.662928e+01	360	5.313943e+01	2.532284e+02	3.662928e+01	360	8.265502e-01	7.000000e-01	
3.673103e+01	361	7.271387e+01	2.349606e+02	3.673103e+01	361	7.636662e-01	7.000000e-01	
3.683278e+01	362	4.317624e+01	2.219796e+02	3.683278e+01	362	8.371666e-01	7.000000e-01	
3.693452e+01	363	6.340861e+01	2.455170e+02	3.693452e+01	363	7.947447e-01	7.000000e-01	
3.703627e+01	364	7.631631e+01	2.470561e+02	3.703627e+01	364	7.639987e-01	7.000000e-01	
3.713802e+01	365	9.173493e+01	2.639455e+02	3.713802e+01	365	7.420861e-01	7.000000e-01	
3.723977e+01	366	8.365245e+01	2.367687e+02	3.723977e+01	366	7.389297e-01	7.000000e-01	
3.734152e+01	367	7.422064e+01	2.366064e+02	3.734152e+01	367	7.612156e-01	7.000000e-01	
3.744326e+01	368	7.352613e+01	2.194347e+02	3.744326e+01	368	7.490240e-01	7.000000e-01	
3.754501e+01	369	8.164774e+01	2.379795e+02	3.754501e+01	369	7.445532e-01	7.000000e-01	
3.764676e+01	370	9.031459e+01	2.115404e+02	3.764676e+01	370	7.008014e-01	7.000000e-01	
3.774851e+01	371	8.520595e+01	2.109210e+02	3.774851e+01	371	7.122655e-01	7.000000e-01	
3.785026e+01	372	7.984515e+01	2.238802e+02	3.785026e+01	372	7.371140e-01	7.000000e-01	
3.795200e+01	373	7.494586e+01	2.198456e+02	3.795200e+01	373	7.457665e-01	7.000000e-01	
3.805375e+01	374	7.349462e+01	2.288290e+02	3.805375e+01	374	7.569008e-01	7.000000e-01	
3.815550e+01	375	7.203695e+01	2.209285e+02	3.815550e+01	375	7.541111e-01	7.000000e-01	
3.825725e+01	376	7.173737e+01	2.226480e+02	3.825725e+01	376	7.563148e-01	7.000000e-01	
3.835900e+01	377	6.911719e+01	2.257543e+02	3.835900e+01	377	7.656023e-01	7.000000e-01	
3.846074e+01	378	7.378717e+01	2.194846e+02	3.846074e+01	378	7.484000e-01	7.000000e-01	
3.856249e+01	379	8.715758e+01	2.136437e+02	3.856249e+01	379	7.102486e-01	7.000000e-01	
3.866424e+01	380	7.071889e+01	2.343954e+02	3.866424e+01	380	7.682216e-01	7.000000e-01	
3.876599e+01	381	5.596599e+01	2.432633e+02	3.876599e+01	381	8.129662e-01	7.000000e-01	
3.886774e+01	382	7.074967e+01	2.029688e+02	3.886774e+01	382	7.415239e-01	7.000000e-01	
3.896948e+01	383	6.512733e+01	2.431996e+02	3.896948e+01	383	7.887718e-01	7.000000e-01	
3.907123e+01	384	6.397161e+01	1.862057e+02	3.907123e+01	384	7.442949e-01	7.000000e-01	
3.917298e+01	385	7.073303e+01	2.158585e+02	3.917298e+01	385	7.531922e-01	7.000000e-01	
3.927473e+01	386	7.536328e+01	2.440362e+02	3.927473e+01	386	7.640470e-01	7.000000e-01	
3.937648e+01	387	7.182182e+01	2.373232e+02	3.937648e+01	387	7.676760e-01	7.000000e-01	
3.947822e+01	388	6.214548e+01	2.626405e+02	3.947822e+01	388	8.086571e-01	7.000000e-01	
3.957997e+01	389	7.259320e+01	2.396414e+02	3.957997e+01	389	7.675043e-01	7.000000e-01	
3.968172e+01	390	8.599436e+01	2.607344e+02	3.968172e+01	390	7.519838e-01	7.000000e-01	
3.978347e+01	391	7.447457e+01	2.296951e+02	3.978347e+01	391	7.551545e-01	7.000000e-01	
3.988522e+01	392	8.808841e+01	2.558592e+02	3.988522e+01	392	7.438900e-01	7.000000e-01	
3.998696e+01	393	6.864121e+01	2.391211e+02	3.998696e+01	393	7.769668e-01	7.000000e-01	
4.008871e+01	394	7.312681e+01	2.364851e+02	4.008871e+01	394	7.638114e-01	7.000000e-01	
4.019046e+01	395	8.133929e+01	2.381667e+02	4.019046e+01	395	7.454217e-01	7.000000e-01	
4.029221e+01	396	7.712218e+01	2.419292e+02	4.029221e+01	396	7.582766e-01	7.000000e-01	
4.039396e+01	397	7.148006e+01	2.183971e+02	4.039396e+01	397	7.534126e-01	7.000000e-01	
4.049570e+01	398	9.063648e+01	2.589407e+02	4.049570e+01	398	7.407254e-01	7.000000e-01	
4.059745e+01	399	9.347376e+01	2.626187e+02	4.059745e+01	399	7.375014e-01	7.000000e-01	
4.069920e+01	400	6.706606e+01	1.990185e+02	4.069920e+01	400	7.479521e-01	7.000000e-01	
4.080095e+01	401	6.483200e+01	1.960844e+02	4.080095e+01	401	7.515219e-01	7.000000e-01	
4.090270e+01	402	9.076282e+01	2.041790e+02	4.090270e+01	402	6.922687e-01	7.000000e-01	
4.100444e+01	403	7.627616e+01	2.114009e+02	4.100444e+01	403	7.348549e-01	7.000000e-01	
4.110619e+01	404	7.177820e+01	2.218296e+02	4.110619e+01	404	7.555303e-01	7.000000e-01	
4.120794e+01	405	7.023484e+01	1.892112e+02	4.120794e+01	405	7.292892e-01	7.000000e-01	
4.130969e+01	406	6.996902e+01	1.979323e+02	4.130969e+01	406	7.388254e-01	7.000000e-01	
4.141144e+01	407	5.502515e+01	2.007227e+02	4.141144e+01	407	7.848461e-01	7.000000e-01	
4.151318e+01	408	9.058524e+01	2.417859e+02	4.151318e+01	408	7.274576e-01	7.000000e-01	
4.161493e+01	409	7.000610e+01	2.177504e+02	4.161493e+01	409	7.567176e-01	7.000000e-01	
4.171668e+01	410	6.396437e+01	2.107894e+02	4.171668e+01	410	7.671938e-01	7.000000e-01	
4.181843e+01	411	8.300372e+01	1.760774e+02	4.181843e+01	411	6.796227e-01	7.000000e-01	
4.192018e+01	412	7.983428e+01	2.667933e+02	4.192018e+01	412	7.696828e-01	7.000000e-01	
4.202192e+01	413	9.509198e+01	2.378338e+02	4.202192e+01	413	7.143748e-01	7.000000e-01	
4.212367e+01	414	8.261423e+01	2.784238e+02	4.212367e+01	414	7.711758e-01	7.000000e-01	
4.222542e+01	415	9.912093e+01	2.454072e+02	4.222542e+01	415	7.122995e-01	7.000000e-01	
4.232717e+01	416	9.697607e+01	2.493488e+02	4.232717e+01	416	7.199853e-01	7.000000e-01	
4.242892e+01	417	8.882872e+01	2.624537e+02	4.242892e+01	417	7.471302e-01	7.000000e-01	
4.253066e+01	418	9.329797e+01	2.391403e+02	4.253066e+01	418	7.193525e-01	7.000000e-01	
4.263241e+01	419	7.764093e+01	2.562491e+02	4.263241e+01	419	7.674656e-01	7.000000e-01	
4.273416e+01	420	8.917685e+01	3.051145e+02	4.273416e+01	420	7.738301e-01	7.000000e-01	
4.283591e+01	421	1.011476e+02	2.375142e+02	4.283591e+01	421	7.013315e-01	7.000000e-01	
4.293766e+01	422	7.080717e+01	2.835619e+02	4.293766e+01	422	8.001881e-01	7.000000e-01	
4.303940e+01	423	8.731433e+01	2.534177e+02	4.303940e+01	423	7.437449e-01	7.000000e-01	
4.314115e+01	424	7.503124e+01	2.156418e+02	4.314115e+01	424	7.418707e-01	7.000000e-01	
4.324290e+01	425	8.613191e+01	2.454966e+02	4.324290e+01	425	7.402759e-01	7.000000e-01	
4.334465e+01	426	6.935435e+01	2.386697e+02	4.334465e+01	426	7.748411e-01	7.000000e-01	
4.344640e+01	427	7.483234e+01	2.542893e+02	4.344640e+01	427	7.726301e-01	7.000000e-01	
4.354814e+01	428	7.153660e+01	2.225601e+02	4.354814e+01	428	7.567582e-01	7.000000e-01	
4.364989e+01	429	5.429576e+01	2.533965e+02	4.364989e+01	429	8.235388e-01	7.000000e-01	
4.375164e+01	430	7.242246e+01	2.238652e+02	4.375164e+01	430	7.555671e-01	7.000000e-01	
4.385339e+01	431	9.005858e+01	2.807474e+02	4.385339e+01	431	7.571275e-01	7.000000e-01	
4.395514e+01	432	6.617454e+01	2.505487e+02	4.395514e+01	432	7.910651e-01	7.000000e-01	
4.405688e+01	433	8.942807e+01	2.728877e+02	4.405688e+01	433	7.531764e-01	7.000000e-01	
4.415863e+01	434	1.050988e+02	2.852082e+02	4.415863e+01	434	7.307279e-01	7.000000e-01	
4.426038e+01	435	9.271590e+01	2.541255e+02	4.426038e+01	435	7.326850e-01	7.000000e-01	
4.436213e+01	436	7.737118e+01	2.695874e+02	4.436213e+01	436	7.770017e-01	7.000000e-01	
4.446388e+01	437	9.858632e+01	2.362504e+02	4.446388e+01	437	7.055690e-01	7.000000e-01	
4.456562e+01	438	1.049679e+02	2.673653e+02	4.456562e+01	438	7.180807e-01	7.000000e-01	
4.466737e+01	439	1.029346e+02	2.292280e+02	4.466737e+01	439	6.901078e-01	7.000000e-01	
4.476912e+01	440	9.225654e+01	2.676255e+02	4.476912e+01	440	7.436478e-01	7.000000e-01	
4.487087e+01	441	1.126454e+02	2.217793e+02	4.487087e+01	441	6.631666e-01	7.000000e-01	
4.497262e+01	442	9.744136e+01	1.980098e+02	4.497262e+01	442	6.701947e-01	7.000000e-01	
4.507436e+01	443	7.818552e+01	2.258909e+02	4.507436e+01	443	7.428754e-01	7.000000e-01	
4.517611e+01	444	8.946843e+01	2.417702e+02	4.517611e+01	444	7.298974e-01	7.000000e-01	
4.527786e+01	445	9.932231e+01	2.015320e+02	4.527786e+01	445	6.698658e-01	7.000000e-01	
4.537961e+01	446	6.201520e+01	2.324245e+02	4.537961e+01	446	7.893789e-01	7.000000e-01	
4.548136e+01	447	6.996982e+01	2.215546e+02	4.548136e+01	447	7.599864e-01	7.000000e-01	
4.558310e+01	448	6.893336e+01	2.154058e+02	4.558310e+01	448	7.575664e-01	7.000000e-01	
4.568485e+01	449	8.054898e+01	2.273174e+02	4.568485e+01	449	7.383638e-01	7.000000e-01	
4.578660e+01	450	7.590886e+01	2.491826e+02	4.578660e+01	450	7.665000e-01	7.000000e-01	
4.588835e+01	451	6.201407e+01	2.352676e+02	4.588835e+01	451	7.913963e-01	7.000000e-01	
4.599010e+01	452	7.408965e+01	2.254611e+02	4.599010e+01	452	7.526641e-01	7.000000e-01	
4.609184e+01	453	9.826080e+01	2.163380e+02	4.609184e+01	453	6.876631e-01	7.000000e-01	
4.619359e+01	454	6.637068e+01	2.163163e+02	4.619359e+01	454	7.652149e-01	7.000000e-01	
4.629534e+01	455	1.182092e+02	1.747365e+02	4.629534e+01	455	5.964808e-01	7.000000e-01	
4.639709e+01	456	9.968151e+01	2.343865e+02	4.639709e+01	456	7.016131e-01	7.000000e-01	
4.649884e+01	457	9.086067e+01	1.995246e+02	4.649884e+01	457	6.871030e-01	7.000000e-01	
4.660058e+01	458	1.138573e+02	1.805505e+02	4.660058e+01	458	6.132667e-01	7.000000e-01	
4.670233e+01	459	6.504968e+01	2.370617e+02	4.670233e+01	459	7.846831e-01	7.000000e-01	
4.680408e+01	460	9.205614e+01	2.137264e+02	4.680408e+01	460	6.989490e-01	7.000000e-01	
4.690583e+01	461	6.100603e+01	2.115579e+02	4.690583e+01	461	7.761772e-01	7.000000e-01	
4.700758e+01	462	3.563500e+01	2.893902e+02	4.700758e+01	462	8.903623e-01	7.000000e-01	
4.710932e+01	463	8.439757e+01	2.139137e+02	4.710932e+01	463	7.170822e-01	7.000000e-01	
4.721107e+01	464	7.666846e+01	2.313657e+02	4.721107e+01	464	7.511040e-01	7.000000e-01	
4.731282e+01	465	8.325876e+01	2.474786e+02	4.731282e+01	465	7.482632e-01	7.000000e-01	
4.741457e+01	466	5.866530e+01	2.364743e+02	4.741457e+01	466	8.012286e-01	7.000000e-01	
4.751632e+01	467	8.220448e+01	2.490893e+02	4.751632e+01	467	7.518683e-01	7.000000e-01	
4.761806e+01	468	6.738309e+01	2.337416e+02	4.761806e+01	468	7.762286e-01	7.000000e-01	
4.771981e+01	469	8.133542e+01	2.384626e+02	4.771981e+01	469	7.456663e-01	7.000000e-01	
4.782156e+01	470	7.659514e+01	2.458444e+02	4.782156e+01	470	7.624512e-01	7.000000e-01	
4.792331e+01	471	7.604024e+01	2.476269e+02	4.792331e+01	471	7.650665e-01	7.000000e-01	
4.802506e+01	472	8.547203e+01	2.341780e+02	4.802506e+01	472	7.326075e-01	7.000000e-01	
4.812680e+01	473	7.718419e+01	2.643394e+02	4.812680e+01	473	7.740004e-01	7.000000e-01	
4.822855e+01	474	8.277960e+01	2.417300e+02	4.822855e+01	474	7.449086e-01	7.000000e-01	
4.833030e+01	475	8.055623e+01	2.521177e+02	4.833030e+01	475	7.578523e-01	7.000000e-01	
4.843205e+01	476	5.978885e+01	2.695692e+02	4.843205e+01	476	8.184685e-01	7.000000e-01	
4.853380e+01	477	7.544016e+01	2.651343e+02	4.853380e+01	477	7.784914e-01	7.000000e-01	
4.863554e+01	478	7.267756e+01	2.658042e+02	4.863554e+01	478	7.852837e-01	7.000000e-01	
4.873729e+01	479	6.856538e+01	2.640599e+02	4.873729e+01	479	7.938660e-01	7.000000e-01	
4.883904e+01	480	5.023582e+01	2.396124e+02	4.883904e+01	480	8.266823e-01	7.000000e-01	
4.894079e+01	481	8.484621e+01	2.330316e+02	4.894079e+01	481	7.330855e-01	7.000000e-01	
4.904254e+01	482	8.850336e+01	2.332801e+02	4.904254e+01	482	7.249599e-01	7.000000e-01	
4.914428e+01	483	8.445206e+01	2.331251e+02	4.914428e+01	483	7.340739e-01	7.000000e-01	
4.924603e+01	484	8.079023e+01	2.515530e+02	4.924603e+01	484	7.569072e-01	7.000000e-01	
4.934778e+01	485	9.004923e+01	2.435823e+02	4.934778e+01	485	7.300938e-01	7.000000e-01	
4.944953e+01	486	8.437016e+01	2.251981e+02	4.944953e+01	486	7.274586e-01	7.000000e-01	
4.955128e+01	487	8.889146e+01	2.324932e+02	4.955128e+01	487	7.234110e-01	7.000000e-01	
4.965302e+01	488	8.666488e+01	2.371028e+02	4.965302e+01	488	7.323239e-01	7.000000e-01	
4.975477e+01	489	8.099811e+01	2.389507e+02	4.975477e+01	489	7.468404e-01	7.000000e-01	
4.985652e+01	490	8.688023e+01	2.319781e+02	4.985652e+01	490	7.275272e-01	7.000000e-01	
4.995827e+01	491	9.854555e+01	2.597080e+02	4.995827e+01	491	7.249279e-01	7.000000e-01	
5.006002e+01	492	8.091409e+01	2.172921e+02	5.006002e+01	492	7.286639e-01	7.000000e-01	
5.016176e+01	493	9.721188e+01	2.532572e+02	5.016176e+01	493	7.226235e-01	7.000000e-01	
5.026351e+01	494	8.698312e+01	2.461392e+02	5.026351e+01	494	7.388853e-01	7.000000e-01	
5.036526e+01	495	8.414327e+01	2.362925e+02	5.036526e+01	495	7.374099e-01	7.000000e-01	
5.046701e+01	496	8.655971e+01	2.703336e+02	5.046701e+01	496	7.574633e-01	7.000000e-01	
5.056876e+01	497	9.839106e+01	2.537796e+02	5.056876e+01	497	7.206154e-01	7.000000e-01	
5.067050e+01	498	8.269532e+01	2.684919e+02	5.067050e+01	498	7.645264e-01	7.000000e-01	
5.077225e+01	499	9.699078e+01	2.522816e+02	5.077225e+01	499	7.223062e-01	7.000000e-01	
5.087400e+01	500	9.426921e+01	2.671345e+02	5.087400e+01	500	7.391582e-01	7.000000e-01	
5.097575e+01	501	7.707984e+01	2.831187e+02	5.097575e+01	501	7.860074e-01	7.000000e-01	
5.107750e+01	502	7.907219e+01	2.418607e+02	5.107750e+01	502	7.536177e-01	7.000000e-01	
5.117924e+01	503	1.014306e+02	2.527058e+02	5.117924e+01	503	7.135832e-01	7.000000e-01	
5.128099e+01	504	9.124784e+01	2.508974e+02	5.128099e+01	504	7.333067e-01	7.000000e-01	
5.138274e+01	505	9.878465e+01	2.501794e+02	5.138274e+01	505	7.169203e-01	7.000000e-01	
5.148449e+01	506	9.660935e+01	2.519552e+02	5.148449e+01	506	7.228366e-01	7.000000e-01	
5.158624e+01	507	8.092280e+01	2.567798e+02	5.158624e+01	507	7.603726e-01	7.000000e-01	
5.168798e+01	508	8.863271e+01	2.390123e+02	5.168798e+01	508	7.294855e-01	7.000000e-01	
5.178973e+01	509	6.797138e+01	2.310554e+02	5.178973e+01	509	7.726913e-01	7.000000e-01	
5.189148e+01	510	6.419980e+01	2.741269e+02	5.189148e+01	510	8.102432e-01	7.000000e-01	
5.199323e+01	511	1.031231e+02	2.608134e+02	5.199323e+01	511	7.166453e-01	7.000000e-01	
5.209498e+01	512	7.611806e+01	2.462021e+02	5.209498e+01	512	7.638433e-01	7.000000e-01	
5.219672e+01	513	8.754046e+01	2.558837e+02	5.219672e+01	513	7.450952e-01	7.000000e-01	
5.229847e+01	514	7.993185e+01	2.358701e+02	5.229847e+01	514	7.468925e-01	7.000000e-01	
5.240022e+01	515	1.336487e+02	2.493708e+02	5.240022e+01	515	6.510655e-01	7.000000e-01	
5.250197e+01	516	9.113687e+01	2.453365e+02	5.250197e+01	516	7.291409e-01	7.000000e-01	
5.260372e+01	517	8.106047e+01	2.519343e+02	5.260372e+01	517	7.565713e-01	7.000000e-01	
5.270546e+01	518	1.176388e+02	2.755725e+02	5.270546e+01	518	7.008255e-01	7.000000e-01	
5.280721e+01	519	8.263136e+01	2.546127e+02	5.280721e+01	519	7.549805e-01	7.000000e-01	
5.290896e+01	520	1.045146e+02	2.594654e+02	5.290896e+01	520	7.128562e-01	7.000000e-01	
5.301071e+01	521	8.475206e+01	2.955014e+02	5.301071e+01	521	7.771169e-01	7.000000e-01	
5.311246e+01	522	9.237059e+01	2.563075e+02	5.311246e+01	522	7.350835e-01	7.000000e-01	
5.321420e+01	523	8.327764e+01	2.453494e+02	5.321420e+01	523	7.465892e-01	7.000000e-01	
5.331595e+01	524	7.911117e+01	2.495207e+02	5.331595e+01	524	7.592712e-01	7.000000e-01	
5.341770e+01	525	8.728127e+01	2.714530e+02	5.341770e+01	525	7.566966e-01	7.000000e-01	
5.351945e+01	526	9.335207e+01	2.534101e+02	5.351945e+01	526	7.307893e-01	7.000000e-01	
5.362120e+01	527	8.094250e+01	2.624729e+02	5.362120e+01	527	7.643015e-01	7.000000e-01	
5.372294e+01	528	9.497303e+01	2.440004e+02	5.372294e+01	528	7.198216e-01	7.000000e-01	
5.382469e+01	529	8.640148e+01	2.424492e+02	5.382469e+01	529	7.372623e-01	7.000000e-01	
5.392644e+01	530	7.637252e+01	2.527122e+02	5.392644e+01	530	7.679244e-01	7.000000e-01	
5.402819e+01	531	9.461256e+01	2.526444e+02	5.402819e+01	531	7.275431e-01	7.000000e-01	
5.412994e+01	532	1.079123e+02	2.383909e+02	5.412994e+01	532	6.883878e-01	7.000000e-01	
5.423168e+01	533	8.587247e+01	2.726785e+02	5.423168e+01	533	7.605014e-01	7.000000e-01	
5.433343e+01	534	6.882659e+01	2.378055e+02	5.433343e+01	534	7.755402e-01	7.000000e-01	
5.443518e+01	535	7.833419e+01	3.085439e+02	5.443518e+01	535	7.975223e-01	7.000000e-01	
5.453693e+01	536	6.920518e+01	2.339309e+02	5.453693e+01	536	7.717026e-01	7.000000e-01	
5.463868e+01	537	9.028018e+01	2.539387e+02	5.463868e+01	537	7.377245e-01	7.000000e-01	
5.474042e+01	538	6.255907e+01	2.367463e+02	5.474042e+01	538	7.909858e-01	7.000000e-01	
5.484217e+01	539	7.457675e+01	2.324726e+02	5.484217e+01	539	7.571180e-01	7.000000e-01	
5.494392e+01	540	6.119020e+01	2.331428e+02	5.494392e+01	540	7.921055e-01	7.000000e-01	
5.504567e+01	541	6.529134e+01	2.403966e+02	5.504567e+01	541	7.864118e-01	7.000000e-01	
5.514742e+01	542	7.060141e+01	2.308237e+02	5.514742e+01	542	7.657746e-01	7.000000e-01	
5.524916e+01	543	9.371863e+01	2.280827e+02	5.524916e+01	543	7.087687e-01	7.000000e-01	
5.535091e+01	544	6.338684e+01	2.341026e+02	5.535091e+01	544	7.869274e-01	7.000000e-01	
5.545266e+01	545	1.163812e+02	2.470199e+02	5.545266e+01	545	6.797445e-01	7.000000e-01	
5.555441e+01	546	9.429675e+01	2.341264e+02	5.555441e+01	546	7.128803e-01	7.000000e-01	
5.565616e+01	547	9.010418e+01	2.423739e+02	5.565616e+01	547	7.289921e-01	7.000000e-01	
5.575790e+01	548	8.531134e+01	2.362282e+02	5.575790e+01	548	7.346785e-01	7.000000e-01	
5.585965e+01	549	9.550699e+01	2.521034e+02	5.585965e+01	549	7.252470e-01	7.000000e-01	
5.596140e+01	550	8.878651e+01	2.349826e+02	5.596140e+01	550	7.257721e-01	7.000000e-01	
5.606315e+01	551	9.997434e+01	2.309120e+02	5.606315e+01	551	6.978590e-01	7.000000e-01	
5.616490e+01	552	1.139469e+02	2.313787e+02	5.616490e+01	552	6.700305e-01	7.000000e-01	
5.626664e+01	553	1.120109e+02	2.466459e+02	5.626664e+01	553	6.876934e-01	7.000000e-01	
5.636839e+01	554	8.703822e+01	2.427595e+02	5.636839e+01	554	7.360860e-01	7.000000e-01	
5.647014e+01	555	1.015127e+02	2.443433e+02	5.647014e+01	555	7.064885e-01	7.000000e-01	
5.657189e+01	556	1.008368e+02	2.466523e+02	5.657189e+01	556	7.098131e-01	7.000000e-01	
5.667364e+01	557	1.136515e+02	2.322835e+02	5.667364e+01	557	6.714657e-01	7.000000e-01	
5.677538e+01	558	8.408329e+01	2.422133e+02	5.677538e+01	558	7.423102e-01	7.000000e-01	
5.687713e+01	559	8.597648e+01	2.400371e+02	5.687713e+01	559	7.362795e-01	7.000000e-01	
5.697888e+01	560	7.942626e+01	2.487628e+02	5.697888e+01	560	7.579863e-01	7.000000e-01	
5.708063e+01	561	9.024435e+01	2.375137e+02	5.708063e+01	561	7.246617e-01	7.000000e-01	
5.718238e+01	562	7.954844e+01	2.534234e+02	5.718238e+01	562	7.610956e-01	7.000000e-01	
5.728412e+01	563	8.953093e+01	2.546253e+02	5.728412e+01	563	7.398538e-01	7.000000e-01	
5.738587e+01	564	9.304819e+01	2.504396e+02	5.738587e+01	564	7.291077e-01	7.000000e-01	
5.748762e+01	565	8.206852e+01	2.320201e+02	5.748762e+01	565	7.387090e-01	7.000000e-01	
5.758937e+01	566	7.403221e+01	2.341891e+02	5.758937e+01	566	7.598083e-01	7.000000e-01	
5.769112e+01	567	8.755313e+01	2.481628e+02	5.769112e+01	567	7.392047e-01	7.000000e-01	
5.779286e+01	568	9.027490e+01	2.176786e+02	5.779286e+01	568	7.068554e-01	7.000000e-01	
5.789461e+01	569	9.245196e+01	2.271067e+02	5.789461e+01	569	7.106886e-01	7.000000e-01	
5.799636e+01	570	8.427591e+01	2.352940e+02	5.799636e+01	570	7.362833e-01	7.000000e-01	
5.809811e+01	571	7.856902e+01	2.235065e+02	5.809811e+01	571	7.399027e-01	7.000000e-01	
5.819986e+01	572	9.051771e+01	2.350614e+02	5.819986e+01	572	7.219794e-01	7.000000e-01	
5.830160e+01	573	9.592582e+01	1.927258e+02	5.830160e+01	573	6.676761e-01	7.000000e-01	
5.840335e+01	574	8.922565e+01	2.242575e+02	5.840335e+01	574	7.153734e-01	7.000000e-01	
5.850510e+01	575	9.562996e+01	2.632746e+02	5.850510e+01	575	7.335504e-01	7.000000e-01	
5.860685e+01	576	9.573607e+01	2.179627e+02	5.860685e+01	576	6.948153e-01	7.000000e-01	
5.870860e+01	577	1.014952e+02	2.245452e+02	5.870860e+01	577	6.887036e-01	7.000000e-01	
5.881034e+01	578	9.103819e+01	2.358431e+02	5.881034e+01	578	7.214946e-01	7.000000e-01	
5.891209e+01	579	8.778814e+01	2.234123e+02	5.891209e+01	579	7.179048e-01	7.000000e-01	
5.901384e+01	580	7.737267e+01	2.505763e+02	5.901384e+01	580	7.640710e-01	7.000000e-01	
5.911559e+01	581	9.297858e+01	2.262277e+02	5.911559e+01	581	7.087195e-01	7.000000e-01	
5.921734e+01	582	9.447679e+01	2.285175e+02	5.921734e+01	582	7.074970e-01	7.000000e-01	
5.931908e+01	583	7.475292e+01	2.413105e+02	5.931908e+01	583	7.634876e-01	7.000000e-01	
5.942083e+01	584	7.572902e+01	2.473156e+02	5.942083e+01	584	7.655772e-01	7.000000e-01	
5.952258e+01	585	7.847314e+01	2.448562e+02	5.952258e+01	585	7.572966e-01	7.000000e-01	
5.962433e+01	586	7.290458e+01	2.293227e+02	5.962433e+01	586	7.587756e-01	7.000000e-01	
5.972608e+01	587	7.085353e+01	2.597224e+02	5.972608e+01	587	7.856664e-01	7.000000e-01	
5.982782e+01	588	6.283996e+01	2.572763e+02	5.982782e+01	588	8.036964e-01	7.000000e-01	
5.992957e+01	589	7.446922e+01	2.561672e+02	5.992957e+01	589	7.747701e-01	7.000000e-01	
6.003132e+01	590	6.148116e+01	2.233211e+02	6.003132e+01	590	7.841269e-01	7.000000e-01	
6.013307e+01	591	7.807309e+01	2.274918e+02	6.013307e+01	591	7.444959e-01	7.000000e-01	
6.023482e+01	592	7.082748e+01	2.398059e+02	6.023482e+01	592	7.719901e-01	7.000000e-01	
6.033656e+01	593	7.870336e+01	2.264155e+02	6.033656e+01	593	7.420567e-01	7.000000e-01	
6.043831e+01	594	8.372610e+01	2.333543e+02	6.043831e+01	594	7.359468e-01	7.000000e-01	
6.054006e+01	595	7.316413e+01	2.163076e+02	6.054006e+01	595	7.472495e-01	7.000000e-01	
6.064181e+01	596	7.995508e+01	2.122223e+02	6.064181e+01	596	7.263475e-01	7.000000e-01	
6.074356e+01	597	7.544096e+01	2.294930e+02	6.074356e+01	597	7.525990e-01	7.000000e-01	
6.084530e+01	598	7.444353e+01	2.268749e+02	6.084530e+01	598	7.529407e-01	7.000000e-01	
6.094705e+01	599	8.229516e+01	2.094202e+02	6.094705e+01	599	7.178923e-01	7.000000e-01	
6.104880e+01	600	8.822884e+01	2.182676e+02	6.104880e+01	600	7.121375e-01	7.000000e-01	
6.115055e+01	601	8.186063e+01	2.336613e+02	6.115055e+01	601	7.405549e-01	7.000000e-01	
6.125230e+01	602	8.667451e+01	2.241485e+02	6.125230e+01	602	7.211451e-01	7.000000e-01	
6.135404e+01	603	8.245854e+01	2.313652e+02	6.135404e+01	603	7.372457e-01	7.000000e-01	
6.145579e+01	604	9.378798e+01	2.035786e+02	6.145579e+01	604	6.846048e-01	7.000000e-01	
6.155754e+01	605	8.773559e+01	2.393479e+02	6.155754e+01	605	7.317639e-01	7.000000e-01	
6.165929e+01	606	9.592065e+01	2.359800e+02	6.165929e+01	606	7.109959e-01	7.000000e-01	
6.176104e+01	607	7.836388e+01	2.240958e+02	6.176104e+01	607	7.409113e-01	7.000000e-01	
6.186278e+01	608	8.357827e+01	2.331102e+02	6.186278e+01	608	7.360868e-01	7.000000e-01	
6.196453e+01	609	8.882774e+01	2.192416e+02	6.196453e+01	609	7.116632e-01	7.000000e-01	
6.206628e+01	610	9.050363e+01	2.157586e+02	6.206628e+01	610	7.044897e-01	7.000000e-01	
6.216803e+01	611	8.077080e+01	2.181623e+02	6.216803e+01	611	7.298031e-01	7.000000e-01	
6.226978e+01	612	8.692074e+01	2.384910e+02	6.226978e+01	612	7.328900e-01	7.000000e-01	
6.237152e+01	613	9.143318e+01	2.533050e+02	6.237152e+01	613	7.347750e-01	7.000000e-01	
6.247327e+01	614	7.499334e+01	2.099987e+02	6.247327e+01	614	7.368581e-01	7.000000e-01	
6.257502e+01	615	7.863296e+01	2.374471e+02	6.257502e+01	615	7.512245e-01	7.000000e-01	
6.267677e+01	616	9.915907e+01	2.252925e+02	6.267677e+01	616	6.943794e-01	7.000000e-01	
6.277852e+01	617	7.395103e+01	2.488350e+02	6.277852e+01	617	7.708977e-01	7.000000e-01	
6.288026e+01	618	6.916089e+01	2.632973e+02	6.288026e+01	618	7.919712e-01	7.000000e-01	
6.298201e+01	619	6.737525e+01	2.636820e+02	6.298201e+01	619	7.964846e-01	7.000000e-01	
6.308376e+01	620	7.035341e+01	2.553747e+02	6.308376e+01	620	7.840119e-01	7.000000e-01	
6.318551e+01	621	7.373663e+01	2.639418e+02	6.318551e+01	621	7.816365e-01	7.000000e-01	
6.328726e+01	622	6.160988e+01	2.953419e+02	6.328726e+01	622	8.274000e-01	7.000000e-01	
6.338900e+01	623	7.441897e+01	2.446064e+02	6.338900e+01	623	7.667302e-01	7.000000e-01	
6.349075e+01	624	6.819491e+01	2.707985e+02	6.349075e+01	624	7.988312e-01	7.000000e-01	
6.359250e+01	625	6.650028e+01	2.629403e+02	6.359250e+01	625	7.981418e-01	7.000000e-01	
6.369425e+01	626	8.839150e+01	2.481661e+02	6.369425e+01	626	7.373659e-01	7.000000e-01	
6.379600e+01	627	7.158980e+01	2.497652e+02	6.379600e+01	627	7.772252e-01	7.000000e-01	
6.389774e+01	628	6.937843e+01	2.431454e+02	6.389774e+01	628	7.780060e-01	7.000000e-01	
6.399949e+01	629	9.250557e+01	3.038242e+02	6.399949e+01	629	7.665944e-01	7.000000e-01	
6.410124e+01	630	9.686084e+01	2.616000e+02	6.410124e+01	630	7.297868e-01	7.000000e-01	
6.420299e+01	631	7.970840e+01	2.468690e+02	6.420299e+01	631	7.559280e-01	7.000000e-01	
6.430474e+01	632	7.982258e+01	2.668130e+02	6.430474e+01	632	7.697219e-01	7.000000e-01	
6.440648e+01	633	7.334377e+01	3.117663e+02	6.440648e+01	633	8.095511e-01	7.000000e-01	
6.450823e+01	634	9.351320e+01	2.719905e+02	6.450823e+01	634	7.441525e-01	7.000000e-01	
6.460998e+01	635	1.107763e+02	3.015979e+02	6.460998e+01	635	7.313695e-01	7.000000e-01	
6.471173e+01	636	9.901499e+01	2.925638e+02	6.471173e+01	636	7.471390e-01	7.000000e-01	
6.481348e+01	637	1.273336e+02	2.674502e+02	6.481348e+01	637	6.774599e-01	7.000000e-01	
6.491522e+01	638	8.090994e+01	2.394587e+02	6.491522e+01	638	7.474474e-01	7.000000e-01	
6.501697e+01	639	9.878200e+01	2.268207e+02	6.501697e+01	639	6.966180e-01	7.000000e-01	
6.511872e+01	640	7.686244e+01	2.410417e+02	6.511872e+01	640	7.582213e-01	7.000000e-01	
6.522047e+01	641	9.924143e+01	2.542738e+02	6.522047e+01	641	7.192725e-01	7.000000e-01	
6.532222e+01	642	9.276051e+01	2.316670e+02	6.532222e+01	642	7.140794e-01	7.000000e-01	
6.542396e+01	643	8.450216e+01	2.450701e+02	6.542396e+01	643	7.436005e-01	7.000000e-01	
6.552571e+01	644	2.206550e+02	2.669793e+02	6.552571e+01	644	5.474990e-01	7.000000e-01	
6.562746e+01	645	2.145158e+02	2.621603e+02	6.562746e+01	645	5.499758e-01	7.000000e-01	
6.572921e+01	646	2.713422e+02	2.565317e+02	6.572921e+01	646	4.859716e-01	0	
6.583096e+01	647	3.311143e+02	2.471959e+02	6.583096e+01	647	4.274452e-01	0	
6.593270e+01	648	2.035251e+02	2.850010e+02	6.593270e+01	648	5.833895e-01	7.000000e-01	
6.603445e+01	649	2.179162e+02	2.201528e+02	6.603445e+01	649	5.025528e-01	7.000000e-01	
6.613620e+01	650	3.162818e+02	2.434500e+02	6.613620e+01	650	4.349404e-01	0	
6.623795e+01	651	2.925482e+02	2.186899e+02	6.623795e+01	651	4.277653e-01	0	
6.633970e+01	652	2.688039e+02	2.547315e+02	6.633970e+01	652	4.865602e-01	0	
6.644144e+01	653	3.090671e+02	2.468238e+02	6.644144e+01	653	4.440148e-01	0	
6.654319e+01	654	2.812725e+02	2.333489e+02	6.654319e+01	654	4.534380e-01	0	
6.664494e+01	655	2.961585e+02	2.196682e+02	6.664494e+01	655	4.258566e-01	0	
6.674669e+01	656	8.338540e+01	2.156151e+02	6.674669e+01	656	7.211195e-01	7.000000e-01	
6.684844e+01	657	1.026309e+02	2.061325e+02	6.684844e+01	657	6.676067e-01	7.000000e-01	
6.695018e+01	658	9.342013e+01	2.173401e+02	6.695018e+01	658	6.993820e-01	7.000000e-01	
6.705193e+01	659	6.121841e+01	2.199841e+02	6.705193e+01	659	7.822978e-01	7.000000e-01	
6.715368e+01	660	8.794225e+01	2.016181e+02	6.715368e+01	660	6.962904e-01	7.000000e-01	
6.725543e+01	661	8.888742e+01	2.092553e+02	6.725543e+01	661	7.018629e-01	7.000000e-01	
6.735718e+01	662	1.031739e+02	1.980246e+02	6.735718e+01	662	6.574555e-01	7.000000e-01	
6.745892e+01	663	1.024555e+02	2.054753e+02	6.745892e+01	663	6.672775e-01	7.000000e-01	
6.756067e+01	664	1.008340e+02	2.167706e+02	6.756067e+01	664	6.825172e-01	7.000000e-01	
6.766242e+01	665	9.328153e+01	2.224700e+02	6.766242e+01	665	7.045730e-01	7.000000e-01	
6.776417e+01	666	1.040580e+02	2.166997e+02	6.776417e+01	666	6.755869e-01	7.000000e-01	
6.786592e+01	667	9.997184e+01	2.064972e+02	6.786592e+01	667	6.737947e-01	7.000000e-01	
6.796766e+01	668	1.042241e+02	1.885303e+02	6.796766e+01	668	6.439879e-01	7.000000e-01	
6.806941e+01	669	8.037679e+01	2.584110e+02	6.806941e+01	669	7.627518e-01	7.000000e-01	
6.817116e+01	670	7.537043e+01	3.034913e+02	6.817116e+01	670	8.010609e-01	7.000000e-01	
6.827291e+01	671	7.367754e+01	2.375864e+02	6.827291e+01	671	7.632956e-01	7.000000e-01	
6.837466e+01	672	8.436655e+01	2.311661e+02	6.837466e+01	672	7.326218e-01	7.000000e-01	
6.847640e+01	673	7.268051e+01	2.518591e+02	6.847640e+01	673	7.760504e-01	7.000000e-01	
6.857815e+01	674	8.290772e+01	2.621395e+02	6.857815e+01	674	7.597207e-01	7.000000e-01	
6.867990e+01	675	7.692292e+01	2.540110e+02	6.867990e+01	675	7.675581e-01	7.000000e-01	
6.878165e+01	676	7.683766e+01	2.666336e+02	6.878165e+01	676	7.762909e-01	7.000000e-01	
6.888340e+01	677	7.526426e+01	2.314306e+02	6.888340e+01	677	7.545956e-01	7.000000e-01	
6.898514e+01	678	1.027926e+02	2.711064e+02	6.898514e+01	678	7.250792e-01	7.000000e-01	
6.908689e+01	679	6.709549e+01	2.338799e+02	6.908689e+01	679	7.770732e-01	7.000000e-01	
6.918864e+01	680	9.583183e+01	2.174558e+02	6.918864e+01	680	6.941091e-01	7.000000e-01	
6.929039e+01	681	1.096550e+02	3.197139e+02	6.929039e+01	681	7.446135e-01	7.000000e-01	
6.939214e+01	682	1.037427e+02	1.961312e+02	6.939214e+01	682	6.540456e-01	7.000000e-01	
6.949388e+01	683	8.781374e+01	2.420999e+02	6.949388e+01	683	7.338281e-01	7.000000e-01	
6.959563e+01	684	8.288539e+01	2.195716e+02	6.959563e+01	684	7.259597e-01	7.000000e-01	
6.969738e+01	685	9.906660e+01	2.317150e+02	6.969738e+01	685	7.005075e-01	7.000000e-01	
6.979913e+01	686	8.600931e+01	2.371631e+02	6.979913e+01	686	7.338594e-01	7.000000e-01	
6.990088e+01	687	9.763898e+01	2.318805e+02	6.990088e+01	687	7.036928e-01	7.000000e-01	
7.000262e+01	688	7.380292e+01	2.597257e+02	7.000262e+01	688	7.787209e-01	7.000000e-01	
7.010437e+01	689	6.769108e+01	2.678100e+02	7.010437e+01	689	7.982389e-01	7.000000e-01	
7.020612e+01	690	7.455133e+01	2.608360e+02	7.020612e+01	690	7.777157e-01	7.000000e-01	
7.030787e+01	691	7.825874e+01	2.322228e+02	7.030787e+01	691	7.479440e-01	7.000000e-01	
7.040962e+01	692	8.119518e+01	2.218188e+02	7.040962e+01	692	7.320415e-01	7.000000e-01	
7.051136e+01	693	8.973765e+01	2.658644e+02	7.051136e+01	693	7.476459e-01	7.000000e-01	
7.061311e+01	694	6.402098e+01	2.801058e+02	7.061311e+01	694	8.139611e-01	7.000000e-01	
7.071486e+01	695	9.222294e+01	2.243058e+02	7.071486e+01	695	7.086428e-01	7.000000e-01	
7.081661e+01	696	8.984081e+01	2.346689e+02	7.081661e+01	696	7.231491e-01	7.000000e-01	
7.091836e+01	697	9.266120e+01	2.319202e+02	7.091836e+01	697	7.145209e-01	7.000000e-01	
7.102010e+01	698	8.900537e+01	2.304465e+02	7.102010e+01	698	7.213810e-01	7.000000e-01	
7.112185e+01	699	9.599324e+01	2.329538e+02	7.112185e+01	699	7.081803e-01	7.000000e-01	
7.122360e+01	700	9.294558e+01	2.255611e+02	7.122360e+01	700	7.081833e-01	7.000000e-01	
7.132535e+01	701	8.851713e+01	2.383832e+02	7.132535e+01	701	7.292229e-01	7.000000e-01	
7.142710e+01	702	9.808348e+01	2.353234e+02	7.142710e+01	702	7.058145e-01	7.000000e-01	
7.152884e+01	703	9.458840e+01	2.170865e+02	7.152884e+01	703	6.965158e-01	7.000000e-01	
7.163059e+01	704	9.214715e+01	2.312088e+02	7.163059e+01	704	7.150287e-01	7.000000e-01	
7.173234e+01	705	9.713337e+01	2.182736e+02	7.173234e+01	705	6.920380e-01	7.000000e-01	
7.183409e+01	706	9.286444e+01	2.306623e+02	7.183409e+01	706	7.129621e-01	7.000000e-01	
7.193584e+01	707	9.695031e+01	2.364909e+02	7.193584e+01	707	7.092432e-01	7.000000e-01	
7.203758e+01	708	9.580585e+01	2.397149e+02	7.203758e+01	708	7.144563e-01	7.000000e-01	
7.213933e+01	709	8.957239e+01	2.283848e+02	7.213933e+01	709	7.182879e-01	7.000000e-01	
7.224108e+01	710	8.546306e+01	2.081332e+02	7.224108e+01	710	7.089096e-01	7.000000e-01	
7.234283e+01	711	9.110226e+01	2.561814e+02	7.234283e+01	711	7.376719e-01	7.000000e-01	
7.244458e+01	712	9.925844e+01	2.207990e+02	7.244458e+01	712	6.898730e-01	7.000000e-01	
7.254632e+01	713	9.006178e+01	2.477595e+02	7.254632e+01	713	7.334041e-01	7.000000e-01	
7.264807e+01	714	9.286756e+01	2.404869e+02	7.264807e+01	714	7.214150e-01	7.000000e-01	
7.274982e+01	715	8.980828e+01	2.328482e+02	7.274982e+01	715	7.216598e-01	7.000000e-01	
7.285157e+01	716	9.072394e+01	2.379073e+02	7.285157e+01	716	7.239339e-01	7.000000e-01	
7.295332e+01	717	9.297180e+01	2.544369e+02	7.295332e+01	717	7.323849e-01	7.000000e-01	
7.305506e+01	718	9.187749e+01	2.451238e+02	7.305506e+01	718	7.273675e-01	7.000000e-01	
7.315681e+01	719	8.825260e+01	2.371419e+02	7.315681e+01	719	7.287828e-01	7.000000e-01	
7.325856e+01	720	8.795724e+01	2.308064e+02	7.325856e+01	720	7.240675e-01	7.000000e-01	
7.336031e+01	721	7.384035e+01	2.172648e+02	7.336031e+01	721	7.463447e-01	7.000000e-01	
7.346206e+01	722	9.011532e+01	2.321858e+02	7.346206e+01	722	7.204002e-01	7.000000e-01	
7.356380e+01	723	8.502471e+01	2.299227e+02	7.356380e+01	723	7.300352e-01	7.000000e-01	
7.366555e+01	724	9.298809e+01	2.317226e+02	7.366555e+01	724	7.136279e-01	7.000000e-01	
7.376730e+01	725	5.791652e+01	2.183383e+02	7.376730e+01	725	7.903511e-01	7.000000e-01	
7.386905e+01	726	7.760386e+01	2.271052e+02	7.386905e+01	726	7.453182e-01	7.000000e-01	
7.397080e+01	727	8.193691e+01	2.129626e+02	7.397080e+01	727	7.221531e-01	7.000000e-01	
7.407254e+01	728	9.916362e+01	2.330325e+02	7.407254e+01	728	7.014907e-01	7.000000e-01	
7.417429e+01	729	7.763431e+01	2.173921e+02	7.417429e+01	729	7.368564e-01	7.000000e-01	
7.427604e+01	730	8.845023e+01	2.327858e+02	7.427604e+01	730	7.246566e-01	7.000000e-01	
7.437779e+01	731	1.063935e+02	2.198681e+02	7.437779e+01	731	6.739012e-01	7.000000e-01	
7.447954e+01	732	1.031123e+02	2.161935e+02	7.447954e+01	732	6.770735e-01	7.000000e-01	
7.458128e+01	733	9.983443e+01	2.215777e+02	7.458128e+01	733	6.893881e-01	7.000000e-01	
7.468303e+01	734	1.050694e+02	2.315484e+02	7.468303e+01	734	6.878674e-01	7.000000e-01	
7.478478e+01	735	1.038714e+02	2.193137e+02	7.478478e+01	735	6.786009e-01	7.000000e-01	
7.488653e+01	736	1.150538e+02	2.276590e+02	7.488653e+01	736	6.642851e-01	7.000000e-01	
7.498828e+01	737	1.058325e+02	2.152711e+02	7.498828e+01	737	6.704101e-01	7.000000e-01	
7.509002e+01	738	1.001558e+02	2.176678e+02	7.509002e+01	738	6.848698e-01	7.000000e-01	
7.519177e+01	739	1.032558e+02	2.366915e+02	7.519177e+01	739	6.962594e-01	7.000000e-01	
7.529352e+01	740	1.043467e+02	2.249184e+02	7.529352e+01	740	6.830921e-01	7.000000e-01	
7.539527e+01	741	1.119021e+02	2.202383e+02	7.539527e+01	741	6.630880e-01	7.000000e-01	
7.549702e+01	742	9.997996e+01	2.183497e+02	7.549702e+01	742	6.859232e-01	7.000000e-01	
7.559876e+01	743	1.046786e+02	2.353604e+02	7.559876e+01	743	6.921571e-01	7.000000e-01	
7.570051e+01	744	1.075597e+02	2.383413e+02	7.570051e+01	744	6.890448e-01	7.000000e-01	
7.580226e+01	745	1.057485e+02	2.323177e+02	7.580226e+01	745	6.871959e-01	7.000000e-01	
7.590401e+01	746	9.933765e+01	2.358988e+02	7.590401e+01	746	7.036789e-01	7.000000e-01	
7.600576e+01	747	9.502996e+01	2.532638e+02	7.600576e+01	747	7.271557e-01	7.000000e-01	
7.610750e+01	748	8.580984e+01	2.520472e+02	7.610750e+01	748	7.460173e-01	7.000000e-01	
7.620925e+01	749	9.506452e+01	2.430712e+02	7.620925e+01	749	7.188569e-01	7.000000e-01	
7.631100e+01	750	8.852770e+01	2.401912e+02	7.631100e+01	750	7.306887e-01	7.000000e-01	
7.641275e+01	751	8.230128e+01	2.628278e+02	7.641275e+01	751	7.615348e-01	7.000000e-01	
7.651450e+01	752	1.004986e+02	2.158444e+02	7.651450e+01	752	6.823113e-01	7.000000e-01	
7.661624e+01	753	9.769561e+01	2.125743e+02	7.661624e+01	753	6.851270e-01	7.000000e-01	
7.671799e+01	754	1.102044e+02	2.325279e+02	7.671799e+01	754	6.784534e-01	7.000000e-01	
7.681974e+01	755	1.061403e+02	2.421186e+02	7.681974e+01	755	6.952259e-01	7.000000e-01	
7.692149e+01	756	8.289953e+01	2.100853e+02	7.692149e+01	756	7.170518e-01	7.000000e-01	
7.702324e+01	757	9.602977e+01	2.414384e+02	7.702324e+01	757	7.154405e-01	7.000000e-01	
7.712498e+01	758	1.003937e+02	2.345592e+02	7.712498e+01	758	7.002752e-01	7.000000e-01	
7.722673e+01	759	1.089363e+02	2.288618e+02	7.722673e+01	759	6.775106e-01	7.000000e-01	
7.732848e+01	760	9.681743e+01	2.325348e+02	7.732848e+01	760	7.060368e-01	7.000000e-01	
7.743023e+01	761	9.102679e+01	2.297187e+02	7.743023e+01	761	7.162024e-01	7.000000e-01	
7.753198e+01	762	1.022236e+02	2.387647e+02	7.753198e+01	762	7.002138e-01	7.000000e-01	
7.763372e+01	763	8.499493e+01	2.209246e+02	7.763372e+01	763	7.221657e-01	7.000000e-01	
7.773547e+01	764	1.042762e+02	2.435333e+02	7.773547e+01	764	7.001916e-01	7.000000e-01	
7.783722e+01	765	1.031628e+02	2.461673e+02	7.783722e+01	765	7.046839e-01	7.000000e-01	
7.793897e+01	766	9.634652e+01	2.204048e+02	7.793897e+01	766	6.958291e-01	7.000000e-01	
7.804072e+01	767	6.059806e+01	1.872258e+02	7.804072e+01	767	7.554793e-01	7.000000e-01	
7.814246e+01	768	1.036957e+02	2.044977e+02	7.814246e+01	768	6.635369e-01	7.000000e-01	
7.824421e+01	769	9.511879e+01	1.857779e+02	7.824421e+01	769	6.613745e-01	7.000000e-01	
7.834596e+01	770	8.705154e+01	2.322589e+02	7.834596e+01	770	7.273765e-01	7.000000e-01	
7.844771e+01	771	1.117558e+02	2.033627e+02	7.844771e+01	771	6.453531e-01	7.000000e-01	
7.854946e+01	772	8.821634e+01	2.287532e+02	7.854946e+01	772	7.216883e-01	7.000000e-01	
7.865120e+01	773	8.324636e+01	2.432386e+02	7.865120e+01	773	7.450224e-01	7.000000e-01	
7.875295e+01	774	8.909980e+01	2.313933e+02	7.875295e+01	774	7.219915e-01	7.000000e-01	
7.885470e+01	775	9.511261e+01	2.199579e+02	7.885470e+01	775	6.981228e-01	7.000000e-01	
7.895645e+01	776	9.931596e+01	2.775210e+02	7.895645e+01	776	7.364485e-01	7.000000e-01	
7.905820e+01	777	9.468549e+01	2.441520e+02	7.905820e+01	777	7.205578e-01	7.000000e-01	
7.915994e+01	778	9.464489e+01	2.549099e+02	7.915994e+01	778	7.292416e-01	7.000000e-01	
7.926169e+01	779	9.689003e+01	2.729434e+02	7.926169e+01	779	7.380171e-01	7.000000e-01	
7.936344e+01	780	1.012092e+02	2.466056e+02	7.936344e+01	780	7.090141e-01	7.000000e-01	
7.946519e+01	781	6.509492e+01	2.472714e+02	7.946519e+01	781	7.916071e-01	7.000000e-01	
7.956694e+01	782	6.988435e+01	2.425853e+02	7.956694e+01	782	7.763484e-01	7.000000e-01	
7.966868e+01	783	5.956732e+01	2.155175e+02	7.966868e+01	783	7.834584e-01	7.000000e-01	
7.977043e+01	784	9.894371e+01	2.290413e+02	7.977043e+01	784	6.983286e-01	7.000000e-01	
7.987218e+01	785	7.336072e+01	2.434892e+02	7.987218e+01	785	7.684686e-01	7.000000e-01	
7.997393e+01	786	6.057165e+01	2.346013e+02	7.997393e+01	786	7.947927e-01	7.000000e-01	
8.007568e+01	787	1.172312e+02	2.211451e+02	8.007568e+01	787	6.535478e-01	7.000000e-01	
8.017742e+01	788	1.007625e+02	2.314147e+02	8.017742e+01	788	6.966604e-01	7.000000e-01	
8.027917e+01	789	1.038462e+02	2.088822e+02	8.027917e+01	789	6.679349e-01	7.000000e-01	
8.038092e+01	790	1.069146e+02	2.408198e+02	8.038092e+01	790	6.925395e-01	7.000000e-01	
8.048267e+01	791	1.012296e+02	2.302166e+02	8.048267e+01	791	6.945821e-01	7.000000e-01	
8.058442e+01	792	1.126809e+02	2.304168e+02	8.058442e+01	792	6.715778e-01	7.000000e-01	
8.068616e+01	793	1.054207e+02	2.400012e+02	8.068616e+01	793	6.948060e-01	7.000000e-01	
8.078791e+01	794	1.008827e+02	2.425804e+02	8.078791e+01	794	7.062779e-01	7.000000e-01	
8.088966e+01	795	5.778231e+01	2.488656e+02	8.088966e+01	795	8.115679e-01	7.000000e-01	
8.099141e+01	796	7.202852e+01	2.396805e+02	8.099141e+01	796	7.689239e-01	7.000000e-01	
8.109316e+01	797	6.335201e+01	2.418873e+02	8.109316e+01	797	7.924513e-01	7.000000e-01	
8.119490e+01	798	6.369837e+01	2.420501e+02	8.119490e+01	798	7.916641e-01	7.000000e-01	
8.129665e+01	799	6.480682e+01	2.594643e+02	8.129665e+01	799	8.001462e-01	7.000000e-01	
8.139840e+01	800	6.346008e+01	2.420208e+02	8.139840e+01	800	7.922617e-01	7.000000e-01	
8.150015e+01	801	8.831854e+01	2.227921e+02	8.150015e+01	801	7.161185e-01	7.000000e-01	
8.160190e+01	802	9.691829e+01	2.220350e+02	8.160190e+01	802	6.961364e-01	7.000000e-01	
8.170364e+01	803	8.806832e+01	2.217514e+02	8.170364e+01	803	7.157433e-01	7.000000e-01	
8.180539e+01	804	6.490868e+01	2.330717e+02	8.180539e+01	804	7.821713e-01	7.000000e-01	
8.190714e+01	805	8.523099e+01	2.266503e+02	8.190714e+01	805	7.267198e-01	7.000000e-01	
8.200889e+01	806	1.371295e+02	2.180607e+02	8.200889e+01	806	6.139266e-01	7.000000e-01	
8.211064e+01	807	8.087629e+01	2.373799e+02	8.211064e+01	807	7.458768e-01	7.000000e-01	
8.221238e+01	808	9.446103e+01	2.197106e+02	8.221238e+01	808	6.993330e-01	7.000000e-01	
8.231413e+01	809	9.408915e+01	2.205855e+02	8.231413e+01	809	7.009955e-01	7.000000e-01	
8.241588e+01	810	6.893974e+01	2.371873e+02	8.241588e+01	810	7.748002e-01	7.000000e-01	
8.251763e+01	811	9.293185e+01	2.367271e+02	8.251763e+01	811	7.180970e-01	7.000000e-01	
8.261938e+01	812	7.614672e+01	2.390074e+02	8.261938e+01	812	7.583826e-01	7.000000e-01	
8.272112e+01	813	7.599617e+01	2.294244e+02	8.272112e+01	813	7.511753e-01	7.000000e-01	
8.282287e+01	814	7.577542e+01	2.406037e+02	8.282287e+01	814	7.604917e-01	7.000000e-01	
8.292462e+01	815	7.175759e+01	2.154635e+02	8.292462e+01	815	7.501660e-01	7.000000e-01	
8.302637e+01	816	7.449612e+01	2.269921e+02	8.302637e+01	816	7.529054e-01	7.000000e-01	
8.312812e+01	817	7.058355e+01	2.200809e+02	8.312812e+01	817	7.571648e-01	7.000000e-01	
8.322986e+01	818	7.073769e+01	2.309184e+02	8.322986e+01	818	7.655022e-01	7.000000e-01	
8.333161e+01	819	7.797520e+01	2.384712e+02	8.333161e+01	819	7.535911e-01	7.000000e-01	
8.343336e+01	820	7.699008e+01	2.088926e+02	8.343336e+01	820	7.306934e-01	7.000000e-01	
8.353511e+01	821	7.708906e+01	1.967813e+02	8.353511e+01	821	7.185199e-01	7.000000e-01	
8.363686e+01	822	7.284670e+01	2.297468e+02	8.363686e+01	822	7.592589e-01	7.000000e-01	
8.373860e+01	823	6.720614e+01	1.949480e+02	8.373860e+01	823	7.436388e-01	7.000000e-01	
8.384035e+01	824	7.278963e+01	2.087511e+02	8.384035e+01	824	7.414597e-01	7.000000e-01	
8.394210e+01	825	9.754434e+01	1.973349e+02	8.394210e+01	825	6.692058e-01	7.000000e-01	
8.404385e+01	826	3.415499e+02	-1.011463e+01	8.404385e+01	826	-3.051766e-02	0	
8.414560e+01	827	3.536724e+02	8.522118e+00	8.414560e+01	827	2.352912e-02	0	
8.424734e+01	828	3.320750e+02	-1.595156e+01	8.424734e+01	828	-5.045991e-02	0	
8.434909e+01	829	3.189840e+02	-1.297671e+01	8.434909e+01	829	-4.240654e-02	0	
8.445084e+01	830	3.289759e+02	-9.264483e+00	8.445084e+01	830	-2.897764e-02	0	
8.455259e+01	831	3.122840e+02	-3.458830e+00	8.455259e+01	831	-1.119996e-02	0	
8.465434e+01	832	3.236495e+02	-2.870476e+01	8.465434e+01	832	-9.732250e-02	0	
8.475608e+01	833	3.096168e+02	5.751350e+00	8.475608e+01	833	1.823694e-02	0	
8.485783e+01	834	3.431591e+02	-1.441091e+00	8.485783e+01	834	-4.217194e-03	0	
8.495958e+01	835	3.257491e+02	-1.265317e+01	8.495958e+01	835	-4.041308e-02	0	
8.506133e+01	836	3.310446e+02	8.400813e+00	8.506133e+01	836	2.474864e-02	0	
8.516308e+01	837	3.284930e+02	8.726916e+00	8.516308e+01	837	2.587901e-02	0	
8.526482e+01	838	3.128262e+02	-8.936658e+00	8.526482e+01	838	-2.940759e-02	0	
8.536657e+01	839	2.926552e+02	6.642904e+00	8.536657e+01	839	2.219494e-02	0	
8.546832e+01	840	3.031539e+02	1.737327e+01	8.546832e+01	840	5.420218e-02	0	
8.557007e+01	841	3.319970e+02	-1.001035e+00	8.557007e+01	841	-3.024312e-03	0	
8.567182e+01	842	3.263704e+02	1.276708e+01	8.567182e+01	842	3.764574e-02	0	
8.577356e+01	843	3.523039e+02	-4.079598e+00	8.577356e+01	843	-1.171543e-02	0	
8.587531e+01	844	3.445479e+02	5.762811e+00	8.587531e+01	844	1.645057e-02	0	
8.597706e+01	845	3.373694e+02	-3.518477e+00	8.597706e+01	845	-1.053907e-02	0	
8.607881e+01	846	3.194449e+02	-1.290228e+01	8.607881e+01	846	-4.208968e-02	0	
8.618056e+01	847	3.207140e+02	-3.835555e-03	8.618056e+01	847	-1.195957e-05	0	
8.628230e+01	848	3.229413e+02	-6.268213e+00	8.628230e+01	848	-1.979396e-02	0	
8.638405e+01	849	3.284959e+02	-2.067899e+01	8.638405e+01	849	-6.717951e-02	0	
8.648580e+01	850	3.458839e+02	-1.911150e+00	8.648580e+01	850	-5.556109e-03	0	
8.658755e+01	851	3.230204e+02	7.918995e+00	8.658755e+01	851	2.392884e-02	0	
8.668930e+01	852	2.924082e+02	5.819253e+00	8.668930e+01	852	1.951280e-02	0	
8.679104e+01	853	3.006805e+02	1.056721e+01	8.679104e+01	853	3.395113e-02	0	
8.689279e+01	854	3.091587e+02	-1.350930e+00	8.689279e+01	854	-4.388876e-03	0	
8.699454e+01	855	3.184252e+02	1.001817e+01	8.699454e+01	855	3.050197e-02	0	
8.709629e+01	856	3.020114e+02	4.796497e+00	8.709629e+01	856	1.563355e-02	0	
8.719804e+01	857	3.131810e+02	4.006750e-01	8.719804e+01	857	1.277737e-03	0	
8.729978e+01	858	2.970986e+02	1.395375e+01	8.729978e+01	858	4.485981e-02	0	
8.740153e+01	859	3.001884e+02	1.603269e+01	8.740153e+01	859	5.070089e-02	0	
8.750328e+01	860	3.045107e+02	1.100703e+01	8.750328e+01	860	3.488561e-02	0	
8.760503e+01	861	2.910527e+02	1.582637e+01	8.760503e+01	861	5.157201e-02	0	
8.770678e+01	862	3.170332e+02	1.797014e+01	8.770678e+01	862	5.364167e-02	0	
8.780852e+01	863	3.027110e+02	1.360351e+01	8.780852e+01	863	4.300628e-02	0	
8.791027e+01	864	2.998816e+02	-1.205939e+01	8.791027e+01	864	-4.189875e-02	0	
8.801202e+01	865	3.239597e+02	7.078751e+00	8.801202e+01	865	2.138347e-02	0	
8.811377e+01	866	3.235013e+02	1.907818e+01	8.811377e+01	866	5.568979e-02	0	
8.821552e+01	867	3.439890e+02	2.838115e+00	8.821552e+01	867	8.183083e-03	0	
8.831726e+01	868	3.308371e+02	3.059791e+01	8.831726e+01	868	8.465674e-02	0	
8.841901e+01	869	2.796384e+02	-1.566456e+01	8.841901e+01	869	-5.934133e-02	0	
8.852076e+01	870	3.353823e+02	7.484660e+00	8.852076e+01	870	2.182963e-02	0	
8.862251e+01	871	3.473470e+02	4.379505e+01	8.862251e+01	871	1.119671e-01	0	
8.872426e+01	872	3.198998e+02	2.412953e+01	8.872426e+01	872	7.013800e-02	0	
8.882600e+01	873	3.072974e+02	2.180651e+01	8.882600e+01	873	6.626026e-02	0	
8.892775e+01	874	3.337844e+02	2.294140e+01	8.892775e+01	874	6.431102e-02	0	
8.902950e+01	875	3.140907e+02	2.359498e+01	8.902950e+01	875	6.987261e-02	0	
8.913125e+01	876	3.118872e+02	1.353315e+01	8.913125e+01	876	4.158667e-02	0	
8.923300e+01	877	3.087069e+02	2.160270e+01	8.923300e+01	877	6.540137e-02	0	
8.933474e+01	878	3.309790e+02	2.481574e+01	8.933474e+01	878	6.974735e-02	0	
8.943649e+01	879	3.116908e+02	3.620724e+01	8.943649e+01	879	1.040743e-01	0	
8.953824e+01	880	3.335774e+02	3.008130e+01	8.953824e+01	880	8.271849e-02	0	
8.963999e+01	881	3.058458e+02	8.432794e+00	8.963999e+01	881	2.683223e-02	0	
8.974174e+01	882	3.325790e+02	1.930385e+01	8.974174e+01	882	5.485874e-02	0	
8.984348e+01	883	3.311306e+02	9.669881e+00	8.984348e+01	883	2.837402e-02	0	
8.994523e+01	884	3.275611e+02	2.205955e+01	8.994523e+01	884	6.309567e-02	0	
9.004698e+01	885	3.322793e+02	3.127158e+01	9.004698e+01	885	8.601707e-02	0	
9.014873e+01	886	3.426863e+02	2.959194e+00	9.014873e+01	886	8.561356e-03	0	
9.025048e+01	887	3.238037e+02	2.299185e+01	9.025048e+01	887	6.629800e-02	0	
9.035222e+01	888	3.342020e+02	-3.449558e-02	9.035222e+01	888	-1.032284e-04	0	
9.045397e+01	889	3.261173e+02	9.099271e+00	9.045397e+01	889	2.714445e-02	0	
9.055572e+01	890	3.368277e+02	1.070303e+01	9.055572e+01	890	3.079736e-02	0	
9.065747e+01	891	3.479050e+02	4.578006e+00	9.065747e+01	891	1.298788e-02	0	
9.075922e+01	892	2.994317e+02	3.169628e+01	9.075922e+01	892	9.572214e-02	0	
9.086096e+01	893	3.002070e+02	1.997739e+01	9.086096e+01	893	6.239339e-02	0	
9.096271e+01	894	2.849554e+02	4.245415e+01	9.096271e+01	894	1.296668e-01	0	
9.106446e+01	895	3.057225e+02	3.744039e+01	9.106446e+01	895	1.091038e-01	0	
9.116621e+01	896	3.069804e+02	7.693191e+00	9.116621e+01	896	2.444816e-02	0	
9.126796e+01	897	3.203615e+02	2.577495e+01	9.126796e+01	897	7.446471e-02	0	
9.136970e+01	898	3.257119e+02	2.306207e+01	9.136970e+01	898	6.612325e-02	0	
9.147145e+01	899	3.032821e+02	4.168011e+01	9.147145e+01	899	1.208251e-01	0	
9.157320e+01	900	3.028739e+02	2.682413e+01	9.157320e+01	900	8.135969e-02	0	
9.167495e+01	901	3.175648e+02	3.043569e+01	9.167495e+01	901	8.745876e-02	0	
9.177670e+01	902	3.205940e+02	2.315028e+01	9.177670e+01	902	6.734739e-02	0	
9.187844e+01	903	3.153412e+02	3.408763e+01	9.187844e+01	903	9.755243e-02	0	
9.198019e+01	904	3.216579e+02	2.745332e+01	9.198019e+01	904	7.863775e-02	0	
9.208194e+01	905	3.254901e+02	2.393457e+01	9.208194e+01	905	6.849708e-02	0	
9.218369e+01	906	3.168765e+02	3.036298e+01	9.218369e+01	906	8.744104e-02	0	
9.228544e+01	907	3.197591e+02	2.009480e+01	9.228544e+01	907	5.912776e-02	0	
9.238718e+01	908	3.356676e+02	-6.255120e+00	9.238718e+01	908	-1.898872e-02	0	
9.248893e+01	909	3.598505e+02	-2.886115e+01	9.248893e+01	909	-8.719661e-02	0	
9.259068e+01	910	3.115694e+02	1.683998e+01	9.259068e+01	910	5.127740e-02	0	
9.269243e+01	911	3.166324e+02	1.261711e+01	9.269243e+01	911	3.832082e-02	0	
9.279418e+01	912	3.236974e+02	5.800553e+00	9.279418e+01	912	1.760422e-02	0	
9.289592e+01	913	3.112325e+02	9.080979e+00	9.289592e+01	913	2.835029e-02	0	
9.299767e+01	914	3.031489e+02	1.156866e+01	9.299767e+01	914	3.675886e-02	0	
9.309942e+01	915	3.727522e+02	1.344202e+01	9.309942e+01	915	3.480637e-02	0	
9.320117e+01	916	3.504463e+02	5.284829e+00	9.320117e+01	916	1.485625e-02	0	
9.330292e+01	917	3.526108e+02	8.467243e+00	9.330292e+01	917	2.344990e-02	0	
9.340466e+01	918	3.718257e+02	2.150320e+01	9.340466e+01	918	5.466977e-02	0	
9.350641e+01	919	3.741759e+02	8.115523e+00	9.350641e+01	919	2.122863e-02	0	
9.360816e+01	920	3.644903e+02	-8.096130e+00	9.360816e+01	920	-2.271679e-02	0	
9.370991e+01	921	3.194409e+02	-1.464272e+01	9.370991e+01	921	-4.804071e-02	0	
9.381166e+01	922	3.566069e+02	1.194864e+01	9.381166e+01	922	3.242019e-02	0	
9.391340e+01	923	2.944152e+02	-2.307652e+01	9.391340e+01	923	-8.504692e-02	0	
9.401515e+01	924	3.232996e+02	-1.388176e+01	9.401515e+01	924	-4.486412e-02	0	
9.411690e+01	925	3.188435e+02	-5.234289e-02	9.411690e+01	925	-1.641918e-04	0	
9.421865e+01	926	3.487608e+02	-4.220599e+00	9.421865e+01	926	-1.224995e-02	0	
9.432040e+01	927	3.664602e+02	1.436428e+01	9.432040e+01	927	3.771890e-02	0	
9.442214e+01	928	3.346155e+02	3.428279e+00	9.442214e+01	928	1.014152e-02	0	
9.452389e+01	929	3.220877e+02	-1.185903e+01	9.452389e+01	929	-3.822674e-02	0	
9.462564e+01	930	3.450644e+02	6.477898e+00	9.462564e+01	930	1.842708e-02	0	
9.472739e+01	931	3.299205e+02	7.172672e-01	9.472739e+01	931	2.169344e-03	0	
9.482914e+01	932	2.938307e+02	1.249357e+01	9.482914e+01	932	4.078544e-02	0	
9.493088e+01	933	3.523981e+02	3.429777e+00	9.493088e+01	933	9.638865e-03	0	
9.503263e+01	934	3.164439e+02	1.417692e+00	9.503263e+01	934	4.460092e-03	0	
9.513438e+01	935	3.227727e+02	-6.931358e-01	9.513438e+01	935	-2.152064e-03	0	
9.523613e+01	936	3.273455e+02	1.437964e-01	9.523613e+01	936	4.390873e-04	0	
9.533788e+01	937	3.276744e+02	-8.940661e+00	9.533788e+01	937	-2.805056e-02	0	
9.543962e+01	938	3.077048e+02	1.394086e+01	9.543962e+01	938	4.334229e-02	0	
9.554137e+01	939	3.046049e+02	2.469978e+01	9.554137e+01	939	7.500586e-02	0	
9.564312e+01	940	3.205581e+02	-3.796809e+00	9.564312e+01	940	-1.198634e-02	0	
9.574487e+01	941	3.268957e+02	-6.357392e+00	9.574487e+01	941	-1.983349e-02	0	
9.584662e+01	942	3.259619e+02	-9.759100e+00	9.584662e+01	942	-3.086342e-02	0	
9.594836e+01	943	3.135108e+02	-7.741176e+00	9.594836e+01	943	-2.531702e-02	0	
9.605011e+01	944	3.025122e+02	4.636996e-01	9.605011e+01	944	1.530483e-03	0	
9.615186e+01	945	3.264314e+02	9.453298e+00	9.615186e+01	945	2.814447e-02	0	
9.625361e+01	946	3.264932e+02	-8.234818e+00	9.625361e+01	946	-2.587463e-02	0	
9.635536e+01	947	3.183211e+02	1.166326e+01	9.635536e+01	947	3.534489e-02	0	
9.645710e+01	948	3.209249e+02	-7.728186e+00	9.645710e+01	948	-2.467518e-02	0	
9.655885e+01	949	3.347801e+02	1.063378e+01	9.655885e+01	949	3.078562e-02	0	
9.666060e+01	950	3.256412e+02	6.825868e+00	9.666060e+01	950	2.053096e-02	0	
9.676235e+01	951	3.243287e+02	1.395480e-01	9.676235e+01	951	4.300821e-04	0	
9.686410e+01	952	3.275914e+02	-1.135579e+00	9.686410e+01	952	-3.478507e-03	0	
9.696584e+01	953	3.219927e+02	9.716413e+00	9.696584e+01	953	2.929197e-02	0	
9.706759e+01	954	3.401290e+02	1.000951e+01	9.706759e+01	954	2.858729e-02	0	
9.716934e+01	955	3.426903e+02	8.454034e+00	9.716934e+01	955	2.407567e-02	0	
9.727109e+01	956	3.469449e+02	1.351989e+00	9.727109e+01	956	3.881714e-03	0	
9.737284e+01	957	3.416358e+02	1.436269e+01	9.737284e+01	957	4.034481e-02	0	
9.747458e+01	958	3.248261e+02	5.337602e+00	9.747458e+01	958	1.616653e-02	0	
9.757633e+01	959	3.465436e+02	1.386946e+00	9.757633e+01	959	3.986273e-03	0	
9.767808e+01	960	3.246796e+02	4.303418e+00	9.767808e+01	960	1.308097e-02	0	
9.777983e+01	961	3.220610e+02	1.216298e+01	9.777983e+01	961	3.639170e-02	0	
9.788158e+01	962	3.266181e+02	1.010981e+01	9.788158e+01	962	3.002368e-02	0	
9.798332e+01	963	3.445241e+02	3.058839e+00	9.798332e+01	963	8.800314e-03	0	
9.808507e+01	964	3.493334e+02	-1.344247e+01	9.808507e+01	964	-4.002034e-02	0	
9.818682e+01	965	3.233235e+02	4.110724e+00	9.818682e+01	965	1.255435e-02	0	
9.828857e+01	966	2.957415e+02	3.516126e+01	9.828857e+01	966	1.062586e-01	0	
9.839032e+01	967	3.271022e+02	1.936967e+01	9.839032e+01	967	5.590546e-02	0	
9.849206e+01	968	3.345311e+02	2.002829e+01	9.849206e+01	968	5.648783e-02	0	
9.859381e+01	969	3.254331e+02	1.000510e+01	9.859381e+01	969	2.982695e-02	0	
9.869556e+01	970	3.109383e+02	2.219659e+01	9.869556e+01	970	6.662944e-02	0	
9.879731e+01	971	3.677983e+02	1.159963e+01	9.879731e+01	971	3.057378e-02	0	
9.889906e+01	972	3.067597e+02	1.893173e+01	9.889906e+01	972	5.812781e-02	0	
9.900080e+01	973	3.247856e+02	2.284216e+01	9.900080e+01	973	6.570868e-02	0	
9.910255e+01	974	3.405022e+02	9.192649e+00	9.910255e+01	974	2.628763e-02	0	
9.920430e+01	975	3.287632e+02	1.985973e+01	9.920430e+01	975	5.696622e-02	0	
9.930605e+01	976	3.269238e+02	2.129493e+01	9.930605e+01	976	6.115389e-02	0	
9.940780e+01	977	3.413858e+02	-2.154827e+01	9.940780e+01	977	-6.737255e-02	0	
9.950954e+01	978	3.582622e+02	9.253275e+00	9.950954e+01	978	2.517792e-02	0	
9.961129e+01	979	3.227931e+02	1.324202e+01	9.961129e+01	979	3.940665e-02	0	
9.971304e+01	980	3.349606e+02	7.379942e+00	9.971304e+01	980	2.155731e-02	0	
9.981479e+01	981	3.152651e+02	1.960601e+01	9.981479e+01	981	5.854793e-02	0	
9.991654e+01	982	3.109179e+02	2.165253e+01	9.991654e+01	982	6.510660e-02	0	
1.000183e+02	983	3.142220e+02	2.506791e+01	1.000183e+02	983	7.388345e-02	0	
1.001200e+02	984	3.129481e+02	2.967753e+01	1.001200e+02	984	8.661795e-02	0	
1.002218e+02	985	3.283040e+02	9.610738e+00	1.002218e+02	985	2.844131e-02	0	
1.003235e+02	986	3.099522e+02	3.254134e+01	1.003235e+02	986	9.501300e-02	0	
1.004253e+02	987	3.209232e+02	2.902514e+00	1.004253e+02	987	8.963198e-03	0	
1.005270e+02	988	3.269492e+02	6.747075e+00	1.005270e+02	988	2.021921e-02	0	
1.006288e+02	989	3.273969e+02	-6.898109e-01	1.006288e+02	989	-2.111405e-03	0	
1.007305e+02	990	3.309244e+02	1.641890e+01	1.007305e+02	990	4.726995e-02	0	
1.008323e+02	991	3.213626e+02	-4.008109e+00	1.008323e+02	991	-1.262975e-02	0	
1.009340e+02	992	3.353482e+02	1.096990e+01	1.009340e+02	992	3.167579e-02	0	
1.010358e+02	993	3.136499e+02	-2.394804e+01	1.010358e+02	993	-8.266443e-02	0	
1.011375e+02	994	3.277316e+02	2.826398e+00	1.011375e+02	994	8.550385e-03	0	
1.012393e+02	995	3.061615e+02	1.698837e+01	1.012393e+02	995	5.257118e-02	0	
1.013410e+02	996	3.154561e+02	-1.616112e+01	1.013410e+02	996	-5.399730e-02	0	
1.014428e+02	997	3.118545e+02	3.682017e-01	1.014428e+02	997	1.179292e-03	0	
1.015445e+02	998	3.061413e+02	1.060659e+01	1.015445e+02	998	3.348591e-02	0	
1.016463e+02	999	3.159020e+02	5.514744e+00	1.016463e+02	999	1.715761e-02	0	
1.017480e+02	1000	3.056083e+02	6.478458e+00	1.017480e+02	1000	2.075852e-02	0	
1.018497e+02	1001	2.898198e+02	2.044724e+01	1.018497e+02	1001	6.590207e-02	0	
1.019515e+02	1002	3.520029e+02	8.688313e+00	1.019515e+02	1002	2.408795e-02	0	
1.020532e+02	1003	3.411356e+02	3.975085e+00	1.020532e+02	1003	1.151829e-02	0	
1.021550e+02	1004	3.439433e+02	-7.227925e+00	1.021550e+02	1004	-2.146598e-02	0	
1.022567e+02	1005	3.777823e+02	1.357650e+01	1.022567e+02	1005	3.469067e-02	0	
1.023585e+02	1006	3.256470e+02	-1.347542e+01	1.023585e+02	1006	-4.316671e-02	0	
1.024602e+02	1007	3.379845e+02	9.292334e+00	1.024602e+02	1007	2.675771e-02	0	
1.025620e+02	1008	3.133962e+02	-1.126181e+01	1.025620e+02	1008	-3.727417e-02	0	
1.026637e+02	1009	3.527176e+02	-1.252651e+01	1.026637e+02	1009	-3.682198e-02	0	
1.027655e+02	1010	3.452937e+02	6.153733e+00	1.027655e+02	1010	1.750968e-02	0	
1.028672e+02	1011	3.551257e+02	-7.484886e+00	1.028672e+02	1011	-2.153052e-02	0	
1.029690e+02	1012	3.902157e+02	-2.542327e+01	1.029690e+02	1012	-6.969243e-02	0	
1.030707e+02	1013	3.780039e+02	-9.583448e+00	1.030707e+02	1013	-2.601226e-02	0	
1.031725e+02	1014	3.321562e+02	-1.233426e+01	1.031725e+02	1014	-3.856602e-02	0	
1.032742e+02	1015	2.816293e+02	-1.539965e+01	1.032742e+02	1015	-5.784348e-02	0	
1.033760e+02	1016	2.862610e+02	-2.192924e+01	1.033760e+02	1016	-8.296105e-02	0	
1.034777e+02	1017	3.401636e+02	4.109914e+00	1.034777e+02	1017	1.193793e-02	0	
1.035795e+02	1018	3.225801e+02	5.442775e+00	1.035795e+02	1018	1.659267e-02	0	
1.036812e+02	1019	3.148683e+02	-1.453015e+01	1.036812e+02	1019	-4.837930e-02	0	
1.037830e+02	1020	3.263766e+02	6.224133e+00	1.037830e+02	1020	1.871353e-02	0	
1.038847e+02	1021	3.523314e+02	-6.061143e-01	1.038847e+02	1021	-1.723261e-03	0	
1.039865e+02	1022	3.210540e+02	6.603288e+00	1.039865e+02	1022	2.015303e-02	0	
1.040882e+02	1023	3.298317e+02	2.624106e+00	1.040882e+02	1023	7.893097e-03	0	
1.041900e+02	1024	3.018411e+02	-4.877793e+00	1.041900e+02	1024	-1.642557e-02	0	
1.042917e+02	1025	3.241662e+02	-7.626676e+00	1.042917e+02	1025	-2.409391e-02	0	
1.043934e+02	1026	3.397850e+02	1.203977e+01	1.043934e+02	1026	3.422093e-02	0	
1.044952e+02	1027	3.289995e+02	7.905238e+00	1.044952e+02	1027	2.346431e-02	0	
1.045969e+02	1028	3.228220e+02	1.289355e-01	1.045969e+02	1028	3.992418e-04	0	
1.046987e+02	1029	2.967791e+02	-1.750046e+01	1.046987e+02	1029	-6.266308e-02	0	
1.048004e+02	1030	2.618132e+02	-1.255875e+00	1.048004e+02	1030	-4.819957e-03	0	
1.049022e+02	1031	3.000061e+02	-2.327136e+00	1.049022e+02	1031	-7.817603e-03	0	
1.050039e+02	1032	2.788056e+02	-9.342468e+00	1.050039e+02	1032	-3.467067e-02	0	
1.051057e+02	1033	3.341130e+02	8.720363e+00	1.051057e+02	1033	2.543616e-02	0	
1.052074e+02	1034	3.573677e+02	-4.912187e+00	1.052074e+02	1034	-1.393704e-02	0	
1.053092e+02	1035	3.299446e+02	1.002360e+01	1.053092e+02	1035	2.948393e-02	0	
1.054109e+02	1036	3.366715e+02	1.374346e+01	1.054109e+02	1036	3.922053e-02	0	
1.055127e+02	1037	3.475883e+02	-2.267913e+00	1.055127e+02	1037	-6.567562e-03	0	
1.056144e+02	1038	3.515759e+02	4.010781e+00	1.056144e+02	1038	1.127933e-02	0	
1.057162e+02	1039	3.351225e+02	1.178455e+01	1.057162e+02	1039	3.397034e-02	0	
1.058179e+02	1040	3.362853e+02	-5.366194e-01	1.058179e+02	1040	-1.598277e-03	0	
1.059197e+02	1041	3.215808e+02	3.163960e+00	1.059197e+02	1041	9.742913e-03	0	
1.060214e+02	1042	3.455713e+02	5.377752e+00	1.060214e+02	1042	1.532345e-02	0	
1.061232e+02	1043	3.437164e+02	5.051591e-01	1.061232e+02	1043	1.467541e-03	0	
1.062249e+02	1044	3.254155e+02	-6.655643e+00	1.062249e+02	1044	-2.087980e-02	0	
1.063267e+02	1045	3.088398e+02	-8.352218e+00	1.063267e+02	1045	-2.779555e-02	0	
1.064284e+02	1046	3.156861e+02	-1.795851e+00	1.064284e+02	1046	-5.721270e-03	0	
1.065302e+02	1047	3.187385e+02	1.495002e-02	1.065302e+02	1047	4.690152e-05	0	
1.066319e+02	1048	3.239002e+02	3.583572e+00	1.066319e+02	1048	1.094275e-02	0	
1.067337e+02	1049	3.311832e+02	6.894946e+00	1.067337e+02	1049	2.039453e-02	0	
1.068354e+02	1050	3.243671e+02	3.394537e+00	1.068354e+02	1050	1.035672e-02	0	
1.069371e+02	1051	2.749289e+02	-1.399742e+01	1.069371e+02	1051	-5.364404e-02	0	
1.070389e+02	1052	3.316670e+02	-2.610616e+01	1.070389e+02	1052	-8.543686e-02	0	
1.071406e+02	1053	3.196303e+02	-9.669523e-01	1.071406e+02	1053	-3.034401e-03	0	
1.072424e+02	1054	3.038545e+02	-2.100976e+01	1.072424e+02	1054	-7.428019e-02	0	
1.073441e+02	1055	3.449013e+02	1.578789e+01	1.073441e+02	1055	4.377145e-02	0	
1.074459e+02	1056	3.979074e+02	3.571718e+01	1.074459e+02	1056	8.236890e-02	0	
1.075476e+02	1057	3.534866e+02	2.428284e+01	1.075476e+02	1057	6.427952e-02	0	
1.076494e+02	1058	3.530311e+02	1.982237e+01	1.076494e+02	1058	5.316397e-02	0	
1.077511e+02	1059	3.404129e+02	8.878602e+00	1.077511e+02	1059	2.541889e-02	0	
1.078529e+02	1060	3.349202e+02	1.271357e+01	1.078529e+02	1060	3.657173e-02	0	
1.079546e+02	1061	3.531333e+02	8.326188e+00	1.079546e+02	1061	2.303491e-02	0	
1.080564e+02	1062	3.545531e+02	2.989499e+01	1.080564e+02	1062	7.776080e-02	0	
1.081581e+02	1063	3.588879e+02	2.377227e+01	1.081581e+02	1063	6.212371e-02	0	
1.082599e+02	1064	3.430410e+02	2.927445e+01	1.082599e+02	1064	7.862808e-02	0	
1.083616e+02	1065	3.604932e+02	2.270490e+01	1.083616e+02	1065	5.925108e-02	0	
1.084634e+02	1066	3.510723e+02	7.393441e+00	1.084634e+02	1066	2.062524e-02	0	
1.085651e+02	1067	3.607486e+02	6.212562e+01	1.085651e+02	1067	1.469128e-01	0	
1.086669e+02	1068	3.496348e+02	1.972418e+01	1.086669e+02	1068	5.340111e-02	0	
1.087686e+02	1069	3.557713e+02	1.909627e+01	1.087686e+02	1069	5.094138e-02	0	
1.088704e+02	1070	2.980176e+02	1.052177e+01	1.088704e+02	1070	3.410187e-02	0	
1.089721e+02	1071	3.279696e+02	1.980903e+01	1.089721e+02	1071	5.695873e-02	0	
1.090739e+02	1072	3.180067e+02	4.356918e+00	1.090739e+02	1072	1.351554e-02	0	
1.091756e+02	1073	3.074931e+02	8.633787e+00	1.091756e+02	1073	2.731114e-02	0	
1.092774e+02	1074	3.009486e+02	8.262410e+00	1.092774e+02	1074	2.672094e-02	0	
1.093791e+02	1075	3.181037e+02	3.779674e+00	1.093791e+02	1075	1.174237e-02	0	
1.094808e+02	1076	3.207681e+02	2.295099e+01	1.094808e+02	1076	6.677252e-02	0	
1.095826e+02	1077	3.250659e+02	5.542075e+01	1.095826e+02	1077	1.456575e-01	0	
1.096843e+02	1078	3.030885e+02	7.711861e+00	1.096843e+02	1078	2.481291e-02	0	
1.097861e+02	1079	3.513636e+02	1.893339e+01	1.097861e+02	1079	5.113028e-02	0	
1.098878e+02	1080	3.218272e+02	2.650149e+01	1.098878e+02	1080	7.608185e-02	0	
1.099896e+02	1081	3.176821e+02	1.684118e+01	1.099896e+02	1081	5.034382e-02	0	
1.100913e+02	1082	3.205315e+02	1.751031e+01	1.100913e+02	1082	5.179924e-02	0	
1.101931e+02	1083	3.252918e+02	4.822634e+01	1.101931e+02	1083	1.291138e-01	0	
1.102948e+02	1084	3.519822e+02	1.944738e+01	1.102948e+02	1084	5.235819e-02	0	
1.103966e+02	1085	3.242199e+02	2.467568e+01	1.103966e+02	1085	7.072511e-02	0	
1.104983e+02	1086	3.108125e+02	2.453349e+01	1.104983e+02	1086	7.315874e-02	0	
1.106001e+02	1087	3.316919e+02	1.301193e+01	1.106001e+02	1087	3.774814e-02	0	
1.107018e+02	1088	3.226451e+02	1.996778e+01	1.107018e+02	1088	5.828088e-02	0	
1.108036e+02	1089	3.095969e+02	2.933454e+01	1.108036e+02	1089	8.655007e-02	0	
1.109053e+02	1090	3.321561e+02	2.971851e+01	1.109053e+02	1090	8.212378e-02	0	
1.110071e+02	1091	3.148404e+02	1.487510e+01	1.110071e+02	1091	4.511496e-02	0	
1.111088e+02	1092	2.776752e+02	3.294290e+01	1.111088e+02	1092	1.060560e-01	0	
1.112106e+02	1093	3.237547e+02	2.042768e+01	1.112106e+02	1093	5.935132e-02	0	
1.113123e+02	1094	2.994675e+02	3.279724e+01	1.113123e+02	1094	9.870816e-02	0	
1.114141e+02	1095	3.073924e+02	2.919172e+01	1.114141e+02	1095	8.672934e-02	0	
1.115158e+02	1096	3.025349e+02	2.153657e+01	1.115158e+02	1096	6.645624e-02	0	
1.116176e+02	1097	2.995141e+02	3.270240e+01	1.116176e+02	1097	9.843701e-02	0	
1.117193e+02	1098	3.013465e+02	3.699390e+01	1.117193e+02	1098	1.093393e-01	0	
1.118211e+02	1099	3.385897e+02	2.323694e+01	1.118211e+02	1099	6.422120e-02	0	
1.119228e+02	1100	3.704156e+02	3.622295e+01	1.119228e+02	1100	8.907899e-02	0	
1.120245e+02	1101	3.242249e+02	3.111232e+01	1.120245e+02	1101	8.755717e-02	0	
1.121263e+02	1102	3.800841e+02	4.222282e+01	1.121263e+02	1102	9.998136e-02	0	
1.122280e+02	1103	3.286382e+02	2.337562e+01	1.122280e+02	1103	6.640540e-02	0	
1.123298e+02	1104	3.664126e+02	2.188794e+01	1.123298e+02	1104	5.636855e-02	0	
1.124315e+02	1105	3.477034e+02	3.006439e+01	1.124315e+02	1105	7.958431e-02	0	
1.125333e+02	1106	3.300649e+02	1.056311e+01	1.125333e+02	1106	3.101069e-02	0	
1.126350e+02	1107	3.111764e+02	-8.634120e+00	1.126350e+02	1107	-2.853856e-02	0	
1.127368e+02	1108	3.394114e+02	9.237539e+00	1.127368e+02	1108	2.649524e-02	0	
1.128385e+02	1109	3.203083e+02	6.375405e+00	1.128385e+02	1109	1.951553e-02	0	
1.129403e+02	1110	2.834205e+02	1.800707e+01	1.129403e+02	1110	5.973929e-02	0	
1.130420e+02	1111	3.394357e+02	1.362602e+01	1.130420e+02	1111	3.859388e-02	0	
1.131438e+02	1112	3.438006e+02	1.467386e+01	1.131438e+02	1112	4.093419e-02	0	
1.132455e+02	1113	3.299006e+02	9.805634e+00	1.132455e+02	1113	2.886504e-02	0	
1.133473e+02	1114	3.427843e+02	1.688590e+01	1.133473e+02	1114	4.694829e-02	0	
1.134490e+02	1115	3.464710e+02	2.045409e+01	1.134490e+02	1115	5.574459e-02	0	
1.135508e+02	1116	3.240741e+02	3.222251e+01	1.135508e+02	1116	9.043732e-02	0	
1.136525e+02	1117	3.426090e+02	2.988245e+01	1.136525e+02	1117	8.022318e-02	0	
1.137543e+02	1118	3.497566e+02	5.512091e+00	1.137543e+02	1118	1.551527e-02	0	
1.138560e+02	1119	3.214342e+02	9.625063e+00	1.138560e+02	1119	2.907353e-02	0	
1.139578e+02	1120	3.310857e+02	2.495036e+01	1.139578e+02	1120	7.007818e-02	0	
1.140595e+02	1121	3.448833e+02	1.282419e+01	1.140595e+02	1121	3.585105e-02	0	
1.141613e+02	1122	3.158385e+02	1.732623e+01	1.141613e+02	1122	5.200499e-02	0	
1.142630e+02	1123	3.184074e+02	1.795806e+01	1.142630e+02	1123	5.338854e-02	0	
1.143648e+02	1124	3.459198e+02	2.757064e+01	1.143648e+02	1124	7.381886e-02	0	
1.144665e+02	1125	3.290704e+02	1.886138e+00	1.144665e+02	1125	5.699050e-03	0	
1.145682e+02	1126	3.053898e+02	4.022620e+01	1.145682e+02	1126	1.163899e-01	0	
1.146700e+02	1127	3.703983e+02	-7.243167e+00	1.146700e+02	1127	-1.994510e-02	0	
1.147717e+02	1128	3.550242e+02	1.683895e+01	1.147717e+02	1128	4.528265e-02	0	
1.148735e+02	1129	3.514182e+02	7.434225e+00	1.148735e+02	1129	2.071666e-02	0	
1.149752e+02	1130	3.251886e+02	1.571663e+01	1.149752e+02	1130	4.610264e-02	0	
1.150770e+02	1131	3.509909e+02	1.282393e+01	1.150770e+02	1131	3.524851e-02	0	
1.151787e+02	1132	3.350273e+02	6.511195e+00	1.151787e+02	1132	1.906431e-02	0	
1.152805e+02	1133	3.431510e+02	2.004206e+01	1.152805e+02	1133	5.518294e-02	0	
1.153822e+02	1134	3.200987e+02	5.809328e+00	1.153822e+02	1134	1.782505e-02	0	
1.154840e+02	1135	3.680478e+02	4.712825e+00	1.154840e+02	1135	1.264303e-02	0	
1.155857e+02	1136	3.187728e+02	2.227838e+01	1.155857e+02	1136	6.532269e-02	0	
1.156875e+02	1137	3.242626e+02	1.445850e+01	1.156875e+02	1137	4.268556e-02	0	
1.157892e+02	1138	2.886759e+02	7.148015e+01	1.157892e+02	1138	1.984699e-01	0	
1.158910e+02	1139	3.428833e+02	1.324523e+01	1.158910e+02	1139	3.719227e-02	0	
1.159927e+02	1140	3.486875e+02	1.369724e+01	1.159927e+02	1140	3.779751e-02	0	
1.160945e+02	1141	3.431235e+02	1.080124e+01	1.160945e+02	1141	3.051847e-02	0	
1.161962e+02	1142	3.296431e+02	1.298296e+01	1.161962e+02	1142	3.789251e-02	0	
1.162980e+02	1143	3.187125e+02	1.614937e+01	1.162980e+02	1143	4.822696e-02	0	
1.163997e+02	1144	3.369948e+02	1.804835e+01	1.163997e+02	1144	5.083424e-02	0	
1.165015e+02	1145	3.546006e+02	1.617632e+01	1.165015e+02	1145	4.362817e-02	0	
1.166032e+02	1146	8.720124e+01	2.580438e+02	1.166032e+02	1146	7.474222e-01	7.000000e-01	
1.167050e+02	1147	7.196823e+01	2.414617e+02	1.167050e+02	1147	7.703849e-01	7.000000e-01	
1.168067e+02	1148	6.684261e+01	2.403019e+02	1.168067e+02	1148	7.823741e-01	7.000000e-01	
1.169085e+02	1149	6.970834e+01	2.365690e+02	1.169085e+02	1149	7.724012e-01	7.000000e-01	
1.170102e+02	1150	7.548255e+01	2.219073e+02	1.170102e+02	1150	7.461832e-01	7.000000e-01	
1.171119e+02	1151	5.338262e+01	2.352213e+02	1.171119e+02	1151	8.150315e-01	7.000000e-01	
1.172137e+02	1152	6.213695e+01	2.332057e+02	1.172137e+02	1152	7.896106e-01	7.000000e-01	
1.173154e+02	1153	8.719762e+01	2.276731e+02	1.173154e+02	1153	7.230685e-01	7.000000e-01	
1.174172e+02	1154	7.194708e+01	2.497372e+02	1.174172e+02	1154	7.763426e-01	7.000000e-01	
1.175189e+02	1155	7.002425e+01	2.483309e+02	1.175189e+02	1155	7.800436e-01	7.000000e-01	
1.176207e+02	1156	9.920931e+01	2.481956e+02	1.176207e+02	1156	7.144274e-01	7.000000e-01	
1.177224e+02	1157	8.149009e+01	2.473122e+02	1.177224e+02	1157	7.521608e-01	7.000000e-01	
1.178242e+02	1158	8.068064e+01	2.269263e+02	1.178242e+02	1158	7.377152e-01	7.000000e-01	
1.179259e+02	1159	8.912736e+01	2.206180e+02	1.179259e+02	1159	7.122560e-01	7.000000e-01	
1.180277e+02	1160	9.566117e+01	2.085453e+02	1.180277e+02	1160	6.855387e-01	7.000000e-01	
1.181294e+02	1161	8.512825e+01	2.264184e+02	1.181294e+02	1161	7.267560e-01	7.000000e-01	
1.182312e+02	1162	8.111606e+01	2.438617e+02	1.182312e+02	1162	7.503950e-01	7.000000e-01	
1.183329e+02	1163	8.784044e+01	2.197906e+02	1.183329e+02	1163	7.144617e-01	7.000000e-01	
1.184347e+02	1164	8.585710e+01	2.331486e+02	1.184347e+02	1164	7.308603e-01	7.000000e-01	
1.185364e+02	1165	7.627141e+01	2.372346e+02	1.185364e+02	1165	7.567147e-01	7.000000e-01	
1.186382e+02	1166	8.226459e+01	2.363372e+02	1.186382e+02	1166	7.417950e-01	7.000000e-01	
1.187399e+02	1167	8.941098e+01	2.363322e+02	1.187399e+02	1167	7.255170e-01	7.000000e-01	
1.188417e+02	1168	7.543235e+01	2.340007e+02	1.188417e+02	1168	7.562240e-01	7.000000e-01	
1.189434e+02	1169	6.404233e+01	2.457832e+02	1.189434e+02	1169	7.932955e-01	7.000000e-01	
1.190452e+02	1170	8.203095e+01	2.285332e+02	1.190452e+02	1170	7.358647e-01	7.000000e-01	
1.191469e+02	1171	8.272751e+01	2.351016e+02	1.191469e+02	1171	7.397107e-01	7.000000e-01	
1.192487e+02	1172	8.430996e+01	2.345004e+02	1.192487e+02	1172	7.355482e-01	7.000000e-01	
1.193504e+02	1173	7.761365e+01	2.355559e+02	1.193504e+02	1173	7.521673e-01	7.000000e-01	
1.194522e+02	1174	8.454136e+01	2.303421e+02	1.194522e+02	1174	7.315154e-01	7.000000e-01	
1.195539e+02	1175	7.755628e+01	2.367333e+02	1.195539e+02	1175	7.532331e-01	7.000000e-01	
1.196556e+02	1176	7.705171e+01	2.312269e+02	1.196556e+02	1176	7.500582e-01	7.000000e-01	
1.197574e+02	1177	8.025004e+01	2.344601e+02	1.197574e+02	1177	7.450033e-01	7.000000e-01	
1.198591e+02	1178	8.794903e+01	2.313028e+02	1.198591e+02	1178	7.245152e-01	7.000000e-01	
1.199609e+02	1179	8.680673e+01	2.387820e+02	1.199609e+02	1179	7.333853e-01	7.000000e-01	
1.200626e+02	1180	8.001079e+01	2.251144e+02	1.200626e+02	1180	7.377772e-01	7.000000e-01	
1.201644e+02	1181	7.809851e+01	2.418255e+02	1.201644e+02	1181	7.558842e-01	7.000000e-01	
1.202661e+02	1182	6.194013e+01	2.314605e+02	1.202661e+02	1182	7.888889e-01	7.000000e-01	
1.203679e+02	1183	9.477150e+01	2.484177e+02	1.203679e+02	1183	7.238506e-01	7.000000e-01	
1.204696e+02	1184	9.266500e+01	2.329725e+02	1.204696e+02	1184	7.154351e-01	7.000000e-01	
1.205714e+02	1185	8.000994e+01	2.251147e+02	1.205714e+02	1185	7.377795e-01	7.000000e-01	
1.206731e+02	1186	9.984064e+01	2.258573e+02	1.206731e+02	1186	6.934563e-01	7.000000e-01	
1.207749e+02	1187	9.685663e+01	2.444007e+02	1.207749e+02	1187	7.161771e-01	7.000000e-01	
1.208766e+02	1188	8.654123e+01	2.328639e+02	1.208766e+02	1188	7.290550e-01	7.000000e-01	
1.209784e+02	1189	9.243075e+01	2.573521e+02	1.209784e+02	1189	7.357482e-01	7.000000e-01	
1.210801e+02	1190	9.485901e+01	2.385671e+02	1.210801e+02	1190	7.155022e-01	7.000000e-01	
1.211819e+02	1191	7.891349e+01	2.591787e+02	1.211819e+02	1191	7.665918e-01	7.000000e-01	
1.212836e+02	1192	9.373125e+01	2.237260e+02	1.212836e+02	1192	7.047437e-01	7.000000e-01	
1.213854e+02	1193	8.641318e+01	2.465007e+02	1.213854e+02	1193	7.404338e-01	7.000000e-01	
1.214871e+02	1194	8.097991e+01	2.383994e+02	1.214871e+02	1194	7.464460e-01	7.000000e-01	
1.215889e+02	1195	7.592146e+01	2.514932e+02	1.215889e+02	1195	7.681183e-01	7.000000e-01	
1.216906e+02	1196	7.877948e+01	2.457078e+02	1.216906e+02	1196	7.572186e-01	7.000000e-01	
1.217924e+02	1197	8.154994e+01	2.481985e+02	1.217924e+02	1197	7.526904e-01	7.000000e-01	
1.218941e+02	1198	7.934798e+01	2.538954e+02	1.218941e+02	1198	7.618918e-01	7.000000e-01	
1.219959e+02	1199	7.287170e+01	2.433652e+02	1.219959e+02	1199	7.695661e-01	7.000000e-01	
1.220976e+02	1200	8.852092e+01	2.313443e+02	1.220976e+02	1200	7.232556e-01	7.000000e-01	
1.221993e+02	1201	1.002470e+02	2.029606e+02	1.221993e+02	1201	6.693783e-01	7.000000e-01	
1.223011e+02	1202	8.575039e+01	2.225993e+02	1.223011e+02	1202	7.219054e-01	7.000000e-01	
1.224028e+02	1203	8.284632e+01	2.227595e+02	1.224028e+02	1203	7.289112e-01	7.000000e-01	
1.225046e+02	1204	7.452626e+01	2.148240e+02	1.225046e+02	1204	7.424358e-01	7.000000e-01	
1.226063e+02	1205	9.311636e+01	2.336474e+02	1.226063e+02	1205	7.150346e-01	7.000000e-01	
1.227081e+02	1206	6.817906e+01	2.334165e+02	1.227081e+02	1206	7.739388e-01	7.000000e-01	
1.228098e+02	1207	5.989948e+01	2.236789e+02	1.228098e+02	1207	7.887728e-01	7.000000e-01	
1.229116e+02	1208	5.907197e+01	2.196045e+02	1.229116e+02	1208	7.880267e-01	7.000000e-01	
1.230133e+02	1209	6.360738e+01	2.108371e+02	1.230133e+02	1209	7.682322e-01	7.000000e-01	
1.231151e+02	1210	5.215095e+01	2.244241e+02	1.231151e+02	1210	8.114401e-01	7.000000e-01	
1.232168e+02	1211	7.056872e+01	2.381312e+02	1.232168e+02	1211	7.714003e-01	7.000000e-01	
1.233186e+02	1212	8.157702e+01	2.290074e+02	1.233186e+02	1212	7.373435e-01	7.000000e-01	
1.234203e+02	1213	7.608193e+01	2.332859e+02	1.234203e+02	1213	7.540729e-01	7.000000e-01	
1.235221e+02	1214	6.473668e+01	2.465376e+02	1.235221e+02	1214	7.920269e-01	7.000000e-01	
1.236238e+02	1215	9.343657e+01	2.311715e+02	1.236238e+02	1215	7.121557e-01	7.000000e-01	
1.237256e+02	1216	6.717959e+01	2.092581e+02	1.237256e+02	1216	7.569811e-01	7.000000e-01	
1.238273e+02	1217	6.532264e+01	2.109173e+02	1.238273e+02	1217	7.635293e-01	7.000000e-01	
1.239291e+02	1218	9.008593e+01	2.814882e+02	1.239291e+02	1218	7.575560e-01	7.000000e-01	
1.240308e+02	1219	7.325918e+01	2.211786e+02	1.240308e+02	1219	7.511896e-01	7.000000e-01	
1.241326e+02	1220	9.169141e+01	2.553929e+02	1.241326e+02	1220	7.358238e-01	7.000000e-01	
1.242343e+02	1221	8.923458e+01	2.590403e+02	1.242343e+02	1221	7.437812e-01	7.000000e-01	
1.243361e+02	1222	8.668655e+01	2.664480e+02	1.243361e+02	1222	7.545226e-01	7.000000e-01	
1.244378e+02	1223	8.767886e+01	3.053326e+02	1.244378e+02	1223	7.769051e-01	7.000000e-01	
1.245396e+02	1224	8.747113e+01	2.772564e+02	1.245396e+02	1224	7.601740e-01	7.000000e-01	
1.246413e+02	1225	7.981751e+01	2.595520e+02	1.246413e+02	1225	7.648065e-01	7.000000e-01	
1.247430e+02	1226	8.781160e+01	2.562500e+02	1.247430e+02	1226	7.447794e-01	7.000000e-01	
1.248448e+02	1227	8.409558e+01	2.639745e+02	1.248448e+02	1227	7.583947e-01	7.000000e-01	
1.249465e+02	1228	8.774807e+01	2.490237e+02	1.249465e+02	1228	7.394435e-01	7.000000e-01	
1.250483e+02	1229	7.442668e+01	2.577840e+02	1.250483e+02	1229	7.759654e-01	7.000000e-01	
1.251500e+02	1230	7.391566e+01	2.549183e+02	1.251500e+02	1230	7.752189e-01	7.000000e-01	
1.252518e+02	1231	7.895338e+01	2.554850e+02	1.252518e+02	1231	7.639225e-01	7.000000e-01	
1.253535e+02	1232	7.666297e+01	2.495481e+02	1.253535e+02	1232	7.649897e-01	7.000000e-01	
1.254553e+02	1233	7.354033e+01	2.281495e+02	1.254553e+02	1233	7.562386e-01	7.000000e-01	
1.255570e+02	1234	7.227113e+01	2.370600e+02	1.255570e+02	1234	7.663632e-01	7.000000e-01	
1.256588e+02	1235	8.160895e+01	2.514856e+02	1.256588e+02	1235	7.549976e-01	7.000000e-01	
1.257605e+02	1236	8.521206e+01	2.306338e+02	1.257605e+02	1236	7.302100e-01	7.000000e-01	
1.258623e+02	1237	7.008649e+01	2.470880e+02	1.258623e+02	1237	7.790286e-01	7.000000e-01	
1.259640e+02	1238	6.625627e+01	2.432413e+02	1.259640e+02	1238	7.859231e-01	7.000000e-01	
1.260658e+02	1239	7.742242e+01	2.303794e+02	1.260658e+02	1239	7.484667e-01	7.000000e-01	
1.261675e+02	1240	8.845151e+01	2.484621e+02	1.261675e+02	1240	7.374653e-01	7.000000e-01	
1.262693e+02	1241	8.193416e+01	2.231129e+02	1.262693e+02	1241	7.314049e-01	7.000000e-01	
1.263710e+02	1242	7.846818e+01	2.157615e+02	1.263710e+02	1242	7.333098e-01	7.000000e-01	
1.264728e+02	1243	8.515500e+01	2.624952e+02	1.264728e+02	1243	7.550555e-01	7.000000e-01	
1.265745e+02	1244	8.761798e+01	2.246358e+02	1.265745e+02	1244	7.194014e-01	7.000000e-01	
1.266763e+02	1245	9.923571e+01	2.638109e+02	1.266763e+02	1245	7.266585e-01	7.000000e-01	
1.267780e+02	1246	9.716348e+01	2.594025e+02	1.267780e+02	1246	7.275021e-01	7.000000e-01	
1.268798e+02	1247	8.164471e+01	2.679892e+02	1.268798e+02	1247	7.664852e-01	7.000000e-01	
1.269815e+02	1248	1.086132e+02	2.165270e+02	1.269815e+02	1248	6.659496e-01	7.000000e-01	
1.270833e+02	1249	1.056904e+02	2.143146e+02	1.270833e+02	1249	6.697227e-01	7.000000e-01	
1.271850e+02	1250	9.651016e+01	2.437144e+02	1.271850e+02	1250	7.163339e-01	7.000000e-01	
1.272867e+02	1251	9.779134e+01	2.679385e+02	1.272867e+02	1251	7.326132e-01	7.000000e-01	
1.273885e+02	1252	7.724390e+01	2.332076e+02	1.273885e+02	1252	7.511885e-01	7.000000e-01	
1.274902e+02	1253	8.731396e+01	2.675521e+02	1.274902e+02	1253	7.539524e-01	7.000000e-01	
1.275920e+02	1254	1.048435e+02	2.138843e+02	1.275920e+02	1254	6.710563e-01	7.000000e-01	
1.276937e+02	1255	1.050423e+02	2.809251e+02	1.276937e+02	1255	7.278467e-01	7.000000e-01	
1.277955e+02	1256	9.197661e+01	2.726631e+02	1.277955e+02	1256	7.477603e-01	7.000000e-01	
1.278972e+02	1257	9.723750e+01	2.596272e+02	1.278972e+02	1257	7.275228e-01	7.000000e-01	
1.279990e+02	1258	1.091411e+02	2.676353e+02	1.279990e+02	1258	7.103293e-01	7.000000e-01	
1.281007e+02	1259	1.155013e+02	2.630086e+02	1.281007e+02	1259	6.948526e-01	7.000000e-01	
1.282025e+02	1260	1.096412e+02	2.811690e+02	1.282025e+02	1260	7.194515e-01	7.000000e-01	
1.283042e+02	1261	1.027806e+02	2.217708e+02	1.283042e+02	1261	6.833149e-01	7.000000e-01	
1.284060e+02	1262	1.032812e+02	2.225690e+02	1.284060e+02	1262	6.830409e-01	7.000000e-01	
1.285077e+02	1263	1.093773e+02	2.799703e+02	1.285077e+02	1263	7.190754e-01	7.000000e-01	
1.286095e+02	1264	1.055236e+02	2.129811e+02	1.286095e+02	1264	6.686906e-01	7.000000e-01	
1.287112e+02	1265	1.043351e+02	2.783828e+02	1.287112e+02	1265	7.273838e-01	7.000000e-01	
1.288130e+02	1266	1.077879e+02	2.204604e+02	1.288130e+02	1266	6.716269e-01	7.000000e-01	
1.289147e+02	1267	1.050630e+02	2.196930e+02	1.289147e+02	1267	6.764863e-01	7.000000e-01	
1.290165e+02	1268	1.291416e+02	2.412883e+02	1.290165e+02	1268	6.513737e-01	7.000000e-01	
1.291182e+02	1269	1.007477e+02	2.200649e+02	1.291182e+02	1269	6.859609e-01	7.000000e-01	
1.292200e+02	1270	1.000717e+02	2.296629e+02	1.292200e+02	1270	6.965083e-01	7.000000e-01	
1.293217e+02	1271	1.065445e+02	2.196696e+02	1.293217e+02	1271	6.733909e-01	7.000000e-01	
1.294235e+02	1272	9.981151e+01	1.993060e+02	1.294235e+02	1272	6.663134e-01	7.000000e-01	
1.295252e+02	1273	1.065249e+02	2.183320e+02	1.295252e+02	1273	6.720867e-01	7.000000e-01	
1.296270e+02	1274	1.202778e+02	2.516255e+02	1.296270e+02	1274	6.765885e-01	7.000000e-01	
1.297287e+02	1275	1.264084e+02	2.429781e+02	1.297287e+02	1275	6.577883e-01	7.000000e-01	
1.298304e+02	1276	1.154277e+02	2.397592e+02	1.298304e+02	1276	6.750226e-01	7.000000e-01	
1.299322e+02	1277	1.124723e+02	2.247915e+02	1.299322e+02	1277	6.665154e-01	7.000000e-01	
1.300339e+02	1278	8.490457e+01	2.439929e+02	1.300339e+02	1278	7.418509e-01	7.000000e-01	
1.301357e+02	1279	1.052537e+02	2.330316e+02	1.301357e+02	1279	6.888611e-01	7.000000e-01	
1.302374e+02	1280	8.532975e+01	2.113641e+02	1.302374e+02	1280	7.123980e-01	7.000000e-01	
1.303392e+02	1281	8.125313e+01	2.546182e+02	1.303392e+02	1281	7.580826e-01	7.000000e-01	
1.304409e+02	1282	8.486915e+01	2.572316e+02	1.304409e+02	1282	7.519177e-01	7.000000e-01	
1.305427e+02	1283	8.598027e+01	2.097226e+02	1.305427e+02	1283	7.092342e-01	7.000000e-01	
1.306444e+02	1284	9.188563e+01	2.500509e+02	1.306444e+02	1284	7.312787e-01	7.000000e-01	
1.307462e+02	1285	8.789344e+01	2.295771e+02	1.307462e+02	1285	7.231446e-01	7.000000e-01	
1.308479e+02	1286	8.923603e+01	2.392265e+02	1.308479e+02	1286	7.283220e-01	7.000000e-01	
1.309497e+02	1287	1.023878e+02	2.421522e+02	1.309497e+02	1287	7.028275e-01	7.000000e-01	
1.310514e+02	1288	7.548084e+01	2.529907e+02	1.310514e+02	1288	7.702058e-01	7.000000e-01	
1.311532e+02	1289	1.013797e+02	2.525030e+02	1.311532e+02	1289	7.135217e-01	7.000000e-01	
1.312549e+02	1290	1.132902e+02	2.312751e+02	1.312549e+02	1290	6.712083e-01	7.000000e-01	
1.313567e+02	1291	1.083990e+02	2.370574e+02	1.313567e+02	1291	6.862151e-01	7.000000e-01	
1.314584e+02	1292	9.903587e+01	2.398965e+02	1.314584e+02	1292	7.078005e-01	7.000000e-01	
1.315602e+02	1293	1.022203e+02	2.453276e+02	1.315602e+02	1293	7.058814e-01	7.000000e-01	
1.316619e+02	1294	1.105531e+02	2.175739e+02	1.316619e+02	1294	6.630783e-01	7.000000e-01	
1.317637e+02	1295	9.911362e+01	2.235352e+02	1.317637e+02	1295	6.928127e-01	7.000000e-01	
1.318654e+02	1296	9.661973e+01	2.178098e+02	1.318654e+02	1296	6.927142e-01	7.000000e-01	
1.319672e+02	1297	1.106789e+02	2.330496e+02	1.319672e+02	1297	6.780049e-01	7.000000e-01	
1.320689e+02	1298	1.076442e+02	2.219078e+02	1.320689e+02	1298	6.733620e-01	7.000000e-01	
1.321707e+02	1299	8.734007e+01	2.206749e+02	1.321707e+02	1299	7.164421e-01	7.000000e-01	
1.322724e+02	1300	9.226433e+01	2.273088e+02	1.322724e+02	1300	7.112888e-01	7.000000e-01	
1.323741e+02	1301	1.051927e+02	2.342593e+02	1.323741e+02	1301	6.901102e-01	7.000000e-01	
1.324759e+02	1302	7.127061e+01	2.475616e+02	1.324759e+02	1302	7.764636e-01	7.000000e-01	
1.325776e+02	1303	9.241109e+01	2.186286e+02	1.325776e+02	1303	7.028961e-01	7.000000e-01	
1.326794e+02	1304	1.020184e+02	2.072691e+02	1.326794e+02	1304	6.701503e-01	7.000000e-01	
1.327811e+02	1305	9.816390e+01	2.167274e+02	1.327811e+02	1305	6.882610e-01	7.000000e-01	
1.328829e+02	1306	9.538283e+01	2.288078e+02	1.328829e+02	1306	7.057817e-01	7.000000e-01	
1.329846e+02	1307	1.026397e+02	2.324168e+02	1.329846e+02	1307	6.936645e-01	7.000000e-01	
1.330864e+02	1308	8.927644e+01	2.227017e+02	1.330864e+02	1308	7.138375e-01	7.000000e-01	
1.331881e+02	1309	8.514603e+01	2.353769e+02	1.331881e+02	1309	7.343528e-01	7.000000e-01	
1.332899e+02	1310	1.030424e+02	2.146201e+02	1.332899e+02	1310	6.756230e-01	7.000000e-01	
1.333916e+02	1311	7.974658e+01	2.437988e+02	1.333916e+02	1311	7.535227e-01	7.000000e-01	
1.334934e+02	1312	7.762079e+01	2.460220e+02	1.334934e+02	1312	7.601652e-01	7.000000e-01	
1.335951e+02	1313	3.799027e+01	2.474374e+02	1.335951e+02	1313	8.669005e-01	7.000000e-01	
1.336969e+02	1314	7.513939e+01	2.671787e+02	1.336969e+02	1314	7.804983e-01	7.000000e-01	
1.337986e+02	1315	8.424104e+01	2.297272e+02	1.337986e+02	1315	7.316893e-01	7.000000e-01	
1.339004e+02	1316	9.629092e+01	2.379592e+02	1.339004e+02	1316	7.119196e-01	7.000000e-01	
1.340021e+02	1317	5.202902e+01	2.351306e+02	1.340021e+02	1317	8.188150e-01	7.000000e-01	
1.341039e+02	1318	8.110975e+01	2.481964e+02	1.341039e+02	1318	7.536950e-01	7.000000e-01	
1.342056e+02	1319	4.780354e+01	2.629412e+02	1.342056e+02	1319	8.461646e-01	7.000000e-01	
1.343074e+02	1320	7.522985e+01	2.428373e+02	1.343074e+02	1320	7.634781e-01	7.000000e-01	
1.344091e+02	1321	1.039215e+02	2.429364e+02	1.344091e+02	1321	7.003917e-01	7.000000e-01	
1.345109e+02	1322	7.369986e+01	2.524030e+02	1.345109e+02	1322	7.739981e-01	7.000000e-01	
1.346126e+02	1323	9.853425e+01	2.240588e+02	1.346126e+02	1323	6.945556e-01	7.000000e-01	
1.347144e+02	1324	1.229594e+02	2.834804e+02	1.347144e+02	1324	6.974720e-01	7.000000e-01	
1.348161e+02	1325	9.533318e+01	2.356188e+02	1.348161e+02	1325	7.119426e-01	7.000000e-01	
1.349178e+02	1326	1.003286e+02	2.351583e+02	1.349178e+02	1326	7.009463e-01	7.000000e-01	
1.350196e+02	1327	7.753149e+01	2.280119e+02	1.350196e+02	1327	7.462505e-01	7.000000e-01	
1.351213e+02	1328	1.034098e+02	2.284215e+02	1.351213e+02	1328	6.883663e-01	7.000000e-01	
1.352231e+02	1329	7.213934e+01	2.074416e+02	1.352231e+02	1329	7.419733e-01	7.000000e-01	
1.353248e+02	1330	6.178676e+01	2.110657e+02	1.353248e+02	1330	7.735525e-01	7.000000e-01	
1.354266e+02	1331	7.804820e+01	2.119422e+02	1.354266e+02	1331	7.308594e-01	7.000000e-01	
1.355283e+02	1332	7.487103e+01	2.116919e+02	1.355283e+02	1332	7.387274e-01	7.000000e-01	
1.356301e+02	1333	6.315478e+01	2.132171e+02	1.356301e+02	1333	7.714862e-01	7.000000e-01	
1.357318e+02	1334	8.354421e+01	2.272881e+02	1.357318e+02	1334	7.312242e-01	7.000000e-01	
1.358336e+02	1335	9.159374e+01	2.086156e+02	1.358336e+02	1335	6.949004e-01	7.000000e-01	
1.359353e+02	1336	7.353483e+01	2.235772e+02	1.359353e+02	1336	7.525013e-01	7.000000e-01	
1.360371e+02	1337	7.077025e+01	2.175756e+02	1.360371e+02	1337	7.545647e-01	7.000000e-01	
1.361388e+02	1338	9.876572e+01	2.783849e+02	1.361388e+02	1338	7.381266e-01	7.000000e-01	
1.362406e+02	1339	9.120821e+01	2.612230e+02	1.362406e+02	1339	7.412028e-01	7.000000e-01	
1.363423e+02	1340	8.643205e+01	2.202169e+02	1.363423e+02	1340	7.181401e-01	7.000000e-01	
1.364441e+02	1341	9.089805e+01	2.566873e+02	1.364441e+02	1341	7.384871e-01	7.000000e-01	
1.365458e+02	1342	7.417916e+01	2.208138e+02	1.365458e+02	1342	7.485392e-01	7.000000e-01	
1.366476e+02	1343	8.443212e+01	2.338254e+02	1.366476e+02	1343	7.347050e-01	7.000000e-01	
1.367493e+02	1344	7.086073e+01	2.464346e+02	1.367493e+02	1344	7.766726e-01	7.000000e-01	
1.368511e+02	1345	7.407001e+01	2.192477e+02	1.368511e+02	1345	7.474752e-01	7.000000e-01	
1.369528e+02	1346	9.391832e+01	2.501179e+02	1.369528e+02	1346	7.270104e-01	7.000000e-01	
1.370546e+02	1347	7.217219e+01	2.327959e+02	1.370546e+02	1347	7.633451e-01	7.000000e-01	
1.371563e+02	1348	8.788096e+01	2.424675e+02	1.371563e+02	1348	7.339750e-01	7.000000e-01	
1.372581e+02	1349	8.047220e+01	2.189852e+02	1.372581e+02	1349	7.312733e-01	7.000000e-01	
1.373598e+02	1350	1.222607e+02	3.372913e+02	1.373598e+02	1350	7.339568e-01	7.000000e-01	
1.374615e+02	1351	8.170946e+01	2.160666e+02	1.374615e+02	1351	7.256010e-01	7.000000e-01	
1.375633e+02	1352	8.015831e+01	2.196274e+02	1.375633e+02	1352	7.326146e-01	7.000000e-01	
1.376650e+02	1353	9.590201e+01	1.859535e+02	1.376650e+02	1353	6.597476e-01	7.000000e-01	
1.377668e+02	1354	8.397706e+01	2.243999e+02	1.377668e+02	1354	7.276805e-01	7.000000e-01	
1.378685e+02	1355	8.840183e+01	2.385632e+02	1.378685e+02	1355	7.296291e-01	7.000000e-01	
1.379703e+02	1356	8.557452e+01	2.220302e+02	1.379703e+02	1356	7.218036e-01	7.000000e-01	
1.380720e+02	1357	8.358192e+01	2.063834e+02	1.380720e+02	1357	7.117520e-01	7.000000e-01	
1.381738e+02	1358	8.728645e+01	2.188215e+02	1.381738e+02	1358	7.148508e-01	7.000000e-01	
1.382755e+02	1359	8.235356e+01	2.216648e+02	1.382755e+02	1359	7.291165e-01	7.000000e-01	
1.383773e+02	1360	7.393279e+01	2.331281e+02	1.383773e+02	1360	7.592243e-01	7.000000e-01	
1.384790e+02	1361	9.296507e+01	2.456932e+02	1.384790e+02	1361	7.254900e-01	7.000000e-01	
1.385808e+02	1362	8.307620e+01	2.235140e+02	1.385808e+02	1362	7.290318e-01	7.000000e-01	
1.386825e+02	1363	8.811047e+01	2.478211e+02	1.386825e+02	1363	7.377130e-01	7.000000e-01	
1.387843e+02	1364	9.089336e+01	2.300677e+02	1.387843e+02	1364	7.168088e-01	7.000000e-01	
1.388860e+02	1365	8.508697e+01	2.498277e+02	1.388860e+02	1365	7.459443e-01	7.000000e-01	
1.389878e+02	1366	9.362033e+01	2.361031e+02	1.389878e+02	1366	7.160641e-01	7.000000e-01	
1.390895e+02	1367	8.627966e+01	2.426007e+02	1.390895e+02	1367	7.376564e-01	7.000000e-01	
1.391913e+02	1368	9.789757e+01	2.547953e+02	1.391913e+02	1368	7.224283e-01	7.000000e-01	
1.392930e+02	1369	7.528767e+01	2.499704e+02	1.392930e+02	1369	7.685294e-01	7.000000e-01	
1.393948e+02	1370	8.133440e+01	2.423393e+02	1.393948e+02	1370	7.487148e-01	7.000000e-01	
1.394965e+02	1371	6.366874e+01	2.401399e+02	1.394965e+02	1371	7.904314e-01	7.000000e-01	
1.395983e+02	1372	8.918794e+01	2.798571e+02	1.395983e+02	1372	7.583278e-01	7.000000e-01	
1.397000e+02	1373	7.639677e+01	2.523929e+02	1.397000e+02	1373	7.676424e-01	7.000000e-01	
1.398018e+02	1374	7.705111e+01	2.515508e+02	1.398018e+02	1374	7.655184e-01	7.000000e-01	
1.399035e+02	1375	6.278530e+01	2.409188e+02	1.399035e+02	1375	7.932682e-01	7.000000e-01	
1.400052e+02	1376	7.994078e+01	2.369974e+02	1.400052e+02	1376	7.477717e-01	7.000000e-01	
1.401070e+02	1377	8.879154e+01	2.626255e+02	1.401070e+02	1377	7.473329e-01	7.000000e-01	
1.402087e+02	1378	8.163332e+01	2.299350e+02	1.402087e+02	1378	7.379922e-01	7.000000e-01	
1.403105e+02	1379	8.190097e+01	2.339108e+02	1.403105e+02	1379	7.406652e-01	7.000000e-01	
1.404122e+02	1380	8.705669e+01	2.509433e+02	1.404122e+02	1380	7.424358e-01	7.000000e-01	
1.405140e+02	1381	1.006253e+02	2.673904e+02	1.405140e+02	1381	7.265733e-01	7.000000e-01	
1.406157e+02	1382	9.549090e+01	2.902388e+02	1.406157e+02	1382	7.524409e-01	7.000000e-01	
1.407175e+02	1383	8.119222e+01	2.399551e+02	1.407175e+02	1383	7.471808e-01	7.000000e-01	
1.408192e+02	1384	8.619373e+01	2.687244e+02	1.408192e+02	1384	7.571448e-01	7.000000e-01	
1.409210e+02	1385	6.652713e+01	2.816253e+02	1.409210e+02	1385	8.089138e-01	7.000000e-01	
1.410227e+02	1386	1.041692e+02	2.195446e+02	1.410227e+02	1386	6.782059e-01	7.000000e-01	
1.411245e+02	1387	9.687494e+01	2.017407e+02	1.411245e+02	1387	6.755865e-01	7.000000e-01	
1.412262e+02	1388	1.041046e+02	2.374581e+02	1.412262e+02	1388	6.952109e-01	7.000000e-01	
1.413280e+02	1389	9.301809e+01	2.473201e+02	1.413280e+02	1389	7.266892e-01	7.000000e-01	
1.414297e+02	1390	9.193172e+01	2.470032e+02	1.414297e+02	1390	7.287629e-01	7.000000e-01	
1.415315e+02	1391	1.139174e+02	2.659651e+02	1.415315e+02	1391	7.001246e-01	7.000000e-01	
1.416332e+02	1392	9.809440e+01	2.409323e+02	1.416332e+02	1392	7.106588e-01	7.000000e-01	
1.417350e+02	1393	9.590190e+01	2.064757e+02	1.417350e+02	1393	6.828406e-01	7.000000e-01	
1.418367e+02	1394	1.067943e+02	2.321035e+02	1.418367e+02	1394	6.848776e-01	7.000000e-01	
1.419385e+02	1395	1.011372e+02	2.333292e+02	1.419385e+02	1395	6.976163e-01	7.000000e-01	
1.420402e+02	1396	1.109643e+02	2.016014e+02	1.420402e+02	1396	6.449889e-01	7.000000e-01	
1.421420e+02	1397	1.081396e+02	2.058110e+02	1.421420e+02	1397	6.555522e-01	7.000000e-01	
1.422437e+02	1398	1.062190e+02	2.207902e+02	1.422437e+02	1398	6.751804e-01	7.000000e-01	
1.423455e+02	1399	9.993072e+01	2.041956e+02	1.423455e+02	1399	6.714171e-01	7.000000e-01	
1.424472e+02	1400	1.083036e+02	2.021158e+02	1.424472e+02	1400	6.511056e-01	7.000000e-01	
1.425489e+02	1401	9.697824e+01	2.332893e+02	1.425489e+02	1401	7.063646e-01	7.000000e-01	
1.426507e+02	1402	9.090486e+01	2.271203e+02	1.426507e+02	1402	7.141583e-01	7.000000e-01	
1.427524e+02	1403	9.598674e+01	2.299197e+02	1.427524e+02	1403	7.054776e-01	7.000000e-01	
1.428542e+02	1404	9.786484e+01	2.256057e+02	1.428542e+02	1404	6.974536e-01	7.000000e-01	
1.429559e+02	1405	8.999570e+01	2.344216e+02	1.429559e+02	1405	7.225928e-01	7.000000e-01	
1.430577e+02	1406	9.583406e+01	2.278003e+02	1.430577e+02	1406	7.038817e-01	7.000000e-01	
1.431594e+02	1407	9.650892e+01	2.225616e+02	1.431594e+02	1407	6.975311e-01	7.000000e-01	
1.432612e+02	1408	9.433263e+01	2.306462e+02	1.432612e+02	1408	7.097268e-01	7.000000e-01	
1.433629e+02	1409	1.022867e+02	2.014503e+02	1.433629e+02	1409	6.632392e-01	7.000000e-01	
1.434647e+02	1410	9.463603e+01	2.391449e+02	1.434647e+02	1410	7.164726e-01	7.000000e-01	
1.435664e+02	1411	9.577384e+01	2.262282e+02	1.435664e+02	1411	7.025676e-01	7.000000e-01	
1.436682e+02	1412	9.162936e+01	2.475001e+02	1.436682e+02	1412	7.298101e-01	7.000000e-01	
1.437699e+02	1413	9.565870e+01	2.288990e+02	1.437699e+02	1413	7.052644e-01	7.000000e-01	
1.438717e+02	1414	9.471697e+01	2.328938e+02	1.438717e+02	1414	7.108857e-01	7.000000e-01	
1.439734e+02	1415	1.008677e+02	2.244550e+02	1.439734e+02	1415	6.899457e-01	7.000000e-01	
1.440752e+02	1416	8.712660e+01	2.671485e+02	1.440752e+02	1416	7.540708e-01	7.000000e-01	
1.441769e+02	1417	9.386643e+01	2.349671e+02	1.441769e+02	1417	7.145473e-01	7.000000e-01	
1.442787e+02	1418	8.145041e+01	2.018403e+02	1.442787e+02	1418	7.124847e-01	7.000000e-01	
1.443804e+02	1419	8.846632e+01	2.394017e+02	1.443804e+02	1419	7.301770e-01	7.000000e-01	
1.444822e+02	1420	7.558493e+01	2.270400e+02	1.444822e+02	1420	7.502356e-01	7.000000e-01	
1.445839e+02	1421	8.070425e+01	2.334790e+02	1.445839e+02	1421	7.431300e-01	7.000000e-01	
1.446857e+02	1422	9.175821e+01	2.425477e+02	1.446857e+02	1422	7.255262e-01	7.000000e-01	
1.447874e+02	1423	9.112448e+01	2.232883e+02	1.447874e+02	1423	7.101756e-01	7.000000e-01	
1.448892e+02	1424	8.787472e+01	2.313352e+02	1.448892e+02	1424	7.247118e-01	7.000000e-01	
1.449909e+02	1425	9.247805e+01	2.535484e+02	1.449909e+02	1425	7.327428e-01	7.000000e-01	
1.450926e+02	1426	8.512869e+01	3.021394e+02	1.450926e+02	1426	7.801815e-01	7.000000e-01	
1.451944e+02	1427	9.078129e+01	2.663322e+02	1.451944e+02	1427	7.457915e-01	7.000000e-01	
1.452961e+02	1428	9.154659e+01	2.981211e+02	1.452961e+02	1428	7.650650e-01	7.000000e-01	
1.453979e+02	1429	8.985767e+01	2.553347e+02	1.453979e+02	1429	7.396881e-01	7.000000e-01	
1.454996e+02	1430	8.730672e+01	2.915982e+02	1.454996e+02	1430	7.695815e-01	7.000000e-01	
1.456014e+02	1431	9.656017e+01	2.501924e+02	1.456014e+02	1431	7.215301e-01	7.000000e-01	
1.457031e+02	1432	9.576670e+01	2.774785e+02	1.457031e+02	1432	7.434215e-01	7.000000e-01	
1.458049e+02	1433	9.196622e+01	2.749878e+02	1.458049e+02	1433	7.493794e-01	7.000000e-01	
1.459066e+02	1434	9.094482e+01	2.846761e+02	1.459066e+02	1434	7.578814e-01	7.000000e-01	
1.460084e+02	1435	8.415586e+01	3.285303e+02	1.460084e+02	1435	7.960778e-01	7.000000e-01	
1.461101e+02	1436	1.107195e+02	2.761051e+02	1.461101e+02	1436	7.137734e-01	7.000000e-01	
1.462119e+02	1437	9.256046e+01	2.330825e+02	1.462119e+02	1437	7.157609e-01	7.000000e-01	
1.463136e+02	1438	8.995465e+01	3.065588e+02	1.463136e+02	1438	7.731359e-01	7.000000e-01	
1.464154e+02	1439	8.689081e+01	1.856338e+02	1.464154e+02	1439	6.811634e-01	7.000000e-01	
1.465171e+02	1440	8.286425e+01	2.463255e+02	1.465171e+02	1440	7.482782e-01	7.000000e-01	
1.466189e+02	1441	7.217566e+01	2.596405e+02	1.466189e+02	1441	7.824830e-01	7.000000e-01	
1.467206e+02	1442	8.994755e+01	1.969348e+02	1.467206e+02	1442	6.864654e-01	7.000000e-01	
1.468224e+02	1443	8.760867e+01	2.469856e+02	1.468224e+02	1443	7.381645e-01	7.000000e-01	
1.469241e+02	1444	8.491908e+01	2.412787e+02	1.469241e+02	1444	7.396700e-01	7.000000e-01	
1.470259e+02	1445	6.669025e+01	2.768689e+02	1.470259e+02	1445	8.058842e-01	7.000000e-01	
1.471276e+02	1446	7.014769e+01	2.562569e+02	1.471276e+02	1446	7.850898e-01	7.000000e-01	
1.472294e+02	1447	8.533985e+01	2.298940e+02	1.472294e+02	1447	7.292808e-01	7.000000e-01	
1.473311e+02	1448	1.078497e+02	2.130661e+02	1.473311e+02	1448	6.639315e-01	7.000000e-01	
1.474329e+02	1449	1.119322e+02	2.129859e+02	1.474329e+02	1449	6.555064e-01	7.000000e-01	
1.475346e+02	1450	7.831434e+01	2.062572e+02	1.475346e+02	1450	7.247991e-01	7.000000e-01	
1.476363e+02	1451	1.083521e+02	2.133240e+02	1.476363e+02	1451	6.631640e-01	7.000000e-01	
1.477381e+02	1452	1.119095e+02	2.129908e+02	1.477381e+02	1452	6.555574e-01	7.000000e-01	
1.478398e+02	1453	7.688329e+01	2.469239e+02	1.478398e+02	1453	7.625646e-01	7.000000e-01	
1.479416e+02	1454	8.503289e+01	2.354561e+02	1.479416e+02	1454	7.346777e-01	7.000000e-01	
1.480433e+02	1455	6.844842e+01	2.304924e+02	1.480433e+02	1455	7.710302e-01	7.000000e-01	
1.481451e+02	1456	6.972501e+01	2.459282e+02	1.481451e+02	1456	7.791088e-01	7.000000e-01	
1.482468e+02	1457	7.519562e+01	2.397894e+02	1.482468e+02	1457	7.612724e-01	7.000000e-01	
1.483486e+02	1458	8.806976e+01	2.390927e+02	1.483486e+02	1458	7.308073e-01	7.000000e-01	
1.484503e+02	1459	7.471729e+01	2.331625e+02	1.484503e+02	1459	7.573167e-01	7.000000e-01	
1.485521e+02	1460	8.682365e+01	2.195903e+02	1.485521e+02	1460	7.166459e-01	7.000000e-01	
1.486538e+02	1461	6.753341e+01	2.471577e+02	1.486538e+02	1461	7.853978e-01	7.000000e-01	
1.487556e+02	1462	1.129029e+02	2.491468e+02	1.487556e+02	1462	6.881563e-01	7.000000e-01	
1.488573e+02	1463	9.948520e+01	2.456039e+02	1.488573e+02	1463	7.117116e-01	7.000000e-01	
1.489591e+02	1464	8.549484e+01	2.436004e+02	1.489591e+02	1464	7.402125e-01	7.000000e-01	
1.490608e+02	1465	9.649538e+01	2.359232e+02	1.490608e+02	1465	7.097172e-01	7.000000e-01	
1.491626e+02	1466	1.128595e+02	2.405252e+02	1.491626e+02	1466	6.806327e-01	7.000000e-01	
1.492643e+02	1467	8.798481e+01	2.399574e+02	1.492643e+02	1467	7.317064e-01	7.000000e-01	
1.493661e+02	1468	7.662202e+01	1.870161e+02	1.493661e+02	1468	7.093667e-01	7.000000e-01	
1.494678e+02	1469	7.362337e+01	2.198709e+02	1.494678e+02	1469	7.491489e-01	7.000000e-01	
1.495696e+02	1470	7.753655e+01	2.050898e+02	1.495696e+02	1470	7.256570e-01	7.000000e-01	
1.496713e+02	1471	6.468134e+01	2.147287e+02	1.496713e+02	1471	7.685075e-01	7.000000e-01	
1.497731e+02	1472	6.531585e+01	2.021159e+02	1.497731e+02	1472	7.557663e-01	7.000000e-01	
1.498748e+02	1473	7.201359e+01	2.390686e+02	1.498748e+02	1473	7.685062e-01	7.000000e-01	
1.499766e+02	1474	1.102138e+02	1.439093e+02	1.499766e+02	1474	5.662976e-01	7.000000e-01	
1.500783e+02	1475	8.799986e+01	2.557316e+02	1.500783e+02	1475	7.439866e-01	7.000000e-01	
1.501800e+02	1476	8.312191e+01	2.544430e+02	1.501800e+02	1476	7.537602e-01	7.000000e-01	
1.502818e+02	1477	7.949247e+01	2.205084e+02	1.502818e+02	1477	7.350259e-01	7.000000e-01	
1.503835e+02	1478	8.151626e+01	2.256119e+02	1.503835e+02	1478	7.345855e-01	7.000000e-01	
1.504853e+02	1479	9.601188e+01	2.401559e+02	1.504853e+02	1479	7.143930e-01	7.000000e-01	
1.505870e+02	1480	8.781642e+01	2.488586e+02	1.505870e+02	1480	7.391656e-01	7.000000e-01	
1.506888e+02	1481	8.236452e+01	2.554402e+02	1.506888e+02	1481	7.561771e-01	7.000000e-01	
1.507905e+02	1482	7.746422e+01	2.397218e+02	1.507905e+02	1482	7.557767e-01	7.000000e-01	
1.508923e+02	1483	8.400002e+01	2.245551e+02	1.508923e+02	1483	7.277633e-01	7.000000e-01	
1.509940e+02	1484	9.419237e+01	2.611889e+02	1.509940e+02	1484	7.349540e-01	7.000000e-01	
1.510958e+02	1485	7.825861e+01	2.151645e+02	1.510958e+02	1485	7.332909e-01	7.000000e-01	
1.511975e+02	1486	9.061575e+01	2.477154e+02	1.511975e+02	1486	7.321685e-01	7.000000e-01	
1.512993e+02	1487	8.624407e+01	2.447319e+02	1.512993e+02	1487	7.394250e-01	7.000000e-01	
1.514010e+02	1488	9.286039e+01	2.359741e+02	1.514010e+02	1488	7.176075e-01	7.000000e-01	
1.515028e+02	1489	8.471182e+01	2.048511e+02	1.515028e+02	1489	7.074494e-01	7.000000e-01	
1.516045e+02	1490	8.250553e+01	1.862729e+02	1.516045e+02	1490	6.930352e-01	7.000000e-01	
1.517063e+02	1491	7.911867e+01	2.301895e+02	1.517063e+02	1491	7.442076e-01	7.000000e-01	
1.518080e+02	1492	8.933482e+01	2.267658e+02	1.518080e+02	1492	7.173849e-01	7.000000e-01	
1.519098e+02	1493	8.072440e+01	2.665079e+02	1.519098e+02	1493	7.675205e-01	7.000000e-01	
1.520115e+02	1494	7.783486e+01	2.541766e+02	1.520115e+02	1494	7.655657e-01	7.000000e-01	
1.521133e+02	1495	7.926870e+01	2.050671e+02	1.521133e+02	1495	7.212145e-01	7.000000e-01	
1.522150e+02	1496	7.733553e+01	2.242292e+02	1.522150e+02	1496	7.435525e-01	7.000000e-01	
1.523168e+02	1497	7.731177e+01	2.281573e+02	1.523168e+02	1497	7.469080e-01	7.000000e-01	
1.524185e+02	1498	7.040307e+01	2.370351e+02	1.524185e+02	1498	7.710009e-01	7.000000e-01	
1.525203e+02	1499	8.262732e+01	2.306645e+02	1.525203e+02	1499	7.362608e-01	7.000000e-01	
1.526220e+02	1500	7.694623e+01	2.351504e+02	1.526220e+02	1500	7.534538e-01	7.000000e-01	
1.527237e+02	1501	6.830495e+01	2.178502e+02	1.527237e+02	1501	7.613010e-01	7.000000e-01	
1.528255e+02	1502	8.550802e+01	2.445374e+02	1.528255e+02	1502	7.409204e-01	7.000000e-01	
1.529272e+02	1503	6.848236e+01	2.251778e+02	1.529272e+02	1503	7.667972e-01	7.000000e-01	
1.530290e+02	1504	7.654644e+01	2.262228e+02	1.530290e+02	1504	7.471789e-01	7.000000e-01	
1.531307e+02	1505	9.080024e+01	2.463160e+02	1.531307e+02	1505	7.306560e-01	7.000000e-01	
1.532325e+02	1506	9.612221e+01	2.508850e+02	1.532325e+02	1506	7.229965e-01	7.000000e-01	
1.533342e+02	1507	9.166445e+01	2.398334e+02	1.533342e+02	1507	7.234840e-01	7.000000e-01	
1.534360e+02	1508	8.749751e+01	2.555342e+02	1.534360e+02	1508	7.449288e-01	7.000000e-01	
1.535377e+02	1509	9.303064e+01	2.778630e+02	1.535377e+02	1509	7.491716e-01	7.000000e-01	
1.536395e+02	1510	8.399861e+01	2.470984e+02	1.536395e+02	1510	7.463021e-01	7.000000e-01	
1.537412e+02	1511	8.345633e+01	2.410008e+02	1.537412e+02	1511	7.427816e-01	7.000000e-01	
1.538430e+02	1512	7.416103e+01	2.511838e+02	1.538430e+02	1512	7.720541e-01	7.000000e-01	
1.539447e+02	1513	9.550091e+01	2.529682e+02	1.539447e+02	1513	7.259415e-01	7.000000e-01	
1.540465e+02	1514	7.937708e+01	2.600431e+02	1.540465e+02	1514	7.661392e-01	7.000000e-01	
1.541482e+02	1515	8.913520e+01	2.382252e+02	1.541482e+02	1515	7.277154e-01	7.000000e-01	
1.542500e+02	1516	9.094561e+01	2.400334e+02	1.542500e+02	1516	7.252224e-01	7.000000e-01	
1.543517e+02	1517	8.379111e+01	2.340469e+02	1.543517e+02	1517	7.363717e-01	7.000000e-01	
1.544535e+02	1518	8.445242e+01	2.503969e+02	1.544535e+02	1518	7.477898e-01	7.000000e-01	
1.545552e+02	1519	8.593763e+01	2.323501e+02	1.545552e+02	1519	7.300002e-01	7.000000e-01	
1.546570e+02	1520	9.569874e+01	2.209073e+02	1.546570e+02	1520	6.977356e-01	7.000000e-01	
1.547587e+02	1521	7.939466e+01	2.547170e+02	1.547587e+02	1521	7.623709e-01	7.000000e-01	
1.548605e+02	1522	1.123591e+02	1.911992e+02	1.548605e+02	1522	6.298599e-01	7.000000e-01	
1.549622e+02	1523	8.771617e+01	2.434211e+02	1.549622e+02	1523	7.351063e-01	7.000000e-01	
1.550640e+02	1524	8.627327e+01	2.189808e+02	1.550640e+02	1524	7.173723e-01	7.000000e-01	
1.551657e+02	1525	7.326757e+01	2.370946e+02	1.551657e+02	1525	7.639288e-01	7.000000e-01	
1.552674e+02	1526	7.434276e+01	2.394743e+02	1.552674e+02	1526	7.631016e-01	7.000000e-01	
1.553692e+02	1527	7.787107e+01	2.480533e+02	1.553692e+02	1527	7.610763e-01	7.000000e-01	
1.554709e+02	1528	8.053376e+01	2.369138e+02	1.554709e+02	1528	7.463085e-01	7.000000e-01	
1.555727e+02	1529	7.852759e+01	2.610459e+02	1.555727e+02	1529	7.687464e-01	7.000000e-01	
1.556744e+02	1530	7.847615e+01	2.815014e+02	1.556744e+02	1530	7.819971e-01	7.000000e-01	
1.557762e+02	1531	6.644256e+01	2.096437e+02	1.557762e+02	1531	7.593413e-01	7.000000e-01	
1.558779e+02	1532	6.217140e+01	2.145217e+02	1.558779e+02	1532	7.753056e-01	7.000000e-01	
1.559797e+02	1533	5.691885e+01	2.230969e+02	1.559797e+02	1533	7.967298e-01	7.000000e-01	
1.560814e+02	1534	7.285936e+01	2.298021e+02	1.560814e+02	1534	7.592711e-01	7.000000e-01	
1.561832e+02	1535	7.218148e+01	2.368456e+02	1.561832e+02	1535	7.664234e-01	7.000000e-01	
1.562849e+02	1536	8.164715e+01	1.955382e+02	1.562849e+02	1536	7.054420e-01	7.000000e-01	
1.563867e+02	1537	6.487609e+01	2.112045e+02	1.563867e+02	1537	7.650103e-01	7.000000e-01	
1.564884e+02	1538	4.770703e+01	2.637936e+02	1.564884e+02	1538	8.468477e-01	7.000000e-01	
1.565902e+02	1539	6.864059e+01	2.019386e+02	1.565902e+02	1539	7.463198e-01	7.000000e-01	
1.566919e+02	1540	9.176338e+01	2.777845e+02	1.566919e+02	1540	7.516874e-01	7.000000e-01	
1.567937e+02	1541	6.278414e+01	2.171053e+02	1.567937e+02	1541	7.756824e-01	7.000000e-01	
1.568954e+02	1542	7.469700e+01	2.876611e+02	1.568954e+02	1542	7.938586e-01	7.000000e-01	
1.569972e+02	1543	7.668779e+01	2.655515e+02	1.569972e+02	1543	7.759235e-01	7.000000e-01	
1.570989e+02	1544	8.685892e+01	2.737323e+02	1.570989e+02	1544	7.591208e-01	7.000000e-01	
1.572007e+02	1545	7.495819e+01	2.862420e+02	1.572007e+02	1545	7.924747e-01	7.000000e-01	
1.573024e+02	1546	7.016653e+01	2.628382e+02	1.573024e+02	1546	7.892927e-01	7.000000e-01	
1.574042e+02	1547	8.735142e+01	2.682692e+02	1.574042e+02	1547	7.543691e-01	7.000000e-01	
1.575059e+02	1548	9.759247e+01	2.817243e+02	1.575059e+02	1548	7.427151e-01	7.000000e-01	
1.576077e+02	1549	8.848056e+01	2.655231e+02	1.576077e+02	1549	7.500575e-01	7.000000e-01	
1.577094e+02	1550	7.078995e+01	2.593980e+02	1.577094e+02	1550	7.856071e-01	7.000000e-01	
1.578111e+02	1551	9.102369e+01	2.704668e+02	1.578111e+02	1551	7.481989e-01	7.000000e-01	
1.579129e+02	1552	8.577500e+01	2.590213e+02	1.579129e+02	1552	7.512299e-01	7.000000e-01	
1.580146e+02	1553	8.330862e+01	2.486123e+02	1.580146e+02	1553	7.490106e-01	7.000000e-01	
1.581164e+02	1554	8.954700e+01	2.668491e+02	1.581164e+02	1554	7.487430e-01	7.000000e-01	
1.582181e+02	1555	1.000821e+02	2.228800e+02	1.582181e+02	1555	6.901119e-01	7.000000e-01	
1.583199e+02	1556	9.206459e+01	2.433321e+02	1.583199e+02	1556	7.255054e-01	7.000000e-01	
1.584216e+02	1557	8.556341e+01	2.285462e+02	1.584216e+02	1557	7.276002e-01	7.000000e-01	
1.585234e+02	1558	8.931899e+01	2.410577e+02	1.585234e+02	1558	7.296450e-01	7.000000e-01	
1.586251e+02	1559	8.497527e+01	2.489515e+02	1.586251e+02	1559	7.455272e-01	7.000000e-01	
1.587269e+02	1560	9.238601e+01	2.290777e+02	1.587269e+02	1560	7.126083e-01	7.000000e-01	
1.588286e+02	1561	9.931985e+01	2.407084e+02	1.588286e+02	1561	7.079071e-01	7.000000e-01	
1.589304e+02	1562	7.988277e+01	2.344561e+02	1.589304e+02	1562	7.458705e-01	7.000000e-01	
1.590321e+02	1563	9.741438e+01	2.568796e+02	1.590321e+02	1563	7.250465e-01	7.000000e-01	
1.591339e+02	1564	9.347551e+01	2.332532e+02	1.591339e+02	1564	7.139048e-01	7.000000e-01	
1.592356e+02	1565	9.242578e+01	2.519533e+02	1.592356e+02	1565	7.316162e-01	7.000000e-01	
1.593374e+02	1566	1.198561e+02	2.663407e+02	1.593374e+02	1566	6.896502e-01	7.000000e-01	
1.594391e+02	1567	1.140365e+02	2.614078e+02	1.594391e+02	1567	6.962625e-01	7.000000e-01	
1.595409e+02	1568	9.915742e+01	2.527941e+02	1.595409e+02	1568	7.182640e-01	7.000000e-01	
1.596426e+02	1569	9.053951e+01	2.318153e+02	1.596426e+02	1569	7.191309e-01	7.000000e-01	
1.597444e+02	1570	9.560173e+01	2.359451e+02	1.597444e+02	1570	7.116494e-01	7.000000e-01	
1.598461e+02	1571	1.032072e+02	2.564421e+02	1.598461e+02	1571	7.130338e-01	7.000000e-01	
1.599479e+02	1572	1.006099e+02	2.284108e+02	1.599479e+02	1572	6.942141e-01	7.000000e-01	
1.600496e+02	1573	8.473191e+01	2.456649e+02	1.600496e+02	1573	7.435450e-01	7.000000e-01	
1.601514e+02	1574	8.706262e+01	2.470320e+02	1.601514e+02	1574	7.394073e-01	7.000000e-01	
1.602531e+02	1575	1.069479e+02	2.439164e+02	1.602531e+02	1575	6.951873e-01	7.000000e-01	
1.603548e+02	1576	9.138845e+01	2.149728e+02	1.603548e+02	1576	7.016971e-01	7.000000e-01	
1.604566e+02	1577	8.381598e+01	2.363809e+02	1.604566e+02	1577	7.382361e-01	7.000000e-01	
1.605583e+02	1578	1.240929e+02	2.450978e+02	1.605583e+02	1578	6.638786e-01	7.000000e-01	
1.606601e+02	1579	1.158868e+02	2.423773e+02	1.606601e+02	1579	6.765325e-01	7.000000e-01	
1.607618e+02	1580	1.453356e+02	1.881164e+02	1.607618e+02	1580	5.641484e-01	7.000000e-01	
1.608636e+02	1581	1.123129e+02	2.358245e+02	1.608636e+02	1581	6.773892e-01	7.000000e-01	
1.609653e+02	1582	1.258009e+02	2.353584e+02	1.609653e+02	1582	6.516748e-01	7.000000e-01	
1.610671e+02	1583	1.291925e+02	2.304178e+02	1.610671e+02	1583	6.407430e-01	7.000000e-01	
1.611688e+02	1584	1.172151e+02	2.415838e+02	1.611688e+02	1584	6.733125e-01	7.000000e-01	
1.612706e+02	1585	1.124854e+02	2.511603e+02	1.612706e+02	1585	6.906731e-01	7.000000e-01	
1.613723e+02	1586	8.621984e+01	2.461325e+02	1.613723e+02	1586	7.405770e-01	7.000000e-01	
1.614741e+02	1587	1.195482e+02	2.321919e+02	1.614741e+02	1587	6.601235e-01	7.000000e-01	
1.615758e+02	1588	1.286057e+02	2.307615e+02	1.615758e+02	1588	6.421329e-01	7.000000e-01	
1.616776e+02	1589	8.920442e+01	2.516768e+02	1.616776e+02	1589	7.383123e-01	7.000000e-01	
1.617793e+02	1590	8.581241e+01	2.513098e+02	1.617793e+02	1590	7.454561e-01	7.000000e-01	
1.618811e+02	1591	8.624950e+01	2.473538e+02	1.618811e+02	1591	7.414609e-01	7.000000e-01	
1.619828e+02	1592	9.186098e+01	2.433090e+02	1.619828e+02	1592	7.259272e-01	7.000000e-01	
1.620846e+02	1593	6.134849e+01	2.591814e+02	1.620846e+02	1593	8.086029e-01	7.000000e-01	
1.621863e+02	1594	6.193506e+01	2.510719e+02	1.621863e+02	1594	8.021288e-01	7.000000e-01	
1.622881e+02	1595	9.199901e+01	2.514150e+02	1.622881e+02	1595	7.321047e-01	7.000000e-01	
1.623898e+02	1596	8.013079e+01	2.561337e+02	1.623898e+02	1596	7.617031e-01	7.000000e-01	
1.624916e+02	1597	8.635310e+01	2.545360e+02	1.624916e+02	1597	7.466827e-01	7.000000e-01	
1.625933e+02	1598	1.001390e+02	2.591496e+02	1.625933e+02	1598	7.212853e-01	7.000000e-01	
1.626951e+02	1599	9.432849e+01	2.106385e+02	1.626951e+02	1599	6.906928e-01	7.000000e-01	
1.627968e+02	1600	9.771510e+01	1.923227e+02	1.627968e+02	1600	6.630953e-01	7.000000e-01	
1.628985e+02	1601	9.709237e+01	1.714136e+02	1.628985e+02	1601	6.383977e-01	7.000000e-01	
1.630003e+02	1602	7.363791e+01	1.941141e+02	1.630003e+02	1602	7.249772e-01	7.000000e-01	
1.631020e+02	1603	9.318080e+01	2.590460e+02	1.631020e+02	1603	7.354523e-01	7.000000e-01	
1.632038e+02	1604	8.749221e+01	2.370573e+02	1.632038e+02	1604	7.304195e-01	7.000000e-01	
1.633055e+02	1605	9.367030e+01	2.290933e+02	1.633055e+02	1605	7.097867e-01	7.000000e-01	
1.634073e+02	1606	1.033342e+02	2.306661e+02	1.634073e+02	1606	6.906164e-01	7.000000e-01	
1.635090e+02	1607	1.148402e+02	2.550659e+02	1.635090e+02	1607	6.895423e-01	7.000000e-01	
1.636108e+02	1608	8.269911e+01	2.172380e+02	1.636108e+02	1608	7.242785e-01	7.000000e-01	
1.637125e+02	1609	5.616020e+01	2.481346e+02	1.637125e+02	1609	8.154415e-01	7.000000e-01	
1.638143e+02	1610	8.756395e+01	2.380726e+02	1.638143e+02	1610	7.310991e-01	7.000000e-01	
1.639160e+02	1611	8.561316e+01	2.196915e+02	1.639160e+02	1611	7.195812e-01	7.000000e-01	
1.640178e+02	1612	8.183925e+01	2.334714e+02	1.640178e+02	1612	7.404488e-01	7.000000e-01	
1.641195e+02	1613	9.006169e+01	2.233058e+02	1.641195e+02	1613	7.126004e-01	7.000000e-01	
1.642213e+02	1614	7.919997e+01	2.217674e+02	1.642213e+02	1614	7.368486e-01	7.000000e-01	
1.643230e+02	1615	9.431615e+01	2.300952e+02	1.643230e+02	1615	7.092699e-01	7.000000e-01	
1.644248e+02	1616	7.589627e+01	2.366265e+02	1.644248e+02	1616	7.571496e-01	7.000000e-01	
1.645265e+02	1617	8.276501e+01	2.315788e+02	1.645265e+02	1617	7.367055e-01	7.000000e-01	
1.646283e+02	1618	7.448086e+01	2.484178e+02	1.646283e+02	1618	7.693367e-01	7.000000e-01	
1.647300e+02	1619	7.558221e+01	2.551780e+02	1.647300e+02	1619	7.714894e-01	7.000000e-01	
1.648318e+02	1620	7.435846e+01	2.497491e+02	1.648318e+02	1620	7.705747e-01	7.000000e-01	
1.649335e+02	1621	7.937379e+01	2.342167e+02	1.649335e+02	1621	7.468871e-01	7.000000e-01	
1.650353e+02	1622	8.185426e+01	2.530092e+02	1.650353e+02	1622	7.555593e-01	7.000000e-01	
1.651370e+02	1623	8.061091e+01	2.513798e+02	1.651370e+02	1623	7.571893e-01	7.000000e-01	
1.652388e+02	1624	7.692362e+01	2.487920e+02	1.652388e+02	1624	7.638320e-01	7.000000e-01	
1.653405e+02	1625	7.968952e+01	2.516552e+02	1.653405e+02	1625	7.594966e-01	7.000000e-01	
1.654422e+02	1626	8.041636e+01	2.670897e+02	1.654422e+02	1626	7.685900e-01	7.000000e-01	
1.655440e+02	1627	7.305415e+01	2.576241e+02	1.655440e+02	1627	7.790778e-01	7.000000e-01	
1.656457e+02	1628	8.639719e+01	2.369095e+02	1.656457e+02	1628	7.327702e-01	7.000000e-01	
1.657475e+02	1629	7.994162e+01	2.566469e+02	1.657475e+02	1629	7.624945e-01	7.000000e-01	
1.658492e+02	1630	8.408266e+01	2.572059e+02	1.658492e+02	1630	7.536318e-01	7.000000e-01	
1.659510e+02	1631	7.870288e+01	2.370857e+02	1.659510e+02	1631	7.507735e-01	7.000000e-01	
1.660527e+02	1632	8.827536e+01	2.549977e+02	1.660527e+02	1632	7.428422e-01	7.000000e-01	
1.661545e+02	1633	9.504837e+01	2.434132e+02	1.661545e+02	1633	7.191753e-01	7.000000e-01	
1.662562e+02	1634	9.206591e+01	2.302337e+02	1.662562e+02	1634	7.143468e-01	7.000000e-01	
1.663580e+02	1635	8.256618e+01	2.158008e+02	1.663580e+02	1635	7.232731e-01	7.000000e-01	
1.664597e+02	1636	8.380484e+01	2.391592e+02	1.664597e+02	1636	7.405134e-01	7.000000e-01	
1.665615e+02	1637	8.758081e+01	2.463505e+02	1.665615e+02	1637	7.377281e-01	7.000000e-01	
1.666632e+02	1638	8.937583e+01	2.332340e+02	1.666632e+02	1638	7.229600e-01	7.000000e-01	
1.667650e+02	1639	8.567172e+01	2.456745e+02	1.667650e+02	1639	7.414435e-01	7.000000e-01	
1.668667e+02	1640	7.119043e+01	2.495563e+02	1.668667e+02	1640	7.780478e-01	7.000000e-01	
1.669685e+02	1641	9.659552e+01	2.408692e+02	1.669685e+02	1641	7.137611e-01	7.000000e-01	
1.670702e+02	1642	1.249144e+02	2.477367e+02	1.670702e+02	1642	6.647953e-01	7.000000e-01	
1.671720e+02	1643	8.178971e+01	2.397426e+02	1.671720e+02	1643	7.456252e-01	7.000000e-01	
1.672737e+02	1644	9.148762e+01	2.514421e+02	1.672737e+02	1644	7.332176e-01	7.000000e-01	
1.673755e+02	1645	7.733300e+01	2.539241e+02	1.673755e+02	1645	7.665469e-01	7.000000e-01	
1.674772e+02	1646	7.150632e+01	1.994531e+02	1.674772e+02	1646	7.360995e-01	7.000000e-01	
1.675790e+02	1647	9.012758e+01	2.341649e+02	1.675790e+02	1647	7.220793e-01	7.000000e-01	
1.676807e+02	1648	7.561000e+01	2.506486e+02	1.676807e+02	1648	7.682513e-01	7.000000e-01	
1.677825e+02	1649	8.606476e+01	2.465184e+02	1.677825e+02	1649	7.412233e-01	7.000000e-01	
1.678842e+02	1650	8.533044e+01	2.431199e+02	1.678842e+02	1650	7.402029e-01	7.000000e-01	
1.679859e+02	1651	7.644231e+01	2.608408e+02	1.679859e+02	1651	7.733586e-01	7.000000e-01	
1.680877e+02	1652	7.919695e+01	2.365569e+02	1.680877e+02	1652	7.491814e-01	7.000000e-01	
1.681894e+02	1653	7.902679e+01	2.514277e+02	1.681894e+02	1653	7.608542e-01	7.000000e-01	
1.682912e+02	1654	8.433450e+01	2.449085e+02	1.682912e+02	1654	7.438533e-01	7.000000e-01	
1.683929e+02	1655	7.676342e+01	2.530012e+02	1.683929e+02	1655	7.672175e-01	7.000000e-01	
1.684947e+02	1656	8.701730e+01	2.421322e+02	1.684947e+02	1656	7.356299e-01	7.000000e-01	
1.685964e+02	1657	7.467785e+01	2.606406e+02	1.685964e+02	1657	7.772927e-01	7.000000e-01	
1.686982e+02	1658	8.219837e+01	2.573006e+02	1.686982e+02	1658	7.578833e-01	7.000000e-01	
1.687999e+02	1659	8.534714e+01	2.442315e+02	1.687999e+02	1659	7.410417e-01	7.000000e-01	
1.689017e+02	1660	7.826857e+01	2.563307e+02	1.689017e+02	1660	7.660827e-01	7.000000e-01	
1.690034e+02	1661	7.949034e+01	2.385860e+02	1.690034e+02	1661	7.500904e-01	7.000000e-01	
1.691052e+02	1662	8.806769e+01	2.485709e+02	1.691052e+02	1662	7.383910e-01	7.000000e-01	
1.692069e+02	1663	9.199581e+01	2.310503e+02	1.692069e+02	1663	7.152239e-01	7.000000e-01	
1.693087e+02	1664	7.792114e+01	2.336161e+02	1.693087e+02	1664	7.498818e-01	7.000000e-01	
1.694104e+02	1665	7.698110e+01	2.437426e+02	1.694104e+02	1665	7.599769e-01	7.000000e-01	
1.695122e+02	1666	6.866763e+01	2.392455e+02	1.695122e+02	1666	7.769903e-01	7.000000e-01	
1.696139e+02	1667	5.873348e+01	2.188903e+02	1.696139e+02	1667	7.884422e-01	7.000000e-01	
1.697157e+02	1668	6.974982e+01	2.104658e+02	1.697157e+02	1668	7.510852e-01	7.000000e-01	
1.698174e+02	1669	7.444372e+01	2.398533e+02	1.698174e+02	1669	7.631421e-01	7.000000e-01	
1.699192e+02	1670	7.979609e+01	2.368005e+02	1.699192e+02	1670	7.479566e-01	7.000000e-01	
1.700209e+02	1671	7.080389e+01	2.436293e+02	1.700209e+02	1671	7.748206e-01	7.000000e-01	
1.701227e+02	1672	1.034297e+02	2.167661e+02	1.701227e+02	1672	6.769798e-01	7.000000e-01	
1.702244e+02	1673	9.805135e+01	2.455921e+02	1.702244e+02	1673	7.146713e-01	7.000000e-01	
1.703262e+02	1674	6.504878e+01	2.135342e+02	1.703262e+02	1674	7.665012e-01	7.000000e-01	
1.704279e+02	1675	9.353989e+01	2.625961e+02	1.704279e+02	1675	7.373478e-01	7.000000e-01	
1.705296e+02	1676	8.307767e+01	2.229403e+02	1.705296e+02	1676	7.285203e-01	7.000000e-01	
1.706314e+02	1677	9.145240e+01	2.758999e+02	1.706314e+02	1677	7.510499e-01	7.000000e-01	
1.707331e+02	1678	8.966744e+01	2.698493e+02	1.707331e+02	1678	7.505890e-01	7.000000e-01	
1.708349e+02	1679	9.027370e+01	2.143003e+02	1.708349e+02	1679	7.036067e-01	7.000000e-01	
1.709366e+02	1680	8.977639e+01	2.577665e+02	1.709366e+02	1680	7.416826e-01	7.000000e-01	
1.710384e+02	1681	8.981870e+01	2.521615e+02	1.710384e+02	1681	7.373570e-01	7.000000e-01	
1.711401e+02	1682	8.946432e+01	2.581369e+02	1.711401e+02	1682	7.426237e-01	7.000000e-01	
1.712419e+02	1683	9.086560e+01	2.585046e+02	1.712419e+02	1683	7.399160e-01	7.000000e-01	
1.713436e+02	1684	8.308043e+01	2.172552e+02	1.713436e+02	1684	7.233747e-01	7.000000e-01	
1.714454e+02	1685	9.210591e+01	2.715221e+02	1.714454e+02	1685	7.467029e-01	7.000000e-01	
1.715471e+02	1686	1.027691e+02	2.447253e+02	1.715471e+02	1686	7.042568e-01	7.000000e-01	
1.716489e+02	1687	9.037849e+01	2.687965e+02	1.716489e+02	1687	7.483720e-01	7.000000e-01	
1.717506e+02	1688	1.010223e+02	2.596612e+02	1.717506e+02	1688	7.199143e-01	7.000000e-01	
1.718524e+02	1689	8.803883e+01	2.458260e+02	1.718524e+02	1689	7.363040e-01	7.000000e-01	
1.719541e+02	1690	8.626605e+01	2.426036e+02	1.719541e+02	1690	7.376892e-01	7.000000e-01	
1.720559e+02	1691	1.156736e+02	2.457613e+02	1.720559e+02	1691	6.799601e-01	7.000000e-01	
1.721576e+02	1692	1.194371e+02	2.796058e+02	1.721576e+02	1692	7.006911e-01	7.000000e-01	
1.722594e+02	1693	1.162216e+02	2.759525e+02	1.722594e+02	1693	7.036479e-01	7.000000e-01	
1.723611e+02	1694	1.224899e+02	2.697295e+02	1.723611e+02	1694	6.877006e-01	7.000000e-01	
1.724629e+02	1695	1.014954e+02	1.984191e+02	1.724629e+02	1695	6.615856e-01	7.000000e-01	
1.725646e+02	1696	9.283216e+01	2.342917e+02	1.725646e+02	1696	7.162171e-01	7.000000e-01	
1.726664e+02	1697	1.098258e+02	1.875387e+02	1.726664e+02	1697	6.306694e-01	7.000000e-01	
1.727681e+02	1698	8.946055e+01	2.349364e+02	1.727681e+02	1698	7.242251e-01	7.000000e-01	
1.728699e+02	1699	7.516637e+01	2.669096e+02	1.728699e+02	1699	7.802641e-01	7.000000e-01	
1.729716e+02	1700	7.028543e+01	3.045570e+02	1.729716e+02	1700	8.124934e-01	7.000000e-01	
1.730733e+02	1701	5.558118e+01	3.182656e+02	1.730733e+02	1701	8.513263e-01	7.000000e-01	
1.731751e+02	1702	6.802732e+01	2.969132e+02	1.731751e+02	1702	8.135934e-01	7.000000e-01	
1.732768e+02	1703	7.099369e+01	3.036119e+02	1.732768e+02	1703	8.104842e-01	7.000000e-01	
1.733786e+02	1704	5.882518e+01	3.125826e+02	1.733786e+02	1704	8.416156e-01	7.000000e-01	
1.734803e+02	1705	8.375667e+01	2.496159e+02	1.734803e+02	1705	7.487596e-01	7.000000e-01	
1.735821e+02	1706	8.282680e+01	2.446769e+02	1.735821e+02	1706	7.470966e-01	7.000000e-01	
1.736838e+02	1707	7.808702e+01	2.650311e+02	1.736838e+02	1707	7.724194e-01	7.000000e-01	
1.737856e+02	1708	7.803210e+01	2.499962e+02	1.737856e+02	1708	7.621178e-01	7.000000e-01	
1.738873e+02	1709	7.698684e+01	2.386027e+02	1.738873e+02	1709	7.560539e-01	7.000000e-01	
1.739891e+02	1710	8.497118e+01	2.505461e+02	1.739891e+02	1710	7.467457e-01	7.000000e-01	
1.740908e+02	1711	8.211860e+01	2.464007e+02	1.740908e+02	1711	7.500342e-01	7.000000e-01	
1.741926e+02	1712	8.183786e+01	2.297926e+02	1.741926e+02	1712	7.373881e-01	7.000000e-01	
1.742943e+02	1713	7.811459e+01	2.427798e+02	1.742943e+02	1713	7.565723e-01	7.000000e-01	
1.743961e+02	1714	7.522687e+01	2.445820e+02	1.743961e+02	1714	7.647755e-01	7.000000e-01	
1.744978e+02	1715	7.785050e+01	2.310649e+02	1.744978e+02	1715	7.479876e-01	7.000000e-01	
1.745996e+02	1716	8.444444e+01	2.361023e+02	1.745996e+02	1716	7.365612e-01	7.000000e-01	
1.747013e+02	1717	6.376722e+01	2.419415e+02	1.747013e+02	1717	7.914118e-01	7.000000e-01	
1.748031e+02	1718	8.023846e+01	2.462286e+02	1.748031e+02	1718	7.542219e-01	7.000000e-01	
1.749048e+02	1719	6.855727e+01	2.278545e+02	1.749048e+02	1719	7.687094e-01	7.000000e-01	
1.750066e+02	1720	9.272943e+01	2.472995e+02	1.750066e+02	1720	7.272896e-01	7.000000e-01	
1.751083e+02	1721	6.844491e+01	2.393841e+02	1.751083e+02	1721	7.776528e-01	7.000000e-01	
1.752101e+02	1722	9.393434e+01	2.220687e+02	1.752101e+02	1722	7.027423e-01	7.000000e-01	
1.753118e+02	1723	8.880836e+01	2.533757e+02	1.753118e+02	1723	7.404661e-01	7.000000e-01	
1.754136e+02	1724	1.227596e+02	2.066174e+02	1.754136e+02	1724	6.272976e-01	7.000000e-01	
1.755153e+02	1725	9.044996e+01	2.744655e+02	1.755153e+02	1725	7.521345e-01	7.000000e-01	
1.756170e+02	1726	9.133681e+01	2.498846e+02	1.756170e+02	1726	7.323239e-01	7.000000e-01	
1.757188e+02	1727	8.352343e+01	2.643596e+02	1.757188e+02	1727	7.599094e-01	7.000000e-01	
1.758205e+02	1728	9.109159e+01	2.586921e+02	1.758205e+02	1728	7.395774e-01	7.000000e-01	
1.759223e+02	1729	8.155843e+01	2.616752e+02	1.759223e+02	1729	7.623822e-01	7.000000e-01	
1.760240e+02	1730	8.189553e+01	2.747980e+02	1.760240e+02	1730	7.704037e-01	7.000000e-01	
1.761258e+02	1731	8.634128e+01	2.710338e+02	1.761258e+02	1731	7.584015e-01	7.000000e-01	
1.762275e+02	1732	8.374553e+01	2.870708e+02	1.762275e+02	1732	7.741590e-01	7.000000e-01	
1.763293e+02	1733	8.732249e+01	2.561431e+02	1.763293e+02	1733	7.457606e-01	7.000000e-01	
1.764310e+02	1734	7.989318e+01	2.742436e+02	1.764310e+02	1734	7.744002e-01	7.000000e-01	
1.765328e+02	1735	8.468399e+01	2.710265e+02	1.765328e+02	1735	7.619300e-01	7.000000e-01	
1.766345e+02	1736	9.202461e+01	2.888334e+02	1.766345e+02	1736	7.583755e-01	7.000000e-01	
1.767363e+02	1737	8.568901e+01	2.723599e+02	1.767363e+02	1737	7.606779e-01	7.000000e-01	
1.768380e+02	1738	8.147214e+01	2.593316e+02	1.768380e+02	1738	7.609412e-01	7.000000e-01	
1.769398e+02	1739	8.409013e+01	2.803724e+02	1.769398e+02	1739	7.692763e-01	7.000000e-01	
1.770415e+02	1740	7.881098e+01	2.685380e+02	1.770415e+02	1740	7.731072e-01	7.000000e-01	
1.771433e+02	1741	7.827311e+01	2.199997e+02	1.771433e+02	1741	7.375788e-01	7.000000e-01	
1.772450e+02	1742	7.445030e+01	2.202342e+02	1.772450e+02	1742	7.473559e-01	7.000000e-01	
1.773468e+02	1743	8.239018e+01	2.636178e+02	1.773468e+02	1743	7.618836e-01	7.000000e-01	
1.774485e+02	1744	6.990888e+01	2.356014e+02	1.774485e+02	1744	7.711734e-01	7.000000e-01	
1.775503e+02	1745	7.152354e+01	2.087594e+02	1.775503e+02	1745	7.448166e-01	7.000000e-01	
1.776520e+02	1746	6.874889e+01	2.403444e+02	1.776520e+02	1746	7.775788e-01	7.000000e-01	
1.777538e+02	1747	7.781537e+01	2.483750e+02	1.777538e+02	1747	7.614419e-01	7.000000e-01	
1.778555e+02	1748	7.298532e+01	2.286549e+02	1.778555e+02	1748	7.580385e-01	7.000000e-01	
1.779573e+02	1749	7.186411e+01	2.388484e+02	1.779573e+02	1749	7.687119e-01	7.000000e-01	
1.780590e+02	1750	5.826648e+01	2.206751e+02	1.780590e+02	1750	7.911158e-01	7.000000e-01	
1.781607e+02	1751	8.630500e+01	2.379358e+02	1.781607e+02	1751	7.338244e-01	7.000000e-01	
1.782625e+02	1752	7.442223e+01	2.491563e+02	1.782625e+02	1752	7.700026e-01	7.000000e-01	
1.783642e+02	1753	7.075635e+01	2.570168e+02	1.783642e+02	1753	7.841301e-01	7.000000e-01	
1.784660e+02	1754	8.817830e+01	2.541969e+02	1.784660e+02	1754	7.424513e-01	7.000000e-01	
1.785677e+02	1755	8.496819e+01	2.586099e+02	1.785677e+02	1755	7.526961e-01	7.000000e-01	
1.786695e+02	1756	8.565656e+01	2.592286e+02	1.786695e+02	1756	7.516374e-01	7.000000e-01	
1.787712e+02	1757	9.412847e+01	2.397143e+02	1.787712e+02	1757	7.180455e-01	7.000000e-01	
1.788730e+02	1758	9.003121e+01	2.395913e+02	1.788730e+02	1758	7.268657e-01	7.000000e-01	
1.789747e+02	1759	9.146269e+01	2.285598e+02	1.789747e+02	1759	7.141992e-01	7.000000e-01	
1.790765e+02	1760	7.818995e+01	3.199441e+02	1.790765e+02	1760	8.036090e-01	7.000000e-01	
1.791782e+02	1761	7.525514e+01	2.791850e+02	1.791782e+02	1761	7.876788e-01	7.000000e-01	
1.792800e+02	1762	8.513215e+01	2.818396e+02	1.792800e+02	1762	7.680144e-01	7.000000e-01	
1.793817e+02	1763	7.819746e+01	3.199669e+02	1.793817e+02	1763	8.036051e-01	7.000000e-01	
1.794835e+02	1764	9.879472e+01	2.289910e+02	1.794835e+02	1764	6.985997e-01	7.000000e-01	
1.795852e+02	1765	9.705932e+01	2.296183e+02	1.795852e+02	1765	7.028896e-01	7.000000e-01	
1.796870e+02	1766	8.743942e+01	2.650767e+02	1.796870e+02	1766	7.519563e-01	7.000000e-01	
1.797887e+02	1767	9.474623e+01	2.248095e+02	1.797887e+02	1767	7.035064e-01	7.000000e-01	
1.798905e+02	1768	9.347593e+01	2.261272e+02	1.798905e+02	1768	7.075250e-01	7.000000e-01	
1.799922e+02	1769	1.036600e+02	2.217394e+02	1.799922e+02	1769	6.814376e-01	7.000000e-01	
1.800940e+02	1770	1.024961e+02	2.332784e+02	1.800940e+02	1770	6.947472e-01	7.000000e-01	
1.801957e+02	1771	7.812163e+01	2.384142e+02	1.801957e+02	1771	7.531981e-01	7.000000e-01	
1.802975e+02	1772	7.963166e+01	2.366441e+02	1.802975e+02	1772	7.482208e-01	7.000000e-01	
1.803992e+02	1773	7.478013e+01	2.340372e+02	1.803992e+02	1773	7.578500e-01	7.000000e-01	
1.805010e+02	1774	8.139905e+01	2.482974e+02	1.805010e+02	1774	7.531091e-01	7.000000e-01	
1.806027e+02	1775	8.854942e+01	2.300900e+02	1.806027e+02	1775	7.221015e-01	7.000000e-01	
1.807044e+02	1776	7.869782e+01	2.407077e+02	1.807044e+02	1776	7.536116e-01	7.000000e-01	
1.808062e+02	1777	8.035731e+01	2.207866e+02	1.808062e+02	1777	7.331598e-01	7.000000e-01	
1.809079e+02	1778	9.061144e+01	2.803193e+02	1.809079e+02	1778	7.557187e-01	7.000000e-01	
1.810097e+02	1779	9.112052e+01	2.866668e+02	1.810097e+02	1779	7.588047e-01	7.000000e-01	
1.811114e+02	1780	9.186649e+01	2.817190e+02	1.811114e+02	1780	7.540951e-01	7.000000e-01	
1.812132e+02	1781	8.860507e+01	2.724787e+02	1.812132e+02	1781	7.546135e-01	7.000000e-01	
1.813149e+02	1782	8.379460e+01	2.518769e+02	1.813149e+02	1782	7.503672e-01	7.000000e-01	
1.814167e+02	1783	9.765691e+01	2.848641e+02	1.814167e+02	1783	7.447018e-01	7.000000e-01	
1.815184e+02	1784	1.036495e+02	2.900949e+02	1.815184e+02	1784	7.367594e-01	7.000000e-01	
1.816202e+02	1785	1.105769e+02	3.134746e+02	1.816202e+02	1785	7.392371e-01	7.000000e-01	
1.817219e+02	1786	1.022876e+02	2.837078e+02	1.817219e+02	1786	7.350031e-01	7.000000e-01	
1.818237e+02	1787	1.102684e+02	3.002949e+02	1.818237e+02	1787	7.314217e-01	7.000000e-01	
1.819254e+02	1788	8.338345e+01	2.421179e+02	1.819254e+02	1788	7.438307e-01	7.000000e-01	
1.820272e+02	1789	7.825864e+01	2.356142e+02	1.820272e+02	1789	7.506677e-01	7.000000e-01	
1.821289e+02	1790	9.470390e+01	2.682426e+02	1.821289e+02	1790	7.390693e-01	7.000000e-01	
1.822307e+02	1791	9.264814e+01	2.673643e+02	1.822307e+02	1791	7.426529e-01	7.000000e-01	
1.823324e+02	1792	8.161552e+01	2.882492e+02	1.823324e+02	1792	7.793368e-01	7.000000e-01	
1.824342e+02	1793	8.965971e+01	2.499059e+02	1.824342e+02	1793	7.359576e-01	7.000000e-01	
1.825359e+02	1794	7.159184e+01	2.277316e+02	1.825359e+02	1794	7.608211e-01	7.000000e-01	
1.826377e+02	1795	5.538546e+01	2.309362e+02	1.826377e+02	1795	8.065621e-01	7.000000e-01	
1.827394e+02	1796	7.334173e+01	2.553537e+02	1.827394e+02	1796	7.768702e-01	7.000000e-01	
1.828412e+02	1797	6.468628e+01	2.376232e+02	1.828412e+02	1797	7.860263e-01	7.000000e-01	
1.829429e+02	1798	7.588855e+01	2.142625e+02	1.829429e+02	1798	7.384516e-01	7.000000e-01	
1.830447e+02	1799	6.082320e+01	2.475498e+02	1.830447e+02	1799	8.027609e-01	7.000000e-01	
1.831464e+02	1800	8.082480e+01	2.697372e+02	1.831464e+02	1800	7.694422e-01	7.000000e-01	
1.832481e+02	1801	7.901407e+01	2.082076e+02	1.832481e+02	1801	7.249021e-01	7.000000e-01	
1.833499e+02	1802	7.443297e+01	2.551258e+02	1.833499e+02	1802	7.741436e-01	7.000000e-01	
1.834516e+02	1803	8.868188e+01	2.194318e+02	1.834516e+02	1803	7.121781e-01	7.000000e-01	
1.835534e+02	1804	6.922369e+01	2.392447e+02	1.835534e+02	1804	7.755890e-01	7.000000e-01	
1.836551e+02	1805	7.808581e+01	2.185173e+02	1.836551e+02	1805	7.367330e-01	7.000000e-01	
1.837569e+02	1806	7.733026e+01	2.097872e+02	1.837569e+02	1806	7.306668e-01	7.000000e-01	
1.838586e+02	1807	7.133758e+01	2.242068e+02	1.838586e+02	1807	7.586231e-01	7.000000e-01	
1.839604e+02	1808	7.654293e+01	2.068184e+02	1.839604e+02	1808	7.298752e-01	7.000000e-01	
1.840621e+02	1809	7.271924e+01	2.157644e+02	1.840621e+02	1809	7.479259e-01	7.000000e-01	
1.841639e+02	1810	8.194191e+01	2.397602e+02	1.841639e+02	1810	7.452864e-01	7.000000e-01	
1.842656e+02	1811	1.200229e+02	2.278103e+02	1.842656e+02	1811	6.549412e-01	7.000000e-01	
1.843674e+02	1812	9.182232e+01	2.391347e+02	1.843674e+02	1812	7.225552e-01	7.000000e-01	
1.844691e+02	1813	9.316689e+01	2.393158e+02	1.844691e+02	1813	7.197842e-01	7.000000e-01	
1.845709e+02	1814	7.801384e+01	2.447239e+02	1.845709e+02	1814	7.582748e-01	7.000000e-01	
1.846726e+02	1815	7.994944e+01	2.482791e+02	1.846726e+02	1815	7.564214e-01	7.000000e-01	
1.847744e+02	1816	9.698425e+01	2.443750e+02	1.847744e+02	1816	7.158880e-01	7.000000e-01	
1.848761e+02	1817	8.862139e+01	2.480955e+02	1.848761e+02	1817	7.368074e-01	7.000000e-01	
1.849779e+02	1818	7.690939e+01	2.293653e+02	1.849779e+02	1818	7.488875e-01	7.000000e-01	
1.850796e+02	1819	9.401909e+01	2.335099e+02	1.850796e+02	1819	7.129442e-01	7.000000e-01	
1.851814e+02	1820	9.219672e+01	2.396571e+02	1.851814e+02	1820	7.221767e-01	7.000000e-01	
1.852831e+02	1821	6.100759e+01	2.226194e+02	1.852831e+02	1821	7.849020e-01	7.000000e-01	
1.853849e+02	1822	7.012427e+01	2.256017e+02	1.853849e+02	1822	7.628742e-01	7.000000e-01	
1.854866e+02	1823	9.313583e+01	2.199356e+02	1.854866e+02	1823	7.025093e-01	7.000000e-01	
1.855884e+02	1824	9.018602e+01	2.070492e+02	1.855884e+02	1824	6.965837e-01	7.000000e-01	
1.856901e+02	1825	7.192936e+01	2.233257e+02	1.856901e+02	1825	7.563823e-01	7.000000e-01	
1.857918e+02	1826	7.315552e+01	2.213672e+02	1.857918e+02	1826	7.516133e-01	7.000000e-01	
1.858936e+02	1827	6.506097e+01	2.297991e+02	1.858936e+02	1827	7.793497e-01	7.000000e-01	
1.859953e+02	1828	7.766282e+01	2.378285e+02	1.859953e+02	1828	7.538353e-01	7.000000e-01	
1.860971e+02	1829	8.432631e+01	2.193855e+02	1.860971e+02	1829	7.223476e-01	7.000000e-01	
1.861988e+02	1830	7.247119e+01	2.037116e+02	1.861988e+02	1830	7.375970e-01	7.000000e-01	
1.863006e+02	1831	7.986753e+01	2.160324e+02	1.863006e+02	1831	7.300860e-01	7.000000e-01	
1.864023e+02	1832	9.217258e+01	1.931594e+02	1.864023e+02	1832	6.769637e-01	7.000000e-01	
1.865041e+02	1833	1.071369e+02	1.916138e+02	1.865041e+02	1833	6.413836e-01	7.000000e-01	
1.866058e+02	1834	1.208748e+02	1.962352e+02	1.866058e+02	1834	6.188238e-01	7.000000e-01	
1.867076e+02	1835	9.087716e+01	2.115251e+02	1.867076e+02	1835	6.994825e-01	7.000000e-01	
1.868093e+02	1836	7.887088e+01	2.130261e+02	1.868093e+02	1836	7.297989e-01	7.000000e-01	
1.869111e+02	1837	8.399767e+01	2.570390e+02	1.869111e+02	1837	7.536990e-01	7.000000e-01	
1.870128e+02	1838	9.528929e+01	2.567891e+02	1.870128e+02	1838	7.293521e-01	7.000000e-01	
1.871146e+02	1839	9.185186e+01	2.217996e+02	1.871146e+02	1839	7.071531e-01	7.000000e-01	
1.872163e+02	1840	7.816186e+01	2.404638e+02	1.872163e+02	1840	7.546906e-01	7.000000e-01	
1.873181e+02	1841	9.646824e+01	2.340700e+02	1.873181e+02	1841	7.081480e-01	7.000000e-01	
1.874198e+02	1842	9.555381e+01	2.528807e+02	1.874198e+02	1842	7.257625e-01	7.000000e-01	
1.875216e+02	1843	8.366867e+01	2.512043e+02	1.875216e+02	1843	7.501480e-01	7.000000e-01	
1.876233e+02	1844	8.018152e+01	2.723423e+02	1.876233e+02	1844	7.725501e-01	7.000000e-01	
1.877251e+02	1845	8.552867e+01	2.749651e+02	1.877251e+02	1845	7.627458e-01	7.000000e-01	
1.878268e+02	1846	8.570468e+01	2.125022e+02	1.878268e+02	1846	7.125999e-01	7.000000e-01	
1.879286e+02	1847	7.279049e+01	1.922346e+02	1.879286e+02	1847	7.253449e-01	7.000000e-01	
1.880303e+02	1848	7.615428e+01	1.934784e+02	1.880303e+02	1848	7.175629e-01	7.000000e-01	
1.881321e+02	1849	8.273476e+01	2.138632e+02	1.881321e+02	1849	7.210542e-01	7.000000e-01	
1.882338e+02	1850	9.844650e+01	1.886307e+02	1.882338e+02	1850	6.570731e-01	7.000000e-01	
1.883355e+02	1851	8.413148e+01	2.064221e+02	1.883355e+02	1851	7.104442e-01	7.000000e-01	
1.884373e+02	1852	7.404510e+01	2.044850e+02	1.884373e+02	1852	7.341576e-01	7.000000e-01	
1.885390e+02	1853	9.014084e+01	1.965040e+02	1.885390e+02	1853	6.855313e-01	7.000000e-01	
1.886408e+02	1854	7.065415e+01	1.951915e+02	1.886408e+02	1854	7.342287e-01	7.000000e-01	
1.887425e+02	1855	7.757427e+01	1.975945e+02	1.887425e+02	1855	7.180848e-01	7.000000e-01	
1.888443e+02	1856	7.299134e+01	2.682793e+02	1.888443e+02	1856	7.861189e-01	7.000000e-01	
1.889460e+02	1857	8.423149e+01	2.299897e+02	1.889460e+02	1857	7.319357e-01	7.000000e-01	
1.890478e+02	1858	1.032458e+02	2.740751e+02	1.890478e+02	1858	7.263714e-01	7.000000e-01	
1.891495e+02	1859	8.471596e+01	2.644768e+02	1.891495e+02	1859	7.573949e-01	7.000000e-01	
1.892513e+02	1860	8.258531e+01	2.633773e+02	1.892513e+02	1860	7.612883e-01	7.000000e-01	
1.893530e+02	1861	8.431516e+01	2.670622e+02	1.893530e+02	1861	7.600438e-01	7.000000e-01	
1.894548e+02	1862	8.319014e+01	2.523550e+02	1.894548e+02	1862	7.520747e-01	7.000000e-01	
1.895565e+02	1863	8.061596e+01	2.690340e+02	1.895565e+02	1863	7.694381e-01	7.000000e-01	
1.896583e+02	1864	7.984213e+01	2.584936e+02	1.896583e+02	1864	7.640151e-01	7.000000e-01	
1.897600e+02	1865	9.595193e+01	2.693658e+02	1.897600e+02	1865	7.373466e-01	7.000000e-01	
1.898618e+02	1866	7.471840e+01	2.675135e+02	1.898618e+02	1866	7.816732e-01	7.000000e-01	
1.899635e+02	1867	7.972462e+01	2.558113e+02	1.899635e+02	1867	7.623962e-01	7.000000e-01	
1.900653e+02	1868	8.670161e+01	2.412162e+02	1.900653e+02	1868	7.355996e-01	7.000000e-01	
1.901670e+02	1869	8.497353e+01	2.459948e+02	1.901670e+02	1869	7.432578e-01	7.000000e-01	
1.902688e+02	1870	7.121430e+01	2.398141e+02	1.902688e+02	1870	7.710360e-01	7.000000e-01	
1.903705e+02	1871	7.912487e+01	2.320052e+02	1.903705e+02	1871	7.456856e-01	7.000000e-01	
1.904723e+02	1872	9.019458e+01	2.349526e+02	1.904723e+02	1872	7.226038e-01	7.000000e-01	
1.905740e+02	1873	8.107299e+01	2.333669e+02	1.905740e+02	1873	7.421670e-01	7.000000e-01	
1.906758e+02	1874	9.861577e+01	2.633042e+02	1.906758e+02	1874	7.275205e-01	7.000000e-01	
1.907775e+02	1875	8.854447e+01	2.605192e+02	1.907775e+02	1875	7.463372e-01	7.000000e-01	
1.908792e+02	1876	1.017618e+02	2.329612e+02	1.908792e+02	1876	6.959821e-01	7.000000e-01	
1.909810e+02	1877	8.325699e+01	2.358942e+02	1.909810e+02	1877	7.391299e-01	7.000000e-01	
1.910827e+02	1878	8.169305e+01	2.875603e+02	1.910827e+02	1878	7.787615e-01	7.000000e-01	
1.911845e+02	1879	8.552110e+01	2.676831e+02	1.911845e+02	1879	7.578707e-01	7.000000e-01	
1.912862e+02	1880	8.655382e+01	2.826738e+02	1.912862e+02	1880	7.655814e-01	7.000000e-01	
1.913880e+02	1881	7.571323e+01	2.915404e+02	1.913880e+02	1881	7.938394e-01	7.000000e-01	
1.914897e+02	1882	9.175131e+01	2.595654e+02	1.914897e+02	1882	7.388359e-01	7.000000e-01	
1.915915e+02	1883	9.246389e+01	2.411034e+02	1.915915e+02	1883	7.228029e-01	7.000000e-01	
1.916932e+02	1884	7.762701e+01	2.860462e+02	1.916932e+02	1884	7.865474e-01	7.000000e-01	
1.917950e+02	1885	8.764162e+01	2.743402e+02	1.917950e+02	1885	7.578839e-01	7.000000e-01	
1.918967e+02	1886	7.576172e+01	2.259363e+02	1.918967e+02	1886	7.488823e-01	7.000000e-01	
1.919985e+02	1887	8.551008e+01	2.602018e+02	1.919985e+02	1887	7.526551e-01	7.000000e-01	
1.921002e+02	1888	8.573961e+01	2.359142e+02	1.921002e+02	1888	7.334413e-01	7.000000e-01	
1.922020e+02	1889	8.702967e+01	2.112596e+02	1.922020e+02	1889	7.082373e-01	7.000000e-01	
1.923037e+02	1890	7.178774e+01	2.058881e+02	1.923037e+02	1890	7.414693e-01	7.000000e-01	
1.924055e+02	1891	8.099104e+01	2.380522e+02	1.924055e+02	1891	7.461440e-01	7.000000e-01	
1.925072e+02	1892	4.136381e+01	2.715479e+02	1.925072e+02	1892	8.678100e-01	7.000000e-01	
1.926090e+02	1893	1.148429e+02	2.451879e+02	1.926090e+02	1893	6.810192e-01	7.000000e-01	
1.927107e+02	1894	1.005655e+02	2.430751e+02	1.927107e+02	1894	7.073527e-01	7.000000e-01	
1.928125e+02	1895	1.090408e+02	2.571867e+02	1.928125e+02	1895	7.022594e-01	7.000000e-01	
1.929142e+02	1896	8.036671e+01	2.340440e+02	1.929142e+02	1896	7.443894e-01	7.000000e-01	
1.930160e+02	1897	8.326108e+01	2.358963e+02	1.930160e+02	1897	7.391222e-01	7.000000e-01	
1.931177e+02	1898	9.500789e+01	2.485060e+02	1.931177e+02	1898	7.234234e-01	7.000000e-01	
1.932195e+02	1899	9.368063e+01	2.593517e+02	1.932195e+02	1899	7.346401e-01	7.000000e-01	
1.933212e+02	1900	9.028898e+01	2.405035e+02	1.933212e+02	1900	7.270525e-01	7.000000e-01	
1.934229e+02	1901	7.949640e+01	2.627166e+02	1.934229e+02	1901	7.676991e-01	7.000000e-01	
1.935247e+02	1902	9.421544e+01	2.305864e+02	1.935247e+02	1902	7.099295e-01	7.000000e-01	
1.936264e+02	1903	7.152363e+01	2.569157e+02	1.936264e+02	1903	7.822318e-01	7.000000e-01	
1.937282e+02	1904	9.698864e+01	2.249435e+02	1.937282e+02	1904	6.987296e-01	7.000000e-01	
1.938299e+02	1905	8.667653e+01	2.364673e+02	1.938299e+02	1905	7.317711e-01	7.000000e-01	
1.939317e+02	1906	1.003768e+02	2.138004e+02	1.939317e+02	1906	6.805090e-01	7.000000e-01	
1.940334e+02	1907	1.033541e+02	2.149270e+02	1.940334e+02	1907	6.752742e-01	7.000000e-01	
1.941352e+02	1908	1.113897e+02	1.844027e+02	1.941352e+02	1908	6.234193e-01	7.000000e-01	
1.942369e+02	1909	1.022900e+02	2.221728e+02	1.942369e+02	1909	6.847404e-01	7.000000e-01	
1.943387e+02	1910	1.094718e+02	2.077519e+02	1.943387e+02	1910	6.549066e-01	7.000000e-01	
1.944404e+02	1911	1.001488e+02	2.334552e+02	1.944404e+02	1911	6.997974e-01	7.000000e-01	
1.945422e+02	1912	1.089052e+02	2.141195e+02	1.945422e+02	1912	6.628580e-01	7.000000e-01	
1.946439e+02	1913	1.039230e+02	2.465656e+02	1.946439e+02	1913	7.034911e-01	7.000000e-01	
1.947457e+02	1914	1.000156e+02	2.197009e+02	1.947457e+02	1914	6.871741e-01	7.000000e-01	
1.948474e+02	1915	1.161731e+02	2.568098e+02	1.948474e+02	1915	6.885297e-01	7.000000e-01	
1.949492e+02	1916	9.011967e+01	2.558863e+02	1.949492e+02	1916	7.395430e-01	7.000000e-01	
1.950509e+02	1917	1.129112e+02	2.752194e+02	1.950509e+02	1917	7.090897e-01	7.000000e-01	
1.951527e+02	1918	8.456587e+01	2.659425e+02	1.951527e+02	1918	7.587337e-01	7.000000e-01	
1.952544e+02	1919	8.137910e+01	2.730528e+02	1.952544e+02	1919	7.703957e-01	7.000000e-01	
1.953562e+02	1920	7.500762e+01	2.517260e+02	1.953562e+02	1920	7.704319e-01	7.000000e-01	
1.954579e+02	1921	8.913636e+01	2.503702e+02	1.954579e+02	1921	7.374532e-01	7.000000e-01	
1.955597e+02	1922	8.071884e+01	2.678918e+02	1.955597e+02	1922	7.684556e-01	7.000000e-01	
1.956614e+02	1923	9.562687e+01	2.500954e+02	1.956614e+02	1923	7.233997e-01	7.000000e-01	
1.957632e+02	1924	6.275102e+01	2.521678e+02	1.957632e+02	1924	8.007391e-01	7.000000e-01	
1.958649e+02	1925	8.371768e+01	2.557154e+02	1.958649e+02	1925	7.533603e-01	7.000000e-01	
1.959666e+02	1926	9.212101e+01	2.436253e+02	1.959666e+02	1926	7.256232e-01	7.000000e-01	
1.960684e+02	1927	8.522173e+01	2.587467e+02	1.960684e+02	1927	7.522397e-01	7.000000e-01	
1.961701e+02	1928	8.855238e+01	2.534802e+02	1.961701e+02	1928	7.410996e-01	7.000000e-01	
1.962719e+02	1929	9.429438e+01	2.391320e+02	1.962719e+02	1929	7.171958e-01	7.000000e-01	
1.963736e+02	1930	8.343031e+01	2.568642e+02	1.963736e+02	1930	7.548291e-01	7.000000e-01	
1.964754e+02	1931	1.009058e+02	2.521051e+02	1.964754e+02	1931	7.141567e-01	7.000000e-01	
1.965771e+02	1932	8.108389e+01	2.667218e+02	1.965771e+02	1932	7.668701e-01	7.000000e-01	
1.966789e+02	1933	8.269361e+01	2.570291e+02	1.966789e+02	1933	7.565850e-01	7.000000e-01	
1.967806e+02	1934	8.345552e+01	2.696536e+02	1.967806e+02	1934	7.636552e-01	7.000000e-01	
1.968824e+02	1935	6.964030e+01	3.375496e+02	1.968824e+02	1935	8.289734e-01	7.000000e-01	
1.969841e+02	1936	8.178608e+01	2.458908e+02	1.969841e+02	1936	7.504063e-01	7.000000e-01	
1.970859e+02	1937	7.772798e+01	2.488062e+02	1.970859e+02	1937	7.619607e-01	7.000000e-01	
1.971876e+02	1938	8.702508e+01	2.055914e+02	1.971876e+02	1938	7.025968e-01	7.000000e-01	
1.972894e+02	1939	8.574368e+01	2.610650e+02	1.972894e+02	1939	7.527637e-01	7.000000e-01	
1.973911e+02	1940	8.448907e+01	2.693268e+02	1.973911e+02	1940	7.612061e-01	7.000000e-01	
1.974929e+02	1941	9.363478e+01	2.473575e+02	1.974929e+02	1941	7.254050e-01	7.000000e-01	
1.975946e+02	1942	8.221760e+01	2.416046e+02	1.975946e+02	1942	7.461026e-01	7.000000e-01	
1.976964e+02	1943	8.293715e+01	2.419109e+02	1.976964e+02	1943	7.446894e-01	7.000000e-01	
1.977981e+02	1944	7.491027e+01	2.515409e+02	1.977981e+02	1944	7.705315e-01	7.000000e-01	
1.978999e+02	1945	6.470953e+01	2.291552e+02	1.978999e+02	1945	7.797982e-01	7.000000e-01	
1.980016e+02	1946	8.227851e+01	2.447860e+02	1.980016e+02	1946	7.484334e-01	7.000000e-01	
1.981034e+02	1947	7.992405e+01	2.372560e+02	1.981034e+02	1947	7.480168e-01	7.000000e-01	
1.982051e+02	1948	6.371108e+01	2.400606e+02	1.982051e+02	1948	7.902666e-01	7.000000e-01	
1.983069e+02	1949	8.229840e+01	2.322747e+02	1.983069e+02	1949	7.383807e-01	7.000000e-01	
1.984086e+02	1950	6.546951e+01	2.339672e+02	1.984086e+02	1950	7.813578e-01	7.000000e-01	
1.985103e+02	1951	6.371090e+01	2.400606e+02	1.985103e+02	1951	7.902670e-01	7.000000e-01	
1.986121e+02	1952	8.305573e+01	2.332778e+02	1.986121e+02	1952	7.374425e-01	7.000000e-01	
1.987138e+02	1953	1.118438e+02	2.431704e+02	1.987138e+02	1953	6.849596e-01	7.000000e-01	
1.988156e+02	1954	9.591324e+01	2.456690e+02	1.988156e+02	1954	7.192089e-01	7.000000e-01	
1.989173e+02	1955	8.441293e+01	2.363364e+02	1.989173e+02	1955	7.368259e-01	7.000000e-01	
1.990191e+02	1956	9.356967e+01	2.515983e+02	1.990191e+02	1956	7.289155e-01	7.000000e-01	
1.991208e+02	1957	8.758379e+01	2.289396e+02	1.991208e+02	1957	7.232944e-01	7.000000e-01	
1.992226e+02	1958	9.662673e+01	2.479338e+02	1.992226e+02	1958	7.195653e-01	7.000000e-01	
1.993243e+02	1959	8.662389e+01	2.390906e+02	1.993243e+02	1959	7.340496e-01	7.000000e-01	
1.994261e+02	1960	8.917742e+01	2.557156e+02	1.994261e+02	1960	7.414345e-01	7.000000e-01	
1.995278e+02	1961	8.361163e+01	2.316019e+02	1.995278e+02	1961	7.347461e-01	7.000000e-01	
1.996296e+02	1962	7.594271e+01	2.444538e+02	1.996296e+02	1962	7.629727e-01	7.000000e-01	
1.997313e+02	1963	8.101142e+01	2.529632e+02	1.997313e+02	1963	7.574324e-01	7.000000e-01	
1.998331e+02	1964	8.948086e+01	2.383191e+02	1.998331e+02	1964	7.270260e-01	7.000000e-01	
1.999348e+02	1965	7.060501e+01	2.489585e+02	1.999348e+02	1965	7.790580e-01	7.000000e-01	
2.000366e+02	1966	7.469978e+01	2.633159e+02	2.000366e+02	1966	7.790050e-01	7.000000e-01	
2.001383e+02	1967	8.600199e+01	2.510003e+02	2.001383e+02	1967	7.448030e-01	7.000000e-01	
2.002401e+02	1968	8.456628e+01	2.694903e+02	2.002401e+02	1968	7.611504e-01	7.000000e-01	
2.003418e+02	1969	8.096760e+01	2.511276e+02	2.003418e+02	1969	7.561916e-01	7.000000e-01	
2.004436e+02	1970	7.678256e+01	2.799657e+02	2.004436e+02	1970	7.847710e-01	7.000000e-01	
2.005453e+02	1971	8.451786e+01	2.725928e+02	2.005453e+02	1971	7.633287e-01	7.000000e-01	
2.006471e+02	1972	8.746305e+01	2.415261e+02	2.006471e+02	1972	7.341461e-01	7.000000e-01	
2.007488e+02	1973	8.005711e+01	2.537103e+02	2.007488e+02	1973	7.601410e-01	7.000000e-01	
2.008506e+02	1974	9.513340e+01	2.442937e+02	2.008506e+02	1974	7.197236e-01	7.000000e-01	
2.009523e+02	1975	1.123950e+02	2.625913e+02	2.009523e+02	1975	7.002690e-01	7.000000e-01	
2.010540e+02	1976	7.483683e+01	1.739874e+02	2.010540e+02	1976	6.992382e-01	7.000000e-01	
2.011558e+02	1977	8.365269e+01	2.562141e+02	2.011558e+02	1977	7.538662e-01	7.000000e-01	
2.012575e+02	1978	6.595185e+01	2.537876e+02	2.012575e+02	1978	7.937325e-01	7.000000e-01	
2.013593e+02	1979	1.134554e+02	2.369738e+02	2.013593e+02	1979	6.762387e-01	7.000000e-01	
2.014610e+02	1980	1.162227e+02	2.432200e+02	2.014610e+02	1980	6.766586e-01	7.000000e-01	
2.015628e+02	1981	1.156234e+02	2.307670e+02	2.015628e+02	1981	6.662050e-01	7.000000e-01	
2.016645e+02	1982	1.282184e+02	2.523789e+02	2.016645e+02	1982	6.631127e-01	7.000000e-01	
2.017663e+02	1983	1.203392e+02	2.437503e+02	2.017663e+02	1983	6.694791e-01	7.000000e-01	
2.018680e+02	1984	1.256285e+02	2.416555e+02	2.018680e+02	1984	6.579527e-01	7.000000e-01	
2.019698e+02	1985	1.211900e+02	2.549764e+02	2.019698e+02	1985	6.778287e-01	7.000000e-01	
2.020715e+02	1986	8.907511e+01	2.286444e+02	2.020715e+02	1986	7.196423e-01	7.000000e-01	
2.021733e+02	1987	1.027623e+02	2.459751e+02	2.021733e+02	1987	7.053304e-01	7.000000e-01	
2.022750e+02	1988	9.626753e+01	2.340943e+02	2.022750e+02	1988	7.085997e-01	7.000000e-01	
2.023768e+02	1989	9.454740e+01	2.273343e+02	2.023768e+02	1989	7.062666e-01	7.000000e-01	
2.024785e+02	1990	1.069759e+02	2.384550e+02	2.024785e+02	1990	6.903117e-01	7.000000e-01	
2.025803e+02	1991	1.031455e+02	2.366317e+02	2.025803e+02	1991	6.964320e-01	7.000000e-01	
2.026820e+02	1992	1.076408e+02	2.345720e+02	2.026820e+02	1992	6.854565e-01	7.000000e-01	
2.027838e+02	1993	8.535900e+01	2.363622e+02	2.027838e+02	1993	7.346802e-01	7.000000e-01	
2.028855e+02	1994	9.820676e+01	2.351611e+02	2.028855e+02	1994	7.054102e-01	7.000000e-01	
2.029873e+02	1995	1.056927e+02	2.358819e+02	2.029873e+02	1995	6.905721e-01	7.000000e-01	
2.030890e+02	1996	1.079402e+02	2.346807e+02	2.030890e+02	1996	6.849573e-01	7.000000e-01	
2.031908e+02	1997	8.882972e+01	2.269800e+02	2.031908e+02	1997	7.187239e-01	7.000000e-01	
2.032925e+02	1998	1.065743e+02	2.317483e+02	2.032925e+02	1998	6.849921e-01	7.000000e-01	
2.033943e+02	1999	8.717191e+01	2.247078e+02	2.033943e+02	1999	7.204951e-01	7.000000e-01	
2.034960e+02	2000	8.900306e+01	2.298456e+02	2.034960e+02	2000	7.208611e-01	7.000000e-01	
2.035977e+02	2001	9.488176e+01	2.373601e+02	2.035977e+02	2001	7.144196e-01	7.000000e-01	
2.036995e+02	2002	1.031720e+02	2.329152e+02	2.036995e+02	2002	6.930201e-01	7.000000e-01	
2.038012e+02	2003	7.492379e+01	2.552853e+02	2.038012e+02	2003	7.731020e-01	7.000000e-01	
2.039030e+02	2004	6.611388e+01	2.148527e+02	2.039030e+02	2004	7.646913e-01	7.000000e-01	
2.040047e+02	2005	6.886382e+01	2.511673e+02	2.040047e+02	2005	7.848215e-01	7.000000e-01	
2.041065e+02	2006	4.631670e+01	2.527731e+02	2.041065e+02	2006	8.451412e-01	7.000000e-01	
2.042082e+02	2007	4.916222e+01	2.713288e+02	2.042082e+02	2007	8.466034e-01	7.000000e-01	
2.043100e+02	2008	5.288098e+01	2.546553e+02	2.043100e+02	2008	8.280496e-01	7.000000e-01	
2.044117e+02	2009	4.146385e+01	2.499964e+02	2.044117e+02	2009	8.577375e-01	7.000000e-01	
2.045135e+02	2010	8.769955e+01	2.486984e+02	2.045135e+02	2010	7.392982e-01	7.000000e-01	
2.046152e+02	2011	6.921621e+01	2.573305e+02	2.046152e+02	2011	7.880358e-01	7.000000e-01	
2.047170e+02	2012	8.667984e+01	2.980744e+02	2.047170e+02	2012	7.747137e-01	7.000000e-01	
2.048187e+02	2013	7.829379e+01	2.472251e+02	2.048187e+02	2013	7.594800e-01	7.000000e-01	
2.049205e+02	2014	6.833175e+01	2.576913e+02	2.049205e+02	2014	7.904082e-01	7.000000e-01	
2.050222e+02	2015	8.973949e+01	2.242471e+02	2.050222e+02	2015	7.141932e-01	7.000000e-01	
2.051240e+02	2016	9.811299e+01	2.305171e+02	2.051240e+02	2016	7.014485e-01	7.000000e-01	
2.052257e+02	2017	8.118292e+01	2.572603e+02	2.052257e+02	2017	7.601284e-01	7.000000e-01	
2.053275e+02	2018	6.975968e+01	2.415877e+02	2.053275e+02	2018	7.759426e-01	7.000000e-01	
2.054292e+02	2019	9.195754e+01	2.287484e+02	2.054292e+02	2019	7.132652e-01	7.000000e-01	
2.055310e+02	2020	1.008173e+02	1.969553e+02	2.055310e+02	2020	6.614286e-01	7.000000e-01	
2.056327e+02	2021	1.026330e+02	1.876364e+02	2.056327e+02	2021	6.464216e-01	7.000000e-01	
2.057345e+02	2022	8.506864e+01	2.110064e+02	2.057345e+02	2022	7.126788e-01	7.000000e-01	
2.058362e+02	2023	9.627506e+01	2.456846e+02	2.058362e+02	2023	7.184608e-01	7.000000e-01	
2.059380e+02	2024	8.736364e+01	2.289089e+02	2.059380e+02	2024	7.237710e-01	7.000000e-01	
2.060397e+02	2025	8.549975e+01	2.219390e+02	2.060397e+02	2025	7.218966e-01	7.000000e-01	
2.061414e+02	2026	8.513739e+01	2.523309e+02	2.061414e+02	2026	7.477174e-01	7.000000e-01	
2.062432e+02	2027	7.372469e+01	2.024887e+02	2.062432e+02	2027	7.330879e-01	7.000000e-01	
2.063449e+02	2028	9.011402e+01	2.425315e+02	2.063449e+02	2028	7.290990e-01	7.000000e-01	
2.064467e+02	2029	9.195245e+01	2.484141e+02	2.064467e+02	2029	7.298429e-01	7.000000e-01	
2.065484e+02	2030	8.515888e+01	2.312419e+02	2.065484e+02	2030	7.308512e-01	7.000000e-01	
2.066502e+02	2031	6.028686e+01	2.699646e+02	2.066502e+02	2031	8.174516e-01	7.000000e-01	
2.067519e+02	2032	9.373765e+01	2.304498e+02	2.067519e+02	2032	7.108536e-01	7.000000e-01	
2.068537e+02	2033	1.056472e+02	2.037600e+02	2.068537e+02	2033	6.585496e-01	7.000000e-01	
2.069554e+02	2034	8.643345e+01	2.398983e+02	2.069554e+02	2034	7.351363e-01	7.000000e-01	
2.070572e+02	2035	1.005962e+02	1.940771e+02	2.070572e+02	2035	6.586179e-01	7.000000e-01	
2.071589e+02	2036	8.896273e+01	1.971553e+02	2.071589e+02	2036	6.890698e-01	7.000000e-01	
2.072607e+02	2037	8.732488e+01	1.930110e+02	2.072607e+02	2037	6.884991e-01	7.000000e-01	
2.073624e+02	2038	9.772109e+01	2.197919e+02	2.073624e+02	2038	6.922296e-01	7.000000e-01	
2.074642e+02	2039	7.600051e+01	2.168600e+02	2.074642e+02	2039	7.404890e-01	7.000000e-01	
2.075659e+02	2040	7.751406e+01	2.310557e+02	2.075659e+02	2040	7.487957e-01	7.000000e-01	
2.076677e+02	2041	1.077195e+02	2.076975e+02	2.076677e+02	2041	6.584854e-01	7.000000e-01	
2.077694e+02	2042	8.423433e+01	2.179116e+02	2.077694e+02	2042	7.212131e-01	7.000000e-01	
2.078712e+02	2043	8.308802e+01	2.005174e+02	2.078712e+02	2043	7.070295e-01	7.000000e-01	
2.079729e+02	2044	8.156260e+01	1.931215e+02	2.079729e+02	2044	7.030676e-01	7.000000e-01	
2.080747e+02	2045	9.388630e+01	2.387313e+02	2.080747e+02	2045	7.177350e-01	7.000000e-01	
2.081764e+02	2046	8.326245e+01	2.219092e+02	2.081764e+02	2046	7.271619e-01	7.000000e-01	
2.082782e+02	2047	1.023579e+02	2.581258e+02	2.082782e+02	2047	7.160540e-01	7.000000e-01	
2.083799e+02	2048	8.477290e+01	2.232445e+02	2.083799e+02	2048	7.247789e-01	7.000000e-01	
2.084817e+02	2049	9.996676e+01	2.565782e+02	2.084817e+02	2049	7.196237e-01	7.000000e-01	
2.085834e+02	2050	1.033984e+02	2.569129e+02	2.085834e+02	2050	7.130304e-01	7.000000e-01	
2.086851e+02	2051	1.235885e+02	1.926997e+02	2.086851e+02	2051	6.092535e-01	7.000000e-01	
2.087869e+02	2052	9.658374e+01	2.511810e+02	2.087869e+02	2052	7.222728e-01	7.000000e-01	
2.088886e+02	2053	8.924358e+01	2.422056e+02	2.088886e+02	2053	7.307473e-01	7.000000e-01	
2.089904e+02	2054	7.488002e+01	2.221779e+02	2.089904e+02	2054	7.479279e-01	7.000000e-01	
2.090921e+02	2055	6.695315e+01	2.167029e+02	2.090921e+02	2055	7.639636e-01	7.000000e-01	
2.091939e+02	2056	7.875325e+01	2.488343e+02	2.091939e+02	2056	7.595963e-01	7.000000e-01	
2.092956e+02	2057	1.120070e+02	2.455477e+02	2.092956e+02	2057	6.867416e-01	7.000000e-01	
2.093974e+02	2058	8.988789e+01	2.425988e+02	2.093974e+02	2058	7.296497e-01	7.000000e-01	
2.094991e+02	2059	1.216950e+02	2.803525e+02	2.094991e+02	2059	6.973119e-01	7.000000e-01	
2.096009e+02	2060	1.054052e+02	2.800929e+02	2.096009e+02	2060	7.265740e-01	7.000000e-01	
2.097026e+02	2061	9.602038e+01	2.477897e+02	2.097026e+02	2061	7.207168e-01	7.000000e-01	
2.098044e+02	2062	9.566821e+01	2.781148e+02	2.098044e+02	2062	7.440542e-01	7.000000e-01	
2.099061e+02	2063	9.698067e+01	2.508132e+02	2.099061e+02	2063	7.211547e-01	7.000000e-01	
2.100079e+02	2064	8.882712e+01	2.340314e+02	2.100079e+02	2064	7.248729e-01	7.000000e-01	
2.101096e+02	2065	8.979509e+01	2.231306e+02	2.101096e+02	2065	7.130466e-01	7.000000e-01	
2.102114e+02	2066	1.070156e+02	2.610831e+02	2.102114e+02	2066	7.092747e-01	7.000000e-01	
2.103131e+02	2067	8.970241e+01	2.378928e+02	2.103131e+02	2067	7.261791e-01	7.000000e-01	
2.104149e+02	2068	9.752456e+01	2.647179e+02	2.104149e+02	2068	7.307755e-01	7.000000e-01	
2.105166e+02	2069	1.001061e+02	2.620567e+02	2.105166e+02	2069	7.235881e-01	7.000000e-01	
2.106184e+02	2070	9.107912e+01	2.262169e+02	2.106184e+02	2070	7.129522e-01	7.000000e-01	
2.107201e+02	2071	8.347038e+01	2.213871e+02	2.107201e+02	2071	7.261987e-01	7.000000e-01	
2.108219e+02	2072	9.525757e+01	2.073333e+02	2.108219e+02	2072	6.851935e-01	7.000000e-01	
2.109236e+02	2073	8.600079e+01	2.267424e+02	2.109236e+02	2073	7.250115e-01	7.000000e-01	
2.110254e+02	2074	8.886367e+01	2.403064e+02	2.110254e+02	2074	7.300372e-01	7.000000e-01	
2.111271e+02	2075	9.613065e+01	1.838151e+02	2.111271e+02	2075	6.566097e-01	7.000000e-01	
2.112288e+02	2076	8.914282e+01	2.500446e+02	2.112288e+02	2076	7.371871e-01	7.000000e-01	
2.113306e+02	2077	9.910929e+01	2.689974e+02	2.113306e+02	2077	7.307593e-01	7.000000e-01	
2.114323e+02	2078	9.026169e+01	2.763848e+02	2.114323e+02	2078	7.538182e-01	7.000000e-01	
2.115341e+02	2079	7.782859e+01	2.327166e+02	2.115341e+02	2079	7.493808e-01	7.000000e-01	
2.116358e+02	2080	8.782484e+01	2.460244e+02	2.116358e+02	2080	7.369326e-01	7.000000e-01	
2.117376e+02	2081	8.930220e+01	2.445034e+02	2.117376e+02	2081	7.324724e-01	7.000000e-01	
2.118393e+02	2082	9.417135e+01	2.505337e+02	2.118393e+02	2082	7.268060e-01	7.000000e-01	
2.119411e+02	2083	8.451723e+01	2.615326e+02	2.119411e+02	2083	7.557657e-01	7.000000e-01	
2.120428e+02	2084	7.768644e+01	2.323909e+02	2.120428e+02	2084	7.494611e-01	7.000000e-01	
2.121446e+02	2085	8.247285e+01	2.335167e+02	2.121446e+02	2085	7.390013e-01	7.000000e-01	
2.122463e+02	2086	7.137389e+01	2.695169e+02	2.122463e+02	2086	7.906253e-01	7.000000e-01	
2.123481e+02	2087	6.940675e+01	2.659622e+02	2.123481e+02	2087	7.930436e-01	7.000000e-01	
2.124498e+02	2088	7.511309e+01	2.577107e+02	2.124498e+02	2088	7.743157e-01	7.000000e-01	
2.125516e+02	2089	8.738133e+01	2.598594e+02	2.125516e+02	2089	7.483552e-01	7.000000e-01	
2.126533e+02	2090	7.309051e+01	2.835653e+02	2.126533e+02	2090	7.950671e-01	7.000000e-01	
2.127551e+02	2091	7.155828e+01	2.641838e+02	2.127551e+02	2091	7.868653e-01	7.000000e-01	
2.128568e+02	2092	6.657453e+01	2.483936e+02	2.128568e+02	2092	7.886309e-01	7.000000e-01	
2.129586e+02	2093	7.208064e+01	2.682611e+02	2.129586e+02	2093	7.882110e-01	7.000000e-01	
2.130603e+02	2094	9.045667e+01	2.312038e+02	2.130603e+02	2094	7.187821e-01	7.000000e-01	
2.131621e+02	2095	1.002468e+02	2.246006e+02	2.131621e+02	2095	6.914034e-01	7.000000e-01	
2.132638e+02	2096	8.739352e+01	2.136312e+02	2.132638e+02	2096	7.096799e-01	7.000000e-01	
2.133656e+02	2097	9.472856e+01	2.280454e+02	2.133656e+02	2097	7.065173e-01	7.000000e-01	
2.134673e+02	2098	9.268148e+01	2.291346e+02	2.134673e+02	2098	7.120048e-01	7.000000e-01	
2.135691e+02	2099	8.699547e+01	2.718303e+02	2.135691e+02	2099	7.575551e-01	7.000000e-01	
2.136708e+02	2100	8.258577e+01	2.533178e+02	2.136708e+02	2100	7.541385e-01	7.000000e-01	
2.137725e+02	2101	8.980715e+01	2.369447e+02	2.137725e+02	2101	7.251518e-01	7.000000e-01	
2.138743e+02	2102	8.553957e+01	2.446940e+02	2.138743e+02	2102	7.409725e-01	7.000000e-01	
2.139760e+02	2103	8.115972e+01	2.432046e+02	2.139760e+02	2103	7.497884e-01	7.000000e-01	
2.140778e+02	2104	8.154544e+01	2.432213e+02	2.140778e+02	2104	7.489107e-01	7.000000e-01	
2.141795e+02	2105	9.499621e+01	2.500133e+02	2.141795e+02	2105	7.246563e-01	7.000000e-01	
2.142813e+02	2106	9.514197e+01	2.526397e+02	2.142813e+02	2106	7.264319e-01	7.000000e-01	
2.143830e+02	2107	7.935646e+01	2.484187e+02	2.143830e+02	2107	7.578936e-01	7.000000e-01	
2.144848e+02	2108	8.602388e+01	2.466276e+02	2.144848e+02	2108	7.413994e-01	7.000000e-01	
2.145865e+02	2109	9.677526e+01	2.492868e+02	2.145865e+02	2109	7.203529e-01	7.000000e-01	
2.146883e+02	2110	8.627008e+01	2.452847e+02	2.146883e+02	2110	7.398014e-01	7.000000e-01	
2.147900e+02	2111	8.629681e+01	2.445410e+02	2.147900e+02	2111	7.391567e-01	7.000000e-01	
2.148918e+02	2112	7.786039e+01	2.490487e+02	2.148918e+02	2112	7.618286e-01	7.000000e-01	
2.149935e+02	2113	8.896121e+01	2.469250e+02	2.149935e+02	2113	7.351448e-01	7.000000e-01	
2.150953e+02	2114	7.747959e+01	2.403868e+02	2.150953e+02	2114	7.562511e-01	7.000000e-01	
2.151970e+02	2115	7.830640e+01	2.750667e+02	2.151970e+02	2115	7.784031e-01	7.000000e-01	
2.152988e+02	2116	7.709847e+01	2.428635e+02	2.152988e+02	2116	7.590386e-01	7.000000e-01	
2.154005e+02	2117	7.887063e+01	2.660525e+02	2.154005e+02	2117	7.713385e-01	7.000000e-01	
2.155023e+02	2118	7.297991e+01	2.503787e+02	2.155023e+02	2118	7.743066e-01	7.000000e-01	
2.156040e+02	2119	7.627205e+01	2.525918e+02	2.156040e+02	2119	7.680741e-01	7.000000e-01	
2.157058e+02	2120	7.936491e+01	2.508572e+02	2.157058e+02	2120	7.596620e-01	7.000000e-01	
2.158075e+02	2121	7.038622e+01	2.590689e+02	2.158075e+02	2121	7.863557e-01	7.000000e-01	
2.159093e+02	2122	7.316465e+01	2.402743e+02	2.159093e+02	2122	7.665745e-01	7.000000e-01	
2.160110e+02	2123	6.850037e+01	2.610904e+02	2.160110e+02	2123	7.921654e-01	7.000000e-01	
2.161128e+02	2124	5.986961e+01	2.616433e+02	2.161128e+02	2124	8.137879e-01	7.000000e-01	
2.162145e+02	2125	7.020314e+01	2.136390e+02	2.162145e+02	2125	7.526684e-01	7.000000e-01	
2.163162e+02	2126	7.388865e+01	2.000986e+02	2.163162e+02	2126	7.303208e-01	7.000000e-01	
2.164180e+02	2127	8.518404e+01	2.398297e+02	2.164180e+02	2127	7.379063e-01	7.000000e-01	
2.165197e+02	2128	7.119462e+01	2.825837e+02	2.165197e+02	2128	7.987592e-01	7.000000e-01	
2.166215e+02	2129	6.919863e+01	2.724821e+02	2.166215e+02	2129	7.974758e-01	7.000000e-01	
2.167232e+02	2130	6.708651e+01	2.778762e+02	2.167232e+02	2130	8.055253e-01	7.000000e-01	
2.168250e+02	2131	7.207647e+01	2.469563e+02	2.168250e+02	2131	7.740782e-01	7.000000e-01	
2.169267e+02	2132	7.585475e+01	2.758165e+02	2.169267e+02	2132	7.843021e-01	7.000000e-01	
2.170285e+02	2133	6.323870e+01	2.729216e+02	2.170285e+02	2133	8.118793e-01	7.000000e-01	
2.171302e+02	2134	7.698681e+01	2.629236e+02	2.171302e+02	2134	7.735085e-01	7.000000e-01	
2.172320e+02	2135	6.899833e+01	2.786320e+02	2.172320e+02	2135	8.015181e-01	7.000000e-01	
2.173337e+02	2136	7.417389e+01	2.733958e+02	2.173337e+02	2136	7.865928e-01	7.000000e-01	
2.174355e+02	2137	7.216348e+01	2.897899e+02	2.174355e+02	2137	8.006277e-01	7.000000e-01	
2.175372e+02	2138	7.054393e+01	2.542925e+02	2.175372e+02	2138	7.828325e-01	7.000000e-01	
2.176390e+02	2139	7.180532e+01	2.475234e+02	2.176390e+02	2139	7.751367e-01	7.000000e-01	
2.177407e+02	2140	6.503285e+01	2.342458e+02	2.177407e+02	2140	7.827013e-01	7.000000e-01	
2.178425e+02	2141	7.239169e+01	2.362430e+02	2.178425e+02	2141	7.654454e-01	7.000000e-01	
2.179442e+02	2142	7.435244e+01	2.671565e+02	2.179442e+02	2142	7.822826e-01	7.000000e-01	
2.180460e+02	2143	7.648931e+01	2.395446e+02	2.180460e+02	2143	7.579712e-01	7.000000e-01	
2.181477e+02	2144	7.799616e+01	2.298045e+02	2.181477e+02	2144	7.466017e-01	7.000000e-01	
2.182495e+02	2145	7.473046e+01	2.456586e+02	2.182495e+02	2145	7.667509e-01	7.000000e-01	
2.183512e+02	2146	6.839508e+01	2.443941e+02	2.183512e+02	2146	7.813381e-01	7.000000e-01	
2.184530e+02	2147	7.646138e+01	2.430622e+02	2.184530e+02	2147	7.607019e-01	7.000000e-01	
2.185547e+02	2148	8.144715e+01	2.403006e+02	2.185547e+02	2148	7.468602e-01	7.000000e-01	
2.186565e+02	2149	8.313382e+01	2.368265e+02	2.186565e+02	2149	7.401746e-01	7.000000e-01	
2.187582e+02	2150	8.233757e+01	1.806310e+02	2.187582e+02	2150	6.868920e-01	7.000000e-01	
2.188599e+02	2151	8.556681e+01	2.271934e+02	2.188599e+02	2151	7.264140e-01	7.000000e-01	
2.189617e+02	2152	7.246053e+01	2.483161e+02	2.189617e+02	2152	7.741091e-01	7.000000e-01	
2.190634e+02	2153	7.180162e+01	2.522651e+02	2.190634e+02	2153	7.784357e-01	7.000000e-01	
2.191652e+02	2154	8.089453e+01	2.078354e+02	2.191652e+02	2154	7.198263e-01	7.000000e-01	
2.192669e+02	2155	8.588115e+01	1.905448e+02	2.192669e+02	2155	6.893159e-01	7.000000e-01	
2.193687e+02	2156	8.938518e+01	2.390840e+02	2.193687e+02	2156	7.278735e-01	7.000000e-01	
2.194704e+02	2157	7.609143e+01	2.221638e+02	2.194704e+02	2157	7.448781e-01	7.000000e-01	
2.195722e+02	2158	9.795157e+01	2.020694e+02	2.195722e+02	2158	6.735176e-01	7.000000e-01	
2.196739e+02	2159	8.613244e+01	2.303862e+02	2.196739e+02	2159	7.278756e-01	7.000000e-01	
2.197757e+02	2160	8.107815e+01	2.172863e+02	2.197757e+02	2160	7.282580e-01	7.000000e-01	
2.198774e+02	2161	7.769993e+01	2.416838e+02	2.198774e+02	2161	7.567192e-01	7.000000e-01	
2.199792e+02	2162	7.526107e+01	2.195779e+02	2.199792e+02	2162	7.447384e-01	7.000000e-01	
2.200809e+02	2163	7.902214e+01	2.559220e+02	2.200809e+02	2163	7.640737e-01	7.000000e-01	
2.201827e+02	2164	8.069001e+01	2.379494e+02	2.201827e+02	2164	7.467670e-01	7.000000e-01	
2.202844e+02	2165	8.570699e+01	2.409411e+02	2.202844e+02	2165	7.376167e-01	7.000000e-01	
2.203862e+02	2166	7.458482e+01	2.928744e+02	2.203862e+02	2166	7.970256e-01	7.000000e-01	
2.204879e+02	2167	7.245884e+01	2.285102e+02	2.204879e+02	2167	7.592482e-01	7.000000e-01	
2.205897e+02	2168	7.530912e+01	2.348527e+02	2.205897e+02	2168	7.571941e-01	7.000000e-01	
2.206914e+02	2169	9.099076e+01	2.154028e+02	2.206914e+02	2169	7.030265e-01	7.000000e-01	
2.207932e+02	2170	8.887178e+01	2.148666e+02	2.207932e+02	2170	7.074068e-01	7.000000e-01	
2.208949e+02	2171	7.893155e+01	2.459812e+02	2.208949e+02	2171	7.570685e-01	7.000000e-01	
2.209967e+02	2172	9.210589e+01	2.133369e+02	2.209967e+02	2172	6.984513e-01	7.000000e-01	
2.210984e+02	2173	5.924354e+01	2.705466e+02	2.210984e+02	2173	8.203599e-01	7.000000e-01	
2.212002e+02	2174	8.159545e+01	2.462159e+02	2.212002e+02	2174	7.510902e-01	7.000000e-01	
2.213019e+02	2175	7.480054e+01	2.450793e+02	2.213019e+02	2175	7.661605e-01	7.000000e-01	
2.214036e+02	2176	2.947086e+01	2.467806e+02	2.214036e+02	2176	8.933187e-01	7.000000e-01	
2.215054e+02	2177	7.709050e+01	2.373920e+02	2.215054e+02	2177	7.548655e-01	7.000000e-01	
2.216071e+02	2178	7.338842e+01	2.331875e+02	2.216071e+02	2178	7.606191e-01	7.000000e-01	
2.217089e+02	2179	6.984430e+01	2.524814e+02	2.217089e+02	2179	7.833114e-01	7.000000e-01	
2.218106e+02	2180	7.637999e+01	2.330326e+02	2.218106e+02	2180	7.531452e-01	7.000000e-01	
2.219124e+02	2181	6.912071e+01	2.481295e+02	2.219124e+02	2181	7.821256e-01	7.000000e-01	
2.220141e+02	2182	8.055886e+01	2.358593e+02	2.220141e+02	2182	7.454038e-01	7.000000e-01	
2.221159e+02	2183	7.426835e+01	2.344097e+02	2.221159e+02	2183	7.593987e-01	7.000000e-01	
2.222176e+02	2184	9.566968e+01	2.935508e+02	2.222176e+02	2184	7.542018e-01	7.000000e-01	
2.223194e+02	2185	7.232306e+01	2.449181e+02	2.223194e+02	2185	7.720250e-01	7.000000e-01	
2.224211e+02	2186	9.687384e+01	2.413718e+02	2.224211e+02	2186	7.135991e-01	7.000000e-01	
2.225229e+02	2187	1.095806e+02	2.163970e+02	2.225229e+02	2187	6.638401e-01	7.000000e-01	
2.226246e+02	2188	1.074288e+02	2.447288e+02	2.226246e+02	2188	6.949411e-01	7.000000e-01	
2.227264e+02	2189	1.003676e+02	2.470497e+02	2.227264e+02	2189	7.111036e-01	7.000000e-01	
2.228281e+02	2190	1.023336e+02	2.191223e+02	2.228281e+02	2190	6.816559e-01	7.000000e-01	
2.229299e+02	2191	9.482247e+01	2.443590e+02	2.229299e+02	2191	7.204374e-01	7.000000e-01	
2.230316e+02	2192	1.038870e+02	2.329099e+02	2.230316e+02	2192	6.915441e-01	7.000000e-01	
2.231334e+02	2193	7.035171e+01	2.605771e+02	2.231334e+02	2193	7.874113e-01	7.000000e-01	
2.232351e+02	2194	8.381070e+01	2.474317e+02	2.232351e+02	2194	7.469808e-01	7.000000e-01	
2.233369e+02	2195	8.131849e+01	2.501369e+02	2.233369e+02	2195	7.546623e-01	7.000000e-01	
2.234386e+02	2196	4.544238e+01	2.929237e+02	2.234386e+02	2196	8.657005e-01	7.000000e-01	
2.235404e+02	2197	8.648115e+01	2.419906e+02	2.235404e+02	2197	7.367166e-01	7.000000e-01	
2.236421e+02	2198	8.064062e+01	2.458845e+02	2.236421e+02	2198	7.530339e-01	7.000000e-01	
2.237439e+02	2199	7.873503e+01	2.543675e+02	2.237439e+02	2199	7.636312e-01	7.000000e-01	
2.238456e+02	2200	8.646208e+01	2.401182e+02	2.238456e+02	2200	7.352502e-01	7.000000e-01	
2.239473e+02	2201	8.698530e+01	2.532768e+02	2.239473e+02	2201	7.443580e-01	7.000000e-01	
2.240491e+02	2202	7.844289e+01	2.452287e+02	2.240491e+02	2202	7.576467e-01	7.000000e-01	
2.241508e+02	2203	9.085431e+01	2.416433e+02	2.241508e+02	2203	7.267520e-01	7.000000e-01	
2.242526e+02	2204	9.469550e+01	2.430517e+02	2.242526e+02	2204	7.196261e-01	7.000000e-01	
2.243543e+02	2205	9.129073e+01	2.607875e+02	2.243543e+02	2205	7.407090e-01	7.000000e-01	
2.244561e+02	2206	7.720340e+01	2.571122e+02	2.244561e+02	2206	7.690703e-01	7.000000e-01	
2.245578e+02	2207	8.318486e+01	2.390266e+02	2.245578e+02	2207	7.418315e-01	7.000000e-01	
2.246596e+02	2208	9.847379e+01	2.201642e+02	2.246596e+02	2208	6.909540e-01	7.000000e-01	
2.247613e+02	2209	9.515403e+01	2.151386e+02	2.247613e+02	2209	6.933410e-01	7.000000e-01	
2.248631e+02	2210	9.341017e+01	2.404850e+02	2.248631e+02	2210	7.202410e-01	7.000000e-01	
2.249648e+02	2211	9.635730e+01	2.160864e+02	2.249648e+02	2211	6.916011e-01	7.000000e-01	
2.250666e+02	2212	9.444251e+01	2.220859e+02	2.250666e+02	2212	7.016302e-01	7.000000e-01	
2.251683e+02	2213	8.267577e+01	2.311007e+02	2.251683e+02	2213	7.365138e-01	7.000000e-01	
2.252701e+02	2214	9.813540e+01	2.338550e+02	2.252701e+02	2214	7.044029e-01	7.000000e-01	
2.253718e+02	2215	7.674490e+01	2.299775e+02	2.253718e+02	2215	7.497904e-01	7.000000e-01	
2.254736e+02	2216	8.976389e+01	2.425092e+02	2.254736e+02	2216	7.298491e-01	7.000000e-01	
2.255753e+02	2217	8.858259e+01	2.216357e+02	2.255753e+02	2217	7.144508e-01	7.000000e-01	
2.256771e+02	2218	7.475459e+01	2.459635e+02	2.256771e+02	2218	7.669150e-01	7.000000e-01	
2.257788e+02	2219	7.733738e+01	2.338624e+02	2.257788e+02	2219	7.514864e-01	7.000000e-01	
2.258806e+02	2220	9.937155e+01	2.331724e+02	2.258806e+02	2220	7.011777e-01	7.000000e-01	
2.259823e+02	2221	7.069130e+01	2.062914e+02	2.259823e+02	2221	7.447808e-01	7.000000e-01	
2.260841e+02	2222	5.525387e+01	2.347644e+02	2.260841e+02	2222	8.094814e-01	7.000000e-01	
2.261858e+02	2223	7.836003e+01	2.377792e+02	2.261858e+02	2223	7.521344e-01	7.000000e-01	
2.262876e+02	2224	6.428152e+01	1.753832e+02	2.262876e+02	2224	7.317856e-01	7.000000e-01	
2.263893e+02	2225	7.844476e+01	2.276873e+02	2.263893e+02	2225	7.437552e-01	7.000000e-01	
2.264910e+02	2226	7.327353e+01	2.488883e+02	2.264910e+02	2226	7.725568e-01	7.000000e-01	
2.265928e+02	2227	7.635218e+01	2.629306e+02	2.265928e+02	2227	7.749600e-01	7.000000e-01	
2.266945e+02	2228	8.927200e+01	2.515626e+02	2.266945e+02	2228	7.380782e-01	7.000000e-01	
2.267963e+02	2229	7.547858e+01	2.357456e+02	2.267963e+02	2229	7.574784e-01	7.000000e-01	
2.268980e+02	2230	8.213383e+01	2.478082e+02	2.268980e+02	2230	7.510659e-01	7.000000e-01	
2.269998e+02	2231	8.942081e+01	2.588962e+02	2.269998e+02	2231	7.432775e-01	7.000000e-01	
2.271015e+02	2232	8.491861e+01	2.448026e+02	2.271015e+02	2232	7.424533e-01	7.000000e-01	
2.272033e+02	2233	8.296666e+01	2.545490e+02	2.272033e+02	2233	7.541843e-01	7.000000e-01	
2.273050e+02	2234	8.168551e+01	2.500174e+02	2.273050e+02	2234	7.537389e-01	7.000000e-01	
2.274068e+02	2235	9.169470e+01	2.410750e+02	2.274068e+02	2235	7.244500e-01	7.000000e-01	
2.275085e+02	2236	8.448660e+01	2.564521e+02	2.275085e+02	2236	7.521942e-01	7.000000e-01	
2.276103e+02	2237	7.441069e+01	2.645710e+02	2.276103e+02	2237	7.804876e-01	7.000000e-01	
2.277120e+02	2238	8.912986e+01	2.400782e+02	2.277120e+02	2238	7.292598e-01	7.000000e-01	
2.278138e+02	2239	8.966753e+01	2.500241e+02	2.278138e+02	2239	7.360326e-01	7.000000e-01	
2.279155e+02	2240	8.815662e+01	2.611259e+02	2.279155e+02	2240	7.476066e-01	7.000000e-01	
2.280173e+02	2241	8.061402e+01	2.703775e+02	2.280173e+02	2241	7.703249e-01	7.000000e-01	
2.281190e+02	2242	8.891343e+01	2.469759e+02	2.281190e+02	2242	7.352895e-01	7.000000e-01	
2.282208e+02	2243	8.687424e+01	2.371166e+02	2.282208e+02	2243	7.318620e-01	7.000000e-01	
2.283225e+02	2244	8.994974e+01	2.385997e+02	2.283225e+02	2244	7.262216e-01	7.000000e-01	
2.284243e+02	2245	8.262227e+01	2.189602e+02	2.284243e+02	2245	7.260376e-01	7.000000e-01	
2.285260e+02	2246	7.448831e+01	2.843376e+02	2.285260e+02	2246	7.924110e-01	7.000000e-01	
2.286278e+02	2247	7.566806e+01	2.155727e+02	2.286278e+02	2247	7.401873e-01	7.000000e-01	
2.287295e+02	2248	9.191233e+01	2.415973e+02	2.287295e+02	2248	7.244088e-01	7.000000e-01	
2.288313e+02	2249	8.980244e+01	2.677096e+02	2.288313e+02	2249	7.488128e-01	7.000000e-01	
2.289330e+02	2250	7.443844e+01	2.171784e+02	2.289330e+02	2250	7.447389e-01	7.000000e-01	
2.290347e+02	2251	7.216392e+01	2.204242e+02	2.290347e+02	2251	7.533600e-01	7.000000e-01	
2.291365e+02	2252	8.094340e+01	2.214195e+02	2.291365e+02	2252	7.322972e-01	7.000000e-01	
2.292382e+02	2253	7.625534e+01	2.098848e+02	2.292382e+02	2253	7.335035e-01	7.000000e-01	
2.293400e+02	2254	9.208975e+01	2.094710e+02	2.293400e+02	2254	6.946229e-01	7.000000e-01	
2.294417e+02	2255	7.552516e+01	2.269074e+02	2.294417e+02	2255	7.502744e-01	7.000000e-01	
2.295435e+02	2256	8.075048e+01	2.175010e+02	2.295435e+02	2256	7.292537e-01	7.000000e-01	
2.296452e+02	2257	8.734139e+01	2.190645e+02	2.296452e+02	2257	7.149487e-01	7.000000e-01	
2.297470e+02	2258	6.923438e+01	2.137385e+02	2.297470e+02	2258	7.553321e-01	7.000000e-01	
2.298487e+02	2259	8.620645e+01	2.176478e+02	2.298487e+02	2259	7.162901e-01	7.000000e-01	
2.299505e+02	2260	8.771678e+01	2.224391e+02	2.299505e+02	2260	7.171849e-01	7.000000e-01	
2.300522e+02	2261	7.872593e+01	2.119555e+02	2.300522e+02	2261	7.291677e-01	7.000000e-01	
2.301540e+02	2262	8.393441e+01	2.135651e+02	2.301540e+02	2262	7.178671e-01	7.000000e-01	
2.302557e+02	2263	8.690869e+01	2.205398e+02	2.302557e+02	2263	7.173228e-01	7.000000e-01	
2.303575e+02	2264	9.578474e+01	2.228384e+02	2.303575e+02	2264	6.993792e-01	7.000000e-01	
2.304592e+02	2265	9.131171e+01	2.010293e+02	2.304592e+02	2265	6.876534e-01	7.000000e-01	
2.305610e+02	2266	7.986247e+01	2.390791e+02	2.305610e+02	2266	7.496016e-01	7.000000e-01	
2.306627e+02	2267	8.485735e+01	2.146131e+02	2.306627e+02	2267	7.166420e-01	7.000000e-01	
2.307645e+02	2268	6.451921e+01	2.501196e+02	2.307645e+02	2268	7.949420e-01	7.000000e-01	
2.308662e+02	2269	6.383723e+01	2.409377e+02	2.308662e+02	2269	7.905430e-01	7.000000e-01	
2.309680e+02	2270	7.084474e+01	2.401938e+02	2.309680e+02	2270	7.722316e-01	7.000000e-01	
2.310697e+02	2271	8.263607e+01	2.376653e+02	2.310697e+02	2271	7.420053e-01	7.000000e-01	
2.311715e+02	2272	7.291950e+01	2.434794e+02	2.311715e+02	2272	7.695330e-01	7.000000e-01	
2.312732e+02	2273	7.534866e+01	2.510387e+02	2.312732e+02	2273	7.691434e-01	7.000000e-01	
2.313750e+02	2274	7.378680e+01	2.416885e+02	2.313750e+02	2274	7.661091e-01	7.000000e-01	
2.314767e+02	2275	9.494256e+01	2.402135e+02	2.314767e+02	2275	7.167213e-01	7.000000e-01	
2.315784e+02	2276	6.597918e+01	2.471420e+02	2.315784e+02	2276	7.892855e-01	7.000000e-01	
2.316802e+02	2277	6.294601e+01	2.542485e+02	2.316802e+02	2277	8.015539e-01	7.000000e-01	
2.317819e+02	2278	1.174148e+02	2.759274e+02	2.317819e+02	2278	7.014945e-01	7.000000e-01	
2.318837e+02	2279	1.024719e+02	2.417723e+02	2.318837e+02	2279	7.023279e-01	7.000000e-01	
2.319854e+02	2280	7.871809e+01	2.498143e+02	2.319854e+02	2280	7.603947e-01	7.000000e-01	
2.320872e+02	2281	9.229428e+01	2.466649e+02	2.320872e+02	2281	7.277127e-01	7.000000e-01	
2.321889e+02	2282	9.914198e+01	2.504763e+02	2.321889e+02	2282	7.164279e-01	7.000000e-01	
2.322907e+02	2283	9.763879e+01	2.447996e+02	2.322907e+02	2283	7.148720e-01	7.000000e-01	
2.323924e+02	2284	8.762840e+01	2.362972e+02	2.323924e+02	2284	7.294799e-01	7.000000e-01	
2.324942e+02	2285	8.851636e+01	2.578788e+02	2.324942e+02	2285	7.444642e-01	7.000000e-01	
2.325959e+02	2286	1.132849e+02	2.399852e+02	2.325959e+02	2286	6.793250e-01	7.000000e-01	
2.326977e+02	2287	7.785596e+01	2.387360e+02	2.326977e+02	2287	7.540811e-01	7.000000e-01	
2.327994e+02	2288	8.973581e+01	2.476409e+02	2.327994e+02	2288	7.340190e-01	7.000000e-01	
2.329012e+02	2289	6.280370e+01	2.181814e+02	2.329012e+02	2289	7.764874e-01	7.000000e-01	
2.330029e+02	2290	9.231109e+01	2.568692e+02	2.330029e+02	2290	7.356349e-01	7.000000e-01	
2.331047e+02	2291	9.574428e+01	2.627541e+02	2.331047e+02	2291	7.329297e-01	7.000000e-01	
2.332064e+02	2292	8.925553e+01	2.498842e+02	2.332064e+02	2292	7.368178e-01	7.000000e-01	
2.333082e+02	2293	8.598050e+01	2.502083e+02	2.333082e+02	2293	7.442494e-01	7.000000e-01	
2.334099e+02	2294	8.588543e+01	2.411533e+02	2.334099e+02	2294	7.373845e-01	7.000000e-01	
2.335117e+02	2295	9.285128e+01	2.263059e+02	2.335117e+02	2295	7.090735e-01	7.000000e-01	
2.336134e+02	2296	9.705448e+01	2.759912e+02	2.336134e+02	2296	7.398322e-01	7.000000e-01	
2.337152e+02	2297	8.900238e+01	2.491484e+02	2.337152e+02	2297	7.367968e-01	7.000000e-01	
2.338169e+02	2298	9.709924e+01	2.612785e+02	2.338169e+02	2298	7.290590e-01	7.000000e-01	
2.339187e+02	2299	9.487102e+01	2.296542e+02	2.339187e+02	2299	7.076621e-01	7.000000e-01	
2.340204e+02	2300	9.063439e+01	2.548584e+02	2.340204e+02	2300	7.376663e-01	7.000000e-01	
2.341221e+02	2301	8.480742e+01	2.514738e+02	2.341221e+02	2301	7.478080e-01	7.000000e-01	
2.342239e+02	2302	8.717003e+01	2.371437e+02	2.342239e+02	2302	7.312170e-01	7.000000e-01	
2.343256e+02	2303	8.240702e+01	2.396171e+02	2.343256e+02	2303	7.440967e-01	7.000000e-01	
2.344274e+02	2304	8.953955e+01	2.563993e+02	2.344274e+02	2304	7.411694e-01	7.000000e-01	
2.345291e+02	2305	8.773285e+01	2.521947e+02	2.345291e+02	2305	7.419072e-01	7.000000e-01	
2.346309e+02	2306	9.576082e+01	2.489397e+02	2.346309e+02	2306	7.221913e-01	7.000000e-01	
2.347326e+02	2307	9.566060e+01	2.534202e+02	2.347326e+02	2307	7.259643e-01	7.000000e-01	
2.348344e+02	2308	5.892322e+01	2.323266e+02	2.348344e+02	2308	7.976884e-01	7.000000e-01	
2.349361e+02	2309	9.054476e+01	2.497355e+02	2.349361e+02	2309	7.339112e-01	7.000000e-01	
2.350379e+02	2310	8.976622e+01	2.528009e+02	2.350379e+02	2310	7.379602e-01	7.000000e-01	
2.351396e+02	2311	8.351510e+01	2.468597e+02	2.351396e+02	2311	7.472110e-01	7.000000e-01	
2.352414e+02	2312	7.972877e+01	2.430060e+02	2.352414e+02	2312	7.529588e-01	7.000000e-01	
2.353431e+02	2313	9.362330e+01	2.590231e+02	2.353431e+02	2313	7.345122e-01	7.000000e-01	
2.354449e+02	2314	8.993188e+01	2.463206e+02	2.354449e+02	2314	7.325466e-01	7.000000e-01	
2.355466e+02	2315	9.309698e+01	2.328956e+02	2.355466e+02	2315	7.144199e-01	7.000000e-01	
2.356484e+02	2316	9.242194e+01	2.159057e+02	2.356484e+02	2316	7.002476e-01	7.000000e-01	
2.357501e+02	2317	9.901808e+01	2.236430e+02	2.357501e+02	2317	6.931205e-01	7.000000e-01	
2.358519e+02	2318	8.848986e+01	2.487511e+02	2.358519e+02	2318	7.376064e-01	7.000000e-01	
2.359536e+02	2319	9.048733e+01	2.096521e+02	2.359536e+02	2319	6.985157e-01	7.000000e-01	
2.360554e+02	2320	9.126698e+01	2.400470e+02	2.360554e+02	2320	7.245302e-01	7.000000e-01	
2.361571e+02	2321	9.145762e+01	2.500849e+02	2.361571e+02	2321	7.322219e-01	7.000000e-01	
2.362589e+02	2322	7.057328e+01	2.053076e+02	2.362589e+02	2322	7.441893e-01	7.000000e-01	
2.363606e+02	2323	8.872830e+01	1.836204e+02	2.363606e+02	2323	6.742107e-01	7.000000e-01	
2.364624e+02	2324	8.230971e+01	1.995546e+02	2.364624e+02	2324	7.079811e-01	7.000000e-01	
2.365641e+02	2325	8.403990e+01	2.090922e+02	2.365641e+02	2325	7.133037e-01	7.000000e-01	
2.366658e+02	2326	9.442624e+01	2.146378e+02	2.366658e+02	2326	6.944768e-01	7.000000e-01	
2.367676e+02	2327	1.281249e+02	2.553666e+02	2.367676e+02	2327	6.658990e-01	7.000000e-01	
2.368693e+02	2328	9.192022e+01	2.406827e+02	2.368693e+02	2328	7.236338e-01	7.000000e-01	
2.369711e+02	2329	9.795027e+01	2.184609e+02	2.369711e+02	2329	6.904336e-01	7.000000e-01	
2.370728e+02	2330	9.821836e+01	2.268031e+02	2.370728e+02	2330	6.978096e-01	7.000000e-01	
2.371746e+02	2331	8.833190e+01	2.426800e+02	2.371746e+02	2331	7.331458e-01	7.000000e-01	
2.372763e+02	2332	1.109975e+02	1.853987e+02	2.372763e+02	2332	6.255097e-01	7.000000e-01	
2.373781e+02	2333	8.717166e+01	2.396413e+02	2.373781e+02	2333	7.332674e-01	7.000000e-01	
2.374798e+02	2334	1.079992e+02	2.307710e+02	2.374798e+02	2334	6.812022e-01	7.000000e-01	
2.375816e+02	2335	9.301617e+01	2.454587e+02	2.375816e+02	2335	7.251903e-01	7.000000e-01	
2.376833e+02	2336	7.130472e+01	2.375170e+02	2.376833e+02	2336	7.691072e-01	7.000000e-01	
2.377851e+02	2337	9.745600e+01	2.431560e+02	2.377851e+02	2337	7.138797e-01	7.000000e-01	
2.378868e+02	2338	8.528911e+01	2.265360e+02	2.378868e+02	2338	7.264842e-01	7.000000e-01	
2.379886e+02	2339	8.776001e+01	2.220544e+02	2.379886e+02	2339	7.167336e-01	7.000000e-01	
2.380903e+02	2340	8.716943e+01	2.339354e+02	2.380903e+02	2340	7.285328e-01	7.000000e-01	
2.381921e+02	2341	8.471670e+01	2.375191e+02	2.381921e+02	2341	7.370972e-01	7.000000e-01	
2.382938e+02	2342	9.352734e+01	2.787434e+02	2.382938e+02	2342	7.487653e-01	7.000000e-01	
2.383956e+02	2343	9.525234e+01	2.522952e+02	2.383956e+02	2343	7.259300e-01	7.000000e-01	
2.384973e+02	2344	9.205490e+01	2.707099e+02	2.384973e+02	2344	7.462408e-01	7.000000e-01	
2.385991e+02	2345	9.356314e+01	2.785874e+02	2.385991e+02	2345	7.485879e-01	7.000000e-01	
2.387008e+02	2346	1.003759e+02	2.187953e+02	2.387008e+02	2346	6.855108e-01	7.000000e-01	
2.388026e+02	2347	8.227475e+01	2.295617e+02	2.388026e+02	2347	7.361606e-01	7.000000e-01	
2.389043e+02	2348	9.053432e+01	2.383023e+02	2.389043e+02	2348	7.246830e-01	7.000000e-01	
2.390061e+02	2349	8.565774e+01	2.366558e+02	2.390061e+02	2349	7.342410e-01	7.000000e-01	
2.391078e+02	2350	8.415001e+01	2.246832e+02	2.391078e+02	2350	7.275228e-01	7.000000e-01	
2.392095e+02	2351	8.688719e+01	2.343225e+02	2.392095e+02	2351	7.295001e-01	7.000000e-01	
2.393113e+02	2352	9.694106e+01	2.393871e+02	2.393113e+02	2352	7.117664e-01	7.000000e-01	
2.394130e+02	2353	9.720202e+01	2.090406e+02	2.394130e+02	2353	6.825980e-01	7.000000e-01	
2.395148e+02	2354	1.117129e+02	1.863294e+02	2.395148e+02	2354	6.251777e-01	7.000000e-01	
2.396165e+02	2355	1.278017e+02	1.907355e+02	2.396165e+02	2355	5.987856e-01	7.000000e-01	
2.397183e+02	2356	6.893910e+01	2.738333e+02	2.397183e+02	2356	7.988779e-01	7.000000e-01	
2.398200e+02	2357	8.091321e+01	2.537590e+02	2.398200e+02	2357	7.582315e-01	7.000000e-01	
2.399218e+02	2358	4.315674e+01	2.943115e+02	2.399218e+02	2358	8.721161e-01	7.000000e-01	
2.400235e+02	2359	8.549592e+01	2.332862e+02	2.400235e+02	2359	7.318045e-01	7.000000e-01	
2.401253e+02	2360	7.766732e+01	2.142093e+02	2.401253e+02	2360	7.339036e-01	7.000000e-01	
2.402270e+02	2361	6.732508e+01	2.669708e+02	2.402270e+02	2361	7.986063e-01	7.000000e-01	
2.403288e+02	2362	8.853667e+01	2.097276e+02	2.403288e+02	2362	7.031603e-01	7.000000e-01	
2.404305e+02	2363	9.164391e+01	2.140172e+02	2.404305e+02	2363	7.001781e-01	7.000000e-01	
2.405323e+02	2364	8.431400e+01	2.029370e+02	2.405323e+02	2364	7.064797e-01	7.000000e-01	
2.406340e+02	2365	1.041747e+02	2.122134e+02	2.406340e+02	2365	6.707376e-01	7.000000e-01	
2.407358e+02	2366	9.402692e+01	1.866417e+02	2.407358e+02	2366	6.649896e-01	7.000000e-01	
2.408375e+02	2367	8.035738e+01	2.102025e+02	2.408375e+02	2367	7.234395e-01	7.000000e-01	
2.409393e+02	2368	1.042731e+02	2.134069e+02	2.409393e+02	2368	6.717669e-01	7.000000e-01	
2.410410e+02	2369	1.006591e+02	2.177612e+02	2.410410e+02	2369	6.838798e-01	7.000000e-01	
2.411428e+02	2370	9.309709e+01	1.991049e+02	2.411428e+02	2370	6.813947e-01	7.000000e-01	
2.412445e+02	2371	1.264842e+02	1.870739e+02	2.412445e+02	2371	5.966164e-01	7.000000e-01	
2.413463e+02	2372	1.062782e+02	2.181331e+02	2.413463e+02	2372	6.723967e-01	7.000000e-01	
2.414480e+02	2373	1.333432e+02	2.121699e+02	2.414480e+02	2373	6.140719e-01	7.000000e-01	
2.415498e+02	2374	7.443823e+01	2.208206e+02	2.415498e+02	2374	7.478882e-01	7.000000e-01	
2.416515e+02	2375	8.496998e+01	2.348256e+02	2.416515e+02	2375	7.342991e-01	7.000000e-01	
2.417532e+02	2376	1.073041e+02	2.054422e+02	2.417532e+02	2376	6.568973e-01	7.000000e-01	
2.418550e+02	2377	8.001052e+01	2.408742e+02	2.418550e+02	2377	7.506565e-01	7.000000e-01	
2.419567e+02	2378	6.663552e+01	2.484292e+02	2.419567e+02	2378	7.885021e-01	7.000000e-01	
2.420585e+02	2379	9.639230e+01	2.569218e+02	2.420585e+02	2379	7.271768e-01	7.000000e-01	
2.421602e+02	2380	6.519296e+01	2.267283e+02	2.421602e+02	2380	7.766762e-01	7.000000e-01	
2.422620e+02	2381	9.778125e+01	2.470355e+02	2.422620e+02	2381	7.164255e-01	7.000000e-01	
2.423637e+02	2382	9.494712e+01	2.731289e+02	2.423637e+02	2382	7.420448e-01	7.000000e-01	
2.424655e+02	2383	7.731657e+01	2.324045e+02	2.424655e+02	2383	7.503671e-01	7.000000e-01	
2.425672e+02	2384	8.796350e+01	2.659380e+02	2.425672e+02	2384	7.514464e-01	7.000000e-01	
2.426690e+02	2385	9.905829e+01	2.584434e+02	2.426690e+02	2385	7.229152e-01	7.000000e-01	
2.427707e+02	2386	1.012792e+02	2.569391e+02	2.427707e+02	2386	7.172696e-01	7.000000e-01	
2.428725e+02	2387	1.080845e+02	2.613698e+02	2.428725e+02	2387	7.074483e-01	7.000000e-01	
2.429742e+02	2388	9.691843e+01	2.608826e+02	2.429742e+02	2388	7.291276e-01	7.000000e-01	
2.430760e+02	2389	7.246534e+01	2.685061e+02	2.430760e+02	2389	7.874739e-01	7.000000e-01	
2.431777e+02	2390	9.985571e+01	2.403483e+02	2.431777e+02	2390	7.064829e-01	7.000000e-01	
2.432795e+02	2391	1.066123e+02	2.546878e+02	2.432795e+02	2391	7.049204e-01	7.000000e-01	
2.433812e+02	2392	6.755008e+01	2.711510e+02	2.433812e+02	2392	8.005614e-01	7.000000e-01	
2.434830e+02	2393	5.977698e+01	2.902258e+02	2.434830e+02	2393	8.292100e-01	7.000000e-01	
2.435847e+02	2394	6.347460e+01	2.999501e+02	2.435847e+02	2394	8.253432e-01	7.000000e-01	
2.436865e+02	2395	5.992704e+01	2.871776e+02	2.436865e+02	2395	8.273517e-01	7.000000e-01	
2.437882e+02	2396	6.545580e+01	2.892495e+02	2.437882e+02	2396	8.154643e-01	7.000000e-01	
2.438900e+02	2397	6.889687e+01	2.828353e+02	2.438900e+02	2397	8.041212e-01	7.000000e-01	
2.439917e+02	2398	8.549628e+01	2.723386e+02	2.439917e+02	2398	7.610734e-01	7.000000e-01	
2.440935e+02	2399	8.264118e+01	2.418917e+02	2.440935e+02	2399	7.453534e-01	7.000000e-01	
2.441952e+02	2400	8.116306e+01	2.610940e+02	2.441952e+02	2400	7.628594e-01	7.000000e-01	
2.442969e+02	2401	8.929576e+01	2.625735e+02	2.442969e+02	2401	7.462246e-01	7.000000e-01	
2.443987e+02	2402	9.017793e+01	2.947756e+02	2.443987e+02	2402	7.657433e-01	7.000000e-01	
2.445004e+02	2403	8.369460e+01	2.507144e+02	2.445004e+02	2403	7.497238e-01	7.000000e-01	
2.446022e+02	2404	5.830489e+01	2.330499e+02	2.446022e+02	2404	7.998835e-01	7.000000e-01	
2.447039e+02	2405	7.904350e+01	2.451605e+02	2.447039e+02	2405	7.561921e-01	7.000000e-01	
2.448057e+02	2406	8.413118e+01	2.590010e+02	2.448057e+02	2406	7.548141e-01	7.000000e-01	
2.449074e+02	2407	9.419067e+01	2.520404e+02	2.449074e+02	2407	7.279543e-01	7.000000e-01	
2.450092e+02	2408	8.230826e+01	2.625169e+02	2.450092e+02	2408	7.613044e-01	7.000000e-01	
2.451109e+02	2409	8.503388e+01	2.474726e+02	2.451109e+02	2409	7.442640e-01	7.000000e-01	
2.452127e+02	2410	6.899586e+01	2.287655e+02	2.452127e+02	2410	7.682847e-01	7.000000e-01	
2.453144e+02	2411	8.151889e+01	2.263837e+02	2.453144e+02	2411	7.352445e-01	7.000000e-01	
2.454162e+02	2412	1.072769e+02	2.543849e+02	2.454162e+02	2412	7.033779e-01	7.000000e-01	
2.455179e+02	2413	9.756983e+01	2.553473e+02	2.455179e+02	2413	7.235333e-01	7.000000e-01	
2.456197e+02	2414	9.567703e+01	2.428027e+02	2.456197e+02	2414	7.173331e-01	7.000000e-01	
2.457214e+02	2415	1.011875e+02	2.537744e+02	2.457214e+02	2415	7.149342e-01	7.000000e-01	
2.458232e+02	2416	1.069829e+02	2.573941e+02	2.458232e+02	2416	7.063950e-01	7.000000e-01	
2.459249e+02	2417	1.055914e+02	2.456002e+02	2.459249e+02	2417	6.993339e-01	7.000000e-01	
2.460267e+02	2418	9.013535e+01	2.241973e+02	2.460267e+02	2418	7.132485e-01	7.000000e-01	
2.461284e+02	2419	1.215406e+02	2.305315e+02	2.461284e+02	2419	6.547849e-01	7.000000e-01	
2.462302e+02	2420	9.390195e+01	2.266884e+02	2.462302e+02	2420	7.070968e-01	7.000000e-01	
2.463319e+02	2421	1.012400e+02	2.513058e+02	2.463319e+02	2421	7.128316e-01	7.000000e-01	
2.464337e+02	2422	8.951620e+01	2.114806e+02	2.464337e+02	2422	7.026008e-01	7.000000e-01	
2.465354e+02	2423	9.194389e+01	2.235433e+02	2.465354e+02	2423	7.085654e-01	7.000000e-01	
2.466372e+02	2424	8.764163e+01	2.221493e+02	2.466372e+02	2424	7.170943e-01	7.000000e-01	
2.467389e+02	2425	8.147465e+01	2.063241e+02	2.467389e+02	2425	7.169041e-01	7.000000e-01	
2.468406e+02	2426	8.390050e+01	2.166323e+02	2.468406e+02	2426	7.208275e-01	7.000000e-01	
2.469424e+02	2427	8.807042e+01	2.173033e+02	2.469424e+02	2427	7.115979e-01	7.000000e-01	
2.470441e+02	2428	9.738719e+01	2.449535e+02	2.470441e+02	2428	7.155255e-01	7.000000e-01	
2.471459e+02	2429	7.641850e+01	2.944044e+02	2.471459e+02	2429	7.939218e-01	7.000000e-01	
2.472476e+02	2430	9.325846e+01	2.425647e+02	2.472476e+02	2430	7.222989e-01	7.000000e-01	
2.473494e+02	2431	7.666187e+01	2.450045e+02	2.473494e+02	2431	7.616727e-01	7.000000e-01	
2.474511e+02	2432	1.141231e+02	2.106271e+02	2.474511e+02	2432	6.485819e-01	7.000000e-01	
2.475529e+02	2433	1.209647e+02	2.032382e+02	2.475529e+02	2433	6.268858e-01	7.000000e-01	
2.476546e+02	2434	9.155674e+01	2.411124e+02	2.476546e+02	2434	7.247814e-01	7.000000e-01	
2.477564e+02	2435	1.144388e+02	2.075644e+02	2.477564e+02	2435	6.446035e-01	7.000000e-01	
2.478581e+02	2436	7.676024e+01	2.535893e+02	2.478581e+02	2436	7.676393e-01	7.000000e-01	
2.479599e+02	2437	8.030056e+01	2.557404e+02	2.479599e+02	2437	7.610394e-01	7.000000e-01	
2.480616e+02	2438	7.382812e+01	2.265692e+02	2.480616e+02	2438	7.542318e-01	7.000000e-01	
2.481634e+02	2439	5.166612e+01	2.586871e+02	2.481634e+02	2439	8.335248e-01	7.000000e-01	
2.482651e+02	2440	8.634743e+01	2.297228e+02	2.482651e+02	2440	7.268094e-01	7.000000e-01	
2.483669e+02	2441	9.306009e+01	2.348579e+02	2.483669e+02	2441	7.162093e-01	7.000000e-01	
2.484686e+02	2442	7.665784e+01	2.620736e+02	2.484686e+02	2442	7.736914e-01	7.000000e-01	
2.485704e+02	2443	7.379218e+01	2.332522e+02	2.485704e+02	2443	7.596693e-01	7.000000e-01	
2.486721e+02	2444	6.498655e+01	2.091243e+02	2.486721e+02	2444	7.629187e-01	7.000000e-01	
2.487739e+02	2445	6.634269e+01	2.346224e+02	2.487739e+02	2445	7.795668e-01	7.000000e-01	
2.488756e+02	2446	4.281027e+01	2.548677e+02	2.488756e+02	2446	8.561860e-01	7.000000e-01	
2.489774e+02	2447	7.865774e+01	2.661723e+02	2.489774e+02	2447	7.718942e-01	7.000000e-01	
2.490791e+02	2448	1.043037e+02	3.117159e+02	2.490791e+02	2448	7.492818e-01	7.000000e-01	
2.491809e+02	2449	8.165136e+01	2.845238e+02	2.491809e+02	2449	7.770156e-01	7.000000e-01	
2.492826e+02	2450	7.139702e+01	2.611577e+02	2.492826e+02	2450	7.853075e-01	7.000000e-01	
2.493843e+02	2451	8.129138e+01	2.323877e+02	2.493843e+02	2451	7.408454e-01	7.000000e-01	
2.494861e+02	2452	9.635205e+01	2.331687e+02	2.494861e+02	2452	7.075994e-01	7.000000e-01	
2.495878e+02	2453	7.756421e+01	2.529792e+02	2.495878e+02	2453	7.653433e-01	7.000000e-01	
2.496896e+02	2454	7.912075e+01	2.303252e+02	2.496896e+02	2454	7.443148e-01	7.000000e-01	
2.497913e+02	2455	8.391005e+01	2.377860e+02	2.497913e+02	2455	7.391636e-01	7.000000e-01	
2.498931e+02	2456	8.589852e+01	2.487178e+02	2.498931e+02	2456	7.432925e-01	7.000000e-01	
2.499948e+02	2457	8.419387e+01	2.472943e+02	2.499948e+02	2457	7.460124e-01	7.000000e-01	
2.500966e+02	2458	8.835570e+01	2.700454e+02	2.500966e+02	2458	7.534726e-01	7.000000e-01	
2.501983e+02	2459	8.535098e+01	2.093334e+02	2.501983e+02	2459	7.103648e-01	7.000000e-01	
2.503001e+02	2460	1.039547e+02	2.698761e+02	2.503001e+02	2460	7.219205e-01	7.000000e-01	
2.504018e+02	2461	8.443613e+01	2.451343e+02	2.504018e+02	2461	7.437994e-01	7.000000e-01	
2.505036e+02	2462	1.012488e+02	2.667253e+02	2.505036e+02	2462	7.248480e-01	7.000000e-01	
2.506053e+02	2463	8.050632e+01	2.542403e+02	2.506053e+02	2463	7.595007e-01	7.000000e-01	
2.507071e+02	2464	1.310338e+02	2.974087e+02	2.507071e+02	2464	6.941625e-01	7.000000e-01	
2.508088e+02	2465	1.036029e+02	3.019748e+02	2.508088e+02	2465	7.445547e-01	7.000000e-01	
2.509106e+02	2466	1.255131e+02	2.897898e+02	2.509106e+02	2466	6.977794e-01	7.000000e-01	
2.510123e+02	2467	1.291954e+02	2.962167e+02	2.510123e+02	2467	6.963053e-01	7.000000e-01	
2.511141e+02	2468	7.983875e+01	2.538291e+02	2.511141e+02	2468	7.607239e-01	7.000000e-01	
2.512158e+02	2469	5.484083e+01	2.461903e+02	2.512158e+02	2469	8.178234e-01	7.000000e-01	
2.513176e+02	2470	8.541198e+01	2.295416e+02	2.513176e+02	2470	7.288109e-01	7.000000e-01	
2.514193e+02	2471	1.010446e+02	2.667335e+02	2.514193e+02	2471	7.252566e-01	7.000000e-01	
2.515211e+02	2472	9.288180e+01	2.315575e+02	2.515211e+02	2472	7.137159e-01	7.000000e-01	
2.516228e+02	2473	2.872085e+01	2.370256e+02	2.516228e+02	2473	8.919239e-01	7.000000e-01	
2.517246e+02	2474	1.002888e+02	2.327441e+02	2.517246e+02	2474	6.988622e-01	7.000000e-01	
2.518263e+02	2475	1.125740e+02	2.163150e+02	2.518263e+02	2475	6.577143e-01	7.000000e-01	
2.519280e+02	2476	7.979506e+01	2.268923e+02	2.519280e+02	2476	7.398163e-01	7.000000e-01	
2.520298e+02	2477	9.800137e+01	2.230151e+02	2.520298e+02	2477	6.947154e-01	7.000000e-01	
2.521315e+02	2478	7.911892e+01	2.540925e+02	2.521315e+02	2478	7.625564e-01	7.000000e-01	
2.522333e+02	2479	8.561286e+01	2.295838e+02	2.522333e+02	2479	7.283827e-01	7.000000e-01	
2.523350e+02	2480	9.782205e+01	2.334324e+02	2.523350e+02	2480	7.046921e-01	7.000000e-01	
2.524368e+02	2481	9.726220e+01	2.354405e+02	2.524368e+02	2481	7.076603e-01	7.000000e-01	
2.525385e+02	2482	9.491845e+01	2.430864e+02	2.525385e+02	2482	7.191802e-01	7.000000e-01	
2.526403e+02	2483	1.384674e+02	2.009308e+02	2.526403e+02	2483	5.920208e-01	7.000000e-01	
2.527420e+02	2484	1.091323e+02	2.294142e+02	2.527420e+02	2484	6.776446e-01	7.000000e-01	
2.528438e+02	2485	9.666686e+01	2.380646e+02	2.528438e+02	2485	7.112107e-01	7.000000e-01	
2.529455e+02	2486	9.723756e+01	2.494671e+02	2.529455e+02	2486	7.195378e-01	7.000000e-01	
2.530473e+02	2487	8.896348e+01	2.409033e+02	2.530473e+02	2487	7.303048e-01	7.000000e-01	
2.531490e+02	2488	9.978227e+01	2.401433e+02	2.531490e+02	2488	7.064585e-01	7.000000e-01	
2.532508e+02	2489	7.248501e+01	2.468465e+02	2.532508e+02	2489	7.730102e-01	7.000000e-01	
2.533525e+02	2490	1.027366e+02	2.446927e+02	2.533525e+02	2490	7.042949e-01	7.000000e-01	
2.534543e+02	2491	1.113635e+02	2.149565e+02	2.534543e+02	2491	6.587292e-01	7.000000e-01	
2.535560e+02	2492	9.227638e+01	2.298549e+02	2.535560e+02	2492	7.135442e-01	7.000000e-01	
2.536578e+02	2493	9.462979e+01	2.592364e+02	2.536578e+02	2493	7.325831e-01	7.000000e-01	
2.537595e+02	2494	9.723911e+01	2.378706e+02	2.537595e+02	2494	7.098290e-01	7.000000e-01	
2.538613e+02	2495	9.555273e+01	2.395884e+02	2.538613e+02	2495	7.148881e-01	7.000000e-01	
2.539630e+02	2496	1.128749e+02	2.695755e+02	2.539630e+02	2496	7.048640e-01	7.000000e-01	
2.540648e+02	2497	9.832450e+01	2.785507e+02	2.540648e+02	2497	7.391059e-01	7.000000e-01	
2.541665e+02	2498	9.654794e+01	2.588174e+02	2.541665e+02	2498	7.283136e-01	7.000000e-01	
2.542683e+02	2499	1.127072e+02	2.693953e+02	2.542683e+02	2499	7.050341e-01	7.000000e-01	
2.543700e+02	2500	1.312333e+02	2.560766e+02	2.543700e+02	2500	6.611672e-01	7.000000e-01	
2.544717e+02	2501	9.099061e+01	2.488907e+02	2.544717e+02	2501	7.322871e-01	7.000000e-01	
2.545735e+02	2502	7.255304e+01	3.018175e+02	2.545735e+02	2502	8.061999e-01	7.000000e-01	
2.546752e+02	2503	9.175712e+01	2.561315e+02	2.546752e+02	2503	7.362457e-01	7.000000e-01	
2.547770e+02	2504	8.101964e+01	2.029186e+02	2.547770e+02	2504	7.146575e-01	7.000000e-01	
2.548787e+02	2505	8.836271e+01	2.741602e+02	2.548787e+02	2505	7.562562e-01	7.000000e-01	
2.549805e+02	2506	9.395543e+01	2.513218e+02	2.549805e+02	2506	7.278841e-01	7.000000e-01	
2.550822e+02	2507	8.661014e+01	2.564239e+02	2.550822e+02	2507	7.475174e-01	7.000000e-01	
2.551840e+02	2508	8.776279e+01	2.475158e+02	2.551840e+02	2508	7.382392e-01	7.000000e-01	
2.552857e+02	2509	8.405318e+01	2.687407e+02	2.552857e+02	2509	7.617499e-01	7.000000e-01	
2.553875e+02	2510	8.542795e+01	2.471594e+02	2.553875e+02	2510	7.431413e-01	7.000000e-01	
2.554892e+02	2511	8.400525e+01	2.448530e+02	2.554892e+02	2511	7.445548e-01	7.000000e-01	
2.555910e+02	2512	7.982092e+01	2.612706e+02	2.555910e+02	2512	7.659839e-01	7.000000e-01	
2.556927e+02	2513	8.889093e+01	2.669812e+02	2.556927e+02	2513	7.502167e-01	7.000000e-01	
2.557945e+02	2514	8.469029e+01	2.643517e+02	2.557945e+02	2514	7.573636e-01	7.000000e-01	
2.558962e+02	2515	9.005555e+01	2.564881e+02	2.558962e+02	2515	7.401322e-01	7.000000e-01	
2.559980e+02	2516	7.972659e+01	2.321309e+02	2.559980e+02	2516	7.443493e-01	7.000000e-01	
2.560997e+02	2517	7.595697e+01	2.384044e+02	2.560997e+02	2517	7.583769e-01	7.000000e-01	
2.562015e+02	2518	8.690355e+01	2.637028e+02	2.562015e+02	2518	7.521336e-01	7.000000e-01	
2.563032e+02	2519	1.157820e+02	2.891928e+02	2.563032e+02	2519	7.141007e-01	7.000000e-01	
2.564050e+02	2520	7.905648e+01	2.991216e+02	2.564050e+02	2520	7.909544e-01	7.000000e-01	
2.565067e+02	2521	7.755473e+01	2.240061e+02	2.565067e+02	2521	7.428223e-01	7.000000e-01	
2.566085e+02	2522	9.097812e+01	2.557176e+02	2.566085e+02	2522	7.375851e-01	7.000000e-01	
2.567102e+02	2523	6.928479e+01	2.078838e+02	2.567102e+02	2523	7.500265e-01	7.000000e-01	
2.568120e+02	2524	8.264238e+01	2.669328e+02	2.568120e+02	2524	7.635920e-01	7.000000e-01	
2.569137e+02	2525	7.030584e+01	2.532530e+02	2.569137e+02	2525	7.827108e-01	7.000000e-01	
2.570154e+02	2526	7.969051e+01	2.175319e+02	2.570154e+02	2526	7.318826e-01	7.000000e-01	
2.571172e+02	2527	7.795418e+01	2.626063e+02	2.571172e+02	2527	7.711003e-01	7.000000e-01	
2.572189e+02	2528	7.896383e+01	2.535122e+02	2.572189e+02	2528	7.624977e-01	7.000000e-01	
2.573207e+02	2529	8.081430e+01	2.601312e+02	2.573207e+02	2529	7.629700e-01	7.000000e-01	
2.574224e+02	2530	5.573483e+01	2.969302e+02	2.574224e+02	2530	8.419610e-01	7.000000e-01	
2.575242e+02	2531	8.017409e+01	2.566801e+02	2.575242e+02	2531	7.619917e-01	7.000000e-01	
2.576259e+02	2532	6.634719e+01	2.585728e+02	2.576259e+02	2532	7.958045e-01	7.000000e-01	
2.577277e+02	2533	9.985439e+01	2.463788e+02	2.577277e+02	2533	7.115979e-01	7.000000e-01	
2.578294e+02	2534	7.631650e+01	2.701349e+02	2.578294e+02	2534	7.797195e-01	7.000000e-01	
2.579312e+02	2535	9.906401e+01	2.870291e+02	2.579312e+02	2535	7.434194e-01	7.000000e-01	
2.580329e+02	2536	8.903298e+01	2.930412e+02	2.580329e+02	2536	7.669746e-01	7.000000e-01	
2.581347e+02	2537	8.759980e+01	2.538896e+02	2.581347e+02	2537	7.434772e-01	7.000000e-01	
2.582364e+02	2538	1.030869e+02	2.905246e+02	2.582364e+02	2538	7.380999e-01	7.000000e-01	
2.583382e+02	2539	8.577540e+01	2.686773e+02	2.583382e+02	2539	7.580061e-01	7.000000e-01	
2.584399e+02	2540	6.984554e+01	2.985182e+02	2.584399e+02	2540	8.103898e-01	7.000000e-01	
2.585417e+02	2541	8.506338e+01	2.613249e+02	2.585417e+02	2541	7.544277e-01	7.000000e-01	
2.586434e+02	2542	8.124217e+01	2.604309e+02	2.586434e+02	2542	7.622225e-01	7.000000e-01	
2.587452e+02	2543	8.311356e+01	2.891102e+02	2.587452e+02	2543	7.767108e-01	7.000000e-01	
2.588469e+02	2544	5.869212e+01	2.552651e+02	2.588469e+02	2544	8.130570e-01	7.000000e-01	
2.589487e+02	2545	8.496425e+01	2.476666e+02	2.589487e+02	2545	7.445689e-01	7.000000e-01	
2.590504e+02	2546	6.905100e+01	2.051108e+02	2.590504e+02	2546	7.481378e-01	7.000000e-01	
2.591522e+02	2547	9.697913e+01	2.312131e+02	2.591522e+02	2547	7.045051e-01	7.000000e-01	
2.592539e+02	2548	8.239579e+01	2.119423e+02	2.592539e+02	2548	7.200641e-01	7.000000e-01	
2.593557e+02	2549	7.510140e+01	2.359058e+02	2.593557e+02	2549	7.585220e-01	7.000000e-01	
2.594574e+02	2550	9.901397e+01	2.251477e+02	2.594574e+02	2550	6.945537e-01	7.000000e-01	
2.595591e+02	2551	1.046873e+02	2.373593e+02	2.595591e+02	2551	6.939385e-01	7.000000e-01	
2.596609e+02	2552	9.487929e+01	2.410942e+02	2.596609e+02	2552	7.175989e-01	7.000000e-01	
2.597626e+02	2553	1.066796e+02	2.529404e+02	2.597626e+02	2553	7.033547e-01	7.000000e-01	
2.598644e+02	2554	1.051732e+02	2.591636e+02	2.598644e+02	2554	7.113297e-01	7.000000e-01	
2.599661e+02	2555	9.511536e+01	2.265861e+02	2.599661e+02	2555	7.043366e-01	7.000000e-01	
2.600679e+02	2556	1.018425e+02	2.188505e+02	2.600679e+02	2556	6.824299e-01	7.000000e-01	
2.601696e+02	2557	1.048172e+02	2.557976e+02	2.601696e+02	2557	7.093375e-01	7.000000e-01	
2.602714e+02	2558	9.293681e+01	2.794521e+02	2.602714e+02	2558	7.504308e-01	7.000000e-01	
2.603731e+02	2559	1.048809e+02	2.648789e+02	2.603731e+02	2559	7.163540e-01	7.000000e-01	
2.604749e+02	2560	1.075476e+02	2.531309e+02	2.604749e+02	2560	7.018187e-01	7.000000e-01	
2.605766e+02	2561	1.079523e+02	2.632203e+02	2.605766e+02	2561	7.091588e-01	7.000000e-01	
2.606784e+02	2562	8.398054e+01	2.252951e+02	2.606784e+02	2562	7.284605e-01	7.000000e-01	
2.607801e+02	2563	9.999069e+01	2.604533e+02	2.607801e+02	2563	7.225902e-01	7.000000e-01	
2.608819e+02	2564	7.576950e+01	2.243251e+02	2.608819e+02	2564	7.475146e-01	7.000000e-01	
2.609836e+02	2565	7.213209e+01	2.000650e+02	2.609836e+02	2565	7.350005e-01	7.000000e-01	
2.610854e+02	2566	7.980660e+01	2.114120e+02	2.610854e+02	2566	7.259564e-01	7.000000e-01	
2.611871e+02	2567	7.083792e+01	2.182032e+02	2.611871e+02	2567	7.549210e-01	7.000000e-01	
2.612889e+02	2568	7.163409e+01	2.003407e+02	2.612889e+02	2568	7.366150e-01	7.000000e-01	
2.613906e+02	2569	5.675158e+01	2.023658e+02	2.613906e+02	2569	7.809812e-01	7.000000e-01	
2.614924e+02	2570	7.919363e+01	2.301109e+02	2.614924e+02	2570	7.439623e-01	7.000000e-01	
2.615941e+02	2571	8.716948e+01	2.195691e+02	2.615941e+02	2571	7.158183e-01	7.000000e-01	
2.616959e+02	2572	9.261417e+01	2.646754e+02	2.616959e+02	2572	7.407868e-01	7.000000e-01	
2.617976e+02	2573	6.972123e+01	2.691023e+02	2.617976e+02	2573	7.942255e-01	7.000000e-01	
2.618994e+02	2574	8.764288e+01	2.821328e+02	2.618994e+02	2574	7.629837e-01	7.000000e-01	
2.620011e+02	2575	8.538476e+01	2.296325e+02	2.620011e+02	2575	7.289521e-01	7.000000e-01	
2.621028e+02	2576	8.868734e+01	2.666154e+02	2.621028e+02	2576	7.503894e-01	7.000000e-01	
2.622046e+02	2577	1.119191e+02	3.154156e+02	2.622046e+02	2577	7.380997e-01	7.000000e-01	
2.623063e+02	2578	8.158887e+01	2.311010e+02	2.623063e+02	2578	7.390742e-01	7.000000e-01	
2.624081e+02	2579	8.021450e+01	2.675074e+02	2.624081e+02	2579	7.693142e-01	7.000000e-01	
2.625098e+02	2580	9.506748e+01	2.379607e+02	2.625098e+02	2580	7.145362e-01	7.000000e-01	
2.626116e+02	2581	8.549478e+01	2.573476e+02	2.626116e+02	2581	7.506295e-01	7.000000e-01	
2.627133e+02	2582	8.640094e+01	2.448342e+02	2.627133e+02	2582	7.391553e-01	7.000000e-01	
2.628151e+02	2583	8.154467e+01	2.447336e+02	2.628151e+02	2583	7.500763e-01	7.000000e-01	
2.629168e+02	2584	8.314111e+01	2.493815e+02	2.629168e+02	2584	7.499686e-01	7.000000e-01	
2.630186e+02	2585	8.575409e+01	2.327600e+02	2.630186e+02	2585	7.307683e-01	7.000000e-01	
2.631203e+02	2586	8.327571e+01	2.350932e+02	2.631203e+02	2586	7.384301e-01	7.000000e-01	
2.632221e+02	2587	8.919915e+01	2.432542e+02	2.632221e+02	2587	7.316942e-01	7.000000e-01	
2.633238e+02	2588	7.535009e+01	2.412442e+02	2.633238e+02	2588	7.619980e-01	7.000000e-01	
2.634256e+02	2589	7.267516e+01	2.405941e+02	2.634256e+02	2589	7.680106e-01	7.000000e-01	
2.635273e+02	2590	9.285289e+01	2.417653e+02	2.635273e+02	2590	7.225109e-01	7.000000e-01	
2.636291e+02	2591	8.259964e+01	2.390682e+02	2.636291e+02	2591	7.432145e-01	7.000000e-01	
2.637308e+02	2592	8.117079e+01	2.426122e+02	2.637308e+02	2592	7.493050e-01	7.000000e-01	
2.638326e+02	2593	7.285883e+01	2.309139e+02	2.638326e+02	2593	7.601535e-01	7.000000e-01	
2.639343e+02	2594	7.782764e+01	2.398528e+02	2.639343e+02	2594	7.550128e-01	7.000000e-01	
2.640361e+02	2595	7.964971e+01	2.558797e+02	2.640361e+02	2595	7.626148e-01	7.000000e-01	
2.641378e+02	2596	8.546501e+01	2.383651e+02	2.641378e+02	2596	7.360807e-01	7.000000e-01	
2.642396e+02	2597	8.487361e+01	2.366681e+02	2.642396e+02	2597	7.360417e-01	7.000000e-01	
2.643413e+02	2598	7.760485e+01	2.427190e+02	2.643413e+02	2598	7.577300e-01	7.000000e-01	
2.644431e+02	2599	8.214511e+01	2.339602e+02	2.644431e+02	2599	7.401337e-01	7.000000e-01	
2.645448e+02	2600	8.706078e+01	2.392865e+02	2.645448e+02	2600	7.332266e-01	7.000000e-01	
2.646465e+02	2601	6.874077e+01	3.045371e+02	2.646465e+02	2601	8.158456e-01	7.000000e-01	
2.647483e+02	2602	7.564981e+01	2.475960e+02	2.647483e+02	2602	7.659682e-01	7.000000e-01	
2.648500e+02	2603	1.005473e+02	2.535602e+02	2.648500e+02	2603	7.160543e-01	7.000000e-01	
2.649518e+02	2604	9.446304e+01	2.490987e+02	2.649518e+02	2604	7.250478e-01	7.000000e-01	
2.650535e+02	2605	1.030868e+02	2.356445e+02	2.650535e+02	2605	6.956679e-01	7.000000e-01	
2.651553e+02	2606	1.054600e+02	2.523781e+02	2.651553e+02	2606	7.052857e-01	7.000000e-01	
2.652570e+02	2607	1.332329e+02	2.482384e+02	2.652570e+02	2607	6.507394e-01	7.000000e-01	
2.653588e+02	2608	7.301050e+01	2.811568e+02	2.653588e+02	2608	7.938531e-01	7.000000e-01	
2.654605e+02	2609	1.050731e+02	2.367878e+02	2.654605e+02	2609	6.926437e-01	7.000000e-01	
2.655623e+02	2610	7.581262e+01	2.595576e+02	2.655623e+02	2610	7.739435e-01	7.000000e-01	
2.656640e+02	2611	8.086713e+01	2.467961e+02	2.656640e+02	2611	7.532005e-01	7.000000e-01	
2.657658e+02	2612	8.407703e+01	2.406106e+02	2.657658e+02	2612	7.410526e-01	7.000000e-01	
2.658675e+02	2613	7.294876e+01	2.812155e+02	2.658675e+02	2613	7.940256e-01	7.000000e-01	
2.659693e+02	2614	7.425778e+01	2.070175e+02	2.659693e+02	2614	7.359961e-01	7.000000e-01	
2.660710e+02	2615	7.364739e+01	2.095681e+02	2.660710e+02	2615	7.399599e-01	7.000000e-01	
2.661728e+02	2616	7.850688e+01	2.121764e+02	2.661728e+02	2616	7.299230e-01	7.000000e-01	
2.662745e+02	2617	7.219385e+01	2.355355e+02	2.662745e+02	2617	7.653982e-01	7.000000e-01	
2.663763e+02	2618	7.353651e+01	2.124000e+02	2.663763e+02	2618	7.428222e-01	7.000000e-01	
2.664780e+02	2619	7.580614e+01	2.216239e+02	2.664780e+02	2619	7.451295e-01	7.000000e-01	
2.665798e+02	2620	7.206056e+01	2.133107e+02	2.665798e+02	2620	7.474849e-01	7.000000e-01	
2.666815e+02	2621	8.077559e+01	2.635449e+02	2.666815e+02	2621	7.654058e-01	7.000000e-01	
2.667833e+02	2622	7.583586e+01	2.080093e+02	2.667833e+02	2622	7.328267e-01	7.000000e-01	
2.668850e+02	2623	9.456189e+01	2.571405e+02	2.668850e+02	2623	7.311309e-01	7.000000e-01	
2.669868e+02	2624	7.583783e+01	2.662927e+02	2.669868e+02	2624	7.783366e-01	7.000000e-01	
2.670885e+02	2625	9.502663e+01	2.555031e+02	2.670885e+02	2625	7.289056e-01	7.000000e-01	
2.671902e+02	2626	9.426870e+01	2.775248e+02	2.671902e+02	2626	7.464488e-01	7.000000e-01	
2.672920e+02	2627	9.243589e+01	2.815962e+02	2.672920e+02	2627	7.528664e-01	7.000000e-01	
2.673937e+02	2628	7.733851e+01	2.350005e+02	2.673937e+02	2628	7.523892e-01	7.000000e-01	
2.674955e+02	2629	9.285860e+01	2.653522e+02	2.674955e+02	2629	7.407711e-01	7.000000e-01	
2.675972e+02	2630	6.257159e+01	2.067761e+02	2.675972e+02	2630	7.676921e-01	7.000000e-01	
2.676990e+02	2631	9.605037e+01	2.131784e+02	2.676990e+02	2631	6.893873e-01	7.000000e-01	
2.678007e+02	2632	8.055877e+01	2.258244e+02	2.678007e+02	2632	7.370653e-01	7.000000e-01	
2.679025e+02	2633	6.256976e+01	2.067757e+02	2.679025e+02	2633	7.676970e-01	7.000000e-01	
2.680042e+02	2634	9.403993e+01	2.418512e+02	2.680042e+02	2634	7.200285e-01	7.000000e-01	
2.681060e+02	2635	1.035702e+02	2.430304e+02	2.681060e+02	2635	7.011829e-01	7.000000e-01	
2.682077e+02	2636	9.865018e+01	2.274132e+02	2.682077e+02	2636	6.974509e-01	7.000000e-01	
2.683095e+02	2637	9.117119e+01	2.294479e+02	2.683095e+02	2637	7.156402e-01	7.000000e-01	
2.684112e+02	2638	9.295735e+01	2.292945e+02	2.684112e+02	2638	7.115382e-01	7.000000e-01	
2.685130e+02	2639	9.643550e+01	2.227539e+02	2.685130e+02	2639	6.978737e-01	7.000000e-01	
2.686147e+02	2640	1.005632e+02	2.408298e+02	2.686147e+02	2640	7.054327e-01	7.000000e-01	
2.687165e+02	2641	9.983895e+01	2.338798e+02	2.687165e+02	2641	7.008291e-01	7.000000e-01	
2.688182e+02	2642	9.570446e+01	2.352255e+02	2.688182e+02	2642	7.108015e-01	7.000000e-01	
2.689200e+02	2643	8.383749e+01	2.507060e+02	2.689200e+02	2643	7.493973e-01	7.000000e-01	
2.690217e+02	2644	8.712382e+01	2.439942e+02	2.690217e+02	2644	7.368799e-01	7.000000e-01	
2.691235e+02	2645	8.810431e+01	2.328158e+02	2.691235e+02	2645	7.254634e-01	7.000000e-01	
2.692252e+02	2646	8.559346e+01	2.341592e+02	2.692252e+02	2646	7.323135e-01	7.000000e-01	
2.693270e+02	2647	7.755996e+01	2.368960e+02	2.693270e+02	2647	7.533519e-01	7.000000e-01	
2.694287e+02	2648	7.961168e+01	2.319287e+02	2.694287e+02	2648	7.444579e-01	7.000000e-01	
2.695305e+02	2649	8.570739e+01	2.380686e+02	2.695305e+02	2649	7.352880e-01	7.000000e-01	
2.696322e+02	2650	9.381151e+01	2.168610e+02	2.696322e+02	2650	6.980373e-01	7.000000e-01	
2.697339e+02	2651	6.598503e+01	2.469663e+02	2.697339e+02	2651	7.891524e-01	7.000000e-01	
2.698357e+02	2652	7.968000e+01	2.489350e+02	2.698357e+02	2652	7.575278e-01	7.000000e-01	
2.699374e+02	2653	6.381447e+01	2.576565e+02	2.699374e+02	2653	8.014923e-01	7.000000e-01	
2.700392e+02	2654	7.151207e+01	2.286937e+02	2.700392e+02	2654	7.617898e-01	7.000000e-01	
2.701409e+02	2655	8.386891e+01	2.346560e+02	2.701409e+02	2655	7.366959e-01	7.000000e-01	
2.702427e+02	2656	6.465920e+01	2.302650e+02	2.702427e+02	2656	7.807599e-01	7.000000e-01	
2.703444e+02	2657	7.598062e+01	2.359126e+02	2.703444e+02	2657	7.563890e-01	7.000000e-01	
2.704462e+02	2658	5.753786e+01	2.133085e+02	2.704462e+02	2658	7.875627e-01	7.000000e-01	
2.705479e+02	2659	6.772438e+01	2.531796e+02	2.705479e+02	2659	7.889575e-01	7.000000e-01	
2.706497e+02	2660	7.174155e+01	1.911205e+02	2.706497e+02	2660	7.270753e-01	7.000000e-01	
2.707514e+02	2661	7.105990e+01	2.048422e+02	2.707514e+02	2661	7.424452e-01	7.000000e-01	
2.708532e+02	2662	7.176413e+01	2.077452e+02	2.708532e+02	2662	7.432496e-01	7.000000e-01	
2.709549e+02	2663	6.753633e+01	2.190179e+02	2.709549e+02	2663	7.643157e-01	7.000000e-01	
2.710567e+02	2664	7.442207e+01	1.983519e+02	2.710567e+02	2664	7.271658e-01	7.000000e-01	
2.711584e+02	2665	5.503082e+01	2.293392e+02	2.711584e+02	2665	8.064816e-01	7.000000e-01	
2.712602e+02	2666	6.504836e+01	2.049531e+02	2.712602e+02	2666	7.590815e-01	7.000000e-01	
2.713619e+02	2667	6.164433e+01	2.076221e+02	2.713619e+02	2667	7.710657e-01	7.000000e-01	
2.714637e+02	2668	8.635088e+01	2.285503e+02	2.714637e+02	2668	7.257842e-01	7.000000e-01	
2.715654e+02	2669	9.364780e+01	2.620567e+02	2.715654e+02	2669	7.367258e-01	7.000000e-01	
2.716672e+02	2670	8.311353e+01	2.300712e+02	2.716672e+02	2670	7.346182e-01	7.000000e-01	
2.717689e+02	2671	8.353705e+01	2.263816e+02	2.717689e+02	2671	7.304549e-01	7.000000e-01	
2.718707e+02	2672	8.456265e+01	2.452582e+02	2.718707e+02	2672	7.436104e-01	7.000000e-01	
2.719724e+02	2673	8.541923e+01	2.288279e+02	2.719724e+02	2673	7.281782e-01	7.000000e-01	
2.720742e+02	2674	9.208791e+01	2.370010e+02	2.720742e+02	2674	7.201732e-01	7.000000e-01	
2.721759e+02	2675	9.208120e+01	2.248971e+02	2.721759e+02	2675	7.095031e-01	7.000000e-01	
2.722776e+02	2676	8.999528e+01	2.309785e+02	2.722776e+02	2676	7.196180e-01	7.000000e-01	
2.723794e+02	2677	9.208969e+01	2.683306e+02	2.723794e+02	2677	7.444936e-01	7.000000e-01	
2.724811e+02	2678	9.866690e+01	2.504499e+02	2.724811e+02	2678	7.173814e-01	7.000000e-01	
2.725829e+02	2679	8.670676e+01	2.239894e+02	2.725829e+02	2679	7.209275e-01	7.000000e-01	
2.726846e+02	2680	1.017127e+02	2.139931e+02	2.726846e+02	2680	6.778244e-01	7.000000e-01	
2.727864e+02	2681	8.125308e+01	2.328667e+02	2.727864e+02	2681	7.413309e-01	7.000000e-01	
2.728881e+02	2682	1.008700e+02	1.981323e+02	2.728881e+02	2682	6.626447e-01	7.000000e-01	
2.729899e+02	2683	9.694327e+01	2.181319e+02	2.729899e+02	2683	6.923170e-01	7.000000e-01	
2.730916e+02	2684	8.332896e+01	2.409909e+02	2.730916e+02	2684	7.430655e-01	7.000000e-01	
2.731934e+02	2685	8.668010e+01	2.372360e+02	2.731934e+02	2685	7.323995e-01	7.000000e-01	
2.732951e+02	2686	8.165610e+01	2.295913e+02	2.732951e+02	2686	7.376489e-01	7.000000e-01	
2.733969e+02	2687	7.326952e+01	2.378752e+02	2.733969e+02	2687	7.645163e-01	7.000000e-01	
2.734986e+02	2688	1.003049e+02	2.294266e+02	2.734986e+02	2688	6.957982e-01	7.000000e-01	
2.736004e+02	2689	8.463384e+01	2.301395e+02	2.736004e+02	2689	7.311277e-01	7.000000e-01	
2.737021e+02	2690	8.734443e+01	2.345690e+02	2.737021e+02	2690	7.286711e-01	7.000000e-01	
2.738039e+02	2691	9.977811e+01	2.299537e+02	2.738039e+02	2691	6.973962e-01	7.000000e-01	
2.739056e+02	2692	8.612068e+01	2.420435e+02	2.739056e+02	2692	7.375683e-01	7.000000e-01	
2.740074e+02	2693	8.196562e+01	2.164136e+02	2.740074e+02	2693	7.252972e-01	7.000000e-01	
2.741091e+02	2694	7.876072e+01	2.650431e+02	2.741091e+02	2694	7.709138e-01	7.000000e-01	
2.742109e+02	2695	8.418151e+01	2.438035e+02	2.742109e+02	2695	7.433373e-01	7.000000e-01	
2.743126e+02	2696	8.696852e+01	2.401120e+02	2.743126e+02	2696	7.341067e-01	7.000000e-01	
2.744144e+02	2697	8.357416e+01	2.368638e+02	2.744144e+02	2697	7.391877e-01	7.000000e-01	
2.745161e+02	2698	8.284295e+01	2.347929e+02	2.745161e+02	2698	7.391889e-01	7.000000e-01	
2.746179e+02	2699	7.375192e+01	2.654835e+02	2.746179e+02	2699	7.825937e-01	7.000000e-01	
2.747196e+02	2700	9.219917e+01	2.352609e+02	2.747196e+02	2700	7.184415e-01	7.000000e-01	
2.748213e+02	2701	7.698678e+01	2.569827e+02	2.748213e+02	2701	7.694796e-01	7.000000e-01	
2.749231e+02	2702	7.821827e+01	2.490021e+02	2.749231e+02	2702	7.609615e-01	7.000000e-01	
2.750248e+02	2703	8.487439e+01	2.464369e+02	2.750248e+02	2703	7.438228e-01	7.000000e-01	
2.751266e+02	2704	8.061201e+01	2.449704e+02	2.751266e+02	2704	7.524067e-01	7.000000e-01	
2.752283e+02	2705	7.706560e+01	2.487728e+02	2.752283e+02	2705	7.634852e-01	7.000000e-01	
2.753301e+02	2706	8.068052e+01	2.415587e+02	2.753301e+02	2706	7.496254e-01	7.000000e-01	
2.754318e+02	2707	1.013343e+02	2.621444e+02	2.754318e+02	2707	7.212098e-01	7.000000e-01	
2.755336e+02	2708	8.646727e+01	2.445867e+02	2.755336e+02	2708	7.388122e-01	7.000000e-01	
2.756353e+02	2709	9.766462e+01	2.495257e+02	2.756353e+02	2709	7.187000e-01	7.000000e-01	
2.757371e+02	2710	8.158310e+01	2.469763e+02	2.757371e+02	2710	7.516945e-01	7.000000e-01	
2.758388e+02	2711	8.273833e+01	2.320892e+02	2.758388e+02	2711	7.371947e-01	7.000000e-01	
2.759406e+02	2712	8.314602e+01	2.333260e+02	2.759406e+02	2712	7.372721e-01	7.000000e-01	
2.760423e+02	2713	8.240109e+01	2.442403e+02	2.760423e+02	2713	7.477322e-01	7.000000e-01	
2.761441e+02	2714	1.217842e+02	2.566015e+02	2.761441e+02	2714	6.781480e-01	7.000000e-01	
2.762458e+02	2715	1.114187e+02	2.587610e+02	2.762458e+02	2715	6.990146e-01	7.000000e-01	
2.763476e+02	2716	1.291091e+02	2.325772e+02	2.763476e+02	2716	6.430357e-01	7.000000e-01	
2.764493e+02	2717	9.044238e+01	2.390269e+02	2.764493e+02	2717	7.254907e-01	7.000000e-01	
2.765511e+02	2718	1.005548e+02	2.523412e+02	2.765511e+02	2718	7.150583e-01	7.000000e-01	
2.766528e+02	2719	8.650818e+01	2.474057e+02	2.766528e+02	2719	7.409267e-01	7.000000e-01	
2.767546e+02	2720	7.730765e+01	2.416865e+02	2.767546e+02	2720	7.576518e-01	7.000000e-01	
2.768563e+02	2721	8.284005e+01	2.448130e+02	2.768563e+02	2721	7.471714e-01	7.000000e-01	
2.769581e+02	2722	9.309449e+01	2.391637e+02	2.769581e+02	2722	7.198128e-01	7.000000e-01	
2.770598e+02	2723	9.053841e+01	2.331202e+02	2.770598e+02	2723	7.202657e-01	7.000000e-01	
2.771616e+02	2724	8.869817e+01	2.394468e+02	2.771616e+02	2724	7.296982e-01	7.000000e-01	
2.772633e+02	2725	8.959469e+01	2.298474e+02	2.772633e+02	2725	7.195276e-01	7.000000e-01	
2.773650e+02	2726	9.790790e+01	2.404758e+02	2.773650e+02	2726	7.106601e-01	7.000000e-01	
2.774668e+02	2727	8.006377e+01	2.494506e+02	2.774668e+02	2727	7.570250e-01	7.000000e-01	
2.775685e+02	2728	1.193507e+02	2.124207e+02	2.775685e+02	2728	6.402622e-01	7.000000e-01	
2.776703e+02	2729	9.526709e+01	2.399143e+02	2.776703e+02	2729	7.157745e-01	7.000000e-01	
2.777720e+02	2730	8.380250e+01	2.337267e+02	2.777720e+02	2730	7.360794e-01	7.000000e-01	
2.778738e+02	2731	8.709267e+01	2.391166e+02	2.778738e+02	2731	7.330160e-01	7.000000e-01	
2.779755e+02	2732	8.909520e+01	2.369900e+02	2.779755e+02	2732	7.267732e-01	7.000000e-01	
2.780773e+02	2733	9.468297e+01	2.334320e+02	2.780773e+02	2733	7.114336e-01	7.000000e-01	
2.781790e+02	2734	8.302894e+01	2.657855e+02	2.781790e+02	2734	7.619682e-01	7.000000e-01	
2.782808e+02	2735	9.211946e+01	2.304779e+02	2.782808e+02	2735	7.144445e-01	7.000000e-01	
2.783825e+02	2736	8.510441e+01	2.482716e+02	2.783825e+02	2736	7.447195e-01	7.000000e-01	
2.784843e+02	2737	1.376835e+02	2.118612e+02	2.784843e+02	2737	6.061062e-01	7.000000e-01	
2.785860e+02	2738	7.522148e+01	2.776408e+02	2.785860e+02	2738	7.868248e-01	7.000000e-01	
2.786878e+02	2739	8.651539e+01	2.684643e+02	2.786878e+02	2739	7.562807e-01	7.000000e-01	
2.787895e+02	2740	6.682810e+01	2.676765e+02	2.787895e+02	2740	8.002177e-01	7.000000e-01	
2.788913e+02	2741	9.272271e+01	2.615859e+02	2.788913e+02	2741	7.382996e-01	7.000000e-01	
2.789930e+02	2742	9.102703e+01	2.379956e+02	2.789930e+02	2742	7.233411e-01	7.000000e-01	
2.790948e+02	2743	1.045035e+02	2.631533e+02	2.790948e+02	2743	7.157580e-01	7.000000e-01	
2.791965e+02	2744	8.196084e+01	2.684782e+02	2.791965e+02	2744	7.661196e-01	7.000000e-01	
2.792983e+02	2745	8.187201e+01	2.577801e+02	2.792983e+02	2745	7.589533e-01	7.000000e-01	
2.794000e+02	2746	7.957020e+01	2.701967e+02	2.794000e+02	2746	7.725051e-01	7.000000e-01	
2.795018e+02	2747	8.787265e+01	2.717868e+02	2.795018e+02	2747	7.556782e-01	7.000000e-01	
2.796035e+02	2748	9.129705e+01	2.737160e+02	2.796035e+02	2748	7.498800e-01	7.000000e-01	
2.797053e+02	2749	8.357794e+01	2.709651e+02	2.797053e+02	2749	7.642657e-01	7.000000e-01	
2.798070e+02	2750	8.141856e+01	2.648027e+02	2.798070e+02	2750	7.648366e-01	7.000000e-01	
2.799087e+02	2751	8.442397e+01	2.626852e+02	2.799087e+02	2751	7.567798e-01	7.000000e-01	
2.800105e+02	2752	9.597868e+01	2.813373e+02	2.800105e+02	2752	7.456278e-01	7.000000e-01	
2.801122e+02	2753	8.092970e+01	2.708629e+02	2.801122e+02	2753	7.699505e-01	7.000000e-01	
2.802140e+02	2754	9.443260e+01	2.800666e+02	2.802140e+02	2754	7.478430e-01	7.000000e-01	
2.803157e+02	2755	8.953738e+01	2.665891e+02	2.803157e+02	2755	7.485798e-01	7.000000e-01	
2.804175e+02	2756	8.571224e+01	2.817132e+02	2.804175e+02	2756	7.667221e-01	7.000000e-01	
2.805192e+02	2757	9.156448e+01	2.392611e+02	2.805192e+02	2757	7.232243e-01	7.000000e-01	
2.806210e+02	2758	9.507311e+01	2.736183e+02	2.806210e+02	2758	7.421336e-01	7.000000e-01	
2.807227e+02	2759	9.207270e+01	3.002556e+02	2.807227e+02	2759	7.653172e-01	7.000000e-01	
2.808245e+02	2760	8.855297e+01	2.452097e+02	2.808245e+02	2760	7.346828e-01	7.000000e-01	
2.809262e+02	2761	9.107596e+01	2.460367e+02	2.809262e+02	2761	7.298352e-01	7.000000e-01	
2.810280e+02	2762	9.149063e+01	2.485201e+02	2.810280e+02	2762	7.309184e-01	7.000000e-01	
2.811297e+02	2763	9.338551e+01	2.718392e+02	2.811297e+02	2763	7.443067e-01	7.000000e-01	
2.812315e+02	2764	8.830931e+01	2.488914e+02	2.812315e+02	2764	7.381105e-01	7.000000e-01	
2.813332e+02	2765	8.747090e+01	2.400204e+02	2.813332e+02	2765	7.329062e-01	7.000000e-01	
2.814350e+02	2766	8.804935e+01	2.391734e+02	2.814350e+02	2766	7.309192e-01	7.000000e-01	
2.815367e+02	2767	8.160463e+01	2.265733e+02	2.815367e+02	2767	7.352029e-01	7.000000e-01	
2.816385e+02	2768	8.182249e+01	2.341168e+02	2.816385e+02	2768	7.410183e-01	7.000000e-01	
2.817402e+02	2769	8.347256e+01	2.326138e+02	2.817402e+02	2769	7.359185e-01	7.000000e-01	
2.818420e+02	2770	8.691508e+01	2.438540e+02	2.818420e+02	2770	7.372334e-01	7.000000e-01	
2.819437e+02	2771	8.204306e+01	2.411808e+02	2.819437e+02	2771	7.461726e-01	7.000000e-01	
2.820455e+02	2772	8.711237e+01	2.391568e+02	2.820455e+02	2772	7.330046e-01	7.000000e-01	
2.821472e+02	2773	8.910700e+01	2.210347e+02	2.821472e+02	2773	7.126894e-01	7.000000e-01	
2.822490e+02	2774	8.328337e+01	2.356254e+02	2.822490e+02	2774	7.388489e-01	7.000000e-01	
2.823507e+02	2775	7.094992e+01	2.426876e+02	2.823507e+02	2775	7.737837e-01	7.000000e-01	
2.824524e+02	2776	9.302600e+01	2.331512e+02	2.824524e+02	2776	7.147992e-01	7.000000e-01	
2.825542e+02	2777	9.492507e+01	2.232070e+02	2.825542e+02	2777	7.016174e-01	7.000000e-01	
2.826559e+02	2778	9.873802e+01	2.131717e+02	2.826559e+02	2778	6.834404e-01	7.000000e-01	
2.827577e+02	2779	1.094355e+02	2.227493e+02	2.827577e+02	2779	6.705584e-01	7.000000e-01	
2.828594e+02	2780	9.736267e+01	2.122666e+02	2.828594e+02	2780	6.855508e-01	7.000000e-01	
2.829612e+02	2781	9.882167e+01	2.134210e+02	2.829612e+02	2781	6.835100e-01	7.000000e-01	
2.830629e+02	2782	8.563947e+01	2.282852e+02	2.830629e+02	2782	7.271974e-01	7.000000e-01	
2.831647e+02	2783	8.583182e+01	2.431136e+02	2.831647e+02	2783	7.390697e-01	7.000000e-01	
2.832664e+02	2784	9.673387e+01	2.399511e+02	2.832664e+02	2784	7.126873e-01	7.000000e-01	
2.833682e+02	2785	8.627698e+01	2.513309e+02	2.833682e+02	2785	7.444462e-01	7.000000e-01	
2.834699e+02	2786	1.085304e+02	2.320374e+02	2.834699e+02	2786	6.813251e-01	7.000000e-01	
2.835717e+02	2787	9.457186e+01	2.507023e+02	2.835717e+02	2787	7.260963e-01	7.000000e-01	
2.836734e+02	2788	7.293896e+01	2.782397e+02	2.836734e+02	2788	7.923024e-01	7.000000e-01	
2.837752e+02	2789	9.041542e+01	2.484281e+02	2.837752e+02	2789	7.331647e-01	7.000000e-01	
2.838769e+02	2790	8.057024e+01	2.758712e+02	2.838769e+02	2790	7.739594e-01	7.000000e-01	
2.839787e+02	2791	7.491330e+01	2.126672e+02	2.839787e+02	2791	7.395049e-01	7.000000e-01	
2.840804e+02	2792	8.670397e+01	2.519163e+02	2.840804e+02	2792	7.439493e-01	7.000000e-01	
2.841822e+02	2793	8.936231e+01	2.205508e+02	2.841822e+02	2793	7.116537e-01	7.000000e-01	
2.842839e+02	2794	7.937490e+01	2.240023e+02	2.842839e+02	2794	7.383623e-01	7.000000e-01	
2.843857e+02	2795	8.460443e+01	2.172305e+02	2.843857e+02	2795	7.196997e-01	7.000000e-01	
2.844874e+02	2796	7.069347e+01	2.273228e+02	2.844874e+02	2796	7.627865e-01	7.000000e-01	
2.845892e+02	2797	6.772890e+01	1.963167e+02	2.845892e+02	2797	7.434954e-01	7.000000e-01	
2.846909e+02	2798	8.073077e+01	2.004876e+02	2.846909e+02	2798	7.129250e-01	7.000000e-01	
2.847927e+02	2799	9.690504e+01	2.392104e+02	2.847927e+02	2799	7.116912e-01	7.000000e-01	
2.848944e+02	2800	8.992585e+01	2.465170e+02	2.848944e+02	2800	7.327158e-01	7.000000e-01	
2.849961e+02	2801	8.767992e+01	2.412586e+02	2.849961e+02	2801	7.334459e-01	7.000000e-01	
2.850979e+02	2802	7.227405e+01	2.499725e+02	2.850979e+02	2802	7.757182e-01	7.000000e-01	
2.851996e+02	2803	7.887511e+01	2.411185e+02	2.851996e+02	2803	7.535104e-01	7.000000e-01	
2.853014e+02	2804	1.102176e+02	2.372839e+02	2.853014e+02	2804	6.828284e-01	7.000000e-01	
2.854031e+02	2805	8.823200e+01	2.400866e+02	2.854031e+02	2805	7.312610e-01	7.000000e-01	
2.855049e+02	2806	8.201970e+01	2.531820e+02	2.855049e+02	2806	7.553124e-01	7.000000e-01	
2.856066e+02	2807	6.373544e+01	2.471255e+02	2.856066e+02	2807	7.949712e-01	7.000000e-01	
2.857084e+02	2808	7.188634e+01	2.707863e+02	2.857084e+02	2808	7.902186e-01	7.000000e-01	
2.858101e+02	2809	8.254646e+01	2.501571e+02	2.858101e+02	2809	7.518919e-01	7.000000e-01	
2.859119e+02	2810	7.917683e+01	2.362230e+02	2.859119e+02	2810	7.489636e-01	7.000000e-01	
2.860136e+02	2811	7.480975e+01	2.178378e+02	2.860136e+02	2811	7.443691e-01	7.000000e-01	
2.861154e+02	2812	9.582814e+01	2.373898e+02	2.861154e+02	2812	7.124160e-01	7.000000e-01	
2.862171e+02	2813	1.054111e+02	2.479123e+02	2.862171e+02	2813	7.016583e-01	7.000000e-01	
2.863189e+02	2814	9.565850e+01	2.382418e+02	2.863189e+02	2814	7.135118e-01	7.000000e-01	
2.864206e+02	2815	7.254941e+01	2.274853e+02	2.864206e+02	2815	7.581966e-01	7.000000e-01	
2.865224e+02	2816	7.532678e+01	2.111181e+02	2.865224e+02	2816	7.370287e-01	7.000000e-01	
2.866241e+02	2817	1.082228e+02	2.608553e+02	2.866241e+02	2817	7.067753e-01	7.000000e-01	
2.867259e+02	2818	1.281202e+02	2.882817e+02	2.867259e+02	2818	6.923160e-01	7.000000e-01	
2.868276e+02	2819	1.037878e+02	2.703931e+02	2.868276e+02	2819	7.226267e-01	7.000000e-01	
2.869294e+02	2820	1.457153e+02	2.245410e+02	2.869294e+02	2820	6.064475e-01	7.000000e-01	
2.870311e+02	2821	1.207193e+02	2.349488e+02	2.870311e+02	2821	6.605844e-01	7.000000e-01	
2.871329e+02	2822	8.739470e+01	2.668035e+02	2.871329e+02	2822	7.532605e-01	7.000000e-01	
2.872346e+02	2823	1.144288e+02	2.473629e+02	2.872346e+02	2823	6.837163e-01	7.000000e-01	
2.873364e+02	2824	8.540304e+01	2.725483e+02	2.873364e+02	2824	7.614116e-01	7.000000e-01	
2.874381e+02	2825	1.010893e+02	3.072555e+02	2.874381e+02	2825	7.524413e-01	7.000000e-01	
2.875398e+02	2826	8.385604e+01	2.733789e+02	2.875398e+02	2826	7.652636e-01	7.000000e-01	
2.876416e+02	2827	9.481896e+01	2.775383e+02	2.876416e+02	2827	7.453549e-01	7.000000e-01	
2.877433e+02	2828	9.469621e+01	3.006300e+02	2.877433e+02	2828	7.604606e-01	7.000000e-01	
2.878451e+02	2829	7.331799e+01	2.643778e+02	2.878451e+02	2829	7.828875e-01	7.000000e-01	
2.879468e+02	2830	7.609991e+01	2.707559e+02	2.879468e+02	2830	7.806007e-01	7.000000e-01	
2.880486e+02	2831	8.974169e+01	2.347574e+02	2.880486e+02	2831	7.234455e-01	7.000000e-01	
2.881503e+02	2832	6.336854e+01	2.598788e+02	2.881503e+02	2832	8.039627e-01	7.000000e-01	
2.882521e+02	2833	4.617732e+01	2.824479e+02	2.882521e+02	2833	8.594833e-01	7.000000e-01	
2.883538e+02	2834	6.662780e+01	2.396560e+02	2.883538e+02	2834	7.824638e-01	7.000000e-01	
2.884556e+02	2835	8.913723e+01	2.642236e+02	2.884556e+02	2835	7.477445e-01	7.000000e-01	
2.885573e+02	2836	8.755747e+01	2.616765e+02	2.885573e+02	2836	7.492871e-01	7.000000e-01	
2.886591e+02	2837	1.084858e+02	2.888987e+02	2.886591e+02	2837	7.270004e-01	7.000000e-01	
2.887608e+02	2838	7.760672e+01	2.625917e+02	2.887608e+02	2838	7.718781e-01	7.000000e-01	
2.888626e+02	2839	8.749530e+01	2.511208e+02	2.888626e+02	2839	7.416092e-01	7.000000e-01	
2.889643e+02	2840	1.088417e+02	2.566437e+02	2.889643e+02	2840	7.021996e-01	7.000000e-01	
2.890661e+02	2841	8.908688e+01	2.640169e+02	2.890661e+02	2841	7.477034e-01	7.000000e-01	
2.891678e+02	2842	7.314248e+01	3.304163e+02	2.891678e+02	2842	8.187563e-01	7.000000e-01	
2.892696e+02	2843	8.383879e+01	2.305941e+02	2.892696e+02	2843	7.333651e-01	7.000000e-01	
2.893713e+02	2844	9.751311e+01	2.339714e+02	2.893713e+02	2844	7.058291e-01	7.000000e-01	
2.894731e+02	2845	9.559681e+01	2.133346e+02	2.894731e+02	2845	6.905565e-01	7.000000e-01	
2.895748e+02	2846	9.188169e+01	2.531207e+02	2.895748e+02	2846	7.336781e-01	7.000000e-01	
2.896766e+02	2847	8.150838e+01	2.194042e+02	2.896766e+02	2847	7.291294e-01	7.000000e-01	
2.897783e+02	2848	7.451432e+01	2.338745e+02	2.897783e+02	2848	7.583754e-01	7.000000e-01	
2.898801e+02	2849	7.963726e+01	2.483197e+02	2.898801e+02	2849	7.571716e-01	7.000000e-01	
2.899818e+02	2850	7.397763e+01	2.258127e+02	2.899818e+02	2850	7.532354e-01	7.000000e-01	
2.900835e+02	2851	8.976962e+01	1.938490e+02	2.900835e+02	2851	6.834847e-01	7.000000e-01	
2.901853e+02	2852	7.680354e+01	2.387294e+02	2.901853e+02	2852	7.565911e-01	7.000000e-01	
2.902870e+02	2853	8.884902e+01	2.165320e+02	2.902870e+02	2853	7.090552e-01	7.000000e-01	
2.903888e+02	2854	5.874435e+01	2.763744e+02	2.903888e+02	2854	8.247059e-01	7.000000e-01	
2.904905e+02	2855	6.396589e+01	2.766827e+02	2.904905e+02	2855	8.122232e-01	7.000000e-01	
2.905923e+02	2856	6.801430e+01	2.735209e+02	2.905923e+02	2856	8.008571e-01	7.000000e-01	
2.906940e+02	2857	6.299602e+01	2.584052e+02	2.906940e+02	2857	8.039957e-01	7.000000e-01	
2.907958e+02	2858	5.374591e+01	2.617995e+02	2.907958e+02	2858	8.296730e-01	7.000000e-01	
2.908975e+02	2859	6.008891e+01	2.841496e+02	2.908975e+02	2859	8.254440e-01	7.000000e-01	
2.909993e+02	2860	4.973109e+01	2.713772e+02	2.909993e+02	2860	8.451267e-01	7.000000e-01	
2.911010e+02	2861	9.542121e+01	2.386207e+02	2.911010e+02	2861	7.143436e-01	7.000000e-01	
2.912028e+02	2862	5.949487e+01	2.889574e+02	2.912028e+02	2862	8.292596e-01	7.000000e-01	
2.913045e+02	2863	1.016908e+02	2.560508e+02	2.913045e+02	2863	7.157423e-01	7.000000e-01	
2.914063e+02	2864	1.019618e+02	2.514328e+02	2.914063e+02	2864	7.114789e-01	7.000000e-01	
2.915080e+02	2865	6.909281e+01	2.574120e+02	2.915080e+02	2865	7.883865e-01	7.000000e-01	
2.916098e+02	2866	7.828862e+01	2.486145e+02	2.916098e+02	2866	7.605143e-01	7.000000e-01	
2.917115e+02	2867	8.110147e+01	2.571211e+02	2.917115e+02	2867	7.602127e-01	7.000000e-01	
2.918133e+02	2868	7.377836e+01	2.432204e+02	2.918133e+02	2868	7.672598e-01	7.000000e-01	
2.919150e+02	2869	9.463215e+01	2.467865e+02	2.919150e+02	2869	7.228267e-01	7.000000e-01	
2.920168e+02	2870	9.398487e+01	2.385540e+02	2.920168e+02	2870	7.173718e-01	7.000000e-01	
2.921185e+02	2871	1.009381e+02	2.527008e+02	2.921185e+02	2871	7.145730e-01	7.000000e-01	
2.922203e+02	2872	7.590992e+01	2.335442e+02	2.922203e+02	2872	7.546973e-01	7.000000e-01	
2.923220e+02	2873	6.255906e+01	2.548803e+02	2.923220e+02	2873	8.029260e-01	7.000000e-01	
2.924238e+02	2874	6.327628e+01	2.477827e+02	2.924238e+02	2874	7.965779e-01	7.000000e-01	
2.925255e+02	2875	3.332633e+01	2.354089e+02	2.925255e+02	2875	8.759882e-01	7.000000e-01	
2.926272e+02	2876	7.371376e+01	2.107752e+02	2.926272e+02	2876	7.408906e-01	7.000000e-01	
2.927290e+02	2877	4.925866e+01	2.449192e+02	2.927290e+02	2877	8.325548e-01	7.000000e-01	
2.928307e+02	2878	6.877330e+01	2.546531e+02	2.928307e+02	2878	7.873603e-01	7.000000e-01	
2.929325e+02	2879	1.017395e+02	2.207057e+02	2.929325e+02	2879	6.844751e-01	7.000000e-01	
2.930342e+02	2880	1.018892e+02	2.236214e+02	2.930342e+02	2880	6.869865e-01	7.000000e-01	
2.931360e+02	2881	8.149544e+01	1.946836e+02	2.931360e+02	2881	7.049181e-01	7.000000e-01	
2.932377e+02	2882	9.706036e+01	2.118833e+02	2.932377e+02	2882	6.858315e-01	7.000000e-01	
2.933395e+02	2883	8.663008e+01	2.369867e+02	2.933395e+02	2883	7.323066e-01	7.000000e-01	
2.934412e+02	2884	9.337571e+01	2.131054e+02	2.934412e+02	2884	6.953296e-01	7.000000e-01	
2.935430e+02	2885	1.014172e+02	2.290710e+02	2.935430e+02	2885	6.931291e-01	7.000000e-01	
2.936447e+02	2886	1.068668e+02	2.178429e+02	2.936447e+02	2886	6.708851e-01	7.000000e-01	
2.937465e+02	2887	1.058479e+02	2.104068e+02	2.937465e+02	2887	6.653081e-01	7.000000e-01	
2.938482e+02	2888	8.342829e+01	2.673836e+02	2.938482e+02	2888	7.621851e-01	7.000000e-01	
2.939500e+02	2889	7.733250e+01	2.450755e+02	2.939500e+02	2889	7.601409e-01	7.000000e-01	
2.940517e+02	2890	8.596399e+01	2.591545e+02	2.940517e+02	2890	7.509146e-01	7.000000e-01	
2.941535e+02	2891	8.690666e+01	2.518249e+02	2.941535e+02	2891	7.434350e-01	7.000000e-01	
2.942552e+02	2892	7.839541e+01	2.722339e+02	2.942552e+02	2892	7.764151e-01	7.000000e-01	
2.943570e+02	2893	8.954964e+01	2.427386e+02	2.943570e+02	2893	7.305061e-01	7.000000e-01	
2.944587e+02	2894	9.711607e+01	2.249391e+02	2.944587e+02	2894	6.984490e-01	7.000000e-01	
2.945605e+02	2895	8.031358e+01	2.610753e+02	2.945605e+02	2895	7.647446e-01	7.000000e-01	
2.946622e+02	2896	8.339657e+01	2.425496e+02	2.946622e+02	2896	7.441401e-01	7.000000e-01	
2.947640e+02	2897	9.529211e+01	2.185360e+02	2.947640e+02	2897	6.963557e-01	7.000000e-01	
2.948657e+02	2898	9.032253e+01	2.519524e+02	2.948657e+02	2898	7.361112e-01	7.000000e-01	
2.949675e+02	2899	9.371871e+01	2.313735e+02	2.949675e+02	2899	7.117165e-01	7.000000e-01	
2.950692e+02	2900	9.747634e+01	2.236931e+02	2.950692e+02	2900	6.964956e-01	7.000000e-01	
2.951709e+02	2901	9.330288e+01	2.252258e+02	2.951709e+02	2901	7.070817e-01	7.000000e-01	
2.952727e+02	2902	8.899507e+01	2.244150e+02	2.952727e+02	2902	7.160427e-01	7.000000e-01	
2.953744e+02	2903	9.862437e+01	2.239033e+02	2.953744e+02	2903	6.942142e-01	7.000000e-01	
2.954762e+02	2904	9.069410e+01	2.273065e+02	2.954762e+02	2904	7.147990e-01	7.000000e-01	
2.955779e+02	2905	9.031584e+01	2.206240e+02	2.955779e+02	2905	7.095392e-01	7.000000e-01	
2.956797e+02	2906	8.520535e+01	2.367936e+02	2.956797e+02	2906	7.353862e-01	7.000000e-01	
2.957814e+02	2907	8.974235e+01	2.477959e+02	2.957814e+02	2907	7.341269e-01	7.000000e-01	
2.958832e+02	2908	7.694029e+01	2.398124e+02	2.958832e+02	2908	7.570966e-01	7.000000e-01	
2.959849e+02	2909	8.603949e+01	2.409892e+02	2.959849e+02	2909	7.369054e-01	7.000000e-01	
2.960867e+02	2910	6.774652e+01	2.421772e+02	2.960867e+02	2910	7.814091e-01	7.000000e-01	
2.961884e+02	2911	7.086999e+01	2.416183e+02	2.961884e+02	2911	7.732075e-01	7.000000e-01	
2.962902e+02	2912	8.547742e+01	2.436604e+02	2.962902e+02	2912	7.402990e-01	7.000000e-01	
2.963919e+02	2913	6.457032e+01	2.715013e+02	2.963919e+02	2913	8.078674e-01	7.000000e-01	
2.964937e+02	2914	6.972958e+01	2.509585e+02	2.964937e+02	2914	7.825626e-01	7.000000e-01	
2.965954e+02	2915	7.148750e+01	2.540733e+02	2.965954e+02	2915	7.804174e-01	7.000000e-01	
2.966972e+02	2916	6.455699e+01	2.714229e+02	2.966972e+02	2916	8.078546e-01	7.000000e-01	
2.967989e+02	2917	7.945961e+01	2.447187e+02	2.967989e+02	2917	7.548892e-01	7.000000e-01	
2.969007e+02	2918	6.854075e+01	2.403498e+02	2.969007e+02	2918	7.781067e-01	7.000000e-01	
2.970024e+02	2919	6.962585e+01	2.513905e+02	2.970024e+02	2919	7.831081e-01	7.000000e-01	
2.971042e+02	2920	7.333214e+01	2.582511e+02	2.971042e+02	2920	7.788424e-01	7.000000e-01	
2.972059e+02	2921	7.445721e+01	2.648153e+02	2.972059e+02	2921	7.805386e-01	7.000000e-01	
2.973077e+02	2922	7.542072e+01	2.483296e+02	2.973077e+02	2922	7.670405e-01	7.000000e-01	
2.974094e+02	2923	7.414410e+01	2.552464e+02	2.974094e+02	2923	7.749052e-01	7.000000e-01	
2.975112e+02	2924	7.959284e+01	2.398035e+02	2.975112e+02	2924	7.508023e-01	7.000000e-01	
2.976129e+02	2925	6.563820e+01	2.494342e+02	2.976129e+02	2925	7.916726e-01	7.000000e-01	
2.977146e+02	2926	1.107957e+02	2.391090e+02	2.977146e+02	2926	6.833546e-01	7.000000e-01	
2.978164e+02	2927	7.456265e+01	2.457475e+02	2.978164e+02	2927	7.672173e-01	7.000000e-01	
2.979181e+02	2928	8.282689e+01	2.419361e+02	2.979181e+02	2928	7.449620e-01	7.000000e-01	
2.980199e+02	2929	8.292619e+01	2.534320e+02	2.980199e+02	2929	7.534587e-01	7.000000e-01	
2.981216e+02	2930	7.521870e+01	2.567333e+02	2.981216e+02	2930	7.734049e-01	7.000000e-01	
2.982234e+02	2931	1.069658e+02	2.573041e+02	2.982234e+02	2931	7.063556e-01	7.000000e-01	
2.983251e+02	2932	8.859609e+01	2.514430e+02	2.983251e+02	2932	7.394532e-01	7.000000e-01	
2.984269e+02	2933	7.602174e+01	2.365398e+02	2.984269e+02	2933	7.567783e-01	7.000000e-01	
2.985286e+02	2934	8.834599e+01	2.549716e+02	2.985286e+02	2934	7.426698e-01	7.000000e-01	
2.986304e+02	2935	9.009011e+01	2.551375e+02	2.986304e+02	2935	7.390414e-01	7.000000e-01	
2.987321e+02	2936	7.514184e+01	2.752433e+02	2.987321e+02	2936	7.855450e-01	7.000000e-01	
2.988339e+02	2937	8.865602e+01	2.431094e+02	2.988339e+02	2937	7.327750e-01	7.000000e-01	
2.989356e+02	2938	8.942002e+01	2.658822e+02	2.989356e+02	2938	7.483269e-01	7.000000e-01	
2.990374e+02	2939	8.630147e+01	2.564590e+02	2.990374e+02	2939	7.482164e-01	7.000000e-01	
2.991391e+02	2940	8.170491e+01	2.456811e+02	2.991391e+02	2940	7.504325e-01	7.000000e-01	
2.992409e+02	2941	8.889035e+01	2.509290e+02	2.992409e+02	2941	7.384188e-01	7.000000e-01	
2.993426e+02	2942	9.259776e+01	2.287792e+02	2.993426e+02	2942	7.118718e-01	7.000000e-01	
2.994444e+02	2943	9.255241e+01	2.595184e+02	2.994444e+02	2943	7.371199e-01	7.000000e-01	
2.995461e+02	2944	7.487210e+01	2.428588e+02	2.995461e+02	2944	7.643537e-01	7.000000e-01	
2.996479e+02	2945	8.069487e+01	2.530325e+02	2.996479e+02	2945	7.582012e-01	7.000000e-01	
2.997496e+02	2946	8.875746e+01	2.585691e+02	2.997496e+02	2946	7.444553e-01	7.000000e-01	
2.998514e+02	2947	8.435155e+01	2.534935e+02	2.998514e+02	2947	7.503247e-01	7.000000e-01	
2.999531e+02	2948	7.921575e+01	2.570874e+02	2.999531e+02	2948	7.644514e-01	7.000000e-01	
3.000549e+02	2949	8.432762e+01	2.724348e+02	3.000549e+02	2949	7.636309e-01	7.000000e-01	
3.001566e+02	2950	7.672908e+01	2.560930e+02	3.001566e+02	2950	7.694592e-01	7.000000e-01	
3.002583e+02	2951	8.303925e+01	2.502180e+02	3.002583e+02	2951	7.508254e-01	7.000000e-01	
3.003601e+02	2952	8.536772e+01	2.599244e+02	3.003601e+02	2952	7.527667e-01	7.000000e-01	
3.004618e+02	2953	7.665825e+01	2.622531e+02	3.004618e+02	2953	7.738103e-01	7.000000e-01	
3.005636e+02	2954	6.329386e+01	2.399372e+02	3.005636e+02	2954	7.912685e-01	7.000000e-01	
3.006653e+02	2955	7.766794e+01	2.684741e+02	3.006653e+02	2955	7.756183e-01	7.000000e-01	
3.007671e+02	2956	8.447121e+01	2.483002e+02	3.007671e+02	2956	7.461585e-01	7.000000e-01	
3.008688e+02	2957	8.971112e+01	2.210077e+02	3.008688e+02	2957	7.112788e-01	7.000000e-01	
3.009706e+02	2958	9.887218e+01	2.184032e+02	3.009706e+02	2958	6.883711e-01	7.000000e-01	
3.010723e+02	2959	9.287987e+01	2.071917e+02	3.010723e+02	2959	6.904743e-01	7.000000e-01	
3.011741e+02	2960	8.457418e+01	2.252813e+02	3.011741e+02	2960	7.270528e-01	7.000000e-01	
3.012758e+02	2961	9.565573e+01	2.125436e+02	3.012758e+02	2961	6.896303e-01	7.000000e-01	
3.013776e+02	2962	7.836268e+01	2.427745e+02	3.013776e+02	2962	7.559838e-01	7.000000e-01	
3.014793e+02	2963	7.475638e+01	2.078065e+02	3.014793e+02	2963	7.354345e-01	7.000000e-01	
3.015811e+02	2964	7.700884e+01	2.291356e+02	3.015811e+02	2964	7.484559e-01	7.000000e-01	
3.016828e+02	2965	8.460328e+01	2.510737e+02	3.016828e+02	2965	7.479622e-01	7.000000e-01	
3.017846e+02	2966	7.660349e+01	2.194864e+02	3.017846e+02	2966	7.412830e-01	7.000000e-01	
3.018863e+02	2967	7.435426e+01	2.078062e+02	3.018863e+02	2967	7.364824e-01	7.000000e-01	
3.019881e+02	2968	8.922827e+01	2.615418e+02	3.019881e+02	2968	7.456218e-01	7.000000e-01	
3.020898e+02	2969	7.865632e+01	2.362639e+02	3.020898e+02	2969	7.502341e-01	7.000000e-01	
3.021916e+02	2970	1.040711e+02	2.404312e+02	3.021916e+02	2970	6.979088e-01	7.000000e-01	
3.022933e+02	2971	7.583524e+01	2.793599e+02	3.022933e+02	2971	7.864970e-01	7.000000e-01	
3.023951e+02	2972	1.000740e+02	2.526150e+02	3.023951e+02	2972	7.162543e-01	7.000000e-01	
3.024968e+02	2973	8.713918e+01	2.564883e+02	3.024968e+02	2973	7.464138e-01	7.000000e-01	
3.025986e+02	2974	9.069174e+01	2.513983e+02	3.025986e+02	2974	7.348893e-01	7.000000e-01	
3.027003e+02	2975	8.590061e+01	2.505532e+02	3.027003e+02	2975	7.446883e-01	7.000000e-01	
3.028020e+02	2976	9.683058e+01	2.478488e+02	3.028020e+02	2976	7.190706e-01	7.000000e-01	
3.029038e+02	2977	9.763734e+01	2.535843e+02	3.029038e+02	2977	7.220065e-01	7.000000e-01	
3.030055e+02	2978	9.134301e+01	2.520479e+02	3.030055e+02	2978	7.339970e-01	7.000000e-01	
3.031073e+02	2979	8.730175e+01	2.389519e+02	3.031073e+02	2979	7.324114e-01	7.000000e-01	
3.032090e+02	2980	8.506444e+01	2.382436e+02	3.032090e+02	2980	7.368935e-01	7.000000e-01	
3.033108e+02	2981	8.732229e+01	2.626757e+02	3.033108e+02	2981	7.505063e-01	7.000000e-01	
3.034125e+02	2982	9.436597e+01	2.528654e+02	3.034125e+02	2982	7.282332e-01	7.000000e-01	
3.035143e+02	2983	9.077215e+01	2.527329e+02	3.035143e+02	2983	7.357473e-01	7.000000e-01	
3.036160e+02	2984	7.662692e+01	2.584870e+02	3.036160e+02	2984	7.713407e-01	7.000000e-01	
3.037178e+02	2985	8.445012e+01	2.504386e+02	3.037178e+02	2985	7.478263e-01	7.000000e-01	
3.038195e+02	2986	7.747329e+01	2.685310e+02	3.038195e+02	2986	7.760915e-01	7.000000e-01	
3.039213e+02	2987	8.413944e+01	2.526205e+02	3.039213e+02	2987	7.501501e-01	7.000000e-01	
3.040230e+02	2988	7.693648e+01	2.415148e+02	3.040230e+02	2988	7.584042e-01	7.000000e-01	
3.041248e+02	2989	8.520569e+01	2.570706e+02	3.041248e+02	2989	7.510617e-01	7.000000e-01	
3.042265e+02	2990	8.942677e+01	2.771344e+02	3.042265e+02	2990	7.560386e-01	7.000000e-01	
3.043283e+02	2991	8.568174e+01	2.405795e+02	3.043283e+02	2991	7.373830e-01	7.000000e-01	
3.044300e+02	2992	8.145090e+01	2.465161e+02	3.044300e+02	2992	7.516491e-01	7.000000e-01	
3.045318e+02	2993	7.710351e+01	2.249033e+02	3.045318e+02	2993	7.446961e-01	7.000000e-01	
3.046335e+02	2994	8.850455e+01	2.393543e+02	3.046335e+02	2994	7.300529e-01	7.000000e-01	
3.047353e+02	2995	9.240002e+01	2.586855e+02	3.047353e+02	2995	7.368162e-01	7.000000e-01	
3.048370e+02	2996	8.001099e+01	2.568007e+02	3.048370e+02	2996	7.624459e-01	7.000000e-01	
3.049388e+02	2997	8.614794e+01	2.596474e+02	3.049388e+02	2997	7.508702e-01	7.000000e-01	
3.050405e+02	2998	7.743571e+01	2.397884e+02	3.050405e+02	2998	7.558959e-01	7.000000e-01	
3.051423e+02	2999	8.816836e+01	2.439498e+02	3.051423e+02	2999	7.345271e-01	7.000000e-01	
3.052440e+02	3000	8.517588e+01	2.454588e+02	3.052440e+02	3000	7.423867e-01	7.000000e-01	
3.053457e+02	3001	9.163045e+01	2.572438e+02	3.053457e+02	3001	7.373539e-01	7.000000e-01	
3.054475e+02	3002	6.261351e+01	2.575162e+02	3.054475e+02	3002	8.044121e-01	7.000000e-01	
3.055492e+02	3003	7.695735e+01	2.478822e+02	3.055492e+02	3003	7.630912e-01	7.000000e-01	
3.056510e+02	3004	6.484144e+01	2.617530e+02	3.056510e+02	3004	8.014619e-01	7.000000e-01	
3.057527e+02	3005	9.000197e+01	2.313190e+02	3.057527e+02	3005	7.199001e-01	7.000000e-01	
3.058545e+02	3006	8.397667e+01	2.540489e+02	3.058545e+02	3006	7.515671e-01	7.000000e-01	
3.059562e+02	3007	9.797471e+01	2.109763e+02	3.059562e+02	3007	6.828795e-01	7.000000e-01	
3.060580e+02	3008	7.482494e+01	2.503577e+02	3.060580e+02	3008	7.698987e-01	7.000000e-01	
3.061597e+02	3009	7.895951e+01	2.499563e+02	3.061597e+02	3009	7.599401e-01	7.000000e-01	
3.062615e+02	3010	1.026113e+02	2.437550e+02	3.062615e+02	3010	7.037492e-01	7.000000e-01	
3.063632e+02	3011	1.074025e+02	2.387222e+02	3.063632e+02	3011	6.897000e-01	7.000000e-01	
3.064650e+02	3012	9.484336e+01	2.315360e+02	3.064650e+02	3012	7.094076e-01	7.000000e-01	
3.065667e+02	3013	1.088290e+02	2.055493e+02	3.065667e+02	3013	6.538279e-01	7.000000e-01	
3.066685e+02	3014	9.872244e+01	2.734627e+02	3.066685e+02	3014	7.347491e-01	7.000000e-01	
3.067702e+02	3015	9.611680e+01	2.248899e+02	3.067702e+02	3015	7.005770e-01	7.000000e-01	
3.068720e+02	3016	8.784531e+01	2.652025e+02	3.068720e+02	3016	7.511801e-01	7.000000e-01	
3.069737e+02	3017	9.111835e+01	2.864873e+02	3.069737e+02	3017	7.586944e-01	7.000000e-01	
3.070755e+02	3018	9.717891e+01	2.708128e+02	3.070755e+02	3018	7.359209e-01	7.000000e-01	
3.071772e+02	3019	8.998537e+01	2.228630e+02	3.071772e+02	3019	7.123675e-01	7.000000e-01	
3.072790e+02	3020	9.515930e+01	2.206699e+02	3.072790e+02	3020	6.987001e-01	7.000000e-01	
3.073807e+02	3021	9.290259e+01	2.391072e+02	3.073807e+02	3021	7.201812e-01	7.000000e-01	
3.074825e+02	3022	9.000210e+01	2.292592e+02	3.074825e+02	3022	7.180927e-01	7.000000e-01	
3.075842e+02	3023	9.541783e+01	2.354122e+02	3.075842e+02	3023	7.115805e-01	7.000000e-01	
3.076860e+02	3024	8.900992e+01	2.323261e+02	3.076860e+02	3024	7.230005e-01	7.000000e-01	
3.077877e+02	3025	8.772646e+01	1.872251e+02	3.077877e+02	3025	6.809385e-01	7.000000e-01	
3.078894e+02	3026	1.159982e+02	2.774399e+02	3.078894e+02	3026	7.051679e-01	7.000000e-01	
3.079912e+02	3027	8.606970e+01	2.135869e+02	3.079912e+02	3027	7.127722e-01	7.000000e-01	
3.080929e+02	3028	9.491920e+01	2.277618e+02	3.080929e+02	3028	7.058420e-01	7.000000e-01	
3.081947e+02	3029	9.480269e+01	2.206691e+02	3.081947e+02	3029	6.994892e-01	7.000000e-01	
3.082964e+02	3030	9.433539e+01	2.305268e+02	3.082964e+02	3030	7.096141e-01	7.000000e-01	
3.083982e+02	3031	9.867286e+01	2.430079e+02	3.083982e+02	3031	7.112133e-01	7.000000e-01	
3.084999e+02	3032	9.444140e+01	2.409560e+02	3.084999e+02	3032	7.184194e-01	7.000000e-01	
3.086017e+02	3033	9.078133e+01	2.162307e+02	3.086017e+02	3033	7.043069e-01	7.000000e-01	
3.087034e+02	3034	8.415610e+01	2.293758e+02	3.087034e+02	3034	7.315868e-01	7.000000e-01	
3.088052e+02	3035	1.409049e+02	2.235231e+02	3.088052e+02	3035	6.133533e-01	7.000000e-01	
3.089069e+02	3036	8.393739e+01	2.354267e+02	3.089069e+02	3036	7.371734e-01	7.000000e-01	
3.090087e+02	3037	9.221793e+01	2.553898e+02	3.090087e+02	3037	7.347069e-01	7.000000e-01	
3.091104e+02	3038	9.719150e+01	2.322302e+02	3.091104e+02	3038	7.049633e-01	7.000000e-01	
3.092122e+02	3039	9.365970e+01	2.414479e+02	3.092122e+02	3039	7.205086e-01	7.000000e-01	
3.093139e+02	3040	9.399779e+01	2.504571e+02	3.093139e+02	3040	7.271115e-01	7.000000e-01	
3.094157e+02	3041	8.978927e+01	2.436365e+02	3.094157e+02	3041	7.307069e-01	7.000000e-01	
3.095174e+02	3042	9.559580e+01	2.604565e+02	3.095174e+02	3042	7.315119e-01	7.000000e-01	
3.096192e+02	3043	1.040700e+02	2.592817e+02	3.096192e+02	3043	7.135833e-01	7.000000e-01	
3.097209e+02	3044	8.800855e+01	2.558328e+02	3.097209e+02	3044	7.440431e-01	7.000000e-01	
3.098227e+02	3045	8.457516e+01	2.473350e+02	3.098227e+02	3045	7.451866e-01	7.000000e-01	
3.099244e+02	3046	7.961832e+01	2.431801e+02	3.099244e+02	3046	7.533497e-01	7.000000e-01	
3.100262e+02	3047	9.626991e+01	2.492426e+02	3.100262e+02	3047	7.213707e-01	7.000000e-01	
3.101279e+02	3048	8.933007e+01	2.468514e+02	3.101279e+02	3048	7.342802e-01	7.000000e-01	
3.102297e+02	3049	8.772071e+01	2.429799e+02	3.102297e+02	3049	7.347428e-01	7.000000e-01	
3.103314e+02	3050	9.277270e+01	2.414296e+02	3.103314e+02	3050	7.224056e-01	7.000000e-01	
3.104331e+02	3051	9.548038e+01	2.732855e+02	3.104331e+02	3051	7.410813e-01	7.000000e-01	
3.105349e+02	3052	9.344768e+01	2.618026e+02	3.105349e+02	3052	7.369526e-01	7.000000e-01	
3.106366e+02	3053	8.805675e+01	2.707837e+02	3.106366e+02	3053	7.546075e-01	7.000000e-01	
3.107384e+02	3054	1.089814e+02	2.841879e+02	3.107384e+02	3054	7.228130e-01	7.000000e-01	
3.108401e+02	3055	9.647713e+01	2.499179e+02	3.108401e+02	3055	7.214823e-01	7.000000e-01	
3.109419e+02	3056	1.045953e+02	2.228694e+02	3.109419e+02	3056	6.805906e-01	7.000000e-01	
3.110436e+02	3057	9.049986e+01	2.923083e+02	3.110436e+02	3057	7.635895e-01	7.000000e-01	
3.111454e+02	3058	9.886265e+01	2.074639e+02	3.111454e+02	3058	6.772639e-01	7.000000e-01	
3.112471e+02	3059	1.029373e+02	2.056711e+02	3.112471e+02	3059	6.664469e-01	7.000000e-01	
3.113489e+02	3060	9.941963e+01	2.432506e+02	3.113489e+02	3060	7.098679e-01	7.000000e-01	
3.114506e+02	3061	9.561122e+01	2.030391e+02	3.114506e+02	3061	6.798556e-01	7.000000e-01	
3.115524e+02	3062	1.000501e+02	2.040572e+02	3.115524e+02	3062	6.710040e-01	7.000000e-01	
3.116541e+02	3063	8.736972e+01	2.552493e+02	3.116541e+02	3063	7.449945e-01	7.000000e-01	
3.117559e+02	3064	1.017258e+02	2.384252e+02	3.117559e+02	3064	7.009393e-01	7.000000e-01	
3.118576e+02	3065	8.764088e+01	2.533174e+02	3.118576e+02	3065	7.429572e-01	7.000000e-01	
3.119594e+02	3066	8.017791e+01	2.576553e+02	3.119594e+02	3066	7.626701e-01	7.000000e-01	
3.120611e+02	3067	1.005472e+02	2.635563e+02	3.120611e+02	3067	7.238499e-01	7.000000e-01	
3.121629e+02	3068	8.868204e+01	2.551913e+02	3.121629e+02	3068	7.421084e-01	7.000000e-01	
3.122646e+02	3069	5.733651e+01	2.388412e+02	3.122646e+02	3069	8.064118e-01	7.000000e-01	
3.123664e+02	3070	9.018168e+01	2.317005e+02	3.123664e+02	3070	7.198302e-01	7.000000e-01	
3.124681e+02	3071	6.658701e+01	2.606452e+02	3.124681e+02	3071	7.965145e-01	7.000000e-01	
3.125699e+02	3072	8.713623e+01	2.323952e+02	3.125699e+02	3072	7.273000e-01	7.000000e-01	
3.126716e+02	3073	8.367588e+01	2.335174e+02	3.126716e+02	3073	7.361991e-01	7.000000e-01	
3.127734e+02	3074	7.523554e+01	2.034549e+02	3.127734e+02	3074	7.300390e-01	7.000000e-01	
3.128751e+02	3075	8.575284e+01	2.024588e+02	3.128751e+02	3075	7.024657e-01	7.000000e-01	
3.129768e+02	3076	8.774986e+01	2.236095e+02	3.129768e+02	3076	7.181718e-01	7.000000e-01	
3.130786e+02	3077	7.700104e+01	2.114630e+02	3.130786e+02	3077	7.330654e-01	7.000000e-01	
3.131803e+02	3078	7.754980e+01	2.340737e+02	3.131803e+02	3078	7.511426e-01	7.000000e-01	
3.132821e+02	3079	5.565025e+01	1.863479e+02	3.132821e+02	3079	7.700385e-01	7.000000e-01	
3.133838e+02	3080	7.995871e+01	2.024041e+02	3.133838e+02	3080	7.168228e-01	7.000000e-01	
3.134856e+02	3081	7.339547e+01	2.388122e+02	3.134856e+02	3081	7.649146e-01	7.000000e-01	
3.135873e+02	3082	7.521941e+01	2.028602e+02	3.135873e+02	3082	7.295040e-01	7.000000e-01	
3.136891e+02	3083	9.474577e+01	2.489104e+02	3.136891e+02	3083	7.243007e-01	7.000000e-01	
3.137908e+02	3084	6.979161e+01	2.207346e+02	3.137908e+02	3084	7.597752e-01	7.000000e-01	
3.138926e+02	3085	8.101203e+01	2.404481e+02	3.138926e+02	3085	7.479873e-01	7.000000e-01	
3.139943e+02	3086	7.491019e+01	2.654479e+02	3.139943e+02	3086	7.799077e-01	7.000000e-01	
3.140961e+02	3087	8.793029e+01	2.444437e+02	3.140961e+02	3087	7.354477e-01	7.000000e-01	
3.141978e+02	3088	8.497482e+01	2.424777e+02	3.141978e+02	3088	7.404973e-01	7.000000e-01	
3.142996e+02	3089	8.435067e+01	2.168222e+02	3.142996e+02	3089	7.199261e-01	7.000000e-01	
3.144013e+02	3090	8.031067e+01	2.601448e+02	3.144013e+02	3090	7.641082e-01	7.000000e-01	
3.145031e+02	3091	7.974092e+01	2.583124e+02	3.145031e+02	3091	7.641173e-01	7.000000e-01	
3.146048e+02	3092	6.924920e+01	2.267781e+02	3.146048e+02	3092	7.660716e-01	7.000000e-01	
3.147066e+02	3093	4.647747e+01	2.242200e+02	3.147066e+02	3093	8.283047e-01	7.000000e-01	
3.148083e+02	3094	8.877503e+01	2.214901e+02	3.148083e+02	3094	7.138736e-01	7.000000e-01	
3.149101e+02	3095	8.805786e+01	2.391800e+02	3.149101e+02	3095	7.309056e-01	7.000000e-01	
3.150118e+02	3096	9.562362e+01	2.416469e+02	3.150118e+02	3096	7.164780e-01	7.000000e-01	
3.151136e+02	3097	8.988824e+01	2.242787e+02	3.151136e+02	3097	7.138838e-01	7.000000e-01	
3.152153e+02	3098	9.667408e+01	2.264742e+02	3.152153e+02	3098	7.008368e-01	7.000000e-01	
3.153171e+02	3099	8.730390e+01	2.089936e+02	3.153171e+02	3099	7.053505e-01	7.000000e-01	
3.154188e+02	3100	9.703088e+01	2.358795e+02	3.154188e+02	3100	7.085375e-01	7.000000e-01	
3.155205e+02	3101	8.764236e+01	2.268163e+02	3.155205e+02	3101	7.212913e-01	7.000000e-01	
3.156223e+02	3102	1.095106e+02	2.318736e+02	3.156223e+02	3102	6.792160e-01	7.000000e-01	
3.157240e+02	3103	1.017637e+02	2.613366e+02	3.157240e+02	3103	7.197367e-01	7.000000e-01	
3.158258e+02	3104	1.027242e+02	2.404112e+02	3.158258e+02	3104	7.006307e-01	7.000000e-01	
3.159275e+02	3105	9.553603e+01	2.669987e+02	3.159275e+02	3105	7.364776e-01	7.000000e-01	
3.160293e+02	3106	9.939479e+01	2.345218e+02	3.160293e+02	3106	7.023365e-01	7.000000e-01	
3.161310e+02	3107	1.094055e+02	2.369847e+02	3.161310e+02	3107	6.841553e-01	7.000000e-01	
3.162328e+02	3108	7.829325e+01	2.697015e+02	3.162328e+02	3108	7.750160e-01	7.000000e-01	
3.163345e+02	3109	1.051827e+02	2.500870e+02	3.163345e+02	3109	7.039356e-01	7.000000e-01	
3.164363e+02	3110	1.184066e+02	2.412626e+02	3.164363e+02	3110	6.707903e-01	7.000000e-01	
3.165380e+02	3111	8.281117e+01	2.622273e+02	3.165380e+02	3111	7.599944e-01	7.000000e-01	
3.166398e+02	3112	6.308434e+01	2.956209e+02	3.166398e+02	3112	8.241332e-01	7.000000e-01	
3.167415e+02	3113	1.029661e+02	2.615203e+02	3.167415e+02	3113	7.175036e-01	7.000000e-01	
3.168433e+02	3114	9.676697e+01	2.301214e+02	3.168433e+02	3114	7.039755e-01	7.000000e-01	
3.169450e+02	3115	8.639908e+01	2.464935e+02	3.169450e+02	3115	7.404596e-01	7.000000e-01	
3.170468e+02	3116	8.202569e+01	2.730224e+02	3.170468e+02	3116	7.689730e-01	7.000000e-01	
3.171485e+02	3117	9.565557e+01	2.180648e+02	3.171485e+02	3117	6.950929e-01	7.000000e-01	
3.172503e+02	3118	8.922995e+01	2.306084e+02	3.172503e+02	3118	7.210155e-01	7.000000e-01	
3.173520e+02	3119	8.933619e+01	2.513599e+02	3.173520e+02	3119	7.377833e-01	7.000000e-01	
3.174538e+02	3120	8.688448e+01	2.536166e+02	3.174538e+02	3120	7.448335e-01	7.000000e-01	
3.175555e+02	3121	8.250359e+01	2.595675e+02	3.175555e+02	3121	7.588116e-01	7.000000e-01	
3.176573e+02	3122	9.092621e+01	2.432197e+02	3.176573e+02	3122	7.278847e-01	7.000000e-01	
3.177590e+02	3123	9.056048e+01	2.329715e+02	3.177590e+02	3123	7.200880e-01	7.000000e-01	
3.178608e+02	3124	9.474372e+01	2.516947e+02	3.178608e+02	3124	7.265207e-01	7.000000e-01	
3.179625e+02	3125	8.108715e+01	2.671083e+02	3.179625e+02	3125	7.671217e-01	7.000000e-01	
3.180642e+02	3126	8.129880e+01	2.597339e+02	3.180642e+02	3126	7.616100e-01	7.000000e-01	
3.181660e+02	3127	8.658523e+01	2.709578e+02	3.181660e+02	3127	7.578327e-01	7.000000e-01	
3.182677e+02	3128	9.651886e+01	2.363429e+02	3.182677e+02	3128	7.100332e-01	7.000000e-01	
3.183695e+02	3129	9.239241e+01	2.425534e+02	3.183695e+02	3129	7.241571e-01	7.000000e-01	
3.184712e+02	3130	9.085620e+01	2.436781e+02	3.184712e+02	3130	7.284099e-01	7.000000e-01	
3.185730e+02	3131	9.960843e+01	2.236682e+02	3.185730e+02	3131	6.918787e-01	7.000000e-01	
3.186747e+02	3132	9.000468e+01	2.482874e+02	3.186747e+02	3132	7.339439e-01	7.000000e-01	
3.187765e+02	3133	8.513817e+01	2.257144e+02	3.187765e+02	3133	7.261140e-01	7.000000e-01	
3.188782e+02	3134	8.409385e+01	2.134514e+02	3.188782e+02	3134	7.173746e-01	7.000000e-01	
3.189800e+02	3135	9.970226e+01	2.253113e+02	3.189800e+02	3135	6.932366e-01	7.000000e-01	
3.190817e+02	3136	9.009894e+01	2.124870e+02	3.190817e+02	3136	7.022369e-01	7.000000e-01	
3.191835e+02	3137	7.872006e+01	2.792273e+02	3.191835e+02	3137	7.800792e-01	7.000000e-01	
3.192852e+02	3138	9.092885e+01	1.898544e+02	3.192852e+02	3138	6.761600e-01	7.000000e-01	
3.193870e+02	3139	9.010343e+01	2.280103e+02	3.193870e+02	3139	7.167572e-01	7.000000e-01	
3.194887e+02	3140	6.514858e+01	1.983230e+02	3.194887e+02	3140	7.527301e-01	7.000000e-01	
3.195905e+02	3141	9.302423e+01	2.057236e+02	3.195905e+02	3141	6.886196e-01	7.000000e-01	
3.196922e+02	3142	8.917664e+01	2.302787e+02	3.196922e+02	3142	7.208479e-01	7.000000e-01	
3.197940e+02	3143	6.421019e+01	1.961879e+02	3.197940e+02	3143	7.534153e-01	7.000000e-01	
3.198957e+02	3144	8.748810e+01	2.412770e+02	3.198957e+02	3144	7.338887e-01	7.000000e-01	
3.199975e+02	3145	7.610856e+01	2.443823e+02	3.199975e+02	3145	7.625250e-01	7.000000e-01	
3.200992e+02	3146	8.354165e+01	2.367632e+02	3.200992e+02	3146	7.391808e-01	7.000000e-01	
3.202010e+02	3147	8.225752e+01	2.423939e+02	3.202010e+02	3147	7.466282e-01	7.000000e-01	
3.203027e+02	3148	9.977427e+01	2.282767e+02	3.203027e+02	3148	6.958574e-01	7.000000e-01	
3.204045e+02	3149	8.403140e+01	2.471948e+02	3.204045e+02	3149	7.463021e-01	7.000000e-01	
3.205062e+02	3150	9.744881e+01	2.724505e+02	3.205062e+02	3150	7.365531e-01	7.000000e-01	
3.206079e+02	3151	8.949005e+01	2.436865e+02	3.206079e+02	3151	7.314035e-01	7.000000e-01	
3.207097e+02	3152	7.999791e+01	2.766977e+02	3.207097e+02	3152	7.757250e-01	7.000000e-01	
3.208114e+02	3153	9.095972e+01	2.551844e+02	3.208114e+02	3153	7.372201e-01	7.000000e-01	
3.209132e+02	3154	8.300790e+01	2.542799e+02	3.209132e+02	3154	7.538959e-01	7.000000e-01	
3.210149e+02	3155	7.919543e+01	2.672577e+02	3.210149e+02	3155	7.714108e-01	7.000000e-01	
3.211167e+02	3156	6.888537e+01	2.675328e+02	3.211167e+02	3156	7.952389e-01	7.000000e-01	
3.212184e+02	3157	9.259879e+01	2.749114e+02	3.212184e+02	3157	7.480375e-01	7.000000e-01	
3.213202e+02	3158	5.694116e+01	2.418587e+02	3.213202e+02	3158	8.094338e-01	7.000000e-01	
3.214219e+02	3159	8.113192e+01	2.323109e+02	3.214219e+02	3159	7.411588e-01	7.000000e-01	
3.215237e+02	3160	9.035447e+01	2.264136e+02	3.215237e+02	3160	7.147614e-01	7.000000e-01	
3.216254e+02	3161	7.879864e+01	2.733663e+02	3.216254e+02	3161	7.762451e-01	7.000000e-01	
3.217272e+02	3162	9.035595e+01	2.167766e+02	3.217272e+02	3162	7.058080e-01	7.000000e-01	
3.218289e+02	3163	8.520597e+01	2.065210e+02	3.218289e+02	3163	7.079256e-01	7.000000e-01	
3.219307e+02	3164	7.629373e+01	2.265178e+02	3.219307e+02	3164	7.480488e-01	7.000000e-01	
3.220324e+02	3165	8.105065e+01	2.059423e+02	3.220324e+02	3165	7.175866e-01	7.000000e-01	
3.221342e+02	3166	9.176854e+01	2.457704e+02	3.221342e+02	3166	7.281246e-01	7.000000e-01	
3.222359e+02	3167	8.282220e+01	2.105748e+02	3.222359e+02	3167	7.177129e-01	7.000000e-01	
3.223377e+02	3168	9.926577e+01	2.227198e+02	3.223377e+02	3168	6.917074e-01	7.000000e-01	
3.224394e+02	3169	1.132711e+02	2.723842e+02	3.224394e+02	3169	7.062893e-01	7.000000e-01	
3.225412e+02	3170	8.716879e+01	2.126408e+02	3.225412e+02	3170	7.092528e-01	7.000000e-01	
3.226429e+02	3171	8.053151e+01	2.364530e+02	3.226429e+02	3171	7.459450e-01	7.000000e-01	
3.227447e+02	3172	1.005916e+02	2.419281e+02	3.227447e+02	3172	7.063188e-01	7.000000e-01	
3.228464e+02	3173	8.746620e+01	2.447105e+02	3.228464e+02	3173	7.366877e-01	7.000000e-01	
3.229482e+02	3174	4.538385e+01	2.385395e+02	3.229482e+02	3174	8.401546e-01	7.000000e-01	
3.230499e+02	3175	9.100378e+01	2.451207e+02	3.230499e+02	3175	7.292557e-01	7.000000e-01	
3.231516e+02	3176	8.863225e+01	2.446628e+02	3.231516e+02	3176	7.340727e-01	7.000000e-01	
3.232534e+02	3177	8.638903e+01	2.356620e+02	3.232534e+02	3177	7.317536e-01	7.000000e-01	
3.233551e+02	3178	8.800493e+01	2.421972e+02	3.233551e+02	3178	7.334816e-01	7.000000e-01	
3.234569e+02	3179	8.144039e+01	2.343512e+02	3.234569e+02	3179	7.421072e-01	7.000000e-01	
3.235586e+02	3180	8.367499e+01	2.366970e+02	3.235586e+02	3180	7.388193e-01	7.000000e-01	
3.236604e+02	3181	8.728693e+01	2.113896e+02	3.236604e+02	3181	7.077543e-01	7.000000e-01	
3.237621e+02	3182	8.202289e+01	2.500936e+02	3.237621e+02	3182	7.530298e-01	7.000000e-01	
3.238639e+02	3183	8.640854e+01	2.172157e+02	3.238639e+02	3183	7.154096e-01	7.000000e-01	
3.239656e+02	3184	6.738389e+01	2.208343e+02	3.239656e+02	3184	7.662053e-01	7.000000e-01	
3.240674e+02	3185	8.847998e+01	2.332612e+02	3.240674e+02	3185	7.249964e-01	7.000000e-01	
3.241691e+02	3186	6.389394e+01	2.455449e+02	3.241691e+02	3186	7.935167e-01	7.000000e-01	
3.242709e+02	3187	6.581581e+01	2.201627e+02	3.242709e+02	3187	7.698575e-01	7.000000e-01	
3.243726e+02	3188	9.526459e+01	2.433204e+02	3.243726e+02	3188	7.186391e-01	7.000000e-01	
3.244744e+02	3189	7.891473e+01	2.456358e+02	3.244744e+02	3189	7.568492e-01	7.000000e-01	
3.245761e+02	3190	9.869986e+01	2.197916e+02	3.245761e+02	3190	6.901020e-01	7.000000e-01	
3.246779e+02	3191	1.022888e+02	2.429834e+02	3.246779e+02	3191	7.037445e-01	7.000000e-01	
3.247796e+02	3192	8.226785e+01	2.357514e+02	3.247796e+02	3192	7.413117e-01	7.000000e-01	
3.248814e+02	3193	8.183332e+01	2.449661e+02	3.248814e+02	3193	7.495916e-01	7.000000e-01	
3.249831e+02	3194	8.568669e+01	2.537334e+02	3.249831e+02	3194	7.475497e-01	7.000000e-01	
3.250849e+02	3195	7.836418e+01	2.480629e+02	3.250849e+02	3195	7.599336e-01	7.000000e-01	
3.251866e+02	3196	8.079956e+01	2.456884e+02	3.251866e+02	3196	7.525190e-01	7.000000e-01	
3.252884e+02	3197	8.052942e+01	2.390271e+02	3.252884e+02	3197	7.479963e-01	7.000000e-01	
3.253901e+02	3198	7.083094e+01	2.368070e+02	3.253901e+02	3198	7.697588e-01	7.000000e-01	
3.254919e+02	3199	8.011110e+01	2.537317e+02	3.254919e+02	3199	7.600335e-01	7.000000e-01	
3.255936e+02	3200	8.074183e+01	2.403960e+02	3.255936e+02	3200	7.485758e-01	7.000000e-01	
3.256953e+02	3201	7.352307e+01	2.564694e+02	3.256953e+02	3201	7.771977e-01	7.000000e-01	
3.257971e+02	3202	8.019790e+01	2.331597e+02	3.257971e+02	3202	7.440691e-01	7.000000e-01	
3.258988e+02	3203	8.004679e+01	2.625113e+02	3.258988e+02	3203	7.663264e-01	7.000000e-01	
3.260006e+02	3204	7.327314e+01	2.100156e+02	3.260006e+02	3204	7.413482e-01	7.000000e-01	
3.261023e+02	3205	6.924898e+01	2.420366e+02	3.261023e+02	3205	7.775387e-01	7.000000e-01	
3.262041e+02	3206	5.623577e+01	2.144379e+02	3.262041e+02	3206	7.922378e-01	7.000000e-01	
3.263058e+02	3207	7.623840e+01	2.382714e+02	3.263058e+02	3207	7.575961e-01	7.000000e-01	
3.264076e+02	3208	7.037098e+01	2.319076e+02	3.264076e+02	3208	7.671983e-01	7.000000e-01	
3.265093e+02	3209	1.177911e+02	2.196418e+02	3.265093e+02	3209	6.509199e-01	7.000000e-01	
3.266111e+02	3210	9.891921e+01	2.299204e+02	3.266111e+02	3210	6.991871e-01	7.000000e-01	
3.267128e+02	3211	1.342431e+02	2.182471e+02	3.267128e+02	3211	6.191579e-01	7.000000e-01	
3.268146e+02	3212	1.165758e+02	2.173571e+02	3.268146e+02	3212	6.509005e-01	7.000000e-01	
3.269163e+02	3213	1.256448e+02	2.425834e+02	3.269163e+02	3213	6.587855e-01	7.000000e-01	
3.270181e+02	3214	5.597021e+01	2.600037e+02	3.270181e+02	3214	8.228645e-01	7.000000e-01	
3.271198e+02	3215	7.285660e+01	2.579272e+02	3.271198e+02	3215	7.797456e-01	7.000000e-01	
3.272216e+02	3216	6.679984e+01	2.213084e+02	3.272216e+02	3216	7.681433e-01	7.000000e-01	
3.273233e+02	3217	1.007568e+02	2.227859e+02	3.273233e+02	3217	6.885827e-01	7.000000e-01	
3.274251e+02	3218	8.836784e+01	2.314766e+02	3.274251e+02	3218	7.237162e-01	7.000000e-01	
3.275268e+02	3219	9.801809e+01	2.281473e+02	3.275268e+02	3219	6.994835e-01	7.000000e-01	
3.276286e+02	3220	1.297988e+02	2.146729e+02	3.276286e+02	3220	6.231946e-01	7.000000e-01	
3.277303e+02	3221	9.117226e+01	2.477713e+02	3.277303e+02	3221	7.310105e-01	7.000000e-01	
3.278321e+02	3222	8.451916e+01	2.175714e+02	3.278321e+02	3222	7.202191e-01	7.000000e-01	
3.279338e+02	3223	8.605177e+01	2.776716e+02	3.279338e+02	3223	7.634142e-01	7.000000e-01	
3.280356e+02	3224	7.928867e+01	2.631039e+02	3.280356e+02	3224	7.684276e-01	7.000000e-01	
3.281373e+02	3225	9.106344e+01	2.873738e+02	3.281373e+02	3225	7.593698e-01	7.000000e-01	
3.282390e+02	3226	9.351819e+01	2.286196e+02	3.282390e+02	3226	7.096951e-01	7.000000e-01	
3.283408e+02	3227	7.269399e+01	2.238867e+02	3.283408e+02	3227	7.548930e-01	7.000000e-01	
3.284425e+02	3228	8.605623e+01	2.777710e+02	3.284425e+02	3228	7.634695e-01	7.000000e-01	
3.285443e+02	3229	8.895290e+01	2.606970e+02	3.285443e+02	3229	7.455944e-01	7.000000e-01	
3.286460e+02	3230	7.902160e+01	2.198978e+02	3.286460e+02	3230	7.356425e-01	7.000000e-01	
3.287478e+02	3231	8.390587e+01	2.509451e+02	3.287478e+02	3231	7.494232e-01	7.000000e-01	
3.288495e+02	3232	8.273243e+01	1.996450e+02	3.288495e+02	3232	7.070147e-01	7.000000e-01	
3.289513e+02	3233	7.013932e+01	2.107897e+02	3.289513e+02	3233	7.503308e-01	7.000000e-01	
3.290530e+02	3234	7.487284e+01	2.442164e+02	3.290530e+02	3234	7.653545e-01	7.000000e-01	
3.291548e+02	3235	9.170771e+01	2.160050e+02	3.291548e+02	3235	7.019697e-01	7.000000e-01	
3.292565e+02	3236	6.956415e+01	2.256246e+02	3.292565e+02	3236	7.643401e-01	7.000000e-01	
3.293583e+02	3237	9.834352e+01	2.279136e+02	3.293583e+02	3237	6.985705e-01	7.000000e-01	
3.294600e+02	3238	8.371974e+01	2.319172e+02	3.294600e+02	3238	7.347594e-01	7.000000e-01	
3.295618e+02	3239	8.062805e+01	2.199028e+02	3.295618e+02	3239	7.317146e-01	7.000000e-01	
3.296635e+02	3240	9.678724e+01	2.107851e+02	3.296635e+02	3240	6.853188e-01	7.000000e-01	
3.297653e+02	3241	9.003718e+01	2.115145e+02	3.297653e+02	3241	7.014204e-01	7.000000e-01	
3.298670e+02	3242	9.885260e+01	2.277501e+02	3.298670e+02	3242	6.973307e-01	7.000000e-01	
3.299688e+02	3243	6.063713e+01	2.708619e+02	3.299688e+02	3243	8.170820e-01	7.000000e-01	
3.300705e+02	3244	7.123925e+01	2.581548e+02	3.300705e+02	3244	7.837264e-01	7.000000e-01	
3.301723e+02	3245	7.521262e+01	2.496520e+02	3.301723e+02	3245	7.684801e-01	7.000000e-01	
3.302740e+02	3246	6.610786e+01	2.602985e+02	3.302740e+02	3246	7.974676e-01	7.000000e-01	
3.303758e+02	3247	5.005934e+01	2.773111e+02	3.303758e+02	3247	8.470866e-01	7.000000e-01	
3.304775e+02	3248	9.007501e+01	2.397682e+02	3.304775e+02	3248	7.269157e-01	7.000000e-01	
3.305793e+02	3249	1.246453e+02	2.754083e+02	3.305793e+02	3249	6.884285e-01	7.000000e-01	
3.306810e+02	3250	1.063041e+02	2.337685e+02	3.306810e+02	3250	6.874076e-01	7.000000e-01	
3.307827e+02	3251	9.836850e+01	2.450562e+02	3.307827e+02	3251	7.135660e-01	7.000000e-01	
3.308845e+02	3252	8.817457e+01	2.460915e+02	3.308845e+02	3252	7.362144e-01	7.000000e-01	
3.309862e+02	3253	9.054248e+01	2.403164e+02	3.309862e+02	3253	7.263411e-01	7.000000e-01	
3.310880e+02	3254	8.700717e+01	2.223615e+02	3.310880e+02	3254	7.187589e-01	7.000000e-01	
3.311897e+02	3255	8.835217e+01	2.262857e+02	3.311897e+02	3255	7.191941e-01	7.000000e-01	
3.312915e+02	3256	9.340312e+01	2.305414e+02	3.312915e+02	3256	7.116694e-01	7.000000e-01	
3.313932e+02	3257	8.511202e+01	2.192399e+02	3.313932e+02	3257	7.203500e-01	7.000000e-01	
3.314950e+02	3258	9.323830e+01	2.278150e+02	3.314950e+02	3258	7.095862e-01	7.000000e-01	
3.315967e+02	3259	9.259652e+01	2.523448e+02	3.315967e+02	3259	7.315586e-01	7.000000e-01	
3.316985e+02	3260	1.023378e+02	2.416935e+02	3.316985e+02	3260	7.025335e-01	7.000000e-01	
3.318002e+02	3261	9.214244e+01	2.303291e+02	3.318002e+02	3261	7.142618e-01	7.000000e-01	
3.319020e+02	3262	1.031857e+02	2.328354e+02	3.319020e+02	3262	6.929190e-01	7.000000e-01	
3.320037e+02	3263	9.634635e+01	2.321849e+02	3.320037e+02	3263	7.067361e-01	7.000000e-01	
3.321055e+02	3264	8.891128e+01	2.382188e+02	3.321055e+02	3264	7.282082e-01	7.000000e-01	
3.322072e+02	3265	1.084368e+02	2.334546e+02	3.322072e+02	3265	6.828326e-01	7.000000e-01	
3.323090e+02	3266	8.208200e+01	2.421831e+02	3.323090e+02	3266	7.468676e-01	7.000000e-01	
3.324107e+02	3267	9.190103e+01	2.366501e+02	3.324107e+02	3267	7.202839e-01	7.000000e-01	
3.325125e+02	3268	9.603745e+01	2.253250e+02	3.325125e+02	3268	7.011553e-01	7.000000e-01	
3.326142e+02	3269	9.421625e+01	2.195561e+02	3.326142e+02	3269	6.997306e-01	7.000000e-01	
3.327160e+02	3270	7.205694e+01	2.201547e+02	3.327160e+02	3270	7.534084e-01	7.000000e-01	
3.328177e+02	3271	8.873111e+01	2.311657e+02	3.328177e+02	3271	7.226258e-01	7.000000e-01	
3.329195e+02	3272	9.599717e+01	2.371007e+02	3.329195e+02	3272	7.118049e-01	7.000000e-01	
3.330212e+02	3273	7.404929e+01	2.196078e+02	3.330212e+02	3273	7.478376e-01	7.000000e-01	
3.331230e+02	3274	8.620432e+01	2.407261e+02	3.331230e+02	3274	7.363221e-01	7.000000e-01	
3.332247e+02	3275	9.442336e+01	2.242551e+02	3.332247e+02	3275	7.037034e-01	7.000000e-01	
3.333264e+02	3276	9.360041e+01	2.428433e+02	3.333264e+02	3276	7.217947e-01	7.000000e-01	
3.334282e+02	3277	9.668967e+01	1.987595e+02	3.334282e+02	3277	6.727367e-01	7.000000e-01	
3.335299e+02	3278	8.988362e+01	2.532099e+02	3.335299e+02	3278	7.380201e-01	7.000000e-01	
3.336317e+02	3279	8.921112e+01	2.569208e+02	3.336317e+02	3279	7.422627e-01	7.000000e-01	
3.337334e+02	3280	8.608999e+01	2.269338e+02	3.337334e+02	3280	7.249730e-01	7.000000e-01	
3.338352e+02	3281	1.030386e+02	2.526873e+02	3.338352e+02	3281	7.103427e-01	7.000000e-01	
3.339369e+02	3282	1.062542e+02	2.533588e+02	3.339369e+02	3282	7.045318e-01	7.000000e-01	
3.340387e+02	3283	9.565088e+01	2.385743e+02	3.340387e+02	3283	7.138131e-01	7.000000e-01	
3.341404e+02	3284	9.060703e+01	2.751800e+02	3.341404e+02	3284	7.522957e-01	7.000000e-01	
3.342422e+02	3285	1.053280e+02	2.580560e+02	3.342422e+02	3285	7.101468e-01	7.000000e-01	
3.343439e+02	3286	8.963767e+01	2.420425e+02	3.343439e+02	3286	7.297467e-01	7.000000e-01	
3.344457e+02	3287	9.338010e+01	2.395173e+02	3.344457e+02	3287	7.194929e-01	7.000000e-01	
3.345474e+02	3288	9.078651e+01	2.517286e+02	3.345474e+02	3288	7.349416e-01	7.000000e-01	
3.346492e+02	3289	9.573484e+01	2.479327e+02	3.346492e+02	3289	7.214318e-01	7.000000e-01	
3.347509e+02	3290	7.839395e+01	2.444111e+02	3.347509e+02	3290	7.571477e-01	7.000000e-01	
3.348527e+02	3291	7.295588e+01	2.432617e+02	3.348527e+02	3291	7.692858e-01	7.000000e-01	
3.349544e+02	3292	9.736144e+01	2.482985e+02	3.349544e+02	3292	7.183317e-01	7.000000e-01	
3.350562e+02	3293	7.678917e+01	2.605641e+02	3.350562e+02	3293	7.723776e-01	7.000000e-01	
3.351579e+02	3294	7.598035e+01	2.393281e+02	3.351579e+02	3294	7.590285e-01	7.000000e-01	
3.352597e+02	3295	6.582536e+01	2.429236e+02	3.352597e+02	3295	7.867997e-01	7.000000e-01	
3.353614e+02	3296	9.132522e+01	2.424957e+02	3.353614e+02	3296	7.264245e-01	7.000000e-01	
3.354632e+02	3297	7.428637e+01	2.080183e+02	3.354632e+02	3297	7.368575e-01	7.000000e-01	
3.355649e+02	3298	7.361756e+01	2.459772e+02	3.355649e+02	3298	7.696534e-01	7.000000e-01	
3.356667e+02	3299	8.369996e+01	2.168665e+02	3.356667e+02	3299	7.215259e-01	7.000000e-01	
3.357684e+02	3300	8.669575e+01	2.198680e+02	3.357684e+02	3300	7.172016e-01	7.000000e-01	
3.358701e+02	3301	1.052502e+02	1.931537e+02	3.358701e+02	3301	6.472895e-01	7.000000e-01	
3.359719e+02	3302	7.807990e+01	1.811612e+02	3.359719e+02	3302	6.988136e-01	7.000000e-01	
3.360736e+02	3303	9.759891e+01	2.103117e+02	3.360736e+02	3303	6.830284e-01	7.000000e-01	
3.361754e+02	3304	7.298687e+01	2.250038e+02	3.361754e+02	3304	7.550699e-01	7.000000e-01	
3.362771e+02	3305	9.078235e+01	2.158752e+02	3.362771e+02	3305	7.039618e-01	7.000000e-01	
3.363789e+02	3306	7.467226e+01	2.025780e+02	3.363789e+02	3306	7.306684e-01	7.000000e-01	
3.364806e+02	3307	7.970348e+01	2.109890e+02	3.364806e+02	3307	7.258151e-01	7.000000e-01	
3.365824e+02	3308	9.697956e+01	1.775385e+02	3.365824e+02	3308	6.467279e-01	7.000000e-01	
3.366841e+02	3309	1.045086e+02	2.313877e+02	3.366841e+02	3309	6.888665e-01	7.000000e-01	
3.367859e+02	3310	7.287688e+01	2.176451e+02	3.367859e+02	3310	7.491519e-01	7.000000e-01	
3.368876e+02	3311	6.444419e+01	2.155505e+02	3.368876e+02	3311	7.698378e-01	7.000000e-01	
3.369894e+02	3312	7.648677e+01	2.473802e+02	3.369894e+02	3312	7.638328e-01	7.000000e-01	
3.370911e+02	3313	1.022709e+02	2.143117e+02	3.370911e+02	3313	6.769535e-01	7.000000e-01	
3.371929e+02	3314	8.134387e+01	2.709329e+02	3.371929e+02	3314	7.690910e-01	7.000000e-01	
3.372946e+02	3315	8.427053e+01	2.617948e+02	3.372946e+02	3315	7.564895e-01	7.000000e-01	
3.373964e+02	3316	7.697898e+01	2.491938e+02	3.373964e+02	3316	7.639932e-01	7.000000e-01	
3.374981e+02	3317	7.621797e+01	2.366290e+02	3.374981e+02	3317	7.563730e-01	7.000000e-01	
3.375999e+02	3318	9.647448e+01	2.784308e+02	3.375999e+02	3318	7.426697e-01	7.000000e-01	
3.377016e+02	3319	8.496412e+01	3.238126e+02	3.377016e+02	3319	7.921503e-01	7.000000e-01	
3.378034e+02	3320	8.999580e+01	2.934319e+02	3.378034e+02	3320	7.652861e-01	7.000000e-01	
3.379051e+02	3321	7.740934e+01	3.011936e+02	3.379051e+02	3321	7.955395e-01	7.000000e-01	
3.380069e+02	3322	1.035854e+02	2.333297e+02	3.380069e+02	3322	6.925475e-01	7.000000e-01	
3.381086e+02	3323	1.072184e+02	2.382006e+02	3.381086e+02	3323	6.895990e-01	7.000000e-01	
3.382104e+02	3324	1.125522e+02	2.558024e+02	3.382104e+02	3324	6.944461e-01	7.000000e-01	
3.383121e+02	3325	1.064740e+02	2.569307e+02	3.383121e+02	3325	7.070098e-01	7.000000e-01	
3.384138e+02	3326	8.944212e+01	2.880383e+02	3.384138e+02	3326	7.630549e-01	7.000000e-01	
3.385156e+02	3327	8.722696e+01	2.069395e+02	3.385156e+02	3327	7.034775e-01	7.000000e-01	
3.386173e+02	3328	1.038691e+02	2.269904e+02	3.386173e+02	3328	6.860628e-01	7.000000e-01	
3.387191e+02	3329	1.081842e+02	1.980325e+02	3.387191e+02	3329	6.467071e-01	7.000000e-01	
3.388208e+02	3330	1.057976e+02	2.396072e+02	3.388208e+02	3330	6.936997e-01	7.000000e-01	
3.389226e+02	3331	7.821896e+01	2.255928e+02	3.389226e+02	3331	7.425414e-01	7.000000e-01	
3.390243e+02	3332	8.162822e+01	2.447518e+02	3.390243e+02	3332	7.498982e-01	7.000000e-01	
3.391261e+02	3333	8.673038e+01	2.322661e+02	3.391261e+02	3333	7.281149e-01	7.000000e-01	
3.392278e+02	3334	8.393421e+01	2.169117e+02	3.392278e+02	3334	7.210060e-01	7.000000e-01	
3.393296e+02	3335	9.267560e+01	2.313677e+02	3.393296e+02	3335	7.140024e-01	7.000000e-01	
3.394313e+02	3336	8.410520e+01	2.171653e+02	3.394313e+02	3336	7.208316e-01	7.000000e-01	
3.395331e+02	3337	9.480621e+01	2.248179e+02	3.395331e+02	3337	7.033822e-01	7.000000e-01	
3.396348e+02	3338	9.547593e+01	2.160798e+02	3.396348e+02	3338	6.935510e-01	7.000000e-01	
3.397366e+02	3339	8.894533e+01	2.348869e+02	3.397366e+02	3339	7.253352e-01	7.000000e-01	
3.398383e+02	3340	9.379523e+01	2.194601e+02	3.398383e+02	3340	7.005790e-01	7.000000e-01	
3.399401e+02	3341	9.437234e+01	2.257765e+02	3.399401e+02	3341	7.052235e-01	7.000000e-01	
3.400418e+02	3342	9.022896e+01	2.338096e+02	3.400418e+02	3342	7.215487e-01	7.000000e-01	
3.401436e+02	3343	8.812368e+01	2.087860e+02	3.401436e+02	3343	7.031970e-01	7.000000e-01	
3.402453e+02	3344	1.002710e+02	2.095586e+02	3.402453e+02	3344	6.763673e-01	7.000000e-01	
3.403471e+02	3345	1.013482e+02	2.137181e+02	3.403471e+02	3345	6.783274e-01	7.000000e-01	
3.404488e+02	3346	9.537329e+01	2.057705e+02	3.404488e+02	3346	6.832965e-01	7.000000e-01	
3.405506e+02	3347	7.948378e+01	1.946230e+02	3.405506e+02	3347	7.100262e-01	7.000000e-01	
3.406523e+02	3348	9.958768e+01	2.128747e+02	3.406523e+02	3348	6.812811e-01	7.000000e-01	
3.407541e+02	3349	7.663916e+01	1.950622e+02	3.407541e+02	3349	7.179287e-01	7.000000e-01	
3.408558e+02	3350	8.079021e+01	2.084330e+02	3.408558e+02	3350	7.206648e-01	7.000000e-01	
3.409575e+02	3351	6.766613e+01	1.768176e+02	3.409575e+02	3351	7.232285e-01	7.000000e-01	
3.410593e+02	3352	7.572918e+01	2.135189e+02	3.410593e+02	3352	7.381861e-01	7.000000e-01	
3.411610e+02	3353	8.522111e+01	2.012617e+02	3.411610e+02	3353	7.025263e-01	7.000000e-01	
3.412628e+02	3354	7.957140e+01	2.142740e+02	3.412628e+02	3354	7.292066e-01	7.000000e-01	
3.413645e+02	3355	7.568488e+01	2.140107e+02	3.413645e+02	3355	7.387434e-01	7.000000e-01	
3.414663e+02	3356	7.595074e+01	2.037256e+02	3.414663e+02	3356	7.284334e-01	7.000000e-01	
3.415680e+02	3357	6.648379e+01	1.998979e+02	3.415680e+02	3357	7.504191e-01	7.000000e-01	
3.416698e+02	3358	8.480594e+01	2.116447e+02	3.416698e+02	3358	7.139290e-01	7.000000e-01	
3.417715e+02	3359	7.767366e+01	2.183567e+02	3.417715e+02	3359	7.376159e-01	7.000000e-01	
3.418733e+02	3360	7.235751e+01	2.182425e+02	3.418733e+02	3360	7.510065e-01	7.000000e-01	
3.419750e+02	3361	6.402561e+01	2.328903e+02	3.419750e+02	3361	7.843645e-01	7.000000e-01	
3.420768e+02	3362	9.195638e+01	2.638834e+02	3.420768e+02	3362	7.415793e-01	7.000000e-01	
3.421785e+02	3363	6.133055e+01	2.151207e+02	3.421785e+02	3363	7.781506e-01	7.000000e-01	
3.422803e+02	3364	8.330345e+01	2.772887e+02	3.422803e+02	3364	7.689815e-01	7.000000e-01	
3.423820e+02	3365	8.503357e+01	2.521254e+02	3.423820e+02	3365	7.477938e-01	7.000000e-01	
3.424838e+02	3366	3.971248e+01	2.245802e+02	3.424838e+02	3366	8.497405e-01	7.000000e-01	
3.425855e+02	3367	4.863551e+01	2.164145e+02	3.425855e+02	3367	8.165044e-01	7.000000e-01	
3.426873e+02	3368	5.554894e+01	2.112367e+02	3.426873e+02	3368	7.917844e-01	7.000000e-01	
3.427890e+02	3369	3.475310e+01	1.771550e+02	3.427890e+02	3369	8.359992e-01	7.000000e-01	
3.428908e+02	3370	8.402034e+01	2.304261e+02	3.428908e+02	3370	7.327992e-01	7.000000e-01	
3.429925e+02	3371	5.913319e+01	2.216183e+02	3.429925e+02	3371	7.893753e-01	7.000000e-01	
3.430943e+02	3372	6.226712e+01	2.131325e+02	3.430943e+02	3372	7.739027e-01	7.000000e-01	
3.431960e+02	3373	7.412080e+01	2.663683e+02	3.431960e+02	3373	7.823108e-01	7.000000e-01	
3.432978e+02	3374	6.404277e+01	2.259341e+02	3.432978e+02	3374	7.791452e-01	7.000000e-01	
3.433995e+02	3375	7.021011e+01	2.407668e+02	3.433995e+02	3375	7.742273e-01	7.000000e-01	
3.435012e+02	3376	9.702442e+01	2.193695e+02	3.435012e+02	3376	6.933430e-01	7.000000e-01	
3.436030e+02	3377	8.124057e+01	2.361071e+02	3.436030e+02	3377	7.440014e-01	7.000000e-01	
3.437047e+02	3378	1.135313e+02	2.321630e+02	3.437047e+02	3378	6.715847e-01	7.000000e-01	
3.438065e+02	3379	9.807549e+01	2.380387e+02	3.438065e+02	3379	7.082078e-01	7.000000e-01	
3.439082e+02	3380	9.597317e+01	2.157707e+02	3.439082e+02	3380	6.921410e-01	7.000000e-01	
3.440100e+02	3381	1.040763e+02	2.315239e+02	3.440100e+02	3381	6.898801e-01	7.000000e-01	
3.441117e+02	3382	9.909219e+01	2.311059e+02	3.441117e+02	3382	6.999008e-01	7.000000e-01	
3.442135e+02	3383	7.337038e+01	2.275631e+02	3.442135e+02	3383	7.561907e-01	7.000000e-01	
3.443152e+02	3384	1.190162e+02	2.413577e+02	3.443152e+02	3384	6.697425e-01	7.000000e-01	
3.444170e+02	3385	6.766613e+01	2.557537e+02	3.444170e+02	3385	7.907793e-01	7.000000e-01	
3.445187e+02	3386	8.184772e+01	2.249407e+02	3.445187e+02	3386	7.332112e-01	7.000000e-01	
3.446205e+02	3387	5.709396e+01	2.495157e+02	3.446205e+02	3387	8.137894e-01	7.000000e-01	
3.447222e+02	3388	6.369758e+01	2.417420e+02	3.447222e+02	3388	7.914560e-01	7.000000e-01	
3.448240e+02	3389	8.804905e+01	2.394680e+02	3.448240e+02	3389	7.311619e-01	7.000000e-01	
3.449257e+02	3390	1.014937e+02	2.294256e+02	3.449257e+02	3390	6.932977e-01	7.000000e-01	
3.450275e+02	3391	1.095819e+02	2.399369e+02	3.450275e+02	3391	6.864778e-01	7.000000e-01	
3.451292e+02	3392	1.125933e+02	2.578481e+02	3.451292e+02	3392	6.960564e-01	7.000000e-01	
3.452310e+02	3393	9.243744e+01	2.148391e+02	3.452310e+02	3393	6.991718e-01	7.000000e-01	
3.453327e+02	3394	9.788749e+01	2.318889e+02	3.453327e+02	3394	7.031701e-01	7.000000e-01	
3.454345e+02	3395	1.055138e+02	2.191247e+02	3.454345e+02	3395	6.749806e-01	7.000000e-01	
3.455362e+02	3396	1.063426e+02	2.221234e+02	3.455362e+02	3396	6.762447e-01	7.000000e-01	
3.456380e+02	3397	1.036261e+02	2.248629e+02	3.456380e+02	3397	6.845371e-01	7.000000e-01	
3.457397e+02	3398	9.795006e+01	2.201314e+02	3.457397e+02	3398	6.920598e-01	7.000000e-01	
3.458415e+02	3399	9.498682e+01	2.274896e+02	3.458415e+02	3399	7.054457e-01	7.000000e-01	
3.459432e+02	3400	9.939277e+01	2.014088e+02	3.459432e+02	3400	6.695736e-01	7.000000e-01	
3.460449e+02	3401	8.675265e+01	2.221528e+02	3.460449e+02	3401	7.191612e-01	7.000000e-01	
3.461467e+02	3402	9.356727e+01	2.041708e+02	3.461467e+02	3402	6.857397e-01	7.000000e-01	
3.462484e+02	3403	1.022928e+02	2.067913e+02	3.462484e+02	3403	6.690454e-01	7.000000e-01	
3.463502e+02	3404	8.794637e+01	2.366351e+02	3.463502e+02	3404	7.290469e-01	7.000000e-01	
3.464519e+02	3405	1.003425e+02	2.270173e+02	3.464519e+02	3405	6.934795e-01	7.000000e-01	
3.465537e+02	3406	8.515956e+01	2.258923e+02	3.465537e+02	3406	7.262207e-01	7.000000e-01	
3.466554e+02	3407	9.940287e+01	2.341009e+02	3.466554e+02	3407	7.019438e-01	7.000000e-01	
3.467572e+02	3408	8.467807e+01	2.271699e+02	3.467572e+02	3408	7.284636e-01	7.000000e-01	
3.468589e+02	3409	8.467607e+01	2.099402e+02	3.468589e+02	3409	7.125886e-01	7.000000e-01	
3.469607e+02	3410	1.138602e+02	2.732408e+02	3.469607e+02	3410	7.058644e-01	7.000000e-01	
3.470624e+02	3411	8.983078e+01	2.550954e+02	3.470624e+02	3411	7.395652e-01	7.000000e-01	
3.471642e+02	3412	9.203425e+01	1.976003e+02	3.471642e+02	3412	6.822401e-01	7.000000e-01	
3.472659e+02	3413	7.027616e+01	1.826809e+02	3.472659e+02	3413	7.221815e-01	7.000000e-01	
3.473677e+02	3414	1.336808e+02	2.443318e+02	3.473677e+02	3414	6.463589e-01	7.000000e-01	
3.474694e+02	3415	1.434448e+02	2.290865e+02	3.474694e+02	3415	6.149456e-01	7.000000e-01	
3.475712e+02	3416	1.113953e+02	2.598400e+02	3.475712e+02	3416	6.999334e-01	7.000000e-01	
3.476729e+02	3417	1.404651e+02	2.457590e+02	3.476729e+02	3417	6.363119e-01	7.000000e-01	
3.477747e+02	3418	6.890174e+01	2.881610e+02	3.477747e+02	3418	8.070318e-01	7.000000e-01	
3.478764e+02	3419	8.304899e+01	2.615686e+02	3.478764e+02	3419	7.590112e-01	7.000000e-01	
3.479782e+02	3420	8.459066e+01	2.801057e+02	3.479782e+02	3420	7.680518e-01	7.000000e-01	
3.480799e+02	3421	5.757624e+01	2.932618e+02	3.480799e+02	3421	8.358894e-01	7.000000e-01	
3.481817e+02	3422	9.862420e+01	2.750256e+02	3.481817e+02	3422	7.360518e-01	7.000000e-01	
3.482834e+02	3423	7.149949e+01	2.872124e+02	3.482834e+02	3423	8.006771e-01	7.000000e-01	
3.483852e+02	3424	8.769144e+01	2.456782e+02	3.483852e+02	3424	7.369543e-01	7.000000e-01	
3.484869e+02	3425	7.652963e+01	2.605607e+02	3.484869e+02	3425	7.729700e-01	7.000000e-01	
3.485886e+02	3426	7.227094e+01	2.159007e+02	3.485886e+02	3426	7.492087e-01	7.000000e-01	
3.486904e+02	3427	8.812445e+01	2.500639e+02	3.486904e+02	3427	7.394220e-01	7.000000e-01	
3.487921e+02	3428	9.194123e+01	2.409516e+02	3.487921e+02	3428	7.238113e-01	7.000000e-01	
3.488939e+02	3429	1.247718e+02	2.907055e+02	3.488939e+02	3429	6.996905e-01	7.000000e-01	
3.489956e+02	3430	1.066656e+02	2.795397e+02	3.489956e+02	3430	7.238111e-01	7.000000e-01	
3.490974e+02	3431	1.129038e+02	2.885283e+02	3.490974e+02	3431	7.187475e-01	7.000000e-01	
3.491991e+02	3432	9.409604e+01	2.707613e+02	3.491991e+02	3432	7.421018e-01	7.000000e-01	
3.493009e+02	3433	9.620088e+01	2.428633e+02	3.493009e+02	3433	7.162753e-01	7.000000e-01	
3.494026e+02	3434	1.008448e+02	2.677841e+02	3.494026e+02	3434	7.264327e-01	7.000000e-01	
3.495044e+02	3435	9.973290e+01	2.689412e+02	3.495044e+02	3435	7.294822e-01	7.000000e-01	
3.496061e+02	3436	8.238045e+01	2.199548e+02	3.496061e+02	3436	7.275195e-01	7.000000e-01	
3.497079e+02	3437	9.328103e+01	2.498024e+02	3.497079e+02	3437	7.281098e-01	7.000000e-01	
3.498096e+02	3438	7.502924e+01	1.997230e+02	3.498096e+02	3438	7.269204e-01	7.000000e-01	
3.499114e+02	3439	1.182718e+02	2.654391e+02	3.499114e+02	3439	6.917685e-01	7.000000e-01	
3.500131e+02	3440	8.949207e+01	2.551258e+02	3.500131e+02	3440	7.403151e-01	7.000000e-01	
3.501149e+02	3441	8.747647e+01	2.366499e+02	3.501149e+02	3441	7.301162e-01	7.000000e-01	
3.502166e+02	3442	8.394949e+01	3.173936e+02	3.502166e+02	3442	7.908286e-01	7.000000e-01	
3.503184e+02	3443	7.904322e+01	2.816065e+02	3.503184e+02	3443	7.808311e-01	7.000000e-01	
3.504201e+02	3444	9.397419e+01	2.742048e+02	3.504201e+02	3444	7.447595e-01	7.000000e-01	
3.505219e+02	3445	8.452107e+01	2.818749e+02	3.505219e+02	3445	7.693177e-01	7.000000e-01	
3.506236e+02	3446	8.262473e+01	3.195271e+02	3.506236e+02	3446	7.945434e-01	7.000000e-01	
3.507254e+02	3447	8.154442e+01	2.668938e+02	3.507254e+02	3447	7.659717e-01	7.000000e-01	
3.508271e+02	3448	7.551947e+01	2.658208e+02	3.508271e+02	3448	7.787560e-01	7.000000e-01	
3.509289e+02	3449	8.707147e+01	2.599995e+02	3.509289e+02	3449	7.491249e-01	7.000000e-01	
3.510306e+02	3450	1.017974e+02	2.291930e+02	3.510306e+02	3450	6.924461e-01	7.000000e-01	
3.511323e+02	3451	9.481837e+01	2.377604e+02	3.511323e+02	3451	7.148995e-01	7.000000e-01	
3.512341e+02	3452	1.026472e+02	2.563462e+02	3.512341e+02	3452	7.140694e-01	7.000000e-01	
3.513358e+02	3453	8.764740e+01	2.472537e+02	3.513358e+02	3453	7.382887e-01	7.000000e-01	
3.514376e+02	3454	8.020514e+01	2.434878e+02	3.514376e+02	3454	7.522184e-01	7.000000e-01	
3.515393e+02	3455	8.135113e+01	2.527654e+02	3.515393e+02	3455	7.565187e-01	7.000000e-01	
3.516411e+02	3456	1.027334e+02	2.442973e+02	3.516411e+02	3456	7.039645e-01	7.000000e-01	
3.517428e+02	3457	8.233507e+01	2.473322e+02	3.517428e+02	3457	7.502480e-01	7.000000e-01	
3.518446e+02	3458	8.620500e+01	2.500283e+02	3.518446e+02	3458	7.436155e-01	7.000000e-01	
3.519463e+02	3459	9.360742e+01	2.380300e+02	3.519463e+02	3459	7.177417e-01	7.000000e-01	
3.520481e+02	3460	8.691850e+01	2.327484e+02	3.520481e+02	3460	7.280967e-01	7.000000e-01	
3.521498e+02	3461	7.903205e+01	2.636238e+02	3.521498e+02	3461	7.693544e-01	7.000000e-01	
3.522516e+02	3462	8.125674e+01	2.705149e+02	3.522516e+02	3462	7.690071e-01	7.000000e-01	
3.523533e+02	3463	7.107637e+01	2.438263e+02	3.523533e+02	3463	7.742910e-01	7.000000e-01	
3.524551e+02	3464	9.261869e+01	2.500094e+02	3.524551e+02	3464	7.296816e-01	7.000000e-01	
3.525568e+02	3465	8.884342e+01	2.604695e+02	3.525568e+02	3465	7.456624e-01	7.000000e-01	
3.526586e+02	3466	9.930605e+01	2.544204e+02	3.526586e+02	3466	7.192575e-01	7.000000e-01	
3.527603e+02	3467	7.679331e+01	2.323320e+02	3.527603e+02	3467	7.515787e-01	7.000000e-01	
3.528621e+02	3468	8.275861e+01	2.657106e+02	3.528621e+02	3468	7.625081e-01	7.000000e-01	
3.529638e+02	3469	7.919581e+01	2.665144e+02	3.529638e+02	3469	7.709185e-01	7.000000e-01	
3.530656e+02	3470	1.004959e+02	2.495257e+02	3.530656e+02	3470	7.128866e-01	7.000000e-01	
3.531673e+02	3471	7.646095e+01	2.428098e+02	3.531673e+02	3471	7.605138e-01	7.000000e-01	
3.532691e+02	3472	1.082119e+02	2.515430e+02	3.532691e+02	3472	6.992066e-01	7.000000e-01	
3.533708e+02	3473	1.398296e+02	2.783308e+02	3.533708e+02	3473	6.656077e-01	7.000000e-01	
3.534726e+02	3474	1.014840e+02	2.441646e+02	3.534726e+02	3474	7.063955e-01	7.000000e-01	
3.535743e+02	3475	1.096728e+02	2.434071e+02	3.535743e+02	3475	6.893825e-01	7.000000e-01	
3.536760e+02	3476	8.916875e+01	2.259576e+02	3.536760e+02	3476	7.170381e-01	7.000000e-01	
3.537778e+02	3477	9.124629e+01	2.249964e+02	3.537778e+02	3477	7.114675e-01	7.000000e-01	
3.538795e+02	3478	9.937091e+01	2.315438e+02	3.538795e+02	3478	6.997084e-01	7.000000e-01	
3.539813e+02	3479	1.013406e+02	2.220591e+02	3.539813e+02	3479	6.866398e-01	7.000000e-01	
3.540830e+02	3480	9.278430e+01	2.354562e+02	3.540830e+02	3480	7.173283e-01	7.000000e-01	
3.541848e+02	3481	9.758455e+01	2.316853e+02	3.541848e+02	3481	7.036335e-01	7.000000e-01	
3.542865e+02	3482	7.249731e+01	2.717103e+02	3.542865e+02	3482	7.893791e-01	7.000000e-01	
3.543883e+02	3483	9.356703e+01	2.279795e+02	3.543883e+02	3483	7.090094e-01	7.000000e-01	
3.544900e+02	3484	8.662925e+01	2.322020e+02	3.544900e+02	3484	7.282912e-01	7.000000e-01	
3.545918e+02	3485	7.282073e+01	2.712848e+02	3.545918e+02	3485	7.883768e-01	7.000000e-01	
3.546935e+02	3486	1.092864e+02	2.171049e+02	3.546935e+02	3486	6.651675e-01	7.000000e-01	
3.547953e+02	3487	1.065670e+02	2.461646e+02	3.547953e+02	3487	6.978808e-01	7.000000e-01	
3.548970e+02	3488	1.026237e+02	2.575985e+02	3.548970e+02	3488	7.151100e-01	7.000000e-01	
3.549988e+02	3489	9.810608e+01	2.562639e+02	3.549988e+02	3489	7.231535e-01	7.000000e-01	
3.551005e+02	3490	1.058145e+02	2.585374e+02	3.551005e+02	3490	7.095816e-01	7.000000e-01	
3.552023e+02	3491	8.960847e+01	2.675592e+02	3.552023e+02	3491	7.491137e-01	7.000000e-01	
3.553040e+02	3492	9.071811e+01	2.427322e+02	3.553040e+02	3492	7.279411e-01	7.000000e-01	
3.554058e+02	3493	1.100880e+02	2.385305e+02	3.554058e+02	3493	6.842164e-01	7.000000e-01	
3.555075e+02	3494	8.913117e+01	2.843633e+02	3.555075e+02	3494	7.613588e-01	7.000000e-01	
3.556093e+02	3495	1.058274e+02	2.448880e+02	3.556093e+02	3495	6.982528e-01	7.000000e-01	
3.557110e+02	3496	1.076253e+02	2.484099e+02	3.557110e+02	3496	6.977116e-01	7.000000e-01	
3.558128e+02	3497	8.515139e+01	2.371342e+02	3.558128e+02	3497	7.357890e-01	7.000000e-01	
3.559145e+02	3498	8.405213e+01	2.415900e+02	3.559145e+02	3498	7.418880e-01	7.000000e-01	
3.560163e+02	3499	9.841874e+01	2.509875e+02	3.560163e+02	3499	7.183258e-01	7.000000e-01	
3.561180e+02	3500	8.415188e+01	2.569332e+02	3.561180e+02	3500	7.532818e-01	7.000000e-01	
3.562197e+02	3501	8.110400e+01	2.276647e+02	3.562197e+02	3501	7.373309e-01	7.000000e-01	
3.563215e+02	3502	9.124821e+01	2.529174e+02	3.563215e+02	3502	7.348712e-01	7.000000e-01	
3.564232e+02	3503	8.171360e+01	2.534738e+02	3.564232e+02	3503	7.562152e-01	7.000000e-01	
3.565250e+02	3504	8.301607e+01	2.366710e+02	3.565250e+02	3504	7.403208e-01	7.000000e-01	
3.566267e+02	3505	9.064763e+01	2.287064e+02	3.566267e+02	3505	7.161532e-01	7.000000e-01	
3.567285e+02	3506	8.675055e+01	3.156683e+02	3.567285e+02	3506	7.844272e-01	7.000000e-01	
3.568302e+02	3507	8.514447e+01	2.349021e+02	3.568302e+02	3507	7.339622e-01	7.000000e-01	
3.569320e+02	3508	8.938267e+01	2.559070e+02	3.569320e+02	3508	7.411371e-01	7.000000e-01	
3.570337e+02	3509	8.398599e+01	2.567843e+02	3.570337e+02	3509	7.535408e-01	7.000000e-01	
3.571355e+02	3510	9.341971e+01	2.317881e+02	3.571355e+02	3510	7.127384e-01	7.000000e-01	
3.572372e+02	3511	9.782674e+01	2.341657e+02	3.572372e+02	3511	7.053344e-01	7.000000e-01	
3.573390e+02	3512	8.617211e+01	2.477190e+02	3.573390e+02	3512	7.419155e-01	7.000000e-01	
3.574407e+02	3513	8.872165e+01	2.424689e+02	3.574407e+02	3513	7.321130e-01	7.000000e-01	
3.575425e+02	3514	8.646407e+01	2.366222e+02	3.575425e+02	3514	7.323809e-01	7.000000e-01	
3.576442e+02	3515	8.753254e+01	2.495426e+02	3.576442e+02	3515	7.403174e-01	7.000000e-01	
3.577460e+02	3516	8.199707e+01	2.269830e+02	3.577460e+02	3516	7.346202e-01	7.000000e-01	
3.578477e+02	3517	9.231552e+01	2.328826e+02	3.578477e+02	3517	7.161253e-01	7.000000e-01	
3.579495e+02	3518	7.952104e+01	2.422226e+02	3.579495e+02	3518	7.528435e-01	7.000000e-01	
3.580512e+02	3519	8.805771e+01	2.315637e+02	3.580512e+02	3519	7.244937e-01	7.000000e-01	
3.581530e+02	3520	9.953547e+01	2.239105e+02	3.581530e+02	3520	6.922655e-01	7.000000e-01	
3.582547e+02	3521	9.033971e+01	2.289037e+02	3.582547e+02	3521	7.170193e-01	7.000000e-01	
3.583565e+02	3522	8.337753e+01	2.207643e+02	3.583565e+02	3522	7.258597e-01	7.000000e-01	
3.584582e+02	3523	1.137134e+02	2.329860e+02	3.584582e+02	3523	6.720115e-01	7.000000e-01	
3.585600e+02	3524	9.208404e+01	2.321251e+02	3.585600e+02	3524	7.159733e-01	7.000000e-01	
3.586617e+02	3525	8.324415e+01	2.241178e+02	3.586617e+02	3525	7.291657e-01	7.000000e-01	
3.587634e+02	3526	9.904594e+01	2.638415e+02	3.587634e+02	3526	7.270615e-01	7.000000e-01	
3.588652e+02	3527	1.135494e+02	2.265557e+02	3.588652e+02	3527	6.661344e-01	7.000000e-01	
3.589669e+02	3528	1.210213e+02	2.210829e+02	3.589669e+02	3528	6.462443e-01	7.000000e-01	
3.590687e+02	3529	1.084542e+02	2.579875e+02	3.590687e+02	3529	7.040342e-01	7.000000e-01	
3.591704e+02	3530	9.195972e+01	2.361456e+02	3.591704e+02	3530	7.197250e-01	7.000000e-01	
3.592722e+02	3531	1.079935e+02	2.569049e+02	3.592722e+02	3531	7.040450e-01	7.000000e-01	
3.593739e+02	3532	1.096459e+02	2.664516e+02	3.593739e+02	3532	7.084642e-01	7.000000e-01	
3.594757e+02	3533	9.328001e+01	2.129305e+02	3.594757e+02	3533	6.953729e-01	7.000000e-01	
3.595774e+02	3534	9.807450e+01	2.342708e+02	3.595774e+02	3534	7.049018e-01	7.000000e-01	
3.596792e+02	3535	9.488944e+01	2.062863e+02	3.596792e+02	3535	6.849366e-01	7.000000e-01	
3.597809e+02	3536	8.403166e+01	2.306649e+02	3.597809e+02	3536	7.329756e-01	7.000000e-01	
3.598827e+02	3537	9.896208e+01	2.348434e+02	3.598827e+02	3537	7.035337e-01	7.000000e-01	
3.599844e+02	3538	1.010824e+02	1.908492e+02	3.599844e+02	3538	6.537463e-01	7.000000e-01	
3.600862e+02	3539	8.527251e+01	2.083903e+02	3.600862e+02	3539	7.096244e-01	7.000000e-01	
3.601879e+02	3540	7.605865e+01	1.910455e+02	3.601879e+02	3540	7.152472e-01	7.000000e-01	
3.602897e+02	3541	8.267873e+01	2.478952e+02	3.602897e+02	3541	7.498934e-01	7.000000e-01	
3.603914e+02	3542	8.431489e+01	2.468109e+02	3.603914e+02	3542	7.453690e-01	7.000000e-01	
3.604932e+02	3543	7.760607e+01	2.559178e+02	3.604932e+02	3543	7.673148e-01	7.000000e-01	
3.605949e+02	3544	7.175461e+01	2.203262e+02	3.605949e+02	3544	7.543330e-01	7.000000e-01	
3.606967e+02	3545	7.209980e+01	2.441569e+02	3.606967e+02	3545	7.720213e-01	7.000000e-01	
3.607984e+02	3546	9.592155e+01	3.244718e+02	3.607984e+02	3546	7.718291e-01	7.000000e-01	
3.609002e+02	3547	8.150330e+01	2.234263e+02	3.609002e+02	3547	7.327144e-01	7.000000e-01	
3.610019e+02	3548	7.899019e+01	2.310667e+02	3.610019e+02	3548	7.452397e-01	7.000000e-01	
3.611037e+02	3549	8.508686e+01	2.540060e+02	3.611037e+02	3549	7.490750e-01	7.000000e-01	
3.612054e+02	3550	7.537386e+01	2.488143e+02	3.612054e+02	3550	7.674997e-01	7.000000e-01	
3.613071e+02	3551	7.862472e+01	2.502334e+02	3.613071e+02	3551	7.609160e-01	7.000000e-01	
3.614089e+02	3552	7.759052e+01	2.556820e+02	3.614089e+02	3552	7.671860e-01	7.000000e-01	
3.615106e+02	3553	8.117398e+01	2.314303e+02	3.615106e+02	3553	7.403299e-01	7.000000e-01	
3.616124e+02	3554	7.739330e+01	2.263223e+02	3.616124e+02	3554	7.451784e-01	7.000000e-01	
3.617141e+02	3555	7.020219e+01	2.343559e+02	3.617141e+02	3555	7.694949e-01	7.000000e-01	
3.618159e+02	3556	7.619402e+01	2.526535e+02	3.618159e+02	3556	7.682998e-01	7.000000e-01	
3.619176e+02	3557	7.789524e+01	2.510684e+02	3.619176e+02	3557	7.632102e-01	7.000000e-01	
3.620194e+02	3558	8.250480e+01	2.358460e+02	3.620194e+02	3558	7.408368e-01	7.000000e-01	
3.621211e+02	3559	7.323795e+01	2.346235e+02	3.621211e+02	3559	7.621074e-01	7.000000e-01	
3.622229e+02	3560	7.068257e+01	2.271868e+02	3.622229e+02	3560	7.627061e-01	7.000000e-01	
3.623246e+02	3561	8.313562e+01	2.637187e+02	3.623246e+02	3561	7.603155e-01	7.000000e-01	
3.624264e+02	3562	8.562652e+01	2.447198e+02	3.624264e+02	3562	7.407977e-01	7.000000e-01	
3.625281e+02	3563	9.262147e+01	2.365055e+02	3.625281e+02	3563	7.185844e-01	7.000000e-01	
3.626299e+02	3564	8.726248e+01	2.463617e+02	3.626299e+02	3564	7.384408e-01	7.000000e-01	
3.627316e+02	3565	9.267526e+01	2.137621e+02	3.627316e+02	3565	6.975719e-01	7.000000e-01	
3.628334e+02	3566	9.188379e+01	2.365542e+02	3.628334e+02	3566	7.202401e-01	7.000000e-01	
3.629351e+02	3567	8.654605e+01	2.151263e+02	3.629351e+02	3567	7.131124e-01	7.000000e-01	
3.630369e+02	3568	9.722750e+01	2.265829e+02	3.630369e+02	3568	6.997394e-01	7.000000e-01	
3.631386e+02	3569	8.598082e+01	2.233051e+02	3.631386e+02	3569	7.220022e-01	7.000000e-01	
3.632404e+02	3570	8.534767e+01	2.323244e+02	3.632404e+02	3570	7.313340e-01	7.000000e-01	
3.633421e+02	3571	8.196629e+01	2.178058e+02	3.633421e+02	3571	7.265713e-01	7.000000e-01	
3.634439e+02	3572	8.898180e+01	2.159062e+02	3.634439e+02	3572	7.081492e-01	7.000000e-01	
3.635456e+02	3573	7.731965e+01	2.104199e+02	3.635456e+02	3573	7.312860e-01	7.000000e-01	
3.636474e+02	3574	8.917257e+01	2.169577e+02	3.636474e+02	3574	7.087104e-01	7.000000e-01	
3.637491e+02	3575	7.375182e+01	2.398080e+02	3.637491e+02	3575	7.647919e-01	7.000000e-01	
3.638508e+02	3576	7.986127e+01	2.474291e+02	3.638508e+02	3576	7.559926e-01	7.000000e-01	
3.639526e+02	3577	8.550220e+01	2.270325e+02	3.639526e+02	3577	7.264233e-01	7.000000e-01	
3.640543e+02	3578	8.543647e+01	2.493566e+02	3.640543e+02	3578	7.448081e-01	7.000000e-01	
3.641561e+02	3579	8.052327e+01	2.297593e+02	3.641561e+02	3579	7.404841e-01	7.000000e-01	
3.642578e+02	3580	8.207500e+01	2.315392e+02	3.642578e+02	3580	7.382931e-01	7.000000e-01	
3.643596e+02	3581	8.860021e+01	2.378970e+02	3.643596e+02	3581	7.286341e-01	7.000000e-01	
3.644613e+02	3582	9.385576e+01	2.144763e+02	3.644613e+02	3582	6.956017e-01	7.000000e-01	
3.645631e+02	3583	7.324818e+01	1.905046e+02	3.645631e+02	3583	7.222847e-01	7.000000e-01	
3.646648e+02	3584	8.442681e+01	2.120168e+02	3.646648e+02	3584	7.152011e-01	7.000000e-01	
3.647666e+02	3585	7.525665e+01	2.158112e+02	3.647666e+02	3585	7.414464e-01	7.000000e-01	
3.648683e+02	3586	6.775949e+01	1.843955e+02	3.648683e+02	3586	7.312784e-01	7.000000e-01	
3.649701e+02	3587	1.018030e+02	2.492322e+02	3.649701e+02	3587	7.099920e-01	7.000000e-01	
3.650718e+02	3588	1.056862e+02	2.412659e+02	3.650718e+02	3588	6.953868e-01	7.000000e-01	
3.651736e+02	3589	9.348303e+01	1.969114e+02	3.651736e+02	3589	6.780826e-01	7.000000e-01	
3.652753e+02	3590	9.051436e+01	2.408471e+02	3.652753e+02	3590	7.268410e-01	7.000000e-01	
3.653771e+02	3591	9.835491e+01	2.291637e+02	3.653771e+02	3591	6.996967e-01	7.000000e-01	
3.654788e+02	3592	1.262153e+02	1.900035e+02	3.654788e+02	3592	6.008609e-01	7.000000e-01	
3.655806e+02	3593	1.121461e+02	2.142521e+02	3.655806e+02	3593	6.564132e-01	7.000000e-01	
3.656823e+02	3594	1.055775e+02	2.305624e+02	3.656823e+02	3594	6.859120e-01	7.000000e-01	
3.657841e+02	3595	7.275980e+01	2.852398e+02	3.657841e+02	3595	7.967601e-01	7.000000e-01	
3.658858e+02	3596	7.351317e+01	2.934939e+02	3.658858e+02	3596	7.996955e-01	7.000000e-01	
3.659876e+02	3597	9.766297e+01	2.526537e+02	3.659876e+02	3597	7.212152e-01	7.000000e-01	
3.660893e+02	3598	6.980246e+01	3.064907e+02	3.660893e+02	3598	8.144998e-01	7.000000e-01	
3.661911e+02	3599	8.399579e+01	3.035848e+02	3.661911e+02	3599	7.832817e-01	7.000000e-01	
3.662928e+02	3600	8.978297e+01	2.920153e+02	3.662928e+02	3600	7.648419e-01	7.000000e-01	
3.663945e+02	3601	8.302003e+01	2.981001e+02	3.663945e+02	3601	7.821683e-01	7.000000e-01	
3.664963e+02	3602	8.070559e+01	2.858085e+02	3.664963e+02	3602	7.798022e-01	7.000000e-01	
3.665980e+02	3603	7.392795e+01	3.320909e+02	3.665980e+02	3603	8.179199e-01	7.000000e-01	
3.666998e+02	3604	1.087410e+02	2.585321e+02	3.666998e+02	3604	7.039233e-01	7.000000e-01	
3.668015e+02	3605	1.141064e+02	2.690540e+02	3.668015e+02	3605	7.021968e-01	7.000000e-01	
3.669033e+02	3606	1.102814e+02	2.392941e+02	3.669033e+02	3606	6.845277e-01	7.000000e-01	
3.670050e+02	3607	1.103629e+02	2.961282e+02	3.670050e+02	3607	7.284986e-01	7.000000e-01	
3.671068e+02	3608	1.091385e+02	2.147588e+02	3.671068e+02	3608	6.630460e-01	7.000000e-01	
3.672085e+02	3609	1.170993e+02	2.460011e+02	3.672085e+02	3609	6.775016e-01	7.000000e-01	
3.673103e+02	3610	9.654036e+01	2.868312e+02	3.673103e+02	3610	7.481807e-01	7.000000e-01	
3.674120e+02	3611	1.013713e+02	2.382171e+02	3.674120e+02	3611	7.014877e-01	7.000000e-01	
3.675138e+02	3612	1.029663e+02	2.049831e+02	3.675138e+02	3612	6.656389e-01	7.000000e-01	
3.676155e+02	3613	1.087315e+02	2.224052e+02	3.676155e+02	3613	6.716417e-01	7.000000e-01	
3.677173e+02	3614	1.161592e+02	2.289412e+02	3.677173e+02	3614	6.634046e-01	7.000000e-01	
3.678190e+02	3615	1.169965e+02	2.195346e+02	3.678190e+02	3615	6.523457e-01	7.000000e-01	
3.679208e+02	3616	1.192385e+02	2.227596e+02	3.679208e+02	3616	6.513475e-01	7.000000e-01	
3.680225e+02	3617	1.100908e+02	2.173908e+02	3.680225e+02	3617	6.638260e-01	7.000000e-01	
3.681243e+02	3618	1.150891e+02	2.174993e+02	3.681243e+02	3618	6.539594e-01	7.000000e-01	
3.682260e+02	3619	8.582441e+01	2.511505e+02	3.682260e+02	3619	7.453092e-01	7.000000e-01	
3.683278e+02	3620	7.479963e+01	2.222556e+02	3.683278e+02	3620	7.481962e-01	7.000000e-01	
3.684295e+02	3621	1.022845e+02	2.183705e+02	3.684295e+02	3621	6.810139e-01	7.000000e-01	
3.685313e+02	3622	8.796998e+01	2.621969e+02	3.685313e+02	3622	7.487770e-01	7.000000e-01	
3.686330e+02	3623	7.789244e+01	2.499120e+02	3.686330e+02	3623	7.623814e-01	7.000000e-01	
3.687348e+02	3624	9.267957e+01	2.636539e+02	3.687348e+02	3624	7.399078e-01	7.000000e-01	
3.688365e+02	3625	8.996206e+01	2.872985e+02	3.688365e+02	3625	7.615387e-01	7.000000e-01	
3.689382e+02	3626	8.857966e+01	2.616848e+02	3.689382e+02	3626	7.471063e-01	7.000000e-01	
3.690400e+02	3627	1.010265e+02	2.913009e+02	3.690400e+02	3627	7.424944e-01	7.000000e-01	
3.691417e+02	3628	9.265445e+01	2.672331e+02	3.691417e+02	3628	7.425461e-01	7.000000e-01	
3.692435e+02	3629	1.024893e+02	2.736584e+02	3.692435e+02	3629	7.275291e-01	7.000000e-01	
3.693452e+02	3630	9.952554e+01	2.579308e+02	3.693452e+02	3630	7.215729e-01	7.000000e-01	
3.694470e+02	3631	1.012089e+02	2.701655e+02	3.694470e+02	3631	7.274748e-01	7.000000e-01	
3.695487e+02	3632	9.619399e+01	2.535516e+02	3.695487e+02	3632	7.249601e-01	7.000000e-01	
3.696505e+02	3633	9.784611e+01	2.617740e+02	3.696505e+02	3633	7.279181e-01	7.000000e-01	
3.697522e+02	3634	9.897184e+01	2.403040e+02	3.697522e+02	3634	7.082850e-01	7.000000e-01	
3.698540e+02	3635	9.827712e+01	2.641072e+02	3.698540e+02	3635	7.288042e-01	7.000000e-01	
3.699557e+02	3636	1.055802e+02	2.830229e+02	3.699557e+02	3636	7.283084e-01	7.000000e-01	
3.700575e+02	3637	1.053240e+02	2.511114e+02	3.700575e+02	3637	7.045075e-01	7.000000e-01	
3.701592e+02	3638	9.274462e+01	2.557565e+02	3.701592e+02	3638	7.338757e-01	7.000000e-01	
3.702610e+02	3639	9.903486e+01	2.472749e+02	3.702610e+02	3639	7.140281e-01	7.000000e-01	
3.703627e+02	3640	1.085005e+02	2.485003e+02	3.703627e+02	3640	6.960777e-01	7.000000e-01	
3.704645e+02	3641	8.502166e+01	2.606247e+02	3.704645e+02	3641	7.540212e-01	7.000000e-01	
3.705662e+02	3642	1.005049e+02	2.433894e+02	3.705662e+02	3642	7.077448e-01	7.000000e-01	
3.706680e+02	3643	7.419702e+01	2.932943e+02	3.706680e+02	3643	7.980986e-01	7.000000e-01	
3.707697e+02	3644	9.122766e+01	2.414606e+02	3.707697e+02	3644	7.257864e-01	7.000000e-01	
3.708715e+02	3645	9.494199e+01	2.373023e+02	3.708715e+02	3645	7.142404e-01	7.000000e-01	
3.709732e+02	3646	1.004383e+02	2.278430e+02	3.709732e+02	3646	6.940481e-01	7.000000e-01	
3.710750e+02	3647	9.726305e+01	2.398773e+02	3.710750e+02	3647	7.115058e-01	7.000000e-01	
3.711767e+02	3648	8.700224e+01	2.454173e+02	3.711767e+02	3648	7.382758e-01	7.000000e-01	
3.712785e+02	3649	9.424711e+01	2.510542e+02	3.712785e+02	3649	7.270583e-01	7.000000e-01	
3.713802e+02	3650	8.840410e+01	2.255578e+02	3.713802e+02	3650	7.184241e-01	7.000000e-01	
3.714819e+02	3651	9.206654e+01	2.402258e+02	3.714819e+02	3651	7.229351e-01	7.000000e-01	
3.715837e+02	3652	1.113052e+02	2.554234e+02	3.715837e+02	3652	6.964916e-01	7.000000e-01	
3.716854e+02	3653	9.727151e+01	2.419487e+02	3.716854e+02	3653	7.132497e-01	7.000000e-01	
3.717872e+02	3654	9.563712e+01	2.538597e+02	3.717872e+02	3654	7.263577e-01	7.000000e-01	
3.718889e+02	3655	8.045365e+01	2.491937e+02	3.718889e+02	3655	7.559402e-01	7.000000e-01	
3.719907e+02	3656	7.266123e+01	2.342814e+02	3.719907e+02	3656	7.632742e-01	7.000000e-01	
3.720924e+02	3657	6.814338e+01	2.484331e+02	3.720924e+02	3657	7.847491e-01	7.000000e-01	
3.721942e+02	3658	9.946824e+01	2.422807e+02	3.721942e+02	3658	7.089435e-01	7.000000e-01	
3.722959e+02	3659	7.843500e+01	2.328355e+02	3.722959e+02	3659	7.480166e-01	7.000000e-01	
3.723977e+02	3660	8.388649e+01	2.329572e+02	3.723977e+02	3660	7.352433e-01	7.000000e-01	
3.724994e+02	3661	5.211889e+01	2.479297e+02	3.724994e+02	3661	8.262985e-01	7.000000e-01	
3.726012e+02	3662	7.863243e+01	2.136511e+02	3.726012e+02	3662	7.309721e-01	7.000000e-01	
3.727029e+02	3663	7.891744e+01	2.405360e+02	3.727029e+02	3663	7.529611e-01	7.000000e-01	
3.728047e+02	3664	8.681382e+01	2.500499e+02	3.728047e+02	3664	7.422880e-01	7.000000e-01	
3.729064e+02	3665	5.878886e+01	2.568626e+02	3.729064e+02	3665	8.137539e-01	7.000000e-01	
3.730082e+02	3666	7.173572e+01	2.310978e+02	3.730082e+02	3666	7.631183e-01	7.000000e-01	
3.731099e+02	3667	6.560865e+01	2.445920e+02	3.731099e+02	3667	7.884961e-01	7.000000e-01	
3.732117e+02	3668	5.878886e+01	2.568626e+02	3.732117e+02	3668	8.137539e-01	7.000000e-01	
3.733134e+02	3669	1.105009e+02	2.193063e+02	3.733134e+02	3669	6.649530e-01	7.000000e-01	
3.734152e+02	3670	1.021357e+02	2.239745e+02	3.734152e+02	3670	6.868062e-01	7.000000e-01	
3.735169e+02	3671	1.121109e+02	2.175618e+02	3.735169e+02	3671	6.599327e-01	7.000000e-01	
3.736187e+02	3672	1.005208e+02	2.239696e+02	3.736187e+02	3672	6.902195e-01	7.000000e-01	
3.737204e+02	3673	1.061019e+02	2.350454e+02	3.737204e+02	3673	6.889851e-01	7.000000e-01	
3.738222e+02	3674	9.575551e+01	2.013406e+02	3.738222e+02	3674	6.776952e-01	7.000000e-01	
3.739239e+02	3675	1.008178e+02	2.480670e+02	3.739239e+02	3675	7.110284e-01	7.000000e-01	
3.740256e+02	3676	8.498604e+01	2.099364e+02	3.740256e+02	3676	7.118360e-01	7.000000e-01	
3.741274e+02	3677	1.192812e+02	2.124330e+02	3.741274e+02	3677	6.404097e-01	7.000000e-01	
3.742291e+02	3678	8.991773e+01	2.099865e+02	3.742291e+02	3678	7.001785e-01	7.000000e-01	
3.743309e+02	3679	9.639678e+01	2.049992e+02	3.743309e+02	3679	6.801657e-01	7.000000e-01	
3.744326e+02	3680	8.416719e+01	2.511673e+02	3.744326e+02	3680	7.490053e-01	7.000000e-01	
3.745344e+02	3681	5.097278e+01	2.020210e+02	3.745344e+02	3681	7.985216e-01	7.000000e-01	
3.746361e+02	3682	9.077524e+01	2.156868e+02	3.746361e+02	3682	7.037961e-01	7.000000e-01	
3.747379e+02	3683	1.053718e+02	2.341118e+02	3.747379e+02	3683	6.896115e-01	7.000000e-01	
3.748396e+02	3684	8.244505e+01	2.260613e+02	3.748396e+02	3684	7.327606e-01	7.000000e-01	
3.749414e+02	3685	7.944144e+01	2.283287e+02	3.749414e+02	3685	7.418806e-01	7.000000e-01	
3.750431e+02	3686	7.886496e+01	2.300158e+02	3.750431e+02	3686	7.446751e-01	7.000000e-01	
3.751449e+02	3687	6.636709e+01	2.554941e+02	3.751449e+02	3687	7.938021e-01	7.000000e-01	
3.752466e+02	3688	5.948730e+01	2.622018e+02	3.752466e+02	3688	8.150783e-01	7.000000e-01	
3.753484e+02	3689	8.127559e+01	2.300652e+02	3.753484e+02	3689	7.389498e-01	7.000000e-01	
3.754501e+02	3690	7.586052e+01	2.250040e+02	3.754501e+02	3690	7.478582e-01	7.000000e-01	
3.755519e+02	3691	7.791547e+01	2.258128e+02	3.755519e+02	3691	7.434698e-01	7.000000e-01	
3.756536e+02	3692	6.755834e+01	2.699645e+02	3.756536e+02	3692	7.998407e-01	7.000000e-01	
3.757554e+02	3693	7.680027e+01	2.254382e+02	3.757554e+02	3693	7.458951e-01	7.000000e-01	
3.758571e+02	3694	6.185949e+01	2.754451e+02	3.758571e+02	3694	8.166064e-01	7.000000e-01	
3.759589e+02	3695	8.052978e+01	2.515235e+02	3.759589e+02	3695	7.574793e-01	7.000000e-01	
3.760606e+02	3696	7.431385e+01	2.624503e+02	3.760606e+02	3696	7.793297e-01	7.000000e-01	
3.761624e+02	3697	7.909508e+01	2.547608e+02	3.761624e+02	3697	7.630862e-01	7.000000e-01	
3.762641e+02	3698	7.076130e+01	2.512284e+02	3.762641e+02	3698	7.802374e-01	7.000000e-01	
3.763659e+02	3699	7.483618e+01	2.706926e+02	3.763659e+02	3699	7.834155e-01	7.000000e-01	
3.764676e+02	3700	8.269421e+01	2.593287e+02	3.764676e+02	3700	7.582203e-01	7.000000e-01	
3.765693e+02	3701	9.150291e+01	2.557153e+02	3.765693e+02	3701	7.364686e-01	7.000000e-01	
3.766711e+02	3702	8.343339e+01	2.722545e+02	3.766711e+02	3702	7.654309e-01	7.000000e-01	
3.767728e+02	3703	9.650023e+01	2.691607e+02	3.767728e+02	3703	7.360937e-01	7.000000e-01	
3.768746e+02	3704	9.984146e+01	2.613924e+02	3.768746e+02	3704	7.236099e-01	7.000000e-01	
3.769763e+02	3705	1.039453e+02	2.597981e+02	3.769763e+02	3705	7.142345e-01	7.000000e-01	
3.770781e+02	3706	8.814445e+01	2.550846e+02	3.770781e+02	3706	7.431906e-01	7.000000e-01	
3.771798e+02	3707	1.109980e+02	2.663462e+02	3.771798e+02	3707	7.058442e-01	7.000000e-01	
3.772816e+02	3708	9.124154e+01	2.482053e+02	3.772816e+02	3708	7.312052e-01	7.000000e-01	
3.773833e+02	3709	9.943200e+01	2.613448e+02	3.773833e+02	3709	7.243947e-01	7.000000e-01	
3.774851e+02	3710	1.059456e+02	2.657020e+02	3.774851e+02	3710	7.149299e-01	7.000000e-01	
3.775868e+02	3711	1.032409e+02	2.462779e+02	3.775868e+02	3711	7.046199e-01	7.000000e-01	
3.776886e+02	3712	1.032552e+02	2.580725e+02	3.776886e+02	3712	7.142339e-01	7.000000e-01	
3.777903e+02	3713	9.302968e+01	2.562234e+02	3.777903e+02	3713	7.336325e-01	7.000000e-01	
3.778921e+02	3714	1.024496e+02	2.530791e+02	3.778921e+02	3714	7.118387e-01	7.000000e-01	
3.779938e+02	3715	8.492437e+01	2.245695e+02	3.779938e+02	3715	7.256024e-01	7.000000e-01	
3.780956e+02	3716	9.184445e+01	2.476192e+02	3.780956e+02	3716	7.294425e-01	7.000000e-01	
3.781973e+02	3717	1.008288e+02	2.275338e+02	3.781973e+02	3717	6.929346e-01	7.000000e-01	
3.782991e+02	3718	8.271571e+01	2.378548e+02	3.782991e+02	3718	7.419734e-01	7.000000e-01	
3.784008e+02	3719	1.065956e+02	2.492114e+02	3.784008e+02	3719	7.004117e-01	7.000000e-01	
3.785026e+02	3720	8.292857e+01	2.514656e+02	3.785026e+02	3720	7.520035e-01	7.000000e-01	
3.786043e+02	3721	1.007590e+02	2.397942e+02	3.786043e+02	3721	7.041314e-01	7.000000e-01	
3.787061e+02	3722	9.045409e+01	2.480867e+02	3.787061e+02	3722	7.328118e-01	7.000000e-01	
3.788078e+02	3723	7.411038e+01	2.538696e+02	3.788078e+02	3723	7.740399e-01	7.000000e-01	
3.789096e+02	3724	7.957049e+01	2.447692e+02	3.789096e+02	3724	7.546693e-01	7.000000e-01	
3.790113e+02	3725	8.155799e+01	2.441965e+02	3.790113e+02	3725	7.496336e-01	7.000000e-01	
3.791130e+02	3726	9.316258e+01	2.204804e+02	3.791130e+02	3726	7.029662e-01	7.000000e-01	
3.792148e+02	3727	6.980705e+01	2.434710e+02	3.792148e+02	3727	7.771722e-01	7.000000e-01	
3.793165e+02	3728	9.201454e+01	2.400320e+02	3.793165e+02	3728	7.228866e-01	7.000000e-01	
3.794183e+02	3729	9.351620e+01	2.200647e+02	3.794183e+02	3729	7.017797e-01	7.000000e-01	
3.795200e+02	3730	7.380792e+01	2.740459e+02	3.795200e+02	3730	7.878191e-01	7.000000e-01	
3.796218e+02	3731	8.135269e+01	2.422547e+02	3.796218e+02	3731	7.486068e-01	7.000000e-01	
3.797235e+02	3732	6.646904e+01	2.245862e+02	3.797235e+02	3732	7.716274e-01	7.000000e-01	
3.798253e+02	3733	5.319296e+01	2.859825e+02	3.798253e+02	3733	8.431698e-01	7.000000e-01	
3.799270e+02	3734	7.574240e+01	2.675832e+02	3.799270e+02	3734	7.793861e-01	7.000000e-01	
3.800288e+02	3735	9.644038e+01	2.506755e+02	3.800288e+02	3735	7.221666e-01	7.000000e-01	
3.801305e+02	3736	7.868510e+01	2.660933e+02	3.801305e+02	3736	7.717807e-01	7.000000e-01	
3.802323e+02	3737	7.432481e+01	2.618141e+02	3.802323e+02	3737	7.788866e-01	7.000000e-01	
3.803340e+02	3738	8.808088e+01	2.377876e+02	3.803340e+02	3738	7.297042e-01	7.000000e-01	
3.804358e+02	3739	7.961915e+01	2.715872e+02	3.804358e+02	3739	7.732981e-01	7.000000e-01	
3.805375e+02	3740	8.420138e+01	2.284822e+02	3.805375e+02	3740	7.307138e-01	7.000000e-01	
3.806393e+02	3741	8.539813e+01	2.667004e+02	3.806393e+02	3741	7.574596e-01	7.000000e-01	
3.807410e+02	3742	9.069627e+01	2.202417e+02	3.807410e+02	3742	7.083139e-01	7.000000e-01	
3.808428e+02	3743	8.823708e+01	2.532148e+02	3.808428e+02	3743	7.415827e-01	7.000000e-01	
3.809445e+02	3744	8.076544e+01	2.417496e+02	3.809445e+02	3744	7.495762e-01	7.000000e-01	
3.810463e+02	3745	8.205245e+01	2.261763e+02	3.810463e+02	3745	7.337937e-01	7.000000e-01	
3.811480e+02	3746	8.733910e+01	2.192687e+02	3.811480e+02	3746	7.151439e-01	7.000000e-01	
3.812498e+02	3747	9.992607e+01	2.051216e+02	3.812498e+02	3747	6.724247e-01	7.000000e-01	
3.813515e+02	3748	9.049137e+01	2.846740e+02	3.813515e+02	3748	7.587960e-01	7.000000e-01	
3.814533e+02	3749	8.250721e+01	2.731105e+02	3.814533e+02	3749	7.679890e-01	7.000000e-01	
3.815550e+02	3750	9.251235e+01	2.799060e+02	3.815550e+02	3750	7.515902e-01	7.000000e-01	
3.816567e+02	3751	8.881792e+01	2.888141e+02	3.816567e+02	3751	7.648030e-01	7.000000e-01	
3.817585e+02	3752	6.721220e+01	2.578108e+02	3.817585e+02	3752	7.932079e-01	7.000000e-01	
3.818602e+02	3753	8.603596e+01	2.573117e+02	3.818602e+02	3753	7.494203e-01	7.000000e-01	
3.819620e+02	3754	8.377579e+01	2.512424e+02	3.819620e+02	3754	7.499366e-01	7.000000e-01	
3.820637e+02	3755	8.016593e+01	2.695563e+02	3.820637e+02	3755	7.707726e-01	7.000000e-01	
3.821655e+02	3756	9.662753e+01	2.175107e+02	3.821655e+02	3756	6.924044e-01	7.000000e-01	
3.822672e+02	3757	8.832083e+01	1.845307e+02	3.822672e+02	3757	6.763044e-01	7.000000e-01	
3.823690e+02	3758	7.966411e+01	2.127358e+02	3.823690e+02	3758	7.275508e-01	7.000000e-01	
3.824707e+02	3759	8.910488e+01	2.224736e+02	3.824707e+02	3759	7.140211e-01	7.000000e-01	
3.825725e+02	3760	8.351990e+01	2.015330e+02	3.825725e+02	3760	7.070021e-01	7.000000e-01	
3.826742e+02	3761	7.977954e+01	2.081024e+02	3.826742e+02	3761	7.228741e-01	7.000000e-01	
3.827760e+02	3762	9.678563e+01	2.528352e+02	3.827760e+02	3762	7.231697e-01	7.000000e-01	
3.828777e+02	3763	1.297655e+02	2.226992e+02	3.828777e+02	3763	6.318341e-01	7.000000e-01	
3.829795e+02	3764	8.311955e+01	2.625573e+02	3.829795e+02	3764	7.595455e-01	7.000000e-01	
3.830812e+02	3765	8.621914e+01	2.448337e+02	3.830812e+02	3765	7.395608e-01	7.000000e-01	
3.831830e+02	3766	9.530841e+01	2.706237e+02	3.831830e+02	3766	7.395462e-01	7.000000e-01	
3.832847e+02	3767	9.996696e+01	2.355940e+02	3.832847e+02	3767	7.020900e-01	7.000000e-01	
3.833865e+02	3768	7.978748e+01	2.510695e+02	3.833865e+02	3768	7.588460e-01	7.000000e-01	
3.834882e+02	3769	9.932620e+01	2.563453e+02	3.834882e+02	3769	7.207361e-01	7.000000e-01	
3.835900e+02	3770	9.784657e+01	2.440984e+02	3.835900e+02	3770	7.138529e-01	7.000000e-01	
3.836917e+02	3771	7.869554e+01	2.186229e+02	3.836917e+02	3771	7.353156e-01	7.000000e-01	
3.837935e+02	3772	8.267746e+01	2.554516e+02	3.837935e+02	3772	7.554855e-01	7.000000e-01	
3.838952e+02	3773	9.276014e+01	2.360487e+02	3.838952e+02	3773	7.178904e-01	7.000000e-01	
3.839970e+02	3774	8.211486e+01	2.486966e+02	3.839970e+02	3774	7.517775e-01	7.000000e-01	
3.840987e+02	3775	7.820975e+01	2.618891e+02	3.840987e+02	3775	7.700382e-01	7.000000e-01	
3.842004e+02	3776	1.099569e+02	2.275914e+02	3.842004e+02	3776	6.742484e-01	7.000000e-01	
3.843022e+02	3777	1.233154e+02	2.259112e+02	3.843022e+02	3777	6.468900e-01	7.000000e-01	
3.844039e+02	3778	9.840888e+01	2.379261e+02	3.844039e+02	3778	7.074081e-01	7.000000e-01	
3.845057e+02	3779	9.241041e+01	2.475426e+02	3.845057e+02	3779	7.281671e-01	7.000000e-01	
3.846074e+02	3780	9.893564e+01	2.419933e+02	3.846074e+02	3780	7.098057e-01	7.000000e-01	
3.847092e+02	3781	1.033340e+02	2.320767e+02	3.847092e+02	3781	6.919180e-01	7.000000e-01	
3.848109e+02	3782	1.052452e+02	2.363148e+02	3.848109e+02	3782	6.918691e-01	7.000000e-01	
3.849127e+02	3783	9.681900e+01	2.290350e+02	3.849127e+02	3783	7.028761e-01	7.000000e-01	
3.850144e+02	3784	1.161653e+02	2.216902e+02	3.850144e+02	3784	6.561687e-01	7.000000e-01	
3.851162e+02	3785	9.423570e+01	2.656849e+02	3.851162e+02	3785	7.381764e-01	7.000000e-01	
3.852179e+02	3786	1.033726e+02	2.270265e+02	3.852179e+02	3786	6.871281e-01	7.000000e-01	
3.853197e+02	3787	1.016011e+02	2.478214e+02	3.853197e+02	3787	7.092314e-01	7.000000e-01	
3.854214e+02	3788	8.048325e+01	2.827582e+02	3.854214e+02	3788	7.784304e-01	7.000000e-01	
3.855232e+02	3789	9.580464e+01	2.498258e+02	3.855232e+02	3789	7.228119e-01	7.000000e-01	
3.856249e+02	3790	9.611633e+01	2.624675e+02	3.856249e+02	3790	7.319558e-01	7.000000e-01	
3.857267e+02	3791	9.663617e+01	2.560482e+02	3.857267e+02	3791	7.259981e-01	7.000000e-01	
3.858284e+02	3792	9.721977e+01	2.490834e+02	3.858284e+02	3792	7.192640e-01	7.000000e-01	
3.859302e+02	3793	9.861963e+01	2.363681e+02	3.859302e+02	3793	7.056023e-01	7.000000e-01	
3.860319e+02	3794	1.010011e+02	2.787838e+02	3.860319e+02	3794	7.340571e-01	7.000000e-01	
3.861337e+02	3795	9.638325e+01	2.219900e+02	3.861337e+02	3795	6.972634e-01	7.000000e-01	
3.862354e+02	3796	9.994406e+01	2.438833e+02	3.862354e+02	3796	7.093191e-01	7.000000e-01	
3.863372e+02	3797	9.579090e+01	2.472481e+02	3.863372e+02	3797	7.207580e-01	7.000000e-01	
3.864389e+02	3798	1.013987e+02	2.316254e+02	3.864389e+02	3798	6.955214e-01	7.000000e-01	
3.865407e+02	3799	9.836145e+01	2.462475e+02	3.865407e+02	3799	7.145708e-01	7.000000e-01	
3.866424e+02	3800	9.924140e+01	2.454950e+02	3.866424e+02	3800	7.121238e-01	7.000000e-01	
3.867441e+02	3801	9.846035e+01	2.414355e+02	3.867441e+02	3801	7.103220e-01	7.000000e-01	
3.868459e+02	3802	9.631072e+01	2.374041e+02	3.868459e+02	3802	7.113981e-01	7.000000e-01	
3.869476e+02	3803	9.987798e+01	2.361376e+02	3.869476e+02	3803	7.027579e-01	7.000000e-01	
3.870494e+02	3804	8.852250e+01	2.626017e+02	3.870494e+02	3804	7.478884e-01	7.000000e-01	
3.871511e+02	3805	8.681091e+01	2.468221e+02	3.871511e+02	3805	7.398012e-01	7.000000e-01	
3.872529e+02	3806	8.071210e+01	2.811661e+02	3.872529e+02	3806	7.769634e-01	7.000000e-01	
3.873546e+02	3807	8.267825e+01	2.754695e+02	3.873546e+02	3807	7.691504e-01	7.000000e-01	
3.874564e+02	3808	8.074353e+01	2.601753e+02	3.874564e+02	3808	7.631591e-01	7.000000e-01	
3.875581e+02	3809	8.541947e+01	2.880712e+02	3.875581e+02	3809	7.712942e-01	7.000000e-01	
3.876599e+02	3810	8.282821e+01	2.781699e+02	3.876599e+02	3810	7.705578e-01	7.000000e-01	
3.877616e+02	3811	8.160706e+01	2.678756e+02	3.877616e+02	3811	7.664918e-01	7.000000e-01	
3.878634e+02	3812	9.094807e+01	1.996299e+02	3.878634e+02	3812	6.870098e-01	7.000000e-01	
3.879651e+02	3813	8.739359e+01	2.278723e+02	3.879651e+02	3813	7.227940e-01	7.000000e-01	
3.880669e+02	3814	7.657013e+01	2.528752e+02	3.880669e+02	3814	7.675786e-01	7.000000e-01	
3.881686e+02	3815	7.796730e+01	2.555356e+02	3.881686e+02	3815	7.662170e-01	7.000000e-01	
3.882704e+02	3816	7.880492e+01	2.536323e+02	3.882704e+02	3816	7.629480e-01	7.000000e-01	
3.883721e+02	3817	7.949381e+01	2.572747e+02	3.883721e+02	3817	7.639512e-01	7.000000e-01	
3.884739e+02	3818	8.129436e+01	2.306612e+02	3.884739e+02	3818	7.394040e-01	7.000000e-01	
3.885756e+02	3819	7.505125e+01	2.437112e+02	3.885756e+02	3819	7.645543e-01	7.000000e-01	
3.886774e+02	3820	7.686461e+01	2.182282e+02	3.886774e+02	3820	7.395239e-01	7.000000e-01	
3.887791e+02	3821	7.978363e+01	2.451577e+02	3.887791e+02	3821	7.544676e-01	7.000000e-01	
3.888809e+02	3822	7.993354e+01	2.542693e+02	3.888809e+02	3822	7.608233e-01	7.000000e-01	
3.889826e+02	3823	8.478992e+01	2.026018e+02	3.889826e+02	3823	7.049674e-01	7.000000e-01	
3.890844e+02	3824	8.923039e+01	2.172460e+02	3.890844e+02	3824	7.088507e-01	7.000000e-01	
3.891861e+02	3825	8.072936e+01	2.516792e+02	3.891861e+02	3825	7.571381e-01	7.000000e-01	
3.892878e+02	3826	8.084121e+01	1.929889e+02	3.892878e+02	3826	7.047760e-01	7.000000e-01	
3.893896e+02	3827	7.981232e+01	2.737948e+02	3.893896e+02	3827	7.742910e-01	7.000000e-01	
3.894913e+02	3828	9.447103e+01	2.289034e+02	3.894913e+02	3828	7.078587e-01	7.000000e-01	
3.895931e+02	3829	8.374915e+01	2.561129e+02	3.895931e+02	3829	7.535790e-01	7.000000e-01	
3.896948e+02	3830	8.048687e+01	2.621817e+02	3.896948e+02	3830	7.651174e-01	7.000000e-01	
3.897966e+02	3831	8.651589e+01	2.133225e+02	3.897966e+02	3831	7.114583e-01	7.000000e-01	
3.898983e+02	3832	9.011640e+01	2.212419e+02	3.898983e+02	3832	7.105701e-01	7.000000e-01	
3.900001e+02	3833	9.673819e+01	1.950199e+02	3.900001e+02	3833	6.684301e-01	7.000000e-01	
3.901018e+02	3834	7.364095e+01	2.188005e+02	3.901018e+02	3834	7.481857e-01	7.000000e-01	
3.902036e+02	3835	9.010985e+01	2.406088e+02	3.902036e+02	3835	7.275332e-01	7.000000e-01	
3.903053e+02	3836	8.353139e+01	2.177781e+02	3.903053e+02	3836	7.227721e-01	7.000000e-01	
3.904071e+02	3837	8.400186e+01	2.466422e+02	3.904071e+02	3837	7.459447e-01	7.000000e-01	
3.905088e+02	3838	8.882446e+01	2.071305e+02	3.905088e+02	3838	6.998717e-01	7.000000e-01	
3.906106e+02	3839	9.486390e+01	2.293220e+02	3.906106e+02	3839	7.073781e-01	7.000000e-01	
3.907123e+02	3840	8.114209e+01	2.361849e+02	3.907123e+02	3840	7.442950e-01	7.000000e-01	
3.908141e+02	3841	7.726892e+01	2.719471e+02	3.908141e+02	3841	7.787360e-01	7.000000e-01	
3.909158e+02	3842	6.688856e+01	2.355001e+02	3.909158e+02	3842	7.787994e-01	7.000000e-01	
3.910176e+02	3843	7.219394e+01	2.328065e+02	3.910176e+02	3843	7.632989e-01	7.000000e-01	
3.911193e+02	3844	7.221116e+01	2.534128e+02	3.911193e+02	3844	7.782376e-01	7.000000e-01	
3.912211e+02	3845	7.362006e+01	2.510568e+02	3.912211e+02	3845	7.732513e-01	7.000000e-01	
3.913228e+02	3846	5.750138e+01	2.430807e+02	3.913228e+02	3846	8.086999e-01	7.000000e-01	
3.914246e+02	3847	7.445437e+01	2.432016e+02	3.914246e+02	3847	7.656132e-01	7.000000e-01	
3.915263e+02	3848	6.896925e+01	2.416693e+02	3.915263e+02	3848	7.779759e-01	7.000000e-01	
3.916281e+02	3849	5.771567e+01	2.518058e+02	3.916281e+02	3849	8.135326e-01	7.000000e-01	
3.917298e+02	3850	4.962863e+01	2.164130e+02	3.917298e+02	3850	8.134554e-01	7.000000e-01	
3.918315e+02	3851	7.118278e+01	2.386756e+02	3.918315e+02	3851	7.702732e-01	7.000000e-01	
3.919333e+02	3852	5.372047e+01	2.357072e+02	3.919333e+02	3852	8.143907e-01	7.000000e-01	
3.920350e+02	3853	6.548096e+01	2.657768e+02	3.920350e+02	3853	8.023263e-01	7.000000e-01	
3.921368e+02	3854	7.305191e+01	2.805554e+02	3.921368e+02	3854	7.934095e-01	7.000000e-01	
3.922385e+02	3855	5.393986e+01	3.091759e+02	3.922385e+02	3855	8.514527e-01	7.000000e-01	
3.923403e+02	3856	6.486273e+01	2.567348e+02	3.923403e+02	3856	7.983109e-01	7.000000e-01	
3.924420e+02	3857	7.397583e+01	2.604017e+02	3.924420e+02	3857	7.787655e-01	7.000000e-01	
3.925438e+02	3858	5.411318e+01	3.086963e+02	3.925438e+02	3858	8.508496e-01	7.000000e-01	
3.926455e+02	3859	6.624879e+01	2.666423e+02	3.926455e+02	3859	8.009896e-01	7.000000e-01	
3.927473e+02	3860	7.082403e+01	2.642504e+02	3.927473e+02	3860	7.886319e-01	7.000000e-01	
3.928490e+02	3861	5.782896e+01	2.439014e+02	3.928490e+02	3861	8.083423e-01	7.000000e-01	
3.929508e+02	3862	7.488124e+01	2.724060e+02	3.929508e+02	3862	7.843824e-01	7.000000e-01	
3.930525e+02	3863	5.704881e+01	2.073924e+02	3.930525e+02	3863	7.842666e-01	7.000000e-01	
3.931543e+02	3864	6.354005e+01	2.767425e+02	3.931543e+02	3864	8.132727e-01	7.000000e-01	
3.932560e+02	3865	8.422353e+01	1.852573e+02	3.932560e+02	3865	6.874600e-01	7.000000e-01	
3.933578e+02	3866	8.017154e+01	2.328245e+02	3.933578e+02	3866	7.438577e-01	7.000000e-01	
3.934595e+02	3867	8.162827e+01	2.184920e+02	3.934595e+02	3867	7.280148e-01	7.000000e-01	
3.935613e+02	3868	7.030919e+01	1.917889e+02	3.935613e+02	3868	7.317447e-01	7.000000e-01	
3.936630e+02	3869	6.597688e+01	2.252519e+02	3.936630e+02	3869	7.734534e-01	7.000000e-01	
3.937648e+02	3870	9.302367e+01	2.298358e+02	3.937648e+02	3870	7.118757e-01	7.000000e-01	
3.938665e+02	3871	8.591926e+01	2.102078e+02	3.938665e+02	3871	7.098568e-01	7.000000e-01	
3.939683e+02	3872	9.398737e+01	2.562451e+02	3.939683e+02	3872	7.316429e-01	7.000000e-01	
3.940700e+02	3873	8.488801e+01	2.659689e+02	3.940700e+02	3873	7.580552e-01	7.000000e-01	
3.941718e+02	3874	9.604164e+01	2.287592e+02	3.941718e+02	3874	7.043061e-01	7.000000e-01	
3.942735e+02	3875	8.400632e+01	2.671361e+02	3.942735e+02	3875	7.607628e-01	7.000000e-01	
3.943752e+02	3876	8.322020e+01	2.323826e+02	3.943752e+02	3876	7.363135e-01	7.000000e-01	
3.944770e+02	3877	9.080289e+01	2.471337e+02	3.944770e+02	3877	7.313020e-01	7.000000e-01	
3.945787e+02	3878	8.637340e+01	2.471617e+02	3.945787e+02	3878	7.410366e-01	7.000000e-01	
3.946805e+02	3879	8.050616e+01	2.734907e+02	3.946805e+02	3879	7.725795e-01	7.000000e-01	
3.947822e+02	3880	9.002294e+01	2.740984e+02	3.947822e+02	3880	7.527666e-01	7.000000e-01	
3.948840e+02	3881	7.555750e+01	1.949644e+02	3.948840e+02	3881	7.206973e-01	7.000000e-01	
3.949857e+02	3882	7.893124e+01	2.251739e+02	3.949857e+02	3882	7.404475e-01	7.000000e-01	
3.950875e+02	3883	9.202080e+01	2.201489e+02	3.950875e+02	3883	7.052219e-01	7.000000e-01	
3.951892e+02	3884	8.455918e+01	2.490499e+02	3.951892e+02	3884	7.465321e-01	7.000000e-01	
3.952910e+02	3885	8.145704e+01	2.225925e+02	3.952910e+02	3885	7.320929e-01	7.000000e-01	
3.953927e+02	3886	7.181821e+01	2.539865e+02	3.953927e+02	3886	7.795667e-01	7.000000e-01	
3.954945e+02	3887	7.901822e+01	2.164944e+02	3.954945e+02	3887	7.326063e-01	7.000000e-01	
3.955962e+02	3888	9.394680e+01	2.267169e+02	3.955962e+02	3888	7.070239e-01	7.000000e-01	
3.956980e+02	3889	9.213195e+01	2.274166e+02	3.956980e+02	3889	7.116809e-01	7.000000e-01	
3.957997e+02	3890	7.905950e+01	2.286689e+02	3.957997e+02	3890	7.430868e-01	7.000000e-01	
3.959015e+02	3891	9.362987e+01	2.435763e+02	3.959015e+02	3891	7.223364e-01	7.000000e-01	
3.960032e+02	3892	9.118874e+01	2.182256e+02	3.960032e+02	3892	7.052860e-01	7.000000e-01	
3.961050e+02	3893	8.880347e+01	2.464596e+02	3.961050e+02	3893	7.351230e-01	7.000000e-01	
3.962067e+02	3894	9.666687e+01	2.051049e+02	3.962067e+02	3894	6.796689e-01	7.000000e-01	
3.963085e+02	3895	9.764130e+01	2.286601e+02	3.963085e+02	3895	7.007635e-01	7.000000e-01	
3.964102e+02	3896	9.238933e+01	2.246521e+02	3.964102e+02	3896	7.085891e-01	7.000000e-01	
3.965120e+02	3897	9.532036e+01	2.285148e+02	3.965120e+02	3897	7.056516e-01	7.000000e-01	
3.966137e+02	3898	9.873551e+01	2.525692e+02	3.966137e+02	3898	7.189462e-01	7.000000e-01	
3.967155e+02	3899	8.981479e+01	2.341220e+02	3.967155e+02	3899	7.227398e-01	7.000000e-01	
3.968172e+02	3900	8.692412e+01	2.406882e+02	3.968172e+02	3900	7.346738e-01	7.000000e-01	
3.969189e+02	3901	9.780808e+01	2.368667e+02	3.969189e+02	3901	7.077519e-01	7.000000e-01	
3.970207e+02	3902	9.240194e+01	2.392897e+02	3.970207e+02	3902	7.214222e-01	7.000000e-01	
3.971224e+02	3903	9.284109e+01	2.251068e+02	3.971224e+02	3903	7.079990e-01	7.000000e-01	
3.972242e+02	3904	9.421681e+01	2.487792e+02	3.972242e+02	3904	7.253122e-01	7.000000e-01	
3.973259e+02	3905	5.166797e+01	2.104562e+02	3.973259e+02	3905	8.028874e-01	7.000000e-01	
3.974277e+02	3906	8.062518e+01	2.412844e+02	3.974277e+02	3906	7.495409e-01	7.000000e-01	
3.975294e+02	3907	7.578601e+01	2.564660e+02	3.975294e+02	3907	7.719020e-01	7.000000e-01	
3.976312e+02	3908	8.022402e+01	2.307959e+02	3.976312e+02	3908	7.420615e-01	7.000000e-01	
3.977329e+02	3909	8.497446e+01	2.221942e+02	3.977329e+02	3909	7.233622e-01	7.000000e-01	
3.978347e+02	3910	7.061099e+01	2.204557e+02	3.978347e+02	3910	7.574061e-01	7.000000e-01	
3.979364e+02	3911	8.661058e+01	2.278385e+02	3.979364e+02	3911	7.245641e-01	7.000000e-01	
3.980382e+02	3912	7.538891e+01	2.207061e+02	3.980382e+02	3912	7.453895e-01	7.000000e-01	
3.981399e+02	3913	7.198070e+01	2.340684e+02	3.981399e+02	3913	7.648067e-01	7.000000e-01	
3.982417e+02	3914	1.219378e+02	1.931184e+02	3.982417e+02	3914	6.129649e-01	7.000000e-01	
3.983434e+02	3915	7.728239e+01	2.430322e+02	3.983434e+02	3915	7.587297e-01	7.000000e-01	
3.984452e+02	3916	8.955872e+01	2.533141e+02	3.984452e+02	3916	7.387990e-01	7.000000e-01	
3.985469e+02	3917	9.211242e+01	2.329423e+02	3.985469e+02	3917	7.166249e-01	7.000000e-01	
3.986487e+02	3918	9.598133e+01	2.514852e+02	3.986487e+02	3918	7.237681e-01	7.000000e-01	
3.987504e+02	3919	9.473543e+01	2.254896e+02	3.987504e+02	3919	7.041598e-01	7.000000e-01	
3.988522e+02	3920	9.985258e+01	2.828250e+02	3.988522e+02	3920	7.390686e-01	7.000000e-01	
3.989539e+02	3921	8.964166e+01	2.399840e+02	3.989539e+02	3921	7.280501e-01	7.000000e-01	
3.990557e+02	3922	1.042815e+02	2.421422e+02	3.990557e+02	3922	6.989770e-01	7.000000e-01	
3.991574e+02	3923	9.750552e+01	2.665168e+02	3.991574e+02	3923	7.321441e-01	7.000000e-01	
3.992592e+02	3924	1.006329e+02	2.366371e+02	3.992592e+02	3924	7.016251e-01	7.000000e-01	
3.993609e+02	3925	1.161409e+02	2.154306e+02	3.993609e+02	3925	6.497259e-01	7.000000e-01	
3.994626e+02	3926	1.084215e+02	2.341624e+02	3.994626e+02	3926	6.835184e-01	7.000000e-01	
3.995644e+02	3927	9.672036e+01	2.497811e+02	3.995644e+02	3927	7.208659e-01	7.000000e-01	
3.996661e+02	3928	6.795739e+01	2.424149e+02	3.996661e+02	3928	7.810456e-01	7.000000e-01	
3.997679e+02	3929	6.609744e+01	2.461743e+02	3.997679e+02	3929	7.883336e-01	7.000000e-01	
3.998696e+02	3930	7.942548e+01	2.233830e+02	3.998696e+02	3930	7.377039e-01	7.000000e-01	
3.999714e+02	3931	8.129818e+01	2.196842e+02	3.999714e+02	3931	7.298906e-01	7.000000e-01	
4.000731e+02	3932	8.692433e+01	2.490329e+02	4.000731e+02	3932	7.412637e-01	7.000000e-01	
4.001749e+02	3933	6.911000e+01	2.423668e+02	4.001749e+02	3933	7.781215e-01	7.000000e-01	
4.002766e+02	3934	8.960374e+01	2.116966e+02	4.002766e+02	3934	7.026099e-01	7.000000e-01	
4.003784e+02	3935	7.342162e+01	2.564796e+02	4.003784e+02	3935	7.774436e-01	7.000000e-01	
4.004801e+02	3936	8.931961e+01	2.115853e+02	4.004801e+02	3936	7.031633e-01	7.000000e-01	
4.005819e+02	3937	7.740800e+01	2.027730e+02	4.005819e+02	3937	7.237215e-01	7.000000e-01	
4.006836e+02	3938	9.356220e+01	2.213153e+02	4.006836e+02	3938	7.028616e-01	7.000000e-01	
4.007854e+02	3939	9.017033e+01	2.194127e+02	4.007854e+02	3939	7.087362e-01	7.000000e-01	
4.008871e+02	3940	1.034435e+02	1.972212e+02	4.008871e+02	3940	6.559506e-01	7.000000e-01	
4.009889e+02	3941	1.062075e+02	1.962653e+02	4.009889e+02	3941	6.488693e-01	7.000000e-01	
4.010906e+02	3942	1.015754e+02	2.272257e+02	4.010906e+02	3942	6.910734e-01	7.000000e-01	
4.011924e+02	3943	9.559924e+01	2.157923e+02	4.011924e+02	3943	6.929935e-01	7.000000e-01	
4.012941e+02	3944	9.602059e+01	2.404669e+02	4.012941e+02	3944	7.146385e-01	7.000000e-01	
4.013959e+02	3945	1.052623e+02	2.099220e+02	4.013959e+02	3945	6.660294e-01	7.000000e-01	
4.014976e+02	3946	9.109648e+01	2.353238e+02	4.014976e+02	3946	7.209227e-01	7.000000e-01	
4.015994e+02	3947	9.574615e+01	2.259623e+02	4.015994e+02	3947	7.023822e-01	7.000000e-01	
4.017011e+02	3948	8.862251e+01	2.297813e+02	4.017011e+02	3948	7.216663e-01	7.000000e-01	
4.018029e+02	3949	6.813352e+01	2.379312e+02	4.018029e+02	3949	7.773885e-01	7.000000e-01	
4.019046e+02	3950	7.935958e+01	2.036252e+02	4.019046e+02	3950	7.195624e-01	7.000000e-01	
4.020063e+02	3951	7.594779e+01	2.333736e+02	4.020063e+02	3951	7.544696e-01	7.000000e-01	
4.021081e+02	3952	1.362190e+02	2.428371e+02	4.021081e+02	3952	6.406363e-01	7.000000e-01	
4.022098e+02	3953	7.809638e+01	2.330355e+02	4.022098e+02	3953	7.489927e-01	7.000000e-01	
4.023116e+02	3954	8.890557e+01	2.293391e+02	4.023116e+02	3954	7.206377e-01	7.000000e-01	
4.024133e+02	3955	7.158203e+01	2.301236e+02	4.024133e+02	3955	7.627421e-01	7.000000e-01	
4.025151e+02	3956	8.759107e+01	2.396698e+02	4.025151e+02	3956	7.323509e-01	7.000000e-01	
4.026168e+02	3957	8.477682e+01	2.086761e+02	4.026168e+02	3957	7.111059e-01	7.000000e-01	
4.027186e+02	3958	5.989106e+01	2.163500e+02	4.027186e+02	3958	7.831928e-01	7.000000e-01	
4.028203e+02	3959	8.023806e+01	2.327253e+02	4.028203e+02	3959	7.436184e-01	7.000000e-01	
4.029221e+02	3960	7.439259e+01	2.128602e+02	4.029221e+02	3960	7.410205e-01	7.000000e-01	
4.030238e+02	3961	8.426953e+01	2.249756e+02	4.030238e+02	3961	7.274992e-01	7.000000e-01	
4.031256e+02	3962	8.712722e+01	2.279175e+02	4.031256e+02	3962	7.234449e-01	7.000000e-01	
4.032273e+02	3963	8.352407e+01	2.296846e+02	4.032273e+02	3963	7.333277e-01	7.000000e-01	
4.033291e+02	3964	9.066650e+01	2.494923e+02	4.033291e+02	3964	7.334583e-01	7.000000e-01	
4.034308e+02	3965	8.701073e+01	2.302825e+02	4.034308e+02	3965	7.257719e-01	7.000000e-01	
4.035326e+02	3966	8.465650e+01	2.287980e+02	4.035326e+02	3966	7.299241e-01	7.000000e-01	
4.036343e+02	3967	9.047618e+01	2.200760e+02	4.036343e+02	3967	7.086603e-01	7.000000e-01	
4.037361e+02	3968	8.222628e+01	2.376263e+02	4.037361e+02	3968	7.429244e-01	7.000000e-01	
4.038378e+02	3969	1.029665e+02	2.453293e+02	4.038378e+02	3969	7.043705e-01	7.000000e-01	
4.039396e+02	3970	8.186541e+01	2.323548e+02	4.039396e+02	3970	7.394648e-01	7.000000e-01	
4.040413e+02	3971	1.045219e+02	2.477865e+02	4.040413e+02	3971	7.033227e-01	7.000000e-01	
4.041431e+02	3972	8.499130e+01	2.304771e+02	4.041431e+02	3972	7.305870e-01	7.000000e-01	
4.042448e+02	3973	9.513930e+01	2.422130e+02	4.042448e+02	3973	7.179824e-01	7.000000e-01	
4.043466e+02	3974	1.125929e+02	3.057020e+02	4.043466e+02	3974	7.308289e-01	7.000000e-01	
4.044483e+02	3975	9.330698e+01	2.447597e+02	4.044483e+02	3975	7.239983e-01	7.000000e-01	
4.045500e+02	3976	1.059759e+02	2.599356e+02	4.045500e+02	3976	7.103783e-01	7.000000e-01	
4.046518e+02	3977	9.776032e+01	2.532975e+02	4.046518e+02	3977	7.215264e-01	7.000000e-01	
4.047535e+02	3978	9.406473e+01	2.586791e+02	4.047535e+02	3978	7.333342e-01	7.000000e-01	
4.048553e+02	3979	1.036315e+02	2.404065e+02	4.048553e+02	3979	6.987789e-01	7.000000e-01	
4.049570e+02	3980	1.098150e+02	2.472236e+02	4.049570e+02	3980	6.924282e-01	7.000000e-01	
4.050588e+02	3981	1.010563e+02	2.497487e+02	4.050588e+02	3981	7.119303e-01	7.000000e-01	
4.051605e+02	3982	9.839148e+01	2.633173e+02	4.051605e+02	3982	7.279815e-01	7.000000e-01	
4.052623e+02	3983	8.409541e+01	2.436638e+02	4.052623e+02	3983	7.434232e-01	7.000000e-01	
4.053640e+02	3984	1.117106e+02	2.068339e+02	4.053640e+02	3984	6.493093e-01	7.000000e-01	
4.054658e+02	3985	7.545316e+01	2.348364e+02	4.054658e+02	3985	7.568298e-01	7.000000e-01	
4.055675e+02	3986	7.685304e+01	2.388227e+02	4.055675e+02	3986	7.565444e-01	7.000000e-01	
4.056693e+02	3987	7.911420e+01	2.466166e+02	4.056693e+02	3987	7.571178e-01	7.000000e-01	
4.057710e+02	3988	8.762757e+01	2.483342e+02	4.057710e+02	3988	7.391740e-01	7.000000e-01	
4.058728e+02	3989	5.742451e+01	2.459288e+02	4.058728e+02	3989	8.107009e-01	7.000000e-01	
4.059745e+02	3990	7.449077e+01	2.470193e+02	4.059745e+02	3990	7.683097e-01	7.000000e-01	
4.060763e+02	3991	7.409527e+01	2.370385e+02	4.060763e+02	3991	7.618540e-01	7.000000e-01	
4.061780e+02	3992	6.015956e+01	2.426559e+02	4.061780e+02	3992	8.013326e-01	7.000000e-01	
4.062798e+02	3993	9.049227e+01	2.550070e+02	4.062798e+02	3993	7.380826e-01	7.000000e-01	
4.063815e+02	3994	9.661668e+01	2.851360e+02	4.063815e+02	3994	7.469129e-01	7.000000e-01	
4.064833e+02	3995	1.032982e+02	2.839294e+02	4.064833e+02	3995	7.332365e-01	7.000000e-01	
4.065850e+02	3996	8.793299e+01	2.434309e+02	4.065850e+02	3996	7.346332e-01	7.000000e-01	
4.066868e+02	3997	1.025326e+02	2.690237e+02	4.066868e+02	3997	7.240456e-01	7.000000e-01	
4.067885e+02	3998	1.042397e+02	2.961220e+02	4.067885e+02	3998	7.396362e-01	7.000000e-01	
4.068903e+02	3999	1.254193e+02	2.586053e+02	4.068903e+02	3999	6.734082e-01	7.000000e-01	
4.069920e+02	4000	9.355950e+01	2.616835e+02	4.069920e+02	4000	7.366324e-01	7.000000e-01	
