time at 532nm	frame at 532nm	I_1 at 532nm(counts)	I_2 at 532nm(counts)	time at 532nm	frame at 532nm	FRET_1>2	discr.FRET_1>2	
1.017480e-01	1	1.379655e+02	3.276106e+02	1.017480e-01	1	7.036671e-01	7.000000e-01	
2.034960e-01	2	1.379655e+02	3.276106e+02	2.034960e-01	2	7.036671e-01	7.000000e-01	
3.052440e-01	3	1.291421e+02	3.301312e+02	3.052440e-01	3	7.188121e-01	7.000000e-01	
4.069920e-01	4	1.183780e+02	3.268558e+02	4.069920e-01	4	7.341217e-01	7.000000e-01	
5.087400e-01	5	1.436184e+02	3.412446e+02	5.087400e-01	5	7.037959e-01	7.000000e-01	
6.104880e-01	6	1.398549e+02	3.538535e+02	6.104880e-01	6	7.167257e-01	7.000000e-01	
7.122360e-01	7	1.017563e+02	3.159433e+02	7.122360e-01	7	7.563888e-01	7.000000e-01	
8.139840e-01	8	1.282046e+02	3.207228e+02	8.139840e-01	8	7.144202e-01	7.000000e-01	
9.157320e-01	9	1.323969e+02	3.284149e+02	9.157320e-01	9	7.126877e-01	7.000000e-01	
1.017480e+00	10	1.502536e+02	2.960118e+02	1.017480e+00	10	6.633089e-01	7.000000e-01	
1.119228e+00	11	1.499349e+02	2.960096e+02	1.119228e+00	11	6.637813e-01	7.000000e-01	
1.220976e+00	12	1.574778e+02	3.032270e+02	1.220976e+00	12	6.581807e-01	7.000000e-01	
1.322724e+00	13	1.567139e+02	2.974266e+02	1.322724e+00	13	6.549220e-01	7.000000e-01	
1.424472e+00	14	1.528163e+02	2.958771e+02	1.424472e+00	14	6.594193e-01	7.000000e-01	
1.526220e+00	15	1.515943e+02	3.323664e+02	1.526220e+00	15	6.867632e-01	7.000000e-01	
1.627968e+00	16	1.366812e+02	3.481269e+02	1.627968e+00	16	7.180715e-01	7.000000e-01	
1.729716e+00	17	1.472831e+02	3.052251e+02	1.729716e+00	17	6.745184e-01	7.000000e-01	
1.831464e+00	18	1.582157e+02	3.289184e+02	1.831464e+00	18	6.752112e-01	7.000000e-01	
1.933212e+00	19	1.564574e+02	3.322790e+02	1.933212e+00	19	6.798736e-01	7.000000e-01	
2.034960e+00	20	1.406387e+02	3.168707e+02	2.034960e+00	20	6.925993e-01	7.000000e-01	
2.136708e+00	21	1.553495e+02	3.124228e+02	2.136708e+00	21	6.678950e-01	7.000000e-01	
2.238456e+00	22	1.737413e+02	3.338825e+02	2.238456e+00	22	6.577361e-01	7.000000e-01	
2.340204e+00	23	1.346290e+02	3.338435e+02	2.340204e+00	23	7.126213e-01	7.000000e-01	
2.441952e+00	24	1.287785e+02	3.362457e+02	2.441952e+00	24	7.230714e-01	7.000000e-01	
2.543700e+00	25	1.560257e+02	3.619905e+02	2.543700e+00	25	6.988015e-01	7.000000e-01	
2.645448e+00	26	1.690568e+02	3.248089e+02	2.645448e+00	26	6.576867e-01	7.000000e-01	
2.747196e+00	27	1.833112e+02	3.182821e+02	2.747196e+00	27	6.345422e-01	7.000000e-01	
2.848944e+00	28	1.423286e+02	3.765889e+02	2.848944e+00	28	7.257202e-01	7.000000e-01	
2.950692e+00	29	1.473361e+02	3.709122e+02	2.950692e+00	29	7.157037e-01	7.000000e-01	
3.052440e+00	30	1.656214e+02	3.497027e+02	3.052440e+00	30	6.786073e-01	7.000000e-01	
3.154188e+00	31	1.722480e+02	3.357920e+02	3.154188e+00	31	6.609558e-01	7.000000e-01	
3.255936e+00	32	1.691226e+02	3.466420e+02	3.255936e+00	32	6.720934e-01	7.000000e-01	
3.357684e+00	33	1.577501e+02	3.588987e+02	3.357684e+00	33	6.946667e-01	7.000000e-01	
3.459432e+00	34	1.596863e+02	3.646376e+02	3.459432e+00	34	6.954434e-01	7.000000e-01	
3.561180e+00	35	1.543577e+02	3.520528e+02	3.561180e+00	35	6.951925e-01	7.000000e-01	
3.662928e+00	36	1.480991e+02	3.728991e+02	3.662928e+00	36	7.157397e-01	7.000000e-01	
3.764676e+00	37	1.638729e+02	3.568662e+02	3.764676e+00	37	6.853071e-01	7.000000e-01	
3.866424e+00	38	1.386234e+02	3.692919e+02	3.866424e+00	38	7.270738e-01	7.000000e-01	
3.968172e+00	39	1.424843e+02	3.645840e+02	3.968172e+00	39	7.190037e-01	7.000000e-01	
4.069920e+00	40	1.619934e+02	3.592388e+02	4.069920e+00	40	6.892107e-01	7.000000e-01	
4.171668e+00	41	1.418515e+02	3.495763e+02	4.171668e+00	41	7.113482e-01	7.000000e-01	
4.273416e+00	42	1.324206e+02	3.933340e+02	4.273416e+00	42	7.481323e-01	7.000000e-01	
4.375164e+00	43	1.454805e+02	3.652478e+02	4.375164e+00	43	7.151509e-01	7.000000e-01	
4.476912e+00	44	1.620416e+02	3.724459e+02	4.476912e+00	44	6.968281e-01	7.000000e-01	
4.578660e+00	45	1.425803e+02	3.561555e+02	4.578660e+00	45	7.141166e-01	7.000000e-01	
4.680408e+00	46	1.793533e+02	3.526231e+02	4.680408e+00	46	6.628548e-01	7.000000e-01	
4.782156e+00	47	1.560303e+02	3.559429e+02	4.782156e+00	47	6.952374e-01	7.000000e-01	
4.883904e+00	48	1.739093e+02	3.621234e+02	4.883904e+00	48	6.755621e-01	7.000000e-01	
4.985652e+00	49	1.569765e+02	2.817407e+02	4.985652e+00	49	6.421921e-01	7.000000e-01	
5.087400e+00	50	1.716125e+02	3.877669e+02	5.087400e+00	50	6.932091e-01	7.000000e-01	
5.189148e+00	51	1.733478e+02	3.369109e+02	5.189148e+00	51	6.602747e-01	7.000000e-01	
5.290896e+00	52	1.978080e+02	3.412858e+02	5.290896e+00	52	6.330731e-01	7.000000e-01	
5.392644e+00	53	1.431107e+02	3.464758e+02	5.392644e+00	53	7.076907e-01	7.000000e-01	
5.494392e+00	54	1.489465e+02	3.426893e+02	5.494392e+00	54	6.970389e-01	7.000000e-01	
5.596140e+00	55	1.568520e+02	3.864253e+02	5.596140e+00	55	7.112856e-01	7.000000e-01	
5.697888e+00	56	1.522708e+02	3.348643e+02	5.697888e+00	56	6.874157e-01	7.000000e-01	
5.799636e+00	57	1.383089e+02	3.075186e+02	5.799636e+00	57	6.897704e-01	7.000000e-01	
5.901384e+00	58	1.327694e+02	3.107515e+02	5.901384e+00	58	7.006468e-01	7.000000e-01	
6.003132e+00	59	1.501663e+02	3.233528e+02	6.003132e+00	59	6.828717e-01	7.000000e-01	
6.104880e+00	60	1.435428e+02	3.278250e+02	6.104880e+00	60	6.954760e-01	7.000000e-01	
6.206628e+00	61	1.500987e+02	3.544317e+02	6.206628e+00	61	7.024982e-01	7.000000e-01	
6.308376e+00	62	1.514920e+02	3.082224e+02	6.308376e+00	62	6.704650e-01	7.000000e-01	
6.410124e+00	63	1.431461e+02	3.227842e+02	6.410124e+00	63	6.927736e-01	7.000000e-01	
6.511872e+00	64	1.384452e+02	3.221402e+02	6.511872e+00	64	6.994147e-01	7.000000e-01	
6.613620e+00	65	1.695084e+02	2.940650e+02	6.613620e+00	65	6.343440e-01	7.000000e-01	
6.715368e+00	66	1.354395e+02	3.224524e+02	6.715368e+00	66	7.042108e-01	7.000000e-01	
6.817116e+00	67	1.473926e+02	3.206744e+02	6.817116e+00	67	6.851036e-01	7.000000e-01	
6.918864e+00	68	1.416430e+02	3.441197e+02	6.918864e+00	68	7.084111e-01	7.000000e-01	
7.020612e+00	69	1.482304e+02	3.252628e+02	7.020612e+00	69	6.869429e-01	7.000000e-01	
7.122360e+00	70	1.156202e+02	3.249895e+02	7.122360e+00	70	7.375904e-01	7.000000e-01	
7.224108e+00	71	1.495530e+02	3.260714e+02	7.224108e+00	71	6.855649e-01	7.000000e-01	
7.325856e+00	72	1.257732e+02	3.223081e+02	7.325856e+00	72	7.193072e-01	7.000000e-01	
7.427604e+00	73	1.433955e+02	3.267142e+02	7.427604e+00	73	6.949744e-01	7.000000e-01	
7.529352e+00	74	1.384991e+02	3.259004e+02	7.529352e+00	74	7.017673e-01	7.000000e-01	
7.631100e+00	75	1.514496e+02	3.346837e+02	7.631100e+00	75	6.884608e-01	7.000000e-01	
7.732848e+00	76	1.347690e+02	3.560976e+02	7.732848e+00	76	7.254468e-01	7.000000e-01	
7.834596e+00	77	1.468890e+02	3.356384e+02	7.834596e+00	77	6.955841e-01	7.000000e-01	
7.936344e+00	78	1.495555e+02	3.258675e+02	7.936344e+00	78	6.854265e-01	7.000000e-01	
8.038092e+00	79	1.695269e+02	3.293873e+02	8.038092e+00	79	6.602083e-01	7.000000e-01	
8.139840e+00	80	1.740249e+02	3.399764e+02	8.139840e+00	80	6.614310e-01	7.000000e-01	
8.241588e+00	81	1.421575e+02	3.321651e+02	8.241588e+00	81	7.002936e-01	7.000000e-01	
8.343336e+00	82	1.647504e+02	3.363005e+02	8.343336e+00	82	6.711903e-01	7.000000e-01	
8.445084e+00	83	1.635246e+02	3.392818e+02	8.445084e+00	83	6.747762e-01	7.000000e-01	
8.546832e+00	84	1.801350e+02	3.386478e+02	8.546832e+00	84	6.527738e-01	7.000000e-01	
8.648580e+00	85	1.798898e+02	3.283903e+02	8.648580e+00	85	6.460814e-01	7.000000e-01	
8.750328e+00	86	1.665403e+02	3.127437e+02	8.750328e+00	86	6.525227e-01	7.000000e-01	
8.852076e+00	87	1.489869e+02	3.574437e+02	8.852076e+00	87	7.058098e-01	7.000000e-01	
8.953824e+00	88	1.608099e+02	3.490752e+02	8.953824e+00	88	6.846154e-01	7.000000e-01	
9.055572e+00	89	1.654678e+02	3.303342e+02	9.055572e+00	89	6.662623e-01	7.000000e-01	
9.157320e+00	90	1.664158e+02	3.446931e+02	9.157320e+00	90	6.744025e-01	7.000000e-01	
9.259068e+00	91	1.624887e+02	3.599950e+02	9.259068e+00	91	6.890071e-01	7.000000e-01	
9.360816e+00	92	1.696642e+02	3.185389e+02	9.360816e+00	92	6.524721e-01	7.000000e-01	
9.462564e+00	93	1.765041e+02	3.203240e+02	9.462564e+00	93	6.447381e-01	7.000000e-01	
9.564312e+00	94	1.552760e+02	3.517445e+02	9.564312e+00	94	6.937481e-01	7.000000e-01	
9.666060e+00	95	1.599108e+02	3.152522e+02	9.666060e+00	95	6.634612e-01	7.000000e-01	
9.767808e+00	96	1.666864e+02	3.426161e+02	9.767808e+00	96	6.727163e-01	7.000000e-01	
9.869556e+00	97	1.429402e+02	3.484421e+02	9.869556e+00	97	7.091059e-01	7.000000e-01	
9.971304e+00	98	1.828120e+02	3.136746e+02	9.971304e+00	98	6.317887e-01	7.000000e-01	
1.007305e+01	99	1.713273e+02	3.181259e+02	1.007305e+01	99	6.499618e-01	7.000000e-01	
1.017480e+01	100	1.431731e+02	3.470166e+02	1.017480e+01	100	7.079231e-01	7.000000e-01	
1.027655e+01	101	1.459898e+02	3.362296e+02	1.027655e+01	101	6.972544e-01	7.000000e-01	
1.037830e+01	102	1.109111e+02	3.543162e+02	1.037830e+01	102	7.615980e-01	7.000000e-01	
1.048004e+01	103	1.042714e+02	3.615969e+02	1.048004e+01	103	7.761784e-01	7.000000e-01	
1.058179e+01	104	1.179344e+02	3.455990e+02	1.058179e+01	104	7.455752e-01	7.000000e-01	
1.068354e+01	105	9.911477e+01	3.571955e+02	1.068354e+01	105	7.827908e-01	7.000000e-01	
1.078529e+01	106	1.744278e+02	3.195000e+02	1.078529e+01	106	6.468557e-01	7.000000e-01	
1.088704e+01	107	1.176452e+02	3.549631e+02	1.088704e+01	107	7.510725e-01	7.000000e-01	
1.098878e+01	108	1.696977e+02	3.117672e+02	1.098878e+01	108	6.475388e-01	7.000000e-01	
1.109053e+01	109	1.698296e+02	3.483518e+02	1.109053e+01	109	6.722584e-01	7.000000e-01	
1.119228e+01	110	2.077372e+02	2.735643e+02	1.119228e+01	110	5.683845e-01	7.000000e-01	
1.129403e+01	111	1.510169e+02	3.051668e+02	1.129403e+01	111	6.689559e-01	7.000000e-01	
1.139578e+01	112	1.798042e+02	3.188174e+02	1.139578e+01	112	6.393975e-01	7.000000e-01	
1.149752e+01	113	1.624847e+02	2.574681e+02	1.149752e+01	113	6.130882e-01	7.000000e-01	
1.159927e+01	114	1.740997e+02	3.273639e+02	1.159927e+01	114	6.528169e-01	7.000000e-01	
1.170102e+01	115	1.395540e+02	3.109877e+02	1.170102e+01	115	6.902529e-01	7.000000e-01	
1.180277e+01	116	5.884021e+02	-2.018425e+00	1.180277e+01	116	-3.442158e-03	0	
1.190452e+01	117	5.635825e+02	-3.931534e+00	1.190452e+01	117	-7.024975e-03	0	
1.200626e+01	118	5.653816e+02	6.495740e+00	1.200626e+01	118	1.135862e-02	0	
1.210801e+01	119	5.736415e+02	1.470489e+01	1.210801e+01	119	2.499359e-02	0	
1.220976e+01	120	5.673124e+02	1.434811e+01	1.220976e+01	120	2.466750e-02	0	
1.231151e+01	121	5.774130e+02	2.401434e+00	1.231151e+01	121	4.141729e-03	0	
1.241326e+01	122	5.635652e+02	-8.285869e+00	1.241326e+01	122	-1.492198e-02	0	
1.251500e+01	123	5.266214e+02	2.182251e+01	1.251500e+01	123	3.978987e-02	0	
1.261675e+01	124	5.855244e+02	-1.035103e+01	1.261675e+01	124	-1.799637e-02	0	
1.271850e+01	125	5.199377e+02	1.465791e+01	1.271850e+01	125	2.741869e-02	0	
1.282025e+01	126	5.266250e+02	6.679620e+00	1.282025e+01	126	1.252496e-02	0	
1.292200e+01	127	5.151263e+02	2.956345e+01	1.292200e+01	127	5.427576e-02	0	
1.302374e+01	128	5.206087e+02	-1.075483e+01	1.302374e+01	128	-2.109395e-02	0	
1.312549e+01	129	5.406394e+02	1.388055e+01	1.312549e+01	129	2.503165e-02	0	
1.322724e+01	130	5.104354e+02	-8.863513e+00	1.322724e+01	130	-1.767147e-02	0	
1.332899e+01	131	5.417778e+02	1.497631e+01	1.332899e+01	131	2.689933e-02	0	
1.343074e+01	132	5.651929e+02	-2.378077e+01	1.343074e+01	132	-4.392360e-02	0	
1.353248e+01	133	5.259448e+02	7.971362e+00	1.353248e+01	133	1.492999e-02	0	
1.363423e+01	134	5.879504e+02	-4.281811e+01	1.363423e+01	134	-7.854627e-02	0	
1.373598e+01	135	5.362001e+02	-1.553188e+00	1.373598e+01	135	-2.905072e-03	0	
1.383773e+01	136	5.460391e+02	-1.787532e+01	1.383773e+01	136	-3.384427e-02	0	
1.393948e+01	137	5.396451e+02	-1.961141e+01	1.393948e+01	137	-3.771181e-02	0	
1.404122e+01	138	5.863121e+02	-3.450186e+01	1.404122e+01	138	-6.252486e-02	0	
1.414297e+01	139	5.298659e+02	-1.893203e+01	1.414297e+01	139	-3.705378e-02	0	
1.424472e+01	140	5.106996e+02	6.032468e+00	1.424472e+01	140	1.167427e-02	0	
1.434647e+01	141	5.319638e+02	-3.001325e+01	1.434647e+01	141	-5.979324e-02	0	
1.444822e+01	142	5.413232e+02	-1.773772e+01	1.444822e+01	142	-3.387741e-02	0	
1.454996e+01	143	4.904663e+02	2.554537e+01	1.454996e+01	143	4.950541e-02	0	
1.465171e+01	144	4.992847e+02	1.485192e+01	1.465171e+01	144	2.888711e-02	0	
1.475346e+01	145	5.112428e+02	1.586374e+00	1.475346e+01	145	3.093377e-03	0	
1.485521e+01	146	5.036223e+02	8.896043e+00	1.485521e+01	146	1.735751e-02	0	
1.495696e+01	147	5.266432e+02	2.053978e+00	1.495696e+01	147	3.884980e-03	0	
1.505870e+01	148	4.942377e+02	-1.205106e+01	1.505870e+01	148	-2.499252e-02	0	
1.516045e+01	149	4.993173e+02	2.020865e+01	1.516045e+01	149	3.889825e-02	0	
1.526220e+01	150	5.017931e+02	8.623789e+00	1.526220e+01	150	1.689558e-02	0	
1.536395e+01	151	4.778745e+02	4.983896e+00	1.536395e+01	151	1.032165e-02	0	
1.546570e+01	152	5.231464e+02	4.272927e+01	1.546570e+01	152	7.551000e-02	0	
1.556744e+01	153	5.229123e+02	8.402459e+00	1.556744e+01	153	1.581447e-02	0	
1.566919e+01	154	5.150985e+02	5.897528e+00	1.566919e+01	154	1.131972e-02	0	
1.577094e+01	155	5.465040e+02	1.450853e+01	1.577094e+01	155	2.586133e-02	0	
1.587269e+01	156	5.830551e+02	-1.117432e+01	1.587269e+01	156	-1.953960e-02	0	
1.597444e+01	157	6.459527e+02	1.468958e+01	1.597444e+01	157	2.223530e-02	0	
1.607618e+01	158	6.173255e+02	3.610836e-01	1.607618e+01	158	5.845741e-04	0	
1.617793e+01	159	5.730072e+02	-7.032632e-01	1.617793e+01	159	-1.228828e-03	0	
1.627968e+01	160	5.753317e+02	1.297983e+01	1.627968e+01	160	2.206285e-02	0	
1.638143e+01	161	5.567792e+02	-8.866894e+00	1.638143e+01	161	-1.618305e-02	0	
1.648318e+01	162	5.872892e+02	-2.430396e+00	1.648318e+01	162	-4.155526e-03	0	
1.658492e+01	163	5.982033e+02	-2.296886e+00	1.658492e+01	163	-3.854441e-03	0	
1.668667e+01	164	5.539383e+02	1.533959e+01	1.668667e+01	164	2.694570e-02	0	
1.678842e+01	165	5.358924e+02	-3.196383e+01	1.678842e+01	165	-6.342929e-02	0	
1.689017e+01	166	5.795673e+02	-1.656395e+01	1.689017e+01	166	-2.942070e-02	0	
1.699192e+01	167	5.821030e+02	-4.227290e+00	1.699192e+01	167	-7.315224e-03	0	
1.709366e+01	168	5.678149e+02	4.389581e+00	1.709366e+01	168	7.671350e-03	0	
1.719541e+01	169	5.556357e+02	4.972671e+00	1.719541e+01	169	8.870133e-03	0	
1.729716e+01	170	5.607790e+02	7.404141e+00	1.729716e+01	170	1.303126e-02	0	
1.739891e+01	171	6.055126e+02	-2.641926e+00	1.739891e+01	171	-4.382243e-03	0	
1.750066e+01	172	6.010919e+02	-5.404209e+00	1.750066e+01	172	-9.072219e-03	0	
1.760240e+01	173	6.123618e+02	-1.120360e+00	1.760240e+01	173	-1.832925e-03	0	
1.770415e+01	174	6.251008e+02	-2.439043e+01	1.770415e+01	174	-4.060265e-02	0	
1.780590e+01	175	5.853215e+02	3.995267e+00	1.780590e+01	175	6.779490e-03	0	
1.790765e+01	176	5.969597e+02	9.034818e+00	1.790765e+01	176	1.490908e-02	0	
1.800940e+01	177	6.138775e+02	-5.115774e+00	1.800940e+01	177	-8.403574e-03	0	
1.811114e+01	178	6.010327e+02	-2.778014e+01	1.811114e+01	178	-4.846056e-02	0	
1.821289e+01	179	6.090887e+02	1.153862e+00	1.821289e+01	179	1.890825e-03	0	
1.831464e+01	180	5.706827e+02	-1.979584e+01	1.831464e+01	180	-3.593449e-02	0	
1.841639e+01	181	5.781067e+02	-1.147775e+01	1.841639e+01	181	-2.025620e-02	0	
1.851814e+01	182	5.746380e+02	-2.598011e+01	1.851814e+01	182	-4.735211e-02	0	
1.861988e+01	183	5.622411e+02	-3.913978e-01	1.861988e+01	183	-6.966237e-04	0	
1.872163e+01	184	5.258093e+02	-1.307986e+01	1.872163e+01	184	-2.551026e-02	0	
1.882338e+01	185	5.857060e+02	-1.725294e+01	1.882338e+01	185	-3.035069e-02	0	
1.892513e+01	186	6.293147e+02	-6.372327e+00	1.892513e+01	186	-1.022940e-02	0	
1.902688e+01	187	6.186093e+02	-7.365271e+00	1.902688e+01	187	-1.204964e-02	0	
1.912862e+01	188	6.140341e+02	-3.903500e+00	1.912862e+01	188	-6.397811e-03	0	
1.923037e+01	189	5.714521e+02	-4.557680e+00	1.923037e+01	189	-8.039733e-03	0	
1.933212e+01	190	6.010036e+02	1.386492e+00	1.933212e+01	190	2.301651e-03	0	
1.943387e+01	191	6.785679e+02	-1.222892e+01	1.943387e+01	191	-1.835240e-02	0	
1.953562e+01	192	6.800166e+02	-2.843929e+01	1.953562e+01	192	-4.364684e-02	0	
1.963736e+01	193	6.586796e+02	-8.082753e+00	1.963736e+01	193	-1.242360e-02	0	
1.973911e+01	194	6.687531e+02	-2.451955e+01	1.973911e+01	194	-3.806003e-02	0	
1.984086e+01	195	6.828230e+02	-2.959638e+01	1.984086e+01	195	-4.530798e-02	0	
1.994261e+01	196	6.475470e+02	-2.728151e+00	1.994261e+01	196	-4.230880e-03	0	
2.004436e+01	197	6.366470e+02	-7.949630e+00	2.004436e+01	197	-1.264461e-02	0	
2.014610e+01	198	6.406484e+02	1.476091e+00	2.014610e+01	198	2.298761e-03	0	
2.024785e+01	199	6.185354e+02	-4.597232e+00	2.024785e+01	199	-7.488103e-03	0	
2.034960e+01	200	6.408482e+02	-6.044911e+00	2.034960e+01	200	-9.522495e-03	0	
2.045135e+01	201	6.583331e+02	-1.291130e+01	2.045135e+01	201	-2.000444e-02	0	
2.055310e+01	202	6.533124e+02	-3.803413e+00	2.055310e+01	202	-5.855828e-03	0	
2.065484e+01	203	6.441903e+02	2.051666e+00	2.065484e+01	203	3.174764e-03	0	
2.075659e+01	204	5.799334e+02	6.351595e+00	2.075659e+01	204	1.083363e-02	0	
2.085834e+01	205	5.815505e+02	-4.166321e+00	2.085834e+01	205	-7.215856e-03	0	
2.096009e+01	206	6.299711e+02	-4.769762e+00	2.096009e+01	206	-7.629162e-03	0	
2.106184e+01	207	5.653016e+02	8.497084e+00	2.106184e+01	207	1.480848e-02	0	
2.116358e+01	208	5.607359e+02	1.069132e+01	2.116358e+01	208	1.870985e-02	0	
2.126533e+01	209	5.633732e+02	-7.267222e+00	2.126533e+01	209	-1.306805e-02	0	
2.136708e+01	210	5.600749e+02	4.920727e+00	2.136708e+01	210	8.709319e-03	0	
2.146883e+01	211	5.424826e+02	3.878544e+01	2.146883e+01	211	6.672557e-02	0	
2.157058e+01	212	5.713941e+02	7.920324e+00	2.157058e+01	212	1.367189e-02	0	
2.167232e+01	213	5.554954e+02	-1.723261e+00	2.167232e+01	213	-3.111859e-03	0	
2.177407e+01	214	5.404069e+02	9.782954e+00	2.177407e+01	214	1.778105e-02	0	
2.187582e+01	215	5.626228e+02	5.882414e+00	2.187582e+01	215	1.034716e-02	0	
2.197757e+01	216	5.702951e+02	-4.868451e-01	2.197757e+01	216	-8.544016e-04	0	
2.207932e+01	217	5.392470e+02	1.314607e+01	2.207932e+01	217	2.379840e-02	0	
2.218106e+01	218	5.190950e+02	2.836798e+01	2.218106e+01	218	5.181717e-02	0	
2.228281e+01	219	5.593282e+02	2.457830e+01	2.228281e+01	219	4.209287e-02	0	
2.238456e+01	220	5.062934e+02	1.327692e+01	2.238456e+01	220	2.555365e-02	0	
2.248631e+01	221	5.063941e+02	2.229630e+01	2.248631e+01	221	4.217270e-02	0	
2.258806e+01	222	5.164941e+02	-1.140666e+01	2.258806e+01	222	-2.258354e-02	0	
2.268980e+01	223	5.060624e+02	1.165672e+01	2.268980e+01	223	2.251553e-02	0	
2.279155e+01	224	4.728915e+02	-1.650212e+01	2.279155e+01	224	-3.615798e-02	0	
2.289330e+01	225	5.469911e+02	3.793423e+01	2.289330e+01	225	6.485312e-02	0	
2.299505e+01	226	5.604402e+02	5.029659e+01	2.299505e+01	226	8.235395e-02	0	
2.309680e+01	227	5.695635e+02	3.177313e+01	2.309680e+01	227	5.283751e-02	0	
2.319854e+01	228	5.401117e+02	4.695256e+01	2.319854e+01	228	7.997857e-02	0	
2.330029e+01	229	5.687828e+02	5.813270e+01	2.330029e+01	229	9.272813e-02	0	
2.340204e+01	230	5.251387e+02	3.667777e+01	2.340204e+01	230	6.528426e-02	0	
2.350379e+01	231	5.279603e+02	6.743712e+01	2.350379e+01	231	1.132640e-01	0	
2.360554e+01	232	6.226612e+02	8.086164e+00	2.360554e+01	232	1.281997e-02	0	
2.370728e+01	233	6.394077e+02	1.014509e+01	2.370728e+01	233	1.561858e-02	0	
2.380903e+01	234	6.399060e+02	3.138130e+00	2.380903e+01	234	4.880116e-03	0	
2.391078e+01	235	6.496980e+02	1.331093e+01	2.391078e+01	235	2.007655e-02	0	
2.401253e+01	236	6.184704e+02	1.290250e+01	2.401253e+01	236	2.043563e-02	0	
2.411428e+01	237	6.009348e+02	-1.359553e+01	2.411428e+01	237	-2.314766e-02	0	
2.421602e+01	238	5.939487e+02	9.177399e+00	2.421602e+01	238	1.521639e-02	0	
2.431777e+01	239	6.254418e+02	7.637932e+00	2.431777e+01	239	1.206472e-02	0	
2.441952e+01	240	5.766488e+02	-3.373165e+00	2.441952e+01	240	-5.884019e-03	0	
2.452127e+01	241	5.819421e+02	-1.313518e+01	2.452127e+01	241	-2.309251e-02	0	
2.462302e+01	242	6.013014e+02	1.172894e+01	2.462302e+01	242	1.913272e-02	0	
2.472476e+01	243	5.758984e+02	2.047841e+01	2.472476e+01	243	3.433804e-02	0	
2.482651e+01	244	5.502888e+02	-2.058509e+00	2.482651e+01	244	-3.754825e-03	0	
2.492826e+01	245	6.119993e+02	5.747545e+00	2.492826e+01	245	9.304046e-03	0	
2.503001e+01	246	5.504589e+02	-3.471942e-01	2.503001e+01	246	-6.311340e-04	0	
2.513176e+01	247	5.001630e+02	-3.271865e+01	2.513176e+01	247	-6.999475e-02	0	
2.523350e+01	248	5.356105e+02	-3.607285e+00	2.523350e+01	248	-6.780570e-03	0	
2.533525e+01	249	5.811803e+02	2.519934e+01	2.533525e+01	249	4.155704e-02	0	
2.543700e+01	250	5.608303e+02	-1.625379e+01	2.543700e+01	250	-2.984666e-02	0	
2.553875e+01	251	5.612465e+02	-5.858424e+00	2.553875e+01	251	-1.054834e-02	0	
2.564050e+01	252	5.586737e+02	-2.677341e+00	2.564050e+01	252	-4.815393e-03	0	
2.574224e+01	253	5.276799e+02	-2.799131e+01	2.574224e+01	253	-5.601751e-02	0	
2.584399e+01	254	5.525073e+02	6.721698e+00	2.584399e+01	254	1.201958e-02	0	
2.594574e+01	255	5.740656e+02	2.732005e+00	2.594574e+01	255	4.736505e-03	0	
2.604749e+01	256	5.436228e+02	5.747413e+00	2.604749e+01	256	1.046182e-02	0	
2.614924e+01	257	5.589489e+02	-6.764902e+00	2.614924e+01	257	-1.225117e-02	0	
2.625098e+01	258	5.642230e+02	9.283416e-01	2.625098e+01	258	1.642642e-03	0	
2.635273e+01	259	5.656763e+02	-7.718026e+00	2.635273e+01	259	-1.383262e-02	0	
2.645448e+01	260	5.293874e+02	4.371595e+01	2.645448e+01	260	7.627935e-02	0	
2.655623e+01	261	5.130813e+02	1.867522e+01	2.655623e+01	261	3.511987e-02	0	
2.665798e+01	262	6.662036e+02	-4.617446e+00	2.665798e+01	262	-6.979357e-03	0	
2.675972e+01	263	6.268471e+02	-6.135442e+00	2.675972e+01	263	-9.884528e-03	0	
2.686147e+01	264	6.144789e+02	2.630834e+01	2.686147e+01	264	4.105628e-02	0	
2.696322e+01	265	4.480652e+02	1.490814e+02	2.696322e+01	265	2.496563e-01	0	
2.706497e+01	266	1.653338e+02	3.667982e+02	2.706497e+01	266	6.892993e-01	7.000000e-01	
2.716672e+01	267	1.447812e+02	3.415425e+02	2.716672e+01	267	7.022946e-01	7.000000e-01	
2.726846e+01	268	1.373590e+02	3.346785e+02	2.726846e+01	268	7.090083e-01	7.000000e-01	
2.737021e+01	269	1.663624e+02	3.677752e+02	2.737021e+01	269	6.885402e-01	7.000000e-01	
2.747196e+01	270	1.420989e+02	3.304719e+02	2.747196e+01	270	6.993066e-01	7.000000e-01	
2.757371e+01	271	1.518024e+02	3.343363e+02	2.757371e+01	271	6.877385e-01	7.000000e-01	
2.767546e+01	272	1.480582e+02	3.395793e+02	2.767546e+01	272	6.963765e-01	7.000000e-01	
2.777720e+01	273	1.515554e+02	3.057353e+02	2.777720e+01	273	6.685797e-01	7.000000e-01	
2.787895e+01	274	1.476619e+02	3.396588e+02	2.787895e+01	274	6.969924e-01	7.000000e-01	
2.798070e+01	275	1.392542e+02	3.338243e+02	2.798070e+01	275	7.056425e-01	7.000000e-01	
2.808245e+01	276	1.380350e+02	2.958214e+02	2.808245e+01	276	6.818417e-01	7.000000e-01	
2.818420e+01	277	1.563691e+02	3.048951e+02	2.818420e+01	277	6.609988e-01	7.000000e-01	
2.828594e+01	278	1.571809e+02	3.073987e+02	2.828594e+01	278	6.616707e-01	7.000000e-01	
2.838769e+01	279	1.407517e+02	3.250531e+02	2.838769e+01	279	6.978312e-01	7.000000e-01	
2.848944e+01	280	1.466624e+02	2.922441e+02	2.848944e+01	280	6.658459e-01	7.000000e-01	
2.859119e+01	281	1.435033e+02	3.151631e+02	2.859119e+01	281	6.871293e-01	7.000000e-01	
2.869294e+01	282	1.094457e+02	3.036743e+02	2.869294e+01	282	7.350753e-01	7.000000e-01	
2.879468e+01	283	1.399079e+02	3.138327e+02	2.879468e+01	283	6.916566e-01	7.000000e-01	
2.889643e+01	284	1.326744e+02	3.321652e+02	2.889643e+01	284	7.145803e-01	7.000000e-01	
2.899818e+01	285	1.446291e+02	2.965038e+02	2.899818e+01	285	6.721417e-01	7.000000e-01	
2.909993e+01	286	1.444505e+02	2.963807e+02	2.909993e+01	286	6.723224e-01	7.000000e-01	
2.920168e+01	287	1.398172e+02	3.030434e+02	2.920168e+01	287	6.842862e-01	7.000000e-01	
2.930342e+01	288	1.419785e+02	3.629439e+02	2.930342e+01	288	7.188112e-01	7.000000e-01	
2.940517e+01	289	1.149188e+02	3.795426e+02	2.940517e+01	289	7.675879e-01	7.000000e-01	
2.950692e+01	290	1.599632e+02	3.792480e+02	2.950692e+01	290	7.033385e-01	7.000000e-01	
2.960867e+01	291	1.146475e+02	3.534587e+02	2.960867e+01	291	7.550823e-01	7.000000e-01	
2.971042e+01	292	1.405509e+02	3.803479e+02	2.971042e+01	292	7.301762e-01	7.000000e-01	
2.981216e+01	293	1.493423e+02	3.646965e+02	2.981216e+01	293	7.094727e-01	7.000000e-01	
2.991391e+01	294	1.511074e+02	4.071831e+02	2.991391e+01	294	7.293391e-01	7.000000e-01	
3.001566e+01	295	1.368962e+02	3.782571e+02	3.001566e+01	295	7.342612e-01	7.000000e-01	
3.011741e+01	296	1.513503e+02	3.124855e+02	3.011741e+01	296	6.736985e-01	7.000000e-01	
3.021916e+01	297	1.859064e+02	2.958899e+02	3.021916e+01	297	6.141390e-01	7.000000e-01	
3.032090e+01	298	1.189996e+02	3.187620e+02	3.032090e+01	298	7.281635e-01	7.000000e-01	
3.042265e+01	299	1.616460e+02	3.309834e+02	3.042265e+01	299	6.718710e-01	7.000000e-01	
3.052440e+01	300	1.470942e+02	3.355414e+02	3.052440e+01	300	6.952272e-01	7.000000e-01	
3.062615e+01	301	1.523515e+02	3.313847e+02	3.062615e+01	301	6.850525e-01	7.000000e-01	
3.072790e+01	302	1.576519e+02	3.713884e+02	3.072790e+01	302	7.020040e-01	7.000000e-01	
3.082964e+01	303	1.555476e+02	3.654820e+02	3.082964e+01	303	7.014611e-01	7.000000e-01	
3.093139e+01	304	1.792657e+02	3.651131e+02	3.093139e+01	304	6.706968e-01	7.000000e-01	
3.103314e+01	305	1.852778e+02	3.613624e+02	3.103314e+01	305	6.610608e-01	7.000000e-01	
3.113489e+01	306	1.498681e+02	3.030010e+02	3.113489e+01	306	6.690697e-01	7.000000e-01	
3.123664e+01	307	1.296230e+02	3.357499e+02	3.123664e+01	307	7.214642e-01	7.000000e-01	
3.133838e+01	308	1.605409e+02	3.074864e+02	3.133838e+01	308	6.569839e-01	7.000000e-01	
3.144013e+01	309	1.688497e+02	3.205055e+02	3.144013e+01	309	6.549547e-01	7.000000e-01	
3.154188e+01	310	1.530113e+02	3.431731e+02	3.154188e+01	310	6.916241e-01	7.000000e-01	
3.164363e+01	311	1.586199e+02	2.974653e+02	3.164363e+01	311	6.522143e-01	7.000000e-01	
3.174538e+01	312	1.809348e+02	3.529472e+02	3.174538e+01	312	6.610959e-01	7.000000e-01	
3.184712e+01	313	1.454724e+02	3.228200e+02	3.184712e+01	313	6.893556e-01	7.000000e-01	
3.194887e+01	314	1.721595e+02	3.469757e+02	3.194887e+01	314	6.683725e-01	7.000000e-01	
3.205062e+01	315	1.777794e+02	3.773461e+02	3.205062e+01	315	6.797492e-01	7.000000e-01	
3.215237e+01	316	1.756589e+02	3.340439e+02	3.215237e+01	316	6.553700e-01	7.000000e-01	
3.225412e+01	317	1.620620e+02	3.249771e+02	3.225412e+01	317	6.672505e-01	7.000000e-01	
3.235586e+01	318	1.787312e+02	3.444023e+02	3.235586e+01	318	6.583450e-01	7.000000e-01	
3.245761e+01	319	1.853646e+02	3.546547e+02	3.245761e+01	319	6.567445e-01	7.000000e-01	
3.255936e+01	320	1.809273e+02	3.613422e+02	3.255936e+01	320	6.663517e-01	7.000000e-01	
3.266111e+01	321	1.750383e+02	3.556194e+02	3.266111e+01	321	6.701484e-01	7.000000e-01	
3.276286e+01	322	1.336271e+02	3.402959e+02	3.276286e+01	322	7.180405e-01	7.000000e-01	
3.286460e+01	323	1.403623e+02	3.321907e+02	3.286460e+01	323	7.029702e-01	7.000000e-01	
3.296635e+01	324	1.638196e+02	3.194282e+02	3.296635e+01	324	6.610029e-01	7.000000e-01	
3.306810e+01	325	1.541854e+02	3.317292e+02	3.306810e+01	325	6.826903e-01	7.000000e-01	
3.316985e+01	326	1.539819e+02	3.426470e+02	3.316985e+01	326	6.899458e-01	7.000000e-01	
3.327160e+01	327	1.788401e+02	3.166634e+02	3.327160e+01	327	6.390740e-01	7.000000e-01	
3.337334e+01	328	1.487505e+02	3.293906e+02	3.337334e+01	328	6.888983e-01	7.000000e-01	
3.347509e+01	329	1.420792e+02	3.488642e+02	3.347509e+01	329	7.105996e-01	7.000000e-01	
3.357684e+01	330	1.472625e+02	3.606903e+02	3.357684e+01	330	7.100863e-01	7.000000e-01	
3.367859e+01	331	1.502445e+02	3.348032e+02	3.367859e+01	331	6.902480e-01	7.000000e-01	
3.378034e+01	332	1.788382e+02	3.331252e+02	3.378034e+01	332	6.506817e-01	7.000000e-01	
3.388208e+01	333	1.792455e+02	3.395638e+02	3.388208e+01	333	6.545060e-01	7.000000e-01	
3.398383e+01	334	1.517116e+02	3.457994e+02	3.398383e+01	334	6.950588e-01	7.000000e-01	
3.408558e+01	335	1.482594e+02	3.588298e+02	3.408558e+01	335	7.076266e-01	7.000000e-01	
3.418733e+01	336	1.646265e+02	3.462441e+02	3.418733e+01	336	6.777530e-01	7.000000e-01	
3.428908e+01	337	1.830171e+02	3.292862e+02	3.428908e+01	337	6.427564e-01	7.000000e-01	
3.439082e+01	338	1.560671e+02	3.485028e+02	3.439082e+01	338	6.906928e-01	7.000000e-01	
3.449257e+01	339	1.654226e+02	3.430863e+02	3.449257e+01	339	6.746908e-01	7.000000e-01	
3.459432e+01	340	1.904090e+02	3.204578e+02	3.459432e+01	340	6.272825e-01	7.000000e-01	
3.469607e+01	341	1.865986e+02	3.383436e+02	3.469607e+01	341	6.445350e-01	7.000000e-01	
3.479782e+01	342	1.709353e+02	3.440120e+02	3.479782e+01	342	6.680528e-01	7.000000e-01	
3.489956e+01	343	1.681665e+02	3.349709e+02	3.489956e+01	343	6.657643e-01	7.000000e-01	
3.500131e+01	344	1.886245e+02	3.372143e+02	3.500131e+01	344	6.412884e-01	7.000000e-01	
3.510306e+01	345	1.629622e+02	3.284370e+02	3.510306e+01	345	6.683711e-01	7.000000e-01	
3.520481e+01	346	1.320859e+02	3.314831e+02	3.520481e+01	346	7.150674e-01	7.000000e-01	
3.530656e+01	347	1.214330e+02	3.108125e+02	3.530656e+01	347	7.190647e-01	7.000000e-01	
3.540830e+01	348	1.176406e+02	3.281630e+02	3.540830e+01	348	7.361156e-01	7.000000e-01	
3.551005e+01	349	1.076271e+02	3.291652e+02	3.551005e+01	349	7.535966e-01	7.000000e-01	
3.561180e+01	350	2.262001e+02	3.387083e+02	3.561180e+01	350	5.995809e-01	7.000000e-01	
3.571355e+01	351	2.038907e+02	3.256558e+02	3.571355e+01	351	6.149711e-01	7.000000e-01	
3.581530e+01	352	2.103822e+02	3.493909e+02	3.581530e+01	352	6.241652e-01	7.000000e-01	
3.591704e+01	353	1.309143e+02	3.347640e+02	3.591704e+01	353	7.188740e-01	7.000000e-01	
3.601879e+01	354	1.374787e+02	3.615055e+02	3.601879e+01	354	7.244829e-01	7.000000e-01	
3.612054e+01	355	1.515140e+02	3.271181e+02	3.612054e+01	355	6.834437e-01	7.000000e-01	
3.622229e+01	356	1.430586e+02	3.317295e+02	3.622229e+01	356	6.986896e-01	7.000000e-01	
3.632404e+01	357	1.422549e+02	2.985984e+02	3.632404e+01	357	6.773192e-01	7.000000e-01	
3.642578e+01	358	1.221772e+02	3.465314e+02	3.642578e+01	358	7.393323e-01	7.000000e-01	
3.652753e+01	359	1.558764e+02	3.355550e+02	3.652753e+01	359	6.828115e-01	7.000000e-01	
3.662928e+01	360	1.446055e+02	3.545136e+02	3.662928e+01	360	7.102786e-01	7.000000e-01	
3.673103e+01	361	1.470053e+02	3.598968e+02	3.673103e+01	361	7.099927e-01	7.000000e-01	
3.683278e+01	362	1.474367e+02	3.227723e+02	3.683278e+01	362	6.864443e-01	7.000000e-01	
3.693452e+01	363	1.368760e+02	3.734368e+02	3.693452e+01	363	7.317802e-01	7.000000e-01	
3.703627e+01	364	1.498778e+02	3.388952e+02	3.703627e+01	364	6.933591e-01	7.000000e-01	
3.713802e+01	365	1.470529e+02	3.266319e+02	3.713802e+01	365	6.895554e-01	7.000000e-01	
3.723977e+01	366	1.429801e+02	3.647288e+02	3.723977e+01	366	7.183817e-01	7.000000e-01	
3.734152e+01	367	1.445987e+02	3.190346e+02	3.734152e+01	367	6.881184e-01	7.000000e-01	
3.744326e+01	368	1.497500e+02	3.660047e+02	3.744326e+01	368	7.096488e-01	7.000000e-01	
3.754501e+01	369	1.505115e+02	3.110612e+02	3.754501e+01	369	6.739159e-01	7.000000e-01	
3.764676e+01	370	1.392603e+02	3.145991e+02	3.764676e+01	370	6.931642e-01	7.000000e-01	
3.774851e+01	371	1.531433e+02	3.620996e+02	3.774851e+01	371	7.027746e-01	7.000000e-01	
3.785026e+01	372	1.365524e+02	3.291409e+02	3.785026e+01	372	7.067761e-01	7.000000e-01	
3.795200e+01	373	1.346342e+02	3.329732e+02	3.795200e+01	373	7.120786e-01	7.000000e-01	
3.805375e+01	374	1.251392e+02	3.056077e+02	3.805375e+01	374	7.094832e-01	7.000000e-01	
3.815550e+01	375	1.412030e+02	3.121758e+02	3.815550e+01	375	6.885540e-01	7.000000e-01	
3.825725e+01	376	1.337942e+02	3.411882e+02	3.825725e+01	376	7.183176e-01	7.000000e-01	
3.835900e+01	377	1.391555e+02	3.124538e+02	3.835900e+01	377	6.918675e-01	7.000000e-01	
3.846074e+01	378	1.295774e+02	3.594446e+02	3.846074e+01	378	7.350275e-01	7.000000e-01	
3.856249e+01	379	1.523419e+02	3.568403e+02	3.856249e+01	379	7.008106e-01	7.000000e-01	
3.866424e+01	380	1.443484e+02	3.385845e+02	3.866424e+01	380	7.011005e-01	7.000000e-01	
3.876599e+01	381	1.308447e+02	3.548147e+02	3.876599e+01	381	7.305834e-01	7.000000e-01	
3.886774e+01	382	1.749475e+02	3.180349e+02	3.886774e+01	382	6.451242e-01	7.000000e-01	
3.896948e+01	383	1.388469e+02	3.444842e+02	3.896948e+01	383	7.127292e-01	7.000000e-01	
3.907123e+01	384	1.729958e+02	2.772303e+02	3.907123e+01	384	6.157579e-01	7.000000e-01	
3.917298e+01	385	1.677643e+02	3.450840e+02	3.917298e+01	385	6.728773e-01	7.000000e-01	
3.927473e+01	386	1.505630e+02	3.547847e+02	3.927473e+01	386	7.020606e-01	7.000000e-01	
3.937648e+01	387	1.723650e+02	3.411838e+02	3.937648e+01	387	6.643649e-01	7.000000e-01	
3.947822e+01	388	1.633415e+02	3.274262e+02	3.947822e+01	388	6.671715e-01	7.000000e-01	
3.957997e+01	389	1.764990e+02	3.354276e+02	3.957997e+01	389	6.552260e-01	7.000000e-01	
3.968172e+01	390	1.691198e+02	3.269021e+02	3.968172e+01	390	6.590477e-01	7.000000e-01	
3.978347e+01	391	1.643293e+02	3.174476e+02	3.978347e+01	391	6.589100e-01	7.000000e-01	
3.988522e+01	392	1.485164e+02	3.319365e+02	3.988522e+01	392	6.908825e-01	7.000000e-01	
3.998696e+01	393	1.423303e+02	3.264396e+02	3.998696e+01	393	6.963749e-01	7.000000e-01	
4.008871e+01	394	1.711235e+02	3.382054e+02	4.008871e+01	394	6.640216e-01	7.000000e-01	
4.019046e+01	395	1.645132e+02	3.258640e+02	4.019046e+01	395	6.645170e-01	7.000000e-01	
4.029221e+01	396	1.544613e+02	3.179133e+02	4.029221e+01	396	6.730110e-01	7.000000e-01	
4.039396e+01	397	1.555265e+02	3.567779e+02	4.039396e+01	397	6.964178e-01	7.000000e-01	
4.049570e+01	398	1.737056e+02	3.268427e+02	4.049570e+01	398	6.529694e-01	7.000000e-01	
4.059745e+01	399	1.438284e+02	4.117450e+02	4.059745e+01	399	7.411172e-01	7.000000e-01	
4.069920e+01	400	1.407386e+02	3.822714e+02	4.069920e+01	400	7.309065e-01	7.000000e-01	
4.080095e+01	401	1.469450e+02	3.505825e+02	4.080095e+01	401	7.046495e-01	7.000000e-01	
4.090270e+01	402	1.438285e+02	4.117443e+02	4.090270e+01	402	7.411167e-01	7.000000e-01	
4.100444e+01	403	1.317380e+02	3.610556e+02	4.100444e+01	403	7.326710e-01	7.000000e-01	
4.110619e+01	404	1.573080e+02	3.533181e+02	4.110619e+01	404	6.919311e-01	7.000000e-01	
4.120794e+01	405	1.603802e+02	3.474702e+02	4.120794e+01	405	6.841979e-01	7.000000e-01	
4.130969e+01	406	1.578350e+02	3.521905e+02	4.130969e+01	406	6.905351e-01	7.000000e-01	
4.141144e+01	407	1.729164e+02	3.539420e+02	4.141144e+01	407	6.717972e-01	7.000000e-01	
4.151318e+01	408	1.629334e+02	3.429543e+02	4.151318e+01	408	6.779258e-01	7.000000e-01	
4.161493e+01	409	1.346119e+02	3.576582e+02	4.161493e+01	409	7.265487e-01	7.000000e-01	
4.171668e+01	410	1.656298e+02	3.380205e+02	4.171668e+01	410	6.711413e-01	7.000000e-01	
4.181843e+01	411	1.624931e+02	3.356712e+02	4.181843e+01	411	6.738162e-01	7.000000e-01	
4.192018e+01	412	1.423953e+02	3.360859e+02	4.192018e+01	412	7.024015e-01	7.000000e-01	
4.202192e+01	413	1.750248e+02	3.358876e+02	4.202192e+01	413	6.574270e-01	7.000000e-01	
4.212367e+01	414	1.735643e+02	3.499570e+02	4.212367e+01	414	6.684675e-01	7.000000e-01	
4.222542e+01	415	1.456464e+02	3.038730e+02	4.222542e+01	415	6.759953e-01	7.000000e-01	
4.232717e+01	416	1.305347e+02	3.110139e+02	4.232717e+01	416	7.043707e-01	7.000000e-01	
4.242892e+01	417	1.526262e+02	2.809725e+02	4.242892e+01	417	6.480013e-01	7.000000e-01	
4.253066e+01	418	1.473652e+02	3.205919e+02	4.253066e+01	418	6.850882e-01	7.000000e-01	
4.263241e+01	419	1.350667e+02	3.050709e+02	4.263241e+01	419	6.931262e-01	7.000000e-01	
4.273416e+01	420	1.282107e+02	3.101983e+02	4.273416e+01	420	7.075546e-01	7.000000e-01	
4.283591e+01	421	1.709639e+02	2.462678e+02	4.283591e+01	421	5.902423e-01	7.000000e-01	
4.293766e+01	422	1.433197e+02	3.296236e+02	4.293766e+01	422	6.969622e-01	7.000000e-01	
4.303940e+01	423	1.467086e+02	2.814005e+02	4.303940e+01	423	6.573103e-01	7.000000e-01	
4.314115e+01	424	1.480687e+02	3.302801e+02	4.314115e+01	424	6.904587e-01	7.000000e-01	
4.324290e+01	425	1.477399e+02	3.077849e+02	4.324290e+01	425	6.756710e-01	7.000000e-01	
4.334465e+01	426	1.422041e+02	3.013042e+02	4.334465e+01	426	6.793654e-01	7.000000e-01	
4.344640e+01	427	1.861411e+02	3.560787e+02	4.344640e+01	427	6.567055e-01	7.000000e-01	
4.354814e+01	428	1.635482e+02	3.432828e+02	4.354814e+01	428	6.773122e-01	7.000000e-01	
4.364989e+01	429	1.628598e+02	3.452872e+02	4.364989e+01	429	6.795026e-01	7.000000e-01	
4.375164e+01	430	1.546378e+02	3.331490e+02	4.375164e+01	430	6.829808e-01	7.000000e-01	
4.385339e+01	431	1.778658e+02	3.554804e+02	4.385339e+01	431	6.665097e-01	7.000000e-01	
4.395514e+01	432	1.579335e+02	3.374071e+02	4.395514e+01	432	6.811618e-01	7.000000e-01	
4.405688e+01	433	1.557518e+02	3.348954e+02	4.405688e+01	433	6.825585e-01	7.000000e-01	
4.415863e+01	434	1.768804e+02	3.595665e+02	4.415863e+01	434	6.702742e-01	7.000000e-01	
4.426038e+01	435	1.988411e+02	3.369321e+02	4.426038e+01	435	6.288708e-01	7.000000e-01	
4.436213e+01	436	1.640542e+02	3.426802e+02	4.436213e+01	436	6.762521e-01	7.000000e-01	
4.446388e+01	437	1.746297e+02	3.569849e+02	4.446388e+01	437	6.715107e-01	7.000000e-01	
4.456562e+01	438	1.487785e+02	3.257347e+02	4.456562e+01	438	6.864608e-01	7.000000e-01	
4.466737e+01	439	1.413628e+02	3.344119e+02	4.466737e+01	439	7.028787e-01	7.000000e-01	
4.476912e+01	440	1.767748e+02	3.490698e+02	4.476912e+01	440	6.638269e-01	7.000000e-01	
4.487087e+01	441	1.619028e+02	3.186011e+02	4.487087e+01	441	6.630562e-01	7.000000e-01	
4.497262e+01	442	1.456474e+02	3.355860e+02	4.497262e+01	442	6.973456e-01	7.000000e-01	
4.507436e+01	443	1.680048e+02	3.460471e+02	4.507436e+01	443	6.731754e-01	7.000000e-01	
4.517611e+01	444	1.795742e+02	3.341199e+02	4.517611e+01	444	6.504258e-01	7.000000e-01	
4.527786e+01	445	1.446849e+02	3.212878e+02	4.527786e+01	445	6.894992e-01	7.000000e-01	
4.537961e+01	446	2.010793e+02	3.205568e+02	4.537961e+01	446	6.145219e-01	7.000000e-01	
4.548136e+01	447	1.827844e+02	3.330797e+02	4.548136e+01	447	6.456733e-01	7.000000e-01	
4.558310e+01	448	1.900006e+02	3.317499e+02	4.558310e+01	448	6.358401e-01	7.000000e-01	
4.568485e+01	449	1.617431e+02	3.388858e+02	4.568485e+01	449	6.769202e-01	7.000000e-01	
4.578660e+01	450	1.712561e+02	3.261450e+02	4.578660e+01	450	6.556982e-01	7.000000e-01	
4.588835e+01	451	1.685319e+02	3.060478e+02	4.588835e+01	451	6.448818e-01	7.000000e-01	
4.599010e+01	452	1.947471e+02	3.029836e+02	4.599010e+01	452	6.087300e-01	7.000000e-01	
4.609184e+01	453	1.847832e+02	3.332135e+02	4.609184e+01	453	6.432734e-01	7.000000e-01	
4.619359e+01	454	1.374702e+02	3.201308e+02	4.619359e+01	454	6.995850e-01	7.000000e-01	
4.629534e+01	455	1.339016e+02	3.361753e+02	4.629534e+01	455	7.151496e-01	7.000000e-01	
4.639709e+01	456	1.240445e+02	3.412415e+02	4.639709e+01	456	7.334016e-01	7.000000e-01	
4.649884e+01	457	1.383999e+02	3.480144e+02	4.649884e+01	457	7.154691e-01	7.000000e-01	
4.660058e+01	458	1.226323e+02	3.443411e+02	4.660058e+01	458	7.373891e-01	7.000000e-01	
4.670233e+01	459	1.416027e+02	3.517316e+02	4.670233e+01	459	7.129681e-01	7.000000e-01	
4.680408e+01	460	1.306794e+02	3.313264e+02	4.680408e+01	460	7.171477e-01	7.000000e-01	
4.690583e+01	461	1.524536e+02	3.220384e+02	4.690583e+01	461	6.787014e-01	7.000000e-01	
4.700758e+01	462	1.403081e+02	3.199601e+02	4.700758e+01	462	6.951601e-01	7.000000e-01	
4.710932e+01	463	1.387174e+02	3.199095e+02	4.710932e+01	463	6.975376e-01	7.000000e-01	
4.721107e+01	464	1.540324e+02	3.175712e+02	4.721107e+01	464	6.733859e-01	7.000000e-01	
4.731282e+01	465	1.572172e+02	3.388513e+02	4.731282e+01	465	6.830736e-01	7.000000e-01	
4.741457e+01	466	1.362250e+02	3.646961e+02	4.741457e+01	466	7.280510e-01	7.000000e-01	
4.751632e+01	467	1.330217e+02	3.843706e+02	4.751632e+01	467	7.428997e-01	7.000000e-01	
4.761806e+01	468	1.325206e+02	3.679009e+02	4.761806e+01	468	7.351820e-01	7.000000e-01	
4.771981e+01	469	1.362425e+02	3.725511e+02	4.771981e+01	469	7.322244e-01	7.000000e-01	
4.782156e+01	470	1.361787e+02	3.608602e+02	4.782156e+01	470	7.260200e-01	7.000000e-01	
4.792331e+01	471	1.125393e+02	3.744535e+02	4.792331e+01	471	7.689097e-01	7.000000e-01	
4.802506e+01	472	1.129767e+02	3.459570e+02	4.802506e+01	472	7.538278e-01	7.000000e-01	
4.812680e+01	473	1.266790e+02	3.749212e+02	4.812680e+01	473	7.474503e-01	7.000000e-01	
4.822855e+01	474	1.806449e+02	3.566654e+02	4.822855e+01	474	6.637978e-01	7.000000e-01	
4.833030e+01	475	1.198460e+02	3.476233e+02	4.833030e+01	475	7.436281e-01	7.000000e-01	
4.843205e+01	476	1.388517e+02	3.674346e+02	4.843205e+01	476	7.257447e-01	7.000000e-01	
4.853380e+01	477	1.259619e+02	3.572554e+02	4.853380e+01	477	7.393266e-01	7.000000e-01	
4.863554e+01	478	1.288856e+02	3.633188e+02	4.863554e+01	478	7.381462e-01	7.000000e-01	
4.873729e+01	479	1.335896e+02	3.720960e+02	4.873729e+01	479	7.358248e-01	7.000000e-01	
4.883904e+01	480	1.202060e+02	3.676739e+02	4.883904e+01	480	7.536156e-01	7.000000e-01	
4.894079e+01	481	1.303421e+02	3.463699e+02	4.894079e+01	481	7.265810e-01	7.000000e-01	
4.904254e+01	482	1.280794e+02	3.701935e+02	4.904254e+01	482	7.429533e-01	7.000000e-01	
4.914428e+01	483	1.251746e+02	3.547256e+02	4.914428e+01	483	7.391654e-01	7.000000e-01	
4.924603e+01	484	1.327163e+02	3.330991e+02	4.924603e+01	484	7.150882e-01	7.000000e-01	
4.934778e+01	485	1.310764e+02	3.559288e+02	4.934778e+01	485	7.308522e-01	7.000000e-01	
4.944953e+01	486	1.342123e+02	3.143557e+02	4.944953e+01	486	7.007983e-01	7.000000e-01	
4.955128e+01	487	1.353544e+02	3.097720e+02	4.955128e+01	487	6.959192e-01	7.000000e-01	
4.965302e+01	488	1.535619e+02	2.970867e+02	4.965302e+01	488	6.592425e-01	7.000000e-01	
4.975477e+01	489	1.502500e+02	3.197663e+02	4.975477e+01	489	6.803302e-01	7.000000e-01	
4.985652e+01	490	1.285386e+02	3.104750e+02	4.985652e+01	490	7.072104e-01	7.000000e-01	
4.995827e+01	491	1.304449e+02	3.092055e+02	4.995827e+01	491	7.032986e-01	7.000000e-01	
5.006002e+01	492	1.248058e+02	3.354519e+02	5.006002e+01	492	7.288350e-01	7.000000e-01	
5.016176e+01	493	1.642985e+02	3.089612e+02	5.016176e+01	493	6.528365e-01	7.000000e-01	
5.026351e+01	494	1.672416e+02	3.150347e+02	5.026351e+01	494	6.532245e-01	7.000000e-01	
5.036526e+01	495	1.557694e+02	3.196180e+02	5.036526e+01	495	6.723317e-01	7.000000e-01	
5.046701e+01	496	1.624411e+02	3.003426e+02	5.046701e+01	496	6.489913e-01	7.000000e-01	
5.056876e+01	497	1.686620e+02	2.988473e+02	5.056876e+01	497	6.392328e-01	7.000000e-01	
5.067050e+01	498	1.627014e+02	2.888889e+02	5.067050e+01	498	6.397146e-01	7.000000e-01	
5.077225e+01	499	1.656462e+02	3.145564e+02	5.077225e+01	499	6.550493e-01	7.000000e-01	
5.087400e+01	500	1.652063e+02	3.215921e+02	5.087400e+01	500	6.606269e-01	7.000000e-01	
5.097575e+01	501	1.711463e+02	3.166733e+02	5.097575e+01	501	6.491607e-01	7.000000e-01	
5.107750e+01	502	1.658087e+02	3.030369e+02	5.107750e+01	502	6.463469e-01	7.000000e-01	
5.117924e+01	503	1.624476e+02	3.260174e+02	5.117924e+01	503	6.674325e-01	7.000000e-01	
5.128099e+01	504	1.598237e+02	3.675480e+02	5.128099e+01	504	6.969430e-01	7.000000e-01	
5.138274e+01	505	1.725518e+02	3.785735e+02	5.138274e+01	505	6.869100e-01	7.000000e-01	
5.148449e+01	506	1.677195e+02	3.293718e+02	5.148449e+01	506	6.625982e-01	7.000000e-01	
5.158624e+01	507	1.564155e+02	3.680550e+02	5.158624e+01	507	7.017649e-01	7.000000e-01	
5.168798e+01	508	1.551457e+02	3.461526e+02	5.168798e+01	508	6.905122e-01	7.000000e-01	
5.178973e+01	509	1.705524e+02	3.788049e+02	5.178973e+01	509	6.895419e-01	7.000000e-01	
5.189148e+01	510	1.694595e+02	3.625806e+02	5.189148e+01	510	6.814911e-01	7.000000e-01	
5.199323e+01	511	1.734793e+02	3.764198e+02	5.199323e+01	511	6.845252e-01	7.000000e-01	
5.209498e+01	512	1.399874e+02	3.127266e+02	5.209498e+01	512	6.907818e-01	7.000000e-01	
5.219672e+01	513	1.442098e+02	3.197524e+02	5.219672e+01	513	6.891777e-01	7.000000e-01	
5.229847e+01	514	1.337869e+02	3.012146e+02	5.229847e+01	514	6.924450e-01	7.000000e-01	
5.240022e+01	515	1.432501e+02	3.308239e+02	5.240022e+01	515	6.978318e-01	7.000000e-01	
5.250197e+01	516	1.445675e+02	3.308459e+02	5.250197e+01	516	6.959120e-01	7.000000e-01	
5.260372e+01	517	1.367215e+02	3.060844e+02	5.260372e+01	517	6.912383e-01	7.000000e-01	
5.270546e+01	518	1.638592e+02	3.367115e+02	5.270546e+01	518	6.726552e-01	7.000000e-01	
5.280721e+01	519	1.394377e+02	3.340403e+02	5.280721e+01	519	7.055033e-01	7.000000e-01	
5.290896e+01	520	1.476297e+02	3.383838e+02	5.290896e+01	520	6.962436e-01	7.000000e-01	
5.301071e+01	521	1.587724e+02	3.600552e+02	5.301071e+01	521	6.939785e-01	7.000000e-01	
5.311246e+01	522	1.565641e+02	3.697786e+02	5.311246e+01	522	7.025434e-01	7.000000e-01	
5.321420e+01	523	1.534310e+02	3.582564e+02	5.321420e+01	523	7.001470e-01	7.000000e-01	
5.331595e+01	524	1.536602e+02	3.235809e+02	5.331595e+01	524	6.780240e-01	7.000000e-01	
5.341770e+01	525	1.612657e+02	3.454880e+02	5.341770e+01	525	6.817671e-01	7.000000e-01	
5.351945e+01	526	1.464229e+02	3.567495e+02	5.351945e+01	526	7.090005e-01	7.000000e-01	
5.362120e+01	527	1.412286e+02	3.511225e+02	5.362120e+01	527	7.131547e-01	7.000000e-01	
5.372294e+01	528	1.710911e+02	3.523961e+02	5.372294e+01	528	6.731704e-01	7.000000e-01	
5.382469e+01	529	1.447149e+02	3.507933e+02	5.382469e+01	529	7.079465e-01	7.000000e-01	
5.392644e+01	530	1.510738e+02	3.554558e+02	5.392644e+01	530	7.017473e-01	7.000000e-01	
5.402819e+01	531	1.603279e+02	3.591781e+02	5.402819e+01	531	6.913839e-01	7.000000e-01	
5.412994e+01	532	1.556206e+02	3.494197e+02	5.412994e+01	532	6.918650e-01	7.000000e-01	
5.423168e+01	533	1.236101e+02	3.310199e+02	5.423168e+01	533	7.281084e-01	7.000000e-01	
5.433343e+01	534	1.430597e+02	3.361642e+02	5.433343e+01	534	7.014763e-01	7.000000e-01	
5.443518e+01	535	1.857322e+02	3.701073e+02	5.443518e+01	535	6.658528e-01	7.000000e-01	
5.453693e+01	536	1.509274e+02	3.455244e+02	5.453693e+01	536	6.959878e-01	7.000000e-01	
5.463868e+01	537	1.372147e+02	3.172279e+02	5.463868e+01	537	6.980593e-01	7.000000e-01	
5.474042e+01	538	1.489656e+02	3.375872e+02	5.474042e+01	538	6.938347e-01	7.000000e-01	
5.484217e+01	539	1.535691e+02	3.510470e+02	5.484217e+01	539	6.956714e-01	7.000000e-01	
5.494392e+01	540	1.470405e+02	3.480606e+02	5.494392e+01	540	7.030091e-01	7.000000e-01	
5.504567e+01	541	1.468989e+02	3.562514e+02	5.504567e+01	541	7.080417e-01	7.000000e-01	
5.514742e+01	542	1.442375e+02	3.397693e+02	5.514742e+01	542	7.019928e-01	7.000000e-01	
5.524916e+01	543	1.267170e+02	3.872528e+02	5.524916e+01	543	7.534544e-01	7.000000e-01	
5.535091e+01	544	1.498931e+02	3.636669e+02	5.535091e+01	544	7.081293e-01	7.000000e-01	
5.545266e+01	545	1.456622e+02	3.458042e+02	5.545266e+01	545	7.036172e-01	7.000000e-01	
5.555441e+01	546	1.816374e+02	3.271926e+02	5.555441e+01	546	6.430293e-01	7.000000e-01	
5.565616e+01	547	1.725161e+02	3.180883e+02	5.565616e+01	547	6.483601e-01	7.000000e-01	
5.575790e+01	548	1.539214e+02	3.488711e+02	5.575790e+01	548	6.938670e-01	7.000000e-01	
5.585965e+01	549	1.481419e+02	3.630528e+02	5.585965e+01	549	7.102045e-01	7.000000e-01	
5.596140e+01	550	1.765653e+02	3.441789e+02	5.596140e+01	550	6.609366e-01	7.000000e-01	
5.606315e+01	551	1.708283e+02	3.499779e+02	5.606315e+01	551	6.719926e-01	7.000000e-01	
5.616490e+01	552	1.817064e+02	3.445470e+02	5.616490e+01	552	6.547169e-01	7.000000e-01	
5.626664e+01	553	1.938848e+02	3.134769e+02	5.626664e+01	553	6.178568e-01	7.000000e-01	
5.636839e+01	554	1.437057e+02	3.364242e+02	5.636839e+01	554	7.006941e-01	7.000000e-01	
5.647014e+01	555	1.474310e+02	3.274099e+02	5.647014e+01	555	6.895150e-01	7.000000e-01	
5.657189e+01	556	1.417351e+02	3.165443e+02	5.657189e+01	556	6.907234e-01	7.000000e-01	
5.667364e+01	557	1.386504e+02	3.398789e+02	5.667364e+01	557	7.102572e-01	7.000000e-01	
5.677538e+01	558	1.734685e+02	3.415076e+02	5.677538e+01	558	6.631523e-01	7.000000e-01	
5.687713e+01	559	1.501987e+02	3.169961e+02	5.687713e+01	559	6.785095e-01	7.000000e-01	
5.697888e+01	560	1.450917e+02	3.179017e+02	5.697888e+01	560	6.866225e-01	7.000000e-01	
5.708063e+01	561	1.334404e+02	2.996087e+02	5.708063e+01	561	6.918585e-01	7.000000e-01	
5.718238e+01	562	1.417006e+02	3.215488e+02	5.718238e+01	562	6.941160e-01	7.000000e-01	
5.728412e+01	563	1.577067e+02	3.020307e+02	5.728412e+01	563	6.569635e-01	7.000000e-01	
5.738587e+01	564	1.294226e+02	3.259295e+02	5.738587e+01	564	7.157747e-01	7.000000e-01	
5.748762e+01	565	1.692650e+02	3.173075e+02	5.748762e+01	565	6.521279e-01	7.000000e-01	
5.758937e+01	566	1.440951e+02	2.944660e+02	5.758937e+01	566	6.714367e-01	7.000000e-01	
5.769112e+01	567	1.463453e+02	3.175888e+02	5.769112e+01	567	6.845558e-01	7.000000e-01	
5.779286e+01	568	1.474480e+02	3.096345e+02	5.779286e+01	568	6.774149e-01	7.000000e-01	
5.789461e+01	569	1.339886e+02	3.123925e+02	5.789461e+01	569	6.998336e-01	7.000000e-01	
5.799636e+01	570	1.505163e+02	3.075079e+02	5.799636e+01	570	6.713792e-01	7.000000e-01	
5.809811e+01	571	1.696833e+02	3.086822e+02	5.809811e+01	571	6.452852e-01	7.000000e-01	
5.819986e+01	572	1.474649e+02	3.263137e+02	5.819986e+01	572	6.887472e-01	7.000000e-01	
5.830160e+01	573	1.512829e+02	3.237782e+02	5.830160e+01	573	6.815506e-01	7.000000e-01	
5.840335e+01	574	1.607911e+02	3.246850e+02	5.840335e+01	574	6.687971e-01	7.000000e-01	
5.850510e+01	575	1.531247e+02	3.259920e+02	5.850510e+01	575	6.804021e-01	7.000000e-01	
5.860685e+01	576	1.456035e+02	3.430815e+02	5.860685e+01	576	7.020504e-01	7.000000e-01	
5.870860e+01	577	1.540694e+02	3.492777e+02	5.870860e+01	577	6.939102e-01	7.000000e-01	
5.881034e+01	578	1.459860e+02	3.224300e+02	5.881034e+01	578	6.883411e-01	7.000000e-01	
5.891209e+01	579	1.541524e+02	3.028286e+02	5.891209e+01	579	6.626722e-01	7.000000e-01	
5.901384e+01	580	1.563708e+02	3.339991e+02	5.901384e+01	580	6.811166e-01	7.000000e-01	
5.911559e+01	581	1.484334e+02	3.422948e+02	5.911559e+01	581	6.975242e-01	7.000000e-01	
5.921734e+01	582	1.506329e+02	3.321927e+02	5.921734e+01	582	6.880180e-01	7.000000e-01	
5.931908e+01	583	1.596559e+02	3.219921e+02	5.931908e+01	583	6.685216e-01	7.000000e-01	
5.942083e+01	584	1.570800e+02	3.612531e+02	5.942083e+01	584	6.969516e-01	7.000000e-01	
5.952258e+01	585	1.600550e+02	3.462790e+02	5.952258e+01	585	6.838944e-01	7.000000e-01	
5.962433e+01	586	1.548330e+02	3.510456e+02	5.962433e+01	586	6.939325e-01	7.000000e-01	
5.972608e+01	587	1.586650e+02	3.243983e+02	5.972608e+01	587	6.715441e-01	7.000000e-01	
5.982782e+01	588	1.584361e+02	3.561497e+02	5.982782e+01	588	6.921095e-01	7.000000e-01	
5.992957e+01	589	1.432724e+02	3.458422e+02	5.992957e+01	589	7.070781e-01	7.000000e-01	
6.003132e+01	590	1.692883e+02	3.756641e+02	6.003132e+01	590	6.893521e-01	7.000000e-01	
6.013307e+01	591	1.475613e+02	3.356092e+02	6.013307e+01	591	6.945979e-01	7.000000e-01	
6.023482e+01	592	1.807064e+02	3.751493e+02	6.023482e+01	592	6.749041e-01	7.000000e-01	
6.033656e+01	593	1.816353e+02	4.108885e+02	6.033656e+01	593	6.934548e-01	7.000000e-01	
6.043831e+01	594	1.518260e+02	3.570521e+02	6.043831e+01	594	7.016456e-01	7.000000e-01	
6.054006e+01	595	1.637517e+02	3.591306e+02	6.054006e+01	595	6.868288e-01	7.000000e-01	
6.064181e+01	596	1.712199e+02	3.894878e+02	6.064181e+01	596	6.946361e-01	7.000000e-01	
6.074356e+01	597	1.365298e+02	3.312803e+02	6.074356e+01	597	7.081512e-01	7.000000e-01	
6.084530e+01	598	1.808365e+02	3.775511e+02	6.084530e+01	598	6.761452e-01	7.000000e-01	
6.094705e+01	599	1.031691e+02	3.060055e+02	6.094705e+01	599	7.478604e-01	7.000000e-01	
6.104880e+01	600	8.822768e+01	3.278717e+02	6.104880e+01	600	7.879649e-01	7.000000e-01	
6.115055e+01	601	8.048463e+01	2.982091e+02	6.115055e+01	601	7.874678e-01	7.000000e-01	
6.125230e+01	602	1.226235e+02	3.273613e+02	6.125230e+01	602	7.274941e-01	7.000000e-01	
6.135404e+01	603	1.710500e+02	3.486283e+02	6.135404e+01	603	6.708541e-01	7.000000e-01	
6.145579e+01	604	1.462002e+02	3.416898e+02	6.145579e+01	604	7.003419e-01	7.000000e-01	
6.155754e+01	605	1.552102e+02	3.433402e+02	6.155754e+01	605	6.886770e-01	7.000000e-01	
6.165929e+01	606	1.712191e+02	3.270726e+02	6.165929e+01	606	6.563878e-01	7.000000e-01	
6.176104e+01	607	1.815421e+02	4.022671e+02	6.176104e+01	607	6.890386e-01	7.000000e-01	
6.186278e+01	608	1.756708e+02	3.552784e+02	6.186278e+01	608	6.691382e-01	7.000000e-01	
6.196453e+01	609	1.606976e+02	4.320162e+02	6.196453e+01	609	7.288783e-01	7.000000e-01	
6.206628e+01	610	1.793427e+02	3.881307e+02	6.206628e+01	610	6.839628e-01	7.000000e-01	
6.216803e+01	611	1.813491e+02	4.412816e+02	6.216803e+01	611	7.087373e-01	7.000000e-01	
6.226978e+01	612	1.435145e+02	4.360816e+02	6.226978e+01	612	7.523888e-01	7.000000e-01	
6.237152e+01	613	1.705501e+02	3.932164e+02	6.237152e+01	613	6.974810e-01	7.000000e-01	
6.247327e+01	614	1.592518e+02	4.412462e+02	6.247327e+01	614	7.348004e-01	7.000000e-01	
6.257502e+01	615	1.593233e+02	4.098007e+02	6.257502e+01	615	7.200552e-01	7.000000e-01	
6.267677e+01	616	1.750330e+02	3.122117e+02	6.267677e+01	616	6.407698e-01	7.000000e-01	
6.277852e+01	617	1.723147e+02	3.922490e+02	6.277852e+01	617	6.947825e-01	7.000000e-01	
6.288026e+01	618	1.791348e+02	3.291316e+02	6.288026e+01	618	6.475573e-01	7.000000e-01	
6.298201e+01	619	1.798824e+02	3.356284e+02	6.298201e+01	619	6.510599e-01	7.000000e-01	
6.308376e+01	620	1.686702e+02	3.512598e+02	6.308376e+01	620	6.755906e-01	7.000000e-01	
6.318551e+01	621	1.670706e+02	3.103742e+02	6.318551e+01	621	6.500735e-01	7.000000e-01	
6.328726e+01	622	1.713347e+02	3.252271e+02	6.328726e+01	622	6.549580e-01	7.000000e-01	
6.338900e+01	623	1.710493e+02	3.339750e+02	6.338900e+01	623	6.613048e-01	7.000000e-01	
6.349075e+01	624	1.526222e+02	2.916432e+02	6.349075e+01	624	6.564617e-01	7.000000e-01	
6.359250e+01	625	1.778611e+02	3.071454e+02	6.359250e+01	625	6.332810e-01	7.000000e-01	
6.369425e+01	626	1.630707e+02	3.185310e+02	6.369425e+01	626	6.613992e-01	7.000000e-01	
6.379600e+01	627	1.513279e+02	3.292158e+02	6.379600e+01	627	6.850902e-01	7.000000e-01	
6.389774e+01	628	1.643690e+02	2.790823e+02	6.389774e+01	628	6.293415e-01	7.000000e-01	
6.399949e+01	629	1.409856e+02	2.781112e+02	6.399949e+01	629	6.635966e-01	7.000000e-01	
6.410124e+01	630	1.650982e+02	3.068500e+02	6.410124e+01	630	6.501773e-01	7.000000e-01	
6.420299e+01	631	1.654002e+02	3.362102e+02	6.420299e+01	631	6.702616e-01	7.000000e-01	
6.430474e+01	632	1.469698e+02	3.486729e+02	6.430474e+01	632	7.034763e-01	7.000000e-01	
6.440648e+01	633	1.677964e+02	3.512028e+02	6.440648e+01	633	6.766924e-01	7.000000e-01	
6.450823e+01	634	1.441812e+02	3.362341e+02	6.450823e+01	634	6.998822e-01	7.000000e-01	
6.460998e+01	635	1.625093e+02	3.447774e+02	6.460998e+01	635	6.796500e-01	7.000000e-01	
6.471173e+01	636	1.704126e+02	3.978638e+02	6.471173e+01	636	7.001237e-01	7.000000e-01	
6.481348e+01	637	1.565461e+02	3.463501e+02	6.481348e+01	637	6.887109e-01	7.000000e-01	
6.491522e+01	638	1.652291e+02	3.505172e+02	6.491522e+01	638	6.796311e-01	7.000000e-01	
6.501697e+01	639	1.573317e+02	3.681762e+02	6.501697e+01	639	7.006102e-01	7.000000e-01	
6.511872e+01	640	1.683909e+02	3.496530e+02	6.511872e+01	640	6.749486e-01	7.000000e-01	
6.522047e+01	641	1.420674e+02	3.307768e+02	6.522047e+01	641	6.995471e-01	7.000000e-01	
6.532222e+01	642	1.560804e+02	3.561985e+02	6.532222e+01	642	6.953214e-01	7.000000e-01	
6.542396e+01	643	1.756613e+02	3.723486e+02	6.542396e+01	643	6.794560e-01	7.000000e-01	
6.552571e+01	644	1.538681e+02	3.443683e+02	6.552571e+01	644	6.911745e-01	7.000000e-01	
6.562746e+01	645	1.850769e+02	3.534701e+02	6.562746e+01	645	6.563403e-01	7.000000e-01	
6.572921e+01	646	1.649552e+02	3.757863e+02	6.572921e+01	646	6.949463e-01	7.000000e-01	
6.583096e+01	647	1.519383e+02	3.675339e+02	6.583096e+01	647	7.075141e-01	7.000000e-01	
6.593270e+01	648	1.698250e+02	3.569914e+02	6.593270e+01	648	6.776391e-01	7.000000e-01	
6.603445e+01	649	1.641453e+02	3.103137e+02	6.603445e+01	649	6.540369e-01	7.000000e-01	
6.613620e+01	650	1.729271e+02	3.713786e+02	6.613620e+01	650	6.822978e-01	7.000000e-01	
6.623795e+01	651	1.632376e+02	3.150988e+02	6.623795e+01	651	6.587389e-01	7.000000e-01	
6.633970e+01	652	1.627580e+02	3.000180e+02	6.633970e+01	652	6.483007e-01	7.000000e-01	
6.644144e+01	653	1.706498e+02	2.969504e+02	6.644144e+01	653	6.350519e-01	7.000000e-01	
6.654319e+01	654	1.725113e+02	3.033188e+02	6.654319e+01	654	6.374519e-01	7.000000e-01	
6.664494e+01	655	1.656520e+02	3.256352e+02	6.664494e+01	655	6.628204e-01	7.000000e-01	
6.674669e+01	656	1.473745e+02	3.125951e+02	6.674669e+01	656	6.795995e-01	7.000000e-01	
6.684844e+01	657	1.710754e+02	3.078065e+02	6.684844e+01	657	6.427608e-01	7.000000e-01	
6.695018e+01	658	1.858836e+02	3.210247e+02	6.695018e+01	658	6.332994e-01	7.000000e-01	
6.705193e+01	659	1.414176e+02	3.815220e+02	6.705193e+01	659	7.295718e-01	7.000000e-01	
6.715368e+01	660	1.478132e+02	3.624487e+02	6.715368e+01	660	7.103190e-01	7.000000e-01	
6.725543e+01	661	1.460937e+02	3.346864e+02	6.725543e+01	661	6.961320e-01	7.000000e-01	
6.735718e+01	662	1.274886e+02	3.438525e+02	6.735718e+01	662	7.295194e-01	7.000000e-01	
6.745892e+01	663	1.416055e+02	3.812964e+02	6.745892e+01	663	7.291930e-01	7.000000e-01	
6.756067e+01	664	1.459142e+02	3.787566e+02	6.756067e+01	664	7.218938e-01	7.000000e-01	
6.766242e+01	665	1.320439e+02	3.737061e+02	6.766242e+01	665	7.389147e-01	7.000000e-01	
6.776417e+01	666	1.658006e+02	3.634366e+02	6.776417e+01	666	6.867178e-01	7.000000e-01	
6.786592e+01	667	1.629282e+02	3.652978e+02	6.786592e+01	667	6.915559e-01	7.000000e-01	
6.796766e+01	668	1.546775e+02	3.868532e+02	6.796766e+01	668	7.143698e-01	7.000000e-01	
6.806941e+01	669	1.473318e+02	3.688475e+02	6.806941e+01	669	7.145724e-01	7.000000e-01	
6.817116e+01	670	1.639052e+02	3.760353e+02	6.817116e+01	670	6.964384e-01	7.000000e-01	
6.827291e+01	671	1.381421e+02	3.892571e+02	6.827291e+01	671	7.380692e-01	7.000000e-01	
6.837466e+01	672	1.514229e+02	3.825683e+02	6.837466e+01	672	7.164318e-01	7.000000e-01	
6.847640e+01	673	1.495317e+02	3.739074e+02	6.847640e+01	673	7.143284e-01	7.000000e-01	
6.857815e+01	674	1.935477e+02	3.784523e+02	6.857815e+01	674	6.616299e-01	7.000000e-01	
6.867990e+01	675	1.767788e+02	3.635475e+02	6.867990e+01	675	6.728295e-01	7.000000e-01	
6.878165e+01	676	1.819551e+02	3.736139e+02	6.878165e+01	676	6.724887e-01	7.000000e-01	
6.888340e+01	677	1.764835e+02	3.693068e+02	6.888340e+01	677	6.766460e-01	7.000000e-01	
6.898514e+01	678	1.920525e+02	3.704693e+02	6.898514e+01	678	6.585866e-01	7.000000e-01	
6.908689e+01	679	2.191123e+02	3.836283e+02	6.908689e+01	679	6.364733e-01	7.000000e-01	
6.918864e+01	680	1.825426e+02	3.590719e+02	6.918864e+01	680	6.629658e-01	7.000000e-01	
6.929039e+01	681	1.669596e+02	3.661406e+02	6.929039e+01	681	6.868138e-01	7.000000e-01	
6.939214e+01	682	1.927818e+02	3.405156e+02	6.939214e+01	682	6.385098e-01	7.000000e-01	
6.949388e+01	683	1.631843e+02	3.510686e+02	6.949388e+01	683	6.826769e-01	7.000000e-01	
6.959563e+01	684	1.708467e+02	3.505457e+02	6.959563e+01	684	6.723261e-01	7.000000e-01	
6.969738e+01	685	2.375588e+02	3.120935e+02	6.969738e+01	685	5.678017e-01	7.000000e-01	
6.979913e+01	686	1.789921e+02	3.469612e+02	6.979913e+01	686	6.596806e-01	7.000000e-01	
6.990088e+01	687	2.170611e+02	2.899677e+02	6.990088e+01	687	5.718959e-01	7.000000e-01	
7.000262e+01	688	1.612961e+02	3.387529e+02	7.000262e+01	688	6.774394e-01	7.000000e-01	
7.010437e+01	689	1.532244e+02	3.551371e+02	7.010437e+01	689	6.985917e-01	7.000000e-01	
7.020612e+01	690	1.693311e+02	3.171476e+02	7.020612e+01	690	6.519249e-01	7.000000e-01	
7.030787e+01	691	1.758273e+02	3.412688e+02	7.030787e+01	691	6.599717e-01	7.000000e-01	
7.040962e+01	692	1.680584e+02	3.455923e+02	7.040962e+01	692	6.728158e-01	7.000000e-01	
7.051136e+01	693	1.644436e+02	3.588457e+02	7.051136e+01	693	6.857501e-01	7.000000e-01	
7.061311e+01	694	1.681516e+02	3.297390e+02	7.061311e+01	694	6.622720e-01	7.000000e-01	
7.071486e+01	695	1.632277e+02	3.356132e+02	7.071486e+01	695	6.727861e-01	7.000000e-01	
7.081661e+01	696	1.705784e+02	3.355950e+02	7.081661e+01	696	6.630040e-01	7.000000e-01	
7.091836e+01	697	1.607112e+02	3.522620e+02	7.091836e+01	697	6.867064e-01	7.000000e-01	
7.102010e+01	698	1.491585e+02	3.485162e+02	7.102010e+01	698	7.002892e-01	7.000000e-01	
7.112185e+01	699	1.658687e+02	3.882875e+02	7.112185e+01	699	7.006824e-01	7.000000e-01	
7.122360e+01	700	1.673247e+02	3.520075e+02	7.122360e+01	700	6.778080e-01	7.000000e-01	
7.132535e+01	701	1.818629e+02	3.919991e+02	7.132535e+01	701	6.830895e-01	7.000000e-01	
7.142710e+01	702	1.562538e+02	3.261678e+02	7.142710e+01	702	6.761053e-01	7.000000e-01	
7.152884e+01	703	1.631429e+02	3.574012e+02	7.152884e+01	703	6.865916e-01	7.000000e-01	
7.163059e+01	704	1.548536e+02	3.090579e+02	7.163059e+01	704	6.662001e-01	7.000000e-01	
7.173234e+01	705	1.600551e+02	3.673749e+02	7.173234e+01	705	6.965377e-01	7.000000e-01	
7.183409e+01	706	1.641108e+02	3.651296e+02	7.183409e+01	706	6.899126e-01	7.000000e-01	
7.193584e+01	707	1.678139e+02	2.605748e+02	7.193584e+01	707	6.082672e-01	7.000000e-01	
7.203758e+01	708	1.556868e+02	3.151958e+02	7.203758e+01	708	6.693724e-01	7.000000e-01	
7.213933e+01	709	1.531062e+02	3.084536e+02	7.213933e+01	709	6.682852e-01	7.000000e-01	
7.224108e+01	710	1.545379e+02	2.802277e+02	7.224108e+01	710	6.445489e-01	7.000000e-01	
7.234283e+01	711	1.646335e+02	3.050105e+02	7.234283e+01	711	6.494504e-01	7.000000e-01	
7.244458e+01	712	1.631250e+02	3.417298e+02	7.244458e+01	712	6.768873e-01	7.000000e-01	
7.254632e+01	713	1.489786e+02	3.037142e+02	7.254632e+01	713	6.709057e-01	7.000000e-01	
7.264807e+01	714	1.588516e+02	2.944061e+02	7.264807e+01	714	6.495336e-01	7.000000e-01	
7.274982e+01	715	1.876192e+02	2.864978e+02	7.274982e+01	715	6.042766e-01	7.000000e-01	
7.285157e+01	716	1.611413e+02	3.262628e+02	7.285157e+01	716	6.693887e-01	7.000000e-01	
7.295332e+01	717	1.655269e+02	3.397729e+02	7.295332e+01	717	6.724184e-01	7.000000e-01	
7.305506e+01	718	1.544541e+02	3.226594e+02	7.305506e+01	718	6.762739e-01	7.000000e-01	
7.315681e+01	719	1.616399e+02	3.352849e+02	7.315681e+01	719	6.747196e-01	7.000000e-01	
7.325856e+01	720	1.510484e+02	3.593513e+02	7.325856e+01	720	7.040586e-01	7.000000e-01	
7.336031e+01	721	1.332310e+02	3.285154e+02	7.336031e+01	721	7.114628e-01	7.000000e-01	
7.346206e+01	722	1.656810e+02	3.545414e+02	7.346206e+01	722	6.815189e-01	7.000000e-01	
7.356380e+01	723	1.673113e+02	3.470401e+02	7.356380e+01	723	6.747140e-01	7.000000e-01	
7.366555e+01	724	1.324434e+02	3.351722e+02	7.366555e+01	724	7.167686e-01	7.000000e-01	
7.376730e+01	725	1.400579e+02	3.003896e+02	7.376730e+01	725	6.820100e-01	7.000000e-01	
7.386905e+01	726	1.464741e+02	2.889243e+02	7.386905e+01	726	6.635860e-01	7.000000e-01	
7.397080e+01	727	1.298401e+02	3.335267e+02	7.397080e+01	727	7.197898e-01	7.000000e-01	
7.407254e+01	728	1.340200e+02	3.317866e+02	7.407254e+01	728	7.122840e-01	7.000000e-01	
7.417429e+01	729	1.276199e+02	3.554929e+02	7.417429e+01	729	7.358383e-01	7.000000e-01	
7.427604e+01	730	1.262382e+02	3.665925e+02	7.427604e+01	730	7.438508e-01	7.000000e-01	
7.437779e+01	731	1.291247e+02	3.354572e+02	7.437779e+01	731	7.220626e-01	7.000000e-01	
7.447954e+01	732	1.398184e+02	3.127684e+02	7.447954e+01	732	6.910683e-01	7.000000e-01	
7.458128e+01	733	1.420768e+02	2.823693e+02	7.458128e+01	733	6.652654e-01	7.000000e-01	
7.468303e+01	734	1.760514e+02	3.517398e+02	7.468303e+01	734	6.664374e-01	7.000000e-01	
7.478478e+01	735	1.760712e+02	3.547348e+02	7.478478e+01	735	6.682946e-01	7.000000e-01	
7.488653e+01	736	1.732562e+02	3.434451e+02	7.488653e+01	736	6.646879e-01	7.000000e-01	
7.498828e+01	737	1.853669e+02	3.419209e+02	7.498828e+01	737	6.484521e-01	7.000000e-01	
7.509002e+01	738	1.864231e+02	3.403908e+02	7.509002e+01	738	6.461310e-01	7.000000e-01	
7.519177e+01	739	1.705007e+02	3.592575e+02	7.519177e+01	739	6.781537e-01	7.000000e-01	
7.529352e+01	740	1.581194e+02	3.432905e+02	7.529352e+01	740	6.846504e-01	7.000000e-01	
7.539527e+01	741	1.631544e+02	3.590923e+02	7.539527e+01	741	6.875913e-01	7.000000e-01	
7.549702e+01	742	1.713803e+02	3.282616e+02	7.549702e+01	742	6.569937e-01	7.000000e-01	
7.559876e+01	743	1.597445e+02	3.810915e+02	7.559876e+01	743	7.046341e-01	7.000000e-01	
7.570051e+01	744	1.867777e+02	3.414688e+02	7.570051e+01	744	6.464194e-01	7.000000e-01	
7.580226e+01	745	1.538680e+02	3.715856e+02	7.580226e+01	745	7.071711e-01	7.000000e-01	
7.590401e+01	746	1.725510e+02	3.952763e+02	7.590401e+01	746	6.961206e-01	7.000000e-01	
7.600576e+01	747	1.428274e+02	4.190909e+02	7.600576e+01	747	7.458218e-01	7.000000e-01	
7.610750e+01	748	1.335581e+02	3.936648e+02	7.610750e+01	748	7.466762e-01	7.000000e-01	
7.620925e+01	749	1.784838e+02	4.078279e+02	7.620925e+01	749	6.955821e-01	7.000000e-01	
7.631100e+01	750	1.891831e+02	4.192755e+02	7.631100e+01	750	6.890781e-01	7.000000e-01	
7.641275e+01	751	1.586654e+02	3.877368e+02	7.641275e+01	751	7.096179e-01	7.000000e-01	
7.651450e+01	752	1.575605e+02	3.951115e+02	7.651450e+01	752	7.149114e-01	7.000000e-01	
7.661624e+01	753	1.852901e+02	4.151548e+02	7.661624e+01	753	6.914120e-01	7.000000e-01	
7.671799e+01	754	1.959386e+02	4.450174e+02	7.671799e+01	754	6.943026e-01	7.000000e-01	
7.681974e+01	755	1.765105e+02	3.810571e+02	7.681974e+01	755	6.834276e-01	7.000000e-01	
7.692149e+01	756	2.169308e+02	4.172117e+02	7.692149e+01	756	6.579147e-01	7.000000e-01	
7.702324e+01	757	1.715675e+02	3.631805e+02	7.702324e+01	757	6.791620e-01	7.000000e-01	
7.712498e+01	758	1.964217e+02	4.123262e+02	7.712498e+01	758	6.773349e-01	7.000000e-01	
7.722673e+01	759	1.588685e+02	3.543470e+02	7.722673e+01	759	6.904449e-01	7.000000e-01	
7.732848e+01	760	1.474561e+02	3.611874e+02	7.732848e+01	760	7.100993e-01	7.000000e-01	
7.743023e+01	761	1.961646e+02	3.779653e+02	7.743023e+01	761	6.583271e-01	7.000000e-01	
7.753198e+01	762	1.726569e+02	3.423186e+02	7.753198e+01	762	6.647279e-01	7.000000e-01	
7.763372e+01	763	1.581772e+02	3.340895e+02	7.763372e+01	763	6.786758e-01	7.000000e-01	
7.773547e+01	764	1.606374e+02	3.619531e+02	7.773547e+01	764	6.926132e-01	7.000000e-01	
7.783722e+01	765	1.596304e+02	3.196120e+02	7.783722e+01	765	6.669109e-01	7.000000e-01	
7.793897e+01	766	1.635076e+02	3.600404e+02	7.793897e+01	766	6.876932e-01	7.000000e-01	
7.804072e+01	767	1.493385e+02	3.597055e+02	7.804072e+01	767	7.066295e-01	7.000000e-01	
7.814246e+01	768	1.516259e+02	3.206182e+02	7.814246e+01	768	6.789247e-01	7.000000e-01	
7.824421e+01	769	1.728834e+02	3.162867e+02	7.824421e+01	769	6.465782e-01	7.000000e-01	
7.834596e+01	770	1.520927e+02	3.352560e+02	7.834596e+01	770	6.879181e-01	7.000000e-01	
7.844771e+01	771	1.587146e+02	3.489954e+02	7.844771e+01	771	6.873912e-01	7.000000e-01	
7.854946e+01	772	1.630597e+02	3.196247e+02	7.854946e+01	772	6.621815e-01	7.000000e-01	
7.865120e+01	773	1.601670e+02	3.121432e+02	7.865120e+01	773	6.608860e-01	7.000000e-01	
7.875295e+01	774	1.577333e+02	3.430820e+02	7.875295e+01	774	6.850470e-01	7.000000e-01	
7.885470e+01	775	1.304224e+02	3.718200e+02	7.885470e+01	775	7.403198e-01	7.000000e-01	
7.895645e+01	776	1.560030e+02	3.271260e+02	7.895645e+01	776	6.770987e-01	7.000000e-01	
7.905820e+01	777	1.516043e+02	3.710843e+02	7.905820e+01	777	7.099529e-01	7.000000e-01	
7.915994e+01	778	1.461318e+02	3.415103e+02	7.915994e+01	778	7.003298e-01	7.000000e-01	
7.926169e+01	779	1.448679e+02	3.391322e+02	7.926169e+01	779	7.006862e-01	7.000000e-01	
7.936344e+01	780	1.531466e+02	3.567960e+02	7.936344e+01	780	6.996787e-01	7.000000e-01	
7.946519e+01	781	1.342697e+02	3.232503e+02	7.946519e+01	781	7.065271e-01	7.000000e-01	
7.956694e+01	782	1.596054e+02	3.283024e+02	7.956694e+01	782	6.728779e-01	7.000000e-01	
7.966868e+01	783	1.395176e+02	3.576529e+02	7.966868e+01	783	7.193768e-01	7.000000e-01	
7.977043e+01	784	1.378882e+02	3.459460e+02	7.977043e+01	784	7.150094e-01	7.000000e-01	
7.987218e+01	785	1.374441e+02	3.228426e+02	7.987218e+01	785	7.013946e-01	7.000000e-01	
7.997393e+01	786	1.325440e+02	3.348185e+02	7.997393e+01	786	7.164000e-01	7.000000e-01	
8.007568e+01	787	1.278157e+02	3.242084e+02	8.007568e+01	787	7.172370e-01	7.000000e-01	
8.017742e+01	788	1.392771e+02	3.390863e+02	8.017742e+01	788	7.088467e-01	7.000000e-01	
8.027917e+01	789	1.254034e+02	3.340624e+02	8.027917e+01	789	7.270670e-01	7.000000e-01	
8.038092e+01	790	1.040295e+02	3.330598e+02	8.038092e+01	790	7.619949e-01	7.000000e-01	
8.048267e+01	791	1.083235e+02	3.135251e+02	8.048267e+01	791	7.432171e-01	7.000000e-01	
8.058442e+01	792	1.278384e+02	3.414141e+02	8.058442e+01	792	7.275701e-01	7.000000e-01	
8.068616e+01	793	1.247967e+02	3.143949e+02	8.068616e+01	793	7.158491e-01	7.000000e-01	
8.078791e+01	794	1.223286e+02	3.250843e+02	8.078791e+01	794	7.265868e-01	7.000000e-01	
8.088966e+01	795	1.307044e+02	3.307905e+02	8.088966e+01	795	7.167804e-01	7.000000e-01	
8.099141e+01	796	1.280837e+02	3.022635e+02	8.099141e+01	796	7.023712e-01	7.000000e-01	
8.109316e+01	797	1.116738e+02	2.838843e+02	8.109316e+01	797	7.176804e-01	7.000000e-01	
8.119490e+01	798	1.351648e+02	3.092825e+02	8.119490e+01	798	6.958812e-01	7.000000e-01	
8.129665e+01	799	1.322387e+02	3.610199e+02	8.129665e+01	799	7.319080e-01	7.000000e-01	
8.139840e+01	800	1.288941e+02	3.850500e+02	8.139840e+01	800	7.492060e-01	7.000000e-01	
8.150015e+01	801	1.313121e+02	3.805908e+02	8.150015e+01	801	7.434824e-01	7.000000e-01	
8.160190e+01	802	1.252260e+02	3.769595e+02	8.160190e+01	802	7.506380e-01	7.000000e-01	
8.170364e+01	803	1.239531e+02	3.874330e+02	8.170364e+01	803	7.576135e-01	7.000000e-01	
8.180539e+01	804	1.432910e+02	3.625805e+02	8.180539e+01	804	7.167443e-01	7.000000e-01	
8.190714e+01	805	1.400839e+02	3.813056e+02	8.190714e+01	805	7.313258e-01	7.000000e-01	
8.200889e+01	806	1.409811e+02	4.111050e+02	8.200889e+01	806	7.446393e-01	7.000000e-01	
8.211064e+01	807	1.670913e+02	3.612784e+02	8.211064e+01	807	6.837606e-01	7.000000e-01	
8.221238e+01	808	1.385201e+02	3.744843e+02	8.221238e+01	808	7.299826e-01	7.000000e-01	
8.231413e+01	809	1.472378e+02	3.701173e+02	8.231413e+01	809	7.154028e-01	7.000000e-01	
8.241588e+01	810	1.678743e+02	3.155801e+02	8.241588e+01	810	6.527608e-01	7.000000e-01	
8.251763e+01	811	1.608127e+02	3.706653e+02	8.251763e+01	811	6.974236e-01	7.000000e-01	
8.261938e+01	812	1.746460e+02	2.816359e+02	8.261938e+01	812	6.172410e-01	7.000000e-01	
8.272112e+01	813	1.502130e+02	3.124516e+02	8.272112e+01	813	6.753307e-01	7.000000e-01	
8.282287e+01	814	1.703082e+02	3.349099e+02	8.282287e+01	814	6.629016e-01	7.000000e-01	
8.292462e+01	815	1.679390e+02	3.344876e+02	8.292462e+01	815	6.657442e-01	7.000000e-01	
8.302637e+01	816	1.687246e+02	2.781405e+02	8.302637e+01	816	6.224261e-01	7.000000e-01	
8.312812e+01	817	1.748882e+02	2.792327e+02	8.312812e+01	817	6.148863e-01	7.000000e-01	
8.322986e+01	818	1.349761e+02	3.854955e+02	8.322986e+01	818	7.406658e-01	7.000000e-01	
8.333161e+01	819	1.729539e+02	3.276051e+02	8.333161e+01	819	6.544785e-01	7.000000e-01	
8.343336e+01	820	1.659284e+02	3.558764e+02	8.343336e+01	820	6.820106e-01	7.000000e-01	
8.353511e+01	821	1.433684e+02	3.581169e+02	8.353511e+01	821	7.141125e-01	7.000000e-01	
8.363686e+01	822	1.605969e+02	3.417842e+02	8.363686e+01	822	6.803285e-01	7.000000e-01	
8.373860e+01	823	1.539284e+02	3.586522e+02	8.373860e+01	823	6.996991e-01	7.000000e-01	
8.384035e+01	824	1.467543e+02	3.630089e+02	8.384035e+01	824	7.121128e-01	7.000000e-01	
8.394210e+01	825	1.564637e+02	3.411276e+02	8.394210e+01	825	6.855578e-01	7.000000e-01	
8.404385e+01	826	1.540561e+02	3.250651e+02	8.404385e+01	826	6.784611e-01	7.000000e-01	
8.414560e+01	827	1.632384e+02	3.496627e+02	8.414560e+01	827	6.817351e-01	7.000000e-01	
8.424734e+01	828	1.570674e+02	3.600527e+02	8.424734e+01	828	6.962651e-01	7.000000e-01	
8.434909e+01	829	1.562434e+02	3.375745e+02	8.434909e+01	829	6.836012e-01	7.000000e-01	
8.445084e+01	830	1.609532e+02	3.435247e+02	8.445084e+01	830	6.809509e-01	7.000000e-01	
8.455259e+01	831	1.698169e+02	3.407294e+02	8.455259e+01	831	6.673820e-01	7.000000e-01	
8.465434e+01	832	1.566205e+02	3.238791e+02	8.465434e+01	832	6.740466e-01	7.000000e-01	
8.475608e+01	833	1.717839e+02	3.136040e+02	8.475608e+01	833	6.460894e-01	7.000000e-01	
8.485783e+01	834	1.551714e+02	3.217232e+02	8.485783e+01	834	6.746212e-01	7.000000e-01	
8.495958e+01	835	1.417324e+02	3.324049e+02	8.495958e+01	835	7.010731e-01	7.000000e-01	
8.506133e+01	836	1.524112e+02	3.513295e+02	8.506133e+01	836	6.974412e-01	7.000000e-01	
8.516308e+01	837	1.514667e+02	3.288350e+02	8.516308e+01	837	6.846426e-01	7.000000e-01	
8.526482e+01	838	1.544807e+02	3.263290e+02	8.526482e+01	838	6.787072e-01	7.000000e-01	
8.536657e+01	839	1.502293e+02	3.208966e+02	8.536657e+01	839	6.811271e-01	7.000000e-01	
8.546832e+01	840	1.497675e+02	3.150191e+02	8.546832e+01	840	6.777715e-01	7.000000e-01	
8.557007e+01	841	1.413064e+02	3.352179e+02	8.557007e+01	841	7.034644e-01	7.000000e-01	
8.567182e+01	842	1.503054e+02	3.338856e+02	8.567182e+01	842	6.895742e-01	7.000000e-01	
8.577356e+01	843	1.603837e+02	3.478157e+02	8.577356e+01	843	6.844079e-01	7.000000e-01	
8.587531e+01	844	1.273962e+02	3.381968e+02	8.587531e+01	844	7.263786e-01	7.000000e-01	
8.597706e+01	845	1.488440e+02	3.523781e+02	8.597706e+01	845	7.030378e-01	7.000000e-01	
8.607881e+01	846	1.228337e+02	3.443621e+02	8.607881e+01	846	7.370830e-01	7.000000e-01	
8.618056e+01	847	1.857744e+02	3.273962e+02	8.618056e+01	847	6.379871e-01	7.000000e-01	
8.628230e+01	848	1.722225e+02	3.222966e+02	8.628230e+01	848	6.517374e-01	7.000000e-01	
8.638405e+01	849	1.705580e+02	3.192227e+02	8.638405e+01	849	6.517666e-01	7.000000e-01	
8.648580e+01	850	1.675874e+02	3.167319e+02	8.648580e+01	850	6.539733e-01	7.000000e-01	
8.658755e+01	851	1.692496e+02	3.140541e+02	8.658755e+01	851	6.498069e-01	7.000000e-01	
8.668930e+01	852	1.602159e+02	3.358055e+02	8.668930e+01	852	6.769980e-01	7.000000e-01	
8.679104e+01	853	1.735596e+02	3.291876e+02	8.679104e+01	853	6.547776e-01	7.000000e-01	
8.689279e+01	854	1.668660e+02	3.129472e+02	8.689279e+01	854	6.522272e-01	7.000000e-01	
8.699454e+01	855	1.777450e+02	3.252676e+02	8.699454e+01	855	6.466391e-01	7.000000e-01	
8.709629e+01	856	1.739140e+02	3.037905e+02	8.709629e+01	856	6.359381e-01	7.000000e-01	
8.719804e+01	857	1.849320e+02	3.460619e+02	8.719804e+01	857	6.517248e-01	7.000000e-01	
8.729978e+01	858	1.586403e+02	3.066240e+02	8.729978e+01	858	6.590319e-01	7.000000e-01	
8.740153e+01	859	1.865576e+02	3.505043e+02	8.740153e+01	859	6.526330e-01	7.000000e-01	
8.750328e+01	860	2.059439e+02	3.604734e+02	8.750328e+01	860	6.364096e-01	7.000000e-01	
8.760503e+01	861	2.297927e+02	3.881130e+02	8.760503e+01	861	6.281104e-01	7.000000e-01	
8.770678e+01	862	1.911615e+02	3.523027e+02	8.770678e+01	862	6.482537e-01	7.000000e-01	
8.780852e+01	863	1.708402e+02	3.406565e+02	8.780852e+01	863	6.659994e-01	7.000000e-01	
8.791027e+01	864	1.788152e+02	3.383513e+02	8.791027e+01	864	6.542406e-01	7.000000e-01	
8.801202e+01	865	1.759275e+02	3.354553e+02	8.801202e+01	865	6.559769e-01	7.000000e-01	
8.811377e+01	866	1.782998e+02	3.502942e+02	8.811377e+01	866	6.626905e-01	7.000000e-01	
8.821552e+01	867	1.667655e+02	2.812988e+02	8.821552e+01	867	6.278090e-01	7.000000e-01	
8.831726e+01	868	1.703065e+02	3.384224e+02	8.831726e+01	868	6.652313e-01	7.000000e-01	
8.841901e+01	869	1.780689e+02	3.322497e+02	8.841901e+01	869	6.510633e-01	7.000000e-01	
8.852076e+01	870	1.670441e+02	2.836604e+02	8.852076e+01	870	6.293711e-01	7.000000e-01	
8.862251e+01	871	1.616773e+02	3.318153e+02	8.862251e+01	871	6.723815e-01	7.000000e-01	
8.872426e+01	872	1.693159e+02	3.346987e+02	8.872426e+01	872	6.640655e-01	7.000000e-01	
8.882600e+01	873	1.745871e+02	3.327454e+02	8.882600e+01	873	6.558724e-01	7.000000e-01	
8.892775e+01	874	1.651898e+02	3.485543e+02	8.892775e+01	874	6.784590e-01	7.000000e-01	
8.902950e+01	875	1.875182e+02	3.495806e+02	8.902950e+01	875	6.508683e-01	7.000000e-01	
8.913125e+01	876	1.836225e+02	3.310801e+02	8.913125e+01	876	6.432454e-01	7.000000e-01	
8.923300e+01	877	1.682510e+02	3.322729e+02	8.923300e+01	877	6.638502e-01	7.000000e-01	
8.933474e+01	878	1.825361e+02	3.300884e+02	8.933474e+01	878	6.439185e-01	7.000000e-01	
8.943649e+01	879	1.708595e+02	3.369652e+02	8.943649e+01	879	6.635463e-01	7.000000e-01	
8.953824e+01	880	1.650551e+02	3.220104e+02	8.953824e+01	880	6.611234e-01	7.000000e-01	
8.963999e+01	881	1.625225e+02	3.296751e+02	8.963999e+01	881	6.698023e-01	7.000000e-01	
8.974174e+01	882	1.869495e+02	3.261038e+02	8.974174e+01	882	6.356139e-01	7.000000e-01	
8.984348e+01	883	2.278028e+02	3.204454e+02	8.984348e+01	883	5.844897e-01	7.000000e-01	
8.994523e+01	884	2.565742e+02	3.537777e+02	8.994523e+01	884	5.796291e-01	7.000000e-01	
9.004698e+01	885	1.777508e+02	3.305599e+02	9.004698e+01	885	6.503107e-01	7.000000e-01	
9.014873e+01	886	2.192893e+02	3.330190e+02	9.014873e+01	886	6.029585e-01	7.000000e-01	
9.025048e+01	887	1.509571e+02	3.242767e+02	9.025048e+01	887	6.823519e-01	7.000000e-01	
9.035222e+01	888	1.456093e+02	3.437104e+02	9.035222e+01	888	7.024250e-01	7.000000e-01	
9.045397e+01	889	1.645566e+02	3.099292e+02	9.045397e+01	889	6.531896e-01	7.000000e-01	
9.055572e+01	890	2.033819e+02	3.324610e+02	9.055572e+01	890	6.204449e-01	7.000000e-01	
9.065747e+01	891	1.623578e+02	3.275159e+02	9.065747e+01	891	6.685721e-01	7.000000e-01	
9.075922e+01	892	1.649429e+02	3.309728e+02	9.075922e+01	892	6.673973e-01	7.000000e-01	
9.086096e+01	893	1.701421e+02	3.276174e+02	9.086096e+01	893	6.581841e-01	7.000000e-01	
9.096271e+01	894	1.515433e+02	3.127768e+02	9.096271e+01	894	6.736232e-01	7.000000e-01	
9.106446e+01	895	1.671633e+02	3.184492e+02	9.106446e+01	895	6.557681e-01	7.000000e-01	
9.116621e+01	896	1.742424e+02	3.482339e+02	9.116621e+01	896	6.665066e-01	7.000000e-01	
9.126796e+01	897	1.664093e+02	3.261058e+02	9.126796e+01	897	6.621235e-01	7.000000e-01	
9.136970e+01	898	1.823060e+02	3.670011e+02	9.136970e+01	898	6.681164e-01	7.000000e-01	
9.147145e+01	899	1.684461e+02	3.492106e+02	9.147145e+01	899	6.745988e-01	7.000000e-01	
9.157320e+01	900	1.734054e+02	3.560234e+02	9.157320e+01	900	6.724670e-01	7.000000e-01	
9.167495e+01	901	1.789177e+02	3.362641e+02	9.167495e+01	901	6.527096e-01	7.000000e-01	
9.177670e+01	902	1.789225e+02	3.458356e+02	9.177670e+01	902	6.590381e-01	7.000000e-01	
9.187844e+01	903	1.849401e+02	3.679497e+02	9.187844e+01	903	6.655028e-01	7.000000e-01	
9.198019e+01	904	1.749661e+02	3.632724e+02	9.198019e+01	904	6.749283e-01	7.000000e-01	
9.208194e+01	905	1.553844e+02	3.263490e+02	9.208194e+01	905	6.774473e-01	7.000000e-01	
9.218369e+01	906	1.785736e+02	3.635721e+02	9.218369e+01	906	6.706170e-01	7.000000e-01	
9.228544e+01	907	1.708895e+02	3.432178e+02	9.228544e+01	907	6.675995e-01	7.000000e-01	
9.238718e+01	908	1.401003e+02	2.741021e+02	9.238718e+01	908	6.617588e-01	7.000000e-01	
9.248893e+01	909	1.635709e+02	3.307745e+02	9.248893e+01	909	6.691162e-01	7.000000e-01	
9.259068e+01	910	1.692021e+02	3.253483e+02	9.259068e+01	910	6.578668e-01	7.000000e-01	
9.269243e+01	911	1.574533e+02	3.326475e+02	9.269243e+01	911	6.787328e-01	7.000000e-01	
9.279418e+01	912	1.648304e+02	3.304809e+02	9.279418e+01	912	6.672186e-01	7.000000e-01	
9.289592e+01	913	1.451772e+02	3.417297e+02	9.289592e+01	913	7.018379e-01	7.000000e-01	
9.299767e+01	914	1.572105e+02	3.395394e+02	9.299767e+01	914	6.835218e-01	7.000000e-01	
9.309942e+01	915	1.616620e+02	3.285382e+02	9.309942e+01	915	6.702123e-01	7.000000e-01	
9.320117e+01	916	1.508139e+02	3.472865e+02	9.320117e+01	916	6.972219e-01	7.000000e-01	
9.330292e+01	917	1.559163e+02	3.299456e+02	9.330292e+01	917	6.790934e-01	7.000000e-01	
9.340466e+01	918	1.628569e+02	3.349446e+02	9.340466e+01	918	6.728477e-01	7.000000e-01	
9.350641e+01	919	1.589795e+02	3.309135e+02	9.350641e+01	919	6.754812e-01	7.000000e-01	
9.360816e+01	920	1.319972e+02	3.629699e+02	9.360816e+01	920	7.333213e-01	7.000000e-01	
9.370991e+01	921	1.603652e+02	3.385908e+02	9.370991e+01	921	6.785985e-01	7.000000e-01	
9.381166e+01	922	1.712325e+02	3.359421e+02	9.381166e+01	922	6.623796e-01	7.000000e-01	
9.391340e+01	923	1.543513e+02	3.318641e+02	9.391340e+01	923	6.825454e-01	7.000000e-01	
9.401515e+01	924	2.003435e+02	3.137737e+02	9.401515e+01	924	6.103155e-01	7.000000e-01	
9.411690e+01	925	1.704985e+02	3.259850e+02	9.411690e+01	925	6.565878e-01	7.000000e-01	
9.421865e+01	926	1.893415e+02	3.349024e+02	9.421865e+01	926	6.388294e-01	7.000000e-01	
9.432040e+01	927	1.554338e+02	3.207519e+02	9.432040e+01	927	6.735857e-01	7.000000e-01	
9.442214e+01	928	1.755257e+02	3.268063e+02	9.442214e+01	928	6.505783e-01	7.000000e-01	
9.452389e+01	929	1.453539e+02	3.093932e+02	9.452389e+01	929	6.803632e-01	7.000000e-01	
9.462564e+01	930	1.526339e+02	3.213646e+02	9.462564e+01	930	6.779865e-01	7.000000e-01	
9.472739e+01	931	1.574104e+02	3.074782e+02	9.472739e+01	931	6.614019e-01	7.000000e-01	
9.482914e+01	932	1.585562e+02	3.123988e+02	9.482914e+01	932	6.633305e-01	7.000000e-01	
9.493088e+01	933	1.314835e+02	3.432892e+02	9.493088e+01	933	7.230601e-01	7.000000e-01	
9.503263e+01	934	1.287400e+02	3.292582e+02	9.503263e+01	934	7.189072e-01	7.000000e-01	
9.513438e+01	935	1.562972e+02	3.170059e+02	9.513438e+01	935	6.697736e-01	7.000000e-01	
9.523613e+01	936	1.634360e+02	3.434643e+02	9.523613e+01	936	6.775776e-01	7.000000e-01	
9.533788e+01	937	1.468327e+02	3.198764e+02	9.533788e+01	937	6.853871e-01	7.000000e-01	
9.543962e+01	938	1.545116e+02	3.778484e+02	9.543962e+01	938	7.097611e-01	7.000000e-01	
9.554137e+01	939	1.564353e+02	3.199834e+02	9.554137e+01	939	6.716432e-01	7.000000e-01	
9.564312e+01	940	1.502396e+02	3.612557e+02	9.564312e+01	940	7.062737e-01	7.000000e-01	
9.574487e+01	941	1.508158e+02	3.594388e+02	9.574487e+01	941	7.044303e-01	7.000000e-01	
9.584662e+01	942	1.394542e+02	3.811593e+02	9.584662e+01	942	7.321349e-01	7.000000e-01	
9.594836e+01	943	1.498917e+02	3.755883e+02	9.594836e+01	943	7.147528e-01	7.000000e-01	
9.605011e+01	944	1.484651e+02	3.344816e+02	9.605011e+01	944	6.925849e-01	7.000000e-01	
9.615186e+01	945	1.580354e+02	3.374097e+02	9.615186e+01	945	6.810234e-01	7.000000e-01	
9.625361e+01	946	1.167970e+02	3.563388e+02	9.625361e+01	946	7.531428e-01	7.000000e-01	
9.635536e+01	947	1.190382e+02	3.696382e+02	9.635536e+01	947	7.564069e-01	7.000000e-01	
9.645710e+01	948	1.015010e+02	3.783870e+02	9.645710e+01	948	7.884902e-01	7.000000e-01	
9.655885e+01	949	1.111551e+02	3.528348e+02	9.655885e+01	949	7.604364e-01	7.000000e-01	
9.666060e+01	950	1.351102e+02	3.415387e+02	9.666060e+01	950	7.165415e-01	7.000000e-01	
9.676235e+01	951	1.297825e+02	3.436364e+02	9.676235e+01	951	7.258612e-01	7.000000e-01	
9.686410e+01	952	1.097499e+02	3.783869e+02	9.686410e+01	952	7.751657e-01	7.000000e-01	
9.696584e+01	953	1.559694e+02	3.521414e+02	9.696584e+01	953	6.930406e-01	7.000000e-01	
9.706759e+01	954	1.369530e+02	3.426916e+02	9.706759e+01	954	7.144698e-01	7.000000e-01	
9.716934e+01	955	1.464362e+02	3.329389e+02	9.716934e+01	955	6.945269e-01	7.000000e-01	
9.727109e+01	956	1.389889e+02	3.208038e+02	9.727109e+01	956	6.977140e-01	7.000000e-01	
9.737284e+01	957	1.460050e+02	3.396699e+02	9.737284e+01	957	6.993771e-01	7.000000e-01	
9.747458e+01	958	1.530097e+02	3.315126e+02	9.747458e+01	958	6.842050e-01	7.000000e-01	
9.757633e+01	959	1.511748e+02	2.749756e+02	9.757633e+01	959	6.452548e-01	7.000000e-01	
9.767808e+01	960	1.598683e+02	3.680130e+02	9.767808e+01	960	6.971510e-01	7.000000e-01	
9.777983e+01	961	1.732718e+02	3.515316e+02	9.777983e+01	961	6.698348e-01	7.000000e-01	
9.788158e+01	962	1.563711e+02	3.112002e+02	9.788158e+01	962	6.655674e-01	7.000000e-01	
9.798332e+01	963	1.731075e+02	3.691582e+02	9.798332e+01	963	6.807700e-01	7.000000e-01	
9.808507e+01	964	1.244050e+02	3.850054e+02	9.808507e+01	964	7.557863e-01	7.000000e-01	
9.818682e+01	965	1.600963e+02	3.511510e+02	9.818682e+01	965	6.868515e-01	7.000000e-01	
9.828857e+01	966	1.894554e+02	4.274316e+02	9.828857e+01	966	6.928848e-01	7.000000e-01	
9.839032e+01	967	1.802641e+02	3.262068e+02	9.839032e+01	967	6.440781e-01	7.000000e-01	
9.849206e+01	968	1.674276e+02	3.640514e+02	9.849206e+01	968	6.849780e-01	7.000000e-01	
9.859381e+01	969	1.678738e+02	3.581128e+02	9.859381e+01	969	6.808402e-01	7.000000e-01	
9.869556e+01	970	1.590934e+02	3.668003e+02	9.869556e+01	970	6.974799e-01	7.000000e-01	
9.879731e+01	971	1.565694e+02	3.567811e+02	9.879731e+01	971	6.950049e-01	7.000000e-01	
9.889906e+01	972	1.804623e+02	3.261548e+02	9.889906e+01	972	6.437896e-01	7.000000e-01	
9.900080e+01	973	1.544391e+02	3.419555e+02	9.900080e+01	973	6.888784e-01	7.000000e-01	
9.910255e+01	974	1.584146e+02	3.480878e+02	9.910255e+01	974	6.872382e-01	7.000000e-01	
9.920430e+01	975	1.484336e+02	3.440422e+02	9.920430e+01	975	6.985972e-01	7.000000e-01	
9.930605e+01	976	1.398283e+02	3.593319e+02	9.930605e+01	976	7.198729e-01	7.000000e-01	
9.940780e+01	977	1.625791e+02	3.462888e+02	9.940780e+01	977	6.805082e-01	7.000000e-01	
9.950954e+01	978	1.603704e+02	3.472666e+02	9.950954e+01	978	6.840845e-01	7.000000e-01	
9.961129e+01	979	1.557886e+02	3.484184e+02	9.961129e+01	979	6.910225e-01	7.000000e-01	
9.971304e+01	980	1.582377e+02	2.985623e+02	9.971304e+01	980	6.535952e-01	7.000000e-01	
9.981479e+01	981	1.539545e+02	3.455779e+02	9.981479e+01	981	6.918028e-01	7.000000e-01	
9.991654e+01	982	1.755825e+02	3.450356e+02	9.991654e+01	982	6.627422e-01	7.000000e-01	
1.000183e+02	983	1.659878e+02	3.606622e+02	1.000183e+02	983	6.848233e-01	7.000000e-01	
1.001200e+02	984	1.874575e+02	3.354711e+02	1.001200e+02	984	6.415237e-01	7.000000e-01	
1.002218e+02	985	1.545841e+02	3.383896e+02	1.002218e+02	985	6.864253e-01	7.000000e-01	
1.003235e+02	986	1.806590e+02	3.383062e+02	1.003235e+02	986	6.518861e-01	7.000000e-01	
1.004253e+02	987	1.732229e+02	3.382244e+02	1.004253e+02	987	6.613084e-01	7.000000e-01	
1.005270e+02	988	1.778821e+02	3.426730e+02	1.005270e+02	988	6.582838e-01	7.000000e-01	
1.006288e+02	989	1.713468e+02	3.219227e+02	1.006288e+02	989	6.526305e-01	7.000000e-01	
1.007305e+02	990	1.529342e+02	3.292835e+02	1.007305e+02	990	6.828524e-01	7.000000e-01	
1.008323e+02	991	1.461237e+02	3.361083e+02	1.008323e+02	991	6.969846e-01	7.000000e-01	
1.009340e+02	992	1.818348e+02	3.516757e+02	1.009340e+02	992	6.591730e-01	7.000000e-01	
1.010358e+02	993	1.362967e+02	3.370206e+02	1.010358e+02	993	7.120395e-01	7.000000e-01	
1.011375e+02	994	1.778893e+02	3.317522e+02	1.011375e+02	994	6.509521e-01	7.000000e-01	
1.012393e+02	995	1.343881e+02	3.476721e+02	1.012393e+02	995	7.212213e-01	7.000000e-01	
1.013410e+02	996	1.512174e+02	3.471002e+02	1.013410e+02	996	6.965441e-01	7.000000e-01	
1.014428e+02	997	1.384184e+02	3.798507e+02	1.014428e+02	997	7.329218e-01	7.000000e-01	
1.015445e+02	998	1.276944e+02	3.722639e+02	1.015445e+02	998	7.445899e-01	7.000000e-01	
1.016463e+02	999	1.443434e+02	3.257316e+02	1.016463e+02	999	6.929354e-01	7.000000e-01	
1.017480e+02	1000	1.427269e+02	3.277494e+02	1.017480e+02	1000	6.966332e-01	7.000000e-01	
1.018497e+02	1001	1.483222e+02	2.856938e+02	1.018497e+02	1001	6.582564e-01	7.000000e-01	
1.019515e+02	1002	1.473755e+02	3.045961e+02	1.019515e+02	1002	6.739275e-01	7.000000e-01	
1.020532e+02	1003	1.673138e+02	3.155401e+02	1.020532e+02	1003	6.534898e-01	7.000000e-01	
1.021550e+02	1004	1.514853e+02	3.774329e+02	1.021550e+02	1004	7.135941e-01	7.000000e-01	
1.022567e+02	1005	1.477662e+02	3.001443e+02	1.022567e+02	1005	6.700988e-01	7.000000e-01	
1.023585e+02	1006	1.644803e+02	3.612889e+02	1.023585e+02	1006	6.871625e-01	7.000000e-01	
1.024602e+02	1007	1.362279e+02	3.818877e+02	1.024602e+02	1007	7.370705e-01	7.000000e-01	
1.025620e+02	1008	1.403669e+02	3.834947e+02	1.025620e+02	1008	7.320535e-01	7.000000e-01	
1.026637e+02	1009	1.432358e+02	3.404184e+02	1.026637e+02	1009	7.038467e-01	7.000000e-01	
1.027655e+02	1010	1.558888e+02	3.477169e+02	1.027655e+02	1010	6.904547e-01	7.000000e-01	
1.028672e+02	1011	1.929570e+02	3.935506e+02	1.028672e+02	1011	6.710068e-01	7.000000e-01	
1.029690e+02	1012	1.531980e+02	3.640413e+02	1.029690e+02	1012	7.038160e-01	7.000000e-01	
1.030707e+02	1013	1.598413e+02	3.400379e+02	1.030707e+02	1013	6.802401e-01	7.000000e-01	
1.031725e+02	1014	1.581776e+02	3.722952e+02	1.031725e+02	1014	7.018177e-01	7.000000e-01	
1.032742e+02	1015	1.593950e+02	3.236850e+02	1.032742e+02	1015	6.700443e-01	7.000000e-01	
1.033760e+02	1016	1.598046e+02	3.534798e+02	1.033760e+02	1016	6.886627e-01	7.000000e-01	
1.034777e+02	1017	1.571499e+02	3.715735e+02	1.034777e+02	1017	7.027748e-01	7.000000e-01	
1.035795e+02	1018	1.619433e+02	3.475954e+02	1.035795e+02	1018	6.821766e-01	7.000000e-01	
1.036812e+02	1019	1.513995e+02	3.461302e+02	1.036812e+02	1019	6.956976e-01	7.000000e-01	
1.037830e+02	1020	1.599342e+02	3.568001e+02	1.037830e+02	1020	6.904905e-01	7.000000e-01	
1.038847e+02	1021	1.457390e+02	3.982933e+02	1.038847e+02	1021	7.321133e-01	7.000000e-01	
1.039865e+02	1022	1.618234e+02	3.597403e+02	1.039865e+02	1022	6.897342e-01	7.000000e-01	
1.040882e+02	1023	1.269810e+02	3.997614e+02	1.040882e+02	1023	7.589315e-01	7.000000e-01	
1.041900e+02	1024	1.555315e+02	3.962305e+02	1.041900e+02	1024	7.181185e-01	7.000000e-01	
1.042917e+02	1025	1.959047e+02	3.510480e+02	1.042917e+02	1025	6.418252e-01	7.000000e-01	
1.043934e+02	1026	1.565307e+02	3.488893e+02	1.043934e+02	1026	6.902958e-01	7.000000e-01	
1.044952e+02	1027	1.618033e+02	3.466807e+02	1.044952e+02	1027	6.817927e-01	7.000000e-01	
1.045969e+02	1028	1.959534e+02	3.510485e+02	1.045969e+02	1028	6.417683e-01	7.000000e-01	
1.046987e+02	1029	1.370058e+02	3.128244e+02	1.046987e+02	1029	6.954277e-01	7.000000e-01	
1.048004e+02	1030	1.378973e+02	3.487161e+02	1.048004e+02	1030	7.166184e-01	7.000000e-01	
1.049022e+02	1031	1.322726e+02	3.059410e+02	1.049022e+02	1031	6.981550e-01	7.000000e-01	
1.050039e+02	1032	1.325578e+02	3.156823e+02	1.050039e+02	1032	7.042705e-01	7.000000e-01	
1.051057e+02	1033	1.442645e+02	3.733743e+02	1.051057e+02	1033	7.213028e-01	7.000000e-01	
1.052074e+02	1034	1.268767e+02	3.995630e+02	1.052074e+02	1034	7.589910e-01	7.000000e-01	
1.053092e+02	1035	1.339397e+02	3.772020e+02	1.053092e+02	1035	7.379597e-01	7.000000e-01	
1.054109e+02	1036	1.273267e+02	4.024863e+02	1.054109e+02	1036	7.596761e-01	7.000000e-01	
1.055127e+02	1037	1.357200e+02	3.893551e+02	1.055127e+02	1037	7.415227e-01	7.000000e-01	
1.056144e+02	1038	1.317017e+02	3.944183e+02	1.056144e+02	1038	7.496736e-01	7.000000e-01	
1.057162e+02	1039	1.306143e+02	3.744456e+02	1.057162e+02	1039	7.413885e-01	7.000000e-01	
1.058179e+02	1040	1.489713e+02	3.483220e+02	1.058179e+02	1040	7.004357e-01	7.000000e-01	
1.059197e+02	1041	1.440494e+02	3.584356e+02	1.059197e+02	1041	7.133260e-01	7.000000e-01	
1.060214e+02	1042	1.364423e+02	3.685475e+02	1.060214e+02	1042	7.298118e-01	7.000000e-01	
1.061232e+02	1043	1.434977e+02	3.661921e+02	1.061232e+02	1043	7.184607e-01	7.000000e-01	
1.062249e+02	1044	1.380902e+02	3.651636e+02	1.062249e+02	1044	7.256053e-01	7.000000e-01	
1.063267e+02	1045	1.424581e+02	3.610103e+02	1.063267e+02	1045	7.170466e-01	7.000000e-01	
1.064284e+02	1046	1.333067e+02	3.869989e+02	1.064284e+02	1046	7.437915e-01	7.000000e-01	
1.065302e+02	1047	1.214118e+02	3.868804e+02	1.065302e+02	1047	7.611378e-01	7.000000e-01	
1.066319e+02	1048	1.529305e+02	3.588149e+02	1.066319e+02	1048	7.011590e-01	7.000000e-01	
1.067337e+02	1049	1.453853e+02	3.475485e+02	1.067337e+02	1049	7.050612e-01	7.000000e-01	
1.068354e+02	1050	1.228796e+02	3.854489e+02	1.068354e+02	1050	7.582673e-01	7.000000e-01	
1.069371e+02	1051	1.200954e+02	4.118256e+02	1.069371e+02	1051	7.742232e-01	7.000000e-01	
1.070389e+02	1052	1.731513e+02	3.549303e+02	1.070389e+02	1052	6.721126e-01	7.000000e-01	
1.071406e+02	1053	1.708835e+02	3.652138e+02	1.071406e+02	1053	6.812454e-01	7.000000e-01	
1.072424e+02	1054	1.677295e+02	3.600621e+02	1.072424e+02	1054	6.822051e-01	7.000000e-01	
1.073441e+02	1055	1.633270e+02	3.560711e+02	1.073441e+02	1055	6.855456e-01	7.000000e-01	
1.074459e+02	1056	1.677131e+02	3.470288e+02	1.074459e+02	1056	6.741802e-01	7.000000e-01	
1.075476e+02	1057	1.735054e+02	3.265954e+02	1.075476e+02	1057	6.530591e-01	7.000000e-01	
1.076494e+02	1058	1.892698e+02	3.344579e+02	1.076494e+02	1058	6.386103e-01	7.000000e-01	
1.077511e+02	1059	2.306952e+02	3.512562e+02	1.077511e+02	1059	6.035834e-01	7.000000e-01	
1.078529e+02	1060	1.322843e+02	3.436913e+02	1.078529e+02	1060	7.220776e-01	7.000000e-01	
1.079546e+02	1061	1.584256e+02	3.464915e+02	1.079546e+02	1061	6.862344e-01	7.000000e-01	
1.080564e+02	1062	1.514655e+02	3.035631e+02	1.080564e+02	1062	6.671297e-01	7.000000e-01	
1.081581e+02	1063	1.508379e+02	3.030878e+02	1.081581e+02	1063	6.677035e-01	7.000000e-01	
1.082599e+02	1064	1.678625e+02	3.581672e+02	1.082599e+02	1064	6.808878e-01	7.000000e-01	
1.083616e+02	1065	1.402718e+02	3.029001e+02	1.083616e+02	1065	6.834822e-01	7.000000e-01	
1.084634e+02	1066	1.441672e+02	3.232079e+02	1.084634e+02	1066	6.915386e-01	7.000000e-01	
1.085651e+02	1067	1.511682e+02	3.132289e+02	1.085651e+02	1067	6.744850e-01	7.000000e-01	
1.086669e+02	1068	1.629686e+02	3.052449e+02	1.086669e+02	1068	6.519353e-01	7.000000e-01	
1.087686e+02	1069	1.506597e+02	3.090047e+02	1.087686e+02	1069	6.722398e-01	7.000000e-01	
1.088704e+02	1070	1.515799e+02	3.029712e+02	1.088704e+02	1070	6.665284e-01	7.000000e-01	
1.089721e+02	1071	1.340223e+02	3.110675e+02	1.089721e+02	1071	6.988871e-01	7.000000e-01	
1.090739e+02	1072	1.327951e+02	3.074506e+02	1.090739e+02	1072	6.983614e-01	7.000000e-01	
1.091756e+02	1073	2.076133e+02	3.444093e+02	1.091756e+02	1073	6.239043e-01	7.000000e-01	
1.092774e+02	1074	1.857293e+02	3.471357e+02	1.092774e+02	1074	6.514515e-01	7.000000e-01	
1.093791e+02	1075	2.465381e+02	2.985523e+02	1.093791e+02	1075	5.477115e-01	7.000000e-01	
1.094808e+02	1076	2.186800e+02	3.384292e+02	1.094808e+02	1076	6.074737e-01	7.000000e-01	
1.095826e+02	1077	1.697531e+02	3.147560e+02	1.095826e+02	1077	6.496390e-01	7.000000e-01	
1.096843e+02	1078	1.979890e+02	3.351805e+02	1.096843e+02	1078	6.286566e-01	7.000000e-01	
1.097861e+02	1079	1.867662e+02	3.197046e+02	1.097861e+02	1079	6.312399e-01	7.000000e-01	
1.098878e+02	1080	1.637569e+02	3.474105e+02	1.098878e+02	1080	6.796413e-01	7.000000e-01	
1.099896e+02	1081	1.570964e+02	3.026770e+02	1.099896e+02	1081	6.583178e-01	7.000000e-01	
1.100913e+02	1082	1.771072e+02	3.493115e+02	1.100913e+02	1082	6.635621e-01	7.000000e-01	
1.101931e+02	1083	2.073876e+02	3.286693e+02	1.101931e+02	1083	6.131239e-01	7.000000e-01	
1.102948e+02	1084	1.463697e+02	3.947153e+02	1.102948e+02	1084	7.294885e-01	7.000000e-01	
1.103966e+02	1085	1.611353e+02	3.489199e+02	1.103966e+02	1085	6.840826e-01	7.000000e-01	
1.104983e+02	1086	1.316970e+02	3.601555e+02	1.104983e+02	1086	7.322429e-01	7.000000e-01	
1.106001e+02	1087	1.433812e+02	3.649161e+02	1.106001e+02	1087	7.179186e-01	7.000000e-01	
1.107018e+02	1088	1.586202e+02	3.555707e+02	1.107018e+02	1088	6.915150e-01	7.000000e-01	
1.108036e+02	1089	1.391278e+02	3.959889e+02	1.108036e+02	1089	7.400048e-01	7.000000e-01	
1.109053e+02	1090	1.108302e+02	3.731114e+02	1.109053e+02	1090	7.709844e-01	7.000000e-01	
1.110071e+02	1091	1.489907e+02	3.875793e+02	1.110071e+02	1091	7.223276e-01	7.000000e-01	
1.111088e+02	1092	1.132334e+02	2.733309e+02	1.111088e+02	1092	7.070775e-01	7.000000e-01	
1.112106e+02	1093	1.302266e+02	3.391210e+02	1.112106e+02	1093	7.225370e-01	7.000000e-01	
1.113123e+02	1094	1.659528e+02	3.434826e+02	1.113123e+02	1094	6.742417e-01	7.000000e-01	
1.114141e+02	1095	1.129192e+02	2.725913e+02	1.114141e+02	1095	7.070918e-01	7.000000e-01	
1.115158e+02	1096	1.244585e+02	3.561257e+02	1.115158e+02	1096	7.410267e-01	7.000000e-01	
1.116176e+02	1097	1.777873e+02	3.321598e+02	1.116176e+02	1097	6.513613e-01	7.000000e-01	
1.117193e+02	1098	1.464735e+02	3.336127e+02	1.117193e+02	1098	6.949017e-01	7.000000e-01	
1.118211e+02	1099	1.765807e+02	3.433085e+02	1.118211e+02	1099	6.603494e-01	7.000000e-01	
1.119228e+02	1100	1.528599e+02	3.409882e+02	1.119228e+02	1100	6.904718e-01	7.000000e-01	
1.120245e+02	1101	1.766881e+02	3.370238e+02	1.120245e+02	1101	6.560561e-01	7.000000e-01	
1.121263e+02	1102	1.819179e+02	4.105169e+02	1.121263e+02	1102	6.929318e-01	7.000000e-01	
1.122280e+02	1103	1.709004e+02	3.756943e+02	1.122280e+02	1103	6.873362e-01	7.000000e-01	
1.123298e+02	1104	1.769216e+02	3.373010e+02	1.123298e+02	1104	6.559436e-01	7.000000e-01	
1.124315e+02	1105	1.826154e+02	3.288580e+02	1.124315e+02	1105	6.429621e-01	7.000000e-01	
1.125333e+02	1106	1.774708e+02	3.397759e+02	1.125333e+02	1106	6.568933e-01	7.000000e-01	
1.126350e+02	1107	1.788322e+02	3.419519e+02	1.126350e+02	1107	6.566097e-01	7.000000e-01	
1.127368e+02	1108	1.737442e+02	3.704391e+02	1.127368e+02	1108	6.807249e-01	7.000000e-01	
1.128385e+02	1109	1.779523e+02	3.513207e+02	1.128385e+02	1109	6.637798e-01	7.000000e-01	
1.129403e+02	1110	1.854816e+02	3.327255e+02	1.129403e+02	1110	6.420705e-01	7.000000e-01	
1.130420e+02	1111	1.691038e+02	3.668426e+02	1.130420e+02	1111	6.844763e-01	7.000000e-01	
1.131438e+02	1112	1.850151e+02	3.373656e+02	1.131438e+02	1112	6.458232e-01	7.000000e-01	
1.132455e+02	1113	1.707968e+02	3.578735e+02	1.132455e+02	1113	6.769314e-01	7.000000e-01	
1.133473e+02	1114	1.788147e+02	3.461415e+02	1.133473e+02	1114	6.593722e-01	7.000000e-01	
1.134490e+02	1115	1.830288e+02	3.424354e+02	1.134490e+02	1115	6.516817e-01	7.000000e-01	
1.135508e+02	1116	1.422431e+02	3.475634e+02	1.135508e+02	1116	7.095933e-01	7.000000e-01	
1.136525e+02	1117	1.467657e+02	3.562055e+02	1.136525e+02	1117	7.082026e-01	7.000000e-01	
1.137543e+02	1118	1.494907e+02	3.448496e+02	1.137543e+02	1118	6.975956e-01	7.000000e-01	
1.138560e+02	1119	1.431818e+02	3.437544e+02	1.138560e+02	1119	7.059537e-01	7.000000e-01	
1.139578e+02	1120	1.345030e+02	3.423374e+02	1.139578e+02	1120	7.179287e-01	7.000000e-01	
1.140595e+02	1121	1.521037e+02	3.610396e+02	1.140595e+02	1121	7.035844e-01	7.000000e-01	
1.141613e+02	1122	1.493190e+02	3.407760e+02	1.141613e+02	1122	6.953264e-01	7.000000e-01	
1.142630e+02	1123	1.536366e+02	3.593554e+02	1.142630e+02	1123	7.005088e-01	7.000000e-01	
1.143648e+02	1124	1.505444e+02	3.472086e+02	1.143648e+02	1124	6.975520e-01	7.000000e-01	
1.144665e+02	1125	1.619620e+02	3.324570e+02	1.144665e+02	1125	6.724195e-01	7.000000e-01	
1.145682e+02	1126	1.469361e+02	3.495837e+02	1.145682e+02	1126	7.040680e-01	7.000000e-01	
1.146700e+02	1127	1.570790e+02	3.511100e+02	1.146700e+02	1127	6.909044e-01	7.000000e-01	
1.147717e+02	1128	1.541327e+02	3.424977e+02	1.147717e+02	1128	6.896430e-01	7.000000e-01	
1.148735e+02	1129	1.568991e+02	3.552501e+02	1.148735e+02	1129	6.936457e-01	7.000000e-01	
1.149752e+02	1130	1.643878e+02	3.133126e+02	1.149752e+02	1130	6.558768e-01	7.000000e-01	
1.150770e+02	1131	1.659397e+02	3.157961e+02	1.150770e+02	1131	6.555380e-01	7.000000e-01	
1.151787e+02	1132	1.638049e+02	3.164534e+02	1.151787e+02	1132	6.589233e-01	7.000000e-01	
1.152805e+02	1133	1.668787e+02	3.156613e+02	1.152805e+02	1133	6.541661e-01	7.000000e-01	
1.153822e+02	1134	1.673861e+02	3.254885e+02	1.153822e+02	1134	6.603881e-01	7.000000e-01	
1.154840e+02	1135	1.596377e+02	3.473566e+02	1.154840e+02	1135	6.851292e-01	7.000000e-01	
1.155857e+02	1136	1.519940e+02	3.357652e+02	1.155857e+02	1136	6.883831e-01	7.000000e-01	
1.156875e+02	1137	1.638382e+02	3.359681e+02	1.156875e+02	1137	6.721966e-01	7.000000e-01	
1.157892e+02	1138	1.544676e+02	3.263973e+02	1.157892e+02	1138	6.787713e-01	7.000000e-01	
1.158910e+02	1139	1.656385e+02	3.134782e+02	1.158910e+02	1139	6.542836e-01	7.000000e-01	
1.159927e+02	1140	1.598407e+02	3.328244e+02	1.159927e+02	1140	6.755591e-01	7.000000e-01	
1.160945e+02	1141	1.582057e+02	3.720825e+02	1.160945e+02	1141	7.016609e-01	7.000000e-01	
1.161962e+02	1142	1.743590e+02	4.206276e+02	1.161962e+02	1142	7.069531e-01	7.000000e-01	
1.162980e+02	1143	1.639963e+02	4.281571e+02	1.162980e+02	1143	7.230510e-01	7.000000e-01	
1.163997e+02	1144	1.627927e+02	4.149231e+02	1.163997e+02	1144	7.182132e-01	7.000000e-01	
1.165015e+02	1145	1.743033e+02	4.191171e+02	1.165015e+02	1145	7.062735e-01	7.000000e-01	
1.166032e+02	1146	1.645673e+02	4.184476e+02	1.166032e+02	1146	7.177305e-01	7.000000e-01	
1.167050e+02	1147	1.649392e+02	3.397954e+02	1.167050e+02	1147	6.732160e-01	7.000000e-01	
1.168067e+02	1148	1.621999e+02	3.139768e+02	1.168067e+02	1148	6.593704e-01	7.000000e-01	
1.169085e+02	1149	1.658744e+02	3.580105e+02	1.169085e+02	1149	6.833763e-01	7.000000e-01	
1.170102e+02	1150	1.635756e+02	3.249073e+02	1.170102e+02	1150	6.651355e-01	7.000000e-01	
1.171119e+02	1151	1.626106e+02	3.530746e+02	1.171119e+02	1151	6.846708e-01	7.000000e-01	
1.172137e+02	1152	1.590597e+02	3.499380e+02	1.172137e+02	1152	6.875041e-01	7.000000e-01	
1.173154e+02	1153	1.659992e+02	3.455854e+02	1.173154e+02	1153	6.755196e-01	7.000000e-01	
1.174172e+02	1154	1.621962e+02	3.866684e+02	1.174172e+02	1154	7.044878e-01	7.000000e-01	
1.175189e+02	1155	1.670377e+02	3.428017e+02	1.175189e+02	1155	6.723719e-01	7.000000e-01	
1.176207e+02	1156	1.574957e+02	3.916018e+02	1.176207e+02	1156	7.131735e-01	7.000000e-01	
1.177224e+02	1157	1.517341e+02	3.917898e+02	1.177224e+02	1157	7.208327e-01	7.000000e-01	
1.178242e+02	1158	1.703118e+02	3.739462e+02	1.178242e+02	1158	6.870752e-01	7.000000e-01	
1.179259e+02	1159	1.588954e+02	3.828604e+02	1.179259e+02	1159	7.067029e-01	7.000000e-01	
1.180277e+02	1160	1.722447e+02	3.233280e+02	1.180277e+02	1160	6.524330e-01	7.000000e-01	
1.181294e+02	1161	1.723334e+02	3.424957e+02	1.181294e+02	1161	6.652610e-01	7.000000e-01	
1.182312e+02	1162	1.726469e+02	3.779562e+02	1.182312e+02	1162	6.864404e-01	7.000000e-01	
1.183329e+02	1163	1.742686e+02	3.186791e+02	1.183329e+02	1163	6.464765e-01	7.000000e-01	
1.184347e+02	1164	1.651917e+02	3.424647e+02	1.184347e+02	1164	6.745994e-01	7.000000e-01	
1.185364e+02	1165	9.766722e+01	3.382853e+02	1.185364e+02	1165	7.759682e-01	7.000000e-01	
1.186382e+02	1166	1.901482e+02	3.650082e+02	1.186382e+02	1166	6.574872e-01	7.000000e-01	
1.187399e+02	1167	1.707168e+02	3.579056e+02	1.187399e+02	1167	6.770534e-01	7.000000e-01	
1.188417e+02	1168	1.611077e+02	3.462973e+02	1.188417e+02	1168	6.824870e-01	7.000000e-01	
1.189434e+02	1169	1.897902e+02	3.955392e+02	1.189434e+02	1169	6.757549e-01	7.000000e-01	
1.190452e+02	1170	1.829331e+02	3.716803e+02	1.190452e+02	1170	6.701611e-01	7.000000e-01	
1.191469e+02	1171	1.524831e+02	3.174814e+02	1.191469e+02	1171	6.755434e-01	7.000000e-01	
1.192487e+02	1172	1.850233e+02	3.649703e+02	1.192487e+02	1172	6.635901e-01	7.000000e-01	
1.193504e+02	1173	1.481655e+02	3.270218e+02	1.193504e+02	1173	6.881956e-01	7.000000e-01	
1.194522e+02	1174	1.448272e+02	3.234508e+02	1.194522e+02	1174	6.907239e-01	7.000000e-01	
1.195539e+02	1175	1.411419e+02	3.170846e+02	1.195539e+02	1175	6.919822e-01	7.000000e-01	
1.196556e+02	1176	1.370564e+02	2.910718e+02	1.196556e+02	1176	6.798707e-01	7.000000e-01	
1.197574e+02	1177	1.588402e+02	3.351076e+02	1.197574e+02	1177	6.784272e-01	7.000000e-01	
1.198591e+02	1178	1.629810e+02	3.228266e+02	1.198591e+02	1178	6.645153e-01	7.000000e-01	
1.199609e+02	1179	1.444768e+02	3.215687e+02	1.199609e+02	1179	6.899942e-01	7.000000e-01	
1.200626e+02	1180	1.697397e+02	3.005707e+02	1.200626e+02	1180	6.390901e-01	7.000000e-01	
1.201644e+02	1181	1.516719e+02	3.266073e+02	1.201644e+02	1181	6.828800e-01	7.000000e-01	
1.202661e+02	1182	1.891837e+02	2.950455e+02	1.202661e+02	1182	6.093096e-01	7.000000e-01	
1.203679e+02	1183	1.738557e+02	3.542654e+02	1.203679e+02	1183	6.708033e-01	7.000000e-01	
1.204696e+02	1184	1.588236e+02	3.397700e+02	1.204696e+02	1184	6.814568e-01	7.000000e-01	
1.205714e+02	1185	1.814411e+02	3.037715e+02	1.205714e+02	1185	6.260586e-01	7.000000e-01	
1.206731e+02	1186	1.897390e+02	2.746694e+02	1.206731e+02	1186	5.914393e-01	7.000000e-01	
1.207749e+02	1187	1.294050e+02	2.790650e+02	1.207749e+02	1187	6.831958e-01	7.000000e-01	
1.208766e+02	1188	1.892044e+02	3.290407e+02	1.208766e+02	1188	6.349133e-01	7.000000e-01	
1.209784e+02	1189	1.809658e+02	3.252832e+02	1.209784e+02	1189	6.425360e-01	7.000000e-01	
1.210801e+02	1190	1.708864e+02	3.236779e+02	1.210801e+02	1190	6.544708e-01	7.000000e-01	
1.211819e+02	1191	1.731196e+02	2.915092e+02	1.211819e+02	1191	6.274023e-01	7.000000e-01	
1.212836e+02	1192	1.953170e+02	3.126920e+02	1.212836e+02	1192	6.155245e-01	7.000000e-01	
1.213854e+02	1193	1.669915e+02	3.263022e+02	1.213854e+02	1193	6.614765e-01	7.000000e-01	
1.214871e+02	1194	1.811324e+02	3.222173e+02	1.214871e+02	1194	6.401460e-01	7.000000e-01	
1.215889e+02	1195	1.804455e+02	3.124236e+02	1.215889e+02	1195	6.338876e-01	7.000000e-01	
1.216906e+02	1196	1.996811e+02	3.028105e+02	1.216906e+02	1196	6.026180e-01	7.000000e-01	
1.217924e+02	1197	1.765628e+02	3.363138e+02	1.217924e+02	1197	6.557402e-01	7.000000e-01	
1.218941e+02	1198	1.642401e+02	3.070159e+02	1.218941e+02	1198	6.514843e-01	7.000000e-01	
1.219959e+02	1199	1.811807e+02	3.301700e+02	1.219959e+02	1199	6.456821e-01	7.000000e-01	
1.220976e+02	1200	1.683118e+02	3.486336e+02	1.220976e+02	1200	6.744109e-01	7.000000e-01	
1.221993e+02	1201	1.779257e+02	3.270343e+02	1.221993e+02	1201	6.476440e-01	7.000000e-01	
1.223011e+02	1202	1.505708e+02	3.542233e+02	1.223011e+02	1202	7.017184e-01	7.000000e-01	
1.224028e+02	1203	1.583434e+02	3.142892e+02	1.224028e+02	1203	6.649757e-01	7.000000e-01	
1.225046e+02	1204	1.667339e+02	3.300745e+02	1.225046e+02	1204	6.643899e-01	7.000000e-01	
1.226063e+02	1205	1.275644e+02	3.901690e+02	1.226063e+02	1205	7.536099e-01	7.000000e-01	
1.227081e+02	1206	1.682121e+02	3.379525e+02	1.227081e+02	1206	6.676731e-01	7.000000e-01	
1.228098e+02	1207	1.578108e+02	2.911706e+02	1.228098e+02	1207	6.485137e-01	7.000000e-01	
1.229116e+02	1208	1.535426e+02	2.900089e+02	1.229116e+02	1208	6.538337e-01	7.000000e-01	
1.230133e+02	1209	1.557964e+02	2.890934e+02	1.230133e+02	1209	6.498090e-01	7.000000e-01	
1.231151e+02	1210	1.568331e+02	2.943799e+02	1.231151e+02	1210	6.524189e-01	7.000000e-01	
1.232168e+02	1211	1.711568e+02	2.904178e+02	1.232168e+02	1211	6.291893e-01	7.000000e-01	
1.233186e+02	1212	1.900191e+02	2.388576e+02	1.233186e+02	1212	5.569377e-01	7.000000e-01	
1.234203e+02	1213	1.601134e+02	3.285908e+02	1.234203e+02	1213	6.723715e-01	7.000000e-01	
1.235221e+02	1214	1.491429e+02	3.148981e+02	1.235221e+02	1214	6.785997e-01	7.000000e-01	
1.236238e+02	1215	1.462272e+02	2.953367e+02	1.236238e+02	1215	6.688425e-01	7.000000e-01	
1.237256e+02	1216	1.632212e+02	3.040708e+02	1.237256e+02	1216	6.507083e-01	7.000000e-01	
1.238273e+02	1217	1.619450e+02	3.380556e+02	1.238273e+02	1217	6.761104e-01	7.000000e-01	
1.239291e+02	1218	1.489249e+02	3.451824e+02	1.239291e+02	1218	6.985981e-01	7.000000e-01	
1.240308e+02	1219	1.461892e+02	3.576124e+02	1.240308e+02	1219	7.098278e-01	7.000000e-01	
1.241326e+02	1220	1.559652e+02	3.366628e+02	1.241326e+02	1220	6.834017e-01	7.000000e-01	
1.242343e+02	1221	1.529767e+02	3.660931e+02	1.242343e+02	1221	7.052868e-01	7.000000e-01	
1.243361e+02	1222	1.194712e+02	3.456426e+02	1.243361e+02	1222	7.431356e-01	7.000000e-01	
1.244378e+02	1223	1.511578e+02	3.648484e+02	1.244378e+02	1223	7.070620e-01	7.000000e-01	
1.245396e+02	1224	1.431459e+02	3.683161e+02	1.245396e+02	1224	7.201241e-01	7.000000e-01	
1.246413e+02	1225	1.431391e+02	3.520593e+02	1.246413e+02	1225	7.109460e-01	7.000000e-01	
1.247430e+02	1226	1.666175e+02	3.602389e+02	1.247430e+02	1226	6.837516e-01	7.000000e-01	
1.248448e+02	1227	1.356255e+02	3.667615e+02	1.248448e+02	1227	7.300378e-01	7.000000e-01	
1.249465e+02	1228	1.617282e+02	3.605325e+02	1.249465e+02	1228	6.903305e-01	7.000000e-01	
1.250483e+02	1229	1.498628e+02	3.613185e+02	1.250483e+02	1229	7.068304e-01	7.000000e-01	
1.251500e+02	1230	1.364750e+02	3.663798e+02	1.251500e+02	1230	7.285996e-01	7.000000e-01	
1.252518e+02	1231	1.740259e+02	3.580374e+02	1.252518e+02	1231	6.729226e-01	7.000000e-01	
1.253535e+02	1232	1.748280e+02	3.661823e+02	1.253535e+02	1232	6.768490e-01	7.000000e-01	
1.254553e+02	1233	1.829725e+02	3.572441e+02	1.254553e+02	1233	6.612979e-01	7.000000e-01	
1.255570e+02	1234	1.860586e+02	3.544328e+02	1.255570e+02	1234	6.557603e-01	7.000000e-01	
1.256588e+02	1235	1.712383e+02	3.241714e+02	1.256588e+02	1235	6.543501e-01	7.000000e-01	
1.257605e+02	1236	1.838532e+02	3.649544e+02	1.257605e+02	1236	6.649952e-01	7.000000e-01	
1.258623e+02	1237	1.670811e+02	3.086925e+02	1.258623e+02	1237	6.488223e-01	7.000000e-01	
1.259640e+02	1238	1.926682e+02	3.015029e+02	1.259640e+02	1238	6.101184e-01	7.000000e-01	
1.260658e+02	1239	1.764383e+02	2.683127e+02	1.260658e+02	1239	6.032875e-01	7.000000e-01	
1.261675e+02	1240	1.844878e+02	3.704891e+02	1.261675e+02	1240	6.675757e-01	7.000000e-01	
1.262693e+02	1241	1.610739e+02	3.814070e+02	1.262693e+02	1241	7.030791e-01	7.000000e-01	
1.263710e+02	1242	1.714122e+02	3.268633e+02	1.263710e+02	1242	6.559891e-01	7.000000e-01	
1.264728e+02	1243	1.398344e+02	3.843223e+02	1.264728e+02	1243	7.332202e-01	7.000000e-01	
1.265745e+02	1244	1.596672e+02	3.818134e+02	1.265745e+02	1244	7.051285e-01	7.000000e-01	
1.266763e+02	1245	1.587838e+02	3.480067e+02	1.266763e+02	1245	6.866875e-01	7.000000e-01	
1.267780e+02	1246	1.311146e+02	3.863690e+02	1.267780e+02	1246	7.466304e-01	7.000000e-01	
1.268798e+02	1247	1.451051e+02	3.805127e+02	1.268798e+02	1247	7.239342e-01	7.000000e-01	
1.269815e+02	1248	1.731192e+02	3.801590e+02	1.269815e+02	1248	6.871028e-01	7.000000e-01	
1.270833e+02	1249	1.444941e+02	3.745683e+02	1.270833e+02	1249	7.216248e-01	7.000000e-01	
1.271850e+02	1250	1.693781e+02	3.969012e+02	1.271850e+02	1250	7.008930e-01	7.000000e-01	
1.272867e+02	1251	1.544240e+02	3.960597e+02	1.272867e+02	1251	7.194758e-01	7.000000e-01	
1.273885e+02	1252	1.307498e+02	3.509831e+02	1.273885e+02	1252	7.285845e-01	7.000000e-01	
1.274902e+02	1253	1.274862e+02	4.007595e+02	1.274902e+02	1253	7.586612e-01	7.000000e-01	
1.275920e+02	1254	1.502393e+02	3.700141e+02	1.275920e+02	1254	7.112190e-01	7.000000e-01	
1.276937e+02	1255	1.223473e+02	3.833124e+02	1.276937e+02	1255	7.580442e-01	7.000000e-01	
1.277955e+02	1256	1.409537e+02	3.806126e+02	1.277955e+02	1256	7.297492e-01	7.000000e-01	
1.278972e+02	1257	1.242497e+02	3.099798e+02	1.278972e+02	1257	7.138617e-01	7.000000e-01	
1.279990e+02	1258	1.481786e+02	3.642419e+02	1.279990e+02	1258	7.108262e-01	7.000000e-01	
1.281007e+02	1259	1.367555e+02	3.376170e+02	1.281007e+02	1259	7.117128e-01	7.000000e-01	
1.282025e+02	1260	1.248502e+02	3.101964e+02	1.282025e+02	1260	7.130188e-01	7.000000e-01	
1.283042e+02	1261	1.317488e+02	3.219534e+02	1.283042e+02	1261	7.096139e-01	7.000000e-01	
1.284060e+02	1262	1.771331e+02	3.512108e+02	1.284060e+02	1262	6.647390e-01	7.000000e-01	
1.285077e+02	1263	1.746208e+02	3.529441e+02	1.285077e+02	1263	6.690060e-01	7.000000e-01	
1.286095e+02	1264	1.726204e+02	3.620441e+02	1.286095e+02	1264	6.771426e-01	7.000000e-01	
1.287112e+02	1265	1.921893e+02	3.194855e+02	1.287112e+02	1265	6.243917e-01	7.000000e-01	
1.288130e+02	1266	1.823230e+02	3.565015e+02	1.288130e+02	1266	6.616282e-01	7.000000e-01	
1.289147e+02	1267	1.655845e+02	3.795744e+02	1.289147e+02	1267	6.962638e-01	7.000000e-01	
1.290165e+02	1268	1.627495e+02	3.873471e+02	1.290165e+02	1268	7.041438e-01	7.000000e-01	
1.291182e+02	1269	1.729091e+02	3.655600e+02	1.291182e+02	1269	6.788876e-01	7.000000e-01	
1.292200e+02	1270	1.704189e+02	3.669193e+02	1.292200e+02	1270	6.828461e-01	7.000000e-01	
1.293217e+02	1271	1.672235e+02	3.881973e+02	1.293217e+02	1271	6.989247e-01	7.000000e-01	
1.294235e+02	1272	1.771873e+02	3.534854e+02	1.294235e+02	1272	6.661081e-01	7.000000e-01	
1.295252e+02	1273	1.903286e+02	3.522953e+02	1.295252e+02	1273	6.492440e-01	7.000000e-01	
1.296270e+02	1274	1.324833e+02	3.885622e+02	1.296270e+02	1274	7.457356e-01	7.000000e-01	
1.297287e+02	1275	1.035095e+02	3.930189e+02	1.297287e+02	1275	7.915336e-01	7.000000e-01	
1.298304e+02	1276	1.090785e+02	3.781851e+02	1.298304e+02	1276	7.761407e-01	7.000000e-01	
1.299322e+02	1277	1.329625e+02	3.888015e+02	1.299322e+02	1277	7.451674e-01	7.000000e-01	
1.300339e+02	1278	1.141531e+02	4.723100e+02	1.300339e+02	1278	8.053533e-01	7.000000e-01	
1.301357e+02	1279	1.035265e+02	4.258687e+02	1.301357e+02	1279	8.044438e-01	7.000000e-01	
1.302374e+02	1280	1.661936e+02	3.735315e+02	1.302374e+02	1280	6.920773e-01	7.000000e-01	
1.303392e+02	1281	1.680561e+02	3.715040e+02	1.303392e+02	1281	6.885313e-01	7.000000e-01	
1.304409e+02	1282	1.299211e+02	3.706848e+02	1.304409e+02	1282	7.404723e-01	7.000000e-01	
1.305427e+02	1283	1.700587e+02	3.396193e+02	1.305427e+02	1283	6.663409e-01	7.000000e-01	
1.306444e+02	1284	1.545588e+02	3.528151e+02	1.306444e+02	1284	6.953749e-01	7.000000e-01	
1.307462e+02	1285	1.934744e+02	3.304177e+02	1.307462e+02	1285	6.306980e-01	7.000000e-01	
1.308479e+02	1286	1.851839e+02	3.345994e+02	1.308479e+02	1286	6.437286e-01	7.000000e-01	
1.309497e+02	1287	1.852099e+02	3.400061e+02	1.309497e+02	1287	6.473643e-01	7.000000e-01	
1.310514e+02	1288	1.934764e+02	3.304170e+02	1.310514e+02	1288	6.306951e-01	7.000000e-01	
1.311532e+02	1289	1.725239e+02	3.440584e+02	1.311532e+02	1289	6.660282e-01	7.000000e-01	
1.312549e+02	1290	1.427560e+02	3.301977e+02	1.312549e+02	1290	6.981607e-01	7.000000e-01	
1.313567e+02	1291	1.913554e+02	3.655018e+02	1.313567e+02	1291	6.563654e-01	7.000000e-01	
1.314584e+02	1292	1.672308e+02	3.318960e+02	1.314584e+02	1292	6.649533e-01	7.000000e-01	
1.315602e+02	1293	2.050317e+02	4.069407e+02	1.315602e+02	1293	6.649658e-01	7.000000e-01	
1.316619e+02	1294	1.712851e+02	4.007115e+02	1.316619e+02	1294	7.005487e-01	7.000000e-01	
1.317637e+02	1295	1.433173e+02	3.785247e+02	1.317637e+02	1295	7.253627e-01	7.000000e-01	
1.318654e+02	1296	1.694427e+02	3.627858e+02	1.318654e+02	1296	6.816354e-01	7.000000e-01	
1.319672e+02	1297	1.248537e+02	3.493863e+02	1.319672e+02	1297	7.367289e-01	7.000000e-01	
1.320689e+02	1298	1.445250e+02	3.640838e+02	1.320689e+02	1298	7.158425e-01	7.000000e-01	
1.321707e+02	1299	1.331930e+02	3.493554e+02	1.321707e+02	1299	7.239800e-01	7.000000e-01	
1.322724e+02	1300	1.248615e+02	3.494000e+02	1.322724e+02	1300	7.367244e-01	7.000000e-01	
1.323741e+02	1301	1.503140e+02	3.636168e+02	1.323741e+02	1301	7.075209e-01	7.000000e-01	
1.324759e+02	1302	1.456690e+02	3.776915e+02	1.324759e+02	1302	7.216660e-01	7.000000e-01	
1.325776e+02	1303	1.505303e+02	3.710500e+02	1.325776e+02	1303	7.113957e-01	7.000000e-01	
1.326794e+02	1304	1.551874e+02	3.625693e+02	1.326794e+02	1304	7.002696e-01	7.000000e-01	
1.327811e+02	1305	1.514281e+02	3.801688e+02	1.327811e+02	1305	7.151449e-01	7.000000e-01	
1.328829e+02	1306	1.487831e+02	3.698103e+02	1.328829e+02	1306	7.131026e-01	7.000000e-01	
1.329846e+02	1307	1.575984e+02	3.603877e+02	1.329846e+02	1307	6.957478e-01	7.000000e-01	
1.330864e+02	1308	1.558284e+02	3.586020e+02	1.330864e+02	1308	6.970856e-01	7.000000e-01	
1.331881e+02	1309	1.516678e+02	3.786661e+02	1.331881e+02	1309	7.140145e-01	7.000000e-01	
1.332899e+02	1310	1.501057e+02	4.084538e+02	1.332899e+02	1310	7.312628e-01	7.000000e-01	
1.333916e+02	1311	1.483623e+02	3.866460e+02	1.333916e+02	1311	7.226916e-01	7.000000e-01	
1.334934e+02	1312	1.540984e+02	4.021726e+02	1.334934e+02	1312	7.229796e-01	7.000000e-01	
1.335951e+02	1313	1.626097e+02	2.985389e+02	1.335951e+02	1313	6.473811e-01	7.000000e-01	
1.336969e+02	1314	1.620236e+02	3.165278e+02	1.336969e+02	1314	6.614291e-01	7.000000e-01	
1.337986e+02	1315	1.703007e+02	3.244364e+02	1.337986e+02	1315	6.557754e-01	7.000000e-01	
1.339004e+02	1316	1.633866e+02	3.110564e+02	1.339004e+02	1316	6.556244e-01	7.000000e-01	
1.340021e+02	1317	1.577464e+02	3.256214e+02	1.340021e+02	1317	6.736514e-01	7.000000e-01	
1.341039e+02	1318	1.506463e+02	3.456245e+02	1.341039e+02	1318	6.964434e-01	7.000000e-01	
1.342056e+02	1319	1.674379e+02	3.823011e+02	1.342056e+02	1319	6.954229e-01	7.000000e-01	
1.343074e+02	1320	1.799177e+02	3.262297e+02	1.343074e+02	1320	6.445350e-01	7.000000e-01	
1.344091e+02	1321	1.901603e+02	3.326452e+02	1.344091e+02	1321	6.362695e-01	7.000000e-01	
1.345109e+02	1322	1.695180e+02	3.186598e+02	1.345109e+02	1322	6.527536e-01	7.000000e-01	
1.346126e+02	1323	1.511599e+02	3.556510e+02	1.346126e+02	1323	7.017430e-01	7.000000e-01	
1.347144e+02	1324	1.455410e+02	3.594644e+02	1.347144e+02	1324	7.118031e-01	7.000000e-01	
1.348161e+02	1325	1.565879e+02	3.333675e+02	1.348161e+02	1325	6.804038e-01	7.000000e-01	
1.349178e+02	1326	1.380164e+02	3.556591e+02	1.349178e+02	1326	7.204309e-01	7.000000e-01	
1.350196e+02	1327	1.573774e+02	3.491962e+02	1.350196e+02	1327	6.893296e-01	7.000000e-01	
1.351213e+02	1328	1.383833e+02	3.721012e+02	1.351213e+02	1328	7.289177e-01	7.000000e-01	
1.352231e+02	1329	1.368905e+02	3.803483e+02	1.352231e+02	1329	7.353437e-01	7.000000e-01	
1.353248e+02	1330	1.468073e+02	3.533330e+02	1.353248e+02	1330	7.064678e-01	7.000000e-01	
1.354266e+02	1331	1.194856e+02	3.647106e+02	1.354266e+02	1331	7.532290e-01	7.000000e-01	
1.355283e+02	1332	1.355497e+02	3.368779e+02	1.355283e+02	1332	7.130784e-01	7.000000e-01	
1.356301e+02	1333	1.392881e+02	3.799722e+02	1.356301e+02	1333	7.317567e-01	7.000000e-01	
1.357318e+02	1334	1.316206e+02	3.391480e+02	1.357318e+02	1334	7.204134e-01	7.000000e-01	
1.358336e+02	1335	1.560628e+02	3.240380e+02	1.358336e+02	1335	6.749374e-01	7.000000e-01	
1.359353e+02	1336	1.391383e+02	3.702717e+02	1.359353e+02	1336	7.268638e-01	7.000000e-01	
1.360371e+02	1337	1.306867e+02	3.414648e+02	1.360371e+02	1337	7.232102e-01	7.000000e-01	
1.361388e+02	1338	1.481797e+02	3.338226e+02	1.361388e+02	1338	6.925747e-01	7.000000e-01	
1.362406e+02	1339	1.299447e+02	3.379638e+02	1.362406e+02	1339	7.222861e-01	7.000000e-01	
1.363423e+02	1340	1.134278e+02	3.381347e+02	1.363423e+02	1340	7.488104e-01	7.000000e-01	
1.364441e+02	1341	1.522552e+02	3.581765e+02	1.364441e+02	1341	7.017129e-01	7.000000e-01	
1.365458e+02	1342	1.516861e+02	3.434903e+02	1.365458e+02	1342	6.936726e-01	7.000000e-01	
1.366476e+02	1343	1.452260e+02	3.482099e+02	1.366476e+02	1343	7.056842e-01	7.000000e-01	
1.367493e+02	1344	1.526438e+02	3.313982e+02	1.367493e+02	1344	6.846476e-01	7.000000e-01	
1.368511e+02	1345	1.585321e+02	3.605409e+02	1.368511e+02	1345	6.945861e-01	7.000000e-01	
1.369528e+02	1346	1.570542e+02	3.244080e+02	1.369528e+02	1346	6.737974e-01	7.000000e-01	
1.370546e+02	1347	1.333648e+02	3.621439e+02	1.370546e+02	1347	7.308528e-01	7.000000e-01	
1.371563e+02	1348	1.458074e+02	3.293483e+02	1.371563e+02	1348	6.931376e-01	7.000000e-01	
1.372581e+02	1349	1.487818e+02	3.317670e+02	1.372581e+02	1349	6.903919e-01	7.000000e-01	
1.373598e+02	1350	1.645166e+02	3.267928e+02	1.373598e+02	1350	6.651466e-01	7.000000e-01	
1.374615e+02	1351	1.461603e+02	3.324678e+02	1.374615e+02	1351	6.946266e-01	7.000000e-01	
1.375633e+02	1352	1.504518e+02	3.430745e+02	1.375633e+02	1352	6.951494e-01	7.000000e-01	
1.376650e+02	1353	1.434010e+02	3.343958e+02	1.376650e+02	1353	6.998703e-01	7.000000e-01	
1.377668e+02	1354	1.495484e+02	3.300590e+02	1.377668e+02	1354	6.881858e-01	7.000000e-01	
1.378685e+02	1355	1.601906e+02	3.392252e+02	1.378685e+02	1355	6.792440e-01	7.000000e-01	
1.379703e+02	1356	1.531627e+02	3.393655e+02	1.379703e+02	1356	6.890276e-01	7.000000e-01	
1.380720e+02	1357	1.468601e+02	3.296666e+02	1.380720e+02	1357	6.918114e-01	7.000000e-01	
1.381738e+02	1358	1.212748e+02	3.343236e+02	1.381738e+02	1358	7.338121e-01	7.000000e-01	
1.382755e+02	1359	1.331105e+02	3.148321e+02	1.382755e+02	1359	7.028403e-01	7.000000e-01	
1.383773e+02	1360	1.534516e+02	3.345577e+02	1.383773e+02	1360	6.855560e-01	7.000000e-01	
1.384790e+02	1361	1.283670e+02	3.473633e+02	1.384790e+02	1361	7.301685e-01	7.000000e-01	
1.385808e+02	1362	1.085460e+02	3.710575e+02	1.385808e+02	1362	7.736755e-01	7.000000e-01	
1.386825e+02	1363	8.920827e+01	3.309547e+02	1.386825e+02	1363	7.876817e-01	7.000000e-01	
1.387843e+02	1364	1.146756e+02	3.481852e+02	1.387843e+02	1364	7.522460e-01	7.000000e-01	
1.388860e+02	1365	1.019850e+02	3.687271e+02	1.388860e+02	1365	7.833389e-01	7.000000e-01	
1.389878e+02	1366	1.245255e+02	1.953776e+02	1.389878e+02	1366	6.107399e-01	7.000000e-01	
1.390895e+02	1367	1.313244e+02	1.893327e+02	1.390895e+02	1367	5.904522e-01	7.000000e-01	
1.391913e+02	1368	1.157232e+02	1.973435e+02	1.391913e+02	1368	6.303561e-01	7.000000e-01	
1.392930e+02	1369	1.370515e+02	1.780289e+02	1.392930e+02	1369	5.650269e-01	7.000000e-01	
1.393948e+02	1370	1.317017e+02	1.878183e+02	1.393948e+02	1370	5.878139e-01	7.000000e-01	
1.394965e+02	1371	1.353546e+02	1.816978e+02	1.394965e+02	1371	5.730844e-01	7.000000e-01	
1.395983e+02	1372	1.302561e+02	2.098686e+02	1.395983e+02	1372	6.170343e-01	7.000000e-01	
1.397000e+02	1373	1.134768e+02	2.183648e+02	1.397000e+02	1373	6.580393e-01	7.000000e-01	
1.398018e+02	1374	1.240048e+02	3.720713e+02	1.398018e+02	1374	7.500287e-01	7.000000e-01	
1.399035e+02	1375	1.380131e+02	3.311110e+02	1.399035e+02	1375	7.058068e-01	7.000000e-01	
1.400052e+02	1376	1.503691e+02	3.311432e+02	1.400052e+02	1376	6.877149e-01	7.000000e-01	
1.401070e+02	1377	1.466323e+02	3.292270e+02	1.401070e+02	1377	6.918579e-01	7.000000e-01	
1.402087e+02	1378	1.705681e+02	3.289395e+02	1.402087e+02	1378	6.585275e-01	7.000000e-01	
1.403105e+02	1379	1.485884e+02	3.330148e+02	1.403105e+02	1379	6.914713e-01	7.000000e-01	
1.404122e+02	1380	1.600480e+02	3.328430e+02	1.404122e+02	1380	6.752872e-01	7.000000e-01	
1.405140e+02	1381	1.377677e+02	3.352994e+02	1.405140e+02	1381	7.087777e-01	7.000000e-01	
1.406157e+02	1382	1.586574e+02	3.391513e+02	1.406157e+02	1382	6.812884e-01	7.000000e-01	
1.407175e+02	1383	1.465076e+02	3.267534e+02	1.407175e+02	1383	6.904296e-01	7.000000e-01	
1.408192e+02	1384	1.592472e+02	3.506807e+02	1.408192e+02	1384	6.877064e-01	7.000000e-01	
1.409210e+02	1385	1.659754e+02	3.280134e+02	1.409210e+02	1385	6.640098e-01	7.000000e-01	
1.410227e+02	1386	1.353105e+02	3.199451e+02	1.410227e+02	1386	7.027813e-01	7.000000e-01	
1.411245e+02	1387	1.214328e+02	3.436864e+02	1.411245e+02	1387	7.389211e-01	7.000000e-01	
1.412262e+02	1388	1.440549e+02	3.054465e+02	1.412262e+02	1388	6.795229e-01	7.000000e-01	
1.413280e+02	1389	1.361983e+02	3.037032e+02	1.413280e+02	1389	6.903891e-01	7.000000e-01	
1.414297e+02	1390	1.346114e+02	3.156402e+02	1.414297e+02	1390	7.010307e-01	7.000000e-01	
1.415315e+02	1391	1.617149e+02	3.365141e+02	1.415315e+02	1391	6.754205e-01	7.000000e-01	
1.416332e+02	1392	1.318393e+02	3.118700e+02	1.416332e+02	1392	7.028701e-01	7.000000e-01	
1.417350e+02	1393	1.370609e+02	3.189899e+02	1.417350e+02	1393	6.994613e-01	7.000000e-01	
1.418367e+02	1394	1.176498e+02	3.064461e+02	1.418367e+02	1394	7.225868e-01	7.000000e-01	
1.419385e+02	1395	1.299433e+02	3.293525e+02	1.419385e+02	1395	7.170815e-01	7.000000e-01	
1.420402e+02	1396	1.438127e+02	3.271729e+02	1.420402e+02	1396	6.946558e-01	7.000000e-01	
1.421420e+02	1397	1.272439e+02	3.313946e+02	1.421420e+02	1397	7.225617e-01	7.000000e-01	
1.422437e+02	1398	1.383389e+02	3.248047e+02	1.422437e+02	1398	7.013045e-01	7.000000e-01	
1.423455e+02	1399	1.337715e+02	3.041936e+02	1.423455e+02	1399	6.945613e-01	7.000000e-01	
1.424472e+02	1400	1.586526e+02	3.433400e+02	1.424472e+02	1400	6.839543e-01	7.000000e-01	
1.425489e+02	1401	1.253843e+02	3.277348e+02	1.425489e+02	1401	7.232862e-01	7.000000e-01	
1.426507e+02	1402	1.483104e+02	3.364044e+02	1.426507e+02	1402	6.940254e-01	7.000000e-01	
1.427524e+02	1403	1.529441e+02	3.329606e+02	1.427524e+02	1403	6.852385e-01	7.000000e-01	
1.428542e+02	1404	1.530908e+02	3.295939e+02	1.428542e+02	1404	6.828348e-01	7.000000e-01	
1.429559e+02	1405	1.340830e+02	3.358138e+02	1.429559e+02	1405	7.146544e-01	7.000000e-01	
1.430577e+02	1406	1.560613e+02	3.382956e+02	1.430577e+02	1406	6.843145e-01	7.000000e-01	
1.431594e+02	1407	1.547427e+02	3.353117e+02	1.431594e+02	1407	6.842336e-01	7.000000e-01	
1.432612e+02	1408	1.589829e+02	3.404962e+02	1.432612e+02	1408	6.817026e-01	7.000000e-01	
1.433629e+02	1409	1.480221e+02	3.409511e+02	1.433629e+02	1409	6.972797e-01	7.000000e-01	
1.434647e+02	1410	1.657074e+02	3.458680e+02	1.434647e+02	1410	6.760841e-01	7.000000e-01	
1.435664e+02	1411	1.647307e+02	3.417497e+02	1.435664e+02	1411	6.747540e-01	7.000000e-01	
1.436682e+02	1412	1.710503e+02	3.398669e+02	1.436682e+02	1412	6.652094e-01	7.000000e-01	
1.437699e+02	1413	1.555640e+02	3.476560e+02	1.437699e+02	1413	6.908628e-01	7.000000e-01	
1.438717e+02	1414	1.596964e+02	3.639229e+02	1.438717e+02	1414	6.950143e-01	7.000000e-01	
1.439734e+02	1415	1.609959e+02	3.278373e+02	1.439734e+02	1415	6.706527e-01	7.000000e-01	
1.440752e+02	1416	1.636312e+02	3.485259e+02	1.440752e+02	1416	6.805058e-01	7.000000e-01	
1.441769e+02	1417	1.631275e+02	3.388800e+02	1.441769e+02	1417	6.750497e-01	7.000000e-01	
1.442787e+02	1418	1.667639e+02	3.520593e+02	1.442787e+02	1418	6.785728e-01	7.000000e-01	
1.443804e+02	1419	1.735689e+02	3.588871e+02	1.443804e+02	1419	6.740221e-01	7.000000e-01	
1.444822e+02	1420	1.907334e+02	3.519878e+02	1.444822e+02	1420	6.485610e-01	7.000000e-01	
1.445839e+02	1421	1.977277e+02	3.433520e+02	1.445839e+02	1421	6.345683e-01	7.000000e-01	
1.446857e+02	1422	1.833860e+02	3.577630e+02	1.446857e+02	1422	6.611174e-01	7.000000e-01	
1.447874e+02	1423	2.196266e+02	4.149073e+02	1.447874e+02	1423	6.538773e-01	7.000000e-01	
1.448892e+02	1424	1.880057e+02	3.546671e+02	1.448892e+02	1424	6.535561e-01	7.000000e-01	
1.449909e+02	1425	1.757202e+02	3.522748e+02	1.449909e+02	1425	6.671934e-01	7.000000e-01	
1.450926e+02	1426	1.662319e+02	3.500144e+02	1.450926e+02	1426	6.779989e-01	7.000000e-01	
1.451944e+02	1427	1.659148e+02	4.125944e+02	1.451944e+02	1427	7.132028e-01	7.000000e-01	
1.452961e+02	1428	1.867574e+02	3.678740e+02	1.452961e+02	1428	6.632765e-01	7.000000e-01	
1.453979e+02	1429	1.421533e+02	3.313377e+02	1.453979e+02	1429	6.997761e-01	7.000000e-01	
1.454996e+02	1430	1.491480e+02	3.318980e+02	1.454996e+02	1430	6.899506e-01	7.000000e-01	
1.456014e+02	1431	1.476568e+02	3.092705e+02	1.456014e+02	1431	6.768484e-01	7.000000e-01	
1.457031e+02	1432	1.627929e+02	3.652525e+02	1.457031e+02	1432	6.917066e-01	7.000000e-01	
1.458049e+02	1433	1.340930e+02	3.558223e+02	1.458049e+02	1433	7.262935e-01	7.000000e-01	
1.459066e+02	1434	1.408991e+02	3.437956e+02	1.459066e+02	1434	7.093034e-01	7.000000e-01	
1.460084e+02	1435	1.490590e+02	3.339383e+02	1.460084e+02	1435	6.913875e-01	7.000000e-01	
1.461101e+02	1436	1.540078e+02	3.298212e+02	1.461101e+02	1436	6.816896e-01	7.000000e-01	
1.462119e+02	1437	1.557109e+02	3.318320e+02	1.462119e+02	1437	6.806211e-01	7.000000e-01	
1.463136e+02	1438	1.193618e+02	3.273852e+02	1.463136e+02	1438	7.328201e-01	7.000000e-01	
1.464154e+02	1439	1.430270e+02	3.394440e+02	1.464154e+02	1439	7.035532e-01	7.000000e-01	
1.465171e+02	1440	1.663884e+02	3.348816e+02	1.465171e+02	1440	6.680663e-01	7.000000e-01	
1.466189e+02	1441	1.640354e+02	3.427822e+02	1.466189e+02	1441	6.763423e-01	7.000000e-01	
1.467206e+02	1442	1.547518e+02	3.584506e+02	1.467206e+02	1442	6.984585e-01	7.000000e-01	
1.468224e+02	1443	1.477774e+02	3.662786e+02	1.468224e+02	1443	7.125267e-01	7.000000e-01	
1.469241e+02	1444	1.551693e+02	3.487510e+02	1.469241e+02	1444	6.920757e-01	7.000000e-01	
1.470259e+02	1445	1.553426e+02	3.516755e+02	1.470259e+02	1445	6.936153e-01	7.000000e-01	
1.471276e+02	1446	1.457612e+02	3.333254e+02	1.471276e+02	1446	6.957519e-01	7.000000e-01	
1.472294e+02	1447	1.605828e+02	3.388753e+02	1.472294e+02	1447	6.784859e-01	7.000000e-01	
1.473311e+02	1448	1.448926e+02	3.571807e+02	1.473311e+02	1448	7.114115e-01	7.000000e-01	
1.474329e+02	1449	1.624100e+02	3.454189e+02	1.474329e+02	1449	6.801876e-01	7.000000e-01	
1.475346e+02	1450	1.500500e+02	3.240953e+02	1.475346e+02	1450	6.835358e-01	7.000000e-01	
1.476363e+02	1451	1.415456e+02	3.719212e+02	1.476363e+02	1451	7.243335e-01	7.000000e-01	
1.477381e+02	1452	1.566628e+02	3.311255e+02	1.477381e+02	1452	6.788303e-01	7.000000e-01	
1.478398e+02	1453	1.525797e+02	3.455643e+02	1.478398e+02	1453	6.937036e-01	7.000000e-01	
1.479416e+02	1454	1.641832e+02	3.490493e+02	1.479416e+02	1454	6.800998e-01	7.000000e-01	
1.480433e+02	1455	1.502515e+02	2.706293e+02	1.480433e+02	1455	6.430070e-01	7.000000e-01	
1.481451e+02	1456	1.319429e+02	3.536571e+02	1.481451e+02	1456	7.282889e-01	7.000000e-01	
1.482468e+02	1457	1.517146e+02	3.813152e+02	1.482468e+02	1457	7.153731e-01	7.000000e-01	
1.483486e+02	1458	1.507873e+02	3.304574e+02	1.483486e+02	1458	6.866723e-01	7.000000e-01	
1.484503e+02	1459	1.291581e+02	3.546299e+02	1.484503e+02	1459	7.330275e-01	7.000000e-01	
1.485521e+02	1460	1.925439e+02	3.459876e+02	1.485521e+02	1460	6.424649e-01	7.000000e-01	
1.486538e+02	1461	1.817916e+02	3.500721e+02	1.486538e+02	1461	6.581989e-01	7.000000e-01	
1.487556e+02	1462	2.182510e+02	2.790314e+02	1.487556e+02	1462	5.611126e-01	7.000000e-01	
1.488573e+02	1463	1.733669e+02	3.300959e+02	1.488573e+02	1463	6.556510e-01	7.000000e-01	
1.489591e+02	1464	1.886839e+02	3.544235e+02	1.489591e+02	1464	6.525846e-01	7.000000e-01	
1.490608e+02	1465	1.601558e+02	3.239138e+02	1.490608e+02	1465	6.691472e-01	7.000000e-01	
1.491626e+02	1466	1.539914e+02	3.295908e+02	1.491626e+02	1466	6.815611e-01	7.000000e-01	
1.492643e+02	1467	1.712977e+02	3.323666e+02	1.492643e+02	1467	6.598971e-01	7.000000e-01	
1.493661e+02	1468	1.692598e+02	3.088446e+02	1.493661e+02	1468	6.459773e-01	7.000000e-01	
1.494678e+02	1469	1.539407e+02	3.293785e+02	1.494678e+02	1469	6.814927e-01	7.000000e-01	
1.495696e+02	1470	1.760320e+02	3.484670e+02	1.495696e+02	1470	6.643807e-01	7.000000e-01	
1.496713e+02	1471	1.670418e+02	3.479643e+02	1.496713e+02	1471	6.756508e-01	7.000000e-01	
1.497731e+02	1472	1.663298e+02	3.228617e+02	1.497731e+02	1472	6.599904e-01	7.000000e-01	
1.498748e+02	1473	1.791421e+02	3.121217e+02	1.498748e+02	1473	6.353444e-01	7.000000e-01	
1.499766e+02	1474	1.565803e+02	3.232104e+02	1.499766e+02	1474	6.736487e-01	7.000000e-01	
1.500783e+02	1475	1.566537e+02	3.399581e+02	1.500783e+02	1475	6.845550e-01	7.000000e-01	
1.501800e+02	1476	1.876965e+02	3.499929e+02	1.501800e+02	1476	6.509202e-01	7.000000e-01	
1.502818e+02	1477	1.634097e+02	3.443741e+02	1.502818e+02	1477	6.781904e-01	7.000000e-01	
1.503835e+02	1478	1.479670e+02	2.872363e+02	1.503835e+02	1478	6.600049e-01	7.000000e-01	
1.504853e+02	1479	1.788475e+02	3.436948e+02	1.504853e+02	1479	6.577358e-01	7.000000e-01	
1.505870e+02	1480	1.385700e+02	3.847673e+02	1.505870e+02	1480	7.352186e-01	7.000000e-01	
1.506888e+02	1481	1.720440e+02	3.348862e+02	1.506888e+02	1481	6.606160e-01	7.000000e-01	
1.507905e+02	1482	1.890996e+02	3.543783e+02	1.507905e+02	1482	6.520565e-01	7.000000e-01	
1.508923e+02	1483	1.674847e+02	3.508985e+02	1.508923e+02	1483	6.769095e-01	7.000000e-01	
1.509940e+02	1484	1.642135e+02	3.293881e+02	1.509940e+02	1484	6.673157e-01	7.000000e-01	
1.510958e+02	1485	1.649969e+02	3.339592e+02	1.510958e+02	1485	6.693158e-01	7.000000e-01	
1.511975e+02	1486	1.837385e+02	3.637908e+02	1.511975e+02	1486	6.644225e-01	7.000000e-01	
1.512993e+02	1487	1.535292e+02	3.261991e+02	1.512993e+02	1487	6.799663e-01	7.000000e-01	
1.514010e+02	1488	1.439695e+02	3.248791e+02	1.514010e+02	1488	6.929297e-01	7.000000e-01	
1.515028e+02	1489	1.446220e+02	3.244987e+02	1.515028e+02	1489	6.917169e-01	7.000000e-01	
1.516045e+02	1490	1.259925e+02	3.386898e+02	1.516045e+02	1490	7.288631e-01	7.000000e-01	
1.517063e+02	1491	1.289450e+02	2.933637e+02	1.517063e+02	1491	6.946665e-01	7.000000e-01	
1.518080e+02	1492	1.334132e+02	3.310691e+02	1.518080e+02	1492	7.127701e-01	7.000000e-01	
1.519098e+02	1493	1.547919e+02	3.006945e+02	1.519098e+02	1493	6.601613e-01	7.000000e-01	
1.520115e+02	1494	1.412683e+02	3.588068e+02	1.520115e+02	1494	7.175058e-01	7.000000e-01	
1.521133e+02	1495	1.411625e+02	3.236280e+02	1.521133e+02	1495	6.962879e-01	7.000000e-01	
1.522150e+02	1496	1.518831e+02	3.191481e+02	1.522150e+02	1496	6.775519e-01	7.000000e-01	
1.523168e+02	1497	1.327538e+02	3.259538e+02	1.523168e+02	1497	7.105917e-01	7.000000e-01	
1.524185e+02	1498	1.454866e+02	3.254169e+02	1.524185e+02	1498	6.910480e-01	7.000000e-01	
1.525203e+02	1499	1.510647e+02	3.243870e+02	1.525203e+02	1499	6.822712e-01	7.000000e-01	
1.526220e+02	1500	1.336116e+02	3.377645e+02	1.526220e+02	1500	7.165499e-01	7.000000e-01	
1.527237e+02	1501	1.328226e+02	3.394087e+02	1.527237e+02	1501	7.187340e-01	7.000000e-01	
1.528255e+02	1502	1.362512e+02	3.344675e+02	1.528255e+02	1502	7.105464e-01	7.000000e-01	
1.529272e+02	1503	1.316209e+02	3.333191e+02	1.529272e+02	1503	7.169078e-01	7.000000e-01	
1.530290e+02	1504	1.373808e+02	3.305552e+02	1.530290e+02	1504	7.064111e-01	7.000000e-01	
1.531307e+02	1505	1.353727e+02	3.281698e+02	1.531307e+02	1505	7.079605e-01	7.000000e-01	
1.532325e+02	1506	1.374530e+02	3.286874e+02	1.532325e+02	1506	7.051253e-01	7.000000e-01	
1.533342e+02	1507	1.433700e+02	3.731571e+02	1.533342e+02	1507	7.224347e-01	7.000000e-01	
1.534360e+02	1508	1.294732e+02	3.689074e+02	1.534360e+02	1508	7.402122e-01	7.000000e-01	
1.535377e+02	1509	1.466809e+02	3.458895e+02	1.535377e+02	1509	7.022133e-01	7.000000e-01	
1.536395e+02	1510	1.423674e+02	3.381275e+02	1.536395e+02	1510	7.037067e-01	7.000000e-01	
1.537412e+02	1511	1.016543e+02	3.044691e+02	1.537412e+02	1511	7.496960e-01	7.000000e-01	
1.538430e+02	1512	1.369383e+02	3.686406e+02	1.538430e+02	1512	7.291455e-01	7.000000e-01	
1.539447e+02	1513	1.923342e+02	4.056912e+02	1.539447e+02	1513	6.783846e-01	7.000000e-01	
1.540465e+02	1514	1.415457e+02	3.567344e+02	1.540465e+02	1514	7.159315e-01	7.000000e-01	
1.541482e+02	1515	1.408404e+02	3.635086e+02	1.541482e+02	1515	7.207481e-01	7.000000e-01	
1.542500e+02	1516	1.229451e+02	3.774051e+02	1.542500e+02	1516	7.542819e-01	7.000000e-01	
1.543517e+02	1517	9.981267e+01	3.912004e+02	1.543517e+02	1517	7.967210e-01	7.000000e-01	
1.544535e+02	1518	1.269034e+02	3.847542e+02	1.544535e+02	1518	7.519759e-01	7.000000e-01	
1.545552e+02	1519	1.163569e+02	3.974447e+02	1.545552e+02	1519	7.735373e-01	7.000000e-01	
1.546570e+02	1520	1.236530e+02	3.874292e+02	1.546570e+02	1520	7.580565e-01	7.000000e-01	
1.547587e+02	1521	1.358209e+02	3.648296e+02	1.547587e+02	1521	7.287111e-01	7.000000e-01	
1.548605e+02	1522	1.252142e+02	3.394438e+02	1.548605e+02	1522	7.305240e-01	7.000000e-01	
1.549622e+02	1523	1.636690e+02	3.797138e+02	1.549622e+02	1523	6.987961e-01	7.000000e-01	
1.550640e+02	1524	1.557048e+02	3.655218e+02	1.550640e+02	1524	7.012723e-01	7.000000e-01	
1.551657e+02	1525	1.663753e+02	3.359176e+02	1.551657e+02	1525	6.687684e-01	7.000000e-01	
1.552674e+02	1526	1.450303e+02	3.714091e+02	1.552674e+02	1526	7.191727e-01	7.000000e-01	
1.553692e+02	1527	1.585052e+02	3.418847e+02	1.553692e+02	1527	6.832366e-01	7.000000e-01	
1.554709e+02	1528	1.502346e+02	3.797990e+02	1.554709e+02	1528	7.165565e-01	7.000000e-01	
1.555727e+02	1529	1.397640e+02	3.541725e+02	1.555727e+02	1529	7.170406e-01	7.000000e-01	
1.556744e+02	1530	1.587503e+02	3.886933e+02	1.556744e+02	1530	7.100152e-01	7.000000e-01	
1.557762e+02	1531	1.547214e+02	3.723776e+02	1.557762e+02	1531	7.064661e-01	7.000000e-01	
1.558779e+02	1532	1.234635e+02	3.896422e+02	1.558779e+02	1532	7.593800e-01	7.000000e-01	
1.559797e+02	1533	9.123642e+01	3.853894e+02	1.559797e+02	1533	8.085785e-01	7.000000e-01	
1.560814e+02	1534	1.682701e+02	3.513671e+02	1.560814e+02	1534	6.761777e-01	7.000000e-01	
1.561832e+02	1535	2.343495e+02	3.892233e+02	1.561832e+02	1535	6.241826e-01	7.000000e-01	
1.562849e+02	1536	1.480118e+02	3.829605e+02	1.562849e+02	1536	7.212438e-01	7.000000e-01	
1.563867e+02	1537	1.697859e+02	3.654019e+02	1.563867e+02	1537	6.827545e-01	7.000000e-01	
1.564884e+02	1538	1.631030e+02	3.744841e+02	1.564884e+02	1538	6.966017e-01	7.000000e-01	
1.565902e+02	1539	1.685139e+02	3.947174e+02	1.565902e+02	1539	7.008087e-01	7.000000e-01	
1.566919e+02	1540	1.804646e+02	3.484815e+02	1.566919e+02	1540	6.588223e-01	7.000000e-01	
1.567937e+02	1541	1.778800e+02	3.613793e+02	1.567937e+02	1541	6.701401e-01	7.000000e-01	
1.568954e+02	1542	1.678897e+02	3.891084e+02	1.568954e+02	1542	6.985812e-01	7.000000e-01	
1.569972e+02	1543	1.401798e+02	3.663297e+02	1.569972e+02	1543	7.232435e-01	7.000000e-01	
1.570989e+02	1544	1.704918e+02	3.484247e+02	1.570989e+02	1544	6.714466e-01	7.000000e-01	
1.572007e+02	1545	1.429434e+02	3.633167e+02	1.572007e+02	1545	7.176483e-01	7.000000e-01	
1.573024e+02	1546	1.520786e+02	3.564784e+02	1.573024e+02	1546	7.009606e-01	7.000000e-01	
1.574042e+02	1547	1.392062e+02	3.727259e+02	1.574042e+02	1547	7.280768e-01	7.000000e-01	
1.575059e+02	1548	1.350334e+02	3.693793e+02	1.575059e+02	1548	7.322958e-01	7.000000e-01	
1.576077e+02	1549	1.377897e+02	3.937756e+02	1.576077e+02	1549	7.407850e-01	7.000000e-01	
1.577094e+02	1550	1.639392e+02	3.623443e+02	1.577094e+02	1550	6.884964e-01	7.000000e-01	
1.578111e+02	1551	1.406536e+02	3.540050e+02	1.578111e+02	1551	7.156552e-01	7.000000e-01	
1.579129e+02	1552	1.743935e+02	3.475104e+02	1.579129e+02	1552	6.658513e-01	7.000000e-01	
1.580146e+02	1553	1.406895e+02	3.554012e+02	1.580146e+02	1553	7.164037e-01	7.000000e-01	
1.581164e+02	1554	1.558840e+02	3.568565e+02	1.581164e+02	1554	6.959788e-01	7.000000e-01	
1.582181e+02	1555	1.854407e+02	3.793046e+02	1.582181e+02	1555	6.716383e-01	7.000000e-01	
1.583199e+02	1556	1.626911e+02	3.745524e+02	1.583199e+02	1556	6.971744e-01	7.000000e-01	
1.584216e+02	1557	1.533190e+02	3.106458e+02	1.584216e+02	1557	6.695461e-01	7.000000e-01	
1.585234e+02	1558	1.735634e+02	3.590883e+02	1.585234e+02	1558	6.741522e-01	7.000000e-01	
1.586251e+02	1559	1.532973e+02	3.754189e+02	1.586251e+02	1559	7.100575e-01	7.000000e-01	
1.587269e+02	1560	1.739736e+02	3.724195e+02	1.587269e+02	1560	6.815963e-01	7.000000e-01	
1.588286e+02	1561	1.660057e+02	3.668524e+02	1.588286e+02	1561	6.884617e-01	7.000000e-01	
1.589304e+02	1562	1.704667e+02	3.764104e+02	1.589304e+02	1562	6.882907e-01	7.000000e-01	
1.590321e+02	1563	1.739310e+02	3.799338e+02	1.590321e+02	1563	6.859685e-01	7.000000e-01	
1.591339e+02	1564	1.460328e+02	3.573804e+02	1.591339e+02	1564	7.099146e-01	7.000000e-01	
1.592356e+02	1565	1.589785e+02	3.679444e+02	1.592356e+02	1565	6.982889e-01	7.000000e-01	
1.593374e+02	1566	1.502836e+02	3.558633e+02	1.593374e+02	1566	7.030830e-01	7.000000e-01	
1.594391e+02	1567	1.332010e+02	3.361079e+02	1.594391e+02	1567	7.161763e-01	7.000000e-01	
1.595409e+02	1568	1.638565e+02	3.614112e+02	1.595409e+02	1568	6.880514e-01	7.000000e-01	
1.596426e+02	1569	1.574559e+02	3.557900e+02	1.596426e+02	1569	6.932155e-01	7.000000e-01	
1.597444e+02	1570	1.473068e+02	3.498734e+02	1.597444e+02	1570	7.037155e-01	7.000000e-01	
1.598461e+02	1571	1.553680e+02	3.689201e+02	1.598461e+02	1571	7.036591e-01	7.000000e-01	
1.599479e+02	1572	1.548940e+02	3.293284e+02	1.599479e+02	1572	6.801181e-01	7.000000e-01	
1.600496e+02	1573	1.464363e+02	3.352149e+02	1.600496e+02	1573	6.959702e-01	7.000000e-01	
1.601514e+02	1574	1.428987e+02	3.641704e+02	1.601514e+02	1574	7.181869e-01	7.000000e-01	
1.602531e+02	1575	1.444151e+02	3.327277e+02	1.602531e+02	1575	6.973336e-01	7.000000e-01	
1.603548e+02	1576	1.523768e+02	3.479021e+02	1.603548e+02	1576	6.954163e-01	7.000000e-01	
1.604566e+02	1577	1.428437e+02	3.299421e+02	1.604566e+02	1577	6.978680e-01	7.000000e-01	
1.605583e+02	1578	1.481058e+02	3.397108e+02	1.605583e+02	1578	6.963904e-01	7.000000e-01	
1.606601e+02	1579	1.467204e+02	3.448899e+02	1.606601e+02	1579	7.015514e-01	7.000000e-01	
1.607618e+02	1580	1.485214e+02	3.403668e+02	1.607618e+02	1580	6.962058e-01	7.000000e-01	
1.608636e+02	1581	1.523872e+02	3.449091e+02	1.608636e+02	1581	6.935686e-01	7.000000e-01	
1.609653e+02	1582	1.535209e+02	3.426174e+02	1.609653e+02	1582	6.905683e-01	7.000000e-01	
1.610671e+02	1583	1.431150e+02	3.321716e+02	1.610671e+02	1583	6.988869e-01	7.000000e-01	
1.611688e+02	1584	1.360596e+02	3.482960e+02	1.611688e+02	1584	7.190915e-01	7.000000e-01	
1.612706e+02	1585	1.798667e+02	3.886159e+02	1.612706e+02	1585	6.836021e-01	7.000000e-01	
1.613723e+02	1586	1.525265e+02	3.050551e+02	1.613723e+02	1586	6.666682e-01	7.000000e-01	
1.614741e+02	1587	1.389149e+02	3.263776e+02	1.614741e+02	1587	7.014461e-01	7.000000e-01	
1.615758e+02	1588	1.306317e+02	2.848483e+02	1.615758e+02	1588	6.855885e-01	7.000000e-01	
1.616776e+02	1589	1.503051e+02	3.320211e+02	1.616776e+02	1589	6.883746e-01	7.000000e-01	
1.617793e+02	1590	1.516208e+02	3.470712e+02	1.617793e+02	1590	6.959630e-01	7.000000e-01	
1.618811e+02	1591	1.452673e+02	3.804965e+02	1.618811e+02	1591	7.237024e-01	7.000000e-01	
1.619828e+02	1592	1.445776e+02	3.605688e+02	1.619828e+02	1592	7.137907e-01	7.000000e-01	
1.620846e+02	1593	1.463392e+02	3.586358e+02	1.620846e+02	1593	7.102051e-01	7.000000e-01	
1.621863e+02	1594	1.408960e+02	3.588961e+02	1.621863e+02	1594	7.180908e-01	7.000000e-01	
1.622881e+02	1595	1.491002e+02	3.658213e+02	1.622881e+02	1595	7.104409e-01	7.000000e-01	
1.623898e+02	1596	1.720050e+02	3.615016e+02	1.623898e+02	1596	6.775954e-01	7.000000e-01	
1.624916e+02	1597	1.498160e+02	3.685676e+02	1.624916e+02	1597	7.109939e-01	7.000000e-01	
1.625933e+02	1598	1.558554e+02	3.624468e+02	1.625933e+02	1598	6.992963e-01	7.000000e-01	
1.626951e+02	1599	1.593595e+02	3.667551e+02	1.626951e+02	1599	6.971012e-01	7.000000e-01	
1.627968e+02	1600	1.397217e+02	3.427091e+02	1.627968e+02	1600	7.103798e-01	7.000000e-01	
1.628985e+02	1601	1.528030e+02	3.552488e+02	1.628985e+02	1601	6.992374e-01	7.000000e-01	
1.630003e+02	1602	1.590729e+02	4.474095e+02	1.630003e+02	1602	7.377123e-01	7.000000e-01	
1.631020e+02	1603	1.540997e+02	3.532897e+02	1.631020e+02	1603	6.962891e-01	7.000000e-01	
1.632038e+02	1604	1.552416e+02	3.169994e+02	1.632038e+02	1604	6.712662e-01	7.000000e-01	
1.633055e+02	1605	1.369090e+02	3.260376e+02	1.633055e+02	1605	7.042661e-01	7.000000e-01	
1.634073e+02	1606	1.648645e+02	3.268192e+02	1.634073e+02	1606	6.646940e-01	7.000000e-01	
1.635090e+02	1607	1.516562e+02	3.769994e+02	1.635090e+02	1607	7.131285e-01	7.000000e-01	
1.636108e+02	1608	1.586803e+02	3.615112e+02	1.636108e+02	1608	6.949579e-01	7.000000e-01	
1.637125e+02	1609	1.575601e+02	3.397665e+02	1.637125e+02	1609	6.831859e-01	7.000000e-01	
1.638143e+02	1610	1.525209e+02	3.583977e+02	1.638143e+02	1610	7.014771e-01	7.000000e-01	
1.639160e+02	1611	1.511247e+02	3.709609e+02	1.639160e+02	1611	7.105365e-01	7.000000e-01	
1.640178e+02	1612	1.630170e+02	3.044096e+02	1.640178e+02	1612	6.512458e-01	7.000000e-01	
1.641195e+02	1613	1.529612e+02	3.493447e+02	1.641195e+02	1613	6.954820e-01	7.000000e-01	
1.642213e+02	1614	1.514818e+02	3.893945e+02	1.642213e+02	1614	7.199326e-01	7.000000e-01	
1.643230e+02	1615	1.488897e+02	4.632110e+02	1.643230e+02	1615	7.567562e-01	7.000000e-01	
1.644248e+02	1616	1.949442e+02	5.242338e+02	1.644248e+02	1616	7.289347e-01	7.000000e-01	
1.645265e+02	1617	1.558891e+02	4.163294e+02	1.645265e+02	1617	7.275707e-01	7.000000e-01	
1.646283e+02	1618	1.629707e+02	4.540463e+02	1.646283e+02	1618	7.358732e-01	7.000000e-01	
1.647300e+02	1619	1.152240e+02	4.781763e+02	1.647300e+02	1619	8.058242e-01	7.000000e-01	
1.648318e+02	1620	1.560983e+02	3.534024e+02	1.648318e+02	1620	6.936250e-01	7.000000e-01	
1.649335e+02	1621	1.650728e+02	3.675839e+02	1.649335e+02	1621	6.900953e-01	7.000000e-01	
1.650353e+02	1622	1.632944e+02	2.991294e+02	1.650353e+02	1622	6.468728e-01	7.000000e-01	
1.651370e+02	1623	1.565766e+02	3.477682e+02	1.651370e+02	1623	6.895445e-01	7.000000e-01	
1.652388e+02	1624	1.681297e+02	3.268365e+02	1.652388e+02	1624	6.603208e-01	7.000000e-01	
1.653405e+02	1625	1.563199e+02	3.113797e+02	1.653405e+02	1625	6.657686e-01	7.000000e-01	
1.654422e+02	1626	1.583215e+02	3.939264e+02	1.654422e+02	1626	7.133144e-01	7.000000e-01	
1.655440e+02	1627	1.757144e+02	4.833390e+02	1.655440e+02	1627	7.333837e-01	7.000000e-01	
1.656457e+02	1628	1.586263e+02	3.562377e+02	1.656457e+02	1628	6.919064e-01	7.000000e-01	
1.657475e+02	1629	1.991652e+02	3.669497e+02	1.657475e+02	1629	6.481894e-01	7.000000e-01	
1.658492e+02	1630	1.616700e+02	3.853100e+02	1.658492e+02	1630	7.044316e-01	7.000000e-01	
1.659510e+02	1631	1.633027e+02	4.185964e+02	1.659510e+02	1631	7.193625e-01	7.000000e-01	
1.660527e+02	1632	1.579064e+02	3.490492e+02	1.660527e+02	1632	6.885203e-01	7.000000e-01	
1.661545e+02	1633	1.713285e+02	3.986771e+02	1.661545e+02	1633	6.994266e-01	7.000000e-01	
1.662562e+02	1634	1.788210e+02	3.354508e+02	1.662562e+02	1634	6.522831e-01	7.000000e-01	
1.663580e+02	1635	9.439440e+01	3.648189e+02	1.663580e+02	1635	7.944432e-01	7.000000e-01	
1.664597e+02	1636	1.850625e+02	3.609757e+02	1.664597e+02	1636	6.610814e-01	7.000000e-01	
1.665615e+02	1637	1.745721e+02	3.132567e+02	1.665615e+02	1637	6.421447e-01	7.000000e-01	
1.666632e+02	1638	1.569491e+02	3.538109e+02	1.666632e+02	1638	6.927146e-01	7.000000e-01	
1.667650e+02	1639	1.908636e+02	3.510695e+02	1.667650e+02	1639	6.478097e-01	7.000000e-01	
1.668667e+02	1640	1.896509e+02	3.545112e+02	1.668667e+02	1640	6.514809e-01	7.000000e-01	
1.669685e+02	1641	1.876992e+02	3.462658e+02	1.669685e+02	1641	6.484803e-01	7.000000e-01	
1.670702e+02	1642	1.869792e+02	3.549700e+02	1.670702e+02	1642	6.549876e-01	7.000000e-01	
1.671720e+02	1643	1.706999e+02	3.668076e+02	1.671720e+02	1643	6.824232e-01	7.000000e-01	
1.672737e+02	1644	1.722966e+02	3.688326e+02	1.672737e+02	1644	6.815980e-01	7.000000e-01	
1.673755e+02	1645	1.876987e+02	3.557190e+02	1.673755e+02	1645	6.545959e-01	7.000000e-01	
1.674772e+02	1646	1.866922e+02	3.480236e+02	1.674772e+02	1646	6.508571e-01	7.000000e-01	
1.675790e+02	1647	1.620572e+02	3.687555e+02	1.675790e+02	1647	6.946998e-01	7.000000e-01	
1.676807e+02	1648	1.567784e+02	3.706378e+02	1.676807e+02	1648	7.027425e-01	7.000000e-01	
1.677825e+02	1649	1.832307e+02	3.858889e+02	1.677825e+02	1649	6.780454e-01	7.000000e-01	
1.678842e+02	1650	1.590937e+02	3.416663e+02	1.678842e+02	1650	6.822955e-01	7.000000e-01	
1.679859e+02	1651	1.712381e+02	3.708280e+02	1.679859e+02	1651	6.841011e-01	7.000000e-01	
1.680877e+02	1652	1.779257e+02	3.255143e+02	1.680877e+02	1652	6.465801e-01	7.000000e-01	
1.681894e+02	1653	1.641178e+02	3.694536e+02	1.681894e+02	1653	6.924164e-01	7.000000e-01	
1.682912e+02	1654	1.616432e+02	3.250586e+02	1.682912e+02	1654	6.678804e-01	7.000000e-01	
1.683929e+02	1655	1.800667e+02	3.408034e+02	1.683929e+02	1655	6.542963e-01	7.000000e-01	
1.684947e+02	1656	1.684148e+02	3.685733e+02	1.684947e+02	1656	6.863714e-01	7.000000e-01	
1.685964e+02	1657	2.426427e+02	4.812020e+02	1.685964e+02	1657	6.647862e-01	7.000000e-01	
1.686982e+02	1658	2.402694e+02	4.698571e+02	1.686982e+02	1658	6.616527e-01	7.000000e-01	
1.687999e+02	1659	2.794018e+02	5.891603e+02	1.687999e+02	1659	6.783168e-01	7.000000e-01	
1.689017e+02	1660	2.847687e+02	5.956696e+02	1.689017e+02	1660	6.765603e-01	7.000000e-01	
1.690034e+02	1661	2.843894e+02	5.843592e+02	1.690034e+02	1661	6.726448e-01	7.000000e-01	
1.691052e+02	1662	2.883424e+02	6.096485e+02	1.691052e+02	1662	6.789028e-01	7.000000e-01	
1.692069e+02	1663	2.836178e+02	6.286367e+02	1.692069e+02	1663	6.891023e-01	7.000000e-01	
1.693087e+02	1664	2.829259e+02	6.180556e+02	1.693087e+02	1664	6.859803e-01	7.000000e-01	
1.694104e+02	1665	2.712079e+02	5.552992e+02	1.694104e+02	1665	6.718626e-01	7.000000e-01	
1.695122e+02	1666	2.878622e+02	5.806616e+02	1.695122e+02	1666	6.685615e-01	7.000000e-01	
1.696139e+02	1667	2.711981e+02	5.819166e+02	1.696139e+02	1667	6.821083e-01	7.000000e-01	
1.697157e+02	1668	2.464669e+02	5.107434e+02	1.697157e+02	1668	6.745067e-01	7.000000e-01	
1.698174e+02	1669	2.596154e+02	4.851981e+02	1.698174e+02	1669	6.514357e-01	7.000000e-01	
1.699192e+02	1670	2.777867e+02	5.609860e+02	1.699192e+02	1670	6.688177e-01	7.000000e-01	
1.700209e+02	1671	2.712103e+02	5.594517e+02	1.700209e+02	1671	6.735010e-01	7.000000e-01	
1.701227e+02	1672	2.367764e+02	4.427237e+02	1.701227e+02	1672	6.515432e-01	7.000000e-01	
1.702244e+02	1673	2.471243e+02	5.423479e+02	1.702244e+02	1673	6.869753e-01	7.000000e-01	
1.703262e+02	1674	2.307174e+02	4.199064e+02	1.703262e+02	1674	6.453905e-01	7.000000e-01	
1.704279e+02	1675	2.265315e+02	5.919562e+02	1.704279e+02	1675	7.232316e-01	7.000000e-01	
1.705296e+02	1676	2.320578e+02	6.103695e+02	1.705296e+02	1676	7.245367e-01	7.000000e-01	
1.706314e+02	1677	2.166685e+02	5.745194e+02	1.706314e+02	1677	7.261479e-01	7.000000e-01	
1.707331e+02	1678	2.393945e+02	5.579816e+02	1.707331e+02	1678	6.997722e-01	7.000000e-01	
1.708349e+02	1679	2.326363e+02	6.133244e+02	1.708349e+02	1679	7.250034e-01	7.000000e-01	
1.709366e+02	1680	1.933083e+02	5.459936e+02	1.709366e+02	1680	7.385259e-01	7.000000e-01	
1.710384e+02	1681	2.148073e+02	5.518117e+02	1.710384e+02	1681	7.197991e-01	7.000000e-01	
1.711401e+02	1682	2.075351e+02	5.413504e+02	1.711401e+02	1682	7.228747e-01	7.000000e-01	
1.712419e+02	1683	2.226783e+02	5.884170e+02	1.712419e+02	1683	7.254598e-01	7.000000e-01	
1.713436e+02	1684	2.136872e+02	5.496141e+02	1.713436e+02	1684	7.200487e-01	7.000000e-01	
1.714454e+02	1685	2.243803e+02	5.331552e+02	1.714454e+02	1685	7.038023e-01	7.000000e-01	
1.715471e+02	1686	2.094090e+02	5.733053e+02	1.715471e+02	1686	7.324579e-01	7.000000e-01	
1.716489e+02	1687	1.995635e+02	5.483654e+02	1.716489e+02	1687	7.331785e-01	7.000000e-01	
1.717506e+02	1688	2.071268e+02	5.097034e+02	1.717506e+02	1688	7.110518e-01	7.000000e-01	
1.718524e+02	1689	2.118546e+02	5.388064e+02	1.718524e+02	1689	7.177759e-01	7.000000e-01	
1.719541e+02	1690	2.151574e+02	5.218662e+02	1.719541e+02	1690	7.080726e-01	7.000000e-01	
1.720559e+02	1691	2.154841e+02	5.233901e+02	1.720559e+02	1691	7.083616e-01	7.000000e-01	
1.721576e+02	1692	2.223510e+02	5.431137e+02	1.721576e+02	1692	7.095215e-01	7.000000e-01	
1.722594e+02	1693	2.100534e+02	5.187916e+02	1.722594e+02	1693	7.117996e-01	7.000000e-01	
1.723611e+02	1694	2.204056e+02	4.997034e+02	1.723611e+02	1694	6.939274e-01	7.000000e-01	
1.724629e+02	1695	2.045444e+02	4.992235e+02	1.724629e+02	1695	7.093582e-01	7.000000e-01	
1.725646e+02	1696	1.996258e+02	5.266589e+02	1.725646e+02	1696	7.251411e-01	7.000000e-01	
1.726664e+02	1697	2.286525e+02	4.823901e+02	1.726664e+02	1697	6.784264e-01	7.000000e-01	
1.727681e+02	1698	2.227299e+02	4.991625e+02	1.727681e+02	1698	6.914639e-01	7.000000e-01	
1.728699e+02	1699	2.112605e+02	4.997406e+02	1.728699e+02	1699	7.028690e-01	7.000000e-01	
1.729716e+02	1700	1.764598e+02	5.217329e+02	1.729716e+02	1700	7.472620e-01	7.000000e-01	
1.730733e+02	1701	2.108091e+02	4.959883e+02	1.730733e+02	1701	7.017404e-01	7.000000e-01	
1.731751e+02	1702	2.443992e+02	5.478916e+02	1.731751e+02	1702	6.915284e-01	7.000000e-01	
1.732768e+02	1703	2.375779e+02	5.265025e+02	1.732768e+02	1703	6.890669e-01	7.000000e-01	
1.733786e+02	1704	2.524964e+02	4.874240e+02	1.733786e+02	1704	6.587519e-01	7.000000e-01	
1.734803e+02	1705	2.268548e+02	5.555786e+02	1.734803e+02	1705	7.100650e-01	7.000000e-01	
1.735821e+02	1706	2.388998e+02	5.157200e+02	1.735821e+02	1706	6.834170e-01	7.000000e-01	
1.736838e+02	1707	2.487816e+02	5.107550e+02	1.736838e+02	1707	6.724561e-01	7.000000e-01	
1.737856e+02	1708	2.240396e+02	5.657099e+02	1.737856e+02	1708	7.163156e-01	7.000000e-01	
1.738873e+02	1709	2.499423e+02	5.442290e+02	1.738873e+02	1709	6.852791e-01	7.000000e-01	
1.739891e+02	1710	2.238378e+02	5.683941e+02	1.739891e+02	1710	7.174592e-01	7.000000e-01	
1.740908e+02	1711	2.239762e+02	5.622981e+02	1.740908e+02	1711	7.151424e-01	7.000000e-01	
1.741926e+02	1712	2.333428e+02	5.841541e+02	1.741926e+02	1712	7.145643e-01	7.000000e-01	
1.742943e+02	1713	2.312859e+02	5.674139e+02	1.742943e+02	1713	7.104220e-01	7.000000e-01	
1.743961e+02	1714	2.281312e+02	5.511731e+02	1.743961e+02	1714	7.072630e-01	7.000000e-01	
1.744978e+02	1715	2.292927e+02	5.395689e+02	1.744978e+02	1715	7.017764e-01	7.000000e-01	
1.745996e+02	1716	1.982156e+02	5.442369e+02	1.745996e+02	1716	7.330259e-01	7.000000e-01	
1.747013e+02	1717	2.127692e+02	5.488892e+02	1.747013e+02	1717	7.206501e-01	7.000000e-01	
1.748031e+02	1718	2.163246e+02	5.542859e+02	1.748031e+02	1718	7.192815e-01	7.000000e-01	
1.749048e+02	1719	2.190186e+02	5.642406e+02	1.749048e+02	1719	7.203753e-01	7.000000e-01	
1.750066e+02	1720	2.250068e+02	5.703988e+02	1.750066e+02	1720	7.171169e-01	7.000000e-01	
1.751083e+02	1721	2.131346e+02	5.397459e+02	1.751083e+02	1721	7.169078e-01	7.000000e-01	
1.752101e+02	1722	2.252824e+02	5.728155e+02	1.752101e+02	1722	7.177259e-01	7.000000e-01	
1.753118e+02	1723	2.309463e+02	5.843684e+02	1.753118e+02	1723	7.167397e-01	7.000000e-01	
1.754136e+02	1724	2.177667e+02	5.615034e+02	1.754136e+02	1724	7.205504e-01	7.000000e-01	
1.755153e+02	1725	2.115590e+02	5.440203e+02	1.755153e+02	1725	7.200042e-01	7.000000e-01	
1.756170e+02	1726	2.212614e+02	5.531338e+02	1.756170e+02	1726	7.142784e-01	7.000000e-01	
1.757188e+02	1727	2.183093e+02	5.624264e+02	1.757188e+02	1727	7.203800e-01	7.000000e-01	
1.758205e+02	1728	2.173738e+02	5.620935e+02	1.758205e+02	1728	7.211252e-01	7.000000e-01	
1.759223e+02	1729	2.167847e+02	5.664591e+02	1.759223e+02	1729	7.232219e-01	7.000000e-01	
1.760240e+02	1730	1.958898e+02	5.079084e+02	1.760240e+02	1730	7.216677e-01	7.000000e-01	
1.761258e+02	1731	2.351280e+02	5.813538e+02	1.761258e+02	1731	7.120230e-01	7.000000e-01	
1.762275e+02	1732	2.103956e+02	5.064907e+02	1.762275e+02	1732	7.065147e-01	7.000000e-01	
1.763293e+02	1733	2.090978e+02	4.992054e+02	1.763293e+02	1733	7.047905e-01	7.000000e-01	
1.764310e+02	1734	1.839264e+02	4.877776e+02	1.764310e+02	1734	7.261794e-01	7.000000e-01	
1.765328e+02	1735	2.095753e+02	5.173595e+02	1.765328e+02	1735	7.117000e-01	7.000000e-01	
1.766345e+02	1736	2.339461e+02	4.711250e+02	1.766345e+02	1736	6.681950e-01	7.000000e-01	
1.767363e+02	1737	2.068187e+02	4.999513e+02	1.767363e+02	1737	7.073748e-01	7.000000e-01	
1.768380e+02	1738	1.974304e+02	4.936576e+02	1.768380e+02	1738	7.143194e-01	7.000000e-01	
1.769398e+02	1739	1.953662e+02	5.283366e+02	1.769398e+02	1739	7.300464e-01	7.000000e-01	
1.770415e+02	1740	2.021387e+02	4.952936e+02	1.770415e+02	1740	7.101673e-01	7.000000e-01	
1.771433e+02	1741	2.175746e+02	4.672006e+02	1.771433e+02	1741	6.822686e-01	7.000000e-01	
1.772450e+02	1742	2.300914e+02	5.137082e+02	1.772450e+02	1742	6.906540e-01	7.000000e-01	
1.773468e+02	1743	2.321112e+02	4.916546e+02	1.773468e+02	1743	6.793007e-01	7.000000e-01	
1.774485e+02	1744	2.338204e+02	5.368693e+02	1.774485e+02	1744	6.966089e-01	7.000000e-01	
1.775503e+02	1745	2.160931e+02	5.160845e+02	1.775503e+02	1745	7.048625e-01	7.000000e-01	
1.776520e+02	1746	2.374175e+02	5.098760e+02	1.776520e+02	1746	6.822968e-01	7.000000e-01	
1.777538e+02	1747	2.405906e+02	4.752141e+02	1.777538e+02	1747	6.638879e-01	7.000000e-01	
1.778555e+02	1748	2.290521e+02	5.284834e+02	1.778555e+02	1748	6.976352e-01	7.000000e-01	
1.779573e+02	1749	2.356101e+02	5.173101e+02	1.779573e+02	1749	6.870716e-01	7.000000e-01	
1.780590e+02	1750	2.239912e+02	4.855008e+02	1.780590e+02	1750	6.842936e-01	7.000000e-01	
1.781607e+02	1751	2.290004e+02	4.758263e+02	1.781607e+02	1751	6.750969e-01	7.000000e-01	
1.782625e+02	1752	2.381404e+02	5.021937e+02	1.782625e+02	1752	6.783339e-01	7.000000e-01	
1.783642e+02	1753	2.295298e+02	4.637531e+02	1.783642e+02	1753	6.689233e-01	7.000000e-01	
1.784660e+02	1754	2.252526e+02	4.780866e+02	1.784660e+02	1754	6.797383e-01	7.000000e-01	
1.785677e+02	1755	2.263332e+02	4.652803e+02	1.785677e+02	1755	6.727461e-01	7.000000e-01	
1.786695e+02	1756	2.126075e+02	5.027898e+02	1.786695e+02	1756	7.028120e-01	7.000000e-01	
1.787712e+02	1757	2.497149e+02	5.511124e+02	1.787712e+02	1757	6.881788e-01	7.000000e-01	
1.788730e+02	1758	2.331317e+02	6.093861e+02	1.788730e+02	1758	7.232917e-01	7.000000e-01	
1.789747e+02	1759	2.281598e+02	5.062388e+02	1.789747e+02	1759	6.893243e-01	7.000000e-01	
1.790765e+02	1760	2.203990e+02	5.599533e+02	1.790765e+02	1760	7.175647e-01	7.000000e-01	
1.791782e+02	1761	2.738623e+02	5.223591e+02	1.791782e+02	1761	6.560476e-01	7.000000e-01	
1.792800e+02	1762	2.648080e+02	5.291439e+02	1.792800e+02	1762	6.664685e-01	7.000000e-01	
1.793817e+02	1763	2.579619e+02	5.186727e+02	1.793817e+02	1763	6.678465e-01	7.000000e-01	
1.794835e+02	1764	2.508940e+02	5.317351e+02	1.794835e+02	1764	6.794216e-01	7.000000e-01	
1.795852e+02	1765	2.495054e+02	5.515413e+02	1.795852e+02	1765	6.885258e-01	7.000000e-01	
1.796870e+02	1766	2.468017e+02	5.286308e+02	1.796870e+02	1766	6.817238e-01	7.000000e-01	
1.797887e+02	1767	2.553353e+02	5.429703e+02	1.797887e+02	1767	6.801534e-01	7.000000e-01	
1.798905e+02	1768	2.544777e+02	5.581298e+02	1.798905e+02	1768	6.868381e-01	7.000000e-01	
1.799922e+02	1769	2.510322e+02	5.703603e+02	1.799922e+02	1769	6.943822e-01	7.000000e-01	
1.800940e+02	1770	2.276975e+02	5.478159e+02	1.800940e+02	1770	7.063913e-01	7.000000e-01	
1.801957e+02	1771	2.381338e+02	5.483968e+02	1.801957e+02	1771	6.972352e-01	7.000000e-01	
1.802975e+02	1772	2.146186e+02	5.273495e+02	1.802975e+02	1772	7.107442e-01	7.000000e-01	
1.803992e+02	1773	2.514051e+02	5.568525e+02	1.803992e+02	1773	6.889542e-01	7.000000e-01	
1.805010e+02	1774	2.217753e+02	5.501585e+02	1.805010e+02	1774	7.127017e-01	7.000000e-01	
1.806027e+02	1775	2.071405e+02	5.045426e+02	1.806027e+02	1775	7.089428e-01	7.000000e-01	
1.807044e+02	1776	1.811357e+02	4.985843e+02	1.807044e+02	1776	7.335142e-01	7.000000e-01	
1.808062e+02	1777	1.793541e+02	4.901419e+02	1.808062e+02	1777	7.321058e-01	7.000000e-01	
1.809079e+02	1778	2.002630e+02	4.941252e+02	1.809079e+02	1778	7.115979e-01	7.000000e-01	
1.810097e+02	1779	1.812869e+02	4.988252e+02	1.810097e+02	1779	7.334456e-01	7.000000e-01	
1.811114e+02	1780	1.794701e+02	4.901492e+02	1.811114e+02	1780	7.319819e-01	7.000000e-01	
1.812132e+02	1781	2.389762e+02	5.291576e+02	1.812132e+02	1781	6.888873e-01	7.000000e-01	
1.813149e+02	1782	2.223167e+02	5.172664e+02	1.813149e+02	1782	6.994027e-01	7.000000e-01	
1.814167e+02	1783	2.519860e+02	5.185618e+02	1.814167e+02	1783	6.729781e-01	7.000000e-01	
1.815184e+02	1784	2.482607e+02	5.281726e+02	1.815184e+02	1784	6.802550e-01	7.000000e-01	
1.816202e+02	1785	2.200484e+02	5.298378e+02	1.816202e+02	1785	7.065576e-01	7.000000e-01	
1.817219e+02	1786	2.395411e+02	5.189547e+02	1.817219e+02	1786	6.841893e-01	7.000000e-01	
1.818237e+02	1787	2.352239e+02	5.175921e+02	1.818237e+02	1787	6.875413e-01	7.000000e-01	
1.819254e+02	1788	2.344444e+02	5.163114e+02	1.819254e+02	1788	6.877222e-01	7.000000e-01	
1.820272e+02	1789	2.315053e+02	5.383391e+02	1.820272e+02	1789	6.992830e-01	7.000000e-01	
1.821289e+02	1790	2.401105e+02	5.358267e+02	1.821289e+02	1790	6.905542e-01	7.000000e-01	
1.822307e+02	1791	2.566637e+02	5.135471e+02	1.822307e+02	1791	6.667617e-01	7.000000e-01	
1.823324e+02	1792	2.420932e+02	5.128419e+02	1.823324e+02	1792	6.793192e-01	7.000000e-01	
1.824342e+02	1793	2.413370e+02	5.389403e+02	1.824342e+02	1793	6.907035e-01	7.000000e-01	
1.825359e+02	1794	2.209228e+02	5.676535e+02	1.825359e+02	1794	7.198460e-01	7.000000e-01	
1.826377e+02	1795	2.364100e+02	5.215130e+02	1.826377e+02	1795	6.880818e-01	7.000000e-01	
1.827394e+02	1796	2.349885e+02	5.438892e+02	1.827394e+02	1796	6.982986e-01	7.000000e-01	
1.828412e+02	1797	2.400553e+02	5.338053e+02	1.828412e+02	1797	6.897952e-01	7.000000e-01	
1.829429e+02	1798	2.544749e+02	5.079725e+02	1.829429e+02	1798	6.662394e-01	7.000000e-01	
1.830447e+02	1799	2.480581e+02	5.369155e+02	1.830447e+02	1799	6.839918e-01	7.000000e-01	
1.831464e+02	1800	2.421115e+02	5.763007e+02	1.831464e+02	1800	7.041692e-01	7.000000e-01	
1.832481e+02	1801	2.375245e+02	5.347186e+02	1.832481e+02	1801	6.924226e-01	7.000000e-01	
1.833499e+02	1802	2.681698e+02	4.967961e+02	1.833499e+02	1802	6.494356e-01	7.000000e-01	
1.834516e+02	1803	2.542213e+02	5.459038e+02	1.834516e+02	1803	6.822731e-01	7.000000e-01	
1.835534e+02	1804	2.856152e+02	5.607171e+02	1.835534e+02	1804	6.625259e-01	7.000000e-01	
1.836551e+02	1805	2.537977e+02	5.364755e+02	1.836551e+02	1805	6.788482e-01	7.000000e-01	
1.837569e+02	1806	2.902326e+02	5.403622e+02	1.837569e+02	1806	6.505726e-01	7.000000e-01	
1.838586e+02	1807	2.676872e+02	5.445023e+02	1.838586e+02	1807	6.704129e-01	7.000000e-01	
1.839604e+02	1808	2.585795e+02	5.110713e+02	1.839604e+02	1808	6.640301e-01	7.000000e-01	
1.840621e+02	1809	2.651381e+02	5.341366e+02	1.840621e+02	1809	6.682766e-01	7.000000e-01	
1.841639e+02	1810	2.533293e+02	5.141397e+02	1.841639e+02	1810	6.699159e-01	7.000000e-01	
1.842656e+02	1811	2.282875e+02	5.231503e+02	1.842656e+02	1811	6.961991e-01	7.000000e-01	
1.843674e+02	1812	2.421014e+02	5.312251e+02	1.843674e+02	1812	6.869351e-01	7.000000e-01	
1.844691e+02	1813	2.475072e+02	5.153677e+02	1.844691e+02	1813	6.755599e-01	7.000000e-01	
1.845709e+02	1814	2.478190e+02	5.309614e+02	1.845709e+02	1814	6.817858e-01	7.000000e-01	
1.846726e+02	1815	2.721903e+02	5.174117e+02	1.846726e+02	1815	6.552816e-01	7.000000e-01	
1.847744e+02	1816	2.564486e+02	5.660598e+02	1.847744e+02	1816	6.882116e-01	7.000000e-01	
1.848761e+02	1817	2.486930e+02	5.454495e+02	1.848761e+02	1817	6.868408e-01	7.000000e-01	
1.849779e+02	1818	2.508612e+02	5.210388e+02	1.849779e+02	1818	6.750082e-01	7.000000e-01	
1.850796e+02	1819	2.592971e+02	5.764053e+02	1.850796e+02	1819	6.897256e-01	7.000000e-01	
1.851814e+02	1820	2.750094e+02	5.227647e+02	1.851814e+02	1820	6.552791e-01	7.000000e-01	
1.852831e+02	1821	2.399401e+02	5.360455e+02	1.852831e+02	1821	6.907931e-01	7.000000e-01	
1.853849e+02	1822	2.170711e+02	5.213764e+02	1.853849e+02	1822	7.060440e-01	7.000000e-01	
1.854866e+02	1823	2.437175e+02	5.330564e+02	1.854866e+02	1823	6.862440e-01	7.000000e-01	
1.855884e+02	1824	2.285039e+02	5.479316e+02	1.855884e+02	1824	7.057014e-01	7.000000e-01	
1.856901e+02	1825	2.778994e+02	6.052940e+02	1.856901e+02	1825	6.853471e-01	7.000000e-01	
1.857918e+02	1826	2.402536e+02	5.569055e+02	1.857918e+02	1826	6.986127e-01	7.000000e-01	
1.858936e+02	1827	1.794775e+02	4.261956e+02	1.858936e+02	1827	7.036727e-01	7.000000e-01	
1.859953e+02	1828	1.663291e+02	3.997893e+02	1.859953e+02	1828	7.061938e-01	7.000000e-01	
1.860971e+02	1829	1.735821e+02	4.134364e+02	1.860971e+02	1829	7.042988e-01	7.000000e-01	
1.861988e+02	1830	1.525272e+02	3.927337e+02	1.861988e+02	1830	7.202675e-01	7.000000e-01	
1.863006e+02	1831	1.869735e+02	4.438749e+02	1.863006e+02	1831	7.036158e-01	7.000000e-01	
1.864023e+02	1832	1.468728e+02	3.484439e+02	1.864023e+02	1832	7.034770e-01	7.000000e-01	
1.865041e+02	1833	1.423315e+02	3.442566e+02	1.865041e+02	1833	7.074908e-01	7.000000e-01	
1.866058e+02	1834	1.349377e+02	3.746630e+02	1.866058e+02	1834	7.352090e-01	7.000000e-01	
1.867076e+02	1835	1.486244e+02	3.646181e+02	1.867076e+02	1835	7.104207e-01	7.000000e-01	
1.868093e+02	1836	1.451819e+02	3.474449e+02	1.868093e+02	1836	7.052903e-01	7.000000e-01	
1.869111e+02	1837	1.499274e+02	3.266660e+02	1.869111e+02	1837	6.854186e-01	7.000000e-01	
1.870128e+02	1838	1.396629e+02	3.538806e+02	1.870128e+02	1838	7.170201e-01	7.000000e-01	
1.871146e+02	1839	1.466109e+02	3.691191e+02	1.871146e+02	1839	7.157216e-01	7.000000e-01	
1.872163e+02	1840	1.477537e+02	3.574443e+02	1.872163e+02	1840	7.075331e-01	7.000000e-01	
1.873181e+02	1841	1.539235e+02	3.420441e+02	1.873181e+02	1841	6.896501e-01	7.000000e-01	
1.874198e+02	1842	1.628076e+02	3.300049e+02	1.874198e+02	1842	6.696358e-01	7.000000e-01	
1.875216e+02	1843	1.707381e+02	3.419808e+02	1.875216e+02	1843	6.669947e-01	7.000000e-01	
1.876233e+02	1844	1.778367e+02	3.251024e+02	1.876233e+02	1844	6.464051e-01	7.000000e-01	
1.877251e+02	1845	2.016796e+02	3.528401e+02	1.877251e+02	1845	6.362986e-01	7.000000e-01	
1.878268e+02	1846	1.585341e+02	3.450312e+02	1.878268e+02	1846	6.851767e-01	7.000000e-01	
1.879286e+02	1847	1.645361e+02	3.442830e+02	1.879286e+02	1847	6.766314e-01	7.000000e-01	
1.880303e+02	1848	1.494570e+02	3.396093e+02	1.880303e+02	1848	6.944034e-01	7.000000e-01	
1.881321e+02	1849	1.563107e+02	3.652877e+02	1.881321e+02	1849	7.003237e-01	7.000000e-01	
1.882338e+02	1850	1.789349e+02	3.263743e+02	1.882338e+02	1850	6.458903e-01	7.000000e-01	
1.883355e+02	1851	1.663463e+02	3.827176e+02	1.883355e+02	1851	6.970365e-01	7.000000e-01	
1.884373e+02	1852	1.735123e+02	3.765909e+02	1.884373e+02	1852	6.845823e-01	7.000000e-01	
1.885390e+02	1853	1.552540e+02	3.325447e+02	1.885390e+02	1853	6.817253e-01	7.000000e-01	
1.886408e+02	1854	1.583105e+02	3.624080e+02	1.886408e+02	1854	6.959768e-01	7.000000e-01	
1.887425e+02	1855	1.358280e+02	4.592473e+02	1.887425e+02	1855	7.717465e-01	7.000000e-01	
1.888443e+02	1856	1.913006e+02	3.548391e+02	1.888443e+02	1856	6.497222e-01	7.000000e-01	
1.889460e+02	1857	1.472134e+02	3.691578e+02	1.889460e+02	1857	7.149078e-01	7.000000e-01	
1.890478e+02	1858	1.717062e+02	3.326620e+02	1.890478e+02	1858	6.595618e-01	7.000000e-01	
1.891495e+02	1859	2.159133e+02	3.277618e+02	1.891495e+02	1859	6.028634e-01	7.000000e-01	
1.892513e+02	1860	2.032450e+02	3.242277e+02	1.892513e+02	1860	6.146815e-01	7.000000e-01	
1.893530e+02	1861	1.955416e+02	3.032554e+02	1.893530e+02	1861	6.079736e-01	7.000000e-01	
1.894548e+02	1862	1.315283e+02	4.124385e+02	1.894548e+02	1862	7.582053e-01	7.000000e-01	
1.895565e+02	1863	2.868754e+02	2.618001e+02	1.895565e+02	1863	4.771492e-01	7.000000e-01	
1.896583e+02	1864	1.984629e+02	3.107433e+02	1.896583e+02	1864	6.102504e-01	7.000000e-01	
1.897600e+02	1865	1.758541e+02	3.107372e+02	1.897600e+02	1865	6.386000e-01	7.000000e-01	
1.898618e+02	1866	1.920497e+02	3.180303e+02	1.898618e+02	1866	6.234910e-01	7.000000e-01	
1.899635e+02	1867	1.832337e+02	3.108447e+02	1.899635e+02	1867	6.291404e-01	7.000000e-01	
1.900653e+02	1868	1.815778e+02	3.182214e+02	1.900653e+02	1868	6.366985e-01	7.000000e-01	
1.901670e+02	1869	6.645483e+02	8.104454e+00	1.901670e+02	1869	1.204850e-02	0	
1.902688e+02	1870	7.023985e+02	3.307500e+00	1.902688e+02	1870	4.686796e-03	0	
1.903705e+02	1871	6.709012e+02	1.741230e+01	1.903705e+02	1871	2.529705e-02	0	
1.904723e+02	1872	7.090024e+02	3.813095e+01	1.904723e+02	1872	5.103634e-02	0	
1.905740e+02	1873	6.705477e+02	4.134499e+00	1.905740e+02	1873	6.128069e-03	0	
1.906758e+02	1874	6.496604e+02	-9.986978e+00	1.906758e+02	1874	-1.561262e-02	0	
1.907775e+02	1875	6.452378e+02	3.806537e+01	1.907775e+02	1875	5.570788e-02	0	
1.908792e+02	1876	6.500793e+02	9.697835e+00	1.908792e+02	1876	1.469865e-02	0	
1.909810e+02	1877	6.589314e+02	-4.245342e+00	1.909810e+02	1877	-6.484546e-03	0	
1.910827e+02	1878	6.567244e+02	2.980388e+00	1.910827e+02	1878	4.517760e-03	0	
1.911845e+02	1879	6.586122e+02	5.353483e-01	1.911845e+02	1879	8.121828e-04	0	
1.912862e+02	1880	6.614163e+02	-4.059356e+00	1.912862e+02	1880	-6.175269e-03	0	
1.913880e+02	1881	6.447667e+02	9.732759e-01	1.913880e+02	1881	1.507226e-03	0	
1.914897e+02	1882	6.497697e+02	-5.439497e+00	1.914897e+02	1882	-8.442095e-03	0	
1.915915e+02	1883	6.565718e+02	5.663953e-01	1.915915e+02	1883	8.619120e-04	0	
1.916932e+02	1884	6.512846e+02	-1.247897e+01	1.916932e+02	1884	-1.953485e-02	0	
1.917950e+02	1885	6.914943e+02	-1.504097e+01	1.917950e+02	1885	-2.223504e-02	0	
1.918967e+02	1886	6.487979e+02	1.561979e+00	1.918967e+02	1886	2.401715e-03	0	
1.919985e+02	1887	6.527480e+02	1.228894e+00	1.919985e+02	1887	1.879109e-03	0	
