time at 532nm	frame at 532nm	I_1 at 532nm(counts)	I_2 at 532nm(counts)	time at 532nm	frame at 532nm	FRET_1>2	discr.FRET_1>2	
1.017480e-01	1	9.585570e+01	2.031276e+02	1.017480e-01	1	6.793945e-01	7.000000e-01	
2.034960e-01	2	9.585570e+01	2.031276e+02	2.034960e-01	2	6.793945e-01	7.000000e-01	
3.052440e-01	3	9.322649e+01	1.979489e+02	3.052440e-01	3	6.798270e-01	7.000000e-01	
4.069920e-01	4	9.892311e+01	1.887170e+02	4.069920e-01	4	6.560872e-01	7.000000e-01	
5.087400e-01	5	9.076197e+01	1.982578e+02	5.087400e-01	5	6.859662e-01	7.000000e-01	
6.104880e-01	6	9.840943e+01	2.382706e+02	6.104880e-01	6	7.077064e-01	7.000000e-01	
7.122360e-01	7	7.881129e+01	1.882790e+02	7.122360e-01	7	7.049264e-01	7.000000e-01	
8.139840e-01	8	8.314921e+01	2.138025e+02	8.139840e-01	8	7.199908e-01	7.000000e-01	
9.157320e-01	9	1.009141e+02	1.893444e+02	9.157320e-01	9	6.523303e-01	7.000000e-01	
1.017480e+00	10	1.008110e+02	2.035801e+02	1.017480e+00	10	6.688109e-01	7.000000e-01	
1.119228e+00	11	8.939201e+01	2.424762e+02	1.119228e+00	11	7.306400e-01	7.000000e-01	
1.220976e+00	12	7.904243e+01	2.440576e+02	1.220976e+00	12	7.553624e-01	7.000000e-01	
1.322724e+00	13	8.330479e+01	2.072086e+02	1.322724e+00	13	7.132497e-01	7.000000e-01	
1.424472e+00	14	8.507355e+01	2.439365e+02	1.424472e+00	14	7.414257e-01	7.000000e-01	
1.526220e+00	15	8.279090e+01	2.097218e+02	1.526220e+00	15	7.169665e-01	7.000000e-01	
1.627968e+00	16	8.436550e+01	2.365957e+02	1.627968e+00	16	7.371474e-01	7.000000e-01	
1.729716e+00	17	7.401081e+01	2.365302e+02	1.729716e+00	17	7.616714e-01	7.000000e-01	
1.831464e+00	18	9.074689e+01	2.380693e+02	1.831464e+00	18	7.240194e-01	7.000000e-01	
1.933212e+00	19	9.080503e+01	2.421388e+02	1.933212e+00	19	7.272662e-01	7.000000e-01	
2.034960e+00	20	8.182863e+01	2.091760e+02	2.034960e+00	20	7.188064e-01	7.000000e-01	
2.136708e+00	21	6.474326e+01	2.463590e+02	2.136708e+00	21	7.918907e-01	7.000000e-01	
2.238456e+00	22	7.995542e+01	2.053223e+02	2.238456e+00	22	7.197278e-01	7.000000e-01	
2.340204e+00	23	7.526314e+01	2.431970e+02	2.340204e+00	23	7.636654e-01	7.000000e-01	
2.441952e+00	24	7.493022e+01	2.269819e+02	2.441952e+00	24	7.518145e-01	7.000000e-01	
2.543700e+00	25	7.969633e+01	1.955036e+02	2.543700e+00	25	7.104057e-01	7.000000e-01	
2.645448e+00	26	8.650762e+01	1.999965e+02	2.645448e+00	26	6.980580e-01	7.000000e-01	
2.747196e+00	27	6.929121e+01	1.952048e+02	2.747196e+00	27	7.380255e-01	7.000000e-01	
2.848944e+00	28	9.391979e+01	1.973288e+02	2.848944e+00	28	6.775271e-01	7.000000e-01	
2.950692e+00	29	9.956108e+01	2.002929e+02	2.950692e+00	29	6.679681e-01	7.000000e-01	
3.052440e+00	30	7.422762e+01	2.040125e+02	3.052440e+00	30	7.332246e-01	7.000000e-01	
3.154188e+00	31	7.371216e+01	1.892238e+02	3.154188e+00	31	7.196574e-01	7.000000e-01	
3.255936e+00	32	9.577928e+01	1.886595e+02	3.255936e+00	32	6.632693e-01	7.000000e-01	
3.357684e+00	33	1.085328e+02	2.124850e+02	3.357684e+00	33	6.619103e-01	7.000000e-01	
3.459432e+00	34	9.884986e+01	1.966845e+02	3.459432e+00	34	6.655216e-01	7.000000e-01	
3.561180e+00	35	1.009907e+02	2.000964e+02	3.561180e+00	35	6.645798e-01	7.000000e-01	
3.662928e+00	36	7.210264e+01	2.232965e+02	3.662928e+00	36	7.559145e-01	7.000000e-01	
3.764676e+00	37	7.101805e+01	2.188887e+02	3.764676e+00	37	7.550314e-01	7.000000e-01	
3.866424e+00	38	9.459978e+01	2.098605e+02	3.866424e+00	38	6.892870e-01	7.000000e-01	
3.968172e+00	39	7.677728e+01	2.243735e+02	3.968172e+00	39	7.450537e-01	7.000000e-01	
4.069920e+00	40	7.861671e+01	2.357638e+02	4.069920e+00	40	7.499313e-01	7.000000e-01	
4.171668e+00	41	8.399468e+01	2.212486e+02	4.171668e+00	41	7.248271e-01	7.000000e-01	
4.273416e+00	42	7.365513e+01	2.280991e+02	4.273416e+00	42	7.559102e-01	7.000000e-01	
4.375164e+00	43	7.965645e+01	2.307522e+02	4.375164e+00	43	7.433820e-01	7.000000e-01	
4.476912e+00	44	9.191576e+01	2.139397e+02	4.476912e+00	44	6.994797e-01	7.000000e-01	
4.578660e+00	45	9.148615e+01	1.921538e+02	4.578660e+00	45	6.774568e-01	7.000000e-01	
4.680408e+00	46	8.268144e+01	2.120211e+02	4.680408e+00	46	7.194410e-01	7.000000e-01	
4.782156e+00	47	7.997190e+01	2.152629e+02	4.782156e+00	47	7.291244e-01	7.000000e-01	
4.883904e+00	48	8.902519e+01	2.179318e+02	4.883904e+00	48	7.099750e-01	7.000000e-01	
4.985652e+00	49	8.559321e+01	2.082309e+02	4.985652e+00	49	7.086924e-01	7.000000e-01	
5.087400e+00	50	8.380630e+01	2.072040e+02	5.087400e+00	50	7.120160e-01	7.000000e-01	
5.189148e+00	51	9.422360e+01	2.259460e+02	5.189148e+00	51	7.057072e-01	7.000000e-01	
5.290896e+00	52	9.528173e+01	2.149000e+02	5.290896e+00	52	6.928197e-01	7.000000e-01	
5.392644e+00	53	8.646929e+01	2.062746e+02	5.392644e+00	53	7.046248e-01	7.000000e-01	
5.494392e+00	54	8.627601e+01	2.012338e+02	5.494392e+00	54	6.999198e-01	7.000000e-01	
5.596140e+00	55	6.837811e+01	1.978353e+02	5.596140e+00	55	7.431455e-01	7.000000e-01	
5.697888e+00	56	7.865527e+01	2.125679e+02	5.697888e+00	56	7.299141e-01	7.000000e-01	
5.799636e+00	57	8.605844e+01	2.049325e+02	5.799636e+00	57	7.042573e-01	7.000000e-01	
5.901384e+00	58	7.594524e+01	2.074561e+02	5.901384e+00	58	7.320223e-01	7.000000e-01	
6.003132e+00	59	8.074657e+01	2.191294e+02	6.003132e+00	59	7.307334e-01	7.000000e-01	
6.104880e+00	60	7.958391e+01	2.112839e+02	6.104880e+00	60	7.263915e-01	7.000000e-01	
6.206628e+00	61	9.268441e+01	2.453915e+02	6.206628e+00	61	7.258473e-01	7.000000e-01	
6.308376e+00	62	8.831968e+01	1.909298e+02	6.308376e+00	62	6.837248e-01	7.000000e-01	
6.410124e+00	63	7.844305e+01	1.950967e+02	6.410124e+00	63	7.132298e-01	7.000000e-01	
6.511872e+00	64	9.304390e+01	2.236824e+02	6.511872e+00	64	7.062325e-01	7.000000e-01	
6.613620e+00	65	7.403064e+01	2.193218e+02	6.613620e+00	65	7.476393e-01	7.000000e-01	
6.715368e+00	66	9.174881e+01	2.619787e+02	6.715368e+00	66	7.406229e-01	7.000000e-01	
6.817116e+00	67	1.027244e+02	2.675131e+02	6.817116e+00	67	7.225446e-01	7.000000e-01	
6.918864e+00	68	8.014971e+01	2.029567e+02	6.918864e+00	68	7.168919e-01	7.000000e-01	
7.020612e+00	69	7.937303e+01	2.122818e+02	7.020612e+00	69	7.278529e-01	7.000000e-01	
7.122360e+00	70	6.291693e+01	2.008660e+02	7.122360e+00	70	7.614822e-01	7.000000e-01	
7.224108e+00	71	8.240562e+01	2.275459e+02	7.224108e+00	71	7.341338e-01	7.000000e-01	
7.325856e+00	72	8.962999e+01	2.077136e+02	7.325856e+00	72	6.985642e-01	7.000000e-01	
7.427604e+00	73	8.604880e+01	2.330379e+02	7.427604e+00	73	7.303278e-01	7.000000e-01	
7.529352e+00	74	8.328828e+01	2.367527e+02	7.529352e+00	74	7.397575e-01	7.000000e-01	
7.631100e+00	75	8.723060e+01	2.175638e+02	7.631100e+00	75	7.138051e-01	7.000000e-01	
7.732848e+00	76	7.723683e+01	2.111985e+02	7.732848e+00	76	7.322213e-01	7.000000e-01	
7.834596e+00	77	9.296734e+01	2.798952e+02	7.834596e+00	77	7.506659e-01	7.000000e-01	
7.936344e+00	78	8.038469e+01	2.147250e+02	7.936344e+00	78	7.276108e-01	7.000000e-01	
8.038092e+00	79	1.082390e+02	2.248708e+02	8.038092e+00	79	6.750651e-01	7.000000e-01	
8.139840e+00	80	9.736131e+01	2.014842e+02	8.139840e+00	80	6.742086e-01	7.000000e-01	
8.241588e+00	81	9.235523e+01	2.241358e+02	8.241588e+00	81	7.081901e-01	7.000000e-01	
8.343336e+00	82	1.002129e+02	2.528615e+02	8.343336e+00	82	7.161706e-01	7.000000e-01	
8.445084e+00	83	1.107751e+02	2.179496e+02	8.445084e+00	83	6.630156e-01	7.000000e-01	
8.546832e+00	84	9.568999e+01	2.122372e+02	8.546832e+00	84	6.892448e-01	7.000000e-01	
8.648580e+00	85	7.215386e+01	1.733503e+02	8.648580e+00	85	7.060992e-01	7.000000e-01	
8.750328e+00	86	8.326338e+01	2.146951e+02	8.750328e+00	86	7.205537e-01	7.000000e-01	
8.852076e+00	87	8.238528e+01	2.068027e+02	8.852076e+00	87	7.151151e-01	7.000000e-01	
8.953824e+00	88	8.644180e+01	2.057421e+02	8.953824e+00	88	7.041528e-01	7.000000e-01	
9.055572e+00	89	9.747599e+01	2.205739e+02	9.055572e+00	89	6.935198e-01	7.000000e-01	
9.157320e+00	90	8.473271e+01	1.951219e+02	9.157320e+00	90	6.972260e-01	7.000000e-01	
9.259068e+00	91	7.979494e+01	1.976036e+02	9.259068e+00	91	7.123455e-01	7.000000e-01	
9.360816e+00	92	8.689216e+01	2.123342e+02	9.360816e+00	92	7.096106e-01	7.000000e-01	
9.462564e+00	93	8.367627e+01	2.143147e+02	9.462564e+00	93	7.191986e-01	7.000000e-01	
9.564312e+00	94	8.149202e+01	2.003203e+02	9.564312e+00	94	7.108288e-01	7.000000e-01	
9.666060e+00	95	8.991086e+01	1.869361e+02	9.666060e+00	95	6.752326e-01	7.000000e-01	
9.767808e+00	96	7.862503e+01	2.048302e+02	9.767808e+00	96	7.226192e-01	7.000000e-01	
9.869556e+00	97	8.585046e+01	1.938176e+02	9.869556e+00	97	6.930273e-01	7.000000e-01	
9.971304e+00	98	7.856762e+01	2.061510e+02	9.971304e+00	98	7.240517e-01	7.000000e-01	
1.007305e+01	99	6.886560e+01	2.148273e+02	1.007305e+01	99	7.572530e-01	7.000000e-01	
1.017480e+01	100	8.528161e+01	1.985094e+02	1.017480e+01	100	6.994915e-01	7.000000e-01	
1.027655e+01	101	8.537747e+01	1.926077e+02	1.027655e+01	101	6.928704e-01	7.000000e-01	
1.037830e+01	102	7.909131e+01	2.019728e+02	1.037830e+01	102	7.186005e-01	7.000000e-01	
1.048004e+01	103	7.153092e+01	2.017550e+02	1.048004e+01	103	7.382561e-01	7.000000e-01	
1.058179e+01	104	7.166025e+01	2.071193e+02	1.058179e+01	104	7.429501e-01	7.000000e-01	
1.068354e+01	105	7.238831e+01	2.061518e+02	1.068354e+01	105	7.401153e-01	7.000000e-01	
1.078529e+01	106	7.760674e+01	2.000226e+02	1.078529e+01	106	7.204664e-01	7.000000e-01	
1.088704e+01	107	6.349913e+01	2.080583e+02	1.088704e+01	107	7.661668e-01	7.000000e-01	
1.098878e+01	108	7.925724e+01	2.028697e+02	1.098878e+01	108	7.190724e-01	7.000000e-01	
1.109053e+01	109	6.718675e+01	1.999892e+02	1.109053e+01	109	7.485299e-01	7.000000e-01	
1.119228e+01	110	6.539980e+01	2.102088e+02	1.119228e+01	110	7.627077e-01	7.000000e-01	
1.129403e+01	111	8.307667e+01	2.012433e+02	1.129403e+01	111	7.078057e-01	7.000000e-01	
1.139578e+01	112	7.223011e+01	1.929433e+02	1.139578e+01	112	7.276118e-01	7.000000e-01	
1.149752e+01	113	8.176433e+01	2.091804e+02	1.149752e+01	113	7.189695e-01	7.000000e-01	
1.159927e+01	114	7.584425e+01	1.956136e+02	1.159927e+01	114	7.206040e-01	7.000000e-01	
1.170102e+01	115	7.924506e+01	2.398532e+02	1.170102e+01	115	7.516594e-01	7.000000e-01	
1.180277e+01	116	8.134037e+01	2.420318e+02	1.180277e+01	116	7.484621e-01	7.000000e-01	
1.190452e+01	117	9.127609e+01	2.722571e+02	1.190452e+01	117	7.489195e-01	7.000000e-01	
1.200626e+01	118	8.087820e+01	2.302201e+02	1.200626e+01	118	7.400237e-01	7.000000e-01	
1.210801e+01	119	8.323033e+01	2.213526e+02	1.210801e+01	119	7.267400e-01	7.000000e-01	
1.220976e+01	120	6.432741e+01	1.908765e+02	1.220976e+01	120	7.479372e-01	7.000000e-01	
1.231151e+01	121	9.306720e+01	2.019895e+02	1.231151e+01	121	6.845786e-01	7.000000e-01	
1.241326e+01	122	8.662710e+01	1.819301e+02	1.241326e+01	122	6.774352e-01	7.000000e-01	
1.251500e+01	123	6.621854e+01	1.905782e+02	1.251500e+01	123	7.421364e-01	7.000000e-01	
1.261675e+01	124	8.556847e+01	2.035197e+02	1.261675e+01	124	7.040056e-01	7.000000e-01	
1.271850e+01	125	1.021056e+02	1.828442e+02	1.271850e+01	125	6.416716e-01	7.000000e-01	
1.282025e+01	126	9.306595e+01	2.126174e+02	1.282025e+01	126	6.955479e-01	7.000000e-01	
1.292200e+01	127	9.519307e+01	1.847855e+02	1.292200e+01	127	6.599987e-01	7.000000e-01	
1.302374e+01	128	9.229602e+01	2.059827e+02	1.302374e+01	128	6.905712e-01	7.000000e-01	
1.312549e+01	129	9.481602e+01	2.269918e+02	1.312549e+01	129	7.053645e-01	7.000000e-01	
1.322724e+01	130	8.379273e+01	1.762853e+02	1.322724e+01	130	6.778170e-01	7.000000e-01	
1.332899e+01	131	7.057014e+01	1.629398e+02	1.332899e+01	131	6.977853e-01	7.000000e-01	
1.343074e+01	132	1.035426e+02	2.062011e+02	1.343074e+01	132	6.657152e-01	7.000000e-01	
1.353248e+01	133	1.038568e+02	2.136128e+02	1.353248e+01	133	6.728606e-01	7.000000e-01	
1.363423e+01	134	8.969897e+01	1.948411e+02	1.363423e+01	134	6.847580e-01	7.000000e-01	
1.373598e+01	135	1.256639e+02	2.174971e+02	1.373598e+01	135	6.338048e-01	7.000000e-01	
1.383773e+01	136	7.932121e+01	2.482837e+02	1.383773e+01	136	7.578754e-01	7.000000e-01	
1.393948e+01	137	8.013706e+01	2.321326e+02	1.393948e+01	137	7.433723e-01	7.000000e-01	
1.404122e+01	138	9.496869e+01	2.293065e+02	1.404122e+01	138	7.071355e-01	7.000000e-01	
1.414297e+01	139	1.050597e+02	2.012080e+02	1.414297e+01	139	6.569677e-01	7.000000e-01	
1.424472e+01	140	4.642899e+01	2.518965e+02	1.424472e+01	140	8.443680e-01	7.000000e-01	
1.434647e+01	141	9.939926e+01	1.734259e+02	1.434647e+01	141	6.356668e-01	7.000000e-01	
1.444822e+01	142	1.152192e+02	1.838739e+02	1.444822e+01	142	6.147715e-01	7.000000e-01	
1.454996e+01	143	1.014718e+02	1.810452e+02	1.454996e+01	143	6.408294e-01	7.000000e-01	
1.465171e+01	144	8.013911e+01	1.856243e+02	1.465171e+01	144	6.984569e-01	7.000000e-01	
1.475346e+01	145	1.068266e+02	1.974188e+02	1.475346e+01	145	6.488801e-01	7.000000e-01	
1.485521e+01	146	8.676478e+01	2.183623e+02	1.485521e+01	146	7.156438e-01	7.000000e-01	
1.495696e+01	147	9.748107e+01	1.996096e+02	1.495696e+01	147	6.718811e-01	7.000000e-01	
1.505870e+01	148	9.263125e+01	2.070241e+02	1.505870e+01	148	6.908740e-01	7.000000e-01	
1.516045e+01	149	9.949932e+01	2.403676e+02	1.516045e+01	149	7.072404e-01	7.000000e-01	
1.526220e+01	150	9.626943e+01	2.514506e+02	1.526220e+01	150	7.231410e-01	7.000000e-01	
1.536395e+01	151	9.044203e+01	2.039847e+02	1.536395e+01	151	6.928199e-01	7.000000e-01	
1.546570e+01	152	9.099040e+01	1.949711e+02	1.546570e+01	152	6.818089e-01	7.000000e-01	
1.556744e+01	153	9.143964e+01	1.957797e+02	1.556744e+01	153	6.816383e-01	7.000000e-01	
1.566919e+01	154	9.207491e+01	1.918990e+02	1.566919e+01	154	6.757628e-01	7.000000e-01	
1.577094e+01	155	7.769434e+01	2.101262e+02	1.577094e+01	155	7.300598e-01	7.000000e-01	
1.587269e+01	156	8.488003e+01	1.823772e+02	1.587269e+01	156	6.824032e-01	7.000000e-01	
1.597444e+01	157	8.641952e+01	2.119448e+02	1.597444e+01	157	7.103557e-01	7.000000e-01	
1.607618e+01	158	8.944958e+01	1.986085e+02	1.607618e+01	158	6.894738e-01	7.000000e-01	
1.617793e+01	159	9.365197e+01	1.984418e+02	1.617793e+01	159	6.793770e-01	7.000000e-01	
1.627968e+01	160	8.935569e+01	1.879641e+02	1.627968e+01	160	6.777883e-01	7.000000e-01	
1.638143e+01	161	8.559166e+01	1.830791e+02	1.638143e+01	161	6.814255e-01	7.000000e-01	
1.648318e+01	162	8.535796e+01	2.277587e+02	1.648318e+01	162	7.273925e-01	7.000000e-01	
1.658492e+01	163	8.508648e+01	2.150397e+02	1.658492e+01	163	7.164976e-01	7.000000e-01	
1.668667e+01	164	8.797178e+01	2.159080e+02	1.668667e+01	164	7.105047e-01	7.000000e-01	
1.678842e+01	165	9.723841e+01	2.137637e+02	1.678842e+01	165	6.873384e-01	7.000000e-01	
1.689017e+01	166	8.833621e+01	2.209594e+02	1.689017e+01	166	7.143955e-01	7.000000e-01	
1.699192e+01	167	9.359391e+01	2.203237e+02	1.699192e+01	167	7.018520e-01	7.000000e-01	
1.709366e+01	168	8.193853e+01	2.316537e+02	1.709366e+01	168	7.387099e-01	7.000000e-01	
1.719541e+01	169	1.169204e+02	2.049797e+02	1.719541e+01	169	6.367805e-01	7.000000e-01	
1.729716e+01	170	8.976851e+01	2.051212e+02	1.729716e+01	170	6.955862e-01	7.000000e-01	
1.739891e+01	171	8.517454e+01	2.187620e+02	1.739891e+01	171	7.197621e-01	7.000000e-01	
1.750066e+01	172	8.731606e+01	2.353886e+02	1.750066e+01	172	7.294242e-01	7.000000e-01	
1.760240e+01	173	9.443135e+01	2.577728e+02	1.760240e+01	173	7.318846e-01	7.000000e-01	
1.770415e+01	174	1.168634e+02	2.045235e+02	1.770415e+01	174	6.363778e-01	7.000000e-01	
1.780590e+01	175	7.723678e+01	2.058199e+02	1.780590e+01	175	7.271332e-01	7.000000e-01	
1.790765e+01	176	1.101500e+02	2.254657e+02	1.790765e+01	176	6.717972e-01	7.000000e-01	
1.800940e+01	177	5.717882e+01	1.961679e+02	1.800940e+01	177	7.743061e-01	7.000000e-01	
1.811114e+01	178	5.792757e+01	2.459536e+02	1.811114e+01	178	8.093743e-01	7.000000e-01	
1.821289e+01	179	5.408740e+01	2.159153e+02	1.821289e+01	179	7.996783e-01	7.000000e-01	
1.831464e+01	180	9.869491e+01	1.750525e+02	1.831464e+01	180	6.394672e-01	7.000000e-01	
1.841639e+01	181	8.109818e+01	2.213947e+02	1.841639e+01	181	7.319005e-01	7.000000e-01	
1.851814e+01	182	1.092382e+02	2.230416e+02	1.851814e+01	182	6.712463e-01	7.000000e-01	
1.861988e+01	183	1.086655e+02	2.243751e+02	1.861988e+01	183	6.737170e-01	7.000000e-01	
1.872163e+01	184	1.133143e+02	2.033838e+02	1.872163e+01	184	6.422009e-01	7.000000e-01	
1.882338e+01	185	1.043301e+02	2.326832e+02	1.882338e+01	185	6.904274e-01	7.000000e-01	
1.892513e+01	186	1.128664e+02	2.171935e+02	1.892513e+01	186	6.580427e-01	7.000000e-01	
1.902688e+01	187	1.086045e+02	2.001088e+02	1.902688e+01	187	6.482027e-01	7.000000e-01	
1.912862e+01	188	7.833049e+01	1.867512e+02	1.912862e+01	188	7.045043e-01	7.000000e-01	
1.923037e+01	189	1.067540e+02	2.144253e+02	1.923037e+01	189	6.676187e-01	7.000000e-01	
1.933212e+01	190	6.147741e+01	1.923681e+02	1.933212e+01	190	7.578156e-01	7.000000e-01	
1.943387e+01	191	7.749766e+01	1.980109e+02	1.943387e+01	191	7.187105e-01	7.000000e-01	
1.953562e+01	192	6.092726e+01	1.811515e+02	1.953562e+01	192	7.483164e-01	7.000000e-01	
1.963736e+01	193	4.943717e+01	1.984974e+02	1.963736e+01	193	8.006040e-01	7.000000e-01	
1.973911e+01	194	6.899106e+01	2.047226e+02	1.973911e+01	194	7.479444e-01	7.000000e-01	
1.984086e+01	195	6.753544e+01	1.868137e+02	1.984086e+01	195	7.344774e-01	7.000000e-01	
1.994261e+01	196	9.526142e+01	2.127953e+02	1.994261e+01	196	6.907666e-01	7.000000e-01	
2.004436e+01	197	6.251179e+01	1.836410e+02	2.004436e+01	197	7.460448e-01	7.000000e-01	
2.014610e+01	198	1.224653e+02	2.235370e+02	2.014610e+01	198	6.460564e-01	7.000000e-01	
2.024785e+01	199	1.097427e+02	2.291635e+02	2.024785e+01	199	6.761856e-01	7.000000e-01	
2.034960e+01	200	1.256234e+02	2.018214e+02	2.034960e+01	200	6.163524e-01	7.000000e-01	
2.045135e+01	201	7.857033e+01	2.105703e+02	2.045135e+01	201	7.282626e-01	7.000000e-01	
2.055310e+01	202	1.064965e+02	2.148124e+02	2.055310e+01	202	6.685542e-01	7.000000e-01	
2.065484e+01	203	6.739726e+01	1.967326e+02	2.065484e+01	203	7.448329e-01	7.000000e-01	
2.075659e+01	204	7.886206e+01	2.255178e+02	2.075659e+01	204	7.409091e-01	7.000000e-01	
2.085834e+01	205	7.745532e+01	2.013790e+02	2.085834e+01	205	7.222174e-01	7.000000e-01	
2.096009e+01	206	8.281813e+01	2.327930e+02	2.096009e+01	206	7.375944e-01	7.000000e-01	
2.106184e+01	207	7.523257e+01	2.034440e+02	2.106184e+01	207	7.300363e-01	7.000000e-01	
2.116358e+01	208	7.742271e+01	2.360698e+02	2.116358e+01	208	7.530317e-01	7.000000e-01	
2.126533e+01	209	7.969299e+01	2.076780e+02	2.126533e+01	209	7.226826e-01	7.000000e-01	
2.136708e+01	210	8.528067e+01	2.308506e+02	2.136708e+01	210	7.302365e-01	7.000000e-01	
2.146883e+01	211	8.075812e+01	2.261870e+02	2.146883e+01	211	7.368972e-01	7.000000e-01	
2.157058e+01	212	8.178449e+01	2.169131e+02	2.157058e+01	212	7.261964e-01	7.000000e-01	
2.167232e+01	213	8.238152e+01	2.227458e+02	2.167232e+01	213	7.300094e-01	7.000000e-01	
2.177407e+01	214	8.180549e+01	2.334845e+02	2.177407e+01	214	7.405389e-01	7.000000e-01	
2.187582e+01	215	8.398420e+01	2.290605e+02	2.187582e+01	215	7.317182e-01	7.000000e-01	
2.197757e+01	216	7.489029e+01	2.142086e+02	2.197757e+01	216	7.409527e-01	7.000000e-01	
2.207932e+01	217	8.668870e+01	2.305981e+02	2.207932e+01	217	7.267813e-01	7.000000e-01	
2.218106e+01	218	8.518863e+01	1.984232e+02	2.218106e+01	218	6.996295e-01	7.000000e-01	
2.228281e+01	219	8.604183e+01	2.254804e+02	2.228281e+01	219	7.238020e-01	7.000000e-01	
2.238456e+01	220	8.922220e+01	2.109621e+02	2.238456e+01	220	7.027753e-01	7.000000e-01	
2.248631e+01	221	7.050727e+01	1.797645e+02	2.248631e+01	221	7.182772e-01	7.000000e-01	
2.258806e+01	222	8.896080e+01	2.026009e+02	2.258806e+01	222	6.948817e-01	7.000000e-01	
2.268980e+01	223	7.123209e+01	2.062445e+02	2.268980e+01	223	7.432861e-01	7.000000e-01	
2.279155e+01	224	6.885237e+01	2.207112e+02	2.279155e+01	224	7.622202e-01	7.000000e-01	
2.289330e+01	225	9.325637e+01	1.789761e+02	2.289330e+01	225	6.574385e-01	7.000000e-01	
2.299505e+01	226	9.205391e+01	1.834281e+02	2.299505e+01	226	6.658442e-01	7.000000e-01	
2.309680e+01	227	1.017613e+02	1.906917e+02	2.309680e+01	227	6.520422e-01	7.000000e-01	
2.319854e+01	228	9.339482e+01	1.787574e+02	2.319854e+01	228	6.568287e-01	7.000000e-01	
2.330029e+01	229	9.691273e+01	1.919400e+02	2.330029e+01	229	6.644909e-01	7.000000e-01	
2.340204e+01	230	7.880545e+01	2.162009e+02	2.340204e+01	230	7.328686e-01	7.000000e-01	
2.350379e+01	231	6.095579e+01	2.440728e+02	2.350379e+01	231	8.001637e-01	7.000000e-01	
2.360554e+01	232	5.511206e+01	2.240624e+02	2.360554e+01	232	8.025892e-01	7.000000e-01	
2.370728e+01	233	8.127766e+01	2.204666e+02	2.370728e+01	233	7.306406e-01	7.000000e-01	
2.380903e+01	234	8.554256e+01	2.148476e+02	2.380903e+01	234	7.152285e-01	7.000000e-01	
2.391078e+01	235	5.513475e+01	2.240632e+02	2.391078e+01	235	8.025245e-01	7.000000e-01	
2.401253e+01	236	7.292297e+01	2.290179e+02	2.401253e+01	236	7.584859e-01	7.000000e-01	
2.411428e+01	237	7.984107e+01	2.218753e+02	2.411428e+01	237	7.353771e-01	7.000000e-01	
2.421602e+01	238	7.753944e+01	2.191271e+02	2.421602e+01	238	7.386310e-01	7.000000e-01	
2.431777e+01	239	8.231600e+01	2.186408e+02	2.431777e+01	239	7.264857e-01	7.000000e-01	
2.441952e+01	240	7.091852e+01	2.068724e+02	2.441952e+01	240	7.447054e-01	7.000000e-01	
2.452127e+01	241	9.073680e+01	2.240406e+02	2.452127e+01	241	7.117430e-01	7.000000e-01	
2.462302e+01	242	9.347746e+01	2.200319e+02	2.462302e+01	242	7.018352e-01	7.000000e-01	
2.472476e+01	243	8.282310e+01	2.224502e+02	2.472476e+01	243	7.286920e-01	7.000000e-01	
2.482651e+01	244	8.282310e+01	2.334102e+02	2.482651e+01	244	7.380949e-01	7.000000e-01	
2.492826e+01	245	9.345107e+01	2.200674e+02	2.492826e+01	245	7.019280e-01	7.000000e-01	
2.503001e+01	246	8.731328e+01	2.272396e+02	2.503001e+01	246	7.224210e-01	7.000000e-01	
2.513176e+01	247	8.440344e+01	2.063115e+02	2.513176e+01	247	7.096694e-01	7.000000e-01	
2.523350e+01	248	8.624910e+01	2.274922e+02	2.523350e+01	248	7.250948e-01	7.000000e-01	
2.533525e+01	249	8.657152e+01	2.375942e+02	2.533525e+01	249	7.329405e-01	7.000000e-01	
2.543700e+01	250	8.987016e+01	2.154640e+02	2.543700e+01	250	7.056662e-01	7.000000e-01	
2.553875e+01	251	7.479514e+01	2.201102e+02	2.553875e+01	251	7.463758e-01	7.000000e-01	
2.564050e+01	252	8.319693e+01	2.328910e+02	2.564050e+01	252	7.367918e-01	7.000000e-01	
2.574224e+01	253	7.914943e+01	2.222306e+02	2.574224e+01	253	7.373767e-01	7.000000e-01	
2.584399e+01	254	8.048693e+01	2.339031e+02	2.584399e+01	254	7.439902e-01	7.000000e-01	
2.594574e+01	255	6.807816e+01	2.360825e+02	2.594574e+01	255	7.761770e-01	7.000000e-01	
2.604749e+01	256	8.289806e+01	2.149494e+02	2.604749e+01	256	7.216761e-01	7.000000e-01	
2.614924e+01	257	8.255260e+01	2.305037e+02	2.614924e+01	257	7.363011e-01	7.000000e-01	
2.625098e+01	258	7.999560e+01	2.194936e+02	2.625098e+01	258	7.328932e-01	7.000000e-01	
2.635273e+01	259	8.078535e+01	2.188561e+02	2.635273e+01	259	7.303933e-01	7.000000e-01	
2.645448e+01	260	8.093012e+01	2.160469e+02	2.645448e+01	260	7.274869e-01	7.000000e-01	
2.655623e+01	261	7.707196e+01	2.102865e+02	2.655623e+01	261	7.317916e-01	7.000000e-01	
2.665798e+01	262	7.888508e+01	1.973716e+02	2.665798e+01	262	7.144501e-01	7.000000e-01	
2.675972e+01	263	7.715209e+01	2.179012e+02	2.675972e+01	263	7.385147e-01	7.000000e-01	
2.686147e+01	264	8.476442e+01	2.342869e+02	2.686147e+01	264	7.343236e-01	7.000000e-01	
2.696322e+01	265	7.993337e+01	1.943005e+02	2.696322e+01	265	7.085212e-01	7.000000e-01	
2.706497e+01	266	8.669997e+01	1.930769e+02	2.706497e+01	266	6.901103e-01	7.000000e-01	
2.716672e+01	267	8.094533e+01	2.089991e+02	2.716672e+01	267	7.208247e-01	7.000000e-01	
2.726846e+01	268	6.897449e+01	2.251523e+02	2.726846e+01	268	7.654940e-01	7.000000e-01	
2.737021e+01	269	7.534539e+01	2.067798e+02	2.737021e+01	269	7.329363e-01	7.000000e-01	
2.747196e+01	270	9.688821e+01	1.938171e+02	2.747196e+01	270	6.667133e-01	7.000000e-01	
2.757371e+01	271	7.302145e+01	2.075359e+02	2.757371e+01	271	7.397272e-01	7.000000e-01	
2.767546e+01	272	8.623940e+01	1.981935e+02	2.767546e+01	272	6.968023e-01	7.000000e-01	
2.777720e+01	273	8.992205e+01	2.261138e+02	2.777720e+01	273	7.154688e-01	7.000000e-01	
2.787895e+01	274	9.765258e+01	1.967827e+02	2.787895e+01	274	6.683394e-01	7.000000e-01	
2.798070e+01	275	8.684698e+01	1.758453e+02	2.798070e+01	275	6.693965e-01	7.000000e-01	
2.808245e+01	276	9.855862e+01	2.191449e+02	2.808245e+01	276	6.897780e-01	7.000000e-01	
2.818420e+01	277	9.626943e+01	1.560906e+02	2.818420e+01	277	6.185235e-01	7.000000e-01	
2.828594e+01	278	8.650968e+01	1.864731e+02	2.828594e+01	278	6.830947e-01	7.000000e-01	
2.838769e+01	279	8.125532e+01	1.584101e+02	2.838769e+01	279	6.609635e-01	7.000000e-01	
2.848944e+01	280	7.500938e+01	1.957729e+02	2.848944e+01	280	7.229901e-01	7.000000e-01	
2.859119e+01	281	8.809186e+01	1.682976e+02	2.859119e+01	281	6.564139e-01	7.000000e-01	
2.869294e+01	282	8.084568e+01	1.533346e+02	2.869294e+01	282	6.547716e-01	7.000000e-01	
2.879468e+01	283	8.880120e+01	1.698340e+02	2.879468e+01	283	6.566546e-01	7.000000e-01	
2.889643e+01	284	7.739988e+01	1.789815e+02	2.889643e+01	284	6.981065e-01	7.000000e-01	
2.899818e+01	285	7.409032e+01	1.948642e+02	2.899818e+01	285	7.245247e-01	7.000000e-01	
2.909993e+01	286	7.513099e+01	1.704602e+02	2.909993e+01	286	6.940811e-01	7.000000e-01	
2.920168e+01	287	8.049709e+01	1.894915e+02	2.920168e+01	287	7.018500e-01	7.000000e-01	
2.930342e+01	288	8.178873e+01	1.830857e+02	2.930342e+01	288	6.912170e-01	7.000000e-01	
2.940517e+01	289	7.489626e+01	2.134456e+02	2.940517e+01	289	7.402519e-01	7.000000e-01	
2.950692e+01	290	7.484045e+01	1.925206e+02	2.950692e+01	290	7.200772e-01	7.000000e-01	
2.960867e+01	291	8.906451e+01	1.743225e+02	2.960867e+01	291	6.618493e-01	7.000000e-01	
2.971042e+01	292	7.438443e+01	1.748329e+02	2.971042e+01	292	7.015279e-01	7.000000e-01	
2.981216e+01	293	7.204331e+01	1.561365e+02	2.981216e+01	293	6.842696e-01	7.000000e-01	
2.991391e+01	294	7.759971e+01	2.191542e+02	2.991391e+01	294	7.385048e-01	7.000000e-01	
3.001566e+01	295	9.067111e+01	2.105572e+02	3.001566e+01	295	6.989954e-01	7.000000e-01	
3.011741e+01	296	7.812013e+01	2.031969e+02	3.011741e+01	296	7.223057e-01	7.000000e-01	
3.021916e+01	297	7.433096e+01	1.903684e+02	3.021916e+01	297	7.191872e-01	7.000000e-01	
3.032090e+01	298	5.293926e+01	1.995659e+02	3.032090e+01	298	7.903438e-01	7.000000e-01	
3.042265e+01	299	1.124500e+02	2.333584e+02	3.042265e+01	299	6.748199e-01	7.000000e-01	
3.052440e+01	300	7.636424e+01	2.113229e+02	3.052440e+01	300	7.345580e-01	7.000000e-01	
3.062615e+01	301	9.679827e+01	2.529373e+02	3.062615e+01	301	7.232244e-01	7.000000e-01	
3.072790e+01	302	1.485568e+02	2.085899e+02	3.072790e+01	302	5.840454e-01	7.000000e-01	
3.082964e+01	303	1.067167e+02	2.296248e+02	3.082964e+01	303	6.827133e-01	7.000000e-01	
3.093139e+01	304	1.025312e+02	2.447318e+02	3.093139e+01	304	7.047448e-01	7.000000e-01	
3.103314e+01	305	1.244331e+02	2.090201e+02	3.103314e+01	305	6.268349e-01	7.000000e-01	
3.113489e+01	306	9.721546e+01	2.175690e+02	3.113489e+01	306	6.911682e-01	7.000000e-01	
3.123664e+01	307	1.121061e+02	2.337229e+02	3.123664e+01	307	6.758337e-01	7.000000e-01	
3.133838e+01	308	1.113232e+02	2.241553e+02	3.133838e+01	308	6.681659e-01	7.000000e-01	
3.144013e+01	309	9.040693e+01	1.976501e+02	3.144013e+01	309	6.861492e-01	7.000000e-01	
3.154188e+01	310	1.129370e+02	2.044510e+02	3.154188e+01	310	6.441674e-01	7.000000e-01	
3.164363e+01	311	5.903852e+01	2.292599e+02	3.164363e+01	311	7.952173e-01	7.000000e-01	
3.174538e+01	312	5.468533e+01	2.214833e+02	3.174538e+01	312	8.019857e-01	7.000000e-01	
3.184712e+01	313	6.620736e+01	2.329611e+02	3.184712e+01	313	7.786954e-01	7.000000e-01	
3.194887e+01	314	6.967448e+01	2.355893e+02	3.194887e+01	314	7.717565e-01	7.000000e-01	
3.205062e+01	315	6.017480e+01	2.370918e+02	3.205062e+01	315	7.975730e-01	7.000000e-01	
3.215237e+01	316	6.832758e+01	2.462136e+02	3.215237e+01	316	7.827706e-01	7.000000e-01	
3.225412e+01	317	7.419261e+01	2.236121e+02	3.225412e+01	317	7.508682e-01	7.000000e-01	
3.235586e+01	318	7.982494e+01	2.216066e+02	3.235586e+01	318	7.351805e-01	7.000000e-01	
3.245761e+01	319	6.748554e+01	2.378376e+02	3.245761e+01	319	7.789701e-01	7.000000e-01	
3.255936e+01	320	8.504201e+01	2.275884e+02	3.255936e+01	320	7.279791e-01	7.000000e-01	
3.266111e+01	321	8.717443e+01	2.251456e+02	3.266111e+01	321	7.208811e-01	7.000000e-01	
3.276286e+01	322	7.249349e+01	2.220935e+02	3.276286e+01	322	7.539148e-01	7.000000e-01	
3.286460e+01	323	8.399905e+01	2.217468e+02	3.286460e+01	323	7.252651e-01	7.000000e-01	
3.296635e+01	324	8.229424e+01	2.253706e+02	3.296635e+01	324	7.325198e-01	7.000000e-01	
3.306810e+01	325	8.052760e+01	2.234041e+02	3.306810e+01	325	7.350471e-01	7.000000e-01	
3.316985e+01	326	7.661119e+01	2.523082e+02	3.316985e+01	326	7.670822e-01	7.000000e-01	
3.327160e+01	327	8.498474e+01	2.187339e+02	3.327160e+01	327	7.201860e-01	7.000000e-01	
3.337334e+01	328	1.178039e+02	2.157973e+02	3.337334e+01	328	6.468721e-01	7.000000e-01	
3.347509e+01	329	1.029336e+02	2.040770e+02	3.347509e+01	329	6.647230e-01	7.000000e-01	
3.357684e+01	330	1.097819e+02	2.071882e+02	3.357684e+01	330	6.536522e-01	7.000000e-01	
3.367859e+01	331	1.111067e+02	2.124000e+02	3.367859e+01	331	6.565552e-01	7.000000e-01	
3.378034e+01	332	1.087446e+02	2.157792e+02	3.378034e+01	332	6.649102e-01	7.000000e-01	
3.388208e+01	333	9.472834e+01	2.018588e+02	3.388208e+01	333	6.806054e-01	7.000000e-01	
3.398383e+01	334	1.015843e+02	2.297227e+02	3.398383e+01	334	6.933832e-01	7.000000e-01	
3.408558e+01	335	9.524617e+01	2.140689e+02	3.408558e+01	335	6.920739e-01	7.000000e-01	
3.418733e+01	336	8.673133e+01	1.821367e+02	3.418733e+01	336	6.774204e-01	7.000000e-01	
3.428908e+01	337	9.279836e+01	2.099147e+02	3.428908e+01	337	6.934445e-01	7.000000e-01	
3.439082e+01	338	9.009982e+01	1.952115e+02	3.439082e+01	338	6.842052e-01	7.000000e-01	
3.449257e+01	339	7.925341e+01	2.161910e+02	3.449257e+01	339	7.317485e-01	7.000000e-01	
3.459432e+01	340	9.822898e+01	2.018162e+02	3.459432e+01	340	6.726194e-01	7.000000e-01	
3.469607e+01	341	7.638766e+01	2.063036e+02	3.469607e+01	341	7.297841e-01	7.000000e-01	
3.479782e+01	342	9.225653e+01	2.053780e+02	3.479782e+01	342	6.900342e-01	7.000000e-01	
3.489956e+01	343	7.221014e+01	2.052750e+02	3.489956e+01	343	7.397693e-01	7.000000e-01	
3.500131e+01	344	7.644086e+01	2.166885e+02	3.500131e+01	344	7.392248e-01	7.000000e-01	
3.510306e+01	345	7.537380e+01	2.193283e+02	3.510306e+01	345	7.442373e-01	7.000000e-01	
3.520481e+01	346	9.139458e+01	2.089502e+02	3.520481e+01	346	6.957011e-01	7.000000e-01	
3.530656e+01	347	9.091098e+01	1.881355e+02	3.530656e+01	347	6.742085e-01	7.000000e-01	
3.540830e+01	348	9.194841e+01	2.427839e+02	3.540830e+01	348	7.253076e-01	7.000000e-01	
3.551005e+01	349	7.304322e+01	2.233649e+02	3.551005e+01	349	7.535721e-01	7.000000e-01	
3.561180e+01	350	7.053901e+01	2.194829e+02	3.561180e+01	350	7.567804e-01	7.000000e-01	
3.571355e+01	351	7.950303e+01	2.457417e+02	3.571355e+01	351	7.555594e-01	7.000000e-01	
3.581530e+01	352	7.166512e+01	2.205851e+02	3.581530e+01	352	7.547816e-01	7.000000e-01	
3.591704e+01	353	9.560501e+01	2.301517e+02	3.591704e+01	353	7.065141e-01	7.000000e-01	
3.601879e+01	354	8.794952e+01	2.175196e+02	3.601879e+01	354	7.120838e-01	7.000000e-01	
3.612054e+01	355	9.146341e+01	2.419115e+02	3.612054e+01	355	7.256440e-01	7.000000e-01	
3.622229e+01	356	1.003343e+02	2.462869e+02	3.622229e+01	356	7.105362e-01	7.000000e-01	
3.632404e+01	357	8.305459e+01	2.190594e+02	3.632404e+01	357	7.250886e-01	7.000000e-01	
3.642578e+01	358	8.671053e+01	1.820761e+02	3.642578e+01	358	6.774001e-01	7.000000e-01	
3.652753e+01	359	8.160410e+01	2.147956e+02	3.652753e+01	359	7.246822e-01	7.000000e-01	
3.662928e+01	360	7.488107e+01	2.149513e+02	3.662928e+01	360	7.416401e-01	7.000000e-01	
3.673103e+01	361	1.042154e+02	1.913401e+02	3.673103e+01	361	6.473914e-01	7.000000e-01	
3.683278e+01	362	8.121675e+01	2.187374e+02	3.683278e+01	362	7.292361e-01	7.000000e-01	
3.693452e+01	363	7.346098e+01	2.152795e+02	3.693452e+01	363	7.455813e-01	7.000000e-01	
3.703627e+01	364	8.376792e+01	2.086050e+02	3.703627e+01	364	7.134895e-01	7.000000e-01	
3.713802e+01	365	7.221021e+01	1.990763e+02	3.713802e+01	365	7.338231e-01	7.000000e-01	
3.723977e+01	366	7.147151e+01	2.211384e+02	3.723977e+01	366	7.557447e-01	7.000000e-01	
3.734152e+01	367	6.959150e+01	1.916410e+02	3.734152e+01	367	7.336032e-01	7.000000e-01	
3.744326e+01	368	7.405774e+01	2.082118e+02	3.744326e+01	368	7.376347e-01	7.000000e-01	
3.754501e+01	369	7.065966e+01	2.154814e+02	3.754501e+01	369	7.530600e-01	7.000000e-01	
3.764676e+01	370	7.518473e+01	2.139071e+02	3.764676e+01	370	7.399279e-01	7.000000e-01	
3.774851e+01	371	7.417374e+01	2.062146e+02	3.774851e+01	371	7.354607e-01	7.000000e-01	
3.785026e+01	372	7.315732e+01	2.742403e+02	3.785026e+01	372	7.894133e-01	7.000000e-01	
3.795200e+01	373	7.145314e+01	2.037968e+02	3.795200e+01	373	7.404063e-01	7.000000e-01	
3.805375e+01	374	9.508795e+01	1.893117e+02	3.805375e+01	374	6.656538e-01	7.000000e-01	
3.815550e+01	375	1.011244e+02	1.960897e+02	3.815550e+01	375	6.597591e-01	7.000000e-01	
3.825725e+01	376	9.475331e+01	1.981320e+02	3.825725e+01	376	6.764832e-01	7.000000e-01	
3.835900e+01	377	1.110329e+02	1.625695e+02	3.835900e+01	377	5.941816e-01	7.000000e-01	
3.846074e+01	378	1.126397e+02	1.825077e+02	3.846074e+01	378	6.183612e-01	7.000000e-01	
3.856249e+01	379	9.267139e+01	1.907469e+02	3.856249e+01	379	6.730225e-01	7.000000e-01	
3.866424e+01	380	8.859123e+01	1.901460e+02	3.866424e+01	380	6.821694e-01	7.000000e-01	
3.876599e+01	381	1.131018e+02	1.762890e+02	3.876599e+01	381	6.091728e-01	7.000000e-01	
3.886774e+01	382	1.173376e+02	2.054610e+02	3.886774e+01	382	6.364990e-01	7.000000e-01	
3.896948e+01	383	1.298758e+02	2.304950e+02	3.896948e+01	383	6.396051e-01	7.000000e-01	
3.907123e+01	384	9.120085e+01	1.997779e+02	3.907123e+01	384	6.865721e-01	7.000000e-01	
3.917298e+01	385	1.019924e+02	2.157499e+02	3.917298e+01	385	6.790091e-01	7.000000e-01	
3.927473e+01	386	1.016194e+02	2.389006e+02	3.927473e+01	386	7.015758e-01	7.000000e-01	
3.937648e+01	387	8.606269e+01	1.747396e+02	3.937648e+01	387	6.700079e-01	7.000000e-01	
3.947822e+01	388	9.122660e+01	1.951807e+02	3.947822e+01	388	6.814795e-01	7.000000e-01	
3.957997e+01	389	8.294854e+01	1.887685e+02	3.957997e+01	389	6.947246e-01	7.000000e-01	
3.968172e+01	390	9.290990e+01	2.209252e+02	3.968172e+01	390	7.039531e-01	7.000000e-01	
3.978347e+01	391	1.004702e+02	1.873771e+02	3.978347e+01	391	6.509601e-01	7.000000e-01	
3.988522e+01	392	8.644518e+01	1.783301e+02	3.988522e+01	392	6.735149e-01	7.000000e-01	
3.998696e+01	393	8.936923e+01	2.463250e+02	3.998696e+01	393	7.337779e-01	7.000000e-01	
4.008871e+01	394	8.083758e+01	2.046485e+02	4.008871e+01	394	7.168423e-01	7.000000e-01	
4.019046e+01	395	8.018495e+01	2.229941e+02	4.019046e+01	395	7.355195e-01	7.000000e-01	
4.029221e+01	396	8.385742e+01	2.323425e+02	4.029221e+01	396	7.347962e-01	7.000000e-01	
4.039396e+01	397	8.671023e+01	2.495160e+02	4.039396e+01	397	7.421075e-01	7.000000e-01	
4.049570e+01	398	8.611359e+01	2.242477e+02	4.049570e+01	398	7.225376e-01	7.000000e-01	
4.059745e+01	399	8.523131e+01	2.325425e+02	4.059745e+01	399	7.317862e-01	7.000000e-01	
4.069920e+01	400	7.556140e+01	2.282929e+02	4.069920e+01	400	7.513236e-01	7.000000e-01	
4.080095e+01	401	8.665534e+01	1.993039e+02	4.080095e+01	401	6.969661e-01	7.000000e-01	
4.090270e+01	402	8.432928e+01	2.181940e+02	4.090270e+01	402	7.212470e-01	7.000000e-01	
4.100444e+01	403	7.953387e+01	2.000500e+02	4.100444e+01	403	7.155277e-01	7.000000e-01	
4.110619e+01	404	8.313992e+01	1.953463e+02	4.110619e+01	404	7.014577e-01	7.000000e-01	
4.120794e+01	405	9.241784e+01	2.092219e+02	4.120794e+01	405	6.936152e-01	7.000000e-01	
4.130969e+01	406	8.495769e+01	2.038092e+02	4.130969e+01	406	7.057914e-01	7.000000e-01	
4.141144e+01	407	9.754105e+01	2.092362e+02	4.141144e+01	407	6.820460e-01	7.000000e-01	
4.151318e+01	408	8.686291e+01	1.999960e+02	4.151318e+01	408	6.971929e-01	7.000000e-01	
4.161493e+01	409	1.065674e+02	2.175720e+02	4.161493e+01	409	6.712297e-01	7.000000e-01	
4.171668e+01	410	8.099843e+01	2.003224e+02	4.171668e+01	410	7.120781e-01	7.000000e-01	
4.181843e+01	411	9.598037e+01	2.037097e+02	4.181843e+01	411	6.797346e-01	7.000000e-01	
4.192018e+01	412	9.118337e+01	1.987529e+02	4.192018e+01	412	6.855055e-01	7.000000e-01	
4.202192e+01	413	1.115558e+02	2.340256e+02	4.202192e+01	413	6.771939e-01	7.000000e-01	
4.212367e+01	414	9.750530e+01	2.078044e+02	4.212367e+01	414	6.806348e-01	7.000000e-01	
4.222542e+01	415	1.120846e+02	2.393097e+02	4.222542e+01	415	6.810290e-01	7.000000e-01	
4.232717e+01	416	9.276847e+01	1.866825e+02	4.232717e+01	416	6.680331e-01	7.000000e-01	
4.242892e+01	417	9.135800e+01	2.065833e+02	4.242892e+01	417	6.933691e-01	7.000000e-01	
4.253066e+01	418	1.064606e+02	2.071526e+02	4.253066e+01	418	6.605353e-01	7.000000e-01	
4.263241e+01	419	9.322405e+01	1.924122e+02	4.263241e+01	419	6.736267e-01	7.000000e-01	
4.273416e+01	420	8.444076e+01	2.080479e+02	4.273416e+01	420	7.113024e-01	7.000000e-01	
4.283591e+01	421	1.041515e+02	2.036550e+02	4.283591e+01	421	6.616332e-01	7.000000e-01	
4.293766e+01	422	9.343606e+01	1.942940e+02	4.293766e+01	422	6.752649e-01	7.000000e-01	
4.303940e+01	423	8.458494e+01	2.076204e+02	4.303940e+01	423	7.105291e-01	7.000000e-01	
4.314115e+01	424	9.829062e+01	1.957323e+02	4.314115e+01	424	6.657042e-01	7.000000e-01	
4.324290e+01	425	8.182339e+01	2.243900e+02	4.324290e+01	425	7.327896e-01	7.000000e-01	
4.334465e+01	426	8.942647e+01	2.309830e+02	4.334465e+01	426	7.208994e-01	7.000000e-01	
4.344640e+01	427	9.830847e+01	2.078554e+02	4.344640e+01	427	6.789024e-01	7.000000e-01	
4.354814e+01	428	9.018468e+01	1.884614e+02	4.354814e+01	428	6.763469e-01	7.000000e-01	
4.364989e+01	429	9.681262e+01	2.154204e+02	4.364989e+01	429	6.899347e-01	7.000000e-01	
4.375164e+01	430	8.391456e+01	1.850275e+02	4.375164e+01	430	6.879828e-01	7.000000e-01	
4.385339e+01	431	8.880838e+01	2.155392e+02	4.385339e+01	431	7.082008e-01	7.000000e-01	
4.395514e+01	432	7.199686e+01	1.731721e+02	4.395514e+01	432	7.063378e-01	7.000000e-01	
4.405688e+01	433	8.527365e+01	1.773313e+02	4.405688e+01	433	6.752778e-01	7.000000e-01	
4.415863e+01	434	8.214241e+01	2.094783e+02	4.415863e+01	434	7.183245e-01	7.000000e-01	
4.426038e+01	435	8.690495e+01	1.866757e+02	4.426038e+01	435	6.823425e-01	7.000000e-01	
4.436213e+01	436	8.528651e+01	1.652183e+02	4.436213e+01	436	6.595414e-01	7.000000e-01	
4.446388e+01	437	9.824185e+01	2.197067e+02	4.446388e+01	437	6.910134e-01	7.000000e-01	
4.456562e+01	438	1.076170e+02	1.945238e+02	4.456562e+01	438	6.438184e-01	7.000000e-01	
4.466737e+01	439	9.548304e+01	2.601349e+02	4.466737e+01	439	7.315011e-01	7.000000e-01	
4.476912e+01	440	8.071872e+01	2.577474e+02	4.476912e+01	440	7.615161e-01	7.000000e-01	
4.487087e+01	441	1.040619e+02	2.005182e+02	4.487087e+01	441	6.583431e-01	7.000000e-01	
4.497262e+01	442	1.300919e+02	1.617199e+02	4.497262e+01	442	5.541925e-01	7.000000e-01	
4.507436e+01	443	9.594269e+01	1.401141e+02	4.507436e+01	443	5.935610e-01	7.000000e-01	
4.517611e+01	444	9.717787e+01	1.993229e+02	4.517611e+01	444	6.722509e-01	7.000000e-01	
4.527786e+01	445	1.039344e+02	1.846488e+02	4.527786e+01	445	6.398460e-01	7.000000e-01	
4.537961e+01	446	9.591370e+01	1.399797e+02	4.537961e+01	446	5.934024e-01	7.000000e-01	
4.548136e+01	447	1.101971e+02	2.210622e+02	4.548136e+01	447	6.673388e-01	7.000000e-01	
4.558310e+01	448	1.072897e+02	1.907281e+02	4.558310e+01	448	6.399890e-01	7.000000e-01	
4.568485e+01	449	7.939674e+01	2.367262e+02	4.568485e+01	449	7.488422e-01	7.000000e-01	
4.578660e+01	450	8.955795e+01	2.285377e+02	4.578660e+01	450	7.184559e-01	7.000000e-01	
4.588835e+01	451	9.322691e+01	2.282140e+02	4.588835e+01	451	7.099719e-01	7.000000e-01	
4.599010e+01	452	9.626968e+01	2.208431e+02	4.599010e+01	452	6.964182e-01	7.000000e-01	
4.609184e+01	453	1.057959e+02	2.110588e+02	4.609184e+01	453	6.661059e-01	7.000000e-01	
4.619359e+01	454	1.041563e+02	2.026817e+02	4.619359e+01	454	6.605495e-01	7.000000e-01	
4.629534e+01	455	1.063955e+02	2.129725e+02	4.629534e+01	455	6.668561e-01	7.000000e-01	
4.639709e+01	456	9.418998e+01	2.290822e+02	4.639709e+01	456	7.086357e-01	7.000000e-01	
4.649884e+01	457	1.150705e+02	2.207307e+02	4.649884e+01	457	6.573255e-01	7.000000e-01	
4.660058e+01	458	1.078417e+02	2.026665e+02	4.660058e+01	458	6.526929e-01	7.000000e-01	
4.670233e+01	459	9.910059e+01	2.087659e+02	4.670233e+01	459	6.781053e-01	7.000000e-01	
4.680408e+01	460	1.167523e+02	2.291074e+02	4.680408e+01	460	6.624287e-01	7.000000e-01	
4.690583e+01	461	1.252243e+02	1.804508e+02	4.690583e+01	461	5.903353e-01	7.000000e-01	
4.700758e+01	462	1.175190e+02	1.875924e+02	4.700758e+01	462	6.148325e-01	7.000000e-01	
4.710932e+01	463	1.199901e+02	1.780262e+02	4.710932e+01	463	5.973707e-01	7.000000e-01	
4.721107e+01	464	1.303568e+02	1.924857e+02	4.721107e+01	464	5.962217e-01	7.000000e-01	
4.731282e+01	465	1.202403e+02	1.896570e+02	4.731282e+01	465	6.119995e-01	7.000000e-01	
4.741457e+01	466	1.215362e+02	1.720292e+02	4.741457e+01	466	5.859996e-01	7.000000e-01	
4.751632e+01	467	1.293669e+02	1.664076e+02	4.751632e+01	467	5.626165e-01	7.000000e-01	
4.761806e+01	468	1.246881e+02	1.890906e+02	4.761806e+01	468	6.026241e-01	7.000000e-01	
4.771981e+01	469	1.212996e+02	1.945709e+02	4.771981e+01	469	6.159831e-01	7.000000e-01	
4.782156e+01	470	8.345030e+01	2.081724e+02	4.782156e+01	470	7.138415e-01	7.000000e-01	
4.792331e+01	471	9.002386e+01	2.008266e+02	4.792331e+01	471	6.904806e-01	7.000000e-01	
4.802506e+01	472	9.881460e+01	2.043455e+02	4.802506e+01	472	6.740514e-01	7.000000e-01	
4.812680e+01	473	1.185954e+02	2.174603e+02	4.812680e+01	473	6.470960e-01	7.000000e-01	
4.822855e+01	474	1.047393e+02	1.961976e+02	4.822855e+01	474	6.519559e-01	7.000000e-01	
4.833030e+01	475	9.073002e+01	2.063775e+02	4.833030e+01	475	6.946223e-01	7.000000e-01	
4.843205e+01	476	9.005349e+01	2.058247e+02	4.843205e+01	476	6.956400e-01	7.000000e-01	
4.853380e+01	477	9.813551e+01	2.022433e+02	4.853380e+01	477	6.732942e-01	7.000000e-01	
4.863554e+01	478	1.073694e+02	2.085092e+02	4.863554e+01	478	6.600928e-01	7.000000e-01	
4.873729e+01	479	1.084977e+02	2.060609e+02	4.873729e+01	479	6.550795e-01	7.000000e-01	
4.883904e+01	480	1.126395e+02	2.009749e+02	4.883904e+01	480	6.408344e-01	7.000000e-01	
4.894079e+01	481	1.037369e+02	1.808325e+02	4.894079e+01	481	6.354601e-01	7.000000e-01	
4.904254e+01	482	1.044684e+02	1.949739e+02	4.904254e+01	482	6.511234e-01	7.000000e-01	
4.914428e+01	483	6.593621e+01	1.781490e+02	4.914428e+01	483	7.298640e-01	7.000000e-01	
4.924603e+01	484	7.004221e+01	1.979386e+02	4.924603e+01	484	7.386298e-01	7.000000e-01	
4.934778e+01	485	6.527983e+01	1.800529e+02	4.934778e+01	485	7.339131e-01	7.000000e-01	
4.944953e+01	486	8.538013e+01	1.877025e+02	4.944953e+01	486	6.873469e-01	7.000000e-01	
4.955128e+01	487	7.172676e+01	1.822621e+02	4.955128e+01	487	7.175988e-01	7.000000e-01	
4.965302e+01	488	6.600618e+01	1.870304e+02	4.965302e+01	488	7.391437e-01	7.000000e-01	
4.975477e+01	489	5.867699e+01	2.062278e+02	4.975477e+01	489	7.784978e-01	7.000000e-01	
4.985652e+01	490	6.353791e+01	1.992615e+02	4.985652e+01	490	7.582266e-01	7.000000e-01	
4.995827e+01	491	7.051810e+01	1.824419e+02	4.995827e+01	491	7.212283e-01	7.000000e-01	
5.006002e+01	492	6.621164e+01	1.795088e+02	5.006002e+01	492	7.305408e-01	7.000000e-01	
5.016176e+01	493	6.472290e+01	1.833281e+02	5.016176e+01	493	7.390742e-01	7.000000e-01	
5.026351e+01	494	8.256851e+01	2.207693e+02	5.026351e+01	494	7.278001e-01	7.000000e-01	
5.036526e+01	495	6.591662e+01	2.060998e+02	5.036526e+01	495	7.576741e-01	7.000000e-01	
5.046701e+01	496	7.020023e+01	1.889746e+02	5.046701e+01	496	7.291395e-01	7.000000e-01	
5.056876e+01	497	6.975154e+01	1.899777e+02	5.056876e+01	497	7.314452e-01	7.000000e-01	
5.067050e+01	498	6.442461e+01	2.049793e+02	5.067050e+01	498	7.608624e-01	7.000000e-01	
5.077225e+01	499	6.386372e+01	1.943833e+02	5.077225e+01	499	7.527030e-01	7.000000e-01	
5.087400e+01	500	6.541216e+01	1.885344e+02	5.087400e+01	500	7.424176e-01	7.000000e-01	
5.097575e+01	501	7.294127e+01	2.041528e+02	5.097575e+01	501	7.367635e-01	7.000000e-01	
5.107750e+01	502	7.042193e+01	1.856492e+02	5.107750e+01	502	7.249907e-01	7.000000e-01	
5.117924e+01	503	6.163297e+01	1.893272e+02	5.117924e+01	503	7.544113e-01	7.000000e-01	
5.128099e+01	504	6.689225e+01	1.808904e+02	5.128099e+01	504	7.300366e-01	7.000000e-01	
5.138274e+01	505	5.717951e+01	1.804165e+02	5.138274e+01	505	7.593415e-01	7.000000e-01	
5.148449e+01	506	6.837236e+01	2.187768e+02	5.148449e+01	506	7.618925e-01	7.000000e-01	
5.158624e+01	507	6.139021e+01	1.988776e+02	5.158624e+01	507	7.641268e-01	7.000000e-01	
5.168798e+01	508	6.486536e+01	1.922518e+02	5.168798e+01	508	7.477206e-01	7.000000e-01	
5.178973e+01	509	7.302720e+01	1.847289e+02	5.178973e+01	509	7.166810e-01	7.000000e-01	
5.189148e+01	510	9.526992e+01	2.011417e+02	5.189148e+01	510	6.785891e-01	7.000000e-01	
5.199323e+01	511	1.215016e+02	2.019776e+02	5.199323e+01	511	6.243913e-01	7.000000e-01	
5.209498e+01	512	8.557909e+01	1.994649e+02	5.209498e+01	512	6.997688e-01	7.000000e-01	
5.219672e+01	513	8.430636e+01	2.131462e+02	5.219672e+01	513	7.165721e-01	7.000000e-01	
5.229847e+01	514	6.281842e+01	1.980637e+02	5.229847e+01	514	7.592076e-01	7.000000e-01	
5.240022e+01	515	8.868225e+01	228	5.240022e+01	515	7.199646e-01	7.000000e-01	
5.250197e+01	516	5.104836e+01	1.955003e+02	5.250197e+01	516	7.929481e-01	7.000000e-01	
5.260372e+01	517	6.713628e+01	1.953807e+02	5.260372e+01	517	7.442593e-01	7.000000e-01	
5.270546e+01	518	6.047526e+01	1.992851e+02	5.270546e+01	518	7.671883e-01	7.000000e-01	
5.280721e+01	519	8.272082e+01	1.928075e+02	5.280721e+01	519	6.997738e-01	7.000000e-01	
5.290896e+01	520	5.996562e+01	2.286215e+02	5.290896e+01	520	7.922096e-01	7.000000e-01	
5.301071e+01	521	3.149878e+01	2.273679e+02	5.301071e+01	521	8.783205e-01	7.000000e-01	
5.311246e+01	522	7.489686e+01	1.896471e+02	5.311246e+01	522	7.168831e-01	7.000000e-01	
5.321420e+01	523	6.447728e+01	1.800271e+02	5.321420e+01	523	7.362940e-01	7.000000e-01	
5.331595e+01	524	8.243070e+01	2.038759e+02	5.331595e+01	524	7.120894e-01	7.000000e-01	
5.341770e+01	525	5.542260e+01	2.121428e+02	5.341770e+01	525	7.928634e-01	7.000000e-01	
5.351945e+01	526	5.195212e+01	1.896390e+02	5.351945e+01	526	7.849585e-01	7.000000e-01	
5.362120e+01	527	5.036438e+01	1.993360e+02	5.362120e+01	527	7.983007e-01	7.000000e-01	
5.372294e+01	528	5.696077e+01	1.966922e+02	5.372294e+01	528	7.754382e-01	7.000000e-01	
5.382469e+01	529	7.029578e+01	1.749801e+02	5.382469e+01	529	7.134012e-01	7.000000e-01	
5.392644e+01	530	6.623117e+01	2.040754e+02	5.392644e+01	530	7.549776e-01	7.000000e-01	
5.402819e+01	531	4.821966e+01	2.032393e+02	5.402819e+01	531	8.082404e-01	7.000000e-01	
5.412994e+01	532	5.428976e+01	1.891569e+02	5.412994e+01	532	7.769953e-01	7.000000e-01	
5.423168e+01	533	5.190111e+01	1.943009e+02	5.423168e+01	533	7.891930e-01	7.000000e-01	
5.433343e+01	534	7.759660e+01	2.094893e+02	5.433343e+01	534	7.297095e-01	7.000000e-01	
5.443518e+01	535	7.665332e+01	2.125864e+02	5.443518e+01	535	7.349834e-01	7.000000e-01	
5.453693e+01	536	5.215318e+01	1.989621e+02	5.453693e+01	536	7.923138e-01	7.000000e-01	
5.463868e+01	537	7.318011e+01	2.223832e+02	5.463868e+01	537	7.524046e-01	7.000000e-01	
5.474042e+01	538	7.190879e+01	2.321645e+02	5.474042e+01	538	7.635149e-01	7.000000e-01	
5.484217e+01	539	7.573562e+01	2.112639e+02	5.484217e+01	539	7.361124e-01	7.000000e-01	
5.494392e+01	540	9.056919e+01	2.457154e+02	5.494392e+01	540	7.306770e-01	7.000000e-01	
5.504567e+01	541	8.215576e+01	2.178369e+02	5.504567e+01	541	7.261408e-01	7.000000e-01	
5.514742e+01	542	7.993418e+01	1.853998e+02	5.514742e+01	542	6.987413e-01	7.000000e-01	
5.524916e+01	543	7.497158e+01	2.149103e+02	5.524916e+01	543	7.413720e-01	7.000000e-01	
5.535091e+01	544	7.626834e+01	2.112165e+02	5.535091e+01	544	7.347048e-01	7.000000e-01	
5.545266e+01	545	7.972226e+01	1.860056e+02	5.545266e+01	545	6.999853e-01	7.000000e-01	
5.555441e+01	546	9.227802e+01	2.204236e+02	5.555441e+01	546	7.049007e-01	7.000000e-01	
5.565616e+01	547	8.501663e+01	3.088271e+02	5.565616e+01	547	7.841361e-01	7.000000e-01	
5.575790e+01	548	8.647762e+01	2.173736e+02	5.575790e+01	548	7.153949e-01	7.000000e-01	
5.585965e+01	549	9.013304e+01	2.148729e+02	5.585965e+01	549	7.044876e-01	7.000000e-01	
5.596140e+01	550	9.793514e+01	2.557847e+02	5.596140e+01	550	7.231279e-01	7.000000e-01	
5.606315e+01	551	7.295478e+01	2.070360e+02	5.606315e+01	551	7.394386e-01	7.000000e-01	
5.616490e+01	552	9.670412e+01	2.419948e+02	5.616490e+01	552	7.144835e-01	7.000000e-01	
5.626664e+01	553	6.476602e+01	2.239834e+02	5.626664e+01	553	7.757016e-01	7.000000e-01	
5.636839e+01	554	7.558806e+01	2.010045e+02	5.636839e+01	554	7.267169e-01	7.000000e-01	
5.647014e+01	555	7.252099e+01	1.992592e+02	5.647014e+01	555	7.331631e-01	7.000000e-01	
5.657189e+01	556	6.928153e+01	2.129325e+02	5.657189e+01	556	7.545071e-01	7.000000e-01	
5.667364e+01	557	7.048971e+01	2.092378e+02	5.667364e+01	557	7.480058e-01	7.000000e-01	
5.677538e+01	558	8.119304e+01	2.109901e+02	5.677538e+01	558	7.221159e-01	7.000000e-01	
5.687713e+01	559	7.081735e+01	2.129390e+02	5.687713e+01	559	7.504290e-01	7.000000e-01	
5.697888e+01	560	7.351410e+01	2.042992e+02	5.697888e+01	560	7.353831e-01	7.000000e-01	
5.708063e+01	561	8.170896e+01	2.096939e+02	5.708063e+01	561	7.196014e-01	7.000000e-01	
5.718238e+01	562	6.626838e+01	2.052833e+02	5.718238e+01	562	7.559640e-01	7.000000e-01	
5.728412e+01	563	6.487213e+01	2.088180e+02	5.728412e+01	563	7.629723e-01	7.000000e-01	
5.738587e+01	564	7.364153e+01	2.064232e+02	5.738587e+01	564	7.370553e-01	7.000000e-01	
5.748762e+01	565	7.117127e+01	2.016106e+02	5.748762e+01	565	7.390909e-01	7.000000e-01	
5.758937e+01	566	6.198221e+01	2.009248e+02	5.758937e+01	566	7.642428e-01	7.000000e-01	
5.769112e+01	567	8.470384e+01	2.299271e+02	5.769112e+01	567	7.307835e-01	7.000000e-01	
5.779286e+01	568	6.514509e+01	2.055677e+02	5.779286e+01	568	7.593572e-01	7.000000e-01	
5.789461e+01	569	6.415071e+01	1.914920e+02	5.789461e+01	569	7.490611e-01	7.000000e-01	
5.799636e+01	570	6.887884e+01	2.099117e+02	5.799636e+01	570	7.529370e-01	7.000000e-01	
5.809811e+01	571	6.578911e+01	1.883205e+02	5.809811e+01	571	7.410995e-01	7.000000e-01	
5.819986e+01	572	4.094113e+01	2.030717e+02	5.819986e+01	572	8.322173e-01	7.000000e-01	
5.830160e+01	573	6.729231e+01	2.082866e+02	5.830160e+01	573	7.558147e-01	7.000000e-01	
5.840335e+01	574	7.100755e+01	1.955387e+02	5.840335e+01	574	7.336014e-01	7.000000e-01	
5.850510e+01	575	8.095425e+01	1.628074e+02	5.850510e+01	575	6.678959e-01	7.000000e-01	
5.860685e+01	576	5.947472e+01	1.957466e+02	5.860685e+01	576	7.669681e-01	7.000000e-01	
5.870860e+01	577	8.870694e+01	2.299843e+02	5.870860e+01	577	7.216524e-01	7.000000e-01	
5.881034e+01	578	6.612543e+01	1.967393e+02	5.881034e+01	578	7.484431e-01	7.000000e-01	
5.891209e+01	579	9.122329e+01	2.222887e+02	5.891209e+01	579	7.090277e-01	7.000000e-01	
5.901384e+01	580	9.567216e+01	2.313359e+02	5.901384e+01	580	7.074318e-01	7.000000e-01	
5.911559e+01	581	1.020309e+02	2.173753e+02	5.911559e+01	581	6.805607e-01	7.000000e-01	
5.921734e+01	582	8.488846e+01	2.689955e+02	5.921734e+01	582	7.601235e-01	7.000000e-01	
5.931908e+01	583	8.572582e+01	1.906590e+02	5.931908e+01	583	6.898317e-01	7.000000e-01	
5.942083e+01	584	9.323107e+01	2.062542e+02	5.942083e+01	584	6.886956e-01	7.000000e-01	
5.952258e+01	585	9.742413e+01	2.279104e+02	5.952258e+01	585	7.005417e-01	7.000000e-01	
5.962433e+01	586	8.810425e+01	2.253326e+02	5.962433e+01	586	7.189091e-01	7.000000e-01	
5.972608e+01	587	9.240437e+01	2.476087e+02	5.972608e+01	587	7.282329e-01	7.000000e-01	
5.982782e+01	588	9.365924e+01	2.244006e+02	5.982782e+01	588	7.055295e-01	7.000000e-01	
5.992957e+01	589	1.043663e+02	2.720450e+02	5.992957e+01	589	7.227334e-01	7.000000e-01	
6.003132e+01	590	8.321543e+01	2.104646e+02	6.003132e+01	590	7.166459e-01	7.000000e-01	
6.013307e+01	591	1.012844e+02	2.311749e+02	6.013307e+01	591	6.953480e-01	7.000000e-01	
6.023482e+01	592	7.244485e+01	2.469703e+02	6.023482e+01	592	7.731953e-01	7.000000e-01	
6.033656e+01	593	8.890526e+01	2.293012e+02	6.033656e+01	593	7.206051e-01	7.000000e-01	
6.043831e+01	594	9.521213e+01	2.536844e+02	6.043831e+01	594	7.271050e-01	7.000000e-01	
6.054006e+01	595	1.257204e+02	2.255294e+02	6.054006e+01	595	6.420769e-01	7.000000e-01	
6.064181e+01	596	8.837620e+01	2.410310e+02	6.064181e+01	596	7.317114e-01	7.000000e-01	
6.074356e+01	597	9.024743e+01	2.391260e+02	6.074356e+01	597	7.260027e-01	7.000000e-01	
6.084530e+01	598	1.250621e+02	2.256329e+02	6.084530e+01	598	6.433878e-01	7.000000e-01	
6.094705e+01	599	7.334055e+01	2.252864e+02	6.094705e+01	599	7.544075e-01	7.000000e-01	
6.104880e+01	600	9.430572e+01	2.369131e+02	6.104880e+01	600	7.152767e-01	7.000000e-01	
6.115055e+01	601	7.569837e+01	2.267807e+02	6.115055e+01	601	7.497401e-01	7.000000e-01	
6.125230e+01	602	8.592610e+01	2.310072e+02	6.125230e+01	602	7.288827e-01	7.000000e-01	
6.135404e+01	603	8.221392e+01	2.387435e+02	6.135404e+01	603	7.438479e-01	7.000000e-01	
6.145579e+01	604	6.539773e+01	2.415919e+02	6.145579e+01	604	7.869709e-01	7.000000e-01	
6.155754e+01	605	8.115982e+01	2.248066e+02	6.155754e+01	605	7.347427e-01	7.000000e-01	
6.165929e+01	606	7.083076e+01	2.253486e+02	6.165929e+01	606	7.608518e-01	7.000000e-01	
6.176104e+01	607	8.247509e+01	2.783900e+02	6.176104e+01	607	7.714517e-01	7.000000e-01	
6.186278e+01	608	8.329895e+01	2.816336e+02	6.186278e+01	608	7.717415e-01	7.000000e-01	
6.196453e+01	609	7.189392e+01	2.455660e+02	6.196453e+01	609	7.735339e-01	7.000000e-01	
6.206628e+01	610	7.872038e+01	2.288264e+02	6.206628e+01	610	7.440377e-01	7.000000e-01	
6.216803e+01	611	8.270837e+01	2.571431e+02	6.216803e+01	611	7.566338e-01	7.000000e-01	
6.226978e+01	612	6.360010e+01	2.593472e+02	6.226978e+01	612	8.030635e-01	7.000000e-01	
6.237152e+01	613	7.964506e+01	2.779322e+02	6.237152e+01	613	7.772648e-01	7.000000e-01	
6.247327e+01	614	8.893317e+01	2.536652e+02	6.247327e+01	614	7.404157e-01	7.000000e-01	
6.257502e+01	615	6.723678e+01	2.959499e+02	6.257502e+01	615	8.148699e-01	7.000000e-01	
6.267677e+01	616	7.983544e+01	2.826878e+02	6.267677e+01	616	7.797784e-01	7.000000e-01	
6.277852e+01	617	8.960024e+01	2.311249e+02	6.277852e+01	617	7.206323e-01	7.000000e-01	
6.288026e+01	618	9.345579e+01	2.283140e+02	6.288026e+01	618	7.095570e-01	7.000000e-01	
6.298201e+01	619	9.539006e+01	2.411784e+02	6.298201e+01	619	7.165805e-01	7.000000e-01	
6.308376e+01	620	9.005928e+01	2.210644e+02	6.308376e+01	620	7.105354e-01	7.000000e-01	
6.318551e+01	621	8.471763e+01	2.115468e+02	6.318551e+01	621	7.140472e-01	7.000000e-01	
6.328726e+01	622	8.699375e+01	2.037432e+02	6.328726e+01	622	7.007819e-01	7.000000e-01	
6.338900e+01	623	9.260859e+01	2.313929e+02	6.338900e+01	623	7.141723e-01	7.000000e-01	
6.349075e+01	624	4.740863e+01	2.096067e+02	6.349075e+01	624	8.155416e-01	7.000000e-01	
6.359250e+01	625	7.994264e+01	2.112115e+02	6.359250e+01	625	7.254285e-01	7.000000e-01	
6.369425e+01	626	9.289214e+01	2.199013e+02	6.369425e+01	626	7.030240e-01	7.000000e-01	
6.379600e+01	627	9.697661e+01	2.204374e+02	6.379600e+01	627	6.944791e-01	7.000000e-01	
6.389774e+01	628	5.218656e+01	1.982593e+02	6.389774e+01	628	7.916254e-01	7.000000e-01	
6.399949e+01	629	9.063822e+01	2.178232e+02	6.399949e+01	629	7.061603e-01	7.000000e-01	
6.410124e+01	630	9.067380e+01	2.217398e+02	6.410124e+01	630	7.097636e-01	7.000000e-01	
6.420299e+01	631	8.522861e+01	2.285595e+02	6.420299e+01	631	7.283880e-01	7.000000e-01	
6.430474e+01	632	7.700564e+01	2.423552e+02	6.430474e+01	632	7.588758e-01	7.000000e-01	
6.440648e+01	633	8.176008e+01	2.056213e+02	6.440648e+01	633	7.154997e-01	7.000000e-01	
6.450823e+01	634	8.819980e+01	2.405333e+02	6.450823e+01	634	7.316978e-01	7.000000e-01	
6.460998e+01	635	8.448726e+01	2.201369e+02	6.460998e+01	635	7.226508e-01	7.000000e-01	
6.471173e+01	636	7.218757e+01	2.695621e+02	6.471173e+01	636	7.887706e-01	7.000000e-01	
6.481348e+01	637	8.699172e+01	2.591177e+02	6.481348e+01	637	7.486583e-01	7.000000e-01	
6.491522e+01	638	8.217415e+01	2.262549e+02	6.491522e+01	638	7.335720e-01	7.000000e-01	
6.501697e+01	639	1.066188e+02	2.596392e+02	6.501697e+01	639	7.088970e-01	7.000000e-01	
6.511872e+01	640	8.895855e+01	2.482092e+02	6.511872e+01	640	7.361594e-01	7.000000e-01	
6.522047e+01	641	7.714765e+01	2.647368e+02	6.522047e+01	641	7.743458e-01	7.000000e-01	
6.532222e+01	642	8.576001e+01	2.548510e+02	6.532222e+01	642	7.482172e-01	7.000000e-01	
6.542396e+01	643	9.389848e+01	2.532309e+02	6.542396e+01	643	7.295000e-01	7.000000e-01	
6.552571e+01	644	1.241506e+02	2.636727e+02	6.552571e+01	644	6.798784e-01	7.000000e-01	
6.562746e+01	645	8.140800e+01	2.609835e+02	6.562746e+01	645	7.622371e-01	7.000000e-01	
6.572921e+01	646	7.494588e+01	2.470291e+02	6.572921e+01	646	7.672307e-01	7.000000e-01	
6.583096e+01	647	7.542197e+01	2.469675e+02	6.583096e+01	647	7.660532e-01	7.000000e-01	
6.593270e+01	648	7.552338e+01	2.598490e+02	6.593270e+01	648	7.748074e-01	7.000000e-01	
6.603445e+01	649	8.423582e+01	2.387667e+02	6.603445e+01	649	7.392100e-01	7.000000e-01	
6.613620e+01	650	7.372239e+01	2.294638e+02	6.613620e+01	650	7.568412e-01	7.000000e-01	
6.623795e+01	651	8.012526e+01	2.276247e+02	6.623795e+01	651	7.396417e-01	7.000000e-01	
6.633970e+01	652	8.536590e+01	2.341967e+02	6.633970e+01	652	7.328664e-01	7.000000e-01	
6.644144e+01	653	7.806686e+01	2.553778e+02	6.644144e+01	653	7.658776e-01	7.000000e-01	
6.654319e+01	654	8.582888e+01	2.391650e+02	6.654319e+01	654	7.359062e-01	7.000000e-01	
6.664494e+01	655	7.191597e+01	2.415347e+02	6.664494e+01	655	7.705669e-01	7.000000e-01	
6.674669e+01	656	7.347944e+01	2.369717e+02	6.674669e+01	656	7.633140e-01	7.000000e-01	
6.684844e+01	657	8.955762e+01	2.440552e+02	6.684844e+01	657	7.315522e-01	7.000000e-01	
6.695018e+01	658	8.460637e+01	2.235334e+02	6.695018e+01	658	7.254286e-01	7.000000e-01	
6.705193e+01	659	9.144098e+01	2.357600e+02	6.705193e+01	659	7.205357e-01	7.000000e-01	
6.715368e+01	660	6.227192e+01	2.024959e+02	6.715368e+01	660	7.648056e-01	7.000000e-01	
6.725543e+01	661	8.858416e+01	2.242045e+02	6.725543e+01	661	7.167923e-01	7.000000e-01	
6.735718e+01	662	9.655506e+01	2.259158e+02	6.735718e+01	662	7.005774e-01	7.000000e-01	
6.745892e+01	663	6.204830e+01	2.023671e+02	6.745892e+01	663	7.653378e-01	7.000000e-01	
6.756067e+01	664	8.862399e+01	2.346886e+02	6.756067e+01	664	7.258876e-01	7.000000e-01	
6.766242e+01	665	1.083928e+02	1.980630e+02	6.766242e+01	665	6.463020e-01	7.000000e-01	
6.776417e+01	666	1.026167e+02	2.105983e+02	6.776417e+01	666	6.723762e-01	7.000000e-01	
6.786592e+01	667	9.972399e+01	2.190031e+02	6.786592e+01	667	6.871179e-01	7.000000e-01	
6.796766e+01	668	9.814468e+01	2.119245e+02	6.796766e+01	668	6.834749e-01	7.000000e-01	
6.806941e+01	669	8.624669e+01	1.945448e+02	6.806941e+01	669	6.928444e-01	7.000000e-01	
6.817116e+01	670	1.043471e+02	2.163614e+02	6.817116e+01	670	6.746357e-01	7.000000e-01	
6.827291e+01	671	9.577318e+01	2.216562e+02	6.827291e+01	671	6.982851e-01	7.000000e-01	
6.837466e+01	672	1.163020e+02	2.234560e+02	6.837466e+01	672	6.576917e-01	7.000000e-01	
6.847640e+01	673	9.669159e+01	2.147550e+02	6.847640e+01	673	6.895404e-01	7.000000e-01	
6.857815e+01	674	9.299180e+01	2.372191e+02	6.857815e+01	674	7.183866e-01	7.000000e-01	
6.867990e+01	675	9.933770e+01	2.199332e+02	6.867990e+01	675	6.888608e-01	7.000000e-01	
6.878165e+01	676	1.186984e+02	2.223253e+02	6.878165e+01	676	6.519350e-01	7.000000e-01	
6.888340e+01	677	1.167778e+02	2.213089e+02	6.888340e+01	677	6.545922e-01	7.000000e-01	
6.898514e+01	678	7.840442e+01	2.509374e+02	6.898514e+01	678	7.619360e-01	7.000000e-01	
6.908689e+01	679	9.048685e+01	2.287323e+02	6.908689e+01	679	7.165369e-01	7.000000e-01	
6.918864e+01	680	8.372375e+01	2.284562e+02	6.918864e+01	680	7.318093e-01	7.000000e-01	
6.929039e+01	681	9.894441e+01	2.404469e+02	6.929039e+01	681	7.084651e-01	7.000000e-01	
6.939214e+01	682	7.433644e+01	2.471152e+02	6.939214e+01	682	7.687477e-01	7.000000e-01	
6.949388e+01	683	7.534980e+01	2.413857e+02	6.949388e+01	683	7.621050e-01	7.000000e-01	
6.959563e+01	684	7.876068e+01	2.188480e+02	6.959563e+01	684	7.353549e-01	7.000000e-01	
6.969738e+01	685	8.353325e+01	2.371465e+02	6.969738e+01	685	7.395119e-01	7.000000e-01	
6.979913e+01	686	8.116501e+01	2.274190e+02	6.979913e+01	686	7.369760e-01	7.000000e-01	
6.990088e+01	687	6.222563e+01	2.608828e+02	6.990088e+01	687	8.074156e-01	7.000000e-01	
7.000262e+01	688	7.873051e+01	2.312197e+02	7.000262e+01	688	7.459898e-01	7.000000e-01	
7.010437e+01	689	1.007672e+02	2.142122e+02	7.010437e+01	689	6.800832e-01	7.000000e-01	
7.020612e+01	690	7.868010e+01	2.019342e+02	7.020612e+01	690	7.196148e-01	7.000000e-01	
7.030787e+01	691	6.460901e+01	2.359651e+02	7.030787e+01	691	7.850480e-01	7.000000e-01	
7.040962e+01	692	7.527653e+01	2.247435e+02	7.040962e+01	692	7.490950e-01	7.000000e-01	
7.051136e+01	693	7.784382e+01	2.571311e+02	7.051136e+01	693	7.676130e-01	7.000000e-01	
7.061311e+01	694	7.648383e+01	2.442301e+02	7.061311e+01	694	7.615201e-01	7.000000e-01	
7.071486e+01	695	8.146890e+01	2.152056e+02	7.071486e+01	695	7.253930e-01	7.000000e-01	
7.081661e+01	696	7.958127e+01	2.137859e+02	7.081661e+01	696	7.287315e-01	7.000000e-01	
7.091836e+01	697	7.929208e+01	3.117612e+02	7.091836e+01	697	7.972346e-01	7.000000e-01	
7.102010e+01	698	7.158810e+01	3.154652e+02	7.102010e+01	698	8.150433e-01	7.000000e-01	
7.112185e+01	699	7.221060e+01	2.658557e+02	7.112185e+01	699	7.864011e-01	7.000000e-01	
7.122360e+01	700	7.921321e+01	3.108101e+02	7.122360e+01	700	7.969013e-01	7.000000e-01	
7.132535e+01	701	7.467641e+01	2.386205e+02	7.132535e+01	701	7.616433e-01	7.000000e-01	
7.142710e+01	702	7.364107e+01	2.416696e+02	7.142710e+01	702	7.664492e-01	7.000000e-01	
7.152884e+01	703	7.497873e+01	2.567280e+02	7.152884e+01	703	7.739608e-01	7.000000e-01	
7.163059e+01	704	7.420367e+01	2.807591e+02	7.163059e+01	704	7.909537e-01	7.000000e-01	
7.173234e+01	705	7.700289e+01	2.353658e+02	7.173234e+01	705	7.534872e-01	7.000000e-01	
7.183409e+01	706	7.131775e+01	2.256145e+02	7.183409e+01	706	7.598181e-01	7.000000e-01	
7.193584e+01	707	7.778203e+01	2.511875e+02	7.193584e+01	707	7.635586e-01	7.000000e-01	
7.203758e+01	708	7.684894e+01	2.282211e+02	7.203758e+01	708	7.480941e-01	7.000000e-01	
7.213933e+01	709	7.440419e+01	2.347533e+02	7.213933e+01	709	7.593324e-01	7.000000e-01	
7.224108e+01	710	7.449830e+01	2.356450e+02	7.224108e+01	710	7.597939e-01	7.000000e-01	
7.234283e+01	711	7.792987e+01	2.246866e+02	7.234283e+01	711	7.424797e-01	7.000000e-01	
7.244458e+01	712	7.686262e+01	2.332203e+02	7.244458e+01	712	7.521224e-01	7.000000e-01	
7.254632e+01	713	7.475678e+01	2.313928e+02	7.254632e+01	713	7.558162e-01	7.000000e-01	
7.264807e+01	714	7.879532e+01	2.340238e+02	7.264807e+01	714	7.481122e-01	7.000000e-01	
7.274982e+01	715	6.993148e+01	2.375919e+02	7.274982e+01	715	7.725978e-01	7.000000e-01	
7.285157e+01	716	7.809640e+01	2.318092e+02	7.285157e+01	716	7.479994e-01	7.000000e-01	
7.295332e+01	717	7.593711e+01	2.239720e+02	7.295332e+01	717	7.467996e-01	7.000000e-01	
7.305506e+01	718	9.180618e+01	2.129953e+02	7.305506e+01	718	6.988001e-01	7.000000e-01	
7.315681e+01	719	8.926525e+01	2.148456e+02	7.315681e+01	719	7.064713e-01	7.000000e-01	
7.325856e+01	720	8.612081e+01	2.205283e+02	7.325856e+01	720	7.191552e-01	7.000000e-01	
7.336031e+01	721	7.276269e+01	2.293671e+02	7.336031e+01	721	7.591674e-01	7.000000e-01	
7.346206e+01	722	7.833672e+01	2.320177e+02	7.346206e+01	722	7.475895e-01	7.000000e-01	
7.356380e+01	723	8.406475e+01	2.380011e+02	7.356380e+01	723	7.389827e-01	7.000000e-01	
7.366555e+01	724	7.000297e+01	2.259050e+02	7.366555e+01	724	7.634299e-01	7.000000e-01	
7.376730e+01	725	7.953506e+01	2.247742e+02	7.376730e+01	725	7.386374e-01	7.000000e-01	
7.386905e+01	726	7.452275e+01	2.168216e+02	7.386905e+01	726	7.442108e-01	7.000000e-01	
7.397080e+01	727	8.753095e+01	1.933857e+02	7.397080e+01	727	6.884095e-01	7.000000e-01	
7.407254e+01	728	7.893100e+01	1.921305e+02	7.407254e+01	728	7.088078e-01	7.000000e-01	
7.417429e+01	729	7.631009e+01	2.184174e+02	7.417429e+01	729	7.410826e-01	7.000000e-01	
7.427604e+01	730	8.630322e+01	2.112848e+02	7.427604e+01	730	7.099909e-01	7.000000e-01	
7.437779e+01	731	7.410552e+01	2.294110e+02	7.437779e+01	731	7.558435e-01	7.000000e-01	
7.447954e+01	732	6.930603e+01	2.187565e+02	7.447954e+01	732	7.594063e-01	7.000000e-01	
7.458128e+01	733	7.951286e+01	2.239033e+02	7.458128e+01	733	7.379412e-01	7.000000e-01	
7.468303e+01	734	8.405022e+01	2.098247e+02	7.468303e+01	734	7.139932e-01	7.000000e-01	
7.478478e+01	735	7.211035e+01	1.685455e+02	7.478478e+01	735	7.003590e-01	7.000000e-01	
7.488653e+01	736	7.335799e+01	2.259896e+02	7.488653e+01	736	7.549404e-01	7.000000e-01	
7.498828e+01	737	7.425394e+01	2.165399e+02	7.498828e+01	737	7.446509e-01	7.000000e-01	
7.509002e+01	738	7.737700e+01	2.017269e+02	7.509002e+01	738	7.227663e-01	7.000000e-01	
7.519177e+01	739	8.186707e+01	2.056672e+02	7.519177e+01	739	7.152789e-01	7.000000e-01	
7.529352e+01	740	7.641632e+01	2.109121e+02	7.529352e+01	740	7.340454e-01	7.000000e-01	
7.539527e+01	741	7.307152e+01	2.022657e+02	7.539527e+01	741	7.346108e-01	7.000000e-01	
7.549702e+01	742	7.417291e+01	2.178925e+02	7.549702e+01	742	7.460401e-01	7.000000e-01	
7.559876e+01	743	7.221751e+01	2.072384e+02	7.559876e+01	743	7.415782e-01	7.000000e-01	
7.570051e+01	744	6.962483e+01	1.837934e+02	7.570051e+01	744	7.252572e-01	7.000000e-01	
7.580226e+01	745	7.324240e+01	2.232072e+02	7.580226e+01	745	7.529347e-01	7.000000e-01	
7.590401e+01	746	8.062207e+01	2.237919e+02	7.590401e+01	746	7.351565e-01	7.000000e-01	
7.600576e+01	747	7.576062e+01	2.184463e+02	7.600576e+01	747	7.424921e-01	7.000000e-01	
7.610750e+01	748	7.198038e+01	2.144390e+02	7.610750e+01	748	7.486889e-01	7.000000e-01	
7.620925e+01	749	7.230427e+01	1.892682e+02	7.620925e+01	749	7.235784e-01	7.000000e-01	
7.631100e+01	750	7.607543e+01	2.209751e+02	7.631100e+01	750	7.438973e-01	7.000000e-01	
7.641275e+01	751	7.930792e+01	2.282447e+02	7.641275e+01	751	7.421322e-01	7.000000e-01	
7.651450e+01	752	8.111061e+01	2.018105e+02	7.651450e+01	752	7.133102e-01	7.000000e-01	
7.661624e+01	753	7.599575e+01	2.189408e+02	7.661624e+01	753	7.423319e-01	7.000000e-01	
7.671799e+01	754	6.797832e+01	2.117857e+02	7.671799e+01	754	7.570155e-01	7.000000e-01	
7.681974e+01	755	8.148735e+01	2.260488e+02	7.681974e+01	755	7.350316e-01	7.000000e-01	
7.692149e+01	756	8.573258e+01	2.211585e+02	7.692149e+01	756	7.206417e-01	7.000000e-01	
7.702324e+01	757	7.497677e+01	2.210847e+02	7.702324e+01	757	7.467527e-01	7.000000e-01	
7.712498e+01	758	8.376579e+01	2.142749e+02	7.712498e+01	758	7.189451e-01	7.000000e-01	
7.722673e+01	759	7.215914e+01	1.954279e+02	7.722673e+01	759	7.303340e-01	7.000000e-01	
7.732848e+01	760	1.014756e+02	2.029286e+02	7.732848e+01	760	6.666419e-01	7.000000e-01	
7.743023e+01	761	8.801468e+01	1.851114e+02	7.743023e+01	761	6.777507e-01	7.000000e-01	
7.753198e+01	762	8.206784e+01	2.207697e+02	7.753198e+01	762	7.290037e-01	7.000000e-01	
7.763372e+01	763	1.119343e+02	2.183954e+02	7.763372e+01	763	6.611437e-01	7.000000e-01	
7.773547e+01	764	8.891952e+01	2.124225e+02	7.773547e+01	764	7.049216e-01	7.000000e-01	
7.783722e+01	765	1.088090e+02	2.350495e+02	7.783722e+01	765	6.835646e-01	7.000000e-01	
7.793897e+01	766	9.423565e+01	2.114331e+02	7.793897e+01	766	6.917066e-01	7.000000e-01	
7.804072e+01	767	9.001574e+01	1.859091e+02	7.804072e+01	767	6.737672e-01	7.000000e-01	
7.814246e+01	768	9.061549e+01	2.295175e+02	7.814246e+01	768	7.169442e-01	7.000000e-01	
7.824421e+01	769	1.132354e+02	2.130056e+02	7.824421e+01	769	6.529087e-01	7.000000e-01	
7.834596e+01	770	1.262675e+02	2.285213e+02	7.834596e+01	770	6.441052e-01	7.000000e-01	
7.844771e+01	771	9.624610e+01	2.209743e+02	7.844771e+01	771	6.965955e-01	7.000000e-01	
7.854946e+01	772	1.023704e+02	2.200834e+02	7.854946e+01	772	6.825269e-01	7.000000e-01	
7.865120e+01	773	9.414346e+01	2.393635e+02	7.865120e+01	773	7.177167e-01	7.000000e-01	
7.875295e+01	774	9.793408e+01	2.303285e+02	7.875295e+01	774	7.016593e-01	7.000000e-01	
7.885470e+01	775	8.810379e+01	2.364870e+02	7.885470e+01	775	7.285697e-01	7.000000e-01	
7.895645e+01	776	8.839401e+01	2.305868e+02	7.895645e+01	776	7.228861e-01	7.000000e-01	
7.905820e+01	777	8.181416e+01	2.133874e+02	7.905820e+01	777	7.228532e-01	7.000000e-01	
7.915994e+01	778	9.474773e+01	2.175663e+02	7.915994e+01	778	6.966267e-01	7.000000e-01	
7.926169e+01	779	9.815321e+01	2.340151e+02	7.926169e+01	779	7.045076e-01	7.000000e-01	
7.936344e+01	780	8.864427e+01	2.327696e+02	7.936344e+01	780	7.242052e-01	7.000000e-01	
7.946519e+01	781	8.519512e+01	2.486335e+02	7.946519e+01	781	7.447938e-01	7.000000e-01	
7.956694e+01	782	7.967567e+01	2.507252e+02	7.956694e+01	782	7.588515e-01	7.000000e-01	
7.966868e+01	783	7.846055e+01	2.311807e+02	7.966868e+01	783	7.466082e-01	7.000000e-01	
7.977043e+01	784	9.429732e+01	2.100468e+02	7.977043e+01	784	6.901622e-01	7.000000e-01	
7.987218e+01	785	8.372911e+01	2.369963e+02	7.987218e+01	785	7.389383e-01	7.000000e-01	
7.997393e+01	786	8.864399e+01	2.051182e+02	7.997393e+01	786	6.982457e-01	7.000000e-01	
8.007568e+01	787	7.689575e+01	2.188521e+02	8.007568e+01	787	7.399956e-01	7.000000e-01	
8.017742e+01	788	8.756677e+01	2.453799e+02	8.017742e+01	788	7.369946e-01	7.000000e-01	
8.027917e+01	789	7.556093e+01	2.206546e+02	8.027917e+01	789	7.449123e-01	7.000000e-01	
8.038092e+01	790	8.380435e+01	2.268626e+02	8.038092e+01	790	7.302438e-01	7.000000e-01	
8.048267e+01	791	8.741278e+01	2.200551e+02	8.048267e+01	791	7.157011e-01	7.000000e-01	
8.058442e+01	792	7.718042e+01	2.265051e+02	8.058442e+01	792	7.458541e-01	7.000000e-01	
8.068616e+01	793	8.508110e+01	2.186014e+02	8.068616e+01	793	7.198354e-01	7.000000e-01	
8.078791e+01	794	8.456229e+01	2.108524e+02	8.078791e+01	794	7.137506e-01	7.000000e-01	
8.088966e+01	795	7.865866e+01	2.133727e+02	8.088966e+01	795	7.306500e-01	7.000000e-01	
8.099141e+01	796	8.471680e+01	2.156168e+02	8.099141e+01	796	7.179243e-01	7.000000e-01	
8.109316e+01	797	8.891947e+01	2.273672e+02	8.109316e+01	797	7.188643e-01	7.000000e-01	
8.119490e+01	798	8.886371e+01	2.160685e+02	8.119490e+01	798	7.085788e-01	7.000000e-01	
8.129665e+01	799	8.486549e+01	2.210228e+02	8.129665e+01	799	7.225605e-01	7.000000e-01	
8.139840e+01	800	9.013507e+01	2.129106e+02	8.139840e+01	800	7.025694e-01	7.000000e-01	
8.150015e+01	801	8.688707e+01	2.099718e+02	8.150015e+01	801	7.073119e-01	7.000000e-01	
8.160190e+01	802	8.740366e+01	2.213625e+02	8.160190e+01	802	7.169260e-01	7.000000e-01	
8.170364e+01	803	6.173059e+01	2.186145e+02	8.170364e+01	803	7.798050e-01	7.000000e-01	
8.180539e+01	804	9.455771e+01	2.167121e+02	8.180539e+01	804	6.962195e-01	7.000000e-01	
8.190714e+01	805	1.010602e+02	2.277139e+02	8.190714e+01	805	6.926151e-01	7.000000e-01	
8.200889e+01	806	1.178103e+02	2.612392e+02	8.200889e+01	806	6.891955e-01	7.000000e-01	
8.211064e+01	807	7.760399e+01	2.158557e+02	8.211064e+01	807	7.355549e-01	7.000000e-01	
8.221238e+01	808	1.095392e+02	2.277993e+02	8.221238e+01	808	6.752840e-01	7.000000e-01	
8.231413e+01	809	7.809032e+01	2.211549e+02	8.231413e+01	809	7.390424e-01	7.000000e-01	
8.241588e+01	810	7.978544e+01	2.178355e+02	8.241588e+01	810	7.319226e-01	7.000000e-01	
8.251763e+01	811	1.127026e+02	2.008389e+02	8.251763e+01	811	6.405497e-01	7.000000e-01	
8.261938e+01	812	8.669868e+01	2.250904e+02	8.261938e+01	812	7.219316e-01	7.000000e-01	
8.272112e+01	813	9.047359e+01	2.138897e+02	8.272112e+01	813	7.027447e-01	7.000000e-01	
8.282287e+01	814	7.850116e+01	2.054847e+02	8.282287e+01	814	7.235737e-01	7.000000e-01	
8.292462e+01	815	7.346904e+01	2.014140e+02	8.292462e+01	815	7.327262e-01	7.000000e-01	
8.302637e+01	816	7.446194e+01	2.103191e+02	8.302637e+01	816	7.385292e-01	7.000000e-01	
8.312812e+01	817	8.582109e+01	2.214992e+02	8.312812e+01	817	7.207438e-01	7.000000e-01	
8.322986e+01	818	7.132353e+01	1.806473e+02	8.322986e+01	818	7.169374e-01	7.000000e-01	
8.333161e+01	819	7.696352e+01	1.898458e+02	8.333161e+01	819	7.115411e-01	7.000000e-01	
8.343336e+01	820	5.475951e+01	2.036172e+02	8.343336e+01	820	7.880633e-01	7.000000e-01	
8.353511e+01	821	7.453051e+01	1.949021e+02	8.353511e+01	821	7.233798e-01	7.000000e-01	
8.363686e+01	822	7.949189e+01	2.025824e+02	8.363686e+01	822	7.181881e-01	7.000000e-01	
8.373860e+01	823	7.492779e+01	1.950697e+02	8.373860e+01	823	7.224871e-01	7.000000e-01	
8.384035e+01	824	7.563394e+01	1.889665e+02	8.384035e+01	824	7.141579e-01	7.000000e-01	
8.394210e+01	825	8.563275e+01	1.949885e+02	8.394210e+01	825	6.948458e-01	7.000000e-01	
8.404385e+01	826	7.194777e+01	2.008016e+02	8.404385e+01	826	7.362129e-01	7.000000e-01	
8.414560e+01	827	7.647246e+01	2.084959e+02	8.414560e+01	827	7.316458e-01	7.000000e-01	
8.424734e+01	828	7.063176e+01	2.088206e+02	8.424734e+01	828	7.472494e-01	7.000000e-01	
8.434909e+01	829	7.426780e+01	1.973025e+02	8.434909e+01	829	7.265246e-01	7.000000e-01	
8.445084e+01	830	7.647117e+01	2.039809e+02	8.445084e+01	830	7.273289e-01	7.000000e-01	
8.455259e+01	831	7.770814e+01	2.202378e+02	8.455259e+01	831	7.391871e-01	7.000000e-01	
8.465434e+01	832	5.979347e+01	2.694535e+02	8.465434e+01	832	8.183933e-01	7.000000e-01	
8.475608e+01	833	5.787350e+01	2.426116e+02	8.475608e+01	833	8.073998e-01	7.000000e-01	
8.485783e+01	834	7.037711e+01	2.071875e+02	8.485783e+01	834	7.464478e-01	7.000000e-01	
8.495958e+01	835	7.682386e+01	2.184587e+02	8.495958e+01	835	7.398293e-01	7.000000e-01	
8.506133e+01	836	7.091173e+01	1.898014e+02	8.506133e+01	836	7.280086e-01	7.000000e-01	
8.516308e+01	837	7.797243e+01	1.704476e+02	8.516308e+01	837	6.861266e-01	7.000000e-01	
8.526482e+01	838	9.234502e+01	2.307998e+02	8.526482e+01	838	7.142302e-01	7.000000e-01	
8.536657e+01	839	7.667141e+01	2.066659e+02	8.536657e+01	839	7.293988e-01	7.000000e-01	
8.546832e+01	840	8.220712e+01	2.102925e+02	8.546832e+01	840	7.189497e-01	7.000000e-01	
8.557007e+01	841	1.046086e+02	3.089751e+02	8.557007e+01	841	7.470679e-01	7.000000e-01	
8.567182e+01	842	8.789318e+01	2.363841e+02	8.567182e+01	842	7.289567e-01	7.000000e-01	
8.577356e+01	843	8.916573e+01	2.911980e+02	8.577356e+01	843	7.655777e-01	7.000000e-01	
8.587531e+01	844	9.039233e+01	3.004186e+02	8.587531e+01	844	7.687057e-01	7.000000e-01	
8.597706e+01	845	9.856396e+01	2.514584e+02	8.597706e+01	845	7.184067e-01	7.000000e-01	
8.607881e+01	846	8.654667e+01	2.553162e+02	8.607881e+01	846	7.468381e-01	7.000000e-01	
8.618056e+01	847	7.931832e+01	2.547706e+02	8.618056e+01	847	7.625832e-01	7.000000e-01	
8.628230e+01	848	7.745004e+01	2.211407e+02	8.628230e+01	848	7.406147e-01	7.000000e-01	
8.638405e+01	849	8.147740e+01	2.554434e+02	8.638405e+01	849	7.581705e-01	7.000000e-01	
8.648580e+01	850	8.955282e+01	2.862792e+02	8.648580e+01	850	7.617212e-01	7.000000e-01	
8.658755e+01	851	8.767474e+01	2.733613e+02	8.658755e+01	851	7.571579e-01	7.000000e-01	
8.668930e+01	852	8.041483e+01	2.574147e+02	8.668930e+01	852	7.619662e-01	7.000000e-01	
8.679104e+01	853	8.468165e+01	2.133765e+02	8.679104e+01	853	7.158888e-01	7.000000e-01	
8.689279e+01	854	7.390668e+01	2.460924e+02	8.689279e+01	854	7.690410e-01	7.000000e-01	
8.699454e+01	855	8.628277e+01	2.230906e+02	8.699454e+01	855	7.211047e-01	7.000000e-01	
8.709629e+01	856	7.503091e+01	2.177489e+02	8.709629e+01	856	7.437292e-01	7.000000e-01	
8.719804e+01	857	7.551143e+01	2.181286e+02	8.719804e+01	857	7.428435e-01	7.000000e-01	
8.729978e+01	858	7.916726e+01	2.256094e+02	8.729978e+01	858	7.402450e-01	7.000000e-01	
8.740153e+01	859	7.878824e+01	2.134412e+02	8.740153e+01	859	7.303891e-01	7.000000e-01	
8.750328e+01	860	8.806599e+01	2.058715e+02	8.750328e+01	860	7.003921e-01	7.000000e-01	
8.760503e+01	861	8.391739e+01	2.158728e+02	8.760503e+01	861	7.200796e-01	7.000000e-01	
8.770678e+01	862	7.771422e+01	2.305735e+02	8.770678e+01	862	7.479166e-01	7.000000e-01	
8.780852e+01	863	8.356242e+01	2.145734e+02	8.780852e+01	863	7.197169e-01	7.000000e-01	
8.791027e+01	864	6.588408e+01	2.581958e+02	8.791027e+01	864	7.967042e-01	7.000000e-01	
8.801202e+01	865	7.575115e+01	2.318768e+02	8.801202e+01	865	7.537573e-01	7.000000e-01	
8.811377e+01	866	8.261578e+01	2.216416e+02	8.811377e+01	866	7.284675e-01	7.000000e-01	
8.821552e+01	867	6.597165e+01	2.565156e+02	8.821552e+01	867	7.954287e-01	7.000000e-01	
8.831726e+01	868	8.006162e+01	2.249823e+02	8.831726e+01	868	7.375407e-01	7.000000e-01	
8.841901e+01	869	6.965837e+01	2.172455e+02	8.841901e+01	869	7.572066e-01	7.000000e-01	
8.852076e+01	870	8.085065e+01	2.377754e+02	8.852076e+01	870	7.462522e-01	7.000000e-01	
8.862251e+01	871	6.821648e+01	2.179963e+02	8.862251e+01	871	7.616582e-01	7.000000e-01	
8.872426e+01	872	7.501426e+01	1.988101e+02	8.872426e+01	872	7.260497e-01	7.000000e-01	
8.882600e+01	873	7.237144e+01	1.984194e+02	8.882600e+01	873	7.327404e-01	7.000000e-01	
8.892775e+01	874	7.975483e+01	1.982315e+02	8.892775e+01	874	7.130980e-01	7.000000e-01	
8.902950e+01	875	7.258609e+01	1.972158e+02	8.902950e+01	875	7.309652e-01	7.000000e-01	
8.913125e+01	876	7.598534e+01	2.006998e+02	8.913125e+01	876	7.253725e-01	7.000000e-01	
8.923300e+01	877	7.268028e+01	2.138863e+02	8.923300e+01	877	7.463756e-01	7.000000e-01	
8.933474e+01	878	7.357565e+01	2.032160e+02	8.933474e+01	878	7.341840e-01	7.000000e-01	
8.943649e+01	879	8.558949e+01	1.937640e+02	8.943649e+01	879	6.936158e-01	7.000000e-01	
8.953824e+01	880	8.346698e+01	1.815217e+02	8.953824e+01	880	6.850168e-01	7.000000e-01	
8.963999e+01	881	8.334074e+01	1.822403e+02	8.963999e+01	881	6.861947e-01	7.000000e-01	
8.974174e+01	882	9.033237e+01	1.766089e+02	8.974174e+01	882	6.616021e-01	7.000000e-01	
8.984348e+01	883	8.856158e+01	2.005776e+02	8.984348e+01	883	6.937061e-01	7.000000e-01	
8.994523e+01	884	8.426505e+01	1.718820e+02	8.994523e+01	884	6.710286e-01	7.000000e-01	
9.004698e+01	885	8.593112e+01	1.919532e+02	9.004698e+01	885	6.907666e-01	7.000000e-01	
9.014873e+01	886	9.999194e+01	1.878046e+02	9.014873e+01	886	6.525603e-01	7.000000e-01	
9.025048e+01	887	8.706149e+01	1.811621e+02	9.025048e+01	887	6.754145e-01	7.000000e-01	
9.035222e+01	888	8.009922e+01	2.242166e+02	9.035222e+01	888	7.367892e-01	7.000000e-01	
9.045397e+01	889	8.711533e+01	1.997099e+02	9.045397e+01	889	6.962773e-01	7.000000e-01	
9.055572e+01	890	7.519908e+01	2.307484e+02	9.055572e+01	890	7.542092e-01	7.000000e-01	
9.065747e+01	891	7.437010e+01	2.014032e+02	9.065747e+01	891	7.303216e-01	7.000000e-01	
9.075922e+01	892	8.158263e+01	1.908548e+02	9.075922e+01	892	7.005454e-01	7.000000e-01	
9.086096e+01	893	1.012152e+02	1.949244e+02	9.086096e+01	893	6.582179e-01	7.000000e-01	
9.096271e+01	894	9.958781e+01	1.892838e+02	9.096271e+01	894	6.552523e-01	7.000000e-01	
9.106446e+01	895	9.889127e+01	2.102703e+02	9.106446e+01	895	6.801308e-01	7.000000e-01	
9.116621e+01	896	9.117574e+01	2.175635e+02	9.116621e+01	896	7.046837e-01	7.000000e-01	
9.126796e+01	897	9.226864e+01	1.932023e+02	9.126796e+01	897	6.767845e-01	7.000000e-01	
9.136970e+01	898	7.556132e+01	2.132526e+02	9.136970e+01	898	7.383737e-01	7.000000e-01	
9.147145e+01	899	1.013244e+02	1.948762e+02	9.147145e+01	899	6.579197e-01	7.000000e-01	
9.157320e+01	900	8.516893e+01	2.548182e+02	9.157320e+01	900	7.494937e-01	7.000000e-01	
9.167495e+01	901	6.793197e+01	1.826224e+02	9.167495e+01	901	7.288733e-01	7.000000e-01	
9.177670e+01	902	7.432622e+01	2.649626e+02	9.177670e+01	902	7.809353e-01	7.000000e-01	
9.187844e+01	903	7.785613e+01	2.682022e+02	9.187844e+01	903	7.750202e-01	7.000000e-01	
9.198019e+01	904	7.176302e+01	2.788739e+02	9.198019e+01	904	7.953352e-01	7.000000e-01	
9.208194e+01	905	8.081031e+01	2.587590e+02	9.208194e+01	905	7.620212e-01	7.000000e-01	
9.218369e+01	906	6.742226e+01	2.817807e+02	9.218369e+01	906	8.069253e-01	7.000000e-01	
9.228544e+01	907	7.981331e+01	2.189529e+02	9.228544e+01	907	7.328570e-01	7.000000e-01	
9.238718e+01	908	6.995669e+01	2.287436e+02	9.238718e+01	908	7.657964e-01	7.000000e-01	
9.248893e+01	909	8.204177e+01	2.480611e+02	9.248893e+01	909	7.514661e-01	7.000000e-01	
9.259068e+01	910	7.879012e+01	2.629352e+02	9.259068e+01	910	7.694344e-01	7.000000e-01	
9.269243e+01	911	5.896809e+01	2.246785e+02	9.269243e+01	911	7.921072e-01	7.000000e-01	
9.279418e+01	912	7.370017e+01	2.120149e+02	9.279418e+01	912	7.420501e-01	7.000000e-01	
9.289592e+01	913	8.103813e+01	2.285428e+02	9.289592e+01	913	7.382328e-01	7.000000e-01	
9.299767e+01	914	6.698053e+01	2.388793e+02	9.299767e+01	914	7.810091e-01	7.000000e-01	
9.309942e+01	915	5.733479e+01	2.374279e+02	9.309942e+01	915	8.054883e-01	7.000000e-01	
9.320117e+01	916	6.995314e+01	2.123270e+02	9.320117e+01	916	7.521854e-01	7.000000e-01	
9.330292e+01	917	7.585221e+01	2.136381e+02	9.330292e+01	917	7.379801e-01	7.000000e-01	
9.340466e+01	918	5.549302e+01	2.362726e+02	9.340466e+01	918	8.098027e-01	7.000000e-01	
9.350641e+01	919	9.473709e+01	2.003753e+02	9.350641e+01	919	6.789796e-01	7.000000e-01	
9.360816e+01	920	8.087699e+01	2.100734e+02	9.360816e+01	920	7.220248e-01	7.000000e-01	
9.370991e+01	921	7.727474e+01	2.119961e+02	9.370991e+01	921	7.328637e-01	7.000000e-01	
9.381166e+01	922	7.923510e+01	2.075950e+02	9.381166e+01	922	7.237560e-01	7.000000e-01	
9.391340e+01	923	1.047433e+02	2.087738e+02	9.391340e+01	923	6.659088e-01	7.000000e-01	
9.401515e+01	924	7.110403e+01	2.126866e+02	9.401515e+01	924	7.494490e-01	7.000000e-01	
9.411690e+01	925	8.786812e+01	2.160120e+02	9.411690e+01	925	7.108461e-01	7.000000e-01	
9.421865e+01	926	8.983095e+01	2.021399e+02	9.421865e+01	926	6.923290e-01	7.000000e-01	
9.432040e+01	927	5.605888e+01	1.679091e+02	9.432040e+01	927	7.497014e-01	7.000000e-01	
9.442214e+01	928	7.230492e+01	2.241968e+02	9.442214e+01	928	7.561400e-01	7.000000e-01	
9.452389e+01	929	7.042335e+01	2.090163e+02	9.452389e+01	929	7.479837e-01	7.000000e-01	
9.462564e+01	930	7.754860e+01	2.504777e+02	9.462564e+01	930	7.635903e-01	7.000000e-01	
9.472739e+01	931	7.032426e+01	2.458227e+02	9.472739e+01	931	7.775583e-01	7.000000e-01	
9.482914e+01	932	7.472629e+01	2.378594e+02	9.482914e+01	932	7.609414e-01	7.000000e-01	
9.493088e+01	933	7.924708e+01	2.377693e+02	9.493088e+01	933	7.500221e-01	7.000000e-01	
9.503263e+01	934	6.795011e+01	2.498632e+02	9.503263e+01	934	7.861949e-01	7.000000e-01	
9.513438e+01	935	7.980051e+01	2.551797e+02	9.513438e+01	935	7.617754e-01	7.000000e-01	
9.523613e+01	936	8.592066e+01	2.467604e+02	9.523613e+01	936	7.417326e-01	7.000000e-01	
9.533788e+01	937	7.230117e+01	2.214477e+02	9.533788e+01	937	7.538674e-01	7.000000e-01	
9.543962e+01	938	8.073486e+01	2.342982e+02	9.543962e+01	938	7.437258e-01	7.000000e-01	
9.554137e+01	939	9.472091e+01	2.246429e+02	9.554137e+01	939	7.034075e-01	7.000000e-01	
9.564312e+01	940	9.414558e+01	2.212369e+02	9.564312e+01	940	7.014876e-01	7.000000e-01	
9.574487e+01	941	9.283890e+01	2.425708e+02	9.574487e+01	941	7.232075e-01	7.000000e-01	
9.584662e+01	942	1.025740e+02	2.094954e+02	9.584662e+01	942	6.713103e-01	7.000000e-01	
9.594836e+01	943	7.686569e+01	2.329312e+02	9.594836e+01	943	7.518836e-01	7.000000e-01	
9.605011e+01	944	1.019331e+02	2.168799e+02	9.605011e+01	944	6.802731e-01	7.000000e-01	
9.615186e+01	945	9.206693e+01	2.219667e+02	9.615186e+01	945	7.068246e-01	7.000000e-01	
9.625361e+01	946	1.161713e+02	2.203886e+02	9.625361e+01	946	6.548273e-01	7.000000e-01	
9.635536e+01	947	9.402722e+01	2.242946e+02	9.635536e+01	947	7.046159e-01	7.000000e-01	
9.645710e+01	948	1.056819e+02	2.302412e+02	9.645710e+01	948	6.853985e-01	7.000000e-01	
9.655885e+01	949	9.839483e+01	2.108703e+02	9.655885e+01	949	6.818431e-01	7.000000e-01	
9.666060e+01	950	9.489496e+01	2.150972e+02	9.666060e+01	950	6.938795e-01	7.000000e-01	
9.676235e+01	951	9.901824e+01	2.055827e+02	9.676235e+01	951	6.749247e-01	7.000000e-01	
9.686410e+01	952	9.232879e+01	2.005276e+02	9.686410e+01	952	6.847302e-01	7.000000e-01	
9.696584e+01	953	9.847658e+01	2.069621e+02	9.696584e+01	953	6.775897e-01	7.000000e-01	
9.706759e+01	954	9.229956e+01	2.077998e+02	9.706759e+01	954	6.924367e-01	7.000000e-01	
9.716934e+01	955	8.880773e+01	2.097715e+02	9.716934e+01	955	7.025656e-01	7.000000e-01	
9.727109e+01	956	1.037933e+02	2.026922e+02	9.727109e+01	956	6.613435e-01	7.000000e-01	
9.737284e+01	957	8.416663e+01	2.095838e+02	9.737284e+01	957	7.134757e-01	7.000000e-01	
9.747458e+01	958	7.874010e+01	1.943033e+02	9.747458e+01	958	7.116206e-01	7.000000e-01	
9.757633e+01	959	9.168364e+01	2.127752e+02	9.757633e+01	959	6.988636e-01	7.000000e-01	
9.767808e+01	960	8.494644e+01	2.157120e+02	9.767808e+01	960	7.174653e-01	7.000000e-01	
9.777983e+01	961	9.529889e+01	2.252573e+02	9.777983e+01	961	7.027077e-01	7.000000e-01	
9.788158e+01	962	6.884190e+01	1.800745e+02	9.788158e+01	962	7.234337e-01	7.000000e-01	
9.798332e+01	963	8.971752e+01	2.349744e+02	9.798332e+01	963	7.236842e-01	7.000000e-01	
9.808507e+01	964	9.505221e+01	2.275282e+02	9.808507e+01	964	7.053379e-01	7.000000e-01	
9.818682e+01	965	8.221722e+01	2.384260e+02	9.818682e+01	965	7.435866e-01	7.000000e-01	
9.828857e+01	966	9.078951e+01	2.210894e+02	9.828857e+01	966	7.088950e-01	7.000000e-01	
9.839032e+01	967	9.479520e+01	2.327269e+02	9.839032e+01	967	7.105685e-01	7.000000e-01	
9.849206e+01	968	5.279251e+01	2.376944e+02	9.849206e+01	968	8.182620e-01	7.000000e-01	
9.859381e+01	969	7.643342e+01	2.182616e+02	9.859381e+01	969	7.406355e-01	7.000000e-01	
9.869556e+01	970	8.722250e+01	2.197891e+02	9.869556e+01	970	7.158984e-01	7.000000e-01	
9.879731e+01	971	6.717570e+01	2.499758e+02	9.879731e+01	971	7.881905e-01	7.000000e-01	
9.889906e+01	972	8.205579e+01	2.072752e+02	9.889906e+01	972	7.163947e-01	7.000000e-01	
9.900080e+01	973	6.833114e+01	2.197503e+02	9.900080e+01	973	7.628062e-01	7.000000e-01	
9.910255e+01	974	7.570536e+01	2.193530e+02	9.910255e+01	974	7.434224e-01	7.000000e-01	
9.920430e+01	975	8.367225e+01	1.933307e+02	9.920430e+01	975	6.979373e-01	7.000000e-01	
9.930605e+01	976	1.166602e+02	1.639657e+02	9.930605e+01	976	5.842857e-01	7.000000e-01	
9.940780e+01	977	8.616856e+01	2.024563e+02	9.940780e+01	977	7.014514e-01	7.000000e-01	
9.950954e+01	978	9.854756e+01	1.669020e+02	9.950954e+01	978	6.287522e-01	7.000000e-01	
9.961129e+01	979	9.594983e+01	1.957228e+02	9.961129e+01	979	6.710359e-01	7.000000e-01	
9.971304e+01	980	7.098425e+01	2.075701e+02	9.971304e+01	980	7.451691e-01	7.000000e-01	
9.981479e+01	981	8.446218e+01	1.912661e+02	9.981479e+01	981	6.936760e-01	7.000000e-01	
9.991654e+01	982	8.238546e+01	2.032442e+02	9.991654e+01	982	7.115655e-01	7.000000e-01	
1.000183e+02	983	8.181957e+01	2.009406e+02	1.000183e+02	983	7.106397e-01	7.000000e-01	
1.001200e+02	984	8.898136e+01	2.030562e+02	1.001200e+02	984	6.953085e-01	7.000000e-01	
1.002218e+02	985	9.692310e+01	2.115901e+02	1.002218e+02	985	6.858381e-01	7.000000e-01	
1.003235e+02	986	8.502018e+01	2.260187e+02	1.003235e+02	986	7.266574e-01	7.000000e-01	
1.004253e+02	987	8.728218e+01	2.217349e+02	1.004253e+02	987	7.175490e-01	7.000000e-01	
1.005270e+02	988	8.069621e+01	1.977351e+02	1.005270e+02	988	7.101755e-01	7.000000e-01	
1.006288e+02	989	9.715354e+01	2.143778e+02	1.006288e+02	989	6.881420e-01	7.000000e-01	
1.007305e+02	990	7.474952e+01	2.351392e+02	1.007305e+02	990	7.587859e-01	7.000000e-01	
1.008323e+02	991	1.052426e+02	2.081700e+02	1.008323e+02	991	6.642043e-01	7.000000e-01	
1.009340e+02	992	7.450191e+01	2.358757e+02	1.009340e+02	992	7.599636e-01	7.000000e-01	
1.010358e+02	993	7.932637e+01	2.286599e+02	1.010358e+02	993	7.424354e-01	7.000000e-01	
1.011375e+02	994	7.434533e+01	2.766092e+02	1.011375e+02	994	7.881625e-01	7.000000e-01	
1.012393e+02	995	8.000285e+01	2.309108e+02	1.012393e+02	995	7.426847e-01	7.000000e-01	
1.013410e+02	996	6.028241e+01	2.158002e+02	1.013410e+02	996	7.816508e-01	7.000000e-01	
1.014428e+02	997	7.833083e+01	2.260967e+02	1.014428e+02	997	7.426947e-01	7.000000e-01	
1.015445e+02	998	7.646561e+01	2.289614e+02	1.015445e+02	998	7.496436e-01	7.000000e-01	
1.016463e+02	999	8.237998e+01	1.970664e+02	1.016463e+02	999	7.052029e-01	7.000000e-01	
1.017480e+02	1000	7.792761e+01	2.413124e+02	1.017480e+02	1000	7.558965e-01	7.000000e-01	
1.018497e+02	1001	9.968882e+01	1.965312e+02	1.018497e+02	1001	6.634636e-01	7.000000e-01	
1.019515e+02	1002	8.402664e+01	2.290318e+02	1.019515e+02	1002	7.315944e-01	7.000000e-01	
1.020532e+02	1003	8.537064e+01	2.073540e+02	1.020532e+02	1003	7.083585e-01	7.000000e-01	
1.021550e+02	1004	9.469980e+01	2.165781e+02	1.021550e+02	1004	6.957709e-01	7.000000e-01	
1.022567e+02	1005	9.305883e+01	1.945816e+02	1.022567e+02	1005	6.764751e-01	7.000000e-01	
1.023585e+02	1006	1.009070e+02	1.950351e+02	1.023585e+02	1006	6.590313e-01	7.000000e-01	
1.024602e+02	1007	1.014589e+02	2.099085e+02	1.024602e+02	1007	6.741505e-01	7.000000e-01	
1.025620e+02	1008	1.033787e+02	2.133311e+02	1.025620e+02	1008	6.735854e-01	7.000000e-01	
1.026637e+02	1009	7.683112e+01	2.224423e+02	1.026637e+02	1009	7.432745e-01	7.000000e-01	
1.027655e+02	1010	9.523668e+01	1.943084e+02	1.027655e+02	1010	6.710817e-01	7.000000e-01	
1.028672e+02	1011	8.275584e+01	2.163729e+02	1.028672e+02	1011	7.233437e-01	7.000000e-01	
1.029690e+02	1012	7.596771e+01	2.255393e+02	1.029690e+02	1012	7.480400e-01	7.000000e-01	
1.030707e+02	1013	8.978385e+01	2.194903e+02	1.030707e+02	1013	7.096949e-01	7.000000e-01	
1.031725e+02	1014	8.217443e+01	2.280372e+02	1.031725e+02	1014	7.351020e-01	7.000000e-01	
1.032742e+02	1015	8.640601e+01	2.277951e+02	1.032742e+02	1015	7.249978e-01	7.000000e-01	
1.033760e+02	1016	7.724342e+01	2.206885e+02	1.033760e+02	1016	7.407347e-01	7.000000e-01	
1.034777e+02	1017	9.080273e+01	2.183671e+02	1.034777e+02	1017	7.063015e-01	7.000000e-01	
1.035795e+02	1018	8.636919e+01	2.072091e+02	1.035795e+02	1018	7.058053e-01	7.000000e-01	
1.036812e+02	1019	1.103204e+02	1.994516e+02	1.036812e+02	1019	6.438658e-01	7.000000e-01	
1.037830e+02	1020	9.124474e+01	2.259568e+02	1.037830e+02	1020	7.123446e-01	7.000000e-01	
1.038847e+02	1021	8.208265e+01	2.208756e+02	1.038847e+02	1021	7.290628e-01	7.000000e-01	
1.039865e+02	1022	1.018412e+02	2.032956e+02	1.039865e+02	1022	6.662441e-01	7.000000e-01	
1.040882e+02	1023	9.711916e+01	1.938405e+02	1.040882e+02	1023	6.662109e-01	7.000000e-01	
1.041900e+02	1024	9.119695e+01	2.018427e+02	1.041900e+02	1024	6.887897e-01	7.000000e-01	
1.042917e+02	1025	9.701364e+01	1.857197e+02	1.042917e+02	1025	6.568723e-01	7.000000e-01	
1.043934e+02	1026	9.326457e+01	2.062954e+02	1.043934e+02	1026	6.886614e-01	7.000000e-01	
1.044952e+02	1027	1.028411e+02	1.615088e+02	1.044952e+02	1027	6.109660e-01	7.000000e-01	
1.045969e+02	1028	1.621528e+02	1.869676e+02	1.045969e+02	1028	5.355390e-01	7.000000e-01	
1.046987e+02	1029	1.168331e+02	1.929845e+02	1.046987e+02	1029	6.228971e-01	7.000000e-01	
1.048004e+02	1030	1.167783e+02	1.799249e+02	1.048004e+02	1030	6.064137e-01	7.000000e-01	
1.049022e+02	1031	7.322615e+01	2.408294e+02	1.049022e+02	1031	7.668369e-01	7.000000e-01	
1.050039e+02	1032	5.194006e+01	2.309500e+02	1.050039e+02	1032	8.163949e-01	7.000000e-01	
1.051057e+02	1033	8.111379e+01	2.616263e+02	1.051057e+02	1033	7.633373e-01	7.000000e-01	
1.052074e+02	1034	8.350639e+01	2.435108e+02	1.052074e+02	1034	7.446422e-01	7.000000e-01	
1.053092e+02	1035	7.779401e+01	2.814580e+02	1.053092e+02	1035	7.834556e-01	7.000000e-01	
1.054109e+02	1036	8.185956e+01	2.705513e+02	1.054109e+02	1036	7.677156e-01	7.000000e-01	
1.055127e+02	1037	8.361822e+01	2.839037e+02	1.055127e+02	1037	7.724810e-01	7.000000e-01	
1.056144e+02	1038	7.244435e+01	2.941014e+02	1.056144e+02	1038	8.023593e-01	7.000000e-01	
1.057162e+02	1039	7.379236e+01	2.411179e+02	1.057162e+02	1039	7.656718e-01	7.000000e-01	
1.058179e+02	1040	6.900135e+01	2.135113e+02	1.058179e+02	1040	7.557584e-01	7.000000e-01	
1.059197e+02	1041	7.018173e+01	2.119612e+02	1.059197e+02	1041	7.512547e-01	7.000000e-01	
1.060214e+02	1042	9.405198e+01	2.056427e+02	1.060214e+02	1042	6.861740e-01	7.000000e-01	
1.061232e+02	1043	7.852196e+01	2.099713e+02	1.061232e+02	1043	7.278205e-01	7.000000e-01	
1.062249e+02	1044	5.619890e+01	2.751671e+02	1.062249e+02	1044	8.304023e-01	7.000000e-01	
1.063267e+02	1045	6.576764e+01	2.125748e+02	1.063267e+02	1045	7.637168e-01	7.000000e-01	
1.064284e+02	1046	8.583533e+01	2.138085e+02	1.064284e+02	1046	7.135421e-01	7.000000e-01	
1.065302e+02	1047	5.840561e+01	2.239707e+02	1.065302e+02	1047	7.931639e-01	7.000000e-01	
1.066319e+02	1048	1.035385e+02	1.810224e+02	1.066319e+02	1048	6.361464e-01	7.000000e-01	
1.067337e+02	1049	9.810751e+01	1.969852e+02	1.067337e+02	1049	6.675367e-01	7.000000e-01	
1.068354e+02	1050	8.353505e+01	2.048578e+02	1.068354e+02	1050	7.103429e-01	7.000000e-01	
1.069371e+02	1051	7.590220e+01	2.013913e+02	1.069371e+02	1051	7.262749e-01	7.000000e-01	
1.070389e+02	1052	8.863677e+01	2.164499e+02	1.070389e+02	1052	7.094702e-01	7.000000e-01	
1.071406e+02	1053	7.685187e+01	1.998832e+02	1.071406e+02	1053	7.222908e-01	7.000000e-01	
1.072424e+02	1054	8.559581e+01	2.239025e+02	1.072424e+02	1054	7.234369e-01	7.000000e-01	
1.073441e+02	1055	9.076110e+01	2.106698e+02	1.073441e+02	1055	6.988992e-01	7.000000e-01	
1.074459e+02	1056	7.479809e+01	1.622952e+02	1.074459e+02	1056	6.845204e-01	7.000000e-01	
1.075476e+02	1057	8.170062e+01	1.994226e+02	1.075476e+02	1057	7.093779e-01	7.000000e-01	
1.076494e+02	1058	6.723783e+01	1.773558e+02	1.076494e+02	1058	7.251039e-01	7.000000e-01	
1.077511e+02	1059	8.773751e+01	2.056949e+02	1.077511e+02	1059	7.009958e-01	7.000000e-01	
1.078529e+02	1060	8.727357e+01	1.488599e+02	1.078529e+02	1060	6.304058e-01	7.000000e-01	
1.079546e+02	1061	1.002477e+02	2.381857e+02	1.079546e+02	1061	7.037890e-01	7.000000e-01	
1.080564e+02	1062	1.021550e+02	2.309728e+02	1.080564e+02	1062	6.933459e-01	7.000000e-01	
1.081581e+02	1063	1.015886e+02	2.253643e+02	1.081581e+02	1063	6.892867e-01	7.000000e-01	
1.082599e+02	1064	9.466006e+01	2.132332e+02	1.082599e+02	1064	6.925556e-01	7.000000e-01	
1.083616e+02	1065	8.911934e+01	1.999741e+02	1.083616e+02	1065	6.917283e-01	7.000000e-01	
1.084634e+02	1066	9.333720e+01	2.576714e+02	1.084634e+02	1066	7.340886e-01	7.000000e-01	
1.085651e+02	1067	9.261259e+01	2.148803e+02	1.085651e+02	1067	6.988139e-01	7.000000e-01	
1.086669e+02	1068	8.290534e+01	2.622512e+02	1.086669e+02	1068	7.598037e-01	7.000000e-01	
1.087686e+02	1069	8.568555e+01	2.648717e+02	1.087686e+02	1069	7.555733e-01	7.000000e-01	
1.088704e+02	1070	8.024015e+01	2.478368e+02	1.088704e+02	1070	7.554228e-01	7.000000e-01	
1.089721e+02	1071	9.577247e+01	2.543715e+02	1.089721e+02	1071	7.264769e-01	7.000000e-01	
1.090739e+02	1072	9.600939e+01	2.855667e+02	1.090739e+02	1072	7.483873e-01	7.000000e-01	
1.091756e+02	1073	9.256708e+01	2.835402e+02	1.091756e+02	1073	7.538812e-01	7.000000e-01	
1.092774e+02	1074	8.724686e+01	2.651586e+02	1.092774e+02	1074	7.524248e-01	7.000000e-01	
1.093791e+02	1075	8.752381e+01	2.642308e+02	1.093791e+02	1075	7.511794e-01	7.000000e-01	
1.094808e+02	1076	1.028648e+02	2.934957e+02	1.094808e+02	1076	7.404767e-01	7.000000e-01	
1.095826e+02	1077	1.030183e+02	2.730014e+02	1.095826e+02	1077	7.260295e-01	7.000000e-01	
1.096843e+02	1078	8.821223e+01	2.688770e+02	1.096843e+02	1078	7.529687e-01	7.000000e-01	
1.097861e+02	1079	1.037206e+02	2.044578e+02	1.097861e+02	1079	6.634397e-01	7.000000e-01	
1.098878e+02	1080	9.886878e+01	2.491658e+02	1.098878e+02	1080	7.159225e-01	7.000000e-01	
1.099896e+02	1081	1.195788e+02	2.279125e+02	1.099896e+02	1081	6.558797e-01	7.000000e-01	
1.100913e+02	1082	1.106600e+02	2.096561e+02	1.100913e+02	1082	6.545288e-01	7.000000e-01	
1.101931e+02	1083	1.068478e+02	2.053768e+02	1.101931e+02	1083	6.577855e-01	7.000000e-01	
1.102948e+02	1084	1.063274e+02	2.409726e+02	1.102948e+02	1084	6.938457e-01	7.000000e-01	
1.103966e+02	1085	1.164784e+02	2.518145e+02	1.103966e+02	1085	6.837343e-01	7.000000e-01	
1.104983e+02	1086	8.002935e+01	1.849448e+02	1.104983e+02	1086	6.979730e-01	7.000000e-01	
1.106001e+02	1087	6.453894e+01	2.022889e+02	1.106001e+02	1087	7.581252e-01	7.000000e-01	
1.107018e+02	1088	7.881460e+01	2.289280e+02	1.107018e+02	1088	7.438944e-01	7.000000e-01	
1.108036e+02	1089	6.120048e+01	1.758030e+02	1.108036e+02	1089	7.417739e-01	7.000000e-01	
1.109053e+02	1090	6.981957e+01	1.770478e+02	1.109053e+02	1090	7.171778e-01	7.000000e-01	
1.110071e+02	1091	9.586738e+01	2.090069e+02	1.110071e+02	1091	6.855511e-01	7.000000e-01	
1.111088e+02	1092	6.005835e+01	2.192233e+02	1.111088e+02	1092	7.849542e-01	7.000000e-01	
1.112106e+02	1093	9.570089e+01	1.979710e+02	1.112106e+02	1093	6.741231e-01	7.000000e-01	
1.113123e+02	1094	8.028334e+01	2.072020e+02	1.113123e+02	1094	7.207394e-01	7.000000e-01	
1.114141e+02	1095	1.093268e+02	1.987540e+02	1.114141e+02	1095	6.451360e-01	7.000000e-01	
1.115158e+02	1096	9.317330e+01	2.291243e+02	1.115158e+02	1096	7.109091e-01	7.000000e-01	
1.116176e+02	1097	8.868903e+01	2.159799e+02	1.116176e+02	1097	7.089003e-01	7.000000e-01	
1.117193e+02	1098	9.498732e+01	2.081015e+02	1.117193e+02	1098	6.866024e-01	7.000000e-01	
1.118211e+02	1099	8.953285e+01	2.369406e+02	1.118211e+02	1099	7.257576e-01	7.000000e-01	
1.119228e+02	1100	9.540666e+01	2.081555e+02	1.119228e+02	1100	6.857096e-01	7.000000e-01	
1.120245e+02	1101	9.481959e+01	1.965615e+02	1.120245e+02	1101	6.745856e-01	7.000000e-01	
1.121263e+02	1102	7.037396e+01	2.382700e+02	1.121263e+02	1102	7.719898e-01	7.000000e-01	
1.122280e+02	1103	8.483916e+01	2.323640e+02	1.122280e+02	1103	7.325400e-01	7.000000e-01	
1.123298e+02	1104	7.217647e+01	2.303666e+02	1.123298e+02	1104	7.614341e-01	7.000000e-01	
1.124315e+02	1105	8.950485e+01	2.443365e+02	1.124315e+02	1105	7.318941e-01	7.000000e-01	
1.125333e+02	1106	8.006434e+01	2.331394e+02	1.125333e+02	1106	7.443698e-01	7.000000e-01	
1.126350e+02	1107	7.185659e+01	2.159493e+02	1.126350e+02	1107	7.503297e-01	7.000000e-01	
1.127368e+02	1108	7.674837e+01	2.318635e+02	1.127368e+02	1108	7.513110e-01	7.000000e-01	
1.128385e+02	1109	7.337022e+01	2.281880e+02	1.128385e+02	1109	7.566963e-01	7.000000e-01	
1.129403e+02	1110	7.274832e+01	2.382672e+02	1.129403e+02	1110	7.660942e-01	7.000000e-01	
1.130420e+02	1111	1.071834e+02	2.055366e+02	1.130420e+02	1111	6.572544e-01	7.000000e-01	
1.131438e+02	1112	7.518963e+01	2.047443e+02	1.131438e+02	1112	7.314022e-01	7.000000e-01	
1.132455e+02	1113	9.079361e+01	2.351677e+02	1.132455e+02	1113	7.214589e-01	7.000000e-01	
1.133473e+02	1114	7.499664e+01	2.137600e+02	1.133473e+02	1114	7.402773e-01	7.000000e-01	
1.134490e+02	1115	7.451485e+01	2.130484e+02	1.134490e+02	1115	7.408749e-01	7.000000e-01	
1.135508e+02	1116	6.891150e+01	2.131575e+02	1.135508e+02	1116	7.556928e-01	7.000000e-01	
1.136525e+02	1117	8.287151e+01	2.020609e+02	1.136525e+02	1117	7.091538e-01	7.000000e-01	
1.137543e+02	1118	8.746596e+01	2.138562e+02	1.137543e+02	1118	7.097261e-01	7.000000e-01	
1.138560e+02	1119	8.588805e+01	2.156508e+02	1.138560e+02	1119	7.151675e-01	7.000000e-01	
1.139578e+02	1120	7.952030e+01	2.143937e+02	1.139578e+02	1120	7.294436e-01	7.000000e-01	
1.140595e+02	1121	7.496026e+01	2.065268e+02	1.140595e+02	1121	7.336991e-01	7.000000e-01	
1.141613e+02	1122	8.832433e+01	2.300400e+02	1.141613e+02	1122	7.225684e-01	7.000000e-01	
1.142630e+02	1123	1.006097e+02	2.305314e+02	1.142630e+02	1123	6.961727e-01	7.000000e-01	
1.143648e+02	1124	8.835139e+01	2.179420e+02	1.143648e+02	1124	7.115465e-01	7.000000e-01	
1.144665e+02	1125	8.767685e+01	2.259176e+02	1.144665e+02	1125	7.204133e-01	7.000000e-01	
1.145682e+02	1126	1.008308e+02	2.289087e+02	1.145682e+02	1126	6.942107e-01	7.000000e-01	
1.146700e+02	1127	9.000753e+01	2.184105e+02	1.146700e+02	1127	7.081639e-01	7.000000e-01	
1.147717e+02	1128	8.401073e+01	2.420973e+02	1.147717e+02	1128	7.423837e-01	7.000000e-01	
1.148735e+02	1129	8.564926e+01	2.215494e+02	1.148735e+02	1129	7.211926e-01	7.000000e-01	
1.149752e+02	1130	9.204659e+01	2.275673e+02	1.149752e+02	1130	7.120069e-01	7.000000e-01	
1.150770e+02	1131	8.987861e+01	2.478620e+02	1.150770e+02	1131	7.338827e-01	7.000000e-01	
1.151787e+02	1132	7.666770e+01	2.314730e+02	1.151787e+02	1132	7.511926e-01	7.000000e-01	
1.152805e+02	1133	8.067339e+01	2.409594e+02	1.152805e+02	1133	7.491755e-01	7.000000e-01	
1.153822e+02	1134	8.135472e+01	2.564994e+02	1.153822e+02	1134	7.592016e-01	7.000000e-01	
1.154840e+02	1135	7.727400e+01	2.508667e+02	1.154840e+02	1135	7.645096e-01	7.000000e-01	
1.155857e+02	1136	7.809207e+01	2.467228e+02	1.155857e+02	1136	7.595798e-01	7.000000e-01	
1.156875e+02	1137	8.681396e+01	2.391094e+02	1.156875e+02	1137	7.336369e-01	7.000000e-01	
1.157892e+02	1138	9.012071e+01	2.221010e+02	1.157892e+02	1138	7.113567e-01	7.000000e-01	
1.158910e+02	1139	8.090020e+01	2.437035e+02	1.158910e+02	1139	7.507724e-01	7.000000e-01	
1.159927e+02	1140	7.290335e+01	2.471649e+02	1.159927e+02	1140	7.722256e-01	7.000000e-01	
1.160945e+02	1141	6.456932e+01	3.350051e+02	1.160945e+02	1141	8.384048e-01	7.000000e-01	
1.161962e+02	1142	7.198489e+01	2.226339e+02	1.161962e+02	1142	7.556677e-01	7.000000e-01	
1.162980e+02	1143	8.069858e+01	1.900429e+02	1.162980e+02	1143	7.019349e-01	7.000000e-01	
1.163997e+02	1144	9.667764e+01	1.914756e+02	1.163997e+02	1144	6.644923e-01	7.000000e-01	
1.165015e+02	1145	8.043398e+01	1.745669e+02	1.165015e+02	1145	6.845737e-01	7.000000e-01	
1.166032e+02	1146	7.018173e+01	1.952988e+02	1.166032e+02	1146	7.356426e-01	7.000000e-01	
1.167050e+02	1147	6.637680e+01	1.740714e+02	1.167050e+02	1147	7.239455e-01	7.000000e-01	
1.168067e+02	1148	8.550310e+01	1.838879e+02	1.168067e+02	1148	6.826060e-01	7.000000e-01	
1.169085e+02	1149	7.420460e+01	1.865740e+02	1.169085e+02	1149	7.154498e-01	7.000000e-01	
1.170102e+02	1150	1.101081e+02	2.003052e+02	1.170102e+02	1150	6.452855e-01	7.000000e-01	
1.171119e+02	1151	1.054178e+02	2.281518e+02	1.171119e+02	1151	6.839706e-01	7.000000e-01	
1.172137e+02	1152	9.012289e+01	1.908543e+02	1.172137e+02	1152	6.792519e-01	7.000000e-01	
1.173154e+02	1153	9.977846e+01	1.876274e+02	1.173154e+02	1153	6.528308e-01	7.000000e-01	
1.174172e+02	1154	9.147643e+01	1.817663e+02	1.174172e+02	1154	6.652192e-01	7.000000e-01	
1.175189e+02	1155	9.789541e+01	2.276163e+02	1.175189e+02	1155	6.992569e-01	7.000000e-01	
1.176207e+02	1156	9.575177e+01	2.495880e+02	1.176207e+02	1156	7.227317e-01	7.000000e-01	
1.177224e+02	1157	1.046656e+02	1.966272e+02	1.177224e+02	1157	6.526117e-01	7.000000e-01	
1.178242e+02	1158	9.660337e+01	2.256736e+02	1.178242e+02	1158	7.002474e-01	7.000000e-01	
1.179259e+02	1159	8.427386e+01	2.417069e+02	1.179259e+02	1159	7.414760e-01	7.000000e-01	
1.180277e+02	1160	1.407814e+02	2.985386e+02	1.180277e+02	1160	6.795470e-01	7.000000e-01	
1.181294e+02	1161	8.026429e+01	2.111968e+02	1.181294e+02	1161	7.246140e-01	7.000000e-01	
1.182312e+02	1162	7.909543e+01	2.051451e+02	1.182312e+02	1162	7.217306e-01	7.000000e-01	
1.183329e+02	1163	8.228741e+01	2.118026e+02	1.183329e+02	1163	7.201965e-01	7.000000e-01	
1.184347e+02	1164	6.838594e+01	2.208789e+02	1.184347e+02	1164	7.635871e-01	7.000000e-01	
1.185364e+02	1165	8.788251e+01	2.232164e+02	1.185364e+02	1165	7.175094e-01	7.000000e-01	
1.186382e+02	1166	7.818370e+01	2.141640e+02	1.186382e+02	1166	7.325661e-01	7.000000e-01	
1.187399e+02	1167	9.405885e+01	2.310236e+02	1.187399e+02	1167	7.106616e-01	7.000000e-01	
1.188417e+02	1168	7.041306e+01	1.750619e+02	1.188417e+02	1168	7.131558e-01	7.000000e-01	
1.189434e+02	1169	7.080802e+01	1.908850e+02	1.189434e+02	1169	7.294234e-01	7.000000e-01	
1.190452e+02	1170	1.104087e+02	2.444597e+02	1.190452e+02	1170	6.888742e-01	7.000000e-01	
1.191469e+02	1171	1.050434e+02	2.397566e+02	1.191469e+02	1171	6.953498e-01	7.000000e-01	
1.192487e+02	1172	1.084007e+02	2.212338e+02	1.192487e+02	1172	6.711488e-01	7.000000e-01	
1.193504e+02	1173	1.124055e+02	2.397914e+02	1.193504e+02	1173	6.808447e-01	7.000000e-01	
1.194522e+02	1174	8.058033e+01	2.543591e+02	1.194522e+02	1174	7.594182e-01	7.000000e-01	
1.195539e+02	1175	8.042868e+01	2.669220e+02	1.195539e+02	1175	7.684511e-01	7.000000e-01	
1.196556e+02	1176	7.814772e+01	2.428798e+02	1.196556e+02	1176	7.565700e-01	7.000000e-01	
1.197574e+02	1177	8.258149e+01	2.698064e+02	1.197574e+02	1177	7.656517e-01	7.000000e-01	
1.198591e+02	1178	8.868621e+01	2.238462e+02	1.198591e+02	1178	7.162336e-01	7.000000e-01	
1.199609e+02	1179	7.859867e+01	2.569281e+02	1.199609e+02	1179	7.657455e-01	7.000000e-01	
1.200626e+02	1180	7.679534e+01	2.405678e+02	1.200626e+02	1180	7.580206e-01	7.000000e-01	
1.201644e+02	1181	1.004886e+02	2.145919e+02	1.201644e+02	1181	6.810701e-01	7.000000e-01	
1.202661e+02	1182	8.969901e+01	1.801787e+02	1.202661e+02	1182	6.676309e-01	7.000000e-01	
1.203679e+02	1183	9.200331e+01	2.173974e+02	1.203679e+02	1183	7.026403e-01	7.000000e-01	
1.204696e+02	1184	8.129819e+01	2.190235e+02	1.204696e+02	1184	7.292963e-01	7.000000e-01	
1.205714e+02	1185	1.044826e+02	1.893932e+02	1.205714e+02	1185	6.444668e-01	7.000000e-01	
1.206731e+02	1186	8.972029e+01	2.127836e+02	1.206731e+02	1186	7.034078e-01	7.000000e-01	
1.207749e+02	1187	8.353213e+01	1.964654e+02	1.207749e+02	1187	7.016683e-01	7.000000e-01	
1.208766e+02	1188	9.255715e+01	2.086645e+02	1.208766e+02	1188	6.927274e-01	7.000000e-01	
1.209784e+02	1189	1.104653e+02	2.202667e+02	1.209784e+02	1189	6.659975e-01	7.000000e-01	
1.210801e+02	1190	9.710967e+01	1.982726e+02	1.210801e+02	1190	6.712407e-01	7.000000e-01	
1.211819e+02	1191	1.046478e+02	2.060192e+02	1.211819e+02	1191	6.631512e-01	7.000000e-01	
1.212836e+02	1192	1.054494e+02	2.035447e+02	1.212836e+02	1192	6.587333e-01	7.000000e-01	
1.213854e+02	1193	9.815449e+01	2.006803e+02	1.213854e+02	1193	6.715426e-01	7.000000e-01	
1.214871e+02	1194	1.011315e+02	2.104790e+02	1.214871e+02	1194	6.754554e-01	7.000000e-01	
1.215889e+02	1195	9.541320e+01	2.044604e+02	1.215889e+02	1195	6.818219e-01	7.000000e-01	
1.216906e+02	1196	9.898489e+01	2.004145e+02	1.216906e+02	1196	6.693885e-01	7.000000e-01	
1.217924e+02	1197	1.199483e+02	2.096604e+02	1.217924e+02	1197	6.360888e-01	7.000000e-01	
1.218941e+02	1198	1.000785e+02	2.043180e+02	1.218941e+02	1198	6.712232e-01	7.000000e-01	
1.219959e+02	1199	7.088283e+01	1.993976e+02	1.219959e+02	1199	7.377434e-01	7.000000e-01	
1.220976e+02	1200	9.868515e+01	2.042631e+02	1.220976e+02	1200	6.742508e-01	7.000000e-01	
1.221993e+02	1201	1.032098e+02	2.076163e+02	1.221993e+02	1201	6.679500e-01	7.000000e-01	
1.223011e+02	1202	8.091401e+01	2.161712e+02	1.223011e+02	1202	7.276404e-01	7.000000e-01	
1.224028e+02	1203	8.488781e+01	2.090845e+02	1.224028e+02	1203	7.112388e-01	7.000000e-01	
1.225046e+02	1204	8.347909e+01	1.928068e+02	1.225046e+02	1204	6.978525e-01	7.000000e-01	
1.226063e+02	1205	7.823258e+01	1.865433e+02	1.226063e+02	1205	7.045328e-01	7.000000e-01	
1.227081e+02	1206	9.068358e+01	2.269436e+02	1.227081e+02	1206	7.144968e-01	7.000000e-01	
1.228098e+02	1207	9.201071e+01	2.024185e+02	1.228098e+02	1207	6.874946e-01	7.000000e-01	
1.229116e+02	1208	7.382424e+01	2.061380e+02	1.229116e+02	1208	7.363064e-01	7.000000e-01	
1.230133e+02	1209	8.377496e+01	1.979831e+02	1.230133e+02	1209	7.026706e-01	7.000000e-01	
1.231151e+02	1210	9.205605e+01	2.691330e+02	1.231151e+02	1210	7.451306e-01	7.000000e-01	
1.232168e+02	1211	9.098770e+01	2.224150e+02	1.232168e+02	1211	7.096780e-01	7.000000e-01	
1.233186e+02	1212	8.787226e+01	2.028178e+02	1.233186e+02	1212	6.977115e-01	7.000000e-01	
1.234203e+02	1213	9.366510e+01	2.010573e+02	1.234203e+02	1213	6.821921e-01	7.000000e-01	
1.235221e+02	1214	8.662944e+01	2.202833e+02	1.235221e+02	1214	7.177392e-01	7.000000e-01	
1.236238e+02	1215	9.598771e+01	2.116702e+02	1.236238e+02	1215	6.880051e-01	7.000000e-01	
1.237256e+02	1216	8.690045e+01	2.088112e+02	1.237256e+02	1216	7.061311e-01	7.000000e-01	
1.238273e+02	1217	9.712543e+01	2.231546e+02	1.238273e+02	1217	6.967484e-01	7.000000e-01	
1.239291e+02	1218	8.676065e+01	2.041769e+02	1.239291e+02	1218	7.017894e-01	7.000000e-01	
1.240308e+02	1219	8.991516e+01	2.103909e+02	1.240308e+02	1219	7.005883e-01	7.000000e-01	
1.241326e+02	1220	9.082844e+01	2.000784e+02	1.241326e+02	1220	6.877748e-01	7.000000e-01	
1.242343e+02	1221	8.820949e+01	2.094061e+02	1.242343e+02	1221	7.036127e-01	7.000000e-01	
1.243361e+02	1222	4.032631e+01	2.186633e+02	1.243361e+02	1222	8.442937e-01	7.000000e-01	
1.244378e+02	1223	4.060252e+01	2.157640e+02	1.244378e+02	1223	8.416232e-01	7.000000e-01	
1.245396e+02	1224	4.285934e+01	2.087896e+02	1.245396e+02	1224	8.296860e-01	7.000000e-01	
1.246413e+02	1225	5.182951e+01	2.131231e+02	1.246413e+02	1225	8.043820e-01	7.000000e-01	
1.247430e+02	1226	5.819738e+01	2.145702e+02	1.247430e+02	1226	7.866411e-01	7.000000e-01	
1.248448e+02	1227	4.184143e+01	2.087718e+02	1.248448e+02	1227	8.330438e-01	7.000000e-01	
1.249465e+02	1228	3.930979e+01	2.042740e+02	1.249465e+02	1228	8.386190e-01	7.000000e-01	
1.250483e+02	1229	6.890413e+01	2.394988e+02	1.250483e+02	1229	7.765776e-01	7.000000e-01	
1.251500e+02	1230	6.620508e+01	2.215839e+02	1.251500e+02	1230	7.699527e-01	7.000000e-01	
1.252518e+02	1231	6.153007e+01	2.341230e+02	1.252518e+02	1231	7.918842e-01	7.000000e-01	
1.253535e+02	1232	6.915931e+01	2.390941e+02	1.253535e+02	1232	7.756414e-01	7.000000e-01	
1.254553e+02	1233	8.404178e+01	2.216966e+02	1.254553e+02	1233	7.251186e-01	7.000000e-01	
1.255570e+02	1234	8.063821e+01	2.196046e+02	1.255570e+02	1234	7.314233e-01	7.000000e-01	
1.256588e+02	1235	7.327037e+01	2.303341e+02	1.256588e+02	1235	7.586650e-01	7.000000e-01	
1.257605e+02	1236	8.022537e+01	2.291034e+02	1.257605e+02	1236	7.406469e-01	7.000000e-01	
1.258623e+02	1237	8.053148e+01	2.262649e+02	1.258623e+02	1237	7.375084e-01	7.000000e-01	
1.259640e+02	1238	8.988176e+01	2.280321e+02	1.259640e+02	1238	7.172764e-01	7.000000e-01	
1.260658e+02	1239	9.815951e+01	2.087645e+02	1.260658e+02	1239	6.801830e-01	7.000000e-01	
1.261675e+02	1240	8.334866e+01	2.172837e+02	1.261675e+02	1240	7.227555e-01	7.000000e-01	
1.262693e+02	1241	8.745236e+01	2.388339e+02	1.262693e+02	1241	7.319766e-01	7.000000e-01	
1.263710e+02	1242	7.973291e+01	2.220171e+02	1.263710e+02	1242	7.357650e-01	7.000000e-01	
1.264728e+02	1243	6.660120e+01	2.077953e+02	1.264728e+02	1243	7.572812e-01	7.000000e-01	
1.265745e+02	1244	7.730685e+01	2.280183e+02	1.265745e+02	1244	7.468048e-01	7.000000e-01	
1.266763e+02	1245	1.053865e+02	1.950845e+02	1.266763e+02	1245	6.492623e-01	7.000000e-01	
1.267780e+02	1246	7.145569e+01	2.359610e+02	1.267780e+02	1246	7.675608e-01	7.000000e-01	
1.268798e+02	1247	4.865886e+01	2.174397e+02	1.268798e+02	1247	8.171397e-01	7.000000e-01	
1.269815e+02	1248	6.581007e+01	2.096033e+02	1.269815e+02	1248	7.610498e-01	7.000000e-01	
1.270833e+02	1249	9.063388e+01	2.435793e+02	1.270833e+02	1249	7.288142e-01	7.000000e-01	
1.271850e+02	1250	8.788598e+01	2.677690e+02	1.271850e+02	1250	7.528898e-01	7.000000e-01	
1.272867e+02	1251	6.514863e+01	2.296713e+02	1.272867e+02	1251	7.790223e-01	7.000000e-01	
1.273885e+02	1252	6.442271e+01	2.465722e+02	1.273885e+02	1252	7.928496e-01	7.000000e-01	
1.274902e+02	1253	6.339919e+01	2.397748e+02	1.274902e+02	1253	7.908818e-01	7.000000e-01	
1.275920e+02	1254	6.193683e+01	2.373042e+02	1.275920e+02	1254	7.930203e-01	7.000000e-01	
1.276937e+02	1255	6.103185e+01	2.294829e+02	1.276937e+02	1255	7.899182e-01	7.000000e-01	
1.277955e+02	1256	6.646166e+01	2.492657e+02	1.277955e+02	1256	7.894967e-01	7.000000e-01	
1.278972e+02	1257	7.851562e+01	2.300915e+02	1.278972e+02	1257	7.455807e-01	7.000000e-01	
1.279990e+02	1258	7.917754e+01	2.256326e+02	1.279990e+02	1258	7.402398e-01	7.000000e-01	
1.281007e+02	1259	5.952051e+01	2.443379e+02	1.281007e+02	1259	8.041176e-01	7.000000e-01	
1.282025e+02	1260	5.972609e+01	2.299307e+02	1.282025e+02	1260	7.938039e-01	7.000000e-01	
1.283042e+02	1261	7.349629e+01	2.168204e+02	1.283042e+02	1261	7.468410e-01	7.000000e-01	
1.284060e+02	1262	7.629206e+01	2.352623e+02	1.284060e+02	1262	7.551244e-01	7.000000e-01	
1.285077e+02	1263	7.476099e+01	2.195625e+02	1.285077e+02	1263	7.459904e-01	7.000000e-01	
1.286095e+02	1264	1.034741e+02	2.216192e+02	1.286095e+02	1264	6.817095e-01	7.000000e-01	
1.287112e+02	1265	7.980769e+01	1.984780e+02	1.287112e+02	1265	7.132167e-01	7.000000e-01	
1.288130e+02	1266	8.472531e+01	2.276670e+02	1.288130e+02	1266	7.287855e-01	7.000000e-01	
1.289147e+02	1267	4.953082e+01	2.420668e+02	1.289147e+02	1267	8.301398e-01	7.000000e-01	
1.290165e+02	1268	7.418309e+01	2.142047e+02	1.290165e+02	1268	7.427662e-01	7.000000e-01	
1.291182e+02	1269	7.563485e+01	2.109550e+02	1.291182e+02	1269	7.360868e-01	7.000000e-01	
1.292200e+02	1270	4.940422e+01	2.422757e+02	1.292200e+02	1270	8.306218e-01	7.000000e-01	
1.293217e+02	1271	7.105840e+01	2.235363e+02	1.293217e+02	1271	7.587927e-01	7.000000e-01	
1.294235e+02	1272	7.676415e+01	1.884837e+02	1.294235e+02	1272	7.105946e-01	7.000000e-01	
1.295252e+02	1273	7.869508e+01	2.244346e+02	1.295252e+02	1273	7.403914e-01	7.000000e-01	
1.296270e+02	1274	9.065938e+01	2.404688e+02	1.296270e+02	1274	7.262106e-01	7.000000e-01	
1.297287e+02	1275	7.648473e+01	2.319867e+02	1.297287e+02	1275	7.520525e-01	7.000000e-01	
1.298304e+02	1276	8.541502e+01	2.430082e+02	1.298304e+02	1276	7.399239e-01	7.000000e-01	
1.299322e+02	1277	6.775536e+01	2.462242e+02	1.299322e+02	1277	7.842046e-01	7.000000e-01	
1.300339e+02	1278	8.541195e+01	2.321011e+02	1.300339e+02	1278	7.309970e-01	7.000000e-01	
1.301357e+02	1279	8.239444e+01	2.475002e+02	1.301357e+02	1279	7.502401e-01	7.000000e-01	
1.302374e+02	1280	7.503894e+01	2.465737e+02	1.302374e+02	1280	7.666791e-01	7.000000e-01	
1.303392e+02	1281	8.337626e+01	1.933555e+02	1.303392e+02	1281	6.987109e-01	7.000000e-01	
1.304409e+02	1282	8.980128e+01	2.365196e+02	1.304409e+02	1282	7.248068e-01	7.000000e-01	
1.305427e+02	1283	8.112687e+01	2.398193e+02	1.305427e+02	1283	7.472259e-01	7.000000e-01	
1.306444e+02	1284	7.939877e+01	2.097707e+02	1.306444e+02	1284	7.254248e-01	7.000000e-01	
1.307462e+02	1285	8.536894e+01	2.408165e+02	1.307462e+02	1285	7.382810e-01	7.000000e-01	
1.308479e+02	1286	6.933878e+01	1.917240e+02	1.308479e+02	1286	7.343981e-01	7.000000e-01	
1.309497e+02	1287	7.870697e+01	1.608823e+02	1.309497e+02	1287	6.714921e-01	7.000000e-01	
1.310514e+02	1288	8.503605e+01	1.756484e+02	1.310514e+02	1288	6.737970e-01	7.000000e-01	
1.311532e+02	1289	8.893874e+01	1.859216e+02	1.311532e+02	1289	6.764221e-01	7.000000e-01	
1.312549e+02	1290	6.685819e+01	2.063239e+02	1.312549e+02	1290	7.552614e-01	7.000000e-01	
1.313567e+02	1291	9.389664e+01	2.685625e+02	1.313567e+02	1291	7.409456e-01	7.000000e-01	
1.314584e+02	1292	7.168180e+01	2.168718e+02	1.314584e+02	1292	7.515824e-01	7.000000e-01	
1.315602e+02	1293	8.099411e+01	2.205208e+02	1.315602e+02	1293	7.313761e-01	7.000000e-01	
1.316619e+02	1294	6.862950e+01	2.351138e+02	1.316619e+02	1294	7.740543e-01	7.000000e-01	
1.317637e+02	1295	6.852265e+01	2.240902e+02	1.317637e+02	1295	7.658249e-01	7.000000e-01	
1.318654e+02	1296	7.141416e+01	2.455271e+02	1.318654e+02	1296	7.746770e-01	7.000000e-01	
1.319672e+02	1297	5.568387e+01	2.481036e+02	1.319672e+02	1297	8.167012e-01	7.000000e-01	
1.320689e+02	1298	6.866379e+01	2.253965e+02	1.320689e+02	1298	7.664976e-01	7.000000e-01	
1.321707e+02	1299	7.344805e+01	2.280515e+02	1.321707e+02	1299	7.563908e-01	7.000000e-01	
1.322724e+02	1300	9.096629e+01	2.038058e+02	1.322724e+02	1300	6.914013e-01	7.000000e-01	
1.323741e+02	1301	1.092521e+02	1.866012e+02	1.323741e+02	1301	6.307221e-01	7.000000e-01	
1.324759e+02	1302	9.944187e+01	2.152880e+02	1.324759e+02	1302	6.840406e-01	7.000000e-01	
1.325776e+02	1303	8.426812e+01	2.270328e+02	1.325776e+02	1303	7.293033e-01	7.000000e-01	
1.326794e+02	1304	9.648474e+01	2.315347e+02	1.326794e+02	1304	7.058566e-01	7.000000e-01	
1.327811e+02	1305	9.564535e+01	2.239515e+02	1.327811e+02	1305	7.007312e-01	7.000000e-01	
1.328829e+02	1306	6.514030e+01	1.895597e+02	1.328829e+02	1306	7.442470e-01	7.000000e-01	
1.329846e+02	1307	7.810537e+01	2.008041e+02	1.329846e+02	1307	7.199616e-01	7.000000e-01	
1.330864e+02	1308	6.546750e+01	1.880305e+02	1.330864e+02	1308	7.417435e-01	7.000000e-01	
1.331881e+02	1309	7.798007e+01	1.687069e+02	1.331881e+02	1309	6.838906e-01	7.000000e-01	
1.332899e+02	1310	7.796878e+01	2.048708e+02	1.332899e+02	1310	7.243357e-01	7.000000e-01	
1.333916e+02	1311	8.772230e+01	2.207655e+02	1.333916e+02	1311	7.156377e-01	7.000000e-01	
1.334934e+02	1312	7.412961e+01	1.810528e+02	1.334934e+02	1312	7.095034e-01	7.000000e-01	
1.335951e+02	1313	6.319829e+01	1.833987e+02	1.335951e+02	1313	7.437183e-01	7.000000e-01	
1.336969e+02	1314	1.003213e+02	2.246625e+02	1.336969e+02	1314	6.913037e-01	7.000000e-01	
1.337986e+02	1315	7.773898e+01	2.050317e+02	1.337986e+02	1315	7.250812e-01	7.000000e-01	
1.339004e+02	1316	8.926121e+01	2.279325e+02	1.339004e+02	1316	7.185909e-01	7.000000e-01	
1.340021e+02	1317	8.104771e+01	2.194020e+02	1.340021e+02	1317	7.302453e-01	7.000000e-01	
1.341039e+02	1318	1.091552e+02	1.890449e+02	1.341039e+02	1318	6.339532e-01	7.000000e-01	
1.342056e+02	1319	1.035456e+02	2.245844e+02	1.342056e+02	1319	6.844373e-01	7.000000e-01	
1.343074e+02	1320	9.349272e+01	2.090424e+02	1.343074e+02	1320	6.909690e-01	7.000000e-01	
1.344091e+02	1321	8.362585e+01	2.396185e+02	1.344091e+02	1321	7.412922e-01	7.000000e-01	
1.345109e+02	1322	9.692558e+01	2.232224e+02	1.345109e+02	1322	6.972476e-01	7.000000e-01	
1.346126e+02	1323	9.701983e+01	2.552890e+02	1.346126e+02	1323	7.246171e-01	7.000000e-01	
1.347144e+02	1324	1.100011e+02	2.419920e+02	1.347144e+02	1324	6.874907e-01	7.000000e-01	
1.348161e+02	1325	1.059219e+02	2.230953e+02	1.348161e+02	1325	6.780658e-01	7.000000e-01	
1.349178e+02	1326	6.559610e+01	2.191390e+02	1.349178e+02	1326	7.696241e-01	7.000000e-01	
1.350196e+02	1327	7.270038e+01	2.333479e+02	1.350196e+02	1327	7.624545e-01	7.000000e-01	
1.351213e+02	1328	7.371936e+01	2.582605e+02	1.351213e+02	1328	7.779403e-01	7.000000e-01	
1.352231e+02	1329	8.198839e+01	2.426538e+02	1.352231e+02	1329	7.474500e-01	7.000000e-01	
1.353248e+02	1330	7.271811e+01	2.063719e+02	1.353248e+02	1330	7.394457e-01	7.000000e-01	
1.354266e+02	1331	9.041860e+01	2.446910e+02	1.354266e+02	1331	7.301820e-01	7.000000e-01	
1.355283e+02	1332	8.396268e+01	2.536246e+02	1.355283e+02	1332	7.512860e-01	7.000000e-01	
1.356301e+02	1333	6.622153e+01	2.615122e+02	1.356301e+02	1333	7.979411e-01	7.000000e-01	
1.357318e+02	1334	8.896881e+01	2.438198e+02	1.357318e+02	1334	7.326567e-01	7.000000e-01	
1.358336e+02	1335	9.832749e+01	2.524665e+02	1.358336e+02	1335	7.197002e-01	7.000000e-01	
1.359353e+02	1336	8.275830e+01	2.656993e+02	1.359353e+02	1336	7.625011e-01	7.000000e-01	
1.360371e+02	1337	7.624530e+01	2.562982e+02	1.360371e+02	1337	7.707208e-01	7.000000e-01	
1.361388e+02	1338	9.301586e+01	2.534692e+02	1.361388e+02	1338	7.315444e-01	7.000000e-01	
1.362406e+02	1339	1.037918e+02	2.360199e+02	1.362406e+02	1339	6.945608e-01	7.000000e-01	
1.363423e+02	1340	9.754908e+01	2.511964e+02	1.363423e+02	1340	7.202858e-01	7.000000e-01	
1.364441e+02	1341	9.256471e+01	2.503737e+02	1.364441e+02	1341	7.300836e-01	7.000000e-01	
1.365458e+02	1342	9.524514e+01	2.404361e+02	1.365458e+02	1342	7.162631e-01	7.000000e-01	
1.366476e+02	1343	7.358940e+01	2.322341e+02	1.366476e+02	1343	7.593730e-01	7.000000e-01	
1.367493e+02	1344	9.573907e+01	2.375769e+02	1.367493e+02	1344	7.127678e-01	7.000000e-01	
1.368511e+02	1345	1.020258e+02	2.450328e+02	1.368511e+02	1345	7.060272e-01	7.000000e-01	
1.369528e+02	1346	8.435747e+01	2.107523e+02	1.369528e+02	1346	7.141488e-01	7.000000e-01	
1.370546e+02	1347	9.496922e+01	2.497708e+02	1.370546e+02	1347	7.245193e-01	7.000000e-01	
1.371563e+02	1348	1.231878e+02	2.025053e+02	1.371563e+02	1348	6.217672e-01	7.000000e-01	
1.372581e+02	1349	8.563434e+01	2.490407e+02	1.372581e+02	1349	7.441269e-01	7.000000e-01	
1.373598e+02	1350	8.576629e+01	2.397254e+02	1.373598e+02	1350	7.365024e-01	7.000000e-01	
1.374615e+02	1351	7.306773e+01	2.513380e+02	1.374615e+02	1351	7.747644e-01	7.000000e-01	
1.375633e+02	1352	7.991890e+01	2.384075e+02	1.375633e+02	1352	7.489404e-01	7.000000e-01	
1.376650e+02	1353	8.002363e+01	2.328538e+02	1.376650e+02	1353	7.442333e-01	7.000000e-01	
1.377668e+02	1354	7.889304e+01	2.525484e+02	1.377668e+02	1354	7.619699e-01	7.000000e-01	
1.378685e+02	1355	8.652369e+01	2.529227e+02	1.378685e+02	1355	7.451035e-01	7.000000e-01	
1.379703e+02	1356	8.953772e+01	2.491480e+02	1.379703e+02	1356	7.356318e-01	7.000000e-01	
1.380720e+02	1357	9.070101e+01	2.470912e+02	1.380720e+02	1357	7.314887e-01	7.000000e-01	
1.381738e+02	1358	9.190743e+01	2.364496e+02	1.381738e+02	1358	7.200991e-01	7.000000e-01	
1.382755e+02	1359	9.341426e+01	2.425176e+02	1.382755e+02	1359	7.219250e-01	7.000000e-01	
1.383773e+02	1360	8.271211e+01	2.346325e+02	1.383773e+02	1360	7.393619e-01	7.000000e-01	
1.384790e+02	1361	8.871213e+01	2.336089e+02	1.384790e+02	1361	7.247709e-01	7.000000e-01	
1.385808e+02	1362	8.609474e+01	2.496771e+02	1.385808e+02	1362	7.435915e-01	7.000000e-01	
1.386825e+02	1363	1.036168e+02	2.362499e+02	1.386825e+02	1363	6.951252e-01	7.000000e-01	
1.387843e+02	1364	8.942420e+01	2.446701e+02	1.387843e+02	1364	7.323384e-01	7.000000e-01	
1.388860e+02	1365	8.786836e+01	2.268240e+02	1.388860e+02	1365	7.207801e-01	7.000000e-01	
1.389878e+02	1366	9.102973e+01	2.080266e+02	1.389878e+02	1366	6.956101e-01	7.000000e-01	
1.390895e+02	1367	9.336825e+01	2.152173e+02	1.390895e+02	1367	6.974316e-01	7.000000e-01	
1.391913e+02	1368	8.476645e+01	2.129140e+02	1.391913e+02	1368	7.152435e-01	7.000000e-01	
1.392930e+02	1369	8.934845e+01	2.276232e+02	1.392930e+02	1369	7.181185e-01	7.000000e-01	
1.393948e+02	1370	9.293183e+01	2.214167e+02	1.393948e+02	1370	7.043669e-01	7.000000e-01	
1.394965e+02	1371	8.815220e+01	2.234810e+02	1.394965e+02	1371	7.171283e-01	7.000000e-01	
1.395983e+02	1372	9.094488e+01	2.190415e+02	1.395983e+02	1372	7.066165e-01	7.000000e-01	
1.397000e+02	1373	8.874242e+01	2.141051e+02	1.397000e+02	1373	7.069733e-01	7.000000e-01	
1.398018e+02	1374	9.391063e+01	1.820792e+02	1.398018e+02	1374	6.597316e-01	7.000000e-01	
1.399035e+02	1375	9.198048e+01	2.133445e+02	1.399035e+02	1375	6.987456e-01	7.000000e-01	
1.400052e+02	1376	9.051592e+01	2.141937e+02	1.400052e+02	1376	7.029437e-01	7.000000e-01	
1.401070e+02	1377	9.633596e+01	2.279438e+02	1.401070e+02	1377	7.029233e-01	7.000000e-01	
1.402087e+02	1378	9.214539e+01	2.085691e+02	1.402087e+02	1378	6.935785e-01	7.000000e-01	
1.403105e+02	1379	8.950682e+01	2.007550e+02	1.403105e+02	1379	6.916342e-01	7.000000e-01	
1.404122e+02	1380	1.013582e+02	1.962533e+02	1.404122e+02	1380	6.594278e-01	7.000000e-01	
1.405140e+02	1381	9.795490e+01	1.993217e+02	1.405140e+02	1381	6.704924e-01	7.000000e-01	
1.406157e+02	1382	9.889554e+01	1.842211e+02	1.406157e+02	1382	6.506898e-01	7.000000e-01	
1.407175e+02	1383	9.567834e+01	2.117043e+02	1.407175e+02	1383	6.887321e-01	7.000000e-01	
1.408192e+02	1384	9.668032e+01	1.945122e+02	1.408192e+02	1384	6.679849e-01	7.000000e-01	
1.409210e+02	1385	9.316903e+01	2.110674e+02	1.409210e+02	1385	6.937611e-01	7.000000e-01	
1.410227e+02	1386	1.008572e+02	2.078786e+02	1.410227e+02	1386	6.733220e-01	7.000000e-01	
1.411245e+02	1387	1.022342e+02	1.858845e+02	1.411245e+02	1387	6.451664e-01	7.000000e-01	
1.412262e+02	1388	1.099190e+02	1.843441e+02	1.412262e+02	1388	6.264601e-01	7.000000e-01	
1.413280e+02	1389	9.494327e+01	2.043422e+02	1.413280e+02	1389	6.827669e-01	7.000000e-01	
1.414297e+02	1390	7.774403e+01	1.807487e+02	1.414297e+02	1390	6.992409e-01	7.000000e-01	
1.415315e+02	1391	7.705023e+01	2.200395e+02	1.415315e+02	1391	7.406500e-01	7.000000e-01	
1.416332e+02	1392	9.311467e+01	2.303896e+02	1.416332e+02	1392	7.121687e-01	7.000000e-01	
1.417350e+02	1393	9.447415e+01	1.987278e+02	1.417350e+02	1393	6.777847e-01	7.000000e-01	
1.418367e+02	1394	8.155893e+01	2.091052e+02	1.418367e+02	1394	7.194049e-01	7.000000e-01	
1.419385e+02	1395	6.951598e+01	2.155895e+02	1.419385e+02	1395	7.561745e-01	7.000000e-01	
1.420402e+02	1396	9.195221e+01	2.333567e+02	1.420402e+02	1396	7.173388e-01	7.000000e-01	
1.421420e+02	1397	7.578922e+01	2.204727e+02	1.421420e+02	1397	7.441817e-01	7.000000e-01	
1.422437e+02	1398	6.656781e+01	2.196624e+02	1.422437e+02	1398	7.674326e-01	7.000000e-01	
1.423455e+02	1399	7.664301e+01	2.089516e+02	1.423455e+02	1399	7.316371e-01	7.000000e-01	
1.424472e+02	1400	6.753590e+01	2.184033e+02	1.424472e+02	1400	7.638103e-01	7.000000e-01	
1.425489e+02	1401	7.025002e+01	2.156117e+02	1.425489e+02	1401	7.542517e-01	7.000000e-01	
1.426507e+02	1402	7.158810e+01	2.090919e+02	1.426507e+02	1402	7.449476e-01	7.000000e-01	
1.427524e+02	1403	7.140438e+01	2.138733e+02	1.427524e+02	1403	7.497022e-01	7.000000e-01	
1.428542e+02	1404	7.226943e+01	2.202685e+02	1.428542e+02	1404	7.529571e-01	7.000000e-01	
1.429559e+02	1405	7.861563e+01	2.149677e+02	1.429559e+02	1405	7.322204e-01	7.000000e-01	
1.430577e+02	1406	6.874502e+01	2.092667e+02	1.430577e+02	1406	7.527262e-01	7.000000e-01	
1.431594e+02	1407	6.396564e+01	2.232523e+02	1.431594e+02	1407	7.772923e-01	7.000000e-01	
1.432612e+02	1408	6.889013e+01	1.990873e+02	1.432612e+02	1408	7.429256e-01	7.000000e-01	
1.433629e+02	1409	8.112198e+01	1.839840e+02	1.433629e+02	1409	6.940017e-01	7.000000e-01	
1.434647e+02	1410	8.005829e+01	2.070619e+02	1.434647e+02	1410	7.211680e-01	7.000000e-01	
1.435664e+02	1411	6.720137e+01	2.153640e+02	1.435664e+02	1411	7.621741e-01	7.000000e-01	
1.436682e+02	1412	7.455435e+01	2.014550e+02	1.436682e+02	1412	7.298847e-01	7.000000e-01	
1.437699e+02	1413	8.762367e+01	1.958611e+02	1.437699e+02	1413	6.909052e-01	7.000000e-01	
1.438717e+02	1414	7.677594e+01	2.083519e+02	1.438717e+02	1414	7.307315e-01	7.000000e-01	
1.439734e+02	1415	7.974809e+01	1.978038e+02	1.439734e+02	1415	7.126732e-01	7.000000e-01	
1.440752e+02	1416	6.885469e+01	1.824454e+02	1.440752e+02	1416	7.260061e-01	7.000000e-01	
1.441769e+02	1417	7.387643e+01	1.931002e+02	1.441769e+02	1417	7.232850e-01	7.000000e-01	
1.442787e+02	1418	7.883091e+01	1.941299e+02	1.442787e+02	1418	7.112006e-01	7.000000e-01	
1.443804e+02	1419	8.859662e+01	1.827550e+02	1.443804e+02	1419	6.734988e-01	7.000000e-01	
1.444822e+02	1420	4.334500e+01	1.683816e+02	1.444822e+02	1420	7.952784e-01	7.000000e-01	
1.445839e+02	1421	8.315772e+01	1.925581e+02	1.445839e+02	1421	6.983934e-01	7.000000e-01	
1.446857e+02	1422	7.561277e+01	2.079863e+02	1.446857e+02	1422	7.333815e-01	7.000000e-01	
1.447874e+02	1423	4.276416e+01	1.675353e+02	1.447874e+02	1423	7.966511e-01	7.000000e-01	
1.448892e+02	1424	7.368004e+01	2.038603e+02	1.448892e+02	1424	7.345249e-01	7.000000e-01	
1.449909e+02	1425	9.810751e+01	2.208351e+02	1.449909e+02	1425	6.923976e-01	7.000000e-01	
1.450926e+02	1426	9.099748e+01	1.975291e+02	1.450926e+02	1426	6.846132e-01	7.000000e-01	
1.451944e+02	1427	7.850485e+01	2.258110e+02	1.451944e+02	1427	7.420284e-01	7.000000e-01	
1.452961e+02	1428	7.428748e+01	2.170181e+02	1.452961e+02	1428	7.449844e-01	7.000000e-01	
1.453979e+02	1429	7.596175e+01	2.358481e+02	1.453979e+02	1429	7.563844e-01	7.000000e-01	
1.454996e+02	1430	7.662099e+01	1.994853e+02	1.454996e+02	1430	7.224946e-01	7.000000e-01	
1.456014e+02	1431	7.448965e+01	2.580996e+02	1.456014e+02	1431	7.760311e-01	7.000000e-01	
1.457031e+02	1432	5.733026e+01	2.956756e+02	1.457031e+02	1432	8.375940e-01	7.000000e-01	
1.458049e+02	1433	6.660494e+01	2.260286e+02	1.458049e+02	1433	7.723947e-01	7.000000e-01	
1.459066e+02	1434	8.072338e+01	2.396176e+02	1.459066e+02	1434	7.480080e-01	7.000000e-01	
1.460084e+02	1435	7.651366e+01	2.554897e+02	1.460084e+02	1435	7.695395e-01	7.000000e-01	
1.461101e+02	1436	8.247705e+01	2.333846e+02	1.461101e+02	1436	7.388824e-01	7.000000e-01	
1.462119e+02	1437	8.260157e+01	2.294315e+02	1.462119e+02	1437	7.352794e-01	7.000000e-01	
1.463136e+02	1438	8.650340e+01	2.218866e+02	1.463136e+02	1438	7.195000e-01	7.000000e-01	
1.464154e+02	1439	8.462293e+01	2.297659e+02	1.464154e+02	1439	7.308335e-01	7.000000e-01	
1.465171e+02	1440	7.496206e+01	2.247765e+02	1.465171e+02	1440	7.499085e-01	7.000000e-01	
1.466189e+02	1441	8.062435e+01	2.267165e+02	1.466189e+02	1441	7.376712e-01	7.000000e-01	
1.467206e+02	1442	8.595331e+01	2.199825e+02	1.467206e+02	1442	7.190479e-01	7.000000e-01	
1.468224e+02	1443	8.573567e+01	2.277693e+02	1.468224e+02	1443	7.265253e-01	7.000000e-01	
1.469241e+02	1444	8.234511e+01	2.263330e+02	1.469241e+02	1444	7.332331e-01	7.000000e-01	
1.470259e+02	1445	8.372645e+01	2.242547e+02	1.470259e+02	1445	7.281442e-01	7.000000e-01	
1.471276e+02	1446	8.145956e+01	2.369764e+02	1.471276e+02	1446	7.441886e-01	7.000000e-01	
1.472294e+02	1447	8.099101e+01	2.352938e+02	1.472294e+02	1447	7.439301e-01	7.000000e-01	
1.473311e+02	1448	8.433021e+01	2.498898e+02	1.473311e+02	1448	7.476805e-01	7.000000e-01	
1.474329e+02	1449	7.070378e+01	2.217129e+02	1.474329e+02	1449	7.582088e-01	7.000000e-01	
1.475346e+02	1450	7.283725e+01	2.551991e+02	1.475346e+02	1450	7.779598e-01	7.000000e-01	
1.476363e+02	1451	6.140163e+01	2.712634e+02	1.476363e+02	1451	8.154251e-01	7.000000e-01	
1.477381e+02	1452	8.182610e+01	2.402718e+02	1.477381e+02	1452	7.459589e-01	7.000000e-01	
1.478398e+02	1453	6.413269e+01	2.322880e+02	1.478398e+02	1453	7.836430e-01	7.000000e-01	
1.479416e+02	1454	8.407160e+01	2.373681e+02	1.479416e+02	1454	7.384530e-01	7.000000e-01	
1.480433e+02	1455	8.387716e+01	2.453232e+02	1.480433e+02	1455	7.452094e-01	7.000000e-01	
1.481451e+02	1456	7.678212e+01	2.453967e+02	1.481451e+02	1456	7.616786e-01	7.000000e-01	
1.482468e+02	1457	7.994076e+01	2.427463e+02	1.482468e+02	1457	7.522654e-01	7.000000e-01	
1.483486e+02	1458	7.624174e+01	2.486896e+02	1.483486e+02	1458	7.653605e-01	7.000000e-01	
1.484503e+02	1459	7.997868e+01	2.598793e+02	1.484503e+02	1459	7.646703e-01	7.000000e-01	
1.485521e+02	1460	8.709991e+01	2.428565e+02	1.485521e+02	1460	7.360260e-01	7.000000e-01	
1.486538e+02	1461	8.591346e+01	2.559577e+02	1.486538e+02	1461	7.486964e-01	7.000000e-01	
1.487556e+02	1462	1.128917e+02	2.202208e+02	1.487556e+02	1462	6.611004e-01	7.000000e-01	
1.488573e+02	1463	1.112313e+02	1.804943e+02	1.488573e+02	1463	6.187126e-01	7.000000e-01	
1.489591e+02	1464	9.231641e+01	2.526325e+02	1.489591e+02	1464	7.323766e-01	7.000000e-01	
1.490608e+02	1465	1.157245e+02	2.729573e+02	1.490608e+02	1465	7.022642e-01	7.000000e-01	
1.491626e+02	1466	9.081076e+01	2.460947e+02	1.491626e+02	1466	7.304563e-01	7.000000e-01	
1.492643e+02	1467	8.622071e+01	2.326067e+02	1.492643e+02	1467	7.295693e-01	7.000000e-01	
1.493661e+02	1468	9.178287e+01	2.350828e+02	1.493661e+02	1468	7.192031e-01	7.000000e-01	
1.494678e+02	1469	8.571331e+01	2.260885e+02	1.494678e+02	1469	7.251032e-01	7.000000e-01	
1.495696e+02	1470	8.305046e+01	2.587898e+02	1.495696e+02	1470	7.570489e-01	7.000000e-01	
1.496713e+02	1471	9.235363e+01	2.559605e+02	1.496713e+02	1471	7.348553e-01	7.000000e-01	
1.497731e+02	1472	1.067197e+02	2.172473e+02	1.497731e+02	1472	6.705847e-01	7.000000e-01	
1.498748e+02	1473	9.170140e+01	2.115474e+02	1.498748e+02	1473	6.976034e-01	7.000000e-01	
1.499766e+02	1474	8.850315e+01	2.440103e+02	1.499766e+02	1474	7.338359e-01	7.000000e-01	
1.500783e+02	1475	8.644063e+01	2.077921e+02	1.500783e+02	1475	7.062168e-01	7.000000e-01	
1.501800e+02	1476	8.823833e+01	2.029525e+02	1.501800e+02	1476	6.969742e-01	7.000000e-01	
1.502818e+02	1477	6.877084e+01	2.183022e+02	1.502818e+02	1477	7.604413e-01	7.000000e-01	
1.503835e+02	1478	8.413611e+01	2.025076e+02	1.503835e+02	1478	7.064784e-01	7.000000e-01	
1.504853e+02	1479	7.990852e+01	2.208241e+02	1.504853e+02	1479	7.342872e-01	7.000000e-01	
1.505870e+02	1480	6.936132e+01	2.164935e+02	1.505870e+02	1480	7.573547e-01	7.000000e-01	
1.506888e+02	1481	8.863950e+01	2.056069e+02	1.506888e+02	1481	6.987576e-01	7.000000e-01	
1.507905e+02	1482	9.100696e+01	2.089248e+02	1.507905e+02	1482	6.965744e-01	7.000000e-01	
1.508923e+02	1483	9.625808e+01	1.790141e+02	1.508923e+02	1483	6.503167e-01	7.000000e-01	
1.509940e+02	1484	9.419102e+01	2.078302e+02	1.509940e+02	1484	6.881311e-01	7.000000e-01	
1.510958e+02	1485	7.132561e+01	2.130311e+02	1.510958e+02	1485	7.491685e-01	7.000000e-01	
1.511975e+02	1486	9.029809e+01	2.031386e+02	1.511975e+02	1486	6.922740e-01	7.000000e-01	
1.512993e+02	1487	7.141145e+01	2.016092e+02	1.512993e+02	1487	7.384394e-01	7.000000e-01	
1.514010e+02	1488	8.868449e+01	2.193446e+02	1.514010e+02	1488	7.120905e-01	7.000000e-01	
1.515028e+02	1489	7.696236e+01	1.993242e+02	1.515028e+02	1489	7.214401e-01	7.000000e-01	
1.516045e+02	1490	6.770482e+01	1.446532e+02	1.516045e+02	1490	6.811761e-01	7.000000e-01	
1.517063e+02	1491	8.103730e+01	1.997100e+02	1.517063e+02	1491	7.113515e-01	7.000000e-01	
1.518080e+02	1492	7.587991e+01	1.651809e+02	1.518080e+02	1492	6.852250e-01	7.000000e-01	
1.519098e+02	1493	7.530164e+01	1.861771e+02	1.519098e+02	1493	7.120162e-01	7.000000e-01	
1.520115e+02	1494	6.933596e+01	1.957038e+02	1.520115e+02	1494	7.383941e-01	7.000000e-01	
1.521133e+02	1495	7.346003e+01	1.807458e+02	1.521133e+02	1495	7.110215e-01	7.000000e-01	
1.522150e+02	1496	7.708887e+01	1.847091e+02	1.522150e+02	1496	7.055406e-01	7.000000e-01	
1.523168e+02	1497	7.434176e+01	1.759130e+02	1.523168e+02	1497	7.029357e-01	7.000000e-01	
1.524185e+02	1498	6.518242e+01	1.913150e+02	1.524185e+02	1498	7.458749e-01	7.000000e-01	
1.525203e+02	1499	8.341944e+01	1.688160e+02	1.525203e+02	1499	6.692795e-01	7.000000e-01	
1.526220e+02	1500	8.698020e+01	2.191007e+02	1.526220e+02	1500	7.158261e-01	7.000000e-01	
1.527237e+02	1501	7.858673e+01	1.748826e+02	1.527237e+02	1501	6.899557e-01	7.000000e-01	
1.528255e+02	1502	7.208223e+01	2.330520e+02	1.528255e+02	1502	7.637688e-01	7.000000e-01	
1.529272e+02	1503	7.872151e+01	2.522682e+02	1.529272e+02	1503	7.621633e-01	7.000000e-01	
1.530290e+02	1504	6.957921e+01	1.857501e+02	1.530290e+02	1504	7.274923e-01	7.000000e-01	
1.531307e+02	1505	6.505699e+01	2.169107e+02	1.531307e+02	1505	7.692750e-01	7.000000e-01	
1.532325e+02	1506	7.508044e+01	2.035038e+02	1.532325e+02	1506	7.304929e-01	7.000000e-01	
1.533342e+02	1507	7.530787e+01	1.913296e+02	1.533342e+02	1507	7.175646e-01	7.000000e-01	
1.534360e+02	1508	7.800791e+01	1.942809e+02	1.534360e+02	1508	7.135104e-01	7.000000e-01	
1.535377e+02	1509	7.659823e+01	2.364408e+02	1.535377e+02	1509	7.553077e-01	7.000000e-01	
1.536395e+02	1510	8.205922e+01	2.229067e+02	1.536395e+02	1510	7.309233e-01	7.000000e-01	
1.537412e+02	1511	6.832202e+01	1.709086e+02	1.537412e+02	1511	7.144094e-01	7.000000e-01	
1.538430e+02	1512	8.266571e+01	1.919290e+02	1.538430e+02	1512	6.989537e-01	7.000000e-01	
1.539447e+02	1513	7.378558e+01	1.988894e+02	1.539447e+02	1513	7.294010e-01	7.000000e-01	
1.540465e+02	1514	9.291335e+01	2.174551e+02	1.540465e+02	1514	7.006353e-01	7.000000e-01	
1.541482e+02	1515	7.632289e+01	1.932422e+02	1.541482e+02	1515	7.168666e-01	7.000000e-01	
1.542500e+02	1516	9.035329e+01	2.297925e+02	1.542500e+02	1516	7.177745e-01	7.000000e-01	
1.543517e+02	1517	8.286508e+01	1.958817e+02	1.543517e+02	1517	7.027227e-01	7.000000e-01	
1.544535e+02	1518	1.014643e+02	2.221695e+02	1.544535e+02	1518	6.864842e-01	7.000000e-01	
1.545552e+02	1519	1.094641e+02	2.322865e+02	1.545552e+02	1519	6.796960e-01	7.000000e-01	
1.546570e+02	1520	8.187807e+01	2.254324e+02	1.546570e+02	1520	7.335656e-01	7.000000e-01	
1.547587e+02	1521	8.868375e+01	2.095222e+02	1.547587e+02	1521	7.026091e-01	7.000000e-01	
1.548605e+02	1522	7.460305e+01	2.277541e+02	1.548605e+02	1522	7.532618e-01	7.000000e-01	
1.549622e+02	1523	9.474850e+01	2.191369e+02	1.549622e+02	1523	6.981430e-01	7.000000e-01	
1.550640e+02	1524	9.225449e+01	2.334951e+02	1.550640e+02	1524	7.167932e-01	7.000000e-01	
1.551657e+02	1525	7.985753e+01	2.223993e+02	1.551657e+02	1525	7.357958e-01	7.000000e-01	
1.552674e+02	1526	6.560069e+01	2.202433e+02	1.552674e+02	1526	7.705018e-01	7.000000e-01	
1.553692e+02	1527	8.760447e+01	2.056545e+02	1.553692e+02	1527	7.012727e-01	7.000000e-01	
1.554709e+02	1528	8.136169e+01	2.410230e+02	1.554709e+02	1528	7.476255e-01	7.000000e-01	
1.555727e+02	1529	7.503095e+01	2.204127e+02	1.555727e+02	1529	7.460397e-01	7.000000e-01	
1.556744e+02	1530	7.967785e+01	2.134581e+02	1.556744e+02	1530	7.281881e-01	7.000000e-01	
1.557762e+02	1531	8.874815e+01	2.294866e+02	1.557762e+02	1531	7.211236e-01	7.000000e-01	
1.558779e+02	1532	8.411898e+01	2.543778e+02	1.558779e+02	1532	7.514925e-01	7.000000e-01	
1.559797e+02	1533	7.739127e+01	2.271090e+02	1.559797e+02	1533	7.458417e-01	7.000000e-01	
1.560814e+02	1534	8.457968e+01	2.401490e+02	1.560814e+02	1534	7.395374e-01	7.000000e-01	
1.561832e+02	1535	9.233437e+01	2.362373e+02	1.561832e+02	1535	7.189826e-01	7.000000e-01	
1.562849e+02	1536	1.134144e+02	2.156011e+02	1.562849e+02	1536	6.552916e-01	7.000000e-01	
1.563867e+02	1537	1.167049e+02	2.014836e+02	1.563867e+02	1537	6.332209e-01	7.000000e-01	
1.564884e+02	1538	1.157674e+02	1.939251e+02	1.564884e+02	1538	6.261860e-01	7.000000e-01	
1.565902e+02	1539	9.072721e+01	2.286914e+02	1.565902e+02	1539	7.159614e-01	7.000000e-01	
1.566919e+02	1540	1.089619e+02	1.914111e+02	1.566919e+02	1540	6.372447e-01	7.000000e-01	
1.567937e+02	1541	1.114486e+02	2.056274e+02	1.567937e+02	1541	6.485114e-01	7.000000e-01	
1.568954e+02	1542	1.052027e+02	2.292449e+02	1.568954e+02	1542	6.854434e-01	7.000000e-01	
1.569972e+02	1543	1.055479e+02	1.954741e+02	1.569972e+02	1543	6.493682e-01	7.000000e-01	
1.570989e+02	1544	1.368886e+02	2.251580e+02	1.570989e+02	1544	6.219034e-01	7.000000e-01	
1.572007e+02	1545	1.112509e+02	2.042585e+02	1.572007e+02	1545	6.473928e-01	7.000000e-01	
1.573024e+02	1546	7.135756e+01	2.063187e+02	1.573024e+02	1546	7.430189e-01	7.000000e-01	
1.574042e+02	1547	8.565631e+01	2.255543e+02	1.574042e+02	1547	7.247642e-01	7.000000e-01	
1.575059e+02	1548	8.300222e+01	2.252774e+02	1.575059e+02	1548	7.307567e-01	7.000000e-01	
1.576077e+02	1549	7.130548e+01	2.062825e+02	1.576077e+02	1549	7.431248e-01	7.000000e-01	
1.577094e+02	1550	7.475002e+01	2.260656e+02	1.577094e+02	1550	7.515088e-01	7.000000e-01	
1.578111e+02	1551	8.859470e+01	2.162878e+02	1.578111e+02	1551	7.094136e-01	7.000000e-01	
1.579129e+02	1552	1.007275e+02	1.801396e+02	1.579129e+02	1552	6.413695e-01	7.000000e-01	
1.580146e+02	1553	8.158317e+01	2.203548e+02	1.580146e+02	1553	7.298016e-01	7.000000e-01	
1.581164e+02	1554	5.506820e+01	2.507618e+02	1.581164e+02	1554	8.199385e-01	7.000000e-01	
1.582181e+02	1555	9.014050e+01	2.181744e+02	1.582181e+02	1555	7.076350e-01	7.000000e-01	
1.583199e+02	1556	9.150020e+01	2.203602e+02	1.583199e+02	1556	7.065988e-01	7.000000e-01	
1.584216e+02	1557	8.984195e+01	2.325573e+02	1.584216e+02	1557	7.213333e-01	7.000000e-01	
1.585234e+02	1558	7.415225e+01	2.202180e+02	1.585234e+02	1558	7.480987e-01	7.000000e-01	
1.586251e+02	1559	8.604116e+01	2.178414e+02	1.586251e+02	1559	7.168605e-01	7.000000e-01	
1.587269e+02	1560	1.061035e+02	2.162133e+02	1.587269e+02	1560	6.708099e-01	7.000000e-01	
1.588286e+02	1561	8.909071e+01	2.082202e+02	1.588286e+02	1561	7.003450e-01	7.000000e-01	
1.589304e+02	1562	7.858976e+01	2.377023e+02	1.589304e+02	1562	7.515279e-01	7.000000e-01	
1.590321e+02	1563	8.012451e+01	2.344616e+02	1.590321e+02	1563	7.453018e-01	7.000000e-01	
1.591339e+02	1564	8.600475e+01	2.305816e+02	1.591339e+02	1564	7.283372e-01	7.000000e-01	
1.592356e+02	1565	8.210068e+01	2.423190e+02	1.592356e+02	1565	7.469306e-01	7.000000e-01	
1.593374e+02	1566	8.628280e+01	2.150640e+02	1.593374e+02	1566	7.136761e-01	7.000000e-01	
1.594391e+02	1567	7.682766e+01	2.412650e+02	1.594391e+02	1567	7.584740e-01	7.000000e-01	
1.595409e+02	1568	7.157657e+01	2.425187e+02	1.595409e+02	1568	7.721183e-01	7.000000e-01	
1.596426e+02	1569	8.246869e+01	2.283490e+02	1.596426e+02	1569	7.346718e-01	7.000000e-01	
1.597444e+02	1570	7.441177e+01	2.068582e+02	1.597444e+02	1570	7.354436e-01	7.000000e-01	
1.598461e+02	1571	8.809823e+01	2.134301e+02	1.598461e+02	1571	7.078277e-01	7.000000e-01	
1.599479e+02	1572	9.367562e+01	2.130388e+02	1.599479e+02	1572	6.945836e-01	7.000000e-01	
1.600496e+02	1573	9.897317e+01	2.303111e+02	1.600496e+02	1573	6.994294e-01	7.000000e-01	
1.601514e+02	1574	9.072904e+01	2.194480e+02	1.601514e+02	1574	7.074927e-01	7.000000e-01	
1.602531e+02	1575	1.001950e+02	2.193131e+02	1.602531e+02	1575	6.864086e-01	7.000000e-01	
1.603548e+02	1576	1.119517e+02	2.335722e+02	1.603548e+02	1576	6.759943e-01	7.000000e-01	
1.604566e+02	1577	8.575506e+01	2.109070e+02	1.604566e+02	1577	7.109335e-01	7.000000e-01	
1.605583e+02	1578	9.496203e+01	2.318349e+02	1.605583e+02	1578	7.094158e-01	7.000000e-01	
1.606601e+02	1579	7.257770e+01	1.967573e+02	1.606601e+02	1579	7.305300e-01	7.000000e-01	
1.607618e+02	1580	5.789645e+01	1.911643e+02	1.607618e+02	1580	7.675409e-01	7.000000e-01	
1.608636e+02	1581	8.302036e+01	2.184064e+02	1.608636e+02	1581	7.245753e-01	7.000000e-01	
1.609653e+02	1582	7.152070e+01	2.041965e+02	1.609653e+02	1582	7.406012e-01	7.000000e-01	
1.610671e+02	1583	1.049915e+02	1.998627e+02	1.610671e+02	1583	6.556009e-01	7.000000e-01	
1.611688e+02	1584	8.636229e+01	2.180654e+02	1.611688e+02	1584	7.163126e-01	7.000000e-01	
1.612706e+02	1585	8.733848e+01	2.095012e+02	1.612706e+02	1585	7.057722e-01	7.000000e-01	
1.613723e+02	1586	7.850888e+01	2.126474e+02	1.613723e+02	1586	7.303548e-01	7.000000e-01	
1.614741e+02	1587	9.061507e+01	2.149196e+02	1.614741e+02	1587	7.034213e-01	7.000000e-01	
1.615758e+02	1588	7.886159e+01	2.106689e+02	1.615758e+02	1588	7.276225e-01	7.000000e-01	
1.616776e+02	1589	6.782161e+01	2.177080e+02	1.616776e+02	1589	7.624708e-01	7.000000e-01	
1.617793e+02	1590	8.669748e+01	2.136345e+02	1.617793e+02	1590	7.113278e-01	7.000000e-01	
1.618811e+02	1591	8.695155e+01	2.068605e+02	1.618811e+02	1591	7.040572e-01	7.000000e-01	
1.619828e+02	1592	1.086150e+02	1.919665e+02	1.619828e+02	1592	6.386504e-01	7.000000e-01	
1.620846e+02	1593	1.225373e+02	2.011741e+02	1.620846e+02	1593	6.214613e-01	7.000000e-01	
1.621863e+02	1594	8.239164e+01	1.887732e+02	1.621863e+02	1594	6.961566e-01	7.000000e-01	
1.622881e+02	1595	6.673703e+01	2.042719e+02	1.622881e+02	1595	7.537460e-01	7.000000e-01	
1.623898e+02	1596	9.385367e+01	2.117015e+02	1.623898e+02	1596	6.928421e-01	7.000000e-01	
1.624916e+02	1597	6.959280e+01	1.522197e+02	1.624916e+02	1597	6.862539e-01	7.000000e-01	
1.625933e+02	1598	8.345033e+01	1.897692e+02	1.625933e+02	1598	6.945667e-01	7.000000e-01	
1.626951e+02	1599	1.098295e+02	2.280673e+02	1.626951e+02	1599	6.749614e-01	7.000000e-01	
1.627968e+02	1600	1.039599e+02	2.523431e+02	1.627968e+02	1600	7.082261e-01	7.000000e-01	
1.628985e+02	1601	9.350798e+01	2.401019e+02	1.628985e+02	1601	7.197086e-01	7.000000e-01	
1.630003e+02	1602	1.038503e+02	2.252892e+02	1.630003e+02	1602	6.844794e-01	7.000000e-01	
1.631020e+02	1603	8.566219e+01	2.228962e+02	1.631020e+02	1603	7.223793e-01	7.000000e-01	
1.632038e+02	1604	1.148536e+02	2.816078e+02	1.632038e+02	1604	7.103032e-01	7.000000e-01	
1.633055e+02	1605	9.879958e+01	2.235349e+02	1.633055e+02	1605	6.934874e-01	7.000000e-01	
1.634073e+02	1606	1.091515e+02	2.209453e+02	1.634073e+02	1606	6.693349e-01	7.000000e-01	
1.635090e+02	1607	9.292916e+01	2.380745e+02	1.635090e+02	1607	7.192504e-01	7.000000e-01	
1.636108e+02	1608	7.999808e+01	2.314554e+02	1.636108e+02	1608	7.431460e-01	7.000000e-01	
1.637125e+02	1609	8.996364e+01	2.081401e+02	1.637125e+02	1609	6.982136e-01	7.000000e-01	
1.638143e+02	1610	8.912659e+01	2.320736e+02	1.638143e+02	1610	7.225201e-01	7.000000e-01	
1.639160e+02	1611	9.814918e+01	1.951992e+02	1.639160e+02	1611	6.654177e-01	7.000000e-01	
1.640178e+02	1612	7.319332e+01	1.841573e+02	1.640178e+02	1612	7.155891e-01	7.000000e-01	
1.641195e+02	1613	8.420788e+01	2.322266e+02	1.641195e+02	1613	7.338853e-01	7.000000e-01	
1.642213e+02	1614	1.260865e+02	1.449401e+02	1.642213e+02	1614	5.347818e-01	7.000000e-01	
1.643230e+02	1615	9.269732e+01	2.705767e+02	1.643230e+02	1615	7.448281e-01	7.000000e-01	
1.644248e+02	1616	9.489096e+01	2.698811e+02	1.644248e+02	1616	7.398623e-01	7.000000e-01	
1.645265e+02	1617	7.864369e+01	2.580606e+02	1.645265e+02	1617	7.664310e-01	7.000000e-01	
1.646283e+02	1618	8.029165e+01	2.520944e+02	1.646283e+02	1618	7.584386e-01	7.000000e-01	
1.647300e+02	1619	8.455048e+01	2.764116e+02	1.647300e+02	1619	7.657635e-01	7.000000e-01	
1.648318e+02	1620	9.262070e+01	2.590616e+02	1.648318e+02	1620	7.366353e-01	7.000000e-01	
1.649335e+02	1621	9.029211e+01	2.508290e+02	1.649335e+02	1621	7.353078e-01	7.000000e-01	
1.650353e+02	1622	1.308185e+02	2.978537e+02	1.650353e+02	1622	6.948286e-01	7.000000e-01	
1.651370e+02	1623	8.252709e+01	2.629322e+02	1.651370e+02	1623	7.611091e-01	7.000000e-01	
1.652388e+02	1624	9.296695e+01	2.688988e+02	1.652388e+02	1624	7.430899e-01	7.000000e-01	
1.653405e+02	1625	9.428055e+01	1.855983e+02	1.653405e+02	1625	6.631380e-01	7.000000e-01	
1.654422e+02	1626	9.566700e+01	2.636599e+02	1.654422e+02	1626	7.337605e-01	7.000000e-01	
1.655440e+02	1627	7.777798e+01	2.296279e+02	1.655440e+02	1627	7.469860e-01	7.000000e-01	
1.656457e+02	1628	7.546011e+01	2.175779e+02	1.656457e+02	1628	7.424904e-01	7.000000e-01	
1.657475e+02	1629	9.673310e+01	2.460202e+02	1.657475e+02	1629	7.177763e-01	7.000000e-01	
1.658492e+02	1630	7.700878e+01	2.460310e+02	1.658492e+02	1630	7.616121e-01	7.000000e-01	
1.659510e+02	1631	8.189920e+01	2.177626e+02	1.659510e+02	1631	7.266946e-01	7.000000e-01	
1.660527e+02	1632	8.406420e+01	2.029744e+02	1.660527e+02	1632	7.071328e-01	7.000000e-01	
1.661545e+02	1633	7.798210e+01	2.112064e+02	1.661545e+02	1633	7.303416e-01	7.000000e-01	
1.662562e+02	1634	8.376690e+01	2.045516e+02	1.662562e+02	1634	7.094640e-01	7.000000e-01	
1.663580e+02	1635	8.732223e+01	2.468418e+02	1.663580e+02	1635	7.386845e-01	7.000000e-01	
1.664597e+02	1636	7.779716e+01	2.133167e+02	1.664597e+02	1636	7.327604e-01	7.000000e-01	
1.665615e+02	1637	8.990156e+01	2.264655e+02	1.665615e+02	1637	7.158315e-01	7.000000e-01	
1.666632e+02	1638	7.699509e+01	2.017287e+02	1.666632e+02	1638	7.237585e-01	7.000000e-01	
1.667650e+02	1639	1.027718e+02	2.345463e+02	1.667650e+02	1639	6.953268e-01	7.000000e-01	
1.668667e+02	1640	8.483470e+01	2.182878e+02	1.668667e+02	1640	7.201306e-01	7.000000e-01	
1.669685e+02	1641	7.351516e+01	2.082986e+02	1.669685e+02	1641	7.391357e-01	7.000000e-01	
1.670702e+02	1642	8.489951e+01	2.085558e+02	1.670702e+02	1642	7.106902e-01	7.000000e-01	
1.671720e+02	1643	8.423202e+01	1.987804e+02	1.671720e+02	1643	7.023734e-01	7.000000e-01	
1.672737e+02	1644	8.667184e+01	1.934158e+02	1.672737e+02	1644	6.905546e-01	7.000000e-01	
1.673755e+02	1645	7.265983e+01	2.077906e+02	1.673755e+02	1645	7.409174e-01	7.000000e-01	
1.674772e+02	1646	7.456998e+01	1.962455e+02	1.674772e+02	1646	7.246465e-01	7.000000e-01	
1.675790e+02	1647	7.225625e+01	1.973603e+02	1.675790e+02	1647	7.320037e-01	7.000000e-01	
1.676807e+02	1648	7.554549e+01	2.059701e+02	1.676807e+02	1648	7.316472e-01	7.000000e-01	
1.677825e+02	1649	8.737846e+01	1.857299e+02	1.677825e+02	1649	6.800594e-01	7.000000e-01	
1.678842e+02	1650	8.900763e+01	2.174439e+02	1.678842e+02	1650	7.095540e-01	7.000000e-01	
1.679859e+02	1651	8.251725e+01	2.190885e+02	1.679859e+02	1651	7.264069e-01	7.000000e-01	
1.680877e+02	1652	7.245289e+01	1.913129e+02	1.680877e+02	1652	7.253135e-01	7.000000e-01	
1.681894e+02	1653	8.128337e+01	2.131388e+02	1.681894e+02	1653	7.239224e-01	7.000000e-01	
1.682912e+02	1654	8.875600e+01	1.955675e+02	1.682912e+02	1654	6.878345e-01	7.000000e-01	
1.683929e+02	1655	8.363206e+01	2.090588e+02	1.683929e+02	1655	7.142649e-01	7.000000e-01	
1.684947e+02	1656	8.324080e+01	1.935701e+02	1.684947e+02	1656	6.992864e-01	7.000000e-01	
1.685964e+02	1657	9.305316e+01	2.146425e+02	1.685964e+02	1657	6.975805e-01	7.000000e-01	
1.686982e+02	1658	7.889921e+01	2.147400e+02	1.686982e+02	1658	7.313056e-01	7.000000e-01	
1.687999e+02	1659	8.401328e+01	2.098049e+02	1.687999e+02	1659	7.140637e-01	7.000000e-01	
1.689017e+02	1660	8.565864e+01	2.242550e+02	1.689017e+02	1660	7.236048e-01	7.000000e-01	
1.690034e+02	1661	8.184449e+01	2.019666e+02	1.690034e+02	1661	7.116234e-01	7.000000e-01	
1.691052e+02	1662	9.546876e+01	2.521456e+02	1.691052e+02	1662	7.253601e-01	7.000000e-01	
1.692069e+02	1663	1.016432e+02	2.480590e+02	1.692069e+02	1663	7.093436e-01	7.000000e-01	
1.693087e+02	1664	8.934928e+01	2.452051e+02	1.693087e+02	1664	7.329305e-01	7.000000e-01	
1.694104e+02	1665	9.677082e+01	2.311112e+02	1.694104e+02	1665	7.048609e-01	7.000000e-01	
1.695122e+02	1666	7.633499e+01	2.699856e+02	1.695122e+02	1666	7.795829e-01	7.000000e-01	
1.696139e+02	1667	8.383992e+01	2.525156e+02	1.696139e+02	1667	7.507402e-01	7.000000e-01	
1.697157e+02	1668	9.186470e+01	2.387328e+02	1.697157e+02	1668	7.221252e-01	7.000000e-01	
1.698174e+02	1669	1.134774e+02	2.105463e+02	1.698174e+02	1669	6.497867e-01	7.000000e-01	
1.699192e+02	1670	6.759084e+01	2.235329e+02	1.699192e+02	1670	7.678278e-01	7.000000e-01	
1.700209e+02	1671	1.049706e+02	2.437399e+02	1.700209e+02	1671	6.989749e-01	7.000000e-01	
1.701227e+02	1672	6.596435e+01	1.960100e+02	1.701227e+02	1672	7.482030e-01	7.000000e-01	
1.702244e+02	1673	6.826173e+01	2.139831e+02	1.702244e+02	1673	7.581471e-01	7.000000e-01	
1.703262e+02	1674	9.150571e+01	2.240590e+02	1.703262e+02	1674	7.100255e-01	7.000000e-01	
1.704279e+02	1675	6.167776e+01	1.970215e+02	1.704279e+02	1675	7.615851e-01	7.000000e-01	
1.705296e+02	1676	5.385948e+01	1.983259e+02	1.705296e+02	1676	7.864290e-01	7.000000e-01	
1.706314e+02	1677	6.844447e+01	2.258779e+02	1.706314e+02	1677	7.674507e-01	7.000000e-01	
1.707331e+02	1678	7.370138e+01	2.177237e+02	1.707331e+02	1678	7.471001e-01	7.000000e-01	
1.708349e+02	1679	8.950930e+01	2.184140e+02	1.708349e+02	1679	7.093130e-01	7.000000e-01	
1.709366e+02	1680	6.672082e+01	2.184880e+02	1.709366e+02	1680	7.660633e-01	7.000000e-01	
1.710384e+02	1681	7.708421e+01	2.333929e+02	1.710384e+02	1681	7.517234e-01	7.000000e-01	
1.711401e+02	1682	8.508830e+01	2.120457e+02	1.711401e+02	1682	7.136366e-01	7.000000e-01	
1.712419e+02	1683	8.518561e+01	2.150714e+02	1.712419e+02	1683	7.162910e-01	7.000000e-01	
1.713436e+02	1684	7.651010e+01	2.144032e+02	1.713436e+02	1684	7.370003e-01	7.000000e-01	
1.714454e+02	1685	8.064743e+01	2.221526e+02	1.714454e+02	1685	7.336611e-01	7.000000e-01	
1.715471e+02	1686	8.268075e+01	2.220740e+02	1.715471e+02	1686	7.286974e-01	7.000000e-01	
1.716489e+02	1687	8.515203e+01	2.135394e+02	1.716489e+02	1687	7.149164e-01	7.000000e-01	
1.717506e+02	1688	8.221448e+01	2.220127e+02	1.717506e+02	1688	7.297596e-01	7.000000e-01	
1.718524e+02	1689	8.689962e+01	2.239631e+02	1.718524e+02	1689	7.204566e-01	7.000000e-01	
1.719541e+02	1690	2.229667e+02	-1.461002e+01	1.719541e+02	1690	-7.012024e-02	0	
1.720559e+02	1691	2.220050e+02	1.342629e+01	1.720559e+02	1691	5.702849e-02	0	
1.721576e+02	1692	2.134741e+02	-2.341323e+01	1.721576e+02	1692	-1.231881e-01	0	
1.722594e+02	1693	2.258667e+02	1.581032e+01	1.722594e+02	1693	6.541921e-02	0	
1.723611e+02	1694	2.355684e+02	-7.067125e+00	1.723611e+02	1694	-3.092816e-02	0	
1.724629e+02	1695	2.026566e+02	2.929502e+01	1.724629e+02	1695	1.262980e-01	0	
1.725646e+02	1696	2.119545e+02	1.608526e+01	1.725646e+02	1696	7.053709e-02	0	
1.726664e+02	1697	2.299102e+02	2.496452e+01	1.726664e+02	1697	9.794820e-02	0	
1.727681e+02	1698	2.137488e+02	2.102359e+01	1.727681e+02	1698	8.954882e-02	0	
1.728699e+02	1699	2.089951e+02	3.118731e+01	1.728699e+02	1699	1.298484e-01	0	
1.729716e+02	1700	2.491998e+02	-3.749138e+00	1.729716e+02	1700	-1.527451e-02	0	
1.730733e+02	1701	2.610907e+02	2.301574e+01	1.730733e+02	1701	8.101098e-02	0	
1.731751e+02	1702	2.219310e+02	3.003233e+01	1.731751e+02	1702	1.191933e-01	0	
1.732768e+02	1703	2.532667e+02	-7.953648e+00	1.732768e+02	1703	-3.242244e-02	0	
1.733786e+02	1704	2.560774e+02	-1.077119e+01	1.733786e+02	1704	-4.390916e-02	0	
1.734803e+02	1705	2.507810e+02	-2.702325e+00	1.734803e+02	1705	-1.089302e-02	0	
1.735821e+02	1706	2.519004e+02	9.339221e+00	1.735821e+02	1706	3.574963e-02	0	
1.736838e+02	1707	2.595644e+02	-8.738684e+00	1.736838e+02	1707	-3.483967e-02	0	
1.737856e+02	1708	2.605946e+02	-9.612980e+00	1.737856e+02	1708	-3.830153e-02	0	
1.738873e+02	1709	2.490942e+02	-7.945096e+00	1.738873e+02	1709	-3.294682e-02	0	
1.739891e+02	1710	2.413071e+02	-3.143089e+00	1.739891e+02	1710	-1.319716e-02	0	
1.740908e+02	1711	2.502542e+02	-1.067937e+01	1.740908e+02	1711	-4.457634e-02	0	
1.741926e+02	1712	2.465152e+02	-4.373599e+00	1.741926e+02	1712	-1.806215e-02	0	
1.742943e+02	1713	2.463149e+02	4.202678e+00	1.742943e+02	1713	1.677598e-02	0	
1.743961e+02	1714	2.404580e+02	-1.311421e+01	1.743961e+02	1714	-5.768449e-02	0	
1.744978e+02	1715	2.519501e+02	2.822237e+00	1.744978e+02	1715	1.107749e-02	0	
1.745996e+02	1716	2.293566e+02	-9.433552e+00	1.745996e+02	1716	-4.289479e-02	0	
1.747013e+02	1717	2.301452e+02	-1.346347e+01	1.747013e+02	1717	-6.213477e-02	0	
1.748031e+02	1718	2.435305e+02	-1.477230e+01	1.748031e+02	1718	-6.457605e-02	0	
1.749048e+02	1719	2.517055e+02	2.586181e+00	1.749048e+02	1719	1.017014e-02	0	
1.750066e+02	1720	2.309982e+02	-8.411254e+00	1.750066e+02	1720	-3.778862e-02	0	
1.751083e+02	1721	2.507050e+02	-1.595408e+00	1.751083e+02	1721	-6.404442e-03	0	
1.752101e+02	1722	2.237599e+02	-1.120839e+01	1.752101e+02	1722	-5.273258e-02	0	
1.753118e+02	1723	2.203506e+02	-1.616249e+00	1.753118e+02	1723	-7.389095e-03	0	
1.754136e+02	1724	2.333955e+02	-8.811214e+00	1.754136e+02	1724	-3.923344e-02	0	
1.755153e+02	1725	2.376027e+02	-9.874390e+00	1.755153e+02	1725	-4.336040e-02	0	
1.756170e+02	1726	2.038830e+02	-2.629900e+00	1.756170e+02	1726	-1.306762e-02	0	
1.757188e+02	1727	2.123234e+02	-2.273096e+00	1.757188e+02	1727	-1.082167e-02	0	
1.758205e+02	1728	2.302404e+02	-1.123260e+01	1.758205e+02	1728	-5.128858e-02	0	
1.759223e+02	1729	2.279714e+02	-8.694252e+00	1.759223e+02	1729	-3.964960e-02	0	
1.760240e+02	1730	1.687334e+02	-1.226062e+01	1.760240e+02	1730	-7.835625e-02	0	
1.761258e+02	1731	1.919558e+02	-7.034572e+00	1.761258e+02	1731	-3.804091e-02	0	
1.762275e+02	1732	1.717401e+02	8.673222e+00	1.762275e+02	1732	4.807418e-02	0	
1.763293e+02	1733	1.694252e+02	-1.146957e+01	1.763293e+02	1733	-7.261261e-02	0	
1.764310e+02	1734	1.916365e+02	-1.512709e-01	1.764310e+02	1734	-7.899873e-04	0	
1.765328e+02	1735	1.947109e+02	-9.114025e+00	1.765328e+02	1735	-4.910656e-02	0	
1.766345e+02	1736	2.144988e+02	1.382325e+01	1.766345e+02	1736	6.054277e-02	0	
1.767363e+02	1737	1.914079e+02	-7.047412e+00	1.767363e+02	1737	-3.822626e-02	0	
1.768380e+02	1738	1.904358e+02	-1.319137e+01	1.768380e+02	1738	-7.442474e-02	0	
1.769398e+02	1739	2.017280e+02	2.280936e+01	1.769398e+02	1739	1.015838e-01	0	
1.770415e+02	1740	1.930507e+02	1.000650e+01	1.770415e+02	1740	4.927922e-02	0	
1.771433e+02	1741	2.108721e+02	1.400716e+01	1.771433e+02	1741	6.228747e-02	0	
1.772450e+02	1742	2.180385e+02	2.123331e+01	1.772450e+02	1742	8.874138e-02	0	
1.773468e+02	1743	1.871003e+02	2.140245e+01	1.773468e+02	1743	1.026483e-01	0	
1.774485e+02	1744	1.920253e+02	3.604091e+00	1.774485e+02	1744	1.842305e-02	0	
1.775503e+02	1745	2.039827e+02	3.016384e+01	1.775503e+02	1745	1.288246e-01	0	
1.776520e+02	1746	1.959303e+02	1.245271e+01	1.776520e+02	1746	5.975876e-02	0	
1.777538e+02	1747	1.880244e+02	7.011434e+00	1.777538e+02	1747	3.594947e-02	0	
1.778555e+02	1748	1.924857e+02	9.071005e+00	1.778555e+02	1748	4.500473e-02	0	
1.779573e+02	1749	1.931253e+02	1.351300e+01	1.779573e+02	1749	6.539446e-02	0	
1.780590e+02	1750	1.917436e+02	1.149717e+01	1.780590e+02	1750	5.656921e-02	0	
1.781607e+02	1751	1.993795e+02	1.946700e+01	1.781607e+02	1751	8.895276e-02	0	
1.782625e+02	1752	1.994914e+02	1.868475e+01	1.782625e+02	1752	8.564066e-02	0	
1.783642e+02	1753	1.979956e+02	1.355937e+01	1.783642e+02	1753	6.409384e-02	0	
1.784660e+02	1754	1.875565e+02	1.036831e+01	1.784660e+02	1754	5.238510e-02	0	
1.785677e+02	1755	1.859670e+02	2.190896e+01	1.785677e+02	1755	1.053944e-01	0	
1.786695e+02	1756	1.939418e+02	2.105291e+01	1.786695e+02	1756	9.792292e-02	0	
1.787712e+02	1757	2.140857e+02	1.577044e+01	1.787712e+02	1757	6.861004e-02	0	
1.788730e+02	1758	1.827266e+02	7.546535e+00	1.788730e+02	1758	3.966159e-02	0	
1.789747e+02	1759	1.979647e+02	8.093526e+00	1.789747e+02	1759	3.927786e-02	0	
1.790765e+02	1760	2.013761e+02	1.827931e+01	1.790765e+02	1760	8.321812e-02	0	
1.791782e+02	1761	2.406593e+02	1.287361e+01	1.791782e+02	1761	5.077688e-02	0	
1.792800e+02	1762	2.323971e+02	1.357350e+01	1.792800e+02	1762	5.518342e-02	0	
1.793817e+02	1763	2.115024e+02	1.378594e+01	1.793817e+02	1763	6.119243e-02	0	
1.794835e+02	1764	2.645447e+02	1.688188e+01	1.794835e+02	1764	5.998680e-02	0	
1.795852e+02	1765	2.540499e+02	1.369078e+01	1.795852e+02	1765	5.113448e-02	0	
1.796870e+02	1766	2.280608e+02	2.653307e+01	1.796870e+02	1766	1.042172e-01	0	
1.797887e+02	1767	2.667739e+02	2.542955e+01	1.797887e+02	1767	8.702686e-02	0	
1.798905e+02	1768	2.487230e+02	1.216829e+01	1.798905e+02	1768	4.664123e-02	0	
1.799922e+02	1769	2.469138e+02	-6.623223e+00	1.799922e+02	1769	-2.756339e-02	0	
1.800940e+02	1770	2.478913e+02	1.672938e+01	1.800940e+02	1770	6.322023e-02	0	
1.801957e+02	1771	2.589930e+02	1.166342e+01	1.801957e+02	1771	4.309308e-02	0	
1.802975e+02	1772	2.565669e+02	-9.589586e+00	1.802975e+02	1772	-3.882780e-02	0	
1.803992e+02	1773	1.637873e+02	7.387972e+01	1.803992e+02	1773	3.108539e-01	0	
1.805010e+02	1774	1.769835e+02	1.691575e+01	1.805010e+02	1774	8.723989e-02	0	
1.806027e+02	1775	1.906004e+02	2.996261e+01	1.806027e+02	1775	1.358460e-01	0	
1.807044e+02	1776	1.443128e+02	4.356082e+01	1.807044e+02	1776	2.318624e-01	0	
1.808062e+02	1777	1.889829e+02	1.867195e+01	1.808062e+02	1777	8.991820e-02	0	
1.809079e+02	1778	1.713838e+02	8.376615e+00	1.809079e+02	1778	4.659877e-02	0	
1.810097e+02	1779	1.760905e+02	4.274650e+01	1.810097e+02	1779	1.953349e-01	0	
1.811114e+02	1780	1.987959e+02	1.731134e+01	1.811114e+02	1780	8.010532e-02	0	
1.812132e+02	1781	1.839622e+02	1.336049e+01	1.812132e+02	1781	6.770884e-02	0	
1.813149e+02	1782	1.818109e+02	5.162094e+01	1.813149e+02	1782	2.211392e-01	0	
1.814167e+02	1783	1.852912e+02	8.132127e+00	1.814167e+02	1783	4.204316e-02	0	
1.815184e+02	1784	2.119093e+02	2.828025e+01	1.815184e+02	1784	1.177414e-01	0	
1.816202e+02	1785	1.761769e+02	2.749127e+01	1.816202e+02	1785	1.349807e-01	0	
1.817219e+02	1786	1.955659e+02	4.103410e+01	1.817219e+02	1786	1.734324e-01	0	
1.818237e+02	1787	2.010217e+02	3.956782e+01	1.818237e+02	1787	1.644619e-01	0	
1.819254e+02	1788	2.265652e+02	1.235374e+01	1.819254e+02	1788	5.170683e-02	0	
1.820272e+02	1789	2.362256e+02	9.817571e+00	1.820272e+02	1789	3.990182e-02	0	
1.821289e+02	1790	2.111984e+02	1.971524e+01	1.821289e+02	1790	8.537928e-02	0	
1.822307e+02	1791	2.202546e+02	2.337520e+01	1.822307e+02	1791	9.594557e-02	0	
1.823324e+02	1792	2.379747e+02	5.845563e+00	1.823324e+02	1792	2.397489e-02	0	
1.824342e+02	1793	1.838691e+02	3.788244e+01	1.824342e+02	1793	1.708328e-01	0	
1.825359e+02	1794	1.827382e+02	4.150787e+01	1.825359e+02	1794	1.850997e-01	0	
1.826377e+02	1795	2.261809e+02	1.079297e+01	1.826377e+02	1795	4.554498e-02	0	
1.827394e+02	1796	1.603309e+02	1.678829e+01	1.827394e+02	1796	9.478527e-02	0	
1.828412e+02	1797	2.142197e+02	3.592459e+01	1.828412e+02	1797	1.436155e-01	0	
1.829429e+02	1798	1.855809e+02	3.478906e+01	1.829429e+02	1798	1.578666e-01	0	
1.830447e+02	1799	2.104501e+02	1.974652e+01	1.830447e+02	1799	8.578110e-02	0	
1.831464e+02	1800	1.620747e+02	3.534564e+01	1.831464e+02	1800	1.790375e-01	0	
1.832481e+02	1801	1.862919e+02	3.931997e+01	1.832481e+02	1801	1.742815e-01	0	
1.833499e+02	1802	1.847426e+02	3.060263e+01	1.833499e+02	1802	1.421096e-01	0	
1.834516e+02	1803	1.936910e+02	-5.186172e+00	1.834516e+02	1803	-2.751214e-02	0	
1.835534e+02	1804	1.635507e+02	1.596248e+01	1.835534e+02	1804	8.892094e-02	0	
1.836551e+02	1805	1.635772e+02	-2.066057e+01	1.836551e+02	1805	-1.445638e-01	0	
1.837569e+02	1806	1.886002e+02	1.265106e+01	1.837569e+02	1806	6.286202e-02	0	
1.838586e+02	1807	1.784740e+02	1.710350e+00	1.838586e+02	1807	9.492223e-03	0	
1.839604e+02	1808	1.824335e+02	-1.123910e+00	1.839604e+02	1808	-6.198845e-03	0	
1.840621e+02	1809	1.886793e+02	1.270113e+01	1.840621e+02	1809	6.307033e-02	0	
1.841639e+02	1810	1.961305e+02	1.760257e+01	1.841639e+02	1810	8.235773e-02	0	
1.842656e+02	1811	1.709593e+02	-8.502114e+00	1.842656e+02	1811	-5.233449e-02	0	
1.843674e+02	1812	1.845816e+02	1.410093e+01	1.843674e+02	1812	7.097217e-02	0	
1.844691e+02	1813	1.795798e+02	2.035325e+01	1.844691e+02	1813	1.018003e-01	0	
1.845709e+02	1814	1.898355e+02	1.151880e+01	1.845709e+02	1814	5.720663e-02	0	
1.846726e+02	1815	1.873066e+02	9.612863e+00	1.846726e+02	1815	4.881622e-02	0	
1.847744e+02	1816	1.784476e+02	1.963313e+01	1.847744e+02	1816	9.911681e-02	0	
1.848761e+02	1817	2.063544e+02	6.616925e+00	1.848761e+02	1817	3.106956e-02	0	
1.849779e+02	1818	2.027370e+02	1.805891e+01	1.849779e+02	1818	8.179006e-02	0	
1.850796e+02	1819	1.963449e+02	1.673283e+01	1.850796e+02	1819	7.852923e-02	0	
1.851814e+02	1820	2.079116e+02	2.272379e+01	1.851814e+02	1820	9.852690e-02	0	
1.852831e+02	1821	2.124284e+02	1.768610e+01	1.852831e+02	1821	7.685783e-02	0	
1.853849e+02	1822	2.003091e+02	1.534424e+01	1.853849e+02	1822	7.115234e-02	0	
1.854866e+02	1823	2.080662e+02	1.747932e+01	1.854866e+02	1823	7.749797e-02	0	
1.855884e+02	1824	2.069052e+02	1.598275e+01	1.855884e+02	1824	7.170756e-02	0	
1.856901e+02	1825	2.062594e+02	1.518556e+01	1.856901e+02	1825	6.857487e-02	0	
1.857918e+02	1826	2.139161e+02	1.893484e+01	1.857918e+02	1826	8.131743e-02	0	
1.858936e+02	1827	2.055729e+02	1.205439e+01	1.858936e+02	1827	5.539007e-02	0	
1.859953e+02	1828	2.142414e+02	2.541179e+01	1.859953e+02	1828	1.060357e-01	0	
1.860971e+02	1829	2.128797e+02	1.823361e+01	1.860971e+02	1829	7.889468e-02	0	
1.861988e+02	1830	2.212292e+02	1.021871e+01	1.861988e+02	1830	4.415123e-02	0	
1.863006e+02	1831	2.074628e+02	2.043901e+01	1.863006e+02	1831	8.968340e-02	0	
1.864023e+02	1832	2.177690e+02	7.391025e+00	1.864023e+02	1832	3.282565e-02	0	
1.865041e+02	1833	2.207408e+02	8.282842e+00	1.865041e+02	1833	3.616588e-02	0	
1.866058e+02	1834	2.094123e+02	1.958097e+01	1.866058e+02	1834	8.550893e-02	0	
1.867076e+02	1835	2.280104e+02	6.730611e+00	1.867076e+02	1835	2.867250e-02	0	
1.868093e+02	1836	2.040097e+02	1.139118e+01	1.868093e+02	1836	5.288363e-02	0	
1.869111e+02	1837	2.255220e+02	1.001615e+01	1.869111e+02	1837	4.252453e-02	0	
1.870128e+02	1838	2.450151e+02	1.830384e+01	1.870128e+02	1838	6.951205e-02	0	
1.871146e+02	1839	2.055166e+02	5.445395e+00	1.871146e+02	1839	2.581221e-02	0	
1.872163e+02	1840	2.145538e+02	-6.620358e-01	1.872163e+02	1840	-3.095191e-03	0	
1.873181e+02	1841	2.270237e+02	8.456707e+00	1.873181e+02	1841	3.591257e-02	0	
1.874198e+02	1842	2.033587e+02	1.620692e+01	1.874198e+02	1842	7.381356e-02	0	
1.875216e+02	1843	1.730638e+02	-3.280524e+01	1.875216e+02	1843	-2.338912e-01	0	
1.876233e+02	1844	1.934702e+02	1.921016e+01	1.876233e+02	1844	9.032409e-02	0	
1.877251e+02	1845	2.172087e+02	6.028334e+00	1.877251e+02	1845	2.700418e-02	0	
1.878268e+02	1846	2.019382e+02	1.180127e+01	1.878268e+02	1846	5.521334e-02	0	
1.879286e+02	1847	1.951809e+02	1.779480e+01	1.879286e+02	1847	8.355319e-02	0	
1.880303e+02	1848	1.961486e+02	1.775147e+01	1.880303e+02	1848	8.298955e-02	0	
1.881321e+02	1849	1.897374e+02	4.819534e+00	1.881321e+02	1849	2.477184e-02	0	
1.882338e+02	1850	2.182569e+02	1.721140e+01	1.882338e+02	1850	7.309434e-02	0	
1.883355e+02	1851	2.142132e+02	7.529103e+00	1.883355e+02	1851	3.395429e-02	0	
1.884373e+02	1852	2.182799e+02	3.431998e+00	1.884373e+02	1852	1.547954e-02	0	
1.885390e+02	1853	2.147720e+02	1.658523e+00	1.885390e+02	1853	7.663073e-03	0	
1.886408e+02	1854	2.056979e+02	2.071766e+01	1.886408e+02	1854	9.150281e-02	0	
1.887425e+02	1855	2.434945e+02	2.765115e+01	1.887425e+02	1855	1.019790e-01	0	
1.888443e+02	1856	2.058537e+02	9.537986e+00	1.888443e+02	1856	4.428205e-02	0	
1.889460e+02	1857	2.063545e+02	-3.704994e+00	1.889460e+02	1857	-1.828277e-02	0	
1.890478e+02	1858	2.203121e+02	1.700311e+01	1.890478e+02	1858	7.164779e-02	0	
1.891495e+02	1859	2.082572e+02	1.770264e+00	1.891495e+02	1859	8.428726e-03	0	
1.892513e+02	1860	1.756625e+02	-1.194070e+01	1.892513e+02	1860	-7.293287e-02	0	
1.893530e+02	1861	2.025810e+02	1.037082e+01	1.893530e+02	1861	4.870031e-02	0	
1.894548e+02	1862	1.870709e+02	9.325182e+00	1.894548e+02	1862	4.748151e-02	0	
1.895565e+02	1863	1.986570e+02	1.604838e+01	1.895565e+02	1863	7.474605e-02	0	
1.896583e+02	1864	2.061442e+02	-2.391053e+00	1.896583e+02	1864	-1.173505e-02	0	
1.897600e+02	1865	1.872394e+02	9.316892e+00	1.897600e+02	1865	4.740063e-02	0	
1.898618e+02	1866	1.819694e+02	-4.528685e+00	1.898618e+02	1866	-2.552224e-02	0	
1.899635e+02	1867	1.856667e+02	3.101077e+00	1.899635e+02	1867	1.642800e-02	0	
1.900653e+02	1868	2.103118e+02	3.816656e+00	1.900653e+02	1868	1.782414e-02	0	
1.901670e+02	1869	2.412490e+02	2.327170e+01	1.901670e+02	1869	8.797686e-02	0	
1.902688e+02	1870	2.050580e+02	1.462367e+01	1.902688e+02	1870	6.656755e-02	0	
1.903705e+02	1871	2.165246e+02	-9.228876e-01	1.903705e+02	1871	-4.280521e-03	0	
1.904723e+02	1872	2.098324e+02	3.611198e+00	1.904723e+02	1872	1.691875e-02	0	
1.905740e+02	1873	2.164322e+02	1.084821e+01	1.905740e+02	1873	4.773051e-02	0	
1.906758e+02	1874	2.078433e+02	-3.562091e+00	1.906758e+02	1874	-1.743719e-02	0	
1.907775e+02	1875	2.399644e+02	9.552508e+00	1.907775e+02	1875	3.828401e-02	0	
1.908792e+02	1876	2.368695e+02	6.130323e+00	1.908792e+02	1876	2.522769e-02	0	
1.909810e+02	1877	2.329993e+02	4.298657e+00	1.909810e+02	1877	1.811502e-02	0	
1.910827e+02	1878	2.197526e+02	-1.256624e+00	1.910827e+02	1878	-5.751246e-03	0	
1.911845e+02	1879	2.655768e+02	-4.550899e+00	1.911845e+02	1879	-1.743466e-02	0	
1.912862e+02	1880	2.420823e+02	-7.604467e+00	1.912862e+02	1880	-3.243150e-02	0	
1.913880e+02	1881	2.616481e+02	-8.138469e-01	1.913880e+02	1881	-3.120169e-03	0	
1.914897e+02	1882	2.668988e+02	-4.752095e+00	1.914897e+02	1882	-1.812762e-02	0	
1.915915e+02	1883	2.434740e+02	-1.227453e+00	1.915915e+02	1883	-5.066958e-03	0	
1.916932e+02	1884	2.560246e+02	-1.418686e+00	1.916932e+02	1884	-5.572086e-03	0	
1.917950e+02	1885	2.331624e+02	-4.527836e+00	1.917950e+02	1885	-1.980381e-02	0	
1.918967e+02	1886	2.532442e+02	1.532595e+01	1.918967e+02	1886	5.706498e-02	0	
1.919985e+02	1887	2.548019e+02	-7.761660e+00	1.919985e+02	1887	-3.141861e-02	0	
1.921002e+02	1888	2.480667e+02	2.351809e+01	1.921002e+02	1888	8.659576e-02	0	
1.922020e+02	1889	2.410048e+02	1.768582e+00	1.922020e+02	1889	7.284909e-03	0	
1.923037e+02	1890	2.556509e+02	1.048453e+01	1.923037e+02	1890	3.939547e-02	0	
1.924055e+02	1891	2.602065e+02	1.789545e+01	1.924055e+02	1891	6.434852e-02	0	
1.925072e+02	1892	2.547833e+02	1.289777e+01	1.925072e+02	1892	4.818335e-02	0	
1.926090e+02	1893	2.399387e+02	1.884898e+01	1.926090e+02	1893	7.283569e-02	0	
1.927107e+02	1894	2.700507e+02	1.860813e+01	1.927107e+02	1894	6.446409e-02	0	
1.928125e+02	1895	2.495071e+02	1.890365e+01	1.928125e+02	1895	7.042807e-02	0	
1.929142e+02	1896	2.558586e+02	2.436722e+01	1.929142e+02	1896	8.695566e-02	0	
1.930160e+02	1897	2.267574e+02	4.209496e+00	1.930160e+02	1897	1.822554e-02	0	
1.931177e+02	1898	2.575341e+02	2.969434e+01	1.931177e+02	1898	1.033823e-01	0	
1.932195e+02	1899	2.485532e+02	1.774279e+01	1.932195e+02	1899	6.662808e-02	0	
1.933212e+02	1900	2.407235e+02	1.578640e+01	1.933212e+02	1900	6.154304e-02	0	
1.934229e+02	1901	2.561182e+02	2.284603e+01	1.934229e+02	1901	8.189591e-02	0	
1.935247e+02	1902	2.421112e+02	2.572736e+01	1.935247e+02	1902	9.605547e-02	0	
1.936264e+02	1903	2.584849e+02	4.694547e+01	1.936264e+02	1903	1.537027e-01	0	
1.937282e+02	1904	2.611420e+02	2.960303e+01	1.937282e+02	1904	1.018178e-01	0	
1.938299e+02	1905	2.373797e+02	2.422355e+01	1.938299e+02	1905	9.259652e-02	0	
1.939317e+02	1906	2.436441e+02	6.276924e+01	1.939317e+02	1906	2.048515e-01	0	
1.940334e+02	1907	2.523961e+02	3.361670e+01	1.940334e+02	1907	1.175356e-01	0	
1.941352e+02	1908	2.693721e+02	1.001286e+01	1.941352e+02	1908	3.583894e-02	0	
1.942369e+02	1909	2.471578e+02	4.953214e+01	1.942369e+02	1909	1.669492e-01	0	
1.943387e+02	1910	2.559147e+02	5.424309e+01	1.943387e+02	1910	1.748887e-01	0	
1.944404e+02	1911	3.017035e+02	1.301746e+00	1.944404e+02	1911	4.296117e-03	0	
1.945422e+02	1912	2.899552e+02	2.647805e+01	1.945422e+02	1912	8.367657e-02	0	
1.946439e+02	1913	2.920846e+02	-2.112027e+01	1.946439e+02	1913	-7.794484e-02	0	
1.947457e+02	1914	3.016219e+02	8.685848e-01	1.947457e+02	1914	2.871445e-03	0	
1.948474e+02	1915	3.099881e+02	2.553697e+01	1.948474e+02	1915	7.611047e-02	0	
1.949492e+02	1916	2.816532e+02	1.615462e+01	1.949492e+02	1916	5.424512e-02	0	
1.950509e+02	1917	2.837431e+02	2.328123e+01	1.950509e+02	1917	7.582862e-02	0	
1.951527e+02	1918	3.283168e+02	1.706990e+01	1.951527e+02	1918	4.942257e-02	0	
1.952544e+02	1919	2.715316e+02	1.826416e+01	1.952544e+02	1919	6.302425e-02	0	
1.953562e+02	1920	2.730478e+02	4.373761e+01	1.953562e+02	1920	1.380670e-01	0	
1.954579e+02	1921	2.738898e+02	8.054938e+01	1.954579e+02	1921	2.272587e-01	0	
1.955597e+02	1922	2.842905e+02	6.037158e+00	1.955597e+02	1922	2.079429e-02	0	
1.956614e+02	1923	2.578749e+02	1.951934e+00	1.956614e+02	1923	7.512442e-03	0	
1.957632e+02	1924	2.774932e+02	-1.163193e+00	1.957632e+02	1924	-4.209434e-03	0	
1.958649e+02	1925	2.829515e+02	1.335946e+01	1.958649e+02	1925	4.508595e-02	0	
1.959666e+02	1926	2.701658e+02	1.398368e+01	1.959666e+02	1926	4.921241e-02	0	
1.960684e+02	1927	2.735326e+02	-2.078408e+01	1.960684e+02	1927	-8.223225e-02	0	
1.961701e+02	1928	2.657211e+02	7.639468e+00	1.961701e+02	1928	2.794649e-02	0	
1.962719e+02	1929	2.734323e+02	1.299041e+01	1.962719e+02	1929	4.535398e-02	0	
1.963736e+02	1930	2.518824e+02	1.220108e+01	1.963736e+02	1930	4.620160e-02	0	
1.964754e+02	1931	2.759709e+02	2.188077e+01	1.964754e+02	1931	7.346197e-02	0	
1.965771e+02	1932	2.544616e+02	1.143962e+01	1.965771e+02	1932	4.302207e-02	0	
1.966789e+02	1933	2.263827e+02	8.218680e+00	1.966789e+02	1933	3.503253e-02	0	
1.967806e+02	1934	2.480992e+02	1.318501e+01	1.967806e+02	1934	5.046233e-02	0	
1.968824e+02	1935	2.356548e+02	1.249190e+01	1.968824e+02	1935	5.034079e-02	0	
1.969841e+02	1936	2.264166e+02	8.229483e+00	1.969841e+02	1936	3.507190e-02	0	
1.970859e+02	1937	2.678380e+02	7.081576e+00	1.970859e+02	1937	2.575872e-02	0	
1.971876e+02	1938	3.651961e+02	4.505724e+01	1.971876e+02	1938	1.098278e-01	0	
1.972894e+02	1939	2.653457e+02	1.342057e+01	1.972894e+02	1939	4.814273e-02	0	
1.973911e+02	1940	2.737437e+02	2.105099e+01	1.973911e+02	1940	7.140899e-02	0	
1.974929e+02	1941	2.614113e+02	-1.231897e+01	1.974929e+02	1941	-4.945544e-02	0	
1.975946e+02	1942	3.022003e+02	1.532325e+01	1.975946e+02	1942	4.825863e-02	0	
1.976964e+02	1943	2.583905e+02	1.940778e+01	1.976964e+02	1943	6.986285e-02	0	
1.977981e+02	1944	2.725242e+02	1.164955e+01	1.977981e+02	1944	4.099446e-02	0	
1.978999e+02	1945	2.691729e+02	1.897110e+01	1.978999e+02	1945	6.583896e-02	0	
1.980016e+02	1946	2.472014e+02	7.192227e+00	1.980016e+02	1946	2.827204e-02	0	
1.981034e+02	1947	2.532360e+02	3.063165e+01	1.981034e+02	1947	1.079082e-01	0	
1.982051e+02	1948	2.701088e+02	1.391790e+01	1.982051e+02	1948	4.900208e-02	0	
1.983069e+02	1949	2.601257e+02	1.978138e+01	1.983069e+02	1949	7.067124e-02	0	
1.984086e+02	1950	2.426433e+02	3.952001e+01	1.984086e+02	1950	1.400608e-01	0	
1.985103e+02	1951	2.627457e+02	2.627928e+01	1.985103e+02	1951	9.092391e-02	0	
1.986121e+02	1952	2.652191e+02	1.975817e+01	1.986121e+02	1952	6.933244e-02	0	
1.987138e+02	1953	2.631878e+02	2.810327e+01	1.987138e+02	1953	9.647831e-02	0	
1.988156e+02	1954	2.681389e+02	1.744781e+01	1.988156e+02	1954	6.109461e-02	0	
1.989173e+02	1955	2.785079e+02	2.999900e+01	1.989173e+02	1955	9.723932e-02	0	
1.990191e+02	1956	2.636587e+02	3.434776e+01	1.990191e+02	1956	1.152584e-01	0	
1.991208e+02	1957	2.518380e+02	2.202101e+01	1.991208e+02	1957	8.041003e-02	0	
1.992226e+02	1958	2.417962e+02	1.818968e+01	1.992226e+02	1958	6.996411e-02	0	
1.993243e+02	1959	2.408284e+02	2.225775e+01	1.993243e+02	1959	8.460252e-02	0	
1.994261e+02	1960	2.678488e+02	1.487680e+01	1.994261e+02	1960	5.261922e-02	0	
1.995278e+02	1961	2.674808e+02	1.761107e+01	1.995278e+02	1961	6.177332e-02	0	
1.996296e+02	1962	2.248891e+02	2.639857e+01	1.996296e+02	1962	1.050532e-01	0	
1.997313e+02	1963	2.410587e+02	1.756506e+01	1.997313e+02	1963	6.791743e-02	0	
1.998331e+02	1964	2.400266e+02	3.491743e+01	1.998331e+02	1964	1.269983e-01	0	
1.999348e+02	1965	2.321751e+02	2.153708e+01	1.999348e+02	1965	8.488784e-02	0	
2.000366e+02	1966	2.874809e+02	3.288823e+00	2.000366e+02	1966	1.131075e-02	0	
2.001383e+02	1967	3.024160e+02	3.397310e+00	2.001383e+02	1967	1.110910e-02	0	
2.002401e+02	1968	2.872810e+02	-1.500703e+01	2.002401e+02	1968	-5.511739e-02	0	
2.003418e+02	1969	3.060674e+02	5.656248e+00	2.003418e+02	1969	1.814507e-02	0	
2.004436e+02	1970	2.761080e+02	9.425201e+00	2.004436e+02	1970	3.300912e-02	0	
2.005453e+02	1971	2.766210e+02	1.586763e+01	2.005453e+02	1971	5.425042e-02	0	
2.006471e+02	1972	2.804789e+02	1.667112e+00	2.006471e+02	1972	5.908685e-03	0	
2.007488e+02	1973	2.857333e+02	1.382161e+01	2.007488e+02	1973	4.614049e-02	0	
2.008506e+02	1974	2.734807e+02	7.159628e+00	2.008506e+02	1974	2.551176e-02	0	
2.009523e+02	1975	2.837042e+02	4.211804e+00	2.009523e+02	1975	1.462859e-02	0	
2.010540e+02	1976	2.823035e+02	-6.138556e+00	2.010540e+02	1976	-2.222786e-02	0	
2.011558e+02	1977	2.782200e+02	8.484913e+00	2.011558e+02	1977	2.959459e-02	0	
2.012575e+02	1978	2.750921e+02	3.529849e+00	2.012575e+02	1978	1.266896e-02	0	
2.013593e+02	1979	2.797843e+02	1.198137e+01	2.013593e+02	1979	4.106504e-02	0	
2.014610e+02	1980	2.829779e+02	-1.045701e+01	2.014610e+02	1980	-3.837141e-02	0	
2.015628e+02	1981	2.783749e+02	-1.080026e+01	2.015628e+02	1981	-4.036354e-02	0	
2.016645e+02	1982	2.887574e+02	5.646950e+00	2.016645e+02	1982	1.918093e-02	0	
2.017663e+02	1983	3.065865e+02	1.386365e+01	2.017663e+02	1983	4.326305e-02	0	
2.018680e+02	1984	2.769614e+02	1.441339e+00	2.018680e+02	1984	5.177172e-03	0	
2.019698e+02	1985	3.053351e+02	3.555582e+01	2.019698e+02	1985	1.043026e-01	0	
2.020715e+02	1986	2.606487e+02	8.537789e+00	2.020715e+02	1986	3.171700e-02	0	
2.021733e+02	1987	2.892556e+02	1.198453e+01	2.021733e+02	1987	3.978398e-02	0	
2.022750e+02	1988	3.012978e+02	5.602118e-01	2.022750e+02	1988	1.855879e-03	0	
2.023768e+02	1989	2.822060e+02	1.551596e+01	2.023768e+02	1989	5.211560e-02	0	
2.024785e+02	1990	2.734357e+02	8.428642e+00	2.024785e+02	1990	2.990319e-02	0	
2.025803e+02	1991	2.846474e+02	3.120453e+00	2.025803e+02	1991	1.084365e-02	0	
2.026820e+02	1992	2.905947e+02	3.810791e+00	2.026820e+02	1992	1.294402e-02	0	
2.027838e+02	1993	2.761914e+02	6.965797e+00	2.027838e+02	1993	2.460046e-02	0	
2.028855e+02	1994	2.848801e+02	4.410996e+00	2.028855e+02	1994	1.524760e-02	0	
2.029873e+02	1995	2.867722e+02	5.898226e+00	2.029873e+02	1995	2.015313e-02	0	
2.030890e+02	1996	2.825982e+02	4.611507e+00	2.030890e+02	1996	1.605624e-02	0	
2.031908e+02	1997	2.836331e+02	7.358764e+00	2.031908e+02	1997	2.528856e-02	0	
2.032925e+02	1998	2.694747e+02	2.448101e+00	2.032925e+02	1998	9.002927e-03	0	
2.033943e+02	1999	2.703648e+02	7.815113e+00	2.033943e+02	1999	2.809374e-02	0	
2.034960e+02	2000	2.412407e+02	2.598339e+01	2.034960e+02	2000	9.723446e-02	0	
2.035977e+02	2001	2.948630e+02	7.878277e+00	2.035977e+02	2001	2.602313e-02	0	
2.036995e+02	2002	2.855085e+02	5.420005e+00	2.036995e+02	2002	1.863002e-02	0	
2.038012e+02	2003	2.966540e+02	-7.364686e+00	2.038012e+02	2003	-2.545786e-02	0	
2.039030e+02	2004	2.919669e+02	1.094413e+01	2.039030e+02	2004	3.612985e-02	0	
2.040047e+02	2005	3.073793e+02	-1.771651e+01	2.040047e+02	2005	-6.116253e-02	0	
2.041065e+02	2006	3.378753e+02	-2.011540e+01	2.041065e+02	2006	-6.330377e-02	0	
2.042082e+02	2007	3.251320e+02	-2.661429e+01	2.042082e+02	2007	-8.915481e-02	0	
2.043100e+02	2008	3.328725e+02	-9.823359e+00	2.043100e+02	2008	-3.040825e-02	0	
2.044117e+02	2009	3.377337e+02	-2.008582e+01	2.044117e+02	2009	-6.323297e-02	0	
2.045135e+02	2010	3.017266e+02	-1.220712e+01	2.045135e+02	2010	-4.216338e-02	0	
2.046152e+02	2011	2.738791e+02	-9.133503e+00	2.046152e+02	2011	-3.449917e-02	0	
2.047170e+02	2012	2.639794e+02	-1.662817e+01	2.047170e+02	2012	-6.722493e-02	0	
2.048187e+02	2013	2.525031e+02	1.006148e+00	2.048187e+02	2013	3.968881e-03	0	
2.049205e+02	2014	2.505684e+02	-3.946983e+00	2.049205e+02	2014	-1.600422e-02	0	
2.050222e+02	2015	2.765847e+02	-2.085693e+01	2.050222e+02	2015	-8.155911e-02	0	
2.051240e+02	2016	2.769148e+02	-4.589004e+00	2.051240e+02	2016	-1.685115e-02	0	
2.052257e+02	2017	2.765280e+02	-2.378145e+01	2.052257e+02	2017	-9.409209e-02	0	
2.053275e+02	2018	3.014817e+02	-1.530438e+01	2.053275e+02	2018	-5.347866e-02	0	
2.054292e+02	2019	2.660090e+02	-1.555929e+01	2.054292e+02	2019	-6.212541e-02	0	
2.055310e+02	2020	2.739964e+02	-9.736429e+00	2.055310e+02	2020	-3.684413e-02	0	
2.056327e+02	2021	2.635404e+02	-1.224774e+01	2.056327e+02	2021	-4.873895e-02	0	
2.057345e+02	2022	2.707162e+02	-1.559087e+01	2.057345e+02	2022	-6.111063e-02	0	
2.058362e+02	2023	2.656865e+02	-1.282195e+01	2.058362e+02	2023	-5.070679e-02	0	
2.059380e+02	2024	2.360129e+02	-1.197185e+01	2.059380e+02	2024	-5.343597e-02	0	
2.060397e+02	2025	2.583938e+02	-1.358427e+01	2.060397e+02	2025	-5.548914e-02	0	
2.061414e+02	2026	2.592718e+02	-1.443751e+01	2.061414e+02	2026	-5.896850e-02	0	
2.062432e+02	2027	2.669363e+02	-1.110331e+01	2.062432e+02	2027	-4.340062e-02	0	
2.063449e+02	2028	2.809199e+02	-7.382028e+00	2.063449e+02	2028	-2.698722e-02	0	
2.064467e+02	2029	2.368445e+02	2.914942e+00	2.064467e+02	2029	1.215778e-02	0	
2.065484e+02	2030	2.639408e+02	-1.071841e+01	2.065484e+02	2030	-4.232805e-02	0	
2.066502e+02	2031	2.396878e+02	9.076865e+00	2.066502e+02	2031	3.648776e-02	0	
2.067519e+02	2032	2.545025e+02	-1.591688e+01	2.067519e+02	2032	-6.671349e-02	0	
2.068537e+02	2033	2.478064e+02	1.179899e+01	2.068537e+02	2033	4.544971e-02	0	
2.069554e+02	2034	2.428413e+02	-6.815097e+00	2.069554e+02	2034	-2.887432e-02	0	
2.070572e+02	2035	2.461047e+02	-4.420389e+00	2.070572e+02	2035	-1.828993e-02	0	
2.071589e+02	2036	2.578079e+02	3.118625e+00	2.071589e+02	2036	1.195212e-02	0	
2.072607e+02	2037	2.347955e+02	-8.139869e+00	2.072607e+02	2037	-3.591294e-02	0	
2.073624e+02	2038	2.434954e+02	-1.109596e+01	2.073624e+02	2038	-4.774521e-02	0	
2.074642e+02	2039	2.471677e+02	1.102012e+00	2.074642e+02	2039	4.438769e-03	0	
2.075659e+02	2040	2.508388e+02	-1.344886e+01	2.075659e+02	2040	-5.665303e-02	0	
2.076677e+02	2041	2.351565e+02	-1.156890e+00	2.076677e+02	2041	-4.943983e-03	0	
2.077694e+02	2042	2.426793e+02	-4.523125e+00	2.077694e+02	2042	-1.899226e-02	0	
2.078712e+02	2043	2.584712e+02	-5.001095e-01	2.078712e+02	2043	-1.938626e-03	0	
2.079729e+02	2044	2.657231e+02	-2.956531e+00	2.079729e+02	2044	-1.125155e-02	0	
2.080747e+02	2045	2.579089e+02	-1.480351e+01	2.080747e+02	2045	-6.089338e-02	0	
2.081764e+02	2046	2.455695e+02	-1.166022e+01	2.081764e+02	2046	-4.984933e-02	0	
2.082782e+02	2047	2.440220e+02	-1.086369e+01	2.082782e+02	2047	-4.659362e-02	0	
2.083799e+02	2048	2.584517e+02	-2.900437e+00	2.083799e+02	2048	-1.134973e-02	0	
2.084817e+02	2049	2.401531e+02	4.081396e+01	2.084817e+02	2049	1.452624e-01	0	
2.085834e+02	2050	2.624764e+02	6.222758e-01	2.085834e+02	2050	2.365180e-03	0	
2.086851e+02	2051	2.501389e+02	3.841472e+01	2.086851e+02	2051	1.331285e-01	0	
2.087869e+02	2052	2.576134e+02	3.169210e+01	2.087869e+02	2052	1.095454e-01	0	
2.088886e+02	2053	2.497274e+02	2.516237e+01	2.088886e+02	2053	9.153622e-02	0	
2.089904e+02	2054	2.733716e+02	1.764243e+01	2.089904e+02	2054	6.062398e-02	0	
2.090921e+02	2055	2.560914e+02	2.601472e+01	2.090921e+02	2055	9.221608e-02	0	
2.091939e+02	2056	2.798583e+02	1.327671e+01	2.091939e+02	2056	4.529213e-02	0	
2.092956e+02	2057	2.988961e+02	1.909747e+01	2.092956e+02	2057	6.005615e-02	0	
2.093974e+02	2058	2.700490e+02	2.500625e+01	2.093974e+02	2058	8.475108e-02	0	
2.094991e+02	2059	2.718379e+02	4.255874e+00	2.094991e+02	2059	1.541460e-02	0	
2.096009e+02	2060	2.811735e+02	4.487299e+00	2.096009e+02	2060	1.570849e-02	0	
2.097026e+02	2061	2.673120e+02	8.404625e-01	2.097026e+02	2061	3.134271e-03	0	
2.098044e+02	2062	2.967872e+02	-9.907405e+00	2.098044e+02	2062	-3.453504e-02	0	
2.099061e+02	2063	2.904387e+02	-1.429203e+01	2.099061e+02	2063	-5.175521e-02	0	
2.100079e+02	2064	2.946064e+02	-5.288220e+00	2.100079e+02	2064	-1.827822e-02	0	
2.101096e+02	2065	2.899753e+02	-2.079065e+01	2.101096e+02	2065	-7.723564e-02	0	
2.102114e+02	2066	2.886035e+02	-7.572620e+00	2.102114e+02	2066	-2.694586e-02	0	
2.103131e+02	2067	2.972670e+02	-8.226651e+00	2.103131e+02	2067	-2.846195e-02	0	
2.104149e+02	2068	2.218327e+02	2.146008e+01	2.104149e+02	2068	8.820681e-02	0	
2.105166e+02	2069	2.174674e+02	3.391681e+01	2.105166e+02	2069	1.349202e-01	0	
2.106184e+02	2070	2.307605e+02	1.143450e+01	2.106184e+02	2070	4.721196e-02	0	
2.107201e+02	2071	1.911946e+02	5.189987e+00	2.107201e+02	2071	2.642767e-02	0	
2.108219e+02	2072	2.149513e+02	2.339032e+01	2.108219e+02	2072	9.813779e-02	0	
2.109236e+02	2073	2.475036e+02	3.173145e+01	2.109236e+02	2073	1.136371e-01	0	
2.110254e+02	2074	2.197026e+02	1.374537e+01	2.110254e+02	2074	5.887980e-02	0	
2.111271e+02	2075	2.906528e+02	1.537390e+01	2.111271e+02	2075	5.023712e-02	0	
2.112288e+02	2076	2.911356e+02	8.668872e+00	2.112288e+02	2076	2.891509e-02	0	
2.113306e+02	2077	3.011199e+02	1.293753e+01	2.113306e+02	2077	4.119479e-02	0	
2.114323e+02	2078	2.853003e+02	1.412950e+01	2.114323e+02	2078	4.718802e-02	0	
2.115341e+02	2079	2.767439e+02	2.422320e+01	2.115341e+02	2079	8.048454e-02	0	
2.116358e+02	2080	2.756965e+02	2.112568e+01	2.116358e+02	2080	7.117285e-02	0	
2.117376e+02	2081	2.872761e+02	1.623477e+01	2.117376e+02	2081	5.348991e-02	0	
2.118393e+02	2082	3.067365e+02	2.471403e+00	2.118393e+02	2082	7.992690e-03	0	
2.119411e+02	2083	2.989166e+02	1.433125e+01	2.119411e+02	2083	4.575051e-02	0	
2.120428e+02	2084	3.173788e+02	2.924496e+01	2.120428e+02	2084	8.437090e-02	0	
2.121446e+02	2085	3.011957e+02	9.734078e+00	2.121446e+02	2085	3.130635e-02	0	
2.122463e+02	2086	3.117504e+02	8.903675e+00	2.122463e+02	2086	2.776723e-02	0	
2.123481e+02	2087	1.031961e+02	2.120513e+02	2.123481e+02	2087	6.726504e-01	7.000000e-01	
2.124498e+02	2088	9.362038e+01	2.292478e+02	2.124498e+02	2088	7.100353e-01	7.000000e-01	
2.125516e+02	2089	8.243794e+01	2.118812e+02	2.125516e+02	2089	7.199029e-01	7.000000e-01	
2.126533e+02	2090	9.672322e+01	2.194042e+02	2.126533e+02	2090	6.940372e-01	7.000000e-01	
2.127551e+02	2091	1.140506e+02	1.869870e+02	2.127551e+02	2091	6.211417e-01	7.000000e-01	
2.128568e+02	2092	1.089987e+02	2.397482e+02	2.128568e+02	2092	6.874561e-01	7.000000e-01	
2.129586e+02	2093	9.099959e+01	2.230279e+02	2.129586e+02	2093	7.102178e-01	7.000000e-01	
2.130603e+02	2094	9.368271e+01	2.098496e+02	2.130603e+02	2094	6.913584e-01	7.000000e-01	
2.131621e+02	2095	9.385470e+01	2.297118e+02	2.131621e+02	2095	7.099369e-01	7.000000e-01	
2.132638e+02	2096	9.662683e+01	2.191813e+02	2.132638e+02	2096	6.940331e-01	7.000000e-01	
2.133656e+02	2097	1.214487e+02	1.996497e+02	2.133656e+02	2097	6.217711e-01	7.000000e-01	
2.134673e+02	2098	8.953856e+01	2.083804e+02	2.134673e+02	2098	6.994533e-01	7.000000e-01	
2.135691e+02	2099	8.469902e+01	2.308688e+02	2.135691e+02	2099	7.315980e-01	7.000000e-01	
2.136708e+02	2100	1.019752e+02	2.150561e+02	2.136708e+02	2100	6.783434e-01	7.000000e-01	
2.137725e+02	2101	1.044965e+02	2.234933e+02	2.137725e+02	2101	6.814032e-01	7.000000e-01	
2.138743e+02	2102	1.084676e+02	2.118486e+02	2.138743e+02	2102	6.613734e-01	7.000000e-01	
2.139760e+02	2103	6.889478e+01	2.032637e+02	2.139760e+02	2103	7.468579e-01	7.000000e-01	
2.140778e+02	2104	4.669276e+01	2.345339e+02	2.140778e+02	2104	8.339675e-01	7.000000e-01	
2.141795e+02	2105	7.257982e+01	2.230308e+02	2.141795e+02	2105	7.544749e-01	7.000000e-01	
2.142813e+02	2106	7.528745e+01	2.113346e+02	2.142813e+02	2106	7.373285e-01	7.000000e-01	
2.143830e+02	2107	7.077849e+01	2.234990e+02	2.143830e+02	2107	7.594838e-01	7.000000e-01	
2.144848e+02	2108	6.078633e+01	2.120073e+02	2.144848e+02	2108	7.771710e-01	7.000000e-01	
2.145865e+02	2109	6.362030e+01	2.131960e+02	2.145865e+02	2109	7.701714e-01	7.000000e-01	
2.146883e+02	2110	7.325787e+01	2.225109e+02	2.146883e+02	2110	7.523137e-01	7.000000e-01	
2.147900e+02	2111	6.393997e+01	2.118423e+02	2.147900e+02	2111	7.681505e-01	7.000000e-01	
2.148918e+02	2112	8.014906e+01	2.240812e+02	2.148918e+02	2112	7.365513e-01	7.000000e-01	
2.149935e+02	2113	7.947254e+01	1.945502e+02	2.149935e+02	2113	7.099783e-01	7.000000e-01	
2.150953e+02	2114	7.538927e+01	2.058834e+02	2.150953e+02	2114	7.319709e-01	7.000000e-01	
2.151970e+02	2115	9.207910e+01	2.186545e+02	2.151970e+02	2115	7.036719e-01	7.000000e-01	
2.152988e+02	2116	6.624562e+01	2.387198e+02	2.152988e+02	2116	7.827766e-01	7.000000e-01	
2.154005e+02	2117	7.940721e+01	2.176305e+02	2.154005e+02	2117	7.326696e-01	7.000000e-01	
2.155023e+02	2118	7.551432e+01	2.180256e+02	2.155023e+02	2118	7.427460e-01	7.000000e-01	
2.156040e+02	2119	8.750017e+01	2.264123e+02	2.156040e+02	2119	7.212593e-01	7.000000e-01	
2.157058e+02	2120	8.222216e+01	2.195782e+02	2.157058e+02	2120	7.275611e-01	7.000000e-01	
2.158075e+02	2121	8.535543e+01	2.172046e+02	2.158075e+02	2121	7.178893e-01	7.000000e-01	
2.159093e+02	2122	8.079038e+01	2.242821e+02	2.159093e+02	2122	7.351764e-01	7.000000e-01	
2.160110e+02	2123	7.043307e+01	2.133501e+02	2.160110e+02	2123	7.518067e-01	7.000000e-01	
2.161128e+02	2124	9.388147e+01	2.300227e+02	2.161128e+02	2124	7.101566e-01	7.000000e-01	
2.162145e+02	2125	7.995108e+01	2.176324e+02	2.162145e+02	2125	7.313323e-01	7.000000e-01	
2.163162e+02	2126	8.993358e+01	2.275781e+02	2.163162e+02	2126	7.167550e-01	7.000000e-01	
2.164180e+02	2127	8.142412e+01	2.089804e+02	2.164180e+02	2127	7.196183e-01	7.000000e-01	
2.165197e+02	2128	7.139142e+01	2.173767e+02	2.165197e+02	2128	7.527725e-01	7.000000e-01	
2.166215e+02	2129	7.430827e+01	2.228635e+02	2.166215e+02	2129	7.499484e-01	7.000000e-01	
2.167232e+02	2130	7.321807e+01	2.018370e+02	2.167232e+02	2130	7.338058e-01	7.000000e-01	
2.168250e+02	2131	7.871601e+01	2.301336e+02	2.168250e+02	2131	7.451316e-01	7.000000e-01	
2.169267e+02	2132	6.073913e+01	2.221054e+02	2.169267e+02	2132	7.852561e-01	7.000000e-01	
2.170285e+02	2133	7.093551e+01	2.177532e+02	2.170285e+02	2133	7.542837e-01	7.000000e-01	
2.171302e+02	2134	7.099951e+01	2.338319e+02	2.171302e+02	2134	7.670860e-01	7.000000e-01	
2.172320e+02	2135	6.923232e+01	2.291452e+02	2.172320e+02	2135	7.679707e-01	7.000000e-01	
2.173337e+02	2136	6.938722e+01	2.441847e+02	2.173337e+02	2136	7.787199e-01	7.000000e-01	
2.174355e+02	2137	9.104497e+01	2.227043e+02	2.174355e+02	2137	7.098162e-01	7.000000e-01	
2.175372e+02	2138	8.645660e+01	2.091811e+02	2.175372e+02	2138	7.075589e-01	7.000000e-01	
2.176390e+02	2139	7.517540e+01	2.362211e+02	2.176390e+02	2139	7.585862e-01	7.000000e-01	
2.177407e+02	2140	7.280287e+01	2.366424e+02	2.177407e+02	2140	7.647310e-01	7.000000e-01	
2.178425e+02	2141	5.007458e+01	2.486285e+02	2.178425e+02	2141	8.323600e-01	7.000000e-01	
2.179442e+02	2142	7.715145e+01	2.217856e+02	2.179442e+02	2142	7.419141e-01	7.000000e-01	
2.180460e+02	2143	7.463876e+01	2.384550e+02	2.180460e+02	2143	7.616089e-01	7.000000e-01	
2.181477e+02	2144	7.418631e+01	2.147053e+02	2.181477e+02	2144	7.432037e-01	7.000000e-01	
2.182495e+02	2145	7.829899e+01	2.187083e+02	2.182495e+02	2145	7.363735e-01	7.000000e-01	
2.183512e+02	2146	7.402112e+01	2.373185e+02	2.183512e+02	2146	7.622496e-01	7.000000e-01	
2.184530e+02	2147	8.760425e+01	2.298877e+02	2.184530e+02	2147	7.240741e-01	7.000000e-01	
2.185547e+02	2148	7.733640e+01	2.179329e+02	2.185547e+02	2148	7.380818e-01	7.000000e-01	
2.186565e+02	2149	8.001585e+01	2.293840e+02	2.186565e+02	2149	7.413837e-01	7.000000e-01	
2.187582e+02	2150	8.117420e+01	2.225168e+02	2.187582e+02	2150	7.327079e-01	7.000000e-01	
2.188599e+02	2151	7.750948e+01	2.202451e+02	2.188599e+02	2151	7.396867e-01	7.000000e-01	
2.189617e+02	2152	7.764866e+01	2.073750e+02	2.189617e+02	2152	7.275712e-01	7.000000e-01	
2.190634e+02	2153	5.953283e+01	1.536940e+02	2.190634e+02	2153	7.208005e-01	7.000000e-01	
2.191652e+02	2154	7.643135e+01	2.216893e+02	2.191652e+02	2154	7.436228e-01	7.000000e-01	
2.192669e+02	2155	6.910986e+01	2.343777e+02	2.192669e+02	2155	7.722811e-01	7.000000e-01	
2.193687e+02	2156	7.688069e+01	2.342842e+02	2.193687e+02	2156	7.529262e-01	7.000000e-01	
2.194704e+02	2157	6.205919e+01	2.657313e+02	2.194704e+02	2157	8.106742e-01	7.000000e-01	
2.195722e+02	2158	7.120656e+01	2.228826e+02	2.195722e+02	2158	7.578742e-01	7.000000e-01	
2.196739e+02	2159	6.551260e+01	2.138607e+02	2.196739e+02	2159	7.655016e-01	7.000000e-01	
2.197757e+02	2160	7.553120e+01	2.598074e+02	2.197757e+02	2160	7.747614e-01	7.000000e-01	
2.198774e+02	2161	7.818347e+01	2.480736e+02	2.198774e+02	2161	7.603624e-01	7.000000e-01	
2.199792e+02	2162	6.987128e+01	2.363831e+02	2.199792e+02	2162	7.718521e-01	7.000000e-01	
2.200809e+02	2163	8.373800e+01	2.518044e+02	2.200809e+02	2163	7.504399e-01	7.000000e-01	
2.201827e+02	2164	8.517460e+01	2.239089e+02	2.201827e+02	2164	7.244285e-01	7.000000e-01	
2.202844e+02	2165	7.763978e+01	2.465239e+02	2.202844e+02	2165	7.604920e-01	7.000000e-01	
2.203862e+02	2166	7.508088e+01	2.472264e+02	2.203862e+02	2166	7.670519e-01	7.000000e-01	
2.204879e+02	2167	8.384053e+01	2.331487e+02	2.204879e+02	2167	7.355098e-01	7.000000e-01	
2.205897e+02	2168	8.977698e+01	2.028931e+02	2.205897e+02	2168	6.932485e-01	7.000000e-01	
2.206914e+02	2169	8.235690e+01	2.431439e+02	2.206914e+02	2169	7.469840e-01	7.000000e-01	
2.207932e+02	2170	8.039937e+01	2.457115e+02	2.207932e+02	2170	7.534600e-01	7.000000e-01	
2.208949e+02	2171	7.713222e+01	2.673223e+02	2.208949e+02	2171	7.760743e-01	7.000000e-01	
2.209967e+02	2172	6.924104e+01	2.552822e+02	2.209967e+02	2172	7.866377e-01	7.000000e-01	
2.210984e+02	2173	8.965623e+01	2.319241e+02	2.210984e+02	2173	7.212011e-01	7.000000e-01	
2.212002e+02	2174	7.808278e+01	2.364415e+02	2.212002e+02	2174	7.517432e-01	7.000000e-01	
2.213019e+02	2175	4.898417e+01	3.086131e+02	2.213019e+02	2175	8.630186e-01	7.000000e-01	
2.214036e+02	2176	5.137819e+01	2.083063e+02	2.214036e+02	2176	8.021515e-01	7.000000e-01	
2.215054e+02	2177	7.889442e+01	2.471857e+02	2.215054e+02	2177	7.580520e-01	7.000000e-01	
2.216071e+02	2178	7.196168e+01	2.366758e+02	2.216071e+02	2178	7.668408e-01	7.000000e-01	
2.217089e+02	2179	7.146063e+01	2.276798e+02	2.217089e+02	2179	7.611134e-01	7.000000e-01	
2.218106e+02	2180	6.659459e+01	2.388909e+02	2.218106e+02	2180	7.820041e-01	7.000000e-01	
2.219124e+02	2181	8.214543e+01	2.401346e+02	2.219124e+02	2181	7.451116e-01	7.000000e-01	
2.220141e+02	2182	6.284379e+01	2.366977e+02	2.220141e+02	2182	7.902000e-01	7.000000e-01	
2.221159e+02	2183	6.203867e+01	2.256740e+02	2.221159e+02	2183	7.843728e-01	7.000000e-01	
2.222176e+02	2184	7.285806e+01	2.414039e+02	2.222176e+02	2184	7.681614e-01	7.000000e-01	
2.223194e+02	2185	6.665966e+01	2.248981e+02	2.223194e+02	2185	7.713672e-01	7.000000e-01	
2.224211e+02	2186	6.766844e+01	1.801631e+02	2.224211e+02	2186	7.269579e-01	7.000000e-01	
2.225229e+02	2187	7.618914e+01	2.609584e+02	2.225229e+02	2187	7.740184e-01	7.000000e-01	
2.226246e+02	2188	6.905676e+01	2.321291e+02	2.226246e+02	2188	7.707171e-01	7.000000e-01	
2.227264e+02	2189	6.552010e+01	2.211731e+02	2.227264e+02	2189	7.714627e-01	7.000000e-01	
2.228281e+02	2190	8.170917e+01	2.519070e+02	2.228281e+02	2190	7.550803e-01	7.000000e-01	
2.229299e+02	2191	7.080673e+01	2.775602e+02	2.229299e+02	2191	7.967467e-01	7.000000e-01	
2.230316e+02	2192	8.737091e+01	2.493696e+02	2.230316e+02	2192	7.405394e-01	7.000000e-01	
2.231334e+02	2193	7.615343e+01	3.456465e+02	2.231334e+02	2193	8.194560e-01	7.000000e-01	
2.232351e+02	2194	7.953763e+01	3.133343e+02	2.232351e+02	2194	7.975482e-01	7.000000e-01	
2.233369e+02	2195	7.746824e+01	2.152814e+02	2.233369e+02	2195	7.353772e-01	7.000000e-01	
2.234386e+02	2196	9.251012e+01	2.091241e+02	2.234386e+02	2196	6.933036e-01	7.000000e-01	
2.235404e+02	2197	1.115845e+02	2.089171e+02	2.235404e+02	2197	6.518442e-01	7.000000e-01	
2.236421e+02	2198	1.187138e+02	2.001926e+02	2.236421e+02	2198	6.277472e-01	7.000000e-01	
2.237439e+02	2199	8.212172e+01	2.057970e+02	2.237439e+02	2199	7.147746e-01	7.000000e-01	
2.238456e+02	2200	8.118585e+01	2.370911e+02	2.238456e+02	2200	7.449207e-01	7.000000e-01	
2.239473e+02	2201	8.111916e+01	2.288800e+02	2.239473e+02	2201	7.383246e-01	7.000000e-01	
2.240491e+02	2202	7.011602e+01	2.011106e+02	2.240491e+02	2202	7.414855e-01	7.000000e-01	
2.241508e+02	2203	7.014249e+01	2.045262e+02	2.241508e+02	2203	7.446287e-01	7.000000e-01	
2.242526e+02	2204	8.003906e+01	2.150643e+02	2.242526e+02	2204	7.287762e-01	7.000000e-01	
2.243543e+02	2205	8.443136e+01	1.916145e+02	2.243543e+02	2205	6.941401e-01	7.000000e-01	
2.244561e+02	2206	7.973968e+01	2.000757e+02	2.244561e+02	2206	7.150275e-01	7.000000e-01	
2.245578e+02	2207	6.840113e+01	2.049864e+02	2.245578e+02	2207	7.498016e-01	7.000000e-01	
2.246596e+02	2208	7.288636e+01	1.979475e+02	2.246596e+02	2208	7.308817e-01	7.000000e-01	
2.247613e+02	2209	7.684341e+01	2.115192e+02	2.247613e+02	2209	7.335181e-01	7.000000e-01	
2.248631e+02	2210	7.420454e+01	2.147476e+02	2.248631e+02	2210	7.431944e-01	7.000000e-01	
2.249648e+02	2211	8.215577e+01	2.147120e+02	2.249648e+02	2211	7.232580e-01	7.000000e-01	
2.250666e+02	2212	8.606855e+01	1.952386e+02	2.250666e+02	2212	6.940407e-01	7.000000e-01	
2.251683e+02	2213	7.597003e+01	2.260744e+02	2.251683e+02	2213	7.484806e-01	7.000000e-01	
2.252701e+02	2214	6.049428e+01	1.879277e+02	2.252701e+02	2214	7.564858e-01	7.000000e-01	
2.253718e+02	2215	7.516930e+01	2.181431e+02	2.253718e+02	2215	7.437227e-01	7.000000e-01	
2.254736e+02	2216	7.391465e+01	2.220570e+02	2.254736e+02	2216	7.502644e-01	7.000000e-01	
2.255753e+02	2217	7.473924e+01	2.314283e+02	2.255753e+02	2217	7.558878e-01	7.000000e-01	
2.256771e+02	2218	7.194476e+01	2.530419e+02	2.256771e+02	2218	7.786224e-01	7.000000e-01	
2.257788e+02	2219	7.166181e+01	2.325952e+02	2.257788e+02	2219	7.644695e-01	7.000000e-01	
2.258806e+02	2220	7.310625e+01	2.311168e+02	2.258806e+02	2220	7.596952e-01	7.000000e-01	
2.259823e+02	2221	8.439353e+01	2.174848e+02	2.259823e+02	2221	7.204386e-01	7.000000e-01	
2.260841e+02	2222	7.575576e+01	2.407665e+02	2.260841e+02	2222	7.606621e-01	7.000000e-01	
2.261858e+02	2223	7.815960e+01	2.064268e+02	2.261858e+02	2223	7.253572e-01	7.000000e-01	
2.262876e+02	2224	8.567411e+01	2.161633e+02	2.262876e+02	2224	7.161581e-01	7.000000e-01	
2.263893e+02	2225	8.968400e+01	2.161321e+02	2.263893e+02	2225	7.067388e-01	7.000000e-01	
2.264910e+02	2226	8.963627e+01	2.216390e+02	2.264910e+02	2226	7.120354e-01	7.000000e-01	
2.265928e+02	2227	9.561293e+01	2.187718e+02	2.265928e+02	2227	6.958729e-01	7.000000e-01	
2.266945e+02	2228	9.320752e+01	2.103146e+02	2.266945e+02	2228	6.929136e-01	7.000000e-01	
2.267963e+02	2229	9.617001e+01	2.127173e+02	2.267963e+02	2229	6.886566e-01	7.000000e-01	
2.268980e+02	2230	9.058752e+01	2.166991e+02	2.268980e+02	2230	7.052019e-01	7.000000e-01	
2.269998e+02	2231	9.556501e+01	2.150937e+02	2.269998e+02	2231	6.923794e-01	7.000000e-01	
2.271015e+02	2232	8.542156e+01	2.142460e+02	2.271015e+02	2232	7.149456e-01	7.000000e-01	
2.272033e+02	2233	9.091992e+01	2.348947e+02	2.272033e+02	2233	7.209459e-01	7.000000e-01	
2.273050e+02	2234	8.953357e+01	2.504866e+02	2.273050e+02	2234	7.366816e-01	7.000000e-01	
2.274068e+02	2235	9.796499e+01	2.481521e+02	2.274068e+02	2235	7.169600e-01	7.000000e-01	
2.275085e+02	2236	7.416366e+01	2.681173e+02	2.275085e+02	2236	7.833252e-01	7.000000e-01	
2.276103e+02	2237	6.137085e+01	3.030403e+02	2.276103e+02	2237	8.315890e-01	7.000000e-01	
2.277120e+02	2238	7.458717e+01	2.588823e+02	2.277120e+02	2238	7.763298e-01	7.000000e-01	
2.278138e+02	2239	9.134100e+01	2.571431e+02	2.278138e+02	2239	7.378905e-01	7.000000e-01	
2.279155e+02	2240	7.102110e+01	2.681942e+02	2.279155e+02	2240	7.906312e-01	7.000000e-01	
2.280173e+02	2241	7.518124e+01	2.443287e+02	2.280173e+02	2241	7.646983e-01	7.000000e-01	
2.281190e+02	2242	8.855851e+01	2.157359e+02	2.281190e+02	2242	7.089710e-01	7.000000e-01	
2.282208e+02	2243	8.250201e+01	2.288315e+02	2.282208e+02	2243	7.350044e-01	7.000000e-01	
2.283225e+02	2244	8.013105e+01	2.353656e+02	2.283225e+02	2244	7.460162e-01	7.000000e-01	
2.284243e+02	2245	7.319266e+01	2.642219e+02	2.284243e+02	2245	7.830779e-01	7.000000e-01	
2.285260e+02	2246	8.148894e+01	2.607646e+02	2.285260e+02	2246	7.619048e-01	7.000000e-01	
2.286278e+02	2247	7.244340e+01	2.507736e+02	2.286278e+02	2247	7.758676e-01	7.000000e-01	
2.287295e+02	2248	7.689748e+01	2.433654e+02	2.287295e+02	2248	7.598926e-01	7.000000e-01	
2.288313e+02	2249	8.139218e+01	2.563262e+02	2.288313e+02	2249	7.589939e-01	7.000000e-01	
2.289330e+02	2250	7.492251e+01	2.507929e+02	2.289330e+02	2250	7.699755e-01	7.000000e-01	
2.290347e+02	2251	8.514163e+01	2.487997e+02	2.290347e+02	2251	7.450402e-01	7.000000e-01	
2.291365e+02	2252	8.149569e+01	2.656315e+02	2.291365e+02	2252	7.652282e-01	7.000000e-01	
2.292382e+02	2253	8.221858e+01	2.587735e+02	2.292382e+02	2253	7.588842e-01	7.000000e-01	
2.293400e+02	2254	8.671713e+01	2.360009e+02	2.293400e+02	2254	7.312913e-01	7.000000e-01	
2.294417e+02	2255	6.994691e+01	2.761121e+02	2.294417e+02	2255	7.978758e-01	7.000000e-01	
2.295435e+02	2256	1.176218e+02	2.250777e+02	2.295435e+02	2256	6.567786e-01	7.000000e-01	
2.296452e+02	2257	1.132473e+02	2.375065e+02	2.296452e+02	2257	6.771317e-01	7.000000e-01	
2.297470e+02	2258	1.191509e+02	2.178773e+02	2.297470e+02	2258	6.464661e-01	7.000000e-01	
2.298487e+02	2259	1.061197e+02	1.658048e+02	2.298487e+02	2259	6.097457e-01	7.000000e-01	
2.299505e+02	2260	8.771604e+01	2.605436e+02	2.299505e+02	2260	7.481303e-01	7.000000e-01	
2.300522e+02	2261	8.797693e+01	2.479131e+02	2.300522e+02	2261	7.380782e-01	7.000000e-01	
2.301540e+02	2262	1.143807e+02	2.395225e+02	2.301540e+02	2262	6.768023e-01	7.000000e-01	
2.302557e+02	2263	7.114446e+01	2.574025e+02	2.302557e+02	2263	7.834573e-01	7.000000e-01	
2.303575e+02	2264	9.637406e+01	2.543304e+02	2.303575e+02	2264	7.251986e-01	7.000000e-01	
2.304592e+02	2265	6.542832e+01	2.632186e+02	2.304592e+02	2265	8.009161e-01	7.000000e-01	
2.305610e+02	2266	6.812770e+01	2.811748e+02	2.305610e+02	2266	8.049607e-01	7.000000e-01	
2.306627e+02	2267	8.145805e+01	2.882862e+02	2.306627e+02	2267	7.796908e-01	7.000000e-01	
2.307645e+02	2268	8.279657e+01	2.335787e+02	2.307645e+02	2268	7.382963e-01	7.000000e-01	
2.308662e+02	2269	7.126338e+01	2.760896e+02	2.308662e+02	2269	7.948387e-01	7.000000e-01	
2.309680e+02	2270	6.237570e+01	2.730791e+02	2.309680e+02	2270	8.140563e-01	7.000000e-01	
2.310697e+02	2271	7.089354e+01	2.170776e+02	2.310697e+02	2271	7.538172e-01	7.000000e-01	
2.311715e+02	2272	8.020845e+01	2.331831e+02	2.311715e+02	2272	7.440631e-01	7.000000e-01	
2.312732e+02	2273	7.373173e+01	2.000846e+02	2.312732e+02	2273	7.307256e-01	7.000000e-01	
2.313750e+02	2274	6.968398e+01	2.337835e+02	2.313750e+02	2274	7.703741e-01	7.000000e-01	
2.314767e+02	2275	4.619971e+01	2.392433e+02	2.314767e+02	2275	8.381473e-01	7.000000e-01	
2.315784e+02	2276	7.731940e+01	2.423033e+02	2.315784e+02	2276	7.580916e-01	7.000000e-01	
2.316802e+02	2277	7.436604e+01	2.343701e+02	2.316802e+02	2277	7.591275e-01	7.000000e-01	
2.317819e+02	2278	7.256289e+01	2.279141e+02	2.317819e+02	2278	7.585077e-01	7.000000e-01	
2.318837e+02	2279	7.672739e+01	2.427467e+02	2.318837e+02	2279	7.598322e-01	7.000000e-01	
2.319854e+02	2280	6.344177e+01	2.321648e+02	2.319854e+02	2280	7.853844e-01	7.000000e-01	
2.320872e+02	2281	8.067718e+01	2.359310e+02	2.320872e+02	2281	7.451829e-01	7.000000e-01	
2.321889e+02	2282	6.302112e+01	2.249867e+02	2.321889e+02	2282	7.811826e-01	7.000000e-01	
2.322907e+02	2283	6.717219e+01	2.287079e+02	2.322907e+02	2283	7.729750e-01	7.000000e-01	
2.323924e+02	2284	7.562958e+01	2.425598e+02	2.323924e+02	2284	7.623127e-01	7.000000e-01	
2.324942e+02	2285	7.746105e+01	2.264205e+02	2.324942e+02	2285	7.450946e-01	7.000000e-01	
2.325959e+02	2286	7.116211e+01	2.156794e+02	2.325959e+02	2286	7.519114e-01	7.000000e-01	
2.326977e+02	2287	6.424735e+01	2.399079e+02	2.326977e+02	2287	7.887679e-01	7.000000e-01	
2.327994e+02	2288	6.825619e+01	2.091240e+02	2.327994e+02	2288	7.539255e-01	7.000000e-01	
2.329012e+02	2289	7.209446e+01	2.339974e+02	2.329012e+02	2289	7.644679e-01	7.000000e-01	
2.330029e+02	2290	6.579334e+01	2.280256e+02	2.330029e+02	2290	7.760752e-01	7.000000e-01	
2.331047e+02	2291	7.255052e+01	2.526083e+02	2.331047e+02	2291	7.768767e-01	7.000000e-01	
2.332064e+02	2292	7.345569e+01	2.639880e+02	2.332064e+02	2292	7.823172e-01	7.000000e-01	
2.333082e+02	2293	6.631538e+01	2.293527e+02	2.333082e+02	2293	7.757100e-01	7.000000e-01	
2.334099e+02	2294	6.257372e+01	2.360728e+02	2.334099e+02	2294	7.904756e-01	7.000000e-01	
2.335117e+02	2295	8.044247e+01	2.824546e+02	2.335117e+02	2295	7.783325e-01	7.000000e-01	
2.336134e+02	2296	8.969103e+01	2.458382e+02	2.336134e+02	2296	7.326879e-01	7.000000e-01	
2.337152e+02	2297	6.978054e+01	2.577081e+02	2.337152e+02	2297	7.869223e-01	7.000000e-01	
2.338169e+02	2298	8.043242e+01	2.824853e+02	2.338169e+02	2298	7.783728e-01	7.000000e-01	
2.339187e+02	2299	9.619257e+01	2.384009e+02	2.339187e+02	2299	7.125091e-01	7.000000e-01	
2.340204e+02	2300	9.590008e+01	2.456945e+02	2.340204e+02	2300	7.192576e-01	7.000000e-01	
2.341221e+02	2301	1.054221e+02	2.290548e+02	2.341221e+02	2301	6.848150e-01	7.000000e-01	
2.342239e+02	2302	8.337601e+01	2.656739e+02	2.342239e+02	2302	7.611344e-01	7.000000e-01	
2.343256e+02	2303	7.587863e+01	2.476187e+02	2.343256e+02	2303	7.654428e-01	7.000000e-01	
2.344274e+02	2304	9.907013e+01	2.262793e+02	2.344274e+02	2304	6.954962e-01	7.000000e-01	
2.345291e+02	2305	9.102661e+01	2.415535e+02	2.345291e+02	2305	7.263017e-01	7.000000e-01	
2.346309e+02	2306	9.167386e+01	2.243376e+02	2.346309e+02	2306	7.099034e-01	7.000000e-01	
2.347326e+02	2307	8.862639e+01	2.327590e+02	2.347326e+02	2307	7.242364e-01	7.000000e-01	
2.348344e+02	2308	9.399287e+01	2.244227e+02	2.348344e+02	2308	7.048107e-01	7.000000e-01	
2.349361e+02	2309	7.935779e+01	2.443408e+02	2.349361e+02	2309	7.548405e-01	7.000000e-01	
2.350379e+02	2310	7.585192e+01	2.465626e+02	2.350379e+02	2310	7.647379e-01	7.000000e-01	
2.351396e+02	2311	1.024223e+02	2.255764e+02	2.351396e+02	2311	6.877357e-01	7.000000e-01	
2.352414e+02	2312	8.153949e+01	2.322349e+02	2.352414e+02	2312	7.401334e-01	7.000000e-01	
2.353431e+02	2313	8.928306e+01	2.450353e+02	2.353431e+02	2313	7.329400e-01	7.000000e-01	
2.354449e+02	2314	9.018232e+01	2.342221e+02	2.354449e+02	2314	7.220065e-01	7.000000e-01	
2.355466e+02	2315	8.277280e+01	2.327994e+02	2.355466e+02	2315	7.377057e-01	7.000000e-01	
2.356484e+02	2316	6.857292e+01	2.080179e+02	2.356484e+02	2316	7.520781e-01	7.000000e-01	
2.357501e+02	2317	1.089986e+02	2.406570e+02	2.357501e+02	2317	6.882687e-01	7.000000e-01	
2.358519e+02	2318	7.892529e+01	2.465234e+02	2.358519e+02	2318	7.574878e-01	7.000000e-01	
2.359536e+02	2319	9.048458e+01	2.404071e+02	2.359536e+02	2319	7.265432e-01	7.000000e-01	
2.360554e+02	2320	1.007533e+02	2.556645e+02	2.360554e+02	2320	7.173169e-01	7.000000e-01	
2.361571e+02	2321	1.238753e+02	2.681245e+02	2.361571e+02	2321	6.839914e-01	7.000000e-01	
2.362589e+02	2322	9.117105e+01	2.468894e+02	2.362589e+02	2322	7.303114e-01	7.000000e-01	
2.363606e+02	2323	9.181941e+01	2.455704e+02	2.363606e+02	2323	7.278536e-01	7.000000e-01	
2.364624e+02	2324	9.317369e+01	2.411161e+02	2.364624e+02	2324	7.212787e-01	7.000000e-01	
2.365641e+02	2325	8.885731e+01	2.472570e+02	2.365641e+02	2325	7.356337e-01	7.000000e-01	
2.366658e+02	2326	9.013694e+01	2.416045e+02	2.366658e+02	2326	7.282916e-01	7.000000e-01	
2.367676e+02	2327	9.147344e+01	2.526013e+02	2.367676e+02	2327	7.341466e-01	7.000000e-01	
2.368693e+02	2328	1.006787e+02	2.286244e+02	2.368693e+02	2328	6.942674e-01	7.000000e-01	
2.369711e+02	2329	8.508834e+01	2.452126e+02	2.369711e+02	2329	7.423915e-01	7.000000e-01	
2.370728e+02	2330	8.912937e+01	2.245547e+02	2.370728e+02	2330	7.158626e-01	7.000000e-01	
2.371746e+02	2331	8.636555e+01	2.204138e+02	2.371746e+02	2331	7.184767e-01	7.000000e-01	
2.372763e+02	2332	1.083241e+02	2.468215e+02	2.372763e+02	2332	6.949868e-01	7.000000e-01	
2.373781e+02	2333	9.196795e+01	2.420318e+02	2.373781e+02	2333	7.246467e-01	7.000000e-01	
2.374798e+02	2334	9.268341e+01	2.414916e+02	2.374798e+02	2334	7.226501e-01	7.000000e-01	
2.375816e+02	2335	7.405455e+01	2.073164e+02	2.375816e+02	2335	7.368081e-01	7.000000e-01	
2.376833e+02	2336	7.521106e+01	2.202355e+02	2.376833e+02	2336	7.454326e-01	7.000000e-01	
2.377851e+02	2337	7.304200e+01	2.161958e+02	2.377851e+02	2337	7.474673e-01	7.000000e-01	
2.378868e+02	2338	8.448303e+01	2.361229e+02	2.378868e+02	2338	7.364895e-01	7.000000e-01	
2.379886e+02	2339	8.776749e+01	2.237467e+02	2.379886e+02	2339	7.182552e-01	7.000000e-01	
2.380903e+02	2340	8.600004e+01	2.433319e+02	2.380903e+02	2340	7.388652e-01	7.000000e-01	
2.381921e+02	2341	8.217636e+01	2.194701e+02	2.381921e+02	2341	7.275739e-01	7.000000e-01	
2.382938e+02	2342	8.357230e+01	2.462693e+02	2.382938e+02	2342	7.466290e-01	7.000000e-01	
2.383956e+02	2343	6.773676e+01	2.377095e+02	2.383956e+02	2343	7.782367e-01	7.000000e-01	
2.384973e+02	2344	7.849059e+01	2.045609e+02	2.384973e+02	2344	7.226985e-01	7.000000e-01	
2.385991e+02	2345	7.095949e+01	2.453423e+02	2.385991e+02	2345	7.756589e-01	7.000000e-01	
2.387008e+02	2346	8.294688e+01	2.381950e+02	2.387008e+02	2346	7.417127e-01	7.000000e-01	
2.388026e+02	2347	7.957752e+01	1.848631e+02	2.388026e+02	2347	6.990723e-01	7.000000e-01	
2.389043e+02	2348	5.867947e+01	2.505443e+02	2.389043e+02	2348	8.102362e-01	7.000000e-01	
2.390061e+02	2349	6.001706e+01	2.488519e+02	2.390061e+02	2349	8.056876e-01	7.000000e-01	
2.391078e+02	2350	6.803026e+01	2.344043e+02	2.391078e+02	2350	7.750579e-01	7.000000e-01	
2.392095e+02	2351	6.667344e+01	2.606932e+02	2.392095e+02	2351	7.963340e-01	7.000000e-01	
2.393113e+02	2352	6.539275e+01	2.564972e+02	2.393113e+02	2352	7.968475e-01	7.000000e-01	
2.394130e+02	2353	7.060374e+01	2.397888e+02	2.394130e+02	2353	7.725340e-01	7.000000e-01	
2.395148e+02	2354	8.666946e+01	2.132834e+02	2.395148e+02	2354	7.110564e-01	7.000000e-01	
2.396165e+02	2355	8.556911e+01	2.317587e+02	2.396165e+02	2355	7.303447e-01	7.000000e-01	
2.397183e+02	2356	6.573650e+01	2.161818e+02	2.397183e+02	2356	7.668243e-01	7.000000e-01	
2.398200e+02	2357	6.550557e+01	2.370211e+02	2.398200e+02	2357	7.834718e-01	7.000000e-01	
2.399218e+02	2358	7.684943e+01	2.282508e+02	2.399218e+02	2358	7.481174e-01	7.000000e-01	
2.400235e+02	2359	7.760643e+01	2.294627e+02	2.400235e+02	2359	7.472672e-01	7.000000e-01	
2.401253e+02	2360	7.494024e+01	1.839410e+02	2.401253e+02	2360	7.105227e-01	7.000000e-01	
2.402270e+02	2361	6.852253e+01	2.690549e+02	2.402270e+02	2361	7.970169e-01	7.000000e-01	
2.403288e+02	2362	8.422715e+01	2.197425e+02	2.403288e+02	2362	7.229093e-01	7.000000e-01	
2.404305e+02	2363	8.644716e+01	2.037664e+02	2.404305e+02	2363	7.021257e-01	7.000000e-01	
2.405323e+02	2364	7.703922e+01	2.386932e+02	2.405323e+02	2364	7.559984e-01	7.000000e-01	
2.406340e+02	2365	7.809409e+01	1.942492e+02	2.406340e+02	2365	7.132513e-01	7.000000e-01	
2.407358e+02	2366	7.339854e+01	2.135090e+02	2.407358e+02	2366	7.441735e-01	7.000000e-01	
2.408375e+02	2367	9.756502e+01	2.178815e+02	2.408375e+02	2367	6.907082e-01	7.000000e-01	
2.409393e+02	2368	7.748755e+01	2.341302e+02	2.409393e+02	2368	7.513378e-01	7.000000e-01	
2.410410e+02	2369	1.108617e+02	2.274302e+02	2.410410e+02	2369	6.722898e-01	7.000000e-01	
2.411428e+02	2370	1.055198e+02	2.346666e+02	2.411428e+02	2370	6.898177e-01	7.000000e-01	
2.412445e+02	2371	1.157337e+02	2.242274e+02	2.412445e+02	2371	6.595678e-01	7.000000e-01	
2.413463e+02	2372	1.004126e+02	2.192472e+02	2.413463e+02	2372	6.858767e-01	7.000000e-01	
2.414480e+02	2373	9.526608e+01	2.365714e+02	2.414480e+02	2373	7.129134e-01	7.000000e-01	
2.415498e+02	2374	1.244808e+02	2.216192e+02	2.415498e+02	2374	6.403329e-01	7.000000e-01	
2.416515e+02	2375	1.159450e+02	2.407533e+02	2.416515e+02	2375	6.749494e-01	7.000000e-01	
2.417532e+02	2376	7.905604e+01	2.717916e+02	2.417532e+02	2376	7.746713e-01	7.000000e-01	
2.418550e+02	2377	7.748441e+01	2.712225e+02	2.418550e+02	2377	7.777950e-01	7.000000e-01	
2.419567e+02	2378	7.544908e+01	2.704881e+02	2.419567e+02	2378	7.818995e-01	7.000000e-01	
2.420585e+02	2379	6.010835e+01	2.794021e+02	2.420585e+02	2379	8.229558e-01	7.000000e-01	
2.421602e+02	2380	8.406353e+01	2.541515e+02	2.421602e+02	2380	7.514495e-01	7.000000e-01	
2.422620e+02	2381	8.932800e+01	2.611347e+02	2.422620e+02	2381	7.451141e-01	7.000000e-01	
2.423637e+02	2382	1.114479e+02	2.746721e+02	2.423637e+02	2382	7.113646e-01	7.000000e-01	
2.424655e+02	2383	8.959100e+01	2.360872e+02	2.424655e+02	2383	7.249094e-01	7.000000e-01	
2.425672e+02	2384	8.352727e+01	2.499576e+02	2.425672e+02	2384	7.495321e-01	7.000000e-01	
2.426690e+02	2385	7.088274e+01	2.219224e+02	2.426690e+02	2385	7.579184e-01	7.000000e-01	
2.427707e+02	2386	9.012127e+01	2.314213e+02	2.427707e+02	2386	7.197221e-01	7.000000e-01	
2.428725e+02	2387	8.643533e+01	2.523928e+02	2.428725e+02	2387	7.448992e-01	7.000000e-01	
2.429742e+02	2388	9.272060e+01	2.543827e+02	2.429742e+02	2388	7.328732e-01	7.000000e-01	
2.430760e+02	2389	9.115719e+01	2.485317e+02	2.430760e+02	2389	7.316451e-01	7.000000e-01	
2.431777e+02	2390	8.434475e+01	2.502329e+02	2.431777e+02	2390	7.479068e-01	7.000000e-01	
2.432795e+02	2391	1.000432e+02	2.587186e+02	2.432795e+02	2391	7.211431e-01	7.000000e-01	
2.433812e+02	2392	8.988282e+01	2.237181e+02	2.433812e+02	2392	7.133847e-01	7.000000e-01	
2.434830e+02	2393	9.366751e+01	2.290770e+02	2.434830e+02	2393	7.097781e-01	7.000000e-01	
2.435847e+02	2394	1.060421e+02	2.225721e+02	2.435847e+02	2394	6.773052e-01	7.000000e-01	
2.436865e+02	2395	7.721586e+01	3.235357e+02	2.436865e+02	2395	8.073224e-01	7.000000e-01	
2.437882e+02	2396	7.089932e+01	3.084298e+02	2.437882e+02	2396	8.130929e-01	7.000000e-01	
2.438900e+02	2397	8.456658e+01	2.772314e+02	2.438900e+02	2397	7.662602e-01	7.000000e-01	
2.439917e+02	2398	8.269791e+01	2.883196e+02	2.439917e+02	2398	7.771051e-01	7.000000e-01	
2.440935e+02	2399	7.460846e+01	2.888004e+02	2.440935e+02	2399	7.946983e-01	7.000000e-01	
2.441952e+02	2400	7.215408e+01	2.741501e+02	2.441952e+02	2400	7.916454e-01	7.000000e-01	
2.442969e+02	2401	8.877943e+01	3.963406e+02	2.442969e+02	2401	8.169949e-01	7.000000e-01	
2.443987e+02	2402	7.166662e+01	2.536223e+02	2.443987e+02	2402	7.796832e-01	7.000000e-01	
2.445004e+02	2403	9.875342e+01	2.450215e+02	2.445004e+02	2403	7.127381e-01	7.000000e-01	
2.446022e+02	2404	7.596271e+01	3.109506e+02	2.446022e+02	2404	8.036699e-01	7.000000e-01	
2.447039e+02	2405	1.122116e+02	2.193094e+02	2.447039e+02	2405	6.615249e-01	7.000000e-01	
2.448057e+02	2406	1.140379e+02	2.142595e+02	2.448057e+02	2406	6.526384e-01	7.000000e-01	
2.449074e+02	2407	9.702204e+01	2.492309e+02	2.449074e+02	2407	7.197943e-01	7.000000e-01	
2.450092e+02	2408	8.613671e+01	2.672307e+02	2.450092e+02	2408	7.562404e-01	7.000000e-01	
2.451109e+02	2409	1.020436e+02	2.293694e+02	2.451109e+02	2409	6.920954e-01	7.000000e-01	
2.452127e+02	2410	9.603598e+01	2.414912e+02	2.452127e+02	2410	7.154719e-01	7.000000e-01	
2.453144e+02	2411	1.146831e+02	2.183924e+02	2.453144e+02	2411	6.556844e-01	7.000000e-01	
2.454162e+02	2412	9.377804e+01	2.537741e+02	2.454162e+02	2412	7.301756e-01	7.000000e-01	
2.455179e+02	2413	7.880750e+01	2.286769e+02	2.455179e+02	2413	7.437024e-01	7.000000e-01	
2.456197e+02	2414	8.320609e+01	2.809596e+02	2.456197e+02	2414	7.715158e-01	7.000000e-01	
2.457214e+02	2415	7.762442e+01	2.973762e+02	2.457214e+02	2415	7.930019e-01	7.000000e-01	
2.458232e+02	2416	8.573037e+01	3.021108e+02	2.458232e+02	2416	7.789550e-01	7.000000e-01	
2.459249e+02	2417	9.614459e+01	2.617987e+02	2.459249e+02	2417	7.313971e-01	7.000000e-01	
2.460267e+02	2418	8.276246e+01	2.906905e+02	2.460267e+02	2418	7.783859e-01	7.000000e-01	
2.461284e+02	2419	7.914088e+01	2.959490e+02	2.461284e+02	2419	7.890082e-01	7.000000e-01	
2.462302e+02	2420	7.932776e+01	2.879989e+02	2.462302e+02	2420	7.840403e-01	7.000000e-01	
2.463319e+02	2421	9.445823e+01	2.851400e+02	2.463319e+02	2421	7.511626e-01	7.000000e-01	
2.464337e+02	2422	7.784741e+01	2.945360e+02	2.464337e+02	2422	7.909482e-01	7.000000e-01	
2.465354e+02	2423	8.117229e+01	2.914014e+02	2.465354e+02	2423	7.821309e-01	7.000000e-01	
2.466372e+02	2424	8.601341e+01	2.684703e+02	2.466372e+02	2424	7.573558e-01	7.000000e-01	
2.467389e+02	2425	9.668711e+01	2.745823e+02	2.467389e+02	2425	7.395770e-01	7.000000e-01	
2.468406e+02	2426	1.239465e+02	2.533203e+02	2.468406e+02	2426	6.714619e-01	7.000000e-01	
2.469424e+02	2427	1.041231e+02	2.646751e+02	2.469424e+02	2427	7.176692e-01	7.000000e-01	
2.470441e+02	2428	9.601357e+01	2.984838e+02	2.470441e+02	2428	7.566180e-01	7.000000e-01	
2.471459e+02	2429	9.351349e+01	2.659974e+02	2.471459e+02	2429	7.398869e-01	7.000000e-01	
2.472476e+02	2430	1.116989e+02	2.830403e+02	2.472476e+02	2430	7.170311e-01	7.000000e-01	
2.473494e+02	2431	1.115440e+02	2.926508e+02	2.473494e+02	2431	7.240341e-01	7.000000e-01	
2.474511e+02	2432	8.032264e+01	2.783371e+02	2.474511e+02	2432	7.760478e-01	7.000000e-01	
2.475529e+02	2433	8.790634e+01	2.842059e+02	2.475529e+02	2433	7.637639e-01	7.000000e-01	
2.476546e+02	2434	1.093332e+02	2.644538e+02	2.476546e+02	2434	7.074987e-01	7.000000e-01	
2.477564e+02	2435	1.009774e+02	2.896226e+02	2.477564e+02	2435	7.414813e-01	7.000000e-01	
2.478581e+02	2436	7.026262e+01	2.755820e+02	2.478581e+02	2436	7.968376e-01	7.000000e-01	
2.479599e+02	2437	6.852638e+01	2.750442e+02	2.479599e+02	2437	8.005464e-01	7.000000e-01	
2.480616e+02	2438	6.096174e+01	2.831530e+02	2.480616e+02	2438	8.228447e-01	7.000000e-01	
2.481634e+02	2439	6.772765e+01	2.887491e+02	2.481634e+02	2439	8.100082e-01	7.000000e-01	
2.482651e+02	2440	5.755846e+01	2.633385e+02	2.482651e+02	2440	8.206326e-01	7.000000e-01	
2.483669e+02	2441	6.062181e+01	2.495591e+02	2.483669e+02	2441	8.045598e-01	7.000000e-01	
2.484686e+02	2442	6.891015e+01	2.754685e+02	2.484686e+02	2442	7.999001e-01	7.000000e-01	
2.485704e+02	2443	8.207878e+01	2.193491e+02	2.485704e+02	2443	7.277001e-01	7.000000e-01	
2.486721e+02	2444	7.941388e+01	2.317929e+02	2.486721e+02	2444	7.448196e-01	7.000000e-01	
2.487739e+02	2445	8.906476e+01	1.704019e+02	2.487739e+02	2445	6.567391e-01	7.000000e-01	
2.488756e+02	2446	8.665317e+01	2.265605e+02	2.488756e+02	2446	7.233417e-01	7.000000e-01	
2.489774e+02	2447	9.343358e+01	1.790001e+02	2.489774e+02	2447	6.570410e-01	7.000000e-01	
2.490791e+02	2448	8.441143e+01	2.540781e+02	2.490791e+02	2448	7.506232e-01	7.000000e-01	
2.491809e+02	2449	8.691848e+01	2.342016e+02	2.491809e+02	2449	7.293272e-01	7.000000e-01	
2.492826e+02	2450	8.283455e+01	2.097441e+02	2.492826e+02	2450	7.168811e-01	7.000000e-01	
2.493843e+02	2451	1.007665e+02	2.256881e+02	2.493843e+02	2451	6.913307e-01	7.000000e-01	
2.494861e+02	2452	8.044075e+01	2.224125e+02	2.494861e+02	2452	7.343903e-01	7.000000e-01	
2.495878e+02	2453	8.894806e+01	2.170163e+02	2.495878e+02	2453	7.092862e-01	7.000000e-01	
2.496896e+02	2454	8.800210e+01	2.377306e+02	2.496896e+02	2454	7.298334e-01	7.000000e-01	
2.497913e+02	2455	9.033126e+01	2.392980e+02	2.497913e+02	2455	7.259610e-01	7.000000e-01	
2.498931e+02	2456	9.280977e+01	2.345369e+02	2.498931e+02	2456	7.164786e-01	7.000000e-01	
2.499948e+02	2457	9.404183e+01	2.180749e+02	2.499948e+02	2457	6.986966e-01	7.000000e-01	
2.500966e+02	2458	1.023221e+02	2.375610e+02	2.500966e+02	2458	6.989491e-01	7.000000e-01	
2.501983e+02	2459	8.748981e+01	2.500165e+02	2.501983e+02	2459	7.407758e-01	7.000000e-01	
2.503001e+02	2460	1.098784e+02	2.280313e+02	2.503001e+02	2460	6.748291e-01	7.000000e-01	
2.504018e+02	2461	1.102366e+02	2.237501e+02	2.504018e+02	2461	6.699372e-01	7.000000e-01	
2.505036e+02	2462	7.076188e+01	2.335129e+02	2.505036e+02	2462	7.674409e-01	7.000000e-01	
2.506053e+02	2463	7.472726e+01	2.627792e+02	2.506053e+02	2463	7.785901e-01	7.000000e-01	
2.507071e+02	2464	7.916968e+01	2.381275e+02	2.507071e+02	2464	7.504873e-01	7.000000e-01	
2.508088e+02	2465	5.018810e+01	2.159852e+02	2.508088e+02	2465	8.114458e-01	7.000000e-01	
2.509106e+02	2466	6.187560e+01	2.329929e+02	2.509106e+02	2466	7.901587e-01	7.000000e-01	
2.510123e+02	2467	8.253124e+01	2.297664e+02	2.510123e+02	2467	7.357289e-01	7.000000e-01	
2.511141e+02	2468	8.418294e+01	2.316651e+02	2.511141e+02	2468	7.334701e-01	7.000000e-01	
2.512158e+02	2469	7.500655e+01	2.246090e+02	2.512158e+02	2469	7.496574e-01	7.000000e-01	
2.513176e+02	2470	6.502137e+01	1.847683e+02	2.513176e+02	2470	7.396955e-01	7.000000e-01	
2.514193e+02	2471	8.847592e+01	2.201269e+02	2.514193e+02	2471	7.133016e-01	7.000000e-01	
2.515211e+02	2472	8.223291e+01	2.098307e+02	2.515211e+02	2472	7.184418e-01	7.000000e-01	
2.516228e+02	2473	9.313006e+01	2.161347e+02	2.516228e+02	2473	6.988662e-01	7.000000e-01	
2.517246e+02	2474	8.733678e+01	2.344014e+02	2.517246e+02	2474	7.285470e-01	7.000000e-01	
2.518263e+02	2475	8.102446e+01	2.193723e+02	2.518263e+02	2475	7.302752e-01	7.000000e-01	
2.519280e+02	2476	8.320151e+01	2.105859e+02	2.519280e+02	2476	7.167969e-01	7.000000e-01	
2.520298e+02	2477	9.319477e+01	1.841475e+02	2.520298e+02	2477	6.639720e-01	7.000000e-01	
2.521315e+02	2478	8.157312e+01	2.051092e+02	2.521315e+02	2478	7.154581e-01	7.000000e-01	
2.522333e+02	2479	8.501372e+01	2.149917e+02	2.522333e+02	2479	7.166261e-01	7.000000e-01	
2.523350e+02	2480	6.485754e+01	2.232954e+02	2.523350e+02	2480	7.749197e-01	7.000000e-01	
2.524368e+02	2481	8.353915e+01	1.950746e+02	2.524368e+02	2481	7.001614e-01	7.000000e-01	
2.525385e+02	2482	8.600260e+01	1.997120e+02	2.525385e+02	2482	6.989912e-01	7.000000e-01	
2.526403e+02	2483	8.486434e+01	1.804704e+02	2.526403e+02	2483	6.801612e-01	7.000000e-01	
2.527420e+02	2484	7.613753e+01	2.171951e+02	2.527420e+02	2484	7.404396e-01	7.000000e-01	
2.528438e+02	2485	8.314665e+01	1.798307e+02	2.528438e+02	2485	6.838258e-01	7.000000e-01	
2.529455e+02	2486	7.461781e+01	2.065339e+02	2.529455e+02	2486	7.345995e-01	7.000000e-01	
2.530473e+02	2487	9.048566e+01	2.124460e+02	2.530473e+02	2487	7.013001e-01	7.000000e-01	
2.531490e+02	2488	9.082418e+01	2.148755e+02	2.531490e+02	2488	7.028974e-01	7.000000e-01	
2.532508e+02	2489	7.735266e+01	1.931268e+02	2.532508e+02	2489	7.140165e-01	7.000000e-01	
2.533525e+02	2490	8.320678e+01	2.224388e+02	2.533525e+02	2490	7.277671e-01	7.000000e-01	
2.534543e+02	2491	9.182147e+01	2.030970e+02	2.534543e+02	2491	6.886547e-01	7.000000e-01	
2.535560e+02	2492	1.043932e+02	2.284152e+02	2.535560e+02	2492	6.863264e-01	7.000000e-01	
2.536578e+02	2493	9.287291e+01	1.982393e+02	2.536578e+02	2493	6.809721e-01	7.000000e-01	
2.537595e+02	2494	9.959799e+01	2.128218e+02	2.537595e+02	2494	6.812046e-01	7.000000e-01	
2.538613e+02	2495	7.759494e+01	2.620611e+02	2.538613e+02	2495	7.715485e-01	7.000000e-01	
2.539630e+02	2496	1.004287e+02	2.193305e+02	2.539630e+02	2496	6.859240e-01	7.000000e-01	
2.540648e+02	2497	1.232772e+02	2.209478e+02	2.540648e+02	2497	6.418703e-01	7.000000e-01	
2.541665e+02	2498	9.026312e+01	2.270401e+02	2.541665e+02	2498	7.155304e-01	7.000000e-01	
2.542683e+02	2499	9.230921e+01	2.112502e+02	2.542683e+02	2499	6.959106e-01	7.000000e-01	
2.543700e+02	2500	1.055794e+02	2.225765e+02	2.543700e+02	2500	6.782645e-01	7.000000e-01	
2.544717e+02	2501	1.064894e+02	2.106211e+02	2.544717e+02	2501	6.641884e-01	7.000000e-01	
2.545735e+02	2502	7.549524e+01	2.337503e+02	2.545735e+02	2502	7.558728e-01	7.000000e-01	
2.546752e+02	2503	7.587744e+01	1.707681e+02	2.546752e+02	2503	6.923624e-01	7.000000e-01	
2.547770e+02	2504	1.049544e+02	2.137186e+02	2.547770e+02	2504	6.706517e-01	7.000000e-01	
2.548787e+02	2505	7.988058e+01	2.277426e+02	2.548787e+02	2505	7.403298e-01	7.000000e-01	
2.549805e+02	2506	7.524917e+01	2.377212e+02	2.549805e+02	2506	7.595646e-01	7.000000e-01	
2.550822e+02	2507	9.249868e+01	2.564266e+02	2.550822e+02	2507	7.349040e-01	7.000000e-01	
2.551840e+02	2508	7.674655e+01	2.305111e+02	2.551840e+02	2508	7.502209e-01	7.000000e-01	
2.552857e+02	2509	1.009938e+02	2.515815e+02	2.552857e+02	2509	7.135540e-01	7.000000e-01	
2.553875e+02	2510	9.310576e+01	2.509135e+02	2.553875e+02	2510	7.293589e-01	7.000000e-01	
2.554892e+02	2511	1.044333e+02	2.363214e+02	2.554892e+02	2511	6.935235e-01	7.000000e-01	
2.555910e+02	2512	8.041741e+01	2.188476e+02	2.555910e+02	2512	7.312836e-01	7.000000e-01	
2.556927e+02	2513	9.701128e+01	2.609687e+02	2.556927e+02	2513	7.290036e-01	7.000000e-01	
2.557945e+02	2514	7.530810e+01	2.487756e+02	2.557945e+02	2514	7.676276e-01	7.000000e-01	
2.558962e+02	2515	9.717893e+01	2.448711e+02	2.558962e+02	2515	7.158926e-01	7.000000e-01	
2.559980e+02	2516	6.676370e+01	2.463930e+02	2.559980e+02	2516	7.868042e-01	7.000000e-01	
2.560997e+02	2517	6.487347e+01	2.579359e+02	2.560997e+02	2517	7.990347e-01	7.000000e-01	
2.562015e+02	2518	7.287241e+01	2.429748e+02	2.562015e+02	2518	7.692796e-01	7.000000e-01	
2.563032e+02	2519	7.295489e+01	2.452343e+02	2.563032e+02	2519	7.707185e-01	7.000000e-01	
2.564050e+02	2520	8.130503e+01	2.306151e+02	2.564050e+02	2520	7.393402e-01	7.000000e-01	
2.565067e+02	2521	7.120725e+01	2.445131e+02	2.565067e+02	2521	7.744610e-01	7.000000e-01	
2.566085e+02	2522	5.565684e+01	2.717149e+02	2.566085e+02	2522	8.299889e-01	7.000000e-01	
2.567102e+02	2523	9.204189e+01	2.464526e+02	2.567102e+02	2523	7.280845e-01	7.000000e-01	
2.568120e+02	2524	1.238435e+02	2.420108e+02	2.568120e+02	2524	6.614950e-01	7.000000e-01	
2.569137e+02	2525	1.095054e+02	2.160355e+02	2.569137e+02	2525	6.636201e-01	7.000000e-01	
2.570154e+02	2526	9.491388e+01	2.361921e+02	2.570154e+02	2526	7.133429e-01	7.000000e-01	
2.571172e+02	2527	1.048423e+02	2.245875e+02	2.571172e+02	2527	6.817462e-01	7.000000e-01	
2.572189e+02	2528	1.079748e+02	2.244226e+02	2.572189e+02	2528	6.751635e-01	7.000000e-01	
2.573207e+02	2529	1.123778e+02	1.931160e+02	2.573207e+02	2529	6.321438e-01	7.000000e-01	
2.574224e+02	2530	1.102889e+02	2.135607e+02	2.574224e+02	2530	6.594441e-01	7.000000e-01	
2.575242e+02	2531	6.910782e+01	2.464701e+02	2.575242e+02	2531	7.810119e-01	7.000000e-01	
2.576259e+02	2532	9.914232e+01	2.341609e+02	2.576259e+02	2532	7.025462e-01	7.000000e-01	
2.577277e+02	2533	7.495431e+01	2.447242e+02	2.577277e+02	2533	7.655322e-01	7.000000e-01	
2.578294e+02	2534	8.839806e+01	2.381797e+02	2.578294e+02	2534	7.293200e-01	7.000000e-01	
2.579312e+02	2535	6.756376e+01	2.276205e+02	2.579312e+02	2535	7.711133e-01	7.000000e-01	
2.580329e+02	2536	6.844914e+01	2.346006e+02	2.580329e+02	2536	7.741323e-01	7.000000e-01	
2.581347e+02	2537	8.058602e+01	2.513051e+02	2.581347e+02	2537	7.571914e-01	7.000000e-01	
2.582364e+02	2538	8.491897e+01	2.573294e+02	2.582364e+02	2538	7.518791e-01	7.000000e-01	
2.583382e+02	2539	6.982902e+01	2.379876e+02	2.583382e+02	2539	7.731473e-01	7.000000e-01	
2.584399e+02	2540	7.820083e+01	2.304857e+02	2.584399e+02	2540	7.466659e-01	7.000000e-01	
2.585417e+02	2541	7.964326e+01	2.622639e+02	2.585417e+02	2541	7.670617e-01	7.000000e-01	
2.586434e+02	2542	8.049096e+01	2.505443e+02	2.586434e+02	2542	7.568508e-01	7.000000e-01	
2.587452e+02	2543	7.854990e+01	2.303299e+02	2.587452e+02	2543	7.456943e-01	7.000000e-01	
2.588469e+02	2544	7.208786e+01	2.504928e+02	2.588469e+02	2544	7.765276e-01	7.000000e-01	
2.589487e+02	2545	6.973582e+01	2.565000e+02	2.589487e+02	2545	7.862411e-01	7.000000e-01	
2.590504e+02	2546	7.784681e+01	2.613469e+02	2.590504e+02	2546	7.704945e-01	7.000000e-01	
2.591522e+02	2547	8.243317e+01	2.755256e+02	2.591522e+02	2547	7.697132e-01	7.000000e-01	
2.592539e+02	2548	7.399803e+01	2.688679e+02	2.592539e+02	2548	7.841779e-01	7.000000e-01	
2.593557e+02	2549	8.576696e+01	2.750703e+02	2.593557e+02	2549	7.623112e-01	7.000000e-01	
2.594574e+02	2550	8.182764e+01	2.680133e+02	2.594574e+02	2550	7.661004e-01	7.000000e-01	
2.595591e+02	2551	6.561509e+01	2.630571e+02	2.595591e+02	2551	8.003631e-01	7.000000e-01	
2.596609e+02	2552	7.708267e+01	2.821886e+02	2.596609e+02	2552	7.854472e-01	7.000000e-01	
2.597626e+02	2553	7.358873e+01	2.529933e+02	2.597626e+02	2553	7.746700e-01	7.000000e-01	
2.598644e+02	2554	9.071038e+01	2.552818e+02	2.598644e+02	2554	7.378253e-01	7.000000e-01	
2.599661e+02	2555	8.470070e+01	2.541466e+02	2.599661e+02	2555	7.500328e-01	7.000000e-01	
2.600679e+02	2556	8.019864e+01	2.576641e+02	2.600679e+02	2556	7.626295e-01	7.000000e-01	
2.601696e+02	2557	9.592326e+01	2.334276e+02	2.601696e+02	2557	7.087505e-01	7.000000e-01	
2.602714e+02	2558	8.379331e+01	2.620256e+02	2.602714e+02	2558	7.576960e-01	7.000000e-01	
2.603731e+02	2559	1.033062e+02	2.223075e+02	2.603731e+02	2559	6.827339e-01	7.000000e-01	
2.604749e+02	2560	8.652091e+01	2.556770e+02	2.604749e+02	2560	7.471612e-01	7.000000e-01	
2.605766e+02	2561	8.838985e+01	2.524332e+02	2.605766e+02	2561	7.406577e-01	7.000000e-01	
2.606784e+02	2562	8.812997e+01	2.273599e+02	2.606784e+02	2562	7.206567e-01	7.000000e-01	
2.607801e+02	2563	9.149769e+01	2.434030e+02	2.607801e+02	2563	7.267916e-01	7.000000e-01	
2.608819e+02	2564	9.127165e+01	2.461187e+02	2.608819e+02	2564	7.294776e-01	7.000000e-01	
2.609836e+02	2565	1.000383e+02	2.427154e+02	2.609836e+02	2565	7.081336e-01	7.000000e-01	
2.610854e+02	2566	9.376746e+01	2.392994e+02	2.610854e+02	2566	7.184726e-01	7.000000e-01	
2.611871e+02	2567	6.722920e+01	2.529740e+02	2.611871e+02	2567	7.900421e-01	7.000000e-01	
2.612889e+02	2568	7.734322e+01	2.686926e+02	2.612889e+02	2568	7.764878e-01	7.000000e-01	
2.613906e+02	2569	8.632214e+01	2.562646e+02	2.613906e+02	2569	7.480284e-01	7.000000e-01	
2.614924e+02	2570	7.735665e+01	2.541939e+02	2.614924e+02	2570	7.666822e-01	7.000000e-01	
2.615941e+02	2571	7.336463e+01	2.446737e+02	2.615941e+02	2571	7.693214e-01	7.000000e-01	
2.616959e+02	2572	6.962032e+01	2.601014e+02	2.616959e+02	2572	7.888513e-01	7.000000e-01	
2.617976e+02	2573	8.287719e+01	2.510795e+02	2.617976e+02	2573	7.518325e-01	7.000000e-01	
2.618994e+02	2574	8.436629e+01	2.719141e+02	2.618994e+02	2574	7.632025e-01	7.000000e-01	
2.620011e+02	2575	8.410781e+01	2.555189e+02	2.620011e+02	2575	7.523522e-01	7.000000e-01	
2.621028e+02	2576	7.302664e+01	2.406207e+02	2.621028e+02	2576	7.671696e-01	7.000000e-01	
2.622046e+02	2577	9.706010e+01	2.984915e+02	2.622046e+02	2577	7.546209e-01	7.000000e-01	
2.623063e+02	2578	1.194857e+02	3.234753e+02	2.623063e+02	2578	7.302568e-01	7.000000e-01	
2.624081e+02	2579	9.401927e+01	2.924257e+02	2.624081e+02	2579	7.567072e-01	7.000000e-01	
2.625098e+02	2580	1.456735e+02	3.073671e+02	2.625098e+02	2580	6.784538e-01	7.000000e-01	
2.626116e+02	2581	8.191260e+01	2.872297e+02	2.626116e+02	2581	7.781002e-01	7.000000e-01	
2.627133e+02	2582	1.063751e+02	2.920402e+02	2.627133e+02	2582	7.330045e-01	7.000000e-01	
2.628151e+02	2583	9.122690e+01	2.721885e+02	2.628151e+02	2583	7.489735e-01	7.000000e-01	
2.629168e+02	2584	9.231248e+01	2.528734e+02	2.629168e+02	2584	7.325717e-01	7.000000e-01	
2.630186e+02	2585	9.789205e+01	2.447743e+02	2.630186e+02	2585	7.143225e-01	7.000000e-01	
2.631203e+02	2586	8.347092e+01	2.922072e+02	2.631203e+02	2586	7.778127e-01	7.000000e-01	
2.632221e+02	2587	9.590297e+01	2.373075e+02	2.632221e+02	2587	7.121850e-01	7.000000e-01	
2.633238e+02	2588	1.006291e+02	2.763746e+02	2.633238e+02	2588	7.330819e-01	7.000000e-01	
2.634256e+02	2589	9.431874e+01	2.612697e+02	2.634256e+02	2589	7.347531e-01	7.000000e-01	
2.635273e+02	2590	8.775684e+01	2.339263e+02	2.635273e+02	2590	7.271948e-01	7.000000e-01	
2.636291e+02	2591	9.039864e+01	2.624182e+02	2.636291e+02	2591	7.437803e-01	7.000000e-01	
2.637308e+02	2592	1.016360e+02	2.478039e+02	2.637308e+02	2592	7.091460e-01	7.000000e-01	
2.638326e+02	2593	1.082926e+02	2.320334e+02	2.638326e+02	2593	6.817975e-01	7.000000e-01	
2.639343e+02	2594	9.658058e+01	2.416065e+02	2.639343e+02	2594	7.144167e-01	7.000000e-01	
2.640361e+02	2595	9.025581e+01	2.330391e+02	2.640361e+02	2595	7.208251e-01	7.000000e-01	
2.641378e+02	2596	1.088067e+02	2.306438e+02	2.641378e+02	2596	6.794622e-01	7.000000e-01	
2.642396e+02	2597	8.335810e+01	3.180552e+02	2.642396e+02	2597	7.923385e-01	7.000000e-01	
2.643413e+02	2598	6.747614e+01	3.034222e+02	2.643413e+02	2598	8.180738e-01	7.000000e-01	
2.644431e+02	2599	7.272943e+01	3.156306e+02	2.644431e+02	2599	8.127268e-01	7.000000e-01	
2.645448e+02	2600	8.300923e+01	2.697125e+02	2.645448e+02	2600	7.646609e-01	7.000000e-01	
2.646465e+02	2601	8.028907e+01	2.605355e+02	2.646465e+02	2601	7.644270e-01	7.000000e-01	
2.647483e+02	2602	7.780187e+01	2.542357e+02	2.647483e+02	2602	7.656835e-01	7.000000e-01	
2.648500e+02	2603	8.830981e+01	2.715305e+02	2.648500e+02	2603	7.545861e-01	7.000000e-01	
2.649518e+02	2604	9.079326e+01	2.639402e+02	2.649518e+02	2604	7.440522e-01	7.000000e-01	
2.650535e+02	2605	1.033322e+02	2.592051e+02	2.650535e+02	2605	7.149750e-01	7.000000e-01	
2.651553e+02	2606	8.155240e+01	2.546370e+02	2.651553e+02	2606	7.574213e-01	7.000000e-01	
2.652570e+02	2607	7.594867e+01	2.549636e+02	2.652570e+02	2607	7.704870e-01	7.000000e-01	
2.653588e+02	2608	1.094042e+02	2.735673e+02	2.653588e+02	2608	7.143281e-01	7.000000e-01	
2.654605e+02	2609	1.139601e+02	2.219733e+02	2.654605e+02	2609	6.607658e-01	7.000000e-01	
2.655623e+02	2610	8.595170e+01	2.823651e+02	2.655623e+02	2610	7.666365e-01	7.000000e-01	
2.656640e+02	2611	9.523546e+01	2.481341e+02	2.656640e+02	2611	7.226444e-01	7.000000e-01	
2.657658e+02	2612	9.049137e+01	2.947751e+02	2.657658e+02	2612	7.651200e-01	7.000000e-01	
2.658675e+02	2613	9.131436e+01	3.188658e+02	2.658675e+02	2613	7.773799e-01	7.000000e-01	
2.659693e+02	2614	9.889647e+01	2.886484e+02	2.659693e+02	2614	7.448129e-01	7.000000e-01	
2.660710e+02	2615	8.192430e+01	2.512553e+02	2.660710e+02	2615	7.541137e-01	7.000000e-01	
2.661728e+02	2616	9.357021e+01	2.907985e+02	2.661728e+02	2616	7.565613e-01	7.000000e-01	
2.662745e+02	2617	8.681852e+01	2.655518e+02	2.662745e+02	2617	7.536157e-01	7.000000e-01	
2.663763e+02	2618	6.926256e+01	2.357359e+02	2.663763e+02	2618	7.729085e-01	7.000000e-01	
2.664780e+02	2619	7.348679e+01	2.628286e+02	2.664780e+02	2619	7.814944e-01	7.000000e-01	
2.665798e+02	2620	1.126658e+02	2.239108e+02	2.665798e+02	2620	6.652596e-01	7.000000e-01	
2.666815e+02	2621	5.677099e+01	2.519726e+02	2.666815e+02	2621	8.161225e-01	7.000000e-01	
2.667833e+02	2622	7.611386e+01	2.489788e+02	2.667833e+02	2622	7.658703e-01	7.000000e-01	
2.668850e+02	2623	8.196300e+01	2.388032e+02	2.668850e+02	2623	7.444774e-01	7.000000e-01	
2.669868e+02	2624	6.254477e+01	2.864423e+02	2.669868e+02	2624	8.207820e-01	7.000000e-01	
2.670885e+02	2625	6.039351e+01	2.636818e+02	2.670885e+02	2625	8.136436e-01	7.000000e-01	
2.671902e+02	2626	8.291974e+01	2.217640e+02	2.671902e+02	2626	7.278498e-01	7.000000e-01	
2.672920e+02	2627	8.984813e+01	2.448117e+02	2.672920e+02	2627	7.315240e-01	7.000000e-01	
2.673937e+02	2628	7.267721e+01	2.563710e+02	2.673937e+02	2628	7.791290e-01	7.000000e-01	
2.674955e+02	2629	8.016716e+01	2.166038e+02	2.674955e+02	2629	7.298686e-01	7.000000e-01	
2.675972e+02	2630	8.853046e+01	2.099167e+02	2.675972e+02	2630	7.033630e-01	7.000000e-01	
2.676990e+02	2631	8.898953e+01	2.306994e+02	2.676990e+02	2631	7.216371e-01	7.000000e-01	
2.678007e+02	2632	7.716636e+01	2.332379e+02	2.678007e+02	2632	7.514004e-01	7.000000e-01	
2.679025e+02	2633	9.306580e+01	2.178184e+02	2.679025e+02	2633	7.006416e-01	7.000000e-01	
2.680042e+02	2634	8.928535e+01	2.172442e+02	2.680042e+02	2634	7.087219e-01	7.000000e-01	
2.681060e+02	2635	7.917762e+01	2.406624e+02	2.681060e+02	2635	7.524462e-01	7.000000e-01	
2.682077e+02	2636	6.965877e+01	2.421263e+02	2.682077e+02	2636	7.765808e-01	7.000000e-01	
2.683095e+02	2637	8.351927e+01	2.453570e+02	2.683095e+02	2637	7.460465e-01	7.000000e-01	
2.684112e+02	2638	8.082260e+01	2.186398e+02	2.684112e+02	2638	7.301077e-01	7.000000e-01	
2.685130e+02	2639	8.077050e+01	2.216271e+02	2.685130e+02	2639	7.328997e-01	7.000000e-01	
2.686147e+02	2640	8.068970e+01	2.213332e+02	2.686147e+02	2640	7.328358e-01	7.000000e-01	
2.687165e+02	2641	8.402631e+01	2.347113e+02	2.687165e+02	2641	7.363778e-01	7.000000e-01	
2.688182e+02	2642	9.877708e+01	2.779808e+02	2.688182e+02	2642	7.378235e-01	7.000000e-01	
2.689200e+02	2643	8.788845e+01	2.205506e+02	2.689200e+02	2643	7.150541e-01	7.000000e-01	
2.690217e+02	2644	5.518205e+01	2.620579e+02	2.690217e+02	2644	8.260558e-01	7.000000e-01	
2.691235e+02	2645	9.764172e+01	2.293313e+02	2.691235e+02	2645	7.013768e-01	7.000000e-01	
2.692252e+02	2646	7.263175e+01	2.385215e+02	2.692252e+02	2646	7.665724e-01	7.000000e-01	
2.693270e+02	2647	8.546368e+01	2.476166e+02	2.693270e+02	2647	7.434142e-01	7.000000e-01	
2.694287e+02	2648	9.745893e+01	2.043529e+02	2.694287e+02	2648	6.770871e-01	7.000000e-01	
2.695305e+02	2649	9.721009e+01	2.061689e+02	2.695305e+02	2649	6.795754e-01	7.000000e-01	
2.696322e+02	2650	9.901231e+01	2.248017e+02	2.696322e+02	2650	6.942309e-01	7.000000e-01	
2.697339e+02	2651	8.407657e+01	1.843218e+02	2.697339e+02	2651	6.867471e-01	7.000000e-01	
2.698357e+02	2652	9.169541e+01	2.165315e+02	2.698357e+02	2652	7.025068e-01	7.000000e-01	
2.699374e+02	2653	8.355178e+01	1.787177e+02	2.699374e+02	2653	6.814277e-01	7.000000e-01	
2.700392e+02	2654	8.138417e+01	1.739105e+02	2.700392e+02	2654	6.812148e-01	7.000000e-01	
2.701409e+02	2655	6.514425e+01	1.995627e+02	2.701409e+02	2655	7.539005e-01	7.000000e-01	
2.702427e+02	2656	8.225689e+01	2.307453e+02	2.702427e+02	2656	7.372003e-01	7.000000e-01	
2.703444e+02	2657	8.583531e+01	2.240038e+02	2.703444e+02	2657	7.229681e-01	7.000000e-01	
2.704462e+02	2658	9.529314e+01	2.208764e+02	2.704462e+02	2658	6.986011e-01	7.000000e-01	
2.705479e+02	2659	8.245309e+01	2.325970e+02	2.705479e+02	2659	7.382858e-01	7.000000e-01	
2.706497e+02	2660	8.981301e+01	2.153247e+02	2.706497e+02	2660	7.056640e-01	7.000000e-01	
2.707514e+02	2661	9.143304e+01	2.369207e+02	2.707514e+02	2661	7.215410e-01	7.000000e-01	
2.708532e+02	2662	7.928371e+01	2.327232e+02	2.708532e+02	2662	7.458912e-01	7.000000e-01	
2.709549e+02	2663	4.983733e+01	2.376871e+02	2.709549e+02	2663	8.266675e-01	7.000000e-01	
2.710567e+02	2664	8.315733e+01	2.289917e+02	2.710567e+02	2664	7.335973e-01	7.000000e-01	
2.711584e+02	2665	7.679295e+01	2.336040e+02	2.711584e+02	2665	7.525976e-01	7.000000e-01	
2.712602e+02	2666	9.913236e+01	2.183620e+02	2.712602e+02	2666	6.877665e-01	7.000000e-01	
2.713619e+02	2667	7.575365e+01	2.391202e+02	2.713619e+02	2667	7.594159e-01	7.000000e-01	
2.714637e+02	2668	8.482172e+01	2.219417e+02	2.714637e+02	2668	7.234947e-01	7.000000e-01	
2.715654e+02	2669	9.516766e+01	2.181856e+02	2.715654e+02	2669	6.962927e-01	7.000000e-01	
2.716672e+02	2670	9.548357e+01	2.191140e+02	2.716672e+02	2670	6.964898e-01	7.000000e-01	
2.717689e+02	2671	9.636873e+01	2.124261e+02	2.717689e+02	2671	6.879199e-01	7.000000e-01	
2.718707e+02	2672	9.409959e+01	2.210524e+02	2.718707e+02	2672	7.014152e-01	7.000000e-01	
2.719724e+02	2673	1.000628e+02	2.187463e+02	2.719724e+02	2673	6.861357e-01	7.000000e-01	
2.720742e+02	2674	9.736443e+01	2.313755e+02	2.720742e+02	2674	7.038254e-01	7.000000e-01	
2.721759e+02	2675	9.961907e+01	2.086879e+02	2.721759e+02	2675	6.768835e-01	7.000000e-01	
2.722776e+02	2676	9.766353e+01	2.106511e+02	2.722776e+02	2676	6.832342e-01	7.000000e-01	
2.723794e+02	2677	9.334476e+01	2.209219e+02	2.723794e+02	2677	7.029759e-01	7.000000e-01	
2.724811e+02	2678	1.199784e+02	2.110851e+02	2.724811e+02	2678	6.375970e-01	7.000000e-01	
2.725829e+02	2679	9.576279e+01	2.110655e+02	2.725829e+02	2679	6.878945e-01	7.000000e-01	
2.726846e+02	2680	1.121749e+02	2.260510e+02	2.726846e+02	2680	6.683433e-01	7.000000e-01	
2.727864e+02	2681	8.474579e+01	2.124007e+02	2.727864e+02	2681	7.148013e-01	7.000000e-01	
2.728881e+02	2682	1.013823e+02	2.083189e+02	2.728881e+02	2682	6.726448e-01	7.000000e-01	
2.729899e+02	2683	9.757402e+01	1.799149e+02	2.729899e+02	2683	6.483679e-01	7.000000e-01	
2.730916e+02	2684	9.487843e+01	2.157216e+02	2.730916e+02	2684	6.945318e-01	7.000000e-01	
2.731934e+02	2685	8.119511e+01	2.094514e+02	2.731934e+02	2685	7.206397e-01	7.000000e-01	
2.732951e+02	2686	9.808227e+01	2.171094e+02	2.732951e+02	2686	6.888171e-01	7.000000e-01	
2.733969e+02	2687	8.924652e+01	2.309600e+02	2.733969e+02	2687	7.212845e-01	7.000000e-01	
2.734986e+02	2688	9.231657e+01	2.116583e+02	2.734986e+02	2688	6.963020e-01	7.000000e-01	
2.736004e+02	2689	8.697875e+01	2.133641e+02	2.736004e+02	2689	7.104018e-01	7.000000e-01	
2.737021e+02	2690	1.102708e+02	2.560080e+02	2.737021e+02	2690	6.989430e-01	7.000000e-01	
2.738039e+02	2691	8.710482e+01	2.150015e+02	2.738039e+02	2691	7.116749e-01	7.000000e-01	
2.739056e+02	2692	9.181570e+01	2.391744e+02	2.739056e+02	2692	7.226029e-01	7.000000e-01	
2.740074e+02	2693	1.103110e+02	2.560299e+02	2.740074e+02	2693	6.988843e-01	7.000000e-01	
2.741091e+02	2694	7.185556e+01	1.995902e+02	2.741091e+02	2694	7.352858e-01	7.000000e-01	
2.742109e+02	2695	7.449922e+01	2.071255e+02	2.742109e+02	2695	7.354663e-01	7.000000e-01	
2.743126e+02	2696	7.925518e+01	2.474154e+02	2.743126e+02	2696	7.573850e-01	7.000000e-01	
2.744144e+02	2697	6.554099e+01	2.050231e+02	2.744144e+02	2697	7.577617e-01	7.000000e-01	
2.745161e+02	2698	6.149238e+01	2.051430e+02	2.745161e+02	2698	7.693765e-01	7.000000e-01	
2.746179e+02	2699	7.642256e+01	1.976177e+02	2.746179e+02	2699	7.211265e-01	7.000000e-01	
2.747196e+02	2700	6.253571e+01	2.088969e+02	2.747196e+02	2700	7.696087e-01	7.000000e-01	
2.748213e+02	2701	6.172021e+01	1.981901e+02	2.748213e+02	2701	7.625327e-01	7.000000e-01	
2.749231e+02	2702	7.061912e+01	1.682314e+02	2.749231e+02	2702	7.043376e-01	7.000000e-01	
2.750248e+02	2703	6.869251e+01	2.530827e+02	2.750248e+02	2703	7.865202e-01	7.000000e-01	
2.751266e+02	2704	6.784310e+01	2.667101e+02	2.751266e+02	2704	7.972128e-01	7.000000e-01	
2.752283e+02	2705	4.896449e+01	2.396073e+02	2.752283e+02	2705	8.303213e-01	7.000000e-01	
2.753301e+02	2706	5.741331e+01	2.257428e+02	2.753301e+02	2706	7.972380e-01	7.000000e-01	
2.754318e+02	2707	7.263703e+01	2.748143e+02	2.754318e+02	2707	7.909433e-01	7.000000e-01	
2.755336e+02	2708	7.897394e+01	2.282478e+02	2.755336e+02	2708	7.429416e-01	7.000000e-01	
2.756353e+02	2709	6.999361e+01	2.102091e+02	2.756353e+02	2709	7.502037e-01	7.000000e-01	
2.757371e+02	2710	6.309956e+01	2.039944e+02	2.757371e+02	2710	7.637552e-01	7.000000e-01	
2.758388e+02	2711	7.442163e+01	2.371200e+02	2.758388e+02	2711	7.611182e-01	7.000000e-01	
2.759406e+02	2712	6.987609e+01	2.060573e+02	2.759406e+02	2712	7.467646e-01	7.000000e-01	
2.760423e+02	2713	6.310675e+01	2.045139e+02	2.760423e+02	2713	7.641933e-01	7.000000e-01	
2.761441e+02	2714	6.471946e+01	2.318053e+02	2.761441e+02	2714	7.817401e-01	7.000000e-01	
2.762458e+02	2715	7.082728e+01	2.492936e+02	2.762458e+02	2715	7.787483e-01	7.000000e-01	
2.763476e+02	2716	7.887600e+01	2.316523e+02	2.763476e+02	2716	7.459942e-01	7.000000e-01	
2.764493e+02	2717	8.202984e+01	2.248615e+02	2.764493e+02	2717	7.327072e-01	7.000000e-01	
2.765511e+02	2718	8.099837e+01	2.335746e+02	2.765511e+02	2718	7.425133e-01	7.000000e-01	
2.766528e+02	2719	8.735177e+01	2.314798e+02	2.766528e+02	2719	7.260253e-01	7.000000e-01	
2.767546e+02	2720	8.133832e+01	2.333019e+02	2.767546e+02	2720	7.414878e-01	7.000000e-01	
2.768563e+02	2721	6.826778e+01	2.014839e+02	2.768563e+02	2721	7.469236e-01	7.000000e-01	
2.769581e+02	2722	8.339752e+01	2.736057e+02	2.769581e+02	2722	7.663956e-01	7.000000e-01	
2.770598e+02	2723	7.492872e+01	2.934275e+02	2.770598e+02	2723	7.965863e-01	7.000000e-01	
2.771616e+02	2724	6.787843e+01	2.783942e+02	2.771616e+02	2724	8.039740e-01	7.000000e-01	
2.772633e+02	2725	7.722450e+01	3.030005e+02	2.772633e+02	2725	7.968979e-01	7.000000e-01	
2.773650e+02	2726	8.263731e+01	3.171262e+02	2.773650e+02	2726	7.932845e-01	7.000000e-01	
2.774668e+02	2727	8.226241e+01	2.454611e+02	2.774668e+02	2727	7.489884e-01	7.000000e-01	
2.775685e+02	2728	7.505228e+01	2.872046e+02	2.775685e+02	2728	7.928203e-01	7.000000e-01	
2.776703e+02	2729	8.268221e+01	2.326260e+02	2.776703e+02	2729	7.377734e-01	7.000000e-01	
2.777720e+02	2730	7.144530e+01	1.967303e+02	2.777720e+02	2730	7.335876e-01	7.000000e-01	
2.778738e+02	2731	5.672798e+01	1.901813e+02	2.778738e+02	2731	7.702477e-01	7.000000e-01	
2.779755e+02	2732	7.854418e+01	1.887184e+02	2.779755e+02	2732	7.061161e-01	7.000000e-01	
2.780773e+02	2733	7.643912e+01	2.137663e+02	2.780773e+02	2733	7.366034e-01	7.000000e-01	
2.781790e+02	2734	9.412394e+01	2.318624e+02	2.781790e+02	2734	7.112642e-01	7.000000e-01	
2.782808e+02	2735	9.007426e+01	2.273338e+02	2.782808e+02	2735	7.162194e-01	7.000000e-01	
2.783825e+02	2736	8.319584e+01	2.109240e+02	2.783825e+02	2736	7.171363e-01	7.000000e-01	
2.784843e+02	2737	7.997708e+01	2.021344e+02	2.784843e+02	2737	7.165054e-01	7.000000e-01	
2.785860e+02	2738	6.904193e+01	2.059108e+02	2.785860e+02	2738	7.488953e-01	7.000000e-01	
2.786878e+02	2739	7.023436e+01	2.185944e+02	2.786878e+02	2739	7.568304e-01	7.000000e-01	
2.787895e+02	2740	6.884532e+01	1.898956e+02	2.787895e+02	2740	7.339218e-01	7.000000e-01	
2.788913e+02	2741	6.634711e+01	2.244745e+02	2.788913e+02	2741	7.718632e-01	7.000000e-01	
2.789930e+02	2742	8.434862e+01	2.051052e+02	2.789930e+02	2742	7.085939e-01	7.000000e-01	
2.790948e+02	2743	7.474029e+01	2.347593e+02	2.790948e+02	2743	7.585125e-01	7.000000e-01	
2.791965e+02	2744	6.746068e+01	1.913648e+02	2.791965e+02	2744	7.393584e-01	7.000000e-01	
2.792983e+02	2745	8.322898e+01	2.210373e+02	2.792983e+02	2745	7.264601e-01	7.000000e-01	
2.794000e+02	2746	5.414260e+01	2.293134e+02	2.794000e+02	2746	8.089912e-01	7.000000e-01	
2.795018e+02	2747	7.925964e+01	2.204114e+02	2.795018e+02	2747	7.355112e-01	7.000000e-01	
2.796035e+02	2748	7.971032e+01	2.162609e+02	2.796035e+02	2748	7.306822e-01	7.000000e-01	
2.797053e+02	2749	7.711936e+01	2.281824e+02	2.797053e+02	2749	7.473996e-01	7.000000e-01	
2.798070e+02	2750	9.120002e+01	2.298141e+02	2.798070e+02	2750	7.159003e-01	7.000000e-01	
2.799087e+02	2751	8.934305e+01	2.214164e+02	2.799087e+02	2751	7.125009e-01	7.000000e-01	
2.800105e+02	2752	8.400895e+01	2.335443e+02	2.800105e+02	2752	7.354493e-01	7.000000e-01	
2.801122e+02	2753	7.882178e+01	2.510687e+02	2.801122e+02	2753	7.610668e-01	7.000000e-01	
2.802140e+02	2754	8.231386e+01	2.145338e+02	2.802140e+02	2754	7.227067e-01	7.000000e-01	
2.803157e+02	2755	9.146133e+01	2.460943e+02	2.803157e+02	2755	7.290481e-01	7.000000e-01	
2.804175e+02	2756	8.583585e+01	2.229631e+02	2.804175e+02	2756	7.220332e-01	7.000000e-01	
2.805192e+02	2757	8.547712e+01	2.298130e+02	2.805192e+02	2757	7.288938e-01	7.000000e-01	
2.806210e+02	2758	7.984053e+01	2.456414e+02	2.806210e+02	2758	7.547006e-01	7.000000e-01	
2.807227e+02	2759	1.156860e+02	2.519182e+02	2.807227e+02	2759	6.852974e-01	7.000000e-01	
2.808245e+02	2760	8.987876e+01	2.386416e+02	2.808245e+02	2760	7.264134e-01	7.000000e-01	
2.809262e+02	2761	7.637455e+01	2.395165e+02	2.809262e+02	2761	7.582250e-01	7.000000e-01	
2.810280e+02	2762	7.845491e+01	2.403261e+02	2.810280e+02	2762	7.538909e-01	7.000000e-01	
2.811297e+02	2763	7.632786e+01	2.340934e+02	2.811297e+02	2763	7.541152e-01	7.000000e-01	
2.812315e+02	2764	8.380330e+01	2.498528e+02	2.812315e+02	2764	7.488333e-01	7.000000e-01	
2.813332e+02	2765	9.010624e+01	2.202183e+02	2.813332e+02	2765	7.096387e-01	7.000000e-01	
2.814350e+02	2766	7.465612e+01	2.494919e+02	2.814350e+02	2766	7.696851e-01	7.000000e-01	
2.815367e+02	2767	7.951585e+01	2.256014e+02	2.815367e+02	2767	7.393925e-01	7.000000e-01	
2.816385e+02	2768	6.905646e+01	2.098809e+02	2.816385e+02	2768	7.524302e-01	7.000000e-01	
2.817402e+02	2769	7.839010e+01	2.540421e+02	2.817402e+02	2769	7.641922e-01	7.000000e-01	
2.818420e+02	2770	6.309955e+01	2.183283e+02	2.818420e+02	2770	7.757878e-01	7.000000e-01	
2.819437e+02	2771	7.338553e+01	2.147306e+02	2.819437e+02	2771	7.452918e-01	7.000000e-01	
2.820455e+02	2772	6.937321e+01	2.187281e+02	2.820455e+02	2772	7.592055e-01	7.000000e-01	
2.821472e+02	2773	7.306282e+01	2.216630e+02	2.821472e+02	2773	7.520990e-01	7.000000e-01	
2.822490e+02	2774	7.199347e+01	2.301503e+02	2.822490e+02	2774	7.617245e-01	7.000000e-01	
2.823507e+02	2775	7.082836e+01	2.209157e+02	2.823507e+02	2775	7.572243e-01	7.000000e-01	
2.824524e+02	2776	6.543310e+01	2.115424e+02	2.824524e+02	2776	7.637585e-01	7.000000e-01	
2.825542e+02	2777	6.798412e+01	2.201652e+02	2.825542e+02	2777	7.640664e-01	7.000000e-01	
2.826559e+02	2778	6.484881e+01	2.208877e+02	2.826559e+02	2778	7.730468e-01	7.000000e-01	
2.827577e+02	2779	6.421448e+01	2.141956e+02	2.827577e+02	2779	7.693529e-01	7.000000e-01	
2.828594e+02	2780	6.376028e+01	2.177823e+02	2.828594e+02	2780	7.735324e-01	7.000000e-01	
2.829612e+02	2781	6.524963e+01	2.154093e+02	2.829612e+02	2781	7.675127e-01	7.000000e-01	
2.830629e+02	2782	6.553706e+01	2.122402e+02	2.830629e+02	2782	7.640661e-01	7.000000e-01	
2.831647e+02	2783	6.839848e+01	1.943206e+02	2.831647e+02	2783	7.396516e-01	7.000000e-01	
2.832664e+02	2784	6.713268e+01	2.081047e+02	2.832664e+02	2784	7.560917e-01	7.000000e-01	
2.833682e+02	2785	6.244653e+01	2.151657e+02	2.833682e+02	2785	7.750584e-01	7.000000e-01	
2.834699e+02	2786	6.452449e+01	2.237913e+02	2.834699e+02	2786	7.762020e-01	7.000000e-01	
2.835717e+02	2787	8.005317e+01	1.856461e+02	2.835717e+02	2787	6.987076e-01	7.000000e-01	
2.836734e+02	2788	6.350014e+01	2.169695e+02	2.836734e+02	2788	7.735935e-01	7.000000e-01	
2.837752e+02	2789	6.821624e+01	2.177211e+02	2.837752e+02	2789	7.614294e-01	7.000000e-01	
2.838769e+02	2790	6.906642e+01	2.305834e+02	2.838769e+02	2790	7.695096e-01	7.000000e-01	
2.839787e+02	2791	5.923218e+01	2.217749e+02	2.839787e+02	2791	7.892146e-01	7.000000e-01	
2.840804e+02	2792	5.475343e+01	2.125666e+02	2.840804e+02	2792	7.951765e-01	7.000000e-01	
2.841822e+02	2793	6.982279e+01	2.250127e+02	2.841822e+02	2793	7.631805e-01	7.000000e-01	
2.842839e+02	2794	5.996344e+01	2.148663e+02	2.842839e+02	2794	7.818160e-01	7.000000e-01	
2.843857e+02	2795	8.774535e+01	2.077722e+02	2.843857e+02	2795	7.030791e-01	7.000000e-01	
2.844874e+02	2796	7.850581e+01	2.368982e+02	2.844874e+02	2796	7.510944e-01	7.000000e-01	
2.845892e+02	2797	8.555025e+01	2.092186e+02	2.845892e+02	2797	7.097717e-01	7.000000e-01	
2.846909e+02	2798	1.080394e+02	1.724406e+02	2.846909e+02	2798	6.148053e-01	7.000000e-01	
2.847927e+02	2799	8.829769e+01	2.064018e+02	2.847927e+02	2799	7.003806e-01	7.000000e-01	
2.848944e+02	2800	9.081888e+01	2.130313e+02	2.848944e+02	2800	7.011064e-01	7.000000e-01	
2.849961e+02	2801	8.479975e+01	2.137596e+02	2.849961e+02	2801	7.159702e-01	7.000000e-01	
2.850979e+02	2802	9.541405e+01	1.894257e+02	2.850979e+02	2802	6.650255e-01	7.000000e-01	
2.851996e+02	2803	8.521523e+01	2.321879e+02	2.851996e+02	2803	7.315237e-01	7.000000e-01	
2.853014e+02	2804	8.507066e+01	2.218505e+02	2.853014e+02	2804	7.228257e-01	7.000000e-01	
2.854031e+02	2805	8.722402e+01	2.062791e+02	2.854031e+02	2805	7.028174e-01	7.000000e-01	
2.855049e+02	2806	8.864194e+01	2.167010e+02	2.855049e+02	2806	7.096971e-01	7.000000e-01	
2.856066e+02	2807	8.717356e+01	2.201174e+02	2.856066e+02	2807	7.163159e-01	7.000000e-01	
2.857084e+02	2808	8.615556e+01	2.169391e+02	2.857084e+02	2808	7.157470e-01	7.000000e-01	
2.858101e+02	2809	8.252606e+01	2.506161e+02	2.858101e+02	2809	7.522797e-01	7.000000e-01	
2.859119e+02	2810	5.922084e+01	2.502701e+02	2.859119e+02	2810	8.086508e-01	7.000000e-01	
2.860136e+02	2811	7.226292e+01	2.137238e+02	2.860136e+02	2811	7.473207e-01	7.000000e-01	
2.861154e+02	2812	9.316080e+01	2.521384e+02	2.861154e+02	2812	7.302027e-01	7.000000e-01	
2.862171e+02	2813	1.005569e+02	2.620488e+02	2.862171e+02	2813	7.226825e-01	7.000000e-01	
2.863189e+02	2814	8.980423e+01	2.461462e+02	2.863189e+02	2814	7.326861e-01	7.000000e-01	
2.864206e+02	2815	8.361067e+01	2.443292e+02	2.864206e+02	2815	7.450427e-01	7.000000e-01	
2.865224e+02	2816	8.768767e+01	2.370721e+02	2.865224e+02	2816	7.299922e-01	7.000000e-01	
2.866241e+02	2817	9.134156e+01	2.258782e+02	2.866241e+02	2817	7.120559e-01	7.000000e-01	
2.867259e+02	2818	8.583522e+01	2.453439e+02	2.867259e+02	2818	7.408193e-01	7.000000e-01	
2.868276e+02	2819	8.496175e+01	2.332246e+02	2.868276e+02	2819	7.329812e-01	7.000000e-01	
2.869294e+02	2820	7.831705e+01	2.140033e+02	2.869294e+02	2820	7.320849e-01	7.000000e-01	
2.870311e+02	2821	6.213148e+01	2.472251e+02	2.870311e+02	2821	7.991590e-01	7.000000e-01	
2.871329e+02	2822	9.094494e+01	2.208279e+02	2.871329e+02	2822	7.082974e-01	7.000000e-01	
2.872346e+02	2823	9.770100e+01	2.196822e+02	2.872346e+02	2823	6.921671e-01	7.000000e-01	
2.873364e+02	2824	1.059193e+02	2.224671e+02	2.873364e+02	2824	6.774553e-01	7.000000e-01	
2.874381e+02	2825	9.258441e+01	2.162647e+02	2.874381e+02	2825	7.002277e-01	7.000000e-01	
2.875398e+02	2826	9.269803e+01	2.247330e+02	2.875398e+02	2826	7.079743e-01	7.000000e-01	
2.876416e+02	2827	7.578556e+01	2.166206e+02	2.876416e+02	2827	7.408209e-01	7.000000e-01	
2.877433e+02	2828	9.216301e+01	2.186508e+02	2.877433e+02	2828	7.034784e-01	7.000000e-01	
2.878451e+02	2829	8.634331e+01	2.163231e+02	2.878451e+02	2829	7.147245e-01	7.000000e-01	
2.879468e+02	2830	7.013257e+01	2.238704e+02	2.879468e+02	2830	7.614563e-01	7.000000e-01	
2.880486e+02	2831	7.441646e+01	2.013492e+02	2.880486e+02	2831	7.301460e-01	7.000000e-01	
2.881503e+02	2832	7.480815e+01	2.266865e+02	2.881503e+02	2832	7.518757e-01	7.000000e-01	
2.882521e+02	2833	6.980489e+01	2.244617e+02	2.882521e+02	2833	7.627835e-01	7.000000e-01	
2.883538e+02	2834	7.939911e+01	1.837342e+02	2.883538e+02	2834	6.982552e-01	7.000000e-01	
2.884556e+02	2835	7.197233e+01	2.074359e+02	2.884556e+02	2835	7.424116e-01	7.000000e-01	
2.885573e+02	2836	8.101278e+01	1.922087e+02	2.885573e+02	2836	7.034904e-01	7.000000e-01	
2.886591e+02	2837	7.610077e+01	1.846432e+02	2.886591e+02	2837	7.081399e-01	7.000000e-01	
2.887608e+02	2838	8.525532e+01	1.887193e+02	2.887608e+02	2838	6.888204e-01	7.000000e-01	
2.888626e+02	2839	9.798097e+01	1.914981e+02	2.888626e+02	2839	6.615266e-01	7.000000e-01	
2.889643e+02	2840	9.351822e+01	1.900556e+02	2.889643e+02	2840	6.702156e-01	7.000000e-01	
2.890661e+02	2841	8.589044e+01	1.867096e+02	2.890661e+02	2841	6.849214e-01	7.000000e-01	
2.891678e+02	2842	7.719656e+01	1.902027e+02	2.891678e+02	2842	7.113060e-01	7.000000e-01	
2.892696e+02	2843	9.680107e+01	2.106829e+02	2.892696e+02	2843	6.851834e-01	7.000000e-01	
2.893713e+02	2844	9.479080e+01	2.097783e+02	2.893713e+02	2844	6.887708e-01	7.000000e-01	
2.894731e+02	2845	7.362356e+01	1.905722e+02	2.894731e+02	2845	7.213295e-01	7.000000e-01	
2.895748e+02	2846	8.866831e+01	2.168688e+02	2.895748e+02	2846	7.097953e-01	7.000000e-01	
2.896766e+02	2847	8.431741e+01	2.112607e+02	2.896766e+02	2847	7.147373e-01	7.000000e-01	
2.897783e+02	2848	9.442306e+01	1.782355e+02	2.897783e+02	2848	6.536949e-01	7.000000e-01	
2.898801e+02	2849	9.742511e+01	2.180199e+02	2.898801e+02	2849	6.911503e-01	7.000000e-01	
2.899818e+02	2850	8.005229e+01	2.169560e+02	2.899818e+02	2850	7.304712e-01	7.000000e-01	
2.900835e+02	2851	8.354118e+01	2.040713e+02	2.900835e+02	2851	7.095356e-01	7.000000e-01	
2.901853e+02	2852	8.606277e+01	2.100451e+02	2.901853e+02	2852	7.093533e-01	7.000000e-01	
2.902870e+02	2853	9.715542e+01	2.006475e+02	2.902870e+02	2853	6.737593e-01	7.000000e-01	
2.903888e+02	2854	6.287971e+01	2.149700e+02	2.903888e+02	2854	7.736916e-01	7.000000e-01	
2.904905e+02	2855	8.068558e+01	2.365849e+02	2.904905e+02	2855	7.456883e-01	7.000000e-01	
2.905923e+02	2856	7.129214e+01	1.980064e+02	2.905923e+02	2856	7.352673e-01	7.000000e-01	
2.906940e+02	2857	7.585187e+01	2.151547e+02	2.906940e+02	2857	7.393465e-01	7.000000e-01	
2.907958e+02	2858	7.813990e+01	2.333360e+02	2.907958e+02	2858	7.491302e-01	7.000000e-01	
2.908975e+02	2859	7.488035e+01	2.114719e+02	2.908975e+02	2859	7.385027e-01	7.000000e-01	
2.909993e+02	2860	6.973420e+01	1.947562e+02	2.909993e+02	2860	7.363451e-01	7.000000e-01	
2.911010e+02	2861	7.090771e+01	1.970343e+02	2.911010e+02	2861	7.353617e-01	7.000000e-01	
2.912028e+02	2862	6.594280e+01	2.198976e+02	2.912028e+02	2862	7.693020e-01	7.000000e-01	
2.913045e+02	2863	8.843870e+01	2.461981e+02	2.913045e+02	2863	7.357174e-01	7.000000e-01	
2.914063e+02	2864	9.240323e+01	1.929418e+02	2.914063e+02	2864	6.761702e-01	7.000000e-01	
2.915080e+02	2865	8.744700e+01	2.446435e+02	2.915080e+02	2865	7.366772e-01	7.000000e-01	
2.916098e+02	2866	8.008669e+01	2.526688e+02	2.916098e+02	2866	7.593227e-01	7.000000e-01	
2.917115e+02	2867	8.582520e+01	2.279776e+02	2.917115e+02	2867	7.264996e-01	7.000000e-01	
2.918133e+02	2868	8.565202e+01	2.894576e+02	2.918133e+02	2868	7.716614e-01	7.000000e-01	
2.919150e+02	2869	7.525777e+01	2.151981e+02	2.919150e+02	2869	7.408977e-01	7.000000e-01	
2.920168e+02	2870	8.391194e+01	2.042615e+02	2.920168e+02	2870	7.088145e-01	7.000000e-01	
2.921185e+02	2871	8.312135e+01	2.034515e+02	2.921185e+02	2871	7.099469e-01	7.000000e-01	
2.922203e+02	2872	8.606549e+01	2.431288e+02	2.922203e+02	2872	7.385572e-01	7.000000e-01	
2.923220e+02	2873	7.889863e+01	2.144970e+02	2.923220e+02	2873	7.310845e-01	7.000000e-01	
2.924238e+02	2874	8.895978e+01	2.167687e+02	2.924238e+02	2874	7.090236e-01	7.000000e-01	
2.925255e+02	2875	6.774797e+01	1.979438e+02	2.925255e+02	2875	7.450129e-01	7.000000e-01	
2.926272e+02	2876	1.100991e+02	2.111092e+02	2.926272e+02	2876	6.572346e-01	7.000000e-01	
2.927290e+02	2877	7.980196e+01	2.062029e+02	2.927290e+02	2877	7.209769e-01	7.000000e-01	
2.928307e+02	2878	1.132518e+02	2.044585e+02	2.928307e+02	2878	6.435375e-01	7.000000e-01	
2.929325e+02	2879	1.120611e+02	2.044045e+02	2.929325e+02	2879	6.458980e-01	7.000000e-01	
2.930342e+02	2880	9.414214e+01	2.220608e+02	2.930342e+02	2880	7.022730e-01	7.000000e-01	
2.931360e+02	2881	1.056778e+02	2.158976e+02	2.931360e+02	2881	6.713747e-01	7.000000e-01	
2.932377e+02	2882	9.508556e+01	2.181599e+02	2.932377e+02	2882	6.964503e-01	7.000000e-01	
2.933395e+02	2883	9.510037e+01	2.250628e+02	2.933395e+02	2883	7.029628e-01	7.000000e-01	
2.934412e+02	2884	6.938199e+01	2.128570e+02	2.934412e+02	2884	7.541729e-01	7.000000e-01	
2.935430e+02	2885	6.710149e+01	2.253590e+02	2.935430e+02	2885	7.705622e-01	7.000000e-01	
2.936447e+02	2886	6.298120e+01	2.472352e+02	2.936447e+02	2886	7.969766e-01	7.000000e-01	
2.937465e+02	2887	6.985414e+01	2.158481e+02	2.937465e+02	2887	7.555002e-01	7.000000e-01	
2.938482e+02	2888	6.356084e+01	2.191895e+02	2.938482e+02	2888	7.752051e-01	7.000000e-01	
2.939500e+02	2889	8.142567e+01	2.317496e+02	2.939500e+02	2889	7.399997e-01	7.000000e-01	
2.940517e+02	2890	9.366992e+01	2.401264e+02	2.940517e+02	2890	7.193800e-01	7.000000e-01	
2.941535e+02	2891	1.128038e+02	2.244880e+02	2.941535e+02	2891	6.655602e-01	7.000000e-01	
2.942552e+02	2892	8.839538e+01	2.186368e+02	2.942552e+02	2892	7.120973e-01	7.000000e-01	
2.943570e+02	2893	1.027778e+02	2.546798e+02	2.943570e+02	2893	7.124755e-01	7.000000e-01	
2.944587e+02	2894	1.003955e+02	2.248867e+02	2.944587e+02	2894	6.913588e-01	7.000000e-01	
2.945605e+02	2895	8.913235e+01	2.233732e+02	2.945605e+02	2895	7.147815e-01	7.000000e-01	
2.946622e+02	2896	8.101427e+01	2.468950e+02	2.946622e+02	2896	7.529369e-01	7.000000e-01	
2.947640e+02	2897	8.205520e+01	2.286314e+02	2.947640e+02	2897	7.358908e-01	7.000000e-01	
2.948657e+02	2898	1.323658e+02	2.706543e+02	2.948657e+02	2898	6.715653e-01	7.000000e-01	
2.949675e+02	2899	9.884268e+01	2.481211e+02	2.949675e+02	2899	7.151210e-01	7.000000e-01	
