time at 532nm	frame at 532nm	I_1 at 532nm(counts)	I_2 at 532nm(counts)	time at 532nm	frame at 532nm	FRET_1>2	discr.FRET_1>2	
1.017480e-01	1	6.228601e+01	2.743644e+02	1.017480e-01	1	8.149831e-01	7.000000e-01	
2.034960e-01	2	6.228601e+01	2.743644e+02	2.034960e-01	2	8.149831e-01	7.000000e-01	
3.052440e-01	3	6.304345e+01	2.698190e+02	3.052440e-01	3	8.106021e-01	7.000000e-01	
4.069920e-01	4	5.779891e+01	2.601189e+02	4.069920e-01	4	8.181954e-01	7.000000e-01	
5.087400e-01	5	5.509421e+01	2.716303e+02	5.087400e-01	5	8.313741e-01	7.000000e-01	
6.104880e-01	6	7.655819e+01	2.668367e+02	6.104880e-01	6	7.770550e-01	7.000000e-01	
7.122360e-01	7	4.799665e+01	2.834789e+02	7.122360e-01	7	8.552030e-01	7.000000e-01	
8.139840e-01	8	4.596902e+01	2.801808e+02	8.139840e-01	8	8.590555e-01	7.000000e-01	
9.157320e-01	9	4.697802e+01	2.961166e+02	9.157320e-01	9	8.630756e-01	7.000000e-01	
1.017480e+00	10	3.358016e+01	2.709943e+02	1.017480e+00	10	8.897473e-01	7.000000e-01	
1.119228e+00	11	4.986666e+01	2.866868e+02	1.119228e+00	11	8.518314e-01	7.000000e-01	
1.220976e+00	12	4.555763e+01	2.764100e+02	1.220976e+00	12	8.585025e-01	7.000000e-01	
1.322724e+00	13	5.640603e+01	2.745980e+02	1.322724e+00	13	8.295911e-01	7.000000e-01	
1.424472e+00	14	4.747563e+01	2.636932e+02	1.424472e+00	14	8.474281e-01	7.000000e-01	
1.526220e+00	15	5.199897e+01	2.692165e+02	1.526220e+00	15	8.381181e-01	7.000000e-01	
1.627968e+00	16	4.087609e+01	2.690821e+02	1.627968e+00	16	8.681239e-01	7.000000e-01	
1.729716e+00	17	5.871101e+01	2.748072e+02	1.729716e+00	17	8.239646e-01	7.000000e-01	
1.831464e+00	18	4.308475e+01	2.687623e+02	1.831464e+00	18	8.618401e-01	7.000000e-01	
1.933212e+00	19	4.049350e+01	2.704320e+02	1.933212e+00	19	8.697646e-01	7.000000e-01	
2.034960e+00	20	6.531396e+01	2.629275e+02	2.034960e+00	20	8.010186e-01	7.000000e-01	
2.136708e+00	21	8.526351e+01	2.645614e+02	2.136708e+00	21	7.562680e-01	7.000000e-01	
2.238456e+00	22	4.929614e+01	2.852709e+02	2.238456e+00	22	8.526569e-01	7.000000e-01	
2.340204e+00	23	5.268105e+01	2.380608e+02	2.340204e+00	23	8.188047e-01	7.000000e-01	
2.441952e+00	24	5.683445e+01	2.549352e+02	2.441952e+00	24	8.177037e-01	7.000000e-01	
2.543700e+00	25	5.982808e+01	2.655782e+02	2.543700e+00	25	8.161434e-01	7.000000e-01	
2.645448e+00	26	6.502673e+01	2.597206e+02	2.645448e+00	26	7.997621e-01	7.000000e-01	
2.747196e+00	27	5.749490e+01	2.406333e+02	2.747196e+00	27	8.071471e-01	7.000000e-01	
2.848944e+00	28	5.543036e+01	2.687094e+02	2.848944e+00	28	8.289924e-01	7.000000e-01	
2.950692e+00	29	5.194984e+01	2.193046e+02	2.950692e+00	29	8.084830e-01	7.000000e-01	
3.052440e+00	30	4.883648e+01	3.037977e+02	3.052440e+00	30	8.615095e-01	7.000000e-01	
3.154188e+00	31	5.316440e+01	2.678142e+02	3.154188e+00	31	8.343678e-01	7.000000e-01	
3.255936e+00	32	4.970770e+01	2.904640e+02	3.255936e+00	32	8.538747e-01	7.000000e-01	
3.357684e+00	33	6.037346e+01	2.429053e+02	3.357684e+00	33	8.009308e-01	7.000000e-01	
3.459432e+00	34	6.224144e+01	2.265280e+02	3.459432e+00	34	7.844597e-01	7.000000e-01	
3.561180e+00	35	6.079145e+01	2.368760e+02	3.561180e+00	35	7.957739e-01	7.000000e-01	
3.662928e+00	36	6.709480e+01	2.253197e+02	3.662928e+00	36	7.705490e-01	7.000000e-01	
3.764676e+00	37	6.029578e+01	2.266562e+02	3.764676e+00	37	7.898750e-01	7.000000e-01	
3.866424e+00	38	4.744788e+01	2.559500e+02	3.866424e+00	38	8.436117e-01	7.000000e-01	
3.968172e+00	39	6.072790e+01	2.407344e+02	3.968172e+00	39	7.985556e-01	7.000000e-01	
4.069920e+00	40	6.312668e+01	2.398946e+02	4.069920e+00	40	7.916758e-01	7.000000e-01	
4.171668e+00	41	5.921347e+01	2.231597e+02	4.171668e+00	41	7.903007e-01	7.000000e-01	
4.273416e+00	42	5.556160e+01	2.602154e+02	4.273416e+00	42	8.240480e-01	7.000000e-01	
4.375164e+00	43	4.512416e+01	2.719047e+02	4.375164e+00	43	8.576655e-01	7.000000e-01	
4.476912e+00	44	4.705593e+01	2.613242e+02	4.476912e+00	44	8.474093e-01	7.000000e-01	
4.578660e+00	45	5.938477e+01	2.353054e+02	4.578660e+00	45	7.984840e-01	7.000000e-01	
4.680408e+00	46	5.768989e+01	2.315431e+02	4.680408e+00	46	8.005418e-01	7.000000e-01	
4.782156e+00	47	6.401763e+01	2.369123e+02	4.782156e+00	47	7.872673e-01	7.000000e-01	
4.883904e+00	48	5.502273e+01	2.653177e+02	4.883904e+00	48	8.282367e-01	7.000000e-01	
4.985652e+00	49	4.524196e+01	2.799425e+02	4.985652e+00	49	8.608729e-01	7.000000e-01	
5.087400e+00	50	5.271646e+01	2.711590e+02	5.087400e+00	50	8.372323e-01	7.000000e-01	
5.189148e+00	51	6.345918e+01	2.432634e+02	5.189148e+00	51	7.931056e-01	7.000000e-01	
5.290896e+00	52	4.704943e+01	2.718985e+02	5.290896e+00	52	8.524855e-01	7.000000e-01	
5.392644e+00	53	7.808775e+01	2.559342e+02	5.392644e+00	53	7.662197e-01	7.000000e-01	
5.494392e+00	54	5.061787e+01	2.537896e+02	5.494392e+00	54	8.337167e-01	7.000000e-01	
5.596140e+00	55	9.055956e+01	2.365349e+02	5.596140e+00	55	7.231394e-01	7.000000e-01	
5.697888e+00	56	9.781304e+01	2.027388e+02	5.697888e+00	56	6.745552e-01	7.000000e-01	
5.799636e+00	57	6.816994e+01	2.554632e+02	5.799636e+00	57	7.893604e-01	7.000000e-01	
5.901384e+00	58	5.684474e+01	2.350275e+02	5.901384e+00	58	8.052410e-01	7.000000e-01	
6.003132e+00	59	7.852026e+01	2.227605e+02	6.003132e+00	59	7.393784e-01	7.000000e-01	
6.104880e+00	60	5.620055e+01	2.075919e+02	6.104880e+00	60	7.869516e-01	7.000000e-01	
6.206628e+00	61	7.562590e+01	2.470850e+02	6.206628e+00	61	7.656543e-01	7.000000e-01	
6.308376e+00	62	5.600171e+01	2.478358e+02	6.308376e+00	62	8.156853e-01	7.000000e-01	
6.410124e+00	63	8.288323e+01	2.417915e+02	6.410124e+00	63	7.447192e-01	7.000000e-01	
6.511872e+00	64	7.072522e+01	2.268412e+02	6.511872e+00	64	7.623212e-01	7.000000e-01	
6.613620e+00	65	7.213693e+01	2.139131e+02	6.613620e+00	65	7.478171e-01	7.000000e-01	
6.715368e+00	66	4.927316e+01	2.287290e+02	6.715368e+00	66	8.227598e-01	7.000000e-01	
6.817116e+00	67	5.340242e+01	2.229118e+02	6.817116e+00	67	8.067330e-01	7.000000e-01	
6.918864e+00	68	6.159961e+01	2.261329e+02	6.918864e+00	68	7.859136e-01	7.000000e-01	
7.020612e+00	69	5.188041e+01	2.194745e+02	7.020612e+00	69	8.088098e-01	7.000000e-01	
7.122360e+00	70	4.023351e+01	2.442983e+02	7.122360e+00	70	8.585975e-01	7.000000e-01	
7.224108e+00	71	4.723779e+01	2.362878e+02	7.224108e+00	71	8.333914e-01	7.000000e-01	
7.325856e+00	72	5.820779e+01	2.282542e+02	7.325856e+00	72	7.968045e-01	7.000000e-01	
7.427604e+00	73	5.562944e+01	2.404869e+02	7.427604e+00	73	8.121365e-01	7.000000e-01	
7.529352e+00	74	4.731126e+01	2.281207e+02	7.529352e+00	74	8.282289e-01	7.000000e-01	
7.631100e+00	75	5.460274e+01	2.271794e+02	7.631100e+00	75	8.062236e-01	7.000000e-01	
7.732848e+00	76	6.028052e+01	2.189716e+02	7.732848e+00	76	7.841359e-01	7.000000e-01	
7.834596e+00	77	5.615684e+01	2.239177e+02	7.834596e+00	77	7.994932e-01	7.000000e-01	
7.936344e+00	78	4.958711e+01	2.443936e+02	7.936344e+00	78	8.313253e-01	7.000000e-01	
8.038092e+00	79	4.772664e+01	2.345147e+02	8.038092e+00	79	8.309013e-01	7.000000e-01	
8.139840e+00	80	5.734971e+01	2.334244e+02	8.139840e+00	80	8.027689e-01	7.000000e-01	
8.241588e+00	81	6.307810e+01	2.402049e+02	8.241588e+00	81	7.920157e-01	7.000000e-01	
8.343336e+00	82	4.613340e+01	2.620764e+02	8.343336e+00	82	8.503182e-01	7.000000e-01	
8.445084e+00	83	5.471514e+01	2.288015e+02	8.445084e+00	83	8.070126e-01	7.000000e-01	
8.546832e+00	84	3.517475e+01	2.760833e+02	8.546832e+00	84	8.869917e-01	7.000000e-01	
8.648580e+00	85	3.322064e+01	2.574736e+02	8.648580e+00	85	8.857196e-01	7.000000e-01	
8.750328e+00	86	5.050581e+01	2.633662e+02	8.750328e+00	86	8.390879e-01	7.000000e-01	
8.852076e+00	87	4.389321e+01	2.483744e+02	8.852076e+00	87	8.498184e-01	7.000000e-01	
8.953824e+00	88	4.380749e+01	2.603141e+02	8.953824e+00	88	8.559540e-01	7.000000e-01	
9.055572e+00	89	4.414493e+01	2.645406e+02	9.055572e+00	89	8.569906e-01	7.000000e-01	
9.157320e+00	90	4.241175e+01	2.259155e+02	9.157320e+00	90	8.419402e-01	7.000000e-01	
9.259068e+00	91	6.284401e+01	1.968987e+02	9.259068e+00	91	7.580528e-01	7.000000e-01	
9.360816e+00	92	5.109155e+01	2.464513e+02	9.360816e+00	92	8.282884e-01	7.000000e-01	
9.462564e+00	93	4.770317e+01	2.258351e+02	9.462564e+00	93	8.256070e-01	7.000000e-01	
9.564312e+00	94	4.478040e+01	2.208748e+02	9.564312e+00	94	8.314341e-01	7.000000e-01	
9.666060e+00	95	4.564337e+01	2.087462e+02	9.666060e+00	95	8.205769e-01	7.000000e-01	
9.767808e+00	96	4.330339e+01	2.190441e+02	9.767808e+00	96	8.349388e-01	7.000000e-01	
9.869556e+00	97	4.551996e+01	2.322158e+02	9.869556e+00	97	8.361034e-01	7.000000e-01	
9.971304e+00	98	3.731422e+01	1.965419e+02	9.971304e+00	98	8.404394e-01	7.000000e-01	
1.007305e+01	99	4.416840e+01	2.633635e+02	1.007305e+01	99	8.563778e-01	7.000000e-01	
1.017480e+01	100	5.013168e+01	2.624101e+02	1.017480e+01	100	8.396001e-01	7.000000e-01	
1.027655e+01	101	5.065482e+01	2.601856e+02	1.027655e+01	101	8.370391e-01	7.000000e-01	
1.037830e+01	102	6.862670e+01	2.912293e+02	1.037830e+01	102	8.092940e-01	7.000000e-01	
1.048004e+01	103	4.893577e+01	2.478408e+02	1.048004e+01	103	8.351091e-01	7.000000e-01	
1.058179e+01	104	5.478056e+01	2.553809e+02	1.058179e+01	104	8.233805e-01	7.000000e-01	
1.068354e+01	105	7.180512e+01	2.526638e+02	1.068354e+01	105	7.786995e-01	7.000000e-01	
1.078529e+01	106	7.147593e+01	2.618073e+02	1.078529e+01	106	7.855400e-01	7.000000e-01	
1.088704e+01	107	6.427741e+01	2.530078e+02	1.088704e+01	107	7.974144e-01	7.000000e-01	
1.098878e+01	108	7.230448e+01	2.396015e+02	1.098878e+01	108	7.681850e-01	7.000000e-01	
1.109053e+01	109	5.390450e+01	2.684940e+02	1.109053e+01	109	8.328016e-01	7.000000e-01	
1.119228e+01	110	7.081852e+01	2.335102e+02	1.119228e+01	110	7.672960e-01	7.000000e-01	
1.129403e+01	111	7.404391e+01	2.695077e+02	1.129403e+01	111	7.844751e-01	7.000000e-01	
1.139578e+01	112	7.825851e+01	2.701881e+02	1.139578e+01	112	7.754075e-01	7.000000e-01	
1.149752e+01	113	7.138544e+01	2.614300e+02	1.149752e+01	113	7.855104e-01	7.000000e-01	
1.159927e+01	114	7.112200e+01	2.544673e+02	1.159927e+01	114	7.815592e-01	7.000000e-01	
1.170102e+01	115	6.925608e+01	2.208382e+02	1.170102e+01	115	7.612635e-01	7.000000e-01	
1.180277e+01	116	7.222343e+01	2.379614e+02	1.180277e+01	116	7.671600e-01	7.000000e-01	
1.190452e+01	117	7.127378e+01	2.393573e+02	1.190452e+01	117	7.705517e-01	7.000000e-01	
1.200626e+01	118	6.296008e+01	2.593405e+02	1.200626e+01	118	8.046542e-01	7.000000e-01	
1.210801e+01	119	8.250916e+01	3.100115e+02	1.210801e+01	119	7.897966e-01	7.000000e-01	
1.220976e+01	120	6.209643e+01	2.624743e+02	1.220976e+01	120	8.086814e-01	7.000000e-01	
1.231151e+01	121	7.523059e+01	2.688761e+02	1.231151e+01	121	7.813742e-01	7.000000e-01	
1.241326e+01	122	6.684056e+01	2.855458e+02	1.241326e+01	122	8.103202e-01	7.000000e-01	
1.251500e+01	123	6.295167e+01	2.615787e+02	1.251500e+01	123	8.060223e-01	7.000000e-01	
1.261675e+01	124	6.284669e+01	2.498817e+02	1.261675e+01	124	7.990375e-01	7.000000e-01	
1.271850e+01	125	5.529085e+01	2.274729e+02	1.271850e+01	125	8.044627e-01	7.000000e-01	
1.282025e+01	126	6.026719e+01	2.286019e+02	1.282025e+01	126	7.913685e-01	7.000000e-01	
1.292200e+01	127	7.485360e+01	2.240688e+02	1.292200e+01	127	7.495885e-01	7.000000e-01	
1.302374e+01	128	5.675473e+01	2.159967e+02	1.302374e+01	128	7.919178e-01	7.000000e-01	
1.312549e+01	129	6.216598e+01	2.554222e+02	1.312549e+01	129	8.042560e-01	7.000000e-01	
1.322724e+01	130	4.734025e+01	2.151924e+02	1.322724e+01	130	8.196786e-01	7.000000e-01	
1.332899e+01	131	6.907701e+01	2.351533e+02	1.332899e+01	131	7.729450e-01	7.000000e-01	
1.343074e+01	132	5.255859e+01	2.024835e+02	1.343074e+01	132	7.939219e-01	7.000000e-01	
1.353248e+01	133	5.370562e+01	1.601286e+02	1.353248e+01	133	7.488446e-01	7.000000e-01	
1.363423e+01	134	6.306602e+01	2.487030e+02	1.363423e+01	134	7.977156e-01	7.000000e-01	
1.373598e+01	135	2.989360e+01	2.430631e+02	1.373598e+01	135	8.904823e-01	7.000000e-01	
1.383773e+01	136	4.280796e+01	2.302371e+02	1.383773e+01	136	8.432202e-01	7.000000e-01	
1.393948e+01	137	4.235767e+01	2.141233e+02	1.393948e+01	137	8.348506e-01	7.000000e-01	
1.404122e+01	138	4.430270e+01	2.491556e+02	1.404122e+01	138	8.490324e-01	7.000000e-01	
1.414297e+01	139	1.032423e+02	2.371660e+02	1.414297e+01	139	6.967104e-01	7.000000e-01	
1.424472e+01	140	7.830775e+01	2.577794e+02	1.424472e+01	140	7.670017e-01	7.000000e-01	
1.434647e+01	141	9.137744e+01	2.359996e+02	1.434647e+01	141	7.208801e-01	7.000000e-01	
1.444822e+01	142	6.913583e+01	2.684197e+02	1.444822e+01	142	7.951868e-01	7.000000e-01	
1.454996e+01	143	7.880476e+01	2.510007e+02	1.454996e+01	143	7.610568e-01	7.000000e-01	
1.465171e+01	144	8.485895e+01	2.626723e+02	1.465171e+01	144	7.558235e-01	7.000000e-01	
1.475346e+01	145	7.415204e+01	2.568286e+02	1.475346e+01	145	7.759626e-01	7.000000e-01	
1.485521e+01	146	8.366487e+01	2.564952e+02	1.485521e+01	146	7.540426e-01	7.000000e-01	
1.495696e+01	147	6.264708e+01	2.675438e+02	1.495696e+01	147	8.102701e-01	7.000000e-01	
1.505870e+01	148	4.730577e+01	2.863154e+02	1.505870e+01	148	8.582051e-01	7.000000e-01	
1.516045e+01	149	6.721362e+01	2.486209e+02	1.516045e+01	149	7.871872e-01	7.000000e-01	
1.526220e+01	150	7.011949e+01	2.594661e+02	1.526220e+01	150	7.872495e-01	7.000000e-01	
1.536395e+01	151	6.420357e+01	2.630498e+02	1.536395e+01	151	8.038108e-01	7.000000e-01	
1.546570e+01	152	5.951634e+01	2.757686e+02	1.546570e+01	152	8.224903e-01	7.000000e-01	
1.556744e+01	153	9.073595e+01	2.396144e+02	1.556744e+01	153	7.253342e-01	7.000000e-01	
1.566919e+01	154	8.421913e+01	2.547123e+02	1.566919e+01	154	7.515157e-01	7.000000e-01	
1.577094e+01	155	9.616571e+01	2.440250e+02	1.577094e+01	155	7.173182e-01	7.000000e-01	
1.587269e+01	156	7.968903e+01	2.308869e+02	1.587269e+01	156	7.434153e-01	7.000000e-01	
1.597444e+01	157	6.770465e+01	2.734431e+02	1.597444e+01	157	8.015386e-01	7.000000e-01	
1.607618e+01	158	6.749809e+01	2.492442e+02	1.607618e+01	158	7.868990e-01	7.000000e-01	
1.617793e+01	159	7.194891e+01	2.544304e+02	1.617793e+01	159	7.795543e-01	7.000000e-01	
1.627968e+01	160	1.097411e+02	2.871721e+02	1.627968e+01	160	7.235136e-01	7.000000e-01	
1.638143e+01	161	6.724085e+01	2.724444e+02	1.638143e+01	161	8.020495e-01	7.000000e-01	
1.648318e+01	162	5.218151e+01	2.309368e+02	1.648318e+01	162	8.156901e-01	7.000000e-01	
1.658492e+01	163	8.153831e+01	2.642867e+02	1.658492e+01	163	7.642209e-01	7.000000e-01	
1.668667e+01	164	5.841082e+01	3.043369e+02	1.668667e+01	164	8.389767e-01	7.000000e-01	
1.678842e+01	165	5.421226e+01	2.458702e+02	1.678842e+01	165	8.193421e-01	7.000000e-01	
1.689017e+01	166	4.757493e+01	1.913323e+02	1.689017e+01	166	8.008644e-01	7.000000e-01	
1.699192e+01	167	4.814922e+01	1.973119e+02	1.699192e+01	167	8.038418e-01	7.000000e-01	
1.709366e+01	168	3.612514e+01	2.530446e+02	1.709366e+01	168	8.750729e-01	7.000000e-01	
1.719541e+01	169	5.660562e+01	2.322734e+02	1.719541e+01	169	8.040508e-01	7.000000e-01	
1.729716e+01	170	4.132712e+01	2.653588e+02	1.729716e+01	170	8.652461e-01	7.000000e-01	
1.739891e+01	171	3.828297e+01	2.686760e+02	1.739891e+01	171	8.752831e-01	7.000000e-01	
1.750066e+01	172	4.200234e+01	2.488870e+02	1.750066e+01	172	8.556072e-01	7.000000e-01	
1.760240e+01	173	5.105484e+01	2.529978e+02	1.760240e+01	173	8.320855e-01	7.000000e-01	
1.770415e+01	174	3.750350e+01	2.572236e+02	1.770415e+01	174	8.727518e-01	7.000000e-01	
1.780590e+01	175	5.226507e+01	2.811896e+02	1.780590e+01	175	8.432618e-01	7.000000e-01	
1.790765e+01	176	4.629057e+01	2.723672e+02	1.790765e+01	176	8.547326e-01	7.000000e-01	
1.800940e+01	177	4.936915e+01	2.478398e+02	1.800940e+01	177	8.338908e-01	7.000000e-01	
1.811114e+01	178	5.656692e+01	2.962336e+02	1.811114e+01	178	8.396632e-01	7.000000e-01	
1.821289e+01	179	5.376571e+01	3.271548e+02	1.821289e+01	179	8.588532e-01	7.000000e-01	
1.831464e+01	180	4.882019e+01	3.246387e+02	1.831464e+01	180	8.692756e-01	7.000000e-01	
1.841639e+01	181	6.331509e+01	2.933096e+02	1.841639e+01	181	8.224602e-01	7.000000e-01	
1.851814e+01	182	6.913661e+01	2.961099e+02	1.851814e+01	182	8.107125e-01	7.000000e-01	
1.861988e+01	183	4.496628e+01	3.043810e+02	1.861988e+01	183	8.712849e-01	7.000000e-01	
1.872163e+01	184	5.171331e+01	2.998808e+02	1.872163e+01	184	8.529176e-01	7.000000e-01	
1.882338e+01	185	8.331696e+01	2.769153e+02	1.882338e+01	185	7.687132e-01	7.000000e-01	
1.892513e+01	186	5.253244e+01	2.610843e+02	1.892513e+01	186	8.324948e-01	7.000000e-01	
1.902688e+01	187	6.027744e+01	2.981085e+02	1.902688e+01	187	8.318086e-01	7.000000e-01	
1.912862e+01	188	6.091607e+01	2.408011e+02	1.912862e+01	188	7.981021e-01	7.000000e-01	
1.923037e+01	189	5.758091e+01	2.171638e+02	1.923037e+01	189	7.904203e-01	7.000000e-01	
1.933212e+01	190	5.678442e+01	2.261397e+02	1.933212e+01	190	7.992945e-01	7.000000e-01	
1.943387e+01	191	5.761802e+01	2.664292e+02	1.943387e+01	191	8.221925e-01	7.000000e-01	
1.953562e+01	192	5.443364e+01	2.359239e+02	1.953562e+01	192	8.125289e-01	7.000000e-01	
1.963736e+01	193	5.631229e+01	2.350255e+02	1.963736e+01	193	8.067113e-01	7.000000e-01	
1.973911e+01	194	8.525741e+01	2.163928e+02	1.973911e+01	194	7.173633e-01	7.000000e-01	
1.984086e+01	195	5.395565e+01	2.460596e+02	1.984086e+01	195	8.201570e-01	7.000000e-01	
1.994261e+01	196	5.355305e+01	2.322083e+02	1.994261e+01	196	8.125952e-01	7.000000e-01	
2.004436e+01	197	5.228210e+01	2.312939e+02	2.004436e+01	197	8.156328e-01	7.000000e-01	
2.014610e+01	198	6.058651e+01	2.374903e+02	2.014610e+01	198	7.967420e-01	7.000000e-01	
2.024785e+01	199	6.016223e+01	2.723196e+02	2.024785e+01	199	8.190511e-01	7.000000e-01	
2.034960e+01	200	4.712417e+01	2.793614e+02	2.034960e+01	200	8.556623e-01	7.000000e-01	
2.045135e+01	201	5.136422e+01	2.575157e+02	2.045135e+01	201	8.337081e-01	7.000000e-01	
2.055310e+01	202	4.753474e+01	2.479006e+02	2.055310e+01	202	8.391027e-01	7.000000e-01	
2.065484e+01	203	1.587020e+01	2.783340e+02	2.065484e+01	203	9.460572e-01	7.000000e-01	
2.075659e+01	204	5.928792e+01	2.658950e+02	2.075659e+01	204	8.176782e-01	7.000000e-01	
2.085834e+01	205	5.147097e+01	2.303515e+02	2.085834e+01	205	8.173639e-01	7.000000e-01	
2.096009e+01	206	4.688655e+01	2.647030e+02	2.096009e+01	206	8.495246e-01	7.000000e-01	
2.106184e+01	207	3.920681e+01	2.883822e+02	2.106184e+01	207	8.803171e-01	7.000000e-01	
2.116358e+01	208	4.964481e+01	2.277436e+02	2.116358e+01	208	8.210278e-01	7.000000e-01	
2.126533e+01	209	4.751914e+01	2.548569e+02	2.126533e+01	209	8.428475e-01	7.000000e-01	
2.136708e+01	210	4.664681e+01	2.542953e+02	2.136708e+01	210	8.449974e-01	7.000000e-01	
2.146883e+01	211	4.262508e+01	2.658364e+02	2.146883e+01	211	8.618139e-01	7.000000e-01	
2.157058e+01	212	6.054158e+01	2.292796e+02	2.157058e+01	212	7.911071e-01	7.000000e-01	
2.167232e+01	213	4.428723e+01	2.786807e+02	2.167232e+01	213	8.628742e-01	7.000000e-01	
2.177407e+01	214	4.855775e+01	2.292209e+02	2.177407e+01	214	8.251926e-01	7.000000e-01	
2.187582e+01	215	5.309985e+01	2.121964e+02	2.187582e+01	215	7.998470e-01	7.000000e-01	
2.197757e+01	216	4.835335e+01	2.722237e+02	2.197757e+01	216	8.491678e-01	7.000000e-01	
2.207932e+01	217	4.415453e+01	2.692142e+02	2.207932e+01	217	8.590972e-01	7.000000e-01	
2.218106e+01	218	4.718817e+01	2.832470e+02	2.218106e+01	218	8.571939e-01	7.000000e-01	
2.228281e+01	219	4.634723e+01	2.503203e+02	2.228281e+01	219	8.437738e-01	7.000000e-01	
2.238456e+01	220	4.545467e+01	2.856186e+02	2.238456e+01	220	8.627051e-01	7.000000e-01	
2.248631e+01	221	4.937020e+01	2.550567e+02	2.248631e+01	221	8.378258e-01	7.000000e-01	
2.258806e+01	222	4.365926e+01	2.704358e+02	2.258806e+01	222	8.609999e-01	7.000000e-01	
2.268980e+01	223	4.541838e+01	2.732907e+02	2.268980e+01	223	8.574927e-01	7.000000e-01	
2.279155e+01	224	4.187267e+01	2.340778e+02	2.279155e+01	224	8.482602e-01	7.000000e-01	
2.289330e+01	225	5.668027e+01	2.561944e+02	2.289330e+01	225	8.188403e-01	7.000000e-01	
2.299505e+01	226	4.524873e+01	2.389920e+02	2.299505e+01	226	8.408084e-01	7.000000e-01	
2.309680e+01	227	4.014796e+01	2.603832e+02	2.309680e+01	227	8.664100e-01	7.000000e-01	
2.319854e+01	228	3.261978e+01	2.354856e+02	2.319854e+01	228	8.783322e-01	7.000000e-01	
2.330029e+01	229	2.817531e+01	2.382622e+02	2.330029e+01	229	8.942517e-01	7.000000e-01	
2.340204e+01	230	3.370790e+01	2.238007e+02	2.340204e+01	230	8.690999e-01	7.000000e-01	
2.350379e+01	231	3.037989e+01	2.142517e+02	2.350379e+01	231	8.758137e-01	7.000000e-01	
2.360554e+01	232	-3.414658e+00	2.172668e+02	2.360554e+01	232	1.015967e+00	7.000000e-01	
2.370728e+01	233	6.177467e+01	3.239624e+02	2.370728e+01	233	8.398529e-01	7.000000e-01	
2.380903e+01	234	5.890225e+01	3.540893e+02	2.380903e+01	234	8.573766e-01	7.000000e-01	
2.391078e+01	235	5.922883e+01	3.283274e+02	2.391078e+01	235	8.471736e-01	7.000000e-01	
2.401253e+01	236	6.524718e+01	3.011981e+02	2.401253e+01	236	8.219456e-01	7.000000e-01	
2.411428e+01	237	5.646033e+01	3.696434e+02	2.411428e+01	237	8.674963e-01	7.000000e-01	
2.421602e+01	238	5.071800e+01	1.952991e+02	2.421602e+01	238	7.938436e-01	7.000000e-01	
2.431777e+01	239	4.264798e+01	2.457425e+02	2.431777e+01	239	8.521172e-01	7.000000e-01	
2.441952e+01	240	5.096438e+01	2.740997e+02	2.441952e+01	240	8.432174e-01	7.000000e-01	
2.452127e+01	241	5.471427e+01	2.562820e+02	2.452127e+01	241	8.240678e-01	7.000000e-01	
2.462302e+01	242	4.102556e+01	2.089524e+02	2.462302e+01	242	8.358833e-01	7.000000e-01	
2.472476e+01	243	5.438158e+01	3.008549e+02	2.472476e+01	243	8.469144e-01	7.000000e-01	
2.482651e+01	244	5.653658e+01	3.038055e+02	2.482651e+01	244	8.431030e-01	7.000000e-01	
2.492826e+01	245	5.976380e+01	2.908149e+02	2.492826e+01	245	8.295281e-01	7.000000e-01	
2.503001e+01	246	5.353844e+01	2.810991e+02	2.503001e+01	246	8.400107e-01	7.000000e-01	
2.513176e+01	247	7.344961e+01	2.764074e+02	2.513176e+01	247	7.900582e-01	7.000000e-01	
2.523350e+01	248	6.163491e+01	2.938885e+02	2.523350e+01	248	8.266361e-01	7.000000e-01	
2.533525e+01	249	5.376750e+01	2.823596e+02	2.533525e+01	249	8.400382e-01	7.000000e-01	
2.543700e+01	250	6.085160e+01	2.917508e+02	2.543700e+01	250	8.274215e-01	7.000000e-01	
2.553875e+01	251	6.687805e+01	2.915843e+02	2.553875e+01	251	8.134308e-01	7.000000e-01	
2.564050e+01	252	5.786825e+01	3.020548e+02	2.564050e+01	252	8.392205e-01	7.000000e-01	
2.574224e+01	253	5.767797e+01	2.704742e+02	2.574224e+01	253	8.242341e-01	7.000000e-01	
2.584399e+01	254	5.763991e+01	3.146504e+02	2.584399e+01	254	8.451748e-01	7.000000e-01	
2.594574e+01	255	7.306690e+01	2.500289e+02	2.594574e+01	255	7.738538e-01	7.000000e-01	
2.604749e+01	256	7.925858e+01	2.152879e+02	2.604749e+01	256	7.309132e-01	7.000000e-01	
2.614924e+01	257	5.426243e+01	2.940046e+02	2.614924e+01	257	8.441930e-01	7.000000e-01	
2.625098e+01	258	6.642525e+01	2.673194e+02	2.625098e+01	258	8.009698e-01	7.000000e-01	
2.635273e+01	259	7.470927e+01	2.922458e+02	2.635273e+01	259	7.964076e-01	7.000000e-01	
2.645448e+01	260	6.729401e+01	2.637010e+02	2.645448e+01	260	7.966918e-01	7.000000e-01	
2.655623e+01	261	6.069924e+01	2.578444e+02	2.655623e+01	261	8.094476e-01	7.000000e-01	
2.665798e+01	262	6.155331e+01	2.550154e+02	2.665798e+01	262	8.055610e-01	7.000000e-01	
2.675972e+01	263	3.609080e+01	2.637596e+02	2.675972e+01	263	8.796373e-01	7.000000e-01	
2.686147e+01	264	6.717507e+01	2.677983e+02	2.686147e+01	264	7.994615e-01	7.000000e-01	
2.696322e+01	265	5.890969e+01	2.256699e+02	2.696322e+01	265	7.929940e-01	7.000000e-01	
2.706497e+01	266	4.924276e+01	2.642354e+02	2.706497e+01	266	8.429149e-01	7.000000e-01	
2.716672e+01	267	5.265394e+01	2.359934e+02	2.716672e+01	267	8.175838e-01	7.000000e-01	
2.726846e+01	268	4.758547e+01	2.374684e+02	2.726846e+01	268	8.330650e-01	7.000000e-01	
2.737021e+01	269	4.479735e+01	2.374464e+02	2.737021e+01	269	8.412813e-01	7.000000e-01	
2.747196e+01	270	5.169780e+01	2.358450e+02	2.747196e+01	270	8.202083e-01	7.000000e-01	
2.757371e+01	271	5.533739e+01	2.457398e+02	2.757371e+01	271	8.162020e-01	7.000000e-01	
2.767546e+01	272	6.018230e+01	2.697033e+02	2.767546e+01	272	8.175662e-01	7.000000e-01	
2.777720e+01	273	5.450614e+01	2.373699e+02	2.777720e+01	273	8.132559e-01	7.000000e-01	
2.787895e+01	274	5.959892e+01	2.287424e+02	2.787895e+01	274	7.933043e-01	7.000000e-01	
2.798070e+01	275	5.558310e+01	2.765908e+02	2.798070e+01	275	8.326687e-01	7.000000e-01	
2.808245e+01	276	5.453377e+01	2.759336e+02	2.808245e+01	276	8.349799e-01	7.000000e-01	
2.818420e+01	277	6.454025e+01	2.603140e+02	2.818420e+01	277	8.013255e-01	7.000000e-01	
2.828594e+01	278	3.666533e+01	2.225384e+02	2.828594e+01	278	8.585463e-01	7.000000e-01	
2.838769e+01	279	6.818356e+01	2.373693e+02	2.838769e+01	279	7.768518e-01	7.000000e-01	
2.848944e+01	280	5.213790e+01	2.775695e+02	2.848944e+01	280	8.418662e-01	7.000000e-01	
2.859119e+01	281	4.425584e+01	2.380029e+02	2.859119e+01	281	8.432083e-01	7.000000e-01	
2.869294e+01	282	6.883515e+01	2.797887e+02	2.869294e+01	282	8.025518e-01	7.000000e-01	
2.879468e+01	283	5.664267e+01	2.668013e+02	2.879468e+01	283	8.248764e-01	7.000000e-01	
2.889643e+01	284	4.677145e+01	2.394597e+02	2.889643e+01	284	8.365955e-01	7.000000e-01	
2.899818e+01	285	4.606583e+01	2.345522e+02	2.899818e+01	285	8.358415e-01	7.000000e-01	
2.909993e+01	286	6.760049e+01	1.988435e+02	2.909993e+01	286	7.462863e-01	7.000000e-01	
2.920168e+01	287	5.612463e+01	2.409837e+02	2.920168e+01	287	8.110971e-01	7.000000e-01	
2.930342e+01	288	4.953223e+01	1.941266e+02	2.930342e+01	288	7.967148e-01	7.000000e-01	
2.940517e+01	289	4.089595e+01	2.541974e+02	2.940517e+01	289	8.614135e-01	7.000000e-01	
2.950692e+01	290	5.734631e+01	2.446949e+02	2.950692e+01	290	8.101375e-01	7.000000e-01	
2.960867e+01	291	4.873908e+01	2.466757e+02	2.960867e+01	291	8.350148e-01	7.000000e-01	
2.971042e+01	292	4.905173e+01	2.294860e+02	2.971042e+01	292	8.238956e-01	7.000000e-01	
2.981216e+01	293	5.875199e+01	2.388411e+02	2.981216e+01	293	8.025761e-01	7.000000e-01	
2.991391e+01	294	4.597843e+01	2.382262e+02	2.991391e+01	294	8.382207e-01	7.000000e-01	
3.001566e+01	295	3.602334e+01	2.413808e+02	3.001566e+01	295	8.701413e-01	7.000000e-01	
3.011741e+01	296	5.359129e+01	2.510602e+02	3.011741e+01	296	8.240898e-01	7.000000e-01	
3.021916e+01	297	7.117979e+01	2.522964e+02	3.021916e+01	297	7.799535e-01	7.000000e-01	
3.032090e+01	298	5.365193e+01	2.621382e+02	3.032090e+01	298	8.301026e-01	7.000000e-01	
3.042265e+01	299	4.931258e+01	2.435442e+02	3.042265e+01	299	8.316154e-01	7.000000e-01	
3.052440e+01	300	6.073328e+01	2.508371e+02	3.052440e+01	300	8.050736e-01	7.000000e-01	
3.062615e+01	301	6.552314e+01	2.487679e+02	3.062615e+01	301	7.915208e-01	7.000000e-01	
3.072790e+01	302	7.196263e+01	2.203759e+02	3.072790e+01	302	7.538380e-01	7.000000e-01	
3.082964e+01	303	5.752015e+01	2.501953e+02	3.082964e+01	303	8.130736e-01	7.000000e-01	
3.093139e+01	304	5.716368e+01	2.279526e+02	3.093139e+01	304	7.995075e-01	7.000000e-01	
3.103314e+01	305	5.455218e+01	2.522483e+02	3.103314e+01	305	8.221900e-01	7.000000e-01	
3.113489e+01	306	5.823325e+01	2.695112e+02	3.113489e+01	306	8.223212e-01	7.000000e-01	
3.123664e+01	307	5.998298e+01	2.133768e+02	3.123664e+01	307	7.805713e-01	7.000000e-01	
3.133838e+01	308	4.729420e+01	1.847237e+02	3.133838e+01	308	7.961614e-01	7.000000e-01	
3.144013e+01	309	5.524182e+01	2.389373e+02	3.144013e+01	309	8.122171e-01	7.000000e-01	
3.154188e+01	310	6.505603e+01	2.244410e+02	3.154188e+01	310	7.752791e-01	7.000000e-01	
3.164363e+01	311	5.059421e+01	1.976175e+02	3.164363e+01	311	7.961651e-01	7.000000e-01	
3.174538e+01	312	5.597790e+01	2.383182e+02	3.174538e+01	312	8.097905e-01	7.000000e-01	
3.184712e+01	313	5.113606e+01	2.879217e+02	3.184712e+01	313	8.491819e-01	7.000000e-01	
3.194887e+01	314	5.197845e+01	2.294010e+02	3.194887e+01	314	8.152728e-01	7.000000e-01	
3.205062e+01	315	5.178507e+01	2.416286e+02	3.205062e+01	315	8.235083e-01	7.000000e-01	
3.215237e+01	316	6.263413e+01	2.330571e+02	3.215237e+01	316	7.881772e-01	7.000000e-01	
3.225412e+01	317	5.830797e+01	2.574516e+02	3.225412e+01	317	8.153406e-01	7.000000e-01	
3.235586e+01	318	4.990185e+01	2.398642e+02	3.235586e+01	318	8.277857e-01	7.000000e-01	
3.245761e+01	319	5.312572e+01	2.407157e+02	3.245761e+01	319	8.192028e-01	7.000000e-01	
3.255936e+01	320	6.110844e+01	2.312851e+02	3.255936e+01	320	7.910062e-01	7.000000e-01	
3.266111e+01	321	4.406387e+01	2.212689e+02	3.266111e+01	321	8.339298e-01	7.000000e-01	
3.276286e+01	322	6.237004e+01	2.522499e+02	3.276286e+01	322	8.017607e-01	7.000000e-01	
3.286460e+01	323	5.717255e+01	2.487311e+02	3.286460e+01	323	8.131028e-01	7.000000e-01	
3.296635e+01	324	3.004750e+01	1.990151e+02	3.296635e+01	324	8.688241e-01	7.000000e-01	
3.306810e+01	325	3.863152e+01	2.386106e+02	3.306810e+01	325	8.606578e-01	7.000000e-01	
3.316985e+01	326	4.454753e+01	2.473480e+02	3.316985e+01	326	8.473854e-01	7.000000e-01	
3.327160e+01	327	4.828320e+01	2.327637e+02	3.327160e+01	327	8.282023e-01	7.000000e-01	
3.337334e+01	328	4.773983e+01	2.409539e+02	3.337334e+01	328	8.346350e-01	7.000000e-01	
3.347509e+01	329	3.806636e+01	2.764200e+02	3.347509e+01	329	8.789570e-01	7.000000e-01	
3.357684e+01	330	5.088115e+01	2.830939e+02	3.357684e+01	330	8.476498e-01	7.000000e-01	
3.367859e+01	331	4.417583e+01	2.440148e+02	3.367859e+01	331	8.467132e-01	7.000000e-01	
3.378034e+01	332	3.377424e+01	2.898920e+02	3.378034e+01	332	8.956510e-01	7.000000e-01	
3.388208e+01	333	4.094412e+01	3.246307e+02	3.388208e+01	333	8.880007e-01	7.000000e-01	
3.398383e+01	334	3.899661e+01	2.563763e+02	3.398383e+01	334	8.679750e-01	7.000000e-01	
3.408558e+01	335	7.442834e+01	2.444839e+02	3.408558e+01	335	7.666181e-01	7.000000e-01	
3.418733e+01	336	7.431672e+01	2.338634e+02	3.418733e+01	336	7.588530e-01	7.000000e-01	
3.428908e+01	337	7.163329e+01	2.414568e+02	3.428908e+01	337	7.712055e-01	7.000000e-01	
3.439082e+01	338	6.864422e+01	2.331138e+02	3.439082e+01	338	7.725190e-01	7.000000e-01	
3.449257e+01	339	6.679932e+01	2.529305e+02	3.449257e+01	339	7.910757e-01	7.000000e-01	
3.459432e+01	340	8.062669e+01	2.590595e+02	3.459432e+01	340	7.626436e-01	7.000000e-01	
3.469607e+01	341	7.698536e+01	2.577152e+02	3.469607e+01	341	7.699874e-01	7.000000e-01	
3.479782e+01	342	7.394036e+01	2.554931e+02	3.479782e+01	342	7.755530e-01	7.000000e-01	
3.489956e+01	343	7.458502e+01	2.332317e+02	3.489956e+01	343	7.576967e-01	7.000000e-01	
3.500131e+01	344	7.502333e+01	2.539507e+02	3.500131e+01	344	7.719476e-01	7.000000e-01	
3.510306e+01	345	6.515612e+01	2.415668e+02	3.510306e+01	345	7.875734e-01	7.000000e-01	
3.520481e+01	346	6.844174e+01	2.445667e+02	3.520481e+01	346	7.813422e-01	7.000000e-01	
3.530656e+01	347	6.452884e+01	2.759570e+02	3.530656e+01	347	8.104801e-01	7.000000e-01	
3.540830e+01	348	5.236123e+01	2.563436e+02	3.540830e+01	348	8.303842e-01	7.000000e-01	
3.551005e+01	349	7.365070e+01	2.467366e+02	3.551005e+01	349	7.701198e-01	7.000000e-01	
3.561180e+01	350	6.049056e+01	2.551398e+02	3.561180e+01	350	8.083500e-01	7.000000e-01	
3.571355e+01	351	7.771472e+01	2.605015e+02	3.571355e+01	351	7.702218e-01	7.000000e-01	
3.581530e+01	352	6.604698e+01	2.570507e+02	3.581530e+01	352	7.955820e-01	7.000000e-01	
3.591704e+01	353	3.473956e+01	2.281046e+02	3.591704e+01	353	8.678321e-01	7.000000e-01	
3.601879e+01	354	6.169120e+01	2.580103e+02	3.601879e+01	354	8.070350e-01	7.000000e-01	
3.612054e+01	355	3.968463e+01	2.438413e+02	3.612054e+01	355	8.600317e-01	7.000000e-01	
3.622229e+01	356	3.636610e+01	2.299286e+02	3.622229e+01	356	8.634366e-01	7.000000e-01	
3.632404e+01	357	7.269657e+01	2.500232e+02	3.632404e+01	357	7.747378e-01	7.000000e-01	
3.642578e+01	358	5.421912e+01	2.624446e+02	3.642578e+01	358	8.287801e-01	7.000000e-01	
3.652753e+01	359	6.818775e+01	2.434933e+02	3.652753e+01	359	7.812259e-01	7.000000e-01	
3.662928e+01	360	6.509226e+01	2.578164e+02	3.662928e+01	360	7.984190e-01	7.000000e-01	
3.673103e+01	361	8.239172e+01	2.441317e+02	3.673103e+01	361	7.476698e-01	7.000000e-01	
3.683278e+01	362	6.932860e+01	2.670152e+02	3.683278e+01	362	7.938758e-01	7.000000e-01	
3.693452e+01	363	7.452498e+01	2.538707e+02	3.693452e+01	363	7.730635e-01	7.000000e-01	
3.703627e+01	364	6.670405e+01	2.059028e+02	3.703627e+01	364	7.553104e-01	7.000000e-01	
3.713802e+01	365	6.311357e+01	2.446358e+02	3.713802e+01	365	7.949189e-01	7.000000e-01	
3.723977e+01	366	8.126444e+01	2.342848e+02	3.723977e+01	366	7.424667e-01	7.000000e-01	
3.734152e+01	367	7.257669e+01	2.494301e+02	3.734152e+01	367	7.746113e-01	7.000000e-01	
3.744326e+01	368	6.613524e+01	2.222345e+02	3.744326e+01	368	7.706582e-01	7.000000e-01	
3.754501e+01	369	6.839965e+01	2.556515e+02	3.754501e+01	369	7.889233e-01	7.000000e-01	
3.764676e+01	370	6.266423e+01	2.381312e+02	3.764676e+01	370	7.916716e-01	7.000000e-01	
3.774851e+01	371	7.226417e+01	2.467413e+02	3.774851e+01	371	7.734704e-01	7.000000e-01	
3.785026e+01	372	7.316122e+01	2.257525e+02	3.785026e+01	372	7.552430e-01	7.000000e-01	
3.795200e+01	373	6.930033e+01	2.329234e+02	3.795200e+01	373	7.706986e-01	7.000000e-01	
3.805375e+01	374	5.943476e+01	2.157624e+02	3.805375e+01	374	7.840284e-01	7.000000e-01	
3.815550e+01	375	5.963302e+01	2.012785e+02	3.815550e+01	375	7.714435e-01	7.000000e-01	
3.825725e+01	376	6.741763e+01	2.057348e+02	3.825725e+01	376	7.531868e-01	7.000000e-01	
3.835900e+01	377	5.502246e+01	2.442808e+02	3.835900e+01	377	8.161648e-01	7.000000e-01	
3.846074e+01	378	4.915767e+01	2.445805e+02	3.846074e+01	378	8.326480e-01	7.000000e-01	
3.856249e+01	379	6.096064e+01	2.411006e+02	3.856249e+01	379	7.981845e-01	7.000000e-01	
3.866424e+01	380	7.022166e+01	2.385628e+02	3.866424e+01	380	7.725868e-01	7.000000e-01	
3.876599e+01	381	5.495844e+01	2.553895e+02	3.876599e+01	381	8.229135e-01	7.000000e-01	
3.886774e+01	382	3.839466e+01	2.530561e+02	3.886774e+01	382	8.682636e-01	7.000000e-01	
3.896948e+01	383	5.227965e+01	2.492211e+02	3.896948e+01	383	8.266019e-01	7.000000e-01	
3.907123e+01	384	4.801291e+01	2.358239e+02	3.907123e+01	384	8.308433e-01	7.000000e-01	
3.917298e+01	385	5.541963e+01	2.324579e+02	3.917298e+01	385	8.074889e-01	7.000000e-01	
3.927473e+01	386	6.668218e+01	2.366526e+02	3.927473e+01	386	7.801697e-01	7.000000e-01	
3.937648e+01	387	4.934013e+01	2.335420e+02	3.937648e+01	387	8.255806e-01	7.000000e-01	
3.947822e+01	388	4.158901e+01	2.746058e+02	3.947822e+01	388	8.684703e-01	7.000000e-01	
3.957997e+01	389	5.748544e+01	2.424304e+02	3.957997e+01	389	8.083281e-01	7.000000e-01	
3.968172e+01	390	4.817902e+01	2.244380e+02	3.968172e+01	390	8.232721e-01	7.000000e-01	
3.978347e+01	391	5.110602e+01	2.182907e+02	3.978347e+01	391	8.102946e-01	7.000000e-01	
3.988522e+01	392	6.002592e+01	2.189234e+02	3.988522e+01	392	7.848142e-01	7.000000e-01	
3.998696e+01	393	4.710556e+01	2.485671e+02	3.998696e+01	393	8.406834e-01	7.000000e-01	
4.008871e+01	394	6.141670e+01	2.152096e+02	4.008871e+01	394	7.779795e-01	7.000000e-01	
4.019046e+01	395	3.790518e+01	2.074202e+02	4.019046e+01	395	8.454902e-01	7.000000e-01	
4.029221e+01	396	6.772860e+01	2.271934e+02	4.029221e+01	396	7.703508e-01	7.000000e-01	
4.039396e+01	397	5.186664e+01	2.187039e+02	4.039396e+01	397	8.083064e-01	7.000000e-01	
4.049570e+01	398	2.454834e+01	2.142822e+02	4.049570e+01	398	8.972144e-01	7.000000e-01	
4.059745e+01	399	3.820207e+01	2.089616e+02	4.059745e+01	399	8.454382e-01	7.000000e-01	
4.069920e+01	400	4.233296e+01	1.997547e+02	4.069920e+01	400	8.251338e-01	7.000000e-01	
4.080095e+01	401	3.841052e+01	1.941825e+02	4.080095e+01	401	8.348595e-01	7.000000e-01	
4.090270e+01	402	4.611623e+01	2.145115e+02	4.090270e+01	402	8.230571e-01	7.000000e-01	
4.100444e+01	403	6.062390e+01	2.444176e+02	4.100444e+01	403	8.012602e-01	7.000000e-01	
4.110619e+01	404	5.761842e+01	2.348503e+02	4.110619e+01	404	8.029929e-01	7.000000e-01	
4.120794e+01	405	5.974901e+01	2.377274e+02	4.120794e+01	405	7.991471e-01	7.000000e-01	
4.130969e+01	406	5.158182e+01	2.309523e+02	4.130969e+01	406	8.174315e-01	7.000000e-01	
4.141144e+01	407	3.230094e+01	2.058546e+02	4.141144e+01	407	8.643704e-01	7.000000e-01	
4.151318e+01	408	5.098989e+01	2.119908e+02	4.151318e+01	408	8.061079e-01	7.000000e-01	
4.161493e+01	409	4.992411e+01	2.269664e+02	4.161493e+01	409	8.196973e-01	7.000000e-01	
4.171668e+01	410	4.847226e+01	1.981718e+02	4.171668e+01	410	8.034728e-01	7.000000e-01	
4.181843e+01	411	4.973795e+01	2.287539e+02	4.181843e+01	411	8.214025e-01	7.000000e-01	
4.192018e+01	412	4.168701e+01	2.207608e+02	4.192018e+01	412	8.411608e-01	7.000000e-01	
4.202192e+01	413	5.551572e+01	2.423142e+02	4.202192e+01	413	8.135993e-01	7.000000e-01	
4.212367e+01	414	5.906064e+01	2.065564e+02	4.212367e+01	414	7.776474e-01	7.000000e-01	
4.222542e+01	415	6.243616e+01	2.339627e+02	4.222542e+01	415	7.893509e-01	7.000000e-01	
4.232717e+01	416	5.385323e+01	2.160341e+02	4.232717e+01	416	8.004603e-01	7.000000e-01	
4.242892e+01	417	5.883741e+01	2.077302e+02	4.242892e+01	417	7.792777e-01	7.000000e-01	
4.253066e+01	418	9.460379e+01	2.334360e+02	4.253066e+01	418	7.116088e-01	7.000000e-01	
4.263241e+01	419	5.456224e+01	2.014597e+02	4.263241e+01	419	7.868845e-01	7.000000e-01	
4.273416e+01	420	4.041629e+01	2.718836e+02	4.273416e+01	420	8.705850e-01	7.000000e-01	
4.283591e+01	421	6.763573e+01	2.027389e+02	4.283591e+01	421	7.498444e-01	7.000000e-01	
4.293766e+01	422	4.243401e+01	2.669969e+02	4.293766e+01	422	8.628643e-01	7.000000e-01	
4.303940e+01	423	3.010475e+01	3.081624e+02	4.303940e+01	423	9.110030e-01	7.000000e-01	
4.314115e+01	424	5.125960e+01	2.777342e+02	4.314115e+01	424	8.441928e-01	7.000000e-01	
4.324290e+01	425	4.200567e+01	2.514835e+02	4.324290e+01	425	8.568749e-01	7.000000e-01	
4.334465e+01	426	5.948699e+01	2.709325e+02	4.334465e+01	426	8.199653e-01	7.000000e-01	
4.344640e+01	427	4.445812e+01	2.617595e+02	4.344640e+01	427	8.548153e-01	7.000000e-01	
4.354814e+01	428	4.197993e+01	1.923240e+02	4.354814e+01	428	8.208313e-01	7.000000e-01	
4.364989e+01	429	3.133611e+01	2.078746e+02	4.364989e+01	429	8.690021e-01	7.000000e-01	
4.375164e+01	430	2.233538e+01	2.052134e+02	4.375164e+01	430	9.018436e-01	7.000000e-01	
4.385339e+01	431	4.274215e+01	2.117604e+02	4.385339e+01	431	8.320561e-01	7.000000e-01	
4.395514e+01	432	2.461007e+01	2.149671e+02	4.395514e+01	432	8.972771e-01	7.000000e-01	
4.405688e+01	433	3.913781e+01	2.128625e+02	4.405688e+01	433	8.446914e-01	7.000000e-01	
4.415863e+01	434	2.136490e+01	2.221139e+02	4.415863e+01	434	9.122515e-01	7.000000e-01	
4.426038e+01	435	6.071064e+01	2.074467e+02	4.426038e+01	435	7.736007e-01	7.000000e-01	
4.436213e+01	436	2.603727e+01	2.116738e+02	4.436213e+01	436	8.904667e-01	7.000000e-01	
4.446388e+01	437	3.828546e+01	2.059097e+02	4.446388e+01	437	8.432178e-01	7.000000e-01	
4.456562e+01	438	9.185980e+01	1.970672e+02	4.456562e+01	438	6.820657e-01	7.000000e-01	
4.466737e+01	439	9.180598e+01	2.104511e+02	4.466737e+01	439	6.962652e-01	7.000000e-01	
4.476912e+01	440	7.183126e+01	1.957584e+02	4.476912e+01	440	7.315619e-01	7.000000e-01	
4.487087e+01	441	7.502943e+01	2.031769e+02	4.487087e+01	441	7.303101e-01	7.000000e-01	
4.497262e+01	442	5.954199e+01	2.248265e+02	4.497262e+01	442	7.906168e-01	7.000000e-01	
4.507436e+01	443	5.524412e+01	2.276107e+02	4.507436e+01	443	8.046909e-01	7.000000e-01	
4.517611e+01	444	4.972191e+01	2.175307e+02	4.517611e+01	444	8.139516e-01	7.000000e-01	
4.527786e+01	445	5.562935e+01	2.028521e+02	4.527786e+01	445	7.847840e-01	7.000000e-01	
4.537961e+01	446	5.950062e+01	2.160172e+02	4.537961e+01	446	7.840408e-01	7.000000e-01	
4.548136e+01	447	5.911194e+01	1.893099e+02	4.548136e+01	447	7.620501e-01	7.000000e-01	
4.558310e+01	448	4.044645e+01	2.314189e+02	4.558310e+01	448	8.512262e-01	7.000000e-01	
4.568485e+01	449	5.228178e+01	1.734768e+02	4.568485e+01	449	7.684173e-01	7.000000e-01	
4.578660e+01	450	5.781545e+01	2.260544e+02	4.578660e+01	450	7.963311e-01	7.000000e-01	
4.588835e+01	451	6.205990e+01	2.221038e+02	4.588835e+01	451	7.816051e-01	7.000000e-01	
4.599010e+01	452	4.606705e+01	2.136124e+02	4.599010e+01	452	8.226003e-01	7.000000e-01	
4.609184e+01	453	5.537587e+01	2.407571e+02	4.609184e+01	453	8.130034e-01	7.000000e-01	
4.619359e+01	454	5.393420e+01	1.998227e+02	4.619359e+01	454	7.874572e-01	7.000000e-01	
4.629534e+01	455	4.574546e+01	2.130481e+02	4.629534e+01	455	8.232357e-01	7.000000e-01	
4.639709e+01	456	6.356034e+01	2.493314e+02	4.639709e+01	456	7.968616e-01	7.000000e-01	
4.649884e+01	457	4.736533e+01	1.989784e+02	4.649884e+01	457	8.077267e-01	7.000000e-01	
4.660058e+01	458	5.237794e+01	2.562440e+02	4.660058e+01	458	8.302845e-01	7.000000e-01	
4.670233e+01	459	9.608600e+01	2.987311e+02	4.670233e+01	459	7.566316e-01	7.000000e-01	
4.680408e+01	460	5.825769e+01	2.501827e+02	4.680408e+01	460	8.111217e-01	7.000000e-01	
4.690583e+01	461	4.974375e+01	2.649548e+02	4.690583e+01	461	8.419321e-01	7.000000e-01	
4.700758e+01	462	5.353168e+01	2.738396e+02	4.700758e+01	462	8.364802e-01	7.000000e-01	
4.710932e+01	463	6.090075e+01	2.528051e+02	4.710932e+01	463	8.058667e-01	7.000000e-01	
4.721107e+01	464	5.643695e+01	2.395639e+02	4.721107e+01	464	8.093352e-01	7.000000e-01	
4.731282e+01	465	5.444859e+01	2.455078e+02	4.731282e+01	465	8.184783e-01	7.000000e-01	
4.741457e+01	466	5.550891e+01	2.521198e+02	4.741457e+01	466	8.195587e-01	7.000000e-01	
4.751632e+01	467	4.910906e+01	2.441600e+02	4.751632e+01	467	8.325461e-01	7.000000e-01	
4.761806e+01	468	5.795662e+01	2.577538e+02	4.761806e+01	468	8.164247e-01	7.000000e-01	
4.771981e+01	469	3.382954e+01	2.144384e+02	4.771981e+01	469	8.637378e-01	7.000000e-01	
4.782156e+01	470	5.782372e+01	2.534891e+02	4.782156e+01	470	8.142585e-01	7.000000e-01	
4.792331e+01	471	4.542805e+01	2.546586e+02	4.792331e+01	471	8.486169e-01	7.000000e-01	
4.802506e+01	472	8.026106e+01	2.614192e+02	4.802506e+01	472	7.650989e-01	7.000000e-01	
4.812680e+01	473	4.438572e+01	2.529928e+02	4.812680e+01	473	8.507434e-01	7.000000e-01	
4.822855e+01	474	5.832132e+01	2.595236e+02	4.822855e+01	474	8.165101e-01	7.000000e-01	
4.833030e+01	475	4.689887e+01	2.678642e+02	4.833030e+01	475	8.510026e-01	7.000000e-01	
4.843205e+01	476	5.132758e+01	2.456021e+02	4.843205e+01	476	8.271389e-01	7.000000e-01	
4.853380e+01	477	7.996465e+01	2.614658e+02	4.853380e+01	477	7.657952e-01	7.000000e-01	
4.863554e+01	478	5.492021e+01	2.756666e+02	4.863554e+01	478	8.338705e-01	7.000000e-01	
4.873729e+01	479	5.171197e+01	2.562788e+02	4.873729e+01	479	8.320990e-01	7.000000e-01	
4.883904e+01	480	5.822428e+01	2.487107e+02	4.883904e+01	480	8.103042e-01	7.000000e-01	
4.894079e+01	481	5.994015e+01	2.662411e+02	4.894079e+01	481	8.162367e-01	7.000000e-01	
4.904254e+01	482	5.058126e+01	2.291338e+02	4.904254e+01	482	8.191686e-01	7.000000e-01	
4.914428e+01	483	5.198567e+01	2.718349e+02	4.914428e+01	483	8.394615e-01	7.000000e-01	
4.924603e+01	484	5.137069e+01	1.980734e+02	4.924603e+01	484	7.940593e-01	7.000000e-01	
4.934778e+01	485	5.155951e+01	2.006199e+02	4.934778e+01	485	7.955443e-01	7.000000e-01	
4.944953e+01	486	4.834841e+01	2.426092e+02	4.944953e+01	486	8.338301e-01	7.000000e-01	
4.955128e+01	487	5.682090e+01	2.711926e+02	4.955128e+01	487	8.267727e-01	7.000000e-01	
4.965302e+01	488	8.282716e+01	2.825474e+02	4.965302e+01	488	7.733089e-01	7.000000e-01	
4.975477e+01	489	4.907662e+01	1.687259e+02	4.975477e+01	489	7.746738e-01	7.000000e-01	
4.985652e+01	490	4.234593e+01	1.508346e+02	4.985652e+01	490	7.807961e-01	7.000000e-01	
4.995827e+01	491	3.502398e+01	1.819467e+02	4.995827e+01	491	8.385774e-01	7.000000e-01	
5.006002e+01	492	4.598043e+01	1.559712e+02	5.006002e+01	492	7.723196e-01	7.000000e-01	
5.016176e+01	493	3.602339e+01	1.674204e+02	5.016176e+01	493	8.229320e-01	7.000000e-01	
5.026351e+01	494	4.725506e+01	1.905156e+02	5.026351e+01	494	8.012578e-01	7.000000e-01	
5.036526e+01	495	7.238839e+01	2.584722e+02	5.036526e+01	495	7.812118e-01	7.000000e-01	
5.046701e+01	496	7.422057e+01	2.586376e+02	5.046701e+01	496	7.770204e-01	7.000000e-01	
5.056876e+01	497	6.839389e+01	2.487945e+02	5.056876e+01	497	7.843745e-01	7.000000e-01	
5.067050e+01	498	6.944415e+01	2.610012e+02	5.067050e+01	498	7.898468e-01	7.000000e-01	
5.077225e+01	499	6.507173e+01	2.456718e+02	5.077225e+01	499	7.905935e-01	7.000000e-01	
5.087400e+01	500	6.979591e+01	2.505723e+02	5.087400e+01	500	7.821385e-01	7.000000e-01	
5.097575e+01	501	7.122696e+01	2.529116e+02	5.097575e+01	501	7.802577e-01	7.000000e-01	
5.107750e+01	502	6.388874e+01	2.370214e+02	5.107750e+01	502	7.876817e-01	7.000000e-01	
5.117924e+01	503	6.412632e+01	2.479130e+02	5.117924e+01	503	7.944928e-01	7.000000e-01	
5.128099e+01	504	6.085396e+01	2.170886e+02	5.128099e+01	504	7.810556e-01	7.000000e-01	
5.138274e+01	505	6.517792e+01	2.361992e+02	5.138274e+01	505	7.837330e-01	7.000000e-01	
5.148449e+01	506	5.963202e+01	2.011840e+02	5.148449e+01	506	7.713637e-01	7.000000e-01	
5.158624e+01	507	5.709574e+01	1.879814e+02	5.158624e+01	507	7.670295e-01	7.000000e-01	
5.168798e+01	508	5.995719e+01	2.154314e+02	5.168798e+01	508	7.822815e-01	7.000000e-01	
5.178973e+01	509	5.930464e+01	2.081411e+02	5.178973e+01	509	7.782554e-01	7.000000e-01	
5.189148e+01	510	5.685269e+01	1.868178e+02	5.189148e+01	510	7.666821e-01	7.000000e-01	
5.199323e+01	511	6.133351e+01	2.202222e+02	5.199323e+01	511	7.821621e-01	7.000000e-01	
5.209498e+01	512	5.917124e+01	2.104743e+02	5.209498e+01	512	7.805592e-01	7.000000e-01	
5.219672e+01	513	6.083046e+01	2.056266e+02	5.219672e+01	513	7.717063e-01	7.000000e-01	
5.229847e+01	514	6.138571e+01	2.239817e+02	5.229847e+01	514	7.848889e-01	7.000000e-01	
5.240022e+01	515	6.120661e+01	2.502166e+02	5.240022e+01	515	8.034616e-01	7.000000e-01	
5.250197e+01	516	6.190112e+01	2.493977e+02	5.250197e+01	516	8.011521e-01	7.000000e-01	
5.260372e+01	517	6.300372e+01	2.404962e+02	5.260372e+01	517	7.924094e-01	7.000000e-01	
5.270546e+01	518	5.335561e+01	2.260291e+02	5.270546e+01	518	8.090246e-01	7.000000e-01	
5.280721e+01	519	3.022837e+01	1.970597e+02	5.280721e+01	519	8.670042e-01	7.000000e-01	
5.290896e+01	520	6.117201e+01	2.593841e+02	5.290896e+01	520	8.091691e-01	7.000000e-01	
5.301071e+01	521	8.067877e+01	2.495000e+02	5.301071e+01	521	7.556512e-01	7.000000e-01	
5.311246e+01	522	6.041613e+01	2.347295e+02	5.311246e+01	522	7.953006e-01	7.000000e-01	
5.321420e+01	523	6.069221e+01	2.306928e+02	5.321420e+01	523	7.917113e-01	7.000000e-01	
5.331595e+01	524	6.192716e+01	2.512862e+02	5.331595e+01	524	8.022844e-01	7.000000e-01	
5.341770e+01	525	7.304311e+01	2.623545e+02	5.341770e+01	525	7.822193e-01	7.000000e-01	
5.351945e+01	526	5.735827e+01	2.115705e+02	5.351945e+01	526	7.867158e-01	7.000000e-01	
5.362120e+01	527	7.173819e+01	2.657344e+02	5.362120e+01	527	7.874251e-01	7.000000e-01	
5.372294e+01	528	7.876522e+01	2.029773e+02	5.372294e+01	528	7.204355e-01	7.000000e-01	
5.382469e+01	529	8.057439e+01	2.225060e+02	5.382469e+01	529	7.341485e-01	7.000000e-01	
5.392644e+01	530	6.267251e+01	2.331993e+02	5.392644e+01	530	7.881768e-01	7.000000e-01	
5.402819e+01	531	7.896063e+01	2.015341e+02	5.402819e+01	531	7.184951e-01	7.000000e-01	
5.412994e+01	532	8.476958e+01	2.193626e+02	5.412994e+01	532	7.212739e-01	7.000000e-01	
5.423168e+01	533	6.293670e+01	2.275116e+02	5.423168e+01	533	7.833119e-01	7.000000e-01	
5.433343e+01	534	6.123604e+01	2.316412e+02	5.433343e+01	534	7.909157e-01	7.000000e-01	
5.443518e+01	535	6.433463e+01	2.353171e+02	5.443518e+01	535	7.853020e-01	7.000000e-01	
5.453693e+01	536	6.057149e+01	2.224542e+02	5.453693e+01	536	7.859859e-01	7.000000e-01	
5.463868e+01	537	7.901497e+01	2.231852e+02	5.463868e+01	537	7.385343e-01	7.000000e-01	
5.474042e+01	538	7.548166e+01	2.183051e+02	5.474042e+01	538	7.430733e-01	7.000000e-01	
5.484217e+01	539	3.326393e+01	2.748678e+02	5.484217e+01	539	8.920464e-01	7.000000e-01	
5.494392e+01	540	5.567011e+01	2.442624e+02	5.494392e+01	540	8.143912e-01	7.000000e-01	
5.504567e+01	541	4.902420e+01	2.341226e+02	5.504567e+01	541	8.268594e-01	7.000000e-01	
5.514742e+01	542	7.040206e+01	2.605215e+02	5.514742e+01	542	7.872558e-01	7.000000e-01	
5.524916e+01	543	7.195452e+01	2.425810e+02	5.524916e+01	543	7.712356e-01	7.000000e-01	
5.535091e+01	544	6.377198e+01	2.494851e+02	5.535091e+01	544	7.964229e-01	7.000000e-01	
5.545266e+01	545	6.170334e+01	2.662005e+02	5.545266e+01	545	8.118249e-01	7.000000e-01	
5.555441e+01	546	5.215415e+01	2.382724e+02	5.555441e+01	546	8.204222e-01	7.000000e-01	
5.565616e+01	547	6.221145e+01	2.716310e+02	5.565616e+01	547	8.136503e-01	7.000000e-01	
5.575790e+01	548	5.440715e+01	2.358644e+02	5.575790e+01	548	8.125646e-01	7.000000e-01	
5.585965e+01	549	5.152645e+01	2.432336e+02	5.585965e+01	549	8.251919e-01	7.000000e-01	
5.596140e+01	550	5.448608e+01	2.474869e+02	5.596140e+01	550	8.195664e-01	7.000000e-01	
5.606315e+01	551	5.168575e+01	2.318512e+02	5.606315e+01	551	8.177107e-01	7.000000e-01	
5.616490e+01	552	4.218409e+01	1.980852e+02	5.616490e+01	552	8.244300e-01	7.000000e-01	
5.626664e+01	553	4.793652e+01	2.904398e+02	5.626664e+01	553	8.583337e-01	7.000000e-01	
5.636839e+01	554	6.442923e+01	2.574637e+02	5.636839e+01	554	7.998427e-01	7.000000e-01	
5.647014e+01	555	4.926224e+01	2.269258e+02	5.647014e+01	555	8.216351e-01	7.000000e-01	
5.657189e+01	556	6.850977e+01	2.378676e+02	5.657189e+01	556	7.763876e-01	7.000000e-01	
5.667364e+01	557	7.689193e+01	2.518000e+02	5.667364e+01	557	7.660669e-01	7.000000e-01	
5.677538e+01	558	6.960791e+01	2.473097e+02	5.677538e+01	558	7.803596e-01	7.000000e-01	
5.687713e+01	559	5.869022e+01	2.397580e+02	5.687713e+01	559	8.033487e-01	7.000000e-01	
5.697888e+01	560	6.134091e+01	2.444011e+02	5.697888e+01	560	7.993704e-01	7.000000e-01	
5.708063e+01	561	6.678543e+01	2.479376e+02	5.708063e+01	561	7.877962e-01	7.000000e-01	
5.718238e+01	562	8.454952e+01	2.611399e+02	5.718238e+01	562	7.554177e-01	7.000000e-01	
5.728412e+01	563	6.556640e+01	2.619184e+02	5.728412e+01	563	7.997880e-01	7.000000e-01	
5.738587e+01	564	7.849742e+01	2.567936e+02	5.738587e+01	564	7.658827e-01	7.000000e-01	
5.748762e+01	565	6.743113e+01	2.580012e+02	5.748762e+01	565	7.927952e-01	7.000000e-01	
5.758937e+01	566	7.299394e+01	2.565892e+02	5.758937e+01	566	7.785265e-01	7.000000e-01	
5.769112e+01	567	6.740869e+01	2.717551e+02	5.769112e+01	567	8.012503e-01	7.000000e-01	
5.779286e+01	568	6.147135e+01	2.758427e+02	5.779286e+01	568	8.177623e-01	7.000000e-01	
5.789461e+01	569	4.868502e+01	3.089179e+02	5.789461e+01	569	8.638573e-01	7.000000e-01	
5.799636e+01	570	5.493624e+01	2.731842e+02	5.799636e+01	570	8.325729e-01	7.000000e-01	
5.809811e+01	571	5.713924e+01	2.764289e+02	5.809811e+01	571	8.287029e-01	7.000000e-01	
5.819986e+01	572	4.359618e+01	2.788432e+02	5.819986e+01	572	8.647926e-01	7.000000e-01	
5.830160e+01	573	6.228500e+01	2.681871e+02	5.830160e+01	573	8.115272e-01	7.000000e-01	
5.840335e+01	574	6.113269e+01	2.738976e+02	5.840335e+01	574	8.175309e-01	7.000000e-01	
5.850510e+01	575	4.651183e+01	2.916516e+02	5.850510e+01	575	8.624575e-01	7.000000e-01	
5.860685e+01	576	4.294083e+01	2.829830e+02	5.860685e+01	576	8.682489e-01	7.000000e-01	
5.870860e+01	577	4.446445e+01	2.723215e+02	5.870860e+01	577	8.596388e-01	7.000000e-01	
5.881034e+01	578	4.896737e+01	2.979356e+02	5.881034e+01	578	8.588442e-01	7.000000e-01	
5.891209e+01	579	4.117677e+01	2.760180e+02	5.891209e+01	579	8.701846e-01	7.000000e-01	
5.901384e+01	580	5.669573e+01	2.589160e+02	5.901384e+01	580	8.203624e-01	7.000000e-01	
5.911559e+01	581	3.659337e+01	2.854829e+02	5.911559e+01	581	8.863829e-01	7.000000e-01	
5.921734e+01	582	3.535747e+01	2.963308e+02	5.921734e+01	582	8.934015e-01	7.000000e-01	
5.931908e+01	583	5.565711e+01	2.517489e+02	5.931908e+01	583	8.189459e-01	7.000000e-01	
5.942083e+01	584	6.070496e+01	2.472115e+02	5.942083e+01	584	8.028525e-01	7.000000e-01	
5.952258e+01	585	6.398996e+01	2.456347e+02	5.952258e+01	585	7.933305e-01	7.000000e-01	
5.962433e+01	586	6.237008e+01	2.545692e+02	5.962433e+01	586	8.032113e-01	7.000000e-01	
5.972608e+01	587	5.970438e+01	2.269829e+02	5.972608e+01	587	7.917439e-01	7.000000e-01	
5.982782e+01	588	6.279330e+01	2.544048e+02	5.982782e+01	588	8.020376e-01	7.000000e-01	
5.992957e+01	589	6.057524e+01	2.410133e+02	5.992957e+01	589	7.991461e-01	7.000000e-01	
6.003132e+01	590	5.655145e+01	2.653099e+02	6.003132e+01	590	8.242987e-01	7.000000e-01	
6.013307e+01	591	6.516771e+01	2.405216e+02	6.013307e+01	591	7.868172e-01	7.000000e-01	
6.023482e+01	592	6.316891e+01	2.398600e+02	6.023482e+01	592	7.915416e-01	7.000000e-01	
6.033656e+01	593	6.022334e+01	2.517169e+02	6.033656e+01	593	8.069395e-01	7.000000e-01	
6.043831e+01	594	6.063327e+01	2.658108e+02	6.043831e+01	594	8.142614e-01	7.000000e-01	
6.054006e+01	595	6.770040e+01	2.571579e+02	6.054006e+01	595	7.916002e-01	7.000000e-01	
6.064181e+01	596	5.956112e+01	2.670658e+02	6.064181e+01	596	8.176479e-01	7.000000e-01	
6.074356e+01	597	5.296139e+01	2.696721e+02	6.074356e+01	597	8.358466e-01	7.000000e-01	
6.084530e+01	598	6.364223e+01	2.594023e+02	6.084530e+01	598	8.029924e-01	7.000000e-01	
6.094705e+01	599	5.406098e+01	2.623901e+02	6.094705e+01	599	8.291648e-01	7.000000e-01	
6.104880e+01	600	5.224738e+01	2.970479e+02	6.104880e+01	600	8.504206e-01	7.000000e-01	
6.115055e+01	601	8.973714e+01	2.705865e+02	6.115055e+01	601	7.509541e-01	7.000000e-01	
6.125230e+01	602	6.437550e+01	2.765890e+02	6.125230e+01	602	8.111959e-01	7.000000e-01	
6.135404e+01	603	4.278759e+01	2.818585e+02	6.135404e+01	603	8.682024e-01	7.000000e-01	
6.145579e+01	604	1.690704e+01	3.243096e+02	6.145579e+01	604	9.504507e-01	7.000000e-01	
6.155754e+01	605	5.156316e+01	2.881183e+02	6.155754e+01	605	8.482014e-01	7.000000e-01	
6.165929e+01	606	8.626160e+00	2.975416e+02	6.165929e+01	606	9.718254e-01	7.000000e-01	
6.176104e+01	607	6.671651e+01	2.481393e+02	6.176104e+01	607	7.881046e-01	7.000000e-01	
6.186278e+01	608	5.828796e+01	2.694713e+02	6.186278e+01	608	8.221623e-01	7.000000e-01	
6.196453e+01	609	7.657074e+01	2.975236e+02	6.196453e+01	609	7.953170e-01	7.000000e-01	
6.206628e+01	610	5.365982e+01	2.770159e+02	6.206628e+01	610	8.377268e-01	7.000000e-01	
6.216803e+01	611	5.929206e+01	2.263401e+02	6.216803e+01	611	7.924181e-01	7.000000e-01	
6.226978e+01	612	6.294387e+01	2.776905e+02	6.226978e+01	612	8.152157e-01	7.000000e-01	
6.237152e+01	613	6.180097e+01	2.187417e+02	6.237152e+01	613	7.797092e-01	7.000000e-01	
6.247327e+01	614	4.770045e+01	2.499426e+02	6.247327e+01	614	8.397394e-01	7.000000e-01	
6.257502e+01	615	6.549517e+01	2.520966e+02	6.257502e+01	615	7.937756e-01	7.000000e-01	
6.267677e+01	616	6.203263e+01	2.507650e+02	6.267677e+01	616	8.016845e-01	7.000000e-01	
6.277852e+01	617	5.571133e+01	2.167324e+02	6.277852e+01	617	7.955125e-01	7.000000e-01	
6.288026e+01	618	5.941676e+01	2.482031e+02	6.288026e+01	618	8.068501e-01	7.000000e-01	
6.298201e+01	619	6.218946e+01	2.222604e+02	6.298201e+01	619	7.813693e-01	7.000000e-01	
6.308376e+01	620	5.437361e+01	2.856237e+02	6.308376e+01	620	8.400764e-01	7.000000e-01	
6.318551e+01	621	6.748131e+01	2.880424e+02	6.318551e+01	621	8.101918e-01	7.000000e-01	
6.328726e+01	622	5.999888e+01	2.735149e+02	6.328726e+01	622	8.201007e-01	7.000000e-01	
6.338900e+01	623	5.093834e+01	2.641013e+02	6.338900e+01	623	8.383113e-01	7.000000e-01	
6.349075e+01	624	6.852382e+01	2.612767e+02	6.349075e+01	624	7.922265e-01	7.000000e-01	
6.359250e+01	625	6.428936e+01	2.619498e+02	6.359250e+01	625	8.029379e-01	7.000000e-01	
6.369425e+01	626	5.879395e+01	2.666492e+02	6.369425e+01	626	8.193419e-01	7.000000e-01	
6.379600e+01	627	7.323489e+01	2.447902e+02	6.379600e+01	627	7.697198e-01	7.000000e-01	
6.389774e+01	628	5.624047e+01	2.832467e+02	6.389774e+01	628	8.343370e-01	7.000000e-01	
6.399949e+01	629	6.939808e+01	2.458289e+02	6.399949e+01	629	7.798473e-01	7.000000e-01	
6.410124e+01	630	9.554854e+01	2.288878e+02	6.410124e+01	630	7.054937e-01	7.000000e-01	
6.420299e+01	631	7.912935e+01	2.528061e+02	6.420299e+01	631	7.616122e-01	7.000000e-01	
6.430474e+01	632	1.077918e+02	2.492800e+02	6.430474e+01	632	6.981229e-01	7.000000e-01	
6.440648e+01	633	1.043978e+02	2.307951e+02	6.440648e+01	633	6.885441e-01	7.000000e-01	
6.450823e+01	634	4.272499e+01	2.474517e+02	6.450823e+01	634	8.527622e-01	7.000000e-01	
6.460998e+01	635	4.164994e+01	2.190717e+02	6.460998e+01	635	8.402513e-01	7.000000e-01	
6.471173e+01	636	3.787827e+01	2.542990e+02	6.471173e+01	636	8.703586e-01	7.000000e-01	
6.481348e+01	637	4.201173e+01	2.260611e+02	6.481348e+01	637	8.432824e-01	7.000000e-01	
6.491522e+01	638	5.924770e+01	2.399017e+02	6.491522e+01	638	8.019461e-01	7.000000e-01	
6.501697e+01	639	3.752925e+01	1.757099e+02	6.501697e+01	639	8.240039e-01	7.000000e-01	
6.511872e+01	640	5.232232e+01	2.060589e+02	6.511872e+01	640	7.974995e-01	7.000000e-01	
6.522047e+01	641	4.558976e+01	2.316096e+02	6.522047e+01	641	8.355344e-01	7.000000e-01	
6.532222e+01	642	4.145373e+01	1.888548e+02	6.532222e+01	642	8.200078e-01	7.000000e-01	
6.542396e+01	643	5.944222e+01	2.454105e+02	6.542396e+01	643	8.050133e-01	7.000000e-01	
6.552571e+01	644	5.244743e+01	2.130419e+02	6.552571e+01	644	8.024500e-01	7.000000e-01	
6.562746e+01	645	5.083650e+01	2.238981e+02	6.562746e+01	645	8.149614e-01	7.000000e-01	
6.572921e+01	646	5.150067e+01	2.205508e+02	6.572921e+01	646	8.106951e-01	7.000000e-01	
6.583096e+01	647	6.015936e+01	2.707334e+02	6.583096e+01	647	8.181908e-01	7.000000e-01	
6.593270e+01	648	7.732778e+01	2.685720e+02	6.593270e+01	648	7.764446e-01	7.000000e-01	
6.603445e+01	649	6.426322e+01	2.719149e+02	6.603445e+01	649	8.088418e-01	7.000000e-01	
6.613620e+01	650	5.593859e+01	2.504476e+02	6.613620e+01	650	8.174246e-01	7.000000e-01	
6.623795e+01	651	5.342092e+01	2.657433e+02	6.623795e+01	651	8.326225e-01	7.000000e-01	
6.633970e+01	652	6.427133e+01	2.736924e+02	6.633970e+01	652	8.098277e-01	7.000000e-01	
6.644144e+01	653	6.803499e+01	2.635659e+02	6.644144e+01	653	7.948287e-01	7.000000e-01	
6.654319e+01	654	4.938088e+01	2.613257e+02	6.654319e+01	654	8.410691e-01	7.000000e-01	
6.664494e+01	655	5.317741e+01	2.620983e+02	6.664494e+01	655	8.313305e-01	7.000000e-01	
6.674669e+01	656	6.377344e+01	2.707234e+02	6.674669e+01	656	8.093452e-01	7.000000e-01	
6.684844e+01	657	5.832306e+01	2.627562e+02	6.684844e+01	657	8.183531e-01	7.000000e-01	
6.695018e+01	658	5.870293e+01	2.668127e+02	6.695018e+01	658	8.196617e-01	7.000000e-01	
6.705193e+01	659	5.284058e+01	2.642225e+02	6.705193e+01	659	8.333436e-01	7.000000e-01	
6.715368e+01	660	4.731018e+01	2.609995e+02	6.715368e+01	660	8.465498e-01	7.000000e-01	
6.725543e+01	661	3.447214e+01	2.558585e+02	6.725543e+01	661	8.812659e-01	7.000000e-01	
6.735718e+01	662	6.651204e+01	2.679761e+02	6.735718e+01	662	8.011528e-01	7.000000e-01	
6.745892e+01	663	6.097973e+01	2.736561e+02	6.745892e+01	663	8.177729e-01	7.000000e-01	
6.756067e+01	664	8.292888e+01	2.625315e+02	6.756067e+01	664	7.599468e-01	7.000000e-01	
6.766242e+01	665	6.153175e+01	2.361429e+02	6.766242e+01	665	7.932919e-01	7.000000e-01	
6.776417e+01	666	5.868049e+01	2.617666e+02	6.776417e+01	666	8.168793e-01	7.000000e-01	
6.786592e+01	667	6.807988e+01	2.663798e+02	6.786592e+01	667	7.964482e-01	7.000000e-01	
6.796766e+01	668	5.981678e+01	2.612038e+02	6.796766e+01	668	8.136668e-01	7.000000e-01	
6.806941e+01	669	5.850752e+01	2.660965e+02	6.806941e+01	669	8.197573e-01	7.000000e-01	
6.817116e+01	670	6.123908e+01	2.683435e+02	6.817116e+01	670	8.141920e-01	7.000000e-01	
6.827291e+01	671	7.047235e+01	1.785365e+02	6.827291e+01	671	7.169886e-01	7.000000e-01	
6.837466e+01	672	6.002113e+01	2.542859e+02	6.837466e+01	672	8.090366e-01	7.000000e-01	
6.847640e+01	673	6.965938e+01	2.936458e+02	6.847640e+01	673	8.082621e-01	7.000000e-01	
6.857815e+01	674	6.154283e+01	2.360709e+02	6.857815e+01	674	7.932124e-01	7.000000e-01	
6.867990e+01	675	7.076718e+01	2.698125e+02	6.867990e+01	675	7.922155e-01	7.000000e-01	
6.878165e+01	676	6.589938e+01	2.625273e+02	6.878165e+01	676	7.993483e-01	7.000000e-01	
6.888340e+01	677	7.432770e+01	2.794340e+02	6.888340e+01	677	7.898933e-01	7.000000e-01	
6.898514e+01	678	5.882621e+01	2.755150e+02	6.898514e+01	678	8.240534e-01	7.000000e-01	
6.908689e+01	679	6.533523e+01	2.756705e+02	6.908689e+01	679	8.084043e-01	7.000000e-01	
6.918864e+01	680	1.051130e+02	2.907378e+02	6.918864e+01	680	7.344631e-01	7.000000e-01	
6.929039e+01	681	6.224068e+01	2.752331e+02	6.929039e+01	681	8.155688e-01	7.000000e-01	
6.939214e+01	682	6.578161e+01	2.300249e+02	6.939214e+01	682	7.776195e-01	7.000000e-01	
6.949388e+01	683	5.336903e+01	2.684163e+02	6.949388e+01	683	8.341471e-01	7.000000e-01	
6.959563e+01	684	6.764511e+01	2.942151e+02	6.959563e+01	684	8.130629e-01	7.000000e-01	
6.969738e+01	685	5.783513e+01	2.637744e+02	6.969738e+01	685	8.201697e-01	7.000000e-01	
6.979913e+01	686	5.330108e+01	2.473340e+02	6.979913e+01	686	8.227051e-01	7.000000e-01	
6.990088e+01	687	6.718776e+01	2.742243e+02	6.990088e+01	687	8.032062e-01	7.000000e-01	
7.000262e+01	688	5.054109e+01	2.485896e+02	7.000262e+01	688	8.310401e-01	7.000000e-01	
7.010437e+01	689	5.783239e+01	2.682231e+02	7.010437e+01	689	8.226302e-01	7.000000e-01	
7.020612e+01	690	5.867033e+01	2.148614e+02	7.020612e+01	690	7.855081e-01	7.000000e-01	
7.030787e+01	691	4.792941e+01	2.428592e+02	7.030787e+01	691	8.351744e-01	7.000000e-01	
7.040962e+01	692	5.342931e+01	2.518906e+02	7.040962e+01	692	8.250055e-01	7.000000e-01	
7.051136e+01	693	5.878937e+01	2.147899e+02	7.051136e+01	693	7.851103e-01	7.000000e-01	
7.061311e+01	694	3.518683e+01	2.131420e+02	7.061311e+01	694	8.583055e-01	7.000000e-01	
7.071486e+01	695	1.866162e+01	2.077602e+02	7.071486e+01	695	9.175803e-01	7.000000e-01	
7.081661e+01	696	4.488156e+01	2.392012e+02	7.081661e+01	696	8.420124e-01	7.000000e-01	
7.091836e+01	697	2.134380e+01	1.707801e+02	7.091836e+01	697	8.889061e-01	7.000000e-01	
7.102010e+01	698	3.566145e+01	2.178761e+02	7.102010e+01	698	8.593445e-01	7.000000e-01	
7.112185e+01	699	5.235308e+01	2.315248e+02	7.112185e+01	699	8.155789e-01	7.000000e-01	
7.122360e+01	700	2.672003e+01	2.081262e+02	7.122360e+01	700	8.862233e-01	7.000000e-01	
7.132535e+01	701	6.819825e+01	2.131662e+02	7.132535e+01	701	7.576160e-01	7.000000e-01	
7.142710e+01	702	4.962873e+01	2.240716e+02	7.142710e+01	702	8.186749e-01	7.000000e-01	
7.152884e+01	703	7.292541e+01	2.277222e+02	7.152884e+01	703	7.574389e-01	7.000000e-01	
7.163059e+01	704	6.336723e+01	2.342640e+02	7.163059e+01	704	7.870948e-01	7.000000e-01	
7.173234e+01	705	4.434345e+01	2.275924e+02	7.173234e+01	705	8.369342e-01	7.000000e-01	
7.183409e+01	706	7.335506e+01	2.449739e+02	7.183409e+01	706	7.695621e-01	7.000000e-01	
7.193584e+01	707	6.616515e+01	2.079492e+02	7.193584e+01	707	7.586221e-01	7.000000e-01	
7.203758e+01	708	7.596174e+01	2.095658e+02	7.203758e+01	708	7.339600e-01	7.000000e-01	
7.213933e+01	709	6.834297e+01	2.482993e+02	7.213933e+01	709	7.841635e-01	7.000000e-01	
7.224108e+01	710	7.647727e+01	2.332771e+02	7.224108e+01	710	7.531035e-01	7.000000e-01	
7.234283e+01	711	5.310566e+01	2.519150e+02	7.234283e+01	711	8.258949e-01	7.000000e-01	
7.244458e+01	712	7.802575e+01	2.265020e+02	7.244458e+01	712	7.437811e-01	7.000000e-01	
7.254632e+01	713	7.181442e+01	2.495249e+02	7.254632e+01	713	7.765153e-01	7.000000e-01	
7.264807e+01	714	7.276778e+01	2.485494e+02	7.264807e+01	714	7.735329e-01	7.000000e-01	
7.274982e+01	715	6.085361e+01	2.832860e+02	7.274982e+01	715	8.231717e-01	7.000000e-01	
7.285157e+01	716	3.933226e+01	2.587772e+02	7.285157e+01	716	8.680610e-01	7.000000e-01	
7.295332e+01	717	3.570277e+01	2.918980e+02	7.295332e+01	717	8.910174e-01	7.000000e-01	
7.305506e+01	718	5.746252e+01	2.636334e+02	7.305506e+01	718	8.210425e-01	7.000000e-01	
7.315681e+01	719	6.256546e+01	2.571771e+02	7.315681e+01	719	8.043255e-01	7.000000e-01	
7.325856e+01	720	1.402733e+02	8.078395e+01	7.325856e+01	720	3.654436e-01	0	
7.336031e+01	721	1.212029e+02	3.035776e+01	7.336031e+01	721	2.003011e-01	0	
7.346206e+01	722	1.234945e+02	2.164861e+01	7.346206e+01	722	1.491535e-01	0	
7.356380e+01	723	1.203160e+02	2.839372e+01	7.356380e+01	723	1.909339e-01	0	
7.366555e+01	724	1.206939e+02	2.886739e+01	7.366555e+01	724	1.930138e-01	0	
7.376730e+01	725	1.198867e+02	2.722606e+01	7.376730e+01	725	1.850693e-01	0	
7.386905e+01	726	1.224467e+02	2.019730e+01	7.386905e+01	726	1.415924e-01	0	
7.397080e+01	727	1.206959e+02	2.896097e+01	7.397080e+01	727	1.935158e-01	0	
7.407254e+01	728	1.423246e+02	3.108568e+01	7.407254e+01	728	1.792609e-01	0	
7.417429e+01	729	1.092428e+02	2.617846e+01	7.417429e+01	729	1.933113e-01	0	
7.427604e+01	730	1.277053e+02	2.050582e+01	7.427604e+01	730	1.383555e-01	0	
7.437779e+01	731	1.333911e+02	1.948120e+01	7.437779e+01	731	1.274345e-01	0	
7.447954e+01	732	1.312570e+02	1.688098e+01	7.447954e+01	732	1.139544e-01	0	
7.458128e+01	733	1.314402e+02	2.985806e+01	7.458128e+01	733	1.851109e-01	0	
7.468303e+01	734	1.341023e+02	3.104279e+01	7.468303e+01	734	1.879728e-01	0	
7.478478e+01	735	1.234901e+02	2.083064e+01	7.478478e+01	735	1.443357e-01	0	
7.488653e+01	736	1.281192e+02	3.024319e+01	7.488653e+01	736	1.909746e-01	0	
7.498828e+01	737	1.622810e+02	4.327943e+01	7.498828e+01	737	2.105436e-01	0	
7.509002e+01	738	1.673717e+02	1.223354e+01	7.509002e+01	738	6.811349e-02	0	
7.519177e+01	739	1.256674e+02	5.080166e+01	7.519177e+01	739	2.878786e-01	0	
7.529352e+01	740	1.418722e+02	3.247467e+01	7.529352e+01	740	1.862647e-01	0	
7.539527e+01	741	1.324015e+02	2.006615e+01	7.539527e+01	741	1.316092e-01	0	
7.549702e+01	742	9.893934e+01	3.902442e+01	7.549702e+01	742	2.828599e-01	0	
7.559876e+01	743	1.323577e+02	1.675311e+01	7.559876e+01	743	1.123534e-01	0	
7.570051e+01	744	1.164074e+02	3.825125e+01	7.570051e+01	744	2.473269e-01	0	
7.580226e+01	745	1.234425e+02	-1.011131e+00	7.580226e+01	745	-8.258758e-03	0	
7.590401e+01	746	1.409456e+02	2.373152e+00	7.590401e+01	746	1.655856e-02	0	
7.600576e+01	747	1.382109e+02	1.737798e+01	7.600576e+01	747	1.116917e-01	0	
7.610750e+01	748	1.250706e+02	-5.587112e+00	7.610750e+01	748	-4.676054e-02	0	
7.620925e+01	749	1.272951e+02	3.095687e+00	7.620925e+01	749	2.374161e-02	0	
7.631100e+01	750	1.492769e+02	-9.361851e+00	7.631100e+01	750	-6.691097e-02	0	
7.641275e+01	751	1.541513e+02	-2.634749e+01	7.641275e+01	751	-2.061557e-01	0	
7.651450e+01	752	1.353241e+02	2.002622e+01	7.651450e+01	752	1.289101e-01	0	
7.661624e+01	753	1.320733e+02	1.209493e+01	7.661624e+01	753	8.389456e-02	0	
7.671799e+01	754	1.329372e+02	2.565246e+01	7.671799e+01	754	1.617537e-01	0	
7.681974e+01	755	1.276703e+02	1.951354e+01	7.681974e+01	755	1.325794e-01	0	
7.692149e+01	756	1.259541e+02	1.154104e+01	7.692149e+01	756	8.393780e-02	0	
7.702324e+01	757	1.384363e+02	1.243203e+01	7.702324e+01	757	8.240318e-02	0	
7.712498e+01	758	1.313127e+02	7.231444e+00	7.712498e+01	758	5.219596e-02	0	
7.722673e+01	759	1.071610e+02	1.534233e+01	7.722673e+01	759	1.252401e-01	0	
7.732848e+01	760	1.272768e+02	1.720758e+01	7.732848e+01	760	1.190965e-01	0	
7.743023e+01	761	1.449370e+02	1.069728e+01	7.743023e+01	761	6.873344e-02	0	
7.753198e+01	762	1.146664e+02	7.047969e+00	7.753198e+01	762	5.790581e-02	0	
7.763372e+01	763	1.358922e+02	1.861768e+01	7.763372e+01	763	1.204951e-01	0	
7.773547e+01	764	1.447704e+02	1.726655e+01	7.773547e+01	764	1.065593e-01	0	
7.783722e+01	765	1.261545e+02	1.790486e+01	7.783722e+01	765	1.242881e-01	0	
7.793897e+01	766	1.220869e+02	1.315084e+01	7.793897e+01	766	9.724238e-02	0	
7.804072e+01	767	1.262257e+02	2.085434e+01	7.804072e+01	767	1.417891e-01	0	
7.814246e+01	768	1.059841e+02	1.350687e+01	7.814246e+01	768	1.130367e-01	0	
7.824421e+01	769	1.169825e+02	1.854672e+01	7.824421e+01	769	1.368467e-01	0	
7.834596e+01	770	1.295077e+02	1.951869e+01	7.834596e+01	770	1.309747e-01	0	
7.844771e+01	771	1.050137e+02	8.733570e+00	7.844771e+01	771	7.678048e-02	0	
7.854946e+01	772	9.724063e+01	1.490716e+00	7.854946e+01	772	1.509871e-02	0	
7.865120e+01	773	9.761918e+01	6.068475e+00	7.865120e+01	773	5.852649e-02	0	
7.875295e+01	774	9.886976e+01	3.830469e+00	7.875295e+01	774	3.729757e-02	0	
7.885470e+01	775	9.269306e+01	-2.333612e+00	7.885470e+01	775	-2.582588e-02	0	
7.895645e+01	776	1.009824e+02	9.220978e+00	7.895645e+01	776	8.367237e-02	0	
7.905820e+01	777	1.051525e+02	6.558969e+00	7.905820e+01	777	5.871348e-02	0	
7.915994e+01	778	1.074685e+02	1.553471e+01	7.915994e+01	778	1.262952e-01	0	
7.926169e+01	779	8.695610e+01	8.128061e+00	7.926169e+01	779	8.548281e-02	0	
7.936344e+01	780	1.313402e+02	4.030833e+01	7.936344e+01	780	2.348306e-01	0	
7.946519e+01	781	1.281877e+02	3.634363e+01	7.946519e+01	781	2.208919e-01	0	
7.956694e+01	782	1.208550e+02	3.314610e+01	7.956694e+01	782	2.152329e-01	0	
7.966868e+01	783	1.345314e+02	3.577547e+01	7.966868e+01	783	2.100647e-01	0	
7.977043e+01	784	1.193390e+02	2.106041e+01	7.977043e+01	784	1.500036e-01	0	
7.987218e+01	785	1.247587e+02	3.334277e+01	7.987218e+01	785	2.108948e-01	0	
7.997393e+01	786	9.695783e+01	1.947027e+01	7.997393e+01	786	1.672300e-01	0	
8.007568e+01	787	1.094108e+02	1.606742e+01	8.007568e+01	787	1.280495e-01	0	
8.017742e+01	788	1.219699e+02	3.327021e+01	8.017742e+01	788	2.143145e-01	0	
8.027917e+01	789	1.170698e+02	1.379222e+01	8.027917e+01	789	1.053951e-01	0	
8.038092e+01	790	1.151185e+02	3.153716e+01	8.038092e+01	790	2.150422e-01	0	
8.048267e+01	791	1.068188e+02	1.814547e+01	8.048267e+01	791	1.452053e-01	0	
8.058442e+01	792	1.091861e+02	1.399925e+01	8.058442e+01	792	1.136438e-01	0	
8.068616e+01	793	1.034979e+02	2.299514e+01	8.068616e+01	793	1.817898e-01	0	
8.078791e+01	794	1.476523e+02	2.207002e+01	8.078791e+01	794	1.300360e-01	0	
8.088966e+01	795	1.014324e+02	1.330342e+01	8.088966e+01	795	1.159483e-01	0	
8.099141e+01	796	7.528009e+01	2.280963e+01	8.099141e+01	796	2.325384e-01	0	
8.109316e+01	797	1.053359e+02	2.340654e+01	8.109316e+01	797	1.818090e-01	0	
8.119490e+01	798	1.167521e+02	1.597447e+01	8.119490e+01	798	1.203562e-01	0	
8.129665e+01	799	1.066496e+02	2.469545e+01	8.129665e+01	799	1.880196e-01	0	
8.139840e+01	800	9.645525e+01	1.909576e+01	8.139840e+01	800	1.652583e-01	0	
8.150015e+01	801	1.182046e+02	4.174292e+01	8.150015e+01	801	2.609789e-01	0	
8.160190e+01	802	1.337494e+02	2.726933e+01	8.160190e+01	802	1.693550e-01	0	
8.170364e+01	803	1.370302e+02	6.924637e+01	8.170364e+01	803	3.356967e-01	0	
8.180539e+01	804	1.433049e+02	-1.304322e+00	8.180539e+01	804	-9.185329e-03	0	
8.190714e+01	805	1.305035e+02	3.294563e+01	8.190714e+01	805	2.015650e-01	0	
8.200889e+01	806	1.111618e+02	2.370089e+01	8.200889e+01	806	1.757409e-01	0	
8.211064e+01	807	1.265999e+02	2.855831e+01	8.211064e+01	807	1.840593e-01	0	
8.221238e+01	808	1.218264e+02	2.215001e+01	8.221238e+01	808	1.538447e-01	0	
8.231413e+01	809	1.162020e+02	9.095088e+00	8.231413e+01	809	7.258818e-02	0	
8.241588e+01	810	1.192272e+02	3.147307e+01	8.241588e+01	810	2.088455e-01	0	
8.251763e+01	811	1.185558e+02	5.642250e+00	8.251763e+01	811	4.542946e-02	0	
8.261938e+01	812	1.109962e+02	3.073122e+01	8.261938e+01	812	2.168333e-01	0	
8.272112e+01	813	1.164625e+02	1.362560e+01	8.272112e+01	813	1.047413e-01	0	
8.282287e+01	814	1.152194e+02	1.271938e+01	8.282287e+01	814	9.941771e-02	0	
8.292462e+01	815	1.179174e+02	8.910481e+00	8.292462e+01	815	7.025648e-02	0	
8.302637e+01	816	1.170331e+02	1.147000e+01	8.302637e+01	816	8.925855e-02	0	
8.312812e+01	817	1.285427e+02	3.292775e+01	8.312812e+01	817	2.039243e-01	0	
8.322986e+01	818	1.090417e+02	2.007831e+01	8.322986e+01	818	1.555011e-01	0	
8.333161e+01	819	1.157430e+02	7.993361e+00	8.333161e+01	819	6.459994e-02	0	
8.343336e+01	820	1.174477e+02	8.107403e+00	8.343336e+01	820	6.457247e-02	0	
8.353511e+01	821	9.434075e+01	1.277911e+01	8.353511e+01	821	1.192973e-01	0	
8.363686e+01	822	1.102481e+02	2.532738e+01	8.363686e+01	822	1.868139e-01	0	
8.373860e+01	823	1.136369e+02	1.158662e+01	8.373860e+01	823	9.252751e-02	0	
8.384035e+01	824	9.507333e+01	2.459225e+01	8.384035e+01	824	2.055081e-01	0	
8.394210e+01	825	1.025847e+02	2.572851e+01	8.394210e+01	825	2.005133e-01	0	
8.404385e+01	826	1.195145e+02	1.210145e+01	8.404385e+01	826	9.194516e-02	0	
8.414560e+01	827	1.162139e+02	1.351368e+01	8.414560e+01	827	1.041697e-01	0	
8.424734e+01	828	1.097399e+02	2.357424e+01	8.424734e+01	828	1.768323e-01	0	
8.434909e+01	829	1.164066e+02	1.796070e+01	8.434909e+01	829	1.336687e-01	0	
8.445084e+01	830	1.128970e+02	1.750030e+01	8.445084e+01	830	1.342075e-01	0	
8.455259e+01	831	1.135192e+02	2.550565e+01	8.455259e+01	831	1.834611e-01	0	
8.465434e+01	832	1.034735e+02	2.424484e+01	8.465434e+01	832	1.898305e-01	0	
8.475608e+01	833	1.321935e+02	-2.857080e-01	8.475608e+01	833	-2.165968e-03	0	
8.485783e+01	834	1.302689e+02	-1.247637e+00	8.485783e+01	834	-9.670011e-03	0	
8.495958e+01	835	1.222023e+02	5.713074e+00	8.495958e+01	835	4.466292e-02	0	
8.506133e+01	836	1.050420e+02	-5.770111e+00	8.506133e+01	836	-5.812432e-02	0	
8.516308e+01	837	1.208940e+02	1.285797e+01	8.516308e+01	837	9.613294e-02	0	
8.526482e+01	838	1.357441e+02	-4.084180e+00	8.526482e+01	838	-3.102068e-02	0	
8.536657e+01	839	1.321055e+02	5.620176e+00	8.536657e+01	839	4.080703e-02	0	
8.546832e+01	840	1.281788e+02	-3.957636e+00	8.546832e+01	840	-3.185960e-02	0	
8.557007e+01	841	1.415578e+02	1.420141e+01	8.557007e+01	841	9.117541e-02	0	
8.567182e+01	842	1.315000e+02	5.518148e+00	8.567182e+01	842	4.027312e-02	0	
8.577356e+01	843	1.251153e+02	1.438405e+01	8.577356e+01	843	1.031119e-01	0	
8.587531e+01	844	1.468511e+02	2.851693e+00	8.587531e+01	844	1.904903e-02	0	
8.597706e+01	845	1.728734e+02	1.678623e+01	8.597706e+01	845	8.850713e-02	0	
8.607881e+01	846	9.993376e+01	5.510996e+00	8.607881e+01	846	5.226430e-02	0	
8.618056e+01	847	1.047044e+02	1.262114e+01	8.618056e+01	847	1.075737e-01	0	
8.628230e+01	848	8.125742e+01	-5.784686e+00	8.628230e+01	848	-7.664604e-02	0	
8.638405e+01	849	9.351639e+01	2.104847e+01	8.638405e+01	849	1.837254e-01	0	
8.648580e+01	850	9.732000e+01	2.575956e+01	8.648580e+01	850	2.092919e-01	0	
8.658755e+01	851	1.046521e+02	-4.974583e-01	8.658755e+01	851	-4.776151e-03	0	
8.668930e+01	852	1.463368e+02	1.267264e+01	8.668930e+01	852	7.969741e-02	0	
8.679104e+01	853	1.557580e+02	1.833413e+01	8.679104e+01	853	1.053128e-01	0	
8.689279e+01	854	1.513340e+02	1.391702e+01	8.689279e+01	854	8.421745e-02	0	
8.699454e+01	855	1.098268e+02	1.494212e+01	8.699454e+01	855	1.197584e-01	0	
8.709629e+01	856	1.537751e+02	2.054736e+01	8.709629e+01	856	1.178698e-01	0	
8.719804e+01	857	1.148787e+02	1.346643e+01	8.719804e+01	857	1.049236e-01	0	
8.729978e+01	858	1.426696e+02	-5.309283e+00	8.729978e+01	858	-3.865223e-02	0	
8.740153e+01	859	1.641862e+02	3.400091e+01	8.740153e+01	859	1.715596e-01	0	
8.750328e+01	860	1.438299e+02	1.963926e+01	8.750328e+01	860	1.201405e-01	0	
8.760503e+01	861	1.522312e+02	4.095595e+01	8.760503e+01	861	2.120014e-01	0	
8.770678e+01	862	1.579680e+02	2.111526e+01	8.770678e+01	862	1.179075e-01	0	
8.780852e+01	863	1.585253e+02	4.281012e+01	8.780852e+01	863	2.126308e-01	0	
8.791027e+01	864	1.789028e+02	3.271385e+01	8.791027e+01	864	1.545902e-01	0	
8.801202e+01	865	1.500465e+02	3.415545e+01	8.801202e+01	865	1.854239e-01	0	
8.811377e+01	866	1.278467e+02	3.208026e+01	8.811377e+01	866	2.005932e-01	0	
8.821552e+01	867	1.371763e+02	3.144932e+01	8.821552e+01	867	1.865038e-01	0	
8.831726e+01	868	1.501584e+02	3.930192e+01	8.831726e+01	868	2.074414e-01	0	
8.841901e+01	869	1.539751e+02	3.904248e+01	8.841901e+01	869	2.022742e-01	0	
8.852076e+01	870	1.358633e+02	2.866006e+01	8.852076e+01	870	1.742006e-01	0	
8.862251e+01	871	1.414646e+02	2.814636e+01	8.862251e+01	871	1.659466e-01	0	
8.872426e+01	872	1.363817e+02	3.660643e+01	8.872426e+01	872	2.116124e-01	0	
8.882600e+01	873	1.609605e+02	3.323898e+01	8.882600e+01	873	1.711590e-01	0	
8.892775e+01	874	1.419397e+02	5.202349e+01	8.892775e+01	874	2.682132e-01	0	
8.902950e+01	875	1.435583e+02	2.826542e+01	8.902950e+01	875	1.645024e-01	0	
8.913125e+01	876	1.372609e+02	2.302856e+01	8.913125e+01	876	1.436686e-01	0	
8.923300e+01	877	1.727415e+02	2.769728e+01	8.923300e+01	877	1.381832e-01	0	
8.933474e+01	878	1.529732e+02	3.098558e+01	8.933474e+01	878	1.684376e-01	0	
8.943649e+01	879	1.501847e+02	3.099040e+01	8.943649e+01	879	1.710522e-01	0	
8.953824e+01	880	1.838670e+02	3.893914e+01	8.953824e+01	880	1.747669e-01	0	
8.963999e+01	881	1.719122e+02	3.336428e+01	8.963999e+01	881	1.625334e-01	0	
8.974174e+01	882	1.574613e+02	3.292361e+01	8.974174e+01	882	1.729318e-01	0	
8.984348e+01	883	1.675188e+02	2.778660e+01	8.984348e+01	883	1.422726e-01	0	
8.994523e+01	884	1.618905e+02	1.286132e+01	8.994523e+01	884	7.359763e-02	0	
9.004698e+01	885	1.720917e+02	2.698763e+00	9.004698e+01	885	1.543999e-02	0	
9.014873e+01	886	1.596585e+02	2.220804e+01	9.014873e+01	886	1.221117e-01	0	
9.025048e+01	887	1.509738e+02	2.231047e+01	9.025048e+01	887	1.287507e-01	0	
9.035222e+01	888	1.730860e+02	2.677291e+01	9.035222e+01	888	1.339591e-01	0	
9.045397e+01	889	1.405605e+02	-7.265717e+00	9.045397e+01	889	-5.450864e-02	0	
9.055572e+01	890	1.549238e+02	-9.565243e+00	9.055572e+01	890	-6.580447e-02	0	
9.065747e+01	891	1.562985e+02	1.004883e+01	9.065747e+01	891	6.040872e-02	0	
9.075922e+01	892	1.420447e+02	-7.023054e+00	9.075922e+01	892	-5.201428e-02	0	
9.086096e+01	893	1.345956e+02	-9.140610e+00	9.086096e+01	893	-7.285968e-02	0	
9.096271e+01	894	1.640112e+02	2.511033e+00	9.096271e+01	894	1.507927e-02	0	
9.106446e+01	895	1.769259e+02	4.229397e+00	9.106446e+01	895	2.334680e-02	0	
9.116621e+01	896	1.543109e+02	-1.652151e+01	9.116621e+01	896	-1.199041e-01	0	
9.126796e+01	897	1.517263e+02	3.197067e+01	9.126796e+01	897	1.740403e-01	0	
9.136970e+01	898	1.832865e+02	1.234519e+01	9.136970e+01	898	6.310424e-02	0	
9.147145e+01	899	1.411395e+02	-1.019567e+01	9.147145e+01	899	-7.786293e-02	0	
9.157320e+01	900	1.614393e+02	1.694171e+00	9.157320e+01	900	1.038518e-02	0	
9.167495e+01	901	1.283525e+02	2.700195e+00	9.167495e+01	901	2.060389e-02	0	
9.177670e+01	902	8.926938e+01	1.921326e+01	9.177670e+01	902	1.771091e-01	0	
9.187844e+01	903	1.327046e+02	-1.232018e+01	9.187844e+01	903	-1.023403e-01	0	
9.198019e+01	904	8.261038e+01	3.256885e+01	9.198019e+01	904	2.827667e-01	0	
9.208194e+01	905	1.212580e+02	9.884144e+00	9.208194e+01	905	7.536970e-02	0	
9.218369e+01	906	1.639054e+02	-1.478577e-01	9.218369e+01	906	-9.029062e-04	0	
9.228544e+01	907	1.658075e+02	-1.857004e+00	9.228544e+01	907	-1.132661e-02	0	
9.238718e+01	908	1.349650e+02	-2.666101e+00	9.238718e+01	908	-2.015210e-02	0	
9.248893e+01	909	1.346648e+02	4.627117e+00	9.248893e+01	909	3.321885e-02	0	
9.259068e+01	910	1.536573e+02	-3.972977e+00	9.259068e+01	910	-2.654237e-02	0	
9.269243e+01	911	1.702505e+02	-4.642220e+00	9.269243e+01	911	-2.803133e-02	0	
9.279418e+01	912	1.686320e+02	7.505087e+00	9.279418e+01	912	4.260935e-02	0	
9.289592e+01	913	1.628821e+02	-3.816288e+00	9.289592e+01	913	-2.399188e-02	0	
9.299767e+01	914	1.663236e+02	6.726449e+00	9.299767e+01	914	3.886996e-02	0	
9.309942e+01	915	1.657970e+02	-5.325994e+00	9.309942e+01	915	-3.318976e-02	0	
9.320117e+01	916	1.640469e+02	-5.704170e+00	9.320117e+01	916	-3.602420e-02	0	
9.330292e+01	917	1.609695e+02	3.996224e+00	9.330292e+01	917	2.422457e-02	0	
9.340466e+01	918	1.659824e+02	8.598843e+00	9.340466e+01	918	4.925411e-02	0	
9.350641e+01	919	1.568081e+02	-9.070783e+00	9.350641e+01	919	-6.139805e-02	0	
9.360816e+01	920	1.494279e+02	-3.256003e+00	9.360816e+01	920	-2.227516e-02	0	
9.370991e+01	921	1.412477e+02	7.923249e+00	9.370991e+01	921	5.311523e-02	0	
9.381166e+01	922	1.627950e+02	2.253635e+00	9.381166e+01	922	1.365437e-02	0	
9.391340e+01	923	1.757857e+02	1.918095e+01	9.391340e+01	923	9.838067e-02	0	
9.401515e+01	924	1.483613e+02	2.458001e+01	9.401515e+01	924	1.421292e-01	0	
9.411690e+01	925	1.618934e+02	8.581223e-01	9.411690e+01	925	5.272592e-03	0	
9.421865e+01	926	1.365581e+02	3.693998e+01	9.421865e+01	926	2.129129e-01	0	
9.432040e+01	927	1.225542e+02	3.547581e+01	9.432040e+01	927	2.244878e-01	0	
9.442214e+01	928	1.471359e+02	3.552223e+01	9.442214e+01	928	1.944739e-01	0	
9.452389e+01	929	1.405920e+02	2.387995e+01	9.452389e+01	929	1.451916e-01	0	
9.462564e+01	930	1.466731e+02	2.589712e+01	9.462564e+01	930	1.500671e-01	0	
9.472739e+01	931	1.280502e+02	2.773190e+01	9.472739e+01	931	1.780172e-01	0	
9.482914e+01	932	1.375968e+02	2.247778e+01	9.482914e+01	932	1.404207e-01	0	
9.493088e+01	933	1.797767e+02	-5.137590e+00	9.493088e+01	933	-2.941832e-02	0	
9.503263e+01	934	1.874976e+02	-1.474330e+01	9.503263e+01	934	-8.534259e-02	0	
9.513438e+01	935	1.696117e+02	4.255717e+00	9.513438e+01	935	2.447679e-02	0	
9.523613e+01	936	1.653658e+02	5.453989e+00	9.523613e+01	936	3.192832e-02	0	
9.533788e+01	937	1.768197e+02	-1.028474e+01	9.533788e+01	937	-6.175724e-02	0	
9.543962e+01	938	2.035331e+02	-1.592261e+01	9.543962e+01	938	-8.487057e-02	0	
9.554137e+01	939	1.835056e+02	-6.382346e+00	9.554137e+01	939	-3.603336e-02	0	
9.564312e+01	940	1.967924e+02	-1.644062e+01	9.564312e+01	940	-9.115862e-02	0	
9.574487e+01	941	1.875353e+02	2.402839e+01	9.574487e+01	941	1.135752e-01	0	
9.584662e+01	942	1.643699e+02	-1.396235e+00	9.584662e+01	942	-8.567243e-03	0	
9.594836e+01	943	1.471941e+02	3.091638e+01	9.594836e+01	943	1.735798e-01	0	
9.605011e+01	944	1.068775e+02	2.729148e-01	9.605011e+01	944	2.547025e-03	0	
9.615186e+01	945	1.295411e+02	2.125144e+01	9.615186e+01	945	1.409316e-01	0	
9.625361e+01	946	1.604332e+02	5.166300e+00	9.625361e+01	946	3.119756e-02	0	
9.635536e+01	947	1.524715e+02	2.226195e+01	9.635536e+01	947	1.274052e-01	0	
9.645710e+01	948	1.292017e+02	1.569097e+01	9.645710e+01	948	1.082937e-01	0	
9.655885e+01	949	1.686107e+02	3.393223e+01	9.655885e+01	949	1.675311e-01	0	
9.666060e+01	950	1.465008e+02	1.864111e+01	9.666060e+01	950	1.128793e-01	0	
9.676235e+01	951	1.344465e+02	8.853505e+00	9.676235e+01	951	6.178301e-02	0	
9.686410e+01	952	1.387682e+02	1.117038e+01	9.686410e+01	952	7.449971e-02	0	
9.696584e+01	953	1.660860e+02	2.563809e+01	9.696584e+01	953	1.337239e-01	0	
9.706759e+01	954	1.720388e+02	1.269555e+01	9.706759e+01	954	6.872328e-02	0	
9.716934e+01	955	1.524211e+02	4.365327e+01	9.716934e+01	955	2.226363e-01	0	
9.727109e+01	956	1.594088e+02	3.248064e+01	9.727109e+01	956	1.692675e-01	0	
9.737284e+01	957	1.575418e+02	4.528991e+00	9.737284e+01	957	2.794452e-02	0	
9.747458e+01	958	2.013088e+02	3.237443e+01	9.747458e+01	958	1.385398e-01	0	
9.757633e+01	959	1.733331e+02	3.645055e+01	9.757633e+01	959	1.737531e-01	0	
9.767808e+01	960	1.561204e+02	-1.489860e+01	9.767808e+01	960	-1.054979e-01	0	
9.777983e+01	961	1.444635e+02	1.557687e+01	9.777983e+01	961	9.733088e-02	0	
9.788158e+01	962	1.609764e+02	-2.552110e+00	9.788158e+01	962	-1.610934e-02	0	
9.798332e+01	963	1.677164e+02	7.176782e+00	9.798332e+01	963	4.103523e-02	0	
9.808507e+01	964	1.750641e+02	-1.546212e+01	9.808507e+01	964	-9.687925e-02	0	
9.818682e+01	965	1.664898e+02	-9.824538e+00	9.818682e+01	965	-6.271038e-02	0	
9.828857e+01	966	1.552949e+02	-2.924399e+01	9.828857e+01	966	-2.320014e-01	0	
9.839032e+01	967	1.597524e+02	-1.045227e+00	9.839032e+01	967	-6.585884e-03	0	
9.849206e+01	968	1.844632e+02	-1.595191e+00	9.849206e+01	968	-8.723182e-03	0	
9.859381e+01	969	1.650422e+02	-2.027995e+01	9.859381e+01	969	-1.400914e-01	0	
9.869556e+01	970	1.737694e+02	-7.957592e+00	9.869556e+01	970	-4.799171e-02	0	
9.879731e+01	971	1.491937e+02	4.567551e-01	9.879731e+01	971	3.052146e-03	0	
9.889906e+01	972	2.022009e+02	-1.236241e+01	9.889906e+01	972	-6.512067e-02	0	
9.900080e+01	973	1.972632e+02	-1.781766e+01	9.900080e+01	973	-9.929286e-02	0	
9.910255e+01	974	2.123439e+02	-1.905748e+01	9.910255e+01	974	-9.859710e-02	0	
9.920430e+01	975	1.511326e+02	5.649170e+00	9.920430e+01	975	3.603206e-02	0	
9.930605e+01	976	1.389019e+02	2.091740e+01	9.930605e+01	976	1.308816e-01	0	
9.940780e+01	977	1.816212e+02	-1.878632e+00	9.940780e+01	977	-1.045179e-02	0	
9.950954e+01	978	1.381096e+02	2.680700e+01	9.950954e+01	978	1.625488e-01	0	
9.961129e+01	979	1.749459e+02	-4.974151e+00	9.961129e+01	979	-2.926458e-02	0	
9.971304e+01	980	1.324002e+02	-2.429105e+01	9.971304e+01	980	-2.246900e-01	0	
9.981479e+01	981	1.161774e+02	2.098663e+01	9.981479e+01	981	1.530039e-01	0	
9.991654e+01	982	1.354646e+02	2.379030e+00	9.991654e+01	982	1.725890e-02	0	
1.000183e+02	983	1.363880e+02	2.502437e+01	1.000183e+02	983	1.550338e-01	0	
1.001200e+02	984	1.382662e+02	8.016503e+00	1.001200e+02	984	5.480144e-02	0	
1.002218e+02	985	1.243716e+02	1.165870e+01	1.002218e+02	985	8.570664e-02	0	
1.003235e+02	986	1.297423e+02	7.094502e+00	1.003235e+02	986	5.184645e-02	0	
1.004253e+02	987	1.732026e+02	-9.802614e+00	1.004253e+02	987	-5.999152e-02	0	
1.005270e+02	988	1.664418e+02	-1.014421e+01	1.005270e+02	988	-6.490318e-02	0	
1.006288e+02	989	1.656570e+02	-6.287398e+00	1.006288e+02	989	-3.945168e-02	0	
1.007305e+02	990	1.873927e+02	-1.636719e+01	1.007305e+02	990	-9.570028e-02	0	
1.008323e+02	991	1.693639e+02	-1.690816e+01	1.008323e+02	991	-1.109054e-01	0	
1.009340e+02	992	1.393728e+02	7.939243e-01	1.009340e+02	992	5.664142e-03	0	
1.010358e+02	993	1.575302e+02	1.148558e+01	1.010358e+02	993	6.795567e-02	0	
1.011375e+02	994	1.656572e+02	-6.230587e+00	1.011375e+02	994	-3.908122e-02	0	
1.012393e+02	995	1.684583e+02	1.049609e+01	1.012393e+02	995	5.865232e-02	0	
1.013410e+02	996	1.420961e+02	1.284101e+01	1.013410e+02	996	8.287885e-02	0	
1.014428e+02	997	1.851702e+02	7.461341e+00	1.014428e+02	997	3.873375e-02	0	
1.015445e+02	998	1.605038e+02	7.681700e+00	1.015445e+02	998	4.567397e-02	0	
1.016463e+02	999	2.021137e+02	4.011404e-02	1.016463e+02	999	1.984333e-04	0	
1.017480e+02	1000	1.977963e+02	-1.126827e+01	1.017480e+02	1000	-6.041060e-02	0	
1.018497e+02	1001	1.884178e+02	-1.718754e+01	1.018497e+02	1001	-1.003768e-01	0	
1.019515e+02	1002	2.537236e+02	1.395400e+01	1.019515e+02	1002	5.212988e-02	0	
1.020532e+02	1003	1.815944e+02	-2.201454e+01	1.020532e+02	1003	-1.379531e-01	0	
1.021550e+02	1004	1.983796e+02	-2.510116e+01	1.021550e+02	1004	-1.448603e-01	0	
1.022567e+02	1005	1.759435e+02	-1.785338e+01	1.022567e+02	1005	-1.129317e-01	0	
1.023585e+02	1006	1.755737e+02	-1.735542e+01	1.023585e+02	1006	-1.096929e-01	0	
1.024602e+02	1007	1.467807e+02	-1.976207e+01	1.024602e+02	1007	-1.555840e-01	0	
1.025620e+02	1008	1.368173e+02	-2.069358e+01	1.025620e+02	1008	-1.782029e-01	0	
1.026637e+02	1009	1.909270e+02	-2.122808e+01	1.026637e+02	1009	-1.250926e-01	0	
1.027655e+02	1010	1.622277e+02	-1.799470e+01	1.027655e+02	1010	-1.247613e-01	0	
1.028672e+02	1011	1.681582e+02	-2.207583e+01	1.028672e+02	1011	-1.511191e-01	0	
1.029690e+02	1012	1.707192e+02	-2.346993e+01	1.029690e+02	1012	-1.593891e-01	0	
1.030707e+02	1013	1.480425e+02	-2.037387e+01	1.030707e+02	1013	-1.595840e-01	0	
1.031725e+02	1014	1.669291e+02	-2.642746e+01	1.031725e+02	1014	-1.880936e-01	0	
1.032742e+02	1015	1.595937e+02	-2.024525e+01	1.032742e+02	1015	-1.452851e-01	0	
1.033760e+02	1016	1.635082e+02	-1.703117e+01	1.033760e+02	1016	-1.162720e-01	0	
1.034777e+02	1017	1.449721e+02	4.160576e+01	1.034777e+02	1017	2.229941e-01	0	
1.035795e+02	1018	1.469576e+02	3.297640e+00	1.035795e+02	1018	2.194692e-02	0	
1.036812e+02	1019	1.451021e+02	2.432749e+00	1.036812e+02	1019	1.648932e-02	0	
1.037830e+02	1020	1.403615e+02	1.393142e+00	1.037830e+02	1020	9.827840e-03	0	
1.038847e+02	1021	1.441634e+02	4.699074e+00	1.038847e+02	1021	3.156655e-02	0	
1.039865e+02	1022	1.450920e+02	1.285161e+00	1.039865e+02	1022	8.779792e-03	0	
1.040882e+02	1023	1.343629e+02	-1.355494e+01	1.040882e+02	1023	-1.122024e-01	0	
1.041900e+02	1024	1.089748e+02	-1.225558e+00	1.041900e+02	1024	-1.137417e-02	0	
1.042917e+02	1025	1.133001e+02	-7.463268e+00	1.042917e+02	1025	-7.051674e-02	0	
1.043934e+02	1026	1.472073e+02	9.582401e+00	1.043934e+02	1026	6.111627e-02	0	
1.044952e+02	1027	1.966838e+02	2.682992e+01	1.044952e+02	1027	1.200370e-01	0	
1.045969e+02	1028	2.049303e+02	2.840424e+01	1.045969e+02	1028	1.217318e-01	0	
1.046987e+02	1029	1.456494e+02	3.701511e+00	1.046987e+02	1029	2.478399e-02	0	
1.048004e+02	1030	1.436649e+02	1.717748e+01	1.048004e+02	1030	1.067970e-01	0	
1.049022e+02	1031	1.776060e+02	1.632344e+01	1.049022e+02	1031	8.417206e-02	0	
1.050039e+02	1032	1.608668e+02	6.311187e+00	1.050039e+02	1032	3.775130e-02	0	
1.051057e+02	1033	2.308136e+02	5.370711e+00	1.051057e+02	1033	2.273949e-02	0	
1.052074e+02	1034	1.974404e+02	1.073798e+01	1.052074e+02	1034	5.158067e-02	0	
1.053092e+02	1035	1.937279e+02	3.233572e+01	1.053092e+02	1035	1.430381e-01	0	
1.054109e+02	1036	2.330497e+02	5.664297e+00	1.054109e+02	1036	2.372838e-02	0	
1.055127e+02	1037	1.969248e+02	2.666494e+01	1.055127e+02	1037	1.192583e-01	0	
1.056144e+02	1038	2.131764e+02	3.313105e+01	1.056144e+02	1038	1.345110e-01	0	
1.057162e+02	1039	1.938524e+02	1.987322e+01	1.057162e+02	1039	9.298473e-02	0	
1.058179e+02	1040	1.666700e+02	6.114594e+00	1.058179e+02	1040	3.538854e-02	0	
1.059197e+02	1041	2.146241e+02	1.796959e+00	1.059197e+02	1041	8.303069e-03	0	
1.060214e+02	1042	1.976296e+02	1.577902e+01	1.060214e+02	1042	7.393806e-02	0	
1.061232e+02	1043	2.042584e+02	1.447485e+01	1.061232e+02	1043	6.617581e-02	0	
1.062249e+02	1044	2.118718e+02	2.521168e+01	1.062249e+02	1044	1.063409e-01	0	
1.063267e+02	1045	1.960955e+02	1.466481e+01	1.063267e+02	1045	6.958051e-02	0	
1.064284e+02	1046	2.067455e+02	4.010119e+00	1.064284e+02	1046	1.902734e-02	0	
1.065302e+02	1047	2.088559e+02	8.666268e+00	1.065302e+02	1047	3.984085e-02	0	
1.066319e+02	1048	1.938692e+02	1.585383e+01	1.066319e+02	1048	7.559413e-02	0	
1.067337e+02	1049	1.853307e+02	1.882452e+01	1.067337e+02	1049	9.220690e-02	0	
1.068354e+02	1050	2.084906e+02	9.566313e+00	1.068354e+02	1050	4.387072e-02	0	
1.069371e+02	1051	2.062273e+02	1.165452e+01	1.069371e+02	1051	5.349010e-02	0	
1.070389e+02	1052	1.934580e+02	1.768438e+01	1.070389e+02	1052	8.375571e-02	0	
1.071406e+02	1053	1.926997e+02	1.733813e+01	1.071406e+02	1053	8.254765e-02	0	
1.072424e+02	1054	2.073704e+02	1.452900e+01	1.072424e+02	1054	6.547562e-02	0	
1.073441e+02	1055	2.196742e+02	3.512472e+00	1.073441e+02	1055	1.573782e-02	0	
1.074459e+02	1056	2.000777e+02	2.158936e+01	1.074459e+02	1056	9.739544e-02	0	
1.075476e+02	1057	2.082164e+02	8.221178e+00	1.075476e+02	1057	3.798406e-02	0	
1.076494e+02	1058	1.835982e+02	2.833948e+01	1.076494e+02	1058	1.337161e-01	0	
1.077511e+02	1059	2.155083e+02	1.358115e+01	1.077511e+02	1059	5.928318e-02	0	
1.078529e+02	1060	2.193656e+02	3.554037e+01	1.078529e+02	1060	1.394254e-01	0	
1.079546e+02	1061	2.037001e+02	3.646594e+01	1.079546e+02	1061	1.518364e-01	0	
1.080564e+02	1062	2.070001e+02	6.944668e+00	1.080564e+02	1062	3.246010e-02	0	
1.081581e+02	1063	2.038293e+02	2.172667e+01	1.081581e+02	1063	9.632496e-02	0	
1.082599e+02	1064	1.981105e+02	2.027659e+01	1.082599e+02	1064	9.284702e-02	0	
1.083616e+02	1065	1.990085e+02	3.866986e+01	1.083616e+02	1065	1.626983e-01	0	
1.084634e+02	1066	2.293188e+02	4.034741e+01	1.084634e+02	1066	1.496198e-01	0	
1.085651e+02	1067	1.899663e+02	2.499904e+01	1.085651e+02	1067	1.162934e-01	0	
1.086669e+02	1068	2.191776e+02	2.873951e+01	1.086669e+02	1068	1.159239e-01	0	
1.087686e+02	1069	1.872914e+02	2.370838e+01	1.087686e+02	1069	1.123621e-01	0	
1.088704e+02	1070	1.666075e+02	1.146092e+01	1.088704e+02	1070	6.436245e-02	0	
1.089721e+02	1071	1.717090e+02	6.742619e+00	1.089721e+02	1071	3.778402e-02	0	
1.090739e+02	1072	1.694017e+02	-6.918659e+00	1.090739e+02	1072	-4.258081e-02	0	
1.091756e+02	1073	1.897149e+02	2.027213e+01	1.091756e+02	1073	9.653991e-02	0	
1.092774e+02	1074	1.319834e+02	-7.588799e+00	1.092774e+02	1074	-6.100586e-02	0	
1.093791e+02	1075	1.898637e+02	2.776482e+01	1.093791e+02	1075	1.275790e-01	0	
1.094808e+02	1076	1.601062e+02	1.972533e+00	1.094808e+02	1076	1.217021e-02	0	
1.095826e+02	1077	2.104533e+02	2.616067e+01	1.095826e+02	1077	1.105627e-01	0	
1.096843e+02	1078	1.854513e+02	2.089714e+01	1.096843e+02	1078	1.012711e-01	0	
1.097861e+02	1079	1.591096e+02	7.072597e+00	1.097861e+02	1079	4.255929e-02	0	
1.098878e+02	1080	1.862260e+02	1.984836e+01	1.098878e+02	1080	9.631649e-02	0	
1.099896e+02	1081	1.891224e+02	7.415215e+00	1.099896e+02	1081	3.772924e-02	0	
1.100913e+02	1082	2.055203e+02	2.624217e+01	1.100913e+02	1082	1.132287e-01	0	
1.101931e+02	1083	1.959686e+02	4.691755e+00	1.101931e+02	1083	2.338157e-02	0	
1.102948e+02	1084	1.881133e+02	2.267323e+01	1.102948e+02	1084	1.075649e-01	0	
1.103966e+02	1085	1.994466e+02	-2.087556e+00	1.103966e+02	1085	-1.057745e-02	0	
1.104983e+02	1086	1.846431e+02	1.692766e+01	1.104983e+02	1086	8.397875e-02	0	
1.106001e+02	1087	1.662647e+02	7.334271e+00	1.106001e+02	1087	4.224836e-02	0	
1.107018e+02	1088	1.799381e+02	1.430537e+01	1.107018e+02	1088	7.364659e-02	0	
1.108036e+02	1089	1.594907e+02	3.003582e+01	1.108036e+02	1089	1.584782e-01	0	
1.109053e+02	1090	1.545096e+02	4.712168e+01	1.109053e+02	1090	2.337022e-01	0	
1.110071e+02	1091	1.703517e+02	1.668433e+01	1.110071e+02	1091	8.920383e-02	0	
1.111088e+02	1092	1.817690e+02	5.394345e+00	1.111088e+02	1092	2.882159e-02	0	
1.112106e+02	1093	1.657409e+02	1.285645e+00	1.112106e+02	1093	7.697250e-03	0	
1.113123e+02	1094	1.567633e+02	4.648179e+01	1.113123e+02	1094	2.286982e-01	0	
1.114141e+02	1095	1.754447e+02	1.493124e+01	1.114141e+02	1095	7.843029e-02	0	
1.115158e+02	1096	1.721167e+02	8.703178e+00	1.115158e+02	1096	4.813175e-02	0	
1.116176e+02	1097	1.609160e+02	2.230153e+01	1.116176e+02	1097	1.217216e-01	0	
1.117193e+02	1098	1.655608e+02	2.029252e+01	1.117193e+02	1098	1.091857e-01	0	
1.118211e+02	1099	1.488250e+02	-1.818583e+01	1.118211e+02	1099	-1.392066e-01	0	
1.119228e+02	1100	1.257607e+02	-1.913024e+01	1.119228e+02	1100	-1.794069e-01	0	
1.120245e+02	1101	1.706576e+02	-1.080319e+01	1.120245e+02	1101	-6.758143e-02	0	
1.121263e+02	1102	1.583477e+02	-8.654921e+00	1.121263e+02	1102	-5.781789e-02	0	
1.122280e+02	1103	1.498213e+02	-1.104859e+01	1.122280e+02	1103	-7.961645e-02	0	
1.123298e+02	1104	1.740320e+02	-2.643395e+00	1.123298e+02	1104	-1.542340e-02	0	
1.124315e+02	1105	1.681771e+02	-4.841045e+00	1.124315e+02	1105	-2.963856e-02	0	
1.125333e+02	1106	1.697088e+02	-1.166199e+01	1.125333e+02	1106	-7.378820e-02	0	
1.126350e+02	1107	1.909039e+02	-5.889265e+00	1.126350e+02	1107	-3.183135e-02	0	
1.127368e+02	1108	1.785464e+02	-2.169707e+00	1.127368e+02	1108	-1.230155e-02	0	
1.128385e+02	1109	1.931086e+02	-2.396195e+00	1.128385e+02	1109	-1.256444e-02	0	
1.129403e+02	1110	2.059454e+02	-5.952725e+00	1.129403e+02	1110	-2.976472e-02	0	
1.130420e+02	1111	1.853793e+02	-1.680829e+01	1.130420e+02	1111	-9.971044e-02	0	
1.131438e+02	1112	1.896321e+02	-3.722395e+01	1.131438e+02	1112	-2.442386e-01	0	
1.132455e+02	1113	1.903183e+02	-1.578100e+01	1.132455e+02	1113	-9.041620e-02	0	
1.133473e+02	1114	1.882564e+02	-1.348861e+01	1.133473e+02	1114	-7.718018e-02	0	
1.134490e+02	1115	1.891613e+02	-3.267396e+01	1.134490e+02	1115	-2.087962e-01	0	
1.135508e+02	1116	1.750619e+02	-1.248199e+01	1.135508e+02	1116	-7.677449e-02	0	
1.136525e+02	1117	1.846467e+02	-1.168217e+01	1.136525e+02	1117	-6.754084e-02	0	
1.137543e+02	1118	1.464942e+02	9.892924e+00	1.137543e+02	1118	6.325920e-02	0	
1.138560e+02	1119	1.968425e+02	-2.504970e+01	1.138560e+02	1119	-1.458134e-01	0	
1.139578e+02	1120	1.420330e+02	2.515268e+00	1.139578e+02	1120	1.740089e-02	0	
1.140595e+02	1121	1.259390e+02	-9.819120e-01	1.140595e+02	1121	-7.857994e-03	0	
1.141613e+02	1122	1.488818e+02	1.511973e+01	1.141613e+02	1122	9.219262e-02	0	
1.142630e+02	1123	1.547355e+02	1.391987e+01	1.142630e+02	1123	8.253440e-02	0	
1.143648e+02	1124	1.364254e+02	-3.227915e+00	1.143648e+02	1124	-2.423405e-02	0	
1.144665e+02	1125	1.401346e+02	1.186512e+01	1.144665e+02	1125	7.806014e-02	0	
1.145682e+02	1126	1.394187e+02	4.489832e+00	1.145682e+02	1126	3.119921e-02	0	
1.146700e+02	1127	1.508034e+02	1.396728e+01	1.146700e+02	1127	8.476799e-02	0	
1.147717e+02	1128	1.289246e+02	1.293064e+01	1.147717e+02	1128	9.115377e-02	0	
1.148735e+02	1129	1.525949e+02	1.049000e+01	1.148735e+02	1129	6.432233e-02	0	
1.149752e+02	1130	1.467847e+02	1.359346e+01	1.149752e+02	1130	8.475880e-02	0	
1.150770e+02	1131	1.351690e+02	9.240630e+00	1.150770e+02	1131	6.398902e-02	0	
1.151787e+02	1132	1.424630e+02	1.187611e+01	1.151787e+02	1132	7.694816e-02	0	
1.152805e+02	1133	1.363864e+02	5.346470e+00	1.152805e+02	1133	3.772216e-02	0	
1.153822e+02	1134	1.838962e+02	-2.587941e+00	1.153822e+02	1134	-1.427371e-02	0	
1.154840e+02	1135	1.558471e+02	1.446614e+01	1.154840e+02	1135	8.493843e-02	0	
1.155857e+02	1136	1.302396e+02	6.718236e+00	1.155857e+02	1136	4.905332e-02	0	
1.156875e+02	1137	1.472975e+02	2.136774e+01	1.156875e+02	1137	1.266873e-01	0	
1.157892e+02	1138	1.615615e+02	7.069960e+00	1.157892e+02	1138	4.192551e-02	0	
1.158910e+02	1139	1.619345e+02	1.687818e+00	1.158910e+02	1139	1.031533e-02	0	
1.159927e+02	1140	1.675447e+02	1.447860e+01	1.159927e+02	1140	7.954256e-02	0	
1.160945e+02	1141	1.522624e+02	1.088184e+01	1.160945e+02	1141	6.670073e-02	0	
1.161962e+02	1142	1.413948e+02	2.901282e+01	1.161962e+02	1142	1.702554e-01	0	
1.162980e+02	1143	1.631276e+02	-6.025242e+00	1.162980e+02	1143	-3.835233e-02	0	
1.163997e+02	1144	1.924890e+02	-1.022386e+01	1.163997e+02	1144	-5.609334e-02	0	
1.165015e+02	1145	1.831840e+02	-8.246912e+00	1.165015e+02	1145	-4.714216e-02	0	
1.166032e+02	1146	1.606851e+02	8.429502e+00	1.166032e+02	1146	4.984491e-02	0	
1.167050e+02	1147	1.732904e+02	-1.125074e+01	1.167050e+02	1147	-6.943201e-02	0	
1.168067e+02	1148	1.393425e+02	3.166301e+01	1.168067e+02	1148	1.851578e-01	0	
1.169085e+02	1149	1.119237e+02	-1.646484e+01	1.169085e+02	1149	-1.724810e-01	0	
1.170102e+02	1150	1.189937e+02	4.409785e+01	1.170102e+02	1150	2.703871e-01	0	
1.171119e+02	1151	1.121360e+02	4.612105e+01	1.171119e+02	1151	2.914313e-01	0	
1.172137e+02	1152	1.165295e+02	4.520820e+01	1.172137e+02	1152	2.795155e-01	0	
1.173154e+02	1153	1.144901e+02	4.840698e+01	1.173154e+02	1153	2.971630e-01	0	
1.174172e+02	1154	1.098750e+02	3.178519e+01	1.174172e+02	1154	2.243763e-01	0	
1.175189e+02	1155	1.209996e+02	2.824318e+01	1.175189e+02	1155	1.892432e-01	0	
1.176207e+02	1156	1.206758e+02	3.418297e+01	1.176207e+02	1156	2.207364e-01	0	
1.177224e+02	1157	1.083382e+02	2.913097e+01	1.177224e+02	1157	2.119091e-01	0	
1.178242e+02	1158	1.172154e+02	4.035338e+01	1.178242e+02	1158	2.561001e-01	0	
1.179259e+02	1159	1.059810e+02	1.039154e+01	1.179259e+02	1159	8.929546e-02	0	
1.180277e+02	1160	1.306050e+02	3.393439e+01	1.180277e+02	1160	2.062387e-01	0	
1.181294e+02	1161	1.200593e+02	2.391626e+01	1.181294e+02	1161	1.661133e-01	0	
1.182312e+02	1162	1.088076e+02	1.308879e+01	1.182312e+02	1162	1.073764e-01	0	
1.183329e+02	1163	1.419975e+02	3.401898e+01	1.183329e+02	1163	1.932716e-01	0	
1.184347e+02	1164	1.333810e+02	3.376741e+01	1.184347e+02	1164	2.020205e-01	0	
1.185364e+02	1165	1.339160e+02	2.877538e+01	1.185364e+02	1165	1.768710e-01	0	
1.186382e+02	1166	1.327758e+02	3.428084e+01	1.186382e+02	1166	2.052049e-01	0	
1.187399e+02	1167	1.214541e+02	1.395460e+01	1.187399e+02	1167	1.030554e-01	0	
1.188417e+02	1168	1.426365e+02	3.215191e+01	1.188417e+02	1168	1.839476e-01	0	
1.189434e+02	1169	1.175359e+02	6.674519e+00	1.189434e+02	1169	5.373558e-02	0	
1.190452e+02	1170	1.289535e+02	5.873245e+00	1.190452e+02	1170	4.356142e-02	0	
1.191469e+02	1171	1.391586e+02	3.668572e+01	1.191469e+02	1171	2.086261e-01	0	
1.192487e+02	1172	1.372871e+02	1.266841e+01	1.192487e+02	1172	8.448112e-02	0	
1.193504e+02	1173	1.161868e+02	2.370922e+01	1.193504e+02	1173	1.694774e-01	0	
1.194522e+02	1174	1.464471e+02	1.061651e+01	1.194522e+02	1174	6.759370e-02	0	
1.195539e+02	1175	1.396730e+02	1.550711e+01	1.195539e+02	1175	9.992975e-02	0	
1.196556e+02	1176	1.251873e+02	6.589487e+00	1.196556e+02	1176	5.000491e-02	0	
1.197574e+02	1177	1.406345e+02	2.013640e+01	1.197574e+02	1177	1.252490e-01	0	
1.198591e+02	1178	1.285607e+02	5.498882e+00	1.198591e+02	1178	4.101819e-02	0	
1.199609e+02	1179	1.420247e+02	-2.051400e+01	1.199609e+02	1179	-1.688246e-01	0	
1.200626e+02	1180	1.375812e+02	1.331519e+01	1.200626e+02	1180	8.824061e-02	0	
1.201644e+02	1181	1.353604e+02	7.588300e+00	1.201644e+02	1181	5.308408e-02	0	
1.202661e+02	1182	1.432012e+02	7.328726e-01	1.202661e+02	1182	5.091724e-03	0	
1.203679e+02	1183	1.154257e+02	1.685081e+01	1.203679e+02	1183	1.273908e-01	0	
1.204696e+02	1184	1.202865e+02	1.145991e+01	1.204696e+02	1184	8.698461e-02	0	
1.205714e+02	1185	1.302264e+02	5.404125e+01	1.205714e+02	1185	2.932758e-01	0	
1.206731e+02	1186	1.304042e+02	7.304322e+00	1.206731e+02	1186	5.304190e-02	0	
1.207749e+02	1187	1.355879e+02	8.538715e+00	1.207749e+02	1187	5.924454e-02	0	
1.208766e+02	1188	1.389729e+02	9.683144e+00	1.208766e+02	1188	6.513791e-02	0	
1.209784e+02	1189	1.321492e+02	2.509783e+01	1.209784e+02	1189	1.596077e-01	0	
1.210801e+02	1190	1.029905e+02	4.676830e+00	1.210801e+02	1190	4.343778e-02	0	
1.211819e+02	1191	1.303785e+02	4.916481e+00	1.211819e+02	1191	3.633898e-02	0	
1.212836e+02	1192	1.262877e+02	3.729223e+00	1.212836e+02	1192	2.868260e-02	0	
1.213854e+02	1193	1.200481e+02	8.883231e+00	1.213854e+02	1193	6.889893e-02	0	
1.214871e+02	1194	1.184087e+02	-1.037267e+01	1.214871e+02	1194	-9.601121e-02	0	
1.215889e+02	1195	1.129921e+02	4.769286e-03	1.215889e+02	1195	4.220724e-05	0	
1.216906e+02	1196	1.290341e+02	1.166539e+01	1.216906e+02	1196	8.290997e-02	0	
1.217924e+02	1197	1.151703e+02	-1.855170e+00	1.217924e+02	1197	-1.637178e-02	0	
1.218941e+02	1198	1.208357e+02	4.983659e+00	1.218941e+02	1198	3.960964e-02	0	
1.219959e+02	1199	1.068663e+02	5.088294e+00	1.219959e+02	1199	4.544962e-02	0	
1.220976e+02	1200	1.293880e+02	6.708731e-01	1.220976e+02	1200	5.158226e-03	0	
1.221993e+02	1201	1.144331e+02	8.261518e+00	1.221993e+02	1201	6.733399e-02	0	
1.223011e+02	1202	1.148152e+02	-4.423936e+00	1.223011e+02	1202	-4.007506e-02	0	
1.224028e+02	1203	1.152180e+02	-2.222245e+00	1.224028e+02	1203	-1.966662e-02	0	
1.225046e+02	1204	1.103127e+02	3.588061e-01	1.225046e+02	1204	3.242082e-03	0	
1.226063e+02	1205	1.369197e+02	8.579736e+00	1.226063e+02	1205	5.896749e-02	0	
1.227081e+02	1206	1.346250e+02	2.467907e+00	1.227081e+02	1206	1.800171e-02	0	
1.228098e+02	1207	1.135328e+02	-3.109367e+00	1.228098e+02	1207	-2.815858e-02	0	
1.229116e+02	1208	1.195000e+02	-4.180328e-01	1.229116e+02	1208	-3.510463e-03	0	
1.230133e+02	1209	1.332512e+02	-1.699673e+01	1.230133e+02	1209	-1.462028e-01	0	
1.231151e+02	1210	1.163903e+02	5.546489e+00	1.231151e+02	1210	4.548659e-02	0	
1.232168e+02	1211	1.334236e+02	-1.396078e+01	1.232168e+02	1211	-1.168630e-01	0	
1.233186e+02	1212	1.262394e+02	8.112326e+00	1.233186e+02	1212	6.038126e-02	0	
1.234203e+02	1213	1.267899e+02	-1.112835e+01	1.234203e+02	1213	-9.621477e-02	0	
1.235221e+02	1214	1.412187e+02	6.035518e+00	1.235221e+02	1214	4.098706e-02	0	
1.236238e+02	1215	1.318600e+02	-2.780738e+00	1.236238e+02	1215	-2.154287e-02	0	
1.237256e+02	1216	1.299546e+02	-6.867357e+00	1.237256e+02	1216	-5.579260e-02	0	
1.238273e+02	1217	1.401564e+02	-5.934781e+00	1.238273e+02	1217	-4.421628e-02	0	
1.239291e+02	1218	1.291323e+02	-4.891234e+00	1.239291e+02	1218	-3.936890e-02	0	
1.240308e+02	1219	1.281468e+02	-9.348888e+00	1.240308e+02	1219	-7.869573e-02	0	
1.241326e+02	1220	1.287454e+02	-2.089952e+01	1.241326e+02	1220	-1.937906e-01	0	
1.242343e+02	1221	1.501066e+02	2.608930e+00	1.242343e+02	1221	1.708359e-02	0	
1.243361e+02	1222	1.406318e+02	-1.179171e+01	1.243361e+02	1222	-9.152206e-02	0	
1.244378e+02	1223	1.354206e+02	3.920599e+00	1.244378e+02	1223	2.813668e-02	0	
1.245396e+02	1224	1.126184e+02	-1.631638e+01	1.245396e+02	1224	-1.694293e-01	0	
1.246413e+02	1225	1.322220e+02	-6.127625e+00	1.246413e+02	1225	-4.859555e-02	0	
1.247430e+02	1226	1.571375e+02	-1.678547e+01	1.247430e+02	1226	-1.195955e-01	0	
1.248448e+02	1227	1.314982e+02	-4.753628e+00	1.248448e+02	1227	-3.750557e-02	0	
1.249465e+02	1228	1.077368e+02	-1.229086e+01	1.249465e+02	1228	-1.287730e-01	0	
1.250483e+02	1229	1.064322e+02	-1.070637e+01	1.250483e+02	1229	-1.118441e-01	0	
1.251500e+02	1230	1.391892e+02	-1.223715e+01	1.251500e+02	1230	-9.639191e-02	0	
1.252518e+02	1231	1.249857e+02	-7.644179e+00	1.252518e+02	1231	-6.514471e-02	0	
1.253535e+02	1232	1.162193e+02	-1.720873e+01	1.253535e+02	1232	-1.738070e-01	0	
1.254553e+02	1233	1.077244e+02	-8.233186e+00	1.254553e+02	1233	-8.275290e-02	0	
1.255570e+02	1234	1.114779e+02	1.544742e+01	1.255570e+02	1234	1.217048e-01	0	
1.256588e+02	1235	1.227062e+02	-9.721841e+00	1.256588e+02	1235	-8.604590e-02	0	
1.257605e+02	1236	1.299688e+02	2.416992e+01	1.257605e+02	1236	1.568063e-01	0	
1.258623e+02	1237	1.246373e+02	1.333551e+01	1.258623e+02	1237	9.665317e-02	0	
1.259640e+02	1238	1.226220e+02	4.227499e+01	1.259640e+02	1238	2.563721e-01	0	
1.260658e+02	1239	1.265834e+02	1.495864e+01	1.260658e+02	1239	1.056834e-01	0	
1.261675e+02	1240	1.167244e+02	-3.952443e+00	1.261675e+02	1240	-3.504810e-02	0	
1.262693e+02	1241	1.249160e+02	5.037965e+00	1.262693e+02	1241	3.876731e-02	0	
1.263710e+02	1242	1.220876e+02	1.061097e+01	1.263710e+02	1242	7.996296e-02	0	
1.264728e+02	1243	7.591245e+01	-2.359255e+00	1.264728e+02	1243	-3.207549e-02	0	
1.265745e+02	1244	1.179546e+02	-2.641739e+01	1.265745e+02	1244	-2.885973e-01	0	
1.266763e+02	1245	1.446028e+02	-1.615218e+01	1.266763e+02	1245	-1.257462e-01	0	
1.267780e+02	1246	1.217930e+02	2.754725e+00	1.267780e+02	1246	2.211783e-02	0	
1.268798e+02	1247	1.691045e+02	-1.153796e+01	1.268798e+02	1247	-7.322595e-02	0	
1.269815e+02	1248	1.178109e+02	-1.732744e+01	1.269815e+02	1248	-1.724407e-01	0	
1.270833e+02	1249	1.407253e+02	2.086499e+01	1.270833e+02	1249	1.291228e-01	0	
1.271850e+02	1250	1.404239e+02	-1.329076e+01	1.271850e+02	1250	-1.045421e-01	0	
1.272867e+02	1251	1.440448e+02	-1.459104e+01	1.272867e+02	1251	-1.127124e-01	0	
1.273885e+02	1252	1.422843e+02	2.050041e+01	1.273885e+02	1252	1.259357e-01	0	
1.274902e+02	1253	1.462585e+02	-1.035679e+01	1.274902e+02	1253	-7.620794e-02	0	
1.275920e+02	1254	1.486443e+02	1.045040e+01	1.275920e+02	1254	6.568666e-02	0	
1.276937e+02	1255	1.434254e+02	2.105192e+01	1.276937e+02	1255	1.279928e-01	0	
1.277955e+02	1256	1.625947e+02	6.992411e+00	1.277955e+02	1256	4.123197e-02	0	
1.278972e+02	1257	1.503532e+02	1.176969e+01	1.278972e+02	1257	7.259734e-02	0	
1.279990e+02	1258	1.372866e+02	4.165305e+00	1.279990e+02	1258	2.944679e-02	0	
1.281007e+02	1259	1.473242e+02	1.882473e+01	1.281007e+02	1259	1.133003e-01	0	
1.282025e+02	1260	1.470968e+02	1.087994e+01	1.282025e+02	1260	6.887052e-02	0	
1.283042e+02	1261	1.163503e+02	1.077914e+01	1.283042e+02	1261	8.478870e-02	0	
1.284060e+02	1262	1.505780e+02	8.834601e+00	1.284060e+02	1262	5.541972e-02	0	
1.285077e+02	1263	1.335366e+02	3.161221e+00	1.285077e+02	1263	2.312561e-02	0	
1.286095e+02	1264	1.260678e+02	-2.169055e-01	1.286095e+02	1264	-1.723512e-03	0	
1.287112e+02	1265	1.337169e+02	4.693678e+00	1.287112e+02	1265	3.391127e-02	0	
1.288130e+02	1266	1.260396e+02	4.911945e+00	1.288130e+02	1266	3.750964e-02	0	
1.289147e+02	1267	9.922500e+01	1.996559e+01	1.289147e+02	1267	1.675098e-01	0	
1.290165e+02	1268	1.067834e+02	8.297687e+00	1.290165e+02	1268	7.210296e-02	0	
1.291182e+02	1269	1.429628e+02	1.406675e+01	1.291182e+02	1269	8.958027e-02	0	
1.292200e+02	1270	1.312125e+02	8.217481e+00	1.292200e+02	1270	5.893626e-02	0	
1.293217e+02	1271	1.298454e+02	4.062340e+00	1.293217e+02	1271	3.033686e-02	0	
1.294235e+02	1272	1.249597e+02	5.801139e+00	1.294235e+02	1272	4.436450e-02	0	
1.295252e+02	1273	1.322949e+02	8.372480e+00	1.295252e+02	1273	5.951970e-02	0	
1.296270e+02	1274	1.200877e+02	1.611997e+00	1.296270e+02	1274	1.324569e-02	0	
1.297287e+02	1275	1.389415e+02	1.092543e+01	1.297287e+02	1275	7.290087e-02	0	
1.298304e+02	1276	1.072484e+02	5.759848e+00	1.298304e+02	1276	5.096839e-02	0	
1.299322e+02	1277	1.377273e+02	9.926858e+00	1.299322e+02	1277	6.723047e-02	0	
1.300339e+02	1278	1.320293e+02	-1.526322e+01	1.300339e+02	1278	-1.307162e-01	0	
1.301357e+02	1279	1.181030e+02	1.645259e+01	1.301357e+02	1279	1.222736e-01	0	
1.302374e+02	1280	1.213935e+02	1.947892e+01	1.302374e+02	1280	1.382735e-01	0	
1.303392e+02	1281	1.243191e+02	4.868440e+00	1.303392e+02	1281	3.768506e-02	0	
1.304409e+02	1282	1.173222e+02	6.585860e+00	1.304409e+02	1282	5.315118e-02	0	
1.305427e+02	1283	1.224717e+02	9.942722e+00	1.305427e+02	1283	7.508791e-02	0	
1.306444e+02	1284	1.079114e+02	1.495529e+01	1.306444e+02	1284	1.217196e-01	0	
1.307462e+02	1285	1.208102e+02	1.994212e+01	1.307462e+02	1285	1.416824e-01	0	
1.308479e+02	1286	1.376971e+02	-1.129780e+01	1.308479e+02	1286	-8.938182e-02	0	
1.309497e+02	1287	1.217991e+02	-1.707781e+00	1.309497e+02	1287	-1.422069e-02	0	
1.310514e+02	1288	1.320860e+02	-1.180816e+01	1.310514e+02	1288	-9.817403e-02	0	
1.311532e+02	1289	1.296483e+02	-1.246458e+01	1.311532e+02	1289	-1.063678e-01	0	
1.312549e+02	1290	1.252352e+02	-3.295260e+00	1.312549e+02	1290	-2.702363e-02	0	
1.313567e+02	1291	1.281048e+02	-2.006818e+01	1.313567e+02	1291	-1.857535e-01	0	
1.314584e+02	1292	1.109934e+02	9.273465e+00	1.314584e+02	1292	7.710740e-02	0	
1.315602e+02	1293	1.279540e+02	-1.040052e+01	1.315602e+02	1293	-8.847479e-02	0	
1.316619e+02	1294	1.118558e+02	-4.003273e+00	1.316619e+02	1294	-3.711803e-02	0	
1.317637e+02	1295	7.456868e+01	-6.535277e+00	1.317637e+02	1295	-9.605983e-02	0	
1.318654e+02	1296	9.962536e+01	7.068794e+00	1.318654e+02	1296	6.625287e-02	0	
1.319672e+02	1297	1.473792e+02	-1.700035e+01	1.319672e+02	1297	-1.303919e-01	0	
1.320689e+02	1298	1.075317e+02	-8.192637e+00	1.320689e+02	1298	-8.247145e-02	0	
1.321707e+02	1299	1.102888e+02	5.162610e+01	1.321707e+02	1299	3.188471e-01	0	
1.322724e+02	1300	1.153099e+02	-8.376577e+00	1.322724e+02	1300	-7.833458e-02	0	
1.323741e+02	1301	9.734441e+01	3.689524e+00	1.323741e+02	1301	3.651767e-02	0	
1.324759e+02	1302	1.109649e+02	-5.039217e+01	1.324759e+02	1302	-8.319283e-01	0	
1.325776e+02	1303	9.105766e+01	-5.173264e+00	1.325776e+02	1303	-6.023520e-02	0	
1.326794e+02	1304	6.252868e+01	4.774969e+00	1.326794e+02	1304	7.094666e-02	0	
1.327811e+02	1305	1.477743e+02	2.716941e+00	1.327811e+02	1305	1.805381e-02	0	
1.328829e+02	1306	1.518152e+02	2.485177e+00	1.328829e+02	1306	1.610610e-02	0	
1.329846e+02	1307	1.473282e+02	2.737100e+00	1.329846e+02	1307	1.823939e-02	0	
1.330864e+02	1308	1.540437e+02	6.259084e+00	1.330864e+02	1308	3.904539e-02	0	
1.331881e+02	1309	1.170258e+02	-9.594801e+00	1.331881e+02	1309	-8.931129e-02	0	
1.332899e+02	1310	1.510925e+02	-7.325814e+00	1.332899e+02	1310	-5.095627e-02	0	
1.333916e+02	1311	1.363117e+02	2.327152e+00	1.333916e+02	1311	1.678571e-02	0	
1.334934e+02	1312	1.388628e+02	-5.670629e+00	1.334934e+02	1312	-4.257479e-02	0	
1.335951e+02	1313	1.535395e+02	-6.520599e+00	1.335951e+02	1313	-4.435211e-02	0	
1.336969e+02	1314	1.334805e+02	-1.873964e+01	1.336969e+02	1314	-1.633214e-01	0	
1.337986e+02	1315	1.335523e+02	-9.526396e+00	1.337986e+02	1315	-7.680973e-02	0	
1.339004e+02	1316	1.451614e+02	-2.367966e+01	1.339004e+02	1316	-1.949236e-01	0	
1.340021e+02	1317	1.517025e+02	1.824503e+00	1.340021e+02	1317	1.188392e-02	0	
1.341039e+02	1318	1.079986e+02	-3.364793e+01	1.341039e+02	1318	-4.525572e-01	0	
1.342056e+02	1319	1.173513e+02	-4.113305e+00	1.342056e+02	1319	-3.632442e-02	0	
1.343074e+02	1320	1.429518e+02	-1.828124e+01	1.343074e+02	1320	-1.466364e-01	0	
1.344091e+02	1321	1.159551e+02	4.660597e+00	1.344091e+02	1321	3.864005e-02	0	
1.345109e+02	1322	1.355684e+02	-1.909575e+01	1.345109e+02	1322	-1.639505e-01	0	
1.346126e+02	1323	1.358895e+02	1.540702e+01	1.346126e+02	1323	1.018333e-01	0	
1.347144e+02	1324	1.127979e+02	-6.869942e+00	1.347144e+02	1324	-6.485485e-02	0	
1.348161e+02	1325	1.152079e+02	2.505620e+01	1.348161e+02	1325	1.786359e-01	0	
1.349178e+02	1326	7.614117e+01	2.519181e+01	1.349178e+02	1326	2.486043e-01	0	
1.350196e+02	1327	8.754884e+01	1.232155e+01	1.350196e+02	1327	1.233754e-01	0	
1.351213e+02	1328	9.939143e+01	6.460814e+00	1.351213e+02	1328	6.103616e-02	0	
1.352231e+02	1329	1.046018e+02	7.843154e+00	1.352231e+02	1329	6.975105e-02	0	
1.353248e+02	1330	7.681205e+01	1.191412e+01	1.353248e+02	1330	1.342797e-01	0	
1.354266e+02	1331	1.216226e+02	1.184863e+01	1.354266e+02	1331	8.877291e-02	0	
1.355283e+02	1332	9.851064e+01	4.541496e+00	1.355283e+02	1332	4.406989e-02	0	
1.356301e+02	1333	1.298541e+02	2.287146e-01	1.356301e+02	1333	1.758223e-03	0	
1.357318e+02	1334	1.219204e+02	-1.016367e+01	1.357318e+02	1334	-9.094459e-02	0	
1.358336e+02	1335	1.201220e+02	-8.451490e+00	1.358336e+02	1335	-7.568238e-02	0	
1.359353e+02	1336	1.315652e+02	-1.092859e+01	1.359353e+02	1336	-9.059099e-02	0	
1.360371e+02	1337	1.244281e+02	-5.861693e+00	1.360371e+02	1337	-4.943806e-02	0	
1.361388e+02	1338	1.209356e+02	1.833490e+00	1.361388e+02	1338	1.493446e-02	0	
1.362406e+02	1339	1.314854e+02	-6.783380e+00	1.362406e+02	1339	-5.439671e-02	0	
1.363423e+02	1340	1.475811e+02	6.127945e-01	1.363423e+02	1340	4.135086e-03	0	
1.364441e+02	1341	1.326197e+02	-1.201592e+01	1.364441e+02	1341	-9.963137e-02	0	
1.365458e+02	1342	1.314852e+02	-4.864745e+00	1.365458e+02	1342	-3.841990e-02	0	
1.366476e+02	1343	7.864972e+01	6.962102e+00	1.366476e+02	1343	8.132174e-02	0	
1.367493e+02	1344	1.269806e+02	-6.079347e+00	1.367493e+02	1344	-5.028357e-02	0	
1.368511e+02	1345	1.171142e+02	-1.339246e+01	1.368511e+02	1345	-1.291191e-01	0	
1.369528e+02	1346	1.387719e+02	-9.366108e+00	1.369528e+02	1346	-7.237781e-02	0	
1.370546e+02	1347	9.048188e+01	-4.567674e+00	1.370546e+02	1347	-5.316553e-02	0	
1.371563e+02	1348	8.518695e+01	-1.153950e+01	1.371563e+02	1348	-1.566857e-01	0	
1.372581e+02	1349	1.720793e+02	1.167406e+01	1.372581e+02	1349	6.353114e-02	0	
1.373598e+02	1350	1.663294e+02	-1.356734e+00	1.373598e+02	1350	-8.223993e-03	0	
1.374615e+02	1351	1.146587e+02	-4.516067e+00	1.374615e+02	1351	-4.100199e-02	0	
1.375633e+02	1352	1.332824e+02	1.561333e+01	1.375633e+02	1352	1.048608e-01	0	
1.376650e+02	1353	1.303427e+02	7.048786e+00	1.376650e+02	1353	5.130439e-02	0	
1.377668e+02	1354	1.378325e+02	-2.740540e+00	1.377668e+02	1354	-2.028648e-02	0	
1.378685e+02	1355	1.522164e+02	-1.809000e+01	1.378685e+02	1355	-1.348728e-01	0	
1.379703e+02	1356	1.482503e+02	2.271250e+01	1.379703e+02	1356	1.328505e-01	0	
1.380720e+02	1357	1.558156e+02	1.207214e+01	1.380720e+02	1357	7.190602e-02	0	
1.381738e+02	1358	1.067305e+02	1.696332e+01	1.381738e+02	1358	1.371396e-01	0	
1.382755e+02	1359	8.688529e+01	1.653332e+01	1.382755e+02	1359	1.598679e-01	0	
1.383773e+02	1360	1.126660e+02	4.352108e+00	1.383773e+02	1360	3.719175e-02	0	
1.384790e+02	1361	1.012065e+02	2.569654e+01	1.384790e+02	1361	2.024896e-01	0	
1.385808e+02	1362	1.305232e+02	1.330608e+01	1.385808e+02	1362	9.251301e-02	0	
1.386825e+02	1363	1.181462e+02	3.709339e+00	1.386825e+02	1363	3.044046e-02	0	
1.387843e+02	1364	1.228038e+02	6.116808e+00	1.387843e+02	1364	4.744632e-02	0	
1.388860e+02	1365	1.108165e+02	6.547591e+00	1.388860e+02	1365	5.578871e-02	0	
1.389878e+02	1366	1.185658e+02	1.397488e+01	1.389878e+02	1366	1.054384e-01	0	
1.390895e+02	1367	1.339966e+02	1.017085e+01	1.390895e+02	1367	7.054887e-02	0	
1.391913e+02	1368	1.269657e+02	1.040618e+01	1.391913e+02	1368	7.575189e-02	0	
1.392930e+02	1369	1.545593e+02	-9.985249e+00	1.392930e+02	1369	-6.906668e-02	0	
1.393948e+02	1370	1.277222e+02	6.301346e+00	1.393948e+02	1370	4.701671e-02	0	
1.394965e+02	1371	1.323296e+02	3.388697e+00	1.394965e+02	1371	2.496861e-02	0	
1.395983e+02	1372	1.160148e+02	2.274768e+01	1.395983e+02	1372	1.639325e-01	0	
1.397000e+02	1373	1.056210e+02	-1.112500e+01	1.397000e+02	1373	-1.177299e-01	0	
1.398018e+02	1374	1.102895e+02	-1.342330e+01	1.398018e+02	1374	-1.385757e-01	0	
1.399035e+02	1375	1.088087e+02	-5.118848e+00	1.399035e+02	1375	-4.936691e-02	0	
1.400052e+02	1376	1.099738e+02	-1.476363e+00	1.400052e+02	1376	-1.360735e-02	0	
1.401070e+02	1377	1.160490e+02	2.734876e+00	1.401070e+02	1377	2.302397e-02	0	
1.402087e+02	1378	1.081792e+02	-1.101355e+01	1.402087e+02	1378	-1.133482e-01	0	
1.403105e+02	1379	1.089983e+02	-7.787881e-01	1.403105e+02	1379	-7.196374e-03	0	
1.404122e+02	1380	1.138351e+02	4.025876e+00	1.404122e+02	1380	3.415784e-02	0	
1.405140e+02	1381	1.147397e+02	5.150653e+00	1.405140e+02	1381	4.296136e-02	0	
1.406157e+02	1382	1.085820e+02	1.080890e+00	1.406157e+02	1382	9.856479e-03	0	
1.407175e+02	1383	1.303413e+02	1.623970e+01	1.407175e+02	1383	1.107899e-01	0	
1.408192e+02	1384	1.038587e+02	2.858899e+00	1.408192e+02	1384	2.678939e-02	0	
1.409210e+02	1385	1.280176e+02	1.747047e+01	1.409210e+02	1385	1.200818e-01	0	
1.410227e+02	1386	1.051440e+02	2.650463e+00	1.410227e+02	1386	2.458812e-02	0	
1.411245e+02	1387	1.309660e+02	2.947413e+01	1.411245e+02	1387	1.837080e-01	0	
1.412262e+02	1388	1.652324e+02	-1.398018e+01	1.412262e+02	1388	-9.242959e-02	0	
1.413280e+02	1389	1.343940e+02	1.554644e+01	1.413280e+02	1389	1.036841e-01	0	
1.414297e+02	1390	1.271085e+02	3.864349e+00	1.414297e+02	1390	2.950496e-02	0	
1.415315e+02	1391	1.057873e+02	2.569642e+01	1.415315e+02	1391	1.954342e-01	0	
1.416332e+02	1392	1.359633e+02	9.652493e+00	1.416332e+02	1392	6.628740e-02	0	
1.417350e+02	1393	1.312200e+02	9.785786e+00	1.417350e+02	1393	6.939989e-02	0	
1.418367e+02	1394	1.302147e+02	2.328740e+01	1.418367e+02	1394	1.517074e-01	0	
1.419385e+02	1395	1.443208e+02	3.841810e+01	1.419385e+02	1395	2.102349e-01	0	
1.420402e+02	1396	1.126565e+02	-1.047681e+01	1.420402e+02	1396	-1.025332e-01	0	
1.421420e+02	1397	1.427943e+02	1.844199e+00	1.421420e+02	1397	1.275040e-02	0	
1.422437e+02	1398	1.291843e+02	-1.778737e+01	1.422437e+02	1398	-1.596756e-01	0	
1.423455e+02	1399	9.413803e+01	-1.646619e+01	1.423455e+02	1399	-2.119969e-01	0	
1.424472e+02	1400	1.235404e+02	2.234077e+01	1.424472e+02	1400	1.531436e-01	0	
1.425489e+02	1401	1.349577e+02	-1.462037e+00	1.425489e+02	1401	-1.095194e-02	0	
1.426507e+02	1402	8.702143e+01	-1.916713e+01	1.426507e+02	1402	-2.824748e-01	0	
1.427524e+02	1403	4.922880e+01	-3.767298e+01	1.427524e+02	1403	-3.260087e+00	0	
1.428542e+02	1404	8.885564e+01	-1.701875e+01	1.428542e+02	1404	-2.369082e-01	0	
1.429559e+02	1405	1.108676e+02	-3.329232e+01	1.429559e+02	1405	-4.291615e-01	0	
1.430577e+02	1406	3.868310e+01	-3.123883e+00	1.430577e+02	1406	-8.785016e-02	0	
1.431594e+02	1407	3.144478e+01	-2.167337e+01	1.431594e+02	1407	-2.218039e+00	0	
1.432612e+02	1408	4.652183e+01	2.788226e+01	1.432612e+02	1408	3.747410e-01	0	
1.433629e+02	1409	4.383812e+01	-2.854790e+00	1.433629e+02	1409	-6.965735e-02	0	
1.434647e+02	1410	3.290793e+01	-2.384883e+01	1.434647e+02	1410	-2.632583e+00	0	
1.435664e+02	1411	1.684911e+02	-1.407096e+01	1.435664e+02	1411	-9.112127e-02	0	
1.436682e+02	1412	1.357735e+02	1.081659e+01	1.436682e+02	1412	7.378800e-02	0	
1.437699e+02	1413	1.345110e+02	-6.582731e+00	1.437699e+02	1413	-5.145642e-02	0	
1.438717e+02	1414	1.507190e+02	-2.169869e+01	1.438717e+02	1414	-1.681804e-01	0	
1.439734e+02	1415	1.474765e+02	-2.353439e+01	1.439734e+02	1415	-1.898821e-01	0	
1.440752e+02	1416	1.083806e+02	3.702756e+00	1.440752e+02	1416	3.303573e-02	0	
1.441769e+02	1417	1.355901e+02	2.199718e+01	1.441769e+02	1417	1.395873e-01	0	
1.442787e+02	1418	1.607259e+02	-2.708760e+01	1.442787e+02	1418	-2.026934e-01	0	
1.443804e+02	1419	1.188224e+02	5.937549e+01	1.443804e+02	1419	3.331997e-01	0	
1.444822e+02	1420	8.566454e+01	2.824644e+01	1.444822e+02	1420	2.479694e-01	0	
1.445839e+02	1421	1.546643e+02	3.209717e+01	1.445839e+02	1421	1.718618e-01	0	
1.446857e+02	1422	1.664952e+02	3.393071e+01	1.446857e+02	1422	1.692930e-01	0	
1.447874e+02	1423	1.537659e+02	3.639301e+01	1.447874e+02	1423	1.913821e-01	0	
1.448892e+02	1424	1.518650e+02	3.683852e+01	1.448892e+02	1424	1.952190e-01	0	
1.449909e+02	1425	1.490393e+02	3.905243e+01	1.449909e+02	1425	2.076244e-01	0	
1.450926e+02	1426	1.642437e+02	3.283396e+01	1.450926e+02	1426	1.666042e-01	0	
1.451944e+02	1427	1.305224e+02	4.305786e+01	1.451944e+02	1427	2.480574e-01	0	
1.452961e+02	1428	1.366372e+02	3.261980e+01	1.452961e+02	1428	1.927235e-01	0	
1.453979e+02	1429	1.428403e+02	3.437083e+01	1.453979e+02	1429	1.939541e-01	0	
1.454996e+02	1430	1.742217e+02	3.807415e+01	1.454996e+02	1430	1.793448e-01	0	
1.456014e+02	1431	1.606664e+02	3.565287e+01	1.456014e+02	1431	1.816066e-01	0	
1.457031e+02	1432	1.130186e+02	5.040725e+01	1.457031e+02	1432	3.084411e-01	0	
1.458049e+02	1433	1.027923e+02	1.743278e+01	1.458049e+02	1433	1.450012e-01	0	
1.459066e+02	1434	1.031480e+02	1.629088e+00	1.459066e+02	1434	1.554813e-02	0	
1.460084e+02	1435	1.137273e+02	3.958245e+01	1.460084e+02	1435	2.581861e-01	0	
1.461101e+02	1436	9.867439e+01	5.109838e+01	1.461101e+02	1436	3.411727e-01	0	
1.462119e+02	1437	9.357510e+01	6.137494e+01	1.462119e+02	1437	3.960950e-01	0	
1.463136e+02	1438	1.158558e+02	3.139731e+01	1.463136e+02	1438	2.132200e-01	0	
1.464154e+02	1439	8.706481e+01	6.012596e+01	1.464154e+02	1439	4.084900e-01	0	
1.465171e+02	1440	6.618649e+01	4.733469e+01	1.465171e+02	1440	4.169679e-01	0	
1.466189e+02	1441	1.150263e+02	5.572259e+01	1.466189e+02	1441	3.263423e-01	0	
1.467206e+02	1442	1.022037e+02	5.940821e+01	1.467206e+02	1442	3.675980e-01	0	
1.468224e+02	1443	1.552202e+02	4.356446e+01	1.468224e+02	1443	2.191540e-01	0	
1.469241e+02	1444	1.678818e+02	3.669958e+01	1.469241e+02	1444	1.793887e-01	0	
1.470259e+02	1445	1.758395e+02	3.616612e+01	1.470259e+02	1445	1.705904e-01	0	
1.471276e+02	1446	1.559052e+02	3.656505e+01	1.471276e+02	1446	1.899777e-01	0	
1.472294e+02	1447	1.672365e+02	4.279918e+01	1.472294e+02	1447	2.037710e-01	0	
1.473311e+02	1448	1.696991e+02	5.943066e+00	1.473311e+02	1448	3.383621e-02	0	
1.474329e+02	1449	1.736166e+02	-2.400073e+00	1.474329e+02	1449	-1.401776e-02	0	
1.475346e+02	1450	1.664211e+02	2.060880e+01	1.475346e+02	1450	1.101899e-01	0	
1.476363e+02	1451	1.803275e+02	3.579878e+01	1.476363e+02	1451	1.656383e-01	0	
1.477381e+02	1452	1.875259e+02	-5.657087e+00	1.477381e+02	1452	-3.110532e-02	0	
1.478398e+02	1453	1.637913e+02	1.798237e+01	1.478398e+02	1453	9.892725e-02	0	
1.479416e+02	1454	1.511156e+02	-2.455920e+01	1.479416e+02	1454	-1.940574e-01	0	
1.480433e+02	1455	1.820903e+02	-4.723005e-02	1.480433e+02	1455	-2.594444e-04	0	
1.481451e+02	1456	1.662934e+02	-1.538279e+01	1.481451e+02	1456	-1.019331e-01	0	
1.482468e+02	1457	2.069380e+02	5.080583e+00	1.482468e+02	1457	2.396291e-02	0	
1.483486e+02	1458	2.058680e+02	1.946910e+01	1.483486e+02	1458	8.639989e-02	0	
1.484503e+02	1459	1.858824e+02	1.268864e+01	1.484503e+02	1459	6.389975e-02	0	
1.485521e+02	1460	2.069373e+02	5.082478e+00	1.485521e+02	1460	2.397172e-02	0	
1.486538e+02	1461	2.048318e+02	1.851965e+01	1.486538e+02	1461	8.291708e-02	0	
1.487556e+02	1462	2.088395e+02	4.519892e+01	1.487556e+02	1462	1.779216e-01	0	
1.488573e+02	1463	1.566377e+02	2.656388e+01	1.488573e+02	1463	1.449981e-01	0	
1.489591e+02	1464	1.629253e+02	1.515842e+01	1.489591e+02	1464	8.511963e-02	0	
1.490608e+02	1465	1.740682e+02	1.755484e+01	1.490608e+02	1465	9.161132e-02	0	
1.491626e+02	1466	1.687004e+02	2.237987e+01	1.491626e+02	1466	1.171229e-01	0	
1.492643e+02	1467	1.666317e+02	1.819084e+01	1.492643e+02	1467	9.842328e-02	0	
1.493661e+02	1468	1.871691e+02	-2.005915e+00	1.493661e+02	1468	-1.083323e-02	0	
1.494678e+02	1469	1.903406e+02	-5.646986e+00	1.494678e+02	1469	-3.057488e-02	0	
1.495696e+02	1470	1.673482e+02	5.268870e+00	1.495696e+02	1470	3.052346e-02	0	
1.496713e+02	1471	1.879587e+02	2.039914e+00	1.496713e+02	1471	1.073647e-02	0	
1.497731e+02	1472	1.981940e+02	-5.231116e+00	1.497731e+02	1472	-2.710944e-02	0	
1.498748e+02	1473	1.970694e+02	-3.581553e+00	1.498748e+02	1473	-1.851048e-02	0	
1.499766e+02	1474	1.879767e+02	-1.434728e+00	1.499766e+02	1474	-7.691181e-03	0	
1.500783e+02	1475	1.778427e+02	-9.770326e+00	1.500783e+02	1475	-5.813166e-02	0	
1.501800e+02	1476	1.879148e+02	-1.379199e+01	1.501800e+02	1476	-7.920840e-02	0	
1.502818e+02	1477	1.835681e+02	4.635741e+01	1.502818e+02	1477	2.016193e-01	0	
1.503835e+02	1478	1.876425e+02	6.634198e+01	1.503835e+02	1478	2.612049e-01	0	
1.504853e+02	1479	1.821118e+02	3.066850e+01	1.504853e+02	1479	1.441322e-01	0	
1.505870e+02	1480	1.955750e+02	5.571955e+01	1.505870e+02	1480	2.217300e-01	0	
1.506888e+02	1481	1.831501e+02	5.737866e+01	1.506888e+02	1481	2.385522e-01	0	
1.507905e+02	1482	1.815483e+02	1.537753e+01	1.507905e+02	1482	7.808793e-02	0	
1.508923e+02	1483	1.807562e+02	4.253361e+01	1.508923e+02	1483	1.904861e-01	0	
1.509940e+02	1484	1.800694e+02	1.779153e+01	1.509940e+02	1484	8.991937e-02	0	
1.510958e+02	1485	1.723375e+02	9.214365e+00	1.510958e+02	1485	5.075335e-02	0	
1.511975e+02	1486	1.746087e+02	5.813921e+00	1.511975e+02	1486	3.222390e-02	0	
1.512993e+02	1487	1.733037e+02	2.175228e+01	1.512993e+02	1487	1.115181e-01	0	
1.514010e+02	1488	1.647051e+02	9.388996e+00	1.514010e+02	1488	5.393058e-02	0	
1.515028e+02	1489	1.946352e+02	2.517629e+01	1.515028e+02	1489	1.145358e-01	0	
1.516045e+02	1490	2.001217e+02	3.244544e+01	1.516045e+02	1490	1.395100e-01	0	
1.517063e+02	1491	1.995279e+02	2.699642e+01	1.517063e+02	1491	1.191767e-01	0	
1.518080e+02	1492	1.978297e+02	1.360252e+01	1.518080e+02	1492	6.433513e-02	0	
1.519098e+02	1493	2.137282e+02	2.343660e+01	1.519098e+02	1493	9.881989e-02	0	
1.520115e+02	1494	1.833875e+02	3.168847e+01	1.520115e+02	1494	1.473362e-01	0	
1.521133e+02	1495	1.952845e+02	1.231477e+01	1.521133e+02	1495	5.931991e-02	0	
1.522150e+02	1496	1.764423e+02	2.029840e+01	1.522150e+02	1496	1.031734e-01	0	
1.523168e+02	1497	1.962034e+02	2.004599e+01	1.523168e+02	1497	9.269848e-02	0	
1.524185e+02	1498	1.765479e+02	2.406030e+01	1.524185e+02	1498	1.199368e-01	0	
1.525203e+02	1499	1.903955e+02	-3.591666e+00	1.525203e+02	1499	-1.922694e-02	0	
1.526220e+02	1500	1.929797e+02	2.268149e+01	1.526220e+02	1500	1.051719e-01	0	
1.527237e+02	1501	2.002296e+02	-4.462657e+00	1.527237e+02	1501	-2.279576e-02	0	
1.528255e+02	1502	1.654111e+02	2.937493e+00	1.528255e+02	1502	1.744887e-02	0	
1.529272e+02	1503	2.160027e+02	3.516469e+00	1.529272e+02	1503	1.601896e-02	0	
1.530290e+02	1504	2.048252e+02	-1.898839e+01	1.530290e+02	1504	-1.021778e-01	0	
1.531307e+02	1505	1.850987e+02	6.312525e+00	1.531307e+02	1505	3.297887e-02	0	
1.532325e+02	1506	2.054864e+02	7.481686e-02	1.532325e+02	1506	3.639639e-04	0	
1.533342e+02	1507	2.201833e+02	-8.129301e+00	1.533342e+02	1507	-3.833599e-02	0	
1.534360e+02	1508	1.928214e+02	-3.131701e+00	1.534360e+02	1508	-1.650960e-02	0	
1.535377e+02	1509	2.138064e+02	-8.688132e+00	1.535377e+02	1509	-4.235670e-02	0	
1.536395e+02	1510	1.882487e+02	-1.308491e+01	1.536395e+02	1510	-7.470100e-02	0	
1.537412e+02	1511	1.997143e+02	-1.652081e+01	1.537412e+02	1511	-9.018230e-02	0	
1.538430e+02	1512	1.755637e+02	-1.548492e+01	1.538430e+02	1512	-9.673312e-02	0	
1.539447e+02	1513	1.743002e+02	-3.609239e+01	1.539447e+02	1513	-2.611458e-01	0	
1.540465e+02	1514	1.808139e+02	-2.072650e+01	1.540465e+02	1514	-1.294699e-01	0	
1.541482e+02	1515	2.628746e+02	-9.138015e+00	1.541482e+02	1515	-3.601379e-02	0	
1.542500e+02	1516	2.383796e+02	1.780687e+00	1.542500e+02	1516	7.414577e-03	0	
1.543517e+02	1517	1.848502e+02	-1.981499e+01	1.543517e+02	1517	-1.200652e-01	0	
1.544535e+02	1518	2.408029e+02	1.036358e+01	1.544535e+02	1518	4.126180e-02	0	
1.545552e+02	1519	2.462371e+02	-5.965436e+00	1.545552e+02	1519	-2.482788e-02	0	
1.546570e+02	1520	2.407867e+02	-2.145327e+01	1.546570e+02	1520	-9.781122e-02	0	
1.547587e+02	1521	2.384967e+02	4.882434e+00	1.547587e+02	1521	2.006102e-02	0	
1.548605e+02	1522	1.901032e+02	6.001882e+00	1.548605e+02	1522	3.060544e-02	0	
1.549622e+02	1523	1.591462e+02	3.404370e+01	1.549622e+02	1523	1.762188e-01	0	
1.550640e+02	1524	1.834639e+02	4.364022e+00	1.550640e+02	1524	2.323415e-02	0	
1.551657e+02	1525	1.557328e+02	6.075395e+00	1.551657e+02	1525	3.754689e-02	0	
1.552674e+02	1526	1.834918e+02	-1.378068e+01	1.552674e+02	1526	-8.120081e-02	0	
1.553692e+02	1527	1.921079e+02	1.327568e+01	1.553692e+02	1527	6.463847e-02	0	
1.554709e+02	1528	1.759411e+02	-3.055072e+00	1.554709e+02	1528	-1.767102e-02	0	
1.555727e+02	1529	1.811648e+02	-4.694286e+00	1.555727e+02	1529	-2.660097e-02	0	
1.556744e+02	1530	1.821783e+02	-1.522411e+01	1.556744e+02	1530	-9.118735e-02	0	
1.557762e+02	1531	1.765557e+02	-9.149296e+00	1.557762e+02	1531	-5.465320e-02	0	
1.558779e+02	1532	1.773353e+02	3.976272e+00	1.558779e+02	1532	2.193060e-02	0	
1.559797e+02	1533	1.905850e+02	6.337597e+00	1.559797e+02	1533	3.218319e-02	0	
1.560814e+02	1534	1.892325e+02	-5.804725e+00	1.560814e+02	1534	-3.164583e-02	0	
1.561832e+02	1535	1.828914e+02	1.542635e+01	1.561832e+02	1535	7.778603e-02	0	
1.562849e+02	1536	1.767348e+02	-9.916745e+00	1.562849e+02	1536	-5.944647e-02	0	
1.563867e+02	1537	1.730566e+02	-7.699152e+00	1.563867e+02	1537	-4.656066e-02	0	
1.564884e+02	1538	1.768042e+02	9.348945e+00	1.564884e+02	1538	5.022179e-02	0	
1.565902e+02	1539	1.956379e+02	1.088649e+01	1.565902e+02	1539	5.271285e-02	0	
1.566919e+02	1540	2.107462e+02	1.855650e+01	1.566919e+02	1540	8.092578e-02	0	
1.567937e+02	1541	1.619893e+02	6.520321e+00	1.567937e+02	1541	3.869406e-02	0	
1.568954e+02	1542	1.505152e+02	-9.577904e-01	1.568954e+02	1542	-6.404165e-03	0	
1.569972e+02	1543	1.487492e+02	9.792265e+00	1.569972e+02	1543	6.176469e-02	0	
1.570989e+02	1544	1.713818e+02	1.823080e+01	1.570989e+02	1544	9.614762e-02	0	
1.572007e+02	1545	1.467774e+02	1.098818e+01	1.572007e+02	1545	6.964878e-02	0	
1.573024e+02	1546	1.836862e+02	6.988757e+00	1.573024e+02	1546	3.665273e-02	0	
1.574042e+02	1547	1.645064e+02	1.582213e+01	1.574042e+02	1547	8.774058e-02	0	
1.575059e+02	1548	1.549536e+02	1.678441e+01	1.575059e+02	1548	9.773265e-02	0	
1.576077e+02	1549	1.356772e+02	-6.658495e+00	1.576077e+02	1549	-5.160876e-02	0	
1.577094e+02	1550	1.733400e+02	1.762375e+01	1.577094e+02	1550	9.228846e-02	0	
1.578111e+02	1551	1.712612e+02	6.390067e+00	1.578111e+02	1551	3.596972e-02	0	
1.579129e+02	1552	1.576916e+02	1.496829e+01	1.579129e+02	1552	8.669234e-02	0	
1.580146e+02	1553	2.000934e+02	2.421218e+01	1.580146e+02	1553	1.079428e-01	0	
1.581164e+02	1554	2.009222e+02	1.731264e+01	1.581164e+02	1554	7.933032e-02	0	
1.582181e+02	1555	2.099663e+02	2.718734e+01	1.582181e+02	1555	1.146402e-01	0	
1.583199e+02	1556	1.767020e+02	1.909886e+01	1.583199e+02	1556	9.754227e-02	0	
1.584216e+02	1557	1.947905e+02	2.285906e+01	1.584216e+02	1557	1.050269e-01	0	
1.585234e+02	1558	2.134523e+02	8.488811e+00	1.585234e+02	1558	3.824803e-02	0	
1.586251e+02	1559	1.668249e+02	6.006199e+00	1.586251e+02	1559	3.475184e-02	0	
1.587269e+02	1560	1.994480e+02	2.342908e+01	1.587269e+02	1560	1.051211e-01	0	
1.588286e+02	1561	1.688440e+02	9.253127e+00	1.588286e+02	1561	5.195551e-02	0	
1.589304e+02	1562	1.967492e+02	6.679895e+00	1.589304e+02	1562	3.283648e-02	0	
1.590321e+02	1563	1.760172e+02	7.681572e+00	1.590321e+02	1563	4.181613e-02	0	
1.591339e+02	1564	1.789271e+02	1.163077e+01	1.591339e+02	1564	6.103537e-02	0	
1.592356e+02	1565	1.690746e+02	-3.844447e+00	1.592356e+02	1565	-2.326722e-02	0	
1.593374e+02	1566	1.630732e+02	9.039706e+00	1.593374e+02	1566	5.252195e-02	0	
1.594391e+02	1567	1.969613e+02	6.449045e-01	1.594391e+02	1567	3.263584e-03	0	
1.595409e+02	1568	1.751009e+02	9.577037e+00	1.595409e+02	1568	5.185805e-02	0	
1.596426e+02	1569	1.788495e+02	-9.075367e+00	1.596426e+02	1569	-5.345553e-02	0	
1.597444e+02	1570	1.962333e+02	1.528739e+00	1.597444e+02	1570	7.730194e-03	0	
1.598461e+02	1571	1.792089e+02	-1.184981e+01	1.598461e+02	1571	-7.080470e-02	0	
1.599479e+02	1572	1.960391e+02	3.597867e+00	1.599479e+02	1572	1.802205e-02	0	
1.600496e+02	1573	1.813467e+02	8.171860e+00	1.600496e+02	1573	4.311905e-02	0	
1.601514e+02	1574	1.640234e+02	-6.539081e+00	1.601514e+02	1574	-4.152211e-02	0	
1.602531e+02	1575	1.787439e+02	-2.500162e+01	1.602531e+02	1575	-1.626203e-01	0	
1.603548e+02	1576	1.919649e+02	1.235403e+01	1.603548e+02	1576	6.046444e-02	0	
1.604566e+02	1577	1.917044e+02	-1.596903e+00	1.604566e+02	1577	-8.400000e-03	0	
1.605583e+02	1578	1.643042e+02	2.254457e+00	1.605583e+02	1578	1.353551e-02	0	
1.606601e+02	1579	1.825150e+02	-5.519312e+00	1.606601e+02	1579	-3.118331e-02	0	
1.607618e+02	1580	1.630269e+02	-5.616361e+00	1.607618e+02	1580	-3.567970e-02	0	
1.608636e+02	1581	1.474527e+02	2.481259e+01	1.608636e+02	1581	1.440371e-01	0	
1.609653e+02	1582	1.678833e+02	-4.043826e+00	1.609653e+02	1582	-2.468163e-02	0	
1.610671e+02	1583	1.552210e+02	1.228334e+01	1.610671e+02	1583	7.333147e-02	0	
1.611688e+02	1584	1.923193e+02	-1.297175e+01	1.611688e+02	1584	-7.232744e-02	0	
1.612706e+02	1585	2.029944e+02	-1.931852e+00	1.612706e+02	1585	-9.608214e-03	0	
1.613723e+02	1586	1.735292e+02	4.908956e+00	1.613723e+02	1586	2.751069e-02	0	
1.614741e+02	1587	1.786613e+02	5.741678e+00	1.614741e+02	1587	3.113658e-02	0	
1.615758e+02	1588	1.968796e+02	-1.070563e+01	1.615758e+02	1588	-5.750337e-02	0	
1.616776e+02	1589	1.801272e+02	-4.629938e-01	1.616776e+02	1589	-2.576995e-03	0	
1.617793e+02	1590	1.980213e+02	2.142409e+00	1.617793e+02	1590	1.070328e-02	0	
1.618811e+02	1591	1.541044e+02	2.049065e+01	1.618811e+02	1591	1.173610e-01	0	
1.619828e+02	1592	1.676054e+02	2.469420e+01	1.619828e+02	1592	1.284152e-01	0	
1.620846e+02	1593	1.587863e+02	2.476972e+01	1.620846e+02	1593	1.349437e-01	0	
1.621863e+02	1594	1.442016e+02	1.149680e+01	1.621863e+02	1594	7.384019e-02	0	
1.622881e+02	1595	1.628787e+02	3.985496e+01	1.622881e+02	1595	1.965878e-01	0	
1.623898e+02	1596	1.622623e+02	3.578627e+01	1.623898e+02	1596	1.806944e-01	0	
1.624916e+02	1597	1.658703e+02	2.140174e+01	1.624916e+02	1597	1.142816e-01	0	
1.625933e+02	1598	2.117886e+02	4.292175e+01	1.625933e+02	1598	1.685120e-01	0	
1.626951e+02	1599	1.670303e+02	4.699379e+01	1.626951e+02	1599	2.195724e-01	0	
1.627968e+02	1600	1.705291e+02	3.602127e+01	1.627968e+02	1600	1.743946e-01	0	
1.628985e+02	1601	1.890666e+02	5.146696e+01	1.628985e+02	1601	2.139700e-01	0	
1.630003e+02	1602	1.744306e+02	4.220386e+01	1.630003e+02	1602	1.948160e-01	0	
1.631020e+02	1603	1.618071e+02	4.511454e+01	1.631020e+02	1603	2.180272e-01	0	
1.632038e+02	1604	1.780474e+02	3.927656e+01	1.632038e+02	1604	1.807282e-01	0	
1.633055e+02	1605	1.712536e+02	3.008618e+01	1.633055e+02	1605	1.494299e-01	0	
1.634073e+02	1606	1.768353e+02	4.352842e+01	1.634073e+02	1606	1.975299e-01	0	
1.635090e+02	1607	1.739338e+02	4.443132e+01	1.635090e+02	1607	2.034726e-01	0	
1.636108e+02	1608	1.741360e+02	3.607822e+01	1.636108e+02	1608	1.716260e-01	0	
1.637125e+02	1609	1.655026e+02	4.459109e+01	1.637125e+02	1609	2.122438e-01	0	
1.638143e+02	1610	2.123593e+02	5.604424e+00	1.638143e+02	1610	2.571265e-02	0	
1.639160e+02	1611	1.718659e+02	1.082463e+01	1.639160e+02	1611	5.925118e-02	0	
1.640178e+02	1612	1.778999e+02	2.241574e+01	1.640178e+02	1612	1.119021e-01	0	
1.641195e+02	1613	1.607643e+02	1.432603e+01	1.641195e+02	1613	8.182080e-02	0	
1.642213e+02	1614	1.832258e+02	1.779685e+01	1.642213e+02	1614	8.853157e-02	0	
1.643230e+02	1615	1.680160e+02	2.698906e+01	1.643230e+02	1615	1.384018e-01	0	
1.644248e+02	1616	1.681107e+02	2.349148e+01	1.644248e+02	1616	1.226055e-01	0	
1.645265e+02	1617	1.713444e+02	1.011978e+01	1.645265e+02	1617	5.576737e-02	0	
1.646283e+02	1618	1.600007e+02	2.599802e+01	1.646283e+02	1618	1.397753e-01	0	
1.647300e+02	1619	1.615737e+02	3.083129e+01	1.647300e+02	1619	1.602416e-01	0	
1.648318e+02	1620	1.637916e+02	1.705746e+01	1.648318e+02	1620	9.431877e-02	0	
1.649335e+02	1621	1.552742e+02	2.768478e+01	1.649335e+02	1621	1.513169e-01	0	
1.650353e+02	1622	1.448992e+02	4.726441e+01	1.650353e+02	1622	2.459592e-01	0	
1.651370e+02	1623	1.663102e+02	2.568638e+01	1.651370e+02	1623	1.337856e-01	0	
1.652388e+02	1624	1.666726e+02	3.067947e+01	1.652388e+02	1624	1.554555e-01	0	
1.653405e+02	1625	1.554668e+02	2.404082e+01	1.653405e+02	1625	1.339265e-01	0	
1.654422e+02	1626	1.560802e+02	2.237625e+01	1.654422e+02	1626	1.253877e-01	0	
1.655440e+02	1627	1.676202e+02	3.724606e+01	1.655440e+02	1627	1.818067e-01	0	
1.656457e+02	1628	1.494878e+02	3.366278e+01	1.656457e+02	1628	1.837984e-01	0	
1.657475e+02	1629	1.663313e+02	3.227744e+01	1.657475e+02	1629	1.625177e-01	0	
1.658492e+02	1630	1.602743e+02	3.418933e+01	1.658492e+02	1630	1.758135e-01	0	
1.659510e+02	1631	1.312388e+02	1.774048e+01	1.659510e+02	1631	1.190802e-01	0	
1.660527e+02	1632	1.579383e+02	4.860668e+01	1.660527e+02	1632	2.353322e-01	0	
1.661545e+02	1633	1.422076e+02	2.744089e+01	1.661545e+02	1633	1.617515e-01	0	
1.662562e+02	1634	1.459259e+02	4.547231e+01	1.662562e+02	1634	2.375796e-01	0	
1.663580e+02	1635	1.643670e+02	5.256284e+01	1.663580e+02	1635	2.423034e-01	0	
1.664597e+02	1636	1.689144e+02	2.181041e+01	1.664597e+02	1636	1.143554e-01	0	
1.665615e+02	1637	1.630433e+02	2.542430e+01	1.665615e+02	1637	1.349001e-01	0	
1.666632e+02	1638	1.724913e+02	2.294210e+01	1.666632e+02	1638	1.173909e-01	0	
1.667650e+02	1639	1.631753e+02	2.394523e+01	1.667650e+02	1639	1.279669e-01	0	
1.668667e+02	1640	1.676636e+02	1.975609e+01	1.668667e+02	1640	1.054110e-01	0	
1.669685e+02	1641	1.637159e+02	4.036143e+01	1.669685e+02	1641	1.977752e-01	0	
1.670702e+02	1642	1.905574e+02	2.196343e+01	1.670702e+02	1642	1.033472e-01	0	
1.671720e+02	1643	1.891956e+02	2.931472e+01	1.671720e+02	1643	1.341571e-01	0	
1.672737e+02	1644	1.849959e+02	1.897971e+01	1.672737e+02	1644	9.304892e-02	0	
1.673755e+02	1645	2.069471e+02	3.142370e+01	1.673755e+02	1645	1.318270e-01	0	
1.674772e+02	1646	1.659347e+02	1.803442e+01	1.674772e+02	1646	9.802960e-02	0	
1.675790e+02	1647	2.207693e+02	1.897141e+01	1.675790e+02	1647	7.913304e-02	0	
1.676807e+02	1648	2.115740e+02	1.276151e+01	1.676807e+02	1648	5.688582e-02	0	
1.677825e+02	1649	2.163675e+02	3.096394e+01	1.677825e+02	1649	1.251921e-01	0	
1.678842e+02	1650	2.279549e+02	3.142692e+01	1.678842e+02	1650	1.211608e-01	0	
1.679859e+02	1651	2.231194e+02	4.005888e+00	1.679859e+02	1651	1.763735e-02	0	
1.680877e+02	1652	2.106407e+02	2.855380e+01	1.680877e+02	1652	1.193748e-01	0	
1.681894e+02	1653	2.192399e+02	-5.384492e-02	1.681894e+02	1653	-2.456585e-04	0	
1.682912e+02	1654	2.129821e+02	4.320234e+00	1.682912e+02	1654	1.988121e-02	0	
1.683929e+02	1655	2.166400e+02	4.437405e+00	1.683929e+02	1655	2.007173e-02	0	
1.684947e+02	1656	2.079386e+02	-5.486668e+00	1.684947e+02	1656	-2.710109e-02	0	
1.685964e+02	1657	2.173127e+02	5.168275e+00	1.685964e+02	1657	2.323019e-02	0	
1.686982e+02	1658	2.240710e+02	3.603506e+00	1.686982e+02	1658	1.582745e-02	0	
1.687999e+02	1659	2.177906e+02	1.722053e+01	1.687999e+02	1659	7.327538e-02	0	
1.689017e+02	1660	1.869351e+02	-4.030631e+01	1.689017e+02	1660	-2.748867e-01	0	
1.690034e+02	1661	1.958100e+02	-3.659290e+01	1.690034e+02	1661	-2.298302e-01	0	
1.691052e+02	1662	1.857143e+02	-2.112791e+01	1.691052e+02	1662	-1.283697e-01	0	
1.692069e+02	1663	1.869683e+02	-4.062764e+01	1.692069e+02	1663	-2.776237e-01	0	
1.693087e+02	1664	2.029386e+02	-2.230782e+01	1.693087e+02	1664	-1.234995e-01	0	
1.694104e+02	1665	1.840383e+02	-9.107995e+00	1.694104e+02	1665	-5.206642e-02	0	
1.695122e+02	1666	1.803059e+02	-1.155829e+01	1.695122e+02	1666	-6.849454e-02	0	
1.696139e+02	1667	1.613384e+02	-1.370183e+00	1.696139e+02	1667	-8.565345e-03	0	
1.697157e+02	1668	1.725943e+02	-2.272162e+01	1.697157e+02	1668	-1.516061e-01	0	
1.698174e+02	1669	1.814147e+02	-4.307908e+00	1.698174e+02	1669	-2.432379e-02	0	
1.699192e+02	1670	1.710723e+02	2.708536e+00	1.699192e+02	1670	1.558593e-02	0	
1.700209e+02	1671	1.780080e+02	-1.622434e+00	1.700209e+02	1671	-9.198224e-03	0	
1.701227e+02	1672	1.810962e+02	-1.756570e+01	1.701227e+02	1672	-1.074154e-01	0	
1.702244e+02	1673	1.927996e+02	5.283596e+00	1.702244e+02	1673	2.667362e-02	0	
1.703262e+02	1674	1.795599e+02	-9.077359e+00	1.703262e+02	1674	-5.324509e-02	0	
1.704279e+02	1675	1.879989e+02	1.385354e+01	1.704279e+02	1675	6.863202e-02	0	
1.705296e+02	1676	1.947905e+02	1.294456e+00	1.705296e+02	1676	6.601506e-03	0	
1.706314e+02	1677	1.863938e+02	6.476428e-02	1.706314e+02	1677	3.473387e-04	0	
1.707331e+02	1678	1.962112e+02	-1.425289e+01	1.707331e+02	1678	-7.833053e-02	0	
1.708349e+02	1679	1.838455e+02	-1.857863e+01	1.708349e+02	1679	-1.124159e-01	0	
1.709366e+02	1680	1.953995e+02	-1.239944e+01	1.709366e+02	1680	-6.775648e-02	0	
1.710384e+02	1681	1.751739e+02	-8.273235e+00	1.710384e+02	1681	-4.956981e-02	0	
1.711401e+02	1682	1.801229e+02	-5.055951e+00	1.711401e+02	1682	-2.888010e-02	0	
1.712419e+02	1683	1.879795e+02	-7.430646e+00	1.712419e+02	1683	-4.115587e-02	0	
1.713436e+02	1684	1.900955e+02	-8.374007e+00	1.713436e+02	1684	-4.608154e-02	0	
1.714454e+02	1685	1.800547e+02	-5.339222e+00	1.714454e+02	1685	-3.055952e-02	0	
1.715471e+02	1686	1.711391e+02	-1.022750e+01	1.715471e+02	1686	-6.355974e-02	0	
1.716489e+02	1687	1.779722e+02	1.618722e+01	1.716489e+02	1687	8.337077e-02	0	
1.717506e+02	1688	1.912276e+02	9.680317e+00	1.717506e+02	1688	4.818285e-02	0	
1.718524e+02	1689	1.706698e+02	3.836138e+01	1.718524e+02	1689	1.835199e-01	0	
1.719541e+02	1690	1.769121e+02	3.036180e+01	1.719541e+02	1690	1.464815e-01	0	
1.720559e+02	1691	1.526986e+02	2.992337e+01	1.720559e+02	1691	1.638542e-01	0	
1.721576e+02	1692	1.874730e+02	1.868352e+01	1.721576e+02	1692	9.062784e-02	0	
1.722594e+02	1693	1.977628e+02	1.141140e+01	1.722594e+02	1693	5.455453e-02	0	
1.723611e+02	1694	1.785080e+02	2.521256e+01	1.723611e+02	1694	1.237605e-01	0	
1.724629e+02	1695	1.762847e+02	1.999791e+00	1.724629e+02	1695	1.121685e-02	0	
1.725646e+02	1696	1.682184e+02	8.704229e+01	1.725646e+02	1696	3.409937e-01	0	
1.726664e+02	1697	1.707817e+02	1.932509e+01	1.726664e+02	1697	1.016539e-01	0	
1.727681e+02	1698	1.842540e+02	5.968308e+01	1.727681e+02	1698	2.446659e-01	0	
1.728699e+02	1699	1.571868e+02	4.119497e+01	1.728699e+02	1699	2.076550e-01	0	
1.729716e+02	1700	1.540090e+02	7.627489e+01	1.729716e+02	1700	3.312211e-01	0	
1.730733e+02	1701	1.552740e+02	2.700217e+01	1.730733e+02	1701	1.481388e-01	0	
1.731751e+02	1702	1.598608e+02	5.556109e+01	1.731751e+02	1702	2.579176e-01	0	
1.732768e+02	1703	1.585184e+02	1.867725e+01	1.732768e+02	1703	1.054047e-01	0	
1.733786e+02	1704	1.738784e+02	3.418211e+01	1.733786e+02	1704	1.642893e-01	0	
1.734803e+02	1705	1.649636e+02	2.909251e+00	1.734803e+02	1705	1.733009e-02	0	
1.735821e+02	1706	1.652303e+02	4.338038e+01	1.735821e+02	1706	2.079490e-01	0	
1.736838e+02	1707	1.808795e+02	9.709622e+00	1.736838e+02	1707	5.094531e-02	0	
1.737856e+02	1708	1.559166e+02	3.839690e+01	1.737856e+02	1708	1.976028e-01	0	
1.738873e+02	1709	1.730319e+02	-4.340767e+00	1.738873e+02	1709	-2.573204e-02	0	
1.739891e+02	1710	1.650947e+02	2.411593e+00	1.739891e+02	1710	1.439703e-02	0	
1.740908e+02	1711	1.803889e+02	-1.991808e+00	1.740908e+02	1711	-1.116503e-02	0	
1.741926e+02	1712	1.596639e+02	-1.885238e+01	1.741926e+02	1712	-1.338838e-01	0	
1.742943e+02	1713	1.745668e+02	6.502364e+01	1.742943e+02	1713	2.713950e-01	0	
1.743961e+02	1714	1.742532e+02	5.730803e+00	1.743961e+02	1714	3.184062e-02	0	
1.744978e+02	1715	1.685481e+02	2.496296e+00	1.744978e+02	1715	1.459443e-02	0	
1.745996e+02	1716	1.792249e+02	1.157496e+01	1.745996e+02	1716	6.066545e-02	0	
1.747013e+02	1717	1.896223e+02	2.376188e+01	1.747013e+02	1717	1.113573e-01	0	
1.748031e+02	1718	1.951719e+02	4.052187e+01	1.748031e+02	1718	1.719259e-01	0	
1.749048e+02	1719	1.778013e+02	2.748795e+01	1.749048e+02	1719	1.338986e-01	0	
1.750066e+02	1720	2.065246e+02	7.540607e+01	1.750066e+02	1720	2.674632e-01	0	
1.751083e+02	1721	2.020130e+02	4.866139e+01	1.751083e+02	1721	1.941219e-01	0	
1.752101e+02	1722	1.992465e+02	2.335888e+01	1.752101e+02	1722	1.049340e-01	0	
1.753118e+02	1723	2.060869e+02	8.051365e+01	1.753118e+02	1723	2.809264e-01	0	
1.754136e+02	1724	2.240873e+02	3.382003e+01	1.754136e+02	1724	1.311325e-01	0	
1.755153e+02	1725	2.144106e+02	2.463221e+01	1.755153e+02	1725	1.030452e-01	0	
1.756170e+02	1726	1.838880e+02	1.938024e+01	1.756170e+02	1726	9.534318e-02	0	
1.757188e+02	1727	2.086493e+02	3.479731e+01	1.757188e+02	1727	1.429361e-01	0	
1.758205e+02	1728	2.047840e+02	-1.069595e-01	1.758205e+02	1728	-5.225769e-04	0	
1.759223e+02	1729	2.234412e+02	3.292690e+01	1.759223e+02	1729	1.284360e-01	0	
1.760240e+02	1730	1.965947e+02	1.183575e+01	1.760240e+02	1730	5.678513e-02	0	
1.761258e+02	1731	2.013389e+02	2.251120e+01	1.761258e+02	1731	1.005637e-01	0	
1.762275e+02	1732	1.676266e+02	1.297643e+01	1.762275e+02	1732	7.185057e-02	0	
1.763293e+02	1733	1.995721e+02	1.827293e+01	1.763293e+02	1733	8.388041e-02	0	
1.764310e+02	1734	1.651143e+02	-4.285397e+00	1.764310e+02	1734	-2.664569e-02	0	
1.765328e+02	1735	1.616841e+02	1.648140e+01	1.765328e+02	1735	9.250612e-02	0	
1.766345e+02	1736	1.741135e+02	2.012963e+01	1.766345e+02	1736	1.036311e-01	0	
1.767363e+02	1737	1.797667e+02	-8.167115e+00	1.767363e+02	1737	-4.759403e-02	0	
1.768380e+02	1738	1.680549e+02	-4.328135e+00	1.768380e+02	1738	-2.643511e-02	0	
1.769398e+02	1739	1.547662e+02	3.940292e+00	1.769398e+02	1739	2.482754e-02	0	
1.770415e+02	1740	1.888061e+02	3.196804e+01	1.770415e+02	1740	1.447997e-01	0	
1.771433e+02	1741	2.000005e+02	2.166964e+01	1.771433e+02	1741	9.775624e-02	0	
1.772450e+02	1742	2.264584e+02	2.959300e+01	1.772450e+02	1742	1.155745e-01	0	
1.773468e+02	1743	2.069386e+02	2.515539e+01	1.773468e+02	1743	1.083845e-01	0	
1.774485e+02	1744	2.276006e+02	1.711835e+01	1.774485e+02	1744	6.995106e-02	0	
1.775503e+02	1745	1.653408e+02	3.810341e+01	1.775503e+02	1745	1.872917e-01	0	
1.776520e+02	1746	1.514907e+02	2.894822e+01	1.776520e+02	1746	1.604322e-01	0	
1.777538e+02	1747	1.544376e+02	1.044993e+01	1.777538e+02	1747	6.337611e-02	0	
1.778555e+02	1748	1.894435e+02	3.877646e+01	1.778555e+02	1748	1.699083e-01	0	
1.779573e+02	1749	1.582744e+02	8.768980e-01	1.779573e+02	1749	5.509839e-03	0	
1.780590e+02	1750	1.407120e+02	3.353292e+01	1.780590e+02	1750	1.924470e-01	0	
1.781607e+02	1751	1.581680e+02	3.118891e+01	1.781607e+02	1751	1.647096e-01	0	
1.782625e+02	1752	1.474055e+02	1.076916e+01	1.782625e+02	1752	6.808398e-02	0	
1.783642e+02	1753	1.630243e+02	5.993717e-01	1.783642e+02	1753	3.663111e-03	0	
1.784660e+02	1754	1.094501e+02	1.042431e+02	1.784660e+02	1754	4.878166e-01	0	
1.785677e+02	1755	5.530360e+01	1.850948e+02	1.785677e+02	1755	7.699502e-01	7.000000e-01	
1.786695e+02	1756	6.338955e+01	1.911625e+02	1.786695e+02	1756	7.509761e-01	7.000000e-01	
1.787712e+02	1757	5.892541e+01	1.996035e+02	1.787712e+02	1757	7.720742e-01	7.000000e-01	
1.788730e+02	1758	6.291599e+01	1.985011e+02	1.788730e+02	1758	7.593272e-01	7.000000e-01	
1.789747e+02	1759	6.700595e+01	1.826765e+02	1.789747e+02	1759	7.316353e-01	7.000000e-01	
1.790765e+02	1760	3.950924e+01	1.465130e+02	1.790765e+02	1760	7.876101e-01	7.000000e-01	
1.791782e+02	1761	7.399059e+01	1.905492e+02	1.791782e+02	1761	7.203045e-01	7.000000e-01	
1.792800e+02	1762	6.945164e+01	1.928460e+02	1.792800e+02	1762	7.352182e-01	7.000000e-01	
1.793817e+02	1763	5.300081e+01	1.845900e+02	1.793817e+02	1763	7.769240e-01	7.000000e-01	
1.794835e+02	1764	7.687824e+01	1.923872e+02	1.794835e+02	1764	7.144890e-01	7.000000e-01	
1.795852e+02	1765	8.142754e+01	1.841475e+02	1.795852e+02	1765	6.933916e-01	7.000000e-01	
1.796870e+02	1766	9.085169e+01	1.762372e+02	1.796870e+02	1766	6.598447e-01	7.000000e-01	
1.797887e+02	1767	4.280012e+01	1.564096e+02	1.797887e+02	1767	7.851504e-01	7.000000e-01	
1.798905e+02	1768	4.333686e+01	1.745351e+02	1.798905e+02	1768	8.010902e-01	7.000000e-01	
1.799922e+02	1769	4.875261e+01	1.790669e+02	1.799922e+02	1769	7.860034e-01	7.000000e-01	
1.800940e+02	1770	4.284227e+01	1.564965e+02	1.800940e+02	1770	7.850781e-01	7.000000e-01	
1.801957e+02	1771	6.039677e+01	1.935661e+02	1.801957e+02	1771	7.621827e-01	7.000000e-01	
1.802975e+02	1772	5.439541e+01	1.997022e+02	1.802975e+02	1772	7.859271e-01	7.000000e-01	
1.803992e+02	1773	5.770300e+01	1.892793e+02	1.803992e+02	1773	7.663679e-01	7.000000e-01	
1.805010e+02	1774	6.963194e+01	2.024438e+02	1.805010e+02	1774	7.440715e-01	7.000000e-01	
1.806027e+02	1775	5.070429e+01	1.327395e+02	1.806027e+02	1775	7.235977e-01	7.000000e-01	
1.807044e+02	1776	6.929586e+01	1.816241e+02	1.807044e+02	1776	7.238328e-01	7.000000e-01	
1.808062e+02	1777	7.140423e+01	1.599850e+02	1.808062e+02	1777	6.914107e-01	7.000000e-01	
1.809079e+02	1778	7.343752e+01	1.735469e+02	1.809079e+02	1778	7.026634e-01	7.000000e-01	
1.810097e+02	1779	6.725612e+01	1.839000e+02	1.810097e+02	1779	7.322139e-01	7.000000e-01	
1.811114e+02	1780	6.445667e+01	1.894350e+02	1.811114e+02	1780	7.461253e-01	7.000000e-01	
1.812132e+02	1781	7.264326e+01	1.773704e+02	1.812132e+02	1781	7.094428e-01	7.000000e-01	
1.813149e+02	1782	8.700374e+01	1.521944e+02	1.813149e+02	1782	6.362692e-01	7.000000e-01	
1.814167e+02	1783	5.538393e+01	1.653072e+02	1.814167e+02	1783	7.490432e-01	7.000000e-01	
1.815184e+02	1784	6.542064e+01	1.996697e+02	1.815184e+02	1784	7.532138e-01	7.000000e-01	
1.816202e+02	1785	6.869415e+01	1.876052e+02	1.816202e+02	1785	7.319769e-01	7.000000e-01	
1.817219e+02	1786	5.982055e+01	1.828781e+02	1.817219e+02	1786	7.535192e-01	7.000000e-01	
1.818237e+02	1787	7.278195e+01	2.019597e+02	1.818237e+02	1787	7.350895e-01	7.000000e-01	
1.819254e+02	1788	6.935557e+01	1.712632e+02	1.819254e+02	1788	7.117616e-01	7.000000e-01	
1.820272e+02	1789	1.031453e+02	1.763470e+02	1.820272e+02	1789	6.309548e-01	7.000000e-01	
1.821289e+02	1790	5.456877e+01	2.338618e+02	1.821289e+02	1790	8.108080e-01	7.000000e-01	
1.822307e+02	1791	6.028148e+01	2.398127e+02	1.822307e+02	1791	7.991248e-01	7.000000e-01	
1.823324e+02	1792	5.502460e+01	2.069059e+02	1.823324e+02	1792	7.899267e-01	7.000000e-01	
1.824342e+02	1793	7.910147e+01	1.873779e+02	1.824342e+02	1793	7.031610e-01	7.000000e-01	
1.825359e+02	1794	5.413755e+01	1.947291e+02	1.825359e+02	1794	7.824636e-01	7.000000e-01	
1.826377e+02	1795	6.755686e+01	2.110995e+02	1.826377e+02	1795	7.575621e-01	7.000000e-01	
1.827394e+02	1796	4.480135e+01	2.312788e+02	1.827394e+02	1796	8.377234e-01	7.000000e-01	
1.828412e+02	1797	4.647355e+01	2.274467e+02	1.828412e+02	1797	8.303391e-01	7.000000e-01	
1.829429e+02	1798	5.455398e+01	1.597726e+02	1.829429e+02	1798	7.454633e-01	7.000000e-01	
1.830447e+02	1799	6.998961e+01	1.740953e+02	1.830447e+02	1799	7.132571e-01	7.000000e-01	
1.831464e+02	1800	4.873494e+01	1.852705e+02	1.831464e+02	1800	7.917359e-01	7.000000e-01	
1.832481e+02	1801	6.505600e+01	1.668411e+02	1.832481e+02	1801	7.194618e-01	7.000000e-01	
1.833499e+02	1802	5.697299e+01	1.711788e+02	1.833499e+02	1802	7.502847e-01	7.000000e-01	
1.834516e+02	1803	5.427834e+01	1.941445e+02	1.834516e+02	1803	7.815083e-01	7.000000e-01	
1.835534e+02	1804	7.568305e+01	2.697387e+02	1.835534e+02	1804	7.808967e-01	7.000000e-01	
1.836551e+02	1805	5.871565e+01	1.773253e+02	1.836551e+02	1805	7.512480e-01	7.000000e-01	
1.837569e+02	1806	5.745128e+01	2.437660e+02	1.837569e+02	1806	8.092696e-01	7.000000e-01	
1.838586e+02	1807	8.132000e+01	4.824971e+02	1.838586e+02	1807	8.557688e-01	7.000000e-01	
1.839604e+02	1808	6.429565e+01	3.069094e+02	1.839604e+02	1808	8.267921e-01	7.000000e-01	
1.840621e+02	1809	7.794800e+01	1.517792e+02	1.840621e+02	1809	6.606932e-01	7.000000e-01	
1.841639e+02	1810	7.900543e+01	1.321419e+02	1.841639e+02	1810	6.258279e-01	7.000000e-01	
1.842656e+02	1811	8.898056e+01	1.490153e+02	1.842656e+02	1811	6.261256e-01	7.000000e-01	
1.843674e+02	1812	8.826972e+01	1.186908e+02	1.843674e+02	1812	5.734949e-01	7.000000e-01	
1.844691e+02	1813	6.450625e+01	1.762842e+02	1.844691e+02	1813	7.321063e-01	7.000000e-01	
1.845709e+02	1814	5.512774e+01	1.682717e+02	1.845709e+02	1814	7.532324e-01	7.000000e-01	
1.846726e+02	1815	8.022346e+01	1.354438e+02	1.846726e+02	1815	6.280221e-01	7.000000e-01	
1.847744e+02	1816	6.813389e+01	1.803239e+02	1.847744e+02	1816	7.257728e-01	7.000000e-01	
1.848761e+02	1817	5.286094e+01	2.115503e+02	1.848761e+02	1817	8.000806e-01	7.000000e-01	
1.849779e+02	1818	6.798738e+01	1.601262e+02	1.849779e+02	1818	7.019582e-01	7.000000e-01	
1.850796e+02	1819	4.685325e+01	1.566807e+02	1.850796e+02	1819	7.698013e-01	7.000000e-01	
1.851814e+02	1820	4.394451e+01	1.555873e+02	1.851814e+02	1820	7.797619e-01	7.000000e-01	
1.852831e+02	1821	5.928243e+01	1.727921e+02	1.852831e+02	1821	7.445543e-01	7.000000e-01	
1.853849e+02	1822	5.673392e+01	1.701761e+02	1.853849e+02	1822	7.499717e-01	7.000000e-01	
1.854866e+02	1823	5.522032e+01	1.863834e+02	1.854866e+02	1823	7.714426e-01	7.000000e-01	
1.855884e+02	1824	4.890923e+01	1.671988e+02	1.855884e+02	1824	7.736816e-01	7.000000e-01	
1.856901e+02	1825	4.459643e+01	1.681818e+02	1.856901e+02	1825	7.904089e-01	7.000000e-01	
1.857918e+02	1826	4.188007e+01	1.644346e+02	1.857918e+02	1826	7.970088e-01	7.000000e-01	
1.858936e+02	1827	4.612610e+01	1.797521e+02	1.858936e+02	1827	7.957922e-01	7.000000e-01	
1.859953e+02	1828	8.126829e+01	1.951187e+02	1.859953e+02	1828	7.059620e-01	7.000000e-01	
1.860971e+02	1829	1.138855e+02	1.770108e+02	1.860971e+02	1829	6.085014e-01	7.000000e-01	
1.861988e+02	1830	7.893019e+01	1.925732e+02	1.861988e+02	1830	7.092847e-01	7.000000e-01	
1.863006e+02	1831	8.296058e+01	1.898832e+02	1.863006e+02	1831	6.959411e-01	7.000000e-01	
1.864023e+02	1832	7.655318e+01	1.886684e+02	1.864023e+02	1832	7.113614e-01	7.000000e-01	
1.865041e+02	1833	6.815618e+01	1.856262e+02	1.865041e+02	1833	7.314385e-01	7.000000e-01	
1.866058e+02	1834	6.726137e+01	2.168900e+02	1.866058e+02	1834	7.632904e-01	7.000000e-01	
1.867076e+02	1835	8.213219e+01	1.940634e+02	1.867076e+02	1835	7.026303e-01	7.000000e-01	
1.868093e+02	1836	6.873407e+01	1.893244e+02	1.868093e+02	1836	7.336492e-01	7.000000e-01	
1.869111e+02	1837	7.404565e+01	1.770793e+02	1.869111e+02	1837	7.051442e-01	7.000000e-01	
1.870128e+02	1838	6.884177e+01	1.629878e+02	1.870128e+02	1838	7.030501e-01	7.000000e-01	
1.871146e+02	1839	6.931790e+01	1.800037e+02	1.871146e+02	1839	7.219739e-01	7.000000e-01	
1.872163e+02	1840	6.514018e+01	1.830214e+02	1.872163e+02	1840	7.375090e-01	7.000000e-01	
1.873181e+02	1841	5.771178e+01	2.930073e+02	1.873181e+02	1841	8.354473e-01	7.000000e-01	
1.874198e+02	1842	6.598324e+01	2.722165e+02	1.874198e+02	1842	8.048986e-01	7.000000e-01	
1.875216e+02	1843	5.406792e+01	2.781868e+02	1.875216e+02	1843	8.372697e-01	7.000000e-01	
1.876233e+02	1844	6.862266e+01	3.629277e+02	1.876233e+02	1844	8.409857e-01	7.000000e-01	
1.877251e+02	1845	6.003815e+01	1.722637e+02	1.877251e+02	1845	7.415511e-01	7.000000e-01	
1.878268e+02	1846	7.318171e+01	1.675612e+02	1.878268e+02	1846	6.960172e-01	7.000000e-01	
1.879286e+02	1847	6.438998e+01	1.883443e+02	1.879286e+02	1847	7.452266e-01	7.000000e-01	
1.880303e+02	1848	5.196943e+01	1.628047e+02	1.880303e+02	1848	7.580275e-01	7.000000e-01	
1.881321e+02	1849	6.868655e+01	1.632296e+02	1.881321e+02	1849	7.038302e-01	7.000000e-01	
1.882338e+02	1850	5.977466e+01	1.770262e+02	1.882338e+02	1850	7.475741e-01	7.000000e-01	
1.883355e+02	1851	5.403500e+01	1.885621e+02	1.883355e+02	1851	7.772644e-01	7.000000e-01	
1.884373e+02	1852	6.335451e+01	1.689716e+02	1.884373e+02	1852	7.273035e-01	7.000000e-01	
1.885390e+02	1853	6.903211e+01	1.731115e+02	1.885390e+02	1853	7.149125e-01	7.000000e-01	
1.886408e+02	1854	9.961578e+01	1.722496e+02	1.886408e+02	1854	6.335842e-01	7.000000e-01	
1.887425e+02	1855	6.420057e+01	1.899820e+02	1.887425e+02	1855	7.474234e-01	7.000000e-01	
1.888443e+02	1856	4.894347e+01	1.853349e+02	1.888443e+02	1856	7.910884e-01	7.000000e-01	
1.889460e+02	1857	6.676940e+01	2.049642e+02	1.889460e+02	1857	7.542836e-01	7.000000e-01	
1.890478e+02	1858	7.397646e+01	1.640920e+02	1.890478e+02	1858	6.892639e-01	7.000000e-01	
1.891495e+02	1859	7.371496e+01	1.756124e+02	1.891495e+02	1859	7.043447e-01	7.000000e-01	
1.892513e+02	1860	6.841524e+01	1.845004e+02	1.892513e+02	1860	7.294938e-01	7.000000e-01	
1.893530e+02	1861	6.375451e+01	1.431416e+02	1.893530e+02	1861	6.918525e-01	7.000000e-01	
1.894548e+02	1862	6.057231e+01	1.443806e+02	1.894548e+02	1862	7.044574e-01	7.000000e-01	
1.895565e+02	1863	6.738369e+01	1.790340e+02	1.895565e+02	1863	7.265469e-01	7.000000e-01	
1.896583e+02	1864	6.533007e+01	1.859746e+02	1.896583e+02	1864	7.400364e-01	7.000000e-01	
1.897600e+02	1865	7.507182e+01	1.696073e+02	1.897600e+02	1865	6.931826e-01	7.000000e-01	
1.898618e+02	1866	4.299837e+01	1.699641e+02	1.898618e+02	1866	7.980941e-01	7.000000e-01	
1.899635e+02	1867	6.378154e+01	1.448011e+02	1.899635e+02	1867	6.942145e-01	7.000000e-01	
1.900653e+02	1868	2.567397e+01	1.453133e+02	1.900653e+02	1868	8.498486e-01	7.000000e-01	
1.901670e+02	1869	6.797533e+01	1.918149e+02	1.901670e+02	1869	7.383453e-01	7.000000e-01	
1.902688e+02	1870	6.118390e+01	1.382897e+02	1.902688e+02	1870	6.932732e-01	7.000000e-01	
1.903705e+02	1871	8.438375e+01	1.687917e+02	1.903705e+02	1871	6.666985e-01	7.000000e-01	
1.904723e+02	1872	7.863503e+01	1.620151e+02	1.904723e+02	1872	6.732392e-01	7.000000e-01	
1.905740e+02	1873	5.648654e+01	1.777553e+02	1.905740e+02	1873	7.588538e-01	7.000000e-01	
1.906758e+02	1874	6.518371e+01	1.512084e+02	1.906758e+02	1874	6.987704e-01	7.000000e-01	
1.907775e+02	1875	6.636378e+01	1.901689e+02	1.907775e+02	1875	7.413048e-01	7.000000e-01	
1.908792e+02	1876	8.430265e+01	1.704791e+02	1.908792e+02	1876	6.691182e-01	7.000000e-01	
1.909810e+02	1877	6.499318e+01	1.299067e+02	1.909810e+02	1877	6.665304e-01	7.000000e-01	
1.910827e+02	1878	7.198152e+01	1.792137e+02	1.910827e+02	1878	7.134439e-01	7.000000e-01	
1.911845e+02	1879	5.432033e+01	1.659034e+02	1.911845e+02	1879	7.533403e-01	7.000000e-01	
1.912862e+02	1880	6.815256e+01	1.534216e+02	1.912862e+02	1880	6.924165e-01	7.000000e-01	
1.913880e+02	1881	5.576546e+01	1.471691e+02	1.913880e+02	1881	7.252047e-01	7.000000e-01	
1.914897e+02	1882	6.924529e+01	1.462696e+02	1.914897e+02	1882	6.786983e-01	7.000000e-01	
1.915915e+02	1883	9.558607e+01	2.222245e+02	1.915915e+02	1883	6.992357e-01	7.000000e-01	
1.916932e+02	1884	6.482694e+01	1.958898e+02	1.916932e+02	1884	7.513511e-01	7.000000e-01	
1.917950e+02	1885	7.885166e+01	2.399632e+02	1.917950e+02	1885	7.526726e-01	7.000000e-01	
1.918967e+02	1886	6.970855e+01	1.744181e+02	1.918967e+02	1886	7.144574e-01	7.000000e-01	
1.919985e+02	1887	7.262170e+01	1.827050e+02	1.919985e+02	1887	7.155734e-01	7.000000e-01	
1.921002e+02	1888	6.737483e+01	1.648891e+02	1.921002e+02	1888	7.099213e-01	7.000000e-01	
1.922020e+02	1889	7.953518e+01	2.042292e+02	1.922020e+02	1889	7.197140e-01	7.000000e-01	
1.923037e+02	1890	8.434859e+01	1.613870e+02	1.923037e+02	1890	6.567506e-01	7.000000e-01	
1.924055e+02	1891	7.656511e+01	1.685184e+02	1.924055e+02	1891	6.875958e-01	7.000000e-01	
1.925072e+02	1892	5.320222e+01	1.892215e+02	1.925072e+02	1892	7.805404e-01	7.000000e-01	
1.926090e+02	1893	7.125128e+01	1.649348e+02	1.926090e+02	1893	6.983257e-01	7.000000e-01	
1.927107e+02	1894	7.121358e+01	1.647182e+02	1.927107e+02	1894	6.981603e-01	7.000000e-01	
1.928125e+02	1895	5.667433e+01	1.539094e+02	1.928125e+02	1895	7.308703e-01	7.000000e-01	
1.929142e+02	1896	5.966123e+01	1.615138e+02	1.929142e+02	1896	7.302533e-01	7.000000e-01	
1.930160e+02	1897	6.343936e+01	1.647337e+02	1.930160e+02	1897	7.219682e-01	7.000000e-01	
1.931177e+02	1898	5.476341e+01	1.842415e+02	1.931177e+02	1898	7.708691e-01	7.000000e-01	
1.932195e+02	1899	4.938501e+01	1.906293e+02	1.932195e+02	1899	7.942414e-01	7.000000e-01	
1.933212e+02	1900	5.938259e+01	1.620834e+02	1.933212e+02	1900	7.318659e-01	7.000000e-01	
1.934229e+02	1901	6.313227e+01	1.637494e+02	1.934229e+02	1901	7.217392e-01	7.000000e-01	
1.935247e+02	1902	5.797408e+01	1.628848e+02	1.935247e+02	1902	7.375062e-01	7.000000e-01	
1.936264e+02	1903	6.476609e+01	1.814817e+02	1.936264e+02	1903	7.369881e-01	7.000000e-01	
1.937282e+02	1904	5.566531e+01	1.747813e+02	1.937282e+02	1904	7.584460e-01	7.000000e-01	
1.938299e+02	1905	5.455450e+01	8.990215e+01	1.938299e+02	1905	6.223469e-01	7.000000e-01	
1.939317e+02	1906	7.111756e+01	2.062785e+02	1.939317e+02	1906	7.436245e-01	7.000000e-01	
1.940334e+02	1907	7.151037e+01	1.591563e+02	1.940334e+02	1907	6.899839e-01	7.000000e-01	
1.941352e+02	1908	6.104789e+01	1.798550e+02	1.941352e+02	1908	7.465871e-01	7.000000e-01	
1.942369e+02	1909	7.109296e+01	2.063289e+02	1.942369e+02	1909	7.437370e-01	7.000000e-01	
1.943387e+02	1910	6.376482e+01	1.717110e+02	1.943387e+02	1910	7.292086e-01	7.000000e-01	
1.944404e+02	1911	5.354407e+01	1.382735e+02	1.944404e+02	1911	7.208594e-01	7.000000e-01	
1.945422e+02	1912	6.123104e+01	7.453417e+01	1.945422e+02	1912	5.489931e-01	7.000000e-01	
1.946439e+02	1913	6.406050e+01	1.793905e+02	1.946439e+02	1913	7.368649e-01	7.000000e-01	
1.947457e+02	1914	5.411903e+01	1.533077e+02	1.947457e+02	1914	7.390933e-01	7.000000e-01	
1.948474e+02	1915	6.157768e+01	1.590747e+02	1.948474e+02	1915	7.209290e-01	7.000000e-01	
1.949492e+02	1916	5.973129e+01	1.702844e+02	1.949492e+02	1916	7.403165e-01	7.000000e-01	
1.950509e+02	1917	5.915728e+01	1.890951e+02	1.950509e+02	1917	7.617051e-01	7.000000e-01	
1.951527e+02	1918	6.086447e+01	1.839854e+02	1.951527e+02	1918	7.514213e-01	7.000000e-01	
1.952544e+02	1919	5.422534e+01	1.709011e+02	1.952544e+02	1919	7.591338e-01	7.000000e-01	
1.953562e+02	1920	5.714735e+01	1.446616e+02	1.953562e+02	1920	7.168245e-01	7.000000e-01	
1.954579e+02	1921	5.952749e+01	1.552026e+02	1.954579e+02	1921	7.227799e-01	7.000000e-01	
1.955597e+02	1922	5.925906e+01	1.782041e+02	1.955597e+02	1922	7.504495e-01	7.000000e-01	
1.956614e+02	1923	5.102958e+01	1.539183e+02	1.956614e+02	1923	7.510119e-01	7.000000e-01	
1.957632e+02	1924	7.209623e+01	9.865782e+01	1.957632e+02	1924	5.777773e-01	7.000000e-01	
1.958649e+02	1925	5.711073e+01	1.666857e+02	1.958649e+02	1925	7.448095e-01	7.000000e-01	
1.959666e+02	1926	5.355461e+01	1.878621e+02	1.959666e+02	1926	7.781653e-01	7.000000e-01	
1.960684e+02	1927	5.496991e+01	1.612326e+02	1.960684e+02	1927	7.457480e-01	7.000000e-01	
1.961701e+02	1928	5.079742e+01	1.204147e+02	1.961701e+02	1928	7.033071e-01	7.000000e-01	
1.962719e+02	1929	5.314333e+01	9.994042e+01	1.962719e+02	1929	6.528480e-01	7.000000e-01	
1.963736e+02	1930	6.558008e+01	1.554738e+02	1.963736e+02	1930	7.033299e-01	7.000000e-01	
1.964754e+02	1931	6.865267e+01	2.043352e+02	1.964754e+02	1931	7.485138e-01	7.000000e-01	
1.965771e+02	1932	6.719491e+01	1.588091e+02	1.965771e+02	1932	7.026827e-01	7.000000e-01	
1.966789e+02	1933	6.676660e+01	1.996828e+02	1.966789e+02	1933	7.494211e-01	7.000000e-01	
1.967806e+02	1934	4.722286e+01	1.352878e+02	1.967806e+02	1934	7.412597e-01	7.000000e-01	
1.968824e+02	1935	6.219630e+01	1.558394e+02	1.968824e+02	1935	7.147426e-01	7.000000e-01	
1.969841e+02	1936	6.788512e+01	1.417038e+02	1.969841e+02	1936	6.761035e-01	7.000000e-01	
1.970859e+02	1937	8.265464e+01	1.203105e+02	1.970859e+02	1937	5.927644e-01	7.000000e-01	
1.971876e+02	1938	7.035425e+01	1.355693e+02	1.971876e+02	1938	6.583477e-01	7.000000e-01	
1.972894e+02	1939	7.465499e+01	1.434001e+02	1.972894e+02	1939	6.576324e-01	7.000000e-01	
1.973911e+02	1940	6.442204e+01	1.325744e+02	1.973911e+02	1940	6.729787e-01	7.000000e-01	
1.974929e+02	1941	7.100957e+01	1.464006e+02	1.974929e+02	1941	6.733843e-01	7.000000e-01	
1.975946e+02	1942	6.850213e+01	1.291949e+02	1.975946e+02	1942	6.534994e-01	7.000000e-01	
1.976964e+02	1943	7.018306e+01	1.302643e+02	1.976964e+02	1943	6.498679e-01	7.000000e-01	
1.977981e+02	1944	6.663993e+01	1.249164e+02	1.977981e+02	1944	6.521131e-01	7.000000e-01	
1.978999e+02	1945	6.263154e+01	1.386060e+02	1.978999e+02	1945	6.887681e-01	7.000000e-01	
1.980016e+02	1946	6.194342e+01	1.260787e+02	1.980016e+02	1946	6.705525e-01	7.000000e-01	
1.981034e+02	1947	5.792294e+01	1.264536e+02	1.981034e+02	1947	6.858443e-01	7.000000e-01	
1.982051e+02	1948	7.294261e+01	1.408183e+02	1.982051e+02	1948	6.587654e-01	7.000000e-01	
1.983069e+02	1949	6.204725e+01	1.200604e+02	1.983069e+02	1949	6.592826e-01	7.000000e-01	
1.984086e+02	1950	7.001544e+01	1.098354e+02	1.984086e+02	1950	6.107027e-01	7.000000e-01	
1.985103e+02	1951	6.931806e+01	1.066416e+02	1.985103e+02	1951	6.060571e-01	7.000000e-01	
1.986121e+02	1952	6.603837e+01	1.365687e+02	1.986121e+02	1952	6.740569e-01	7.000000e-01	
1.987138e+02	1953	5.798015e+01	1.649676e+02	1.987138e+02	1953	7.399384e-01	7.000000e-01	
1.988156e+02	1954	4.970947e+01	1.550215e+02	1.988156e+02	1954	7.571961e-01	7.000000e-01	
1.989173e+02	1955	5.011257e+01	1.576558e+02	1.989173e+02	1955	7.588056e-01	7.000000e-01	
1.990191e+02	1956	6.498398e+01	1.787819e+02	1.990191e+02	1956	7.334164e-01	7.000000e-01	
1.991208e+02	1957	5.987813e+01	2.069162e+02	1.991208e+02	1957	7.755645e-01	7.000000e-01	
1.992226e+02	1958	5.150131e+01	1.716565e+02	1.992226e+02	1958	7.692157e-01	7.000000e-01	
1.993243e+02	1959	4.441892e+01	1.555162e+02	1.993243e+02	1959	7.778333e-01	7.000000e-01	
1.994261e+02	1960	4.293709e+01	1.596886e+02	1.994261e+02	1960	7.880965e-01	7.000000e-01	
1.995278e+02	1961	4.256198e+01	1.581734e+02	1.995278e+02	1961	7.879697e-01	7.000000e-01	
1.996296e+02	1962	4.986738e+01	1.544337e+02	1.996296e+02	1962	7.559123e-01	7.000000e-01	
1.997313e+02	1963	4.799051e+01	1.532238e+02	1.997313e+02	1963	7.614955e-01	7.000000e-01	
1.998331e+02	1964	4.685660e+01	1.557290e+02	1.998331e+02	1964	7.687072e-01	7.000000e-01	
1.999348e+02	1965	4.010083e+01	1.483455e+02	1.999348e+02	1965	7.872029e-01	7.000000e-01	
2.000366e+02	1966	4.465095e+01	1.698242e+02	2.000366e+02	1966	7.918129e-01	7.000000e-01	
2.001383e+02	1967	4.934483e+01	1.747889e+02	2.001383e+02	1967	7.798420e-01	7.000000e-01	
2.002401e+02	1968	3.691716e+01	1.762595e+02	2.002401e+02	1968	8.268236e-01	7.000000e-01	
2.003418e+02	1969	3.640664e+01	1.878983e+02	2.003418e+02	1969	8.376913e-01	7.000000e-01	
2.004436e+02	1970	6.576649e+01	9.292399e+01	2.004436e+02	1970	5.855675e-01	7.000000e-01	
2.005453e+02	1971	4.285476e+01	2.084357e+02	2.005453e+02	1971	8.294613e-01	7.000000e-01	
2.006471e+02	1972	4.376080e+01	1.694305e+02	2.006471e+02	1972	7.947346e-01	7.000000e-01	
2.007488e+02	1973	3.235092e+01	1.254669e+02	2.007488e+02	1973	7.950110e-01	7.000000e-01	
2.008506e+02	1974	2.498006e+01	1.602002e+02	2.008506e+02	1974	8.651041e-01	7.000000e-01	
2.009523e+02	1975	4.247398e+01	1.870645e+02	2.009523e+02	1975	8.149592e-01	7.000000e-01	
2.010540e+02	1976	2.992492e+01	1.686751e+02	2.010540e+02	1976	8.493207e-01	7.000000e-01	
2.011558e+02	1977	3.560406e+01	1.780996e+02	2.011558e+02	1977	8.333952e-01	7.000000e-01	
2.012575e+02	1978	3.513263e+01	1.815453e+02	2.012575e+02	1978	8.378578e-01	7.000000e-01	
2.013593e+02	1979	3.588021e+01	1.651233e+02	2.013593e+02	1979	8.214946e-01	7.000000e-01	
2.014610e+02	1980	3.122425e+01	1.487926e+02	2.014610e+02	1980	8.265482e-01	7.000000e-01	
2.015628e+02	1981	3.238230e+01	1.544353e+02	2.015628e+02	1981	8.266635e-01	7.000000e-01	
2.016645e+02	1982	2.811439e+01	1.673141e+02	2.016645e+02	1982	8.561398e-01	7.000000e-01	
2.017663e+02	1983	5.477605e+01	1.688000e+02	2.017663e+02	1983	7.550004e-01	7.000000e-01	
2.018680e+02	1984	6.447219e+01	2.024545e+02	2.018680e+02	1984	7.584648e-01	7.000000e-01	
2.019698e+02	1985	5.621644e+01	1.615962e+02	2.019698e+02	1985	7.419046e-01	7.000000e-01	
2.020715e+02	1986	5.407038e+01	1.690797e+02	2.020715e+02	1986	7.576950e-01	7.000000e-01	
2.021733e+02	1987	8.830837e+01	9.638864e+01	2.021733e+02	1987	5.218744e-01	7.000000e-01	
2.022750e+02	1988	5.647110e+01	2.058165e+02	2.022750e+02	1988	7.846978e-01	7.000000e-01	
2.023768e+02	1989	6.145616e+01	1.964484e+02	2.023768e+02	1989	7.617097e-01	7.000000e-01	
2.024785e+02	1990	1.766535e+02	1.838335e+00	2.024785e+02	1990	1.029927e-02	0	
2.025803e+02	1991	1.776350e+02	1.007882e+01	2.025803e+02	1991	5.369248e-02	0	
2.026820e+02	1992	1.777235e+02	2.985926e+00	2.026820e+02	1992	1.652336e-02	0	
2.027838e+02	1993	1.738002e+02	-1.046945e+00	2.027838e+02	1993	-6.060349e-03	0	
2.028855e+02	1994	1.757852e+02	1.107697e+01	2.028855e+02	1994	5.927883e-02	0	
2.029873e+02	1995	1.766171e+02	-4.444463e+00	2.029873e+02	1995	-2.581399e-02	0	
2.030890e+02	1996	1.870171e+02	6.805121e+00	2.030890e+02	1996	3.511012e-02	0	
2.031908e+02	1997	1.805041e+02	5.785992e+00	2.031908e+02	1997	3.105904e-02	0	
2.032925e+02	1998	1.774279e+02	1.652410e+01	2.032925e+02	1998	8.519685e-02	0	
2.033943e+02	1999	1.912594e+02	-7.404759e+00	2.033943e+02	1999	-4.027507e-02	0	
2.034960e+02	2000	2.032377e+02	9.053866e+00	2.034960e+02	2000	4.264826e-02	0	
2.035977e+02	2001	1.968227e+02	3.081171e-01	2.035977e+02	2001	1.563008e-03	0	
2.036995e+02	2002	2.323048e+02	3.203061e+01	2.036995e+02	2002	1.211741e-01	0	
2.038012e+02	2003	2.006078e+02	7.680008e+00	2.038012e+02	2003	3.687210e-02	0	
2.039030e+02	2004	1.968737e+02	2.900954e+01	2.039030e+02	2004	1.284271e-01	0	
2.040047e+02	2005	1.884666e+02	-2.097043e+01	2.040047e+02	2005	-1.251995e-01	0	
2.041065e+02	2006	1.969330e+02	-6.620763e-01	2.041065e+02	2006	-3.373278e-03	0	
2.042082e+02	2007	2.142137e+02	-1.403700e+01	2.042082e+02	2007	-7.012305e-02	0	
2.043100e+02	2008	1.867801e+02	-1.000858e+01	2.043100e+02	2008	-5.661874e-02	0	
2.044117e+02	2009	2.028917e+02	-3.466207e+00	2.044117e+02	2009	-1.738096e-02	0	
2.045135e+02	2010	1.818750e+02	-4.931627e+00	2.045135e+02	2010	-2.787122e-02	0	
2.046152e+02	2011	2.108865e+02	-1.855021e+01	2.046152e+02	2011	-9.644675e-02	0	
2.047170e+02	2012	1.918414e+02	-2.034342e+01	2.047170e+02	2012	-1.186219e-01	0	
2.048187e+02	2013	1.955193e+02	-2.605435e+01	2.048187e+02	2013	-1.537448e-01	0	
2.049205e+02	2014	1.779922e+02	-1.382253e+01	2.049205e+02	2014	-8.419661e-02	0	
2.050222e+02	2015	1.968754e+02	-1.685168e-02	2.050222e+02	2015	-8.560299e-05	0	
2.051240e+02	2016	1.832777e+02	-1.507722e+01	2.051240e+02	2016	-8.963839e-02	0	
2.052257e+02	2017	1.726670e+02	3.060500e+01	2.052257e+02	2017	1.505618e-01	0	
2.053275e+02	2018	1.864930e+02	-2.640001e+00	2.053275e+02	2018	-1.435930e-02	0	
2.054292e+02	2019	1.839515e+02	-5.721676e+00	2.054292e+02	2019	-3.210280e-02	0	
2.055310e+02	2020	1.840596e+02	2.262885e+01	2.055310e+02	2020	1.094829e-01	0	
2.056327e+02	2021	1.794007e+02	-3.250205e+01	2.056327e+02	2021	-2.212549e-01	0	
2.057345e+02	2022	1.989493e+02	1.091263e+01	2.057345e+02	2022	5.199909e-02	0	
2.058362e+02	2023	1.882462e+02	-2.799157e+01	2.058362e+02	2023	-1.746693e-01	0	
2.059380e+02	2024	1.769283e+02	-2.664205e+01	2.059380e+02	2024	-1.772754e-01	0	
2.060397e+02	2025	1.904235e+02	-3.531632e+01	2.060397e+02	2025	-2.276898e-01	0	
2.061414e+02	2026	1.759838e+02	-2.183507e+01	2.061414e+02	2026	-1.416494e-01	0	
2.062432e+02	2027	1.792921e+02	-3.175829e+01	2.062432e+02	2027	-2.152611e-01	0	
2.063449e+02	2028	1.726466e+02	-2.189825e+01	2.063449e+02	2028	-1.452636e-01	0	
2.064467e+02	2029	1.632802e+02	-2.588333e+01	2.064467e+02	2029	-1.883837e-01	0	
2.065484e+02	2030	1.769216e+02	-1.908893e+01	2.065484e+02	2030	-1.209441e-01	0	
2.066502e+02	2031	1.501113e+02	-4.482406e+00	2.066502e+02	2031	-3.077965e-02	0	
2.067519e+02	2032	1.552626e+02	-2.013747e+01	2.067519e+02	2032	-1.490283e-01	0	
2.068537e+02	2033	1.694799e+02	-1.685140e+01	2.068537e+02	2033	-1.104080e-01	0	
2.069554e+02	2034	2.209801e+02	-4.791586e+01	2.069554e+02	2034	-2.768675e-01	0	
2.070572e+02	2035	1.747047e+02	-1.095896e+01	2.070572e+02	2035	-6.692669e-02	0	
2.071589e+02	2036	1.920516e+02	-3.794355e+01	2.071589e+02	2036	-2.462139e-01	0	
2.072607e+02	2037	1.703599e+02	-7.522318e+00	2.072607e+02	2037	-4.619522e-02	0	
2.073624e+02	2038	1.861455e+02	-2.875054e+01	2.073624e+02	2038	-1.826649e-01	0	
2.074642e+02	2039	1.644133e+02	-5.013945e+00	2.074642e+02	2039	-3.145524e-02	0	
2.075659e+02	2040	1.564601e+02	-6.831802e+00	2.075659e+02	2040	-4.565849e-02	0	
2.076677e+02	2041	1.576392e+02	-9.076117e+00	2.076677e+02	2041	-6.109268e-02	0	
2.077694e+02	2042	1.738051e+02	-3.391587e+00	2.077694e+02	2042	-1.990210e-02	0	
2.078712e+02	2043	1.666083e+02	-3.438967e+00	2.078712e+02	2043	-2.107606e-02	0	
2.079729e+02	2044	1.656263e+02	-9.368253e+00	2.079729e+02	2044	-5.995373e-02	0	
2.080747e+02	2045	1.256180e+02	-1.544091e+01	2.080747e+02	2045	-1.401463e-01	0	
2.081764e+02	2046	1.653160e+02	-1.064117e+01	2.081764e+02	2046	-6.879704e-02	0	
2.082782e+02	2047	1.629240e+02	-2.648216e+01	2.082782e+02	2047	-1.940912e-01	0	
2.083799e+02	2048	1.617581e+02	-3.148177e+00	2.083799e+02	2048	-1.984855e-02	0	
2.084817e+02	2049	1.547262e+02	-1.548746e+01	2.084817e+02	2049	-1.112295e-01	0	
2.085834e+02	2050	1.672685e+02	-1.383428e+01	2.085834e+02	2050	-9.016424e-02	0	
2.086851e+02	2051	1.625466e+02	-1.048647e+01	2.086851e+02	2051	-6.896265e-02	0	
2.087869e+02	2052	1.594031e+02	-2.239556e+01	2.087869e+02	2052	-1.634622e-01	0	
2.088886e+02	2053	1.681343e+02	-2.410274e+00	2.088886e+02	2053	-1.454390e-02	0	
2.089904e+02	2054	1.830283e+02	-4.734527e-02	2.089904e+02	2054	-2.587443e-04	0	
2.090921e+02	2055	1.670314e+02	-4.853621e+00	2.090921e+02	2055	-2.992778e-02	0	
2.091939e+02	2056	1.650900e+02	-1.594984e+00	2.091939e+02	2056	-9.755551e-03	0	
2.092956e+02	2057	1.741367e+02	-4.997192e+00	2.092956e+02	2057	-2.954479e-02	0	
2.093974e+02	2058	1.643134e+02	-1.455866e+00	2.093974e+02	2058	-8.939507e-03	0	
2.094991e+02	2059	1.774746e+02	1.077924e+01	2.094991e+02	2059	5.725907e-02	0	
2.096009e+02	2060	1.885584e+02	2.697728e+01	2.096009e+02	2060	1.251639e-01	0	
2.097026e+02	2061	1.767926e+02	-9.801360e+00	2.097026e+02	2061	-5.869386e-02	0	
2.098044e+02	2062	1.617138e+02	-5.564159e-01	2.098044e+02	2062	-3.452624e-03	0	
2.099061e+02	2063	1.715575e+02	1.878237e+00	2.099061e+02	2063	1.082958e-02	0	
2.100079e+02	2064	1.762487e+02	-5.096095e+00	2.100079e+02	2064	-2.977515e-02	0	
2.101096e+02	2065	1.614659e+02	-1.298665e+01	2.101096e+02	2065	-8.746441e-02	0	
2.102114e+02	2066	1.774151e+02	2.773374e+01	2.102114e+02	2066	1.351884e-01	0	
2.103131e+02	2067	1.800722e+02	-1.912229e+00	2.103131e+02	2067	-1.073321e-02	0	
2.104149e+02	2068	1.730487e+02	6.543142e+00	2.104149e+02	2068	3.643340e-02	0	
2.105166e+02	2069	1.816720e+02	-1.163313e+01	2.105166e+02	2069	-6.841453e-02	0	
2.106184e+02	2070	1.912644e+02	-1.906120e+00	2.106184e+02	2070	-1.006621e-02	0	
2.107201e+02	2071	1.909185e+02	-2.965287e+00	2.107201e+02	2071	-1.577673e-02	0	
2.108219e+02	2072	2.070008e+02	3.392509e+00	2.108219e+02	2072	1.612460e-02	0	
2.109236e+02	2073	1.911064e+02	-8.484947e+00	2.109236e+02	2073	-4.646194e-02	0	
2.110254e+02	2074	1.758378e+02	-1.549024e+01	2.110254e+02	2074	-9.660415e-02	0	
2.111271e+02	2075	1.890562e+02	-1.488219e+01	2.111271e+02	2075	-8.544438e-02	0	
2.112288e+02	2076	1.882387e+02	1.900953e+00	2.112288e+02	2076	9.997667e-03	0	
2.113306e+02	2077	1.939611e+02	-9.769356e+00	2.113306e+02	2077	-5.303905e-02	0	
2.114323e+02	2078	2.125274e+02	-9.183281e+00	2.114323e+02	2078	-4.516128e-02	0	
2.115341e+02	2079	1.869780e+02	-2.093091e+01	2.115341e+02	2079	-1.260541e-01	0	
2.116358e+02	2080	1.784738e+02	-2.406007e+01	2.116358e+02	2080	-1.558156e-01	0	
2.117376e+02	2081	1.773867e+02	-3.377997e+01	2.117376e+02	2081	-2.352255e-01	0	
2.118393e+02	2082	1.621005e+02	-3.664214e+01	2.118393e+02	2082	-2.920661e-01	0	
2.119411e+02	2083	2.156338e+02	-3.313664e+01	2.119411e+02	2083	-1.815735e-01	0	
2.120428e+02	2084	1.845605e+02	-3.018353e+01	2.120428e+02	2084	-1.955183e-01	0	
2.121446e+02	2085	1.882896e+02	-1.790029e+01	2.121446e+02	2085	-1.050552e-01	0	
2.122463e+02	2086	2.172740e+02	-3.373974e+01	2.122463e+02	2086	-1.838335e-01	0	
2.123481e+02	2087	1.749817e+02	-3.658727e+01	2.123481e+02	2087	-2.643695e-01	0	
2.124498e+02	2088	1.639964e+02	-2.480426e+01	2.124498e+02	2088	-1.782016e-01	0	
2.125516e+02	2089	2.055076e+02	-3.530774e+01	2.125516e+02	2089	-2.074487e-01	0	
2.126533e+02	2090	1.819490e+02	-3.230682e+01	2.126533e+02	2090	-2.158938e-01	0	
2.127551e+02	2091	1.679391e+02	1.077586e+01	2.127551e+02	2091	6.029635e-02	0	
2.128568e+02	2092	1.797807e+02	-3.333815e+01	2.128568e+02	2092	-2.276534e-01	0	
2.129586e+02	2093	1.676721e+02	-5.337466e+00	2.129586e+02	2093	-3.287940e-02	0	
2.130603e+02	2094	1.621406e+02	-9.667788e+00	2.130603e+02	2094	-6.340664e-02	0	
2.131621e+02	2095	1.761985e+02	-1.107443e+01	2.131621e+02	2095	-6.706733e-02	0	
2.132638e+02	2096	1.790294e+02	6.900465e-01	2.132638e+02	2096	3.839576e-03	0	
2.133656e+02	2097	1.604895e+02	1.936212e+01	2.133656e+02	2097	1.076561e-01	0	
2.134673e+02	2098	1.748022e+02	8.145049e-02	2.134673e+02	2098	4.657410e-04	0	
2.135691e+02	2099	1.622596e+02	-1.411863e+01	2.135691e+02	2099	-9.530537e-02	0	
2.136708e+02	2100	1.632005e+02	1.371423e+01	2.136708e+02	2100	7.751887e-02	0	
2.137725e+02	2101	1.658343e+02	6.839228e+00	2.137725e+02	2101	3.960785e-02	0	
2.138743e+02	2102	1.344257e+02	2.241633e+01	2.138743e+02	2102	1.429230e-01	0	
2.139760e+02	2103	1.657087e+02	1.144091e+00	2.139760e+02	2103	6.856889e-03	0	
2.140778e+02	2104	1.641929e+02	-1.232650e+01	2.140778e+02	2104	-8.116674e-02	0	
2.141795e+02	2105	1.612218e+02	1.444753e+00	2.141795e+02	2105	8.881684e-03	0	
2.142813e+02	2106	1.597247e+02	2.154698e+00	2.142813e+02	2106	1.331051e-02	0	
2.143830e+02	2107	1.702732e+02	-2.411838e+01	2.143830e+02	2107	-1.650194e-01	0	
2.144848e+02	2108	1.609022e+02	1.418292e+01	2.144848e+02	2108	8.100586e-02	0	
2.145865e+02	2109	1.678475e+02	-2.476314e+01	2.145865e+02	2109	-1.730667e-01	0	
2.146883e+02	2110	1.645013e+02	1.587706e+00	2.146883e+02	2110	9.559368e-03	0	
2.147900e+02	2111	1.813212e+02	1.340402e+00	2.147900e+02	2111	7.338171e-03	0	
2.148918e+02	2112	1.668193e+02	-2.327906e+01	2.148918e+02	2112	-1.621779e-01	0	
2.149935e+02	2113	1.836187e+02	-3.606213e+00	2.149935e+02	2113	-2.003313e-02	0	
2.150953e+02	2114	1.777960e+02	-2.529107e+01	2.150953e+02	2114	-1.658377e-01	0	
2.151970e+02	2115	1.679795e+02	-4.441426e+00	2.151970e+02	2115	-2.715836e-02	0	
2.152988e+02	2116	1.845615e+02	-1.664910e+01	2.152988e+02	2116	-9.915349e-02	0	
2.154005e+02	2117	1.828425e+02	1.367646e+00	2.154005e+02	2117	7.424379e-03	0	
2.155023e+02	2118	1.676119e+02	-2.482135e+01	2.155023e+02	2118	-1.738305e-01	0	
2.156040e+02	2119	1.736922e+02	-2.076888e+01	2.156040e+02	2119	-1.358124e-01	0	
2.157058e+02	2120	1.839590e+02	-1.766150e+01	2.157058e+02	2120	-1.062042e-01	0	
2.158075e+02	2121	1.660015e+02	-1.042823e+01	2.158075e+02	2121	-6.703099e-02	0	
2.159093e+02	2122	1.764092e+02	-1.042101e+01	2.159093e+02	2122	-6.278164e-02	0	
2.160110e+02	2123	1.802400e+02	-2.147224e+01	2.160110e+02	2123	-1.352431e-01	0	
2.161128e+02	2124	1.626082e+02	-1.053865e+01	2.161128e+02	2124	-6.930151e-02	0	
2.162145e+02	2125	1.682151e+02	-1.589916e+01	2.162145e+02	2125	-1.043828e-01	0	
2.163162e+02	2126	1.795638e+02	-2.010714e+01	2.163162e+02	2126	-1.260978e-01	0	
2.164180e+02	2127	1.901294e+02	-1.294142e+01	2.164180e+02	2127	-7.303780e-02	0	
2.165197e+02	2128	1.691117e+02	-4.140442e+00	2.165197e+02	2128	-2.509796e-02	0	
2.166215e+02	2129	1.719312e+02	-2.470759e+00	2.166215e+02	2129	-1.458015e-02	0	
2.167232e+02	2130	1.814430e+02	-7.507190e+00	2.167232e+02	2130	-4.316069e-02	0	
2.168250e+02	2131	1.762677e+02	-4.143927e+00	2.168250e+02	2131	-2.407527e-02	0	
2.169267e+02	2132	1.748945e+02	-6.427379e+00	2.169267e+02	2132	-3.815213e-02	0	
2.170285e+02	2133	1.802457e+02	-8.280398e+00	2.170285e+02	2133	-4.815156e-02	0	
2.171302e+02	2134	1.802848e+02	-8.578145e+00	2.171302e+02	2134	-4.995814e-02	0	
2.172320e+02	2135	1.697528e+02	-7.291165e+00	2.172320e+02	2135	-4.487930e-02	0	
2.173337e+02	2136	1.939279e+02	-2.011169e+01	2.173337e+02	2136	-1.157066e-01	0	
2.174355e+02	2137	1.695295e+02	-1.656201e+01	2.174355e+02	2137	-1.082714e-01	0	
2.175372e+02	2138	1.757726e+02	-1.541743e+01	2.175372e+02	2138	-9.614551e-02	0	
2.176390e+02	2139	1.713576e+02	-1.671983e+01	2.176390e+02	2139	-1.081225e-01	0	
2.177407e+02	2140	1.759587e+02	-2.866794e+00	2.177407e+02	2140	-1.656226e-02	0	
2.178425e+02	2141	1.677589e+02	-6.904377e+00	2.178425e+02	2141	-4.292311e-02	0	
2.179442e+02	2142	1.731006e+02	-1.164305e+01	2.179442e+02	2142	-7.211214e-02	0	
2.180460e+02	2143	1.649671e+02	-2.425673e+00	2.180460e+02	2143	-1.492341e-02	0	
2.181477e+02	2144	1.829413e+02	4.970901e+00	2.181477e+02	2144	2.645332e-02	0	
2.182495e+02	2145	1.754038e+02	-7.770747e+00	2.182495e+02	2145	-4.635570e-02	0	
2.183512e+02	2146	1.653295e+02	-1.383727e+01	2.183512e+02	2146	-9.133980e-02	0	
2.184530e+02	2147	1.774275e+02	7.269210e+00	2.184530e+02	2147	3.935755e-02	0	
2.185547e+02	2148	1.788352e+02	1.178260e+01	2.185547e+02	2148	6.181270e-02	0	
2.186565e+02	2149	1.828841e+02	1.319881e+01	2.186565e+02	2149	6.731239e-02	0	
2.187582e+02	2150	1.766361e+02	2.497870e+01	2.187582e+02	2150	1.238932e-01	0	
2.188599e+02	2151	1.734938e+02	1.740796e+01	2.188599e+02	2151	9.118805e-02	0	
2.189617e+02	2152	1.787750e+02	8.475323e+00	2.189617e+02	2152	4.526199e-02	0	
2.190634e+02	2153	1.748939e+02	2.556697e+01	2.190634e+02	2153	1.275410e-01	0	
2.191652e+02	2154	1.568536e+02	4.159755e-01	2.191652e+02	2154	2.644984e-03	0	
2.192669e+02	2155	1.956529e+02	-8.417688e+00	2.192669e+02	2155	-4.495783e-02	0	
2.193687e+02	2156	1.732855e+02	5.626004e+00	2.193687e+02	2156	3.144574e-02	0	
2.194704e+02	2157	1.745076e+02	8.959900e+00	2.194704e+02	2157	4.883644e-02	0	
2.195722e+02	2158	1.719558e+02	9.631966e+00	2.195722e+02	2158	5.304303e-02	0	
2.196739e+02	2159	1.653423e+02	-3.945092e+00	2.196739e+02	2159	-2.444337e-02	0	
2.197757e+02	2160	1.662353e+02	1.358071e+01	2.197757e+02	2160	7.552559e-02	0	
2.198774e+02	2161	2.053087e+02	3.728486e+00	2.198774e+02	2161	1.783647e-02	0	
2.199792e+02	2162	1.523877e+02	-6.016913e+00	2.199792e+02	2162	-4.110734e-02	0	
2.200809e+02	2163	1.433174e+02	2.851603e+01	2.200809e+02	2163	1.659516e-01	0	
2.201827e+02	2164	1.687166e+02	1.282907e+01	2.201827e+02	2164	7.066580e-02	0	
2.202844e+02	2165	1.470532e+02	-1.215923e+01	2.202844e+02	2165	-9.013917e-02	0	
2.203862e+02	2166	1.674310e+02	6.183147e+00	2.203862e+02	2166	3.561430e-02	0	
2.204879e+02	2167	1.284721e+02	2.080152e+01	2.204879e+02	2167	1.393516e-01	0	
2.205897e+02	2168	1.286452e+02	1.855228e+01	2.205897e+02	2168	1.260367e-01	0	
2.206914e+02	2169	1.056447e+02	4.554575e+01	2.206914e+02	2169	3.012475e-01	0	
2.207932e+02	2170	1.146199e+02	2.633475e+01	2.207932e+02	2170	1.868314e-01	0	
2.208949e+02	2171	1.335179e+02	1.537560e+01	2.208949e+02	2171	1.032658e-01	0	
2.209967e+02	2172	1.356191e+02	4.594263e+01	2.209967e+02	2172	2.530414e-01	0	
2.210984e+02	2173	1.283136e+02	2.069341e+01	2.210984e+02	2173	1.388754e-01	0	
2.212002e+02	2174	1.469888e+02	3.012978e+01	2.212002e+02	2174	1.701108e-01	0	
2.213019e+02	2175	1.382132e+02	6.016335e+00	2.213019e+02	2175	4.171361e-02	0	
2.214036e+02	2176	1.366212e+02	3.565926e+01	2.214036e+02	2176	2.069838e-01	0	
2.215054e+02	2177	1.361545e+02	1.387266e+01	2.215054e+02	2177	9.246766e-02	0	
2.216071e+02	2178	1.341370e+02	1.818983e+01	2.216071e+02	2178	1.194132e-01	0	
2.217089e+02	2179	1.208133e+02	1.837151e+01	2.217089e+02	2179	1.319936e-01	0	
2.218106e+02	2180	1.341051e+02	4.273443e+01	2.218106e+02	2180	2.416565e-01	0	
2.219124e+02	2181	1.511705e+02	1.478727e+01	2.219124e+02	2181	8.910261e-02	0	
2.220141e+02	2182	1.278293e+02	2.425442e+01	2.220141e+02	2182	1.594807e-01	0	
2.221159e+02	2183	1.340215e+02	4.281883e+01	2.221159e+02	2183	2.421327e-01	0	
2.222176e+02	2184	1.494022e+02	3.662105e+00	2.222176e+02	2184	2.392527e-02	0	
2.223194e+02	2185	1.466187e+02	2.942902e+01	2.223194e+02	2185	1.671650e-01	0	
2.224211e+02	2186	1.742545e+02	-3.547137e+01	2.224211e+02	2186	-2.555885e-01	0	
2.225229e+02	2187	1.908037e+02	-1.584606e+01	2.225229e+02	2187	-9.057084e-02	0	
2.226246e+02	2188	1.377033e+02	2.871152e+01	2.226246e+02	2188	1.725298e-01	0	
2.227264e+02	2189	1.068158e+02	2.985913e+01	2.227264e+02	2189	2.184682e-01	0	
2.228281e+02	2190	1.188650e+02	3.570031e+01	2.228281e+02	2190	2.309723e-01	0	
2.229299e+02	2191	1.061238e+02	3.194397e+01	2.229299e+02	2191	2.313644e-01	0	
2.230316e+02	2192	1.439926e+02	1.857812e+01	2.230316e+02	2192	1.142772e-01	0	
2.231334e+02	2193	1.375017e+02	3.991780e+01	2.231334e+02	2193	2.249911e-01	0	
2.232351e+02	2194	1.333794e+02	2.501675e+01	2.232351e+02	2194	1.579379e-01	0	
2.233369e+02	2195	1.640802e+02	2.938358e+00	2.233369e+02	2195	1.759300e-02	0	
2.234386e+02	2196	1.351764e+02	2.215409e+01	2.234386e+02	2196	1.408124e-01	0	
2.235404e+02	2197	1.349689e+02	2.864905e+01	2.235404e+02	2197	1.750972e-01	0	
2.236421e+02	2198	1.154911e+02	2.111081e+01	2.236421e+02	2198	1.545426e-01	0	
2.237439e+02	2199	1.270910e+02	1.410916e+01	2.237439e+02	2199	9.992312e-02	0	
2.238456e+02	2200	1.328250e+02	2.574134e+01	2.238456e+02	2200	1.623380e-01	0	
2.239473e+02	2201	1.204962e+02	9.045305e+00	2.239473e+02	2201	6.982554e-02	0	
2.240491e+02	2202	1.127073e+02	1.588795e+01	2.240491e+02	2202	1.235501e-01	0	
2.241508e+02	2203	1.205806e+02	7.195631e+00	2.241508e+02	2203	5.631432e-02	0	
2.242526e+02	2204	1.229820e+02	2.340551e+01	2.242526e+02	2204	1.598873e-01	0	
2.243543e+02	2205	1.110887e+02	1.844481e+01	2.243543e+02	2205	1.423941e-01	0	
2.244561e+02	2206	1.025673e+02	2.447945e+01	2.244561e+02	2206	1.926806e-01	0	
2.245578e+02	2207	1.276073e+02	1.583906e+01	2.245578e+02	2207	1.104180e-01	0	
2.246596e+02	2208	1.255109e+02	-9.993173e+00	2.246596e+02	2208	-8.650770e-02	0	
2.247613e+02	2209	1.240858e+02	5.312690e+00	2.247613e+02	2209	4.105682e-02	0	
2.248631e+02	2210	1.125337e+02	1.765980e+01	2.248631e+02	2210	1.356427e-01	0	
2.249648e+02	2211	1.730768e+02	7.471296e+00	2.249648e+02	2211	4.138120e-02	0	
2.250666e+02	2212	1.623137e+02	1.456373e+01	2.250666e+02	2212	8.233798e-02	0	
2.251683e+02	2213	1.430012e+02	3.308270e+01	2.251683e+02	2213	1.878803e-01	0	
2.252701e+02	2214	1.365067e+02	1.066515e+01	2.252701e+02	2214	7.246732e-02	0	
2.253718e+02	2215	1.381363e+02	1.323995e+01	2.253718e+02	2215	8.746385e-02	0	
2.254736e+02	2216	1.276210e+02	3.991851e+01	2.254736e+02	2216	2.382633e-01	0	
2.255753e+02	2217	1.327146e+02	2.689206e+01	2.255753e+02	2217	1.684896e-01	0	
2.256771e+02	2218	1.232382e+02	3.491429e+01	2.256771e+02	2218	2.207635e-01	0	
2.257788e+02	2219	1.284367e+02	3.823295e+01	2.257788e+02	2219	2.293936e-01	0	
2.258806e+02	2220	1.327876e+02	3.197108e+01	2.258806e+02	2220	1.940479e-01	0	
2.259823e+02	2221	1.455366e+02	2.563179e+01	2.259823e+02	2221	1.497460e-01	0	
2.260841e+02	2222	1.416497e+02	3.163851e+01	2.260841e+02	2222	1.825774e-01	0	
2.261858e+02	2223	1.415056e+02	3.680212e+01	2.261858e+02	2223	2.063967e-01	0	
2.262876e+02	2224	1.322426e+02	4.152909e+01	2.262876e+02	2224	2.389865e-01	0	
2.263893e+02	2225	1.450083e+02	6.573568e+01	2.263893e+02	2225	3.119220e-01	0	
2.264910e+02	2226	1.536584e+02	4.925784e+01	2.264910e+02	2226	2.427496e-01	0	
2.265928e+02	2227	1.405340e+02	3.311495e+01	2.265928e+02	2227	1.907005e-01	0	
2.266945e+02	2228	1.465276e+02	6.612814e+01	2.266945e+02	2228	3.109633e-01	0	
2.267963e+02	2229	1.523596e+02	5.484352e+01	2.267963e+02	2229	2.646848e-01	0	
2.268980e+02	2230	1.687927e+02	4.571393e+01	2.268980e+02	2230	2.131120e-01	0	
2.269998e+02	2231	1.612042e+02	4.455760e+01	2.269998e+02	2231	2.165494e-01	0	
2.271015e+02	2232	1.334575e+02	3.414372e+01	2.271015e+02	2232	2.037200e-01	0	
2.272033e+02	2233	1.564420e+02	5.627062e+01	2.272033e+02	2233	2.645382e-01	0	
2.273050e+02	2234	1.481376e+02	4.210368e+01	2.273050e+02	2234	2.213173e-01	0	
2.274068e+02	2235	1.203159e+02	3.843408e+01	2.274068e+02	2235	2.421045e-01	0	
2.275085e+02	2236	1.539195e+02	4.374759e+01	2.275085e+02	2236	2.213195e-01	0	
2.276103e+02	2237	1.304221e+02	4.122727e+01	2.276103e+02	2237	2.401831e-01	0	
2.277120e+02	2238	1.386683e+02	5.218305e+01	2.277120e+02	2238	2.734225e-01	0	
2.278138e+02	2239	1.408584e+02	3.886324e+01	2.278138e+02	2239	2.162413e-01	0	
2.279155e+02	2240	1.340205e+02	3.752879e+01	2.279155e+02	2240	2.187639e-01	0	
2.280173e+02	2241	1.219519e+02	4.031189e+01	2.280173e+02	2241	2.484343e-01	0	
2.281190e+02	2242	1.493747e+02	4.052405e+01	2.281190e+02	2242	2.133982e-01	0	
2.282208e+02	2243	1.336319e+02	4.618865e+01	2.282208e+02	2243	2.568597e-01	0	
2.283225e+02	2244	1.289982e+02	5.019465e+01	2.283225e+02	2244	2.801153e-01	0	
2.284243e+02	2245	1.214034e+02	3.707241e+01	2.284243e+02	2245	2.339310e-01	0	
2.285260e+02	2246	1.226899e+02	4.370373e+01	2.285260e+02	2246	2.626527e-01	0	
2.286278e+02	2247	1.025060e+02	4.327109e+01	2.286278e+02	2247	2.968305e-01	0	
2.287295e+02	2248	1.400697e+02	3.292972e+01	2.287295e+02	2248	1.903458e-01	0	
2.288313e+02	2249	1.266349e+02	4.986934e+01	2.288313e+02	2249	2.825390e-01	0	
2.289330e+02	2250	1.091372e+02	4.244905e+01	2.289330e+02	2250	2.800323e-01	0	
2.290347e+02	2251	6.920123e+01	5.730980e+01	2.290347e+02	2251	4.530024e-01	0	
2.291365e+02	2252	1.429933e+02	5.073964e+01	2.291365e+02	2252	2.619051e-01	0	
2.292382e+02	2253	1.482912e+02	3.640269e+01	2.292382e+02	2253	1.970974e-01	0	
2.293400e+02	2254	1.582821e+02	5.482743e+01	2.293400e+02	2254	2.572735e-01	0	
2.294417e+02	2255	1.566067e+02	6.166397e+01	2.294417e+02	2255	2.825115e-01	0	
2.295435e+02	2256	1.530560e+02	1.975737e+01	2.295435e+02	2256	1.143278e-01	0	
2.296452e+02	2257	1.008071e+02	6.307195e+01	2.296452e+02	2257	3.848689e-01	0	
2.297470e+02	2258	1.482317e+02	3.811830e+01	2.297470e+02	2258	2.045522e-01	0	
2.298487e+02	2259	1.812883e+02	4.198380e+01	2.298487e+02	2259	1.880387e-01	0	
2.299505e+02	2260	1.698632e+02	4.492522e+01	2.299505e+02	2260	2.091603e-01	0	
2.300522e+02	2261	1.789118e+02	4.835437e+01	2.300522e+02	2261	2.127654e-01	0	
2.301540e+02	2262	1.728259e+02	4.697407e+01	2.301540e+02	2262	2.137128e-01	0	
2.302557e+02	2263	1.601984e+02	3.649877e+01	2.302557e+02	2263	1.855582e-01	0	
2.303575e+02	2264	1.822852e+02	3.903403e+01	2.303575e+02	2264	1.763698e-01	0	
2.304592e+02	2265	1.819264e+02	5.472683e+01	2.304592e+02	2265	2.312533e-01	0	
2.305610e+02	2266	1.800627e+02	5.372314e+01	2.305610e+02	2266	2.297964e-01	0	
2.306627e+02	2267	1.887675e+02	3.992595e+01	2.306627e+02	2267	1.745828e-01	0	
2.307645e+02	2268	1.799724e+02	3.763768e+01	2.307645e+02	2268	1.729593e-01	0	
2.308662e+02	2269	1.527761e+02	2.057114e+01	2.308662e+02	2269	1.186701e-01	0	
2.309680e+02	2270	1.043937e+02	4.474222e+01	2.309680e+02	2270	3.000097e-01	0	
2.310697e+02	2271	1.591717e+02	1.829728e+01	2.310697e+02	2271	1.031013e-01	0	
2.311715e+02	2272	1.520191e+02	2.929284e+01	2.311715e+02	2272	1.615605e-01	0	
2.312732e+02	2273	1.394922e+02	2.841143e+01	2.312732e+02	2273	1.692127e-01	0	
2.313750e+02	2274	1.414908e+02	3.300069e+01	2.313750e+02	2274	1.891249e-01	0	
2.314767e+02	2275	1.494096e+02	2.355347e+01	2.314767e+02	2275	1.361763e-01	0	
2.315784e+02	2276	1.345666e+02	4.107947e+01	2.315784e+02	2276	2.338764e-01	0	
2.316802e+02	2277	1.487654e+02	3.868523e+01	2.316802e+02	2277	2.063756e-01	0	
2.317819e+02	2278	1.479424e+02	3.363055e+01	2.317819e+02	2278	1.852178e-01	0	
2.318837e+02	2279	1.654187e+02	2.631607e+01	2.318837e+02	2279	1.372525e-01	0	
2.319854e+02	2280	1.575310e+02	2.713770e+01	2.319854e+02	2280	1.469534e-01	0	
2.320872e+02	2281	1.592542e+02	3.781479e+01	2.320872e+02	2281	1.918860e-01	0	
2.321889e+02	2282	1.631245e+02	1.887152e+01	2.321889e+02	2282	1.036919e-01	0	
2.322907e+02	2283	1.537202e+02	2.838994e+01	2.322907e+02	2283	1.558943e-01	0	
2.323924e+02	2284	1.542793e+02	3.010638e+01	2.323924e+02	2284	1.632794e-01	0	
2.324942e+02	2285	1.673718e+02	3.081242e+01	2.324942e+02	2285	1.554736e-01	0	
2.325959e+02	2286	1.597243e+02	2.173311e+01	2.325959e+02	2286	1.197698e-01	0	
2.326977e+02	2287	1.503033e+02	2.091377e+01	2.326977e+02	2287	1.221477e-01	0	
2.327994e+02	2288	1.456935e+02	1.237131e+01	2.327994e+02	2288	7.826733e-02	0	
2.329012e+02	2289	1.537976e+02	5.187106e+01	2.329012e+02	2289	2.522069e-01	0	
2.330029e+02	2290	1.452542e+02	1.730166e+01	2.330029e+02	2290	1.064352e-01	0	
2.331047e+02	2291	1.338477e+02	2.545246e+01	2.331047e+02	2291	1.597767e-01	0	
2.332064e+02	2292	1.467143e+02	1.543345e+01	2.332064e+02	2292	9.518140e-02	0	
2.333082e+02	2293	1.332518e+02	1.541991e+01	2.333082e+02	2293	1.037178e-01	0	
2.334099e+02	2294	1.332988e+02	2.275312e+01	2.334099e+02	2294	1.458048e-01	0	
2.335117e+02	2295	1.463569e+02	2.712366e+01	2.335117e+02	2295	1.563499e-01	0	
2.336134e+02	2296	1.464956e+02	2.456235e+01	2.336134e+02	2296	1.435908e-01	0	
2.337152e+02	2297	1.435179e+02	1.835932e+01	2.337152e+02	2297	1.134151e-01	0	
2.338169e+02	2298	1.540549e+02	1.211039e+01	2.338169e+02	2298	7.288159e-02	0	
2.339187e+02	2299	1.210798e+02	5.536614e+01	2.339187e+02	2299	3.137853e-01	0	
2.340204e+02	2300	1.455182e+02	2.910856e+01	2.340204e+02	2300	1.666901e-01	0	
2.341221e+02	2301	1.449255e+02	3.065244e+01	2.341221e+02	2301	1.745802e-01	0	
2.342239e+02	2302	1.526097e+02	1.538935e+01	2.342239e+02	2302	9.160379e-02	0	
2.343256e+02	2303	1.453486e+02	3.184364e+01	2.343256e+02	2303	1.797124e-01	0	
2.344274e+02	2304	1.248518e+02	9.362986e+01	2.344274e+02	2304	4.285479e-01	0	
2.345291e+02	2305	1.395110e+02	5.107306e+01	2.345291e+02	2305	2.679818e-01	0	
2.346309e+02	2306	1.449372e+02	3.182287e+01	2.346309e+02	2306	1.800343e-01	0	
2.347326e+02	2307	3.356993e+00	1.273636e+02	2.347326e+02	2307	9.743193e-01	7.000000e-01	
2.348344e+02	2308	2.684273e+01	1.635098e+02	2.348344e+02	2308	8.589841e-01	7.000000e-01	
2.349361e+02	2309	3.299892e+01	1.729579e+02	2.349361e+02	2309	8.397775e-01	7.000000e-01	
2.350379e+02	2310	5.404296e+00	1.283994e+02	2.350379e+02	2310	9.596103e-01	7.000000e-01	
2.351396e+02	2311	3.876368e+01	1.344890e+02	2.351396e+02	2311	7.762593e-01	7.000000e-01	
2.352414e+02	2312	1.941119e+01	1.554940e+02	2.352414e+02	2312	8.890188e-01	7.000000e-01	
2.353431e+02	2313	6.460818e+01	1.615052e+02	2.353431e+02	2313	7.142664e-01	7.000000e-01	
2.354449e+02	2314	2.715266e+01	1.478671e+02	2.354449e+02	2314	8.448595e-01	7.000000e-01	
2.355466e+02	2315	2.351904e+01	1.560068e+02	2.355466e+02	2315	8.689936e-01	7.000000e-01	
2.356484e+02	2316	3.479579e+01	1.687366e+02	2.356484e+02	2316	8.290405e-01	7.000000e-01	
2.357501e+02	2317	4.034950e+01	1.567395e+02	2.357501e+02	2317	7.952727e-01	7.000000e-01	
2.358519e+02	2318	1.310548e+01	1.899655e+02	2.358519e+02	2318	9.354636e-01	7.000000e-01	
2.359536e+02	2319	3.198926e+01	1.740740e+02	2.359536e+02	2319	8.447600e-01	7.000000e-01	
2.360554e+02	2320	3.721631e+01	1.576649e+02	2.360554e+02	2320	8.090308e-01	7.000000e-01	
2.361571e+02	2321	2.786499e+01	1.641999e+02	2.361571e+02	2321	8.549189e-01	7.000000e-01	
2.362589e+02	2322	3.633078e+01	1.781950e+02	2.362589e+02	2322	8.306461e-01	7.000000e-01	
2.363606e+02	2323	2.732425e+01	1.678871e+02	2.363606e+02	2323	8.600273e-01	7.000000e-01	
2.364624e+02	2324	2.379253e+01	1.389209e+02	2.364624e+02	2324	8.537765e-01	7.000000e-01	
2.365641e+02	2325	1.712378e+01	1.307156e+02	2.365641e+02	2325	8.841731e-01	7.000000e-01	
2.366658e+02	2326	2.536949e+01	1.491456e+02	2.366658e+02	2326	8.546287e-01	7.000000e-01	
2.367676e+02	2327	5.746198e+01	1.992365e+02	2.367676e+02	2327	7.761499e-01	7.000000e-01	
2.368693e+02	2328	1.740672e+01	1.217680e+02	2.368693e+02	2328	8.749290e-01	7.000000e-01	
2.369711e+02	2329	3.167490e+01	1.441769e+02	2.369711e+02	2329	8.198773e-01	7.000000e-01	
2.370728e+02	2330	2.127257e+01	1.276837e+02	2.370728e+02	2330	8.571892e-01	7.000000e-01	
2.371746e+02	2331	2.245345e+01	1.219344e+02	2.371746e+02	2331	8.444921e-01	7.000000e-01	
2.372763e+02	2332	2.641533e+01	1.272612e+02	2.372763e+02	2332	8.281108e-01	7.000000e-01	
2.373781e+02	2333	2.809181e+01	1.361820e+02	2.373781e+02	2333	8.289940e-01	7.000000e-01	
2.374798e+02	2334	1.915281e+01	1.290250e+02	2.374798e+02	2334	8.707444e-01	7.000000e-01	
2.375816e+02	2335	2.561981e+01	1.566473e+02	2.375816e+02	2335	8.594381e-01	7.000000e-01	
2.376833e+02	2336	2.171497e+01	1.164014e+02	2.376833e+02	2336	8.427777e-01	7.000000e-01	
2.377851e+02	2337	2.369230e+01	1.592273e+02	2.377851e+02	2337	8.704770e-01	7.000000e-01	
2.378868e+02	2338	2.592817e+01	1.587554e+02	2.378868e+02	2338	8.596076e-01	7.000000e-01	
2.379886e+02	2339	2.475267e+01	1.329178e+02	2.379886e+02	2339	8.430101e-01	7.000000e-01	
2.380903e+02	2340	2.259593e+01	1.564531e+02	2.380903e+02	2340	8.738003e-01	7.000000e-01	
2.381921e+02	2341	2.561858e+01	1.397549e+02	2.381921e+02	2341	8.450865e-01	7.000000e-01	
2.382938e+02	2342	1.782469e+01	1.482114e+02	2.382938e+02	2342	8.926457e-01	7.000000e-01	
2.383956e+02	2343	2.457806e+01	1.517610e+02	2.383956e+02	2343	8.606204e-01	7.000000e-01	
2.384973e+02	2344	2.541051e+01	1.412682e+02	2.384973e+02	2344	8.475480e-01	7.000000e-01	
2.385991e+02	2345	8.193794e+00	1.580885e+02	2.385991e+02	2345	9.507236e-01	7.000000e-01	
2.387008e+02	2346	2.404586e+01	1.471135e+02	2.387008e+02	2346	8.595119e-01	7.000000e-01	
2.388026e+02	2347	2.114282e+01	1.477331e+02	2.388026e+02	2347	8.748026e-01	7.000000e-01	
2.389043e+02	2348	3.035237e+01	1.397683e+02	2.389043e+02	2348	8.215833e-01	7.000000e-01	
2.390061e+02	2349	1.483018e+01	1.877742e+02	2.390061e+02	2349	9.268023e-01	7.000000e-01	
2.391078e+02	2350	2.382438e+01	1.553062e+02	2.391078e+02	2350	8.669999e-01	7.000000e-01	
2.392095e+02	2351	2.556323e+01	1.594355e+02	2.392095e+02	2351	8.618194e-01	7.000000e-01	
2.393113e+02	2352	2.846191e+01	1.410907e+02	2.393113e+02	2352	8.321352e-01	7.000000e-01	
2.394130e+02	2353	2.814923e+01	1.429167e+02	2.394130e+02	2353	8.354481e-01	7.000000e-01	
2.395148e+02	2354	1.548879e+01	1.411011e+02	2.395148e+02	2354	9.010869e-01	7.000000e-01	
2.396165e+02	2355	2.084469e+01	1.315468e+02	2.396165e+02	2355	8.632162e-01	7.000000e-01	
2.397183e+02	2356	4.885779e+01	1.801172e+02	2.397183e+02	2356	7.866239e-01	7.000000e-01	
2.398200e+02	2357	2.927492e+01	1.494143e+02	2.398200e+02	2357	8.361685e-01	7.000000e-01	
2.399218e+02	2358	2.395260e+01	1.642730e+02	2.399218e+02	2358	8.727453e-01	7.000000e-01	
2.400235e+02	2359	2.234774e+01	1.530741e+02	2.400235e+02	2359	8.726057e-01	7.000000e-01	
2.401253e+02	2360	2.362241e+01	1.426491e+02	2.401253e+02	2360	8.579287e-01	7.000000e-01	
2.402270e+02	2361	-9.012494e-01	1.392494e+02	2.402270e+02	2361	1.006514e+00	7.000000e-01	
2.403288e+02	2362	2.550101e+01	1.446770e+02	2.403288e+02	2362	8.501510e-01	7.000000e-01	
2.404305e+02	2363	2.897474e+01	1.591447e+02	2.404305e+02	2363	8.459769e-01	7.000000e-01	
2.405323e+02	2364	1.054772e+01	1.388065e+02	2.405323e+02	2364	9.293778e-01	7.000000e-01	
2.406340e+02	2365	3.176746e+01	1.964576e+02	2.406340e+02	2365	8.608064e-01	7.000000e-01	
2.407358e+02	2366	3.150832e+01	1.943552e+02	2.407358e+02	2366	8.604984e-01	7.000000e-01	
2.408375e+02	2367	3.561902e+01	2.165897e+02	2.408375e+02	2367	8.587717e-01	7.000000e-01	
2.409393e+02	2368	2.427699e+01	1.616056e+02	2.409393e+02	2368	8.693961e-01	7.000000e-01	
2.410410e+02	2369	4.272819e+01	1.991007e+02	2.410410e+02	2369	8.233123e-01	7.000000e-01	
2.411428e+02	2370	2.460811e+01	1.620578e+02	2.411428e+02	2370	8.681703e-01	7.000000e-01	
2.412445e+02	2371	3.207086e+01	1.927981e+02	2.412445e+02	2371	8.573798e-01	7.000000e-01	
2.413463e+02	2372	3.597847e+01	2.015511e+02	2.413463e+02	2372	8.485306e-01	7.000000e-01	
2.414480e+02	2373	1.440354e+01	1.331582e+02	2.414480e+02	2373	9.023897e-01	7.000000e-01	
2.415498e+02	2374	1.297720e+01	9.602808e+01	2.415498e+02	2374	8.809489e-01	7.000000e-01	
2.416515e+02	2375	2.231200e+01	1.472111e+02	2.416515e+02	2375	8.683837e-01	7.000000e-01	
2.417532e+02	2376	2.063902e+01	1.365163e+02	2.417532e+02	2376	8.686712e-01	7.000000e-01	
2.418550e+02	2377	1.675713e+01	1.373040e+02	2.418550e+02	2377	8.912306e-01	7.000000e-01	
2.419567e+02	2378	1.377505e+01	1.256716e+02	2.419567e+02	2378	9.012163e-01	7.000000e-01	
2.420585e+02	2379	8.089417e+00	1.485722e+02	2.420585e+02	2379	9.483638e-01	7.000000e-01	
2.421602e+02	2380	1.566724e+01	1.694018e+02	2.421602e+02	2380	9.153438e-01	7.000000e-01	
2.422620e+02	2381	1.861132e+01	1.738867e+02	2.422620e+02	2381	9.033168e-01	7.000000e-01	
2.423637e+02	2382	1.828114e+01	1.463111e+02	2.423637e+02	2382	8.889307e-01	7.000000e-01	
2.424655e+02	2383	1.479197e+01	1.438003e+02	2.424655e+02	2383	9.067296e-01	7.000000e-01	
2.425672e+02	2384	2.304145e+01	1.544202e+02	2.425672e+02	2384	8.701610e-01	7.000000e-01	
2.426690e+02	2385	1.793305e+01	1.668722e+02	2.426690e+02	2385	9.029624e-01	7.000000e-01	
2.427707e+02	2386	2.298112e+01	1.677878e+02	2.427707e+02	2386	8.795343e-01	7.000000e-01	
2.428725e+02	2387	2.343353e+01	1.891225e+02	2.428725e+02	2387	8.897536e-01	7.000000e-01	
2.429742e+02	2388	1.923454e+01	1.686718e+02	2.429742e+02	2388	8.976376e-01	7.000000e-01	
2.430760e+02	2389	2.537448e+01	1.546475e+02	2.430760e+02	2389	8.590479e-01	7.000000e-01	
2.431777e+02	2390	1.838907e+01	1.650496e+02	2.431777e+02	2390	8.997536e-01	7.000000e-01	
2.432795e+02	2391	2.515224e+01	1.740783e+02	2.432795e+02	2391	8.737531e-01	7.000000e-01	
2.433812e+02	2392	1.730898e+01	1.781427e+02	2.433812e+02	2392	9.114411e-01	7.000000e-01	
2.434830e+02	2393	2.452201e+01	1.744552e+02	2.434830e+02	2393	8.767597e-01	7.000000e-01	
2.435847e+02	2394	2.618467e+01	1.498908e+02	2.435847e+02	2394	8.512872e-01	7.000000e-01	
2.436865e+02	2395	2.333739e+01	1.555765e+02	2.436865e+02	2395	8.695608e-01	7.000000e-01	
2.437882e+02	2396	1.432545e+02	1.943678e+01	2.437882e+02	2396	1.194703e-01	0	
2.438900e+02	2397	1.461146e+02	3.163374e+01	2.438900e+02	2397	1.779693e-01	0	
2.439917e+02	2398	1.533607e+02	2.415190e+01	2.439917e+02	2398	1.360574e-01	0	
2.440935e+02	2399	1.466859e+02	1.685648e+01	2.440935e+02	2399	1.030710e-01	0	
2.441952e+02	2400	1.504860e+02	2.702220e+01	2.441952e+02	2400	1.522307e-01	0	
2.442969e+02	2401	1.415172e+02	2.269646e+01	2.442969e+02	2401	1.382130e-01	0	
2.443987e+02	2402	1.399686e+02	2.726936e+01	2.443987e+02	2402	1.630572e-01	0	
2.445004e+02	2403	1.892687e+02	1.862437e+01	2.445004e+02	2403	8.958630e-02	0	
2.446022e+02	2404	1.524218e+02	2.548200e+01	2.446022e+02	2404	1.432347e-01	0	
2.447039e+02	2405	1.449816e+02	3.609101e+01	2.447039e+02	2405	1.993179e-01	0	
2.448057e+02	2406	1.280566e+02	5.118418e+01	2.448057e+02	2406	2.855610e-01	0	
2.449074e+02	2407	1.397620e+02	3.345854e+01	2.449074e+02	2407	1.931557e-01	0	
2.450092e+02	2408	1.473980e+02	2.287609e+01	2.450092e+02	2408	1.343486e-01	0	
2.451109e+02	2409	1.457514e+02	3.011307e+01	2.451109e+02	2409	1.712288e-01	0	
2.452127e+02	2410	1.417779e+02	2.950763e+01	2.452127e+02	2410	1.722716e-01	0	
2.453144e+02	2411	1.433323e+02	3.117126e+01	2.453144e+02	2411	1.786282e-01	0	
2.454162e+02	2412	1.522429e+02	1.643673e+01	2.454162e+02	2412	9.744348e-02	0	
2.455179e+02	2413	1.521241e+02	2.135713e+01	2.455179e+02	2413	1.231092e-01	0	
2.456197e+02	2414	1.461220e+02	3.090687e+01	2.456197e+02	2414	1.745866e-01	0	
2.457214e+02	2415	1.360196e+02	3.485327e+01	2.457214e+02	2415	2.039719e-01	0	
2.458232e+02	2416	1.416210e+02	3.121922e+01	2.458232e+02	2416	1.806247e-01	0	
2.459249e+02	2417	1.370793e+02	6.298576e+00	2.459249e+02	2417	4.392990e-02	0	
2.460267e+02	2418	1.442360e+02	2.890109e+01	2.460267e+02	2418	1.669260e-01	0	
2.461284e+02	2419	1.345569e+02	2.450227e+01	2.461284e+02	2419	1.540450e-01	0	
2.462302e+02	2420	1.464164e+02	5.318048e+01	2.462302e+02	2420	2.664394e-01	0	
2.463319e+02	2421	1.515719e+02	2.216997e+01	2.463319e+02	2421	1.276029e-01	0	
2.464337e+02	2422	1.506046e+02	2.773893e+01	2.464337e+02	2422	1.555365e-01	0	
2.465354e+02	2423	1.065242e+02	4.434820e+01	2.465354e+02	2423	2.939451e-01	0	
2.466372e+02	2424	1.369795e+02	4.046613e+01	2.466372e+02	2424	2.280481e-01	0	
2.467389e+02	2425	1.589351e+02	4.750172e+01	2.467389e+02	2425	2.301029e-01	0	
2.468406e+02	2426	1.639771e+02	4.584163e+01	2.468406e+02	2426	2.184821e-01	0	
2.469424e+02	2427	1.558136e+02	4.649200e+01	2.469424e+02	2427	2.298107e-01	0	
2.470441e+02	2428	1.398795e+02	3.622786e+01	2.470441e+02	2428	2.057146e-01	0	
2.471459e+02	2429	1.512145e+02	5.106756e+01	2.471459e+02	2429	2.524572e-01	0	
2.472476e+02	2430	1.522293e+02	4.954015e+01	2.472476e+02	2430	2.455285e-01	0	
2.473494e+02	2431	1.379555e+02	3.350840e+01	2.473494e+02	2431	1.954254e-01	0	
2.474511e+02	2432	1.335631e+02	4.104525e+01	2.474511e+02	2432	2.350704e-01	0	
2.475529e+02	2433	1.390109e+02	2.875648e+01	2.475529e+02	2433	1.714069e-01	0	
2.476546e+02	2434	1.384195e+02	5.367081e+01	2.476546e+02	2434	2.794040e-01	0	
2.477564e+02	2435	1.480355e+02	3.641595e+01	2.477564e+02	2435	1.974284e-01	0	
2.478581e+02	2436	1.205598e+02	6.487616e+01	2.478581e+02	2436	3.498575e-01	0	
2.479599e+02	2437	1.330935e+02	3.381414e+01	2.479599e+02	2437	2.025919e-01	0	
2.480616e+02	2438	1.343534e+02	2.972053e+01	2.480616e+02	2438	1.811411e-01	0	
2.481634e+02	2439	1.748891e+02	4.144866e+01	2.481634e+02	2439	1.915924e-01	0	
2.482651e+02	2440	1.971597e+02	3.462304e+01	2.482651e+02	2440	1.493771e-01	0	
2.483669e+02	2441	1.602462e+02	5.050096e+01	2.483669e+02	2441	2.396282e-01	0	
2.484686e+02	2442	1.552411e+02	3.440817e+01	2.484686e+02	2442	1.814305e-01	0	
2.485704e+02	2443	1.542538e+02	4.923796e+01	2.485704e+02	2443	2.419654e-01	0	
2.486721e+02	2444	1.619814e+02	4.691896e+01	2.486721e+02	2444	2.245997e-01	0	
2.487739e+02	2445	1.962827e+02	2.273674e+01	2.487739e+02	2445	1.038115e-01	0	
2.488756e+02	2446	1.977716e+02	1.291891e+01	2.488756e+02	2446	6.131700e-02	0	
2.489774e+02	2447	1.975655e+02	1.677784e+01	2.489774e+02	2447	7.827554e-02	0	
2.490791e+02	2448	1.894775e+02	8.355557e+00	2.490791e+02	2448	4.223539e-02	0	
2.491809e+02	2449	1.894093e+02	9.460879e+00	2.491809e+02	2449	4.757314e-02	0	
2.492826e+02	2450	1.875490e+02	7.591758e+00	2.492826e+02	2450	3.890401e-02	0	
2.493843e+02	2451	1.748120e+02	3.096329e+01	2.493843e+02	2451	1.504714e-01	0	
2.494861e+02	2452	2.004247e+02	1.890129e+01	2.494861e+02	2452	8.617898e-02	0	
2.495878e+02	2453	1.421278e+02	-9.770662e-01	2.495878e+02	2453	-6.922148e-03	0	
2.496896e+02	2454	1.689186e+02	9.492342e+00	2.496896e+02	2454	5.320493e-02	0	
2.497913e+02	2455	1.704704e+02	1.657897e+01	2.497913e+02	2455	8.863419e-02	0	
2.498931e+02	2456	1.419785e+02	-1.067548e+00	2.498931e+02	2456	-7.576047e-03	0	
2.499948e+02	2457	1.867732e+02	8.980857e+00	2.499948e+02	2457	4.587827e-02	0	
2.500966e+02	2458	1.861787e+02	5.951808e+00	2.500966e+02	2458	3.097794e-02	0	
2.501983e+02	2459	1.661177e+02	1.129093e+01	2.501983e+02	2459	6.364363e-02	0	
2.503001e+02	2460	1.741512e+02	1.991814e+01	2.503001e+02	2460	1.026341e-01	0	
2.504018e+02	2461	1.827806e+02	1.073977e+01	2.504018e+02	2461	5.549685e-02	0	
2.505036e+02	2462	1.626542e+02	2.030029e+00	2.505036e+02	2462	1.232680e-02	0	
2.506053e+02	2463	1.836942e+02	2.342024e+01	2.506053e+02	2463	1.130787e-01	0	
2.507071e+02	2464	1.576788e+02	1.743798e+01	2.507071e+02	2464	9.957915e-02	0	
2.508088e+02	2465	1.647061e+02	1.102124e+01	2.508088e+02	2465	6.271784e-02	0	
2.509106e+02	2466	1.782502e+02	1.381194e+01	2.509106e+02	2466	7.191391e-02	0	
2.510123e+02	2467	2.007072e+02	6.052744e+01	2.510123e+02	2467	2.316976e-01	0	
2.511141e+02	2468	1.724864e+02	2.664327e+01	2.511141e+02	2468	1.337986e-01	0	
2.512158e+02	2469	2.316336e+02	5.326457e+01	2.512158e+02	2469	1.869600e-01	0	
2.513176e+02	2470	1.797523e+02	1.273443e+01	2.513176e+02	2470	6.615744e-02	0	
2.514193e+02	2471	1.614147e+02	-1.730207e+01	2.514193e+02	2471	-1.200594e-01	0	
2.515211e+02	2472	1.556781e+02	9.853172e+00	2.515211e+02	2472	5.952454e-02	0	
2.516228e+02	2473	1.711781e+02	-2.208164e+00	2.516228e+02	2473	-1.306838e-02	0	
2.517246e+02	2474	1.901745e+02	-5.064542e+00	2.517246e+02	2474	-2.735964e-02	0	
2.518263e+02	2475	1.755607e+02	1.544049e+01	2.518263e+02	2475	8.083976e-02	0	
2.519280e+02	2476	1.640129e+02	-1.173658e+01	2.519280e+02	2476	-7.707423e-02	0	
2.520298e+02	2477	1.735084e+02	1.995450e+01	2.520298e+02	2477	1.031438e-01	0	
2.521315e+02	2478	1.689214e+02	-8.510637e+00	2.521315e+02	2478	-5.305527e-02	0	
2.522333e+02	2479	1.833292e+02	2.122137e+01	2.522333e+02	2479	1.037463e-01	0	
2.523350e+02	2480	1.754894e+02	-7.792575e-01	2.523350e+02	2480	-4.460288e-03	0	
2.524368e+02	2481	1.608618e+02	-4.321760e+00	2.524368e+02	2481	-2.760802e-02	0	
2.525385e+02	2482	1.962117e+02	3.177628e+01	2.525385e+02	2482	1.393770e-01	0	
2.526403e+02	2483	1.680593e+02	5.813706e+00	2.526403e+02	2483	3.343651e-02	0	
2.527420e+02	2484	2.097669e+02	3.213262e+01	2.527420e+02	2484	1.328346e-01	0	
2.528438e+02	2485	2.330479e+02	3.274509e+01	2.528438e+02	2485	1.231977e-01	0	
2.529455e+02	2486	2.092583e+02	1.618314e+01	2.529455e+02	2486	7.178423e-02	0	
2.530473e+02	2487	2.226596e+02	3.236787e+01	2.530473e+02	2487	1.269192e-01	0	
2.531490e+02	2488	2.150768e+02	3.313308e+01	2.531490e+02	2488	1.334882e-01	0	
2.532508e+02	2489	2.067943e+02	2.739730e+01	2.532508e+02	2489	1.169867e-01	0	
2.533525e+02	2490	2.470578e+02	3.218587e+01	2.533525e+02	2490	1.152609e-01	0	
2.534543e+02	2491	2.378904e+02	3.542035e+01	2.534543e+02	2491	1.295974e-01	0	
2.535560e+02	2492	2.234923e+02	1.840698e+01	2.535560e+02	2492	7.609357e-02	0	
2.536578e+02	2493	2.470558e+02	3.221022e+01	2.536578e+02	2493	1.153388e-01	0	
2.537595e+02	2494	2.243416e+02	3.293913e+01	2.537595e+02	2494	1.280280e-01	0	
2.538613e+02	2495	2.167844e+02	2.763333e+01	2.538613e+02	2495	1.130578e-01	0	
2.539630e+02	2496	1.756829e+02	1.723356e+01	2.539630e+02	2496	8.933172e-02	0	
2.540648e+02	2497	1.832022e+02	3.639826e+01	2.540648e+02	2497	1.657476e-01	0	
2.541665e+02	2498	2.035272e+02	1.368408e+01	2.541665e+02	2498	6.299894e-02	0	
2.542683e+02	2499	1.794395e+02	2.290924e+01	2.542683e+02	2499	1.132166e-01	0	
2.543700e+02	2500	1.691844e+02	3.046165e+01	2.543700e+02	2500	1.525783e-01	0	
2.544717e+02	2501	1.885510e+02	1.165964e+01	2.544717e+02	2501	5.823686e-02	0	
2.545735e+02	2502	1.830896e+02	2.288534e+01	2.545735e+02	2502	1.111074e-01	0	
2.546752e+02	2503	1.615847e+02	3.853478e+01	2.546752e+02	2503	1.925589e-01	0	
2.547770e+02	2504	1.558367e+02	4.344945e+01	2.547770e+02	2504	2.180254e-01	0	
2.548787e+02	2505	1.811575e+02	2.276407e+01	2.548787e+02	2505	1.116315e-01	0	
2.549805e+02	2506	2.042840e+02	2.896993e+01	2.549805e+02	2506	1.241991e-01	0	
2.550822e+02	2507	1.967354e+02	3.610995e+01	2.550822e+02	2507	1.550813e-01	0	
2.551840e+02	2508	1.724055e+02	2.746062e+01	2.551840e+02	2508	1.373951e-01	0	
2.552857e+02	2509	1.930297e+02	3.304951e+01	2.552857e+02	2509	1.461855e-01	0	
2.553875e+02	2510	2.260749e+02	2.741352e+01	2.553875e+02	2510	1.081451e-01	0	
2.554892e+02	2511	1.827941e+02	3.047880e+01	2.554892e+02	2511	1.429099e-01	0	
2.555910e+02	2512	1.985781e+02	1.519506e+01	2.555910e+02	2512	7.108030e-02	0	
2.556927e+02	2513	2.537022e+02	3.912225e+01	2.556927e+02	2513	1.336031e-01	0	
2.557945e+02	2514	1.954470e+02	3.040063e+01	2.557945e+02	2514	1.346068e-01	0	
2.558962e+02	2515	1.536544e+02	3.527593e+01	2.558962e+02	2515	1.867140e-01	0	
2.559980e+02	2516	1.584568e+02	2.571240e+01	2.559980e+02	2516	1.396129e-01	0	
2.560997e+02	2517	1.612116e+02	2.471513e+01	2.560997e+02	2517	1.329294e-01	0	
2.562015e+02	2518	1.589471e+02	8.903317e+00	2.562015e+02	2518	5.304316e-02	0	
2.563032e+02	2519	1.631266e+02	3.634047e+01	2.563032e+02	2519	1.821878e-01	0	
2.564050e+02	2520	1.573541e+02	1.770627e+01	2.564050e+02	2520	1.011438e-01	0	
2.565067e+02	2521	1.571082e+02	1.008248e+01	2.565067e+02	2521	6.030528e-02	0	
2.566085e+02	2522	1.679960e+02	1.483324e+01	2.566085e+02	2522	8.113166e-02	0	
2.567102e+02	2523	1.536238e+02	3.072006e+01	2.567102e+02	2523	1.666454e-01	0	
2.568120e+02	2524	1.738247e+02	2.536112e+01	2.568120e+02	2524	1.273239e-01	0	
2.569137e+02	2525	1.328850e+02	3.324880e+00	2.569137e+02	2525	2.440998e-02	0	
2.570154e+02	2526	1.741837e+02	3.291759e+01	2.570154e+02	2526	1.589444e-01	0	
2.571172e+02	2527	2.005192e+02	6.733388e+00	2.571172e+02	2527	3.248880e-02	0	
2.572189e+02	2528	1.731025e+02	2.825240e+01	2.572189e+02	2528	1.403115e-01	0	
2.573207e+02	2529	1.817064e+02	2.556652e+01	2.573207e+02	2529	1.233471e-01	0	
2.574224e+02	2530	1.717174e+02	9.452652e+00	2.574224e+02	2530	5.217558e-02	0	
2.575242e+02	2531	1.634074e+02	2.169084e+01	2.575242e+02	2531	1.171856e-01	0	
2.576259e+02	2532	1.692625e+02	1.810490e+01	2.576259e+02	2532	9.662780e-02	0	
2.577277e+02	2533	1.729205e+02	4.217258e+01	2.577277e+02	2533	1.960667e-01	0	
2.578294e+02	2534	1.635605e+02	2.179723e+01	2.578294e+02	2534	1.175955e-01	0	
2.579312e+02	2535	1.398365e+02	2.311138e+01	2.579312e+02	2535	1.418330e-01	0	
2.580329e+02	2536	1.694392e+02	2.784638e+01	2.580329e+02	2536	1.411476e-01	0	
2.581347e+02	2537	1.508943e+02	5.721601e+00	2.581347e+02	2537	3.653270e-02	0	
2.582364e+02	2538	1.573227e+02	2.536210e+01	2.582364e+02	2538	1.388298e-01	0	
2.583382e+02	2539	1.933770e+02	2.569690e+01	2.583382e+02	2539	1.172979e-01	0	
2.584399e+02	2540	2.047484e+02	2.866487e+01	2.584399e+02	2540	1.228074e-01	0	
2.585417e+02	2541	1.936791e+02	2.988371e+01	2.585417e+02	2541	1.336703e-01	0	
2.586434e+02	2542	1.700668e+02	2.490986e+01	2.586434e+02	2542	1.277582e-01	0	
2.587452e+02	2543	1.802103e+02	3.594517e+01	2.587452e+02	2543	1.662931e-01	0	
2.588469e+02	2544	1.774249e+02	1.187338e+01	2.588469e+02	2544	6.272313e-02	0	
2.589487e+02	2545	1.901962e+02	3.385772e+01	2.589487e+02	2545	1.511142e-01	0	
2.590504e+02	2546	1.958773e+02	2.957358e+01	2.590504e+02	2546	1.311753e-01	0	
2.591522e+02	2547	1.911663e+02	2.456786e+01	2.591522e+02	2547	1.138802e-01	0	
2.592539e+02	2548	1.936385e+02	2.737950e+01	2.592539e+02	2548	1.238791e-01	0	
2.593557e+02	2549	2.067248e+02	2.245915e+01	2.593557e+02	2549	9.799617e-02	0	
2.594574e+02	2550	2.797954e+02	2.789812e+01	2.594574e+02	2550	9.066853e-02	0	
2.595591e+02	2551	2.102625e+02	2.350530e+01	2.595591e+02	2551	1.005498e-01	0	
2.596609e+02	2552	2.202943e+02	-2.976441e+00	2.596609e+02	2552	-1.369626e-02	0	
2.597626e+02	2553	2.122446e+02	3.736751e+01	2.597626e+02	2553	1.497023e-01	0	
2.598644e+02	2554	2.099340e+02	2.644309e+01	2.598644e+02	2554	1.118682e-01	0	
2.599661e+02	2555	2.202944e+02	2.818444e+01	2.599661e+02	2555	1.134279e-01	0	
2.600679e+02	2556	2.146630e+02	1.531899e+01	2.600679e+02	2556	6.660952e-02	0	
2.601696e+02	2557	2.125357e+02	3.234582e+00	2.601696e+02	2557	1.499086e-02	0	
2.602714e+02	2558	1.834588e+02	4.700815e+01	2.602714e+02	2558	2.039692e-01	0	
2.603731e+02	2559	2.123855e+02	2.722323e+01	2.603731e+02	2559	1.136154e-01	0	
2.604749e+02	2560	1.902217e+02	4.224559e+01	2.604749e+02	2560	1.817270e-01	0	
2.605766e+02	2561	1.558534e+02	4.249843e+01	2.605766e+02	2561	2.142578e-01	0	
2.606784e+02	2562	1.974324e+02	3.324256e+01	2.606784e+02	2562	1.441100e-01	0	
2.607801e+02	2563	2.130554e+02	2.045583e+01	2.607801e+02	2563	8.760105e-02	0	
2.608819e+02	2564	2.053962e+02	2.331572e+01	2.608819e+02	2564	1.019436e-01	0	
2.609836e+02	2565	2.119610e+02	2.653737e+01	2.609836e+02	2565	1.112686e-01	0	
2.610854e+02	2566	2.142140e+02	1.483300e+00	2.610854e+02	2566	6.876767e-03	0	
2.611871e+02	2567	2.084987e+02	3.075499e+01	2.611871e+02	2567	1.285455e-01	0	
2.612889e+02	2568	2.084764e+02	1.993234e+01	2.612889e+02	2568	8.726610e-02	0	
2.613906e+02	2569	2.461023e+02	3.724442e+01	2.613906e+02	2569	1.314447e-01	0	
2.614924e+02	2570	1.595752e+02	9.138750e+00	2.614924e+02	2570	5.416713e-02	0	
2.615941e+02	2571	1.783648e+02	2.264494e+01	2.615941e+02	2571	1.126559e-01	0	
2.616959e+02	2572	1.750894e+02	1.360538e+01	2.616959e+02	2572	7.210258e-02	0	
2.617976e+02	2573	1.944756e+02	2.404187e+01	2.617976e+02	2573	1.100226e-01	0	
2.618994e+02	2574	1.940910e+02	1.872079e+01	2.618994e+02	2574	8.796876e-02	0	
2.620011e+02	2575	2.033546e+02	2.823549e+01	2.620011e+02	2575	1.219201e-01	0	
2.621028e+02	2576	1.782111e+02	2.278263e+01	2.621028e+02	2576	1.133500e-01	0	
2.622046e+02	2577	1.949337e+02	3.492943e+01	2.622046e+02	2577	1.519575e-01	0	
2.623063e+02	2578	1.899034e+02	1.579077e+01	2.623063e+02	2578	7.676819e-02	0	
2.624081e+02	2579	1.881756e+02	1.688842e+01	2.624081e+02	2579	8.235682e-02	0	
2.625098e+02	2580	1.926123e+02	2.784978e+01	2.625098e+02	2580	1.263246e-01	0	
2.626116e+02	2581	1.972011e+02	2.335605e+01	2.626116e+02	2581	1.058957e-01	0	
2.627133e+02	2582	1.884109e+02	2.732904e+01	2.627133e+02	2582	1.266758e-01	0	
2.628151e+02	2583	1.836898e+02	6.360185e+01	2.628151e+02	2583	2.571937e-01	0	
2.629168e+02	2584	2.071232e+02	2.995700e+01	2.629168e+02	2584	1.263581e-01	0	
2.630186e+02	2585	1.935383e+02	2.893773e+01	2.630186e+02	2585	1.300712e-01	0	
2.631203e+02	2586	1.830413e+02	1.976242e+01	2.631203e+02	2586	9.744604e-02	0	
2.632221e+02	2587	1.892056e+02	3.109010e+01	2.632221e+02	2587	1.411289e-01	0	
2.633238e+02	2588	2.356229e+02	2.284349e+01	2.633238e+02	2588	8.838089e-02	0	
2.634256e+02	2589	2.208760e+02	2.865872e+01	2.634256e+02	2589	1.148486e-01	0	
2.635273e+02	2590	1.998984e+02	3.891838e+01	2.635273e+02	2590	1.629633e-01	0	
2.636291e+02	2591	1.966464e+02	2.795040e+01	2.636291e+02	2591	1.244470e-01	0	
2.637308e+02	2592	2.272244e+02	3.356446e+01	2.637308e+02	2592	1.287036e-01	0	
2.638326e+02	2593	1.649225e+02	2.156131e+01	2.638326e+02	2593	1.156203e-01	0	
2.639343e+02	2594	1.425504e+02	5.090863e+01	2.639343e+02	2594	2.631494e-01	0	
2.640361e+02	2595	1.689526e+02	9.884651e+00	2.640361e+02	2595	5.527177e-02	0	
2.641378e+02	2596	1.783602e+02	4.467619e+01	2.641378e+02	2596	2.003090e-01	0	
2.642396e+02	2597	1.835426e+02	-1.274637e+01	2.642396e+02	2597	-7.462911e-02	0	
2.643413e+02	2598	1.854222e+02	3.296568e+01	2.643413e+02	2598	1.509501e-01	0	
2.644431e+02	2599	1.882211e+02	3.037567e+01	2.644431e+02	2599	1.389575e-01	0	
2.645448e+02	2600	1.685950e+02	1.179102e+01	2.645448e+02	2600	6.536549e-02	0	
2.646465e+02	2601	1.657210e+02	1.692763e+01	2.646465e+02	2601	9.267866e-02	0	
2.647483e+02	2602	2.447265e+01	1.890830e+02	2.647483e+02	2602	8.854039e-01	7.000000e-01	
2.648500e+02	2603	1.862709e+01	2.318992e+02	2.648500e+02	2603	9.256482e-01	7.000000e-01	
2.649518e+02	2604	1.991617e+01	2.362289e+02	2.649518e+02	2604	9.222465e-01	7.000000e-01	
2.650535e+02	2605	2.215768e+01	2.600176e+02	2.650535e+02	2605	9.214755e-01	7.000000e-01	
2.651553e+02	2606	3.206545e+01	2.643729e+02	2.651553e+02	2606	8.918310e-01	7.000000e-01	
2.652570e+02	2607	2.186111e+01	2.119711e+02	2.652570e+02	2607	9.065094e-01	7.000000e-01	
2.653588e+02	2608	1.032412e+01	2.647352e+02	2.653588e+02	2608	9.624658e-01	7.000000e-01	
2.654605e+02	2609	2.724301e+01	2.960216e+02	2.654605e+02	2609	9.157254e-01	7.000000e-01	
2.655623e+02	2610	3.643290e+01	3.002485e+02	2.655623e+02	2610	8.917882e-01	7.000000e-01	
2.656640e+02	2611	4.484710e+01	2.937956e+02	2.656640e+02	2611	8.675681e-01	7.000000e-01	
2.657658e+02	2612	2.591388e+01	3.010139e+02	2.657658e+02	2612	9.207352e-01	7.000000e-01	
2.658675e+02	2613	3.793000e+01	2.919969e+02	2.658675e+02	2613	8.850351e-01	7.000000e-01	
2.659693e+02	2614	3.814205e+01	2.846600e+02	2.659693e+02	2614	8.818407e-01	7.000000e-01	
2.660710e+02	2615	2.536214e+01	2.866657e+02	2.660710e+02	2615	9.187183e-01	7.000000e-01	
2.661728e+02	2616	3.287803e+01	2.481025e+02	2.661728e+02	2616	8.829882e-01	7.000000e-01	
2.662745e+02	2617	5.699533e+01	4.024084e+02	2.662745e+02	2617	8.759363e-01	7.000000e-01	
2.663763e+02	2618	2.386924e+01	2.416682e+02	2.663763e+02	2618	9.101097e-01	7.000000e-01	
2.664780e+02	2619	2.500424e+01	2.607927e+02	2.664780e+02	2619	9.125105e-01	7.000000e-01	
2.665798e+02	2620	2.787089e+01	2.459822e+02	2.665798e+02	2620	8.982269e-01	7.000000e-01	
2.666815e+02	2621	4.031852e+01	2.485780e+02	2.666815e+02	2621	8.604396e-01	7.000000e-01	
2.667833e+02	2622	3.721323e+01	2.820611e+02	2.667833e+02	2622	8.834443e-01	7.000000e-01	
2.668850e+02	2623	3.863796e+01	2.361789e+02	2.668850e+02	2623	8.594047e-01	7.000000e-01	
2.669868e+02	2624	2.477272e+01	2.390191e+02	2.669868e+02	2624	9.060899e-01	7.000000e-01	
2.670885e+02	2625	1.866469e+01	2.264517e+02	2.670885e+02	2625	9.238538e-01	7.000000e-01	
2.671902e+02	2626	3.940189e+01	2.372844e+02	2.671902e+02	2626	8.575936e-01	7.000000e-01	
2.672920e+02	2627	4.170765e+01	2.471367e+02	2.672920e+02	2627	8.556051e-01	7.000000e-01	
2.673937e+02	2628	4.312718e+01	2.485386e+02	2.673937e+02	2628	8.521349e-01	7.000000e-01	
2.674955e+02	2629	3.626696e+01	2.456606e+02	2.674955e+02	2629	8.713607e-01	7.000000e-01	
2.675972e+02	2630	3.940807e+01	2.607898e+02	2.675972e+02	2630	8.687264e-01	7.000000e-01	
2.676990e+02	2631	4.126903e+01	2.535615e+02	2.676990e+02	2631	8.600246e-01	7.000000e-01	
2.678007e+02	2632	6.161234e+01	2.745538e+02	2.678007e+02	2632	8.167206e-01	7.000000e-01	
2.679025e+02	2633	5.757539e+01	2.403912e+02	2.679025e+02	2633	8.067723e-01	7.000000e-01	
2.680042e+02	2634	3.841908e+01	2.714348e+02	2.680042e+02	2634	8.760090e-01	7.000000e-01	
2.681060e+02	2635	3.920960e+01	2.826071e+02	2.681060e+02	2635	8.781617e-01	7.000000e-01	
2.682077e+02	2636	5.393760e+01	2.864403e+02	2.682077e+02	2636	8.415361e-01	7.000000e-01	
2.683095e+02	2637	3.579228e+01	2.742139e+02	2.683095e+02	2637	8.845433e-01	7.000000e-01	
2.684112e+02	2638	1.044612e+01	3.253960e+02	2.684112e+02	2638	9.688957e-01	7.000000e-01	
2.685130e+02	2639	5.337602e+01	2.693819e+02	2.685130e+02	2639	8.346252e-01	7.000000e-01	
2.686147e+02	2640	5.057564e+01	2.772757e+02	2.686147e+02	2640	8.457361e-01	7.000000e-01	
2.687165e+02	2641	3.923567e+01	2.740936e+02	2.687165e+02	2641	8.747782e-01	7.000000e-01	
2.688182e+02	2642	3.738942e+01	2.865381e+02	2.688182e+02	2642	8.845747e-01	7.000000e-01	
2.689200e+02	2643	3.435444e+01	2.868887e+02	2.689200e+02	2643	8.930578e-01	7.000000e-01	
2.690217e+02	2644	5.047568e+01	2.535666e+02	2.690217e+02	2644	8.339847e-01	7.000000e-01	
2.691235e+02	2645	3.925185e+01	2.796430e+02	2.691235e+02	2645	8.769129e-01	7.000000e-01	
2.692252e+02	2646	2.144622e+01	2.681202e+02	2.692252e+02	2646	9.259368e-01	7.000000e-01	
2.693270e+02	2647	4.208789e+01	2.873263e+02	2.693270e+02	2647	8.722341e-01	7.000000e-01	
2.694287e+02	2648	1.027201e+01	3.074651e+02	2.694287e+02	2648	9.676714e-01	7.000000e-01	
2.695305e+02	2649	3.687689e+01	2.994509e+02	2.695305e+02	2649	8.903543e-01	7.000000e-01	
2.696322e+02	2650	3.129444e+01	2.843128e+02	2.696322e+02	2650	9.008437e-01	7.000000e-01	
2.697339e+02	2651	1.412460e+01	3.031849e+02	2.697339e+02	2651	9.554864e-01	7.000000e-01	
2.698357e+02	2652	1.560869e+01	3.340482e+02	2.698357e+02	2652	9.553600e-01	7.000000e-01	
2.699374e+02	2653	1.818604e+01	4.104043e+02	2.699374e+02	2653	9.575678e-01	7.000000e-01	
2.700392e+02	2654	2.685413e+01	2.679160e+02	2.700392e+02	2654	9.088981e-01	7.000000e-01	
2.701409e+02	2655	3.250772e+01	2.624224e+02	2.701409e+02	2655	8.897782e-01	7.000000e-01	
2.702427e+02	2656	2.975533e+01	2.715761e+02	2.702427e+02	2656	9.012538e-01	7.000000e-01	
2.703444e+02	2657	5.656708e+01	2.431966e+02	2.703444e+02	2657	8.112944e-01	7.000000e-01	
2.704462e+02	2658	4.786788e+01	2.756587e+02	2.704462e+02	2658	8.520434e-01	7.000000e-01	
2.705479e+02	2659	4.145307e+01	2.997781e+02	2.705479e+02	2659	8.785191e-01	7.000000e-01	
2.706497e+02	2660	2.794448e+01	2.617915e+02	2.706497e+02	2660	9.035519e-01	7.000000e-01	
2.707514e+02	2661	4.028132e+01	2.540985e+02	2.707514e+02	2661	8.631655e-01	7.000000e-01	
2.708532e+02	2662	3.552316e+01	2.643831e+02	2.708532e+02	2662	8.815525e-01	7.000000e-01	
2.709549e+02	2663	4.293323e+01	2.353119e+02	2.709549e+02	2663	8.457000e-01	7.000000e-01	
2.710567e+02	2664	3.952657e+01	2.397818e+02	2.710567e+02	2664	8.584841e-01	7.000000e-01	
2.711584e+02	2665	2.070655e+01	2.191385e+02	2.711584e+02	2665	9.136670e-01	7.000000e-01	
2.712602e+02	2666	3.407911e+01	2.547956e+02	2.712602e+02	2666	8.820281e-01	7.000000e-01	
2.713619e+02	2667	3.547931e+01	2.495616e+02	2.713619e+02	2667	8.755291e-01	7.000000e-01	
2.714637e+02	2668	3.481078e+01	2.519830e+02	2.714637e+02	2668	8.786209e-01	7.000000e-01	
2.715654e+02	2669	2.152555e+01	2.268354e+02	2.715654e+02	2669	9.133296e-01	7.000000e-01	
2.716672e+02	2670	3.043273e+01	2.428567e+02	2.716672e+02	2670	8.886429e-01	7.000000e-01	
2.717689e+02	2671	3.157202e+01	2.145438e+02	2.717689e+02	2671	8.717189e-01	7.000000e-01	
2.718707e+02	2672	2.646125e+01	2.447806e+02	2.718707e+02	2672	9.024441e-01	7.000000e-01	
2.719724e+02	2673	1.942488e+01	2.501602e+02	2.719724e+02	2673	9.279453e-01	7.000000e-01	
2.720742e+02	2674	3.094074e+01	2.348722e+02	2.720742e+02	2674	8.835996e-01	7.000000e-01	
2.721759e+02	2675	1.752359e+01	2.357304e+02	2.721759e+02	2675	9.308063e-01	7.000000e-01	
2.722776e+02	2676	2.584645e+01	2.649527e+02	2.722776e+02	2676	9.111192e-01	7.000000e-01	
2.723794e+02	2677	1.890420e+01	2.354989e+02	2.723794e+02	2677	9.256919e-01	7.000000e-01	
2.724811e+02	2678	1.766222e+01	2.266554e+02	2.724811e+02	2678	9.277080e-01	7.000000e-01	
2.725829e+02	2679	3.216317e+01	2.489689e+02	2.725829e+02	2679	8.855941e-01	7.000000e-01	
2.726846e+02	2680	2.052419e+01	2.517505e+02	2.726846e+02	2680	9.246195e-01	7.000000e-01	
2.727864e+02	2681	2.794171e+01	2.827918e+02	2.727864e+02	2681	9.100782e-01	7.000000e-01	
2.728881e+02	2682	2.661079e+01	2.582614e+02	2.728881e+02	2682	9.065869e-01	7.000000e-01	
2.729899e+02	2683	3.333107e+01	2.524880e+02	2.729899e+02	2683	8.833840e-01	7.000000e-01	
2.730916e+02	2684	3.171592e+01	2.528040e+02	2.730916e+02	2684	8.885283e-01	7.000000e-01	
2.731934e+02	2685	2.668603e+01	2.734006e+02	2.731934e+02	2685	9.110722e-01	7.000000e-01	
2.732951e+02	2686	3.247185e+01	2.511022e+02	2.732951e+02	2686	8.854908e-01	7.000000e-01	
2.733969e+02	2687	3.435185e+01	2.684401e+02	2.733969e+02	2687	8.865497e-01	7.000000e-01	
2.734986e+02	2688	2.593976e+01	2.750719e+02	2.734986e+02	2688	9.138247e-01	7.000000e-01	
2.736004e+02	2689	3.339957e+01	2.250501e+02	2.736004e+02	2689	8.707695e-01	7.000000e-01	
2.737021e+02	2690	3.543528e+01	2.260126e+02	2.737021e+02	2690	8.644652e-01	7.000000e-01	
2.738039e+02	2691	2.721446e+01	2.400305e+02	2.738039e+02	2691	8.981666e-01	7.000000e-01	
2.739056e+02	2692	2.872366e+01	2.405516e+02	2.739056e+02	2692	8.933297e-01	7.000000e-01	
2.740074e+02	2693	2.832264e+01	2.391878e+02	2.740074e+02	2693	8.941251e-01	7.000000e-01	
2.741091e+02	2694	2.907401e+01	2.287125e+02	2.741091e+02	2694	8.872167e-01	7.000000e-01	
2.742109e+02	2695	2.220668e+01	2.172181e+02	2.742109e+02	2695	9.072499e-01	7.000000e-01	
2.743126e+02	2696	3.496327e+01	2.181950e+02	2.743126e+02	2696	8.618917e-01	7.000000e-01	
2.744144e+02	2697	3.185255e+01	2.393116e+02	2.744144e+02	2697	8.825341e-01	7.000000e-01	
2.745161e+02	2698	2.244916e+01	2.560258e+02	2.745161e+02	2698	9.193854e-01	7.000000e-01	
2.746179e+02	2699	2.616780e+01	2.223888e+02	2.746179e+02	2699	8.947210e-01	7.000000e-01	
2.747196e+02	2700	3.176218e+01	2.351505e+02	2.747196e+02	2700	8.810016e-01	7.000000e-01	
2.748213e+02	2701	2.837743e+01	2.336704e+02	2.748213e+02	2701	8.917090e-01	7.000000e-01	
2.749231e+02	2702	1.909973e+01	2.448443e+02	2.749231e+02	2702	9.276372e-01	7.000000e-01	
2.750248e+02	2703	2.294291e+01	2.459770e+02	2.750248e+02	2703	9.146850e-01	7.000000e-01	
2.751266e+02	2704	4.049098e+01	2.269242e+02	2.751266e+02	2704	8.485838e-01	7.000000e-01	
2.752283e+02	2705	2.578648e+01	2.488349e+02	2.752283e+02	2705	9.061017e-01	7.000000e-01	
2.753301e+02	2706	5.030615e+01	2.517529e+02	2.753301e+02	2706	8.334559e-01	7.000000e-01	
2.754318e+02	2707	3.100517e+01	2.392564e+02	2.754318e+02	2707	8.852772e-01	7.000000e-01	
2.755336e+02	2708	4.938951e+01	2.627101e+02	2.755336e+02	2708	8.417508e-01	7.000000e-01	
2.756353e+02	2709	3.532845e+01	2.304458e+02	2.756353e+02	2709	8.670735e-01	7.000000e-01	
2.757371e+02	2710	3.325215e+01	2.805524e+02	2.757371e+02	2710	8.940355e-01	7.000000e-01	
2.758388e+02	2711	5.504601e+01	2.732648e+02	2.758388e+02	2711	8.323357e-01	7.000000e-01	
2.759406e+02	2712	6.148136e+01	2.998852e+02	2.759406e+02	2712	8.298643e-01	7.000000e-01	
2.760423e+02	2713	4.224235e+01	2.535424e+02	2.760423e+02	2713	8.571855e-01	7.000000e-01	
2.761441e+02	2714	1.669506e+01	2.772149e+02	2.761441e+02	2714	9.431967e-01	7.000000e-01	
2.762458e+02	2715	1.436775e+01	3.079730e+02	2.762458e+02	2715	9.554268e-01	7.000000e-01	
2.763476e+02	2716	1.610830e+01	2.707053e+02	2.763476e+02	2716	9.438370e-01	7.000000e-01	
2.764493e+02	2717	3.516054e+01	2.893498e+02	2.764493e+02	2717	8.916505e-01	7.000000e-01	
2.765511e+02	2718	1.941562e+01	2.863486e+02	2.765511e+02	2718	9.365013e-01	7.000000e-01	
2.766528e+02	2719	1.521571e+01	2.847983e+02	2.766528e+02	2719	9.492833e-01	7.000000e-01	
2.767546e+02	2720	3.762188e+00	2.484442e+02	2.767546e+02	2720	9.850829e-01	7.000000e-01	
2.768563e+02	2721	1.021652e+01	2.928142e+02	2.768563e+02	2721	9.662855e-01	7.000000e-01	
2.769581e+02	2722	3.260168e+01	2.440458e+02	2.769581e+02	2722	8.821544e-01	7.000000e-01	
2.770598e+02	2723	4.033648e+01	2.499360e+02	2.770598e+02	2723	8.610393e-01	7.000000e-01	
2.771616e+02	2724	3.847113e+01	2.486492e+02	2.771616e+02	2724	8.660104e-01	7.000000e-01	
2.772633e+02	2725	4.363290e+01	2.469463e+02	2.772633e+02	2725	8.498416e-01	7.000000e-01	
2.773650e+02	2726	3.631585e+01	2.469609e+02	2.773650e+02	2726	8.718008e-01	7.000000e-01	
2.774668e+02	2727	2.320471e+01	2.455219e+02	2.774668e+02	2727	9.136494e-01	7.000000e-01	
2.775685e+02	2728	3.261329e+01	2.319578e+02	2.775685e+02	2728	8.767315e-01	7.000000e-01	
2.776703e+02	2729	3.928576e+01	2.423346e+02	2.776703e+02	2729	8.605010e-01	7.000000e-01	
2.777720e+02	2730	2.311200e+01	2.274167e+02	2.777720e+02	2730	9.077471e-01	7.000000e-01	
2.778738e+02	2731	3.328889e+01	1.985460e+02	2.778738e+02	2731	8.564112e-01	7.000000e-01	
2.779755e+02	2732	3.568082e+01	2.347931e+02	2.779755e+02	2732	8.680804e-01	7.000000e-01	
2.780773e+02	2733	3.649358e+01	2.271833e+02	2.780773e+02	2733	8.615973e-01	7.000000e-01	
2.781790e+02	2734	2.178819e+01	2.408561e+02	2.781790e+02	2734	9.170430e-01	7.000000e-01	
2.782808e+02	2735	5.284939e+01	1.953405e+02	2.782808e+02	2735	7.870607e-01	7.000000e-01	
2.783825e+02	2736	4.362550e+01	1.855264e+02	2.783825e+02	2736	8.096219e-01	7.000000e-01	
2.784843e+02	2737	6.434011e+01	1.960087e+02	2.784843e+02	2737	7.528696e-01	7.000000e-01	
2.785860e+02	2738	5.160467e+01	2.121717e+02	2.785860e+02	2738	8.043620e-01	7.000000e-01	
2.786878e+02	2739	5.707394e+01	2.148490e+02	2.786878e+02	2739	7.901099e-01	7.000000e-01	
2.787895e+02	2740	4.527593e+01	1.900895e+02	2.787895e+02	2740	8.076356e-01	7.000000e-01	
2.788913e+02	2741	3.834661e+01	2.348554e+02	2.788913e+02	2741	8.596401e-01	7.000000e-01	
2.789930e+02	2742	5.056491e+01	1.902291e+02	2.789930e+02	2742	7.900076e-01	7.000000e-01	
2.790948e+02	2743	5.531857e+01	1.932916e+02	2.790948e+02	2743	7.774887e-01	7.000000e-01	
2.791965e+02	2744	2.646274e+01	2.655665e+02	2.791965e+02	2744	9.093833e-01	7.000000e-01	
2.792983e+02	2745	4.518422e+01	2.162117e+02	2.792983e+02	2745	8.271426e-01	7.000000e-01	
2.794000e+02	2746	3.576221e+01	2.587257e+02	2.794000e+02	2746	8.785614e-01	7.000000e-01	
2.795018e+02	2747	3.565333e+01	2.362508e+02	2.795018e+02	2747	8.688754e-01	7.000000e-01	
2.796035e+02	2748	3.129513e+01	3.001715e+02	2.796035e+02	2748	9.055859e-01	7.000000e-01	
2.797053e+02	2749	4.219914e+01	2.558811e+02	2.797053e+02	2749	8.584303e-01	7.000000e-01	
2.798070e+02	2750	3.091766e+01	2.476059e+02	2.798070e+02	2750	8.889945e-01	7.000000e-01	
2.799087e+02	2751	4.829674e+01	2.344857e+02	2.799087e+02	2751	8.292088e-01	7.000000e-01	
2.800105e+02	2752	4.939588e+01	2.273638e+02	2.800105e+02	2752	8.215207e-01	7.000000e-01	
2.801122e+02	2753	4.169511e+01	2.378013e+02	2.801122e+02	2753	8.508206e-01	7.000000e-01	
2.802140e+02	2754	4.327072e+01	2.630103e+02	2.802140e+02	2754	8.587222e-01	7.000000e-01	
2.803157e+02	2755	2.874737e+01	2.664964e+02	2.803157e+02	2755	9.026317e-01	7.000000e-01	
2.804175e+02	2756	4.276250e+01	2.626553e+02	2.804175e+02	2756	8.599869e-01	7.000000e-01	
2.805192e+02	2757	2.950067e+01	2.255298e+02	2.805192e+02	2757	8.843249e-01	7.000000e-01	
2.806210e+02	2758	3.738242e+01	2.465488e+02	2.806210e+02	2758	8.683399e-01	7.000000e-01	
2.807227e+02	2759	3.412301e+01	2.663671e+02	2.807227e+02	2759	8.864422e-01	7.000000e-01	
2.808245e+02	2760	2.055175e+01	2.680905e+02	2.808245e+02	2760	9.287985e-01	7.000000e-01	
2.809262e+02	2761	3.655853e+01	2.532443e+02	2.809262e+02	2761	8.738503e-01	7.000000e-01	
2.810280e+02	2762	3.750027e+01	2.493430e+02	2.810280e+02	2762	8.692656e-01	7.000000e-01	
2.811297e+02	2763	3.635350e+01	2.608952e+02	2.811297e+02	2763	8.777001e-01	7.000000e-01	
2.812315e+02	2764	3.122083e+01	2.453709e+02	2.812315e+02	2764	8.871231e-01	7.000000e-01	
2.813332e+02	2765	3.502688e+01	2.315027e+02	2.813332e+02	2765	8.685816e-01	7.000000e-01	
2.814350e+02	2766	2.866531e+01	2.716756e+02	2.814350e+02	2766	9.045574e-01	7.000000e-01	
2.815367e+02	2767	3.184818e+01	2.667742e+02	2.815367e+02	2767	8.933497e-01	7.000000e-01	
2.816385e+02	2768	3.231417e+01	2.744223e+02	2.816385e+02	2768	8.946517e-01	7.000000e-01	
2.817402e+02	2769	2.125777e+01	2.773884e+02	2.817402e+02	2769	9.288195e-01	7.000000e-01	
2.818420e+02	2770	2.826667e+01	2.552026e+02	2.818420e+02	2770	9.002831e-01	7.000000e-01	
2.819437e+02	2771	3.929298e+01	2.742557e+02	2.819437e+02	2771	8.746830e-01	7.000000e-01	
2.820455e+02	2772	2.606387e+01	2.644121e+02	2.820455e+02	2772	9.102719e-01	7.000000e-01	
2.821472e+02	2773	4.454327e+01	2.290849e+02	2.821472e+02	2773	8.372124e-01	7.000000e-01	
2.822490e+02	2774	4.581887e+01	2.390665e+02	2.822490e+02	2774	8.391673e-01	7.000000e-01	
2.823507e+02	2775	4.200739e+01	2.411174e+02	2.823507e+02	2775	8.516294e-01	7.000000e-01	
2.824524e+02	2776	3.416868e+01	2.268218e+02	2.824524e+02	2776	8.690807e-01	7.000000e-01	
2.825542e+02	2777	3.576485e+01	2.611889e+02	2.825542e+02	2777	8.795609e-01	7.000000e-01	
2.826559e+02	2778	4.454099e+01	2.581538e+02	2.826559e+02	2778	8.528518e-01	7.000000e-01	
2.827577e+02	2779	4.635350e+01	2.642270e+02	2.827577e+02	2779	8.507521e-01	7.000000e-01	
2.828594e+02	2780	3.936693e+01	2.499460e+02	2.828594e+02	2780	8.639296e-01	7.000000e-01	
2.829612e+02	2781	5.311060e+01	2.587941e+02	2.829612e+02	2781	8.297217e-01	7.000000e-01	
2.830629e+02	2782	4.689483e+01	2.575052e+02	2.830629e+02	2782	8.459434e-01	7.000000e-01	
2.831647e+02	2783	4.191510e+01	2.373586e+02	2.831647e+02	2783	8.499139e-01	7.000000e-01	
2.832664e+02	2784	5.281142e+01	2.630832e+02	2.832664e+02	2784	8.328195e-01	7.000000e-01	
2.833682e+02	2785	3.587606e+01	2.490288e+02	2.833682e+02	2785	8.740771e-01	7.000000e-01	
2.834699e+02	2786	2.733283e+01	2.426712e+02	2.834699e+02	2786	8.987688e-01	7.000000e-01	
2.835717e+02	2787	4.857111e+01	2.535395e+02	2.835717e+02	2787	8.392274e-01	7.000000e-01	
2.836734e+02	2788	3.933576e+01	2.407678e+02	2.836734e+02	2788	8.595671e-01	7.000000e-01	
2.837752e+02	2789	3.341973e+01	2.472890e+02	2.837752e+02	2789	8.809452e-01	7.000000e-01	
2.838769e+02	2790	3.042149e+01	2.439383e+02	2.838769e+02	2790	8.891183e-01	7.000000e-01	
2.839787e+02	2791	2.765401e+01	2.357925e+02	2.839787e+02	2791	8.950299e-01	7.000000e-01	
2.840804e+02	2792	3.005866e+01	2.348933e+02	2.840804e+02	2792	8.865505e-01	7.000000e-01	
2.841822e+02	2793	3.410033e+01	2.384122e+02	2.841822e+02	2793	8.748669e-01	7.000000e-01	
2.842839e+02	2794	2.980077e+01	2.402685e+02	2.842839e+02	2794	8.896551e-01	7.000000e-01	
2.843857e+02	2795	3.121753e+01	2.493390e+02	2.843857e+02	2795	8.887300e-01	7.000000e-01	
2.844874e+02	2796	3.056429e+01	2.371087e+02	2.844874e+02	2796	8.858148e-01	7.000000e-01	
2.845892e+02	2797	2.212381e+01	2.446105e+02	2.845892e+02	2797	9.170568e-01	7.000000e-01	
2.846909e+02	2798	2.143568e+01	2.902948e+02	2.846909e+02	2798	9.312365e-01	7.000000e-01	
2.847927e+02	2799	2.191225e+01	2.820963e+02	2.847927e+02	2799	9.279223e-01	7.000000e-01	
2.848944e+02	2800	3.091972e+01	2.700103e+02	2.848944e+02	2800	8.972528e-01	7.000000e-01	
2.849961e+02	2801	2.284319e+01	2.771196e+02	2.849961e+02	2801	9.238466e-01	7.000000e-01	
2.850979e+02	2802	2.322524e+01	2.806729e+02	2.850979e+02	2802	9.235756e-01	7.000000e-01	
2.851996e+02	2803	1.926823e+01	2.770971e+02	2.851996e+02	2803	9.349849e-01	7.000000e-01	
2.853014e+02	2804	9.547807e+00	2.720245e+02	2.853014e+02	2804	9.660911e-01	7.000000e-01	
2.854031e+02	2805	2.614037e+01	2.829688e+02	2.854031e+02	2805	9.154332e-01	7.000000e-01	
2.855049e+02	2806	1.964284e+01	2.877314e+02	2.855049e+02	2806	9.360947e-01	7.000000e-01	
2.856066e+02	2807	1.857557e+01	2.344666e+02	2.856066e+02	2807	9.265910e-01	7.000000e-01	
2.857084e+02	2808	1.505651e+01	2.675332e+02	2.857084e+02	2808	9.467195e-01	7.000000e-01	
2.858101e+02	2809	2.513316e+01	2.195128e+02	2.858101e+02	2809	8.972672e-01	7.000000e-01	
2.859119e+02	2810	2.767602e+01	2.379865e+02	2.859119e+02	2810	8.958226e-01	7.000000e-01	
2.860136e+02	2811	3.086027e+01	2.511131e+02	2.860136e+02	2811	8.905561e-01	7.000000e-01	
2.861154e+02	2812	1.378066e+01	2.585858e+02	2.861154e+02	2812	9.494040e-01	7.000000e-01	
2.862171e+02	2813	3.858649e+01	2.369657e+02	2.862171e+02	2813	8.599667e-01	7.000000e-01	
2.863189e+02	2814	3.525776e+01	2.559055e+02	2.863189e+02	2814	8.789072e-01	7.000000e-01	
2.864206e+02	2815	3.047497e+01	2.427265e+02	2.864206e+02	2815	8.884524e-01	7.000000e-01	
2.865224e+02	2816	3.007214e+01	1.983655e+02	2.865224e+02	2816	8.683573e-01	7.000000e-01	
2.866241e+02	2817	3.328638e+01	2.862383e+02	2.866241e+02	2817	8.958253e-01	7.000000e-01	
2.867259e+02	2818	2.620431e+01	3.136270e+02	2.867259e+02	2818	9.228902e-01	7.000000e-01	
2.868276e+02	2819	1.127477e+01	3.040299e+02	2.868276e+02	2819	9.642417e-01	7.000000e-01	
2.869294e+02	2820	3.971727e+01	2.354163e+02	2.869294e+02	2820	8.556437e-01	7.000000e-01	
2.870311e+02	2821	2.775687e+01	2.798413e+02	2.870311e+02	2821	9.097626e-01	7.000000e-01	
2.871329e+02	2822	3.220781e+01	2.855093e+02	2.871329e+02	2822	8.986274e-01	7.000000e-01	
2.872346e+02	2823	2.270778e+01	2.417715e+02	2.872346e+02	2823	9.141416e-01	7.000000e-01	
2.873364e+02	2824	2.622263e+01	2.471944e+02	2.873364e+02	2824	9.040929e-01	7.000000e-01	
2.874381e+02	2825	2.154405e+01	1.943399e+02	2.874381e+02	2825	9.002054e-01	7.000000e-01	
2.875398e+02	2826	4.272519e+01	2.040779e+02	2.875398e+02	2826	8.268855e-01	7.000000e-01	
2.876416e+02	2827	1.432616e+01	2.773447e+02	2.876416e+02	2827	9.508824e-01	7.000000e-01	
2.877433e+02	2828	1.834791e+01	2.675066e+02	2.877433e+02	2828	9.358138e-01	7.000000e-01	
2.878451e+02	2829	3.534318e+01	2.129506e+02	2.878451e+02	2829	8.576558e-01	7.000000e-01	
2.879468e+02	2830	1.670776e+01	2.998716e+02	2.879468e+02	2830	9.472241e-01	7.000000e-01	
2.880486e+02	2831	2.289913e+00	2.603187e+02	2.880486e+02	2831	9.912801e-01	7.000000e-01	
2.881503e+02	2832	2.292990e+01	2.587495e+02	2.881503e+02	2832	9.185958e-01	7.000000e-01	
2.882521e+02	2833	2.253717e+01	2.482282e+02	2.882521e+02	2833	9.167649e-01	7.000000e-01	
2.883538e+02	2834	4.864341e+00	2.247281e+02	2.883538e+02	2834	9.788131e-01	7.000000e-01	
2.884556e+02	2835	1.251389e+01	2.791203e+02	2.884556e+02	2835	9.570905e-01	7.000000e-01	
2.885573e+02	2836	9.888379e+00	2.681443e+02	2.885573e+02	2836	9.644345e-01	7.000000e-01	
2.886591e+02	2837	3.987533e+01	3.390484e+02	2.886591e+02	2837	8.947669e-01	7.000000e-01	
2.887608e+02	2838	1.646427e+01	3.314616e+02	2.887608e+02	2838	9.526788e-01	7.000000e-01	
2.888626e+02	2839	2.654136e+01	2.828460e+02	2.888626e+02	2839	9.142132e-01	7.000000e-01	
2.889643e+02	2840	2.260650e+01	3.106671e+02	2.889643e+02	2840	9.321683e-01	7.000000e-01	
2.890661e+02	2841	2.365371e+01	2.460692e+02	2.890661e+02	2841	9.123037e-01	7.000000e-01	
2.891678e+02	2842	2.934968e+01	2.780254e+02	2.891678e+02	2842	9.045151e-01	7.000000e-01	
2.892696e+02	2843	2.532991e+01	2.983846e+02	2.892696e+02	2843	9.217523e-01	7.000000e-01	
2.893713e+02	2844	2.355261e+01	2.877052e+02	2.893713e+02	2844	9.243309e-01	7.000000e-01	
2.894731e+02	2845	4.133491e+01	2.557969e+02	2.894731e+02	2845	8.608870e-01	7.000000e-01	
2.895748e+02	2846	2.452209e+01	2.519636e+02	2.895748e+02	2846	9.113079e-01	7.000000e-01	
2.896766e+02	2847	3.337346e+01	2.280229e+02	2.896766e+02	2847	8.723262e-01	7.000000e-01	
2.897783e+02	2848	3.635745e+01	2.723378e+02	2.897783e+02	2848	8.822222e-01	7.000000e-01	
2.898801e+02	2849	3.900520e+01	2.719709e+02	2.898801e+02	2849	8.745717e-01	7.000000e-01	
2.899818e+02	2850	3.209677e+01	2.742073e+02	2.899818e+02	2850	8.952127e-01	7.000000e-01	
2.900835e+02	2851	4.677048e+01	2.545738e+02	2.900835e+02	2851	8.447939e-01	7.000000e-01	
2.901853e+02	2852	3.482435e+01	2.346138e+02	2.901853e+02	2852	8.707520e-01	7.000000e-01	
2.902870e+02	2853	4.321017e+01	2.691903e+02	2.902870e+02	2853	8.616834e-01	7.000000e-01	
2.903888e+02	2854	3.932694e+01	2.346086e+02	2.903888e+02	2854	8.564372e-01	7.000000e-01	
2.904905e+02	2855	4.174170e+01	2.495234e+02	2.904905e+02	2855	8.566883e-01	7.000000e-01	
2.905923e+02	2856	4.373578e+01	2.482049e+02	2.905923e+02	2856	8.501895e-01	7.000000e-01	
2.906940e+02	2857	4.067078e+01	2.288574e+02	2.906940e+02	2857	8.491038e-01	7.000000e-01	
2.907958e+02	2858	5.905440e+01	2.443338e+02	2.907958e+02	2858	8.053504e-01	7.000000e-01	
2.908975e+02	2859	4.563020e+01	2.475487e+02	2.908975e+02	2859	8.443606e-01	7.000000e-01	
2.909993e+02	2860	3.386593e+01	2.429788e+02	2.909993e+02	2860	8.776718e-01	7.000000e-01	
2.911010e+02	2861	4.380661e+01	2.432687e+02	2.911010e+02	2861	8.474038e-01	7.000000e-01	
2.912028e+02	2862	1.881304e+01	2.440940e+02	2.912028e+02	2862	9.284422e-01	7.000000e-01	
2.913045e+02	2863	2.587974e+01	2.753672e+02	2.913045e+02	2863	9.140913e-01	7.000000e-01	
2.914063e+02	2864	2.302166e+01	2.593541e+02	2.914063e+02	2864	9.184715e-01	7.000000e-01	
2.915080e+02	2865	1.288937e+01	2.783491e+02	2.915080e+02	2865	9.557429e-01	7.000000e-01	
2.916098e+02	2866	3.458433e+01	2.477764e+02	2.916098e+02	2866	8.775172e-01	7.000000e-01	
2.917115e+02	2867	2.355587e+01	2.139521e+02	2.917115e+02	2867	9.008207e-01	7.000000e-01	
2.918133e+02	2868	2.681918e+01	2.461703e+02	2.918133e+02	2868	9.017575e-01	7.000000e-01	
2.919150e+02	2869	7.675060e+01	3.617050e+02	2.919150e+02	2869	8.249524e-01	7.000000e-01	
2.920168e+02	2870	5.894298e+01	4.179858e+02	2.920168e+02	2870	8.764114e-01	7.000000e-01	
2.921185e+02	2871	5.487336e+01	3.895905e+02	2.921185e+02	2871	8.765403e-01	7.000000e-01	
2.922203e+02	2872	4.338315e+01	4.244766e+02	2.922203e+02	2872	9.072732e-01	7.000000e-01	
2.923220e+02	2873	6.975471e+01	3.960841e+02	2.923220e+02	2873	8.502600e-01	7.000000e-01	
2.924238e+02	2874	2.465211e+01	4.192283e+02	2.924238e+02	2874	9.444623e-01	7.000000e-01	
2.925255e+02	2875	3.837623e+01	4.603479e+02	2.925255e+02	2875	9.230512e-01	7.000000e-01	
2.926272e+02	2876	1.424347e+01	3.834480e+02	2.926272e+02	2876	9.641846e-01	7.000000e-01	
2.927290e+02	2877	5.871306e+01	4.116844e+02	2.927290e+02	2877	8.751841e-01	7.000000e-01	
2.928307e+02	2878	3.759469e+01	4.168545e+02	2.928307e+02	2878	9.172742e-01	7.000000e-01	
2.929325e+02	2879	4.411915e+01	2.366241e+02	2.929325e+02	2879	8.428488e-01	7.000000e-01	
2.930342e+02	2880	4.353692e+01	2.318513e+02	2.930342e+02	2880	8.419071e-01	7.000000e-01	
2.931360e+02	2881	3.598357e+01	2.396649e+02	2.931360e+02	2881	8.694585e-01	7.000000e-01	
2.932377e+02	2882	4.573604e+01	2.233872e+02	2.932377e+02	2882	8.300554e-01	7.000000e-01	
2.933395e+02	2883	4.494958e+01	2.174463e+02	2.933395e+02	2883	8.286956e-01	7.000000e-01	
2.934412e+02	2884	5.118554e+01	2.336908e+02	2.934412e+02	2884	8.203237e-01	7.000000e-01	
2.935430e+02	2885	3.968446e+01	2.041024e+02	2.935430e+02	2885	8.372166e-01	7.000000e-01	
2.936447e+02	2886	4.097037e+01	2.365626e+02	2.936447e+02	2886	8.523766e-01	7.000000e-01	
2.937465e+02	2887	3.983828e+01	2.158818e+02	2.937465e+02	2887	8.442114e-01	7.000000e-01	
2.938482e+02	2888	6.926114e+01	1.836906e+02	2.938482e+02	2888	7.261883e-01	7.000000e-01	
2.939500e+02	2889	2.776175e+01	2.132717e+02	2.939500e+02	2889	8.848220e-01	7.000000e-01	
2.940517e+02	2890	3.472942e+01	2.070885e+02	2.940517e+02	2890	8.563819e-01	7.000000e-01	
2.941535e+02	2891	1.848301e+01	2.281623e+02	2.941535e+02	2891	9.250624e-01	7.000000e-01	
2.942552e+02	2892	7.010832e+00	1.809508e+02	2.942552e+02	2892	9.627007e-01	7.000000e-01	
2.943570e+02	2893	2.059058e+01	2.382713e+02	2.943570e+02	2893	9.204573e-01	7.000000e-01	
2.944587e+02	2894	2.933234e+01	2.242821e+02	2.944587e+02	2894	8.843428e-01	7.000000e-01	
2.945605e+02	2895	2.747287e+01	2.445663e+02	2.945605e+02	2895	8.990113e-01	7.000000e-01	
2.946622e+02	2896	3.431106e+01	2.599232e+02	2.946622e+02	2896	8.833886e-01	7.000000e-01	
2.947640e+02	2897	3.333748e+01	2.402241e+02	2.947640e+02	2897	8.781354e-01	7.000000e-01	
2.948657e+02	2898	4.163219e+01	2.459510e+02	2.948657e+02	2898	8.552343e-01	7.000000e-01	
2.949675e+02	2899	2.010004e+01	2.267219e+02	2.949675e+02	2899	9.185646e-01	7.000000e-01	
2.950692e+02	2900	3.246970e+01	2.504221e+02	2.950692e+02	2900	8.852222e-01	7.000000e-01	
2.951709e+02	2901	2.956423e+01	2.536016e+02	2.951709e+02	2901	8.955939e-01	7.000000e-01	
2.952727e+02	2902	3.462779e+01	2.660475e+02	2.952727e+02	2902	8.848333e-01	7.000000e-01	
2.953744e+02	2903	2.849778e+01	2.377372e+02	2.953744e+02	2903	8.929600e-01	7.000000e-01	
2.954762e+02	2904	3.172155e+01	2.296365e+02	2.954762e+02	2904	8.786280e-01	7.000000e-01	
2.955779e+02	2905	3.568512e+01	2.412152e+02	2.955779e+02	2905	8.711265e-01	7.000000e-01	
2.956797e+02	2906	2.979453e+01	2.620263e+02	2.956797e+02	2906	8.979013e-01	7.000000e-01	
2.957814e+02	2907	2.371026e+01	2.331635e+02	2.957814e+02	2907	9.076968e-01	7.000000e-01	
2.958832e+02	2908	2.744832e+01	2.489461e+02	2.958832e+02	2908	9.006915e-01	7.000000e-01	
2.959849e+02	2909	3.108977e+01	2.444122e+02	2.959849e+02	2909	8.871523e-01	7.000000e-01	
2.960867e+02	2910	2.505837e+01	2.350508e+02	2.960867e+02	2910	9.036621e-01	7.000000e-01	
2.961884e+02	2911	1.588768e+01	2.109311e+02	2.961884e+02	2911	9.299543e-01	7.000000e-01	
2.962902e+02	2912	1.883123e+01	2.864756e+02	2.962902e+02	2912	9.383203e-01	7.000000e-01	
2.963919e+02	2913	1.703335e+01	2.578444e+02	2.963919e+02	2913	9.380330e-01	7.000000e-01	
2.964937e+02	2914	2.553634e+01	2.405793e+02	2.964937e+02	2914	9.040404e-01	7.000000e-01	
2.965954e+02	2915	1.174919e+01	2.735527e+02	2.965954e+02	2915	9.588184e-01	7.000000e-01	
2.966972e+02	2916	2.434925e+01	2.388684e+02	2.966972e+02	2916	9.074939e-01	7.000000e-01	
2.967989e+02	2917	2.644007e+01	2.413204e+02	2.967989e+02	2917	9.012548e-01	7.000000e-01	
2.969007e+02	2918	2.268400e+01	3.919323e+02	2.969007e+02	2918	9.452892e-01	7.000000e-01	
2.970024e+02	2919	6.442042e+01	3.598427e+02	2.970024e+02	2919	8.481593e-01	7.000000e-01	
2.971042e+02	2920	2.605098e+01	1.972259e+02	2.971042e+02	2920	8.833243e-01	7.000000e-01	
2.972059e+02	2921	3.991194e+01	2.055442e+02	2.972059e+02	2921	8.373969e-01	7.000000e-01	
2.973077e+02	2922	3.765426e+01	2.313056e+02	2.973077e+02	2922	8.600004e-01	7.000000e-01	
2.974094e+02	2923	3.387987e+01	2.242064e+02	2.974094e+02	2923	8.687266e-01	7.000000e-01	
2.975112e+02	2924	3.135304e+01	2.263588e+02	2.975112e+02	2924	8.783407e-01	7.000000e-01	
2.976129e+02	2925	2.739864e+01	2.222979e+02	2.976129e+02	2925	8.902722e-01	7.000000e-01	
2.977146e+02	2926	3.758974e+01	2.062814e+02	2.977146e+02	2926	8.458623e-01	7.000000e-01	
2.978164e+02	2927	3.548459e+01	2.319288e+02	2.978164e+02	2927	8.673044e-01	7.000000e-01	
2.979181e+02	2928	2.197588e+01	2.186087e+02	2.979181e+02	2928	9.086563e-01	7.000000e-01	
2.980199e+02	2929	3.122865e+01	2.215541e+02	2.980199e+02	2929	8.764605e-01	7.000000e-01	
2.981216e+02	2930	3.880445e+01	1.947722e+02	2.981216e+02	2930	8.338685e-01	7.000000e-01	
2.982234e+02	2931	3.196711e+01	2.040336e+02	2.982234e+02	2931	8.645466e-01	7.000000e-01	
2.983251e+02	2932	1.698674e+01	2.230445e+02	2.983251e+02	2932	9.292311e-01	7.000000e-01	
2.984269e+02	2933	4.945152e+01	2.175441e+02	2.984269e+02	2933	8.147853e-01	7.000000e-01	
2.985286e+02	2934	2.797141e+01	2.201350e+02	2.985286e+02	2934	8.872604e-01	7.000000e-01	
2.986304e+02	2935	5.301235e+01	2.430767e+02	2.986304e+02	2935	8.209581e-01	7.000000e-01	
2.987321e+02	2936	4.251575e+01	2.213942e+02	2.987321e+02	2936	8.389005e-01	7.000000e-01	
2.988339e+02	2937	5.169152e+01	2.307239e+02	2.988339e+02	2937	8.169664e-01	7.000000e-01	
2.989356e+02	2938	4.170593e+01	2.908184e+02	2.989356e+02	2938	8.745778e-01	7.000000e-01	
2.990374e+02	2939	5.720150e+01	2.591397e+02	2.990374e+02	2939	8.191778e-01	7.000000e-01	
2.991391e+02	2940	4.471667e+01	2.907073e+02	2.991391e+02	2940	8.666861e-01	7.000000e-01	
2.992409e+02	2941	6.539589e+01	2.672105e+02	2.992409e+02	2941	8.033835e-01	7.000000e-01	
2.993426e+02	2942	5.439939e+01	2.399610e+02	2.993426e+02	2942	8.151946e-01	7.000000e-01	
2.994444e+02	2943	2.987026e+01	3.051542e+02	2.994444e+02	2943	9.108416e-01	7.000000e-01	
2.995461e+02	2944	3.905607e+01	2.876166e+02	2.995461e+02	2944	8.804428e-01	7.000000e-01	
2.996479e+02	2945	5.157391e+01	2.828698e+02	2.996479e+02	2945	8.457920e-01	7.000000e-01	
2.997496e+02	2946	3.382183e+01	2.780101e+02	2.997496e+02	2946	8.915383e-01	7.000000e-01	
2.998514e+02	2947	4.480493e+01	2.787472e+02	2.998514e+02	2947	8.615218e-01	7.000000e-01	
2.999531e+02	2948	4.137671e+01	2.728311e+02	2.999531e+02	2948	8.683142e-01	7.000000e-01	
3.000549e+02	2949	4.415755e+01	2.641494e+02	3.000549e+02	2949	8.567741e-01	7.000000e-01	
3.001566e+02	2950	3.487576e+01	2.586984e+02	3.001566e+02	2950	8.812029e-01	7.000000e-01	
3.002583e+02	2951	3.732435e+01	2.740431e+02	3.002583e+02	2951	8.801276e-01	7.000000e-01	
3.003601e+02	2952	3.022309e+01	2.554478e+02	3.003601e+02	2952	8.942031e-01	7.000000e-01	
3.004618e+02	2953	2.804135e+01	2.510623e+02	3.004618e+02	2953	8.995307e-01	7.000000e-01	
3.005636e+02	2954	3.404818e+01	2.607100e+02	3.005636e+02	2954	8.844878e-01	7.000000e-01	
3.006653e+02	2955	4.509865e+01	2.570972e+02	3.006653e+02	2955	8.507635e-01	7.000000e-01	
3.007671e+02	2956	4.040091e+01	2.461335e+02	3.007671e+02	2956	8.590015e-01	7.000000e-01	
3.008688e+02	2957	3.145005e+01	2.755011e+02	3.008688e+02	2957	8.975405e-01	7.000000e-01	
3.009706e+02	2958	3.553216e+01	2.563203e+02	3.009706e+02	2958	8.782530e-01	7.000000e-01	
3.010723e+02	2959	3.542589e+01	2.369508e+02	3.010723e+02	2959	8.699379e-01	7.000000e-01	
3.011741e+02	2960	2.985865e+01	2.647916e+02	3.011741e+02	2960	8.986641e-01	7.000000e-01	
3.012758e+02	2961	3.869140e+01	2.587860e+02	3.012758e+02	2961	8.699350e-01	7.000000e-01	
3.013776e+02	2962	3.601757e+01	2.126277e+02	3.013776e+02	2962	8.551448e-01	7.000000e-01	
3.014793e+02	2963	4.280000e+01	1.814171e+02	3.014793e+02	2963	8.091136e-01	7.000000e-01	
3.015811e+02	2964	3.589912e+01	2.072923e+02	3.015811e+02	2964	8.523833e-01	7.000000e-01	
3.016828e+02	2965	2.979669e+01	2.468165e+02	3.016828e+02	2965	8.922803e-01	7.000000e-01	
3.017846e+02	2966	3.943517e+01	2.183797e+02	3.017846e+02	2966	8.470407e-01	7.000000e-01	
3.018863e+02	2967	3.254480e+01	2.259506e+02	3.018863e+02	2967	8.740991e-01	7.000000e-01	
3.019881e+02	2968	3.762525e+01	2.080641e+02	3.019881e+02	2968	8.468584e-01	7.000000e-01	
3.020898e+02	2969	4.971191e+01	2.255360e+02	3.020898e+02	2969	8.193922e-01	7.000000e-01	
3.021916e+02	2970	3.144172e+01	1.980501e+02	3.021916e+02	2970	8.629942e-01	7.000000e-01	
3.022933e+02	2971	3.170376e+01	2.042710e+02	3.022933e+02	2971	8.656477e-01	7.000000e-01	
3.023951e+02	2972	4.051617e+01	1.989646e+02	3.023951e+02	2972	8.308166e-01	7.000000e-01	
3.024968e+02	2973	4.164674e+01	2.313651e+02	3.024968e+02	2973	8.474545e-01	7.000000e-01	
3.025986e+02	2974	3.272017e+01	2.141506e+02	3.025986e+02	2974	8.674603e-01	7.000000e-01	
3.027003e+02	2975	2.887474e+01	2.025553e+02	3.027003e+02	2975	8.752334e-01	7.000000e-01	
3.028020e+02	2976	4.261179e+01	1.589392e+02	3.028020e+02	2976	7.885806e-01	7.000000e-01	
3.029038e+02	2977	3.254839e+01	2.100141e+02	3.029038e+02	2977	8.658144e-01	7.000000e-01	
3.030055e+02	2978	3.418374e+01	2.000587e+02	3.030055e+02	2978	8.540668e-01	7.000000e-01	
3.031073e+02	2979	1.971094e+01	1.789062e+02	3.031073e+02	2979	9.007591e-01	7.000000e-01	
3.032090e+02	2980	2.634725e+01	2.020011e+02	3.032090e+02	2980	8.846182e-01	7.000000e-01	
3.033108e+02	2981	2.843669e+01	2.147004e+02	3.033108e+02	2981	8.830426e-01	7.000000e-01	
3.034125e+02	2982	1.456606e+01	2.290027e+02	3.034125e+02	2982	9.401973e-01	7.000000e-01	
3.035143e+02	2983	2.548926e+01	2.035257e+02	3.035143e+02	2983	8.887005e-01	7.000000e-01	
3.036160e+02	2984	2.309561e+01	2.078721e+02	3.036160e+02	2984	9.000050e-01	7.000000e-01	
3.037178e+02	2985	2.856163e+01	2.158509e+02	3.037178e+02	2985	8.831417e-01	7.000000e-01	
3.038195e+02	2986	1.857088e+01	2.074604e+02	3.038195e+02	2986	9.178393e-01	7.000000e-01	
3.039213e+02	2987	3.164436e+01	2.160813e+02	3.039213e+02	2987	8.722605e-01	7.000000e-01	
3.040230e+02	2988	2.585751e+01	2.027880e+02	3.040230e+02	2988	8.869100e-01	7.000000e-01	
3.041248e+02	2989	3.446846e+01	2.051904e+02	3.041248e+02	2989	8.561770e-01	7.000000e-01	
3.042265e+02	2990	3.482552e+01	2.211725e+02	3.042265e+02	2990	8.639618e-01	7.000000e-01	
3.043283e+02	2991	2.505844e+01	2.105961e+02	3.043283e+02	2991	8.936645e-01	7.000000e-01	
3.044300e+02	2992	3.289441e+01	2.296653e+02	3.044300e+02	2992	8.747165e-01	7.000000e-01	
3.045318e+02	2993	3.742750e+01	2.113846e+02	3.045318e+02	2993	8.495752e-01	7.000000e-01	
3.046335e+02	2994	3.591561e+01	2.076022e+02	3.046335e+02	2994	8.525134e-01	7.000000e-01	
3.047353e+02	2995	3.365878e+01	2.468219e+02	3.047353e+02	2995	8.799961e-01	7.000000e-01	
3.048370e+02	2996	1.435181e+01	2.511545e+02	3.048370e+02	2996	9.459455e-01	7.000000e-01	
3.049388e+02	2997	3.469761e+01	2.298112e+02	3.049388e+02	2997	8.688225e-01	7.000000e-01	
3.050405e+02	2998	3.458285e+01	2.206493e+02	3.050405e+02	2998	8.645043e-01	7.000000e-01	
3.051423e+02	2999	2.879314e+01	2.250230e+02	3.051423e+02	2999	8.865591e-01	7.000000e-01	
3.052440e+02	3000	3.387800e+01	2.294431e+02	3.052440e+02	3000	8.713434e-01	7.000000e-01	
3.053457e+02	3001	3.982876e+01	2.354567e+02	3.053457e+02	3001	8.553183e-01	7.000000e-01	
3.054475e+02	3002	3.353702e+01	2.324530e+02	3.054475e+02	3002	8.739162e-01	7.000000e-01	
3.055492e+02	3003	3.060069e+01	2.350088e+02	3.055492e+02	3003	8.847907e-01	7.000000e-01	
3.056510e+02	3004	3.880435e+01	2.054986e+02	3.056510e+02	3004	8.411630e-01	7.000000e-01	
3.057527e+02	3005	3.985235e+01	2.218920e+02	3.057527e+02	3005	8.477432e-01	7.000000e-01	
3.058545e+02	3006	4.005372e+01	2.271935e+02	3.058545e+02	3006	8.501248e-01	7.000000e-01	
3.059562e+02	3007	3.972823e+01	2.304954e+02	3.059562e+02	3007	8.529802e-01	7.000000e-01	
3.060580e+02	3008	3.819133e+01	2.289970e+02	3.060580e+02	3008	8.570621e-01	7.000000e-01	
3.061597e+02	3009	2.995173e+01	2.256355e+02	3.061597e+02	3009	8.828121e-01	7.000000e-01	
3.062615e+02	3010	3.678442e+01	2.307336e+02	3.062615e+02	3010	8.624974e-01	7.000000e-01	
3.063632e+02	3011	4.240411e+01	2.113430e+02	3.063632e+02	3011	8.328883e-01	7.000000e-01	
3.064650e+02	3012	4.609021e+01	2.157489e+02	3.064650e+02	3012	8.239751e-01	7.000000e-01	
3.065667e+02	3013	2.881872e+01	2.251100e+02	3.065667e+02	3013	8.865086e-01	7.000000e-01	
3.066685e+02	3014	3.781280e+01	2.355341e+02	3.066685e+02	3014	8.616674e-01	7.000000e-01	
3.067702e+02	3015	3.384388e+01	2.398962e+02	3.067702e+02	3015	8.763649e-01	7.000000e-01	
3.068720e+02	3016	2.909754e+01	2.406169e+02	3.068720e+02	3016	8.921172e-01	7.000000e-01	
3.069737e+02	3017	4.363111e+01	2.321943e+02	3.069737e+02	3017	8.418162e-01	7.000000e-01	
3.070755e+02	3018	3.440481e+01	2.794003e+02	3.070755e+02	3018	8.903625e-01	7.000000e-01	
3.071772e+02	3019	3.598822e+01	2.384040e+02	3.071772e+02	3019	8.688439e-01	7.000000e-01	
3.072790e+02	3020	2.301742e+01	2.686032e+02	3.072790e+02	3020	9.210707e-01	7.000000e-01	
3.073807e+02	3021	3.325233e+01	2.647849e+02	3.073807e+02	3021	8.884289e-01	7.000000e-01	
3.074825e+02	3022	3.421309e+01	2.409802e+02	3.074825e+02	3022	8.756761e-01	7.000000e-01	
3.075842e+02	3023	2.358221e+01	2.122596e+02	3.075842e+02	3023	9.000084e-01	7.000000e-01	
3.076860e+02	3024	2.314381e+01	2.752171e+02	3.076860e+02	3024	9.224302e-01	7.000000e-01	
3.077877e+02	3025	1.747998e+01	2.559155e+02	3.077877e+02	3025	9.360634e-01	7.000000e-01	
3.078894e+02	3026	2.930329e+01	2.854754e+02	3.078894e+02	3026	9.069083e-01	7.000000e-01	
3.079912e+02	3027	2.279381e+01	2.437157e+02	3.079912e+02	3027	9.144728e-01	7.000000e-01	
3.080929e+02	3028	1.012740e+01	2.940147e+02	3.080929e+02	3028	9.667017e-01	7.000000e-01	
3.081947e+02	3029	2.323069e+01	2.808040e+02	3.081947e+02	3029	9.235920e-01	7.000000e-01	
3.082964e+02	3030	2.595615e+01	2.319951e+02	3.082964e+02	3030	8.993758e-01	7.000000e-01	
3.083982e+02	3031	1.883458e+01	2.887147e+02	3.083982e+02	3031	9.387591e-01	7.000000e-01	
3.084999e+02	3032	4.885657e+01	2.221313e+02	3.084999e+02	3032	8.197094e-01	7.000000e-01	
3.086017e+02	3033	2.117392e+01	2.659342e+02	3.086017e+02	3033	9.262511e-01	7.000000e-01	
3.087034e+02	3034	2.898208e+01	1.992414e+02	3.087034e+02	3034	8.730101e-01	7.000000e-01	
3.088052e+02	3035	2.303170e+01	2.462191e+02	3.088052e+02	3035	9.144600e-01	7.000000e-01	
3.089069e+02	3036	2.351941e+01	2.071373e+02	3.089069e+02	3036	8.980328e-01	7.000000e-01	
3.090087e+02	3037	2.668274e+01	2.061156e+02	3.090087e+02	3037	8.853826e-01	7.000000e-01	
3.091104e+02	3038	3.262650e+01	2.122988e+02	3.091104e+02	3038	8.667900e-01	7.000000e-01	
3.092122e+02	3039	2.772512e+01	2.306850e+02	3.092122e+02	3039	8.927088e-01	7.000000e-01	
3.093139e+02	3040	3.108460e+01	1.944195e+02	3.093139e+02	3040	8.621551e-01	7.000000e-01	
3.094157e+02	3041	3.127907e+01	2.278814e+02	3.094157e+02	3041	8.793062e-01	7.000000e-01	
3.095174e+02	3042	2.935854e+01	2.366612e+02	3.095174e+02	3042	8.896377e-01	7.000000e-01	
3.096192e+02	3043	2.203914e+01	2.243177e+02	3.096192e+02	3043	9.105398e-01	7.000000e-01	
3.097209e+02	3044	2.129765e+01	2.219628e+02	3.097209e+02	3044	9.124492e-01	7.000000e-01	
3.098227e+02	3045	9.675549e+00	2.463969e+02	3.098227e+02	3045	9.622156e-01	7.000000e-01	
3.099244e+02	3046	3.578237e+01	2.342721e+02	3.099244e+02	3046	8.674994e-01	7.000000e-01	
3.100262e+02	3047	8.025752e+00	2.410667e+02	3.100262e+02	3047	9.677800e-01	7.000000e-01	
3.101279e+02	3048	2.756974e+01	2.308853e+02	3.101279e+02	3048	8.933287e-01	7.000000e-01	
3.102297e+02	3049	3.148833e+01	2.346091e+02	3.102297e+02	3049	8.816662e-01	7.000000e-01	
3.103314e+02	3050	1.200769e+01	2.442316e+02	3.103314e+02	3050	9.531388e-01	7.000000e-01	
3.104331e+02	3051	9.880166e+00	2.967623e+02	3.104331e+02	3051	9.677795e-01	7.000000e-01	
3.105349e+02	3052	1.291572e+01	2.891998e+02	3.105349e+02	3052	9.572491e-01	7.000000e-01	
3.106366e+02	3053	2.312474e+01	3.162961e+02	3.106366e+02	3053	9.318700e-01	7.000000e-01	
3.107384e+02	3054	2.380319e+00	2.991967e+02	3.107384e+02	3054	9.921071e-01	7.000000e-01	
3.108401e+02	3055	3.906916e-01	2.530625e+02	3.108401e+02	3055	9.984585e-01	7.000000e-01	
3.109419e+02	3056	1.615700e+01	4.080801e+02	3.109419e+02	3056	9.619152e-01	7.000000e-01	
3.110436e+02	3057	9.186331e+00	3.729973e+02	3.110436e+02	3057	9.759636e-01	7.000000e-01	
3.111454e+02	3058	1.968802e+01	3.990888e+02	3.111454e+02	3058	9.529868e-01	7.000000e-01	
3.112471e+02	3059	3.582288e+01	2.482529e+02	3.112471e+02	3059	8.738967e-01	7.000000e-01	
3.113489e+02	3060	1.325931e+01	3.429307e+02	3.113489e+02	3060	9.627746e-01	7.000000e-01	
3.114506e+02	3061	4.118849e+01	2.092490e+02	3.114506e+02	3061	8.355338e-01	7.000000e-01	
3.115524e+02	3062	4.476285e+01	2.120221e+02	3.115524e+02	3062	8.256796e-01	7.000000e-01	
3.116541e+02	3063	3.924379e+01	2.119364e+02	3.116541e+02	3063	8.437624e-01	7.000000e-01	
3.117559e+02	3064	4.024336e+01	2.363521e+02	3.117559e+02	3064	8.545046e-01	7.000000e-01	
3.118576e+02	3065	4.289046e+01	2.108118e+02	3.118576e+02	3065	8.309418e-01	7.000000e-01	
3.119594e+02	3066	4.301354e+01	1.894821e+02	3.119594e+02	3066	8.149921e-01	7.000000e-01	
3.120611e+02	3067	3.364163e+01	2.079159e+02	3.120611e+02	3067	8.607304e-01	7.000000e-01	
3.121629e+02	3068	3.649535e+01	2.400008e+02	3.121629e+02	3068	8.680077e-01	7.000000e-01	
3.122646e+02	3069	2.576181e+01	2.302610e+02	3.122646e+02	3069	8.993769e-01	7.000000e-01	
3.123664e+02	3070	4.934157e+01	1.939694e+02	3.123664e+02	3070	7.972078e-01	7.000000e-01	
3.124681e+02	3071	3.038816e+01	2.166560e+02	3.124681e+02	3071	8.769930e-01	7.000000e-01	
3.125699e+02	3072	2.511590e+01	2.175652e+02	3.125699e+02	3072	8.965066e-01	7.000000e-01	
3.126716e+02	3073	3.031322e+01	2.108884e+02	3.126716e+02	3073	8.743241e-01	7.000000e-01	
3.127734e+02	3074	1.379830e+01	2.300304e+02	3.127734e+02	3074	9.434099e-01	7.000000e-01	
3.128751e+02	3075	5.350150e+00	2.123470e+02	3.128751e+02	3075	9.754239e-01	7.000000e-01	
3.129768e+02	3076	2.703439e+01	2.304187e+02	3.129768e+02	3076	8.949929e-01	7.000000e-01	
3.130786e+02	3077	1.492300e+01	2.638917e+02	3.130786e+02	3077	9.464770e-01	7.000000e-01	
3.131803e+02	3078	1.866660e+01	2.631518e+02	3.131803e+02	3078	9.337637e-01	7.000000e-01	
3.132821e+02	3079	1.043867e+00	2.264407e+02	3.132821e+02	3079	9.954113e-01	7.000000e-01	
3.133838e+02	3080	3.116905e+01	2.380080e+02	3.133838e+02	3080	8.842061e-01	7.000000e-01	
3.134856e+02	3081	2.574832e+01	2.423137e+02	3.134856e+02	3081	9.039464e-01	7.000000e-01	
3.135873e+02	3082	1.494758e+01	2.436519e+02	3.135873e+02	3082	9.421980e-01	7.000000e-01	
3.136891e+02	3083	2.591242e+01	2.345720e+02	3.136891e+02	3083	9.005222e-01	7.000000e-01	
3.137908e+02	3084	2.707179e+01	2.198260e+02	3.137908e+02	3084	8.903522e-01	7.000000e-01	
3.138926e+02	3085	2.932094e+01	2.213875e+02	3.138926e+02	3085	8.830477e-01	7.000000e-01	
3.139943e+02	3086	4.386008e+01	2.211940e+02	3.139943e+02	3086	8.345240e-01	7.000000e-01	
3.140961e+02	3087	3.455561e+01	1.990397e+02	3.140961e+02	3087	8.520706e-01	7.000000e-01	
3.141978e+02	3088	2.977372e+01	2.430056e+02	3.141978e+02	3088	8.908505e-01	7.000000e-01	
3.142996e+02	3089	3.941499e+01	1.876585e+02	3.142996e+02	3089	8.264219e-01	7.000000e-01	
3.144013e+02	3090	2.590499e+01	1.833281e+02	3.144013e+02	3090	8.761908e-01	7.000000e-01	
3.145031e+02	3091	3.963798e+01	1.748911e+02	3.145031e+02	3091	8.152326e-01	7.000000e-01	
3.146048e+02	3092	4.670632e+01	1.496815e+02	3.146048e+02	3092	7.621730e-01	7.000000e-01	
3.147066e+02	3093	2.335377e+01	2.233601e+02	3.147066e+02	3093	9.053407e-01	7.000000e-01	
3.148083e+02	3094	3.348260e+01	2.574741e+02	3.148083e+02	3094	8.849224e-01	7.000000e-01	
3.149101e+02	3095	3.089163e+01	2.084800e+02	3.149101e+02	3095	8.709470e-01	7.000000e-01	
3.150118e+02	3096	3.367251e+01	2.370305e+02	3.150118e+02	3096	8.756109e-01	7.000000e-01	
3.151136e+02	3097	3.371178e+01	2.125740e+02	3.151136e+02	3097	8.631193e-01	7.000000e-01	
3.152153e+02	3098	2.978148e+01	2.017340e+02	3.152153e+02	3098	8.713629e-01	7.000000e-01	
3.153171e+02	3099	3.212356e+01	2.307899e+02	3.153171e+02	3099	8.778170e-01	7.000000e-01	
3.154188e+02	3100	2.537023e+01	2.315167e+02	3.154188e+02	3100	9.012397e-01	7.000000e-01	
3.155205e+02	3101	2.936483e+01	2.108569e+02	3.155205e+02	3101	8.777595e-01	7.000000e-01	
3.156223e+02	3102	2.487738e+01	2.202714e+02	3.156223e+02	3102	8.985213e-01	7.000000e-01	
3.157240e+02	3103	1.231018e+01	2.820170e+02	3.157240e+02	3103	9.581752e-01	7.000000e-01	
3.158258e+02	3104	3.469925e+01	2.269311e+02	3.158258e+02	3104	8.673730e-01	7.000000e-01	
3.159275e+02	3105	3.069660e+01	2.382269e+02	3.159275e+02	3105	8.858538e-01	7.000000e-01	
3.160293e+02	3106	2.746881e+01	2.811053e+02	3.160293e+02	3106	9.109815e-01	7.000000e-01	
3.161310e+02	3107	2.823596e+01	2.496673e+02	3.161310e+02	3107	8.983964e-01	7.000000e-01	
3.162328e+02	3108	2.652566e+01	2.695252e+02	3.162328e+02	3108	9.104017e-01	7.000000e-01	
3.163345e+02	3109	8.292794e+00	3.031254e+02	3.163345e+02	3109	9.733709e-01	7.000000e-01	
3.164363e+02	3110	3.044828e+01	2.686983e+02	3.164363e+02	3110	8.982162e-01	7.000000e-01	
3.165380e+02	3111	1.610488e+01	2.801638e+02	3.165380e+02	3111	9.456410e-01	7.000000e-01	
3.166398e+02	3112	4.237998e+01	2.661794e+02	3.166398e+02	3112	8.626521e-01	7.000000e-01	
3.167415e+02	3113	3.880060e+01	2.357816e+02	3.167415e+02	3113	8.586922e-01	7.000000e-01	
3.168433e+02	3114	4.731668e+01	2.546811e+02	3.168433e+02	3114	8.433211e-01	7.000000e-01	
3.169450e+02	3115	4.236357e+01	2.585410e+02	3.169450e+02	3115	8.592126e-01	7.000000e-01	
3.170468e+02	3116	3.751137e+01	2.825917e+02	3.170468e+02	3116	8.828147e-01	7.000000e-01	
3.171485e+02	3117	4.527600e+01	2.593398e+02	3.171485e+02	3117	8.513669e-01	7.000000e-01	
3.172503e+02	3118	4.427826e+01	1.833542e+02	3.172503e+02	3118	8.054835e-01	7.000000e-01	
3.173520e+02	3119	3.969698e+01	2.041802e+02	3.173520e+02	3119	8.372255e-01	7.000000e-01	
3.174538e+02	3120	3.713633e+01	1.898620e+02	3.174538e+02	3120	8.364026e-01	7.000000e-01	
3.175555e+02	3121	5.177511e+01	1.791663e+02	3.175555e+02	3121	7.758085e-01	7.000000e-01	
3.176573e+02	3122	2.312415e+01	2.692443e+02	3.176573e+02	3122	9.209075e-01	7.000000e-01	
3.177590e+02	3123	2.496674e+01	2.839425e+02	3.177590e+02	3123	9.191777e-01	7.000000e-01	
3.178608e+02	3124	3.526347e+01	2.267786e+02	3.178608e+02	3124	8.654282e-01	7.000000e-01	
3.179625e+02	3125	2.273485e+01	2.370279e+02	3.179625e+02	3125	9.124784e-01	7.000000e-01	
3.180642e+02	3126	3.419764e+01	2.205043e+02	3.180642e+02	3126	8.657347e-01	7.000000e-01	
3.181660e+02	3127	2.118270e+01	2.342691e+02	3.181660e+02	3127	9.170775e-01	7.000000e-01	
3.182677e+02	3128	2.674579e+01	2.683797e+02	3.182677e+02	3128	9.093749e-01	7.000000e-01	
3.183695e+02	3129	2.323358e+01	2.674715e+02	3.183695e+02	3129	9.200785e-01	7.000000e-01	
3.184712e+02	3130	1.077581e+01	2.179793e+02	3.184712e+02	3130	9.528937e-01	7.000000e-01	
3.185730e+02	3131	2.370107e+01	2.606457e+02	3.185730e+02	3131	9.166473e-01	7.000000e-01	
3.186747e+02	3132	2.039436e+01	2.344300e+02	3.186747e+02	3132	9.199670e-01	7.000000e-01	
3.187765e+02	3133	1.643844e+01	2.163371e+02	3.187765e+02	3133	9.293807e-01	7.000000e-01	
3.188782e+02	3134	1.216213e+01	2.322590e+02	3.188782e+02	3134	9.502411e-01	7.000000e-01	
3.189800e+02	3135	-1.280177e+00	2.626440e+02	3.189800e+02	3135	1.004898e+00	7.000000e-01	
3.190817e+02	3136	3.130169e+01	2.118205e+02	3.190817e+02	3136	8.712512e-01	7.000000e-01	
3.191835e+02	3137	3.059090e+01	2.071388e+02	3.191835e+02	3137	8.713207e-01	7.000000e-01	
3.192852e+02	3138	1.654225e+01	2.281187e+02	3.192852e+02	3138	9.323870e-01	7.000000e-01	
3.193870e+02	3139	3.643407e+01	2.177709e+02	3.193870e+02	3139	8.566744e-01	7.000000e-01	
3.194887e+02	3140	2.269644e+01	2.298062e+02	3.194887e+02	3140	9.101140e-01	7.000000e-01	
3.195905e+02	3141	3.699742e+01	2.172190e+02	3.195905e+02	3141	8.544649e-01	7.000000e-01	
3.196922e+02	3142	3.307542e+01	2.129789e+02	3.196922e+02	3142	8.655768e-01	7.000000e-01	
3.197940e+02	3143	3.330764e+01	2.036358e+02	3.197940e+02	3143	8.594279e-01	7.000000e-01	
3.198957e+02	3144	2.924077e+01	1.805759e+02	3.198957e+02	3144	8.606366e-01	7.000000e-01	
3.199975e+02	3145	3.786573e+01	2.072063e+02	3.199975e+02	3145	8.454914e-01	7.000000e-01	
3.200992e+02	3146	3.385818e+01	2.201732e+02	3.200992e+02	3146	8.667165e-01	7.000000e-01	
3.202010e+02	3147	3.915786e+01	2.248999e+02	3.202010e+02	3147	8.517072e-01	7.000000e-01	
3.203027e+02	3148	3.865890e+01	2.250837e+02	3.203027e+02	3148	8.534219e-01	7.000000e-01	
3.204045e+02	3149	3.122564e+01	2.235858e+02	3.204045e+02	3149	8.774559e-01	7.000000e-01	
3.205062e+02	3150	3.204445e+01	2.126537e+02	3.205062e+02	3150	8.690450e-01	7.000000e-01	
3.206079e+02	3151	3.487498e+01	2.134145e+02	3.206079e+02	3151	8.595390e-01	7.000000e-01	
3.207097e+02	3152	4.340700e+01	2.166423e+02	3.207097e+02	3152	8.330817e-01	7.000000e-01	
3.208114e+02	3153	2.860582e+01	2.225053e+02	3.208114e+02	3153	8.860830e-01	7.000000e-01	
3.209132e+02	3154	2.518067e+01	2.445697e+02	3.209132e+02	3154	9.066520e-01	7.000000e-01	
3.210149e+02	3155	4.205295e+01	2.254033e+02	3.210149e+02	3155	8.427670e-01	7.000000e-01	
3.211167e+02	3156	3.070191e+01	2.261464e+02	3.211167e+02	3156	8.804668e-01	7.000000e-01	
3.212184e+02	3157	3.057582e+01	2.383999e+02	3.212184e+02	3157	8.863250e-01	7.000000e-01	
3.213202e+02	3158	4.777210e+01	2.508940e+02	3.213202e+02	3158	8.400485e-01	7.000000e-01	
3.214219e+02	3159	3.809990e+01	2.638100e+02	3.214219e+02	3159	8.738037e-01	7.000000e-01	
3.215237e+02	3160	3.905125e+01	2.517047e+02	3.215237e+02	3160	8.656906e-01	7.000000e-01	
3.216254e+02	3161	5.728036e+01	2.688693e+02	3.216254e+02	3161	8.243740e-01	7.000000e-01	
3.217272e+02	3162	4.012209e+01	2.202263e+02	3.217272e+02	3162	8.458908e-01	7.000000e-01	
3.218289e+02	3163	3.902794e+01	2.307351e+02	3.218289e+02	3163	8.553251e-01	7.000000e-01	
3.219307e+02	3164	5.101383e+01	2.446180e+02	3.219307e+02	3164	8.274413e-01	7.000000e-01	
3.220324e+02	3165	1.103187e+01	2.225822e+02	3.220324e+02	3165	9.527774e-01	7.000000e-01	
3.221342e+02	3166	1.310736e+01	1.769979e+02	3.221342e+02	3166	9.310521e-01	7.000000e-01	
3.222359e+02	3167	1.091400e+01	2.259031e+02	3.222359e+02	3167	9.539138e-01	7.000000e-01	
3.223377e+02	3168	2.254133e+01	1.891424e+02	3.223377e+02	3168	8.935141e-01	7.000000e-01	
3.224394e+02	3169	1.079135e+01	2.509079e+02	3.224394e+02	3169	9.587643e-01	7.000000e-01	
3.225412e+02	3170	1.937232e+01	2.405865e+02	3.225412e+02	3170	9.254793e-01	7.000000e-01	
3.226429e+02	3171	1.752748e+01	2.393041e+02	3.226429e+02	3171	9.317550e-01	7.000000e-01	
3.227447e+02	3172	9.765093e+00	2.397746e+02	3.227447e+02	3172	9.608676e-01	7.000000e-01	
3.228464e+02	3173	3.273337e+01	2.376130e+02	3.228464e+02	3173	8.789206e-01	7.000000e-01	
3.229482e+02	3174	2.270417e+01	2.540984e+02	3.229482e+02	3174	9.179770e-01	7.000000e-01	
3.230499e+02	3175	1.171576e+01	2.236409e+02	3.230499e+02	3175	9.502213e-01	7.000000e-01	
3.231516e+02	3176	4.101765e+01	2.282780e+02	3.231516e+02	3176	8.476854e-01	7.000000e-01	
3.232534e+02	3177	2.062642e+01	2.449407e+02	3.232534e+02	3177	9.223307e-01	7.000000e-01	
3.233551e+02	3178	2.786772e+01	2.306748e+02	3.233551e+02	3178	8.922122e-01	7.000000e-01	
3.234569e+02	3179	2.431052e+01	2.407010e+02	3.234569e+02	3179	9.082662e-01	7.000000e-01	
3.235586e+02	3180	3.859257e+01	2.424642e+02	3.235586e+02	3180	8.626876e-01	7.000000e-01	
3.236604e+02	3181	3.885292e+01	2.493293e+02	3.236604e+02	3181	8.651793e-01	7.000000e-01	
3.237621e+02	3182	2.345243e+01	2.290665e+02	3.237621e+02	3182	9.071261e-01	7.000000e-01	
3.238639e+02	3183	4.136427e+01	2.279194e+02	3.238639e+02	3183	8.463915e-01	7.000000e-01	
3.239656e+02	3184	2.974426e+01	2.214297e+02	3.239656e+02	3184	8.815790e-01	7.000000e-01	
3.240674e+02	3185	1.962316e+01	2.301324e+02	3.240674e+02	3185	9.214305e-01	7.000000e-01	
3.241691e+02	3186	2.702922e+01	2.232709e+02	3.241691e+02	3186	8.920128e-01	7.000000e-01	
3.242709e+02	3187	2.564269e+01	2.031893e+02	3.242709e+02	3187	8.879410e-01	7.000000e-01	
3.243726e+02	3188	2.621171e+01	2.261244e+02	3.243726e+02	3188	8.961238e-01	7.000000e-01	
3.244744e+02	3189	2.311379e+01	2.347782e+02	3.244744e+02	3189	9.103741e-01	7.000000e-01	
3.245761e+02	3190	4.222575e+01	2.305733e+02	3.245761e+02	3190	8.452130e-01	7.000000e-01	
3.246779e+02	3191	2.724944e+01	1.807558e+02	3.246779e+02	3191	8.689964e-01	7.000000e-01	
3.247796e+02	3192	3.503587e+01	2.336418e+02	3.247796e+02	3192	8.695989e-01	7.000000e-01	
3.248814e+02	3193	2.840773e+01	2.245026e+02	3.248814e+02	3193	8.876767e-01	7.000000e-01	
3.249831e+02	3194	4.427428e+01	2.477740e+02	3.249831e+02	3194	8.484008e-01	7.000000e-01	
3.250849e+02	3195	1.058241e+01	2.467586e+02	3.250849e+02	3195	9.588779e-01	7.000000e-01	
3.251866e+02	3196	6.537013e+01	2.179838e+02	3.251866e+02	3196	7.692987e-01	7.000000e-01	
3.252884e+02	3197	2.706496e+01	2.515934e+02	3.252884e+02	3197	9.028740e-01	7.000000e-01	
3.253901e+02	3198	2.618338e+01	2.878902e+02	3.253901e+02	3198	9.166330e-01	7.000000e-01	
3.254919e+02	3199	2.101142e+01	2.534880e+02	3.254919e+02	3199	9.234555e-01	7.000000e-01	
3.255936e+02	3200	9.278209e+00	2.444605e+02	3.255936e+02	3200	9.634340e-01	7.000000e-01	
3.256953e+02	3201	1.048599e+01	2.548911e+02	3.256953e+02	3201	9.604865e-01	7.000000e-01	
3.257971e+02	3202	2.844360e+01	2.283657e+02	3.257971e+02	3202	8.892423e-01	7.000000e-01	
3.258988e+02	3203	2.040926e+01	2.647320e+02	3.258988e+02	3203	9.284240e-01	7.000000e-01	
3.260006e+02	3204	3.786476e+01	3.305522e+02	3.260006e+02	3204	8.972231e-01	7.000000e-01	
3.261023e+02	3205	3.242470e+01	3.124201e+02	3.261023e+02	3205	9.059731e-01	7.000000e-01	
3.262041e+02	3206	3.399306e+01	2.592489e+02	3.262041e+02	3206	8.840785e-01	7.000000e-01	
3.263058e+02	3207	2.822720e+01	2.903824e+02	3.263058e+02	3207	9.114051e-01	7.000000e-01	
3.264076e+02	3208	4.275641e+01	3.343320e+02	3.264076e+02	3208	8.866144e-01	7.000000e-01	
3.265093e+02	3209	4.988760e+01	2.677989e+02	3.265093e+02	3209	8.429659e-01	7.000000e-01	
3.266111e+02	3210	4.120040e+01	3.019369e+02	3.266111e+02	3210	8.799303e-01	7.000000e-01	
3.267128e+02	3211	4.506895e+01	2.939152e+02	3.267128e+02	3211	8.670470e-01	7.000000e-01	
3.268146e+02	3212	4.561078e+01	2.555891e+02	3.268146e+02	3212	8.485697e-01	7.000000e-01	
3.269163e+02	3213	4.178837e+01	2.793790e+02	3.269163e+02	3213	8.698860e-01	7.000000e-01	
3.270181e+02	3214	7.426346e+00	2.450811e+02	3.270181e+02	3214	9.705896e-01	7.000000e-01	
3.271198e+02	3215	1.054645e+01	2.290668e+02	3.271198e+02	3215	9.559855e-01	7.000000e-01	
3.272216e+02	3216	-5.509705e-01	2.241082e+02	3.272216e+02	3216	1.002465e+00	7.000000e-01	
3.273233e+02	3217	1.799704e+01	2.407181e+02	3.273233e+02	3217	9.304369e-01	7.000000e-01	
3.274251e+02	3218	2.290371e+01	2.553499e+02	3.274251e+02	3218	9.176876e-01	7.000000e-01	
3.275268e+02	3219	1.028071e+01	2.380005e+02	3.275268e+02	3219	9.585925e-01	7.000000e-01	
3.276286e+02	3220	6.032744e+00	2.399563e+02	3.276286e+02	3220	9.754756e-01	7.000000e-01	
3.277303e+02	3221	1.493772e+01	2.503640e+02	3.277303e+02	3221	9.436954e-01	7.000000e-01	
3.278321e+02	3222	4.792682e+01	2.531701e+02	3.278321e+02	3222	8.408259e-01	7.000000e-01	
3.279338e+02	3223	4.126699e+01	1.977098e+02	3.279338e+02	3223	8.273180e-01	7.000000e-01	
3.280356e+02	3224	3.065251e+01	2.676290e+02	3.280356e+02	3224	8.972363e-01	7.000000e-01	
3.281373e+02	3225	1.463140e+01	2.653626e+02	3.281373e+02	3225	9.477439e-01	7.000000e-01	
3.282390e+02	3226	3.923251e+01	2.414248e+02	3.282390e+02	3226	8.602121e-01	7.000000e-01	
3.283408e+02	3227	2.651954e+01	2.679989e+02	3.283408e+02	3227	9.099563e-01	7.000000e-01	
3.284425e+02	3228	1.565257e+01	2.534972e+02	3.284425e+02	3228	9.418444e-01	7.000000e-01	
3.285443e+02	3229	4.194199e+01	2.315385e+02	3.285443e+02	3229	8.466363e-01	7.000000e-01	
3.286460e+02	3230	5.878168e+01	2.518714e+02	3.286460e+02	3230	8.107803e-01	7.000000e-01	
3.287478e+02	3231	3.731799e+01	2.637831e+02	3.287478e+02	3231	8.760616e-01	7.000000e-01	
3.288495e+02	3232	2.962725e+01	2.294661e+02	3.288495e+02	3232	8.856503e-01	7.000000e-01	
3.289513e+02	3233	3.164222e+01	2.086182e+02	3.289513e+02	3233	8.683003e-01	7.000000e-01	
3.290530e+02	3234	3.407419e+01	2.093127e+02	3.290530e+02	3234	8.599999e-01	7.000000e-01	
3.291548e+02	3235	4.712455e+01	2.325818e+02	3.291548e+02	3235	8.315213e-01	7.000000e-01	
3.292565e+02	3236	3.553423e+01	1.810992e+02	3.292565e+02	3236	8.359707e-01	7.000000e-01	
3.293583e+02	3237	3.123453e+01	1.988853e+02	3.293583e+02	3237	8.642684e-01	7.000000e-01	
3.294600e+02	3238	4.294132e+01	2.082871e+02	3.294600e+02	3238	8.290746e-01	7.000000e-01	
3.295618e+02	3239	3.516996e+01	2.132723e+02	3.295618e+02	3239	8.584381e-01	7.000000e-01	
3.296635e+02	3240	2.507488e+01	1.867040e+02	3.296635e+02	3240	8.815988e-01	7.000000e-01	
3.297653e+02	3241	3.761455e+01	2.092070e+02	3.297653e+02	3241	8.476043e-01	7.000000e-01	
3.298670e+02	3242	2.945657e+01	2.162534e+02	3.298670e+02	3242	8.801165e-01	7.000000e-01	
3.299688e+02	3243	3.041015e+01	2.075300e+02	3.299688e+02	3243	8.721941e-01	7.000000e-01	
3.300705e+02	3244	2.954980e+01	2.749626e+02	3.300705e+02	3244	9.029603e-01	7.000000e-01	
3.301723e+02	3245	1.455966e+01	2.598405e+02	3.301723e+02	3245	9.469400e-01	7.000000e-01	
3.302740e+02	3246	3.383192e+01	2.114842e+02	3.302740e+02	3246	8.620885e-01	7.000000e-01	
3.303758e+02	3247	1.769034e+01	2.695803e+02	3.303758e+02	3247	9.384193e-01	7.000000e-01	
3.304775e+02	3248	3.534519e+01	2.217604e+02	3.304775e+02	3248	8.625266e-01	7.000000e-01	
3.305793e+02	3249	2.610801e+01	2.533892e+02	3.305793e+02	3249	9.065894e-01	7.000000e-01	
3.306810e+02	3250	1.269713e+01	2.768496e+02	3.306810e+02	3250	9.561483e-01	7.000000e-01	
3.307827e+02	3251	2.690455e+01	2.421861e+02	3.307827e+02	3251	9.000168e-01	7.000000e-01	
3.308845e+02	3252	2.632791e+01	2.447461e+02	3.308845e+02	3252	9.028756e-01	7.000000e-01	
3.309862e+02	3253	3.214514e+01	3.800393e+02	3.309862e+02	3253	9.220127e-01	7.000000e-01	
3.310880e+02	3254	4.800703e+01	4.521959e+02	3.310880e+02	3254	9.040249e-01	7.000000e-01	
3.311897e+02	3255	4.350521e+01	4.699075e+02	3.311897e+02	3255	9.152627e-01	7.000000e-01	
3.312915e+02	3256	2.371500e+01	4.727189e+02	3.312915e+02	3256	9.522293e-01	7.000000e-01	
3.313932e+02	3257	3.528148e+01	4.391728e+02	3.313932e+02	3257	9.256378e-01	7.000000e-01	
3.314950e+02	3258	3.898117e+01	4.482589e+02	3.314950e+02	3258	9.199960e-01	7.000000e-01	
3.315967e+02	3259	3.548499e+01	3.817139e+02	3.315967e+02	3259	9.149447e-01	7.000000e-01	
3.316985e+02	3260	2.013796e+01	2.227063e+02	3.316985e+02	3260	9.170746e-01	7.000000e-01	
3.318002e+02	3261	4.212207e+01	2.114628e+02	3.318002e+02	3261	8.338936e-01	7.000000e-01	
3.319020e+02	3262	4.278367e+01	2.054479e+02	3.319020e+02	3262	8.276461e-01	7.000000e-01	
3.320037e+02	3263	4.562305e+01	2.287530e+02	3.320037e+02	3263	8.337207e-01	7.000000e-01	
3.321055e+02	3264	2.819973e+01	1.940082e+02	3.321055e+02	3264	8.730931e-01	7.000000e-01	
3.322072e+02	3265	2.437127e+01	1.622123e+02	3.322072e+02	3265	8.693815e-01	7.000000e-01	
3.323090e+02	3266	4.042551e+01	2.464444e+02	3.323090e+02	3266	8.590807e-01	7.000000e-01	
3.324107e+02	3267	4.386492e+01	2.069336e+02	3.324107e+02	3267	8.250990e-01	7.000000e-01	
3.325125e+02	3268	5.799316e+01	2.247437e+02	3.325125e+02	3268	7.948865e-01	7.000000e-01	
3.326142e+02	3269	3.876477e+01	2.399710e+02	3.326142e+02	3269	8.609265e-01	7.000000e-01	
3.327160e+02	3270	4.486870e+01	2.336081e+02	3.327160e+02	3270	8.388781e-01	7.000000e-01	
3.328177e+02	3271	4.307747e+01	2.443510e+02	3.328177e+02	3271	8.501280e-01	7.000000e-01	
3.329195e+02	3272	4.858588e+01	2.470869e+02	3.329195e+02	3272	8.356769e-01	7.000000e-01	
3.330212e+02	3273	4.415512e+01	2.435717e+02	3.330212e+02	3273	8.465380e-01	7.000000e-01	
3.331230e+02	3274	4.277401e+01	2.368333e+02	3.331230e+02	3274	8.470211e-01	7.000000e-01	
3.332247e+02	3275	3.763151e+01	2.449376e+02	3.332247e+02	3275	8.668237e-01	7.000000e-01	
3.333264e+02	3276	3.162391e+01	2.439564e+02	3.333264e+02	3276	8.852461e-01	7.000000e-01	
3.334282e+02	3277	4.144735e+01	2.322685e+02	3.334282e+02	3277	8.485753e-01	7.000000e-01	
3.335299e+02	3278	3.998213e+01	2.579711e+02	3.335299e+02	3278	8.658107e-01	7.000000e-01	
3.336317e+02	3279	4.596624e+01	2.463283e+02	3.336317e+02	3279	8.427400e-01	7.000000e-01	
3.337334e+02	3280	4.551510e+01	2.421259e+02	3.337334e+02	3280	8.417642e-01	7.000000e-01	
3.338352e+02	3281	3.930467e+01	2.432458e+02	3.338352e+02	3281	8.608933e-01	7.000000e-01	
3.339369e+02	3282	3.821704e+01	2.434357e+02	3.339369e+02	3282	8.643115e-01	7.000000e-01	
3.340387e+02	3283	4.103932e+01	2.402994e+02	3.340387e+02	3283	8.541284e-01	7.000000e-01	
3.341404e+02	3284	7.312393e+01	2.456523e+02	3.341404e+02	3284	7.706105e-01	7.000000e-01	
3.342422e+02	3285	1.983385e+01	2.164495e+02	3.342422e+02	3285	9.160590e-01	7.000000e-01	
3.343439e+02	3286	3.124092e+01	2.298978e+02	3.343439e+02	3286	8.803666e-01	7.000000e-01	
3.344457e+02	3287	3.163436e+01	2.307516e+02	3.344457e+02	3287	8.794358e-01	7.000000e-01	
3.345474e+02	3288	2.641296e+01	2.427657e+02	3.345474e+02	3288	9.018757e-01	7.000000e-01	
3.346492e+02	3289	3.112160e+01	2.354494e+02	3.346492e+02	3289	8.832521e-01	7.000000e-01	
3.347509e+02	3290	3.015901e+01	2.242192e+02	3.347509e+02	3290	8.814403e-01	7.000000e-01	
3.348527e+02	3291	3.000649e+01	2.461683e+02	3.348527e+02	3291	8.913496e-01	7.000000e-01	
3.349544e+02	3292	3.446032e+01	2.333006e+02	3.349544e+02	3292	8.713019e-01	7.000000e-01	
3.350562e+02	3293	3.352738e+01	2.463294e+02	3.350562e+02	3293	8.801981e-01	7.000000e-01	
3.351579e+02	3294	2.536978e+01	2.582949e+02	3.351579e+02	3294	9.105642e-01	7.000000e-01	
3.352597e+02	3295	2.628426e+01	2.743512e+02	3.352597e+02	3295	9.125710e-01	7.000000e-01	
3.353614e+02	3296	2.927427e+01	2.619209e+02	3.353614e+02	3296	8.994686e-01	7.000000e-01	
3.354632e+02	3297	3.690310e+01	2.406295e+02	3.354632e+02	3297	8.670315e-01	7.000000e-01	
3.355649e+02	3298	3.506138e+01	2.656495e+02	3.355649e+02	3298	8.834050e-01	7.000000e-01	
3.356667e+02	3299	3.288910e+01	2.980714e+02	3.356667e+02	3299	9.006253e-01	7.000000e-01	
3.357684e+02	3300	2.548929e+01	2.615681e+02	3.357684e+02	3300	9.112049e-01	7.000000e-01	
3.358701e+02	3301	3.782983e+01	2.377070e+02	3.358701e+02	3301	8.627050e-01	7.000000e-01	
3.359719e+02	3302	2.912006e+01	2.719146e+02	3.359719e+02	3302	9.032668e-01	7.000000e-01	
3.360736e+02	3303	3.144780e+01	2.613121e+02	3.360736e+02	3303	8.925816e-01	7.000000e-01	
3.361754e+02	3304	4.628306e+01	1.624268e+02	3.361754e+02	3304	7.782421e-01	7.000000e-01	
3.362771e+02	3305	3.063358e+01	2.576868e+02	3.362771e+02	3305	8.937516e-01	7.000000e-01	
3.363789e+02	3306	4.707967e+01	3.244938e+02	3.363789e+02	3306	8.732965e-01	7.000000e-01	
3.364806e+02	3307	3.149731e+01	2.232074e+02	3.364806e+02	3307	8.763379e-01	7.000000e-01	
3.365824e+02	3308	3.991990e+01	2.376717e+02	3.365824e+02	3308	8.561920e-01	7.000000e-01	
3.366841e+02	3309	2.851574e+01	2.371454e+02	3.366841e+02	3309	8.926612e-01	7.000000e-01	
3.367859e+02	3310	2.778531e+01	2.059829e+02	3.367859e+02	3310	8.811416e-01	7.000000e-01	
3.368876e+02	3311	3.127729e+01	2.531890e+02	3.368876e+02	3311	8.900492e-01	7.000000e-01	
3.369894e+02	3312	3.469020e+01	2.550592e+02	3.369894e+02	3312	8.802752e-01	7.000000e-01	
3.370911e+02	3313	2.915537e+01	2.062505e+02	3.370911e+02	3313	8.761485e-01	7.000000e-01	
3.371929e+02	3314	2.955369e+01	1.976587e+02	3.371929e+02	3314	8.699292e-01	7.000000e-01	
3.372946e+02	3315	3.219670e+01	2.241484e+02	3.372946e+02	3315	8.744010e-01	7.000000e-01	
3.373964e+02	3316	1.576467e+01	2.225458e+02	3.373964e+02	3316	9.338482e-01	7.000000e-01	
3.374981e+02	3317	3.886206e+01	2.075394e+02	3.374981e+02	3317	8.422815e-01	7.000000e-01	
3.375999e+02	3318	2.133095e+01	2.249987e+02	3.375999e+02	3318	9.134049e-01	7.000000e-01	
3.377016e+02	3319	3.398254e+01	2.361151e+02	3.377016e+02	3319	8.741842e-01	7.000000e-01	
3.378034e+02	3320	2.665580e+01	2.118387e+02	3.378034e+02	3320	8.882331e-01	7.000000e-01	
3.379051e+02	3321	2.600079e+01	1.919667e+02	3.379051e+02	3321	8.807125e-01	7.000000e-01	
3.380069e+02	3322	3.187139e+01	2.282522e+02	3.380069e+02	3322	8.774760e-01	7.000000e-01	
3.381086e+02	3323	2.173843e+01	2.014739e+02	3.381086e+02	3323	9.026110e-01	7.000000e-01	
3.382104e+02	3324	4.286321e+01	2.099679e+02	3.382104e+02	3324	8.304670e-01	7.000000e-01	
3.383121e+02	3325	3.179300e+01	2.058507e+02	3.383121e+02	3325	8.662157e-01	7.000000e-01	
3.384138e+02	3326	1.122933e+01	1.746909e+02	3.384138e+02	3326	9.396014e-01	7.000000e-01	
3.385156e+02	3327	3.737465e+01	1.940153e+02	3.385156e+02	3327	8.384776e-01	7.000000e-01	
3.386173e+02	3328	4.201709e+01	1.958190e+02	3.386173e+02	3328	8.233359e-01	7.000000e-01	
3.387191e+02	3329	3.232518e+01	2.068963e+02	3.387191e+02	3329	8.648734e-01	7.000000e-01	
3.388208e+02	3330	3.325835e+01	1.931622e+02	3.388208e+02	3330	8.531125e-01	7.000000e-01	
3.389226e+02	3331	2.274623e+01	1.921683e+02	3.389226e+02	3331	8.941615e-01	7.000000e-01	
3.390243e+02	3332	3.359339e+01	2.397346e+02	3.390243e+02	3332	8.770950e-01	7.000000e-01	
3.391261e+02	3333	4.345012e+01	1.951988e+02	3.391261e+02	3333	8.179329e-01	7.000000e-01	
3.392278e+02	3334	1.750304e+01	2.526853e+02	3.392278e+02	3334	9.352191e-01	7.000000e-01	
3.393296e+02	3335	3.623121e+01	2.035884e+02	3.393296e+02	3335	8.489231e-01	7.000000e-01	
3.394313e+02	3336	3.782586e+01	2.024336e+02	3.394313e+02	3336	8.425625e-01	7.000000e-01	
3.395331e+02	3337	2.641467e+01	2.426043e+02	3.395331e+02	3337	9.018111e-01	7.000000e-01	
3.396348e+02	3338	2.295732e+01	2.222046e+02	3.396348e+02	3338	9.063585e-01	7.000000e-01	
3.397366e+02	3339	2.837584e+01	2.286540e+02	3.397366e+02	3339	8.896010e-01	7.000000e-01	
3.398383e+02	3340	1.523693e+01	2.485589e+02	3.398383e+02	3340	9.422397e-01	7.000000e-01	
3.399401e+02	3341	2.062220e+01	2.150972e+02	3.399401e+02	3341	9.125138e-01	7.000000e-01	
3.400418e+02	3342	2.975215e+01	2.497627e+02	3.400418e+02	3342	8.935579e-01	7.000000e-01	
3.401436e+02	3343	2.711180e+01	2.179686e+02	3.401436e+02	3343	8.893759e-01	7.000000e-01	
3.402453e+02	3344	1.481441e+01	2.347496e+02	3.402453e+02	3344	9.406388e-01	7.000000e-01	
3.403471e+02	3345	2.738178e+01	2.201417e+02	3.403471e+02	3345	8.893770e-01	7.000000e-01	
3.404488e+02	3346	2.347847e+01	2.204974e+02	3.404488e+02	3346	9.037672e-01	7.000000e-01	
3.405506e+02	3347	3.865900e+01	2.499159e+02	3.405506e+02	3347	8.660348e-01	7.000000e-01	
3.406523e+02	3348	3.284711e+01	2.377316e+02	3.406523e+02	3348	8.786042e-01	7.000000e-01	
3.407541e+02	3349	2.780020e+01	2.155911e+02	3.407541e+02	3349	8.857798e-01	7.000000e-01	
3.408558e+02	3350	4.312272e+01	2.651286e+02	3.408558e+02	3350	8.601053e-01	7.000000e-01	
3.409575e+02	3351	4.293040e+01	2.407593e+02	3.409575e+02	3351	8.486713e-01	7.000000e-01	
3.410593e+02	3352	3.789163e+01	2.419885e+02	3.410593e+02	3352	8.646148e-01	7.000000e-01	
3.411610e+02	3353	4.232529e+01	2.746580e+02	3.411610e+02	3353	8.664747e-01	7.000000e-01	
3.412628e+02	3354	6.069576e+01	2.475185e+02	3.412628e+02	3354	8.030728e-01	7.000000e-01	
3.413645e+02	3355	3.088529e+01	2.155323e+02	3.413645e+02	3355	8.746628e-01	7.000000e-01	
3.414663e+02	3356	3.814683e+01	2.521670e+02	3.414663e+02	3356	8.686014e-01	7.000000e-01	
3.415680e+02	3357	4.024240e+01	2.574651e+02	3.415680e+02	3357	8.648257e-01	7.000000e-01	
3.416698e+02	3358	3.219958e+01	2.078365e+02	3.416698e+02	3358	8.658552e-01	7.000000e-01	
3.417715e+02	3359	2.836532e+01	1.834456e+02	3.417715e+02	3359	8.660819e-01	7.000000e-01	
3.418733e+02	3360	2.667603e+01	2.382996e+02	3.418733e+02	3360	8.993265e-01	7.000000e-01	
3.419750e+02	3361	2.762084e+01	2.324943e+02	3.419750e+02	3361	8.938130e-01	7.000000e-01	
3.420768e+02	3362	3.215067e+01	2.274305e+02	3.420768e+02	3362	8.761441e-01	7.000000e-01	
3.421785e+02	3363	2.981580e+01	2.604029e+02	3.421785e+02	3363	8.972644e-01	7.000000e-01	
3.422803e+02	3364	3.062014e+01	2.743989e+02	3.422803e+02	3364	8.996124e-01	7.000000e-01	
3.423820e+02	3365	2.906697e+01	2.018857e+02	3.423820e+02	3365	8.741432e-01	7.000000e-01	
3.424838e+02	3366	3.096168e+01	2.313431e+02	3.424838e+02	3366	8.819630e-01	7.000000e-01	
3.425855e+02	3367	2.779481e+01	2.447819e+02	3.425855e+02	3367	8.980294e-01	7.000000e-01	
3.426873e+02	3368	2.157833e+01	2.572054e+02	3.426873e+02	3368	9.225983e-01	7.000000e-01	
3.427890e+02	3369	2.304188e+01	2.343291e+02	3.427890e+02	3369	9.104721e-01	7.000000e-01	
3.428908e+02	3370	2.049860e+01	2.376907e+02	3.428908e+02	3370	9.206063e-01	7.000000e-01	
3.429925e+02	3371	1.926129e+01	2.270451e+02	3.429925e+02	3371	9.217995e-01	7.000000e-01	
3.430943e+02	3372	1.442941e+01	2.367327e+02	3.430943e+02	3372	9.425494e-01	7.000000e-01	
3.431960e+02	3373	2.558961e+01	2.181283e+02	3.431960e+02	3373	8.950032e-01	7.000000e-01	
3.432978e+02	3374	2.899447e+01	2.590195e+02	3.432978e+02	3374	8.993296e-01	7.000000e-01	
3.433995e+02	3375	3.802630e+01	2.162294e+02	3.433995e+02	3375	8.504407e-01	7.000000e-01	
3.435012e+02	3376	4.179293e+01	1.850385e+02	3.435012e+02	3376	8.157534e-01	7.000000e-01	
3.436030e+02	3377	1.991877e+01	2.326485e+02	3.436030e+02	3377	9.211348e-01	7.000000e-01	
3.437047e+02	3378	4.104044e+01	2.228922e+02	3.437047e+02	3378	8.445041e-01	7.000000e-01	
3.438065e+02	3379	2.569157e+01	2.080871e+02	3.438065e+02	3379	8.901030e-01	7.000000e-01	
3.439082e+02	3380	3.750525e+01	1.993702e+02	3.439082e+02	3380	8.416668e-01	7.000000e-01	
3.440100e+02	3381	2.772908e+01	2.281768e+02	3.440100e+02	3381	8.916434e-01	7.000000e-01	
3.441117e+02	3382	3.855327e+01	1.981623e+02	3.441117e+02	3382	8.371325e-01	7.000000e-01	
3.442135e+02	3383	3.818086e+01	2.349691e+02	3.442135e+02	3383	8.602202e-01	7.000000e-01	
3.443152e+02	3384	2.345861e+01	1.942198e+02	3.443152e+02	3384	8.922327e-01	7.000000e-01	
3.444170e+02	3385	4.216958e+01	2.040591e+02	3.444170e+02	3385	8.287381e-01	7.000000e-01	
3.445187e+02	3386	3.945015e+01	2.114576e+02	3.445187e+02	3386	8.427703e-01	7.000000e-01	
3.446205e+02	3387	1.835059e+01	2.192436e+02	3.446205e+02	3387	9.227650e-01	7.000000e-01	
3.447222e+02	3388	2.908575e+01	2.016832e+02	3.447222e+02	3388	8.739616e-01	7.000000e-01	
3.448240e+02	3389	1.368740e+01	2.064437e+02	3.448240e+02	3389	9.378216e-01	7.000000e-01	
3.449257e+02	3390	2.236765e+01	1.957829e+02	3.449257e+02	3390	8.974669e-01	7.000000e-01	
3.450275e+02	3391	2.430324e+01	1.967228e+02	3.450275e+02	3391	8.900435e-01	7.000000e-01	
3.451292e+02	3392	2.872181e+01	1.884494e+02	3.451292e+02	3392	8.677458e-01	7.000000e-01	
3.452310e+02	3393	1.961817e+01	2.046662e+02	3.452310e+02	3393	9.125299e-01	7.000000e-01	
3.453327e+02	3394	1.868932e+01	2.022345e+02	3.453327e+02	3394	9.154038e-01	7.000000e-01	
3.454345e+02	3395	2.401170e+01	1.948254e+02	3.454345e+02	3395	8.902759e-01	7.000000e-01	
3.455362e+02	3396	2.366923e+01	1.964859e+02	3.455362e+02	3396	8.924884e-01	7.000000e-01	
3.456380e+02	3397	1.986552e+01	2.024084e+02	3.456380e+02	3397	9.106260e-01	7.000000e-01	
3.457397e+02	3398	2.226171e+01	1.996186e+02	3.457397e+02	3398	8.996679e-01	7.000000e-01	
3.458415e+02	3399	2.778016e+01	1.821768e+02	3.458415e+02	3399	8.676864e-01	7.000000e-01	
3.459432e+02	3400	5.071841e+01	1.834153e+02	3.459432e+02	3400	7.833784e-01	7.000000e-01	
3.460449e+02	3401	3.958125e+01	1.683285e+02	3.460449e+02	3401	8.096229e-01	7.000000e-01	
3.461467e+02	3402	3.056013e+01	1.887351e+02	3.461467e+02	3402	8.606439e-01	7.000000e-01	
3.462484e+02	3403	4.087534e+01	1.850499e+02	3.462484e+02	3403	8.190758e-01	7.000000e-01	
3.463502e+02	3404	4.114962e+01	2.072087e+02	3.463502e+02	3404	8.343135e-01	7.000000e-01	
3.464519e+02	3405	3.636281e+01	1.741645e+02	3.464519e+02	3405	8.272775e-01	7.000000e-01	
3.465537e+02	3406	4.451188e+01	2.003454e+02	3.465537e+02	3406	8.182130e-01	7.000000e-01	
3.466554e+02	3407	4.557813e+01	1.764839e+02	3.466554e+02	3407	7.947505e-01	7.000000e-01	
3.467572e+02	3408	3.342801e+01	1.855469e+02	3.467572e+02	3408	8.473432e-01	7.000000e-01	
3.468589e+02	3409	4.071942e+01	1.874390e+02	3.468589e+02	3409	8.215301e-01	7.000000e-01	
3.469607e+02	3410	2.140735e+01	2.716201e+02	3.469607e+02	3410	9.269442e-01	7.000000e-01	
3.470624e+02	3411	2.842020e+01	2.351027e+02	3.470624e+02	3411	8.921528e-01	7.000000e-01	
3.471642e+02	3412	1.823168e+01	2.616667e+02	3.471642e+02	3412	9.348632e-01	7.000000e-01	
3.472659e+02	3413	1.412201e+01	3.004284e+02	3.472659e+02	3413	9.551041e-01	7.000000e-01	
3.473677e+02	3414	3.278281e+01	2.429031e+02	3.473677e+02	3414	8.810864e-01	7.000000e-01	
3.474694e+02	3415	1.481151e+01	2.882049e+02	3.474694e+02	3415	9.511198e-01	7.000000e-01	
3.475712e+02	3416	3.168255e+01	2.370412e+02	3.475712e+02	3416	8.820999e-01	7.000000e-01	
3.476729e+02	3417	2.606965e+01	2.308239e+02	3.476729e+02	3417	8.985196e-01	7.000000e-01	
3.477747e+02	3418	2.093157e+01	2.377695e+02	3.477747e+02	3418	9.190897e-01	7.000000e-01	
3.478764e+02	3419	3.460079e+01	2.250015e+02	3.478764e+02	3419	8.667162e-01	7.000000e-01	
3.479782e+02	3420	2.939001e+01	2.325477e+02	3.479782e+02	3420	8.877977e-01	7.000000e-01	
3.480799e+02	3421	5.000455e+01	2.442259e+02	3.480799e+02	3421	8.300497e-01	7.000000e-01	
3.481817e+02	3422	4.144420e+01	2.430950e+02	3.481817e+02	3422	8.543463e-01	7.000000e-01	
3.482834e+02	3423	5.442285e+01	2.322607e+02	3.482834e+02	3423	8.101640e-01	7.000000e-01	
3.483852e+02	3424	3.839417e+01	2.447057e+02	3.483852e+02	3424	8.643794e-01	7.000000e-01	
3.484869e+02	3425	4.957568e+01	2.478558e+02	3.484869e+02	3425	8.333207e-01	7.000000e-01	
3.485886e+02	3426	4.845252e+01	2.358057e+02	3.485886e+02	3426	8.295475e-01	7.000000e-01	
3.486904e+02	3427	4.181047e+01	2.486650e+02	3.486904e+02	3427	8.560620e-01	7.000000e-01	
3.487921e+02	3428	3.581357e+01	2.410466e+02	3.487921e+02	3428	8.706438e-01	7.000000e-01	
3.488939e+02	3429	4.414349e+01	2.423190e+02	3.488939e+02	3429	8.459013e-01	7.000000e-01	
3.489956e+02	3430	4.510701e+01	1.879535e+02	3.489956e+02	3430	8.064579e-01	7.000000e-01	
3.490974e+02	3431	4.748708e+01	1.902685e+02	3.490974e+02	3431	8.002693e-01	7.000000e-01	
3.491991e+02	3432	4.036168e+01	2.145415e+02	3.491991e+02	3432	8.416588e-01	7.000000e-01	
3.493009e+02	3433	4.715449e+01	2.149975e+02	3.493009e+02	3433	8.201254e-01	7.000000e-01	
3.494026e+02	3434	2.392498e+01	2.351940e+02	3.494026e+02	3434	9.076680e-01	7.000000e-01	
3.495044e+02	3435	4.689535e+01	2.038007e+02	3.495044e+02	3435	8.129394e-01	7.000000e-01	
3.496061e+02	3436	3.666580e+01	2.635693e+02	3.496061e+02	3436	8.778764e-01	7.000000e-01	
3.497079e+02	3437	7.185134e+00	2.195082e+02	3.497079e+02	3437	9.683046e-01	7.000000e-01	
3.498096e+02	3438	2.948801e+01	2.745673e+02	3.498096e+02	3438	9.030176e-01	7.000000e-01	
3.499114e+02	3439	3.359796e+01	4.041788e+02	3.499114e+02	3439	9.232532e-01	7.000000e-01	
3.500131e+02	3440	3.885536e+01	2.979786e+02	3.500131e+02	3440	8.846454e-01	7.000000e-01	
3.501149e+02	3441	2.942379e+01	2.486173e+02	3.501149e+02	3441	8.941747e-01	7.000000e-01	
3.502166e+02	3442	3.834656e+01	2.921609e+02	3.502166e+02	3442	8.839767e-01	7.000000e-01	
3.503184e+02	3443	2.470930e+01	2.880094e+02	3.503184e+02	3443	9.209855e-01	7.000000e-01	
3.504201e+02	3444	4.704513e+01	2.553844e+02	3.504201e+02	3444	8.444427e-01	7.000000e-01	
3.505219e+02	3445	3.651730e+01	3.017842e+02	3.505219e+02	3445	8.920569e-01	7.000000e-01	
3.506236e+02	3446	3.425957e+01	3.547391e+02	3.506236e+02	3446	9.119288e-01	7.000000e-01	
3.507254e+02	3447	2.549883e+01	2.964563e+02	3.507254e+02	3447	9.208001e-01	7.000000e-01	
3.508271e+02	3448	2.543877e+01	3.941369e+02	3.508271e+02	3448	9.393702e-01	7.000000e-01	
3.509289e+02	3449	3.456507e+01	3.454745e+02	3.509289e+02	3449	9.090488e-01	7.000000e-01	
3.510306e+02	3450	7.175913e+01	5.001550e+02	3.510306e+02	3450	8.745281e-01	7.000000e-01	
3.511323e+02	3451	2.752198e+01	2.572378e+02	3.511323e+02	3451	9.033502e-01	7.000000e-01	
3.512341e+02	3452	2.040204e+01	2.632017e+02	3.512341e+02	3452	9.280615e-01	7.000000e-01	
3.513358e+02	3453	2.534047e+01	2.444048e+02	3.513358e+02	3453	9.060578e-01	7.000000e-01	
3.514376e+02	3454	2.917542e+01	2.600674e+02	3.514376e+02	3454	8.991317e-01	7.000000e-01	
3.515393e+02	3455	3.142740e+01	2.367037e+02	3.515393e+02	3455	8.827909e-01	7.000000e-01	
3.516411e+02	3456	2.344706e+01	2.591518e+02	3.516411e+02	3456	9.170306e-01	7.000000e-01	
3.517428e+02	3457	2.916739e+01	2.290697e+02	3.517428e+02	3457	8.870519e-01	7.000000e-01	
3.518446e+02	3458	2.598083e+01	2.526338e+02	3.518446e+02	3458	9.067499e-01	7.000000e-01	
3.519463e+02	3459	3.332647e+01	2.530586e+02	3.519463e+02	3459	8.836306e-01	7.000000e-01	
3.520481e+02	3460	3.563465e+01	2.217680e+02	3.520481e+02	3460	8.615607e-01	7.000000e-01	
3.521498e+02	3461	2.303285e+01	2.098735e+02	3.521498e+02	3461	9.011068e-01	7.000000e-01	
3.522516e+02	3462	2.774546e+01	2.310486e+02	3.522516e+02	3462	8.927894e-01	7.000000e-01	
3.523533e+02	3463	1.093442e+01	2.341449e+02	3.523533e+02	3463	9.553842e-01	7.000000e-01	
3.524551e+02	3464	3.218133e+01	2.318403e+02	3.524551e+02	3464	8.781110e-01	7.000000e-01	
3.525568e+02	3465	3.042123e+01	2.619951e+02	3.525568e+02	3465	8.959660e-01	7.000000e-01	
3.526586e+02	3466	3.152511e+01	2.273785e+02	3.526586e+02	3466	8.782361e-01	7.000000e-01	
3.527603e+02	3467	2.358862e+01	2.624370e+02	3.527603e+02	3467	9.175297e-01	7.000000e-01	
3.528621e+02	3468	2.833550e+01	2.623201e+02	3.528621e+02	3468	9.025118e-01	7.000000e-01	
3.529638e+02	3469	3.316026e+01	2.606540e+02	3.529638e+02	3469	8.871387e-01	7.000000e-01	
3.530656e+02	3470	1.913059e+01	2.837252e+02	3.530656e+02	3470	9.368327e-01	7.000000e-01	
3.531673e+02	3471	2.370213e+01	2.075588e+02	3.531673e+02	3471	8.975091e-01	7.000000e-01	
3.532691e+02	3472	3.027257e+01	2.540398e+02	3.532691e+02	3472	8.935236e-01	7.000000e-01	
3.533708e+02	3473	3.930741e+01	2.618466e+02	3.533708e+02	3473	8.694774e-01	7.000000e-01	
3.534726e+02	3474	2.450800e+01	2.568474e+02	3.534726e+02	3474	9.128931e-01	7.000000e-01	
3.535743e+02	3475	1.434595e+01	2.984639e+02	3.535743e+02	3475	9.541384e-01	7.000000e-01	
3.536760e+02	3476	3.154832e+01	2.551822e+02	3.536760e+02	3476	8.899722e-01	7.000000e-01	
3.537778e+02	3477	3.359841e+01	2.686141e+02	3.537778e+02	3477	8.888252e-01	7.000000e-01	
3.538795e+02	3478	1.443139e+01	2.983871e+02	3.538795e+02	3478	9.538666e-01	7.000000e-01	
3.539813e+02	3479	2.456192e+01	3.124814e+02	3.539813e+02	3479	9.271253e-01	7.000000e-01	
3.540830e+02	3480	3.404376e+01	2.324201e+02	3.540830e+02	3480	8.722387e-01	7.000000e-01	
3.541848e+02	3481	3.554304e+01	2.271565e+02	3.541848e+02	3481	8.647008e-01	7.000000e-01	
3.542865e+02	3482	3.963225e+01	2.338376e+02	3.542865e+02	3482	8.550763e-01	7.000000e-01	
3.543883e+02	3483	3.603521e+01	2.374349e+02	3.543883e+02	3483	8.682298e-01	7.000000e-01	
3.544900e+02	3484	3.475717e+01	2.513832e+02	3.544900e+02	3484	8.785311e-01	7.000000e-01	
3.545918e+02	3485	4.912870e+01	2.510129e+02	3.545918e+02	3485	8.363149e-01	7.000000e-01	
3.546935e+02	3486	3.805439e+01	2.380650e+02	3.546935e+02	3486	8.621814e-01	7.000000e-01	
3.547953e+02	3487	6.076707e+00	2.132694e+02	3.547953e+02	3487	9.722963e-01	7.000000e-01	
3.548970e+02	3488	3.602808e+01	2.426590e+02	3.548970e+02	3488	8.707221e-01	7.000000e-01	
3.549988e+02	3489	1.959410e+01	2.838874e+02	3.549988e+02	3489	9.354356e-01	7.000000e-01	
3.551005e+02	3490	2.510937e+01	2.625769e+02	3.551005e+02	3490	9.127196e-01	7.000000e-01	
3.552023e+02	3491	2.874761e+01	2.354291e+02	3.552023e+02	3491	8.911804e-01	7.000000e-01	
3.553040e+02	3492	2.891399e+01	2.412682e+02	3.553040e+02	3492	8.929834e-01	7.000000e-01	
3.554058e+02	3493	2.499035e+01	2.620263e+02	3.554058e+02	3493	9.129307e-01	7.000000e-01	
3.555075e+02	3494	2.137527e+01	2.623876e+02	3.555075e+02	3494	9.246721e-01	7.000000e-01	
3.556093e+02	3495	4.541270e+01	2.925748e+02	3.556093e+02	3495	8.656379e-01	7.000000e-01	
3.557110e+02	3496	8.995521e+00	3.647265e+02	3.557110e+02	3496	9.759299e-01	7.000000e-01	
3.558128e+02	3497	4.025773e+01	2.214720e+02	3.558128e+02	3497	8.461859e-01	7.000000e-01	
3.559145e+02	3498	3.691610e+01	2.212893e+02	3.559145e+02	3498	8.570282e-01	7.000000e-01	
3.560163e+02	3499	3.728457e+01	2.203939e+02	3.560163e+02	3499	8.553058e-01	7.000000e-01	
3.561180e+02	3500	3.269003e+01	2.204203e+02	3.561180e+02	3500	8.708467e-01	7.000000e-01	
3.562197e+02	3501	4.649477e+01	2.612982e+02	3.562197e+02	3501	8.489414e-01	7.000000e-01	
3.563215e+02	3502	3.044587e+01	2.309681e+02	3.563215e+02	3502	8.835339e-01	7.000000e-01	
3.564232e+02	3503	3.832383e+01	2.594099e+02	3.564232e+02	3503	8.712815e-01	7.000000e-01	
3.565250e+02	3504	2.395289e+01	2.299132e+02	3.565250e+02	3504	9.056475e-01	7.000000e-01	
3.566267e+02	3505	3.133342e+01	2.268233e+02	3.566267e+02	3505	8.786264e-01	7.000000e-01	
3.567285e+02	3506	3.861638e+01	2.295315e+02	3.567285e+02	3506	8.559885e-01	7.000000e-01	
3.568302e+02	3507	1.854992e+01	1.912118e+02	3.568302e+02	3507	9.115667e-01	7.000000e-01	
3.569320e+02	3508	2.168534e+01	2.527184e+02	3.569320e+02	3508	9.209729e-01	7.000000e-01	
3.570337e+02	3509	3.018732e+01	2.689118e+02	3.570337e+02	3509	8.990725e-01	7.000000e-01	
3.571355e+02	3510	2.314767e+01	2.368228e+02	3.571355e+02	3510	9.109604e-01	7.000000e-01	
