time at 532nm	frame at 532nm	I_1 at 532nm(counts)	I_2 at 532nm(counts)	time at 532nm	frame at 532nm	FRET_1>2	discr.FRET_1>2	
1.017480e-01	1	3.929641e+01	1.703884e+02	1.017480e-01	1	8.125930e-01	7.000000e-01	
2.034960e-01	2	3.929641e+01	1.703884e+02	2.034960e-01	2	8.125930e-01	7.000000e-01	
3.052440e-01	3	4.686467e+01	1.870600e+02	3.052440e-01	3	7.996591e-01	7.000000e-01	
4.069920e-01	4	4.512285e+01	1.380020e+02	4.069920e-01	4	7.535952e-01	7.000000e-01	
5.087400e-01	5	6.018546e+01	1.888444e+02	5.087400e-01	5	7.583203e-01	7.000000e-01	
6.104880e-01	6	6.948093e+01	1.945500e+02	6.104880e-01	6	7.368455e-01	7.000000e-01	
7.122360e-01	7	6.559454e+01	2.006525e+02	7.122360e-01	7	7.536328e-01	7.000000e-01	
8.139840e-01	8	6.113900e+01	1.884301e+02	8.139840e-01	8	7.550218e-01	7.000000e-01	
9.157320e-01	9	6.763314e+01	1.908541e+02	9.157320e-01	9	7.383502e-01	7.000000e-01	
1.017480e+00	10	7.520976e+01	1.848649e+02	1.017480e+00	10	7.108147e-01	7.000000e-01	
1.119228e+00	11	6.433669e+01	1.962263e+02	1.119228e+00	11	7.530858e-01	7.000000e-01	
1.220976e+00	12	7.512759e+01	2.157214e+02	1.220976e+00	12	7.416955e-01	7.000000e-01	
1.322724e+00	13	5.422183e+01	2.198946e+02	1.322724e+00	13	8.021942e-01	7.000000e-01	
1.424472e+00	14	6.932782e+01	1.908330e+02	1.424472e+00	14	7.335194e-01	7.000000e-01	
1.526220e+00	15	7.513438e+01	2.157361e+02	1.526220e+00	15	7.416913e-01	7.000000e-01	
1.627968e+00	16	5.905280e+01	2.120620e+02	1.627968e+00	16	7.821853e-01	7.000000e-01	
1.729716e+00	17	6.984979e+01	1.783400e+02	1.729716e+00	17	7.185630e-01	7.000000e-01	
1.831464e+00	18	5.156104e+01	1.963725e+02	1.831464e+00	18	7.920368e-01	7.000000e-01	
1.933212e+00	19	6.232984e+01	1.920650e+02	1.933212e+00	19	7.549878e-01	7.000000e-01	
2.034960e+00	20	6.073663e+01	1.877877e+02	2.034960e+00	20	7.556109e-01	7.000000e-01	
2.136708e+00	21	5.415699e+01	1.795517e+02	2.136708e+00	21	7.682714e-01	7.000000e-01	
2.238456e+00	22	6.143887e+01	1.807466e+02	2.238456e+00	22	7.463148e-01	7.000000e-01	
2.340204e+00	23	5.984832e+01	1.772917e+02	2.340204e+00	23	7.476245e-01	7.000000e-01	
2.441952e+00	24	4.223781e+01	1.421669e+02	2.441952e+00	24	7.709505e-01	7.000000e-01	
2.543700e+00	25	5.699661e+01	1.510147e+02	2.543700e+00	25	7.259927e-01	7.000000e-01	
2.645448e+00	26	2.407941e+01	1.625331e+02	2.645448e+00	26	8.709657e-01	7.000000e-01	
2.747196e+00	27	4.803593e+01	1.077998e+02	2.747196e+00	27	6.917528e-01	7.000000e-01	
2.848944e+00	28	4.451788e+01	1.546955e+02	2.848944e+00	28	7.765317e-01	7.000000e-01	
2.950692e+00	29	4.727001e+01	1.449424e+02	2.950692e+00	29	7.540741e-01	7.000000e-01	
3.052440e+00	30	6.178880e+01	1.349315e+02	3.052440e+00	30	6.859053e-01	7.000000e-01	
3.154188e+00	31	6.304917e+01	1.612992e+02	3.154188e+00	31	7.189676e-01	7.000000e-01	
3.255936e+00	32	3.452785e+01	1.149695e+02	3.255936e+00	32	7.690404e-01	7.000000e-01	
3.357684e+00	33	8.165235e+01	1.478945e+02	3.357684e+00	33	6.442890e-01	7.000000e-01	
3.459432e+00	34	5.524149e+01	1.549606e+02	3.459432e+00	34	7.371982e-01	7.000000e-01	
3.561180e+00	35	4.985404e+01	1.453662e+02	3.561180e+00	35	7.446267e-01	7.000000e-01	
3.662928e+00	36	7.816683e+01	1.487562e+02	3.662928e+00	36	6.555359e-01	7.000000e-01	
3.764676e+00	37	4.884093e+01	1.722848e+02	3.764676e+00	37	7.791260e-01	7.000000e-01	
3.866424e+00	38	5.540049e+01	1.592365e+02	3.866424e+00	38	7.418875e-01	7.000000e-01	
3.968172e+00	39	5.109726e+01	1.837458e+02	3.968172e+00	39	7.824195e-01	7.000000e-01	
4.069920e+00	40	4.254301e+01	2.016555e+02	4.069920e+00	40	8.257851e-01	7.000000e-01	
4.171668e+00	41	4.237075e+01	1.700543e+02	4.171668e+00	41	8.005379e-01	7.000000e-01	
4.273416e+00	42	3.216928e+01	1.973326e+02	4.273416e+00	42	8.598300e-01	7.000000e-01	
4.375164e+00	43	3.986747e+01	2.060290e+02	4.375164e+00	43	8.378689e-01	7.000000e-01	
4.476912e+00	44	4.748202e+01	1.891316e+02	4.476912e+00	44	7.993268e-01	7.000000e-01	
4.578660e+00	45	3.656666e+01	1.958017e+02	4.578660e+00	45	8.426349e-01	7.000000e-01	
4.680408e+00	46	4.310789e+01	1.916785e+02	4.680408e+00	46	8.163953e-01	7.000000e-01	
4.782156e+00	47	5.563841e+01	1.706081e+02	4.782156e+00	47	7.540806e-01	7.000000e-01	
4.883904e+00	48	4.186639e+01	1.989733e+02	4.883904e+00	48	8.261649e-01	7.000000e-01	
4.985652e+00	49	2.734102e+01	1.793679e+02	4.985652e+00	49	8.677318e-01	7.000000e-01	
5.087400e+00	50	5.527161e+01	1.440243e+02	5.087400e+00	50	7.226656e-01	7.000000e-01	
5.189148e+00	51	9.145080e+01	2.340045e+02	5.189148e+00	51	7.190066e-01	7.000000e-01	
5.290896e+00	52	5.336513e+01	2.004050e+02	5.290896e+00	52	7.897108e-01	7.000000e-01	
5.392644e+00	53	5.530371e+01	1.378734e+02	5.392644e+00	53	7.137150e-01	7.000000e-01	
5.494392e+00	54	5.116659e+01	1.060271e+02	5.494392e+00	54	6.744997e-01	7.000000e-01	
5.596140e+00	55	5.282652e+01	1.323671e+02	5.596140e+00	55	7.147498e-01	7.000000e-01	
5.697888e+00	56	5.821053e+01	1.541232e+02	5.697888e+00	56	7.258536e-01	7.000000e-01	
5.799636e+00	57	6.322711e+01	1.622133e+02	5.799636e+00	57	7.195396e-01	7.000000e-01	
5.901384e+00	58	6.200543e+01	1.262379e+02	5.901384e+00	58	6.706102e-01	7.000000e-01	
6.003132e+00	59	5.645089e+01	1.404432e+02	6.003132e+00	59	7.132931e-01	7.000000e-01	
6.104880e+00	60	5.514096e+01	1.437561e+02	6.104880e+00	60	7.227663e-01	7.000000e-01	
6.206628e+00	61	5.084198e+01	1.382619e+02	6.206628e+00	61	7.311426e-01	7.000000e-01	
6.308376e+00	62	5.314829e+01	1.310323e+02	6.308376e+00	62	7.114338e-01	7.000000e-01	
6.410124e+00	63	4.560024e+01	2.079646e+02	6.410124e+00	63	8.201634e-01	7.000000e-01	
6.511872e+00	64	4.942881e+01	1.650113e+02	6.511872e+00	64	7.694983e-01	7.000000e-01	
6.613620e+00	65	4.863378e+01	1.719539e+02	6.613620e+00	65	7.795263e-01	7.000000e-01	
6.715368e+00	66	4.639650e+01	1.749105e+02	6.715368e+00	66	7.903523e-01	7.000000e-01	
6.817116e+00	67	6.154913e+01	1.709055e+02	6.817116e+00	67	7.352209e-01	7.000000e-01	
6.918864e+00	68	3.922993e+01	1.742450e+02	6.918864e+00	68	8.162317e-01	7.000000e-01	
7.020612e+00	69	4.126217e+01	1.853493e+02	7.020612e+00	69	8.179167e-01	7.000000e-01	
7.122360e+00	70	5.120428e+01	1.899344e+02	7.122360e+00	70	7.876563e-01	7.000000e-01	
7.224108e+00	71	3.905626e+01	1.739855e+02	7.224108e+00	71	8.166732e-01	7.000000e-01	
7.325856e+00	72	3.607799e+01	2.049232e+02	7.325856e+00	72	8.502995e-01	7.000000e-01	
7.427604e+00	73	4.374341e+01	1.971750e+02	7.427604e+00	73	8.184306e-01	7.000000e-01	
7.529352e+00	74	4.220286e+01	1.906157e+02	7.529352e+00	74	8.187307e-01	7.000000e-01	
7.631100e+00	75	4.704308e+01	2.075174e+02	7.631100e+00	75	8.151988e-01	7.000000e-01	
7.732848e+00	76	3.892668e+01	1.743575e+02	7.732848e+00	76	8.174891e-01	7.000000e-01	
7.834596e+00	77	5.030532e+01	1.965014e+02	7.834596e+00	77	7.961752e-01	7.000000e-01	
7.936344e+00	78	3.764251e+01	2.046561e+02	7.936344e+00	78	8.446441e-01	7.000000e-01	
8.038092e+00	79	4.596653e+01	1.925480e+02	8.038092e+00	79	8.072800e-01	7.000000e-01	
8.139840e+00	80	4.450481e+01	2.075421e+02	8.139840e+00	80	8.234265e-01	7.000000e-01	
8.241588e+00	81	5.474506e+01	2.178314e+02	8.241588e+00	81	7.991571e-01	7.000000e-01	
8.343336e+00	82	4.673822e+01	1.754410e+02	8.343336e+00	82	7.896373e-01	7.000000e-01	
8.445084e+00	83	4.193453e+01	1.822192e+02	8.445084e+00	83	8.129207e-01	7.000000e-01	
8.546832e+00	84	5.160285e+01	1.961070e+02	8.546832e+00	84	7.916803e-01	7.000000e-01	
8.648580e+00	85	4.447143e+01	1.588312e+02	8.648580e+00	85	7.812550e-01	7.000000e-01	
8.750328e+00	86	5.110882e+01	1.774175e+02	8.750328e+00	86	7.763548e-01	7.000000e-01	
8.852076e+00	87	4.975825e+01	1.351263e+02	8.852076e+00	87	7.308685e-01	7.000000e-01	
8.953824e+00	88	5.773188e+01	1.411346e+02	8.953824e+00	88	7.096953e-01	7.000000e-01	
9.055572e+00	89	5.169630e+01	1.433700e+02	9.055572e+00	89	7.349809e-01	7.000000e-01	
9.157320e+00	90	6.135080e+01	1.477837e+02	9.157320e+00	90	7.066443e-01	7.000000e-01	
9.259068e+00	91	5.424011e+01	1.349722e+02	9.259068e+00	91	7.133373e-01	7.000000e-01	
9.360816e+00	92	6.495795e+01	1.471391e+02	9.360816e+00	92	6.937348e-01	7.000000e-01	
9.462564e+00	93	5.223301e+01	1.378862e+02	9.462564e+00	93	7.252618e-01	7.000000e-01	
9.564312e+00	94	8.204421e+01	1.664333e+02	9.564312e+00	94	6.698123e-01	7.000000e-01	
9.666060e+00	95	5.779538e+01	1.426308e+02	9.666060e+00	95	7.116376e-01	7.000000e-01	
9.767808e+00	96	5.150256e+01	1.889294e+02	9.767808e+00	96	7.857915e-01	7.000000e-01	
9.869556e+00	97	9.144398e+01	1.488334e+02	9.869556e+00	97	6.194233e-01	7.000000e-01	
9.971304e+00	98	5.208627e+01	1.908510e+02	9.971304e+00	98	7.855979e-01	7.000000e-01	
1.007305e+01	99	5.138097e+01	1.804531e+02	1.007305e+01	99	7.783718e-01	7.000000e-01	
1.017480e+01	100	4.182171e+01	1.714354e+02	1.017480e+01	100	8.038907e-01	7.000000e-01	
1.027655e+01	101	5.205587e+01	1.866744e+02	1.027655e+01	101	7.819469e-01	7.000000e-01	
1.037830e+01	102	5.423820e+01	1.900491e+02	1.037830e+01	102	7.779737e-01	7.000000e-01	
1.048004e+01	103	5.134668e+01	1.891280e+02	1.048004e+01	103	7.864778e-01	7.000000e-01	
1.058179e+01	104	4.307848e+01	1.586463e+02	1.058179e+01	104	7.864492e-01	7.000000e-01	
1.068354e+01	105	4.566340e+01	1.787769e+02	1.068354e+01	105	7.965455e-01	7.000000e-01	
1.078529e+01	106	5.404007e+01	1.885887e+02	1.078529e+01	106	7.772726e-01	7.000000e-01	
1.088704e+01	107	4.426971e+01	1.710052e+02	1.088704e+01	107	7.943573e-01	7.000000e-01	
1.098878e+01	108	4.228538e+01	1.661451e+02	1.098878e+01	108	7.971248e-01	7.000000e-01	
1.109053e+01	109	4.376288e+01	1.743112e+02	1.109053e+01	109	7.993210e-01	7.000000e-01	
1.119228e+01	110	5.006675e+01	1.652697e+02	1.119228e+01	110	7.674952e-01	7.000000e-01	
1.129403e+01	111	4.635114e+01	1.841892e+02	1.129403e+01	111	7.989456e-01	7.000000e-01	
1.139578e+01	112	4.296090e+01	1.950231e+02	1.139578e+01	112	8.194799e-01	7.000000e-01	
1.149752e+01	113	4.404462e+01	1.812912e+02	1.149752e+01	113	8.045379e-01	7.000000e-01	
1.159927e+01	114	4.394010e+01	1.628363e+02	1.159927e+01	114	7.874994e-01	7.000000e-01	
1.170102e+01	115	5.443316e+01	1.559145e+02	1.170102e+01	115	7.412229e-01	7.000000e-01	
1.180277e+01	116	2.939547e+01	1.605589e+02	1.180277e+01	116	8.452498e-01	7.000000e-01	
1.190452e+01	117	4.783911e+01	1.677025e+02	1.190452e+01	117	7.780516e-01	7.000000e-01	
1.200626e+01	118	3.915556e+01	1.517296e+02	1.200626e+01	118	7.948737e-01	7.000000e-01	
1.210801e+01	119	4.837269e+01	1.689994e+02	1.210801e+01	119	7.774660e-01	7.000000e-01	
1.220976e+01	120	5.880596e+01	1.317067e+02	1.220976e+01	120	6.913278e-01	7.000000e-01	
1.231151e+01	121	4.915148e+01	1.398265e+02	1.231151e+01	121	7.399090e-01	7.000000e-01	
1.241326e+01	122	4.514537e+01	1.720597e+02	1.241326e+01	122	7.921532e-01	7.000000e-01	
1.251500e+01	123	5.899303e+01	1.777388e+02	1.251500e+01	123	7.508023e-01	7.000000e-01	
1.261675e+01	124	3.111140e+01	1.868229e+02	1.261675e+01	124	8.572441e-01	7.000000e-01	
1.271850e+01	125	4.260641e+01	1.801844e+02	1.271850e+01	125	8.087605e-01	7.000000e-01	
1.282025e+01	126	4.242370e+01	1.842591e+02	1.282025e+01	126	8.128499e-01	7.000000e-01	
1.292200e+01	127	2.869641e+01	1.816541e+02	1.292200e+01	127	8.635781e-01	7.000000e-01	
1.302374e+01	128	4.105124e+01	1.892621e+02	1.302374e+01	128	8.217592e-01	7.000000e-01	
1.312549e+01	129	3.590619e+01	1.976987e+02	1.312549e+01	129	8.462952e-01	7.000000e-01	
1.322724e+01	130	3.661269e+01	2.096384e+02	1.322724e+01	130	8.513197e-01	7.000000e-01	
1.332899e+01	131	3.470900e+01	1.971629e+02	1.332899e+01	131	8.503096e-01	7.000000e-01	
1.343074e+01	132	5.804198e+01	2.081677e+02	1.343074e+01	132	7.819689e-01	7.000000e-01	
1.353248e+01	133	7.346287e+01	2.239825e+02	1.353248e+01	133	7.530206e-01	7.000000e-01	
1.363423e+01	134	5.402943e+01	2.124320e+02	1.363423e+01	134	7.972336e-01	7.000000e-01	
1.373598e+01	135	3.754239e+01	2.111954e+02	1.373598e+01	135	8.490684e-01	7.000000e-01	
1.383773e+01	136	6.068476e+01	2.013807e+02	1.383773e+01	136	7.684366e-01	7.000000e-01	
1.393948e+01	137	6.559215e+01	2.032324e+02	1.393948e+01	137	7.560039e-01	7.000000e-01	
1.404122e+01	138	6.696933e+01	1.882668e+02	1.404122e+01	138	7.376181e-01	7.000000e-01	
1.414297e+01	139	6.589571e+01	2.147411e+02	1.414297e+01	139	7.651922e-01	7.000000e-01	
1.424472e+01	140	7.559667e+01	1.842572e+02	1.424472e+01	140	7.090801e-01	7.000000e-01	
1.434647e+01	141	5.271061e+01	1.994932e+02	1.434647e+01	141	7.909999e-01	7.000000e-01	
1.444822e+01	142	6.479270e+01	1.627581e+02	1.444822e+01	142	7.152605e-01	7.000000e-01	
1.454996e+01	143	5.917065e+01	1.443277e+02	1.454996e+01	143	7.092328e-01	7.000000e-01	
1.465171e+01	144	5.460701e+01	1.718026e+02	1.465171e+01	144	7.588132e-01	7.000000e-01	
1.475346e+01	145	6.660017e+01	1.870688e+02	1.475346e+01	145	7.374524e-01	7.000000e-01	
1.485521e+01	146	5.430321e+01	1.566087e+02	1.485521e+01	146	7.425313e-01	7.000000e-01	
1.495696e+01	147	4.508230e+01	1.649141e+02	1.495696e+01	147	7.853187e-01	7.000000e-01	
1.505870e+01	148	6.952791e+01	1.746921e+02	1.505870e+01	148	7.153063e-01	7.000000e-01	
1.516045e+01	149	6.690710e+01	1.504488e+02	1.516045e+01	149	6.921772e-01	7.000000e-01	
1.526220e+01	150	3.454592e+01	1.715800e+02	1.526220e+01	150	8.324038e-01	7.000000e-01	
1.536395e+01	151	6.330536e+01	1.660668e+02	1.536395e+01	151	7.240059e-01	7.000000e-01	
1.546570e+01	152	5.108183e+01	1.660937e+02	1.546570e+01	152	7.647901e-01	7.000000e-01	
1.556744e+01	153	5.144306e+01	1.756388e+02	1.556744e+01	153	7.734603e-01	7.000000e-01	
1.566919e+01	154	5.282457e+01	1.689962e+02	1.566919e+01	154	7.618592e-01	7.000000e-01	
1.577094e+01	155	3.395786e+01	1.677708e+02	1.577094e+01	155	8.316657e-01	7.000000e-01	
1.587269e+01	156	3.806069e+01	1.710722e+02	1.587269e+01	156	8.180072e-01	7.000000e-01	
1.597444e+01	157	6.060451e+01	1.934424e+02	1.597444e+01	157	7.614436e-01	7.000000e-01	
1.607618e+01	158	5.739260e+01	1.711768e+02	1.607618e+01	158	7.489051e-01	7.000000e-01	
1.617793e+01	159	4.867524e+01	1.699136e+02	1.617793e+01	159	7.773206e-01	7.000000e-01	
1.627968e+01	160	5.758800e+01	1.770622e+02	1.627968e+01	160	7.545794e-01	7.000000e-01	
1.638143e+01	161	5.449199e+01	1.628075e+02	1.638143e+01	161	7.492309e-01	7.000000e-01	
1.648318e+01	162	5.473305e+01	1.569374e+02	1.648318e+01	162	7.414233e-01	7.000000e-01	
1.658492e+01	163	4.880666e+01	1.755557e+02	1.658492e+01	163	7.824650e-01	7.000000e-01	
1.668667e+01	164	5.488294e+01	1.773224e+02	1.668667e+01	164	7.636448e-01	7.000000e-01	
1.678842e+01	165	5.559878e+01	1.846159e+02	1.678842e+01	165	7.685455e-01	7.000000e-01	
1.689017e+01	166	5.267832e+01	1.609978e+02	1.689017e+01	166	7.534665e-01	7.000000e-01	
1.699192e+01	167	6.028887e+01	1.690408e+02	1.699192e+01	167	7.371083e-01	7.000000e-01	
1.709366e+01	168	5.586318e+01	1.660415e+02	1.709366e+01	168	7.482560e-01	7.000000e-01	
1.719541e+01	169	5.553182e+01	1.564552e+02	1.719541e+01	169	7.380414e-01	7.000000e-01	
1.729716e+01	170	5.920312e+01	1.992576e+02	1.729716e+01	170	7.709396e-01	7.000000e-01	
1.739891e+01	171	4.627194e+01	1.848002e+02	1.739891e+01	171	7.997511e-01	7.000000e-01	
1.750066e+01	172	5.577457e+01	1.793902e+02	1.750066e+01	172	7.628277e-01	7.000000e-01	
1.760240e+01	173	6.136697e+01	2.263617e+02	1.760240e+01	173	7.867193e-01	7.000000e-01	
1.770415e+01	174	6.421636e+01	1.838736e+02	1.770415e+01	174	7.411570e-01	7.000000e-01	
1.780590e+01	175	4.910912e+01	1.868281e+02	1.780590e+01	175	7.918551e-01	7.000000e-01	
1.790765e+01	176	5.008439e+01	1.875637e+02	1.790765e+01	176	7.892498e-01	7.000000e-01	
1.800940e+01	177	5.366629e+01	2.075305e+02	1.800940e+01	177	7.945369e-01	7.000000e-01	
1.811114e+01	178	4.551516e+01	2.181537e+02	1.811114e+01	178	8.273776e-01	7.000000e-01	
1.821289e+01	179	4.053212e+01	1.685790e+02	1.821289e+01	179	8.061695e-01	7.000000e-01	
1.831464e+01	180	4.510272e+01	1.630211e+02	1.831464e+01	180	7.832890e-01	7.000000e-01	
1.841639e+01	181	4.751801e+01	1.575795e+02	1.841639e+01	181	7.683150e-01	7.000000e-01	
1.851814e+01	182	4.868006e+01	1.731441e+02	1.851814e+01	182	7.805466e-01	7.000000e-01	
1.861988e+01	183	3.887288e+01	1.662276e+02	1.861988e+01	183	8.104691e-01	7.000000e-01	
1.872163e+01	184	5.065783e+01	1.591840e+02	1.872163e+01	184	7.585904e-01	7.000000e-01	
1.882338e+01	185	3.668427e+01	1.671913e+02	1.882338e+01	185	8.200654e-01	7.000000e-01	
1.892513e+01	186	3.585501e+01	1.608893e+02	1.892513e+01	186	8.177583e-01	7.000000e-01	
1.902688e+01	187	4.635291e+01	1.524597e+02	1.902688e+01	187	7.668513e-01	7.000000e-01	
1.912862e+01	188	5.181474e+01	1.516741e+02	1.912862e+01	188	7.453681e-01	7.000000e-01	
1.923037e+01	189	3.692534e+01	1.696709e+02	1.923037e+01	189	8.212681e-01	7.000000e-01	
1.933212e+01	190	4.257364e+01	1.379228e+02	1.933212e+01	190	7.641303e-01	7.000000e-01	
1.943387e+01	191	4.726668e+01	1.643851e+02	1.943387e+01	191	7.766771e-01	7.000000e-01	
1.953562e+01	192	4.712239e+01	1.781301e+02	1.953562e+01	192	7.908019e-01	7.000000e-01	
1.963736e+01	193	6.236474e+01	1.904083e+02	1.963736e+01	193	7.532777e-01	7.000000e-01	
1.973911e+01	194	3.925865e+01	1.739512e+02	1.973911e+01	194	8.158685e-01	7.000000e-01	
1.984086e+01	195	5.001596e+01	2.295609e+02	1.984086e+01	195	8.211012e-01	7.000000e-01	
1.994261e+01	196	4.681045e+01	1.898825e+02	1.994261e+01	196	8.022313e-01	7.000000e-01	
2.004436e+01	197	4.039543e+01	1.519902e+02	2.004436e+01	197	7.900289e-01	7.000000e-01	
2.014610e+01	198	3.429925e+01	1.915724e+02	2.014610e+01	198	8.481472e-01	7.000000e-01	
2.024785e+01	199	4.920440e+01	1.816941e+02	2.024785e+01	199	7.869003e-01	7.000000e-01	
2.034960e+01	200	4.020053e+01	1.930514e+02	2.034960e+01	200	8.276519e-01	7.000000e-01	
2.045135e+01	201	4.686863e+01	1.875524e+02	2.045135e+01	201	8.000664e-01	7.000000e-01	
2.055310e+01	202	2.594737e+01	2.087118e+02	2.055310e+01	202	8.894253e-01	7.000000e-01	
2.065484e+01	203	5.468250e+01	2.003630e+02	2.065484e+01	203	7.855971e-01	7.000000e-01	
2.075659e+01	204	3.269921e+01	1.912741e+02	2.075659e+01	204	8.540040e-01	7.000000e-01	
2.085834e+01	205	3.050014e+01	1.955848e+02	2.085834e+01	205	8.650943e-01	7.000000e-01	
2.096009e+01	206	5.969915e+01	2.039215e+02	2.096009e+01	206	7.735415e-01	7.000000e-01	
2.106184e+01	207	4.005508e+01	1.840752e+02	2.106184e+01	207	8.212866e-01	7.000000e-01	
2.116358e+01	208	5.160836e+01	1.945774e+02	2.116358e+01	208	7.903682e-01	7.000000e-01	
2.126533e+01	209	7.725791e+01	2.363604e+02	2.126533e+01	209	7.536563e-01	7.000000e-01	
2.136708e+01	210	5.040467e+01	1.957015e+02	2.136708e+01	210	7.951914e-01	7.000000e-01	
2.146883e+01	211	4.890197e+01	1.834244e+02	2.146883e+01	211	7.895118e-01	7.000000e-01	
2.157058e+01	212	4.863630e+01	1.813770e+02	2.157058e+01	212	7.885501e-01	7.000000e-01	
2.167232e+01	213	4.324104e+01	1.920651e+02	2.167232e+01	213	8.162350e-01	7.000000e-01	
2.177407e+01	214	4.193811e+01	2.071877e+02	2.177407e+01	214	8.316589e-01	7.000000e-01	
2.187582e+01	215	4.575158e+01	2.059690e+02	2.187582e+01	215	8.182446e-01	7.000000e-01	
2.197757e+01	216	3.314759e+01	1.954868e+02	2.197757e+01	216	8.550192e-01	7.000000e-01	
2.207932e+01	217	6.005557e+01	1.686254e+02	2.207932e+01	217	7.373827e-01	7.000000e-01	
2.218106e+01	218	4.686569e+01	1.973806e+02	2.218106e+01	218	8.081212e-01	7.000000e-01	
2.228281e+01	219	5.707519e+01	1.930835e+02	2.228281e+01	219	7.718441e-01	7.000000e-01	
2.238456e+01	220	5.173657e+01	1.964306e+02	2.238456e+01	220	7.915253e-01	7.000000e-01	
2.248631e+01	221	5.271447e+01	1.769445e+02	2.248631e+01	221	7.704663e-01	7.000000e-01	
2.258806e+01	222	5.205637e+01	1.808519e+02	2.258806e+01	222	7.764941e-01	7.000000e-01	
2.268980e+01	223	5.581307e+01	2.311715e+02	2.268980e+01	223	8.055189e-01	7.000000e-01	
2.279155e+01	224	4.514392e+01	1.836696e+02	2.279155e+01	224	8.027043e-01	7.000000e-01	
2.289330e+01	225	5.428525e+01	1.845599e+02	2.289330e+01	225	7.727178e-01	7.000000e-01	
2.299505e+01	226	3.680440e+01	1.918747e+02	2.299505e+01	226	8.390566e-01	7.000000e-01	
2.309680e+01	227	4.697213e+01	1.775277e+02	2.309680e+01	227	7.907699e-01	7.000000e-01	
2.319854e+01	228	3.834180e+01	1.723084e+02	2.319854e+01	228	8.179836e-01	7.000000e-01	
2.330029e+01	229	4.876205e+01	1.729782e+02	2.330029e+01	229	7.800938e-01	7.000000e-01	
2.340204e+01	230	4.308634e+01	1.833243e+02	2.340204e+01	230	8.096983e-01	7.000000e-01	
2.350379e+01	231	3.934291e+01	1.752126e+02	2.350379e+01	231	8.166306e-01	7.000000e-01	
2.360554e+01	232	4.222189e+01	1.767308e+02	2.360554e+01	232	8.071643e-01	7.000000e-01	
2.370728e+01	233	4.226820e+01	1.710382e+02	2.370728e+01	233	8.018428e-01	7.000000e-01	
2.380903e+01	234	4.885397e+01	1.730240e+02	2.380903e+01	234	7.798160e-01	7.000000e-01	
2.391078e+01	235	3.784800e+01	1.819161e+02	2.391078e+01	235	8.277790e-01	7.000000e-01	
2.401253e+01	236	3.495024e+01	1.716463e+02	2.401253e+01	236	8.308285e-01	7.000000e-01	
2.411428e+01	237	4.549559e+01	1.696753e+02	2.411428e+01	237	7.885607e-01	7.000000e-01	
2.421602e+01	238	5.390549e+01	2.189524e+02	2.421602e+01	238	8.024412e-01	7.000000e-01	
2.431777e+01	239	4.014738e+01	1.658272e+02	2.431777e+01	239	8.050858e-01	7.000000e-01	
2.441952e+01	240	5.277136e+01	1.771590e+02	2.441952e+01	240	7.704898e-01	7.000000e-01	
2.452127e+01	241	4.106901e+01	1.801696e+02	2.452127e+01	241	8.143678e-01	7.000000e-01	
2.462302e+01	242	4.533504e+01	1.907074e+02	2.462302e+01	242	8.079369e-01	7.000000e-01	
2.472476e+01	243	5.649816e+01	1.867344e+02	2.472476e+01	243	7.677196e-01	7.000000e-01	
2.482651e+01	244	5.053593e+01	1.643962e+02	2.482651e+01	244	7.648749e-01	7.000000e-01	
2.492826e+01	245	4.645023e+01	1.866626e+02	2.492826e+01	245	8.007393e-01	7.000000e-01	
2.503001e+01	246	5.177662e+01	1.844054e+02	2.503001e+01	246	7.807766e-01	7.000000e-01	
2.513176e+01	247	5.009724e+01	1.810951e+02	2.513176e+01	247	7.833093e-01	7.000000e-01	
2.523350e+01	248	4.516052e+01	1.814201e+02	2.523350e+01	248	8.006867e-01	7.000000e-01	
2.533525e+01	249	5.472035e+01	1.824456e+02	2.533525e+01	249	7.692740e-01	7.000000e-01	
2.543700e+01	250	5.790681e+01	1.918211e+02	2.543700e+01	250	7.681204e-01	7.000000e-01	
2.553875e+01	251	4.988183e+01	1.854725e+02	2.553875e+01	251	7.880565e-01	7.000000e-01	
2.564050e+01	252	4.930899e+01	1.943917e+02	2.564050e+01	252	7.976658e-01	7.000000e-01	
2.574224e+01	253	4.845785e+01	1.875705e+02	2.574224e+01	253	7.946948e-01	7.000000e-01	
2.584399e+01	254	4.604712e+01	1.682450e+02	2.584399e+01	254	7.851199e-01	7.000000e-01	
2.594574e+01	255	4.918100e+01	1.284229e+02	2.594574e+01	255	7.230860e-01	7.000000e-01	
2.604749e+01	256	5.895953e+01	2.018343e+02	2.604749e+01	256	7.739228e-01	7.000000e-01	
2.614924e+01	257	4.510243e+01	1.817480e+02	2.614924e+01	257	8.011799e-01	7.000000e-01	
2.625098e+01	258	4.325851e+01	1.771656e+02	2.625098e+01	258	8.037487e-01	7.000000e-01	
2.635273e+01	259	6.602169e+01	1.741985e+02	2.635273e+01	259	7.251618e-01	7.000000e-01	
2.645448e+01	260	4.360814e+01	1.849966e+02	2.645448e+01	260	8.092422e-01	7.000000e-01	
2.655623e+01	261	5.648165e+01	1.896112e+02	2.655623e+01	261	7.704864e-01	7.000000e-01	
2.665798e+01	262	8.053118e+01	2.618961e+02	2.665798e+01	262	7.648225e-01	7.000000e-01	
2.675972e+01	263	5.344412e+01	2.109619e+02	2.675972e+01	263	7.978710e-01	7.000000e-01	
2.686147e+01	264	7.599666e+01	1.396339e+02	2.686147e+01	264	6.475608e-01	7.000000e-01	
2.696322e+01	265	6.732027e+01	1.383556e+02	2.696322e+01	265	6.726876e-01	7.000000e-01	
2.706497e+01	266	7.280671e+01	1.468712e+02	2.706497e+01	266	6.685752e-01	7.000000e-01	
2.716672e+01	267	6.335789e+01	1.518902e+02	2.716672e+01	267	7.056518e-01	7.000000e-01	
2.726846e+01	268	7.187369e+01	1.332594e+02	2.726846e+01	268	6.496241e-01	7.000000e-01	
2.737021e+01	269	7.167930e+01	1.229343e+02	2.737021e+01	269	6.316840e-01	7.000000e-01	
2.747196e+01	270	6.578578e+01	1.197200e+02	2.747196e+01	270	6.453707e-01	7.000000e-01	
2.757371e+01	271	8.152522e+01	1.371183e+02	2.757371e+01	271	6.271318e-01	7.000000e-01	
2.767546e+01	272	4.406610e+01	1.456906e+02	2.767546e+01	272	7.677758e-01	7.000000e-01	
2.777720e+01	273	7.172150e+01	1.372089e+02	2.777720e+01	273	6.567206e-01	7.000000e-01	
2.787895e+01	274	7.839525e+01	1.157125e+02	2.787895e+01	274	5.961251e-01	7.000000e-01	
2.798070e+01	275	5.634862e+01	1.331656e+02	2.798070e+01	275	7.026681e-01	7.000000e-01	
2.808245e+01	276	6.658164e+01	1.325583e+02	2.808245e+01	276	6.656540e-01	7.000000e-01	
2.818420e+01	277	7.140415e+01	1.471970e+02	2.818420e+01	277	6.733588e-01	7.000000e-01	
2.828594e+01	278	7.548043e+01	1.526688e+02	2.828594e+01	278	6.691620e-01	7.000000e-01	
2.838769e+01	279	7.058070e+01	1.371649e+02	2.838769e+01	279	6.602542e-01	7.000000e-01	
2.848944e+01	280	6.758272e+01	1.239471e+02	2.848944e+01	280	6.471426e-01	7.000000e-01	
2.859119e+01	281	6.695320e+01	1.330880e+02	2.859119e+01	281	6.653029e-01	7.000000e-01	
2.869294e+01	282	7.976980e+01	1.394796e+02	2.869294e+01	282	6.361687e-01	7.000000e-01	
2.879468e+01	283	7.223568e+01	1.409227e+02	2.879468e+01	283	6.611173e-01	7.000000e-01	
2.889643e+01	284	7.640543e+01	1.371828e+02	2.889643e+01	284	6.422770e-01	7.000000e-01	
2.899818e+01	285	6.536325e+01	1.468193e+02	2.899818e+01	285	6.919480e-01	7.000000e-01	
2.909993e+01	286	7.475118e+01	1.404563e+02	2.909993e+01	286	6.526553e-01	7.000000e-01	
2.920168e+01	287	6.924224e+01	1.394267e+02	2.920168e+01	287	6.681718e-01	7.000000e-01	
2.930342e+01	288	8.305913e+01	1.238601e+02	2.930342e+01	288	5.985915e-01	7.000000e-01	
2.940517e+01	289	7.425995e+01	1.344788e+02	2.940517e+01	289	6.442445e-01	7.000000e-01	
2.950692e+01	290	7.877483e+01	1.295049e+02	2.950692e+01	290	6.217835e-01	7.000000e-01	
2.960867e+01	291	8.353672e+01	1.227754e+02	2.960867e+01	291	5.950954e-01	7.000000e-01	
2.971042e+01	292	7.805789e+01	1.160562e+02	2.971042e+01	292	5.978762e-01	7.000000e-01	
2.981216e+01	293	6.194727e+01	1.204018e+02	2.981216e+01	293	6.602820e-01	7.000000e-01	
2.991391e+01	294	1.052291e+02	9.997227e+01	2.991391e+01	294	4.871910e-01	7.000000e-01	
3.001566e+01	295	7.672001e+01	1.532758e+02	3.001566e+01	295	6.664287e-01	7.000000e-01	
3.011741e+01	296	8.774742e+01	1.327487e+02	3.011741e+01	296	6.020455e-01	7.000000e-01	
3.021916e+01	297	8.890800e+01	1.342915e+02	3.021916e+01	297	6.016658e-01	7.000000e-01	
3.032090e+01	298	7.479680e+01	1.401338e+02	3.032090e+01	298	6.519956e-01	7.000000e-01	
3.042265e+01	299	7.837209e+01	1.533160e+02	3.042265e+01	299	6.617345e-01	7.000000e-01	
3.052440e+01	300	8.155206e+01	1.465321e+02	3.052440e+01	300	6.424475e-01	7.000000e-01	
3.062615e+01	301	7.974655e+01	1.468463e+02	3.062615e+01	301	6.480624e-01	7.000000e-01	
3.072790e+01	302	2.188817e+02	1.203574e+01	3.072790e+01	302	5.212140e-02	0	
3.082964e+01	303	2.180059e+02	1.510599e+01	3.082964e+01	303	6.480146e-02	0	
3.093139e+01	304	2.175031e+02	1.617944e+00	3.093139e+01	304	7.383791e-03	0	
3.103314e+01	305	2.205854e+02	1.132348e+01	3.103314e+01	305	4.882728e-02	0	
3.113489e+01	306	2.248303e+02	1.047488e+01	3.113489e+01	306	4.451615e-02	0	
3.123664e+01	307	2.250085e+02	2.079356e+00	3.123664e+01	307	9.156615e-03	0	
3.133838e+01	308	2.372562e+02	1.790995e+00	3.133838e+01	308	7.492223e-03	0	
3.144013e+01	309	2.194381e+02	1.325882e+01	3.144013e+01	309	5.697892e-02	0	
3.154188e+01	310	2.519246e+02	1.058628e+01	3.154188e+01	310	4.032701e-02	0	
3.164363e+01	311	2.421239e+02	1.677859e+01	3.164363e+01	311	6.480660e-02	0	
3.174538e+01	312	2.279609e+02	8.084886e+00	3.174538e+01	312	3.425135e-02	0	
3.184712e+01	313	2.486672e+02	-7.956537e+00	3.184712e+01	313	-3.305436e-02	0	
3.194887e+01	314	2.425633e+02	-8.004777e+00	3.194887e+01	314	-3.412699e-02	0	
3.205062e+01	315	2.388536e+02	-7.198130e+00	3.205062e+01	315	-3.107257e-02	0	
3.215237e+01	316	2.451048e+02	3.331958e+00	3.215237e+01	316	1.341169e-02	0	
3.225412e+01	317	2.596427e+02	1.535977e+01	3.225412e+01	317	5.585321e-02	0	
3.235586e+01	318	2.426214e+02	4.498394e+00	3.235586e+01	318	1.820329e-02	0	
3.245761e+01	319	2.534779e+02	1.112233e+01	3.245761e+01	319	4.203447e-02	0	
3.255936e+01	320	2.507750e+02	-2.514571e+00	3.255936e+01	320	-1.012876e-02	0	
3.266111e+01	321	2.579117e+02	4.495677e+01	3.266111e+01	321	1.484366e-01	0	
3.276286e+01	322	2.382740e+02	1.999654e+01	3.276286e+01	322	7.742478e-02	0	
3.286460e+01	323	2.491815e+02	2.762593e+01	3.286460e+01	323	9.980198e-02	0	
3.296635e+01	324	2.288921e+02	9.706015e+00	3.296635e+01	324	4.067934e-02	0	
3.306810e+01	325	2.556848e+02	1.495214e+01	3.306810e+01	325	5.524796e-02	0	
3.316985e+01	326	1.818004e+02	5.320231e+01	3.316985e+01	326	2.263902e-01	0	
3.327160e+01	327	2.615763e+02	9.952472e+00	3.327160e+01	327	3.665347e-02	0	
3.337334e+01	328	2.536889e+02	1.072655e+01	3.337334e+01	328	4.056703e-02	0	
3.347509e+01	329	9.227514e+01	2.047459e+02	3.347509e+01	329	6.893313e-01	7.000000e-01	
3.357684e+01	330	7.866781e+01	1.387092e+02	3.357684e+01	330	6.381043e-01	7.000000e-01	
3.367859e+01	331	7.386482e+01	1.287256e+02	3.367859e+01	331	6.353983e-01	7.000000e-01	
3.378034e+01	332	7.948457e+01	1.343625e+02	3.378034e+01	332	6.283112e-01	7.000000e-01	
3.388208e+01	333	7.307844e+01	1.049548e+02	3.388208e+01	333	5.895236e-01	7.000000e-01	
3.398383e+01	334	4.991490e+01	1.174457e+02	3.398383e+01	334	7.017524e-01	7.000000e-01	
3.408558e+01	335	7.299898e+01	1.425723e+02	3.408558e+01	335	6.613696e-01	7.000000e-01	
3.418733e+01	336	7.065787e+01	1.404869e+02	3.418733e+01	336	6.653582e-01	7.000000e-01	
3.428908e+01	337	7.430370e+01	1.441194e+02	3.428908e+01	337	6.598176e-01	7.000000e-01	
3.439082e+01	338	6.063136e+01	1.529826e+02	3.439082e+01	338	7.161639e-01	7.000000e-01	
3.449257e+01	339	7.969078e+01	1.388995e+02	3.449257e+01	339	6.354331e-01	7.000000e-01	
3.459432e+01	340	6.714083e+01	1.514472e+02	3.459432e+01	340	6.928431e-01	7.000000e-01	
3.469607e+01	341	7.880805e+01	1.559757e+02	3.469607e+01	341	6.643377e-01	7.000000e-01	
3.479782e+01	342	7.125506e+01	1.585714e+02	3.479782e+01	342	6.899615e-01	7.000000e-01	
3.489956e+01	343	5.421525e+01	1.363766e+02	3.489956e+01	343	7.155427e-01	7.000000e-01	
3.500131e+01	344	7.706352e+01	1.757030e+02	3.500131e+01	344	6.951197e-01	7.000000e-01	
3.510306e+01	345	8.522624e+01	1.725009e+02	3.510306e+01	345	6.693160e-01	7.000000e-01	
3.520481e+01	346	6.413358e+01	1.436522e+02	3.520481e+01	346	6.913476e-01	7.000000e-01	
3.530656e+01	347	8.405705e+01	1.478143e+02	3.530656e+01	347	6.374841e-01	7.000000e-01	
3.540830e+01	348	7.127784e+01	1.607940e+02	3.540830e+01	348	6.928630e-01	7.000000e-01	
3.551005e+01	349	9.172868e+01	1.700961e+02	3.551005e+01	349	6.496562e-01	7.000000e-01	
3.561180e+01	350	8.026749e+01	1.751986e+02	3.561180e+01	350	6.857998e-01	7.000000e-01	
3.571355e+01	351	8.096306e+01	1.716501e+02	3.571355e+01	351	6.794979e-01	7.000000e-01	
3.581530e+01	352	6.992631e+01	1.682146e+02	3.581530e+01	352	7.063658e-01	7.000000e-01	
3.591704e+01	353	7.632362e+01	1.779056e+02	3.591704e+01	353	6.997842e-01	7.000000e-01	
3.601879e+01	354	2.622939e+02	3.168603e+01	3.601879e+01	354	1.077830e-01	0	
3.612054e+01	355	2.701234e+02	3.125988e+01	3.612054e+01	355	1.037213e-01	0	
3.622229e+01	356	2.642666e+02	2.949991e+01	3.622229e+01	356	1.004196e-01	0	
3.632404e+01	357	2.590865e+02	2.173506e+01	3.632404e+01	357	7.739812e-02	0	
3.642578e+01	358	2.597498e+02	2.330266e+01	3.642578e+01	358	8.232629e-02	0	
3.652753e+01	359	2.603011e+02	2.646113e+01	3.652753e+01	359	9.227551e-02	0	
3.662928e+01	360	2.657107e+02	2.947846e+01	3.662928e+01	360	9.986295e-02	0	
3.673103e+01	361	2.480023e+02	3.784813e+01	3.673103e+01	361	1.324054e-01	0	
3.683278e+01	362	2.533364e+02	9.517262e+00	3.683278e+01	362	3.620745e-02	0	
3.693452e+01	363	2.553651e+02	4.148824e+00	3.693452e+01	363	1.598690e-02	0	
3.703627e+01	364	2.623735e+02	2.140000e+01	3.703627e+01	364	7.541226e-02	0	
3.713802e+01	365	2.570805e+02	-1.080324e+01	3.713802e+01	365	-4.386617e-02	0	
3.723977e+01	366	2.551704e+02	-1.774529e+01	3.723977e+01	366	-7.474058e-02	0	
3.734152e+01	367	2.553458e+02	2.255549e+00	3.734152e+01	367	8.755967e-03	0	
3.744326e+01	368	2.475204e+02	-4.698751e+00	3.744326e+01	368	-1.935063e-02	0	
3.754501e+01	369	2.635969e+02	-2.251991e+01	3.754501e+01	369	-9.341377e-02	0	
3.764676e+01	370	2.460684e+02	-1.444241e+01	3.764676e+01	370	-6.235229e-02	0	
3.774851e+01	371	2.564950e+02	-9.512550e+00	3.774851e+01	371	-3.851508e-02	0	
3.785026e+01	372	2.383815e+02	-1.059375e+01	3.785026e+01	372	-4.650711e-02	0	
3.795200e+01	373	2.578436e+02	-4.430858e+00	3.795200e+01	373	-1.748475e-02	0	
3.805375e+01	374	2.624702e+02	-9.111069e+00	3.805375e+01	374	-3.596108e-02	0	
3.815550e+01	375	2.374897e+02	-4.910978e-01	3.815550e+01	375	-2.072155e-03	0	
3.825725e+01	376	2.469714e+02	-7.761437e+00	3.825725e+01	376	-3.244613e-02	0	
3.835900e+01	377	2.417368e+02	-1.193959e+01	3.835900e+01	377	-5.195707e-02	0	
3.846074e+01	378	2.232961e+02	-8.916996e+00	3.846074e+01	378	-4.159452e-02	0	
3.856249e+01	379	2.360980e+02	9.649741e-01	3.856249e+01	379	4.070539e-03	0	
3.866424e+01	380	2.542188e+02	-6.391073e-01	3.866424e+01	380	-2.520341e-03	0	
3.876599e+01	381	2.562316e+02	4.451988e+00	3.876599e+01	381	1.707813e-02	0	
3.886774e+01	382	2.463506e+02	-6.080606e+00	3.886774e+01	382	-2.530739e-02	0	
3.896948e+01	383	2.546844e+02	1.110534e+01	3.896948e+01	383	4.178243e-02	0	
3.907123e+01	384	2.566064e+02	1.698407e+01	3.907123e+01	384	6.207844e-02	0	
3.917298e+01	385	2.506705e+02	-6.340510e+00	3.917298e+01	385	-2.595060e-02	0	
3.927473e+01	386	2.483915e+02	-9.885057e+00	3.927473e+01	386	-4.144566e-02	0	
3.937648e+01	387	2.406879e+02	-4.692042e+00	3.937648e+01	387	-1.988188e-02	0	
3.947822e+01	388	2.456457e+02	1.363817e+01	3.947822e+01	388	5.259938e-02	0	
3.957997e+01	389	2.463127e+02	-3.155741e-01	3.957997e+01	389	-1.282837e-03	0	
3.968172e+01	390	2.449866e+02	2.161511e+01	3.968172e+01	390	8.107641e-02	0	
3.978347e+01	391	2.521038e+02	-8.450470e+00	3.978347e+01	391	-3.468235e-02	0	
3.988522e+01	392	2.645957e+02	-8.498593e+00	3.988522e+01	392	-3.318504e-02	0	
3.998696e+01	393	2.406622e+02	7.620227e-01	3.998696e+01	393	3.156364e-03	0	
4.008871e+01	394	2.490248e+02	1.747333e+01	4.008871e+01	394	6.556643e-02	0	
4.019046e+01	395	2.506951e+02	1.580243e+01	4.019046e+01	395	5.929672e-02	0	
4.029221e+01	396	2.411094e+02	1.027959e+01	4.029221e+01	396	4.089117e-02	0	
4.039396e+01	397	2.537649e+02	1.070541e+01	4.039396e+01	397	4.047868e-02	0	
4.049570e+01	398	2.359103e+02	3.328145e+01	4.049570e+01	398	1.236347e-01	0	
4.059745e+01	399	2.431727e+02	9.836311e+00	4.059745e+01	399	3.887731e-02	0	
4.069920e+01	400	2.458873e+02	1.446168e+01	4.069920e+01	400	5.554729e-02	0	
4.080095e+01	401	2.506185e+02	1.573270e+01	4.080095e+01	401	5.906750e-02	0	
4.090270e+01	402	2.619271e+02	6.069664e+00	4.090270e+01	402	2.264827e-02	0	
4.100444e+01	403	2.558095e+02	1.620766e+01	4.100444e+01	403	5.958323e-02	0	
4.110619e+01	404	2.521357e+02	8.703974e+00	4.110619e+01	404	3.336906e-02	0	
4.120794e+01	405	2.356873e+02	1.053977e+01	4.120794e+01	405	4.280508e-02	0	
4.130969e+01	406	2.485950e+02	1.883944e+01	4.130969e+01	406	7.044508e-02	0	
4.141144e+01	407	2.628230e+02	1.866951e+01	4.141144e+01	407	6.632329e-02	0	
4.151318e+01	408	2.262867e+02	-1.889170e+00	4.151318e+01	408	-8.418854e-03	0	
4.161493e+01	409	2.519669e+02	2.075102e+01	4.161493e+01	409	7.608968e-02	0	
4.171668e+01	410	2.432850e+02	1.288127e+01	4.171668e+01	410	5.028480e-02	0	
4.181843e+01	411	2.444645e+02	-3.474634e+01	4.181843e+01	411	-1.656811e-01	0	
4.192018e+01	412	2.334244e+02	8.390370e+00	4.192018e+01	412	3.469751e-02	0	
4.202192e+01	413	2.045688e+02	1.103076e+01	4.202192e+01	413	5.116318e-02	0	
4.212367e+01	414	2.201595e+02	2.550592e+01	4.212367e+01	414	1.038238e-01	0	
4.222542e+01	415	2.085443e+02	2.002388e+01	4.222542e+01	415	8.760572e-02	0	
4.232717e+01	416	2.107863e+02	1.745520e+01	4.232717e+01	416	7.647689e-02	0	
4.242892e+01	417	1.980902e+02	2.768565e+01	4.242892e+01	417	1.226245e-01	0	
4.253066e+01	418	2.104861e+02	1.102323e+01	4.253066e+01	418	4.976418e-02	0	
4.263241e+01	419	2.727990e+02	1.416475e+01	4.263241e+01	419	4.936076e-02	0	
4.273416e+01	420	2.889623e+02	1.139233e+01	4.273416e+01	420	3.792960e-02	0	
4.283591e+01	421	2.484217e+02	7.268824e+00	4.283591e+01	421	2.842821e-02	0	
4.293766e+01	422	2.426126e+02	4.643696e+01	4.293766e+01	422	1.606540e-01	0	
4.303940e+01	423	2.359660e+02	3.863974e+01	4.303940e+01	423	1.407099e-01	0	
4.314115e+01	424	2.413913e+02	6.317825e+01	4.314115e+01	424	2.074346e-01	0	
4.324290e+01	425	2.294446e+02	2.600532e+01	4.324290e+01	425	1.018020e-01	0	
4.334465e+01	426	2.352735e+02	1.259379e+01	4.334465e+01	426	5.080860e-02	0	
4.344640e+01	427	2.461279e+02	4.990514e+01	4.344640e+01	427	1.685796e-01	0	
4.354814e+01	428	2.557942e+02	1.570676e+01	4.354814e+01	428	5.785158e-02	0	
4.364989e+01	429	2.070833e+02	2.320768e+00	4.364989e+01	429	1.108273e-02	0	
4.375164e+01	430	2.064619e+02	1.106729e+01	4.375164e+01	430	5.087726e-02	0	
4.385339e+01	431	2.581526e+02	-6.238737e+00	4.385339e+01	431	-2.476536e-02	0	
4.395514e+01	432	2.352004e+02	2.504963e+01	4.395514e+01	432	9.625217e-02	0	
4.405688e+01	433	2.672623e+02	1.233466e+00	4.405688e+01	433	4.593987e-03	0	
4.415863e+01	434	2.424262e+02	1.410838e+01	4.415863e+01	434	5.499602e-02	0	
4.426038e+01	435	2.654523e+02	2.431175e+01	4.426038e+01	435	8.390188e-02	0	
4.436213e+01	436	2.511113e+02	-1.014027e+00	4.436213e+01	436	-4.054530e-03	0	
4.446388e+01	437	2.706575e+02	2.266106e+00	4.446388e+01	437	8.303078e-03	0	
4.456562e+01	438	2.768031e+02	-7.229208e+00	4.456562e+01	438	-2.681717e-02	0	
4.466737e+01	439	2.624336e+02	3.872646e+01	4.466737e+01	439	1.285910e-01	0	
4.476912e+01	440	2.642479e+02	2.993904e+01	4.476912e+01	440	1.017688e-01	0	
4.487087e+01	441	2.560363e+02	4.916398e+01	4.487087e+01	441	1.610876e-01	0	
4.497262e+01	442	2.627881e+02	3.539755e+01	4.497262e+01	442	1.187098e-01	0	
4.507436e+01	443	2.616798e+02	1.817869e+01	4.507436e+01	443	6.495672e-02	0	
4.517611e+01	444	2.647102e+02	2.705300e+01	4.517611e+01	444	9.272245e-02	0	
4.527786e+01	445	2.526393e+02	3.528484e+01	4.527786e+01	445	1.225491e-01	0	
4.537961e+01	446	2.666390e+02	1.439070e+01	4.537961e+01	446	5.120704e-02	0	
4.548136e+01	447	2.607244e+02	4.141466e+01	4.548136e+01	447	1.370715e-01	0	
4.558310e+01	448	2.489622e+02	3.467068e+01	4.558310e+01	448	1.222379e-01	0	
4.568485e+01	449	2.624288e+02	2.211467e+01	4.568485e+01	449	7.771983e-02	0	
4.578660e+01	450	2.575236e+02	1.493171e+01	4.578660e+01	450	5.480425e-02	0	
4.588835e+01	451	2.673711e+02	1.129022e+01	4.588835e+01	451	4.051592e-02	0	
4.599010e+01	452	2.596727e+02	1.208862e+01	4.599010e+01	452	4.448249e-02	0	
4.609184e+01	453	2.562838e+02	2.137467e+01	4.609184e+01	453	7.698188e-02	0	
4.619359e+01	454	2.500417e+02	1.179956e+01	4.619359e+01	454	4.506379e-02	0	
4.629534e+01	455	2.452551e+02	1.312883e+01	4.629534e+01	455	5.081133e-02	0	
4.639709e+01	456	2.466133e+02	2.336949e+01	4.639709e+01	456	8.655918e-02	0	
4.649884e+01	457	2.394164e+02	-1.039722e+01	4.649884e+01	457	-4.539891e-02	0	
4.660058e+01	458	2.385304e+02	2.024963e+01	4.660058e+01	458	7.825036e-02	0	
4.670233e+01	459	2.228721e+02	6.863080e+00	4.670233e+01	459	2.987387e-02	0	
4.680408e+01	460	2.572039e+02	3.302272e+01	4.680408e+01	460	1.137825e-01	0	
4.690583e+01	461	2.227596e+02	3.143488e+01	4.690583e+01	461	1.236647e-01	0	
4.700758e+01	462	2.462851e+02	1.418247e+01	4.700758e+01	462	5.445004e-02	0	
4.710932e+01	463	2.714621e+02	2.441905e+01	4.710932e+01	463	8.252993e-02	0	
4.721107e+01	464	2.351795e+02	3.623064e+01	4.721107e+01	464	1.334904e-01	0	
4.731282e+01	465	2.531379e+02	2.015668e+01	4.731282e+01	465	7.375441e-02	0	
4.741457e+01	466	2.493521e+02	2.583225e+01	4.741457e+01	466	9.387253e-02	0	
4.751632e+01	467	2.742720e+02	1.136227e+01	4.751632e+01	467	3.977909e-02	0	
4.761806e+01	468	2.656154e+02	1.747379e+01	4.761806e+01	468	6.172539e-02	0	
4.771981e+01	469	2.616476e+02	1.176258e+01	4.771981e+01	469	4.302173e-02	0	
4.782156e+01	470	2.711346e+02	-2.259706e+00	4.782156e+01	470	-8.404303e-03	0	
4.792331e+01	471	2.645644e+02	1.048416e+01	4.792331e+01	471	3.811749e-02	0	
4.802506e+01	472	2.605267e+02	3.204290e-02	4.802506e+01	472	1.229776e-04	0	
4.812680e+01	473	2.669426e+02	3.087656e+00	4.812680e+01	473	1.143448e-02	0	
4.822855e+01	474	2.507546e+02	2.849625e+01	4.822855e+01	474	1.020453e-01	0	
4.833030e+01	475	2.676098e+02	2.432797e+01	4.833030e+01	475	8.333273e-02	0	
4.843205e+01	476	2.631600e+02	1.514011e+01	4.843205e+01	476	5.440210e-02	0	
4.853380e+01	477	2.385824e+02	4.308980e+01	4.853380e+01	477	1.529785e-01	0	
4.863554e+01	478	2.531581e+02	3.307190e+01	4.863554e+01	478	1.155431e-01	0	
4.873729e+01	479	2.608178e+02	3.042298e+01	4.873729e+01	479	1.044599e-01	0	
4.883904e+01	480	2.697527e+02	2.735002e+01	4.883904e+01	480	9.205577e-02	0	
4.894079e+01	481	2.401889e+02	2.585598e+01	4.894079e+01	481	9.718653e-02	0	
4.904254e+01	482	2.466014e+02	6.739257e+01	4.904254e+01	482	2.146301e-01	0	
4.914428e+01	483	2.435573e+02	3.174686e+01	4.914428e+01	483	1.153156e-01	0	
4.924603e+01	484	2.793616e+02	-5.470759e+00	4.924603e+01	484	-1.997423e-02	0	
4.934778e+01	485	2.565422e+02	5.614012e+01	4.934778e+01	485	1.795436e-01	0	
4.944953e+01	486	2.563039e+02	2.129011e+01	4.944953e+01	486	7.669513e-02	0	
4.955128e+01	487	2.204747e+02	4.167380e+01	4.955128e+01	487	1.589702e-01	0	
4.965302e+01	488	2.858431e+02	2.659399e-01	4.965302e+01	488	9.295054e-04	0	
4.975477e+01	489	2.501085e+02	4.006587e+00	4.975477e+01	489	1.576682e-02	0	
4.985652e+01	490	2.747437e+02	1.547402e+00	4.985652e+01	490	5.600622e-03	0	
4.995827e+01	491	2.856757e+02	8.585531e+00	4.995827e+01	491	2.917656e-02	0	
5.006002e+01	492	2.955683e+02	-7.108610e+00	5.006002e+01	492	-2.464334e-02	0	
5.016176e+01	493	2.422199e+02	1.929865e+01	5.016176e+01	493	7.379457e-02	0	
5.026351e+01	494	8.422321e+01	1.375047e+02	5.026351e+01	494	6.201506e-01	7.000000e-01	
5.036526e+01	495	8.355354e+01	1.395742e+02	5.036526e+01	495	6.255350e-01	7.000000e-01	
5.046701e+01	496	8.603626e+01	1.378471e+02	5.046701e+01	496	6.157094e-01	7.000000e-01	
5.056876e+01	497	8.621992e+01	1.451775e+02	5.056876e+01	497	6.273946e-01	7.000000e-01	
5.067050e+01	498	8.378055e+01	1.340226e+02	5.067050e+01	498	6.153382e-01	7.000000e-01	
5.077225e+01	499	8.114668e+01	1.453271e+02	5.077225e+01	499	6.416950e-01	7.000000e-01	
5.087400e+01	500	9.281489e+01	1.289780e+02	5.087400e+01	500	5.815245e-01	7.000000e-01	
5.097575e+01	501	8.089554e+01	1.303693e+02	5.097575e+01	501	6.170894e-01	7.000000e-01	
5.107750e+01	502	8.191941e+01	1.267006e+02	5.107750e+01	502	6.073272e-01	7.000000e-01	
5.117924e+01	503	9.163635e+01	1.370348e+02	5.117924e+01	503	5.992658e-01	7.000000e-01	
5.128099e+01	504	8.989096e+01	1.626283e+02	5.128099e+01	504	6.440234e-01	7.000000e-01	
5.138274e+01	505	8.912238e+01	1.353237e+02	5.138274e+01	505	6.029230e-01	7.000000e-01	
5.148449e+01	506	7.135487e+01	1.389580e+02	5.148449e+01	506	6.607204e-01	7.000000e-01	
5.158624e+01	507	8.702217e+01	1.426473e+02	5.158624e+01	507	6.210982e-01	7.000000e-01	
5.168798e+01	508	7.438207e+01	1.490051e+02	5.168798e+01	508	6.670262e-01	7.000000e-01	
5.178973e+01	509	8.199434e+01	1.413220e+02	5.178973e+01	509	6.328332e-01	7.000000e-01	
5.189148e+01	510	1.031079e+02	1.598667e+02	5.189148e+01	510	6.079169e-01	7.000000e-01	
5.199323e+01	511	9.646360e+01	1.493284e+02	5.199323e+01	511	6.075397e-01	7.000000e-01	
5.209498e+01	512	8.185946e+01	1.425278e+02	5.209498e+01	512	6.351867e-01	7.000000e-01	
5.219672e+01	513	1.021160e+02	1.564473e+02	5.219672e+01	513	6.050638e-01	7.000000e-01	
5.229847e+01	514	1.087721e+02	1.441906e+02	5.229847e+01	514	5.700074e-01	7.000000e-01	
5.240022e+01	515	9.975248e+01	1.439849e+02	5.240022e+01	515	5.907379e-01	7.000000e-01	
5.250197e+01	516	9.052489e+01	1.481419e+02	5.250197e+01	516	6.207060e-01	7.000000e-01	
5.260372e+01	517	8.580118e+01	1.594724e+02	5.260372e+01	517	6.501817e-01	7.000000e-01	
5.270546e+01	518	1.013230e+02	1.403358e+02	5.270546e+01	518	5.807188e-01	7.000000e-01	
5.280721e+01	519	9.329066e+01	1.264176e+02	5.280721e+01	519	5.753885e-01	7.000000e-01	
5.290896e+01	520	9.312702e+01	1.527842e+02	5.290896e+01	520	6.212982e-01	7.000000e-01	
5.301071e+01	521	8.488282e+01	1.438706e+02	5.301071e+01	521	6.289331e-01	7.000000e-01	
5.311246e+01	522	7.802049e+01	1.776216e+02	5.311246e+01	522	6.948058e-01	7.000000e-01	
5.321420e+01	523	8.998138e+01	1.520001e+02	5.321420e+01	523	6.281477e-01	7.000000e-01	
5.331595e+01	524	7.876081e+01	1.736985e+02	5.331595e+01	524	6.880257e-01	7.000000e-01	
5.341770e+01	525	7.215609e+01	1.678221e+02	5.341770e+01	525	6.993223e-01	7.000000e-01	
5.351945e+01	526	8.696730e+01	1.547920e+02	5.351945e+01	526	6.402732e-01	7.000000e-01	
5.362120e+01	527	7.850217e+01	1.579560e+02	5.362120e+01	527	6.680082e-01	7.000000e-01	
5.372294e+01	528	7.987079e+01	1.636045e+02	5.372294e+01	528	6.719553e-01	7.000000e-01	
5.382469e+01	529	6.683421e+01	1.597475e+02	5.382469e+01	529	7.050326e-01	7.000000e-01	
5.392644e+01	530	6.325396e+01	1.384060e+02	5.392644e+01	530	6.863336e-01	7.000000e-01	
5.402819e+01	531	5.778296e+01	1.537549e+02	5.402819e+01	531	7.268434e-01	7.000000e-01	
5.412994e+01	532	6.289806e+01	1.598074e+02	5.412994e+01	532	7.175729e-01	7.000000e-01	
5.423168e+01	533	6.976085e+01	1.567021e+02	5.423168e+01	533	6.919547e-01	7.000000e-01	
5.433343e+01	534	6.428823e+01	1.557070e+02	5.433343e+01	534	7.077744e-01	7.000000e-01	
5.443518e+01	535	5.816585e+01	1.670697e+02	5.443518e+01	535	7.417555e-01	7.000000e-01	
5.453693e+01	536	6.084627e+01	1.539734e+02	5.453693e+01	536	7.167565e-01	7.000000e-01	
5.463868e+01	537	5.415270e+01	1.613548e+02	5.463868e+01	537	7.487201e-01	7.000000e-01	
5.474042e+01	538	5.351685e+01	1.541914e+02	5.474042e+01	538	7.423461e-01	7.000000e-01	
5.484217e+01	539	6.103505e+01	1.704557e+02	5.484217e+01	539	7.363391e-01	7.000000e-01	
5.494392e+01	540	6.607888e+01	1.605526e+02	5.494392e+01	540	7.084303e-01	7.000000e-01	
5.504567e+01	541	6.622130e+01	1.628181e+02	5.504567e+01	541	7.108738e-01	7.000000e-01	
5.514742e+01	542	3.961040e+01	1.842201e+02	5.514742e+01	542	8.230339e-01	7.000000e-01	
5.524916e+01	543	5.792599e+01	1.767666e+02	5.524916e+01	543	7.531836e-01	7.000000e-01	
5.535091e+01	544	6.023516e+01	1.852259e+02	5.535091e+01	544	7.546040e-01	7.000000e-01	
5.545266e+01	545	6.768365e+01	1.539003e+02	5.545266e+01	545	6.945462e-01	7.000000e-01	
5.555441e+01	546	6.090402e+01	1.603351e+02	5.555441e+01	546	7.247141e-01	7.000000e-01	
5.565616e+01	547	5.874778e+01	1.553549e+02	5.565616e+01	547	7.256093e-01	7.000000e-01	
5.575790e+01	548	1.155904e+02	1.839497e+02	5.575790e+01	548	6.141071e-01	7.000000e-01	
5.585965e+01	549	1.195655e+02	1.832737e+02	5.585965e+01	549	6.051849e-01	7.000000e-01	
5.596140e+01	550	1.148404e+02	1.713078e+02	5.596140e+01	550	5.986681e-01	7.000000e-01	
5.606315e+01	551	8.516644e+01	1.750843e+02	5.606315e+01	551	6.727524e-01	7.000000e-01	
5.616490e+01	552	1.197753e+02	1.656896e+02	5.616490e+01	552	5.804202e-01	7.000000e-01	
5.626664e+01	553	1.423823e+02	1.834076e+02	5.626664e+01	553	5.629628e-01	7.000000e-01	
5.636839e+01	554	9.773825e+01	1.539634e+02	5.636839e+01	554	6.116901e-01	7.000000e-01	
5.647014e+01	555	1.173855e+02	1.832241e+02	5.647014e+01	555	6.095085e-01	7.000000e-01	
5.657189e+01	556	1.148027e+02	1.880688e+02	5.657189e+01	556	6.209525e-01	7.000000e-01	
5.667364e+01	557	8.688420e+01	1.934473e+02	5.667364e+01	557	6.900662e-01	7.000000e-01	
5.677538e+01	558	9.970071e+01	1.556507e+02	5.677538e+01	558	6.095549e-01	7.000000e-01	
5.687713e+01	559	8.254917e+01	2.052870e+02	5.687713e+01	559	7.132078e-01	7.000000e-01	
5.697888e+01	560	9.869013e+01	1.505252e+02	5.697888e+01	560	6.039966e-01	7.000000e-01	
5.708063e+01	561	1.035156e+02	2.193921e+02	5.708063e+01	561	6.794267e-01	7.000000e-01	
5.718238e+01	562	9.806075e+01	2.124022e+02	5.718238e+01	562	6.841467e-01	7.000000e-01	
5.728412e+01	563	7.863137e+01	1.946164e+02	5.728412e+01	563	7.122342e-01	7.000000e-01	
5.738587e+01	564	8.873634e+01	1.767684e+02	5.738587e+01	564	6.657825e-01	7.000000e-01	
5.748762e+01	565	9.004799e+01	2.002117e+02	5.748762e+01	565	6.897675e-01	7.000000e-01	
5.758937e+01	566	9.408910e+01	2.061624e+02	5.758937e+01	566	6.866324e-01	7.000000e-01	
5.769112e+01	567	1.004952e+02	1.693337e+02	5.769112e+01	567	6.275595e-01	7.000000e-01	
5.779286e+01	568	8.889263e+01	2.062698e+02	5.779286e+01	568	6.988349e-01	7.000000e-01	
5.789461e+01	569	9.591247e+01	1.267935e+02	5.789461e+01	569	5.693314e-01	7.000000e-01	
5.799636e+01	570	9.954081e+01	1.799623e+02	5.799636e+01	570	6.438651e-01	7.000000e-01	
5.809811e+01	571	1.073087e+02	1.783645e+02	5.809811e+01	571	6.243655e-01	7.000000e-01	
5.819986e+01	572	1.029570e+02	1.435708e+02	5.819986e+01	572	5.823716e-01	7.000000e-01	
5.830160e+01	573	1.116632e+02	1.777098e+02	5.830160e+01	573	6.141202e-01	7.000000e-01	
5.840335e+01	574	1.088106e+02	1.777497e+02	5.840335e+01	574	6.202872e-01	7.000000e-01	
5.850510e+01	575	9.727018e+01	1.732739e+02	5.850510e+01	575	6.404646e-01	7.000000e-01	
5.860685e+01	576	1.318378e+02	1.774133e+02	5.860685e+01	576	5.736869e-01	7.000000e-01	
5.870860e+01	577	1.079912e+02	1.685548e+02	5.870860e+01	577	6.095000e-01	7.000000e-01	
5.881034e+01	578	1.054165e+02	2.160490e+02	5.881034e+01	578	6.720752e-01	7.000000e-01	
5.891209e+01	579	9.974430e+01	2.165461e+02	5.891209e+01	579	6.846433e-01	7.000000e-01	
5.901384e+01	580	9.919266e+01	2.200330e+02	5.901384e+01	580	6.892710e-01	7.000000e-01	
5.911559e+01	581	1.045951e+02	2.197286e+02	5.911559e+01	581	6.774978e-01	7.000000e-01	
5.921734e+01	582	1.135710e+02	1.857134e+02	5.921734e+01	582	6.205248e-01	7.000000e-01	
5.931908e+01	583	8.765098e+01	1.689056e+02	5.931908e+01	583	6.583561e-01	7.000000e-01	
5.942083e+01	584	1.063551e+02	2.055964e+02	5.942083e+01	584	6.590653e-01	7.000000e-01	
5.952258e+01	585	1.045744e+02	2.047727e+02	5.952258e+01	585	6.619513e-01	7.000000e-01	
5.962433e+01	586	1.033307e+02	2.220557e+02	5.962433e+01	586	6.824369e-01	7.000000e-01	
5.972608e+01	587	1.009758e+02	1.911956e+02	5.972608e+01	587	6.543953e-01	7.000000e-01	
5.982782e+01	588	1.046002e+02	1.947574e+02	5.982782e+01	588	6.505845e-01	7.000000e-01	
5.992957e+01	589	9.856811e+01	2.043157e+02	5.992957e+01	589	6.745679e-01	7.000000e-01	
6.003132e+01	590	1.113183e+02	1.899003e+02	6.003132e+01	590	6.304402e-01	7.000000e-01	
6.013307e+01	591	8.758687e+01	1.998361e+02	6.013307e+01	591	6.952684e-01	7.000000e-01	
6.023482e+01	592	9.957089e+01	1.777558e+02	6.023482e+01	592	6.409617e-01	7.000000e-01	
6.033656e+01	593	9.282582e+01	1.855421e+02	6.033656e+01	593	6.665355e-01	7.000000e-01	
6.043831e+01	594	9.219748e+01	1.866300e+02	6.043831e+01	594	6.693386e-01	7.000000e-01	
6.054006e+01	595	1.000297e+02	2.018674e+02	6.054006e+01	595	6.686629e-01	7.000000e-01	
6.064181e+01	596	1.058880e+02	1.877939e+02	6.064181e+01	596	6.394466e-01	7.000000e-01	
6.074356e+01	597	8.629466e+01	2.171747e+02	6.074356e+01	597	7.156396e-01	7.000000e-01	
6.084530e+01	598	1.093155e+02	1.849429e+02	6.084530e+01	598	6.285051e-01	7.000000e-01	
6.094705e+01	599	8.892690e+01	1.618066e+02	6.094705e+01	599	6.453330e-01	7.000000e-01	
6.104880e+01	600	9.671288e+01	1.987711e+02	6.104880e+01	600	6.726967e-01	7.000000e-01	
6.115055e+01	601	9.801134e+01	1.718099e+02	6.115055e+01	601	6.367545e-01	7.000000e-01	
6.125230e+01	602	6.493371e+01	1.267234e+02	6.125230e+01	602	6.611985e-01	7.000000e-01	
6.135404e+01	603	9.316753e+01	1.727910e+02	6.135404e+01	603	6.496915e-01	7.000000e-01	
6.145579e+01	604	9.627801e+01	1.825117e+02	6.145579e+01	604	6.546572e-01	7.000000e-01	
6.155754e+01	605	9.845440e+01	1.713390e+02	6.155754e+01	605	6.350748e-01	7.000000e-01	
6.165929e+01	606	8.314751e+01	1.647052e+02	6.165929e+01	606	6.645285e-01	7.000000e-01	
6.176104e+01	607	9.863414e+01	1.774374e+02	6.176104e+01	607	6.427225e-01	7.000000e-01	
6.186278e+01	608	9.635956e+01	1.691723e+02	6.186278e+01	608	6.371074e-01	7.000000e-01	
6.196453e+01	609	9.725989e+01	1.800446e+02	6.196453e+01	609	6.492668e-01	7.000000e-01	
6.206628e+01	610	9.796991e+01	2.055559e+02	6.206628e+01	610	6.772271e-01	7.000000e-01	
6.216803e+01	611	8.989171e+01	1.742294e+02	6.216803e+01	611	6.596572e-01	7.000000e-01	
6.226978e+01	612	9.446774e+01	1.664324e+02	6.226978e+01	612	6.379161e-01	7.000000e-01	
6.237152e+01	613	1.036870e+02	1.921380e+02	6.237152e+01	613	6.494989e-01	7.000000e-01	
6.247327e+01	614	9.365497e+01	1.819656e+02	6.247327e+01	614	6.602033e-01	7.000000e-01	
6.257502e+01	615	8.426261e+01	1.750686e+02	6.257502e+01	615	6.750772e-01	7.000000e-01	
6.267677e+01	616	1.021040e+02	1.771022e+02	6.267677e+01	616	6.343061e-01	7.000000e-01	
6.277852e+01	617	8.751645e+01	1.891839e+02	6.277852e+01	617	6.837140e-01	7.000000e-01	
6.288026e+01	618	1.060856e+02	2.071205e+02	6.288026e+01	618	6.612914e-01	7.000000e-01	
6.298201e+01	619	6.944982e+01	1.983376e+02	6.298201e+01	619	7.406532e-01	7.000000e-01	
6.308376e+01	620	6.085374e+01	1.857475e+02	6.308376e+01	620	7.532302e-01	7.000000e-01	
6.318551e+01	621	6.529508e+01	2.005601e+02	6.318551e+01	621	7.543961e-01	7.000000e-01	
6.328726e+01	622	7.570864e+01	1.802001e+02	6.328726e+01	622	7.041577e-01	7.000000e-01	
6.338900e+01	623	6.784925e+01	2.010214e+02	6.338900e+01	623	7.476510e-01	7.000000e-01	
6.349075e+01	624	8.675471e+01	1.959548e+02	6.349075e+01	624	6.931313e-01	7.000000e-01	
6.359250e+01	625	6.951197e+01	2.163046e+02	6.359250e+01	625	7.567952e-01	7.000000e-01	
6.369425e+01	626	6.665132e+01	1.911951e+02	6.369425e+01	626	7.415077e-01	7.000000e-01	
6.379600e+01	627	7.439021e+01	1.977036e+02	6.379600e+01	627	7.266009e-01	7.000000e-01	
6.389774e+01	628	7.143657e+01	1.875672e+02	6.389774e+01	628	7.241871e-01	7.000000e-01	
6.399949e+01	629	7.115637e+01	1.807277e+02	6.399949e+01	629	7.175035e-01	7.000000e-01	
6.410124e+01	630	6.404193e+01	1.964988e+02	6.410124e+01	630	7.541961e-01	7.000000e-01	
6.420299e+01	631	6.798402e+01	1.961735e+02	6.420299e+01	631	7.426383e-01	7.000000e-01	
6.430474e+01	632	8.633175e+01	2.033034e+02	6.430474e+01	632	7.019293e-01	7.000000e-01	
6.440648e+01	633	6.512304e+01	1.600225e+02	6.440648e+01	633	7.107514e-01	7.000000e-01	
6.450823e+01	634	6.283470e+01	1.707654e+02	6.450823e+01	634	7.310160e-01	7.000000e-01	
6.460998e+01	635	7.356315e+01	1.887353e+02	6.460998e+01	635	7.195441e-01	7.000000e-01	
6.471173e+01	636	5.909138e+01	1.828602e+02	6.471173e+01	636	7.557719e-01	7.000000e-01	
6.481348e+01	637	7.044582e+01	1.787143e+02	6.481348e+01	637	7.172669e-01	7.000000e-01	
6.491522e+01	638	6.424014e+01	1.663656e+02	6.491522e+01	638	7.214287e-01	7.000000e-01	
6.501697e+01	639	5.282619e+01	2.070836e+02	6.501697e+01	639	7.967518e-01	7.000000e-01	
6.511872e+01	640	5.456141e+01	1.865060e+02	6.511872e+01	640	7.736674e-01	7.000000e-01	
6.522047e+01	641	5.456597e+01	1.729765e+02	6.522047e+01	641	7.601943e-01	7.000000e-01	
6.532222e+01	642	7.101771e+01	1.660369e+02	6.532222e+01	642	7.004162e-01	7.000000e-01	
6.542396e+01	643	5.158367e+01	1.977153e+02	6.542396e+01	643	7.930851e-01	7.000000e-01	
6.552571e+01	644	6.783110e+01	2.019084e+02	6.552571e+01	644	7.485311e-01	7.000000e-01	
6.562746e+01	645	7.260406e+01	1.713795e+02	6.562746e+01	645	7.024223e-01	7.000000e-01	
6.572921e+01	646	7.368214e+01	1.711351e+02	6.572921e+01	646	6.990321e-01	7.000000e-01	
6.583096e+01	647	6.359979e+01	1.861620e+02	6.583096e+01	647	7.453582e-01	7.000000e-01	
6.593270e+01	648	5.828421e+01	1.696213e+02	6.593270e+01	648	7.442615e-01	7.000000e-01	
6.603445e+01	649	7.386658e+01	1.822274e+02	6.603445e+01	649	7.115646e-01	7.000000e-01	
6.613620e+01	650	6.627503e+01	1.816509e+02	6.613620e+01	650	7.326821e-01	7.000000e-01	
6.623795e+01	651	6.827117e+01	1.687928e+02	6.623795e+01	651	7.120137e-01	7.000000e-01	
6.633970e+01	652	5.342442e+01	1.556245e+02	6.633970e+01	652	7.444406e-01	7.000000e-01	
6.644144e+01	653	7.456147e+01	1.770676e+02	6.644144e+01	653	7.036850e-01	7.000000e-01	
6.654319e+01	654	5.897612e+01	2.355945e+02	6.654319e+01	654	7.997895e-01	7.000000e-01	
6.664494e+01	655	7.281782e+01	1.837305e+02	6.664494e+01	655	7.161633e-01	7.000000e-01	
6.674669e+01	656	7.156772e+01	1.834627e+02	6.674669e+01	656	7.193758e-01	7.000000e-01	
6.684844e+01	657	6.754683e+01	1.788461e+02	6.684844e+01	657	7.258573e-01	7.000000e-01	
6.695018e+01	658	6.414970e+01	1.837046e+02	6.695018e+01	658	7.411798e-01	7.000000e-01	
6.705193e+01	659	7.184184e+01	1.642870e+02	6.705193e+01	659	6.957515e-01	7.000000e-01	
6.715368e+01	660	7.094622e+01	1.472320e+02	6.715368e+01	660	6.748245e-01	7.000000e-01	
6.725543e+01	661	6.789454e+01	1.762745e+02	6.725543e+01	661	7.219363e-01	7.000000e-01	
6.735718e+01	662	8.622297e+01	1.490878e+02	6.735718e+01	662	6.335783e-01	7.000000e-01	
6.745892e+01	663	7.164459e+01	1.842163e+02	6.745892e+01	663	7.199862e-01	7.000000e-01	
6.756067e+01	664	7.702902e+01	1.689876e+02	6.756067e+01	664	6.868951e-01	7.000000e-01	
6.766242e+01	665	7.233750e+01	1.372311e+02	6.766242e+01	665	6.548266e-01	7.000000e-01	
6.776417e+01	666	7.797085e+01	1.668127e+02	6.776417e+01	666	6.814702e-01	7.000000e-01	
6.786592e+01	667	7.889463e+01	1.499549e+02	6.786592e+01	667	6.552554e-01	7.000000e-01	
6.796766e+01	668	7.311754e+01	1.353970e+02	6.796766e+01	668	6.493408e-01	7.000000e-01	
6.806941e+01	669	8.419576e+01	1.366828e+02	6.806941e+01	669	6.188142e-01	7.000000e-01	
6.817116e+01	670	7.037466e+01	1.677044e+02	6.817116e+01	670	7.044063e-01	7.000000e-01	
6.827291e+01	671	8.634865e+01	1.448626e+02	6.827291e+01	671	6.265379e-01	7.000000e-01	
6.837466e+01	672	6.283977e+01	1.579848e+02	6.837466e+01	672	7.154313e-01	7.000000e-01	
6.847640e+01	673	7.583451e+01	1.979205e+02	6.847640e+01	673	7.229840e-01	7.000000e-01	
6.857815e+01	674	6.654657e+01	1.679436e+02	6.857815e+01	674	7.162074e-01	7.000000e-01	
6.867990e+01	675	7.082493e+01	1.814057e+02	6.867990e+01	675	7.192057e-01	7.000000e-01	
6.878165e+01	676	7.935410e+01	1.692851e+02	6.878165e+01	676	6.808464e-01	7.000000e-01	
6.888340e+01	677	6.948366e+01	1.531043e+02	6.888340e+01	677	6.878373e-01	7.000000e-01	
6.898514e+01	678	6.420034e+01	1.697310e+02	6.898514e+01	678	7.255590e-01	7.000000e-01	
6.908689e+01	679	6.395909e+01	1.740646e+02	6.908689e+01	679	7.312911e-01	7.000000e-01	
6.918864e+01	680	6.842905e+01	1.896939e+02	6.918864e+01	680	7.348975e-01	7.000000e-01	
6.929039e+01	681	6.761896e+01	1.586908e+02	6.929039e+01	681	7.012106e-01	7.000000e-01	
6.939214e+01	682	6.827945e+01	1.554791e+02	6.939214e+01	682	6.948521e-01	7.000000e-01	
6.949388e+01	683	5.721826e+01	1.241032e+02	6.949388e+01	683	6.844375e-01	7.000000e-01	
6.959563e+01	684	6.960850e+01	1.692877e+02	6.959563e+01	684	7.086245e-01	7.000000e-01	
6.969738e+01	685	6.387672e+01	1.294056e+02	6.969738e+01	685	6.695160e-01	7.000000e-01	
6.979913e+01	686	5.789583e+01	1.261640e+02	6.979913e+01	686	6.854510e-01	7.000000e-01	
6.990088e+01	687	7.372424e+01	1.591783e+02	6.990088e+01	687	6.834545e-01	7.000000e-01	
7.000262e+01	688	7.610165e+01	2.403292e+02	7.000262e+01	688	7.594999e-01	7.000000e-01	
7.010437e+01	689	7.518225e+01	1.668790e+02	7.010437e+01	689	6.894082e-01	7.000000e-01	
7.020612e+01	690	6.923596e+01	1.768116e+02	7.020612e+01	690	7.186074e-01	7.000000e-01	
7.030787e+01	691	6.854677e+01	1.589852e+02	7.030787e+01	691	6.987379e-01	7.000000e-01	
7.040962e+01	692	6.744979e+01	1.470837e+02	7.040962e+01	692	6.855979e-01	7.000000e-01	
7.051136e+01	693	7.787291e+01	1.869970e+02	7.051136e+01	693	7.059956e-01	7.000000e-01	
7.061311e+01	694	8.915617e+01	1.820830e+02	7.061311e+01	694	6.713005e-01	7.000000e-01	
7.071486e+01	695	7.022547e+01	1.376033e+02	7.071486e+01	695	6.620994e-01	7.000000e-01	
7.081661e+01	696	6.050570e+01	1.239110e+02	7.081661e+01	696	6.719077e-01	7.000000e-01	
7.091836e+01	697	6.834789e+01	1.618216e+02	7.091836e+01	697	7.030541e-01	7.000000e-01	
7.102010e+01	698	6.454289e+01	1.573865e+02	7.102010e+01	698	7.091738e-01	7.000000e-01	
7.112185e+01	699	7.586522e+01	1.259279e+02	7.112185e+01	699	6.240446e-01	7.000000e-01	
7.122360e+01	700	8.802457e+01	1.224364e+02	7.122360e+01	700	5.817535e-01	7.000000e-01	
7.132535e+01	701	7.955600e+01	1.376437e+02	7.132535e+01	701	6.337196e-01	7.000000e-01	
7.142710e+01	702	8.922772e+01	1.102790e+02	7.142710e+01	702	5.527583e-01	7.000000e-01	
7.152884e+01	703	8.876784e+01	1.267459e+02	7.152884e+01	703	5.881105e-01	7.000000e-01	
7.163059e+01	704	6.732428e+01	1.292414e+02	7.163059e+01	704	6.574973e-01	7.000000e-01	
7.173234e+01	705	8.030336e+01	1.297454e+02	7.173234e+01	705	6.176918e-01	7.000000e-01	
7.183409e+01	706	6.891237e+01	1.368995e+02	7.183409e+01	706	6.651681e-01	7.000000e-01	
7.193584e+01	707	7.783430e+01	1.303914e+02	7.193584e+01	707	6.262022e-01	7.000000e-01	
7.203758e+01	708	8.389581e+01	1.273545e+02	7.203758e+01	708	6.028607e-01	7.000000e-01	
7.213933e+01	709	8.287355e+01	1.493545e+02	7.213933e+01	709	6.431372e-01	7.000000e-01	
7.224108e+01	710	8.775619e+01	1.370351e+02	7.224108e+01	710	6.096104e-01	7.000000e-01	
7.234283e+01	711	1.035203e+02	1.522709e+02	7.234283e+01	711	5.952937e-01	7.000000e-01	
7.244458e+01	712	6.793210e+01	1.239287e+02	7.244458e+01	712	6.459303e-01	7.000000e-01	
7.254632e+01	713	6.696510e+01	1.385569e+02	7.254632e+01	713	6.741706e-01	7.000000e-01	
7.264807e+01	714	7.402272e+01	1.650663e+02	7.264807e+01	714	6.903968e-01	7.000000e-01	
7.274982e+01	715	8.088130e+01	1.461204e+02	7.274982e+01	715	6.436974e-01	7.000000e-01	
7.285157e+01	716	7.582284e+01	1.370638e+02	7.285157e+01	716	6.438347e-01	7.000000e-01	
7.295332e+01	717	8.170314e+01	1.392625e+02	7.295332e+01	717	6.302450e-01	7.000000e-01	
7.305506e+01	718	7.511733e+01	1.476675e+02	7.305506e+01	718	6.628257e-01	7.000000e-01	
7.315681e+01	719	7.227876e+01	1.384363e+02	7.315681e+01	719	6.569834e-01	7.000000e-01	
7.325856e+01	720	7.367205e+01	1.387117e+02	7.325856e+01	720	6.531182e-01	7.000000e-01	
7.336031e+01	721	7.393935e+01	1.234026e+02	7.336031e+01	721	6.253237e-01	7.000000e-01	
7.346206e+01	722	5.756718e+01	1.241581e+02	7.346206e+01	722	6.832186e-01	7.000000e-01	
7.356380e+01	723	8.266272e+01	1.434391e+02	7.356380e+01	723	6.344005e-01	7.000000e-01	
7.366555e+01	724	7.912107e+01	1.312876e+02	7.366555e+01	724	6.239648e-01	7.000000e-01	
7.376730e+01	725	5.915623e+01	1.676615e+02	7.376730e+01	725	7.391905e-01	7.000000e-01	
7.386905e+01	726	7.031053e+01	1.305114e+02	7.386905e+01	726	6.498862e-01	7.000000e-01	
7.397080e+01	727	4.133347e+01	1.385983e+02	7.397080e+01	727	7.702825e-01	7.000000e-01	
7.407254e+01	728	9.387143e+01	1.910389e+02	7.407254e+01	728	6.705229e-01	7.000000e-01	
7.417429e+01	729	6.626739e+01	1.318567e+02	7.417429e+01	729	6.655258e-01	7.000000e-01	
7.427604e+01	730	9.117903e+01	1.829336e+02	7.427604e+01	730	6.673665e-01	7.000000e-01	
7.437779e+01	731	8.983135e+01	1.820368e+02	7.437779e+01	731	6.695775e-01	7.000000e-01	
7.447954e+01	732	8.482425e+01	1.690794e+02	7.447954e+01	732	6.659195e-01	7.000000e-01	
7.458128e+01	733	9.906453e+01	2.057427e+02	7.458128e+01	733	6.749928e-01	7.000000e-01	
7.468303e+01	734	8.902495e+01	1.695088e+02	7.468303e+01	734	6.556544e-01	7.000000e-01	
7.478478e+01	735	7.757388e+01	1.517201e+02	7.478478e+01	735	6.616837e-01	7.000000e-01	
7.488653e+01	736	7.930822e+01	1.595761e+02	7.488653e+01	736	6.680058e-01	7.000000e-01	
7.498828e+01	737	8.283253e+01	1.599628e+02	7.498828e+01	737	6.588380e-01	7.000000e-01	
7.509002e+01	738	9.186205e+01	1.768417e+02	7.509002e+01	738	6.581289e-01	7.000000e-01	
7.519177e+01	739	7.415778e+01	1.633764e+02	7.519177e+01	739	6.878016e-01	7.000000e-01	
7.529352e+01	740	6.820800e+01	1.640187e+02	7.529352e+01	740	7.062870e-01	7.000000e-01	
7.539527e+01	741	7.023599e+01	1.803973e+02	7.539527e+01	741	7.197659e-01	7.000000e-01	
7.549702e+01	742	8.774995e+01	1.566593e+02	7.549702e+01	742	6.409712e-01	7.000000e-01	
7.559876e+01	743	8.009074e+01	1.644468e+02	7.559876e+01	743	6.724808e-01	7.000000e-01	
7.570051e+01	744	6.601544e+01	1.841522e+02	7.570051e+01	744	7.361152e-01	7.000000e-01	
7.580226e+01	745	6.320362e+01	1.682837e+02	7.580226e+01	745	7.269672e-01	7.000000e-01	
7.590401e+01	746	7.165075e+01	1.575121e+02	7.590401e+01	746	6.873370e-01	7.000000e-01	
7.600576e+01	747	5.857629e+01	2.207215e+02	7.600576e+01	747	7.902730e-01	7.000000e-01	
7.610750e+01	748	5.959452e+01	1.852813e+02	7.610750e+01	748	7.566337e-01	7.000000e-01	
7.620925e+01	749	5.946880e+01	1.898797e+02	7.620925e+01	749	7.615033e-01	7.000000e-01	
7.631100e+01	750	6.515379e+01	1.201475e+02	7.631100e+01	750	6.483900e-01	7.000000e-01	
7.641275e+01	751	6.657727e+01	1.177575e+02	7.641275e+01	751	6.388241e-01	7.000000e-01	
7.651450e+01	752	6.252619e+01	1.253921e+02	7.651450e+01	752	6.672693e-01	7.000000e-01	
7.661624e+01	753	6.671468e+01	1.187606e+02	7.661624e+01	753	6.403042e-01	7.000000e-01	
7.671799e+01	754	7.199571e+01	1.072214e+02	7.671799e+01	754	5.982766e-01	7.000000e-01	
7.681974e+01	755	7.825325e+01	1.112810e+02	7.681974e+01	755	5.871287e-01	7.000000e-01	
7.692149e+01	756	6.308812e+01	1.171147e+02	7.692149e+01	756	6.499049e-01	7.000000e-01	
7.702324e+01	757	6.914215e+01	1.835259e+02	7.702324e+01	757	7.263518e-01	7.000000e-01	
7.712498e+01	758	6.514434e+01	1.563359e+02	7.712498e+01	758	7.058684e-01	7.000000e-01	
7.722673e+01	759	7.235234e+01	2.088771e+02	7.722673e+01	759	7.427284e-01	7.000000e-01	
7.732848e+01	760	6.248194e+01	1.481850e+02	7.732848e+01	760	7.034089e-01	7.000000e-01	
7.743023e+01	761	6.715040e+01	1.775108e+02	7.743023e+01	761	7.255372e-01	7.000000e-01	
7.753198e+01	762	5.808207e+01	1.245683e+02	7.753198e+01	762	6.820041e-01	7.000000e-01	
7.763372e+01	763	6.092424e+01	1.340088e+02	7.763372e+01	763	6.874607e-01	7.000000e-01	
7.773547e+01	764	5.796039e+01	1.417788e+02	7.773547e+01	764	7.098196e-01	7.000000e-01	
7.783722e+01	765	6.131425e+01	1.469215e+02	7.783722e+01	765	7.055537e-01	7.000000e-01	
7.793897e+01	766	5.841860e+01	1.591763e+02	7.793897e+01	766	7.315259e-01	7.000000e-01	
7.804072e+01	767	6.563588e+01	1.541790e+02	7.804072e+01	767	7.014038e-01	7.000000e-01	
7.814246e+01	768	5.733032e+01	1.070440e+02	7.814246e+01	768	6.512209e-01	7.000000e-01	
7.824421e+01	769	5.309059e+01	1.425634e+02	7.824421e+01	769	7.286506e-01	7.000000e-01	
7.834596e+01	770	5.436416e+01	1.527199e+02	7.834596e+01	770	7.374778e-01	7.000000e-01	
7.844771e+01	771	5.124382e+01	1.463760e+02	7.844771e+01	771	7.406949e-01	7.000000e-01	
7.854946e+01	772	6.223725e+01	1.406167e+02	7.854946e+01	772	6.931918e-01	7.000000e-01	
7.865120e+01	773	5.460285e+01	1.324753e+02	7.865120e+01	773	7.081281e-01	7.000000e-01	
7.875295e+01	774	6.150237e+01	1.474738e+02	7.875295e+01	774	7.056967e-01	7.000000e-01	
7.885470e+01	775	5.720335e+01	1.394744e+02	7.885470e+01	775	7.091519e-01	7.000000e-01	
7.895645e+01	776	7.051889e+01	1.436248e+02	7.895645e+01	776	6.706936e-01	7.000000e-01	
7.905820e+01	777	5.161210e+01	1.528393e+02	7.905820e+01	777	7.475581e-01	7.000000e-01	
7.915994e+01	778	4.597577e+01	1.403405e+02	7.915994e+01	778	7.532380e-01	7.000000e-01	
7.926169e+01	779	5.865718e+01	1.080183e+02	7.926169e+01	779	6.480755e-01	7.000000e-01	
7.936344e+01	780	6.303281e+01	1.358586e+02	7.936344e+01	780	6.830793e-01	7.000000e-01	
7.946519e+01	781	5.054428e+01	1.412477e+02	7.946519e+01	781	7.364630e-01	7.000000e-01	
7.956694e+01	782	5.864430e+01	1.303413e+02	7.956694e+01	782	6.896891e-01	7.000000e-01	
7.966868e+01	783	6.138798e+01	1.337189e+02	7.966868e+01	783	6.853623e-01	7.000000e-01	
7.977043e+01	784	6.343933e+01	1.353040e+02	7.977043e+01	784	6.807977e-01	7.000000e-01	
7.987218e+01	785	3.889740e+01	1.493062e+02	7.987218e+01	785	7.933228e-01	7.000000e-01	
7.997393e+01	786	5.983586e+01	1.353464e+02	7.997393e+01	786	6.934360e-01	7.000000e-01	
8.007568e+01	787	6.010354e+01	1.207328e+02	8.007568e+01	787	6.676357e-01	7.000000e-01	
8.017742e+01	788	8.281548e+01	1.087316e+02	8.017742e+01	788	5.676495e-01	7.000000e-01	
8.027917e+01	789	5.201674e+01	1.315621e+02	8.027917e+01	789	7.166518e-01	7.000000e-01	
8.038092e+01	790	6.105664e+01	1.389451e+02	8.038092e+01	790	6.947195e-01	7.000000e-01	
8.048267e+01	791	6.456026e+01	1.692053e+02	8.048267e+01	791	7.238248e-01	7.000000e-01	
8.058442e+01	792	7.423182e+01	1.391501e+02	8.058442e+01	792	6.521176e-01	7.000000e-01	
8.068616e+01	793	6.390969e+01	1.404168e+02	8.068616e+01	793	6.872178e-01	7.000000e-01	
8.078791e+01	794	6.610758e+01	2.149555e+02	8.078791e+01	794	7.647945e-01	7.000000e-01	
8.088966e+01	795	5.899971e+01	1.386953e+02	8.088966e+01	795	7.015620e-01	7.000000e-01	
8.099141e+01	796	6.391624e+01	1.391067e+02	8.099141e+01	796	6.851773e-01	7.000000e-01	
8.109316e+01	797	7.230401e+01	1.613682e+02	8.109316e+01	797	6.905751e-01	7.000000e-01	
8.119490e+01	798	7.384302e+01	1.606373e+02	8.119490e+01	798	6.850780e-01	7.000000e-01	
8.129665e+01	799	7.802865e+01	1.280171e+02	8.129665e+01	799	6.213042e-01	7.000000e-01	
8.139840e+01	800	3.933504e+01	1.286438e+02	8.139840e+01	800	7.658334e-01	7.000000e-01	
8.150015e+01	801	7.595551e+01	1.210210e+02	8.150015e+01	801	6.143931e-01	7.000000e-01	
8.160190e+01	802	8.396765e+01	1.551756e+02	8.160190e+01	802	6.488814e-01	7.000000e-01	
8.170364e+01	803	6.731537e+01	1.430066e+02	8.170364e+01	803	6.799413e-01	7.000000e-01	
8.180539e+01	804	7.259118e+01	1.118784e+02	8.180539e+01	804	6.064870e-01	7.000000e-01	
8.190714e+01	805	7.753998e+01	1.090202e+02	8.190714e+01	805	5.843701e-01	7.000000e-01	
8.200889e+01	806	7.529858e+01	1.143056e+02	8.200889e+01	806	6.028643e-01	7.000000e-01	
8.211064e+01	807	7.257802e+01	1.118167e+02	8.211064e+01	807	6.063986e-01	7.000000e-01	
8.221238e+01	808	7.670371e+01	1.079534e+02	8.221238e+01	808	5.846155e-01	7.000000e-01	
8.231413e+01	809	7.698739e+01	1.346248e+02	8.231413e+01	809	6.361864e-01	7.000000e-01	
8.241588e+01	810	7.893880e+01	1.237450e+02	8.241588e+01	810	6.105323e-01	7.000000e-01	
8.251763e+01	811	9.652862e+01	1.271410e+02	8.251763e+01	811	5.684321e-01	7.000000e-01	
8.261938e+01	812	9.607158e+01	1.520426e+02	8.261938e+01	812	6.127929e-01	7.000000e-01	
8.272112e+01	813	7.261539e+01	1.334912e+02	8.272112e+01	813	6.476804e-01	7.000000e-01	
8.282287e+01	814	7.826859e+01	1.306066e+02	8.282287e+01	814	6.252854e-01	7.000000e-01	
8.292462e+01	815	7.494165e+01	1.607325e+02	8.292462e+01	815	6.820116e-01	7.000000e-01	
8.302637e+01	816	7.937599e+01	1.343493e+02	8.302637e+01	816	6.286074e-01	7.000000e-01	
8.312812e+01	817	7.253139e+01	1.315857e+02	8.312812e+01	817	6.446579e-01	7.000000e-01	
8.322986e+01	818	7.257567e+01	1.320138e+02	8.322986e+01	818	6.452619e-01	7.000000e-01	
8.333161e+01	819	7.531861e+01	1.285879e+02	8.333161e+01	819	6.306218e-01	7.000000e-01	
8.343336e+01	820	8.817841e+01	1.705441e+02	8.343336e+01	820	6.591777e-01	7.000000e-01	
8.353511e+01	821	7.824062e+01	1.400819e+02	8.353511e+01	821	6.416283e-01	7.000000e-01	
8.363686e+01	822	7.801479e+01	1.649426e+02	8.363686e+01	822	6.788952e-01	7.000000e-01	
8.373860e+01	823	7.320712e+01	1.922980e+02	8.373860e+01	823	7.242723e-01	7.000000e-01	
8.384035e+01	824	5.431291e+01	1.884623e+02	8.384035e+01	824	7.762831e-01	7.000000e-01	
8.394210e+01	825	7.646472e+01	1.373871e+02	8.394210e+01	825	6.424406e-01	7.000000e-01	
8.404385e+01	826	1.436857e+02	1.790114e+02	8.404385e+01	826	5.547351e-01	7.000000e-01	
8.414560e+01	827	7.557195e+01	1.222184e+02	8.414560e+01	827	6.179189e-01	7.000000e-01	
8.424734e+01	828	7.409996e+01	1.219234e+02	8.424734e+01	828	6.219840e-01	7.000000e-01	
8.434909e+01	829	8.758183e+01	1.565268e+02	8.434909e+01	829	6.412178e-01	7.000000e-01	
8.445084e+01	830	6.841972e+01	1.185480e+02	8.445084e+01	830	6.340560e-01	7.000000e-01	
8.455259e+01	831	8.233858e+01	1.253422e+02	8.455259e+01	831	6.035330e-01	7.000000e-01	
8.465434e+01	832	6.394230e+01	1.027773e+02	8.465434e+01	832	6.164680e-01	7.000000e-01	
8.475608e+01	833	7.868283e+01	1.144490e+02	8.475608e+01	833	5.925952e-01	7.000000e-01	
8.485783e+01	834	8.282741e+01	1.582307e+02	8.485783e+01	834	6.564006e-01	7.000000e-01	
8.495958e+01	835	5.610511e+01	1.559676e+02	8.495958e+01	835	7.354440e-01	7.000000e-01	
8.506133e+01	836	5.264786e+01	1.647231e+02	8.506133e+01	836	7.577972e-01	7.000000e-01	
8.516308e+01	837	8.366313e+01	1.582777e+02	8.516308e+01	837	6.542000e-01	7.000000e-01	
8.526482e+01	838	6.271238e+01	1.738304e+02	8.526482e+01	838	7.348793e-01	7.000000e-01	
8.536657e+01	839	6.589145e+01	1.410748e+02	8.536657e+01	839	6.816319e-01	7.000000e-01	
8.546832e+01	840	5.370537e+01	1.863220e+02	8.546832e+01	840	7.762531e-01	7.000000e-01	
8.557007e+01	841	4.785402e+01	2.018658e+02	8.557007e+01	841	8.083692e-01	7.000000e-01	
8.567182e+01	842	3.815972e+01	2.236876e+02	8.567182e+01	842	8.542673e-01	7.000000e-01	
8.577356e+01	843	5.955833e+01	1.566647e+02	8.577356e+01	843	7.245514e-01	7.000000e-01	
8.587531e+01	844	5.898790e+01	1.670499e+02	8.587531e+01	844	7.390352e-01	7.000000e-01	
8.597706e+01	845	4.895125e+01	1.918638e+02	8.597706e+01	845	7.967268e-01	7.000000e-01	
8.607881e+01	846	5.379427e+01	1.710639e+02	8.607881e+01	846	7.607636e-01	7.000000e-01	
8.618056e+01	847	8.290654e+01	1.385657e+02	8.618056e+01	847	6.256572e-01	7.000000e-01	
8.628230e+01	848	4.709024e+01	1.901781e+02	8.628230e+01	848	8.015317e-01	7.000000e-01	
8.638405e+01	849	4.948806e+01	1.769293e+02	8.638405e+01	849	7.814299e-01	7.000000e-01	
8.648580e+01	850	4.491498e+01	1.962535e+02	8.648580e+01	850	8.137610e-01	7.000000e-01	
8.658755e+01	851	2.509037e+01	2.047175e+02	8.658755e+01	851	8.908202e-01	7.000000e-01	
8.668930e+01	852	5.097659e+01	1.618640e+02	8.668930e+01	852	7.604940e-01	7.000000e-01	
8.679104e+01	853	7.172012e+01	1.652753e+02	8.679104e+01	853	6.973776e-01	7.000000e-01	
8.689279e+01	854	6.656307e+01	1.700659e+02	8.689279e+01	854	7.187028e-01	7.000000e-01	
8.699454e+01	855	5.622520e+01	1.687515e+02	8.699454e+01	855	7.500843e-01	7.000000e-01	
8.709629e+01	856	5.826026e+01	1.896794e+02	8.709629e+01	856	7.650224e-01	7.000000e-01	
8.719804e+01	857	6.477806e+01	1.585927e+02	8.719804e+01	857	7.099976e-01	7.000000e-01	
8.729978e+01	858	7.124671e+01	1.436215e+02	8.729978e+01	858	6.684167e-01	7.000000e-01	
8.740153e+01	859	7.145498e+01	1.426275e+02	8.740153e+01	859	6.662269e-01	7.000000e-01	
8.750328e+01	860	6.382454e+01	1.623822e+02	8.750328e+01	860	7.178486e-01	7.000000e-01	
8.760503e+01	861	7.074080e+01	1.577365e+02	8.760503e+01	861	6.903815e-01	7.000000e-01	
8.770678e+01	862	8.124917e+01	1.675134e+02	8.770678e+01	862	6.733867e-01	7.000000e-01	
8.780852e+01	863	6.635060e+01	1.390140e+02	8.780852e+01	863	6.769132e-01	7.000000e-01	
8.791027e+01	864	6.929669e+01	1.380255e+02	8.791027e+01	864	6.657536e-01	7.000000e-01	
8.801202e+01	865	6.770250e+01	1.314319e+02	8.801202e+01	865	6.600160e-01	7.000000e-01	
8.811377e+01	866	6.132957e+01	1.499969e+02	8.811377e+01	866	7.097876e-01	7.000000e-01	
8.821552e+01	867	7.508401e+01	9.354417e+01	8.821552e+01	867	5.547363e-01	7.000000e-01	
8.831726e+01	868	8.060227e+01	1.181141e+02	8.831726e+01	868	5.943854e-01	7.000000e-01	
8.841901e+01	869	6.041551e+01	1.945832e+02	8.841901e+01	869	7.630752e-01	7.000000e-01	
8.852076e+01	870	5.848081e+01	1.982560e+02	8.852076e+01	870	7.722149e-01	7.000000e-01	
8.862251e+01	871	8.332353e+01	2.310885e+02	8.862251e+01	871	7.349862e-01	7.000000e-01	
8.872426e+01	872	4.743421e+01	1.337781e+02	8.872426e+01	872	7.382396e-01	7.000000e-01	
8.882600e+01	873	6.451484e+01	1.548036e+02	8.882600e+01	873	7.058394e-01	7.000000e-01	
8.892775e+01	874	6.300398e+01	1.464716e+02	8.892775e+01	874	6.992300e-01	7.000000e-01	
8.902950e+01	875	4.581638e+01	1.326941e+02	8.902950e+01	875	7.433407e-01	7.000000e-01	
8.913125e+01	876	6.698330e+01	1.533921e+02	8.913125e+01	876	6.960491e-01	7.000000e-01	
8.923300e+01	877	6.274702e+01	1.618150e+02	8.923300e+01	877	7.205804e-01	7.000000e-01	
8.933474e+01	878	6.063529e+01	1.564251e+02	8.933474e+01	878	7.206524e-01	7.000000e-01	
8.943649e+01	879	6.596972e+01	1.445914e+02	8.943649e+01	879	6.866956e-01	7.000000e-01	
8.953824e+01	880	4.981829e+01	1.222048e+02	8.953824e+01	880	7.103977e-01	7.000000e-01	
8.963999e+01	881	7.255165e+01	1.668341e+02	8.963999e+01	881	6.969258e-01	7.000000e-01	
8.974174e+01	882	7.058200e+01	1.420101e+02	8.974174e+01	882	6.679933e-01	7.000000e-01	
8.984348e+01	883	7.274952e+01	1.864538e+02	8.984348e+01	883	7.193342e-01	7.000000e-01	
8.994523e+01	884	7.091662e+01	1.801078e+02	8.994523e+01	884	7.174912e-01	7.000000e-01	
9.004698e+01	885	8.629410e+01	1.777440e+02	9.004698e+01	885	6.731756e-01	7.000000e-01	
9.014873e+01	886	7.199369e+01	1.704608e+02	9.014873e+01	886	7.030631e-01	7.000000e-01	
9.025048e+01	887	7.315761e+01	1.600614e+02	9.025048e+01	887	6.863137e-01	7.000000e-01	
9.035222e+01	888	6.195344e+01	2.055844e+02	9.035222e+01	888	7.684311e-01	7.000000e-01	
9.045397e+01	889	5.684345e+01	2.062115e+02	9.045397e+01	889	7.839104e-01	7.000000e-01	
9.055572e+01	890	6.158022e+01	1.961480e+02	9.055572e+01	890	7.610653e-01	7.000000e-01	
9.065747e+01	891	7.079280e+01	1.776972e+02	9.065747e+01	891	7.151081e-01	7.000000e-01	
9.075922e+01	892	6.525107e+01	1.859418e+02	9.075922e+01	892	7.402352e-01	7.000000e-01	
9.086096e+01	893	6.577184e+01	1.888087e+02	9.086096e+01	893	7.416462e-01	7.000000e-01	
9.096271e+01	894	6.234602e+01	2.305822e+02	9.096271e+01	894	7.871628e-01	7.000000e-01	
9.106446e+01	895	4.960417e+01	2.211493e+02	9.106446e+01	895	8.167921e-01	7.000000e-01	
9.116621e+01	896	7.919611e+01	1.345725e+02	9.116621e+01	896	6.295241e-01	7.000000e-01	
9.126796e+01	897	7.931138e+01	1.654504e+02	9.126796e+01	897	6.759650e-01	7.000000e-01	
9.136970e+01	898	8.230833e+01	1.613502e+02	9.136970e+01	898	6.621980e-01	7.000000e-01	
9.147145e+01	899	6.997848e+01	1.741593e+02	9.147145e+01	899	7.133648e-01	7.000000e-01	
9.157320e+01	900	6.488556e+01	1.840588e+02	9.157320e+01	900	7.393572e-01	7.000000e-01	
9.167495e+01	901	7.900208e+01	1.350874e+02	9.167495e+01	901	6.309857e-01	7.000000e-01	
9.177670e+01	902	7.831319e+01	1.411820e+02	9.177670e+01	902	6.432123e-01	7.000000e-01	
9.187844e+01	903	5.428947e+01	1.707490e+02	9.187844e+01	903	7.587547e-01	7.000000e-01	
9.198019e+01	904	4.530056e+01	1.644843e+02	9.198019e+01	904	7.840618e-01	7.000000e-01	
9.208194e+01	905	3.988321e+01	1.783037e+02	9.208194e+01	905	8.172062e-01	7.000000e-01	
9.218369e+01	906	5.602034e+01	1.622084e+02	9.218369e+01	906	7.432953e-01	7.000000e-01	
9.228544e+01	907	6.215095e+01	1.666379e+02	9.228544e+01	907	7.283480e-01	7.000000e-01	
9.238718e+01	908	3.166355e+01	1.574876e+02	9.238718e+01	908	8.326019e-01	7.000000e-01	
9.248893e+01	909	6.271587e+01	1.736616e+02	9.248893e+01	909	7.346792e-01	7.000000e-01	
9.259068e+01	910	6.910780e+01	1.468283e+02	9.259068e+01	910	6.799618e-01	7.000000e-01	
9.269243e+01	911	4.303278e+01	1.804717e+02	9.269243e+01	911	8.074635e-01	7.000000e-01	
9.279418e+01	912	5.922460e+01	1.754583e+02	9.279418e+01	912	7.476399e-01	7.000000e-01	
9.289592e+01	913	5.853041e+01	1.283963e+02	9.289592e+01	913	6.868804e-01	7.000000e-01	
9.299767e+01	914	7.353493e+01	1.305697e+02	9.299767e+01	914	6.397194e-01	7.000000e-01	
9.309942e+01	915	6.181947e+01	1.439837e+02	9.309942e+01	915	6.996185e-01	7.000000e-01	
9.320117e+01	916	6.308233e+01	1.373601e+02	9.320117e+01	916	6.852845e-01	7.000000e-01	
9.330292e+01	917	6.745697e+01	1.375113e+02	9.330292e+01	917	6.708907e-01	7.000000e-01	
9.340466e+01	918	6.489085e+01	1.382995e+02	9.340466e+01	918	6.806401e-01	7.000000e-01	
9.350641e+01	919	5.279618e+01	1.533641e+02	9.350641e+01	919	7.439071e-01	7.000000e-01	
9.360816e+01	920	6.463265e+01	1.407579e+02	9.360816e+01	920	6.853183e-01	7.000000e-01	
9.370991e+01	921	6.784795e+01	1.345303e+02	9.370991e+01	921	6.647468e-01	7.000000e-01	
9.381166e+01	922	6.124510e+01	1.338120e+02	9.381166e+01	922	6.860145e-01	7.000000e-01	
9.391340e+01	923	5.990738e+01	1.323786e+02	9.391340e+01	923	6.884464e-01	7.000000e-01	
9.401515e+01	924	6.945009e+01	1.374069e+02	9.401515e+01	924	6.642604e-01	7.000000e-01	
9.411690e+01	925	7.646169e+01	1.323059e+02	9.411690e+01	925	6.337473e-01	7.000000e-01	
9.421865e+01	926	4.143312e+01	1.397375e+02	9.421865e+01	926	7.713033e-01	7.000000e-01	
9.432040e+01	927	9.089905e+01	8.214475e+01	9.432040e+01	927	4.747050e-01	7.000000e-01	
9.442214e+01	928	7.106578e+01	1.376021e+02	9.442214e+01	928	6.594311e-01	7.000000e-01	
9.452389e+01	929	7.494152e+01	9.461247e+01	9.452389e+01	929	5.580079e-01	7.000000e-01	
9.462564e+01	930	7.771343e+01	1.498718e+02	9.462564e+01	930	6.585304e-01	7.000000e-01	
9.472739e+01	931	7.617135e+01	1.556617e+02	9.472739e+01	931	6.714388e-01	7.000000e-01	
9.482914e+01	932	7.003593e+01	1.285738e+02	9.482914e+01	932	6.473691e-01	7.000000e-01	
9.493088e+01	933	7.359469e+01	1.253993e+02	9.493088e+01	933	6.301663e-01	7.000000e-01	
9.503263e+01	934	7.388377e+01	1.526738e+02	9.503263e+01	934	6.738852e-01	7.000000e-01	
9.513438e+01	935	8.041305e+01	1.680307e+02	9.513438e+01	935	6.763330e-01	7.000000e-01	
9.523613e+01	936	7.328222e+01	1.649570e+02	9.523613e+01	936	6.924007e-01	7.000000e-01	
9.533788e+01	937	7.992916e+01	1.590765e+02	9.533788e+01	937	6.655763e-01	7.000000e-01	
9.543962e+01	938	7.358173e+01	1.660850e+02	9.543962e+01	938	6.929831e-01	7.000000e-01	
9.554137e+01	939	7.470879e+01	1.767135e+02	9.554137e+01	939	7.028553e-01	7.000000e-01	
9.564312e+01	940	6.936716e+01	1.476888e+02	9.564312e+01	940	6.804181e-01	7.000000e-01	
9.574487e+01	941	7.303528e+01	1.503987e+02	9.574487e+01	941	6.731237e-01	7.000000e-01	
9.584662e+01	942	6.970067e+01	1.544163e+02	9.584662e+01	942	6.889987e-01	7.000000e-01	
9.594836e+01	943	6.408975e+01	1.458655e+02	9.594836e+01	943	6.947457e-01	7.000000e-01	
9.605011e+01	944	7.228501e+01	1.485840e+02	9.605011e+01	944	6.727245e-01	7.000000e-01	
9.615186e+01	945	6.279445e+01	1.644309e+02	9.615186e+01	945	7.236468e-01	7.000000e-01	
9.625361e+01	946	6.143006e+01	1.525720e+02	9.625361e+01	946	7.129464e-01	7.000000e-01	
9.635536e+01	947	6.744848e+01	1.717581e+02	9.635536e+01	947	7.180325e-01	7.000000e-01	
9.645710e+01	948	6.280671e+01	1.643971e+02	9.645710e+01	948	7.235667e-01	7.000000e-01	
9.655885e+01	949	6.293638e+01	1.771741e+02	9.655885e+01	949	7.378857e-01	7.000000e-01	
9.666060e+01	950	6.380674e+01	1.513768e+02	9.666060e+01	950	7.034776e-01	7.000000e-01	
9.676235e+01	951	7.031736e+01	1.738841e+02	9.676235e+01	951	7.120518e-01	7.000000e-01	
9.686410e+01	952	5.845506e+01	1.489487e+02	9.686410e+01	952	7.181581e-01	7.000000e-01	
9.696584e+01	953	6.700600e+01	1.695013e+02	9.696584e+01	953	7.166853e-01	7.000000e-01	
9.706759e+01	954	6.117258e+01	1.682400e+02	9.706759e+01	954	7.333512e-01	7.000000e-01	
9.716934e+01	955	6.946285e+01	1.640283e+02	9.716934e+01	955	7.025033e-01	7.000000e-01	
9.727109e+01	956	5.372486e+01	1.550617e+02	9.727109e+01	956	7.426805e-01	7.000000e-01	
9.737284e+01	957	8.156360e+01	1.736541e+02	9.737284e+01	957	6.804156e-01	7.000000e-01	
9.747458e+01	958	4.766074e+01	1.587844e+02	9.747458e+01	958	7.691361e-01	7.000000e-01	
9.757633e+01	959	1.080848e+02	1.656840e+02	9.757633e+01	959	6.051968e-01	7.000000e-01	
9.767808e+01	960	7.445564e+01	1.700096e+02	9.767808e+01	960	6.954347e-01	7.000000e-01	
9.777983e+01	961	9.866920e+01	1.422756e+02	9.777983e+01	961	5.904904e-01	7.000000e-01	
9.788158e+01	962	7.900925e+01	1.825538e+02	9.788158e+01	962	6.979342e-01	7.000000e-01	
9.798332e+01	963	1.150810e+02	1.842426e+02	9.798332e+01	963	6.155298e-01	7.000000e-01	
9.808507e+01	964	6.752927e+01	1.870500e+02	9.808507e+01	964	7.347417e-01	7.000000e-01	
9.818682e+01	965	4.873592e+01	2.300035e+02	9.818682e+01	965	8.251560e-01	7.000000e-01	
9.828857e+01	966	8.336486e+01	1.748383e+02	9.828857e+01	966	6.771346e-01	7.000000e-01	
9.839032e+01	967	9.043572e+01	1.776735e+02	9.839032e+01	967	6.626907e-01	7.000000e-01	
9.849206e+01	968	4.769445e+01	1.551951e+02	9.849206e+01	968	7.649241e-01	7.000000e-01	
9.859381e+01	969	5.071486e+01	1.664670e+02	9.859381e+01	969	7.664867e-01	7.000000e-01	
9.869556e+01	970	5.107350e+01	1.669569e+02	9.869556e+01	970	7.657506e-01	7.000000e-01	
9.879731e+01	971	4.161310e+01	1.698486e+02	9.879731e+01	971	8.032121e-01	7.000000e-01	
9.889906e+01	972	4.104441e+01	1.550567e+02	9.889906e+01	972	7.906977e-01	7.000000e-01	
9.900080e+01	973	5.762273e+01	1.564857e+02	9.900080e+01	973	7.308713e-01	7.000000e-01	
9.910255e+01	974	6.486864e+01	1.612724e+02	9.910255e+01	974	7.131496e-01	7.000000e-01	
9.920430e+01	975	4.481250e+01	1.629478e+02	9.920430e+01	975	7.843067e-01	7.000000e-01	
9.930605e+01	976	6.210000e+01	1.705478e+02	9.930605e+01	976	7.330729e-01	7.000000e-01	
9.940780e+01	977	6.533566e+01	1.588172e+02	9.940780e+01	977	7.085219e-01	7.000000e-01	
9.950954e+01	978	7.009393e+01	1.653741e+02	9.950954e+01	978	7.023208e-01	7.000000e-01	
9.961129e+01	979	6.443438e+01	1.799561e+02	9.961129e+01	979	7.363466e-01	7.000000e-01	
9.971304e+01	980	5.987268e+01	1.674971e+02	9.971304e+01	980	7.366727e-01	7.000000e-01	
9.981479e+01	981	6.591933e+01	1.681857e+02	9.981479e+01	981	7.184198e-01	7.000000e-01	
9.991654e+01	982	6.092122e+01	1.726659e+02	9.991654e+01	982	7.391927e-01	7.000000e-01	
1.000183e+02	983	5.848543e+01	1.837773e+02	1.000183e+02	983	7.585868e-01	7.000000e-01	
1.001200e+02	984	6.290954e+01	1.878252e+02	1.001200e+02	984	7.490992e-01	7.000000e-01	
1.002218e+02	985	6.570644e+01	1.418645e+02	1.002218e+02	985	6.834507e-01	7.000000e-01	
1.003235e+02	986	6.332378e+01	1.611262e+02	1.003235e+02	986	7.178713e-01	7.000000e-01	
1.004253e+02	987	7.372592e+01	1.506150e+02	1.004253e+02	987	6.713666e-01	7.000000e-01	
1.005270e+02	988	6.786670e+01	1.465351e+02	1.005270e+02	988	6.834602e-01	7.000000e-01	
1.006288e+02	989	6.702021e+01	1.616627e+02	1.006288e+02	989	7.069295e-01	7.000000e-01	
1.007305e+02	990	5.872875e+01	2.143220e+02	1.007305e+02	990	7.849164e-01	7.000000e-01	
1.008323e+02	991	6.622312e+01	1.556293e+02	1.008323e+02	991	7.014992e-01	7.000000e-01	
1.009340e+02	992	6.701809e+01	1.783670e+02	1.009340e+02	992	7.268861e-01	7.000000e-01	
1.010358e+02	993	6.628515e+01	1.590390e+02	1.010358e+02	993	7.058231e-01	7.000000e-01	
1.011375e+02	994	8.750329e+01	1.880053e+02	1.011375e+02	994	6.823936e-01	7.000000e-01	
1.012393e+02	995	6.621870e+01	1.547674e+02	1.012393e+02	995	7.003490e-01	7.000000e-01	
1.013410e+02	996	7.947293e+01	1.897751e+02	1.013410e+02	996	7.048338e-01	7.000000e-01	
1.014428e+02	997	7.527706e+01	1.501667e+02	1.014428e+02	997	6.660938e-01	7.000000e-01	
1.015445e+02	998	6.925581e+01	1.811368e+02	1.015445e+02	998	7.234111e-01	7.000000e-01	
1.016463e+02	999	7.724566e+01	1.706548e+02	1.016463e+02	999	6.884005e-01	7.000000e-01	
1.017480e+02	1000	7.315662e+01	1.627663e+02	1.017480e+02	1000	6.899130e-01	7.000000e-01	
1.018497e+02	1001	8.224975e+01	1.724308e+02	1.018497e+02	1001	6.770474e-01	7.000000e-01	
1.019515e+02	1002	7.618654e+01	1.451873e+02	1.019515e+02	1002	6.558467e-01	7.000000e-01	
1.020532e+02	1003	7.498194e+01	1.491857e+02	1.020532e+02	1003	6.655095e-01	7.000000e-01	
1.021550e+02	1004	7.568396e+01	1.768559e+02	1.021550e+02	1004	7.003089e-01	7.000000e-01	
1.022567e+02	1005	7.872123e+01	1.682909e+02	1.022567e+02	1005	6.813062e-01	7.000000e-01	
1.023585e+02	1006	7.725113e+01	1.812133e+02	1.023585e+02	1006	7.011150e-01	7.000000e-01	
1.024602e+02	1007	5.528417e+01	1.380003e+02	1.024602e+02	1007	7.139751e-01	7.000000e-01	
1.025620e+02	1008	5.450383e+01	1.456111e+02	1.025620e+02	1008	7.276374e-01	7.000000e-01	
1.026637e+02	1009	4.856961e+01	1.406349e+02	1.026637e+02	1009	7.432957e-01	7.000000e-01	
1.027655e+02	1010	4.462976e+01	1.219867e+02	1.027655e+02	1010	7.321408e-01	7.000000e-01	
1.028672e+02	1011	6.093347e+01	1.319877e+02	1.028672e+02	1011	6.841535e-01	7.000000e-01	
1.029690e+02	1012	4.297766e+01	1.661812e+02	1.029690e+02	1012	7.945214e-01	7.000000e-01	
1.030707e+02	1013	4.028969e+01	1.674556e+02	1.030707e+02	1013	8.060621e-01	7.000000e-01	
1.031725e+02	1014	5.267906e+01	1.423220e+02	1.031725e+02	1014	7.298524e-01	7.000000e-01	
1.032742e+02	1015	5.490538e+01	1.793949e+02	1.032742e+02	1015	7.656623e-01	7.000000e-01	
1.033760e+02	1016	5.676417e+01	1.715204e+02	1.033760e+02	1016	7.513447e-01	7.000000e-01	
1.034777e+02	1017	6.255525e+01	1.706954e+02	1.034777e+02	1017	7.318110e-01	7.000000e-01	
1.035795e+02	1018	4.394868e+01	2.120142e+02	1.035795e+02	1018	8.283006e-01	7.000000e-01	
1.036812e+02	1019	4.423629e+01	1.789203e+02	1.036812e+02	1019	8.017702e-01	7.000000e-01	
1.037830e+02	1020	4.434022e+01	2.036446e+02	1.037830e+02	1020	8.211978e-01	7.000000e-01	
1.038847e+02	1021	4.337672e+01	2.113381e+02	1.038847e+02	1021	8.297048e-01	7.000000e-01	
1.039865e+02	1022	6.957339e+01	1.549305e+02	1.039865e+02	1022	6.901016e-01	7.000000e-01	
1.040882e+02	1023	7.414944e+01	1.845153e+02	1.040882e+02	1023	7.133377e-01	7.000000e-01	
1.041900e+02	1024	6.887593e+01	1.676914e+02	1.041900e+02	1024	7.088527e-01	7.000000e-01	
1.042917e+02	1025	7.042077e+01	1.520039e+02	1.042917e+02	1025	6.833950e-01	7.000000e-01	
1.043934e+02	1026	6.665126e+01	1.398529e+02	1.043934e+02	1026	6.772401e-01	7.000000e-01	
1.044952e+02	1027	7.237701e+01	1.889545e+02	1.044952e+02	1027	7.230452e-01	7.000000e-01	
1.045969e+02	1028	7.703486e+01	2.179354e+02	1.045969e+02	1028	7.388386e-01	7.000000e-01	
1.046987e+02	1029	7.235408e+01	1.667956e+02	1.046987e+02	1029	6.974527e-01	7.000000e-01	
1.048004e+02	1030	5.531811e+01	1.605452e+02	1.048004e+02	1030	7.437355e-01	7.000000e-01	
1.049022e+02	1031	5.375060e+01	1.538757e+02	1.049022e+02	1031	7.411185e-01	7.000000e-01	
1.050039e+02	1032	7.451501e+01	1.814144e+02	1.050039e+02	1032	7.088455e-01	7.000000e-01	
1.051057e+02	1033	6.678195e+01	1.328271e+02	1.051057e+02	1033	6.654363e-01	7.000000e-01	
1.052074e+02	1034	6.609850e+01	1.915080e+02	1.052074e+02	1034	7.434129e-01	7.000000e-01	
1.053092e+02	1035	5.402429e+01	1.678269e+02	1.053092e+02	1035	7.564841e-01	7.000000e-01	
1.054109e+02	1036	7.744847e+01	1.349009e+02	1.054109e+02	1036	6.352781e-01	7.000000e-01	
1.055127e+02	1037	4.337267e+01	1.088082e+02	1.055127e+02	1037	7.149926e-01	7.000000e-01	
1.056144e+02	1038	6.613541e+01	1.103994e+02	1.056144e+02	1038	6.253690e-01	7.000000e-01	
1.057162e+02	1039	7.309502e+01	1.409050e+02	1.057162e+02	1039	6.584345e-01	7.000000e-01	
1.058179e+02	1040	7.087522e+01	1.306505e+02	1.058179e+02	1040	6.483068e-01	7.000000e-01	
1.059197e+02	1041	7.327655e+01	1.469129e+02	1.059197e+02	1041	6.672113e-01	7.000000e-01	
1.060214e+02	1042	7.684373e+01	1.257147e+02	1.060214e+02	1042	6.206343e-01	7.000000e-01	
1.061232e+02	1043	9.325177e+01	1.344575e+02	1.061232e+02	1043	5.904788e-01	7.000000e-01	
1.062249e+02	1044	6.544070e+01	1.306998e+02	1.062249e+02	1044	6.663580e-01	7.000000e-01	
1.063267e+02	1045	9.532377e+01	1.297078e+02	1.063267e+02	1045	5.763982e-01	7.000000e-01	
1.064284e+02	1046	8.572539e+01	1.298147e+02	1.064284e+02	1046	6.022764e-01	7.000000e-01	
1.065302e+02	1047	8.212505e+01	1.221321e+02	1.065302e+02	1047	5.979330e-01	7.000000e-01	
1.066319e+02	1048	9.203918e+01	1.330819e+02	1.066319e+02	1048	5.911570e-01	7.000000e-01	
1.067337e+02	1049	8.255533e+01	1.381491e+02	1.067337e+02	1049	6.259462e-01	7.000000e-01	
1.068354e+02	1050	9.377939e+01	1.297556e+02	1.068354e+02	1050	5.804711e-01	7.000000e-01	
1.069371e+02	1051	6.196965e+01	1.127309e+02	1.069371e+02	1051	6.452807e-01	7.000000e-01	
1.070389e+02	1052	8.573593e+01	1.280086e+02	1.070389e+02	1052	5.988860e-01	7.000000e-01	
1.071406e+02	1053	6.543798e+01	1.122454e+02	1.071406e+02	1053	6.317158e-01	7.000000e-01	
1.072424e+02	1054	6.771808e+01	1.189433e+02	1.072424e+02	1054	6.372143e-01	7.000000e-01	
1.073441e+02	1055	5.366224e+01	1.371310e+02	1.073441e+02	1055	7.187414e-01	7.000000e-01	
1.074459e+02	1056	6.014953e+01	1.390593e+02	1.074459e+02	1056	6.980579e-01	7.000000e-01	
1.075476e+02	1057	5.357796e+01	1.329476e+02	1.075476e+02	1057	7.127581e-01	7.000000e-01	
1.076494e+02	1058	5.713986e+01	1.317421e+02	1.076494e+02	1058	6.974838e-01	7.000000e-01	
1.077511e+02	1059	4.369659e+01	1.376576e+02	1.077511e+02	1059	7.590539e-01	7.000000e-01	
1.078529e+02	1060	6.252099e+01	1.381197e+02	1.078529e+02	1060	6.883933e-01	7.000000e-01	
1.079546e+02	1061	6.140442e+01	1.318926e+02	1.079546e+02	1061	6.823313e-01	7.000000e-01	
1.080564e+02	1062	6.153821e+01	1.366489e+02	1.080564e+02	1062	6.894944e-01	7.000000e-01	
1.081581e+02	1063	5.941877e+01	1.361705e+02	1.081581e+02	1063	6.962064e-01	7.000000e-01	
1.082599e+02	1064	5.322237e+01	1.300801e+02	1.082599e+02	1064	7.096473e-01	7.000000e-01	
1.083616e+02	1065	5.943782e+01	1.571553e+02	1.083616e+02	1065	7.255784e-01	7.000000e-01	
1.084634e+02	1066	6.119434e+01	1.487486e+02	1.084634e+02	1066	7.085192e-01	7.000000e-01	
1.085651e+02	1067	6.403134e+01	1.425997e+02	1.085651e+02	1067	6.901175e-01	7.000000e-01	
1.086669e+02	1068	5.785693e+01	1.548745e+02	1.086669e+02	1068	7.280283e-01	7.000000e-01	
1.087686e+02	1069	5.757442e+01	1.582866e+02	1.087686e+02	1069	7.332801e-01	7.000000e-01	
1.088704e+02	1070	4.924319e+01	1.409882e+02	1.088704e+02	1070	7.411406e-01	7.000000e-01	
1.089721e+02	1071	4.191899e+01	1.582662e+02	1.089721e+02	1071	7.905989e-01	7.000000e-01	
1.090739e+02	1072	6.699399e+01	1.538840e+02	1.090739e+02	1072	6.966923e-01	7.000000e-01	
1.091756e+02	1073	7.737152e+01	1.674126e+02	1.091756e+02	1073	6.839194e-01	7.000000e-01	
1.092774e+02	1074	5.914552e+01	1.594995e+02	1.092774e+02	1074	7.294907e-01	7.000000e-01	
1.093791e+02	1075	5.906338e+01	1.507583e+02	1.093791e+02	1075	7.185068e-01	7.000000e-01	
1.094808e+02	1076	5.850946e+01	1.576278e+02	1.094808e+02	1076	7.292949e-01	7.000000e-01	
1.095826e+02	1077	5.093480e+01	1.606445e+02	1.095826e+02	1077	7.592638e-01	7.000000e-01	
1.096843e+02	1078	4.213073e+01	1.663964e+02	1.096843e+02	1078	7.979604e-01	7.000000e-01	
1.097861e+02	1079	3.539394e+01	1.589570e+02	1.097861e+02	1079	8.178864e-01	7.000000e-01	
1.098878e+02	1080	4.591059e+01	1.748306e+02	1.098878e+02	1080	7.920162e-01	7.000000e-01	
1.099896e+02	1081	6.333750e+01	1.359626e+02	1.099896e+02	1081	6.822004e-01	7.000000e-01	
1.100913e+02	1082	5.546300e+01	1.439203e+02	1.100913e+02	1082	7.218273e-01	7.000000e-01	
1.101931e+02	1083	5.265588e+01	1.466320e+02	1.101931e+02	1083	7.357798e-01	7.000000e-01	
1.102948e+02	1084	6.256885e+01	1.427110e+02	1.102948e+02	1084	6.952022e-01	7.000000e-01	
1.103966e+02	1085	6.786991e+01	1.479815e+02	1.103966e+02	1085	6.855712e-01	7.000000e-01	
1.104983e+02	1086	7.855285e+01	1.757966e+02	1.104983e+02	1086	6.911617e-01	7.000000e-01	
1.106001e+02	1087	5.295843e+01	1.424917e+02	1.106001e+02	1087	7.290438e-01	7.000000e-01	
1.107018e+02	1088	2.341805e+01	1.275197e+02	1.107018e+02	1088	8.448496e-01	7.000000e-01	
1.108036e+02	1089	7.357394e+01	1.504202e+02	1.108036e+02	1089	6.715363e-01	7.000000e-01	
1.109053e+02	1090	7.190843e+01	1.520926e+02	1.109053e+02	1090	6.789817e-01	7.000000e-01	
1.110071e+02	1091	5.516542e+01	1.362946e+02	1.110071e+02	1091	7.118698e-01	7.000000e-01	
1.111088e+02	1092	5.171217e+01	1.453228e+02	1.111088e+02	1092	7.375483e-01	7.000000e-01	
1.112106e+02	1093	5.864204e+01	1.355769e+02	1.112106e+02	1093	6.980622e-01	7.000000e-01	
1.113123e+02	1094	5.251008e+01	1.302718e+02	1.113123e+02	1094	7.127173e-01	7.000000e-01	
1.114141e+02	1095	6.843810e+01	1.202628e+02	1.114141e+02	1095	6.373197e-01	7.000000e-01	
1.115158e+02	1096	7.044482e+01	1.309042e+02	1.115158e+02	1096	6.501358e-01	7.000000e-01	
1.116176e+02	1097	7.741675e+01	1.235857e+02	1.116176e+02	1097	6.148467e-01	7.000000e-01	
1.117193e+02	1098	7.152571e+01	1.254523e+02	1.117193e+02	1098	6.368848e-01	7.000000e-01	
1.118211e+02	1099	6.868717e+01	1.440104e+02	1.118211e+02	1099	6.770665e-01	7.000000e-01	
1.119228e+02	1100	5.009895e+01	1.399955e+02	1.119228e+02	1100	7.364523e-01	7.000000e-01	
1.120245e+02	1101	5.917208e+01	1.361155e+02	1.120245e+02	1101	6.970003e-01	7.000000e-01	
1.121263e+02	1102	5.302864e+01	1.334476e+02	1.121263e+02	1102	7.156279e-01	7.000000e-01	
1.122280e+02	1103	7.164218e+01	1.268346e+02	1.122280e+02	1103	6.390400e-01	7.000000e-01	
1.123298e+02	1104	5.696909e+01	1.279918e+02	1.123298e+02	1104	6.919939e-01	7.000000e-01	
1.124315e+02	1105	7.073061e+01	1.315838e+02	1.124315e+02	1105	6.503926e-01	7.000000e-01	
1.125333e+02	1106	5.744376e+01	1.109736e+02	1.125333e+02	1106	6.589202e-01	7.000000e-01	
1.126350e+02	1107	5.503671e+01	1.352478e+02	1.126350e+02	1107	7.107662e-01	7.000000e-01	
1.127368e+02	1108	6.677490e+01	1.386510e+02	1.127368e+02	1108	6.749441e-01	7.000000e-01	
1.128385e+02	1109	5.177313e+01	1.333628e+02	1.128385e+02	1109	7.203507e-01	7.000000e-01	
1.129403e+02	1110	6.065851e+01	1.309899e+02	1.129403e+02	1110	6.834907e-01	7.000000e-01	
1.130420e+02	1111	5.347131e+01	1.382610e+02	1.130420e+02	1111	7.211148e-01	7.000000e-01	
1.131438e+02	1112	5.813424e+01	1.224437e+02	1.131438e+02	1112	6.780657e-01	7.000000e-01	
1.132455e+02	1113	5.885681e+01	1.248085e+02	1.132455e+02	1113	6.795431e-01	7.000000e-01	
1.133473e+02	1114	5.521039e+01	1.276817e+02	1.133473e+02	1114	6.981259e-01	7.000000e-01	
1.134490e+02	1115	6.052761e+01	1.273889e+02	1.134490e+02	1115	6.779016e-01	7.000000e-01	
1.135508e+02	1116	5.115937e+01	1.163294e+02	1.135508e+02	1116	6.945504e-01	7.000000e-01	
1.136525e+02	1117	5.629904e+01	1.242874e+02	1.136525e+02	1117	6.882433e-01	7.000000e-01	
1.137543e+02	1118	5.814279e+01	1.240392e+02	1.137543e+02	1118	6.808533e-01	7.000000e-01	
1.138560e+02	1119	5.363494e+01	1.371550e+02	1.138560e+02	1119	7.188796e-01	7.000000e-01	
1.139578e+02	1120	5.217503e+01	1.388987e+02	1.139578e+02	1120	7.269377e-01	7.000000e-01	
1.140595e+02	1121	7.181954e+01	1.397079e+02	1.140595e+02	1121	6.604718e-01	7.000000e-01	
1.141613e+02	1122	5.632327e+01	1.285052e+02	1.141613e+02	1122	6.952673e-01	7.000000e-01	
1.142630e+02	1123	5.166642e+01	1.366498e+02	1.142630e+02	1123	7.256401e-01	7.000000e-01	
1.143648e+02	1124	6.702506e+01	1.272599e+02	1.143648e+02	1124	6.550167e-01	7.000000e-01	
1.144665e+02	1125	8.204798e+01	1.601101e+02	1.144665e+02	1125	6.611801e-01	7.000000e-01	
1.145682e+02	1126	7.894450e+01	1.462507e+02	1.145682e+02	1126	6.494397e-01	7.000000e-01	
1.146700e+02	1127	8.109125e+01	1.653182e+02	1.146700e+02	1127	6.709085e-01	7.000000e-01	
1.147717e+02	1128	7.912318e+01	1.543910e+02	1.147717e+02	1128	6.611633e-01	7.000000e-01	
1.148735e+02	1129	9.273708e+01	1.660387e+02	1.148735e+02	1129	6.416315e-01	7.000000e-01	
1.149752e+02	1130	7.555922e+01	1.402011e+02	1.149752e+02	1130	6.498002e-01	7.000000e-01	
1.150770e+02	1131	8.096528e+01	1.398796e+02	1.150770e+02	1131	6.333839e-01	7.000000e-01	
1.151787e+02	1132	8.004268e+01	1.570084e+02	1.151787e+02	1132	6.623399e-01	7.000000e-01	
1.152805e+02	1133	8.789782e+01	1.152467e+02	1.152805e+02	1133	5.673139e-01	7.000000e-01	
1.153822e+02	1134	8.060160e+01	1.253428e+02	1.153822e+02	1134	6.086245e-01	7.000000e-01	
1.154840e+02	1135	6.575379e+01	1.206290e+02	1.154840e+02	1135	6.472110e-01	7.000000e-01	
1.155857e+02	1136	7.447070e+01	1.381401e+02	1.155857e+02	1136	6.497323e-01	7.000000e-01	
1.156875e+02	1137	8.063607e+01	1.253645e+02	1.156875e+02	1137	6.085639e-01	7.000000e-01	
1.157892e+02	1138	8.768948e+01	1.146734e+02	1.157892e+02	1138	5.666721e-01	7.000000e-01	
1.158910e+02	1139	5.457663e+01	1.196076e+02	1.158910e+02	1139	6.866730e-01	7.000000e-01	
1.159927e+02	1140	6.443730e+01	1.153403e+02	1.159927e+02	1140	6.415721e-01	7.000000e-01	
1.160945e+02	1141	6.520329e+01	1.489332e+02	1.160945e+02	1141	6.955059e-01	7.000000e-01	
1.161962e+02	1142	6.265935e+01	1.153086e+02	1.161962e+02	1142	6.479178e-01	7.000000e-01	
1.162980e+02	1143	6.677768e+01	1.424137e+02	1.162980e+02	1143	6.807819e-01	7.000000e-01	
1.163997e+02	1144	6.551120e+01	1.209755e+02	1.163997e+02	1144	6.487085e-01	7.000000e-01	
1.165015e+02	1145	7.401859e+01	1.576287e+02	1.165015e+02	1145	6.804686e-01	7.000000e-01	
1.166032e+02	1146	5.794742e+01	1.310137e+02	1.166032e+02	1146	6.933368e-01	7.000000e-01	
1.167050e+02	1147	4.345693e+01	1.486073e+02	1.167050e+02	1147	7.737375e-01	7.000000e-01	
1.168067e+02	1148	7.434167e+01	1.447300e+02	1.168067e+02	1148	6.606514e-01	7.000000e-01	
1.169085e+02	1149	4.135621e+01	1.410661e+02	1.169085e+02	1149	7.732941e-01	7.000000e-01	
1.170102e+02	1150	7.196005e+01	1.531837e+02	1.170102e+02	1150	6.803818e-01	7.000000e-01	
1.171119e+02	1151	6.397171e+01	1.442981e+02	1.171119e+02	1151	6.928421e-01	7.000000e-01	
1.172137e+02	1152	6.805860e+01	1.462743e+02	1.172137e+02	1152	6.824631e-01	7.000000e-01	
1.173154e+02	1153	8.119771e+01	1.301127e+02	1.173154e+02	1153	6.157420e-01	7.000000e-01	
1.174172e+02	1154	8.016060e+01	1.430148e+02	1.174172e+02	1154	6.408179e-01	7.000000e-01	
1.175189e+02	1155	6.071944e+01	1.754720e+02	1.175189e+02	1155	7.429228e-01	7.000000e-01	
1.176207e+02	1156	8.682426e+01	1.589457e+02	1.176207e+02	1156	6.467255e-01	7.000000e-01	
1.177224e+02	1157	8.797435e+01	1.560960e+02	1.177224e+02	1157	6.395533e-01	7.000000e-01	
1.178242e+02	1158	7.323445e+01	1.481919e+02	1.178242e+02	1158	6.692605e-01	7.000000e-01	
1.179259e+02	1159	7.640167e+01	1.505887e+02	1.179259e+02	1159	6.634145e-01	7.000000e-01	
1.180277e+02	1160	8.280210e+01	1.406834e+02	1.180277e+02	1160	6.294968e-01	7.000000e-01	
1.181294e+02	1161	7.666173e+01	1.237671e+02	1.181294e+02	1161	6.175115e-01	7.000000e-01	
1.182312e+02	1162	8.822977e+01	1.568869e+02	1.182312e+02	1162	6.400499e-01	7.000000e-01	
1.183329e+02	1163	8.225073e+01	1.365232e+02	1.183329e+02	1163	6.240378e-01	7.000000e-01	
1.184347e+02	1164	7.788545e+01	1.474924e+02	1.184347e+02	1164	6.544228e-01	7.000000e-01	
1.185364e+02	1165	8.266589e+01	1.300142e+02	1.185364e+02	1165	6.113135e-01	7.000000e-01	
1.186382e+02	1166	7.988114e+01	1.412699e+02	1.186382e+02	1166	6.387937e-01	7.000000e-01	
1.187399e+02	1167	7.514705e+01	1.388806e+02	1.187399e+02	1167	6.488909e-01	7.000000e-01	
1.188417e+02	1168	7.686467e+01	1.623219e+02	1.188417e+02	1168	6.786414e-01	7.000000e-01	
1.189434e+02	1169	7.634944e+01	1.246019e+02	1.189434e+02	1169	6.200601e-01	7.000000e-01	
1.190452e+02	1170	8.570176e+01	1.244856e+02	1.190452e+02	1170	5.922602e-01	7.000000e-01	
1.191469e+02	1171	6.893960e+01	1.200559e+02	1.191469e+02	1171	6.352315e-01	7.000000e-01	
1.192487e+02	1172	6.089477e+01	1.868969e+02	1.192487e+02	1172	7.542501e-01	7.000000e-01	
1.193504e+02	1173	7.843896e+01	1.380106e+02	1.193504e+02	1173	6.376109e-01	7.000000e-01	
1.194522e+02	1174	7.493493e+01	1.184266e+02	1.194522e+02	1174	6.124621e-01	7.000000e-01	
1.195539e+02	1175	5.013543e+01	1.051032e+02	1.195539e+02	1175	6.770428e-01	7.000000e-01	
1.196556e+02	1176	6.701183e+01	1.262473e+02	1.196556e+02	1176	6.532540e-01	7.000000e-01	
1.197574e+02	1177	7.562701e+01	1.204622e+02	1.197574e+02	1177	6.143235e-01	7.000000e-01	
1.198591e+02	1178	6.350389e+01	1.243005e+02	1.198591e+02	1178	6.618615e-01	7.000000e-01	
1.199609e+02	1179	7.138229e+01	1.553516e+02	1.199609e+02	1179	6.851715e-01	7.000000e-01	
1.200626e+02	1180	6.466707e+01	1.168163e+02	1.200626e+02	1180	6.436750e-01	7.000000e-01	
1.201644e+02	1181	6.594611e+01	1.141609e+02	1.201644e+02	1181	6.338504e-01	7.000000e-01	
1.202661e+02	1182	6.446357e+01	1.321462e+02	1.202661e+02	1182	6.721243e-01	7.000000e-01	
1.203679e+02	1183	5.174040e+01	1.241048e+02	1.203679e+02	1183	7.057617e-01	7.000000e-01	
1.204696e+02	1184	5.316880e+01	1.117306e+02	1.204696e+02	1184	6.775683e-01	7.000000e-01	
1.205714e+02	1185	5.061422e+01	1.289520e+02	1.205714e+02	1185	7.181306e-01	7.000000e-01	
1.206731e+02	1186	4.631757e+01	1.281482e+02	1.206731e+02	1186	7.345177e-01	7.000000e-01	
1.207749e+02	1187	6.482914e+01	1.136721e+02	1.207749e+02	1187	6.368141e-01	7.000000e-01	
1.208766e+02	1188	5.829634e+01	1.215661e+02	1.208766e+02	1188	6.758837e-01	7.000000e-01	
1.209784e+02	1189	6.288581e+01	1.284748e+02	1.209784e+02	1189	6.713754e-01	7.000000e-01	
1.210801e+02	1190	5.949448e+01	1.244132e+02	1.210801e+02	1190	6.764981e-01	7.000000e-01	
1.211819e+02	1191	5.801495e+01	1.070265e+02	1.211819e+02	1191	6.484825e-01	7.000000e-01	
1.212836e+02	1192	5.639669e+01	1.383575e+02	1.212836e+02	1192	7.104212e-01	7.000000e-01	
1.213854e+02	1193	7.998505e+01	1.567787e+02	1.213854e+02	1193	6.621736e-01	7.000000e-01	
1.214871e+02	1194	7.713171e+01	1.512054e+02	1.214871e+02	1194	6.622025e-01	7.000000e-01	
1.215889e+02	1195	6.586096e+01	1.261166e+02	1.215889e+02	1195	6.569341e-01	7.000000e-01	
1.216906e+02	1196	6.675673e+01	1.246831e+02	1.216906e+02	1196	6.512913e-01	7.000000e-01	
1.217924e+02	1197	7.759366e+01	1.471969e+02	1.217924e+02	1197	6.548180e-01	7.000000e-01	
1.218941e+02	1198	7.539249e+01	1.476541e+02	1.218941e+02	1198	6.619877e-01	7.000000e-01	
1.219959e+02	1199	6.853737e+01	1.383410e+02	1.219959e+02	1199	6.687069e-01	7.000000e-01	
1.220976e+02	1200	7.508128e+01	1.473840e+02	1.220976e+02	1200	6.625034e-01	7.000000e-01	
1.221993e+02	1201	6.069514e+01	1.196662e+02	1.221993e+02	1201	6.634803e-01	7.000000e-01	
1.223011e+02	1202	6.935552e+01	1.412742e+02	1.223011e+02	1202	6.707230e-01	7.000000e-01	
1.224028e+02	1203	9.544944e+01	1.613405e+02	1.224028e+02	1203	6.282976e-01	7.000000e-01	
1.225046e+02	1204	7.188835e+01	1.517605e+02	1.225046e+02	1204	6.785660e-01	7.000000e-01	
1.226063e+02	1205	6.593981e+01	1.339299e+02	1.226063e+02	1205	6.700860e-01	7.000000e-01	
1.227081e+02	1206	6.067326e+01	1.382391e+02	1.227081e+02	1206	6.949749e-01	7.000000e-01	
1.228098e+02	1207	6.578936e+01	1.217099e+02	1.228098e+02	1207	6.491220e-01	7.000000e-01	
1.229116e+02	1208	7.520263e+01	1.177473e+02	1.229116e+02	1208	6.102480e-01	7.000000e-01	
1.230133e+02	1209	7.326325e+01	1.449181e+02	1.230133e+02	1209	6.642094e-01	7.000000e-01	
1.231151e+02	1210	6.170310e+01	1.412176e+02	1.231151e+02	1210	6.959251e-01	7.000000e-01	
1.232168e+02	1211	6.325819e+01	1.370712e+02	1.232168e+02	1211	6.842291e-01	7.000000e-01	
1.233186e+02	1212	5.917895e+01	1.450223e+02	1.233186e+02	1212	7.101930e-01	7.000000e-01	
1.234203e+02	1213	7.099649e+01	1.317673e+02	1.234203e+02	1213	6.498562e-01	7.000000e-01	
1.235221e+02	1214	8.326621e+01	1.434440e+02	1.235221e+02	1214	6.327196e-01	7.000000e-01	
1.236238e+02	1215	6.653739e+01	1.335032e+02	1.236238e+02	1215	6.673806e-01	7.000000e-01	
1.237256e+02	1216	7.596324e+01	1.371343e+02	1.237256e+02	1216	6.435283e-01	7.000000e-01	
1.238273e+02	1217	7.192933e+01	1.485224e+02	1.238273e+02	1217	6.737185e-01	7.000000e-01	
1.239291e+02	1218	5.558556e+01	1.366693e+02	1.239291e+02	1218	7.108757e-01	7.000000e-01	
1.240308e+02	1219	7.132631e+01	1.344180e+02	1.240308e+02	1219	6.533255e-01	7.000000e-01	
1.241326e+02	1220	6.581789e+01	1.423013e+02	1.241326e+02	1220	6.837491e-01	7.000000e-01	
1.242343e+02	1221	7.328648e+01	1.219685e+02	1.242343e+02	1221	6.246627e-01	7.000000e-01	
1.243361e+02	1222	5.591529e+01	1.573318e+02	1.243361e+02	1222	7.377911e-01	7.000000e-01	
1.244378e+02	1223	6.595240e+01	1.087320e+02	1.244378e+02	1223	6.224483e-01	7.000000e-01	
1.245396e+02	1224	6.090239e+01	1.125463e+02	1.245396e+02	1224	6.488737e-01	7.000000e-01	
1.246413e+02	1225	7.350486e+01	1.338776e+02	1.246413e+02	1225	6.455589e-01	7.000000e-01	
1.247430e+02	1226	7.831297e+01	9.474590e+01	1.247430e+02	1226	5.474779e-01	7.000000e-01	
1.248448e+02	1227	6.455688e+01	1.132996e+02	1.248448e+02	1227	6.370282e-01	7.000000e-01	
1.249465e+02	1228	7.162087e+01	9.958346e+01	1.249465e+02	1228	5.816644e-01	7.000000e-01	
1.250483e+02	1229	7.034279e+01	1.158601e+02	1.250483e+02	1229	6.222250e-01	7.000000e-01	
1.251500e+02	1230	7.085249e+01	1.064532e+02	1.251500e+02	1230	6.003936e-01	7.000000e-01	
1.252518e+02	1231	7.079205e+01	9.568740e+01	1.252518e+02	1231	5.747700e-01	7.000000e-01	
1.253535e+02	1232	3.374907e+01	1.573948e+02	1.253535e+02	1232	8.234363e-01	7.000000e-01	
1.254553e+02	1233	6.766306e+01	1.019935e+02	1.254553e+02	1233	6.011763e-01	7.000000e-01	
1.255570e+02	1234	7.153288e+01	1.045564e+02	1.255570e+02	1234	5.937693e-01	7.000000e-01	
1.256588e+02	1235	7.726010e+01	7.790535e+01	1.256588e+02	1235	5.020792e-01	7.000000e-01	
1.257605e+02	1236	7.014155e+01	5.694392e+01	1.257605e+02	1236	4.480758e-01	7.000000e-01	
1.258623e+02	1237	6.268689e+01	9.163764e+01	1.258623e+02	1237	5.937983e-01	7.000000e-01	
1.259640e+02	1238	8.338595e+01	8.651122e+01	1.259640e+02	1238	5.091975e-01	7.000000e-01	
1.260658e+02	1239	6.831081e+01	6.447283e+01	1.260658e+02	1239	4.855480e-01	7.000000e-01	
1.261675e+02	1240	6.509084e+01	1.091823e+02	1.261675e+02	1240	6.265010e-01	7.000000e-01	
1.262693e+02	1241	6.803520e+01	9.201839e+01	1.262693e+02	1241	5.749224e-01	7.000000e-01	
1.263710e+02	1242	4.886746e+01	1.434595e+02	1.263710e+02	1242	7.459147e-01	7.000000e-01	
1.264728e+02	1243	5.342788e+01	1.497338e+02	1.264728e+02	1243	7.370179e-01	7.000000e-01	
1.265745e+02	1244	3.275316e+01	1.173219e+02	1.265745e+02	1244	7.817548e-01	7.000000e-01	
1.266763e+02	1245	6.402735e+01	1.379710e+02	1.266763e+02	1245	6.830303e-01	7.000000e-01	
1.267780e+02	1246	2.959262e+01	1.311317e+02	1.267780e+02	1246	8.158796e-01	7.000000e-01	
1.268798e+02	1247	6.466611e+01	1.612617e+02	1.268798e+02	1247	7.137753e-01	7.000000e-01	
1.269815e+02	1248	6.205202e+01	1.513536e+02	1.269815e+02	1248	7.092297e-01	7.000000e-01	
1.270833e+02	1249	5.204347e+01	1.547980e+02	1.270833e+02	1249	7.483896e-01	7.000000e-01	
1.271850e+02	1250	6.745594e+01	1.431154e+02	1.271850e+02	1250	6.796528e-01	7.000000e-01	
1.272867e+02	1251	5.885207e+01	1.635082e+02	1.272867e+02	1251	7.353301e-01	7.000000e-01	
1.273885e+02	1252	5.525973e+01	1.322664e+02	1.273885e+02	1252	7.053225e-01	7.000000e-01	
1.274902e+02	1253	6.512384e+01	1.654042e+02	1.274902e+02	1253	7.175014e-01	7.000000e-01	
1.275920e+02	1254	4.125127e+01	1.112725e+02	1.275920e+02	1254	7.295420e-01	7.000000e-01	
1.276937e+02	1255	5.742070e+01	1.249753e+02	1.276937e+02	1255	6.851866e-01	7.000000e-01	
1.277955e+02	1256	4.959697e+01	1.656463e+02	1.277955e+02	1256	7.695771e-01	7.000000e-01	
1.278972e+02	1257	6.076048e+01	1.409477e+02	1.278972e+02	1257	6.987704e-01	7.000000e-01	
1.279990e+02	1258	6.350328e+01	1.376893e+02	1.279990e+02	1258	6.843657e-01	7.000000e-01	
1.281007e+02	1259	4.898615e+01	1.630370e+02	1.281007e+02	1259	7.689585e-01	7.000000e-01	
1.282025e+02	1260	4.982739e+01	1.265706e+02	1.282025e+02	1260	7.175286e-01	7.000000e-01	
1.283042e+02	1261	4.495938e+01	1.413689e+02	1.283042e+02	1261	7.587088e-01	7.000000e-01	
1.284060e+02	1262	3.636996e+01	9.406850e+01	1.284060e+02	1262	7.211715e-01	7.000000e-01	
1.285077e+02	1263	6.650072e+01	1.377971e+02	1.285077e+02	1263	6.744913e-01	7.000000e-01	
1.286095e+02	1264	2.853056e+01	1.481719e+02	1.286095e+02	1264	8.385390e-01	7.000000e-01	
1.287112e+02	1265	8.359293e+01	1.138571e+02	1.287112e+02	1265	5.766375e-01	7.000000e-01	
1.288130e+02	1266	3.958761e+01	1.120960e+02	1.288130e+02	1266	7.390119e-01	7.000000e-01	
1.289147e+02	1267	6.853851e+01	1.450509e+02	1.289147e+02	1267	6.791109e-01	7.000000e-01	
1.290165e+02	1268	5.013885e+01	1.698418e+02	1.290165e+02	1268	7.720761e-01	7.000000e-01	
1.291182e+02	1269	7.046781e+01	1.295470e+02	1.291182e+02	1269	6.476870e-01	7.000000e-01	
1.292200e+02	1270	6.068122e+01	1.413499e+02	1.292200e+02	1270	6.996442e-01	7.000000e-01	
1.293217e+02	1271	3.597257e+01	2.238974e+02	1.293217e+02	1271	8.615747e-01	7.000000e-01	
1.294235e+02	1272	6.243565e+01	1.578428e+02	1.294235e+02	1272	7.165603e-01	7.000000e-01	
1.295252e+02	1273	6.428982e+01	1.014337e+02	1.295252e+02	1273	6.120658e-01	7.000000e-01	
1.296270e+02	1274	5.830191e+01	1.289905e+02	1.296270e+02	1274	6.887118e-01	7.000000e-01	
1.297287e+02	1275	5.794305e+01	1.031008e+02	1.297287e+02	1275	6.402033e-01	7.000000e-01	
1.298304e+02	1276	6.428694e+01	1.014113e+02	1.298304e+02	1276	6.120240e-01	7.000000e-01	
1.299322e+02	1277	5.456468e+01	9.853769e+01	1.299322e+02	1277	6.436066e-01	7.000000e-01	
1.300339e+02	1278	6.922282e+01	1.456676e+02	1.300339e+02	1278	6.778692e-01	7.000000e-01	
1.301357e+02	1279	5.779478e+01	1.325172e+02	1.301357e+02	1279	6.963156e-01	7.000000e-01	
1.302374e+02	1280	6.280083e+01	1.363878e+02	1.302374e+02	1280	6.847168e-01	7.000000e-01	
1.303392e+02	1281	7.634301e+01	2.128503e+02	1.303392e+02	1281	7.360139e-01	7.000000e-01	
1.304409e+02	1282	5.405589e+01	1.638498e+02	1.304409e+02	1282	7.519299e-01	7.000000e-01	
1.305427e+02	1283	6.947425e+01	1.474802e+02	1.305427e+02	1283	6.797749e-01	7.000000e-01	
1.306444e+02	1284	5.265054e+01	1.574756e+02	1.306444e+02	1284	7.494336e-01	7.000000e-01	
1.307462e+02	1285	5.524754e+01	1.288570e+02	1.307462e+02	1285	6.999121e-01	7.000000e-01	
1.308479e+02	1286	4.658101e+01	1.582777e+02	1.308479e+02	1286	7.726188e-01	7.000000e-01	
1.309497e+02	1287	6.040425e+01	1.984613e+02	1.309497e+02	1287	7.666578e-01	7.000000e-01	
1.310514e+02	1288	6.015431e+01	1.747163e+02	1.310514e+02	1288	7.438832e-01	7.000000e-01	
1.311532e+02	1289	4.959868e+01	1.589533e+02	1.311532e+02	1289	7.621759e-01	7.000000e-01	
1.312549e+02	1290	2.863870e+01	1.474981e+02	1.312549e+02	1290	8.374065e-01	7.000000e-01	
1.313567e+02	1291	6.293156e+01	9.023097e+01	1.313567e+02	1291	5.891191e-01	7.000000e-01	
1.314584e+02	1292	7.722208e+01	6.471527e+01	1.314584e+02	1292	4.559425e-01	7.000000e-01	
1.315602e+02	1293	5.202313e+01	1.129167e+02	1.315602e+02	1293	6.845933e-01	7.000000e-01	
1.316619e+02	1294	6.838468e+01	1.139414e+02	1.316619e+02	1294	6.249320e-01	7.000000e-01	
1.317637e+02	1295	5.768570e+01	1.062652e+02	1.317637e+02	1295	6.481526e-01	7.000000e-01	
1.318654e+02	1296	6.161381e+01	8.522134e+01	1.318654e+02	1296	5.803879e-01	7.000000e-01	
1.319672e+02	1297	7.219740e+01	8.680983e+01	1.319672e+02	1297	5.459489e-01	7.000000e-01	
1.320689e+02	1298	6.926889e+01	8.701561e+01	1.320689e+02	1298	5.567770e-01	7.000000e-01	
1.321707e+02	1299	7.135212e+01	4.877590e+01	1.321707e+02	1299	4.060327e-01	0	
1.322724e+02	1300	6.671703e+01	5.120671e+01	1.322724e+02	1300	4.342358e-01	0	
1.323741e+02	1301	6.496372e+01	5.072396e+01	1.323741e+02	1301	4.384560e-01	0	
1.324759e+02	1302	7.349396e+01	4.816521e+01	1.324759e+02	1302	3.959028e-01	0	
1.325776e+02	1303	7.470349e+01	8.202606e+01	1.325776e+02	1303	5.233605e-01	7.000000e-01	
1.326794e+02	1304	7.187419e+01	7.548088e+01	1.326794e+02	1304	5.122381e-01	7.000000e-01	
1.327811e+02	1305	7.639336e+01	6.631770e+01	1.327811e+02	1305	4.646991e-01	7.000000e-01	
1.328829e+02	1306	7.539795e+01	1.149115e+02	1.328829e+02	1306	6.038139e-01	7.000000e-01	
1.329846e+02	1307	7.807498e+01	1.260821e+02	1.329846e+02	1307	6.175740e-01	7.000000e-01	
1.330864e+02	1308	7.681467e+01	1.097146e+02	1.330864e+02	1308	5.881897e-01	7.000000e-01	
1.331881e+02	1309	7.256834e+01	1.169054e+02	1.331881e+02	1309	6.170005e-01	7.000000e-01	
1.332899e+02	1310	7.940296e+01	1.017230e+02	1.332899e+02	1310	5.616147e-01	7.000000e-01	
1.333916e+02	1311	7.406365e+01	1.044180e+02	1.333916e+02	1311	5.850349e-01	7.000000e-01	
1.334934e+02	1312	8.209092e+01	1.123997e+02	1.334934e+02	1312	5.779184e-01	7.000000e-01	
1.335951e+02	1313	7.674922e+01	1.293790e+02	1.335951e+02	1313	6.276627e-01	7.000000e-01	
1.336969e+02	1314	7.101431e+01	1.130851e+02	1.336969e+02	1314	6.142611e-01	7.000000e-01	
1.337986e+02	1315	5.545490e+01	1.959775e+02	1.337986e+02	1315	7.794441e-01	7.000000e-01	
1.339004e+02	1316	8.905055e+01	1.808363e+02	1.339004e+02	1316	6.700449e-01	7.000000e-01	
1.340021e+02	1317	5.735653e+01	1.984172e+02	1.340021e+02	1317	7.757528e-01	7.000000e-01	
1.341039e+02	1318	5.544638e+01	1.959841e+02	1.341039e+02	1318	7.794763e-01	7.000000e-01	
1.342056e+02	1319	8.444422e+01	1.555257e+02	1.342056e+02	1319	6.481050e-01	7.000000e-01	
1.343074e+02	1320	7.235929e+01	1.685716e+02	1.343074e+02	1320	6.996679e-01	7.000000e-01	
1.344091e+02	1321	6.077071e+01	1.377827e+02	1.344091e+02	1321	6.939327e-01	7.000000e-01	
1.345109e+02	1322	8.271995e+01	1.466464e+02	1.345109e+02	1322	6.393545e-01	7.000000e-01	
1.346126e+02	1323	6.712929e+01	1.334118e+02	1.346126e+02	1323	6.652592e-01	7.000000e-01	
1.347144e+02	1324	8.386961e+01	1.671737e+02	1.347144e+02	1324	6.659158e-01	7.000000e-01	
1.348161e+02	1325	5.043162e+01	1.271036e+02	1.348161e+02	1325	7.159346e-01	7.000000e-01	
1.349178e+02	1326	7.621588e+01	1.487372e+02	1.349178e+02	1326	6.611921e-01	7.000000e-01	
1.350196e+02	1327	5.321870e+01	1.244919e+02	1.350196e+02	1327	7.005317e-01	7.000000e-01	
1.351213e+02	1328	5.689625e+01	1.260713e+02	1.351213e+02	1328	6.890364e-01	7.000000e-01	
1.352231e+02	1329	4.994209e+01	1.301776e+02	1.352231e+02	1329	7.227283e-01	7.000000e-01	
1.353248e+02	1330	4.595767e+01	1.213398e+02	1.353248e+02	1330	7.252937e-01	7.000000e-01	
1.354266e+02	1331	5.545664e+01	1.285735e+02	1.354266e+02	1331	6.986546e-01	7.000000e-01	
1.355283e+02	1332	5.440603e+01	1.312622e+02	1.355283e+02	1332	7.069718e-01	7.000000e-01	
1.356301e+02	1333	6.036481e+01	1.504580e+02	1.356301e+02	1333	7.136704e-01	7.000000e-01	
1.357318e+02	1334	6.208532e+01	1.310001e+02	1.357318e+02	1334	6.784567e-01	7.000000e-01	
1.358336e+02	1335	5.394922e+01	1.386525e+02	1.358336e+02	1335	7.198923e-01	7.000000e-01	
1.359353e+02	1336	6.766650e+01	1.665008e+02	1.359353e+02	1336	7.110335e-01	7.000000e-01	
1.360371e+02	1337	5.823283e+01	1.477620e+02	1.360371e+02	1337	7.173093e-01	7.000000e-01	
1.361388e+02	1338	5.847922e+01	1.325275e+02	1.361388e+02	1338	6.938368e-01	7.000000e-01	
1.362406e+02	1339	6.470190e+01	1.612106e+02	1.362406e+02	1339	7.135975e-01	7.000000e-01	
1.363423e+02	1340	4.424810e+01	1.116454e+02	1.363423e+02	1340	7.161646e-01	7.000000e-01	
1.364441e+02	1341	5.917239e+01	1.460473e+02	1.364441e+02	1341	7.116632e-01	7.000000e-01	
1.365458e+02	1342	4.377857e+01	1.276950e+02	1.365458e+02	1342	7.446920e-01	7.000000e-01	
1.366476e+02	1343	4.498410e+01	9.385398e+01	1.366476e+02	1343	6.759960e-01	7.000000e-01	
1.367493e+02	1344	3.602229e+01	1.398761e+02	1.367493e+02	1344	7.952097e-01	7.000000e-01	
1.368511e+02	1345	3.683737e+01	1.398154e+02	1.368511e+02	1345	7.914702e-01	7.000000e-01	
1.369528e+02	1346	3.092084e+01	1.373546e+02	1.369528e+02	1346	8.162486e-01	7.000000e-01	
1.370546e+02	1347	4.406496e+01	1.582325e+02	1.370546e+02	1347	7.821774e-01	7.000000e-01	
1.371563e+02	1348	3.995010e+01	1.776660e+02	1.371563e+02	1348	8.164194e-01	7.000000e-01	
1.372581e+02	1349	4.178613e+01	1.389501e+02	1.372581e+02	1349	7.688005e-01	7.000000e-01	
1.373598e+02	1350	5.522555e+01	1.444919e+02	1.373598e+02	1350	7.234816e-01	7.000000e-01	
1.374615e+02	1351	4.677674e+01	1.793848e+02	1.374615e+02	1351	7.931711e-01	7.000000e-01	
1.375633e+02	1352	3.515302e+01	1.468315e+02	1.375633e+02	1352	8.068351e-01	7.000000e-01	
1.376650e+02	1353	6.531114e+01	1.547869e+02	1.376650e+02	1353	7.032634e-01	7.000000e-01	
1.377668e+02	1354	5.089592e+01	1.423998e+02	1.377668e+02	1354	7.366940e-01	7.000000e-01	
1.378685e+02	1355	4.505886e+01	1.340178e+02	1.378685e+02	1355	7.483823e-01	7.000000e-01	
1.379703e+02	1356	6.237951e+01	1.368482e+02	1.379703e+02	1356	6.868934e-01	7.000000e-01	
1.380720e+02	1357	6.304731e+01	1.377369e+02	1.380720e+02	1357	6.859947e-01	7.000000e-01	
1.381738e+02	1358	5.980501e+01	1.429303e+02	1.381738e+02	1358	7.050094e-01	7.000000e-01	
1.382755e+02	1359	5.674177e+01	1.216509e+02	1.382755e+02	1359	6.819277e-01	7.000000e-01	
1.383773e+02	1360	5.575381e+01	1.291973e+02	1.383773e+02	1360	6.985484e-01	7.000000e-01	
1.384790e+02	1361	4.744473e+01	1.214785e+02	1.384790e+02	1361	7.191344e-01	7.000000e-01	
1.385808e+02	1362	5.132347e+01	1.278356e+02	1.385808e+02	1362	7.135313e-01	7.000000e-01	
1.386825e+02	1363	5.156926e+01	1.353635e+02	1.386825e+02	1363	7.241294e-01	7.000000e-01	
1.387843e+02	1364	6.533126e+01	1.333013e+02	1.387843e+02	1364	6.710949e-01	7.000000e-01	
1.388860e+02	1365	4.243305e+01	1.230124e+02	1.388860e+02	1365	7.435224e-01	7.000000e-01	
1.389878e+02	1366	6.080313e+01	1.362816e+02	1.389878e+02	1366	6.914874e-01	7.000000e-01	
1.390895e+02	1367	3.867150e+01	1.043295e+02	1.390895e+02	1367	7.295718e-01	7.000000e-01	
1.391913e+02	1368	5.166571e+01	1.181781e+02	1.391913e+02	1368	6.958046e-01	7.000000e-01	
1.392930e+02	1369	4.994682e+01	1.266430e+02	1.392930e+02	1369	7.171591e-01	7.000000e-01	
1.393948e+02	1370	6.231052e+01	1.015368e+02	1.393948e+02	1370	6.197038e-01	7.000000e-01	
1.394965e+02	1371	4.606978e+01	1.233081e+02	1.394965e+02	1371	7.280059e-01	7.000000e-01	
1.395983e+02	1372	4.305720e+01	1.237976e+02	1.395983e+02	1372	7.419481e-01	7.000000e-01	
1.397000e+02	1373	5.411523e+01	1.595944e+02	1.397000e+02	1373	7.467815e-01	7.000000e-01	
1.398018e+02	1374	4.290409e+01	1.243669e+02	1.398018e+02	1374	7.435055e-01	7.000000e-01	
1.399035e+02	1375	7.584770e+01	7.064948e+01	1.399035e+02	1375	4.822583e-01	0	
1.400052e+02	1376	8.073351e+01	6.679560e+01	1.400052e+02	1376	4.527622e-01	0	
1.401070e+02	1377	7.634465e+01	1.282254e+02	1.401070e+02	1377	6.268044e-01	7.000000e-01	
1.402087e+02	1378	7.367032e+01	1.231469e+02	1.402087e+02	1378	6.256917e-01	7.000000e-01	
1.403105e+02	1379	6.513830e+01	1.039954e+02	1.403105e+02	1379	6.148710e-01	7.000000e-01	
1.404122e+02	1380	8.025862e+01	1.302837e+02	1.404122e+02	1380	6.188005e-01	7.000000e-01	
1.405140e+02	1381	7.280363e+01	1.066098e+02	1.405140e+02	1381	5.942130e-01	7.000000e-01	
1.406157e+02	1382	8.649987e+01	1.224010e+02	1.406157e+02	1382	5.859286e-01	7.000000e-01	
1.407175e+02	1383	8.103900e+01	1.211607e+02	1.407175e+02	1383	5.992131e-01	7.000000e-01	
1.408192e+02	1384	7.329754e+01	1.138965e+02	1.408192e+02	1384	6.084408e-01	7.000000e-01	
1.409210e+02	1385	8.335118e+01	1.439716e+02	1.409210e+02	1385	6.333356e-01	7.000000e-01	
1.410227e+02	1386	8.592761e+01	1.515928e+02	1.410227e+02	1386	6.382306e-01	7.000000e-01	
1.411245e+02	1387	8.425995e+01	1.130458e+02	1.411245e+02	1387	5.729473e-01	7.000000e-01	
1.412262e+02	1388	8.787624e+01	1.477580e+02	1.412262e+02	1388	6.270651e-01	7.000000e-01	
1.413280e+02	1389	8.811554e+01	1.371424e+02	1.413280e+02	1389	6.088238e-01	7.000000e-01	
1.414297e+02	1390	8.823510e+01	1.358382e+02	1.414297e+02	1390	6.062222e-01	7.000000e-01	
1.415315e+02	1391	7.507375e+01	1.379990e+02	1.415315e+02	1391	6.476614e-01	7.000000e-01	
1.416332e+02	1392	7.795361e+01	1.440382e+02	1.416332e+02	1392	6.488447e-01	7.000000e-01	
1.417350e+02	1393	8.912350e+01	1.470009e+02	1.417350e+02	1393	6.225570e-01	7.000000e-01	
1.418367e+02	1394	9.082661e+01	1.360824e+02	1.418367e+02	1394	5.997223e-01	7.000000e-01	
1.419385e+02	1395	7.538603e+01	1.298232e+02	1.419385e+02	1395	6.326382e-01	7.000000e-01	
1.420402e+02	1396	7.662012e+01	1.256917e+02	1.420402e+02	1396	6.212771e-01	7.000000e-01	
1.421420e+02	1397	7.130021e+01	1.278897e+02	1.421420e+02	1397	6.420491e-01	7.000000e-01	
1.422437e+02	1398	6.271347e+01	1.431188e+02	1.422437e+02	1398	6.953176e-01	7.000000e-01	
1.423455e+02	1399	7.355628e+01	1.369232e+02	1.423455e+02	1399	6.505299e-01	7.000000e-01	
1.424472e+02	1400	9.646305e+01	1.157007e+02	1.424472e+02	1400	5.453368e-01	7.000000e-01	
1.425489e+02	1401	8.275185e+01	1.208668e+02	1.425489e+02	1401	5.935940e-01	7.000000e-01	
1.426507e+02	1402	7.096453e+01	1.366562e+02	1.426507e+02	1402	6.582011e-01	7.000000e-01	
1.427524e+02	1403	7.708754e+01	1.249397e+02	1.427524e+02	1403	6.184300e-01	7.000000e-01	
1.428542e+02	1404	6.306765e+01	1.486288e+02	1.428542e+02	1404	7.020845e-01	7.000000e-01	
1.429559e+02	1405	6.072404e+01	1.477088e+02	1.429559e+02	1405	7.086638e-01	7.000000e-01	
1.430577e+02	1406	6.163047e+01	1.506236e+02	1.430577e+02	1406	7.096382e-01	7.000000e-01	
1.431594e+02	1407	4.617356e+01	1.449905e+02	1.431594e+02	1407	7.584611e-01	7.000000e-01	
1.432612e+02	1408	5.424545e+01	1.531197e+02	1.432612e+02	1408	7.384061e-01	7.000000e-01	
1.433629e+02	1409	6.392730e+01	1.401032e+02	1.433629e+02	1409	6.866777e-01	7.000000e-01	
1.434647e+02	1410	6.482750e+01	1.510785e+02	1.434647e+02	1410	6.997420e-01	7.000000e-01	
1.435664e+02	1411	5.977950e+01	1.510119e+02	1.435664e+02	1411	7.164045e-01	7.000000e-01	
1.436682e+02	1412	5.894328e+01	1.454313e+02	1.436682e+02	1412	7.115919e-01	7.000000e-01	
1.437699e+02	1413	8.401463e+01	1.561070e+02	1.437699e+02	1413	6.501164e-01	7.000000e-01	
1.438717e+02	1414	6.645274e+01	1.545566e+02	1.438717e+02	1414	6.993216e-01	7.000000e-01	
1.439734e+02	1415	6.004744e+01	1.502705e+02	1.439734e+02	1415	7.144921e-01	7.000000e-01	
1.440752e+02	1416	5.756929e+01	1.437925e+02	1.440752e+02	1416	7.141002e-01	7.000000e-01	
1.441769e+02	1417	6.772399e+01	1.397708e+02	1.441769e+02	1417	6.736111e-01	7.000000e-01	
1.442787e+02	1418	6.176875e+01	1.385328e+02	1.442787e+02	1418	6.916212e-01	7.000000e-01	
1.443804e+02	1419	6.034373e+01	1.500344e+02	1.443804e+02	1419	7.131654e-01	7.000000e-01	
1.444822e+02	1420	7.085404e+01	1.665093e+02	1.444822e+02	1420	7.014954e-01	7.000000e-01	
1.445839e+02	1421	6.166010e+01	1.422975e+02	1.445839e+02	1421	6.976818e-01	7.000000e-01	
1.446857e+02	1422	5.348610e+01	1.366735e+02	1.446857e+02	1422	7.187305e-01	7.000000e-01	
1.447874e+02	1423	4.977238e+01	1.489522e+02	1.447874e+02	1423	7.495409e-01	7.000000e-01	
1.448892e+02	1424	5.059554e+01	1.096721e+02	1.448892e+02	1424	6.843060e-01	7.000000e-01	
1.449909e+02	1425	3.878006e+01	1.375771e+02	1.449909e+02	1425	7.801050e-01	7.000000e-01	
1.450926e+02	1426	4.891487e+01	1.276044e+02	1.450926e+02	1426	7.228922e-01	7.000000e-01	
1.451944e+02	1427	5.119733e+01	1.128268e+02	1.451944e+02	1427	6.878671e-01	7.000000e-01	
1.452961e+02	1428	3.899217e+01	1.485691e+02	1.452961e+02	1428	7.921097e-01	7.000000e-01	
1.453979e+02	1429	4.403604e+01	1.387838e+02	1.453979e+02	1429	7.591288e-01	7.000000e-01	
1.454996e+02	1430	5.667215e+01	1.705927e+02	1.454996e+02	1430	7.506339e-01	7.000000e-01	
1.456014e+02	1431	4.800065e+01	1.568652e+02	1.456014e+02	1431	7.656972e-01	7.000000e-01	
1.457031e+02	1432	5.621703e+01	1.825817e+02	1.457031e+02	1432	7.645840e-01	7.000000e-01	
1.458049e+02	1433	5.493388e+01	1.613871e+02	1.458049e+02	1433	7.460539e-01	7.000000e-01	
1.459066e+02	1434	5.735448e+01	1.697489e+02	1.459066e+02	1434	7.474521e-01	7.000000e-01	
1.460084e+02	1435	5.505216e+01	1.674303e+02	1.460084e+02	1435	7.525551e-01	7.000000e-01	
1.461101e+02	1436	6.245380e+01	1.674960e+02	1.461101e+02	1436	7.284025e-01	7.000000e-01	
1.462119e+02	1437	6.120223e+01	1.861614e+02	1.462119e+02	1437	7.525819e-01	7.000000e-01	
1.463136e+02	1438	4.714660e+01	1.685354e+02	1.463136e+02	1438	7.814069e-01	7.000000e-01	
1.464154e+02	1439	6.271918e+01	1.773849e+02	1.464154e+02	1439	7.387834e-01	7.000000e-01	
1.465171e+02	1440	5.766416e+01	1.772551e+02	1.465171e+02	1440	7.545363e-01	7.000000e-01	
1.466189e+02	1441	7.641333e+01	1.946342e+02	1.466189e+02	1441	7.180814e-01	7.000000e-01	
1.467206e+02	1442	5.425119e+01	1.726797e+02	1.467206e+02	1442	7.609352e-01	7.000000e-01	
1.468224e+02	1443	7.806322e+01	1.578577e+02	1.468224e+02	1443	6.691128e-01	7.000000e-01	
1.469241e+02	1444	6.588514e+01	1.802687e+02	1.469241e+02	1444	7.323416e-01	7.000000e-01	
1.470259e+02	1445	7.065302e+01	1.459162e+02	1.470259e+02	1445	6.737624e-01	7.000000e-01	
1.471276e+02	1446	7.496236e+01	1.703876e+02	1.471276e+02	1446	6.944676e-01	7.000000e-01	
1.472294e+02	1447	7.822376e+01	1.413035e+02	1.472294e+02	1447	6.436718e-01	7.000000e-01	
1.473311e+02	1448	7.374659e+01	1.386078e+02	1.473311e+02	1448	6.527193e-01	7.000000e-01	
1.474329e+02	1449	7.573867e+01	1.616142e+02	1.474329e+02	1449	6.809027e-01	7.000000e-01	
1.475346e+02	1450	6.456741e+01	1.430942e+02	1.475346e+02	1450	6.890739e-01	7.000000e-01	
1.476363e+02	1451	8.004776e+01	1.296536e+02	1.476363e+02	1451	6.182773e-01	7.000000e-01	
1.477381e+02	1452	8.465382e+01	1.386242e+02	1.477381e+02	1452	6.208591e-01	7.000000e-01	
1.478398e+02	1453	6.587974e+01	1.396335e+02	1.478398e+02	1453	6.794380e-01	7.000000e-01	
1.479416e+02	1454	5.815504e+01	1.276035e+02	1.479416e+02	1454	6.869321e-01	7.000000e-01	
1.480433e+02	1455	7.598855e+01	1.422188e+02	1.480433e+02	1455	6.517599e-01	7.000000e-01	
1.481451e+02	1456	6.443015e+01	1.218639e+02	1.481451e+02	1456	6.541481e-01	7.000000e-01	
1.482468e+02	1457	6.527618e+01	1.322350e+02	1.482468e+02	1457	6.695064e-01	7.000000e-01	
1.483486e+02	1458	5.837500e+01	1.258743e+02	1.483486e+02	1458	6.831738e-01	7.000000e-01	
1.484503e+02	1459	5.719851e+01	1.296767e+02	1.484503e+02	1459	6.939214e-01	7.000000e-01	
1.485521e+02	1460	6.708993e+01	1.103396e+02	1.485521e+02	1460	6.218784e-01	7.000000e-01	
1.486538e+02	1461	6.221731e+01	1.277485e+02	1.486538e+02	1461	6.724815e-01	7.000000e-01	
1.487556e+02	1462	7.634698e+01	1.662965e+02	1.487556e+02	1462	6.853533e-01	7.000000e-01	
1.488573e+02	1463	6.486001e+01	1.335143e+02	1.488573e+02	1463	6.730423e-01	7.000000e-01	
1.489591e+02	1464	7.489646e+01	1.262051e+02	1.489591e+02	1464	6.275690e-01	7.000000e-01	
1.490608e+02	1465	6.733980e+01	1.332004e+02	1.490608e+02	1465	6.642080e-01	7.000000e-01	
1.491626e+02	1466	6.891149e+01	1.625505e+02	1.491626e+02	1466	7.022773e-01	7.000000e-01	
1.492643e+02	1467	7.553858e+01	1.453912e+02	1.492643e+02	1467	6.580878e-01	7.000000e-01	
1.493661e+02	1468	6.399218e+01	1.499357e+02	1.493661e+02	1468	7.008703e-01	7.000000e-01	
1.494678e+02	1469	7.305891e+01	1.444512e+02	1.494678e+02	1469	6.641126e-01	7.000000e-01	
1.495696e+02	1470	6.137099e+01	1.721454e+02	1.495696e+02	1470	7.371877e-01	7.000000e-01	
1.496713e+02	1471	6.644113e+01	1.662482e+02	1.496713e+02	1471	7.144642e-01	7.000000e-01	
1.497731e+02	1472	5.477328e+01	1.916089e+02	1.497731e+02	1472	7.776898e-01	7.000000e-01	
1.498748e+02	1473	6.100644e+01	1.737757e+02	1.498748e+02	1473	7.401572e-01	7.000000e-01	
1.499766e+02	1474	5.218388e+01	1.935264e+02	1.499766e+02	1474	7.876203e-01	7.000000e-01	
1.500783e+02	1475	5.364995e+01	2.000915e+02	1.500783e+02	1475	7.885645e-01	7.000000e-01	
1.501800e+02	1476	3.255032e+01	1.893031e+02	1.501800e+02	1476	8.532801e-01	7.000000e-01	
1.502818e+02	1477	6.276354e+01	1.806914e+02	1.502818e+02	1477	7.421965e-01	7.000000e-01	
1.503835e+02	1478	4.574505e+01	2.104987e+02	1.503835e+02	1478	8.214784e-01	7.000000e-01	
1.504853e+02	1479	6.175943e+01	1.836908e+02	1.504853e+02	1479	7.483831e-01	7.000000e-01	
1.505870e+02	1480	5.410537e+01	1.985493e+02	1.505870e+02	1480	7.858525e-01	7.000000e-01	
1.506888e+02	1481	7.258095e+01	1.770970e+02	1.506888e+02	1481	7.093017e-01	7.000000e-01	
1.507905e+02	1482	5.811566e+01	1.700040e+02	1.507905e+02	1482	7.452405e-01	7.000000e-01	
1.508923e+02	1483	6.492556e+01	1.836137e+02	1.508923e+02	1483	7.387714e-01	7.000000e-01	
1.509940e+02	1484	9.371942e+01	1.553579e+02	1.509940e+02	1484	6.237336e-01	7.000000e-01	
1.510958e+02	1485	6.921411e+01	1.632633e+02	1.510958e+02	1485	7.022760e-01	7.000000e-01	
1.511975e+02	1486	7.528710e+01	1.644860e+02	1.511975e+02	1486	6.860069e-01	7.000000e-01	
1.512993e+02	1487	6.670062e+01	1.732720e+02	1.512993e+02	1487	7.220490e-01	7.000000e-01	
1.514010e+02	1488	7.713433e+01	1.731914e+02	1.514010e+02	1488	6.918642e-01	7.000000e-01	
1.515028e+02	1489	9.620646e+01	1.600578e+02	1.515028e+02	1489	6.245810e-01	7.000000e-01	
1.516045e+02	1490	5.233492e+01	1.504980e+02	1.516045e+02	1490	7.419801e-01	7.000000e-01	
1.517063e+02	1491	7.075326e+01	1.699597e+02	1.517063e+02	1491	7.060679e-01	7.000000e-01	
1.518080e+02	1492	5.731259e+01	1.396443e+02	1.518080e+02	1492	7.090095e-01	7.000000e-01	
1.519098e+02	1493	5.459065e+01	1.310533e+02	1.519098e+02	1493	7.059390e-01	7.000000e-01	
1.520115e+02	1494	5.946075e+01	1.255604e+02	1.520115e+02	1494	6.786273e-01	7.000000e-01	
1.521133e+02	1495	5.159851e+01	1.288973e+02	1.521133e+02	1495	7.141290e-01	7.000000e-01	
1.522150e+02	1496	6.415201e+01	1.407275e+02	1.522150e+02	1496	6.868793e-01	7.000000e-01	
1.523168e+02	1497	5.105691e+01	1.599275e+02	1.523168e+02	1497	7.580062e-01	7.000000e-01	
1.524185e+02	1498	6.022499e+01	1.372275e+02	1.524185e+02	1498	6.949900e-01	7.000000e-01	
1.525203e+02	1499	6.020809e+01	1.383565e+02	1.525203e+02	1499	6.967833e-01	7.000000e-01	
1.526220e+02	1500	5.726818e+01	1.117503e+02	1.526220e+02	1500	6.611721e-01	7.000000e-01	
1.527237e+02	1501	5.827384e+01	9.995401e+01	1.527237e+02	1501	6.317093e-01	7.000000e-01	
1.528255e+02	1502	6.900584e+01	1.705326e+02	1.528255e+02	1502	7.119216e-01	7.000000e-01	
1.529272e+02	1503	6.741363e+01	1.300647e+02	1.529272e+02	1503	6.586277e-01	7.000000e-01	
1.530290e+02	1504	7.042993e+01	1.519380e+02	1.530290e+02	1504	6.832730e-01	7.000000e-01	
1.531307e+02	1505	7.114540e+01	1.484791e+02	1.531307e+02	1505	6.760589e-01	7.000000e-01	
1.532325e+02	1506	7.115518e+01	1.378640e+02	1.532325e+02	1506	6.595758e-01	7.000000e-01	
1.533342e+02	1507	7.933200e+01	1.594579e+02	1.533342e+02	1507	6.677749e-01	7.000000e-01	
1.534360e+02	1508	7.637825e+01	1.538336e+02	1.534360e+02	1508	6.682262e-01	7.000000e-01	
1.535377e+02	1509	6.889276e+01	1.701291e+02	1.535377e+02	1509	7.117721e-01	7.000000e-01	
1.536395e+02	1510	7.108745e+01	1.438301e+02	1.536395e+02	1510	6.692339e-01	7.000000e-01	
1.537412e+02	1511	7.111849e+01	1.412882e+02	1.537412e+02	1511	6.651777e-01	7.000000e-01	
1.538430e+02	1512	7.064545e+01	1.421809e+02	1.538430e+02	1512	6.680606e-01	7.000000e-01	
1.539447e+02	1513	7.149145e+01	1.379078e+02	1.539447e+02	1513	6.585878e-01	7.000000e-01	
1.540465e+02	1514	8.027028e+01	1.077204e+02	1.540465e+02	1514	5.730093e-01	7.000000e-01	
1.541482e+02	1515	6.666087e+01	1.382893e+02	1.541482e+02	1515	6.747460e-01	7.000000e-01	
1.542500e+02	1516	6.381320e+01	1.271320e+02	1.542500e+02	1516	6.658036e-01	7.000000e-01	
1.543517e+02	1517	7.468528e+01	1.257415e+02	1.543517e+02	1517	6.273688e-01	7.000000e-01	
1.544535e+02	1518	6.028577e+01	1.191335e+02	1.544535e+02	1518	6.639950e-01	7.000000e-01	
1.545552e+02	1519	6.976655e+01	1.387472e+02	1.545552e+02	1519	6.654103e-01	7.000000e-01	
1.546570e+02	1520	7.751662e+01	1.450528e+02	1.546570e+02	1520	6.517194e-01	7.000000e-01	
1.547587e+02	1521	6.852248e+01	1.148608e+02	1.547587e+02	1521	6.263428e-01	7.000000e-01	
1.548605e+02	1522	7.118948e+01	1.316006e+02	1.548605e+02	1522	6.489499e-01	7.000000e-01	
1.549622e+02	1523	7.910786e+01	1.074407e+02	1.549622e+02	1523	5.759396e-01	7.000000e-01	
1.550640e+02	1524	6.135058e+01	1.099764e+02	1.550640e+02	1524	6.419094e-01	7.000000e-01	
1.551657e+02	1525	5.562957e+01	1.165693e+02	1.551657e+02	1525	6.769458e-01	7.000000e-01	
1.552674e+02	1526	6.140192e+01	1.183099e+02	1.552674e+02	1526	6.583312e-01	7.000000e-01	
1.553692e+02	1527	8.354010e+01	1.501319e+02	1.553692e+02	1527	6.424899e-01	7.000000e-01	
1.554709e+02	1528	7.865887e+01	1.443912e+02	1.554709e+02	1528	6.473488e-01	7.000000e-01	
1.555727e+02	1529	1.093575e+02	1.290956e+02	1.555727e+02	1529	5.413878e-01	7.000000e-01	
1.556744e+02	1530	7.794916e+01	1.447263e+02	1.556744e+02	1530	6.499427e-01	7.000000e-01	
1.557762e+02	1531	7.763633e+01	1.501759e+02	1.557762e+02	1531	6.592091e-01	7.000000e-01	
1.558779e+02	1532	7.760881e+01	1.497112e+02	1.558779e+02	1532	6.585923e-01	7.000000e-01	
1.559797e+02	1533	8.621234e+01	1.526893e+02	1.559797e+02	1533	6.391304e-01	7.000000e-01	
1.560814e+02	1534	8.864878e+01	1.394443e+02	1.560814e+02	1534	6.113482e-01	7.000000e-01	
1.561832e+02	1535	5.980617e+01	1.728505e+02	1.561832e+02	1535	7.429424e-01	7.000000e-01	
1.562849e+02	1536	6.570780e+01	1.631024e+02	1.562849e+02	1536	7.128284e-01	7.000000e-01	
1.563867e+02	1537	5.010868e+01	1.638739e+02	1.563867e+02	1537	7.658282e-01	7.000000e-01	
1.564884e+02	1538	6.286058e+01	1.658844e+02	1.564884e+02	1538	7.251936e-01	7.000000e-01	
1.565902e+02	1539	5.819407e+01	1.580864e+02	1.565902e+02	1539	7.309324e-01	7.000000e-01	
1.566919e+02	1540	7.677505e+01	1.636287e+02	1.566919e+02	1540	6.806412e-01	7.000000e-01	
1.567937e+02	1541	7.849022e+01	1.745786e+02	1.567937e+02	1541	6.898463e-01	7.000000e-01	
1.568954e+02	1542	6.109715e+01	1.464301e+02	1.568954e+02	1542	7.055946e-01	7.000000e-01	
1.569972e+02	1543	3.555185e+01	1.320972e+02	1.569972e+02	1543	7.879389e-01	7.000000e-01	
1.570989e+02	1544	4.693785e+01	1.602254e+02	1.570989e+02	1544	7.734258e-01	7.000000e-01	
1.572007e+02	1545	6.259818e+01	1.615127e+02	1.572007e+02	1545	7.206821e-01	7.000000e-01	
1.573024e+02	1546	5.769821e+01	1.286078e+02	1.573024e+02	1546	6.903041e-01	7.000000e-01	
1.574042e+02	1547	5.718236e+01	1.500660e+02	1.574042e+02	1547	7.240878e-01	7.000000e-01	
1.575059e+02	1548	5.552384e+01	1.250981e+02	1.575059e+02	1548	6.925964e-01	7.000000e-01	
1.576077e+02	1549	4.923849e+01	1.229271e+02	1.576077e+02	1549	7.140050e-01	7.000000e-01	
1.577094e+02	1550	5.714364e+01	1.432013e+02	1.577094e+02	1550	7.147737e-01	7.000000e-01	
1.578111e+02	1551	6.457885e+01	1.343649e+02	1.578111e+02	1551	6.753914e-01	7.000000e-01	
1.579129e+02	1552	9.539303e+01	1.670507e+02	1.579129e+02	1552	6.365201e-01	7.000000e-01	
1.580146e+02	1553	8.049224e+01	1.936295e+02	1.580146e+02	1553	7.063632e-01	7.000000e-01	
1.581164e+02	1554	6.456886e+01	1.478692e+02	1.581164e+02	1554	6.960579e-01	7.000000e-01	
1.582181e+02	1555	7.308486e+01	1.538997e+02	1.582181e+02	1555	6.780184e-01	7.000000e-01	
1.583199e+02	1556	3.990751e+01	1.536281e+02	1.583199e+02	1556	7.937976e-01	7.000000e-01	
1.584216e+02	1557	5.711815e+01	1.463136e+02	1.584216e+02	1557	7.192270e-01	7.000000e-01	
1.585234e+02	1558	7.111447e+01	1.504656e+02	1.585234e+02	1558	6.790575e-01	7.000000e-01	
1.586251e+02	1559	4.778713e+01	1.388950e+02	1.586251e+02	1559	7.440187e-01	7.000000e-01	
1.587269e+02	1560	3.552990e+01	1.346531e+02	1.587269e+02	1560	7.912253e-01	7.000000e-01	
1.588286e+02	1561	7.071904e+01	1.313091e+02	1.588286e+02	1561	6.499545e-01	7.000000e-01	
1.589304e+02	1562	4.923091e+01	1.543756e+02	1.589304e+02	1562	7.582056e-01	7.000000e-01	
1.590321e+02	1563	6.154119e+01	1.110007e+02	1.590321e+02	1563	6.433261e-01	7.000000e-01	
1.591339e+02	1564	7.157227e+01	1.585929e+02	1.591339e+02	1564	6.890395e-01	7.000000e-01	
1.592356e+02	1565	6.328966e+01	1.203147e+02	1.592356e+02	1565	6.552933e-01	7.000000e-01	
1.593374e+02	1566	6.016866e+01	1.000039e+02	1.593374e+02	1566	6.243510e-01	7.000000e-01	
1.594391e+02	1567	7.216364e+01	1.272867e+02	1.594391e+02	1567	6.381874e-01	7.000000e-01	
1.595409e+02	1568	4.972751e+01	1.426302e+02	1.595409e+02	1568	7.414842e-01	7.000000e-01	
1.596426e+02	1569	5.493113e+01	1.283614e+02	1.596426e+02	1569	7.003090e-01	7.000000e-01	
1.597444e+02	1570	5.365046e+01	1.286135e+02	1.597444e+02	1570	7.056442e-01	7.000000e-01	
1.598461e+02	1571	4.981263e+01	1.093108e+02	1.598461e+02	1571	6.869560e-01	7.000000e-01	
1.599479e+02	1572	6.815583e+01	1.507627e+02	1.599479e+02	1572	6.886703e-01	7.000000e-01	
1.600496e+02	1573	4.834923e+01	1.192984e+02	1.600496e+02	1573	7.116021e-01	7.000000e-01	
1.601514e+02	1574	7.378578e+01	1.222253e+02	1.601514e+02	1574	6.235632e-01	7.000000e-01	
1.602531e+02	1575	5.002491e+01	1.372258e+02	1.602531e+02	1575	7.328453e-01	7.000000e-01	
1.603548e+02	1576	7.603971e+01	1.289216e+02	1.603548e+02	1576	6.290046e-01	7.000000e-01	
1.604566e+02	1577	6.430102e+01	1.417651e+02	1.604566e+02	1577	6.879593e-01	7.000000e-01	
1.605583e+02	1578	6.922947e+01	1.265977e+02	1.605583e+02	1578	6.464767e-01	7.000000e-01	
1.606601e+02	1579	6.944593e+01	1.055128e+02	1.606601e+02	1579	6.030725e-01	7.000000e-01	
1.607618e+02	1580	6.988613e+01	1.282160e+02	1.607618e+02	1580	6.472217e-01	7.000000e-01	
1.608636e+02	1581	8.001649e+01	1.004190e+02	1.608636e+02	1581	5.565369e-01	7.000000e-01	
1.609653e+02	1582	7.076661e+01	1.104491e+02	1.609653e+02	1582	6.094897e-01	7.000000e-01	
1.610671e+02	1583	7.657496e+01	1.344011e+02	1.610671e+02	1583	6.370443e-01	7.000000e-01	
1.611688e+02	1584	7.549099e+01	1.986719e+02	1.611688e+02	1584	7.246491e-01	7.000000e-01	
1.612706e+02	1585	5.924995e+01	1.244392e+02	1.612706e+02	1585	6.774445e-01	7.000000e-01	
1.613723e+02	1586	7.801221e+01	1.390608e+02	1.613723e+02	1586	6.406176e-01	7.000000e-01	
1.614741e+02	1587	7.027957e+01	1.546402e+02	1.614741e+02	1587	6.875349e-01	7.000000e-01	
1.615758e+02	1588	7.833265e+01	1.428877e+02	1.615758e+02	1588	6.459067e-01	7.000000e-01	
1.616776e+02	1589	7.413931e+01	1.381059e+02	1.616776e+02	1589	6.506903e-01	7.000000e-01	
1.617793e+02	1590	7.601937e+01	1.308159e+02	1.617793e+02	1590	6.324642e-01	7.000000e-01	
1.618811e+02	1591	6.802345e+01	1.225920e+02	1.618811e+02	1591	6.431378e-01	7.000000e-01	
1.619828e+02	1592	7.849003e+01	1.437431e+02	1.619828e+02	1592	6.468122e-01	7.000000e-01	
1.620846e+02	1593	7.055901e+01	1.369859e+02	1.620846e+02	1593	6.600302e-01	7.000000e-01	
1.621863e+02	1594	6.500958e+01	1.153021e+02	1.621863e+02	1594	6.394600e-01	7.000000e-01	
1.622881e+02	1595	7.954432e+01	1.104278e+02	1.622881e+02	1595	5.812842e-01	7.000000e-01	
1.623898e+02	1596	8.650304e+01	1.547458e+02	1.623898e+02	1596	6.414365e-01	7.000000e-01	
1.624916e+02	1597	7.299438e+01	2.131561e+02	1.624916e+02	1597	7.449091e-01	7.000000e-01	
1.625933e+02	1598	8.013149e+01	1.431998e+02	1.625933e+02	1598	6.411990e-01	7.000000e-01	
1.626951e+02	1599	8.804179e+01	1.777778e+02	1.626951e+02	1599	6.687912e-01	7.000000e-01	
1.627968e+02	1600	9.850983e+01	1.766326e+02	1.627968e+02	1600	6.419679e-01	7.000000e-01	
1.628985e+02	1601	7.171488e+01	1.466641e+02	1.628985e+02	1601	6.716036e-01	7.000000e-01	
1.630003e+02	1602	6.404095e+01	1.629111e+02	1.630003e+02	1602	7.178217e-01	7.000000e-01	
1.631020e+02	1603	6.883730e+01	1.502994e+02	1.631020e+02	1603	6.858705e-01	7.000000e-01	
1.632038e+02	1604	5.880230e+01	1.686264e+02	1.632038e+02	1604	7.414473e-01	7.000000e-01	
1.633055e+02	1605	6.409890e+01	1.432693e+02	1.633055e+02	1605	6.908933e-01	7.000000e-01	
1.634073e+02	1606	7.413528e+01	1.416575e+02	1.634073e+02	1606	6.564515e-01	7.000000e-01	
1.635090e+02	1607	6.745199e+01	1.618088e+02	1.635090e+02	1607	7.057849e-01	7.000000e-01	
1.636108e+02	1608	7.838390e+01	1.450460e+02	1.636108e+02	1608	6.491790e-01	7.000000e-01	
1.637125e+02	1609	9.565196e+01	1.463419e+02	1.637125e+02	1609	6.047339e-01	7.000000e-01	
1.638143e+02	1610	6.385645e+01	1.612962e+02	1.638143e+02	1610	7.163860e-01	7.000000e-01	
1.639160e+02	1611	7.263004e+01	1.000263e+02	1.639160e+02	1611	5.793375e-01	7.000000e-01	
1.640178e+02	1612	7.476758e+01	1.297835e+02	1.640178e+02	1612	6.344797e-01	7.000000e-01	
1.641195e+02	1613	9.287864e+01	9.419242e+01	1.641195e+02	1613	5.035114e-01	7.000000e-01	
1.642213e+02	1614	9.910537e+01	1.751694e+02	1.642213e+02	1614	6.386639e-01	7.000000e-01	
1.643230e+02	1615	1.035883e+02	1.606083e+02	1.643230e+02	1615	6.079121e-01	7.000000e-01	
1.644248e+02	1616	9.297250e+01	1.758202e+02	1.644248e+02	1616	6.541108e-01	7.000000e-01	
1.645265e+02	1617	1.259237e+02	2.069734e+02	1.645265e+02	1617	6.217339e-01	7.000000e-01	
1.646283e+02	1618	1.123094e+02	1.775441e+02	1.646283e+02	1618	6.125305e-01	7.000000e-01	
1.647300e+02	1619	8.114193e+01	1.508259e+02	1.647300e+02	1619	6.502018e-01	7.000000e-01	
1.648318e+02	1620	8.932556e+01	1.805760e+02	1.648318e+02	1620	6.690439e-01	7.000000e-01	
1.649335e+02	1621	9.245208e+01	1.746913e+02	1.649335e+02	1621	6.539234e-01	7.000000e-01	
1.650353e+02	1622	6.397450e+01	1.621885e+02	1.650353e+02	1622	7.171310e-01	7.000000e-01	
1.651370e+02	1623	6.545366e+01	1.461528e+02	1.651370e+02	1623	6.906821e-01	7.000000e-01	
1.652388e+02	1624	6.562185e+01	1.584460e+02	1.652388e+02	1624	7.071340e-01	7.000000e-01	
1.653405e+02	1625	6.814359e+01	1.582625e+02	1.653405e+02	1625	6.990205e-01	7.000000e-01	
1.654422e+02	1626	6.320808e+01	1.614369e+02	1.654422e+02	1626	7.186312e-01	7.000000e-01	
1.655440e+02	1627	5.859962e+01	1.497918e+02	1.655440e+02	1627	7.188002e-01	7.000000e-01	
1.656457e+02	1628	5.715843e+01	1.559921e+02	1.656457e+02	1628	7.318401e-01	7.000000e-01	
1.657475e+02	1629	6.474063e+01	1.554521e+02	1.657475e+02	1629	7.059820e-01	7.000000e-01	
1.658492e+02	1630	6.078439e+01	1.488443e+02	1.658492e+02	1630	7.100378e-01	7.000000e-01	
1.659510e+02	1631	5.909702e+01	1.388294e+02	1.659510e+02	1631	7.014192e-01	7.000000e-01	
1.660527e+02	1632	7.234780e+01	1.601996e+02	1.660527e+02	1632	6.888901e-01	7.000000e-01	
1.661545e+02	1633	7.220683e+01	1.540374e+02	1.661545e+02	1633	6.808457e-01	7.000000e-01	
1.662562e+02	1634	6.002222e+01	1.544429e+02	1.662562e+02	1634	7.201306e-01	7.000000e-01	
1.663580e+02	1635	7.336050e+01	1.552975e+02	1.663580e+02	1635	6.791693e-01	7.000000e-01	
1.664597e+02	1636	6.990222e+01	1.472020e+02	1.664597e+02	1636	6.780246e-01	7.000000e-01	
1.665615e+02	1637	7.211781e+01	1.541945e+02	1.665615e+02	1637	6.813350e-01	7.000000e-01	
1.666632e+02	1638	7.091504e+01	1.659551e+02	1.666632e+02	1638	7.006164e-01	7.000000e-01	
1.667650e+02	1639	7.095166e+01	1.365474e+02	1.667650e+02	1639	6.580627e-01	7.000000e-01	
1.668667e+02	1640	5.065364e+01	1.487497e+02	1.668667e+02	1640	7.459740e-01	7.000000e-01	
1.669685e+02	1641	6.335161e+01	1.536452e+02	1.669685e+02	1641	7.080528e-01	7.000000e-01	
1.670702e+02	1642	8.520272e+01	1.138378e+02	1.670702e+02	1642	5.719328e-01	7.000000e-01	
1.671720e+02	1643	7.269141e+01	1.629384e+02	1.671720e+02	1643	6.915016e-01	7.000000e-01	
1.672737e+02	1644	6.443008e+01	1.401883e+02	1.672737e+02	1644	6.851208e-01	7.000000e-01	
1.673755e+02	1645	6.598503e+01	1.756669e+02	1.673755e+02	1645	7.269418e-01	7.000000e-01	
1.674772e+02	1646	8.388072e+01	1.783954e+02	1.674772e+02	1646	6.801816e-01	7.000000e-01	
1.675790e+02	1647	6.024601e+01	1.746832e+02	1.675790e+02	1647	7.435568e-01	7.000000e-01	
1.676807e+02	1648	7.406318e+01	1.510795e+02	1.676807e+02	1648	6.710389e-01	7.000000e-01	
1.677825e+02	1649	6.566646e+01	1.595464e+02	1.677825e+02	1649	7.084249e-01	7.000000e-01	
1.678842e+02	1650	9.025435e+01	2.001132e+02	1.678842e+02	1650	6.891721e-01	7.000000e-01	
1.679859e+02	1651	6.350626e+01	1.724014e+02	1.679859e+02	1651	7.308003e-01	7.000000e-01	
1.680877e+02	1652	8.136214e+01	1.653576e+02	1.680877e+02	1652	6.702244e-01	7.000000e-01	
1.681894e+02	1653	8.989951e+01	1.879671e+02	1.681894e+02	1653	6.764652e-01	7.000000e-01	
1.682912e+02	1654	8.337043e+01	1.677132e+02	1.682912e+02	1654	6.679575e-01	7.000000e-01	
1.683929e+02	1655	7.927779e+01	1.492017e+02	1.683929e+02	1655	6.530201e-01	7.000000e-01	
1.684947e+02	1656	9.459871e+01	1.552721e+02	1.684947e+02	1656	6.214095e-01	7.000000e-01	
1.685964e+02	1657	8.619420e+01	1.699815e+02	1.685964e+02	1657	6.635348e-01	7.000000e-01	
1.686982e+02	1658	8.280790e+01	1.613523e+02	1.686982e+02	1658	6.608460e-01	7.000000e-01	
1.687999e+02	1659	9.197459e+01	1.638460e+02	1.687999e+02	1659	6.404723e-01	7.000000e-01	
1.689017e+02	1660	9.125052e+01	1.197157e+02	1.689017e+02	1660	5.674638e-01	7.000000e-01	
1.690034e+02	1661	8.930787e+01	1.329760e+02	1.690034e+02	1661	5.982260e-01	7.000000e-01	
1.691052e+02	1662	8.208057e+01	1.606303e+02	1.691052e+02	1662	6.618175e-01	7.000000e-01	
1.692069e+02	1663	8.225477e+01	1.677979e+02	1.692069e+02	1663	6.710502e-01	7.000000e-01	
1.693087e+02	1664	8.035903e+01	1.381318e+02	1.693087e+02	1664	6.322087e-01	7.000000e-01	
1.694104e+02	1665	8.009056e+01	1.663296e+02	1.694104e+02	1665	6.749837e-01	7.000000e-01	
1.695122e+02	1666	8.912772e+01	1.737369e+02	1.695122e+02	1666	6.609368e-01	7.000000e-01	
1.696139e+02	1667	1.056620e+02	1.858387e+02	1.696139e+02	1667	6.375240e-01	7.000000e-01	
1.697157e+02	1668	7.042117e+01	1.650241e+02	1.697157e+02	1668	7.009022e-01	7.000000e-01	
1.698174e+02	1669	6.557574e+01	1.648815e+02	1.698174e+02	1669	7.154538e-01	7.000000e-01	
1.699192e+02	1670	8.518478e+01	1.686303e+02	1.699192e+02	1670	6.643825e-01	7.000000e-01	
1.700209e+02	1671	6.368878e+01	1.791426e+02	1.700209e+02	1671	7.377243e-01	7.000000e-01	
1.701227e+02	1672	6.080577e+01	1.776739e+02	1.701227e+02	1672	7.450274e-01	7.000000e-01	
1.702244e+02	1673	7.376509e+01	1.582430e+02	1.702244e+02	1673	6.820581e-01	7.000000e-01	
1.703262e+02	1674	7.020413e+01	1.663403e+02	1.703262e+02	1674	7.032095e-01	7.000000e-01	
1.704279e+02	1675	7.338736e+01	1.605514e+02	1.704279e+02	1675	6.862967e-01	7.000000e-01	
1.705296e+02	1676	6.196883e+01	1.847520e+02	1.705296e+02	1676	7.488302e-01	7.000000e-01	
1.706314e+02	1677	6.833766e+01	1.708854e+02	1.706314e+02	1677	7.143350e-01	7.000000e-01	
1.707331e+02	1678	7.140264e+01	1.653022e+02	1.707331e+02	1678	6.983474e-01	7.000000e-01	
1.708349e+02	1679	8.462331e+01	1.494933e+02	1.708349e+02	1679	6.385420e-01	7.000000e-01	
1.709366e+02	1680	7.537537e+01	1.232784e+02	1.709366e+02	1680	6.205691e-01	7.000000e-01	
1.710384e+02	1681	7.373809e+01	1.496057e+02	1.710384e+02	1681	6.698449e-01	7.000000e-01	
1.711401e+02	1682	7.658676e+01	1.295458e+02	1.711401e+02	1682	6.284587e-01	7.000000e-01	
1.712419e+02	1683	8.353777e+01	1.609008e+02	1.712419e+02	1683	6.582464e-01	7.000000e-01	
1.713436e+02	1684	8.367842e+01	1.350131e+02	1.713436e+02	1684	6.173678e-01	7.000000e-01	
1.714454e+02	1685	7.700489e+01	1.540702e+02	1.714454e+02	1685	6.667538e-01	7.000000e-01	
1.715471e+02	1686	6.972418e+01	1.380923e+02	1.715471e+02	1686	6.644916e-01	7.000000e-01	
1.716489e+02	1687	8.617398e+01	1.549191e+02	1.716489e+02	1687	6.425697e-01	7.000000e-01	
1.717506e+02	1688	7.096744e+01	1.379649e+02	1.717506e+02	1688	6.603329e-01	7.000000e-01	
1.718524e+02	1689	7.326019e+01	1.351455e+02	1.718524e+02	1689	6.484732e-01	7.000000e-01	
1.719541e+02	1690	8.206727e+01	1.286367e+02	1.719541e+02	1690	6.105091e-01	7.000000e-01	
1.720559e+02	1691	7.978116e+01	1.299886e+02	1.720559e+02	1691	6.196727e-01	7.000000e-01	
1.721576e+02	1692	6.560806e+01	1.190764e+02	1.721576e+02	1692	6.447559e-01	7.000000e-01	
1.722594e+02	1693	6.888208e+01	1.430697e+02	1.722594e+02	1693	6.750106e-01	7.000000e-01	
1.723611e+02	1694	7.765040e+01	1.325908e+02	1.723611e+02	1694	6.306604e-01	7.000000e-01	
1.724629e+02	1695	7.401274e+01	1.415179e+02	1.724629e+02	1695	6.566022e-01	7.000000e-01	
1.725646e+02	1696	6.664265e+01	1.386813e+02	1.725646e+02	1696	6.754268e-01	7.000000e-01	
1.726664e+02	1697	8.188397e+01	1.306962e+02	1.726664e+02	1697	6.148090e-01	7.000000e-01	
1.727681e+02	1698	8.886159e+01	1.442148e+02	1.727681e+02	1698	6.187448e-01	7.000000e-01	
1.728699e+02	1699	8.323071e+01	1.583664e+02	1.728699e+02	1699	6.554979e-01	7.000000e-01	
1.729716e+02	1700	7.939337e+01	1.312994e+02	1.729716e+02	1700	6.231794e-01	7.000000e-01	
1.730733e+02	1701	7.732855e+01	1.286558e+02	1.730733e+02	1701	6.245902e-01	7.000000e-01	
1.731751e+02	1702	8.082059e+01	1.311988e+02	1.731751e+02	1702	6.188057e-01	7.000000e-01	
1.732768e+02	1703	6.384023e+01	2.107591e+02	1.732768e+02	1703	7.675150e-01	7.000000e-01	
1.733786e+02	1704	8.346642e+01	1.637866e+02	1.733786e+02	1704	6.624251e-01	7.000000e-01	
1.734803e+02	1705	5.641803e+01	1.674691e+02	1.734803e+02	1705	7.480068e-01	7.000000e-01	
1.735821e+02	1706	6.998462e+01	1.769812e+02	1.735821e+02	1706	7.166222e-01	7.000000e-01	
1.736838e+02	1707	7.893785e+01	1.913151e+02	1.736838e+02	1707	7.079112e-01	7.000000e-01	
1.737856e+02	1708	5.655210e+01	1.360627e+02	1.737856e+02	1708	7.063980e-01	7.000000e-01	
1.738873e+02	1709	6.425523e+01	1.693129e+02	1.738873e+02	1709	7.248973e-01	7.000000e-01	
1.739891e+02	1710	5.788571e+01	1.592742e+02	1.739891e+02	1710	7.334420e-01	7.000000e-01	
1.740908e+02	1711	4.764239e+01	1.590337e+02	1.740908e+02	1711	7.694828e-01	7.000000e-01	
1.741926e+02	1712	5.357040e+01	1.018770e+02	1.741926e+02	1712	6.553792e-01	7.000000e-01	
1.742943e+02	1713	5.473263e+01	1.578502e+02	1.742943e+02	1713	7.425350e-01	7.000000e-01	
1.743961e+02	1714	6.819936e+01	1.329193e+02	1.743961e+02	1714	6.608999e-01	7.000000e-01	
1.744978e+02	1715	6.963905e+01	1.508942e+02	1.744978e+02	1715	6.842243e-01	7.000000e-01	
1.745996e+02	1716	5.761344e+01	1.112815e+02	1.745996e+02	1716	6.588800e-01	7.000000e-01	
1.747013e+02	1717	5.980742e+01	1.057595e+02	1.747013e+02	1717	6.387719e-01	7.000000e-01	
1.748031e+02	1718	7.121104e+01	1.422728e+02	1.748031e+02	1718	6.664336e-01	7.000000e-01	
1.749048e+02	1719	6.617366e+01	1.666883e+02	1.749048e+02	1719	7.158245e-01	7.000000e-01	
1.750066e+02	1720	6.767802e+01	1.607052e+02	1.750066e+02	1720	7.036647e-01	7.000000e-01	
1.751083e+02	1721	7.031944e+01	1.703697e+02	1.751083e+02	1721	7.078412e-01	7.000000e-01	
1.752101e+02	1722	6.003178e+01	1.439762e+02	1.752101e+02	1722	7.057381e-01	7.000000e-01	
1.753118e+02	1723	6.959761e+01	1.392823e+02	1.753118e+02	1723	6.668056e-01	7.000000e-01	
1.754136e+02	1724	5.080136e+01	1.943806e+02	1.754136e+02	1724	7.928014e-01	7.000000e-01	
1.755153e+02	1725	5.023904e+01	1.698447e+02	1.755153e+02	1725	7.717276e-01	7.000000e-01	
1.756170e+02	1726	6.428224e+01	1.682138e+02	1.756170e+02	1726	7.235125e-01	7.000000e-01	
1.757188e+02	1727	5.631305e+01	1.282495e+02	1.757188e+02	1727	6.948837e-01	7.000000e-01	
1.758205e+02	1728	6.048958e+01	1.520399e+02	1.758205e+02	1728	7.153826e-01	7.000000e-01	
1.759223e+02	1729	4.654594e+01	1.667646e+02	1.759223e+02	1729	7.817926e-01	7.000000e-01	
1.760240e+02	1730	9.307846e+01	1.081172e+02	1.760240e+02	1730	5.373734e-01	7.000000e-01	
1.761258e+02	1731	5.401289e+01	8.205890e+01	1.761258e+02	1731	6.030559e-01	7.000000e-01	
1.762275e+02	1732	7.360159e+01	1.099200e+02	1.762275e+02	1732	5.989486e-01	7.000000e-01	
1.763293e+02	1733	4.378234e+01	1.637447e+02	1.763293e+02	1733	7.890283e-01	7.000000e-01	
1.764310e+02	1734	5.710223e+01	1.840622e+02	1.764310e+02	1734	7.632228e-01	7.000000e-01	
1.765328e+02	1735	5.105125e+01	1.836006e+02	1.765328e+02	1735	7.824383e-01	7.000000e-01	
1.766345e+02	1736	5.658808e+01	1.283701e+02	1.766345e+02	1736	6.940493e-01	7.000000e-01	
1.767363e+02	1737	5.765909e+01	1.830508e+02	1.767363e+02	1737	7.604623e-01	7.000000e-01	
1.768380e+02	1738	6.198883e+01	1.461575e+02	1.768380e+02	1738	7.021863e-01	7.000000e-01	
1.769398e+02	1739	5.973443e+01	1.541177e+02	1.769398e+02	1739	7.206741e-01	7.000000e-01	
1.770415e+02	1740	4.614141e+01	1.893140e+02	1.770415e+02	1740	8.040333e-01	7.000000e-01	
1.771433e+02	1741	5.923733e+01	1.846824e+02	1.771433e+02	1741	7.571442e-01	7.000000e-01	
1.772450e+02	1742	5.277335e+01	1.821105e+02	1.772450e+02	1742	7.753215e-01	7.000000e-01	
1.773468e+02	1743	5.013702e+01	1.935903e+02	1.773468e+02	1743	7.942905e-01	7.000000e-01	
1.774485e+02	1744	4.324870e+01	2.112696e+02	1.774485e+02	1744	8.300763e-01	7.000000e-01	
1.775503e+02	1745	4.634531e+01	1.784087e+02	1.775503e+02	1745	7.937954e-01	7.000000e-01	
1.776520e+02	1746	5.926670e+01	1.472720e+02	1.776520e+02	1746	7.130480e-01	7.000000e-01	
1.777538e+02	1747	6.833856e+01	1.507794e+02	1.777538e+02	1747	6.881198e-01	7.000000e-01	
1.778555e+02	1748	5.833954e+01	1.457991e+02	1.778555e+02	1748	7.142161e-01	7.000000e-01	
1.779573e+02	1749	5.703761e+01	1.388390e+02	1.779573e+02	1749	7.088085e-01	7.000000e-01	
1.780590e+02	1750	5.387729e+01	1.696873e+02	1.780590e+02	1750	7.590079e-01	7.000000e-01	
1.781607e+02	1751	6.619914e+01	1.573338e+02	1.781607e+02	1751	7.038506e-01	7.000000e-01	
1.782625e+02	1752	6.399380e+01	1.296340e+02	1.782625e+02	1752	6.695010e-01	7.000000e-01	
1.783642e+02	1753	7.105177e+01	1.449710e+02	1.783642e+02	1753	6.710913e-01	7.000000e-01	
1.784660e+02	1754	8.057946e+01	1.358065e+02	1.784660e+02	1754	6.276123e-01	7.000000e-01	
1.785677e+02	1755	7.139725e+01	1.489567e+02	1.785677e+02	1755	6.759883e-01	7.000000e-01	
1.786695e+02	1756	6.829285e+01	1.457250e+02	1.786695e+02	1756	6.809011e-01	7.000000e-01	
1.787712e+02	1757	7.627358e+01	1.353309e+02	1.787712e+02	1757	6.395465e-01	7.000000e-01	
1.788730e+02	1758	9.413074e+01	1.422084e+02	1.788730e+02	1758	6.017133e-01	7.000000e-01	
1.789747e+02	1759	6.871283e+01	1.502353e+02	1.789747e+02	1759	6.861685e-01	7.000000e-01	
1.790765e+02	1760	6.476388e+01	1.487648e+02	1.790765e+02	1760	6.966970e-01	7.000000e-01	
1.791782e+02	1761	5.423562e+01	1.862370e+02	1.791782e+02	1761	7.744624e-01	7.000000e-01	
1.792800e+02	1762	7.925449e+01	1.389869e+02	1.792800e+02	1762	6.368494e-01	7.000000e-01	
1.793817e+02	1763	6.893124e+01	1.369296e+02	1.793817e+02	1763	6.651561e-01	7.000000e-01	
1.794835e+02	1764	5.985422e+01	1.903149e+02	1.794835e+02	1764	7.607450e-01	7.000000e-01	
1.795852e+02	1765	6.688288e+01	1.441557e+02	1.795852e+02	1765	6.830775e-01	7.000000e-01	
1.796870e+02	1766	6.897850e+01	1.767820e+02	1.796870e+02	1766	7.193263e-01	7.000000e-01	
1.797887e+02	1767	7.089639e+01	1.877198e+02	1.797887e+02	1767	7.258625e-01	7.000000e-01	
1.798905e+02	1768	3.882604e+01	1.741916e+02	1.798905e+02	1768	8.177332e-01	7.000000e-01	
1.799922e+02	1769	7.459682e+01	1.515696e+02	1.799922e+02	1769	6.701685e-01	7.000000e-01	
1.800940e+02	1770	6.436337e+01	1.675602e+02	1.800940e+02	1770	7.224803e-01	7.000000e-01	
1.801957e+02	1771	7.200726e+01	1.724119e+02	1.801957e+02	1771	7.053944e-01	7.000000e-01	
1.802975e+02	1772	6.856981e+01	1.535896e+02	1.802975e+02	1772	6.913486e-01	7.000000e-01	
1.803992e+02	1773	7.448797e+01	1.178013e+02	1.803992e+02	1773	6.126254e-01	7.000000e-01	
1.805010e+02	1774	5.723256e+01	1.349493e+02	1.805010e+02	1774	7.021958e-01	7.000000e-01	
1.806027e+02	1775	7.909855e+01	1.447131e+02	1.806027e+02	1775	6.465843e-01	7.000000e-01	
1.807044e+02	1776	6.102458e+01	1.414443e+02	1.807044e+02	1776	6.985977e-01	7.000000e-01	
1.808062e+02	1777	6.807144e+01	1.319858e+02	1.808062e+02	1777	6.597402e-01	7.000000e-01	
1.809079e+02	1778	6.014552e+01	1.376860e+02	1.809079e+02	1778	6.959761e-01	7.000000e-01	
1.810097e+02	1779	6.602922e+01	1.369291e+02	1.810097e+02	1779	6.746661e-01	7.000000e-01	
1.811114e+02	1780	7.692357e+01	1.543965e+02	1.811114e+02	1780	6.674583e-01	7.000000e-01	
1.812132e+02	1781	6.149632e+01	1.459059e+02	1.812132e+02	1781	7.034925e-01	7.000000e-01	
1.813149e+02	1782	3.825439e+01	1.095453e+02	1.813149e+02	1782	7.411741e-01	7.000000e-01	
1.814167e+02	1783	6.780333e+01	1.397429e+02	1.814167e+02	1783	6.733097e-01	7.000000e-01	
1.815184e+02	1784	5.672991e+01	1.385195e+02	1.815184e+02	1784	7.094490e-01	7.000000e-01	
1.816202e+02	1785	6.101403e+01	1.306011e+02	1.816202e+02	1785	6.815803e-01	7.000000e-01	
1.817219e+02	1786	4.897846e+01	1.486080e+02	1.817219e+02	1786	7.521163e-01	7.000000e-01	
1.818237e+02	1787	6.318511e+01	1.490514e+02	1.818237e+02	1787	7.022892e-01	7.000000e-01	
1.819254e+02	1788	5.949290e+01	1.483381e+02	1.819254e+02	1788	7.137439e-01	7.000000e-01	
1.820272e+02	1789	5.868253e+01	1.486042e+02	1.820272e+02	1789	7.169017e-01	7.000000e-01	
1.821289e+02	1790	6.988796e+01	1.518981e+02	1.821289e+02	1790	6.848857e-01	7.000000e-01	
1.822307e+02	1791	7.629359e+01	1.678801e+02	1.822307e+02	1791	6.875438e-01	7.000000e-01	
1.823324e+02	1792	6.461371e+01	1.586660e+02	1.823324e+02	1792	7.106154e-01	7.000000e-01	
1.824342e+02	1793	6.892939e+01	1.513837e+02	1.824342e+02	1793	6.871298e-01	7.000000e-01	
1.825359e+02	1794	8.217646e+01	1.369008e+02	1.825359e+02	1794	6.248974e-01	7.000000e-01	
1.826377e+02	1795	1.000063e+02	1.674101e+02	1.826377e+02	1795	6.260278e-01	7.000000e-01	
1.827394e+02	1796	6.707221e+01	1.575437e+02	1.827394e+02	1796	7.013915e-01	7.000000e-01	
1.828412e+02	1797	7.567309e+01	1.527614e+02	1.828412e+02	1797	6.687318e-01	7.000000e-01	
1.829429e+02	1798	9.488631e+01	1.663267e+02	1.829429e+02	1798	6.367474e-01	7.000000e-01	
1.830447e+02	1799	6.449215e+01	1.566715e+02	1.830447e+02	1799	7.083962e-01	7.000000e-01	
1.831464e+02	1800	6.083204e+01	1.299917e+02	1.831464e+02	1800	6.812135e-01	7.000000e-01	
1.832481e+02	1801	7.153093e+01	1.503042e+02	1.832481e+02	1801	6.775491e-01	7.000000e-01	
1.833499e+02	1802	7.356574e+01	1.503407e+02	1.833499e+02	1802	6.714443e-01	7.000000e-01	
1.834516e+02	1803	4.848313e+01	1.113024e+02	1.834516e+02	1803	6.965737e-01	7.000000e-01	
1.835534e+02	1804	7.079258e+01	1.994541e+02	1.835534e+02	1804	7.380446e-01	7.000000e-01	
1.836551e+02	1805	6.406610e+01	2.140157e+02	1.836551e+02	1805	7.696142e-01	7.000000e-01	
1.837569e+02	1806	5.440216e+01	1.981512e+02	1.837569e+02	1806	7.845914e-01	7.000000e-01	
1.838586e+02	1807	5.238898e+01	2.044182e+02	1.838586e+02	1807	7.959988e-01	7.000000e-01	
1.839604e+02	1808	8.418244e+01	1.873909e+02	1.839604e+02	1808	6.900195e-01	7.000000e-01	
1.840621e+02	1809	6.463978e+01	1.791337e+02	1.840621e+02	1809	7.348367e-01	7.000000e-01	
1.841639e+02	1810	5.821854e+01	1.949272e+02	1.841639e+02	1810	7.700197e-01	7.000000e-01	
1.842656e+02	1811	6.313375e+01	1.984118e+02	1.842656e+02	1811	7.586128e-01	7.000000e-01	
1.843674e+02	1812	5.194769e+01	1.862023e+02	1.843674e+02	1812	7.818699e-01	7.000000e-01	
1.844691e+02	1813	4.970543e+01	2.095971e+02	1.844691e+02	1813	8.083110e-01	7.000000e-01	
1.845709e+02	1814	5.714992e+01	2.015208e+02	1.845709e+02	1814	7.790630e-01	7.000000e-01	
1.846726e+02	1815	6.385536e+01	1.871646e+02	1.846726e+02	1815	7.456164e-01	7.000000e-01	
1.847744e+02	1816	5.553531e+01	1.949136e+02	1.847744e+02	1816	7.782569e-01	7.000000e-01	
1.848761e+02	1817	6.472941e+01	1.669153e+02	1.848761e+02	1817	7.205660e-01	7.000000e-01	
1.849779e+02	1818	6.958064e+01	1.611269e+02	1.849779e+02	1818	6.984033e-01	7.000000e-01	
1.850796e+02	1819	7.126910e+01	1.684734e+02	1.850796e+02	1819	7.027265e-01	7.000000e-01	
1.851814e+02	1820	7.412350e+01	1.734553e+02	1.851814e+02	1820	7.006064e-01	7.000000e-01	
1.852831e+02	1821	6.550453e+01	2.008452e+02	1.852831e+02	1821	7.540657e-01	7.000000e-01	
1.853849e+02	1822	7.169756e+01	1.746846e+02	1.853849e+02	1822	7.089986e-01	7.000000e-01	
1.854866e+02	1823	6.547070e+01	2.135367e+02	1.854866e+02	1823	7.653442e-01	7.000000e-01	
1.855884e+02	1824	6.720137e+01	1.934061e+02	1.855884e+02	1824	7.421357e-01	7.000000e-01	
1.856901e+02	1825	6.713059e+01	1.688039e+02	1.856901e+02	1825	7.154694e-01	7.000000e-01	
1.857918e+02	1826	8.017431e+01	2.040215e+02	1.857918e+02	1826	7.178906e-01	7.000000e-01	
1.858936e+02	1827	4.901174e+01	2.493728e+02	1.858936e+02	1827	8.357430e-01	7.000000e-01	
1.859953e+02	1828	6.463734e+01	2.311395e+02	1.859953e+02	1828	7.814659e-01	7.000000e-01	
1.860971e+02	1829	6.167765e+01	1.712813e+02	1.860971e+02	1829	7.352424e-01	7.000000e-01	
1.861988e+02	1830	9.781823e+01	1.892121e+02	1.861988e+02	1830	6.592059e-01	7.000000e-01	
1.863006e+02	1831	6.727297e+01	2.103621e+02	1.863006e+02	1831	7.576928e-01	7.000000e-01	
1.864023e+02	1832	6.270245e+01	1.683013e+02	1.864023e+02	1832	7.285652e-01	7.000000e-01	
1.865041e+02	1833	6.209825e+01	1.593892e+02	1.865041e+02	1833	7.196308e-01	7.000000e-01	
1.866058e+02	1834	6.079650e+01	1.492743e+02	1.866058e+02	1834	7.105904e-01	7.000000e-01	
1.867076e+02	1835	7.221182e+01	1.783650e+02	1.867076e+02	1835	7.118176e-01	7.000000e-01	
1.868093e+02	1836	5.365999e+01	1.787169e+02	1.868093e+02	1836	7.690821e-01	7.000000e-01	
1.869111e+02	1837	7.807562e+01	1.228666e+02	1.869111e+02	1837	6.114524e-01	7.000000e-01	
1.870128e+02	1838	6.417319e+01	1.481450e+02	1.870128e+02	1838	6.977499e-01	7.000000e-01	
1.871146e+02	1839	6.551561e+01	1.399736e+02	1.871146e+02	1839	6.811725e-01	7.000000e-01	
1.872163e+02	1840	9.295529e+01	1.648560e+02	1.872163e+02	1840	6.394445e-01	7.000000e-01	
1.873181e+02	1841	8.312148e+01	1.072726e+02	1.873181e+02	1841	5.634240e-01	7.000000e-01	
1.874198e+02	1842	5.697661e+01	1.107186e+02	1.874198e+02	1842	6.602371e-01	7.000000e-01	
1.875216e+02	1843	7.895431e+01	1.190655e+02	1.875216e+02	1843	6.012808e-01	7.000000e-01	
1.876233e+02	1844	8.264697e+01	9.813577e+01	1.876233e+02	1844	5.428382e-01	7.000000e-01	
1.877251e+02	1845	7.508781e+01	1.225785e+02	1.877251e+02	1845	6.201284e-01	7.000000e-01	
1.878268e+02	1846	5.349336e+01	1.827321e+02	1.878268e+02	1846	7.735496e-01	7.000000e-01	
1.879286e+02	1847	7.171038e+01	1.950801e+02	1.879286e+02	1847	7.312109e-01	7.000000e-01	
1.880303e+02	1848	5.686047e+01	1.772845e+02	1.880303e+02	1848	7.571570e-01	7.000000e-01	
1.881321e+02	1849	5.933258e+01	1.689640e+02	1.881321e+02	1849	7.401075e-01	7.000000e-01	
1.882338e+02	1850	5.636791e+01	1.944273e+02	1.882338e+02	1850	7.752433e-01	7.000000e-01	
1.883355e+02	1851	5.397591e+01	1.817568e+02	1.883355e+02	1851	7.710292e-01	7.000000e-01	
1.884373e+02	1852	5.435113e+01	1.903012e+02	1.884373e+02	1852	7.778434e-01	7.000000e-01	
1.885390e+02	1853	5.530975e+01	1.919625e+02	1.885390e+02	1853	7.763204e-01	7.000000e-01	
1.886408e+02	1854	5.193416e+01	2.010355e+02	1.886408e+02	1854	7.947020e-01	7.000000e-01	
1.887425e+02	1855	6.632980e+01	1.958860e+02	1.887425e+02	1855	7.470412e-01	7.000000e-01	
1.888443e+02	1856	5.089531e+01	1.814298e+02	1.888443e+02	1856	7.809307e-01	7.000000e-01	
1.889460e+02	1857	5.610098e+01	2.095846e+02	1.889460e+02	1857	7.888445e-01	7.000000e-01	
1.890478e+02	1858	4.132205e+01	2.153567e+02	1.890478e+02	1858	8.390126e-01	7.000000e-01	
1.891495e+02	1859	5.680204e+01	1.968063e+02	1.891495e+02	1859	7.760246e-01	7.000000e-01	
1.892513e+02	1860	5.304067e+01	1.924968e+02	1.892513e+02	1860	7.839814e-01	7.000000e-01	
1.893530e+02	1861	4.600250e+01	1.967209e+02	1.893530e+02	1861	8.104736e-01	7.000000e-01	
1.894548e+02	1862	5.158159e+01	2.094496e+02	1.894548e+02	1862	8.023930e-01	7.000000e-01	
1.895565e+02	1863	6.728770e+01	1.747027e+02	1.895565e+02	1863	7.219406e-01	7.000000e-01	
1.896583e+02	1864	4.667482e+01	2.076806e+02	1.896583e+02	1864	8.164976e-01	7.000000e-01	
1.897600e+02	1865	6.084881e+01	1.833984e+02	1.897600e+02	1865	7.508720e-01	7.000000e-01	
1.898618e+02	1866	5.738406e+01	1.939734e+02	1.898618e+02	1866	7.717034e-01	7.000000e-01	
1.899635e+02	1867	5.846399e+01	1.618492e+02	1.899635e+02	1867	7.346324e-01	7.000000e-01	
1.900653e+02	1868	4.364382e+01	1.761044e+02	1.900653e+02	1868	8.013917e-01	7.000000e-01	
1.901670e+02	1869	4.215459e+01	1.687787e+02	1.901670e+02	1869	8.001520e-01	7.000000e-01	
1.902688e+02	1870	6.234987e+01	1.774734e+02	1.902688e+02	1870	7.400174e-01	7.000000e-01	
1.903705e+02	1871	5.048257e+01	1.802663e+02	1.903705e+02	1871	7.812229e-01	7.000000e-01	
1.904723e+02	1872	5.249490e+01	1.812028e+02	1.904723e+02	1872	7.753726e-01	7.000000e-01	
1.905740e+02	1873	5.970151e+01	1.731743e+02	1.905740e+02	1873	7.436337e-01	7.000000e-01	
1.906758e+02	1874	4.142769e+01	1.815403e+02	1.906758e+02	1874	8.141989e-01	7.000000e-01	
1.907775e+02	1875	4.309260e+01	1.703140e+02	1.907775e+02	1875	7.980728e-01	7.000000e-01	
1.908792e+02	1876	4.453588e+01	1.474432e+02	1.908792e+02	1876	7.680170e-01	7.000000e-01	
1.909810e+02	1877	6.141452e+01	1.991567e+02	1.909810e+02	1877	7.643081e-01	7.000000e-01	
1.910827e+02	1878	5.937134e+01	1.992338e+02	1.910827e+02	1878	7.704170e-01	7.000000e-01	
1.911845e+02	1879	5.538078e+01	1.880945e+02	1.911845e+02	1879	7.725404e-01	7.000000e-01	
1.912862e+02	1880	5.153427e+01	1.932534e+02	1.912862e+02	1880	7.894736e-01	7.000000e-01	
1.913880e+02	1881	6.158509e+01	1.922870e+02	1.913880e+02	1881	7.574169e-01	7.000000e-01	
1.914897e+02	1882	5.776073e+01	1.873805e+02	1.914897e+02	1882	7.643777e-01	7.000000e-01	
1.915915e+02	1883	5.695511e+01	1.986522e+02	1.915915e+02	1883	7.771773e-01	7.000000e-01	
1.916932e+02	1884	5.432171e+01	1.893333e+02	1.916932e+02	1884	7.770548e-01	7.000000e-01	
1.917950e+02	1885	6.143847e+01	1.883523e+02	1.917950e+02	1885	7.540403e-01	7.000000e-01	
1.918967e+02	1886	5.262734e+01	1.859310e+02	1.918967e+02	1886	7.793943e-01	7.000000e-01	
1.919985e+02	1887	5.889830e+01	1.935814e+02	1.919985e+02	1887	7.667207e-01	7.000000e-01	
1.921002e+02	1888	5.442057e+01	1.682312e+02	1.921002e+02	1888	7.555799e-01	7.000000e-01	
1.922020e+02	1889	6.007756e+01	2.013580e+02	1.922020e+02	1889	7.702013e-01	7.000000e-01	
1.923037e+02	1890	4.494372e+01	1.854856e+02	1.923037e+02	1890	8.049566e-01	7.000000e-01	
1.924055e+02	1891	5.924978e+01	1.909879e+02	1.924055e+02	1891	7.632260e-01	7.000000e-01	
1.925072e+02	1892	5.724671e+01	1.759866e+02	1.925072e+02	1892	7.545517e-01	7.000000e-01	
1.926090e+02	1893	5.237546e+01	1.674154e+02	1.926090e+02	1893	7.617032e-01	7.000000e-01	
1.927107e+02	1894	5.704526e+01	1.783743e+02	1.927107e+02	1894	7.576868e-01	7.000000e-01	
1.928125e+02	1895	6.667359e+01	1.823326e+02	1.928125e+02	1895	7.322412e-01	7.000000e-01	
1.929142e+02	1896	5.647521e+01	1.729062e+02	1.929142e+02	1896	7.537934e-01	7.000000e-01	
1.930160e+02	1897	5.531280e+01	1.724065e+02	1.930160e+02	1897	7.571010e-01	7.000000e-01	
1.931177e+02	1898	5.294945e+01	1.580663e+02	1.931177e+02	1898	7.490735e-01	7.000000e-01	
1.932195e+02	1899	5.429743e+01	1.641101e+02	1.932195e+02	1899	7.513940e-01	7.000000e-01	
1.933212e+02	1900	4.480945e+01	1.589374e+02	1.933212e+02	1900	7.800729e-01	7.000000e-01	
1.934229e+02	1901	4.787550e+01	1.689542e+02	1.934229e+02	1901	7.792023e-01	7.000000e-01	
1.935247e+02	1902	5.923413e+01	1.827935e+02	1.935247e+02	1902	7.552588e-01	7.000000e-01	
1.936264e+02	1903	5.998107e+01	1.547266e+02	1.936264e+02	1903	7.206384e-01	7.000000e-01	
1.937282e+02	1904	5.859209e+01	1.771254e+02	1.937282e+02	1904	7.514309e-01	7.000000e-01	
1.938299e+02	1905	7.186578e+01	1.469942e+02	1.938299e+02	1905	6.716358e-01	7.000000e-01	
1.939317e+02	1906	5.868116e+01	1.757714e+02	1.939317e+02	1906	7.497099e-01	7.000000e-01	
1.940334e+02	1907	6.667517e+01	1.478174e+02	1.940334e+02	1907	6.891493e-01	7.000000e-01	
1.941352e+02	1908	6.693709e+01	1.419674e+02	1.941352e+02	1908	6.795804e-01	7.000000e-01	
1.942369e+02	1909	6.737727e+01	1.492271e+02	1.942369e+02	1909	6.889385e-01	7.000000e-01	
1.943387e+02	1910	8.205331e+01	1.178843e+02	1.943387e+02	1910	5.896054e-01	7.000000e-01	
1.944404e+02	1911	7.065429e+01	1.406758e+02	1.944404e+02	1911	6.656686e-01	7.000000e-01	
1.945422e+02	1912	7.398569e+01	1.367849e+02	1.945422e+02	1912	6.489753e-01	7.000000e-01	
1.946439e+02	1913	7.210482e+01	1.464368e+02	1.946439e+02	1913	6.700637e-01	7.000000e-01	
1.947457e+02	1914	7.573260e+01	1.459705e+02	1.947457e+02	1914	6.584053e-01	7.000000e-01	
1.948474e+02	1915	8.984716e+01	1.119415e+02	1.948474e+02	1915	5.547462e-01	7.000000e-01	
1.949492e+02	1916	5.564520e+01	1.439855e+02	1.949492e+02	1916	7.212593e-01	7.000000e-01	
1.950509e+02	1917	5.038171e+01	1.181554e+02	1.950509e+02	1917	7.010646e-01	7.000000e-01	
1.951527e+02	1918	7.043337e+01	1.471181e+02	1.951527e+02	1918	6.762450e-01	7.000000e-01	
1.952544e+02	1919	7.199483e+01	1.384722e+02	1.952544e+02	1919	6.579282e-01	7.000000e-01	
1.953562e+02	1920	7.413691e+01	2.088977e+02	1.953562e+02	1920	7.380642e-01	7.000000e-01	
1.954579e+02	1921	6.925989e+01	1.394824e+02	1.954579e+02	1921	6.682038e-01	7.000000e-01	
1.955597e+02	1922	7.939295e+01	1.341008e+02	1.955597e+02	1922	6.281252e-01	7.000000e-01	
1.956614e+02	1923	6.889346e+01	1.632608e+02	1.956614e+02	1923	7.032427e-01	7.000000e-01	
1.957632e+02	1924	8.471609e+01	1.458402e+02	1.957632e+02	1924	6.325579e-01	7.000000e-01	
1.958649e+02	1925	7.876791e+01	1.017591e+02	1.958649e+02	1925	5.636780e-01	7.000000e-01	
1.959666e+02	1926	6.879429e+01	1.533652e+02	1.959666e+02	1926	6.903383e-01	7.000000e-01	
1.960684e+02	1927	6.445786e+01	1.596022e+02	1.960684e+02	1927	7.123188e-01	7.000000e-01	
1.961701e+02	1928	7.491700e+01	1.639213e+02	1.961701e+02	1928	6.863275e-01	7.000000e-01	
1.962719e+02	1929	8.006903e+01	1.407849e+02	1.962719e+02	1929	6.374571e-01	7.000000e-01	
1.963736e+02	1930	8.560605e+01	1.029733e+02	1.963736e+02	1930	5.460476e-01	7.000000e-01	
1.964754e+02	1931	7.376312e+01	1.452651e+02	1.964754e+02	1931	6.632255e-01	7.000000e-01	
1.965771e+02	1932	7.841396e+01	1.477687e+02	1.965771e+02	1932	6.533158e-01	7.000000e-01	
1.966789e+02	1933	7.066221e+01	1.607669e+02	1.966789e+02	1933	6.946702e-01	7.000000e-01	
1.967806e+02	1934	7.562158e+01	1.577862e+02	1.967806e+02	1934	6.760109e-01	7.000000e-01	
1.968824e+02	1935	6.558097e+01	1.600008e+02	1.968824e+02	1935	7.092807e-01	7.000000e-01	
1.969841e+02	1936	6.936902e+01	1.876519e+02	1.969841e+02	1936	7.301036e-01	7.000000e-01	
1.970859e+02	1937	6.279373e+01	1.846634e+02	1.970859e+02	1937	7.462440e-01	7.000000e-01	
1.971876e+02	1938	7.369847e+01	1.658130e+02	1.971876e+02	1938	6.922967e-01	7.000000e-01	
1.972894e+02	1939	6.680460e+01	1.940122e+02	1.972894e+02	1939	7.438639e-01	7.000000e-01	
1.973911e+02	1940	7.172885e+01	1.902636e+02	1.973911e+02	1940	7.262179e-01	7.000000e-01	
1.974929e+02	1941	6.417653e+01	1.753978e+02	1.974929e+02	1941	7.321227e-01	7.000000e-01	
1.975946e+02	1942	7.811188e+01	1.879373e+02	1.975946e+02	1942	7.064006e-01	7.000000e-01	
1.976964e+02	1943	6.994769e+01	1.780524e+02	1.976964e+02	1943	7.179530e-01	7.000000e-01	
1.977981e+02	1944	7.553862e+01	1.879572e+02	1.977981e+02	1944	7.133214e-01	7.000000e-01	
1.978999e+02	1945	8.036577e+01	1.927098e+02	1.978999e+02	1945	7.057014e-01	7.000000e-01	
1.980016e+02	1946	7.214516e+01	1.826480e+02	1.980016e+02	1946	7.168481e-01	7.000000e-01	
1.981034e+02	1947	6.290508e+01	1.793166e+02	1.981034e+02	1947	7.402995e-01	7.000000e-01	
1.982051e+02	1948	7.103680e+01	1.762596e+02	1.982051e+02	1948	7.127463e-01	7.000000e-01	
1.983069e+02	1949	8.233710e+01	1.582021e+02	1.983069e+02	1949	6.576978e-01	7.000000e-01	
1.984086e+02	1950	6.378717e+01	1.885891e+02	1.984086e+02	1950	7.472537e-01	7.000000e-01	
1.985103e+02	1951	7.329170e+01	1.316272e+02	1.985103e+02	1951	6.423380e-01	7.000000e-01	
1.986121e+02	1952	6.783753e+01	1.268598e+02	1.986121e+02	1952	6.515744e-01	7.000000e-01	
1.987138e+02	1953	6.774519e+01	1.273425e+02	1.987138e+02	1953	6.527449e-01	7.000000e-01	
1.988156e+02	1954	7.591905e+01	1.328051e+02	1.988156e+02	1954	6.362709e-01	7.000000e-01	
1.989173e+02	1955	6.344525e+01	1.307134e+02	1.989173e+02	1955	6.732299e-01	7.000000e-01	
1.990191e+02	1956	7.203070e+01	1.224574e+02	1.990191e+02	1956	6.296396e-01	7.000000e-01	
1.991208e+02	1957	6.909967e+01	1.356163e+02	1.991208e+02	1957	6.624608e-01	7.000000e-01	
1.992226e+02	1958	7.197981e+01	1.341366e+02	1.992226e+02	1958	6.507808e-01	7.000000e-01	
1.993243e+02	1959	6.512811e+01	1.298272e+02	1.993243e+02	1959	6.659331e-01	7.000000e-01	
1.994261e+02	1960	6.833907e+01	1.303735e+02	1.994261e+02	1960	6.560909e-01	7.000000e-01	
1.995278e+02	1961	8.353290e+01	1.444892e+02	1.995278e+02	1961	6.336631e-01	7.000000e-01	
1.996296e+02	1962	8.323589e+01	1.492895e+02	1.996296e+02	1962	6.420353e-01	7.000000e-01	
1.997313e+02	1963	7.136022e+01	1.374636e+02	1.997313e+02	1963	6.582755e-01	7.000000e-01	
1.998331e+02	1964	7.487072e+01	1.564795e+02	1.998331e+02	1964	6.763750e-01	7.000000e-01	
1.999348e+02	1965	7.768700e+01	1.387225e+02	1.999348e+02	1965	6.410185e-01	7.000000e-01	
2.000366e+02	1966	7.619446e+01	1.567738e+02	2.000366e+02	1966	6.729406e-01	7.000000e-01	
2.001383e+02	1967	1.050384e+02	1.428893e+02	2.001383e+02	1967	5.763346e-01	7.000000e-01	
2.002401e+02	1968	7.958513e+01	1.501343e+02	2.002401e+02	1968	6.535551e-01	7.000000e-01	
2.003418e+02	1969	6.502680e+01	1.677783e+02	2.003418e+02	1969	7.206814e-01	7.000000e-01	
2.004436e+02	1970	8.998528e+01	1.536748e+02	2.004436e+02	1970	6.306934e-01	7.000000e-01	
2.005453e+02	1971	6.445053e+01	1.716849e+02	2.005453e+02	1971	7.270612e-01	7.000000e-01	
2.006471e+02	1972	5.985676e+01	1.875497e+02	2.006471e+02	1972	7.580631e-01	7.000000e-01	
2.007488e+02	1973	7.378467e+01	1.832687e+02	2.007488e+02	1973	7.129597e-01	7.000000e-01	
2.008506e+02	1974	7.187143e+01	1.799248e+02	2.008506e+02	1974	7.145651e-01	7.000000e-01	
2.009523e+02	1975	5.894171e+01	1.883154e+02	2.009523e+02	1975	7.616177e-01	7.000000e-01	
2.010540e+02	1976	6.959385e+01	1.570990e+02	2.010540e+02	1976	6.930038e-01	7.000000e-01	
2.011558e+02	1977	6.250115e+01	1.820402e+02	2.011558e+02	1977	7.444148e-01	7.000000e-01	
2.012575e+02	1978	7.414314e+01	1.828150e+02	2.012575e+02	1978	7.114583e-01	7.000000e-01	
2.013593e+02	1979	8.525969e+01	1.898951e+02	2.013593e+02	1979	6.901392e-01	7.000000e-01	
2.014610e+02	1980	6.064498e+01	1.615111e+02	2.014610e+02	1980	7.270163e-01	7.000000e-01	
2.015628e+02	1981	7.628802e+01	1.571281e+02	2.015628e+02	1981	6.731673e-01	7.000000e-01	
2.016645e+02	1982	7.422502e+01	1.599885e+02	2.016645e+02	1982	6.830882e-01	7.000000e-01	
2.017663e+02	1983	3.554486e+01	1.515260e+02	2.017663e+02	1983	8.099925e-01	7.000000e-01	
2.018680e+02	1984	5.474143e+01	1.493969e+02	2.018680e+02	1984	7.318415e-01	7.000000e-01	
2.019698e+02	1985	4.170459e+01	1.459271e+02	2.019698e+02	1985	7.777316e-01	7.000000e-01	
2.020715e+02	1986	7.897949e+01	1.559511e+02	2.020715e+02	1986	6.638178e-01	7.000000e-01	
2.021733e+02	1987	5.634912e+01	1.402381e+02	2.021733e+02	1987	7.133633e-01	7.000000e-01	
2.022750e+02	1988	5.944439e+01	1.569329e+02	2.022750e+02	1988	7.252744e-01	7.000000e-01	
2.023768e+02	1989	5.991450e+01	1.487562e+02	2.023768e+02	1989	7.128754e-01	7.000000e-01	
2.024785e+02	1990	6.289143e+01	1.440226e+02	2.024785e+02	1990	6.960504e-01	7.000000e-01	
2.025803e+02	1991	7.234569e+01	1.655444e+02	2.025803e+02	1991	6.958861e-01	7.000000e-01	
2.026820e+02	1992	6.639666e+01	1.453316e+02	2.026820e+02	1992	6.864062e-01	7.000000e-01	
2.027838e+02	1993	6.886224e+01	1.578844e+02	2.027838e+02	1993	6.963032e-01	7.000000e-01	
2.028855e+02	1994	5.680175e+01	1.342955e+02	2.028855e+02	1994	7.027600e-01	7.000000e-01	
2.029873e+02	1995	6.483478e+01	1.449747e+02	2.029873e+02	1995	6.909826e-01	7.000000e-01	
2.030890e+02	1996	6.207175e+01	1.595341e+02	2.030890e+02	1996	7.199002e-01	7.000000e-01	
2.031908e+02	1997	6.199253e+01	1.400806e+02	2.031908e+02	1997	6.932174e-01	7.000000e-01	
2.032925e+02	1998	5.726684e+01	1.643723e+02	2.032925e+02	1998	7.416213e-01	7.000000e-01	
2.033943e+02	1999	5.886226e+01	1.531442e+02	2.033943e+02	1999	7.223563e-01	7.000000e-01	
2.034960e+02	2000	6.205606e+01	1.468509e+02	2.034960e+02	2000	7.029488e-01	7.000000e-01	
2.035977e+02	2001	6.980816e+01	1.680845e+02	2.035977e+02	2001	7.065561e-01	7.000000e-01	
2.036995e+02	2002	6.531905e+01	1.627160e+02	2.036995e+02	2002	7.135570e-01	7.000000e-01	
2.038012e+02	2003	5.862002e+01	1.661355e+02	2.038012e+02	2003	7.391832e-01	7.000000e-01	
2.039030e+02	2004	6.897244e+01	1.592642e+02	2.039030e+02	2004	6.978029e-01	7.000000e-01	
2.040047e+02	2005	6.236680e+01	1.598996e+02	2.040047e+02	2005	7.194052e-01	7.000000e-01	
2.041065e+02	2006	5.430391e+01	1.633945e+02	2.041065e+02	2006	7.505544e-01	7.000000e-01	
2.042082e+02	2007	6.903393e+01	1.479243e+02	2.042082e+02	2007	6.818100e-01	7.000000e-01	
2.043100e+02	2008	8.618486e+01	1.173108e+02	2.043100e+02	2008	5.764781e-01	7.000000e-01	
2.044117e+02	2009	7.549459e+01	1.588617e+02	2.044117e+02	2009	6.778640e-01	7.000000e-01	
2.045135e+02	2010	6.319217e+01	1.734699e+02	2.045135e+02	2010	7.329856e-01	7.000000e-01	
2.046152e+02	2011	5.451155e+01	1.650931e+02	2.046152e+02	2011	7.517742e-01	7.000000e-01	
2.047170e+02	2012	7.914144e+01	1.515503e+02	2.047170e+02	2012	6.569386e-01	7.000000e-01	
2.048187e+02	2013	5.436122e+01	1.426527e+02	2.048187e+02	2013	7.240742e-01	7.000000e-01	
2.049205e+02	2014	4.890343e+01	1.600826e+02	2.049205e+02	2014	7.659967e-01	7.000000e-01	
2.050222e+02	2015	7.328009e+01	2.021243e+02	2.050222e+02	2015	7.339182e-01	7.000000e-01	
2.051240e+02	2016	5.818037e+01	1.583625e+02	2.051240e+02	2016	7.313217e-01	7.000000e-01	
2.052257e+02	2017	6.139629e+01	1.522431e+02	2.052257e+02	2017	7.126172e-01	7.000000e-01	
2.053275e+02	2018	4.460371e+01	1.670934e+02	2.053275e+02	2018	7.893041e-01	7.000000e-01	
2.054292e+02	2019	4.973183e+01	1.611924e+02	2.054292e+02	2019	7.642195e-01	7.000000e-01	
2.055310e+02	2020	5.294594e+01	1.544337e+02	2.055310e+02	2020	7.446908e-01	7.000000e-01	
2.056327e+02	2021	5.856233e+01	1.564006e+02	2.056327e+02	2021	7.275701e-01	7.000000e-01	
2.057345e+02	2022	5.324647e+01	1.613354e+02	2.057345e+02	2022	7.518594e-01	7.000000e-01	
2.058362e+02	2023	5.700781e+01	1.616128e+02	2.058362e+02	2023	7.392386e-01	7.000000e-01	
2.059380e+02	2024	5.396429e+01	1.574187e+02	2.059380e+02	2024	7.447085e-01	7.000000e-01	
2.060397e+02	2025	5.271373e+01	1.507958e+02	2.060397e+02	2025	7.409766e-01	7.000000e-01	
2.061414e+02	2026	6.377742e+01	1.458331e+02	2.061414e+02	2026	6.957337e-01	7.000000e-01	
2.062432e+02	2027	5.660744e+01	1.449437e+02	2.062432e+02	2027	7.191411e-01	7.000000e-01	
2.063449e+02	2028	5.903654e+01	1.534389e+02	2.063449e+02	2028	7.221489e-01	7.000000e-01	
2.064467e+02	2029	5.402440e+01	1.644089e+02	2.064467e+02	2029	7.526732e-01	7.000000e-01	
2.065484e+02	2030	5.730101e+01	1.705826e+02	2.065484e+02	2030	7.485514e-01	7.000000e-01	
2.066502e+02	2031	6.437365e+01	1.517032e+02	2.066502e+02	2031	7.020798e-01	7.000000e-01	
2.067519e+02	2032	5.182383e+01	1.539416e+02	2.067519e+02	2032	7.481412e-01	7.000000e-01	
2.068537e+02	2033	7.400011e+01	1.411825e+02	2.068537e+02	2033	6.561055e-01	7.000000e-01	
2.069554e+02	2034	5.647625e+01	1.451853e+02	2.069554e+02	2034	7.199454e-01	7.000000e-01	
2.070572e+02	2035	6.280907e+01	1.515499e+02	2.070572e+02	2035	7.069912e-01	7.000000e-01	
2.071589e+02	2036	6.638787e+01	1.393267e+02	2.071589e+02	2036	6.772816e-01	7.000000e-01	
2.072607e+02	2037	5.784892e+01	1.301061e+02	2.072607e+02	2037	6.922193e-01	7.000000e-01	
2.073624e+02	2038	5.829974e+01	1.097985e+02	2.073624e+02	2038	6.531805e-01	7.000000e-01	
2.074642e+02	2039	5.512232e+01	1.420480e+02	2.074642e+02	2039	7.204330e-01	7.000000e-01	
2.075659e+02	2040	6.462064e+01	1.558837e+02	2.075659e+02	2040	7.069416e-01	7.000000e-01	
2.076677e+02	2041	5.013008e+01	1.359249e+02	2.076677e+02	2041	7.305631e-01	7.000000e-01	
2.077694e+02	2042	5.714014e+01	1.342671e+02	2.077694e+02	2042	7.014735e-01	7.000000e-01	
2.078712e+02	2043	5.639415e+01	1.354385e+02	2.078712e+02	2043	7.060242e-01	7.000000e-01	
2.079729e+02	2044	6.367460e+01	1.635512e+02	2.079729e+02	2044	7.197739e-01	7.000000e-01	
2.080747e+02	2045	5.872809e+01	1.744889e+02	2.080747e+02	2045	7.481826e-01	7.000000e-01	
2.081764e+02	2046	6.208232e+01	1.624201e+02	2.081764e+02	2046	7.234670e-01	7.000000e-01	
2.082782e+02	2047	5.980188e+01	1.428148e+02	2.082782e+02	2047	7.048521e-01	7.000000e-01	
2.083799e+02	2048	6.598340e+01	1.576389e+02	2.083799e+02	2048	7.049337e-01	7.000000e-01	
2.084817e+02	2049	6.494432e+01	1.872158e+02	2.084817e+02	2049	7.424481e-01	7.000000e-01	
2.085834e+02	2050	6.342295e+01	1.580821e+02	2.085834e+02	2050	7.136727e-01	7.000000e-01	
2.086851e+02	2051	6.042642e+01	1.494421e+02	2.086851e+02	2051	7.120749e-01	7.000000e-01	
2.087869e+02	2052	5.797978e+01	1.623023e+02	2.087869e+02	2052	7.367930e-01	7.000000e-01	
2.088886e+02	2053	6.465504e+01	1.625190e+02	2.088886e+02	2053	7.153942e-01	7.000000e-01	
2.089904e+02	2054	7.541971e+01	1.989973e+02	2.089904e+02	2054	7.251639e-01	7.000000e-01	
2.090921e+02	2055	6.563530e+01	1.549198e+02	2.090921e+02	2055	7.024086e-01	7.000000e-01	
2.091939e+02	2056	5.725197e+01	1.832109e+02	2.091939e+02	2056	7.619093e-01	7.000000e-01	
2.092956e+02	2057	6.660740e+01	1.712306e+02	2.092956e+02	2057	7.199464e-01	7.000000e-01	
2.093974e+02	2058	7.556171e+01	1.736280e+02	2.093974e+02	2058	6.967703e-01	7.000000e-01	
2.094991e+02	2059	6.642126e+01	1.561345e+02	2.094991e+02	2059	7.015523e-01	7.000000e-01	
2.096009e+02	2060	5.659399e+01	1.510432e+02	2.096009e+02	2060	7.274381e-01	7.000000e-01	
2.097026e+02	2061	7.111269e+01	1.504001e+02	2.097026e+02	2061	6.789680e-01	7.000000e-01	
2.098044e+02	2062	5.676199e+01	1.412090e+02	2.098044e+02	2062	7.132813e-01	7.000000e-01	
2.099061e+02	2063	6.866870e+01	1.634466e+02	2.099061e+02	2063	7.041613e-01	7.000000e-01	
2.100079e+02	2064	5.266574e+01	1.152222e+02	2.100079e+02	2064	6.863042e-01	7.000000e-01	
2.101096e+02	2065	6.378269e+01	1.410904e+02	2.101096e+02	2065	6.886722e-01	7.000000e-01	
2.102114e+02	2066	6.356332e+01	1.662956e+02	2.102114e+02	2066	7.234681e-01	7.000000e-01	
2.103131e+02	2067	7.095733e+01	1.530573e+02	2.103131e+02	2067	6.832469e-01	7.000000e-01	
2.104149e+02	2068	5.276188e+01	1.461561e+02	2.104149e+02	2068	7.347556e-01	7.000000e-01	
2.105166e+02	2069	7.362947e+01	1.449912e+02	2.105166e+02	2069	6.632090e-01	7.000000e-01	
2.106184e+02	2070	5.667439e+01	1.427690e+02	2.106184e+02	2070	7.158372e-01	7.000000e-01	
2.107201e+02	2071	7.112552e+01	1.396484e+02	2.107201e+02	2071	6.625507e-01	7.000000e-01	
2.108219e+02	2072	6.253725e+01	1.414084e+02	2.108219e+02	2072	6.933632e-01	7.000000e-01	
2.109236e+02	2073	6.871410e+01	1.575296e+02	2.109236e+02	2073	6.962828e-01	7.000000e-01	
2.110254e+02	2074	5.687671e+01	1.412991e+02	2.110254e+02	2074	7.129987e-01	7.000000e-01	
2.111271e+02	2075	7.001331e+01	1.197878e+02	2.111271e+02	2075	6.311228e-01	7.000000e-01	
2.112288e+02	2076	3.986836e+01	1.545617e+02	2.112288e+02	2076	7.949476e-01	7.000000e-01	
2.113306e+02	2077	3.873011e+01	1.538891e+02	2.113306e+02	2077	7.989291e-01	7.000000e-01	
2.114323e+02	2078	4.832781e+01	1.514395e+02	2.114323e+02	2078	7.580795e-01	7.000000e-01	
2.115341e+02	2079	4.458609e+01	1.345447e+02	2.115341e+02	2079	7.510976e-01	7.000000e-01	
2.116358e+02	2080	5.939739e+01	1.447628e+02	2.116358e+02	2080	7.090648e-01	7.000000e-01	
2.117376e+02	2081	4.945570e+01	1.766832e+02	2.117376e+02	2081	7.813039e-01	7.000000e-01	
2.118393e+02	2082	3.704544e+01	1.476422e+02	2.118393e+02	2082	7.994157e-01	7.000000e-01	
2.119411e+02	2083	6.566012e+01	1.595215e+02	2.119411e+02	2083	7.084126e-01	7.000000e-01	
2.120428e+02	2084	4.374630e+01	1.397551e+02	2.120428e+02	2084	7.616024e-01	7.000000e-01	
2.121446e+02	2085	6.846789e+01	1.415257e+02	2.121446e+02	2085	6.739525e-01	7.000000e-01	
2.122463e+02	2086	3.983287e+01	2.242521e+02	2.122463e+02	2086	8.491665e-01	7.000000e-01	
2.123481e+02	2087	6.166805e+01	1.308488e+02	2.123481e+02	2087	6.796745e-01	7.000000e-01	
2.124498e+02	2088	6.105898e+01	1.454266e+02	2.124498e+02	2088	7.042942e-01	7.000000e-01	
2.125516e+02	2089	6.761444e+01	1.491384e+02	2.125516e+02	2089	6.880574e-01	7.000000e-01	
2.126533e+02	2090	8.389659e+01	1.452173e+02	2.126533e+02	2090	6.338215e-01	7.000000e-01	
2.127551e+02	2091	6.412124e+01	1.529992e+02	2.127551e+02	2091	7.046743e-01	7.000000e-01	
2.128568e+02	2092	7.037762e+01	1.774252e+02	2.128568e+02	2092	7.159935e-01	7.000000e-01	
2.129586e+02	2093	7.026492e+01	1.518798e+02	2.129586e+02	2093	6.836975e-01	7.000000e-01	
2.130603e+02	2094	7.031946e+01	1.716914e+02	2.130603e+02	2094	7.094368e-01	7.000000e-01	
2.131621e+02	2095	5.937049e+01	1.361364e+02	2.131621e+02	2095	6.963253e-01	7.000000e-01	
2.132638e+02	2096	6.902531e+01	1.480906e+02	2.132638e+02	2096	6.820808e-01	7.000000e-01	
2.133656e+02	2097	8.135750e+01	1.848032e+02	2.133656e+02	2097	6.943294e-01	7.000000e-01	
2.134673e+02	2098	8.383012e+01	1.718881e+02	2.134673e+02	2098	6.721778e-01	7.000000e-01	
2.135691e+02	2099	7.031651e+01	1.716818e+02	2.135691e+02	2099	7.094339e-01	7.000000e-01	
2.136708e+02	2100	8.192979e+01	1.793697e+02	2.136708e+02	2100	6.864525e-01	7.000000e-01	
2.137725e+02	2101	8.014800e+01	2.268095e+02	2.137725e+02	2101	7.388954e-01	7.000000e-01	
2.138743e+02	2102	8.390615e+01	2.214271e+02	2.138743e+02	2102	7.251981e-01	7.000000e-01	
2.139760e+02	2103	7.597912e+01	1.419124e+02	2.139760e+02	2103	6.512984e-01	7.000000e-01	
2.140778e+02	2104	7.097279e+01	1.434976e+02	2.140778e+02	2104	6.690788e-01	7.000000e-01	
2.141795e+02	2105	8.664693e+01	1.615115e+02	2.141795e+02	2105	6.508403e-01	7.000000e-01	
2.142813e+02	2106	8.538173e+01	1.722168e+02	2.142813e+02	2106	6.685473e-01	7.000000e-01	
2.143830e+02	2107	6.995081e+01	1.477553e+02	2.143830e+02	2107	6.786916e-01	7.000000e-01	
2.144848e+02	2108	7.680332e+01	1.233491e+02	2.144848e+02	2108	6.162758e-01	7.000000e-01	
2.145865e+02	2109	6.842914e+01	1.285748e+02	2.145865e+02	2109	6.526509e-01	7.000000e-01	
2.146883e+02	2110	7.034953e+01	1.561241e+02	2.146883e+02	2110	6.893699e-01	7.000000e-01	
2.147900e+02	2111	7.157631e+01	1.433138e+02	2.147900e+02	2111	6.669167e-01	7.000000e-01	
2.148918e+02	2112	7.783296e+01	1.539392e+02	2.148918e+02	2112	6.641833e-01	7.000000e-01	
2.149935e+02	2113	6.820396e+01	1.551555e+02	2.149935e+02	2113	6.946449e-01	7.000000e-01	
2.150953e+02	2114	6.728340e+01	1.609884e+02	2.150953e+02	2114	7.052487e-01	7.000000e-01	
2.151970e+02	2115	7.192291e+01	1.556135e+02	2.151970e+02	2115	6.839059e-01	7.000000e-01	
2.152988e+02	2116	6.427704e+01	1.647889e+02	2.152988e+02	2116	7.193950e-01	7.000000e-01	
2.154005e+02	2117	7.125690e+01	1.641039e+02	2.154005e+02	2117	6.972440e-01	7.000000e-01	
2.155023e+02	2118	5.352030e+01	1.732528e+02	2.155023e+02	2118	7.639918e-01	7.000000e-01	
2.156040e+02	2119	7.274597e+01	1.633869e+02	2.156040e+02	2119	6.919278e-01	7.000000e-01	
2.157058e+02	2120	5.451395e+01	1.794557e+02	2.157058e+02	2120	7.670042e-01	7.000000e-01	
2.158075e+02	2121	5.206039e+01	1.777565e+02	2.158075e+02	2121	7.734701e-01	7.000000e-01	
2.159093e+02	2122	6.622628e+01	1.639101e+02	2.159093e+02	2122	7.122303e-01	7.000000e-01	
2.160110e+02	2123	6.611008e+01	1.688546e+02	2.160110e+02	2123	7.186382e-01	7.000000e-01	
2.161128e+02	2124	7.563103e+01	1.535534e+02	2.161128e+02	2124	6.699993e-01	7.000000e-01	
2.162145e+02	2125	7.383839e+01	1.589649e+02	2.162145e+02	2125	6.828293e-01	7.000000e-01	
2.163162e+02	2126	7.138546e+01	1.501756e+02	2.163162e+02	2126	6.778068e-01	7.000000e-01	
2.164180e+02	2127	7.954483e+01	1.475648e+02	2.164180e+02	2127	6.497514e-01	7.000000e-01	
2.165197e+02	2128	7.807119e+01	1.608750e+02	2.165197e+02	2128	6.732687e-01	7.000000e-01	
2.166215e+02	2129	8.796784e+01	1.573163e+02	2.166215e+02	2129	6.413635e-01	7.000000e-01	
2.167232e+02	2130	8.441264e+01	1.463024e+02	2.167232e+02	2130	6.341260e-01	7.000000e-01	
2.168250e+02	2131	6.785816e+01	1.663394e+02	2.168250e+02	2131	7.102525e-01	7.000000e-01	
2.169267e+02	2132	7.546698e+01	1.527485e+02	2.169267e+02	2132	6.693170e-01	7.000000e-01	
2.170285e+02	2133	9.061421e+01	1.750924e+02	2.170285e+02	2133	6.589689e-01	7.000000e-01	
2.171302e+02	2134	8.815374e+01	1.405613e+02	2.171302e+02	2134	6.145696e-01	7.000000e-01	
2.172320e+02	2135	8.372769e+01	1.566755e+02	2.172320e+02	2135	6.517197e-01	7.000000e-01	
2.173337e+02	2136	9.024786e+01	1.709920e+02	2.173337e+02	2136	6.545402e-01	7.000000e-01	
2.174355e+02	2137	1.062565e+02	1.717035e+02	2.174355e+02	2137	6.177274e-01	7.000000e-01	
2.175372e+02	2138	8.491648e+01	1.308410e+02	2.175372e+02	2138	6.064263e-01	7.000000e-01	
2.176390e+02	2139	6.630439e+01	1.038224e+02	2.176390e+02	2139	6.102649e-01	7.000000e-01	
2.177407e+02	2140	7.399412e+01	1.171717e+02	2.177407e+02	2140	6.129323e-01	7.000000e-01	
2.178425e+02	2141	8.367681e+01	1.452452e+02	2.178425e+02	2141	6.344746e-01	7.000000e-01	
2.179442e+02	2142	8.258176e+01	1.282841e+02	2.179442e+02	2142	6.083683e-01	7.000000e-01	
2.180460e+02	2143	8.410229e+01	1.490128e+02	2.180460e+02	2143	6.392242e-01	7.000000e-01	
2.181477e+02	2144	7.059235e+01	1.158351e+02	2.181477e+02	2144	6.213414e-01	7.000000e-01	
2.182495e+02	2145	7.688174e+01	1.429269e+02	2.182495e+02	2145	6.502333e-01	7.000000e-01	
2.183512e+02	2146	8.129943e+01	1.286012e+02	2.183512e+02	2146	6.126766e-01	7.000000e-01	
2.184530e+02	2147	7.407060e+01	1.360353e+02	2.184530e+02	2147	6.474606e-01	7.000000e-01	
2.185547e+02	2148	7.720122e+01	1.375205e+02	2.185547e+02	2148	6.404592e-01	7.000000e-01	
2.186565e+02	2149	8.136604e+01	1.763427e+02	2.186565e+02	2149	6.842713e-01	7.000000e-01	
2.187582e+02	2150	1.027726e+02	2.038094e+02	2.187582e+02	2150	6.647794e-01	7.000000e-01	
2.188599e+02	2151	5.385324e+01	1.979346e+02	2.188599e+02	2151	7.861166e-01	7.000000e-01	
2.189617e+02	2152	5.092736e+01	2.124278e+02	2.189617e+02	2152	8.066210e-01	7.000000e-01	
2.190634e+02	2153	6.360592e+01	1.941785e+02	2.190634e+02	2153	7.532593e-01	7.000000e-01	
2.191652e+02	2154	8.447905e+01	2.123247e+02	2.191652e+02	2154	7.153707e-01	7.000000e-01	
2.192669e+02	2155	6.463630e+01	1.969925e+02	2.192669e+02	2155	7.529465e-01	7.000000e-01	
2.193687e+02	2156	6.524129e+01	1.595581e+02	2.193687e+02	2156	7.097800e-01	7.000000e-01	
2.194704e+02	2157	6.556173e+01	1.732924e+02	2.194704e+02	2157	7.255156e-01	7.000000e-01	
2.195722e+02	2158	6.972436e+01	1.777042e+02	2.195722e+02	2158	7.182041e-01	7.000000e-01	
2.196739e+02	2159	6.938469e+01	1.734484e+02	2.196739e+02	2159	7.142700e-01	7.000000e-01	
2.197757e+02	2160	5.419952e+01	1.723109e+02	2.197757e+02	2160	7.607195e-01	7.000000e-01	
2.198774e+02	2161	6.178087e+01	1.683327e+02	2.198774e+02	2161	7.315201e-01	7.000000e-01	
2.199792e+02	2162	7.908349e+01	1.591760e+02	2.199792e+02	2162	6.680783e-01	7.000000e-01	
2.200809e+02	2163	7.200590e+01	1.906412e+02	2.200809e+02	2163	7.258454e-01	7.000000e-01	
2.201827e+02	2164	6.448020e+01	1.563544e+02	2.201827e+02	2164	7.080159e-01	7.000000e-01	
2.202844e+02	2165	7.282279e+01	1.576871e+02	2.202844e+02	2165	6.840795e-01	7.000000e-01	
2.203862e+02	2166	7.362971e+01	1.437000e+02	2.203862e+02	2166	6.612073e-01	7.000000e-01	
2.204879e+02	2167	7.188816e+01	1.427090e+02	2.204879e+02	2167	6.650088e-01	7.000000e-01	
2.205897e+02	2168	6.965133e+01	1.548819e+02	2.205897e+02	2168	6.897950e-01	7.000000e-01	
2.206914e+02	2169	8.307753e+01	1.396929e+02	2.206914e+02	2169	6.270711e-01	7.000000e-01	
2.207932e+02	2170	7.004434e+01	1.424362e+02	2.207932e+02	2170	6.703494e-01	7.000000e-01	
2.208949e+02	2171	6.600303e+01	1.577355e+02	2.208949e+02	2171	7.049993e-01	7.000000e-01	
2.209967e+02	2172	7.195540e+01	1.631086e+02	2.209967e+02	2172	6.938902e-01	7.000000e-01	
2.210984e+02	2173	8.485281e+01	1.369455e+02	2.210984e+02	2173	6.174326e-01	7.000000e-01	
2.212002e+02	2174	7.699045e+01	1.445171e+02	2.212002e+02	2174	6.524252e-01	7.000000e-01	
2.213019e+02	2175	8.213959e+01	1.250972e+02	2.213019e+02	2175	6.036438e-01	7.000000e-01	
2.214036e+02	2176	7.308162e+01	1.453876e+02	2.214036e+02	2176	6.654832e-01	7.000000e-01	
2.215054e+02	2177	8.786354e+01	1.689515e+02	2.215054e+02	2177	6.578723e-01	7.000000e-01	
2.216071e+02	2178	6.397071e+01	1.554264e+02	2.216071e+02	2178	7.084250e-01	7.000000e-01	
2.217089e+02	2179	5.127639e+01	1.631226e+02	2.217089e+02	2179	7.608366e-01	7.000000e-01	
2.218106e+02	2180	7.879528e+01	1.403693e+02	2.218106e+02	2180	6.404744e-01	7.000000e-01	
2.219124e+02	2181	7.003033e+01	1.450074e+02	2.219124e+02	2181	6.743347e-01	7.000000e-01	
2.220141e+02	2182	6.888322e+01	1.500269e+02	2.220141e+02	2182	6.853356e-01	7.000000e-01	
2.221159e+02	2183	7.340564e+01	1.416732e+02	2.221159e+02	2183	6.587036e-01	7.000000e-01	
2.222176e+02	2184	6.213824e+01	1.540903e+02	2.222176e+02	2184	7.126270e-01	7.000000e-01	
2.223194e+02	2185	7.296833e+01	1.497210e+02	2.223194e+02	2185	6.723313e-01	7.000000e-01	
2.224211e+02	2186	7.601416e+01	1.525052e+02	2.224211e+02	2186	6.673623e-01	7.000000e-01	
2.225229e+02	2187	6.258044e+01	1.887092e+02	2.225229e+02	2187	7.509629e-01	7.000000e-01	
2.226246e+02	2188	7.368306e+01	1.663485e+02	2.226246e+02	2188	6.930276e-01	7.000000e-01	
2.227264e+02	2189	6.954804e+01	1.703973e+02	2.227264e+02	2189	7.101505e-01	7.000000e-01	
2.228281e+02	2190	7.720335e+01	1.416426e+02	2.228281e+02	2190	6.472251e-01	7.000000e-01	
2.229299e+02	2191	7.098189e+01	1.774314e+02	2.229299e+02	2191	7.142589e-01	7.000000e-01	
2.230316e+02	2192	7.134762e+01	1.854710e+02	2.230316e+02	2192	7.221867e-01	7.000000e-01	
2.231334e+02	2193	6.073187e+01	1.566036e+02	2.231334e+02	2193	7.205616e-01	7.000000e-01	
2.232351e+02	2194	9.015669e+01	1.833374e+02	2.232351e+02	2194	6.703523e-01	7.000000e-01	
2.233369e+02	2195	8.690363e+01	1.753063e+02	2.233369e+02	2195	6.685723e-01	7.000000e-01	
2.234386e+02	2196	7.094913e+01	1.701599e+02	2.234386e+02	2196	7.057384e-01	7.000000e-01	
2.235404e+02	2197	8.135429e+01	1.934454e+02	2.235404e+02	2197	7.039506e-01	7.000000e-01	
2.236421e+02	2198	1.002477e+02	2.304092e+02	2.236421e+02	2198	6.968226e-01	7.000000e-01	
2.237439e+02	2199	1.077271e+02	2.073563e+02	2.237439e+02	2199	6.580997e-01	7.000000e-01	
2.238456e+02	2200	9.165846e+01	1.882715e+02	2.238456e+02	2200	6.725665e-01	7.000000e-01	
2.239473e+02	2201	6.512802e+01	1.480601e+02	2.239473e+02	2201	6.945045e-01	7.000000e-01	
2.240491e+02	2202	5.569605e+01	1.564077e+02	2.240491e+02	2202	7.374113e-01	7.000000e-01	
2.241508e+02	2203	9.129743e+01	1.851955e+02	2.241508e+02	2203	6.698019e-01	7.000000e-01	
2.242526e+02	2204	5.845763e+01	1.357182e+02	2.242526e+02	2204	6.989449e-01	7.000000e-01	
2.243543e+02	2205	2.869330e+01	2.348340e+02	2.243543e+02	2205	8.911183e-01	7.000000e-01	
2.244561e+02	2206	6.022791e+01	2.265813e+02	2.244561e+02	2206	7.900071e-01	7.000000e-01	
2.245578e+02	2207	4.806538e+01	1.925719e+02	2.245578e+02	2207	8.002580e-01	7.000000e-01	
2.246596e+02	2208	7.262665e+01	1.868549e+02	2.246596e+02	2208	7.201086e-01	7.000000e-01	
2.247613e+02	2209	4.475810e+01	2.267950e+02	2.247613e+02	2209	8.351774e-01	7.000000e-01	
2.248631e+02	2210	7.319573e+01	1.888512e+02	2.248631e+02	2210	7.206770e-01	7.000000e-01	
2.249648e+02	2211	6.419399e+01	2.045309e+02	2.249648e+02	2211	7.611163e-01	7.000000e-01	
2.250666e+02	2212	8.813389e+01	1.886192e+02	2.250666e+02	2212	6.815432e-01	7.000000e-01	
2.251683e+02	2213	7.979063e+01	1.981908e+02	2.251683e+02	2213	7.129642e-01	7.000000e-01	
2.252701e+02	2214	8.048164e+01	1.729175e+02	2.252701e+02	2214	6.823918e-01	7.000000e-01	
2.253718e+02	2215	8.101246e+01	1.751148e+02	2.253718e+02	2215	6.837023e-01	7.000000e-01	
2.254736e+02	2216	5.404372e+01	2.205132e+02	2.254736e+02	2216	8.031602e-01	7.000000e-01	
2.255753e+02	2217	7.670593e+01	2.170450e+02	2.255753e+02	2217	7.388743e-01	7.000000e-01	
2.256771e+02	2218	5.849810e+01	2.228157e+02	2.256771e+02	2218	7.920539e-01	7.000000e-01	
2.257788e+02	2219	7.136862e+01	1.966858e+02	2.257788e+02	2219	7.337532e-01	7.000000e-01	
2.258806e+02	2220	5.815699e+01	2.266063e+02	2.258806e+02	2220	7.957708e-01	7.000000e-01	
2.259823e+02	2221	5.877194e+01	2.554281e+02	2.259823e+02	2221	8.129474e-01	7.000000e-01	
2.260841e+02	2222	5.548375e+01	2.255665e+02	2.260841e+02	2222	8.025842e-01	7.000000e-01	
2.261858e+02	2223	5.731817e+01	2.325176e+02	2.261858e+02	2223	8.022391e-01	7.000000e-01	
2.262876e+02	2224	5.485203e+01	1.724023e+02	2.262876e+02	2224	7.586315e-01	7.000000e-01	
2.263893e+02	2225	5.060094e+01	1.890493e+02	2.263893e+02	2225	7.888550e-01	7.000000e-01	
2.264910e+02	2226	4.371050e+01	1.739613e+02	2.264910e+02	2226	7.991908e-01	7.000000e-01	
2.265928e+02	2227	5.534456e+01	2.164645e+02	2.265928e+02	2227	7.963844e-01	7.000000e-01	
2.266945e+02	2228	7.324676e+01	1.564462e+02	2.266945e+02	2228	6.811101e-01	7.000000e-01	
2.267963e+02	2229	5.713001e+01	1.472642e+02	2.267963e+02	2229	7.204911e-01	7.000000e-01	
2.268980e+02	2230	8.382363e+01	1.378452e+02	2.268980e+02	2230	6.218520e-01	7.000000e-01	
2.269998e+02	2231	8.591461e+01	1.409651e+02	2.269998e+02	2231	6.213209e-01	7.000000e-01	
2.271015e+02	2232	9.199615e+01	1.390695e+02	2.271015e+02	2232	6.018614e-01	7.000000e-01	
2.272033e+02	2233	6.724744e+01	1.445331e+02	2.272033e+02	2233	6.824664e-01	7.000000e-01	
2.273050e+02	2234	8.909304e+01	1.509898e+02	2.273050e+02	2234	6.289071e-01	7.000000e-01	
2.274068e+02	2235	7.183975e+01	1.556134e+02	2.274068e+02	2235	6.841558e-01	7.000000e-01	
2.275085e+02	2236	7.906749e+01	1.422441e+02	2.275085e+02	2236	6.427323e-01	7.000000e-01	
2.276103e+02	2237	8.768626e+01	1.348072e+02	2.276103e+02	2237	6.058929e-01	7.000000e-01	
2.277120e+02	2238	8.886473e+01	1.389702e+02	2.277120e+02	2238	6.099600e-01	7.000000e-01	
2.278138e+02	2239	8.063554e+01	1.276928e+02	2.278138e+02	2239	6.129401e-01	7.000000e-01	
2.279155e+02	2240	9.266933e+01	1.416399e+02	2.279155e+02	2240	6.044999e-01	7.000000e-01	
2.280173e+02	2241	8.904447e+01	1.398182e+02	2.280173e+02	2241	6.109262e-01	7.000000e-01	
2.281190e+02	2242	7.472540e+01	1.469284e+02	2.281190e+02	2242	6.628734e-01	7.000000e-01	
2.282208e+02	2243	7.299457e+01	1.422358e+02	2.282208e+02	2243	6.608538e-01	7.000000e-01	
2.283225e+02	2244	8.421087e+01	1.297695e+02	2.283225e+02	2244	6.064552e-01	7.000000e-01	
2.284243e+02	2245	7.306461e+01	1.201129e+02	2.284243e+02	2245	6.217748e-01	7.000000e-01	
2.285260e+02	2246	6.240825e+01	1.261951e+02	2.285260e+02	2246	6.691032e-01	7.000000e-01	
2.286278e+02	2247	7.907387e+01	1.257203e+02	2.286278e+02	2247	6.138861e-01	7.000000e-01	
2.287295e+02	2248	9.083455e+01	1.368687e+02	2.287295e+02	2248	6.010836e-01	7.000000e-01	
2.288313e+02	2249	8.048438e+01	2.153061e+02	2.288313e+02	2249	7.279007e-01	7.000000e-01	
2.289330e+02	2250	1.017914e+02	2.069300e+02	2.289330e+02	2250	6.702807e-01	7.000000e-01	
2.290347e+02	2251	8.372091e+01	1.253580e+02	2.290347e+02	2251	5.995727e-01	7.000000e-01	
2.291365e+02	2252	8.819906e+01	1.438725e+02	2.291365e+02	2252	6.199489e-01	7.000000e-01	
2.292382e+02	2253	6.952234e+01	1.093495e+02	2.292382e+02	2253	6.113288e-01	7.000000e-01	
2.293400e+02	2254	8.682246e+01	1.139092e+02	2.293400e+02	2254	5.674700e-01	7.000000e-01	
2.294417e+02	2255	9.614580e+01	1.318030e+02	2.294417e+02	2255	5.782132e-01	7.000000e-01	
2.295435e+02	2256	8.994413e+01	1.750302e+02	2.295435e+02	2256	6.605553e-01	7.000000e-01	
2.296452e+02	2257	6.901551e+01	1.852906e+02	2.296452e+02	2257	7.286125e-01	7.000000e-01	
2.297470e+02	2258	8.737904e+01	1.401178e+02	2.297470e+02	2258	6.159110e-01	7.000000e-01	
2.298487e+02	2259	7.337483e+01	1.686512e+02	2.298487e+02	2259	6.968308e-01	7.000000e-01	
2.299505e+02	2260	7.470672e+01	1.645447e+02	2.299505e+02	2260	6.877481e-01	7.000000e-01	
2.300522e+02	2261	8.978164e+01	1.564524e+02	2.300522e+02	2261	6.353809e-01	7.000000e-01	
2.301540e+02	2262	6.996272e+01	1.589144e+02	2.301540e+02	2262	6.943219e-01	7.000000e-01	
2.302557e+02	2263	8.200851e+01	1.752168e+02	2.302557e+02	2263	6.811802e-01	7.000000e-01	
2.303575e+02	2264	8.194938e+01	1.794756e+02	2.303575e+02	2264	6.865281e-01	7.000000e-01	
2.304592e+02	2265	6.858948e+01	1.375668e+02	2.304592e+02	2265	6.672938e-01	7.000000e-01	
2.305610e+02	2266	7.157596e+01	1.456855e+02	2.305610e+02	2266	6.705538e-01	7.000000e-01	
2.306627e+02	2267	7.137355e+01	1.703090e+02	2.306627e+02	2267	7.046806e-01	7.000000e-01	
2.307645e+02	2268	7.818271e+01	1.408527e+02	2.307645e+02	2268	6.430590e-01	7.000000e-01	
2.308662e+02	2269	8.708920e+01	1.270949e+02	2.308662e+02	2269	5.933909e-01	7.000000e-01	
2.309680e+02	2270	7.459836e+01	1.485671e+02	2.309680e+02	2270	6.657262e-01	7.000000e-01	
2.310697e+02	2271	1.001211e+02	1.384850e+02	2.310697e+02	2271	5.803917e-01	7.000000e-01	
2.311715e+02	2272	8.018978e+01	1.420373e+02	2.311715e+02	2272	6.391539e-01	7.000000e-01	
2.312732e+02	2273	7.248312e+01	1.642033e+02	2.312732e+02	2273	6.937589e-01	7.000000e-01	
2.313750e+02	2274	7.147606e+01	1.424142e+02	2.313750e+02	2274	6.658284e-01	7.000000e-01	
2.314767e+02	2275	7.242170e+01	1.601615e+02	2.314767e+02	2275	6.886202e-01	7.000000e-01	
2.315784e+02	2276	6.655589e+01	1.592992e+02	2.315784e+02	2276	7.053160e-01	7.000000e-01	
2.316802e+02	2277	7.746096e+01	1.815996e+02	2.316802e+02	2277	7.009928e-01	7.000000e-01	
2.317819e+02	2278	6.701135e+01	1.558709e+02	2.317819e+02	2278	6.993419e-01	7.000000e-01	
2.318837e+02	2279	7.008446e+01	1.515867e+02	2.318837e+02	2279	6.838359e-01	7.000000e-01	
2.319854e+02	2280	7.054314e+01	1.508908e+02	2.319854e+02	2280	6.814258e-01	7.000000e-01	
2.320872e+02	2281	7.331175e+01	1.452571e+02	2.320872e+02	2281	6.645828e-01	7.000000e-01	
2.321889e+02	2282	7.218828e+01	1.643447e+02	2.321889e+02	2282	6.948067e-01	7.000000e-01	
2.322907e+02	2283	8.135077e+01	1.478141e+02	2.322907e+02	2283	6.450120e-01	7.000000e-01	
2.323924e+02	2284	8.476716e+01	1.472885e+02	2.323924e+02	2284	6.347119e-01	7.000000e-01	
2.324942e+02	2285	6.952182e+01	1.642605e+02	2.324942e+02	2285	7.026216e-01	7.000000e-01	
2.325959e+02	2286	6.248713e+01	1.505711e+02	2.325959e+02	2286	7.067134e-01	7.000000e-01	
2.326977e+02	2287	7.760117e+01	1.544304e+02	2.326977e+02	2287	6.655577e-01	7.000000e-01	
2.327994e+02	2288	8.138794e+01	1.630070e+02	2.327994e+02	2288	6.669819e-01	7.000000e-01	
2.329012e+02	2289	8.264087e+01	1.628155e+02	2.329012e+02	2289	6.633175e-01	7.000000e-01	
2.330029e+02	2290	8.738195e+01	1.641964e+02	2.330029e+02	2290	6.526651e-01	7.000000e-01	
2.331047e+02	2291	7.675476e+01	1.599527e+02	2.331047e+02	2291	6.757400e-01	7.000000e-01	
2.332064e+02	2292	8.283123e+01	1.482437e+02	2.332064e+02	2292	6.415395e-01	7.000000e-01	
2.333082e+02	2293	8.691166e+01	1.749515e+02	2.333082e+02	2293	6.681028e-01	7.000000e-01	
2.334099e+02	2294	8.025150e+01	1.754631e+02	2.334099e+02	2294	6.861677e-01	7.000000e-01	
2.335117e+02	2295	7.975168e+01	1.624519e+02	2.335117e+02	2295	6.707246e-01	7.000000e-01	
2.336134e+02	2296	7.842108e+01	1.730651e+02	2.336134e+02	2296	6.881694e-01	7.000000e-01	
2.337152e+02	2297	9.034782e+01	1.642724e+02	2.337152e+02	2297	6.451664e-01	7.000000e-01	
2.338169e+02	2298	9.201170e+01	1.805996e+02	2.338169e+02	2298	6.624802e-01	7.000000e-01	
2.339187e+02	2299	7.538539e+01	1.904321e+02	2.339187e+02	2299	7.164017e-01	7.000000e-01	
2.340204e+02	2300	7.295120e+01	1.917365e+02	2.340204e+02	2300	7.243876e-01	7.000000e-01	
2.341221e+02	2301	7.574821e+01	1.672081e+02	2.341221e+02	2301	6.882229e-01	7.000000e-01	
2.342239e+02	2302	8.362816e+01	1.859222e+02	2.342239e+02	2302	6.897494e-01	7.000000e-01	
2.343256e+02	2303	7.514301e+01	1.846954e+02	2.343256e+02	2303	7.108087e-01	7.000000e-01	
2.344274e+02	2304	7.173233e+01	1.874626e+02	2.344274e+02	2304	7.232495e-01	7.000000e-01	
2.345291e+02	2305	8.745626e+01	1.947319e+02	2.345291e+02	2305	6.900782e-01	7.000000e-01	
2.346309e+02	2306	8.463154e+01	1.696719e+02	2.346309e+02	2306	6.672025e-01	7.000000e-01	
2.347326e+02	2307	7.447887e+01	1.894006e+02	2.347326e+02	2307	7.177542e-01	7.000000e-01	
2.348344e+02	2308	8.927990e+01	1.808236e+02	2.348344e+02	2308	6.694604e-01	7.000000e-01	
2.349361e+02	2309	7.282829e+01	1.851973e+02	2.349361e+02	2309	7.177478e-01	7.000000e-01	
2.350379e+02	2310	7.137617e+01	1.669835e+02	2.350379e+02	2310	7.005527e-01	7.000000e-01	
2.351396e+02	2311	7.722169e+01	1.661097e+02	2.351396e+02	2311	6.826481e-01	7.000000e-01	
2.352414e+02	2312	7.511608e+01	1.847180e+02	2.352414e+02	2312	7.109075e-01	7.000000e-01	
2.353431e+02	2313	8.150180e+01	1.558149e+02	2.353431e+02	2313	6.565695e-01	7.000000e-01	
2.354449e+02	2314	6.707329e+01	1.517122e+02	2.354449e+02	2314	6.934290e-01	7.000000e-01	
2.355466e+02	2315	8.036737e+01	1.702313e+02	2.355466e+02	2315	6.792985e-01	7.000000e-01	
2.356484e+02	2316	6.719748e+01	1.657725e+02	2.356484e+02	2316	7.115616e-01	7.000000e-01	
2.357501e+02	2317	6.619455e+01	2.049596e+02	2.357501e+02	2317	7.558785e-01	7.000000e-01	
2.358519e+02	2318	8.074703e+01	1.653350e+02	2.358519e+02	2318	6.718695e-01	7.000000e-01	
2.359536e+02	2319	6.735358e+01	1.940119e+02	2.359536e+02	2319	7.423012e-01	7.000000e-01	
2.360554e+02	2320	8.808298e+01	1.584288e+02	2.360554e+02	2320	6.426825e-01	7.000000e-01	
2.361571e+02	2321	7.031951e+01	2.099716e+02	2.361571e+02	2321	7.491197e-01	7.000000e-01	
2.362589e+02	2322	6.909523e+01	1.962194e+02	2.362589e+02	2322	7.395725e-01	7.000000e-01	
2.363606e+02	2323	8.599769e+01	1.770077e+02	2.363606e+02	2323	6.730193e-01	7.000000e-01	
2.364624e+02	2324	9.142933e+01	1.711718e+02	2.364624e+02	2324	6.518319e-01	7.000000e-01	
2.365641e+02	2325	7.417485e+01	1.824727e+02	2.365641e+02	2325	7.109856e-01	7.000000e-01	
2.366658e+02	2326	7.810521e+01	1.717224e+02	2.366658e+02	2326	6.873636e-01	7.000000e-01	
2.367676e+02	2327	8.060644e+01	1.410108e+02	2.367676e+02	2327	6.362808e-01	7.000000e-01	
2.368693e+02	2328	8.828222e+01	1.622994e+02	2.368693e+02	2328	6.476908e-01	7.000000e-01	
2.369711e+02	2329	5.135118e+01	1.757939e+02	2.369711e+02	2329	7.739278e-01	7.000000e-01	
2.370728e+02	2330	5.636640e+01	1.797138e+02	2.370728e+02	2330	7.612405e-01	7.000000e-01	
2.371746e+02	2331	5.584090e+01	1.805599e+02	2.371746e+02	2331	7.637872e-01	7.000000e-01	
2.372763e+02	2332	5.829680e+01	1.840800e+02	2.372763e+02	2332	7.594786e-01	7.000000e-01	
2.373781e+02	2333	4.674436e+01	1.713027e+02	2.373781e+02	2333	7.856226e-01	7.000000e-01	
2.374798e+02	2334	5.673628e+01	1.547994e+02	2.374798e+02	2334	7.317886e-01	7.000000e-01	
2.375816e+02	2335	6.439975e+01	1.773162e+02	2.375816e+02	2335	7.335726e-01	7.000000e-01	
2.376833e+02	2336	5.887038e+01	1.914400e+02	2.376833e+02	2336	7.648105e-01	7.000000e-01	
2.377851e+02	2337	5.746096e+01	1.818851e+02	2.377851e+02	2337	7.599252e-01	7.000000e-01	
2.378868e+02	2338	5.864986e+01	1.709910e+02	2.378868e+02	2338	7.446018e-01	7.000000e-01	
2.379886e+02	2339	7.150078e+01	1.348162e+02	2.379886e+02	2339	6.534421e-01	7.000000e-01	
2.380903e+02	2340	7.359509e+01	1.388064e+02	2.380903e+02	2340	6.535095e-01	7.000000e-01	
2.381921e+02	2341	5.152466e+01	1.446484e+02	2.381921e+02	2341	7.373510e-01	7.000000e-01	
2.382938e+02	2342	6.535715e+01	1.269071e+02	2.382938e+02	2342	6.600660e-01	7.000000e-01	
2.383956e+02	2343	7.584419e+01	1.298451e+02	2.383956e+02	2343	6.312682e-01	7.000000e-01	
2.384973e+02	2344	7.114305e+01	1.355781e+02	2.384973e+02	2344	6.558502e-01	7.000000e-01	
2.385991e+02	2345	7.249060e+01	1.399009e+02	2.385991e+02	2345	6.586935e-01	7.000000e-01	
2.387008e+02	2346	7.482542e+01	1.327551e+02	2.387008e+02	2346	6.395354e-01	7.000000e-01	
2.388026e+02	2347	7.099933e+01	1.359177e+02	2.388026e+02	2347	6.568705e-01	7.000000e-01	
2.389043e+02	2348	6.619615e+01	1.413288e+02	2.389043e+02	2348	6.810208e-01	7.000000e-01	
2.390061e+02	2349	7.504889e+01	1.358078e+02	2.390061e+02	2349	6.440763e-01	7.000000e-01	
2.391078e+02	2350	6.834741e+01	1.557200e+02	2.391078e+02	2350	6.949694e-01	7.000000e-01	
2.392095e+02	2351	6.507089e+01	1.593588e+02	2.392095e+02	2351	7.100611e-01	7.000000e-01	
2.393113e+02	2352	6.978475e+01	1.701640e+02	2.393113e+02	2352	7.091681e-01	7.000000e-01	
2.394130e+02	2353	6.967832e+01	1.495838e+02	2.394130e+02	2353	6.822145e-01	7.000000e-01	
2.395148e+02	2354	7.778360e+01	1.857007e+02	2.395148e+02	2354	7.047885e-01	7.000000e-01	
2.396165e+02	2355	8.115512e+01	1.840834e+02	2.396165e+02	2355	6.940297e-01	7.000000e-01	
2.397183e+02	2356	6.614209e+01	1.602227e+02	2.397183e+02	2356	7.078075e-01	7.000000e-01	
2.398200e+02	2357	6.484443e+01	1.425065e+02	2.398200e+02	2357	6.872721e-01	7.000000e-01	
2.399218e+02	2358	8.726563e+01	1.750503e+02	2.399218e+02	2358	6.673262e-01	7.000000e-01	
2.400235e+02	2359	7.809907e+01	1.798925e+02	2.400235e+02	2359	6.972805e-01	7.000000e-01	
2.401253e+02	2360	8.196553e+01	1.934520e+02	2.401253e+02	2360	7.023954e-01	7.000000e-01	
2.402270e+02	2361	7.037583e+01	1.757659e+02	2.402270e+02	2361	7.140841e-01	7.000000e-01	
2.403288e+02	2362	8.188368e+01	1.674306e+02	2.403288e+02	2362	6.715644e-01	7.000000e-01	
2.404305e+02	2363	7.799838e+01	1.787762e+02	2.404305e+02	2363	6.962379e-01	7.000000e-01	
2.405323e+02	2364	6.265333e+01	1.552026e+02	2.405323e+02	2364	7.124093e-01	7.000000e-01	
2.406340e+02	2365	6.658568e+01	1.638631e+02	2.406340e+02	2365	7.110608e-01	7.000000e-01	
2.407358e+02	2366	4.988901e+01	1.634964e+02	2.407358e+02	2366	7.662023e-01	7.000000e-01	
2.408375e+02	2367	7.204378e+01	1.616941e+02	2.408375e+02	2367	6.917753e-01	7.000000e-01	
2.409393e+02	2368	6.316609e+01	1.504657e+02	2.409393e+02	2368	7.043226e-01	7.000000e-01	
2.410410e+02	2369	7.478442e+01	1.478133e+02	2.410410e+02	2369	6.640378e-01	7.000000e-01	
2.411428e+02	2370	6.008103e+01	1.548675e+02	2.411428e+02	2370	7.204864e-01	7.000000e-01	
2.412445e+02	2371	5.940535e+01	1.517799e+02	2.412445e+02	2371	7.187050e-01	7.000000e-01	
2.413463e+02	2372	7.342283e+01	1.492904e+02	2.413463e+02	2372	6.703257e-01	7.000000e-01	
2.414480e+02	2373	7.316748e+01	1.501154e+02	2.414480e+02	2373	6.723104e-01	7.000000e-01	
2.415498e+02	2374	6.340179e+01	1.562666e+02	2.415498e+02	2374	7.113750e-01	7.000000e-01	
2.416515e+02	2375	6.308771e+01	1.640904e+02	2.416515e+02	2375	7.222985e-01	7.000000e-01	
2.417532e+02	2376	7.033802e+01	1.558897e+02	2.417532e+02	2376	6.890831e-01	7.000000e-01	
2.418550e+02	2377	7.619969e+01	1.460655e+02	2.418550e+02	2377	6.571677e-01	7.000000e-01	
2.419567e+02	2378	7.433930e+01	1.435229e+02	2.419567e+02	2378	6.587783e-01	7.000000e-01	
2.420585e+02	2379	7.501235e+01	1.400878e+02	2.420585e+02	2379	6.512678e-01	7.000000e-01	
2.421602e+02	2380	7.046772e+01	1.519468e+02	2.421602e+02	2380	6.831694e-01	7.000000e-01	
2.422620e+02	2381	7.694011e+01	1.514897e+02	2.422620e+02	2381	6.631783e-01	7.000000e-01	
2.423637e+02	2382	6.380542e+01	1.398831e+02	2.423637e+02	2382	6.867500e-01	7.000000e-01	
2.424655e+02	2383	6.282159e+01	1.472735e+02	2.424655e+02	2383	7.009850e-01	7.000000e-01	
2.425672e+02	2384	6.108567e+01	1.440257e+02	2.425672e+02	2384	7.021829e-01	7.000000e-01	
2.426690e+02	2385	5.134755e+01	1.452265e+02	2.426690e+02	2385	7.387877e-01	7.000000e-01	
2.427707e+02	2386	5.273527e+01	1.468309e+02	2.427707e+02	2386	7.357505e-01	7.000000e-01	
2.428725e+02	2387	7.055387e+01	1.299338e+02	2.428725e+02	2387	6.480887e-01	7.000000e-01	
2.429742e+02	2388	4.738668e+01	1.434791e+02	2.429742e+02	2388	7.517277e-01	7.000000e-01	
2.430760e+02	2389	5.860010e+01	1.418622e+02	2.430760e+02	2389	7.076752e-01	7.000000e-01	
2.431777e+02	2390	6.316825e+01	1.498387e+02	2.431777e+02	2390	7.034451e-01	7.000000e-01	
2.432795e+02	2391	6.532247e+01	1.362362e+02	2.432795e+02	2391	6.759134e-01	7.000000e-01	
2.433812e+02	2392	7.365318e+01	1.378156e+02	2.433812e+02	2392	6.517066e-01	7.000000e-01	
2.434830e+02	2393	7.671270e+01	1.403815e+02	2.434830e+02	2393	6.466386e-01	7.000000e-01	
2.435847e+02	2394	7.550339e+01	1.323444e+02	2.435847e+02	2394	6.367371e-01	7.000000e-01	
2.436865e+02	2395	8.880956e+01	1.384434e+02	2.436865e+02	2395	6.092039e-01	7.000000e-01	
2.437882e+02	2396	6.183520e+01	1.379319e+02	2.437882e+02	2396	6.904635e-01	7.000000e-01	
2.438900e+02	2397	7.262588e+01	1.467843e+02	2.438900e+02	2397	6.689949e-01	7.000000e-01	
2.439917e+02	2398	7.608367e+01	1.337864e+02	2.439917e+02	2398	6.374725e-01	7.000000e-01	
2.440935e+02	2399	9.224126e+01	1.178935e+02	2.440935e+02	2399	5.610376e-01	7.000000e-01	
2.441952e+02	2400	6.201048e+01	1.290856e+02	2.441952e+02	2400	6.755010e-01	7.000000e-01	
2.442969e+02	2401	6.659725e+01	1.319794e+02	2.442969e+02	2401	6.646270e-01	7.000000e-01	
2.443987e+02	2402	6.483314e+01	1.363941e+02	2.443987e+02	2402	6.778113e-01	7.000000e-01	
2.445004e+02	2403	7.841464e+01	1.315215e+02	2.445004e+02	2403	6.264834e-01	7.000000e-01	
2.446022e+02	2404	7.209352e+01	1.399310e+02	2.446022e+02	2404	6.599756e-01	7.000000e-01	
2.447039e+02	2405	6.257799e+01	1.390729e+02	2.447039e+02	2405	6.896716e-01	7.000000e-01	
2.448057e+02	2406	4.929402e+01	1.026992e+02	2.448057e+02	2406	6.756828e-01	7.000000e-01	
2.449074e+02	2407	6.536018e+01	1.210728e+02	2.449074e+02	2407	6.494173e-01	7.000000e-01	
2.450092e+02	2408	7.930483e+01	1.480100e+02	2.450092e+02	2408	6.511234e-01	7.000000e-01	
2.451109e+02	2409	5.637021e+01	1.626851e+02	2.451109e+02	2409	7.426668e-01	7.000000e-01	
2.452127e+02	2410	7.405582e+01	1.276997e+02	2.452127e+02	2410	6.329428e-01	7.000000e-01	
2.453144e+02	2411	6.737576e+01	1.418549e+02	2.453144e+02	2411	6.779833e-01	7.000000e-01	
2.454162e+02	2412	6.589245e+01	1.447296e+02	2.454162e+02	2412	6.871531e-01	7.000000e-01	
2.455179e+02	2413	7.077533e+01	1.331269e+02	2.455179e+02	2413	6.528958e-01	7.000000e-01	
2.456197e+02	2414	6.861539e+01	1.369840e+02	2.456197e+02	2414	6.662666e-01	7.000000e-01	
2.457214e+02	2415	7.282388e+01	1.199912e+02	2.457214e+02	2415	6.223123e-01	7.000000e-01	
2.458232e+02	2416	9.665901e+01	9.951217e+01	2.458232e+02	2416	5.072721e-01	7.000000e-01	
2.459249e+02	2417	7.016047e+01	1.476731e+02	2.459249e+02	2417	6.779171e-01	7.000000e-01	
2.460267e+02	2418	7.173688e+01	1.217884e+02	2.460267e+02	2418	6.293152e-01	7.000000e-01	
2.461284e+02	2419	7.020749e+01	1.460700e+02	2.461284e+02	2419	6.753824e-01	7.000000e-01	
2.462302e+02	2420	7.148576e+01	1.226049e+02	2.462302e+02	2420	6.316888e-01	7.000000e-01	
2.463319e+02	2421	7.623327e+01	1.582740e+02	2.463319e+02	2421	6.749215e-01	7.000000e-01	
2.464337e+02	2422	8.368886e+01	1.442136e+02	2.464337e+02	2422	6.327865e-01	7.000000e-01	
2.465354e+02	2423	6.776769e+01	1.380477e+02	2.465354e+02	2423	6.707356e-01	7.000000e-01	
2.466372e+02	2424	7.518968e+01	1.702732e+02	2.466372e+02	2424	6.936821e-01	7.000000e-01	
2.467389e+02	2425	6.621784e+01	1.405058e+02	2.467389e+02	2425	6.796794e-01	7.000000e-01	
2.468406e+02	2426	7.481268e+01	1.398549e+02	2.468406e+02	2426	6.514952e-01	7.000000e-01	
2.469424e+02	2427	5.957398e+01	1.843731e+02	2.469424e+02	2427	7.557914e-01	7.000000e-01	
2.470441e+02	2428	5.762218e+01	1.759025e+02	2.470441e+02	2428	7.532501e-01	7.000000e-01	
2.471459e+02	2429	7.147456e+01	1.582965e+02	2.471459e+02	2429	6.889314e-01	7.000000e-01	
2.472476e+02	2430	7.341603e+01	1.849239e+02	2.472476e+02	2430	7.158162e-01	7.000000e-01	
2.473494e+02	2431	7.241028e+01	1.961784e+02	2.473494e+02	2431	7.304046e-01	7.000000e-01	
2.474511e+02	2432	5.870780e+01	1.444576e+02	2.474511e+02	2432	7.110345e-01	7.000000e-01	
2.475529e+02	2433	5.783370e+01	1.376217e+02	2.475529e+02	2433	7.041079e-01	7.000000e-01	
2.476546e+02	2434	6.146045e+01	1.505116e+02	2.476546e+02	2434	7.100540e-01	7.000000e-01	
2.477564e+02	2435	6.236473e+01	1.368985e+02	2.477564e+02	2435	6.870234e-01	7.000000e-01	
2.478581e+02	2436	5.537520e+01	1.375891e+02	2.478581e+02	2436	7.130288e-01	7.000000e-01	
2.479599e+02	2437	7.429660e+01	1.711638e+02	2.479599e+02	2437	6.973174e-01	7.000000e-01	
2.480616e+02	2438	5.924982e+01	1.693512e+02	2.480616e+02	2438	7.408156e-01	7.000000e-01	
2.481634e+02	2439	5.503604e+01	1.604871e+02	2.481634e+02	2439	7.446398e-01	7.000000e-01	
2.482651e+02	2440	6.218759e+01	1.454157e+02	2.482651e+02	2440	7.004499e-01	7.000000e-01	
2.483669e+02	2441	7.006977e+01	2.106272e+02	2.483669e+02	2441	7.503722e-01	7.000000e-01	
2.484686e+02	2442	8.126304e+01	1.661720e+02	2.484686e+02	2442	6.715783e-01	7.000000e-01	
2.485704e+02	2443	7.377604e+01	1.719031e+02	2.485704e+02	2443	6.997057e-01	7.000000e-01	
2.486721e+02	2444	7.007714e+01	2.105908e+02	2.486721e+02	2444	7.503201e-01	7.000000e-01	
2.487739e+02	2445	7.266918e+01	1.647290e+02	2.487739e+02	2445	6.938933e-01	7.000000e-01	
2.488756e+02	2446	8.628177e+01	1.722967e+02	2.488756e+02	2446	6.663227e-01	7.000000e-01	
2.489774e+02	2447	8.133270e+01	1.571585e+02	2.489774e+02	2447	6.589698e-01	7.000000e-01	
2.490791e+02	2448	8.226528e+01	1.520379e+02	2.490791e+02	2448	6.488939e-01	7.000000e-01	
2.491809e+02	2449	9.389500e+01	2.057086e+02	2.491809e+02	2449	6.866026e-01	7.000000e-01	
2.492826e+02	2450	8.985644e+01	1.494870e+02	2.492826e+02	2450	6.245711e-01	7.000000e-01	
2.493843e+02	2451	7.643704e+01	1.593622e+02	2.493843e+02	2451	6.758385e-01	7.000000e-01	
2.494861e+02	2452	7.735196e+01	1.532109e+02	2.494861e+02	2452	6.645082e-01	7.000000e-01	
2.495878e+02	2453	8.105058e+01	1.510011e+02	2.495878e+02	2453	6.507219e-01	7.000000e-01	
2.496896e+02	2454	8.319342e+01	1.551303e+02	2.496896e+02	2454	6.509226e-01	7.000000e-01	
2.497913e+02	2455	7.509080e+01	1.432470e+02	2.497913e+02	2455	6.560797e-01	7.000000e-01	
2.498931e+02	2456	9.278965e+01	1.606654e+02	2.498931e+02	2456	6.339010e-01	7.000000e-01	
2.499948e+02	2457	6.936218e+01	1.577600e+02	2.499948e+02	2457	6.946041e-01	7.000000e-01	
2.500966e+02	2458	8.644070e+01	1.472456e+02	2.500966e+02	2458	6.300994e-01	7.000000e-01	
2.501983e+02	2459	9.053668e+01	1.586213e+02	2.501983e+02	2459	6.366294e-01	7.000000e-01	
2.503001e+02	2460	7.827562e+01	1.447824e+02	2.503001e+02	2460	6.490796e-01	7.000000e-01	
2.504018e+02	2461	7.627573e+01	1.305414e+02	2.504018e+02	2461	6.311924e-01	7.000000e-01	
2.505036e+02	2462	7.927441e+01	1.435264e+02	2.505036e+02	2462	6.441916e-01	7.000000e-01	
2.506053e+02	2463	8.797438e+01	1.445761e+02	2.506053e+02	2463	6.216977e-01	7.000000e-01	
2.507071e+02	2464	7.811688e+01	1.554020e+02	2.507071e+02	2464	6.654794e-01	7.000000e-01	
2.508088e+02	2465	8.364997e+01	1.520963e+02	2.508088e+02	2465	6.451695e-01	7.000000e-01	
2.509106e+02	2466	7.780938e+01	1.471211e+02	2.509106e+02	2466	6.540736e-01	7.000000e-01	
2.510123e+02	2467	8.039491e+01	1.673150e+02	2.510123e+02	2467	6.754473e-01	7.000000e-01	
2.511141e+02	2468	7.975428e+01	1.595845e+02	2.511141e+02	2468	6.667724e-01	7.000000e-01	
2.512158e+02	2469	8.207155e+01	1.368336e+02	2.512158e+02	2469	6.250817e-01	7.000000e-01	
2.513176e+02	2470	7.796759e+01	1.635009e+02	2.513176e+02	2470	6.771107e-01	7.000000e-01	
2.514193e+02	2471	7.844685e+01	1.599546e+02	2.514193e+02	2471	6.709464e-01	7.000000e-01	
2.515211e+02	2472	7.701397e+01	1.630674e+02	2.515211e+02	2472	6.792172e-01	7.000000e-01	
2.516228e+02	2473	7.111044e+01	1.882724e+02	2.516228e+02	2473	7.258476e-01	7.000000e-01	
2.517246e+02	2474	8.417673e+01	1.712772e+02	2.517246e+02	2474	6.704818e-01	7.000000e-01	
2.518263e+02	2475	7.088274e+01	1.688297e+02	2.518263e+02	2475	7.043010e-01	7.000000e-01	
2.519280e+02	2476	8.433638e+01	1.820141e+02	2.519280e+02	2476	6.833631e-01	7.000000e-01	
2.520298e+02	2477	8.075711e+01	1.671775e+02	2.520298e+02	2477	6.742806e-01	7.000000e-01	
2.521315e+02	2478	7.405769e+01	1.576021e+02	2.521315e+02	2478	6.803170e-01	7.000000e-01	
2.522333e+02	2479	6.762581e+01	2.199709e+02	2.522333e+02	2479	7.648589e-01	7.000000e-01	
2.523350e+02	2480	6.753441e+01	1.845816e+02	2.523350e+02	2480	7.321296e-01	7.000000e-01	
2.524368e+02	2481	7.237135e+01	1.760606e+02	2.524368e+02	2481	7.086874e-01	7.000000e-01	
2.525385e+02	2482	6.971788e+01	1.775479e+02	2.525385e+02	2482	7.180448e-01	7.000000e-01	
2.526403e+02	2483	6.916884e+01	1.741588e+02	2.526403e+02	2483	7.157378e-01	7.000000e-01	
2.527420e+02	2484	6.899324e+01	1.935041e+02	2.527420e+02	2484	7.371659e-01	7.000000e-01	
2.528438e+02	2485	6.052662e+01	1.991082e+02	2.528438e+02	2485	7.668779e-01	7.000000e-01	
2.529455e+02	2486	6.453534e+01	1.897009e+02	2.529455e+02	2486	7.461599e-01	7.000000e-01	
2.530473e+02	2487	6.195322e+01	1.869818e+02	2.530473e+02	2487	7.511269e-01	7.000000e-01	
2.531490e+02	2488	6.272517e+01	1.690616e+02	2.531490e+02	2488	7.293842e-01	7.000000e-01	
2.532508e+02	2489	6.379355e+01	1.597045e+02	2.532508e+02	2489	7.145678e-01	7.000000e-01	
2.533525e+02	2490	7.201627e+01	1.656986e+02	2.533525e+02	2490	6.970477e-01	7.000000e-01	
2.534543e+02	2491	6.975312e+01	1.706881e+02	2.534543e+02	2491	7.098953e-01	7.000000e-01	
2.535560e+02	2492	8.638408e+01	1.347137e+02	2.535560e+02	2492	6.092947e-01	7.000000e-01	
2.536578e+02	2493	8.102698e+01	1.490296e+02	2.536578e+02	2493	6.477954e-01	7.000000e-01	
2.537595e+02	2494	6.174189e+01	1.662472e+02	2.537595e+02	2494	7.291893e-01	7.000000e-01	
2.538613e+02	2495	7.206938e+01	1.819108e+02	2.538613e+02	2495	7.162401e-01	7.000000e-01	
2.539630e+02	2496	6.570332e+01	1.695579e+02	2.539630e+02	2496	7.207218e-01	7.000000e-01	
2.540648e+02	2497	7.612583e+01	1.809301e+02	2.540648e+02	2497	7.038550e-01	7.000000e-01	
2.541665e+02	2498	8.468567e+01	1.502597e+02	2.541665e+02	2498	6.395517e-01	7.000000e-01	
2.542683e+02	2499	6.528362e+01	1.868257e+02	2.542683e+02	2499	7.410504e-01	7.000000e-01	
2.543700e+02	2500	7.317086e+01	1.563427e+02	2.543700e+02	2500	6.811916e-01	7.000000e-01	
2.544717e+02	2501	6.811043e+01	1.789309e+02	2.544717e+02	2501	7.242954e-01	7.000000e-01	
2.545735e+02	2502	8.566794e+01	1.968070e+02	2.545735e+02	2502	6.967238e-01	7.000000e-01	
2.546752e+02	2503	8.462185e+01	1.761078e+02	2.546752e+02	2503	6.754422e-01	7.000000e-01	
2.547770e+02	2504	7.086468e+01	1.848874e+02	2.547770e+02	2504	7.229165e-01	7.000000e-01	
2.548787e+02	2505	6.430485e+01	1.833437e+02	2.548787e+02	2505	7.403383e-01	7.000000e-01	
2.549805e+02	2506	6.768449e+01	1.888078e+02	2.549805e+02	2506	7.361149e-01	7.000000e-01	
2.550822e+02	2507	7.415316e+01	2.014449e+02	2.550822e+02	2507	7.309373e-01	7.000000e-01	
2.551840e+02	2508	6.639734e+01	1.806988e+02	2.551840e+02	2508	7.312894e-01	7.000000e-01	
2.552857e+02	2509	8.148309e+01	1.968586e+02	2.552857e+02	2509	7.072552e-01	7.000000e-01	
2.553875e+02	2510	7.289342e+01	1.861599e+02	2.553875e+02	2510	7.186162e-01	7.000000e-01	
2.554892e+02	2511	6.711477e+01	1.309557e+02	2.554892e+02	2511	6.611571e-01	7.000000e-01	
2.555910e+02	2512	9.236338e+01	1.712953e+02	2.555910e+02	2512	6.496858e-01	7.000000e-01	
2.556927e+02	2513	9.457823e+01	1.559465e+02	2.556927e+02	2513	6.224795e-01	7.000000e-01	
2.557945e+02	2514	5.440559e+01	2.215512e+02	2.557945e+02	2514	8.028474e-01	7.000000e-01	
2.558962e+02	2515	4.240332e+01	2.052102e+02	2.558962e+02	2515	8.287520e-01	7.000000e-01	
2.559980e+02	2516	4.625150e+01	2.036077e+02	2.559980e+02	2516	8.148897e-01	7.000000e-01	
2.560997e+02	2517	4.956801e+01	1.988643e+02	2.560997e+02	2517	8.004768e-01	7.000000e-01	
2.562015e+02	2518	4.221389e+01	2.371627e+02	2.562015e+02	2518	8.488997e-01	7.000000e-01	
2.563032e+02	2519	5.404358e+01	2.056222e+02	2.563032e+02	2519	7.918725e-01	7.000000e-01	
2.564050e+02	2520	5.485788e+01	2.008426e+02	2.564050e+02	2520	7.854604e-01	7.000000e-01	
2.565067e+02	2521	4.509887e+01	1.952881e+02	2.565067e+02	2521	8.123905e-01	7.000000e-01	
2.566085e+02	2522	4.346467e+01	2.120082e+02	2.566085e+02	2522	8.298658e-01	7.000000e-01	
2.567102e+02	2523	7.054624e+01	2.065127e+02	2.567102e+02	2523	7.453746e-01	7.000000e-01	
2.568120e+02	2524	5.205755e+01	2.130279e+02	2.568120e+02	2524	8.036197e-01	7.000000e-01	
2.569137e+02	2525	4.806045e+01	2.064550e+02	2.569137e+02	2525	8.111688e-01	7.000000e-01	
2.570154e+02	2526	5.661887e+01	2.004717e+02	2.570154e+02	2526	7.797707e-01	7.000000e-01	
2.571172e+02	2527	8.511089e+01	1.902174e+02	2.571172e+02	2527	6.908749e-01	7.000000e-01	
2.572189e+02	2528	8.462697e+01	2.210043e+02	2.572189e+02	2528	7.231076e-01	7.000000e-01	
2.573207e+02	2529	4.656853e+01	2.440748e+02	2.573207e+02	2529	8.397743e-01	7.000000e-01	
2.574224e+02	2530	6.289026e+01	2.217252e+02	2.574224e+02	2530	7.790343e-01	7.000000e-01	
2.575242e+02	2531	6.822181e+01	2.001387e+02	2.575242e+02	2531	7.457830e-01	7.000000e-01	
2.576259e+02	2532	5.562772e+01	2.268921e+02	2.576259e+02	2532	8.031015e-01	7.000000e-01	
2.577277e+02	2533	6.814352e+01	2.084360e+02	2.577277e+02	2533	7.536205e-01	7.000000e-01	
2.578294e+02	2534	5.911372e+01	2.112877e+02	2.578294e+02	2534	7.813853e-01	7.000000e-01	
2.579312e+02	2535	5.331343e+01	2.341991e+02	2.579312e+02	2535	8.145701e-01	7.000000e-01	
2.580329e+02	2536	5.713071e+01	2.209605e+02	2.580329e+02	2536	7.945613e-01	7.000000e-01	
2.581347e+02	2537	4.957886e+01	2.428862e+02	2.581347e+02	2537	8.304794e-01	7.000000e-01	
2.582364e+02	2538	7.132006e+01	2.088615e+02	2.582364e+02	2538	7.454506e-01	7.000000e-01	
2.583382e+02	2539	5.898841e+01	1.963991e+02	2.583382e+02	2539	7.690239e-01	7.000000e-01	
2.584399e+02	2540	6.232299e+01	2.007020e+02	2.584399e+02	2540	7.630530e-01	7.000000e-01	
2.585417e+02	2541	5.727874e+01	2.242578e+02	2.585417e+02	2541	7.965495e-01	7.000000e-01	
2.586434e+02	2542	6.707281e+01	2.128870e+02	2.586434e+02	2542	7.604199e-01	7.000000e-01	
2.587452e+02	2543	5.907660e+01	2.059476e+02	2.587452e+02	2543	7.770898e-01	7.000000e-01	
2.588469e+02	2544	6.658202e+01	2.047719e+02	2.588469e+02	2544	7.546303e-01	7.000000e-01	
2.589487e+02	2545	6.316545e+01	2.042384e+02	2.589487e+02	2545	7.637826e-01	7.000000e-01	
2.590504e+02	2546	3.627308e+01	1.808469e+02	2.590504e+02	2546	8.329353e-01	7.000000e-01	
2.591522e+02	2547	7.506273e+01	1.994529e+02	2.591522e+02	2547	7.265630e-01	7.000000e-01	
2.592539e+02	2548	5.983474e+01	1.868882e+02	2.592539e+02	2548	7.574821e-01	7.000000e-01	
2.593557e+02	2549	1.090065e+02	1.930151e+02	2.593557e+02	2549	6.390771e-01	7.000000e-01	
2.594574e+02	2550	7.102612e+01	2.221327e+02	2.594574e+02	2550	7.577214e-01	7.000000e-01	
2.595591e+02	2551	7.812372e+01	2.080861e+02	2.595591e+02	2551	7.270404e-01	7.000000e-01	
2.596609e+02	2552	9.732758e+01	2.093834e+02	2.596609e+02	2552	6.826733e-01	7.000000e-01	
2.597626e+02	2553	7.327792e+01	1.740318e+02	2.597626e+02	2553	7.036998e-01	7.000000e-01	
2.598644e+02	2554	1.239096e+02	2.025284e+02	2.598644e+02	2554	6.204192e-01	7.000000e-01	
2.599661e+02	2555	8.390870e+01	1.924848e+02	2.599661e+02	2555	6.964158e-01	7.000000e-01	
2.600679e+02	2556	9.759086e+01	2.004050e+02	2.600679e+02	2556	6.725093e-01	7.000000e-01	
2.601696e+02	2557	6.355174e+01	1.528374e+02	2.601696e+02	2557	7.063081e-01	7.000000e-01	
2.602714e+02	2558	8.029267e+01	1.746928e+02	2.602714e+02	2558	6.851088e-01	7.000000e-01	
2.603731e+02	2559	6.131270e+01	1.621377e+02	2.603731e+02	2559	7.256094e-01	7.000000e-01	
2.604749e+02	2560	2.940971e+01	1.503274e+02	2.604749e+02	2560	8.363737e-01	7.000000e-01	
2.605766e+02	2561	6.728414e+01	1.708605e+02	2.605766e+02	2561	7.174652e-01	7.000000e-01	
2.606784e+02	2562	6.910248e+01	1.394609e+02	2.606784e+02	2562	6.686740e-01	7.000000e-01	
2.607801e+02	2563	5.506094e+01	1.502362e+02	2.607801e+02	2563	7.317988e-01	7.000000e-01	
2.608819e+02	2564	5.577240e+01	1.827700e+02	2.608819e+02	2564	7.661950e-01	7.000000e-01	
2.609836e+02	2565	6.482050e+01	1.569642e+02	2.609836e+02	2565	7.077323e-01	7.000000e-01	
2.610854e+02	2566	4.937485e+01	1.668209e+02	2.610854e+02	2566	7.716197e-01	7.000000e-01	
2.611871e+02	2567	5.790791e+01	1.715168e+02	2.611871e+02	2567	7.475951e-01	7.000000e-01	
2.612889e+02	2568	6.453282e+01	1.577755e+02	2.612889e+02	2568	7.097148e-01	7.000000e-01	
2.613906e+02	2569	6.768265e+01	1.735268e+02	2.613906e+02	2569	7.194030e-01	7.000000e-01	
2.614924e+02	2570	6.448835e+01	1.750333e+02	2.614924e+02	2570	7.307619e-01	7.000000e-01	
2.615941e+02	2571	5.695086e+01	1.484208e+02	2.615941e+02	2571	7.226937e-01	7.000000e-01	
2.616959e+02	2572	7.285004e+01	1.508492e+02	2.616959e+02	2572	6.743393e-01	7.000000e-01	
2.617976e+02	2573	6.287409e+01	1.526813e+02	2.617976e+02	2573	7.083159e-01	7.000000e-01	
2.618994e+02	2574	5.340255e+01	1.630019e+02	2.618994e+02	2574	7.532280e-01	7.000000e-01	
2.620011e+02	2575	6.814598e+01	1.718720e+02	2.620011e+02	2575	7.160797e-01	7.000000e-01	
2.621028e+02	2576	6.360952e+01	1.577512e+02	2.621028e+02	2576	7.126431e-01	7.000000e-01	
2.622046e+02	2577	5.069506e+01	1.625508e+02	2.622046e+02	2577	7.622694e-01	7.000000e-01	
2.623063e+02	2578	5.142749e+01	1.430660e+02	2.623063e+02	2578	7.355825e-01	7.000000e-01	
2.624081e+02	2579	4.864813e+01	1.497737e+02	2.624081e+02	2579	7.548247e-01	7.000000e-01	
2.625098e+02	2580	5.157463e+01	1.461076e+02	2.625098e+02	2580	7.391034e-01	7.000000e-01	
2.626116e+02	2581	4.633476e+01	1.714654e+02	2.626116e+02	2581	7.872602e-01	7.000000e-01	
2.627133e+02	2582	5.459125e+01	1.873351e+02	2.627133e+02	2582	7.743476e-01	7.000000e-01	
2.628151e+02	2583	5.657776e+01	1.661271e+02	2.628151e+02	2583	7.459518e-01	7.000000e-01	
2.629168e+02	2584	5.158274e+01	1.461171e+02	2.629168e+02	2584	7.390856e-01	7.000000e-01	
2.630186e+02	2585	6.371112e+01	1.865132e+02	2.630186e+02	2585	7.453840e-01	7.000000e-01	
2.631203e+02	2586	6.600872e+01	1.798953e+02	2.631203e+02	2586	7.315671e-01	7.000000e-01	
2.632221e+02	2587	5.749738e+01	1.946711e+02	2.632221e+02	2587	7.719882e-01	7.000000e-01	
2.633238e+02	2588	6.878560e+01	1.826316e+02	2.633238e+02	2588	7.264085e-01	7.000000e-01	
2.634256e+02	2589	7.104588e+01	1.994217e+02	2.634256e+02	2589	7.373220e-01	7.000000e-01	
2.635273e+02	2590	6.750554e+01	1.655646e+02	2.635273e+02	2590	7.103638e-01	7.000000e-01	
2.636291e+02	2591	6.944274e+01	1.655246e+02	2.636291e+02	2591	7.044579e-01	7.000000e-01	
2.637308e+02	2592	6.912784e+01	1.744407e+02	2.637308e+02	2592	7.161873e-01	7.000000e-01	
2.638326e+02	2593	7.361350e+01	1.643462e+02	2.638326e+02	2593	6.906472e-01	7.000000e-01	
2.639343e+02	2594	6.700975e+01	1.744817e+02	2.639343e+02	2594	7.225171e-01	7.000000e-01	
2.640361e+02	2595	6.770223e+01	1.655309e+02	2.640361e+02	2595	7.097229e-01	7.000000e-01	
2.641378e+02	2596	6.635113e+01	1.588986e+02	2.641378e+02	2596	7.054330e-01	7.000000e-01	
2.642396e+02	2597	6.465746e+01	1.523482e+02	2.642396e+02	2597	7.020471e-01	7.000000e-01	
2.643413e+02	2598	7.626706e+01	1.640751e+02	2.643413e+02	2598	6.826730e-01	7.000000e-01	
2.644431e+02	2599	6.605776e+01	1.520330e+02	2.644431e+02	2599	6.971089e-01	7.000000e-01	
2.645448e+02	2600	6.592066e+01	1.586783e+02	2.645448e+02	2600	7.064961e-01	7.000000e-01	
2.646465e+02	2601	7.328123e+01	1.673996e+02	2.646465e+02	2601	6.955253e-01	7.000000e-01	
2.647483e+02	2602	7.239018e+01	1.643404e+02	2.647483e+02	2602	6.942086e-01	7.000000e-01	
2.648500e+02	2603	7.566303e+01	1.600706e+02	2.648500e+02	2603	6.790317e-01	7.000000e-01	
2.649518e+02	2604	6.846992e+01	1.595878e+02	2.649518e+02	2604	6.997693e-01	7.000000e-01	
2.650535e+02	2605	6.520397e+01	1.709498e+02	2.650535e+02	2605	7.238919e-01	7.000000e-01	
2.651553e+02	2606	7.065718e+01	1.424725e+02	2.651553e+02	2606	6.684780e-01	7.000000e-01	
2.652570e+02	2607	7.417775e+01	1.849558e+02	2.652570e+02	2607	7.137470e-01	7.000000e-01	
2.653588e+02	2608	7.817471e+01	1.929942e+02	2.653588e+02	2608	7.117121e-01	7.000000e-01	
2.654605e+02	2609	5.597689e+01	1.849331e+02	2.654605e+02	2609	7.676440e-01	7.000000e-01	
2.655623e+02	2610	6.702169e+01	2.001015e+02	2.655623e+02	2610	7.490982e-01	7.000000e-01	
2.656640e+02	2611	6.978436e+01	1.969218e+02	2.656640e+02	2611	7.383474e-01	7.000000e-01	
2.657658e+02	2612	7.380097e+01	1.851636e+02	2.657658e+02	2612	7.150152e-01	7.000000e-01	
2.658675e+02	2613	6.143369e+01	2.360335e+02	2.658675e+02	2613	7.934774e-01	7.000000e-01	
2.659693e+02	2614	7.131583e+01	1.632163e+02	2.659693e+02	2614	6.959230e-01	7.000000e-01	
2.660710e+02	2615	6.789033e+01	1.645859e+02	2.660710e+02	2615	7.079687e-01	7.000000e-01	
2.661728e+02	2616	6.626872e+01	1.597604e+02	2.661728e+02	2616	7.068134e-01	7.000000e-01	
2.662745e+02	2617	7.365210e+01	1.829419e+02	2.662745e+02	2617	7.129625e-01	7.000000e-01	
2.663763e+02	2618	7.676919e+01	1.786536e+02	2.663763e+02	2618	6.994427e-01	7.000000e-01	
2.664780e+02	2619	7.048935e+01	1.738056e+02	2.664780e+02	2619	7.114580e-01	7.000000e-01	
2.665798e+02	2620	7.986389e+01	1.909368e+02	2.665798e+02	2620	7.050824e-01	7.000000e-01	
2.666815e+02	2621	6.650406e+01	1.712786e+02	2.666815e+02	2621	7.203158e-01	7.000000e-01	
2.667833e+02	2622	6.677014e+01	1.552468e+02	2.667833e+02	2622	6.992566e-01	7.000000e-01	
2.668850e+02	2623	6.695696e+01	1.742257e+02	2.668850e+02	2623	7.223807e-01	7.000000e-01	
2.669868e+02	2624	7.623503e+01	1.516866e+02	2.669868e+02	2624	6.655209e-01	7.000000e-01	
2.670885e+02	2625	6.436301e+01	1.167623e+02	2.670885e+02	2625	6.446493e-01	7.000000e-01	
2.671902e+02	2626	6.994207e+01	1.679154e+02	2.671902e+02	2626	7.059497e-01	7.000000e-01	
2.672920e+02	2627	4.627864e+01	1.911211e+02	2.672920e+02	2627	8.050603e-01	7.000000e-01	
2.673937e+02	2628	7.151515e+01	1.622052e+02	2.673937e+02	2628	6.940140e-01	7.000000e-01	
2.674955e+02	2629	6.168837e+01	1.731454e+02	2.674955e+02	2629	7.373105e-01	7.000000e-01	
2.675972e+02	2630	6.914967e+01	1.919651e+02	2.675972e+02	2630	7.351752e-01	7.000000e-01	
2.676990e+02	2631	5.878162e+01	1.843170e+02	2.676990e+02	2631	7.581985e-01	7.000000e-01	
2.678007e+02	2632	5.710662e+01	1.714475e+02	2.678007e+02	2632	7.501396e-01	7.000000e-01	
2.679025e+02	2633	5.139795e+01	1.775653e+02	2.679025e+02	2633	7.755188e-01	7.000000e-01	
2.680042e+02	2634	4.282112e+01	1.843689e+02	2.680042e+02	2634	8.115185e-01	7.000000e-01	
2.681060e+02	2635	8.655701e+01	1.697712e+02	2.681060e+02	2635	6.623196e-01	7.000000e-01	
2.682077e+02	2636	6.128881e+01	2.137504e+02	2.682077e+02	2636	7.771634e-01	7.000000e-01	
2.683095e+02	2637	6.546570e+01	1.581921e+02	2.683095e+02	2637	7.072953e-01	7.000000e-01	
2.684112e+02	2638	8.255717e+01	1.867931e+02	2.684112e+02	2638	6.934951e-01	7.000000e-01	
2.685130e+02	2639	5.531461e+01	1.655071e+02	2.685130e+02	2639	7.495056e-01	7.000000e-01	
2.686147e+02	2640	7.323476e+01	1.952000e+02	2.686147e+02	2640	7.271786e-01	7.000000e-01	
2.687165e+02	2641	7.739872e+01	1.972763e+02	2.687165e+02	2641	7.182171e-01	7.000000e-01	
2.688182e+02	2642	6.456867e+01	1.637518e+02	2.688182e+02	2642	7.172016e-01	7.000000e-01	
2.689200e+02	2643	7.983052e+01	1.692753e+02	2.689200e+02	2643	6.795317e-01	7.000000e-01	
2.690217e+02	2644	7.759715e+01	1.486741e+02	2.690217e+02	2644	6.570614e-01	7.000000e-01	
2.691235e+02	2645	6.709232e+01	1.428815e+02	2.691235e+02	2645	6.804729e-01	7.000000e-01	
2.692252e+02	2646	8.763562e+01	1.595977e+02	2.692252e+02	2646	6.455348e-01	7.000000e-01	
2.693270e+02	2647	6.958539e+01	1.458675e+02	2.693270e+02	2647	6.770274e-01	7.000000e-01	
2.694287e+02	2648	8.552087e+01	1.652662e+02	2.694287e+02	2648	6.589901e-01	7.000000e-01	
2.695305e+02	2649	7.691932e+01	1.418976e+02	2.695305e+02	2649	6.484764e-01	7.000000e-01	
2.696322e+02	2650	7.825268e+01	1.484884e+02	2.696322e+02	2650	6.548809e-01	7.000000e-01	
2.697339e+02	2651	8.355333e+01	1.700622e+02	2.697339e+02	2651	6.705512e-01	7.000000e-01	
2.698357e+02	2652	6.452937e+01	1.661377e+02	2.698357e+02	2652	7.202489e-01	7.000000e-01	
2.699374e+02	2653	6.156466e+01	1.534618e+02	2.699374e+02	2653	7.136880e-01	7.000000e-01	
2.700392e+02	2654	7.019786e+01	1.825853e+02	2.700392e+02	2654	7.223001e-01	7.000000e-01	
2.701409e+02	2655	5.907012e+01	1.649839e+02	2.701409e+02	2655	7.363577e-01	7.000000e-01	
2.702427e+02	2656	5.834639e+01	1.881599e+02	2.702427e+02	2656	7.633067e-01	7.000000e-01	
2.703444e+02	2657	5.934827e+01	1.494750e+02	2.703444e+02	2657	7.157967e-01	7.000000e-01	
2.704462e+02	2658	6.366617e+01	1.550371e+02	2.704462e+02	2658	7.088925e-01	7.000000e-01	
2.705479e+02	2659	6.581657e+01	1.234666e+02	2.705479e+02	2659	6.522851e-01	7.000000e-01	
2.706497e+02	2660	5.279301e+01	1.374653e+02	2.706497e+02	2660	7.225193e-01	7.000000e-01	
2.707514e+02	2661	6.755814e+01	1.469581e+02	2.707514e+02	2661	6.850675e-01	7.000000e-01	
2.708532e+02	2662	6.466748e+01	1.490271e+02	2.708532e+02	2662	6.973836e-01	7.000000e-01	
2.709549e+02	2663	6.042924e+01	1.559083e+02	2.709549e+02	2663	7.206715e-01	7.000000e-01	
2.710567e+02	2664	4.704515e+01	1.381651e+02	2.710567e+02	2664	7.459906e-01	7.000000e-01	
2.711584e+02	2665	7.051638e+01	1.580188e+02	2.711584e+02	2665	6.914419e-01	7.000000e-01	
2.712602e+02	2666	6.061010e+01	1.359142e+02	2.712602e+02	2666	6.915898e-01	7.000000e-01	
2.713619e+02	2667	5.185579e+01	1.251013e+02	2.713619e+02	2667	7.069584e-01	7.000000e-01	
2.714637e+02	2668	5.892900e+01	1.290332e+02	2.714637e+02	2668	6.864848e-01	7.000000e-01	
2.715654e+02	2669	6.130948e+01	1.320579e+02	2.715654e+02	2669	6.829378e-01	7.000000e-01	
2.716672e+02	2670	6.546688e+01	1.480857e+02	2.716672e+02	2670	6.934391e-01	7.000000e-01	
2.717689e+02	2671	5.674516e+01	1.313443e+02	2.717689e+02	2671	6.983076e-01	7.000000e-01	
2.718707e+02	2672	5.980889e+01	1.580774e+02	2.718707e+02	2672	7.255041e-01	7.000000e-01	
2.719724e+02	2673	7.377744e+01	1.700268e+02	2.719724e+02	2673	6.973907e-01	7.000000e-01	
2.720742e+02	2674	6.342733e+01	1.340927e+02	2.720742e+02	2674	6.788815e-01	7.000000e-01	
2.721759e+02	2675	4.073047e+01	1.487047e+02	2.721759e+02	2675	7.849899e-01	7.000000e-01	
2.722776e+02	2676	6.419655e+01	1.214396e+02	2.722776e+02	2676	6.541808e-01	7.000000e-01	
2.723794e+02	2677	5.077825e+01	1.422586e+02	2.723794e+02	2677	7.369505e-01	7.000000e-01	
2.724811e+02	2678	4.828077e+01	1.426151e+02	2.724811e+02	2678	7.470832e-01	7.000000e-01	
2.725829e+02	2679	5.131460e+01	1.371198e+02	2.725829e+02	2679	7.276792e-01	7.000000e-01	
2.726846e+02	2680	4.437443e+01	1.303667e+02	2.726846e+02	2680	7.460562e-01	7.000000e-01	
2.727864e+02	2681	5.531401e+01	1.434114e+02	2.727864e+02	2681	7.216561e-01	7.000000e-01	
2.728881e+02	2682	5.551055e+01	1.213837e+02	2.728881e+02	2682	6.861936e-01	7.000000e-01	
2.729899e+02	2683	6.016239e+01	1.125776e+02	2.729899e+02	2683	6.517171e-01	7.000000e-01	
2.730916e+02	2684	3.617802e+01	1.297784e+02	2.730916e+02	2684	7.820029e-01	7.000000e-01	
2.731934e+02	2685	5.614820e+01	1.648537e+02	2.731934e+02	2685	7.459379e-01	7.000000e-01	
2.732951e+02	2686	5.232533e+01	1.349438e+02	2.732951e+02	2686	7.205875e-01	7.000000e-01	
2.733969e+02	2687	5.589118e+01	1.545732e+02	2.733969e+02	2687	7.344388e-01	7.000000e-01	
2.734986e+02	2688	4.744103e+01	1.432216e+02	2.734986e+02	2688	7.511781e-01	7.000000e-01	
2.736004e+02	2689	7.559372e+01	1.734237e+02	2.736004e+02	2689	6.964320e-01	7.000000e-01	
2.737021e+02	2690	4.696298e+01	1.604767e+02	2.737021e+02	2690	7.736066e-01	7.000000e-01	
2.738039e+02	2691	6.493247e+01	1.589410e+02	2.738039e+02	2691	7.099591e-01	7.000000e-01	
2.739056e+02	2692	5.472001e+01	1.596057e+02	2.739056e+02	2692	7.446876e-01	7.000000e-01	
2.740074e+02	2693	4.675558e+01	1.849731e+02	2.740074e+02	2693	7.982314e-01	7.000000e-01	
2.741091e+02	2694	4.497020e+01	1.518389e+02	2.741091e+02	2694	7.715035e-01	7.000000e-01	
2.742109e+02	2695	6.929742e+01	1.451727e+02	2.742109e+02	2695	6.768901e-01	7.000000e-01	
2.743126e+02	2696	6.807470e+01	1.414825e+02	2.743126e+02	2696	6.751498e-01	7.000000e-01	
2.744144e+02	2697	5.989553e+01	1.471599e+02	2.744144e+02	2697	7.107271e-01	7.000000e-01	
2.745161e+02	2698	7.206915e+01	1.457920e+02	2.745161e+02	2698	6.691969e-01	7.000000e-01	
2.746179e+02	2699	6.075581e+01	1.528946e+02	2.746179e+02	2699	7.156298e-01	7.000000e-01	
2.747196e+02	2700	6.859825e+01	1.663710e+02	2.747196e+02	2700	7.080544e-01	7.000000e-01	
2.748213e+02	2701	6.626529e+01	1.590630e+02	2.748213e+02	2701	7.059167e-01	7.000000e-01	
2.749231e+02	2702	6.452785e+01	1.463378e+02	2.749231e+02	2702	6.939860e-01	7.000000e-01	
2.750248e+02	2703	6.754676e+01	1.773413e+02	2.750248e+02	2703	7.241729e-01	7.000000e-01	
2.751266e+02	2704	6.746193e+01	1.373986e+02	2.751266e+02	2704	6.706934e-01	7.000000e-01	
2.752283e+02	2705	6.691617e+01	1.427524e+02	2.752283e+02	2705	6.808479e-01	7.000000e-01	
2.753301e+02	2706	8.105235e+01	1.673773e+02	2.753301e+02	2706	6.737412e-01	7.000000e-01	
2.754318e+02	2707	8.724663e+01	1.743684e+02	2.754318e+02	2707	6.665076e-01	7.000000e-01	
2.755336e+02	2708	6.808489e+01	1.646428e+02	2.755336e+02	2708	7.074483e-01	7.000000e-01	
2.756353e+02	2709	7.651191e+01	1.953955e+02	2.756353e+02	2709	7.186104e-01	7.000000e-01	
2.757371e+02	2710	5.910161e+01	1.487108e+02	2.757371e+02	2710	7.156012e-01	7.000000e-01	
2.758388e+02	2711	7.211636e+01	1.789497e+02	2.758388e+02	2711	7.127594e-01	7.000000e-01	
2.759406e+02	2712	5.994722e+01	1.512084e+02	2.759406e+02	2712	7.160993e-01	7.000000e-01	
2.760423e+02	2713	6.417589e+01	1.256570e+02	2.760423e+02	2713	6.619348e-01	7.000000e-01	
2.761441e+02	2714	8.247930e+01	1.258174e+02	2.761441e+02	2714	6.040297e-01	7.000000e-01	
2.762458e+02	2715	6.034375e+01	1.541389e+02	2.762458e+02	2715	7.186544e-01	7.000000e-01	
2.763476e+02	2716	7.365170e+01	1.700290e+02	2.763476e+02	2716	6.977532e-01	7.000000e-01	
2.764493e+02	2717	5.297056e+01	1.447807e+02	2.764493e+02	2717	7.321354e-01	7.000000e-01	
2.765511e+02	2718	6.894124e+01	1.465448e+02	2.765511e+02	2718	6.800663e-01	7.000000e-01	
2.766528e+02	2719	6.339677e+01	1.408194e+02	2.766528e+02	2719	6.895605e-01	7.000000e-01	
2.767546e+02	2720	2.549482e+01	1.541957e+02	2.767546e+02	2720	8.581182e-01	7.000000e-01	
2.768563e+02	2721	4.210846e+01	1.234983e+02	2.768563e+02	2721	7.457322e-01	7.000000e-01	
2.769581e+02	2722	6.490942e+01	1.138982e+02	2.769581e+02	2722	6.369874e-01	7.000000e-01	
2.770598e+02	2723	5.080978e+01	1.370178e+02	2.770598e+02	2723	7.294871e-01	7.000000e-01	
2.771616e+02	2724	8.150513e+01	1.629640e+02	2.771616e+02	2724	6.666036e-01	7.000000e-01	
2.772633e+02	2725	5.603621e+01	1.343310e+02	2.772633e+02	2725	7.056415e-01	7.000000e-01	
2.773650e+02	2726	7.017091e+01	1.540751e+02	2.773650e+02	2726	6.870807e-01	7.000000e-01	
2.774668e+02	2727	7.109772e+01	1.478326e+02	2.774668e+02	2727	6.752495e-01	7.000000e-01	
2.775685e+02	2728	7.680169e+01	1.570827e+02	2.775685e+02	2728	6.716254e-01	7.000000e-01	
2.776703e+02	2729	7.422914e+01	1.606774e+02	2.776703e+02	2729	6.840056e-01	7.000000e-01	
2.777720e+02	2730	6.557988e+01	1.510498e+02	2.777720e+02	2730	6.972720e-01	7.000000e-01	
2.778738e+02	2731	7.610173e+01	1.611997e+02	2.778738e+02	2731	6.793035e-01	7.000000e-01	
2.779755e+02	2732	6.707382e+01	1.809617e+02	2.779755e+02	2732	7.295798e-01	7.000000e-01	
2.780773e+02	2733	6.755867e+01	1.555935e+02	2.780773e+02	2733	6.972529e-01	7.000000e-01	
2.781790e+02	2734	7.047750e+01	1.525228e+02	2.781790e+02	2734	6.839578e-01	7.000000e-01	
2.782808e+02	2735	6.710953e+01	1.897244e+02	2.782808e+02	2735	7.387046e-01	7.000000e-01	
2.783825e+02	2736	6.660825e+01	1.748437e+02	2.783825e+02	2736	7.241346e-01	7.000000e-01	
2.784843e+02	2737	6.953886e+01	1.591771e+02	2.784843e+02	2737	6.959597e-01	7.000000e-01	
2.785860e+02	2738	5.433385e+01	1.787748e+02	2.785860e+02	2738	7.669162e-01	7.000000e-01	
2.786878e+02	2739	5.389295e+01	1.682914e+02	2.786878e+02	2739	7.574404e-01	7.000000e-01	
2.787895e+02	2740	5.141609e+01	1.760258e+02	2.787895e+02	2740	7.739375e-01	7.000000e-01	
2.788913e+02	2741	5.225734e+01	1.698112e+02	2.788913e+02	2741	7.646792e-01	7.000000e-01	
2.789930e+02	2742	6.483884e+01	1.845152e+02	2.789930e+02	2742	7.399728e-01	7.000000e-01	
2.790948e+02	2743	6.246028e+01	1.590444e+02	2.790948e+02	2743	7.180182e-01	7.000000e-01	
2.791965e+02	2744	6.032025e+01	1.842119e+02	2.791965e+02	2744	7.533238e-01	7.000000e-01	
2.792983e+02	2745	6.745837e+01	1.772869e+02	2.792983e+02	2745	7.243731e-01	7.000000e-01	
2.794000e+02	2746	6.048683e+01	1.667330e+02	2.794000e+02	2746	7.337960e-01	7.000000e-01	
2.795018e+02	2747	6.358155e+01	1.549467e+02	2.795018e+02	2747	7.090465e-01	7.000000e-01	
2.796035e+02	2748	5.901662e+01	1.891485e+02	2.796035e+02	2748	7.621881e-01	7.000000e-01	
2.797053e+02	2749	5.688825e+01	1.667612e+02	2.797053e+02	2749	7.456365e-01	7.000000e-01	
2.798070e+02	2750	4.246402e+01	1.639539e+02	2.798070e+02	2750	7.942813e-01	7.000000e-01	
2.799087e+02	2751	5.839441e+01	1.583212e+02	2.799087e+02	2751	7.305482e-01	7.000000e-01	
2.800105e+02	2752	5.914430e+01	2.060270e+02	2.800105e+02	2752	7.769581e-01	7.000000e-01	
2.801122e+02	2753	6.347184e+01	1.954660e+02	2.801122e+02	2753	7.548762e-01	7.000000e-01	
2.802140e+02	2754	6.339277e+01	1.630324e+02	2.802140e+02	2754	7.200277e-01	7.000000e-01	
2.803157e+02	2755	5.279303e+01	1.883844e+02	2.803157e+02	2755	7.811029e-01	7.000000e-01	
2.804175e+02	2756	5.116096e+01	1.685267e+02	2.804175e+02	2756	7.671196e-01	7.000000e-01	
2.805192e+02	2757	7.399367e+01	2.012294e+02	2.805192e+02	2757	7.311502e-01	7.000000e-01	
2.806210e+02	2758	5.799048e+01	2.181904e+02	2.806210e+02	2758	7.900272e-01	7.000000e-01	
2.807227e+02	2759	6.391251e+01	2.041103e+02	2.807227e+02	2759	7.615408e-01	7.000000e-01	
2.808245e+02	2760	6.199132e+01	2.139567e+02	2.808245e+02	2760	7.753515e-01	7.000000e-01	
2.809262e+02	2761	8.220425e+01	1.407355e+02	2.809262e+02	2761	6.312715e-01	7.000000e-01	
2.810280e+02	2762	7.676387e+01	1.274733e+02	2.810280e+02	2762	6.241435e-01	7.000000e-01	
2.811297e+02	2763	7.341018e+01	1.772343e+02	2.811297e+02	2763	7.071143e-01	7.000000e-01	
2.812315e+02	2764	7.487956e+01	1.618210e+02	2.812315e+02	2764	6.836528e-01	7.000000e-01	
2.813332e+02	2765	7.813032e+01	9.418023e+01	2.813332e+02	2765	5.465726e-01	7.000000e-01	
2.814350e+02	2766	6.291724e+01	1.355337e+02	2.814350e+02	2766	6.829582e-01	7.000000e-01	
2.815367e+02	2767	8.904438e+01	1.082662e+02	2.815367e+02	2767	5.487096e-01	7.000000e-01	
2.816385e+02	2768	6.309386e+01	1.554793e+02	2.816385e+02	2768	7.113376e-01	7.000000e-01	
2.817402e+02	2769	6.594697e+01	1.620585e+02	2.817402e+02	2769	7.107658e-01	7.000000e-01	
2.818420e+02	2770	7.256368e+01	1.430312e+02	2.818420e+02	2770	6.634258e-01	7.000000e-01	
2.819437e+02	2771	5.612363e+01	1.360068e+02	2.819437e+02	2771	7.078879e-01	7.000000e-01	
2.820455e+02	2772	6.571878e+01	1.381123e+02	2.820455e+02	2772	6.775821e-01	7.000000e-01	
2.821472e+02	2773	5.972955e+01	1.419689e+02	2.821472e+02	2773	7.038671e-01	7.000000e-01	
2.822490e+02	2774	6.009525e+01	1.244237e+02	2.822490e+02	2774	6.743139e-01	7.000000e-01	
2.823507e+02	2775	5.147021e+01	1.689284e+02	2.823507e+02	2775	7.664676e-01	7.000000e-01	
2.824524e+02	2776	7.910089e+01	1.573536e+02	2.824524e+02	2776	6.654710e-01	7.000000e-01	
2.825542e+02	2777	4.939529e+01	1.968229e+02	2.825542e+02	2777	7.993841e-01	7.000000e-01	
2.826559e+02	2778	6.140083e+01	1.679328e+02	2.826559e+02	2778	7.322642e-01	7.000000e-01	
2.827577e+02	2779	7.208700e+01	1.798778e+02	2.827577e+02	2779	7.139005e-01	7.000000e-01	
2.828594e+02	2780	5.390224e+01	1.516914e+02	2.828594e+02	2780	7.378215e-01	7.000000e-01	
2.829612e+02	2781	5.259304e+01	1.736907e+02	2.829612e+02	2781	7.675792e-01	7.000000e-01	
2.830629e+02	2782	5.853079e+01	1.942951e+02	2.830629e+02	2782	7.684937e-01	7.000000e-01	
2.831647e+02	2783	4.908713e+01	2.210519e+02	2.831647e+02	2783	8.182894e-01	7.000000e-01	
2.832664e+02	2784	6.168644e+01	1.942314e+02	2.832664e+02	2784	7.589600e-01	7.000000e-01	
2.833682e+02	2785	6.880951e+01	1.733232e+02	2.833682e+02	2785	7.158190e-01	7.000000e-01	
2.834699e+02	2786	6.125701e+01	1.870583e+02	2.834699e+02	2786	7.533096e-01	7.000000e-01	
2.835717e+02	2787	7.005047e+01	1.898622e+02	2.835717e+02	2787	7.304846e-01	7.000000e-01	
2.836734e+02	2788	5.428363e+01	2.067849e+02	2.836734e+02	2788	7.920713e-01	7.000000e-01	
2.837752e+02	2789	5.509461e+01	1.978233e+02	2.837752e+02	2789	7.821641e-01	7.000000e-01	
2.838769e+02	2790	6.404094e+01	1.981364e+02	2.838769e+02	2790	7.557343e-01	7.000000e-01	
2.839787e+02	2791	6.386364e+01	1.964182e+02	2.839787e+02	2791	7.546366e-01	7.000000e-01	
2.840804e+02	2792	4.813476e+01	2.084223e+02	2.840804e+02	2792	8.123819e-01	7.000000e-01	
2.841822e+02	2793	4.957195e+01	1.940879e+02	2.841822e+02	2793	7.965527e-01	7.000000e-01	
2.842839e+02	2794	5.712962e+01	2.100769e+02	2.842839e+02	2794	7.861968e-01	7.000000e-01	
2.843857e+02	2795	6.955524e+01	2.019893e+02	2.843857e+02	2795	7.438533e-01	7.000000e-01	
2.844874e+02	2796	4.998226e+01	1.968864e+02	2.844874e+02	2796	7.975350e-01	7.000000e-01	
2.845892e+02	2797	6.235349e+01	1.584927e+02	2.845892e+02	2797	7.176610e-01	7.000000e-01	
2.846909e+02	2798	5.923716e+01	1.622097e+02	2.846909e+02	2798	7.324994e-01	7.000000e-01	
2.847927e+02	2799	6.134832e+01	2.021779e+02	2.847927e+02	2799	7.672022e-01	7.000000e-01	
2.848944e+02	2800	7.004170e+01	1.518277e+02	2.848944e+02	2800	6.843111e-01	7.000000e-01	
2.849961e+02	2801	6.891309e+01	1.365942e+02	2.849961e+02	2801	6.646684e-01	7.000000e-01	
2.850979e+02	2802	4.486165e+01	1.499220e+02	2.850979e+02	2802	7.696847e-01	7.000000e-01	
2.851996e+02	2803	7.356500e+01	1.399131e+02	2.851996e+02	2803	6.553979e-01	7.000000e-01	
2.853014e+02	2804	6.211466e+01	1.659118e+02	2.853014e+02	2804	7.275989e-01	7.000000e-01	
2.854031e+02	2805	6.155838e+01	1.456162e+02	2.854031e+02	2805	7.028671e-01	7.000000e-01	
2.855049e+02	2806	7.151605e+01	1.559812e+02	2.855049e+02	2806	6.856399e-01	7.000000e-01	
2.856066e+02	2807	7.831951e+01	1.695855e+02	2.856066e+02	2807	6.840745e-01	7.000000e-01	
2.857084e+02	2808	6.452790e+01	1.568450e+02	2.857084e+02	2808	7.085104e-01	7.000000e-01	
2.858101e+02	2809	7.612448e+01	1.854331e+02	2.858101e+02	2809	7.089571e-01	7.000000e-01	
2.859119e+02	2810	6.725313e+01	1.428857e+02	2.859119e+02	2810	6.799586e-01	7.000000e-01	
2.860136e+02	2811	9.333624e+01	1.653726e+02	2.860136e+02	2811	6.392228e-01	7.000000e-01	
2.861154e+02	2812	8.561329e+01	1.544421e+02	2.861154e+02	2812	6.433603e-01	7.000000e-01	
2.862171e+02	2813	6.958733e+01	1.625831e+02	2.862171e+02	2813	7.002748e-01	7.000000e-01	
2.863189e+02	2814	6.579728e+01	1.807605e+02	2.863189e+02	2814	7.331365e-01	7.000000e-01	
2.864206e+02	2815	6.782862e+01	1.408477e+02	2.864206e+02	2815	6.749578e-01	7.000000e-01	
2.865224e+02	2816	6.471519e+01	1.430664e+02	2.865224e+02	2816	6.885422e-01	7.000000e-01	
2.866241e+02	2817	6.984605e+01	1.543063e+02	2.866241e+02	2817	6.883992e-01	7.000000e-01	
2.867259e+02	2818	6.396890e+01	1.350681e+02	2.867259e+02	2818	6.786080e-01	7.000000e-01	
2.868276e+02	2819	7.593135e+01	1.617173e+02	2.868276e+02	2819	6.804890e-01	7.000000e-01	
2.869294e+02	2820	6.644319e+01	1.532674e+02	2.869294e+02	2820	6.975877e-01	7.000000e-01	
2.870311e+02	2821	3.983513e+01	1.286821e+02	2.870311e+02	2821	7.636139e-01	7.000000e-01	
2.871329e+02	2822	4.946833e+01	1.509310e+02	2.871329e+02	2822	7.531512e-01	7.000000e-01	
2.872346e+02	2823	7.350966e+01	1.394254e+02	2.872346e+02	2823	6.547790e-01	7.000000e-01	
2.873364e+02	2824	5.263759e+01	1.547720e+02	2.873364e+02	2824	7.462143e-01	7.000000e-01	
2.874381e+02	2825	4.218797e+01	1.335111e+02	2.874381e+02	2825	7.598851e-01	7.000000e-01	
2.875398e+02	2826	4.868451e+01	1.195788e+02	2.875398e+02	2826	7.106647e-01	7.000000e-01	
2.876416e+02	2827	5.974079e+01	1.588923e+02	2.876416e+02	2827	7.267532e-01	7.000000e-01	
2.877433e+02	2828	5.659087e+01	1.338845e+02	2.877433e+02	2828	7.028967e-01	7.000000e-01	
2.878451e+02	2829	5.822799e+01	1.439006e+02	2.878451e+02	2829	7.119260e-01	7.000000e-01	
2.879468e+02	2830	5.431723e+01	1.962427e+02	2.879468e+02	2830	7.832166e-01	7.000000e-01	
2.880486e+02	2831	6.082581e+01	1.448544e+02	2.880486e+02	2831	7.042700e-01	7.000000e-01	
2.881503e+02	2832	5.437372e+01	1.510925e+02	2.881503e+02	2832	7.353642e-01	7.000000e-01	
2.882521e+02	2833	7.021984e+01	1.264586e+02	2.882521e+02	2833	6.429713e-01	7.000000e-01	
2.883538e+02	2834	3.682504e+01	1.439307e+02	2.883538e+02	2834	7.962718e-01	7.000000e-01	
2.884556e+02	2835	5.541914e+01	1.455530e+02	2.884556e+02	2835	7.242447e-01	7.000000e-01	
2.885573e+02	2836	5.073838e+01	1.594121e+02	2.885573e+02	2836	7.585617e-01	7.000000e-01	
2.886591e+02	2837	6.262354e+01	1.401453e+02	2.886591e+02	2837	6.911580e-01	7.000000e-01	
2.887608e+02	2838	5.429816e+01	1.430500e+02	2.887608e+02	2838	7.248611e-01	7.000000e-01	
2.888626e+02	2839	3.572104e+01	1.448478e+02	2.888626e+02	2839	8.021749e-01	7.000000e-01	
2.889643e+02	2840	6.291760e+01	1.668881e+02	2.889643e+02	2840	7.262139e-01	7.000000e-01	
2.890661e+02	2841	4.979047e+01	1.466672e+02	2.890661e+02	2841	7.465588e-01	7.000000e-01	
2.891678e+02	2842	4.392196e+01	1.439815e+02	2.891678e+02	2842	7.662525e-01	7.000000e-01	
2.892696e+02	2843	6.215060e+01	1.617246e+02	2.892696e+02	2843	7.223873e-01	7.000000e-01	
2.893713e+02	2844	7.049966e+01	1.610850e+02	2.893713e+02	2844	6.955772e-01	7.000000e-01	
2.894731e+02	2845	6.558968e+01	1.584663e+02	2.894731e+02	2845	7.072621e-01	7.000000e-01	
2.895748e+02	2846	7.107767e+01	1.614906e+02	2.895748e+02	2846	6.943793e-01	7.000000e-01	
2.896766e+02	2847	5.993297e+01	1.724178e+02	2.896766e+02	2847	7.420582e-01	7.000000e-01	
2.897783e+02	2848	5.946885e+01	1.588356e+02	2.897783e+02	2848	7.275876e-01	7.000000e-01	
2.898801e+02	2849	9.831671e+01	1.506993e+02	2.898801e+02	2849	6.051792e-01	7.000000e-01	
2.899818e+02	2850	9.035876e+01	1.471448e+02	2.899818e+02	2850	6.195478e-01	7.000000e-01	
2.900835e+02	2851	6.729651e+01	1.644741e+02	2.900835e+02	2851	7.096417e-01	7.000000e-01	
2.901853e+02	2852	6.342376e+01	1.451735e+02	2.901853e+02	2852	6.959511e-01	7.000000e-01	
2.902870e+02	2853	5.980229e+01	1.613098e+02	2.902870e+02	2853	7.295386e-01	7.000000e-01	
2.903888e+02	2854	7.109338e+01	1.585464e+02	2.903888e+02	2854	6.904135e-01	7.000000e-01	
2.904905e+02	2855	6.137024e+01	1.524449e+02	2.904905e+02	2855	7.129752e-01	7.000000e-01	
2.905923e+02	2856	7.169540e+01	1.609065e+02	2.905923e+02	2856	6.917678e-01	7.000000e-01	
2.906940e+02	2857	6.314654e+01	1.731554e+02	2.906940e+02	2857	7.327718e-01	7.000000e-01	
2.907958e+02	2858	7.094790e+01	1.520937e+02	2.907958e+02	2858	6.819073e-01	7.000000e-01	
2.908975e+02	2859	6.356249e+01	1.519797e+02	2.908975e+02	2859	7.051042e-01	7.000000e-01	
2.909993e+02	2860	7.071974e+01	1.633338e+02	2.909993e+02	2860	6.978480e-01	7.000000e-01	
2.911010e+02	2861	6.616893e+01	1.434716e+02	2.911010e+02	2861	6.843696e-01	7.000000e-01	
2.912028e+02	2862	6.772127e+01	1.402839e+02	2.912028e+02	2862	6.744251e-01	7.000000e-01	
2.913045e+02	2863	5.816797e+01	1.652390e+02	2.913045e+02	2863	7.396323e-01	7.000000e-01	
2.914063e+02	2864	8.722242e+01	1.548779e+02	2.914063e+02	2864	6.397261e-01	7.000000e-01	
2.915080e+02	2865	7.885796e+01	1.791481e+02	2.915080e+02	2865	6.943562e-01	7.000000e-01	
2.916098e+02	2866	8.175712e+01	1.079621e+02	2.916098e+02	2866	5.690625e-01	7.000000e-01	
2.917115e+02	2867	6.622253e+01	1.483174e+02	2.917115e+02	2867	6.913277e-01	7.000000e-01	
2.918133e+02	2868	7.147847e+01	1.559870e+02	2.918133e+02	2868	6.857612e-01	7.000000e-01	
2.919150e+02	2869	7.565872e+01	1.279367e+02	2.919150e+02	2869	6.283869e-01	7.000000e-01	
2.920168e+02	2870	6.365858e+01	1.449837e+02	2.920168e+02	2870	6.948913e-01	7.000000e-01	
2.921185e+02	2871	6.235536e+01	1.890252e+02	2.921185e+02	2871	7.519484e-01	7.000000e-01	
2.922203e+02	2872	7.526325e+01	1.904465e+02	2.922203e+02	2872	7.167464e-01	7.000000e-01	
2.923220e+02	2873	7.157529e+01	1.432057e+02	2.923220e+02	2873	6.667522e-01	7.000000e-01	
2.924238e+02	2874	4.865700e+01	1.948184e+02	2.924238e+02	2874	8.001564e-01	7.000000e-01	
2.925255e+02	2875	6.364178e+01	1.649424e+02	2.925255e+02	2875	7.215827e-01	7.000000e-01	
2.926272e+02	2876	3.732214e+01	1.770996e+02	2.926272e+02	2876	8.259405e-01	7.000000e-01	
2.927290e+02	2877	2.390765e+01	1.902266e+02	2.927290e+02	2877	8.883521e-01	7.000000e-01	
2.928307e+02	2878	5.620720e+01	1.940669e+02	2.928307e+02	2878	7.754174e-01	7.000000e-01	
2.929325e+02	2879	6.909981e+01	1.927553e+02	2.929325e+02	2879	7.361143e-01	7.000000e-01	
2.930342e+02	2880	6.134351e+01	2.301014e+02	2.930342e+02	2880	7.895194e-01	7.000000e-01	
2.931360e+02	2881	4.775377e+01	2.178402e+02	2.931360e+02	2881	8.202001e-01	7.000000e-01	
2.932377e+02	2882	6.781781e+01	2.072945e+02	2.932377e+02	2882	7.534905e-01	7.000000e-01	
2.933395e+02	2883	6.643970e+01	2.214515e+02	2.933395e+02	2883	7.692194e-01	7.000000e-01	
2.934412e+02	2884	7.753562e+01	2.386190e+02	2.934412e+02	2884	7.547541e-01	7.000000e-01	
2.935430e+02	2885	7.128312e+01	2.315683e+02	2.935430e+02	2885	7.646268e-01	7.000000e-01	
2.936447e+02	2886	4.416833e+01	1.870513e+02	2.936447e+02	2886	8.089767e-01	7.000000e-01	
2.937465e+02	2887	6.511172e+01	2.137524e+02	2.937465e+02	2887	7.665109e-01	7.000000e-01	
2.938482e+02	2888	7.124150e+01	2.136815e+02	2.938482e+02	2888	7.499623e-01	7.000000e-01	
2.939500e+02	2889	6.632711e+01	2.061734e+02	2.939500e+02	2889	7.565982e-01	7.000000e-01	
2.940517e+02	2890	6.627325e+01	2.232165e+02	2.940517e+02	2890	7.710688e-01	7.000000e-01	
2.941535e+02	2891	6.602236e+01	2.206577e+02	2.941535e+02	2891	7.697002e-01	7.000000e-01	
2.942552e+02	2892	7.309417e+01	2.027154e+02	2.942552e+02	2892	7.349832e-01	7.000000e-01	
2.943570e+02	2893	6.198242e+01	2.319808e+02	2.943570e+02	2893	7.891491e-01	7.000000e-01	
2.944587e+02	2894	7.645237e+01	2.102458e+02	2.944587e+02	2894	7.333350e-01	7.000000e-01	
2.945605e+02	2895	7.853871e+01	1.986344e+02	2.945605e+02	2895	7.166438e-01	7.000000e-01	
2.946622e+02	2896	6.945917e+01	1.917304e+02	2.946622e+02	2896	7.340661e-01	7.000000e-01	
2.947640e+02	2897	8.273922e+01	1.948595e+02	2.947640e+02	2897	7.019467e-01	7.000000e-01	
2.948657e+02	2898	8.364139e+01	1.961889e+02	2.948657e+02	2898	7.010996e-01	7.000000e-01	
2.949675e+02	2899	8.340666e+01	1.919453e+02	2.949675e+02	2899	6.970907e-01	7.000000e-01	
2.950692e+02	2900	7.163905e+01	1.951647e+02	2.950692e+02	2900	7.314916e-01	7.000000e-01	
2.951709e+02	2901	8.240735e+01	1.753830e+02	2.951709e+02	2901	6.803319e-01	7.000000e-01	
2.952727e+02	2902	7.640694e+01	2.269697e+02	2.952727e+02	2902	7.481449e-01	7.000000e-01	
2.953744e+02	2903	8.483571e+01	1.799814e+02	2.953744e+02	2903	6.796442e-01	7.000000e-01	
2.954762e+02	2904	8.691127e+01	1.701520e+02	2.954762e+02	2904	6.619071e-01	7.000000e-01	
2.955779e+02	2905	7.186073e+01	1.489228e+02	2.955779e+02	2905	6.745195e-01	7.000000e-01	
2.956797e+02	2906	7.302406e+01	1.518032e+02	2.956797e+02	2906	6.751993e-01	7.000000e-01	
2.957814e+02	2907	7.213955e+01	1.355499e+02	2.957814e+02	2907	6.526566e-01	7.000000e-01	
2.958832e+02	2908	6.395803e+01	1.363058e+02	2.958832e+02	2908	6.806311e-01	7.000000e-01	
2.959849e+02	2909	7.850188e+01	1.646823e+02	2.959849e+02	2909	6.771917e-01	7.000000e-01	
2.960867e+02	2910	7.669943e+01	1.486121e+02	2.960867e+02	2910	6.595850e-01	7.000000e-01	
2.961884e+02	2911	8.300261e+01	1.649585e+02	2.961884e+02	2911	6.652596e-01	7.000000e-01	
2.962902e+02	2912	7.615681e+01	1.760423e+02	2.962902e+02	2912	6.980290e-01	7.000000e-01	
2.963919e+02	2913	7.939179e+01	1.432524e+02	2.963919e+02	2913	6.434141e-01	7.000000e-01	
2.964937e+02	2914	8.408955e+01	1.622696e+02	2.964937e+02	2914	6.586709e-01	7.000000e-01	
2.965954e+02	2915	9.343387e+01	1.846488e+02	2.965954e+02	2915	6.640069e-01	7.000000e-01	
2.966972e+02	2916	5.841663e+01	2.346387e+02	2.966972e+02	2916	8.006635e-01	7.000000e-01	
2.967989e+02	2917	6.276339e+01	1.479991e+02	2.967989e+02	2917	7.022080e-01	7.000000e-01	
2.969007e+02	2918	7.712301e+01	1.951716e+02	2.969007e+02	2918	7.167663e-01	7.000000e-01	
2.970024e+02	2919	6.270787e+01	1.500380e+02	2.970024e+02	2919	7.052452e-01	7.000000e-01	
2.971042e+02	2920	5.688017e+01	1.042862e+02	2.971042e+02	2920	6.470717e-01	7.000000e-01	
2.972059e+02	2921	6.043790e+01	1.497412e+02	2.972059e+02	2921	7.124457e-01	7.000000e-01	
2.973077e+02	2922	6.728961e+01	1.136912e+02	2.973077e+02	2922	6.281948e-01	7.000000e-01	
2.974094e+02	2923	7.593687e+01	1.545836e+02	2.974094e+02	2923	6.705851e-01	7.000000e-01	
2.975112e+02	2924	6.294825e+01	1.858806e+02	2.975112e+02	2924	7.470219e-01	7.000000e-01	
2.976129e+02	2925	7.297354e+01	1.924859e+02	2.976129e+02	2925	7.251047e-01	7.000000e-01	
2.977146e+02	2926	6.247274e+01	2.133643e+02	2.977146e+02	2926	7.735158e-01	7.000000e-01	
2.978164e+02	2927	7.333465e+01	1.756565e+02	2.978164e+02	2927	7.054729e-01	7.000000e-01	
2.979181e+02	2928	6.383147e+01	1.869027e+02	2.979181e+02	2928	7.454217e-01	7.000000e-01	
2.980199e+02	2929	7.038552e+01	1.889600e+02	2.980199e+02	2929	7.286033e-01	7.000000e-01	
2.981216e+02	2930	6.085092e+01	1.939576e+02	2.981216e+02	2930	7.611896e-01	7.000000e-01	
2.982234e+02	2931	7.716499e+01	1.787231e+02	2.982234e+02	2931	6.984424e-01	7.000000e-01	
2.983251e+02	2932	8.020712e+01	1.764286e+02	2.983251e+02	2932	6.874670e-01	7.000000e-01	
2.984269e+02	2933	8.146981e+01	1.631938e+02	2.984269e+02	2933	6.670130e-01	7.000000e-01	
2.985286e+02	2934	9.356815e+01	1.640867e+02	2.985286e+02	2934	6.368469e-01	7.000000e-01	
2.986304e+02	2935	9.494490e+01	1.613573e+02	2.986304e+02	2935	6.295588e-01	7.000000e-01	
2.987321e+02	2936	7.677391e+01	1.716627e+02	2.987321e+02	2936	6.909718e-01	7.000000e-01	
2.988339e+02	2937	1.101590e+02	1.856847e+02	2.988339e+02	2937	6.276446e-01	7.000000e-01	
2.989356e+02	2938	7.968421e+01	1.679053e+02	2.989356e+02	2938	6.781600e-01	7.000000e-01	
2.990374e+02	2939	4.506583e+01	1.847113e+02	2.990374e+02	2939	8.038716e-01	7.000000e-01	
2.991391e+02	2940	8.675393e+01	1.686281e+02	2.991391e+02	2940	6.602974e-01	7.000000e-01	
2.992409e+02	2941	7.000725e+01	1.774190e+02	2.992409e+02	2941	7.170581e-01	7.000000e-01	
2.993426e+02	2942	8.340704e+01	1.715419e+02	2.993426e+02	2942	6.728481e-01	7.000000e-01	
2.994444e+02	2943	7.271936e+01	1.704347e+02	2.994444e+02	2943	7.009330e-01	7.000000e-01	
2.995461e+02	2944	6.924901e+01	1.939216e+02	2.995461e+02	2944	7.368665e-01	7.000000e-01	
2.996479e+02	2945	7.193373e+01	1.690416e+02	2.996479e+02	2945	7.014892e-01	7.000000e-01	
2.997496e+02	2946	6.040718e+01	2.004074e+02	2.997496e+02	2946	7.683903e-01	7.000000e-01	
2.998514e+02	2947	8.045984e+01	1.947123e+02	2.998514e+02	2947	7.076018e-01	7.000000e-01	
2.999531e+02	2948	6.808405e+01	2.113925e+02	2.999531e+02	2948	7.563873e-01	7.000000e-01	
3.000549e+02	2949	7.078421e+01	2.076135e+02	3.000549e+02	2949	7.457443e-01	7.000000e-01	
3.001566e+02	2950	7.648544e+01	1.855325e+02	3.001566e+02	2950	7.080908e-01	7.000000e-01	
3.002583e+02	2951	6.768981e+01	2.093879e+02	3.002583e+02	2951	7.557010e-01	7.000000e-01	
3.003601e+02	2952	6.947886e+01	2.134456e+02	3.003601e+02	2952	7.544261e-01	7.000000e-01	
3.004618e+02	2953	5.933872e+01	2.001546e+02	3.004618e+02	2953	7.713285e-01	7.000000e-01	
3.005636e+02	2954	6.983783e+01	1.866228e+02	3.005636e+02	2954	7.276860e-01	7.000000e-01	
3.006653e+02	2955	6.345326e+01	2.063840e+02	3.006653e+02	2955	7.648462e-01	7.000000e-01	
3.007671e+02	2956	6.238912e+01	1.812105e+02	3.007671e+02	2956	7.438866e-01	7.000000e-01	
3.008688e+02	2957	6.822843e+01	2.117231e+02	3.008688e+02	2957	7.562848e-01	7.000000e-01	
3.009706e+02	2958	6.711705e+01	1.813304e+02	3.009706e+02	2958	7.298541e-01	7.000000e-01	
3.010723e+02	2959	6.411078e+01	1.780438e+02	3.010723e+02	2959	7.352485e-01	7.000000e-01	
3.011741e+02	2960	5.367612e+01	1.648057e+02	3.011741e+02	2960	7.543223e-01	7.000000e-01	
3.012758e+02	2961	6.564433e+01	1.915088e+02	3.012758e+02	2961	7.447267e-01	7.000000e-01	
3.013776e+02	2962	6.536543e+01	1.905247e+02	3.013776e+02	2962	7.445567e-01	7.000000e-01	
3.014793e+02	2963	5.630372e+01	1.980290e+02	3.014793e+02	2963	7.786218e-01	7.000000e-01	
3.015811e+02	2964	6.042901e+01	1.986148e+02	3.015811e+02	2964	7.667228e-01	7.000000e-01	
3.016828e+02	2965	7.609000e+01	1.711917e+02	3.016828e+02	2965	6.922943e-01	7.000000e-01	
3.017846e+02	2966	6.277319e+01	1.659885e+02	3.017846e+02	2966	7.255957e-01	7.000000e-01	
3.018863e+02	2967	6.725400e+01	1.825304e+02	3.018863e+02	2967	7.307518e-01	7.000000e-01	
3.019881e+02	2968	6.363546e+01	2.274937e+02	3.019881e+02	2968	7.814185e-01	7.000000e-01	
3.020898e+02	2969	6.766354e+01	1.753297e+02	3.020898e+02	2969	7.215415e-01	7.000000e-01	
3.021916e+02	2970	5.542189e+01	1.816903e+02	3.021916e+02	2970	7.662630e-01	7.000000e-01	
3.022933e+02	2971	5.395865e+01	1.770188e+02	3.022933e+02	2971	7.663900e-01	7.000000e-01	
3.023951e+02	2972	5.877491e+01	1.826617e+02	3.023951e+02	2972	7.565617e-01	7.000000e-01	
3.024968e+02	2973	5.455879e+01	2.420032e+02	3.024968e+02	2973	8.160291e-01	7.000000e-01	
3.025986e+02	2974	6.880590e+01	2.176030e+02	3.025986e+02	2974	7.597634e-01	7.000000e-01	
3.027003e+02	2975	4.774625e+01	2.310452e+02	3.027003e+02	2975	8.287385e-01	7.000000e-01	
3.028020e+02	2976	6.861497e+01	2.266009e+02	3.028020e+02	2976	7.675770e-01	7.000000e-01	
3.029038e+02	2977	5.041879e+01	2.127827e+02	3.029038e+02	2977	8.084403e-01	7.000000e-01	
3.030055e+02	2978	6.010540e+01	2.461105e+02	3.030055e+02	2978	8.037156e-01	7.000000e-01	
3.031073e+02	2979	3.932507e+01	2.283988e+02	3.031073e+02	2979	8.531133e-01	7.000000e-01	
3.032090e+02	2980	6.034438e+01	2.406152e+02	3.032090e+02	2980	7.994934e-01	7.000000e-01	
3.033108e+02	2981	5.793773e+01	2.331171e+02	3.033108e+02	2981	8.009388e-01	7.000000e-01	
3.034125e+02	2982	5.414933e+01	2.402372e+02	3.034125e+02	2982	8.160604e-01	7.000000e-01	
3.035143e+02	2983	6.598696e+01	2.277224e+02	3.035143e+02	2983	7.753325e-01	7.000000e-01	
3.036160e+02	2984	5.933366e+01	2.258932e+02	3.036160e+02	2984	7.919773e-01	7.000000e-01	
3.037178e+02	2985	5.857704e+01	2.319317e+02	3.037178e+02	2985	7.983639e-01	7.000000e-01	
3.038195e+02	2986	6.387100e+01	2.404861e+02	3.038195e+02	2986	7.901445e-01	7.000000e-01	
3.039213e+02	2987	6.191080e+01	2.353170e+02	3.039213e+02	2987	7.917059e-01	7.000000e-01	
3.040230e+02	2988	6.143443e+01	2.389866e+02	3.040230e+02	2988	7.955056e-01	7.000000e-01	
3.041248e+02	2989	6.046574e+01	2.394237e+02	3.041248e+02	2989	7.983732e-01	7.000000e-01	
3.042265e+02	2990	6.972001e+01	2.081424e+02	3.042265e+02	2990	7.490844e-01	7.000000e-01	
3.043283e+02	2991	6.104151e+01	2.179847e+02	3.043283e+02	2991	7.812338e-01	7.000000e-01	
3.044300e+02	2992	6.084289e+01	2.218116e+02	3.044300e+02	2992	7.847447e-01	7.000000e-01	
3.045318e+02	2993	6.799837e+01	2.163871e+02	3.045318e+02	2993	7.608937e-01	7.000000e-01	
3.046335e+02	2994	6.221410e+01	2.381193e+02	3.046335e+02	2994	7.928499e-01	7.000000e-01	
3.047353e+02	2995	6.455751e+01	2.311289e+02	3.047353e+02	2995	7.816690e-01	7.000000e-01	
3.048370e+02	2996	6.321500e+01	2.323064e+02	3.048370e+02	2996	7.860899e-01	7.000000e-01	
3.049388e+02	2997	6.866199e+01	2.044194e+02	3.049388e+02	2997	7.485658e-01	7.000000e-01	
3.050405e+02	2998	6.800155e+01	2.101646e+02	3.050405e+02	2998	7.555362e-01	7.000000e-01	
3.051423e+02	2999	5.602467e+01	1.924220e+02	3.051423e+02	2999	7.745002e-01	7.000000e-01	
3.052440e+02	3000	5.751096e+01	2.109871e+02	3.052440e+02	3000	7.858049e-01	7.000000e-01	
3.053457e+02	3001	7.484096e+01	2.565906e+02	3.053457e+02	3001	7.741888e-01	7.000000e-01	
3.054475e+02	3002	6.749460e+01	2.312405e+02	3.054475e+02	3002	7.740654e-01	7.000000e-01	
3.055492e+02	3003	6.684487e+01	2.066378e+02	3.055492e+02	3003	7.555791e-01	7.000000e-01	
3.056510e+02	3004	5.923470e+01	2.173934e+02	3.056510e+02	3004	7.858688e-01	7.000000e-01	
3.057527e+02	3005	6.008730e+01	2.099420e+02	3.057527e+02	3005	7.774786e-01	7.000000e-01	
3.058545e+02	3006	5.412337e+01	2.259387e+02	3.058545e+02	3006	8.067451e-01	7.000000e-01	
3.059562e+02	3007	6.904177e+01	2.194966e+02	3.059562e+02	3007	7.607189e-01	7.000000e-01	
3.060580e+02	3008	6.797736e+01	2.128516e+02	3.060580e+02	3008	7.579403e-01	7.000000e-01	
3.061597e+02	3009	5.165472e+01	2.195834e+02	3.061597e+02	3009	8.095595e-01	7.000000e-01	
3.062615e+02	3010	5.216976e+01	2.112674e+02	3.062615e+02	3010	8.019651e-01	7.000000e-01	
3.063632e+02	3011	6.187542e+01	2.158978e+02	3.063632e+02	3011	7.772448e-01	7.000000e-01	
3.064650e+02	3012	4.494198e+01	2.233893e+02	3.064650e+02	3012	8.325131e-01	7.000000e-01	
3.065667e+02	3013	3.975368e+01	2.242781e+02	3.065667e+02	3013	8.494360e-01	7.000000e-01	
3.066685e+02	3014	5.439805e+01	1.703864e+02	3.066685e+02	3014	7.579991e-01	7.000000e-01	
3.067702e+02	3015	6.473201e+01	1.786163e+02	3.067702e+02	3015	7.339944e-01	7.000000e-01	
3.068720e+02	3016	6.578009e+01	1.810204e+02	3.068720e+02	3016	7.334686e-01	7.000000e-01	
3.069737e+02	3017	5.433157e+01	1.708084e+02	3.069737e+02	3017	7.586765e-01	7.000000e-01	
3.070755e+02	3018	6.112665e+01	1.614467e+02	3.070755e+02	3018	7.253640e-01	7.000000e-01	
3.071772e+02	3019	5.588842e+01	1.804730e+02	3.071772e+02	3019	7.635468e-01	7.000000e-01	
3.072790e+02	3020	6.000785e+01	1.826440e+02	3.072790e+02	3020	7.526998e-01	7.000000e-01	
3.073807e+02	3021	6.426736e+01	2.008824e+02	3.073807e+02	3021	7.576186e-01	7.000000e-01	
3.074825e+02	3022	5.652163e+01	1.934600e+02	3.074825e+02	3022	7.738969e-01	7.000000e-01	
3.075842e+02	3023	6.514064e+01	1.803464e+02	3.075842e+02	3023	7.346473e-01	7.000000e-01	
3.076860e+02	3024	5.652621e+01	1.576199e+02	3.076860e+02	3024	7.360391e-01	7.000000e-01	
3.077877e+02	3025	7.065559e+01	2.168183e+02	3.077877e+02	3025	7.542191e-01	7.000000e-01	
3.078894e+02	3026	5.763607e+01	1.934860e+02	3.078894e+02	3026	7.704858e-01	7.000000e-01	
3.079912e+02	3027	5.792824e+01	1.749546e+02	3.079912e+02	3027	7.512559e-01	7.000000e-01	
3.080929e+02	3028	6.728924e+01	1.941733e+02	3.080929e+02	3028	7.426429e-01	7.000000e-01	
3.081947e+02	3029	6.068786e+01	1.856380e+02	3.081947e+02	3029	7.536277e-01	7.000000e-01	
3.082964e+02	3030	6.407771e+01	1.951597e+02	3.082964e+02	3030	7.528223e-01	7.000000e-01	
3.083982e+02	3031	6.566114e+01	2.092002e+02	3.083982e+02	3031	7.611118e-01	7.000000e-01	
3.084999e+02	3032	8.164536e+01	1.894083e+02	3.084999e+02	3032	6.987853e-01	7.000000e-01	
3.086017e+02	3033	6.513221e+01	2.026672e+02	3.086017e+02	3033	7.567873e-01	7.000000e-01	
3.087034e+02	3034	6.226973e+01	1.898544e+02	3.087034e+02	3034	7.530196e-01	7.000000e-01	
3.088052e+02	3035	6.916512e+01	1.900230e+02	3.088052e+02	3035	7.331470e-01	7.000000e-01	
3.089069e+02	3036	6.177566e+01	1.882254e+02	3.089069e+02	3036	7.528984e-01	7.000000e-01	
3.090087e+02	3037	6.045146e+01	1.965140e+02	3.090087e+02	3037	7.647487e-01	7.000000e-01	
3.091104e+02	3038	6.772301e+01	1.959312e+02	3.091104e+02	3038	7.431370e-01	7.000000e-01	
3.092122e+02	3039	5.462449e+01	2.047199e+02	3.092122e+02	3039	7.893747e-01	7.000000e-01	
3.093139e+02	3040	6.945200e+01	1.882462e+02	3.093139e+02	3040	7.304909e-01	7.000000e-01	
3.094157e+02	3041	6.301993e+01	2.044751e+02	3.094157e+02	3041	7.644071e-01	7.000000e-01	
3.095174e+02	3042	5.498873e+01	1.723636e+02	3.095174e+02	3042	7.581343e-01	7.000000e-01	
3.096192e+02	3043	6.093478e+01	1.974182e+02	3.096192e+02	3043	7.641414e-01	7.000000e-01	
3.097209e+02	3044	5.911071e+01	1.891981e+02	3.097209e+02	3044	7.619468e-01	7.000000e-01	
3.098227e+02	3045	6.957153e+01	1.875730e+02	3.098227e+02	3045	7.294458e-01	7.000000e-01	
3.099244e+02	3046	8.285406e+01	2.231373e+02	3.099244e+02	3046	7.292275e-01	7.000000e-01	
3.100262e+02	3047	7.957462e+01	2.077751e+02	3.100262e+02	3047	7.230740e-01	7.000000e-01	
3.101279e+02	3048	7.533219e+01	2.148081e+02	3.101279e+02	3048	7.403594e-01	7.000000e-01	
3.102297e+02	3049	6.436311e+01	2.676006e+02	3.102297e+02	3049	8.061140e-01	7.000000e-01	
3.103314e+02	3050	6.611862e+01	2.200434e+02	3.103314e+02	3050	7.689469e-01	7.000000e-01	
3.104331e+02	3051	8.796412e+01	2.789252e+02	3.104331e+02	3051	7.602434e-01	7.000000e-01	
3.105349e+02	3052	8.235745e+01	2.132936e+02	3.105349e+02	3052	7.214370e-01	7.000000e-01	
3.106366e+02	3053	7.597547e+01	2.101995e+02	3.106366e+02	3053	7.345139e-01	7.000000e-01	
3.107384e+02	3054	7.404302e+01	1.705235e+02	3.107384e+02	3054	6.972479e-01	7.000000e-01	
3.108401e+02	3055	7.626806e+01	2.173941e+02	3.108401e+02	3055	7.402864e-01	7.000000e-01	
3.109419e+02	3056	8.314792e+01	2.281361e+02	3.109419e+02	3056	7.328873e-01	7.000000e-01	
3.110436e+02	3057	7.350913e+01	2.204577e+02	3.110436e+02	3057	7.499407e-01	7.000000e-01	
3.111454e+02	3058	8.075713e+01	2.007054e+02	3.111454e+02	3058	7.130804e-01	7.000000e-01	
3.112471e+02	3059	8.136659e+01	2.054025e+02	3.112471e+02	3059	7.162644e-01	7.000000e-01	
3.113489e+02	3060	7.843389e+01	2.131072e+02	3.113489e+02	3060	7.309680e-01	7.000000e-01	
3.114506e+02	3061	7.405185e+01	2.357046e+02	3.114506e+02	3061	7.609352e-01	7.000000e-01	
3.115524e+02	3062	8.487080e+01	2.329425e+02	3.115524e+02	3062	7.329539e-01	7.000000e-01	
3.116541e+02	3063	7.278687e+01	2.582149e+02	3.116541e+02	3063	7.801013e-01	7.000000e-01	
3.117559e+02	3064	8.192169e+01	2.350339e+02	3.117559e+02	3064	7.415357e-01	7.000000e-01	
3.118576e+02	3065	6.919855e+01	2.472033e+02	3.118576e+02	3065	7.812954e-01	7.000000e-01	
3.119594e+02	3066	6.698384e+01	2.436526e+02	3.119594e+02	3066	7.843658e-01	7.000000e-01	
3.120611e+02	3067	7.236647e+01	2.171920e+02	3.120611e+02	3067	7.500799e-01	7.000000e-01	
3.121629e+02	3068	9.311492e+01	2.175661e+02	3.121629e+02	3068	7.002877e-01	7.000000e-01	
3.122646e+02	3069	9.623222e+01	2.133669e+02	3.122646e+02	3069	6.891715e-01	7.000000e-01	
3.123664e+02	3070	8.855855e+01	2.209500e+02	3.123664e+02	3070	7.138737e-01	7.000000e-01	
3.124681e+02	3071	1.052370e+02	1.884067e+02	3.124681e+02	3071	6.416167e-01	7.000000e-01	
3.125699e+02	3072	1.050115e+02	2.325378e+02	3.125699e+02	3072	6.889003e-01	7.000000e-01	
3.126716e+02	3073	9.720513e+01	2.197606e+02	3.126716e+02	3073	6.933261e-01	7.000000e-01	
3.127734e+02	3074	9.825514e+01	2.165298e+02	3.127734e+02	3074	6.878658e-01	7.000000e-01	
3.128751e+02	3075	9.646201e+01	2.269514e+02	3.128751e+02	3075	7.017378e-01	7.000000e-01	
3.129768e+02	3076	8.763907e+01	2.065048e+02	3.129768e+02	3076	7.020537e-01	7.000000e-01	
3.130786e+02	3077	9.482699e+01	2.433933e+02	3.130786e+02	3077	7.196295e-01	7.000000e-01	
3.131803e+02	3078	1.141896e+02	2.633520e+02	3.131803e+02	3078	6.975443e-01	7.000000e-01	
3.132821e+02	3079	8.642930e+01	2.293595e+02	3.132821e+02	3079	7.263066e-01	7.000000e-01	
3.133838e+02	3080	1.110102e+02	2.220864e+02	3.133838e+02	3080	6.667327e-01	7.000000e-01	
3.134856e+02	3081	1.009144e+02	2.528879e+02	3.134856e+02	3081	7.147718e-01	7.000000e-01	
3.135873e+02	3082	1.108937e+02	2.645395e+02	3.135873e+02	3082	7.046247e-01	7.000000e-01	
3.136891e+02	3083	1.111489e+02	2.967517e+02	3.136891e+02	3083	7.275098e-01	7.000000e-01	
3.137908e+02	3084	1.179295e+02	2.942393e+02	3.137908e+02	3084	7.138806e-01	7.000000e-01	
3.138926e+02	3085	1.141349e+02	2.729907e+02	3.138926e+02	3085	7.051735e-01	7.000000e-01	
3.139943e+02	3086	1.110864e+02	3.169041e+02	3.139943e+02	3086	7.404466e-01	7.000000e-01	
3.140961e+02	3087	1.137011e+02	2.626642e+02	3.140961e+02	3087	6.978970e-01	7.000000e-01	
3.141978e+02	3088	9.319663e+01	2.097779e+02	3.141978e+02	3088	6.923945e-01	7.000000e-01	
3.142996e+02	3089	1.134408e+02	2.174040e+02	3.142996e+02	3089	6.571178e-01	7.000000e-01	
3.144013e+02	3090	9.703385e+01	2.133986e+02	3.144013e+02	3090	6.874236e-01	7.000000e-01	
3.145031e+02	3091	9.147947e+01	2.084266e+02	3.145031e+02	3091	6.949729e-01	7.000000e-01	
3.146048e+02	3092	8.807552e+01	1.619130e+02	3.146048e+02	3092	6.476817e-01	7.000000e-01	
3.147066e+02	3093	9.779486e+01	2.311453e+02	3.147066e+02	3093	7.026971e-01	7.000000e-01	
3.148083e+02	3094	9.851278e+01	1.737072e+02	3.148083e+02	3094	6.381133e-01	7.000000e-01	
3.149101e+02	3095	9.212361e+01	2.171178e+02	3.149101e+02	3095	7.020981e-01	7.000000e-01	
3.150118e+02	3096	1.264235e+02	1.908584e+02	3.150118e+02	3096	6.015420e-01	7.000000e-01	
3.151136e+02	3097	6.503507e+01	1.954079e+02	3.151136e+02	3097	7.502906e-01	7.000000e-01	
3.152153e+02	3098	7.805926e+01	1.517050e+02	3.152153e+02	3098	6.602637e-01	7.000000e-01	
3.153171e+02	3099	5.639804e+01	1.798021e+02	3.153171e+02	3099	7.612277e-01	7.000000e-01	
3.154188e+02	3100	8.030774e+01	1.976390e+02	3.154188e+02	3100	7.110679e-01	7.000000e-01	
3.155205e+02	3101	5.233277e+01	1.541154e+02	3.155205e+02	3101	7.465089e-01	7.000000e-01	
3.156223e+02	3102	5.364011e+01	1.858052e+02	3.156223e+02	3102	7.759818e-01	7.000000e-01	
3.157240e+02	3103	8.174971e+01	2.111193e+02	3.157240e+02	3103	7.208660e-01	7.000000e-01	
3.158258e+02	3104	6.554417e+01	2.035142e+02	3.158258e+02	3104	7.563942e-01	7.000000e-01	
3.159275e+02	3105	8.395767e+01	2.423180e+02	3.159275e+02	3105	7.426787e-01	7.000000e-01	
3.160293e+02	3106	8.756231e+01	2.211291e+02	3.160293e+02	3106	7.163435e-01	7.000000e-01	
3.161310e+02	3107	8.784335e+01	2.423936e+02	3.161310e+02	3107	7.339990e-01	7.000000e-01	
3.162328e+02	3108	8.305293e+01	2.427514e+02	3.162328e+02	3108	7.450834e-01	7.000000e-01	
3.163345e+02	3109	9.422523e+01	2.411209e+02	3.163345e+02	3109	7.190210e-01	7.000000e-01	
3.164363e+02	3110	8.406429e+01	2.128121e+02	3.164363e+02	3110	7.168374e-01	7.000000e-01	
3.165380e+02	3111	9.263293e+01	2.357399e+02	3.165380e+02	3111	7.179032e-01	7.000000e-01	
3.166398e+02	3112	7.948945e+01	2.205256e+02	3.166398e+02	3112	7.350485e-01	7.000000e-01	
3.167415e+02	3113	6.164544e+01	1.764507e+02	3.167415e+02	3113	7.410901e-01	7.000000e-01	
3.168433e+02	3114	6.105186e+01	1.777771e+02	3.168433e+02	3114	7.443699e-01	7.000000e-01	
3.169450e+02	3115	6.424367e+01	1.817048e+02	3.169450e+02	3115	7.387922e-01	7.000000e-01	
3.170468e+02	3116	7.956859e+01	2.096697e+02	3.170468e+02	3116	7.249030e-01	7.000000e-01	
3.171485e+02	3117	6.199287e+01	1.795477e+02	3.171485e+02	3117	7.433439e-01	7.000000e-01	
3.172503e+02	3118	7.025592e+01	1.955824e+02	3.172503e+02	3118	7.357194e-01	7.000000e-01	
3.173520e+02	3119	5.282997e+01	1.860507e+02	3.173520e+02	3119	7.788437e-01	7.000000e-01	
3.174538e+02	3120	6.477814e+01	1.516034e+02	3.174538e+02	3120	7.006300e-01	7.000000e-01	
3.175555e+02	3121	5.880720e+01	1.969916e+02	3.175555e+02	3121	7.701037e-01	7.000000e-01	
3.176573e+02	3122	5.963897e+01	1.827514e+02	3.176573e+02	3122	7.539549e-01	7.000000e-01	
3.177590e+02	3123	6.031930e+01	1.620393e+02	3.177590e+02	3123	7.287296e-01	7.000000e-01	
3.178608e+02	3124	6.107100e+01	1.897635e+02	3.178608e+02	3124	7.565287e-01	7.000000e-01	
3.179625e+02	3125	5.222447e+01	1.691624e+02	3.179625e+02	3125	7.641031e-01	7.000000e-01	
3.180642e+02	3126	6.092123e+01	1.853969e+02	3.180642e+02	3126	7.526726e-01	7.000000e-01	
3.181660e+02	3127	5.932764e+01	1.639086e+02	3.181660e+02	3127	7.342383e-01	7.000000e-01	
3.182677e+02	3128	6.232621e+01	1.633989e+02	3.182677e+02	3128	7.238845e-01	7.000000e-01	
3.183695e+02	3129	5.159562e+01	1.556539e+02	3.183695e+02	3129	7.510459e-01	7.000000e-01	
3.184712e+02	3130	7.424270e+01	1.614744e+02	3.184712e+02	3130	6.850347e-01	7.000000e-01	
3.185730e+02	3131	5.815760e+01	1.654977e+02	3.185730e+02	3131	7.399677e-01	7.000000e-01	
3.186747e+02	3132	5.316425e+01	1.690693e+02	3.186747e+02	3132	7.607731e-01	7.000000e-01	
3.187765e+02	3133	5.966783e+01	1.819790e+02	3.187765e+02	3133	7.530784e-01	7.000000e-01	
3.188782e+02	3134	5.338027e+01	1.661871e+02	3.188782e+02	3134	7.568843e-01	7.000000e-01	
3.189800e+02	3135	4.373210e+01	1.980778e+02	3.189800e+02	3135	8.191468e-01	7.000000e-01	
3.190817e+02	3136	6.637889e+01	1.680042e+02	3.190817e+02	3136	7.167932e-01	7.000000e-01	
3.191835e+02	3137	4.822626e+01	1.699946e+02	3.191835e+02	3137	7.790025e-01	7.000000e-01	
3.192852e+02	3138	6.122384e+01	1.758036e+02	3.192852e+02	3138	7.417015e-01	7.000000e-01	
3.193870e+02	3139	7.954691e+01	1.866237e+02	3.193870e+02	3139	7.011432e-01	7.000000e-01	
3.194887e+02	3140	5.941366e+01	1.813809e+02	3.194887e+02	3140	7.532600e-01	7.000000e-01	
3.195905e+02	3141	6.116133e+01	1.875120e+02	3.195905e+02	3141	7.540495e-01	7.000000e-01	
3.196922e+02	3142	7.594940e+01	2.395689e+02	3.196922e+02	3142	7.592869e-01	7.000000e-01	
3.197940e+02	3143	5.577571e+01	1.918358e+02	3.197940e+02	3143	7.747451e-01	7.000000e-01	
3.198957e+02	3144	6.847844e+01	2.040234e+02	3.198957e+02	3144	7.487047e-01	7.000000e-01	
3.199975e+02	3145	5.961787e+01	1.448761e+02	3.199975e+02	3145	7.084615e-01	7.000000e-01	
3.200992e+02	3146	9.905534e+01	1.342156e+02	3.200992e+02	3146	5.753636e-01	7.000000e-01	
3.202010e+02	3147	6.294862e+01	1.259187e+02	3.202010e+02	3147	6.667045e-01	7.000000e-01	
3.203027e+02	3148	6.778717e+01	1.362175e+02	3.203027e+02	3148	6.677176e-01	7.000000e-01	
3.204045e+02	3149	4.814423e+01	1.458344e+02	3.204045e+02	3149	7.518065e-01	7.000000e-01	
3.205062e+02	3150	5.264819e+01	1.394978e+02	3.205062e+02	3150	7.259990e-01	7.000000e-01	
3.206079e+02	3151	6.559081e+01	1.322696e+02	3.206079e+02	3151	6.684996e-01	7.000000e-01	
3.207097e+02	3152	8.445288e+01	1.480821e+02	3.207097e+02	3152	6.368164e-01	7.000000e-01	
3.208114e+02	3153	7.111373e+01	1.491943e+02	3.208114e+02	3153	6.772077e-01	7.000000e-01	
3.209132e+02	3154	6.282484e+01	1.708587e+02	3.209132e+02	3154	7.311542e-01	7.000000e-01	
3.210149e+02	3155	6.392474e+01	1.299104e+02	3.210149e+02	3155	6.702108e-01	7.000000e-01	
3.211167e+02	3156	5.026223e+01	1.731727e+02	3.211167e+02	3156	7.750476e-01	7.000000e-01	
3.212184e+02	3157	5.467866e+01	1.714764e+02	3.212184e+02	3157	7.582249e-01	7.000000e-01	
3.213202e+02	3158	6.502177e+01	1.538330e+02	3.213202e+02	3158	7.028999e-01	7.000000e-01	
3.214219e+02	3159	6.864227e+01	1.559146e+02	3.214219e+02	3159	6.943212e-01	7.000000e-01	
3.215237e+02	3160	5.126781e+01	1.872917e+02	3.215237e+02	3160	7.850943e-01	7.000000e-01	
3.216254e+02	3161	7.479449e+01	1.644425e+02	3.216254e+02	3161	6.873624e-01	7.000000e-01	
3.217272e+02	3162	5.396695e+01	1.723175e+02	3.217272e+02	3162	7.615084e-01	7.000000e-01	
3.218289e+02	3163	6.540938e+01	1.732977e+02	3.218289e+02	3163	7.259848e-01	7.000000e-01	
3.219307e+02	3164	6.468404e+01	1.605422e+02	3.219307e+02	3164	7.128042e-01	7.000000e-01	
3.220324e+02	3165	6.309776e+01	1.611123e+02	3.220324e+02	3165	7.185775e-01	7.000000e-01	
3.221342e+02	3166	7.269217e+01	1.606671e+02	3.221342e+02	3166	6.884968e-01	7.000000e-01	
3.222359e+02	3167	5.929583e+01	1.796971e+02	3.222359e+02	3167	7.518930e-01	7.000000e-01	
3.223377e+02	3168	7.542497e+01	1.606769e+02	3.223377e+02	3168	6.805406e-01	7.000000e-01	
3.224394e+02	3169	5.334261e+01	1.609579e+02	3.224394e+02	3169	7.510850e-01	7.000000e-01	
3.225412e+02	3170	7.473351e+01	1.569717e+02	3.225412e+02	3170	6.774630e-01	7.000000e-01	
3.226429e+02	3171	6.956683e+01	1.569631e+02	3.226429e+02	3171	6.929023e-01	7.000000e-01	
3.227447e+02	3172	7.026837e+01	1.553556e+02	3.227447e+02	3172	6.885598e-01	7.000000e-01	
3.228464e+02	3173	6.883466e+01	1.585577e+02	3.228464e+02	3173	6.972868e-01	7.000000e-01	
3.229482e+02	3174	6.500925e+01	1.591922e+02	3.229482e+02	3174	7.100409e-01	7.000000e-01	
3.230499e+02	3175	5.786018e+01	1.447732e+02	3.230499e+02	3175	7.144588e-01	7.000000e-01	
3.231516e+02	3176	7.841062e+01	1.456525e+02	3.231516e+02	3176	6.500512e-01	7.000000e-01	
3.232534e+02	3177	7.245974e+01	1.353451e+02	3.232534e+02	3177	6.513087e-01	7.000000e-01	
3.233551e+02	3178	6.913672e+01	1.811692e+02	3.233551e+02	3178	7.237911e-01	7.000000e-01	
3.234569e+02	3179	6.338031e+01	1.683121e+02	3.234569e+02	3179	7.264463e-01	7.000000e-01	
3.235586e+02	3180	6.988649e+01	1.533246e+02	3.235586e+02	3180	6.869040e-01	7.000000e-01	
3.236604e+02	3181	6.411317e+01	1.850241e+02	3.236604e+02	3181	7.426593e-01	7.000000e-01	
3.237621e+02	3182	6.778576e+01	1.869551e+02	3.237621e+02	3182	7.339031e-01	7.000000e-01	
3.238639e+02	3183	5.976053e+01	1.696737e+02	3.238639e+02	3183	7.395309e-01	7.000000e-01	
3.239656e+02	3184	6.252498e+01	1.741421e+02	3.239656e+02	3184	7.358104e-01	7.000000e-01	
3.240674e+02	3185	6.831599e+01	1.688642e+02	3.240674e+02	3185	7.119659e-01	7.000000e-01	
3.241691e+02	3186	6.270357e+01	1.805380e+02	3.241691e+02	3186	7.422169e-01	7.000000e-01	
3.242709e+02	3187	6.104991e+01	1.694338e+02	3.242709e+02	3187	7.351227e-01	7.000000e-01	
3.243726e+02	3188	6.465359e+01	1.884467e+02	3.243726e+02	3188	7.445535e-01	7.000000e-01	
3.244744e+02	3189	6.501743e+01	1.971371e+02	3.244744e+02	3189	7.519881e-01	7.000000e-01	
3.245761e+02	3190	5.770036e+01	1.877403e+02	3.245761e+02	3190	7.649112e-01	7.000000e-01	
3.246779e+02	3191	6.471949e+01	1.887372e+02	3.246779e+02	3191	7.446527e-01	7.000000e-01	
3.247796e+02	3192	6.483255e+01	1.944337e+02	3.247796e+02	3192	7.499383e-01	7.000000e-01	
3.248814e+02	3193	6.885775e+01	1.713943e+02	3.248814e+02	3193	7.133937e-01	7.000000e-01	
3.249831e+02	3194	5.296198e+01	1.200442e+02	3.249831e+02	3194	6.938723e-01	7.000000e-01	
3.250849e+02	3195	6.720273e+01	1.588672e+02	3.250849e+02	3195	7.027348e-01	7.000000e-01	
3.251866e+02	3196	6.816497e+01	1.960890e+02	3.251866e+02	3196	7.420475e-01	7.000000e-01	
3.252884e+02	3197	5.760508e+01	2.105024e+02	3.252884e+02	3197	7.851418e-01	7.000000e-01	
3.253901e+02	3198	4.909771e+01	2.049594e+02	3.253901e+02	3198	8.067454e-01	7.000000e-01	
3.254919e+02	3199	5.763773e+01	2.060340e+02	3.254919e+02	3199	7.814035e-01	7.000000e-01	
3.255936e+02	3200	5.484148e+01	2.259444e+02	3.255936e+02	3200	8.046858e-01	7.000000e-01	
3.256953e+02	3201	5.869221e+01	2.370123e+02	3.256953e+02	3201	8.015174e-01	7.000000e-01	
3.257971e+02	3202	7.044724e+01	1.924886e+02	3.257971e+02	3202	7.320744e-01	7.000000e-01	
3.258988e+02	3203	8.022809e+01	1.760605e+02	3.258988e+02	3203	6.869619e-01	7.000000e-01	
3.260006e+02	3204	9.082377e+01	1.695717e+02	3.260006e+02	3204	6.512083e-01	7.000000e-01	
3.261023e+02	3205	7.730795e+01	1.475685e+02	3.261023e+02	3205	6.562203e-01	7.000000e-01	
3.262041e+02	3206	9.953868e+01	1.707698e+02	3.262041e+02	3206	6.317589e-01	7.000000e-01	
3.263058e+02	3207	7.099627e+01	1.726368e+02	3.263058e+02	3207	7.085935e-01	7.000000e-01	
3.264076e+02	3208	8.714476e+01	1.788416e+02	3.264076e+02	3208	6.723713e-01	7.000000e-01	
3.265093e+02	3209	8.848683e+01	1.717071e+02	3.265093e+02	3209	6.599197e-01	7.000000e-01	
3.266111e+02	3210	7.761924e+01	1.833793e+02	3.266111e+02	3210	7.026066e-01	7.000000e-01	
3.267128e+02	3211	8.167889e+01	1.547212e+02	3.267128e+02	3211	6.544888e-01	7.000000e-01	
3.268146e+02	3212	8.799120e+01	1.814234e+02	3.268146e+02	3212	6.733985e-01	7.000000e-01	
3.269163e+02	3213	8.303195e+01	1.775042e+02	3.269163e+02	3213	6.813035e-01	7.000000e-01	
3.270181e+02	3214	5.746983e+01	1.919777e+02	3.270181e+02	3214	7.696115e-01	7.000000e-01	
3.271198e+02	3215	8.146946e+01	1.799925e+02	3.271198e+02	3215	6.884080e-01	7.000000e-01	
3.272216e+02	3216	7.082092e+01	1.695705e+02	3.272216e+02	3216	7.053933e-01	7.000000e-01	
3.273233e+02	3217	6.373739e+01	1.863277e+02	3.273233e+02	3217	7.451168e-01	7.000000e-01	
3.274251e+02	3218	5.680148e+01	1.568675e+02	3.274251e+02	3218	7.341613e-01	7.000000e-01	
3.275268e+02	3219	8.698491e+01	1.840374e+02	3.275268e+02	3219	6.790489e-01	7.000000e-01	
3.276286e+02	3220	5.862629e+01	1.663107e+02	3.276286e+02	3220	7.393657e-01	7.000000e-01	
3.277303e+02	3221	4.269345e+01	1.538298e+02	3.277303e+02	3221	7.827562e-01	7.000000e-01	
3.278321e+02	3222	7.528564e+01	1.742250e+02	3.278321e+02	3222	6.982668e-01	7.000000e-01	
3.279338e+02	3223	6.490610e+01	1.504280e+02	3.279338e+02	3223	6.985796e-01	7.000000e-01	
3.280356e+02	3224	6.527337e+01	1.428202e+02	3.280356e+02	3224	6.863268e-01	7.000000e-01	
3.281373e+02	3225	6.261662e+01	1.489156e+02	3.281373e+02	3225	7.039854e-01	7.000000e-01	
3.282390e+02	3226	6.171546e+01	1.464292e+02	3.282390e+02	3226	7.034973e-01	7.000000e-01	
3.283408e+02	3227	6.529718e+01	1.314066e+02	3.283408e+02	3227	6.680431e-01	7.000000e-01	
3.284425e+02	3228	6.938609e+01	1.384790e+02	3.284425e+02	3228	6.661965e-01	7.000000e-01	
3.285443e+02	3229	6.844489e+01	1.372465e+02	3.285443e+02	3229	6.672447e-01	7.000000e-01	
3.286460e+02	3230	8.177224e+01	1.731739e+02	3.286460e+02	3230	6.792568e-01	7.000000e-01	
3.287478e+02	3231	6.901168e+01	1.640051e+02	3.287478e+02	3231	7.038339e-01	7.000000e-01	
3.288495e+02	3232	7.315262e+01	1.660736e+02	3.288495e+02	3232	6.942115e-01	7.000000e-01	
3.289513e+02	3233	6.172371e+01	1.801576e+02	3.289513e+02	3233	7.448182e-01	7.000000e-01	
3.290530e+02	3234	6.289268e+01	1.705839e+02	3.290530e+02	3234	7.306253e-01	7.000000e-01	
3.291548e+02	3235	6.334277e+01	1.745770e+02	3.291548e+02	3235	7.337642e-01	7.000000e-01	
3.292565e+02	3236	7.704598e+01	1.719999e+02	3.292565e+02	3236	6.906354e-01	7.000000e-01	
3.293583e+02	3237	8.754638e+01	1.909241e+02	3.293583e+02	3237	6.856170e-01	7.000000e-01	
3.294600e+02	3238	4.444407e+01	1.768844e+02	3.294600e+02	3238	7.991941e-01	7.000000e-01	
3.295618e+02	3239	5.585496e+01	1.653361e+02	3.295618e+02	3239	7.474809e-01	7.000000e-01	
3.296635e+02	3240	5.554787e+01	1.822462e+02	3.296635e+02	3240	7.664035e-01	7.000000e-01	
3.297653e+02	3241	5.975404e+01	1.590091e+02	3.297653e+02	3241	7.268551e-01	7.000000e-01	
3.298670e+02	3242	6.235838e+01	1.812082e+02	3.298670e+02	3242	7.439781e-01	7.000000e-01	
3.299688e+02	3243	5.894193e+01	2.179145e+02	3.299688e+02	3243	7.871029e-01	7.000000e-01	
3.300705e+02	3244	4.800234e+01	1.700454e+02	3.300705e+02	3244	7.798540e-01	7.000000e-01	
3.301723e+02	3245	7.329580e+01	1.645514e+02	3.301723e+02	3245	6.918366e-01	7.000000e-01	
3.302740e+02	3246	7.515010e+01	1.548758e+02	3.302740e+02	3246	6.732972e-01	7.000000e-01	
3.303758e+02	3247	8.505465e+01	1.487600e+02	3.303758e+02	3247	6.362305e-01	7.000000e-01	
3.304775e+02	3248	7.154819e+01	1.582742e+02	3.304775e+02	3248	6.886805e-01	7.000000e-01	
3.305793e+02	3249	8.519187e+01	1.429190e+02	3.305793e+02	3249	6.265331e-01	7.000000e-01	
3.306810e+02	3250	1.018658e+02	1.311020e+02	3.306810e+02	3250	5.627473e-01	7.000000e-01	
3.307827e+02	3251	8.430176e+01	1.576624e+02	3.307827e+02	3251	6.515940e-01	7.000000e-01	
3.308845e+02	3252	7.139064e+01	1.757961e+02	3.308845e+02	3252	7.111874e-01	7.000000e-01	
3.309862e+02	3253	7.837134e+01	1.787082e+02	3.309862e+02	3253	6.951475e-01	7.000000e-01	
3.310880e+02	3254	7.829947e+01	1.655097e+02	3.310880e+02	3254	6.788494e-01	7.000000e-01	
3.311897e+02	3255	7.024875e+01	1.428180e+02	3.311897e+02	3255	6.702970e-01	7.000000e-01	
3.312915e+02	3256	2.751474e+02	-4.027093e+00	3.312915e+02	3256	-1.485353e-02	0	
3.313932e+02	3257	2.728588e+02	1.603466e+00	3.313932e+02	3257	5.842209e-03	0	
3.314950e+02	3258	2.588325e+02	-7.123339e+00	3.314950e+02	3258	-2.829988e-02	0	
3.315967e+02	3259	2.957059e+02	-1.037157e+01	3.315967e+02	3259	-3.634883e-02	0	
3.316985e+02	3260	2.727990e+02	1.660474e+01	3.316985e+02	3260	5.737569e-02	0	
3.318002e+02	3261	2.804703e+02	1.714353e+00	3.318002e+02	3261	6.075288e-03	0	
3.319020e+02	3262	2.774451e+02	3.679667e+00	3.319020e+02	3262	1.308909e-02	0	
3.320037e+02	3263	2.779736e+02	-2.209013e+01	3.320037e+02	3263	-8.632887e-02	0	
3.321055e+02	3264	2.619032e+02	3.447947e-02	3.321055e+02	3264	1.316323e-04	0	
3.322072e+02	3265	2.610876e+02	8.538097e+00	3.322072e+02	3265	3.166648e-02	0	
3.323090e+02	3266	2.593969e+02	-6.969848e+00	3.323090e+02	3266	-2.761134e-02	0	
3.324107e+02	3267	2.645069e+02	8.031410e+00	3.324107e+02	3267	2.946892e-02	0	
3.325125e+02	3268	2.573567e+02	2.764093e+00	3.325125e+02	3268	1.062619e-02	0	
3.326142e+02	3269	2.493593e+02	-1.024112e+01	3.326142e+02	3269	-4.282870e-02	0	
3.327160e+02	3270	2.669525e+02	1.241425e+01	3.327160e+02	3270	4.443711e-02	0	
3.328177e+02	3271	2.687608e+02	1.824350e+01	3.328177e+02	3271	6.356525e-02	0	
3.329195e+02	3272	2.790050e+02	5.838741e+00	3.329195e+02	3272	2.049805e-02	0	
3.330212e+02	3273	2.692060e+02	1.489842e+01	3.330212e+02	3273	5.243994e-02	0	
3.331230e+02	3274	2.658993e+02	1.366156e+01	3.331230e+02	3274	4.886793e-02	0	
3.332247e+02	3275	2.595579e+02	1.306421e+01	3.332247e+02	3275	4.792058e-02	0	
3.333264e+02	3276	2.520981e+02	-5.926888e+00	3.333264e+02	3276	-2.407628e-02	0	
3.334282e+02	3277	2.419963e+02	-7.910563e+00	3.334282e+02	3277	-3.379344e-02	0	
3.335299e+02	3278	2.521081e+02	-1.574876e+00	3.335299e+02	3278	-6.286096e-03	0	
3.336317e+02	3279	2.501065e+02	-3.098514e+01	3.336317e+02	3279	-1.414063e-01	0	
3.337334e+02	3280	2.785900e+02	-2.814575e+00	3.337334e+02	3280	-1.020604e-02	0	
3.338352e+02	3281	2.353092e+02	-1.123507e+01	3.338352e+02	3281	-5.013997e-02	0	
3.339369e+02	3282	2.511255e+02	-1.236946e+01	3.339369e+02	3282	-5.180795e-02	0	
3.340387e+02	3283	2.641987e+02	2.383691e+01	3.340387e+02	3283	8.275682e-02	0	
3.341404e+02	3284	2.940169e+02	6.459083e+01	3.341404e+02	3284	1.801156e-01	0	
3.342422e+02	3285	2.622994e+02	5.498961e+01	3.342422e+02	3285	1.733108e-01	0	
3.343439e+02	3286	3.003647e+02	6.016554e+01	3.343439e+02	3286	1.668807e-01	0	
3.344457e+02	3287	3.041613e+02	4.198654e+01	3.344457e+02	3287	1.212966e-01	0	
3.345474e+02	3288	3.097572e+02	5.088955e+01	3.345474e+02	3288	1.411064e-01	0	
3.346492e+02	3289	2.972963e+02	6.635863e+01	3.346492e+02	3289	1.824769e-01	0	
3.347509e+02	3290	2.694393e+02	1.220664e+00	3.347509e+02	3290	4.509954e-03	0	
3.348527e+02	3291	2.649305e+02	-1.426336e+01	3.348527e+02	3291	-5.690159e-02	0	
3.349544e+02	3292	2.755603e+02	2.089095e+01	3.349544e+02	3292	7.047010e-02	0	
3.350562e+02	3293	2.662476e+02	1.588502e+01	3.350562e+02	3293	5.630338e-02	0	
3.351579e+02	3294	2.898780e+02	2.081910e+01	3.351579e+02	3294	6.700771e-02	0	
3.352597e+02	3295	2.673539e+02	2.407319e+00	3.352597e+02	3295	8.923888e-03	0	
3.353614e+02	3296	2.653509e+02	5.545889e+00	3.353614e+02	3296	2.047233e-02	0	
3.354632e+02	3297	2.696478e+02	-3.862338e-03	3.354632e+02	3297	-1.432385e-05	0	
3.355649e+02	3298	2.644768e+02	1.669201e+00	3.355649e+02	3298	6.271749e-03	0	
3.356667e+02	3299	2.657015e+02	1.389788e+00	3.356667e+02	3299	5.203419e-03	0	
3.357684e+02	3300	2.670541e+02	6.540534e+00	3.357684e+02	3300	2.390593e-02	0	
3.358701e+02	3301	2.691154e+02	2.345842e+00	3.358701e+02	3301	8.641536e-03	0	
3.359719e+02	3302	2.659110e+02	1.908664e+01	3.359719e+02	3302	6.697122e-02	0	
3.360736e+02	3303	2.797132e+02	-2.472144e+01	3.360736e+02	3303	-9.694996e-02	0	
3.361754e+02	3304	2.737388e+02	-9.980874e+00	3.361754e+02	3304	-3.784104e-02	0	
3.362771e+02	3305	2.902016e+02	-3.153123e+01	3.362771e+02	3305	-1.218973e-01	0	
3.363789e+02	3306	2.723548e+02	-2.336348e+01	3.363789e+02	3306	-9.383251e-02	0	
3.364806e+02	3307	2.692354e+02	-5.421406e+00	3.364806e+02	3307	-2.055011e-02	0	
3.365824e+02	3308	2.736173e+02	-1.367079e+01	3.365824e+02	3308	-5.259078e-02	0	
3.366841e+02	3309	2.708751e+02	1.074561e+00	3.366841e+02	3309	3.951323e-03	0	
3.367859e+02	3310	2.730089e+02	-1.419285e+01	3.367859e+02	3310	-5.483760e-02	0	
3.368876e+02	3311	2.514589e+02	-2.162981e+01	3.368876e+02	3311	-9.411259e-02	0	
3.369894e+02	3312	2.692125e+02	-3.636735e+01	3.369894e+02	3312	-1.561868e-01	0	
3.370911e+02	3313	2.706309e+02	-1.214570e+01	3.370911e+02	3313	-4.698799e-02	0	
3.371929e+02	3314	2.594382e+02	-9.880295e+00	3.371929e+02	3314	-3.959119e-02	0	
3.372946e+02	3315	2.670101e+02	-3.715182e+01	3.372946e+02	3315	-1.616292e-01	0	
3.373964e+02	3316	2.722817e+02	-6.308137e+00	3.373964e+02	3316	-2.371716e-02	0	
3.374981e+02	3317	2.712761e+02	-6.619619e+00	3.374981e+02	3317	-2.501212e-02	0	
3.375999e+02	3318	2.598596e+02	-2.484968e+01	3.375999e+02	3318	-1.057389e-01	0	
3.377016e+02	3319	2.629939e+02	-1.309434e+01	3.377016e+02	3319	-5.239841e-02	0	
3.378034e+02	3320	2.601540e+02	-1.219915e+01	3.378034e+02	3320	-4.919908e-02	0	
3.379051e+02	3321	2.373359e+02	-4.943330e+00	3.379051e+02	3321	-2.127146e-02	0	
3.380069e+02	3322	2.529651e+02	-9.589839e+00	3.380069e+02	3322	-3.940351e-02	0	
3.381086e+02	3323	2.707445e+02	1.286508e+01	3.381086e+02	3323	4.536194e-02	0	
3.382104e+02	3324	2.889492e+02	-1.800331e+01	3.382104e+02	3324	-6.644615e-02	0	
3.383121e+02	3325	2.385648e+02	-3.284350e+00	3.383121e+02	3325	-1.395930e-02	0	
3.384138e+02	3326	2.712812e+02	-5.325064e+00	3.384138e+02	3326	-2.002234e-02	0	
3.385156e+02	3327	2.710913e+02	-2.421456e+00	3.385156e+02	3327	-9.012757e-03	0	
3.386173e+02	3328	2.166937e+02	-3.668047e+00	3.386173e+02	3328	-1.721880e-02	0	
3.387191e+02	3329	2.121153e+02	-1.441502e+01	3.387191e+02	3329	-7.291350e-02	0	
3.388208e+02	3330	2.294279e+02	-1.179946e+01	3.388208e+02	3330	-5.421837e-02	0	
3.389226e+02	3331	2.547100e+02	-5.848532e+00	3.389226e+02	3331	-2.350116e-02	0	
3.390243e+02	3332	2.502504e+02	1.338394e+00	3.390243e+02	3332	5.319768e-03	0	
3.391261e+02	3333	2.868955e+02	-9.212731e+00	3.391261e+02	3333	-3.317718e-02	0	
3.392278e+02	3334	2.445533e+02	4.398284e+00	3.392278e+02	3334	1.766723e-02	0	
3.393296e+02	3335	2.422107e+02	-1.097705e+00	3.393296e+02	3335	-4.552658e-03	0	
3.394313e+02	3336	2.530073e+02	-1.062978e+01	3.394313e+02	3336	-4.385629e-02	0	
3.395331e+02	3337	2.907684e+02	-1.621968e+01	3.395331e+02	3337	-5.907760e-02	0	
3.396348e+02	3338	2.827564e+02	-5.688772e+00	3.396348e+02	3338	-2.053207e-02	0	
3.397366e+02	3339	2.870715e+02	-6.398778e+00	3.397366e+02	3339	-2.279800e-02	0	
3.398383e+02	3340	2.823695e+02	2.666680e+00	3.398383e+02	3340	9.355584e-03	0	
3.399401e+02	3341	3.080106e+02	-1.342581e+01	3.399401e+02	3341	-4.557537e-02	0	
3.400418e+02	3342	2.924868e+02	-6.298988e+00	3.400418e+02	3342	-2.200998e-02	0	
3.401436e+02	3343	3.020339e+02	-3.522374e+00	3.401436e+02	3343	-1.179979e-02	0	
3.402453e+02	3344	2.956962e+02	-3.173219e+00	3.402453e+02	3344	-1.084776e-02	0	
3.403471e+02	3345	2.187984e+02	-8.910703e+00	3.403471e+02	3345	-4.245462e-02	0	
3.404488e+02	3346	2.289966e+02	2.220940e+00	3.404488e+02	3346	9.605413e-03	0	
3.405506e+02	3347	2.181333e+02	-7.676965e+00	3.405506e+02	3347	-3.647771e-02	0	
3.406523e+02	3348	2.183608e+02	-8.657167e+00	3.406523e+02	3348	-4.128287e-02	0	
3.407541e+02	3349	2.316658e+02	-3.431818e+00	3.407541e+02	3349	-1.503640e-02	0	
3.408558e+02	3350	2.832765e+02	-1.827678e+01	3.408558e+02	3350	-6.896905e-02	0	
3.409575e+02	3351	2.408418e+02	4.202097e+00	3.409575e+02	3351	1.714834e-02	0	
3.410593e+02	3352	2.595279e+02	-1.722442e+01	3.410593e+02	3352	-7.108614e-02	0	
3.411610e+02	3353	2.667857e+02	-2.437841e+01	3.411610e+02	3353	-1.005680e-01	0	
3.412628e+02	3354	2.718290e+02	-4.921337e+01	3.412628e+02	3354	-2.210688e-01	0	
3.413645e+02	3355	2.616452e+02	-4.874575e+00	3.413645e+02	3355	-1.898416e-02	0	
3.414663e+02	3356	2.368591e+02	1.078987e+01	3.414663e+02	3356	4.356921e-02	0	
3.415680e+02	3357	2.790704e+02	-1.837878e+01	3.415680e+02	3357	-7.050008e-02	0	
3.416698e+02	3358	2.312446e+02	-5.688012e+00	3.416698e+02	3358	-2.521767e-02	0	
3.417715e+02	3359	2.430170e+02	9.432830e+00	3.417715e+02	3359	3.736517e-02	0	
3.418733e+02	3360	2.540291e+02	1.654948e+01	3.418733e+02	3360	6.116330e-02	0	
3.419750e+02	3361	2.696950e+02	2.365576e+01	3.419750e+02	3361	8.063985e-02	0	
3.420768e+02	3362	2.496165e+02	-5.326669e+00	3.420768e+02	3362	-2.180471e-02	0	
3.421785e+02	3363	2.422800e+02	-6.751715e-01	3.421785e+02	3363	-2.794528e-03	0	
3.422803e+02	3364	3.073740e+02	-1.891937e+01	3.422803e+02	3364	-6.558872e-02	0	
3.423820e+02	3365	3.181577e+02	-1.171923e+01	3.423820e+02	3365	-3.824334e-02	0	
3.424838e+02	3366	2.924783e+02	-2.410751e+01	3.424838e+02	3366	-8.982911e-02	0	
3.425855e+02	3367	3.283928e+02	-6.089689e+00	3.425855e+02	3367	-1.889429e-02	0	
3.426873e+02	3368	3.069945e+02	-1.833793e+00	3.426873e+02	3368	-6.009270e-03	0	
3.427890e+02	3369	3.040525e+02	-1.016249e+01	3.427890e+02	3369	-3.457923e-02	0	
3.428908e+02	3370	3.008658e+02	-2.407701e+01	3.428908e+02	3370	-8.698694e-02	0	
3.429925e+02	3371	3.040430e+02	-5.819259e+00	3.429925e+02	3371	-1.951306e-02	0	
3.430943e+02	3372	3.041416e+02	-1.032971e+01	3.430943e+02	3372	-3.515756e-02	0	
3.431960e+02	3373	3.014663e+02	-1.954401e+01	3.431960e+02	3373	-6.932410e-02	0	
3.432978e+02	3374	2.811941e+02	-1.660702e+01	3.432978e+02	3374	-6.276580e-02	0	
3.433995e+02	3375	2.781916e+02	-6.214479e+00	3.433995e+02	3375	-2.284927e-02	0	
3.435012e+02	3376	2.759474e+02	-7.602444e+00	3.435012e+02	3376	-2.833086e-02	0	
3.436030e+02	3377	2.788664e+02	-1.325183e+01	3.436030e+02	3377	-4.989120e-02	0	
3.437047e+02	3378	2.834704e+02	-7.530637e+00	3.437047e+02	3378	-2.729087e-02	0	
3.438065e+02	3379	2.908104e+02	-1.673160e+01	3.438065e+02	3379	-6.104668e-02	0	
3.439082e+02	3380	2.786983e+02	-4.433734e+00	3.439082e+02	3380	-1.616590e-02	0	
3.440100e+02	3381	2.766976e+02	-2.700347e+00	3.440100e+02	3381	-9.855380e-03	0	
3.441117e+02	3382	2.816897e+02	-8.860153e+00	3.441117e+02	3382	-3.247505e-02	0	
3.442135e+02	3383	2.722944e+02	-8.252025e+00	3.442135e+02	3383	-3.125265e-02	0	
3.443152e+02	3384	2.789149e+02	-1.401916e+01	3.443152e+02	3384	-5.292331e-02	0	
3.444170e+02	3385	2.848285e+02	-1.409283e+01	3.444170e+02	3385	-5.205384e-02	0	
3.445187e+02	3386	2.775726e+02	-1.381900e+01	3.445187e+02	3386	-5.239360e-02	0	
3.446205e+02	3387	2.724831e+02	-9.846429e+00	3.446205e+02	3387	-3.749069e-02	0	
3.447222e+02	3388	2.777378e+02	-6.123970e+00	3.447222e+02	3388	-2.254661e-02	0	
3.448240e+02	3389	2.860895e+02	-1.414858e+00	3.448240e+02	3389	-4.970088e-03	0	
3.449257e+02	3390	2.674324e+02	2.748913e+00	3.449257e+02	3390	1.017433e-02	0	
3.450275e+02	3391	2.789529e+02	-1.947301e+01	3.450275e+02	3391	-7.504632e-02	0	
3.451292e+02	3392	2.236563e+02	-2.524484e+00	3.451292e+02	3392	-1.141620e-02	0	
3.452310e+02	3393	2.449489e+02	1.150454e+01	3.452310e+02	3393	4.486015e-02	0	
3.453327e+02	3394	2.478815e+02	4.653299e+01	3.453327e+02	3394	1.580526e-01	0	
3.454345e+02	3395	2.238189e+02	5.591715e+00	3.454345e+02	3395	2.437426e-02	0	
3.455362e+02	3396	2.447416e+02	5.326714e+01	3.455362e+02	3396	1.787435e-01	0	
3.456380e+02	3397	2.369075e+02	4.873328e+01	3.456380e+02	3397	1.706104e-01	0	
3.457397e+02	3398	2.504695e+02	5.151419e+01	3.457397e+02	3398	1.705860e-01	0	
3.458415e+02	3399	2.349687e+02	3.807969e+01	3.458415e+02	3399	1.394613e-01	0	
3.459432e+02	3400	2.345531e+02	3.503438e+01	3.459432e+02	3400	1.299555e-01	0	
3.460449e+02	3401	2.656217e+02	4.495802e+01	3.460449e+02	3401	1.447552e-01	0	
3.461467e+02	3402	2.429671e+02	6.209400e+01	3.461467e+02	3402	2.035461e-01	0	
3.462484e+02	3403	2.339132e+02	6.017905e+01	3.462484e+02	3403	2.046264e-01	0	
3.463502e+02	3404	2.501858e+02	3.544728e+01	3.463502e+02	3404	1.241008e-01	0	
3.464519e+02	3405	2.558360e+02	4.556269e+01	3.464519e+02	3405	1.511708e-01	0	
3.465537e+02	3406	3.120912e+02	4.671539e+01	3.465537e+02	3406	1.301966e-01	0	
3.466554e+02	3407	2.694176e+02	4.799353e+01	3.466554e+02	3407	1.512030e-01	0	
3.467572e+02	3408	2.543853e+02	6.660288e+01	3.467572e+02	3408	2.074932e-01	0	
3.468589e+02	3409	2.519180e+02	6.619632e+01	3.468589e+02	3409	2.080897e-01	0	
3.469607e+02	3410	2.445039e+02	7.004434e+01	3.469607e+02	3410	2.226823e-01	0	
3.470624e+02	3411	2.524681e+02	8.237239e+01	3.470624e+02	3411	2.460049e-01	0	
3.471642e+02	3412	2.512852e+02	5.328515e+01	3.471642e+02	3412	1.749519e-01	0	
3.472659e+02	3413	2.494336e+02	6.617576e+01	3.472659e+02	3413	2.096762e-01	0	
3.473677e+02	3414	2.630192e+02	5.680330e+01	3.473677e+02	3414	1.776088e-01	0	
3.474694e+02	3415	2.558926e+02	5.732008e+01	3.474694e+02	3415	1.830069e-01	0	
3.475712e+02	3416	2.837315e+02	4.854873e+01	3.475712e+02	3416	1.461078e-01	0	
3.476729e+02	3417	2.445343e+02	5.964626e+01	3.476729e+02	3417	1.960883e-01	0	
3.477747e+02	3418	2.644506e+02	2.679942e+01	3.477747e+02	3418	9.201517e-02	0	
3.478764e+02	3419	2.636715e+02	5.603036e+01	3.478764e+02	3419	1.752582e-01	0	
3.479782e+02	3420	2.714815e+02	4.153786e+01	3.479782e+02	3420	1.327006e-01	0	
3.480799e+02	3421	2.647636e+02	3.455578e+01	3.480799e+02	3421	1.154479e-01	0	
3.481817e+02	3422	2.688711e+02	3.377038e+01	3.481817e+02	3422	1.115854e-01	0	
3.482834e+02	3423	2.755998e+02	4.299844e+01	3.482834e+02	3423	1.349613e-01	0	
3.483852e+02	3424	2.739708e+02	3.535973e+01	3.483852e+02	3424	1.143105e-01	0	
3.484869e+02	3425	2.718495e+02	3.496979e+01	3.484869e+02	3425	1.139752e-01	0	
3.485886e+02	3426	2.762092e+02	5.522179e+01	3.485886e+02	3426	1.666163e-01	0	
3.486904e+02	3427	2.539766e+02	5.670712e+01	3.486904e+02	3427	1.825236e-01	0	
3.487921e+02	3428	2.955514e+02	6.055591e+01	3.487921e+02	3428	1.700496e-01	0	
3.488939e+02	3429	2.617578e+02	6.793177e+01	3.488939e+02	3429	2.060477e-01	0	
3.489956e+02	3430	2.730770e+02	3.335285e+01	3.489956e+02	3430	1.088433e-01	0	
3.490974e+02	3431	2.402603e+02	5.258218e+01	3.490974e+02	3431	1.795579e-01	0	
3.491991e+02	3432	2.381226e+02	5.115313e+01	3.491991e+02	3432	1.768317e-01	0	
3.493009e+02	3433	2.437458e+02	6.307576e+01	3.493009e+02	3433	2.055780e-01	0	
3.494026e+02	3434	2.494367e+02	4.940560e+01	3.494026e+02	3434	1.653233e-01	0	
3.495044e+02	3435	2.761631e+02	5.522049e+01	3.495044e+02	3435	1.666362e-01	0	
3.496061e+02	3436	2.583962e+02	6.471789e+01	3.496061e+02	3436	2.002942e-01	0	
3.497079e+02	3437	2.386428e+02	4.881217e+01	3.497079e+02	3437	1.698081e-01	0	
3.498096e+02	3438	2.697171e+02	1.822795e+01	3.498096e+02	3438	6.330357e-02	0	
3.499114e+02	3439	2.689443e+02	2.075851e+01	3.499114e+02	3439	7.165450e-02	0	
3.500131e+02	3440	2.449569e+02	5.548105e+01	3.500131e+02	3440	1.846672e-01	0	
3.501149e+02	3441	2.501943e+02	4.890578e+01	3.501149e+02	3441	1.635098e-01	0	
3.502166e+02	3442	2.664237e+02	-4.361480e+00	3.502166e+02	3442	-1.664292e-02	0	
3.503184e+02	3443	2.548627e+02	5.073445e+01	3.503184e+02	3443	1.660174e-01	0	
3.504201e+02	3444	2.853285e+02	4.080379e+00	3.504201e+02	3444	1.409901e-02	0	
3.505219e+02	3445	2.474468e+02	3.149466e+01	3.505219e+02	3445	1.129078e-01	0	
3.506236e+02	3446	2.690136e+02	2.842547e+01	3.506236e+02	3446	9.556737e-02	0	
3.507254e+02	3447	2.757326e+02	4.241808e+01	3.507254e+02	3447	1.333270e-01	0	
3.508271e+02	3448	2.695796e+02	1.872200e+01	3.508271e+02	3448	6.493894e-02	0	
3.509289e+02	3449	2.834302e+02	5.303346e+01	3.509289e+02	3449	1.576202e-01	0	
3.510306e+02	3450	2.761847e+02	3.371288e+00	3.510306e+02	3450	1.205944e-02	0	
3.511323e+02	3451	2.684031e+02	1.455955e+01	3.511323e+02	3451	5.145396e-02	0	
3.512341e+02	3452	2.802703e+02	4.876640e+01	3.512341e+02	3452	1.482096e-01	0	
3.513358e+02	3453	3.170257e+02	7.655139e+01	3.513358e+02	3453	1.945016e-01	0	
3.514376e+02	3454	2.805408e+02	2.435397e+01	3.514376e+02	3454	7.987664e-02	0	
3.515393e+02	3455	2.847027e+02	5.382925e+01	3.515393e+02	3455	1.590079e-01	0	
3.516411e+02	3456	2.809679e+02	5.295848e+01	3.516411e+02	3456	1.585933e-01	0	
3.517428e+02	3457	2.994553e+02	3.476036e+01	3.517428e+02	3457	1.040058e-01	0	
3.518446e+02	3458	2.619086e+02	1.902833e+01	3.518446e+02	3458	6.773168e-02	0	
3.519463e+02	3459	2.711636e+02	2.619130e+01	3.519463e+02	3459	8.808094e-02	0	
3.520481e+02	3460	2.690211e+02	3.208653e+00	3.520481e+02	3460	1.178656e-02	0	
3.521498e+02	3461	2.572931e+02	2.473779e+01	3.521498e+02	3461	8.771305e-02	0	
3.522516e+02	3462	2.240094e+02	2.413396e+01	3.522516e+02	3462	9.725813e-02	0	
3.523533e+02	3463	2.339147e+02	3.981538e+00	3.523533e+02	3463	1.673645e-02	0	
3.524551e+02	3464	2.678761e+02	2.808429e+01	3.524551e+02	3464	9.489206e-02	0	
3.525568e+02	3465	2.825108e+02	3.988231e+01	3.525568e+02	3465	1.237071e-01	0	
3.526586e+02	3466	2.784261e+02	-6.037505e+00	3.526586e+02	3466	-2.216504e-02	0	
3.527603e+02	3467	2.593346e+02	4.509586e+01	3.527603e+02	3467	1.481319e-01	0	
3.528621e+02	3468	2.598772e+02	2.329101e+01	3.528621e+02	3468	8.225150e-02	0	
3.529638e+02	3469	2.949612e+02	4.824768e+01	3.529638e+02	3469	1.405782e-01	0	
3.530656e+02	3470	2.847703e+02	4.538390e+01	3.530656e+02	3470	1.374627e-01	0	
3.531673e+02	3471	2.755315e+02	5.764665e+01	3.531673e+02	3471	1.730205e-01	0	
3.532691e+02	3472	2.841733e+02	3.674195e+01	3.532691e+02	3472	1.144911e-01	0	
3.533708e+02	3473	2.642561e+02	3.337190e+01	3.533708e+02	3473	1.121262e-01	0	
3.534726e+02	3474	2.633373e+02	3.468239e+01	3.534726e+02	3474	1.163762e-01	0	
3.535743e+02	3475	2.643493e+02	3.689911e+01	3.535743e+02	3475	1.224873e-01	0	
3.536760e+02	3476	2.775782e+02	2.653223e+01	3.536760e+02	3476	8.724538e-02	0	
3.537778e+02	3477	2.897943e+02	4.549580e+01	3.537778e+02	3477	1.356909e-01	0	
3.538795e+02	3478	2.639250e+02	2.787303e+01	3.538795e+02	3478	9.552165e-02	0	
3.539813e+02	3479	2.712324e+02	1.414990e+01	3.539813e+02	3479	4.958226e-02	0	
3.540830e+02	3480	2.643184e+02	3.664522e+01	3.540830e+02	3480	1.217596e-01	0	
3.541848e+02	3481	2.667398e+02	4.295989e+01	3.541848e+02	3481	1.387147e-01	0	
3.542865e+02	3482	2.838033e+02	2.675359e+01	3.542865e+02	3482	8.614715e-02	0	
3.543883e+02	3483	2.924293e+02	3.030708e+01	3.543883e+02	3483	9.390661e-02	0	
3.544900e+02	3484	2.662279e+02	1.562357e+01	3.544900e+02	3484	5.543193e-02	0	
3.545918e+02	3485	2.830697e+02	1.506873e+01	3.545918e+02	3485	5.054273e-02	0	
3.546935e+02	3486	2.789154e+02	1.345368e+01	3.546935e+02	3486	4.601608e-02	0	
3.547953e+02	3487	2.835908e+02	2.795797e+01	3.547953e+02	3487	8.973866e-02	0	
3.548970e+02	3488	2.646796e+02	1.465105e+01	3.548970e+02	3488	5.245056e-02	0	
3.549988e+02	3489	2.811288e+02	1.672631e+01	3.549988e+02	3489	5.615586e-02	0	
3.551005e+02	3490	2.593275e+02	7.797983e+00	3.551005e+02	3490	2.919221e-02	0	
3.552023e+02	3491	2.756761e+02	2.109815e+01	3.552023e+02	3491	7.109158e-02	0	
3.553040e+02	3492	2.695089e+02	2.016984e+01	3.553040e+02	3492	6.962831e-02	0	
3.554058e+02	3493	2.714197e+02	1.041304e+01	3.554058e+02	3493	3.694759e-02	0	
3.555075e+02	3494	2.283594e+02	5.873029e+00	3.555075e+02	3494	2.507351e-02	0	
3.556093e+02	3495	2.667234e+02	1.556573e+01	3.556093e+02	3495	5.514109e-02	0	
3.557110e+02	3496	2.723097e+02	1.217527e+01	3.557110e+02	3496	4.279759e-02	0	
3.558128e+02	3497	2.287333e+02	6.027998e+00	3.558128e+02	3497	2.567714e-02	0	
3.559145e+02	3498	2.387205e+02	2.620376e+01	3.559145e+02	3498	9.891038e-02	0	
3.560163e+02	3499	2.789527e+02	2.521598e+01	3.560163e+02	3499	8.290130e-02	0	
3.561180e+02	3500	2.523320e+02	1.095513e+01	3.561180e+02	3500	4.160906e-02	0	
3.562197e+02	3501	2.421939e+02	3.983988e+01	3.562197e+02	3501	1.412592e-01	0	
3.563215e+02	3502	2.404180e+02	1.307888e+01	3.563215e+02	3502	5.159385e-02	0	
3.564232e+02	3503	2.495956e+02	1.225703e+01	3.564232e+02	3503	4.680889e-02	0	
3.565250e+02	3504	2.426966e+02	1.837418e+01	3.565250e+02	3504	7.038007e-02	0	
3.566267e+02	3505	2.544363e+02	6.335489e+00	3.566267e+02	3505	2.429515e-02	0	
3.567285e+02	3506	2.473955e+02	2.963321e+00	3.567285e+02	3506	1.183630e-02	0	
3.568302e+02	3507	2.395286e+02	2.502218e+01	3.568302e+02	3507	9.458366e-02	0	
3.569320e+02	3508	2.849773e+02	1.581121e+01	3.569320e+02	3508	5.256587e-02	0	
3.570337e+02	3509	2.802859e+02	-2.324364e+00	3.570337e+02	3509	-8.362179e-03	0	
3.571355e+02	3510	2.740681e+02	3.274137e+00	3.571355e+02	3510	1.180540e-02	0	
3.572372e+02	3511	3.182610e+02	3.488447e+01	3.572372e+02	3511	9.878215e-02	0	
3.573390e+02	3512	2.730143e+02	-2.079422e+01	3.573390e+02	3512	-8.244474e-02	0	
3.574407e+02	3513	2.980332e+02	-8.998186e+00	3.574407e+02	3513	-3.113182e-02	0	
3.575425e+02	3514	2.728950e+02	-1.780446e+01	3.575425e+02	3514	-6.979663e-02	0	
3.576442e+02	3515	2.927040e+02	-1.257386e+01	3.576442e+02	3515	-4.488578e-02	0	
3.577460e+02	3516	2.714731e+02	-2.319179e+01	3.577460e+02	3516	-9.340933e-02	0	
3.578477e+02	3517	2.647874e+02	-2.774571e+00	3.578477e+02	3517	-1.058945e-02	0	
3.579495e+02	3518	2.365648e+02	-3.692821e+00	3.579495e+02	3518	-1.585773e-02	0	
3.580512e+02	3519	2.561327e+02	-4.092550e+00	3.580512e+02	3519	-1.623769e-02	0	
3.581530e+02	3520	2.638621e+02	1.340508e+01	3.581530e+02	3520	4.834716e-02	0	
3.582547e+02	3521	2.521729e+02	4.950895e+00	3.582547e+02	3521	1.925491e-02	0	
3.583565e+02	3522	2.327743e+02	-6.275117e+00	3.583565e+02	3522	-2.770481e-02	0	
3.584582e+02	3523	2.391353e+02	1.528100e+01	3.584582e+02	3523	6.006298e-02	0	
3.585600e+02	3524	2.621006e+02	-1.286303e+00	3.585600e+02	3524	-4.931873e-03	0	
3.586617e+02	3525	2.632578e+02	7.141961e-01	3.586617e+02	3525	2.705575e-03	0	
3.587634e+02	3526	2.671634e+02	5.893277e+00	3.587634e+02	3526	2.158261e-02	0	
3.588652e+02	3527	2.487235e+02	1.630509e+01	3.588652e+02	3527	6.152200e-02	0	
3.589669e+02	3528	2.640307e+02	-2.157160e+00	3.589669e+02	3528	-8.237411e-03	0	
3.590687e+02	3529	2.386321e+02	1.392029e+01	3.590687e+02	3529	5.511843e-02	0	
3.591704e+02	3530	2.460533e+02	-6.787409e-01	3.591704e+02	3530	-2.766142e-03	0	
3.592722e+02	3531	3.494985e+02	-4.102068e+01	3.592722e+02	3531	-1.329777e-01	0	
3.593739e+02	3532	2.898925e+02	-2.690727e+01	3.593739e+02	3532	-1.023148e-01	0	
3.594757e+02	3533	2.551235e+02	-8.515882e+00	3.594757e+02	3533	-3.453211e-02	0	
3.595774e+02	3534	2.670567e+02	-1.089959e+01	3.595774e+02	3534	-4.255041e-02	0	
3.596792e+02	3535	2.511061e+02	-3.015337e+00	3.596792e+02	3535	-1.215417e-02	0	
3.597809e+02	3536	2.434634e+02	8.033654e+00	3.597809e+02	3536	3.194333e-02	0	
3.598827e+02	3537	2.530852e+02	-4.043135e+00	3.598827e+02	3537	-1.623475e-02	0	
3.599844e+02	3538	2.559146e+02	-3.654897e+00	3.599844e+02	3538	-1.448863e-02	0	
3.600862e+02	3539	2.691182e+02	-1.115186e+01	3.600862e+02	3539	-4.322990e-02	0	
3.601879e+02	3540	2.629595e+02	-3.486333e+00	3.601879e+02	3540	-1.343620e-02	0	
3.602897e+02	3541	2.612537e+02	-9.384102e+00	3.602897e+02	3541	-3.725778e-02	0	
3.603914e+02	3542	2.698340e+02	-5.732526e+00	3.603914e+02	3542	-2.170577e-02	0	
3.604932e+02	3543	2.782860e+02	-2.292767e+01	3.604932e+02	3543	-8.978626e-02	0	
3.605949e+02	3544	2.666312e+02	-1.154887e+01	3.605949e+02	3544	-4.527507e-02	0	
3.606967e+02	3545	2.586343e+02	5.544224e+00	3.606967e+02	3545	2.098666e-02	0	
3.607984e+02	3546	3.264685e+02	-1.900319e+01	3.607984e+02	3546	-6.180596e-02	0	
3.609002e+02	3547	2.844655e+02	-2.883686e+00	3.609002e+02	3547	-1.024102e-02	0	
3.610019e+02	3548	2.898633e+02	1.956810e+01	3.610019e+02	3548	6.323890e-02	0	
3.611037e+02	3549	2.730514e+02	1.326506e+01	3.611037e+02	3549	4.633006e-02	0	
3.612054e+02	3550	2.857962e+02	-1.289391e+01	3.612054e+02	3550	-4.724735e-02	0	
3.613071e+02	3551	2.763862e+02	1.081297e+01	3.613071e+02	3551	3.764973e-02	0	
3.614089e+02	3552	3.004051e+02	5.595798e+01	3.614089e+02	3552	1.570252e-01	0	
3.615106e+02	3553	2.761416e+02	7.739717e+00	3.615106e+02	3553	2.726392e-02	0	
3.616124e+02	3554	2.869925e+02	1.415227e+01	3.616124e+02	3554	4.699491e-02	0	
3.617141e+02	3555	2.627410e+02	7.702861e+00	3.617141e+02	3555	2.848229e-02	0	
3.618159e+02	3556	2.741064e+02	1.641473e+01	3.618159e+02	3556	5.650098e-02	0	
3.619176e+02	3557	2.719618e+02	1.063707e+01	3.619176e+02	3557	3.764017e-02	0	
3.620194e+02	3558	2.723856e+02	1.470267e+01	3.620194e+02	3558	5.121306e-02	0	
3.621211e+02	3559	2.642607e+02	4.523617e+00	3.621211e+02	3559	1.682991e-02	0	
3.622229e+02	3560	2.763466e+02	1.120163e+01	3.622229e+02	3560	3.895566e-02	0	
3.623246e+02	3561	2.855413e+02	7.084260e-01	3.623246e+02	3561	2.474853e-03	0	
3.624264e+02	3562	2.602919e+02	-7.923704e+00	3.624264e+02	3562	-3.139740e-02	0	
3.625281e+02	3563	2.733503e+02	1.155075e+01	3.625281e+02	3563	4.054302e-02	0	
3.626299e+02	3564	2.614289e+02	2.196297e+01	3.626299e+02	3564	7.750035e-02	0	
3.627316e+02	3565	2.623468e+02	-1.645844e+01	3.627316e+02	3565	-6.693460e-02	0	
3.628334e+02	3566	2.344851e+02	-1.281582e+01	3.628334e+02	3566	-5.781505e-02	0	
3.629351e+02	3567	2.573234e+02	-9.289227e+00	3.629351e+02	3567	-3.745140e-02	0	
3.630369e+02	3568	2.319592e+02	-1.781003e+01	3.630369e+02	3568	-8.316647e-02	0	
3.631386e+02	3569	2.338510e+02	-1.296726e+01	3.631386e+02	3569	-5.870627e-02	0	
3.632404e+02	3570	2.958397e+02	-3.342607e+00	3.632404e+02	3570	-1.142783e-02	0	
3.633421e+02	3571	2.659148e+02	-1.756114e+01	3.633421e+02	3571	-7.071021e-02	0	
3.634439e+02	3572	2.836436e+02	-5.621221e+00	3.634439e+02	3572	-2.021859e-02	0	
3.635456e+02	3573	2.950799e+02	-1.933012e+01	3.635456e+02	3573	-7.010022e-02	0	
3.636474e+02	3574	2.429864e+02	2.254248e+01	3.636474e+02	3574	8.489653e-02	0	
3.637491e+02	3575	2.500848e+02	2.068721e+01	3.637491e+02	3575	7.640084e-02	0	
3.638508e+02	3576	2.541347e+02	4.093532e+01	3.638508e+02	3576	1.387309e-01	0	
3.639526e+02	3577	2.560051e+02	1.214326e+01	3.639526e+02	3577	4.528560e-02	0	
3.640543e+02	3578	2.492406e+02	5.076222e+01	3.640543e+02	3578	1.692058e-01	0	
3.641561e+02	3579	2.581638e+02	4.925303e+01	3.641561e+02	3579	1.602158e-01	0	
3.642578e+02	3580	2.324042e+02	1.224822e+01	3.642578e+02	3580	5.006376e-02	0	
3.643596e+02	3581	2.674594e+02	1.142203e+00	3.643596e+02	3581	4.252406e-03	0	
3.644613e+02	3582	2.364930e+02	1.980766e+01	3.644613e+02	3582	7.728291e-02	0	
3.645631e+02	3583	2.311431e+02	1.289822e+01	3.645631e+02	3583	5.285261e-02	0	
3.646648e+02	3584	2.649801e+02	1.426103e+01	3.646648e+02	3584	5.107066e-02	0	
3.647666e+02	3585	3.053992e+02	-8.775175e+00	3.647666e+02	3585	-2.958349e-02	0	
3.648683e+02	3586	2.831342e+02	7.198705e+00	3.648683e+02	3586	2.479466e-02	0	
3.649701e+02	3587	2.667004e+02	6.001001e+00	3.649701e+02	3587	2.200576e-02	0	
3.650718e+02	3588	2.521013e+02	1.486302e+01	3.650718e+02	3588	5.567418e-02	0	
3.651736e+02	3589	3.582511e+02	1.695134e+00	3.651736e+02	3589	4.709409e-03	0	
3.652753e+02	3590	2.948466e+02	1.953448e+01	3.652753e+02	3590	6.213631e-02	0	
3.653771e+02	3591	3.362040e+02	-1.351600e+01	3.653771e+02	3591	-4.188566e-02	0	
3.654788e+02	3592	2.456979e+02	1.390447e+01	3.654788e+02	3592	5.356064e-02	0	
3.655806e+02	3593	2.470573e+02	1.989296e+01	3.655806e+02	3593	7.451935e-02	0	
3.656823e+02	3594	2.471935e+02	2.143868e+01	3.656823e+02	3594	7.980682e-02	0	
3.657841e+02	3595	2.462547e+02	5.621005e-01	3.657841e+02	3595	2.277400e-03	0	
3.658858e+02	3596	2.383620e+02	3.368022e+01	3.658858e+02	3596	1.238051e-01	0	
3.659876e+02	3597	2.337969e+02	-3.195177e+00	3.659876e+02	3597	-1.385582e-02	0	
3.660893e+02	3598	2.300864e+02	5.619944e+00	3.660893e+02	3598	2.384299e-02	0	
3.661911e+02	3599	2.474296e+02	-5.064475e+00	3.661911e+02	3599	-2.089606e-02	0	
3.662928e+02	3600	2.346803e+02	-1.480494e+01	3.662928e+02	3600	-6.733333e-02	0	
3.663945e+02	3601	2.642404e+02	-1.560991e+01	3.663945e+02	3601	-6.278357e-02	0	
3.664963e+02	3602	2.411828e+02	-5.015370e+00	3.664963e+02	3602	-2.123650e-02	0	
3.665980e+02	3603	2.427502e+02	-5.609922e+00	3.665980e+02	3603	-2.365655e-02	0	
3.666998e+02	3604	2.647322e+02	-1.618473e+01	3.666998e+02	3604	-6.511726e-02	0	
3.668015e+02	3605	2.319151e+02	2.382299e+01	3.668015e+02	3605	9.315386e-02	0	
3.669033e+02	3606	2.354650e+02	3.631391e+01	3.669033e+02	3606	1.336156e-01	0	
3.670050e+02	3607	2.156804e+02	1.127325e+01	3.670050e+02	3607	4.967204e-02	0	
3.671068e+02	3608	2.175692e+02	3.887602e+01	3.671068e+02	3608	1.515958e-01	0	
3.672085e+02	3609	2.573053e+02	2.126190e+01	3.672085e+02	3609	7.632593e-02	0	
3.673103e+02	3610	2.279491e+02	2.174503e+01	3.673103e+02	3610	8.708667e-02	0	
3.674120e+02	3611	2.336594e+02	2.939012e+01	3.674120e+02	3611	1.117285e-01	0	
3.675138e+02	3612	2.293929e+02	6.626169e+01	3.675138e+02	3612	2.241186e-01	0	
3.676155e+02	3613	2.655563e+02	-2.918269e+00	3.676155e+02	3613	-1.111137e-02	0	
3.677173e+02	3614	2.543076e+02	-2.491942e+00	3.677173e+02	3614	-9.895898e-03	0	
3.678190e+02	3615	2.652912e+02	-7.442990e-01	3.678190e+02	3615	-2.813486e-03	0	
3.679208e+02	3616	2.732984e+02	-1.690789e+01	3.679208e+02	3616	-6.594585e-02	0	
3.680225e+02	3617	2.484602e+02	8.649515e+00	3.680225e+02	3617	3.364134e-02	0	
3.681243e+02	3618	2.818584e+02	6.920750e-01	3.681243e+02	3618	2.449385e-03	0	
3.682260e+02	3619	2.812800e+02	-1.181904e+01	3.682260e+02	3619	-4.386179e-02	0	
3.683278e+02	3620	2.744138e+02	-1.076661e+01	3.683278e+02	3620	-4.083719e-02	0	
3.684295e+02	3621	2.372982e+02	6.349816e+00	3.684295e+02	3621	2.606143e-02	0	
3.685313e+02	3622	2.289148e+02	1.335004e+01	3.685313e+02	3622	5.510515e-02	0	
3.686330e+02	3623	2.425448e+02	1.017557e+01	3.686330e+02	3623	4.026415e-02	0	
3.687348e+02	3624	2.232279e+02	2.849348e+00	3.687348e+02	3624	1.260343e-02	0	
3.688365e+02	3625	2.817921e+02	-5.408905e+00	3.688365e+02	3625	-1.957031e-02	0	
3.689382e+02	3626	2.572122e+02	-2.485481e-01	3.689382e+02	3626	-9.672500e-04	0	
3.690400e+02	3627	2.694568e+02	-1.018060e+01	3.690400e+02	3627	-3.926546e-02	0	
3.691417e+02	3628	2.456263e+02	7.311578e+00	3.691417e+02	3628	2.890662e-02	0	
3.692435e+02	3629	2.519630e+02	-1.376245e+01	3.692435e+02	3629	-5.777673e-02	0	
3.693452e+02	3630	2.636640e+02	2.595461e-01	3.693452e+02	3630	9.834140e-04	0	
3.694470e+02	3631	2.684186e+02	-5.952592e+00	3.694470e+02	3631	-2.267948e-02	0	
3.695487e+02	3632	2.609193e+02	-2.689734e+00	3.695487e+02	3632	-1.041606e-02	0	
3.696505e+02	3633	2.665752e+02	-6.068092e+00	3.696505e+02	3633	-2.329338e-02	0	
3.697522e+02	3634	2.407874e+02	-7.663657e+00	3.697522e+02	3634	-3.287377e-02	0	
3.698540e+02	3635	2.437842e+02	-2.681808e+01	3.698540e+02	3635	-1.236049e-01	0	
3.699557e+02	3636	2.319841e+02	-1.608907e+01	3.699557e+02	3636	-7.452265e-02	0	
3.700575e+02	3637	2.858790e+02	1.870515e+01	3.700575e+02	3637	6.141209e-02	0	
3.701592e+02	3638	3.227703e+02	-1.290868e+01	3.701592e+02	3638	-4.165950e-02	0	
3.702610e+02	3639	2.849628e+02	1.457730e+01	3.702610e+02	3639	4.866560e-02	0	
3.703627e+02	3640	2.749375e+02	-3.975711e+00	3.703627e+02	3640	-1.467259e-02	0	
3.704645e+02	3641	2.808953e+02	5.394623e+00	3.704645e+02	3641	1.884322e-02	0	
3.705662e+02	3642	2.835358e+02	2.725783e+01	3.705662e+02	3642	8.770395e-02	0	
3.706680e+02	3643	2.718717e+02	2.044541e+01	3.706680e+02	3643	6.994257e-02	0	
3.707697e+02	3644	2.860385e+02	1.837180e+01	3.707697e+02	3644	6.035210e-02	0	
3.708715e+02	3645	2.877286e+02	1.612817e+01	3.708715e+02	3645	5.307820e-02	0	
3.709732e+02	3646	2.933919e+02	7.755706e+00	3.709732e+02	3646	2.575384e-02	0	
3.710750e+02	3647	2.847838e+02	2.434054e+01	3.710750e+02	3647	7.874029e-02	0	
3.711767e+02	3648	2.798468e+02	2.927659e+01	3.711767e+02	3648	9.470843e-02	0	
3.712785e+02	3649	2.558784e+02	-3.067628e+00	3.712785e+02	3649	-1.213409e-02	0	
3.713802e+02	3650	2.314364e+02	1.485095e-01	3.713802e+02	3650	6.412745e-04	0	
3.714819e+02	3651	2.712302e+02	1.194251e+01	3.714819e+02	3651	4.217394e-02	0	
3.715837e+02	3652	2.398433e+02	-1.711888e+01	3.715837e+02	3652	-7.686126e-02	0	
3.716854e+02	3653	2.316895e+02	2.310808e-01	3.716854e+02	3653	9.963790e-04	0	
3.717872e+02	3654	2.563966e+02	2.131676e+01	3.717872e+02	3654	7.675814e-02	0	
3.718889e+02	3655	2.814604e+02	1.289686e+01	3.718889e+02	3655	4.381363e-02	0	
3.719907e+02	3656	2.797897e+02	2.994741e+01	3.719907e+02	3656	9.668654e-02	0	
3.720924e+02	3657	2.854963e+02	1.205239e+01	3.720924e+02	3657	4.050561e-02	0	
3.721942e+02	3658	2.650573e+02	1.460003e+01	3.721942e+02	3658	5.220686e-02	0	
3.722959e+02	3659	2.674792e+02	1.725816e+01	3.722959e+02	3659	6.061080e-02	0	
3.723977e+02	3660	3.446708e+02	-1.419367e-01	3.723977e+02	3660	-4.119733e-04	0	
3.724994e+02	3661	2.802880e+02	8.770079e+00	3.724994e+02	3661	3.034020e-02	0	
3.726012e+02	3662	2.457201e+02	-1.268599e+01	3.726012e+02	3662	-5.443834e-02	0	
3.727029e+02	3663	2.566891e+02	-1.112857e+01	3.727029e+02	3663	-4.531905e-02	0	
3.728047e+02	3664	2.564982e+02	1.841249e+01	3.728047e+02	3664	6.697626e-02	0	
3.729064e+02	3665	2.449400e+02	-1.562905e+01	3.729064e+02	3665	-6.815658e-02	0	
3.730082e+02	3666	2.548942e+02	-1.262887e+00	3.730082e+02	3666	-4.979224e-03	0	
3.731099e+02	3667	2.050416e+02	-2.100119e+01	3.731099e+02	3667	-1.141118e-01	0	
3.732117e+02	3668	2.448647e+02	-3.450403e+01	3.732117e+02	3668	-1.640232e-01	0	
3.733134e+02	3669	2.628774e+02	-6.615208e+00	3.733134e+02	3669	-2.581422e-02	0	
3.734152e+02	3670	2.722774e+02	-6.347870e+00	3.734152e+02	3670	-2.387050e-02	0	
3.735169e+02	3671	2.404570e+02	-1.453187e+01	3.735169e+02	3671	-6.432162e-02	0	
3.736187e+02	3672	2.736729e+02	7.287575e+00	3.736187e+02	3672	2.593808e-02	0	
3.737204e+02	3673	2.608622e+02	1.879986e+01	3.737204e+02	3673	6.722349e-02	0	
3.738222e+02	3674	2.638321e+02	1.240754e+01	3.738222e+02	3674	4.491586e-02	0	
3.739239e+02	3675	2.756130e+02	8.769933e+00	3.739239e+02	3675	3.083846e-02	0	
3.740256e+02	3676	2.640202e+02	1.238404e+01	3.740256e+02	3676	4.480409e-02	0	
3.741274e+02	3677	2.585146e+02	-2.140748e+00	3.741274e+02	3677	-8.350103e-03	0	
3.742291e+02	3678	2.937506e+02	-1.585306e+01	3.742291e+02	3678	-5.704642e-02	0	
3.743309e+02	3679	3.111037e+02	-1.578050e+01	3.743309e+02	3679	-5.343468e-02	0	
3.744326e+02	3680	3.156088e+02	-1.731845e+01	3.744326e+02	3680	-5.805904e-02	0	
3.745344e+02	3681	3.137104e+02	-1.909604e+01	3.745344e+02	3681	-6.481707e-02	0	
3.746361e+02	3682	2.680957e+02	-2.110423e+01	3.746361e+02	3682	-8.544518e-02	0	
3.747379e+02	3683	2.721514e+02	-1.933742e+01	3.747379e+02	3683	-7.648873e-02	0	
3.748396e+02	3684	2.693118e+02	-2.447873e+01	3.748396e+02	3684	-9.998131e-02	0	
3.749414e+02	3685	2.291820e+02	-1.701597e+01	3.749414e+02	3685	-8.020120e-02	0	
3.750431e+02	3686	2.487141e+02	-3.738603e+01	3.750431e+02	3686	-1.769099e-01	0	
3.751449e+02	3687	2.900316e+02	-1.992461e+01	3.751449e+02	3687	-7.376562e-02	0	
3.752466e+02	3688	2.659668e+02	-1.352466e+01	3.752466e+02	3688	-5.357529e-02	0	
3.753484e+02	3689	2.111249e+02	-2.160673e+01	3.753484e+02	3689	-1.140088e-01	0	
3.754501e+02	3690	2.466213e+02	-1.506117e+01	3.754501e+02	3690	-6.504216e-02	0	
3.755519e+02	3691	2.236304e+02	-1.219905e+01	3.755519e+02	3691	-5.769745e-02	0	
3.756536e+02	3692	2.089169e+02	-4.353748e+01	3.756536e+02	3692	-2.632581e-01	0	
3.757554e+02	3693	2.189131e+02	-1.702667e+01	3.757554e+02	3693	-8.433786e-02	0	
3.758571e+02	3694	2.281399e+02	-1.732374e+01	3.758571e+02	3694	-8.217463e-02	0	
3.759589e+02	3695	2.105784e+02	-9.574421e+00	3.759589e+02	3695	-4.763299e-02	0	
3.760606e+02	3696	2.097440e+02	-1.849175e+01	3.760606e+02	3696	-9.668775e-02	0	
3.761624e+02	3697	2.453036e+02	-5.865055e+00	3.761624e+02	3697	-2.449503e-02	0	
3.762641e+02	3698	2.151820e+02	-1.706204e+01	3.762641e+02	3698	-8.611974e-02	0	
3.763659e+02	3699	2.459574e+02	5.248970e+00	3.763659e+02	3699	2.089505e-02	0	
3.764676e+02	3700	2.356248e+02	-8.925978e+00	3.764676e+02	3700	-3.937373e-02	0	
3.765693e+02	3701	2.553302e+02	4.341747e+00	3.765693e+02	3701	1.672012e-02	0	
3.766711e+02	3702	2.598164e+02	-6.399259e+00	3.766711e+02	3702	-2.525188e-02	0	
3.767728e+02	3703	2.721332e+02	-7.034878e+00	3.767728e+02	3703	-2.653686e-02	0	
3.768746e+02	3704	2.407343e+02	6.817735e+00	3.768746e+02	3704	2.754061e-02	0	
3.769763e+02	3705	2.608628e+02	8.203517e+00	3.769763e+02	3705	3.048883e-02	0	
3.770781e+02	3706	2.554538e+02	1.616322e-01	3.770781e+02	3706	6.323257e-04	0	
3.771798e+02	3707	2.462091e+02	5.464176e+00	3.771798e+02	3707	2.171139e-02	0	
3.772816e+02	3708	2.457182e+02	1.027881e+01	3.772816e+02	3708	4.015207e-02	0	
3.773833e+02	3709	2.925318e+02	-1.609223e+01	3.773833e+02	3709	-5.821247e-02	0	
3.774851e+02	3710	2.648826e+02	-7.990671e+00	3.774851e+02	3710	-3.110519e-02	0	
3.775868e+02	3711	2.734797e+02	-6.662432e+00	3.775868e+02	3711	-2.497002e-02	0	
3.776886e+02	3712	2.899630e+02	-2.858558e+01	3.776886e+02	3712	-1.093651e-01	0	
3.777903e+02	3713	3.180499e+02	-9.731473e+00	3.777903e+02	3713	-3.156306e-02	0	
3.778921e+02	3714	2.965933e+02	-7.664432e-01	3.778921e+02	3714	-2.590851e-03	0	
3.779938e+02	3715	2.953222e+02	-1.036158e+01	3.779938e+02	3715	-3.636145e-02	0	
3.780956e+02	3716	2.691475e+02	1.054894e+01	3.780956e+02	3716	3.771567e-02	0	
3.781973e+02	3717	2.786578e+02	6.076804e+00	3.781973e+02	3717	2.134199e-02	0	
3.782991e+02	3718	2.580866e+02	1.394724e+01	3.782991e+02	3718	5.127024e-02	0	
3.784008e+02	3719	2.691820e+02	6.966278e+00	3.784008e+02	3719	2.522658e-02	0	
3.785026e+02	3720	2.745203e+02	1.271062e+01	3.785026e+02	3720	4.425227e-02	0	
3.786043e+02	3721	2.448625e+02	1.374549e+01	3.786043e+02	3721	5.315184e-02	0	
3.787061e+02	3722	2.759677e+02	9.190258e+00	3.787061e+02	3722	3.222866e-02	0	
3.788078e+02	3723	2.803052e+02	4.478650e+00	3.788078e+02	3723	1.572649e-02	0	
3.789096e+02	3724	2.578449e+02	1.629719e+01	3.789096e+02	3724	5.944797e-02	0	
3.790113e+02	3725	2.175975e+02	1.859022e+01	3.790113e+02	3725	7.870951e-02	0	
3.791130e+02	3726	2.471930e+02	1.459950e+01	3.791130e+02	3726	5.576745e-02	0	
3.792148e+02	3727	2.554519e+02	2.971564e+00	3.792148e+02	3727	1.149882e-02	0	
3.793165e+02	3728	2.557058e+02	1.220409e+01	3.793165e+02	3728	4.555297e-02	0	
3.794183e+02	3729	2.763277e+02	2.102493e+01	3.794183e+02	3729	7.070706e-02	0	
3.795200e+02	3730	2.492507e+02	1.895784e+00	3.795200e+02	3730	7.548519e-03	0	
3.796218e+02	3731	2.756913e+02	1.201326e+01	3.796218e+02	3731	4.175554e-02	0	
3.797235e+02	3732	2.775375e+02	2.134204e+01	3.797235e+02	3732	7.140683e-02	0	
3.798253e+02	3733	2.601913e+02	-1.878283e+01	3.798253e+02	3733	-7.780518e-02	0	
3.799270e+02	3734	2.564134e+02	7.030369e+00	3.799270e+02	3734	2.668641e-02	0	
3.800288e+02	3735	2.565466e+02	-2.357129e+01	3.800288e+02	3735	-1.011751e-01	0	
3.801305e+02	3736	2.271192e+02	-1.738163e+01	3.801305e+02	3736	-8.287323e-02	0	
3.802323e+02	3737	2.659025e+02	-1.974776e+01	3.802323e+02	3737	-8.022498e-02	0	
3.803340e+02	3738	2.509603e+02	-2.653463e+01	3.803340e+02	3738	-1.182335e-01	0	
3.804358e+02	3739	2.757213e+02	-2.518059e+01	3.804358e+02	3739	-1.005050e-01	0	
3.805375e+02	3740	2.774066e+02	-1.496494e+01	3.805375e+02	3740	-5.702197e-02	0	
3.806393e+02	3741	2.905700e+02	-2.048868e+01	3.806393e+02	3741	-7.586115e-02	0	
3.807410e+02	3742	2.745804e+02	1.064996e+01	3.807410e+02	3742	3.733810e-02	0	
3.808428e+02	3743	2.650038e+02	1.331631e+01	3.808428e+02	3743	4.784530e-02	0	
3.809445e+02	3744	2.770763e+02	-1.960884e+01	3.809445e+02	3744	-7.616046e-02	0	
3.810463e+02	3745	2.849800e+02	1.992185e+01	3.810463e+02	3745	6.533857e-02	0	
3.811480e+02	3746	2.892828e+02	1.359573e+01	3.811480e+02	3746	4.488839e-02	0	
3.812498e+02	3747	2.514931e+02	1.425724e+01	3.812498e+02	3747	5.364900e-02	0	
3.813515e+02	3748	2.725160e+02	2.147247e+01	3.813515e+02	3748	7.303848e-02	0	
3.814533e+02	3749	2.484334e+02	1.602090e+01	3.814533e+02	3749	6.058098e-02	0	
3.815550e+02	3750	2.819686e+02	7.383159e+00	3.815550e+02	3750	2.551621e-02	0	
3.816567e+02	3751	2.620065e+02	-1.451925e+00	3.816567e+02	3751	-5.572441e-03	0	
3.817585e+02	3752	2.539317e+02	7.698698e+00	3.817585e+02	3752	2.942585e-02	0	
3.818602e+02	3753	2.434097e+02	7.327411e+00	3.818602e+02	3753	2.922348e-02	0	
3.819620e+02	3754	2.328879e+02	7.451693e+00	3.819620e+02	3754	3.100485e-02	0	
3.820637e+02	3755	2.583983e+02	-1.841149e+00	3.820637e+02	3755	-7.176370e-03	0	
3.821655e+02	3756	2.500511e+02	1.643414e+01	3.821655e+02	3756	6.166998e-02	0	
3.822672e+02	3757	2.573275e+02	-3.972101e+00	3.822672e+02	3757	-1.567798e-02	0	
3.823690e+02	3758	2.535390e+02	-1.321525e+01	3.823690e+02	3758	-5.498936e-02	0	
3.824707e+02	3759	2.552445e+02	1.987176e+00	3.824707e+02	3759	7.725238e-03	0	
3.825725e+02	3760	2.542837e+02	-3.014004e+00	3.825725e+02	3760	-1.199510e-02	0	
3.826742e+02	3761	2.541019e+02	4.842573e+00	3.826742e+02	3761	1.870120e-02	0	
3.827760e+02	3762	2.507054e+02	-9.605075e+00	3.827760e+02	3762	-3.983850e-02	0	
3.828777e+02	3763	2.552673e+02	-4.500865e+00	3.828777e+02	3763	-1.794843e-02	0	
3.829795e+02	3764	2.427659e+02	2.660685e-01	3.829795e+02	3764	1.094788e-03	0	
3.830812e+02	3765	2.462752e+02	-7.126204e+00	3.830812e+02	3765	-2.979818e-02	0	
3.831830e+02	3766	2.572724e+02	-3.270129e+00	3.831830e+02	3766	-1.287441e-02	0	
3.832847e+02	3767	2.592763e+02	-2.618634e+01	3.832847e+02	3767	-1.123443e-01	0	
3.833865e+02	3768	2.487704e+02	-1.704338e-01	3.833865e+02	3768	-6.855745e-04	0	
3.834882e+02	3769	2.499251e+02	-8.686719e+00	3.834882e+02	3769	-3.600886e-02	0	
3.835900e+02	3770	2.551911e+02	-9.015913e+00	3.835900e+02	3770	-3.662397e-02	0	
3.836917e+02	3771	2.561582e+02	-1.658776e+01	3.836917e+02	3771	-6.923959e-02	0	
3.837935e+02	3772	2.214239e+02	-3.090343e+00	3.837935e+02	3772	-1.415423e-02	0	
3.838952e+02	3773	2.665616e+02	-4.873429e+00	3.838952e+02	3773	-1.862304e-02	0	
3.839970e+02	3774	2.609923e+02	-1.936318e+01	3.839970e+02	3774	-8.013595e-02	0	
3.840987e+02	3775	2.800719e+02	-4.474648e-01	3.840987e+02	3775	-1.600235e-03	0	
3.842004e+02	3776	2.566784e+02	-1.718400e+01	3.842004e+02	3776	-7.175116e-02	0	
3.843022e+02	3777	2.801478e+02	1.150432e+01	3.843022e+02	3777	3.944535e-02	0	
3.844039e+02	3778	2.610672e+02	8.548442e+00	3.844039e+02	3778	3.170603e-02	0	
3.845057e+02	3779	2.614749e+02	-5.096804e+00	3.845057e+02	3779	-1.988003e-02	0	
3.846074e+02	3780	2.738756e+02	-3.885318e-01	3.846074e+02	3780	-1.420659e-03	0	
3.847092e+02	3781	2.756043e+02	-6.336932e-01	3.847092e+02	3781	-2.304585e-03	0	
3.848109e+02	3782	2.769005e+02	1.639092e+01	3.848109e+02	3782	5.588612e-02	0	
3.849127e+02	3783	2.404451e+02	-5.386000e-01	3.849127e+02	3783	-2.245041e-03	0	
3.850144e+02	3784	2.222831e+02	1.469650e+01	3.850144e+02	3784	6.201589e-02	0	
3.851162e+02	3785	2.431450e+02	-1.015351e+01	3.851162e+02	3785	-4.357889e-02	0	
3.852179e+02	3786	2.633508e+02	2.278936e+01	3.852179e+02	3786	7.964405e-02	0	
3.853197e+02	3787	2.463748e+02	-8.821834e+00	3.853197e+02	3787	-3.713628e-02	0	
3.854214e+02	3788	2.446584e+02	-8.870519e+00	3.854214e+02	3788	-3.762076e-02	0	
3.855232e+02	3789	2.493480e+02	-1.119456e+01	3.855232e+02	3789	-4.700566e-02	0	
3.856249e+02	3790	2.393814e+02	-1.438430e+01	3.856249e+02	3790	-6.393105e-02	0	
3.857267e+02	3791	2.423809e+02	-4.192059e+00	3.857267e+02	3791	-1.759973e-02	0	
3.858284e+02	3792	2.615089e+02	1.340163e-02	3.858284e+02	3792	5.124469e-05	0	
3.859302e+02	3793	2.564449e+02	-1.996891e+01	3.859302e+02	3793	-8.444371e-02	0	
3.860319e+02	3794	2.527580e+02	-1.452025e+01	3.860319e+02	3794	-6.094857e-02	0	
3.861337e+02	3795	2.564319e+02	-2.373733e+00	3.861337e+02	3795	-9.343266e-03	0	
3.862354e+02	3796	2.511291e+02	-3.112249e+00	3.862354e+02	3796	-1.254854e-02	0	
3.863372e+02	3797	2.558515e+02	5.226625e+00	3.863372e+02	3797	2.001939e-02	0	
3.864389e+02	3798	2.633205e+02	9.038964e+00	3.864389e+02	3798	3.318763e-02	0	
3.865407e+02	3799	2.714464e+02	2.833025e+00	3.865407e+02	3799	1.032897e-02	0	
3.866424e+02	3800	2.064941e+02	2.448633e+01	3.866424e+02	3800	1.060104e-01	0	
3.867441e+02	3801	2.457462e+02	-1.361260e+01	3.867441e+02	3801	-5.864123e-02	0	
3.868459e+02	3802	2.366157e+02	1.188433e+01	3.868459e+02	3802	4.782426e-02	0	
3.869476e+02	3803	2.095684e+02	2.144953e+01	3.869476e+02	3803	9.284790e-02	0	
3.870494e+02	3804	2.483810e+02	-1.371554e+01	3.870494e+02	3804	-5.844720e-02	0	
3.871511e+02	3805	2.374291e+02	-9.641484e+00	3.871511e+02	3805	-4.232664e-02	0	
3.872529e+02	3806	2.424026e+02	-1.330778e+01	3.872529e+02	3806	-5.808852e-02	0	
3.873546e+02	3807	2.456389e+02	-2.022307e+01	3.873546e+02	3807	-8.971451e-02	0	
3.874564e+02	3808	2.399308e+02	-5.223926e+00	3.874564e+02	3808	-2.225723e-02	0	
3.875581e+02	3809	2.588534e+02	-2.216191e+01	3.875581e+02	3809	-9.363205e-02	0	
3.876599e+02	3810	2.433130e+02	-1.598372e+01	3.876599e+02	3810	-7.031087e-02	0	
3.877616e+02	3811	2.522071e+02	-7.126862e+00	3.877616e+02	3811	-2.907971e-02	0	
3.878634e+02	3812	2.242343e+02	-2.247935e+01	3.878634e+02	3812	-1.114191e-01	0	
3.879651e+02	3813	2.419050e+02	-1.064776e+01	3.879651e+02	3813	-4.604293e-02	0	
3.880669e+02	3814	2.390181e+02	-2.348766e+01	3.880669e+02	3814	-1.089761e-01	0	
3.881686e+02	3815	2.252669e+02	-2.301986e+01	3.881686e+02	3815	-1.138205e-01	0	
3.882704e+02	3816	2.349818e+02	-1.097008e+01	3.882704e+02	3816	-4.897101e-02	0	
3.883721e+02	3817	2.408516e+02	-7.965953e+00	3.883721e+02	3817	-3.420543e-02	0	
3.884739e+02	3818	2.410265e+02	-1.391559e+01	3.884739e+02	3818	-6.127222e-02	0	
3.885756e+02	3819	2.509228e+02	-1.802701e+00	3.885756e+02	3819	-7.236273e-03	0	
3.886774e+02	3820	2.457058e+02	-1.030169e+01	3.886774e+02	3820	-4.376173e-02	0	
3.887791e+02	3821	2.311103e+02	8.216024e+00	3.887791e+02	3821	3.432980e-02	0	
3.888809e+02	3822	2.318628e+02	-3.034735e+00	3.888809e+02	3822	-1.326208e-02	0	
3.889826e+02	3823	2.244247e+02	2.013553e+01	3.889826e+02	3823	8.233362e-02	0	
3.890844e+02	3824	2.176339e+02	-6.455003e+00	3.890844e+02	3824	-3.056652e-02	0	
3.891861e+02	3825	2.313824e+02	-8.218235e-01	3.891861e+02	3825	-3.564458e-03	0	
3.892878e+02	3826	2.164282e+02	9.920974e+00	3.892878e+02	3826	4.383040e-02	0	
3.893896e+02	3827	2.238449e+02	9.111313e+00	3.893896e+02	3827	3.911170e-02	0	
3.894913e+02	3828	2.254702e+02	-1.341263e+01	3.894913e+02	3828	-6.324995e-02	0	
3.895931e+02	3829	2.643170e+02	1.409250e+01	3.895931e+02	3829	5.061788e-02	0	
3.896948e+02	3830	2.609396e+02	-9.430909e+00	3.896948e+02	3830	-3.749735e-02	0	
3.897966e+02	3831	2.566364e+02	-1.354194e+01	3.897966e+02	3831	-5.570649e-02	0	
3.898983e+02	3832	2.527218e+02	1.638201e+01	3.898983e+02	3832	6.087617e-02	0	
3.900001e+02	3833	2.507642e+02	-1.273615e+01	3.900001e+02	3833	-5.350693e-02	0	
3.901018e+02	3834	2.546404e+02	-2.078973e+00	3.901018e+02	3834	-8.231554e-03	0	
3.902036e+02	3835	2.544574e+02	-3.306502e+00	3.902036e+02	3835	-1.316540e-02	0	
3.903053e+02	3836	2.528614e+02	-3.690925e+00	3.903053e+02	3836	-1.481285e-02	0	
3.904071e+02	3837	2.514289e+02	-7.060449e+00	3.904071e+02	3837	-2.889264e-02	0	
3.905088e+02	3838	2.583850e+02	-1.057126e+01	3.905088e+02	3838	-4.265809e-02	0	
3.906106e+02	3839	2.672330e+02	-1.210978e+01	3.906106e+02	3839	-4.746640e-02	0	
3.907123e+02	3840	2.381268e+02	1.601917e+00	3.907123e+02	3840	6.682207e-03	0	
3.908141e+02	3841	2.137209e+02	-8.521422e+00	3.908141e+02	3841	-4.152750e-02	0	
3.909158e+02	3842	2.465731e+02	-9.640317e+00	3.909158e+02	3842	-4.068798e-02	0	
3.910176e+02	3843	2.213786e+02	6.676389e+00	3.910176e+02	3843	2.927535e-02	0	
3.911193e+02	3844	2.573489e+02	-4.822431e+00	3.911193e+02	3844	-1.909673e-02	0	
3.912211e+02	3845	2.174446e+02	2.563470e+01	3.912211e+02	3845	1.054582e-01	0	
3.913228e+02	3846	2.176626e+02	-1.072688e+01	3.913228e+02	3846	-5.183677e-02	0	
3.914246e+02	3847	2.416634e+02	1.533939e+01	3.914246e+02	3847	5.968569e-02	0	
3.915263e+02	3848	2.348590e+02	7.003659e+00	3.915263e+02	3848	2.895717e-02	0	
3.916281e+02	3849	2.470547e+02	1.960845e+01	3.916281e+02	3849	7.353266e-02	0	
3.917298e+02	3850	2.525625e+02	1.936404e+01	3.917298e+02	3850	7.121056e-02	0	
3.918315e+02	3851	2.222634e+02	1.313585e+01	3.918315e+02	3851	5.580243e-02	0	
3.919333e+02	3852	2.593892e+02	1.486069e+01	3.919333e+02	3852	5.418668e-02	0	
3.920350e+02	3853	2.639107e+02	3.049368e+01	3.920350e+02	3853	1.035775e-01	0	
3.921368e+02	3854	2.554044e+02	3.174573e+01	3.921368e+02	3854	1.105545e-01	0	
3.922385e+02	3855	2.452587e+02	1.238005e+01	3.922385e+02	3855	4.805197e-02	0	
3.923403e+02	3856	2.273210e+02	8.871454e+00	3.923403e+02	3856	3.756028e-02	0	
3.924420e+02	3857	2.599184e+02	2.319850e+01	3.924420e+02	3857	8.193965e-02	0	
3.925438e+02	3858	2.676284e+02	6.991636e+00	3.925438e+02	3858	2.545931e-02	0	
3.926455e+02	3859	2.752105e+02	1.346274e+01	3.926455e+02	3859	4.663661e-02	0	
3.927473e+02	3860	2.741141e+02	-8.855415e+00	3.927473e+02	3860	-3.338407e-02	0	
3.928490e+02	3861	2.646069e+02	1.681059e+01	3.928490e+02	3861	5.973541e-02	0	
3.929508e+02	3862	2.751875e+02	1.149482e+00	3.929508e+02	3862	4.159711e-03	0	
3.930525e+02	3863	3.130310e+02	-1.067268e+00	3.930525e+02	3863	-3.421128e-03	0	
3.931543e+02	3864	2.953428e+02	6.336450e+00	3.931543e+02	3864	2.100393e-02	0	
3.932560e+02	3865	3.016890e+02	-2.485257e+00	3.932560e+02	3865	-8.306236e-03	0	
3.933578e+02	3866	2.952690e+02	-9.785258e+00	3.933578e+02	3866	-3.427606e-02	0	
3.934595e+02	3867	2.844716e+02	9.452673e+00	3.934595e+02	3867	3.216023e-02	0	
3.935613e+02	3868	2.739741e+02	3.676528e+00	3.935613e+02	3868	1.324156e-02	0	
3.936630e+02	3869	2.850423e+02	1.362619e+01	3.936630e+02	3869	4.562313e-02	0	
3.937648e+02	3870	2.735844e+02	-1.225689e+01	3.937648e+02	3870	-4.690241e-02	0	
3.938665e+02	3871	2.766981e+02	-8.749291e-01	3.938665e+02	3871	-3.172065e-03	0	
3.939683e+02	3872	2.484317e+02	1.893251e+00	3.939683e+02	3872	7.563173e-03	0	
3.940700e+02	3873	2.421065e+02	-1.234469e+01	3.940700e+02	3873	-5.372821e-02	0	
3.941718e+02	3874	2.511742e+02	5.827055e+00	3.941718e+02	3874	2.267326e-02	0	
3.942735e+02	3875	2.300942e+02	-8.908147e+00	3.942735e+02	3875	-4.027445e-02	0	
3.943752e+02	3876	2.588966e+02	-3.417995e+01	3.943752e+02	3876	-1.521024e-01	0	
3.944770e+02	3877	2.275024e+02	-2.319191e+01	3.944770e+02	3877	-1.135131e-01	0	
3.945787e+02	3878	2.472343e+02	-6.799956e+00	3.945787e+02	3878	-2.828197e-02	0	
3.946805e+02	3879	2.501718e+02	-1.265764e+01	3.946805e+02	3879	-5.329215e-02	0	
3.947822e+02	3880	2.560198e+02	-9.715549e+00	3.947822e+02	3880	-3.944532e-02	0	
3.948840e+02	3881	2.479334e+02	-7.468935e+00	3.948840e+02	3881	-3.106045e-02	0	
3.949857e+02	3882	1.813288e+02	-3.119411e+01	3.949857e+02	3882	-2.077742e-01	0	
3.950875e+02	3883	2.658227e+02	8.783313e+00	3.950875e+02	3883	3.198514e-02	0	
3.951892e+02	3884	2.555890e+02	1.169762e+01	3.951892e+02	3884	4.376433e-02	0	
3.952910e+02	3885	2.514948e+02	-1.559682e+01	3.952910e+02	3885	-6.611680e-02	0	
3.953927e+02	3886	2.787009e+02	1.680862e-01	3.953927e+02	3886	6.027425e-04	0	
3.954945e+02	3887	2.679490e+02	5.921460e+00	3.954945e+02	3887	2.162139e-02	0	
3.955962e+02	3888	2.502472e+02	-7.200142e-01	3.955962e+02	3888	-2.885514e-03	0	
3.956980e+02	3889	2.515681e+02	-2.800993e+00	3.956980e+02	3889	-1.125950e-02	0	
3.957997e+02	3890	2.842882e+02	1.043455e+01	3.957997e+02	3890	3.540463e-02	0	
3.959015e+02	3891	2.828068e+02	1.808536e+01	3.959015e+02	3891	6.010579e-02	0	
3.960032e+02	3892	2.780040e+02	2.972166e+00	3.960032e+02	3892	1.057800e-02	0	
3.961050e+02	3893	3.045885e+02	9.871468e+00	3.961050e+02	3893	3.139181e-02	0	
3.962067e+02	3894	2.803981e+02	8.626515e+00	3.962067e+02	3894	2.984699e-02	0	
3.963085e+02	3895	2.145197e+02	1.277740e+01	3.963085e+02	3895	5.621453e-02	0	
3.964102e+02	3896	2.336191e+02	-6.472183e+00	3.964102e+02	3896	-2.849338e-02	0	
3.965120e+02	3897	2.201551e+02	2.344876e+01	3.965120e+02	3897	9.625775e-02	0	
3.966137e+02	3898	2.251851e+02	1.019168e+01	3.966137e+02	3898	4.329943e-02	0	
3.967155e+02	3899	2.181785e+02	-8.117133e+00	3.967155e+02	3899	-3.864172e-02	0	
3.968172e+02	3900	2.700386e+02	-1.734426e+00	3.968172e+02	3900	-6.464402e-03	0	
3.969189e+02	3901	2.532359e+02	1.668456e+01	3.969189e+02	3901	6.181288e-02	0	
3.970207e+02	3902	2.847566e+02	-1.205154e+01	3.970207e+02	3902	-4.419258e-02	0	
3.971224e+02	3903	2.521864e+02	-2.698093e+00	3.971224e+02	3903	-1.081451e-02	0	
3.972242e+02	3904	2.530145e+02	-9.866438e+00	3.972242e+02	3904	-4.057790e-02	0	
3.973259e+02	3905	2.640872e+02	-1.409122e+01	3.973259e+02	3905	-5.636579e-02	0	
3.974277e+02	3906	2.436036e+02	-2.064163e+00	3.974277e+02	3906	-8.545863e-03	0	
3.975294e+02	3907	2.695893e+02	-7.144920e+00	3.975294e+02	3907	-2.722451e-02	0	
3.976312e+02	3908	2.388689e+02	2.039565e+00	3.976312e+02	3908	8.466141e-03	0	
3.977329e+02	3909	2.601714e+02	-7.596183e+00	3.977329e+02	3909	-3.007493e-02	0	
3.978347e+02	3910	2.449558e+02	6.295984e+00	3.978347e+02	3910	2.505846e-02	0	
3.979364e+02	3911	2.621339e+02	5.672144e+00	3.979364e+02	3911	2.118004e-02	0	
3.980382e+02	3912	2.490409e+02	-5.163683e+00	3.980382e+02	3912	-2.117329e-02	0	
3.981399e+02	3913	2.486111e+02	2.156436e+01	3.981399e+02	3913	7.981613e-02	0	
3.982417e+02	3914	2.499203e+02	1.880985e+00	3.982417e+02	3914	7.470117e-03	0	
3.983434e+02	3915	2.412054e+02	8.083244e+00	3.983434e+02	3915	3.242524e-02	0	
3.984452e+02	3916	2.530298e+02	1.969047e+01	3.984452e+02	3916	7.220024e-02	0	
3.985469e+02	3917	2.421854e+02	3.654277e+01	3.985469e+02	3917	1.311054e-01	0	
3.986487e+02	3918	2.533304e+02	4.207022e+01	3.986487e+02	3918	1.424175e-01	0	
3.987504e+02	3919	2.758379e+02	2.409388e+01	3.987504e+02	3919	8.033120e-02	0	
3.988522e+02	3920	2.423242e+02	3.143760e+01	3.988522e+02	3920	1.148356e-01	0	
3.989539e+02	3921	2.419260e+02	2.495645e+01	3.989539e+02	3921	9.351102e-02	0	
3.990557e+02	3922	2.437588e+02	4.458494e+01	3.990557e+02	3922	1.546243e-01	0	
3.991574e+02	3923	2.178598e+02	4.363960e+01	3.991574e+02	3923	1.668822e-01	0	
3.992592e+02	3924	2.408052e+02	3.123262e+01	3.992592e+02	3924	1.148098e-01	0	
3.993609e+02	3925	2.411604e+02	4.084455e+01	3.993609e+02	3925	1.448363e-01	0	
3.994626e+02	3926	2.178011e+02	4.368274e+01	3.994626e+02	3926	1.670571e-01	0	
3.995644e+02	3927	2.063135e+02	3.677203e+01	3.995644e+02	3927	1.512720e-01	0	
3.996661e+02	3928	2.517036e+02	5.259421e+01	3.996661e+02	3928	1.728380e-01	0	
3.997679e+02	3929	2.547404e+02	4.881517e+01	3.997679e+02	3929	1.608113e-01	0	
3.998696e+02	3930	2.429457e+02	2.596302e+01	3.998696e+02	3930	9.654957e-02	0	
3.999714e+02	3931	2.548794e+02	5.768385e+01	3.999714e+02	3931	1.845510e-01	0	
4.000731e+02	3932	2.374174e+02	3.333564e+01	4.000731e+02	3932	1.231219e-01	0	
4.001749e+02	3933	2.536598e+02	3.345456e+01	4.001749e+02	3933	1.165200e-01	0	
4.002766e+02	3934	2.865663e+02	6.507022e-01	4.002766e+02	3934	2.265542e-03	0	
4.003784e+02	3935	2.863323e+02	2.997597e+00	4.003784e+02	3935	1.036048e-02	0	
4.004801e+02	3936	2.676302e+02	2.537822e+01	4.004801e+02	3936	8.661260e-02	0	
4.005819e+02	3937	3.103881e+02	-1.918741e+01	4.005819e+02	3937	-6.589067e-02	0	
4.006836e+02	3938	2.544416e+02	6.705933e+00	4.006836e+02	3938	2.567871e-02	0	
4.007854e+02	3939	2.490868e+02	-6.487826e+00	4.007854e+02	3939	-2.674301e-02	0	
4.008871e+02	3940	2.552737e+02	7.055036e-01	4.008871e+02	3940	2.756097e-03	0	
4.009889e+02	3941	2.830545e+02	3.702998e+00	4.009889e+02	3941	1.291334e-02	0	
4.010906e+02	3942	2.490857e+02	-6.598039e+00	4.010906e+02	3942	-2.720979e-02	0	
4.011924e+02	3943	2.448196e+02	2.745261e+01	4.011924e+02	3943	1.008278e-01	0	
4.012941e+02	3944	2.462398e+02	3.135858e+01	4.012941e+02	3944	1.129638e-01	0	
4.013959e+02	3945	2.551248e+02	-2.421496e+00	4.013959e+02	3945	-9.582368e-03	0	
4.014976e+02	3946	2.552074e+02	1.714036e+01	4.014976e+02	3946	6.293556e-02	0	
4.015994e+02	3947	2.376109e+02	3.079318e+01	4.015994e+02	3947	1.147269e-01	0	
4.017011e+02	3948	2.523585e+02	1.242010e+01	4.017011e+02	3948	4.690749e-02	0	
4.018029e+02	3949	2.428135e+02	4.015737e+01	4.018029e+02	3949	1.419134e-01	0	
4.019046e+02	3950	2.859244e+02	-3.739224e-01	4.019046e+02	3950	-1.309479e-03	0	
4.020063e+02	3951	2.526296e+02	4.304226e+00	4.020063e+02	3951	1.675227e-02	0	
4.021081e+02	3952	2.714437e+02	4.653409e+00	4.021081e+02	3952	1.685425e-02	0	
4.022098e+02	3953	2.750599e+02	-2.023331e-01	4.022098e+02	3953	-7.361380e-04	0	
4.023116e+02	3954	2.638777e+02	1.765759e+01	4.023116e+02	3954	6.271892e-02	0	
4.024133e+02	3955	2.591773e+02	-1.804271e+01	4.024133e+02	3955	-7.482423e-02	0	
4.025151e+02	3956	2.497258e+02	2.118777e+01	4.025151e+02	3956	7.820860e-02	0	
4.026168e+02	3957	2.516333e+02	-9.142305e+00	4.026168e+02	3957	-3.770163e-02	0	
4.027186e+02	3958	2.328264e+02	-1.520279e+00	4.027186e+02	3958	-6.572584e-03	0	
4.028203e+02	3959	2.635539e+02	-1.702251e+01	4.028203e+02	3959	-6.904804e-02	0	
4.029221e+02	3960	2.531908e+02	-1.144456e+01	4.029221e+02	3960	-4.734121e-02	0	
4.030238e+02	3961	2.497408e+02	-5.208763e+00	4.030238e+02	3961	-2.130094e-02	0	
4.031256e+02	3962	2.405305e+02	-1.824535e+01	4.031256e+02	3962	-8.208083e-02	0	
4.032273e+02	3963	2.332151e+02	3.043748e+00	4.032273e+02	3963	1.288311e-02	0	
4.033291e+02	3964	2.371701e+02	5.710213e+00	4.033291e+02	3964	2.351040e-02	0	
4.034308e+02	3965	2.523419e+02	-1.070041e+01	4.034308e+02	3965	-4.428217e-02	0	
4.035326e+02	3966	2.479939e+02	-7.963604e+00	4.035326e+02	3966	-3.317750e-02	0	
4.036343e+02	3967	2.693557e+02	-6.057806e+00	4.036343e+02	3967	-2.300742e-02	0	
4.037361e+02	3968	2.505692e+02	-5.506075e+00	4.037361e+02	3968	-2.246799e-02	0	
4.038378e+02	3969	2.790661e+02	-1.199322e+01	4.038378e+02	3969	-4.490617e-02	0	
4.039396e+02	3970	2.443750e+02	4.402906e+00	4.039396e+02	3970	1.769814e-02	0	
4.040413e+02	3971	2.527363e+02	3.256887e+01	4.040413e+02	3971	1.141545e-01	0	
4.041431e+02	3972	2.872283e+02	-3.832126e+00	4.041431e+02	3972	-1.352215e-02	0	
4.042448e+02	3973	2.887452e+02	-4.462064e-01	4.042448e+02	3973	-1.547721e-03	0	
4.043466e+02	3974	2.732309e+02	1.700625e+00	4.043466e+02	3974	6.185631e-03	0	
4.044483e+02	3975	2.838579e+02	-6.619118e+00	4.044483e+02	3975	-2.387515e-02	0	
4.045500e+02	3976	2.792402e+02	-1.446040e-01	4.045500e+02	3976	-5.181164e-04	0	
4.046518e+02	3977	2.889651e+02	-1.475215e+01	4.046518e+02	3977	-5.379815e-02	0	
4.047535e+02	3978	2.871142e+02	-1.053115e+01	4.047535e+02	3978	-3.807591e-02	0	
4.048553e+02	3979	2.757749e+02	1.052737e+00	4.048553e+02	3979	3.802861e-03	0	
4.049570e+02	3980	2.648975e+02	-2.038987e+01	4.049570e+02	3980	-8.339155e-02	0	
4.050588e+02	3981	2.917265e+02	2.633737e+00	4.050588e+02	3981	8.947326e-03	0	
4.051605e+02	3982	2.900586e+02	1.772133e+00	4.051605e+02	3982	6.072469e-03	0	
4.052623e+02	3983	2.402645e+02	-2.613154e+01	4.052623e+02	3983	-1.220342e-01	0	
4.053640e+02	3984	2.502277e+02	-2.589093e+01	4.053640e+02	3984	-1.154110e-01	0	
4.054658e+02	3985	2.443690e+02	-5.095235e+01	4.054658e+02	3985	-2.634331e-01	0	
4.055675e+02	3986	2.696779e+02	-2.069156e+01	4.055675e+02	3986	-8.310319e-02	0	
4.056693e+02	3987	2.465905e+02	9.422548e+00	4.056693e+02	3987	3.680495e-02	0	
4.057710e+02	3988	2.379336e+02	9.938358e+00	4.057710e+02	3988	4.009473e-02	0	
4.058728e+02	3989	2.108772e+02	1.865656e+01	4.058728e+02	3989	8.128024e-02	0	
4.059745e+02	3990	2.615185e+02	2.539739e+01	4.059745e+02	3990	8.851859e-02	0	
4.060763e+02	3991	2.378649e+02	-1.159597e+01	4.060763e+02	3991	-5.124862e-02	0	
4.061780e+02	3992	2.570989e+02	-9.837044e-01	4.061780e+02	3992	-3.840867e-03	0	
4.062798e+02	3993	2.514122e+02	1.935116e+00	4.062798e+02	3993	7.638194e-03	0	
4.063815e+02	3994	2.292880e+02	4.450911e+00	4.063815e+02	3994	1.904223e-02	0	
4.064833e+02	3995	2.436768e+02	-1.472426e+01	4.064833e+02	3995	-6.431141e-02	0	
4.065850e+02	3996	2.657350e+02	-4.529841e+00	4.065850e+02	3996	-1.734208e-02	0	
4.066868e+02	3997	2.363348e+02	4.914322e+00	4.066868e+02	3997	2.037032e-02	0	
4.067885e+02	3998	2.563624e+02	3.148808e+00	4.067885e+02	3998	1.213361e-02	0	
4.068903e+02	3999	2.456448e+02	-6.330110e+00	4.068903e+02	3999	-2.645099e-02	0	
4.069920e+02	4000	2.520087e+02	-9.473790e+00	4.069920e+02	4000	-3.906155e-02	0	
