time at 532nm	frame at 532nm	I_1 at 532nm(counts)	I_2 at 532nm(counts)	time at 532nm	frame at 532nm	FRET_1>2	discr.FRET_1>2	
1.017480e-01	1	1.256974e+02	4.172236e+02	1.017480e-01	1	7.684794e-01	7.000000e-01	
2.034960e-01	2	1.256974e+02	4.172236e+02	2.034960e-01	2	7.684794e-01	7.000000e-01	
3.052440e-01	3	1.351728e+02	3.971782e+02	3.052440e-01	3	7.460833e-01	7.000000e-01	
4.069920e-01	4	1.330752e+02	3.719829e+02	4.069920e-01	4	7.365151e-01	7.000000e-01	
5.087400e-01	5	1.302380e+02	3.244699e+02	5.087400e-01	5	7.135788e-01	7.000000e-01	
6.104880e-01	6	1.312669e+02	3.255686e+02	6.104880e-01	6	7.126605e-01	7.000000e-01	
7.122360e-01	7	1.259915e+02	3.665211e+02	7.122360e-01	7	7.441862e-01	7.000000e-01	
8.139840e-01	8	1.255917e+02	3.064688e+02	8.139840e-01	8	7.093192e-01	7.000000e-01	
9.157320e-01	9	1.390333e+02	3.535689e+02	9.157320e-01	9	7.177575e-01	7.000000e-01	
1.017480e+00	10	1.025315e+02	3.104752e+02	1.017480e+00	10	7.517437e-01	7.000000e-01	
1.119228e+00	11	1.280094e+02	3.159951e+02	1.119228e+00	11	7.116935e-01	7.000000e-01	
1.220976e+00	12	1.200452e+02	3.194298e+02	1.220976e+00	12	7.268441e-01	7.000000e-01	
1.322724e+00	13	1.259573e+02	3.389325e+02	1.322724e+00	13	7.290599e-01	7.000000e-01	
1.424472e+00	14	1.223968e+02	3.233278e+02	1.424472e+00	14	7.253981e-01	7.000000e-01	
1.526220e+00	15	9.336981e+01	3.270713e+02	1.526220e+00	15	7.779242e-01	7.000000e-01	
1.627968e+00	16	1.182107e+02	3.614557e+02	1.627968e+00	16	7.535564e-01	7.000000e-01	
1.729716e+00	17	1.022137e+02	3.855123e+02	1.729716e+00	17	7.904280e-01	7.000000e-01	
1.831464e+00	18	1.180332e+02	3.817866e+02	1.831464e+00	18	7.638485e-01	7.000000e-01	
1.933212e+00	19	1.271782e+02	3.170066e+02	1.933212e+00	19	7.136818e-01	7.000000e-01	
2.034960e+00	20	1.276955e+02	3.808621e+02	2.034960e+00	20	7.489065e-01	7.000000e-01	
2.136708e+00	21	1.115312e+02	3.773402e+02	2.136708e+00	21	7.718598e-01	7.000000e-01	
2.238456e+00	22	1.291983e+02	3.671172e+02	2.238456e+00	22	7.396851e-01	7.000000e-01	
2.340204e+00	23	1.475815e+02	3.488272e+02	2.340204e+00	23	7.027016e-01	7.000000e-01	
2.441952e+00	24	1.143828e+02	3.614379e+02	2.441952e+00	24	7.596094e-01	7.000000e-01	
2.543700e+00	25	1.047404e+02	4.174813e+02	2.543700e+00	25	7.994331e-01	7.000000e-01	
2.645448e+00	26	1.076376e+02	3.588471e+02	2.645448e+00	26	7.692580e-01	7.000000e-01	
2.747196e+00	27	7.915763e+01	3.272866e+02	2.747196e+00	27	8.052436e-01	7.000000e-01	
2.848944e+00	28	1.239675e+02	3.079015e+02	2.848944e+00	28	7.129511e-01	7.000000e-01	
2.950692e+00	29	1.132913e+02	3.036545e+02	2.950692e+00	29	7.282829e-01	7.000000e-01	
3.052440e+00	30	1.132905e+02	3.095459e+02	3.052440e+00	30	7.320701e-01	7.000000e-01	
3.154188e+00	31	1.308128e+02	3.054678e+02	3.154188e+00	31	7.001636e-01	7.000000e-01	
3.255936e+00	32	1.030915e+02	3.397769e+02	3.255936e+00	32	7.672187e-01	7.000000e-01	
3.357684e+00	33	1.072945e+02	3.082583e+02	3.357684e+00	33	7.418030e-01	7.000000e-01	
3.459432e+00	34	1.121422e+02	3.016811e+02	3.459432e+00	34	7.290095e-01	7.000000e-01	
3.561180e+00	35	1.093626e+02	3.021761e+02	3.561180e+00	35	7.342593e-01	7.000000e-01	
3.662928e+00	36	1.197385e+02	2.954817e+02	3.662928e+00	36	7.116265e-01	7.000000e-01	
3.764676e+00	37	1.113684e+02	3.025124e+02	3.764676e+00	37	7.309167e-01	7.000000e-01	
3.866424e+00	38	1.101719e+02	2.949720e+02	3.866424e+00	38	7.280672e-01	7.000000e-01	
3.968172e+00	39	1.251509e+02	3.078993e+02	3.968172e+00	39	7.110014e-01	7.000000e-01	
4.069920e+00	40	1.085912e+02	2.895760e+02	4.069920e+00	40	7.272724e-01	7.000000e-01	
4.171668e+00	41	1.101781e+02	3.021887e+02	4.171668e+00	41	7.328153e-01	7.000000e-01	
4.273416e+00	42	9.765704e+01	2.673331e+02	4.273416e+00	42	7.324392e-01	7.000000e-01	
4.375164e+00	43	1.166742e+02	3.023301e+02	4.375164e+00	43	7.215441e-01	7.000000e-01	
4.476912e+00	44	1.243227e+02	3.174491e+02	4.476912e+00	44	7.185816e-01	7.000000e-01	
4.578660e+00	45	1.223896e+02	2.960401e+02	4.578660e+00	45	7.075026e-01	7.000000e-01	
4.680408e+00	46	1.366597e+02	3.233818e+02	4.680408e+00	46	7.029405e-01	7.000000e-01	
4.782156e+00	47	1.272938e+02	3.077875e+02	4.782156e+00	47	7.074253e-01	7.000000e-01	
4.883904e+00	48	1.033684e+02	3.044139e+02	4.883904e+00	48	7.465108e-01	7.000000e-01	
4.985652e+00	49	1.018836e+02	3.111076e+02	4.985652e+00	49	7.533032e-01	7.000000e-01	
5.087400e+00	50	9.936523e+01	3.040181e+02	5.087400e+00	50	7.536705e-01	7.000000e-01	
5.189148e+00	51	1.004010e+02	3.032678e+02	5.189148e+00	51	7.512788e-01	7.000000e-01	
5.290896e+00	52	9.501056e+01	3.003005e+02	5.290896e+00	52	7.596562e-01	7.000000e-01	
5.392644e+00	53	1.059128e+02	3.055057e+02	5.392644e+00	53	7.425668e-01	7.000000e-01	
5.494392e+00	54	9.665695e+01	3.104031e+02	5.494392e+00	54	7.625487e-01	7.000000e-01	
5.596140e+00	55	1.148691e+02	3.318296e+02	5.596140e+00	55	7.428488e-01	7.000000e-01	
5.697888e+00	56	1.014631e+02	3.044320e+02	5.697888e+00	56	7.500263e-01	7.000000e-01	
5.799636e+00	57	1.032164e+02	3.095537e+02	5.799636e+00	57	7.499422e-01	7.000000e-01	
5.901384e+00	58	1.007158e+02	3.135652e+02	5.901384e+00	58	7.568901e-01	7.000000e-01	
6.003132e+00	59	9.587304e+01	3.446969e+02	6.003132e+00	59	7.823886e-01	7.000000e-01	
6.104880e+00	60	1.152769e+02	3.318902e+02	6.104880e+00	60	7.422062e-01	7.000000e-01	
6.206628e+00	61	9.707511e+01	3.137125e+02	6.206628e+00	61	7.636854e-01	7.000000e-01	
6.308376e+00	62	1.054706e+02	3.049297e+02	6.308376e+00	62	7.430055e-01	7.000000e-01	
6.410124e+00	63	1.117550e+02	3.106680e+02	6.410124e+00	63	7.354429e-01	7.000000e-01	
6.511872e+00	64	1.068214e+02	3.139747e+02	6.511872e+00	64	7.461445e-01	7.000000e-01	
6.613620e+00	65	1.131905e+02	3.287858e+02	6.613620e+00	65	7.438992e-01	7.000000e-01	
6.715368e+00	66	1.042865e+02	3.160670e+02	6.715368e+00	66	7.519076e-01	7.000000e-01	
6.817116e+00	67	1.017745e+02	3.246676e+02	6.817116e+00	67	7.613404e-01	7.000000e-01	
6.918864e+00	68	1.055312e+02	3.193106e+02	6.918864e+00	68	7.515988e-01	7.000000e-01	
7.020612e+00	69	1.044680e+02	3.263899e+02	7.020612e+00	69	7.575349e-01	7.000000e-01	
7.122360e+00	70	1.104870e+02	3.116511e+02	7.122360e+00	70	7.382681e-01	7.000000e-01	
7.224108e+00	71	1.233888e+02	3.070098e+02	7.224108e+00	71	7.133151e-01	7.000000e-01	
7.325856e+00	72	1.124105e+02	3.137366e+02	7.325856e+00	72	7.362167e-01	7.000000e-01	
7.427604e+00	73	1.050564e+02	3.108232e+02	7.427604e+00	73	7.473875e-01	7.000000e-01	
7.529352e+00	74	1.132581e+02	3.237451e+02	7.529352e+00	74	7.408300e-01	7.000000e-01	
7.631100e+00	75	8.126338e+01	3.182333e+02	7.631100e+00	75	7.965856e-01	7.000000e-01	
7.732848e+00	76	1.079874e+02	3.222205e+02	7.732848e+00	76	7.489879e-01	7.000000e-01	
7.834596e+00	77	1.009512e+02	2.793822e+02	7.834596e+00	77	7.345718e-01	7.000000e-01	
7.936344e+00	78	1.019435e+02	3.247840e+02	7.936344e+00	78	7.611040e-01	7.000000e-01	
8.038092e+00	79	8.367417e+01	3.566424e+02	8.038092e+00	79	8.099682e-01	7.000000e-01	
8.139840e+00	80	1.014971e+02	2.878355e+02	8.139840e+00	80	7.393049e-01	7.000000e-01	
8.241588e+00	81	1.057225e+02	2.857756e+02	8.241588e+00	81	7.299540e-01	7.000000e-01	
8.343336e+00	82	9.401111e+01	2.888923e+02	8.343336e+00	82	7.544783e-01	7.000000e-01	
8.445084e+00	83	1.101689e+02	2.989096e+02	8.445084e+00	83	7.306901e-01	7.000000e-01	
8.546832e+00	84	1.019489e+02	2.629000e+02	8.546832e+00	84	7.205723e-01	7.000000e-01	
8.648580e+00	85	1.161703e+02	2.791649e+02	8.648580e+00	85	7.061473e-01	7.000000e-01	
8.750328e+00	86	1.062051e+02	3.421949e+02	8.750328e+00	86	7.631465e-01	7.000000e-01	
8.852076e+00	87	1.100571e+02	3.363424e+02	8.852076e+00	87	7.534560e-01	7.000000e-01	
8.953824e+00	88	1.164813e+02	2.833099e+02	8.953824e+00	88	7.086447e-01	7.000000e-01	
9.055572e+00	89	1.435436e+02	2.795628e+02	9.055572e+00	89	6.607388e-01	7.000000e-01	
9.157320e+00	90	1.269455e+02	2.795649e+02	9.157320e+00	90	6.877189e-01	7.000000e-01	
9.259068e+00	91	1.071885e+02	2.842280e+02	9.259068e+00	91	7.261523e-01	7.000000e-01	
9.360816e+00	92	1.242761e+02	2.779997e+02	9.360816e+00	92	6.910674e-01	7.000000e-01	
9.462564e+00	93	1.301593e+02	2.783649e+02	9.462564e+00	93	6.813915e-01	7.000000e-01	
9.564312e+00	94	1.192587e+02	2.642211e+02	9.564312e+00	94	6.890092e-01	7.000000e-01	
9.666060e+00	95	1.192593e+02	2.736813e+02	9.666060e+00	95	6.964953e-01	7.000000e-01	
9.767808e+00	96	1.166401e+02	2.834647e+02	9.767808e+00	96	7.084761e-01	7.000000e-01	
9.869556e+00	97	1.153717e+02	2.814078e+02	9.869556e+00	97	7.092297e-01	7.000000e-01	
9.971304e+00	98	9.652620e+01	2.760573e+02	9.971304e+00	98	7.409273e-01	7.000000e-01	
1.007305e+01	99	1.002131e+02	2.191470e+02	1.007305e+01	99	6.862066e-01	7.000000e-01	
1.017480e+01	100	8.170777e+01	2.632861e+02	1.017480e+01	100	7.631617e-01	7.000000e-01	
1.027655e+01	101	1.021719e+02	2.235735e+02	1.027655e+01	101	6.863443e-01	7.000000e-01	
1.037830e+01	102	1.002131e+02	2.191469e+02	1.037830e+01	102	6.862065e-01	7.000000e-01	
1.048004e+01	103	1.117406e+02	3.221508e+02	1.048004e+01	103	7.424687e-01	7.000000e-01	
1.058179e+01	104	1.153237e+02	3.404442e+02	1.058179e+01	104	7.469684e-01	7.000000e-01	
1.068354e+01	105	9.085246e+01	2.933038e+02	1.068354e+01	105	7.635013e-01	7.000000e-01	
1.078529e+01	106	1.143910e+02	3.455578e+02	1.078529e+01	106	7.512962e-01	7.000000e-01	
1.088704e+01	107	9.877558e+01	2.896785e+02	1.088704e+01	107	7.457213e-01	7.000000e-01	
1.098878e+01	108	1.134703e+02	3.221689e+02	1.098878e+01	108	7.395315e-01	7.000000e-01	
1.109053e+01	109	1.172541e+02	3.334840e+02	1.109053e+01	109	7.398620e-01	7.000000e-01	
1.119228e+01	110	1.189344e+02	3.301211e+02	1.119228e+01	110	7.351454e-01	7.000000e-01	
1.129403e+01	111	1.116329e+02	3.423051e+02	1.129403e+01	111	7.540790e-01	7.000000e-01	
1.139578e+01	112	1.185397e+02	3.312719e+02	1.139578e+01	112	7.364681e-01	7.000000e-01	
1.149752e+01	113	1.055963e+02	2.980237e+02	1.149752e+01	113	7.383769e-01	7.000000e-01	
1.159927e+01	114	1.033980e+02	3.199824e+02	1.159927e+01	114	7.557799e-01	7.000000e-01	
1.170102e+01	115	1.221375e+02	3.169672e+02	1.170102e+01	115	7.218488e-01	7.000000e-01	
1.180277e+01	116	1.051481e+02	3.319012e+02	1.180277e+01	116	7.594136e-01	7.000000e-01	
1.190452e+01	117	1.135823e+02	2.976269e+02	1.190452e+01	117	7.237846e-01	7.000000e-01	
1.200626e+01	118	9.978514e+01	2.761349e+02	1.200626e+01	118	7.345575e-01	7.000000e-01	
1.210801e+01	119	1.058254e+02	2.876018e+02	1.210801e+01	119	7.310166e-01	7.000000e-01	
1.220976e+01	120	1.012162e+02	2.560858e+02	1.220976e+01	120	7.167209e-01	7.000000e-01	
1.231151e+01	121	1.001233e+02	2.772085e+02	1.231151e+01	121	7.346545e-01	7.000000e-01	
1.241326e+01	122	1.240860e+02	3.182358e+02	1.241326e+01	122	7.194667e-01	7.000000e-01	
1.251500e+01	123	9.738035e+01	2.972724e+02	1.251500e+01	123	7.532505e-01	7.000000e-01	
1.261675e+01	124	9.223547e+01	2.509747e+02	1.261675e+01	124	7.312566e-01	7.000000e-01	
1.271850e+01	125	9.279132e+01	3.093635e+02	1.271850e+01	125	7.692647e-01	7.000000e-01	
1.282025e+01	126	1.049736e+02	2.165775e+02	1.282025e+01	126	6.735399e-01	7.000000e-01	
1.292200e+01	127	1.034913e+02	2.773562e+02	1.292200e+01	127	7.282605e-01	7.000000e-01	
1.302374e+01	128	9.403094e+01	2.110028e+02	1.302374e+01	128	6.917359e-01	7.000000e-01	
1.312549e+01	129	8.484842e+01	1.660773e+02	1.312549e+01	129	6.618584e-01	7.000000e-01	
1.322724e+01	130	1.021290e+02	1.606464e+02	1.322724e+01	130	6.113449e-01	7.000000e-01	
1.332899e+01	131	8.692842e+01	1.962365e+02	1.332899e+01	131	6.930113e-01	7.000000e-01	
1.343074e+01	132	1.206352e+02	2.592610e+02	1.343074e+01	132	6.824522e-01	7.000000e-01	
1.353248e+01	133	9.249661e+01	2.105134e+02	1.353248e+01	133	6.947407e-01	7.000000e-01	
1.363423e+01	134	1.347167e+02	2.692940e+02	1.363423e+01	134	6.665517e-01	7.000000e-01	
1.373598e+01	135	1.332961e+02	2.792837e+02	1.373598e+01	135	6.769204e-01	7.000000e-01	
1.383773e+01	136	1.352533e+02	2.868236e+02	1.383773e+01	136	6.795529e-01	7.000000e-01	
1.393948e+01	137	1.283649e+02	2.746364e+02	1.393948e+01	137	6.814777e-01	7.000000e-01	
1.404122e+01	138	1.214304e+02	2.684060e+02	1.404122e+01	138	6.885093e-01	7.000000e-01	
1.414297e+01	139	1.170818e+02	3.290912e+02	1.414297e+01	139	7.375865e-01	7.000000e-01	
1.424472e+01	140	1.269692e+02	2.997090e+02	1.424472e+01	140	7.024240e-01	7.000000e-01	
1.434647e+01	141	1.090722e+02	3.135638e+02	1.434647e+01	141	7.419240e-01	7.000000e-01	
1.444822e+01	142	1.273207e+02	3.054575e+02	1.444822e+01	142	7.058061e-01	7.000000e-01	
1.454996e+01	143	9.596479e+01	3.348395e+02	1.454996e+01	143	7.772427e-01	7.000000e-01	
1.465171e+01	144	1.298641e+02	3.019524e+02	1.465171e+01	144	6.992609e-01	7.000000e-01	
1.475346e+01	145	1.354066e+02	2.827328e+02	1.475346e+01	145	6.761688e-01	7.000000e-01	
1.485521e+01	146	1.416323e+02	2.818320e+02	1.485521e+01	146	6.655390e-01	7.000000e-01	
1.495696e+01	147	8.812992e+01	3.264418e+02	1.495696e+01	147	7.874194e-01	7.000000e-01	
1.505870e+01	148	1.249705e+02	3.091662e+02	1.505870e+01	148	7.121402e-01	7.000000e-01	
1.516045e+01	149	7.976955e+01	3.550323e+02	1.516045e+01	149	8.165382e-01	7.000000e-01	
1.526220e+01	150	8.698622e+01	3.451108e+02	1.526220e+01	150	7.986882e-01	7.000000e-01	
1.536395e+01	151	1.087336e+02	3.319997e+02	1.536395e+01	151	7.532893e-01	7.000000e-01	
1.546570e+01	152	1.175106e+02	3.599086e+02	1.546570e+01	152	7.538629e-01	7.000000e-01	
1.556744e+01	153	9.894413e+01	3.342115e+02	1.556744e+01	153	7.715737e-01	7.000000e-01	
1.566919e+01	154	7.998941e+01	3.549341e+02	1.566919e+01	154	8.160840e-01	7.000000e-01	
1.577094e+01	155	8.845804e+01	3.218299e+02	1.577094e+01	155	7.844001e-01	7.000000e-01	
1.587269e+01	156	9.856145e+01	3.212599e+02	1.587269e+01	156	7.652300e-01	7.000000e-01	
1.597444e+01	157	1.030308e+02	3.470425e+02	1.597444e+01	157	7.710800e-01	7.000000e-01	
1.607618e+01	158	9.359014e+01	3.517148e+02	1.607618e+01	158	7.898291e-01	7.000000e-01	
1.617793e+01	159	1.049826e+02	3.308199e+02	1.617793e+01	159	7.591051e-01	7.000000e-01	
1.627968e+01	160	9.902902e+01	3.277960e+02	1.627968e+01	160	7.679868e-01	7.000000e-01	
1.638143e+01	161	1.010196e+02	3.328028e+02	1.638143e+01	161	7.671407e-01	7.000000e-01	
1.648318e+01	162	1.085949e+02	3.373108e+02	1.648318e+01	162	7.564622e-01	7.000000e-01	
1.658492e+01	163	9.299526e+01	3.053606e+02	1.658492e+01	163	7.665523e-01	7.000000e-01	
1.668667e+01	164	1.244538e+02	3.286766e+02	1.668667e+01	164	7.253466e-01	7.000000e-01	
1.678842e+01	165	1.147525e+02	3.025177e+02	1.678842e+01	165	7.249923e-01	7.000000e-01	
1.689017e+01	166	1.193538e+02	3.142275e+02	1.689017e+01	166	7.247257e-01	7.000000e-01	
1.699192e+01	167	1.010562e+02	3.323647e+02	1.699192e+01	167	7.668405e-01	7.000000e-01	
1.709366e+01	168	1.197025e+02	2.885861e+02	1.709366e+01	168	7.068189e-01	7.000000e-01	
1.719541e+01	169	1.246538e+02	2.546555e+02	1.719541e+01	169	6.713663e-01	7.000000e-01	
1.729716e+01	170	1.078316e+02	2.956897e+02	1.729716e+01	170	7.327735e-01	7.000000e-01	
1.739891e+01	171	1.173326e+02	2.893102e+02	1.739891e+01	171	7.114603e-01	7.000000e-01	
1.750066e+01	172	1.252673e+02	2.499016e+02	1.750066e+01	172	6.661043e-01	7.000000e-01	
1.760240e+01	173	1.000734e+02	2.905619e+02	1.760240e+01	173	7.438189e-01	7.000000e-01	
1.770415e+01	174	9.688298e+01	2.936030e+02	1.770415e+01	174	7.518913e-01	7.000000e-01	
1.780590e+01	175	1.198152e+02	2.969737e+02	1.780590e+01	175	7.125279e-01	7.000000e-01	
1.790765e+01	176	1.052164e+02	3.017864e+02	1.790765e+01	176	7.414848e-01	7.000000e-01	
1.800940e+01	177	8.694514e+01	3.035749e+02	1.800940e+01	177	7.773606e-01	7.000000e-01	
1.811114e+01	178	8.487380e+01	2.865942e+02	1.811114e+01	178	7.715179e-01	7.000000e-01	
1.821289e+01	179	9.183159e+01	2.869754e+02	1.821289e+01	179	7.575768e-01	7.000000e-01	
1.831464e+01	180	9.609157e+01	2.877468e+02	1.831464e+01	180	7.496562e-01	7.000000e-01	
1.841639e+01	181	9.714919e+01	2.955896e+02	1.841639e+01	181	7.526366e-01	7.000000e-01	
1.851814e+01	182	9.794922e+01	2.984559e+02	1.851814e+01	182	7.529063e-01	7.000000e-01	
1.861988e+01	183	6.165197e+01	2.667260e+02	1.861988e+01	183	8.122530e-01	7.000000e-01	
1.872163e+01	184	9.805939e+01	3.141012e+02	1.872163e+01	184	7.620845e-01	7.000000e-01	
1.882338e+01	185	1.247916e+02	2.681916e+02	1.882338e+01	185	6.824505e-01	7.000000e-01	
1.892513e+01	186	8.855482e+01	3.179254e+02	1.892513e+01	186	7.821424e-01	7.000000e-01	
1.902688e+01	187	8.495997e+01	3.057056e+02	1.902688e+01	187	7.825251e-01	7.000000e-01	
1.912862e+01	188	8.780115e+01	3.311588e+02	1.912862e+01	188	7.904307e-01	7.000000e-01	
1.923037e+01	189	7.016869e+01	3.434804e+02	1.923037e+01	189	8.303666e-01	7.000000e-01	
1.933212e+01	190	8.883749e+01	3.117751e+02	1.933212e+01	190	7.782459e-01	7.000000e-01	
1.943387e+01	191	8.995063e+01	3.288036e+02	1.943387e+01	191	7.851947e-01	7.000000e-01	
1.953562e+01	192	1.059743e+02	2.810098e+02	1.953562e+01	192	7.261533e-01	7.000000e-01	
1.963736e+01	193	9.016133e+01	2.848404e+02	1.963736e+01	193	7.595709e-01	7.000000e-01	
1.973911e+01	194	9.507714e+01	2.592429e+02	1.973911e+01	194	7.316631e-01	7.000000e-01	
1.984086e+01	195	1.040975e+02	2.901760e+02	1.984086e+01	195	7.359764e-01	7.000000e-01	
1.994261e+01	196	8.892348e+01	2.902605e+02	1.994261e+01	196	7.654872e-01	7.000000e-01	
2.004436e+01	197	8.187668e+01	2.956109e+02	2.004436e+01	197	7.831010e-01	7.000000e-01	
2.014610e+01	198	1.398075e+02	3.161799e+02	2.014610e+01	198	6.933961e-01	7.000000e-01	
2.024785e+01	199	1.360196e+02	2.461662e+02	2.024785e+01	199	6.441009e-01	7.000000e-01	
2.034960e+01	200	1.250179e+02	3.277294e+02	2.034960e+01	200	7.238683e-01	7.000000e-01	
2.045135e+01	201	1.127439e+02	2.807005e+02	2.045135e+01	201	7.134439e-01	7.000000e-01	
2.055310e+01	202	1.331740e+02	3.388056e+02	2.055310e+01	202	7.178395e-01	7.000000e-01	
2.065484e+01	203	1.467723e+02	3.333018e+02	2.065484e+01	203	6.942716e-01	7.000000e-01	
2.075659e+01	204	1.082798e+02	3.020989e+02	2.075659e+01	204	7.361466e-01	7.000000e-01	
2.085834e+01	205	1.415613e+02	3.124813e+02	2.085834e+01	205	6.882202e-01	7.000000e-01	
2.096009e+01	206	1.233019e+02	2.745491e+02	2.096009e+01	206	6.900802e-01	7.000000e-01	
2.106184e+01	207	1.147127e+02	3.383703e+02	2.106184e+01	207	7.468175e-01	7.000000e-01	
2.116358e+01	208	1.234096e+02	3.469372e+02	2.116358e+01	208	7.376200e-01	7.000000e-01	
2.126533e+01	209	1.213794e+02	3.226899e+02	2.126533e+01	209	7.266656e-01	7.000000e-01	
2.136708e+01	210	8.834452e+01	2.945405e+02	2.136708e+01	210	7.692662e-01	7.000000e-01	
2.146883e+01	211	1.164292e+02	3.238241e+02	2.146883e+01	211	7.355404e-01	7.000000e-01	
2.157058e+01	212	8.432293e+01	2.933362e+02	2.157058e+01	212	7.767221e-01	7.000000e-01	
2.167232e+01	213	8.348452e+01	2.994631e+02	2.167232e+01	213	7.819949e-01	7.000000e-01	
2.177407e+01	214	9.579092e+01	2.702965e+02	2.177407e+01	214	7.383387e-01	7.000000e-01	
2.187582e+01	215	1.046613e+02	3.285308e+02	2.187582e+01	215	7.583952e-01	7.000000e-01	
2.197757e+01	216	1.073346e+02	2.581873e+02	2.197757e+01	216	7.063525e-01	7.000000e-01	
2.207932e+01	217	9.961887e+01	2.853786e+02	2.207932e+01	217	7.412480e-01	7.000000e-01	
2.218106e+01	218	9.743538e+01	2.719790e+02	2.218106e+01	218	7.362437e-01	7.000000e-01	
2.228281e+01	219	9.248046e+01	2.916403e+02	2.228281e+01	219	7.592412e-01	7.000000e-01	
2.238456e+01	220	1.034555e+02	2.633458e+02	2.238456e+01	220	7.179522e-01	7.000000e-01	
2.248631e+01	221	5.207809e+01	2.427239e+02	2.248631e+01	221	8.233455e-01	7.000000e-01	
2.258806e+01	222	8.920389e+01	2.603204e+02	2.258806e+01	222	7.447849e-01	7.000000e-01	
2.268980e+01	223	1.289938e+02	3.373417e+02	2.268980e+01	223	7.233884e-01	7.000000e-01	
2.279155e+01	224	1.246233e+02	3.416737e+02	2.279155e+01	224	7.327384e-01	7.000000e-01	
2.289330e+01	225	1.353071e+02	3.150921e+02	2.289330e+01	225	6.995841e-01	7.000000e-01	
2.299505e+01	226	1.156607e+02	3.449006e+02	2.299505e+01	226	7.488701e-01	7.000000e-01	
2.309680e+01	227	1.436534e+02	3.824511e+02	2.309680e+01	227	7.269489e-01	7.000000e-01	
2.319854e+01	228	1.154890e+02	3.101008e+02	2.319854e+01	228	7.286378e-01	7.000000e-01	
2.330029e+01	229	1.279684e+02	3.285820e+02	2.330029e+01	229	7.197059e-01	7.000000e-01	
2.340204e+01	230	1.315517e+02	3.279660e+02	2.340204e+01	230	7.137179e-01	7.000000e-01	
2.350379e+01	231	1.238220e+02	3.526695e+02	2.350379e+01	231	7.401381e-01	7.000000e-01	
2.360554e+01	232	1.109735e+02	3.511609e+02	2.360554e+01	232	7.598675e-01	7.000000e-01	
2.370728e+01	233	1.097223e+02	3.331592e+02	2.370728e+01	233	7.522536e-01	7.000000e-01	
2.380903e+01	234	1.318953e+02	3.333441e+02	2.380903e+01	234	7.165002e-01	7.000000e-01	
2.391078e+01	235	1.162997e+02	3.509206e+02	2.391078e+01	235	7.510817e-01	7.000000e-01	
2.401253e+01	236	1.350616e+02	3.546023e+02	2.401253e+01	236	7.241749e-01	7.000000e-01	
2.411428e+01	237	1.325849e+02	3.572136e+02	2.411428e+01	237	7.293073e-01	7.000000e-01	
2.421602e+01	238	1.187520e+02	3.578756e+02	2.421602e+01	238	7.508495e-01	7.000000e-01	
2.431777e+01	239	1.151839e+02	3.258802e+02	2.431777e+01	239	7.388500e-01	7.000000e-01	
2.441952e+01	240	1.163840e+02	3.293833e+02	2.441952e+01	240	7.389131e-01	7.000000e-01	
2.452127e+01	241	1.457194e+02	3.571253e+02	2.452127e+01	241	7.102099e-01	7.000000e-01	
2.462302e+01	242	1.245219e+02	3.343013e+02	2.462302e+01	242	7.286059e-01	7.000000e-01	
2.472476e+01	243	1.237385e+02	3.192596e+02	2.472476e+01	243	7.206794e-01	7.000000e-01	
2.482651e+01	244	1.170377e+02	3.303970e+02	2.482651e+01	244	7.384251e-01	7.000000e-01	
2.492826e+01	245	1.185437e+02	3.403189e+02	2.492826e+01	245	7.416575e-01	7.000000e-01	
2.503001e+01	246	1.239521e+02	3.189082e+02	2.503001e+01	246	7.201102e-01	7.000000e-01	
2.513176e+01	247	1.132330e+02	3.275944e+02	2.513176e+01	247	7.431353e-01	7.000000e-01	
2.523350e+01	248	1.245726e+02	3.246693e+02	2.523350e+01	248	7.227049e-01	7.000000e-01	
2.533525e+01	249	1.248877e+02	3.334598e+02	2.533525e+01	249	7.275262e-01	7.000000e-01	
2.543700e+01	250	1.237524e+02	3.455993e+02	2.543700e+01	250	7.363333e-01	7.000000e-01	
2.553875e+01	251	9.764185e+01	3.201616e+02	2.553875e+01	251	7.662972e-01	7.000000e-01	
2.564050e+01	252	1.015714e+02	3.139161e+02	2.564050e+01	252	7.555368e-01	7.000000e-01	
2.574224e+01	253	1.177496e+02	3.048293e+02	2.574224e+01	253	7.213548e-01	7.000000e-01	
2.584399e+01	254	1.159925e+02	3.084719e+02	2.584399e+01	254	7.267321e-01	7.000000e-01	
2.594574e+01	255	1.140358e+02	2.872803e+02	2.594574e+01	255	7.158454e-01	7.000000e-01	
2.604749e+01	256	1.034224e+02	3.156850e+02	2.604749e+01	256	7.532317e-01	7.000000e-01	
2.614924e+01	257	1.112704e+02	2.701842e+02	2.614924e+01	257	7.082998e-01	7.000000e-01	
2.625098e+01	258	1.185135e+02	2.881984e+02	2.625098e+01	258	7.086058e-01	7.000000e-01	
2.635273e+01	259	9.869434e+01	3.111273e+02	2.635273e+01	259	7.591773e-01	7.000000e-01	
2.645448e+01	260	1.203493e+02	3.046178e+02	2.645448e+01	260	7.168033e-01	7.000000e-01	
2.655623e+01	261	1.123853e+02	2.996322e+02	2.655623e+01	261	7.272317e-01	7.000000e-01	
2.665798e+01	262	1.201858e+02	2.657023e+02	2.665798e+01	262	6.885475e-01	7.000000e-01	
2.675972e+01	263	1.227308e+02	2.813874e+02	2.675972e+01	263	6.962997e-01	7.000000e-01	
2.686147e+01	264	9.848789e+01	3.254581e+02	2.686147e+01	264	7.676876e-01	7.000000e-01	
2.696322e+01	265	8.225559e+01	3.037694e+02	2.696322e+01	265	7.869164e-01	7.000000e-01	
2.706497e+01	266	9.729124e+01	3.212835e+02	2.706497e+01	266	7.675654e-01	7.000000e-01	
2.716672e+01	267	9.351398e+01	3.236912e+02	2.716672e+01	267	7.758561e-01	7.000000e-01	
2.726846e+01	268	1.083744e+02	3.425009e+02	2.726846e+01	268	7.596355e-01	7.000000e-01	
2.737021e+01	269	1.117939e+02	3.059971e+02	2.737021e+01	269	7.324167e-01	7.000000e-01	
2.747196e+01	270	8.916148e+01	3.165818e+02	2.747196e+01	270	7.802515e-01	7.000000e-01	
2.757371e+01	271	7.822571e+01	2.969749e+02	2.757371e+01	271	7.915096e-01	7.000000e-01	
2.767546e+01	272	8.214206e+01	3.036105e+02	2.767546e+01	272	7.870602e-01	7.000000e-01	
2.777720e+01	273	9.731992e+01	3.698897e+02	2.777720e+01	273	7.916997e-01	7.000000e-01	
2.787895e+01	274	1.347556e+02	3.519146e+02	2.787895e+01	274	7.231069e-01	7.000000e-01	
2.798070e+01	275	1.352356e+02	3.074992e+02	2.798070e+01	275	6.945449e-01	7.000000e-01	
2.808245e+01	276	1.181412e+02	3.640049e+02	2.808245e+01	276	7.549680e-01	7.000000e-01	
2.818420e+01	277	9.059378e+01	3.260101e+02	2.818420e+01	277	7.825422e-01	7.000000e-01	
2.828594e+01	278	1.396463e+02	3.307466e+02	2.828594e+01	278	7.031284e-01	7.000000e-01	
2.838769e+01	279	1.208926e+02	3.129115e+02	2.838769e+01	279	7.213198e-01	7.000000e-01	
2.848944e+01	280	1.242096e+02	3.278326e+02	2.848944e+01	280	7.252257e-01	7.000000e-01	
2.859119e+01	281	1.057553e+02	3.318469e+02	2.859119e+01	281	7.583301e-01	7.000000e-01	
2.869294e+01	282	1.293956e+02	3.142222e+02	2.869294e+01	282	7.083174e-01	7.000000e-01	
2.879468e+01	283	1.458444e+02	2.877169e+02	2.879468e+01	283	6.636130e-01	7.000000e-01	
2.889643e+01	284	1.087577e+02	3.289933e+02	2.889643e+01	284	7.515535e-01	7.000000e-01	
2.899818e+01	285	1.071743e+02	3.209029e+02	2.899818e+01	285	7.496379e-01	7.000000e-01	
2.909993e+01	286	9.921165e+01	3.437133e+02	2.909993e+01	286	7.760080e-01	7.000000e-01	
2.920168e+01	287	1.175296e+02	3.634554e+02	2.920168e+01	287	7.556481e-01	7.000000e-01	
2.930342e+01	288	1.072677e+02	3.411618e+02	2.930342e+01	288	7.607925e-01	7.000000e-01	
2.940517e+01	289	1.055794e+02	3.304949e+02	2.940517e+01	289	7.578867e-01	7.000000e-01	
2.950692e+01	290	9.969035e+01	3.301136e+02	2.950692e+01	290	7.680562e-01	7.000000e-01	
2.960867e+01	291	1.076066e+02	3.440347e+02	2.960867e+01	291	7.617432e-01	7.000000e-01	
2.971042e+01	292	1.032140e+02	3.267112e+02	2.971042e+01	292	7.599257e-01	7.000000e-01	
2.981216e+01	293	1.173652e+02	3.430844e+02	2.981216e+01	293	7.451074e-01	7.000000e-01	
2.991391e+01	294	1.201390e+02	3.264922e+02	2.991391e+01	294	7.310107e-01	7.000000e-01	
3.001566e+01	295	1.248834e+02	3.555833e+02	3.001566e+01	295	7.400790e-01	7.000000e-01	
3.011741e+01	296	1.126760e+02	3.386745e+02	3.011741e+01	296	7.503581e-01	7.000000e-01	
3.021916e+01	297	1.202104e+02	3.345791e+02	3.021916e+01	297	7.356790e-01	7.000000e-01	
3.032090e+01	298	1.178491e+02	3.217441e+02	3.032090e+01	298	7.319133e-01	7.000000e-01	
3.042265e+01	299	1.309286e+02	3.045782e+02	3.042265e+01	299	6.993650e-01	7.000000e-01	
3.052440e+01	300	1.195961e+02	3.277114e+02	3.052440e+01	300	7.326311e-01	7.000000e-01	
3.062615e+01	301	1.245792e+02	2.824581e+02	3.062615e+01	301	6.939366e-01	7.000000e-01	
3.072790e+01	302	1.256287e+02	3.343643e+02	3.072790e+01	302	7.268900e-01	7.000000e-01	
3.082964e+01	303	1.168840e+02	3.497933e+02	3.082964e+01	303	7.495400e-01	7.000000e-01	
3.093139e+01	304	1.176406e+02	3.696453e+02	3.093139e+01	304	7.585799e-01	7.000000e-01	
3.103314e+01	305	1.148551e+02	3.512594e+02	3.103314e+01	305	7.535904e-01	7.000000e-01	
3.113489e+01	306	1.089856e+02	3.214633e+02	3.113489e+01	306	7.468094e-01	7.000000e-01	
3.123664e+01	307	1.150941e+02	3.322081e+02	3.123664e+01	307	7.426927e-01	7.000000e-01	
3.133838e+01	308	9.956600e+01	3.443969e+02	3.133838e+01	308	7.757335e-01	7.000000e-01	
3.144013e+01	309	1.047386e+02	3.509243e+02	3.144013e+01	309	7.701402e-01	7.000000e-01	
3.154188e+01	310	1.139207e+02	3.582318e+02	3.154188e+01	310	7.587205e-01	7.000000e-01	
3.164363e+01	311	1.241286e+02	3.380714e+02	3.164363e+01	311	7.314396e-01	7.000000e-01	
3.174538e+01	312	1.177322e+02	3.509776e+02	3.174538e+01	312	7.488164e-01	7.000000e-01	
3.184712e+01	313	1.230844e+02	3.494412e+02	3.184712e+01	313	7.395180e-01	7.000000e-01	
3.194887e+01	314	1.084956e+02	3.670986e+02	3.194887e+01	314	7.718736e-01	7.000000e-01	
3.205062e+01	315	1.173909e+02	3.462039e+02	3.205062e+01	315	7.467812e-01	7.000000e-01	
3.215237e+01	316	1.106915e+02	3.506258e+02	3.215237e+01	316	7.600534e-01	7.000000e-01	
3.225412e+01	317	1.246598e+02	3.100782e+02	3.225412e+01	317	7.132530e-01	7.000000e-01	
3.235586e+01	318	1.260060e+02	3.483304e+02	3.235586e+01	318	7.343531e-01	7.000000e-01	
3.245761e+01	319	1.003866e+02	3.191644e+02	3.245761e+01	319	7.607285e-01	7.000000e-01	
3.255936e+01	320	1.326711e+02	3.382768e+02	3.255936e+01	320	7.182892e-01	7.000000e-01	
3.266111e+01	321	1.175275e+02	2.789296e+02	3.266111e+01	321	7.035556e-01	7.000000e-01	
3.276286e+01	322	1.329527e+02	3.181217e+02	3.276286e+01	322	7.052533e-01	7.000000e-01	
3.286460e+01	323	8.508714e+01	3.282011e+02	3.286460e+01	323	7.941216e-01	7.000000e-01	
3.296635e+01	324	1.037115e+02	3.056784e+02	3.296635e+01	324	7.466682e-01	7.000000e-01	
3.306810e+01	325	1.120369e+02	3.268411e+02	3.306810e+01	325	7.447197e-01	7.000000e-01	
3.316985e+01	326	9.895100e+01	3.032654e+02	3.316985e+01	326	7.539857e-01	7.000000e-01	
3.327160e+01	327	1.104317e+02	3.135076e+02	3.327160e+01	327	7.395106e-01	7.000000e-01	
3.337334e+01	328	1.103418e+02	3.375104e+02	3.337334e+01	328	7.536201e-01	7.000000e-01	
3.347509e+01	329	1.029896e+02	3.165209e+02	3.347509e+01	329	7.545005e-01	7.000000e-01	
3.357684e+01	330	1.097235e+02	3.515337e+02	3.357684e+01	330	7.621208e-01	7.000000e-01	
3.367859e+01	331	1.030314e+02	3.471248e+02	3.367859e+01	331	7.711208e-01	7.000000e-01	
3.378034e+01	332	1.035659e+02	3.285667e+02	3.378034e+01	332	7.603377e-01	7.000000e-01	
3.388208e+01	333	1.071429e+02	3.213841e+02	3.388208e+01	333	7.499740e-01	7.000000e-01	
3.398383e+01	334	1.120279e+02	3.449581e+02	3.398383e+01	334	7.548549e-01	7.000000e-01	
3.408558e+01	335	9.283070e+01	3.468161e+02	3.408558e+01	335	7.888516e-01	7.000000e-01	
3.418733e+01	336	1.128601e+02	3.375836e+02	3.418733e+01	336	7.494468e-01	7.000000e-01	
3.428908e+01	337	1.169700e+02	3.509375e+02	3.428908e+01	337	7.500147e-01	7.000000e-01	
3.439082e+01	338	1.056880e+02	3.604888e+02	3.439082e+01	338	7.732877e-01	7.000000e-01	
3.449257e+01	339	1.209375e+02	3.303904e+02	3.449257e+01	339	7.320407e-01	7.000000e-01	
3.459432e+01	340	1.024480e+02	3.471086e+02	3.459432e+01	340	7.721132e-01	7.000000e-01	
3.469607e+01	341	1.162467e+02	2.906611e+02	3.469607e+01	341	7.143169e-01	7.000000e-01	
3.479782e+01	342	1.130662e+02	3.104259e+02	3.479782e+01	342	7.330146e-01	7.000000e-01	
3.489956e+01	343	1.123229e+02	3.193398e+02	3.489956e+01	343	7.397901e-01	7.000000e-01	
3.500131e+01	344	1.184359e+02	3.418665e+02	3.500131e+01	344	7.426998e-01	7.000000e-01	
3.510306e+01	345	1.274129e+02	2.750933e+02	3.510306e+01	345	6.834511e-01	7.000000e-01	
3.520481e+01	346	1.154199e+02	3.172226e+02	3.520481e+01	346	7.332211e-01	7.000000e-01	
3.530656e+01	347	1.020473e+02	3.225949e+02	3.530656e+01	347	7.596864e-01	7.000000e-01	
3.540830e+01	348	1.250371e+02	3.259229e+02	3.540830e+01	348	7.227313e-01	7.000000e-01	
3.551005e+01	349	1.231554e+02	3.344654e+02	3.551005e+01	349	7.308789e-01	7.000000e-01	
3.561180e+01	350	1.114125e+02	3.183342e+02	3.561180e+01	350	7.407484e-01	7.000000e-01	
3.571355e+01	351	1.236496e+02	3.332909e+02	3.571355e+01	351	7.293967e-01	7.000000e-01	
3.581530e+01	352	1.238299e+02	3.693496e+02	3.581530e+01	352	7.489152e-01	7.000000e-01	
3.591704e+01	353	1.085244e+02	3.592289e+02	3.591704e+01	353	7.679880e-01	7.000000e-01	
3.601879e+01	354	1.253085e+02	3.473453e+02	3.601879e+01	354	7.348831e-01	7.000000e-01	
3.612054e+01	355	1.329513e+02	3.255087e+02	3.612054e+01	355	7.100046e-01	7.000000e-01	
3.622229e+01	356	1.404208e+02	3.800817e+02	3.622229e+01	356	7.302207e-01	7.000000e-01	
3.632404e+01	357	1.139014e+02	3.622697e+02	3.632404e+01	357	7.607973e-01	7.000000e-01	
3.642578e+01	358	1.535289e+02	3.573423e+02	3.642578e+01	358	6.994763e-01	7.000000e-01	
3.652753e+01	359	1.226644e+02	3.447572e+02	3.652753e+01	359	7.375722e-01	7.000000e-01	
3.662928e+01	360	1.483967e+02	3.886304e+02	3.662928e+01	360	7.236700e-01	7.000000e-01	
3.673103e+01	361	1.287379e+02	3.668353e+02	3.673103e+01	361	7.402242e-01	7.000000e-01	
3.683278e+01	362	1.000150e+02	3.249439e+02	3.683278e+01	362	7.646478e-01	7.000000e-01	
3.693452e+01	363	7.462783e+01	3.409875e+02	3.693452e+01	363	8.204401e-01	7.000000e-01	
3.703627e+01	364	1.050749e+02	3.485342e+02	3.703627e+01	364	7.683580e-01	7.000000e-01	
3.713802e+01	365	9.976360e+01	3.044266e+02	3.713802e+01	365	7.531766e-01	7.000000e-01	
3.723977e+01	366	1.188228e+02	3.421608e+02	3.723977e+01	366	7.422407e-01	7.000000e-01	
3.734152e+01	367	9.903644e+01	3.168577e+02	3.734152e+01	367	7.618710e-01	7.000000e-01	
3.744326e+01	368	1.145204e+02	3.329021e+02	3.744326e+01	368	7.440442e-01	7.000000e-01	
3.754501e+01	369	1.066045e+02	3.073673e+02	3.754501e+01	369	7.424837e-01	7.000000e-01	
3.764676e+01	370	1.197070e+02	3.397003e+02	3.764676e+01	370	7.394317e-01	7.000000e-01	
3.774851e+01	371	1.199523e+02	3.426826e+02	3.774851e+01	371	7.407193e-01	7.000000e-01	
3.785026e+01	372	1.198092e+02	3.327195e+02	3.785026e+01	372	7.352451e-01	7.000000e-01	
3.795200e+01	373	1.139096e+02	3.368513e+02	3.795200e+01	373	7.472949e-01	7.000000e-01	
3.805375e+01	374	1.390898e+02	3.272435e+02	3.805375e+01	374	7.017374e-01	7.000000e-01	
3.815550e+01	375	1.151253e+02	3.211229e+02	3.815550e+01	375	7.361014e-01	7.000000e-01	
3.825725e+01	376	1.249047e+02	3.438660e+02	3.825725e+01	376	7.335484e-01	7.000000e-01	
3.835900e+01	377	9.453244e+01	3.133006e+02	3.835900e+01	377	7.682080e-01	7.000000e-01	
3.846074e+01	378	1.131153e+02	3.358163e+02	3.846074e+01	378	7.480344e-01	7.000000e-01	
3.856249e+01	379	1.200644e+02	3.323194e+02	3.856249e+01	379	7.345962e-01	7.000000e-01	
3.866424e+01	380	1.172258e+02	3.338935e+02	3.866424e+01	380	7.401446e-01	7.000000e-01	
3.876599e+01	381	1.189089e+02	3.084691e+02	3.876599e+01	381	7.217711e-01	7.000000e-01	
3.886774e+01	382	1.120873e+02	3.270781e+02	3.886774e+01	382	7.447720e-01	7.000000e-01	
3.896948e+01	383	1.443685e+02	2.998582e+02	3.896948e+01	383	6.750117e-01	7.000000e-01	
3.907123e+01	384	1.314034e+02	3.460053e+02	3.907123e+01	384	7.247570e-01	7.000000e-01	
3.917298e+01	385	1.504203e+02	3.318700e+02	3.917298e+01	385	6.881125e-01	7.000000e-01	
3.927473e+01	386	1.303924e+02	3.190471e+02	3.927473e+01	386	7.098777e-01	7.000000e-01	
3.937648e+01	387	1.006682e+02	3.111601e+02	3.937648e+01	387	7.555578e-01	7.000000e-01	
3.947822e+01	388	8.674847e+01	3.052953e+02	3.947822e+01	388	7.787276e-01	7.000000e-01	
3.957997e+01	389	9.390998e+01	3.098092e+02	3.957997e+01	389	7.673879e-01	7.000000e-01	
3.968172e+01	390	9.705820e+01	3.284394e+02	3.968172e+01	390	7.718948e-01	7.000000e-01	
3.978347e+01	391	9.236647e+01	3.069002e+02	3.978347e+01	391	7.686597e-01	7.000000e-01	
3.988522e+01	392	8.679860e+01	3.055014e+02	3.988522e+01	392	7.787443e-01	7.000000e-01	
3.998696e+01	393	8.819819e+01	3.132202e+02	3.998696e+01	393	7.802836e-01	7.000000e-01	
4.008871e+01	394	9.341761e+01	2.982539e+02	4.008871e+01	394	7.614899e-01	7.000000e-01	
4.019046e+01	395	1.121573e+02	3.245942e+02	4.019046e+01	395	7.432011e-01	7.000000e-01	
4.029221e+01	396	1.253515e+02	3.284652e+02	4.029221e+01	396	7.237839e-01	7.000000e-01	
4.039396e+01	397	1.115465e+02	3.121006e+02	4.039396e+01	397	7.366995e-01	7.000000e-01	
4.049570e+01	398	1.302792e+02	3.365301e+02	4.049570e+01	398	7.209156e-01	7.000000e-01	
4.059745e+01	399	1.287985e+02	3.277328e+02	4.059745e+01	399	7.178759e-01	7.000000e-01	
4.069920e+01	400	1.161725e+02	3.250801e+02	4.069920e+01	400	7.367211e-01	7.000000e-01	
4.080095e+01	401	1.211400e+02	3.215295e+02	4.080095e+01	401	7.263421e-01	7.000000e-01	
4.090270e+01	402	1.122412e+02	3.136520e+02	4.090270e+01	402	7.364569e-01	7.000000e-01	
4.100444e+01	403	1.124555e+02	3.232592e+02	4.100444e+01	403	7.419057e-01	7.000000e-01	
4.110619e+01	404	1.115654e+02	3.133209e+02	4.110619e+01	404	7.374229e-01	7.000000e-01	
4.120794e+01	405	1.097897e+02	3.088867e+02	4.120794e+01	405	7.377696e-01	7.000000e-01	
4.130969e+01	406	1.148300e+02	3.323683e+02	4.130969e+01	406	7.432235e-01	7.000000e-01	
4.141144e+01	407	1.182036e+02	3.052695e+02	4.141144e+01	407	7.208711e-01	7.000000e-01	
4.151318e+01	408	1.558010e+02	3.729073e+02	4.151318e+01	408	7.053177e-01	7.000000e-01	
4.161493e+01	409	1.120118e+02	3.264085e+02	4.161493e+01	409	7.445105e-01	7.000000e-01	
4.171668e+01	410	1.204041e+02	3.285260e+02	4.171668e+01	410	7.317977e-01	7.000000e-01	
4.181843e+01	411	1.590610e+02	3.760949e+02	4.181843e+01	411	7.027763e-01	7.000000e-01	
4.192018e+01	412	1.248231e+02	2.904969e+02	4.192018e+01	412	6.994532e-01	7.000000e-01	
4.202192e+01	413	1.171052e+02	3.315163e+02	4.202192e+01	413	7.389666e-01	7.000000e-01	
4.212367e+01	414	1.151340e+02	3.338431e+02	4.212367e+01	414	7.435638e-01	7.000000e-01	
4.222542e+01	415	1.187640e+02	3.008475e+02	4.222542e+01	415	7.169668e-01	7.000000e-01	
4.232717e+01	416	1.152182e+02	3.139939e+02	4.232717e+01	416	7.315588e-01	7.000000e-01	
4.242892e+01	417	9.013550e+01	3.592022e+02	4.242892e+01	417	7.994037e-01	7.000000e-01	
4.253066e+01	418	1.078407e+02	3.100715e+02	4.253066e+01	418	7.419537e-01	7.000000e-01	
4.263241e+01	419	1.085271e+02	2.965556e+02	4.263241e+01	419	7.320866e-01	7.000000e-01	
4.273416e+01	420	1.220754e+02	3.069299e+02	4.273416e+01	420	7.154455e-01	7.000000e-01	
4.283591e+01	421	1.122701e+02	3.146704e+02	4.283591e+01	421	7.370357e-01	7.000000e-01	
4.293766e+01	422	9.285376e+01	2.914417e+02	4.293766e+01	422	7.583792e-01	7.000000e-01	
4.303940e+01	423	9.716081e+01	2.805449e+02	4.303940e+01	423	7.427605e-01	7.000000e-01	
4.314115e+01	424	9.698071e+01	2.979350e+02	4.314115e+01	424	7.544268e-01	7.000000e-01	
4.324290e+01	425	8.915898e+01	2.862707e+02	4.324290e+01	425	7.625148e-01	7.000000e-01	
4.334465e+01	426	1.106832e+02	3.113149e+02	4.334465e+01	426	7.377164e-01	7.000000e-01	
4.344640e+01	427	1.119481e+02	2.731297e+02	4.344640e+01	427	7.092845e-01	7.000000e-01	
4.354814e+01	428	1.005030e+02	2.837319e+02	4.354814e+01	428	7.384334e-01	7.000000e-01	
4.364989e+01	429	8.586437e+01	2.536271e+02	4.364989e+01	429	7.470794e-01	7.000000e-01	
4.375164e+01	430	8.570046e+01	2.572547e+02	4.375164e+01	430	7.501118e-01	7.000000e-01	
4.385339e+01	431	8.521211e+01	2.619957e+02	4.385339e+01	431	7.545789e-01	7.000000e-01	
4.395514e+01	432	9.084315e+01	2.598743e+02	4.395514e+01	432	7.409791e-01	7.000000e-01	
4.405688e+01	433	1.164376e+02	2.855618e+02	4.405688e+01	433	7.103538e-01	7.000000e-01	
4.415863e+01	434	7.138111e+01	2.619120e+02	4.415863e+01	434	7.858308e-01	7.000000e-01	
4.426038e+01	435	7.862168e+01	2.711904e+02	4.426038e+01	435	7.752460e-01	7.000000e-01	
4.436213e+01	436	7.801997e+01	2.620727e+02	4.436213e+01	436	7.705920e-01	7.000000e-01	
4.446388e+01	437	8.716865e+01	2.596754e+02	4.446388e+01	437	7.486806e-01	7.000000e-01	
4.456562e+01	438	7.115508e+01	2.553058e+02	4.456562e+01	438	7.820410e-01	7.000000e-01	
4.466737e+01	439	8.081205e+01	2.934811e+02	4.466737e+01	439	7.840942e-01	7.000000e-01	
4.476912e+01	440	8.440723e+01	2.479275e+02	4.476912e+01	440	7.460174e-01	7.000000e-01	
4.487087e+01	441	7.648217e+01	2.650298e+02	4.487087e+01	441	7.760483e-01	7.000000e-01	
4.497262e+01	442	7.666418e+01	2.300533e+02	4.497262e+01	442	7.500495e-01	7.000000e-01	
4.507436e+01	443	6.175699e+01	2.297302e+02	4.507436e+01	443	7.881314e-01	7.000000e-01	
4.517611e+01	444	9.037089e+01	2.579294e+02	4.517611e+01	444	7.405374e-01	7.000000e-01	
4.527786e+01	445	7.856353e+01	2.608569e+02	4.527786e+01	445	7.685362e-01	7.000000e-01	
4.537961e+01	446	7.791571e+01	2.629237e+02	4.537961e+01	446	7.714005e-01	7.000000e-01	
4.548136e+01	447	9.431231e+01	2.749248e+02	4.548136e+01	447	7.445752e-01	7.000000e-01	
4.558310e+01	448	1.043291e+02	3.209689e+02	4.558310e+01	448	7.546918e-01	7.000000e-01	
4.568485e+01	449	1.098363e+02	3.085104e+02	4.568485e+01	449	7.374515e-01	7.000000e-01	
4.578660e+01	450	9.607091e+01	2.951755e+02	4.578660e+01	450	7.544491e-01	7.000000e-01	
4.588835e+01	451	9.338922e+01	3.206641e+02	4.588835e+01	451	7.744512e-01	7.000000e-01	
4.599010e+01	452	9.904319e+01	3.640084e+02	4.599010e+01	452	7.861077e-01	7.000000e-01	
4.609184e+01	453	1.035597e+02	2.880822e+02	4.609184e+01	453	7.355755e-01	7.000000e-01	
4.619359e+01	454	9.415135e+01	2.893958e+02	4.619359e+01	454	7.545247e-01	7.000000e-01	
4.629534e+01	455	8.634951e+01	3.671753e+02	4.629534e+01	455	8.096036e-01	7.000000e-01	
4.639709e+01	456	9.105629e+01	3.416942e+02	4.639709e+01	456	7.895871e-01	7.000000e-01	
4.649884e+01	457	1.048956e+02	3.536995e+02	4.649884e+01	457	7.712675e-01	7.000000e-01	
4.660058e+01	458	6.926014e+01	4.106140e+02	4.660058e+01	458	8.556702e-01	7.000000e-01	
4.670233e+01	459	7.588826e+01	2.708132e+02	4.670233e+01	459	7.811135e-01	7.000000e-01	
4.680408e+01	460	8.638571e+01	3.082843e+02	4.680408e+01	460	7.811191e-01	7.000000e-01	
4.690583e+01	461	9.230402e+01	3.192631e+02	4.690583e+01	461	7.757255e-01	7.000000e-01	
4.700758e+01	462	7.568068e+01	2.702070e+02	4.700758e+01	462	7.811987e-01	7.000000e-01	
4.710932e+01	463	1.132093e+02	3.188385e+02	4.710932e+01	463	7.379704e-01	7.000000e-01	
4.721107e+01	464	1.034262e+02	3.175713e+02	4.721107e+01	464	7.543306e-01	7.000000e-01	
4.731282e+01	465	1.215120e+02	3.285667e+02	4.731282e+01	465	7.300205e-01	7.000000e-01	
4.741457e+01	466	9.106480e+01	3.134863e+02	4.741457e+01	466	7.748991e-01	7.000000e-01	
4.751632e+01	467	1.365844e+02	2.744569e+02	4.751632e+01	467	6.677112e-01	7.000000e-01	
4.761806e+01	468	1.261146e+02	3.507355e+02	4.761806e+01	468	7.355257e-01	7.000000e-01	
4.771981e+01	469	1.006486e+02	3.298253e+02	4.771981e+01	469	7.661912e-01	7.000000e-01	
4.782156e+01	470	3.390089e+02	-2.164664e+01	4.782156e+01	470	-6.820798e-02	0	
4.792331e+01	471	3.690556e+02	-3.376322e+00	4.792331e+01	471	-9.233014e-03	0	
4.802506e+01	472	3.684771e+02	3.347536e+00	4.802506e+01	472	9.002997e-03	0	
4.812680e+01	473	3.971188e+02	-1.329029e+01	4.812680e+01	473	-3.462559e-02	0	
4.822855e+01	474	3.750551e+02	-1.583891e+01	4.822855e+01	474	-4.409297e-02	0	
4.833030e+01	475	3.872581e+02	7.407959e+00	4.833030e+01	475	1.877020e-02	0	
4.843205e+01	476	3.281259e+02	2.263361e+01	4.843205e+01	476	6.452743e-02	0	
4.853380e+01	477	3.298080e+02	1.846995e+01	4.853380e+01	477	5.303221e-02	0	
4.863554e+01	478	3.574233e+02	-7.139976e+00	4.863554e+01	478	-2.038343e-02	0	
4.873729e+01	479	3.222263e+02	1.576930e+01	4.873729e+01	479	4.665534e-02	0	
4.883904e+01	480	3.181667e+02	1.543637e+01	4.883904e+01	480	4.627167e-02	0	
4.894079e+01	481	3.052265e+02	1.733473e+01	4.894079e+01	481	5.374090e-02	0	
4.904254e+01	482	2.756786e+02	1.980280e+01	4.904254e+01	482	6.701877e-02	0	
4.914428e+01	483	3.355595e+02	1.169044e+01	4.914428e+01	483	3.366578e-02	0	
4.924603e+01	484	2.944629e+02	1.827447e+01	4.924603e+01	484	5.843392e-02	0	
4.934778e+01	485	3.137703e+02	1.787999e+01	4.934778e+01	485	5.391218e-02	0	
4.944953e+01	486	3.585197e+02	-4.658699e+00	4.944953e+01	486	-1.316534e-02	0	
4.955128e+01	487	4.240663e+02	1.804017e+01	4.955128e+01	487	4.080504e-02	0	
4.965302e+01	488	3.552267e+02	1.061001e+01	4.965302e+01	488	2.900204e-02	0	
4.975477e+01	489	3.593273e+02	-5.360533e+00	4.975477e+01	489	-1.514417e-02	0	
4.985652e+01	490	3.742711e+02	8.585814e+00	4.985652e+01	490	2.242565e-02	0	
4.995827e+01	491	3.211042e+02	-6.063217e+00	4.995827e+01	491	-1.924580e-02	0	
5.006002e+01	492	3.087052e+02	1.362049e+00	5.006002e+01	492	4.392754e-03	0	
5.016176e+01	493	3.046627e+02	-3.664342e+00	5.016176e+01	493	-1.217396e-02	0	
5.026351e+01	494	3.467768e+02	4.496523e+00	5.026351e+01	494	1.280064e-02	0	
5.036526e+01	495	3.317775e+02	4.985821e+00	5.036526e+01	495	1.480512e-02	0	
5.046701e+01	496	3.263268e+02	-1.973706e+01	5.046701e+01	496	-6.437613e-02	0	
5.056876e+01	497	3.101429e+02	-1.223051e+01	5.056876e+01	497	-4.105405e-02	0	
5.067050e+01	498	3.479095e+02	-4.472447e+00	5.067050e+01	498	-1.302261e-02	0	
5.077225e+01	499	3.538132e+02	-2.483700e+00	5.077225e+01	499	-7.069432e-03	0	
5.087400e+01	500	3.646960e+02	-7.659357e+00	5.087400e+01	500	-2.145258e-02	0	
5.097575e+01	501	3.661497e+02	-7.968674e+00	5.097575e+01	501	-2.224762e-02	0	
5.107750e+01	502	3.538031e+02	-2.483143e+00	5.107750e+01	502	-7.068039e-03	0	
5.117924e+01	503	3.433239e+02	-1.407731e+01	5.117924e+01	503	-4.275613e-02	0	
5.128099e+01	504	3.472921e+02	5.989843e-01	5.128099e+01	504	1.721758e-03	0	
5.138274e+01	505	3.337323e+02	-2.061354e+01	5.138274e+01	505	-6.583298e-02	0	
5.148449e+01	506	3.462561e+02	-1.748540e+01	5.148449e+01	506	-5.318418e-02	0	
5.158624e+01	507	3.619521e+02	-3.018047e+01	5.158624e+01	507	-9.096760e-02	0	
5.168798e+01	508	3.688098e+02	-3.490909e+00	5.168798e+01	508	-9.555786e-03	0	
5.178973e+01	509	3.392656e+02	-2.544158e+01	5.178973e+01	509	-8.106958e-02	0	
5.189148e+01	510	3.673462e+02	-1.090489e+01	5.189148e+01	510	-3.059379e-02	0	
5.199323e+01	511	3.644017e+02	1.444018e+01	5.199323e+01	511	3.811664e-02	0	
5.209498e+01	512	3.540023e+02	3.466706e+00	5.209498e+01	512	9.697920e-03	0	
5.219672e+01	513	3.531966e+02	7.536506e-01	5.219672e+01	513	2.129256e-03	0	
5.229847e+01	514	3.710504e+02	1.282225e+01	5.229847e+01	514	3.340235e-02	0	
5.240022e+01	515	3.540990e+02	1.153560e+01	5.240022e+01	515	3.154953e-02	0	
5.250197e+01	516	3.466548e+02	3.227075e+01	5.250197e+01	516	8.516383e-02	0	
5.260372e+01	517	3.574488e+02	6.396294e+00	5.260372e+01	517	1.757972e-02	0	
5.270546e+01	518	3.505132e+02	1.790133e+01	5.270546e+01	518	4.859018e-02	0	
5.280721e+01	519	3.460281e+02	2.676577e+01	5.280721e+01	519	7.179777e-02	0	
5.290896e+01	520	3.368915e+02	2.308171e+00	5.290896e+01	520	6.804756e-03	0	
5.301071e+01	521	3.429451e+02	2.089564e+00	5.301071e+01	521	6.056099e-03	0	
5.311246e+01	522	3.394834e+02	3.340128e+01	5.311246e+01	522	8.957536e-02	0	
5.321420e+01	523	3.481376e+02	2.517899e+01	5.321420e+01	523	6.744675e-02	0	
5.331595e+01	524	3.318776e+02	-8.302326e+00	5.331595e+01	524	-2.565810e-02	0	
5.341770e+01	525	3.443335e+02	1.031150e+01	5.341770e+01	525	2.907555e-02	0	
5.351945e+01	526	3.396078e+02	-8.154476e+00	5.351945e+01	526	-2.460219e-02	0	
5.362120e+01	527	3.354220e+02	-6.401421e+00	5.362120e+01	527	-1.945599e-02	0	
5.372294e+01	528	3.271213e+02	-1.216190e+01	5.372294e+01	528	-3.861418e-02	0	
5.382469e+01	529	3.157038e+02	-1.153649e+01	5.382469e+01	529	-3.792811e-02	0	
5.392644e+01	530	3.564038e+02	3.240985e+00	5.392644e+01	530	9.011628e-03	0	
5.402819e+01	531	4.098117e+02	-1.841469e+01	5.402819e+01	531	-4.704862e-02	0	
5.412994e+01	532	3.857646e+02	6.439660e+00	5.412994e+01	532	1.641915e-02	0	
5.423168e+01	533	4.514575e+02	2.308758e+00	5.423168e+01	533	5.087990e-03	0	
5.433343e+01	534	3.819517e+02	-2.851107e+00	5.433343e+01	534	-7.520714e-03	0	
5.443518e+01	535	4.004315e+02	4.081671e+00	5.443518e+01	535	1.009033e-02	0	
5.453693e+01	536	3.636793e+02	5.613923e+00	5.453693e+01	536	1.520180e-02	0	
5.463868e+01	537	3.402295e+02	4.117694e+00	5.463868e+01	537	1.195797e-02	0	
5.474042e+01	538	3.534145e+02	8.901554e+00	5.474042e+01	538	2.456848e-02	0	
5.484217e+01	539	3.408090e+02	-2.473821e+00	5.484217e+01	539	-7.311746e-03	0	
5.494392e+01	540	3.975305e+02	7.776190e+00	5.494392e+01	540	1.918594e-02	0	
5.504567e+01	541	3.445060e+02	1.308508e+01	5.504567e+01	541	3.659230e-02	0	
5.514742e+01	542	3.544457e+02	5.981586e+00	5.514742e+01	542	1.659582e-02	0	
5.524916e+01	543	3.408995e+02	1.853553e+01	5.524916e+01	543	5.156851e-02	0	
5.535091e+01	544	3.655606e+02	-2.174720e+00	5.535091e+01	544	-5.984602e-03	0	
5.545266e+01	545	3.631338e+02	3.022419e+00	5.545266e+01	545	8.254452e-03	0	
5.555441e+01	546	3.671320e+02	1.716549e+00	5.555441e+01	546	4.653804e-03	0	
5.565616e+01	547	2.822657e+02	5.750889e+01	5.565616e+01	547	1.692560e-01	0	
5.575790e+01	548	3.484815e+02	1.320811e+01	5.575790e+01	548	3.651780e-02	0	
5.585965e+01	549	3.609870e+02	-1.249625e+01	5.585965e+01	549	-3.585820e-02	0	
5.596140e+01	550	3.348974e+02	2.800632e+01	5.596140e+01	550	7.717287e-02	0	
5.606315e+01	551	3.592260e+02	2.403867e+00	5.606315e+01	551	6.647313e-03	0	
5.616490e+01	552	3.423201e+02	1.777958e+01	5.616490e+01	552	4.937405e-02	0	
5.626664e+01	553	3.524455e+02	-3.433016e+01	5.626664e+01	553	-1.079173e-01	0	
5.636839e+01	554	3.696424e+02	-1.130026e+01	5.636839e+01	554	-3.153483e-02	0	
5.647014e+01	555	3.643905e+02	7.521679e+00	5.647014e+01	555	2.022434e-02	0	
5.657189e+01	556	3.967429e+02	-2.125332e+01	5.657189e+01	556	-5.660162e-02	0	
5.667364e+01	557	3.826174e+02	1.866949e+01	5.667364e+01	557	4.652405e-02	0	
5.677538e+01	558	3.782329e+02	-1.390851e+01	5.677538e+01	558	-3.817617e-02	0	
5.687713e+01	559	3.625457e+02	-3.944229e+00	5.687713e+01	559	-1.099892e-02	0	
5.697888e+01	560	3.601600e+02	8.943440e+00	5.697888e+01	560	2.423017e-02	0	
5.708063e+01	561	3.667603e+02	1.635384e+00	5.708063e+01	561	4.439205e-03	0	
5.718238e+01	562	3.541291e+02	-5.568541e+00	5.718238e+01	562	-1.597582e-02	0	
5.728412e+01	563	3.905077e+02	-1.026499e+00	5.728412e+01	563	-2.635555e-03	0	
5.738587e+01	564	3.381481e+02	5.316874e+00	5.738587e+01	564	1.548011e-02	0	
5.748762e+01	565	3.280280e+02	6.836430e+00	5.748762e+01	565	2.041552e-02	0	
5.758937e+01	566	3.740137e+02	-2.470031e+00	5.758937e+01	566	-6.648023e-03	0	
5.769112e+01	567	3.707686e+02	-1.903118e+00	5.769112e+01	567	-5.159382e-03	0	
5.779286e+01	568	2.864647e+02	-1.455771e+01	5.779286e+01	568	-5.353930e-02	0	
5.789461e+01	569	2.932211e+02	-1.079121e+00	5.789461e+01	569	-3.693824e-03	0	
5.799636e+01	570	3.407948e+02	1.193173e+01	5.799636e+01	570	3.382714e-02	0	
5.809811e+01	571	2.917287e+02	1.021803e+01	5.809811e+01	571	3.384051e-02	0	
5.819986e+01	572	3.472631e+02	1.649491e+01	5.819986e+01	572	4.534583e-02	0	
5.830160e+01	573	3.299350e+02	2.183729e+00	5.830160e+01	573	6.575146e-03	0	
5.840335e+01	574	3.304383e+02	1.197229e+01	5.840335e+01	574	3.496472e-02	0	
5.850510e+01	575	3.501260e+02	-4.380687e+00	5.850510e+01	575	-1.267027e-02	0	
5.860685e+01	576	3.498852e+02	-9.675264e-01	5.860685e+01	576	-2.772936e-03	0	
5.870860e+01	577	3.508680e+02	1.872953e+01	5.870860e+01	577	5.067547e-02	0	
5.881034e+01	578	3.961247e+02	1.225264e+01	5.881034e+01	578	3.000323e-02	0	
5.891209e+01	579	3.649608e+02	-1.125971e+01	5.891209e+01	579	-3.183397e-02	0	
5.901384e+01	580	3.678041e+02	-1.614190e+01	5.901384e+01	580	-4.590172e-02	0	
5.911559e+01	581	3.452165e+02	9.446534e+00	5.911559e+01	581	2.663524e-02	0	
5.921734e+01	582	3.579784e+02	-2.119120e+01	5.921734e+01	582	-6.292163e-02	0	
5.931908e+01	583	3.532503e+02	6.333024e+00	5.931908e+01	583	1.761212e-02	0	
5.942083e+01	584	3.494392e+02	-1.279974e+01	5.942083e+01	584	-3.802210e-02	0	
5.952258e+01	585	3.934448e+02	3.017555e+01	5.952258e+01	585	7.123253e-02	0	
5.962433e+01	586	3.963008e+02	2.486148e+01	5.962433e+01	586	5.903064e-02	0	
5.972608e+01	587	3.669923e+02	-1.633173e+01	5.972608e+01	587	-4.657418e-02	0	
5.982782e+01	588	3.635617e+02	3.319012e+01	5.982782e+01	588	8.365461e-02	0	
5.992957e+01	589	4.090393e+02	1.734728e+01	5.992957e+01	589	4.068439e-02	0	
6.003132e+01	590	3.648759e+02	7.256665e+01	6.003132e+01	590	1.658884e-01	0	
6.013307e+01	591	3.792984e+02	7.264873e+00	6.013307e+01	591	1.879349e-02	0	
6.023482e+01	592	3.408703e+02	4.234224e+01	6.023482e+01	592	1.104928e-01	0	
6.033656e+01	593	3.556791e+02	-1.549452e+01	6.033656e+01	593	-4.554739e-02	0	
6.043831e+01	594	3.519721e+02	-1.763414e+01	6.043831e+01	594	-5.274346e-02	0	
6.054006e+01	595	3.454836e+02	-1.596288e+01	6.054006e+01	595	-4.844272e-02	0	
6.064181e+01	596	3.581203e+02	-2.105705e+01	6.064181e+01	596	-6.247210e-02	0	
6.074356e+01	597	3.547663e+02	2.958124e+01	6.074356e+01	597	7.696482e-02	0	
6.084530e+01	598	3.613153e+02	-1.513673e+01	6.084530e+01	598	-4.372521e-02	0	
6.094705e+01	599	3.404638e+02	-3.433048e+01	6.094705e+01	599	-1.121423e-01	0	
6.104880e+01	600	3.476824e+02	3.519234e+00	6.104880e+01	600	1.002055e-02	0	
6.115055e+01	601	3.562067e+02	-2.688974e+01	6.115055e+01	601	-8.165307e-02	0	
6.125230e+01	602	4.212513e+02	6.566975e+00	6.125230e+01	602	1.534992e-02	0	
6.135404e+01	603	4.257933e+02	2.377821e+00	6.135404e+01	603	5.553436e-03	0	
6.145579e+01	604	3.471033e+02	-2.932579e+00	6.145579e+01	604	-8.520710e-03	0	
6.155754e+01	605	4.176724e+02	-1.369393e+01	6.155754e+01	605	-3.389767e-02	0	
6.165929e+01	606	4.567701e+02	4.861819e+01	6.165929e+01	606	9.619968e-02	0	
6.176104e+01	607	3.926343e+02	-3.032704e+00	6.176104e+01	607	-7.784116e-03	0	
6.186278e+01	608	4.353955e+02	5.670238e+00	6.186278e+01	608	1.285577e-02	0	
6.196453e+01	609	4.370418e+02	-1.522167e+01	6.196453e+01	609	-3.608569e-02	0	
6.206628e+01	610	4.042174e+02	-2.313147e+01	6.206628e+01	610	-6.069883e-02	0	
6.216803e+01	611	4.154956e+02	-3.313382e+00	6.216803e+01	611	-8.038634e-03	0	
6.226978e+01	612	4.191088e+02	-7.746700e+00	6.226978e+01	612	-1.883183e-02	0	
6.237152e+01	613	3.824791e+02	5.360857e+00	6.237152e+01	613	1.382234e-02	0	
6.247327e+01	614	3.593830e+02	3.433532e+00	6.247327e+01	614	9.463549e-03	0	
6.257502e+01	615	3.351902e+02	-4.289520e+00	6.257502e+01	615	-1.296316e-02	0	
6.267677e+01	616	3.534003e+02	1.121355e+01	6.267677e+01	616	3.075459e-02	0	
6.277852e+01	617	3.874921e+02	-3.023843e+00	6.277852e+01	617	-7.865000e-03	0	
6.288026e+01	618	3.962303e+02	-1.636992e-01	6.288026e+01	618	-4.133123e-04	0	
6.298201e+01	619	3.081971e+02	-6.062438e+00	6.298201e+01	619	-2.006535e-02	0	
6.308376e+01	620	3.695288e+02	-2.143385e-01	6.308376e+01	620	-5.803686e-04	0	
6.318551e+01	621	3.227443e+02	-9.345289e+00	6.318551e+01	621	-2.981914e-02	0	
6.328726e+01	622	3.056195e+02	-6.076700e+00	6.328726e+01	622	-2.028658e-02	0	
6.338900e+01	623	2.886958e+02	-4.178250e+00	6.338900e+01	623	-1.468539e-02	0	
6.349075e+01	624	4.948648e+02	1.568852e+01	6.349075e+01	624	3.072847e-02	0	
6.359250e+01	625	4.601526e+02	8.956759e+00	6.359250e+01	625	1.909312e-02	0	
6.369425e+01	626	4.738571e+02	-1.771429e-01	6.369425e+01	626	-3.739717e-04	0	
6.379600e+01	627	4.258279e+02	-1.735990e+00	6.379600e+01	627	-4.093429e-03	0	
6.389774e+01	628	3.991724e+02	-1.393084e+01	6.389774e+01	628	-3.616131e-02	0	
6.399949e+01	629	4.221623e+02	-2.158034e+00	6.399949e+01	629	-5.138124e-03	0	
6.410124e+01	630	4.453532e+02	2.342101e+00	6.410124e+01	630	5.231462e-03	0	
6.420299e+01	631	4.467837e+02	6.202114e+00	6.420299e+01	631	1.369163e-02	0	
6.430474e+01	632	4.656893e+02	6.865062e+00	6.430474e+01	632	1.452756e-02	0	
6.440648e+01	633	4.428795e+02	3.247577e-01	6.440648e+01	633	7.327495e-04	0	
6.450823e+01	634	4.463636e+02	-4.889689e+00	6.450823e+01	634	-1.107583e-02	0	
6.460998e+01	635	4.285076e+02	3.807704e+00	6.460998e+01	635	8.807701e-03	0	
6.471173e+01	636	4.307592e+02	-4.557392e+00	6.471173e+01	636	-1.069304e-02	0	
6.481348e+01	637	4.282184e+02	1.436499e+01	6.481348e+01	637	3.245714e-02	0	
6.491522e+01	638	4.298984e+02	9.164063e+00	6.491522e+01	638	2.087189e-02	0	
6.501697e+01	639	4.465183e+02	9.025932e+00	6.501697e+01	639	1.981351e-02	0	
6.511872e+01	640	4.412395e+02	3.211588e+01	6.511872e+01	640	6.784729e-02	0	
6.522047e+01	641	4.293489e+02	1.716443e+01	6.522047e+01	641	3.844102e-02	0	
6.532222e+01	642	4.291417e+02	1.979985e+01	6.532222e+01	642	4.410340e-02	0	
6.542396e+01	643	3.972216e+02	5.901562e+00	6.542396e+01	643	1.463960e-02	0	
6.552571e+01	644	4.409377e+02	1.788306e+01	6.552571e+01	644	3.897614e-02	0	
6.562746e+01	645	5.318672e+02	2.951595e+01	6.562746e+01	645	5.257719e-02	0	
6.572921e+01	646	4.433972e+02	1.141848e+01	6.572921e+01	646	2.510573e-02	0	
6.583096e+01	647	4.275022e+02	2.020796e+01	6.583096e+01	647	4.513626e-02	0	
6.593270e+01	648	4.693184e+02	1.011451e+01	6.593270e+01	648	2.109682e-02	0	
6.603445e+01	649	4.071114e+02	1.487688e+01	6.603445e+01	649	3.525425e-02	0	
6.613620e+01	650	4.190187e+02	2.035892e+01	6.613620e+01	650	4.633581e-02	0	
6.623795e+01	651	4.529572e+02	8.780692e-01	6.623795e+01	651	1.934775e-03	0	
6.633970e+01	652	4.400195e+02	1.977106e+01	6.633970e+01	652	4.300014e-02	0	
6.644144e+01	653	4.789874e+02	1.071065e+01	6.644144e+01	653	2.187195e-02	0	
6.654319e+01	654	5.086209e+02	-2.386624e+01	6.654319e+01	654	-4.923365e-02	0	
6.664494e+01	655	4.415163e+02	8.163067e+00	6.664494e+01	655	1.815308e-02	0	
6.674669e+01	656	3.966257e+02	1.888356e+01	6.674669e+01	656	4.544678e-02	0	
6.684844e+01	657	419	8.279825e+00	6.684844e+01	657	1.937799e-02	0	
6.695018e+01	658	4.737195e+02	1.475947e+00	6.695018e+01	658	3.105979e-03	0	
6.705193e+01	659	4.566701e+02	1.060655e+01	6.705193e+01	659	2.269865e-02	0	
6.715368e+01	660	3.929294e+02	5.939382e+01	6.715368e+01	660	1.313084e-01	0	
6.725543e+01	661	4.412952e+02	2.799992e+01	6.725543e+01	661	5.966378e-02	0	
6.735718e+01	662	4.106539e+02	1.226942e+01	6.735718e+01	662	2.901098e-02	0	
6.745892e+01	663	4.510362e+02	1.720310e+01	6.745892e+01	663	3.673997e-02	0	
6.756067e+01	664	4.032616e+02	1.397761e+01	6.756067e+01	664	3.350023e-02	0	
6.766242e+01	665	4.122253e+02	4.241488e+01	6.766242e+01	665	9.329329e-02	0	
6.776417e+01	666	4.273778e+02	9.646726e+00	6.776417e+01	666	2.207365e-02	0	
6.786592e+01	667	4.127553e+02	1.039744e+01	6.786592e+01	667	2.457136e-02	0	
6.796766e+01	668	4.447805e+02	3.798939e+01	6.796766e+01	668	7.869047e-02	0	
6.806941e+01	669	4.240114e+02	4.222002e+01	6.806941e+01	669	9.055593e-02	0	
6.817116e+01	670	4.589804e+02	4.681267e+01	6.817116e+01	670	9.255301e-02	0	
6.827291e+01	671	4.949296e+02	4.357517e+01	6.827291e+01	671	8.091882e-02	0	
6.837466e+01	672	5.201520e+02	1.407470e+01	6.837466e+01	672	2.634593e-02	0	
6.847640e+01	673	4.507941e+02	3.604434e+01	6.847640e+01	673	7.403758e-02	0	
6.857815e+01	674	4.632703e+02	1.433749e+01	6.857815e+01	674	3.001938e-02	0	
6.867990e+01	675	4.518890e+02	4.850598e+01	6.867990e+01	675	9.693538e-02	0	
6.878165e+01	676	4.447362e+02	3.096834e+01	6.878165e+01	676	6.509995e-02	0	
6.888340e+01	677	4.427291e+02	2.792946e+01	6.888340e+01	677	5.934123e-02	0	
6.898514e+01	678	4.570009e+02	5.118990e+00	6.898514e+01	678	1.107719e-02	0	
6.908689e+01	679	4.376587e+02	4.908533e+01	6.908689e+01	679	1.008442e-01	0	
6.918864e+01	680	4.478933e+02	3.557486e+01	6.918864e+01	680	7.358263e-02	0	
6.929039e+01	681	4.346809e+02	2.994866e+01	6.929039e+01	681	6.445707e-02	0	
6.939214e+01	682	3.914661e+02	-1.283650e+01	6.939214e+01	682	-3.390253e-02	0	
6.949388e+01	683	4.039664e+02	2.456387e+01	6.949388e+01	683	5.732120e-02	0	
6.959563e+01	684	4.507699e+02	2.287405e+01	6.959563e+01	684	4.829377e-02	0	
6.969738e+01	685	4.407854e+02	2.061385e+01	6.969738e+01	685	4.467682e-02	0	
6.979913e+01	686	3.709341e+02	2.198666e+01	6.979913e+01	686	5.595698e-02	0	
6.990088e+01	687	4.518706e+02	7.936650e+00	6.990088e+01	687	1.726082e-02	0	
7.000262e+01	688	4.853930e+02	1.596332e+01	7.000262e+01	688	3.184027e-02	0	
7.010437e+01	689	4.920329e+02	-1.515553e+00	7.010437e+01	689	-3.089703e-03	0	
7.020612e+01	690	4.406630e+02	2.872945e+01	7.020612e+01	690	6.120561e-02	0	
7.030787e+01	691	4.998765e+02	-2.820578e+01	7.030787e+01	691	-5.979973e-02	0	
7.040962e+01	692	4.891433e+02	6.984818e+00	7.040962e+01	692	1.407866e-02	0	
7.051136e+01	693	5.031456e+02	-2.195146e+01	7.051136e+01	693	-4.561872e-02	0	
7.061311e+01	694	4.795993e+02	8.327182e+00	7.061311e+01	694	1.706647e-02	0	
7.071486e+01	695	5.312031e+02	2.017134e+01	7.071486e+01	695	3.658374e-02	0	
7.081661e+01	696	5.684448e+02	1.733395e+01	7.081661e+01	696	2.959129e-02	0	
7.091836e+01	697	5.497691e+02	-2.459042e+00	7.091836e+01	697	-4.492960e-03	0	
7.102010e+01	698	5.300396e+02	-1.444899e+01	7.102010e+01	698	-2.802415e-02	0	
7.112185e+01	699	5.374289e+02	9.337128e+00	7.112185e+01	699	1.707701e-02	0	
7.122360e+01	700	5.540455e+02	2.627290e+00	7.122360e+01	700	4.719631e-03	0	
7.132535e+01	701	3.761305e+02	4.629619e+01	7.132535e+01	701	1.095958e-01	0	
7.142710e+01	702	4.794461e+02	5.380840e+01	7.142710e+01	702	1.009057e-01	0	
7.152884e+01	703	4.089438e+02	3.830952e+01	7.152884e+01	703	8.565508e-02	0	
7.163059e+01	704	3.812195e+02	4.495553e+01	7.163059e+01	704	1.054861e-01	0	
7.173234e+01	705	3.703838e+02	6.058196e+01	7.173234e+01	705	1.405726e-01	0	
7.183409e+01	706	4.517933e+02	2.862729e+01	7.183409e+01	706	5.958797e-02	0	
7.193584e+01	707	4.916374e+02	-3.770691e+00	7.193584e+01	707	-7.728937e-03	0	
7.203758e+01	708	4.821776e+02	-1.054245e+01	7.203758e+01	708	-2.235298e-02	0	
7.213933e+01	709	4.616544e+02	1.021297e+01	7.213933e+01	709	2.164373e-02	0	
7.224108e+01	710	4.674111e+02	-1.348611e+00	7.224108e+01	710	-2.893627e-03	0	
7.234283e+01	711	4.679475e+02	-1.344498e+01	7.234283e+01	711	-2.958175e-02	0	
7.244458e+01	712	4.320520e+02	1.122075e+01	7.244458e+01	712	2.531342e-02	0	
7.254632e+01	713	4.553006e+02	9.986370e+00	7.254632e+01	713	2.146282e-02	0	
7.264807e+01	714	4.432087e+02	1.661669e+01	7.264807e+01	714	3.613696e-02	0	
7.274982e+01	715	4.718212e+02	2.142897e+01	7.274982e+01	715	4.344442e-02	0	
7.285157e+01	716	4.689886e+02	2.704136e+01	7.285157e+01	716	5.451558e-02	0	
7.295332e+01	717	4.425205e+02	2.416687e+00	7.295332e+01	717	5.431524e-03	0	
7.305506e+01	718	5.357028e+02	1.001689e+01	7.305506e+01	718	1.835538e-02	0	
7.315681e+01	719	4.815715e+02	3.567932e+01	7.315681e+01	719	6.897876e-02	0	
7.325856e+01	720	4.623068e+02	1.843824e+01	7.325856e+01	720	3.835347e-02	0	
7.336031e+01	721	3.822197e+02	2.541335e+01	7.336031e+01	721	6.234369e-02	0	
7.346206e+01	722	3.819306e+02	3.649631e+01	7.346206e+01	722	8.722266e-02	0	
7.356380e+01	723	4.043316e+02	2.692939e+01	7.356380e+01	723	6.244337e-02	0	
7.366555e+01	724	4.095482e+02	2.854933e+01	7.366555e+01	724	6.516661e-02	0	
7.376730e+01	725	4.383694e+02	2.190452e+01	7.376730e+01	725	4.759018e-02	0	
7.386905e+01	726	3.305511e+02	4.887520e+01	7.386905e+01	726	1.288134e-01	0	
7.397080e+01	727	4.161064e+02	3.495360e+01	7.397080e+01	727	7.749213e-02	0	
7.407254e+01	728	4.392623e+02	-4.646550e-02	7.407254e+01	728	-1.057920e-04	0	
7.417429e+01	729	3.814585e+02	3.553703e+01	7.417429e+01	729	8.522161e-02	0	
7.427604e+01	730	3.942188e+02	4.871643e+01	7.427604e+01	730	1.099854e-01	0	
7.437779e+01	731	4.801553e+02	1.683307e+01	7.437779e+01	731	3.387015e-02	0	
7.447954e+01	732	4.728585e+02	1.964819e+01	7.447954e+01	732	3.989426e-02	0	
7.458128e+01	733	5.135570e+02	4.202480e+00	7.458128e+01	733	8.116665e-03	0	
7.468303e+01	734	4.976739e+02	3.161933e+01	7.468303e+01	734	5.973878e-02	0	
7.478478e+01	735	5.041736e+02	2.687942e+01	7.478478e+01	735	5.061532e-02	0	
7.488653e+01	736	4.168869e+02	2.402326e+01	7.488653e+01	736	5.448561e-02	0	
7.498828e+01	737	4.715019e+02	6.210227e+00	7.498828e+01	737	1.299994e-02	0	
7.509002e+01	738	4.674870e+02	3.354556e+01	7.509002e+01	738	6.695285e-02	0	
7.519177e+01	739	4.069562e+02	3.263773e+01	7.519177e+01	739	7.424518e-02	0	
7.529352e+01	740	3.446728e+02	2.259422e+01	7.529352e+01	740	6.151987e-02	0	
7.539527e+01	741	3.788049e+02	1.901228e+01	7.539527e+01	741	4.779150e-02	0	
7.549702e+01	742	3.352027e+02	1.601019e+01	7.549702e+01	742	4.558543e-02	0	
7.559876e+01	743	3.626966e+02	2.086776e+01	7.559876e+01	743	5.440485e-02	0	
7.570051e+01	744	4.278507e+02	3.711187e+01	7.570051e+01	744	7.981690e-02	0	
7.580226e+01	745	5.073951e+02	7.720080e+00	7.580226e+01	745	1.498709e-02	0	
7.590401e+01	746	5.661407e+02	4.566874e+01	7.590401e+01	746	7.464537e-02	0	
7.600576e+01	747	5.104746e+02	4.667401e+01	7.600576e+01	747	8.377300e-02	0	
7.610750e+01	748	5.690154e+02	-1.888224e+01	7.610750e+01	748	-3.432304e-02	0	
7.620925e+01	749	4.979878e+02	1.568093e+01	7.620925e+01	749	3.052732e-02	0	
7.631100e+01	750	5.505905e+02	-1.574247e+01	7.631100e+01	750	-2.943354e-02	0	
7.641275e+01	751	5.427809e+02	9.719671e-01	7.641275e+01	751	1.787516e-03	0	
7.651450e+01	752	4.622495e+02	4.169614e+00	7.651450e+01	752	8.939629e-03	0	
7.661624e+01	753	4.625088e+02	1.036495e+01	7.661624e+01	753	2.191906e-02	0	
7.671799e+01	754	4.950423e+02	3.875635e+01	7.671799e+01	754	7.260481e-02	0	
7.681974e+01	755	4.596493e+02	1.832899e-01	7.681974e+01	755	3.986014e-04	0	
7.692149e+01	756	4.818632e+02	1.756226e+01	7.692149e+01	756	3.516493e-02	0	
7.702324e+01	757	4.873614e+02	-6.191860e+00	7.702324e+01	757	-1.286835e-02	0	
7.712498e+01	758	4.771803e+02	-1.759047e+00	7.712498e+01	758	-3.699976e-03	0	
7.722673e+01	759	4.400589e+02	1.358887e+01	7.722673e+01	759	2.995467e-02	0	
7.732848e+01	760	4.826722e+02	6.882383e+00	7.732848e+01	760	1.405846e-02	0	
7.743023e+01	761	5.449831e+02	-1.142730e+01	7.743023e+01	761	-2.141725e-02	0	
7.753198e+01	762	4.845257e+02	3.103049e+01	7.753198e+01	762	6.018838e-02	0	
7.763372e+01	763	4.920452e+02	-1.369364e+01	7.763372e+01	763	-2.862673e-02	0	
7.773547e+01	764	5.263193e+02	1.153122e+01	7.773547e+01	764	2.143945e-02	0	
7.783722e+01	765	4.894365e+02	1.294946e+00	7.783722e+01	765	2.638808e-03	0	
7.793897e+01	766	4.901579e+02	-4.833991e+00	7.793897e+01	766	-9.960340e-03	0	
7.804072e+01	767	3.505511e+02	1.481190e+01	7.804072e+01	767	4.054023e-02	0	
7.814246e+01	768	3.835499e+02	1.381174e+01	7.814246e+01	768	3.475861e-02	0	
7.824421e+01	769	3.411333e+02	3.429009e+01	7.824421e+01	769	9.133712e-02	0	
7.834596e+01	770	3.146415e+02	1.519880e+01	7.834596e+01	770	4.607927e-02	0	
7.844771e+01	771	4.304422e+02	2.339547e+01	7.844771e+01	771	5.155030e-02	0	
7.854946e+01	772	5.051416e+02	-1.303314e+01	7.854946e+01	772	-2.648428e-02	0	
7.865120e+01	773	5.618096e+02	-1.380570e+01	7.865120e+01	773	-2.519270e-02	0	
7.875295e+01	774	4.343899e+02	7.984623e-01	7.875295e+01	774	1.834751e-03	0	
7.885470e+01	775	5.121265e+02	-2.371998e+01	7.885470e+01	775	-4.856606e-02	0	
7.895645e+01	776	5.466485e+02	-2.182640e+01	7.895645e+01	776	-4.158819e-02	0	
7.905820e+01	777	4.848781e+02	-5.459724e+00	7.905820e+01	777	-1.138822e-02	0	
7.915994e+01	778	4.984085e+02	-1.171061e+01	7.915994e+01	778	-2.406135e-02	0	
7.926169e+01	779	4.739672e+02	7.090900e+00	7.926169e+01	779	1.474022e-02	0	
7.936344e+01	780	5.210690e+02	-2.406728e+01	7.936344e+01	780	-4.842494e-02	0	
7.946519e+01	781	5.153108e+02	1.270147e+01	7.946519e+01	781	2.405526e-02	0	
7.956694e+01	782	4.593753e+02	1.252474e+01	7.956694e+01	782	2.654109e-02	0	
7.966868e+01	783	4.406311e+02	1.154157e+01	7.966868e+01	783	2.552470e-02	0	
7.977043e+01	784	4.555248e+02	1.102188e+01	7.977043e+01	784	2.362439e-02	0	
7.987218e+01	785	4.822031e+02	2.876858e+00	7.987218e+01	785	5.930688e-03	0	
7.997393e+01	786	5.202511e+02	5.229183e+00	7.997393e+01	786	9.951245e-03	0	
8.007568e+01	787	4.652084e+02	-4.630901e+00	8.007568e+01	787	-1.005455e-02	0	
8.017742e+01	788	5.457255e+02	3.611905e-01	8.017742e+01	788	6.614160e-04	0	
8.027917e+01	789	5.736525e+02	1.233419e+01	8.027917e+01	789	2.104858e-02	0	
8.038092e+01	790	4.692692e+02	-1.523864e+01	8.038092e+01	790	-3.356303e-02	0	
8.048267e+01	791	5.488754e+02	1.440554e+01	8.048267e+01	791	2.557434e-02	0	
8.058442e+01	792	4.479006e+02	1.127597e+00	8.058442e+01	792	2.511194e-03	0	
8.068616e+01	793	4.766427e+02	-1.594735e+01	8.068616e+01	793	-3.461583e-02	0	
8.078791e+01	794	4.883502e+02	9.854949e+00	8.078791e+01	794	1.978091e-02	0	
8.088966e+01	795	5.290732e+02	4.614532e+00	8.088966e+01	795	8.646502e-03	0	
8.099141e+01	796	4.987215e+02	1.011851e+01	8.099141e+01	796	1.988544e-02	0	
8.109316e+01	797	4.967540e+02	6.647364e-01	8.109316e+01	797	1.336372e-03	0	
8.119490e+01	798	4.679883e+02	-4.752788e+00	8.119490e+01	798	-1.025998e-02	0	
8.129665e+01	799	4.521463e+02	1.088112e+01	8.129665e+01	799	2.349995e-02	0	
8.139840e+01	800	4.654370e+02	-4.098839e+00	8.139840e+01	800	-8.884674e-03	0	
8.150015e+01	801	5.238631e+02	-5.974035e+00	8.150015e+01	801	-1.153536e-02	0	
8.160190e+01	802	4.326430e+02	-1.727360e+01	8.160190e+01	802	-4.158612e-02	0	
8.170364e+01	803	4.757827e+02	1.181722e+01	8.170364e+01	803	2.423548e-02	0	
8.180539e+01	804	4.003125e+02	-3.800581e+01	8.180539e+01	804	-1.048996e-01	0	
8.190714e+01	805	4.656460e+02	-3.290662e+00	8.190714e+01	805	-7.117171e-03	0	
8.200889e+01	806	4.628495e+02	-9.793436e+00	8.200889e+01	806	-2.161639e-02	0	
8.211064e+01	807	4.547200e+02	1.659408e+01	8.211064e+01	807	3.520811e-02	0	
8.221238e+01	808	4.498341e+02	3.158998e+01	8.221238e+01	808	6.561778e-02	0	
8.231413e+01	809	4.763266e+02	1.026605e+01	8.231413e+01	809	2.109783e-02	0	
8.241588e+01	810	4.480886e+02	1.184137e+01	8.241588e+01	810	2.574603e-02	0	
8.251763e+01	811	4.560368e+02	1.838699e+01	8.251763e+01	811	3.875647e-02	0	
8.261938e+01	812	4.748238e+02	2.062376e+01	8.261938e+01	812	4.162652e-02	0	
8.272112e+01	813	4.836554e+02	2.290964e+01	8.272112e+01	813	4.522547e-02	0	
8.282287e+01	814	4.866503e+02	2.560142e+01	8.282287e+01	814	4.997820e-02	0	
8.292462e+01	815	4.776769e+02	2.720226e+01	8.292462e+01	815	5.387875e-02	0	
8.302637e+01	816	4.662151e+02	1.412674e+01	8.302637e+01	816	2.940976e-02	0	
8.312812e+01	817	4.530813e+02	1.590203e+01	8.312812e+01	817	3.390745e-02	0	
8.322986e+01	818	4.567617e+02	2.369269e+01	8.322986e+01	818	4.931309e-02	0	
8.333161e+01	819	4.761857e+02	3.293543e+01	8.333161e+01	819	6.469075e-02	0	
8.343336e+01	820	4.709241e+02	2.244867e+01	8.343336e+01	820	4.550042e-02	0	
8.353511e+01	821	4.830014e+02	3.834798e+01	8.353511e+01	821	7.355524e-02	0	
8.363686e+01	822	4.827560e+02	2.624070e+01	8.363686e+01	822	5.155377e-02	0	
8.373860e+01	823	3.596991e+02	7.038136e+00	8.373860e+01	823	1.919122e-02	0	
8.384035e+01	824	3.665047e+02	1.240509e+01	8.384035e+01	824	3.273890e-02	0	
8.394210e+01	825	4.481133e+02	1.610369e+01	8.394210e+01	825	3.469001e-02	0	
8.404385e+01	826	3.904962e+02	1.233554e+01	8.404385e+01	826	3.062207e-02	0	
8.414560e+01	827	3.421165e+02	-9.706237e+00	8.414560e+01	827	-2.919957e-02	0	
8.424734e+01	828	3.155355e+02	1.843680e+01	8.424734e+01	828	5.520458e-02	0	
8.434909e+01	829	3.315038e+02	1.793351e+01	8.434909e+01	829	5.132111e-02	0	
8.445084e+01	830	3.743077e+02	4.201124e+00	8.445084e+01	830	1.109914e-02	0	
8.455259e+01	831	3.671218e+02	1.006337e+01	8.455259e+01	831	2.668018e-02	0	
8.465434e+01	832	3.677204e+02	8.249561e+00	8.465434e+01	832	2.194207e-02	0	
8.475608e+01	833	4.045749e+02	1.152185e+01	8.475608e+01	833	2.769031e-02	0	
8.485783e+01	834	3.802376e+02	6.814843e+00	8.485783e+01	834	1.760703e-02	0	
8.495958e+01	835	3.592566e+02	1.268389e+01	8.495958e+01	835	3.410193e-02	0	
8.506133e+01	836	3.636754e+02	7.543759e+00	8.506133e+01	836	2.032158e-02	0	
8.516308e+01	837	4.129070e+02	6.810840e-01	8.516308e+01	837	1.646769e-03	0	
8.526482e+01	838	4.567177e+02	-1.345409e+00	8.526482e+01	838	-2.954525e-03	0	
8.536657e+01	839	3.571666e+02	-1.040838e+01	8.536657e+01	839	-3.001625e-02	0	
8.546832e+01	840	3.582324e+02	-7.687343e+00	8.546832e+01	840	-2.192969e-02	0	
8.557007e+01	841	3.560395e+02	1.396088e+01	8.557007e+01	841	3.773207e-02	0	
8.567182e+01	842	3.444663e+02	-2.064441e+01	8.567182e+01	842	-6.375236e-02	0	
8.577356e+01	843	3.515316e+02	-1.593172e+01	8.577356e+01	843	-4.747237e-02	0	
8.587531e+01	844	3.998944e+02	-6.742811e+00	8.587531e+01	844	-1.715066e-02	0	
8.597706e+01	845	3.569814e+02	1.140951e+01	8.597706e+01	845	3.097120e-02	0	
8.607881e+01	846	3.720645e+02	2.102208e+01	8.607881e+01	846	5.347952e-02	0	
8.618056e+01	847	3.720764e+02	7.010425e+00	8.618056e+01	847	1.849293e-02	0	
8.628230e+01	848	3.634411e+02	2.980453e+00	8.628230e+01	848	8.133946e-03	0	
8.638405e+01	849	3.356856e+02	-4.971270e-01	8.638405e+01	849	-1.483127e-03	0	
8.648580e+01	850	3.067232e+02	2.131686e+01	8.648580e+01	850	6.498249e-02	0	
8.658755e+01	851	3.217054e+02	1.313616e+01	8.658755e+01	851	3.923097e-02	0	
8.668930e+01	852	3.331174e+02	9.830559e+00	8.668930e+01	852	2.866487e-02	0	
8.679104e+01	853	4.677133e+02	8.962624e+00	8.679104e+01	853	1.880234e-02	0	
8.689279e+01	854	4.693148e+02	1.654009e+01	8.689279e+01	854	3.404327e-02	0	
8.699454e+01	855	4.605280e+02	-1.234128e+01	8.699454e+01	855	-2.753602e-02	0	
8.709629e+01	856	4.845674e+02	4.506752e+01	8.709629e+01	856	8.509167e-02	0	
8.719804e+01	857	4.892095e+02	-1.242421e+01	8.719804e+01	857	-2.605829e-02	0	
8.729978e+01	858	4.564019e+02	-1.870367e+01	8.729978e+01	858	-4.273188e-02	0	
8.740153e+01	859	4.817436e+02	1.359187e+01	8.740153e+01	859	2.743973e-02	0	
8.750328e+01	860	4.912434e+02	-1.583598e+01	8.750328e+01	860	-3.331033e-02	0	
8.760503e+01	861	3.981776e+02	3.856441e+00	8.760503e+01	861	9.592325e-03	0	
8.770678e+01	862	4.119166e+02	8.567815e+00	8.770678e+01	862	2.037606e-02	0	
8.780852e+01	863	4.634975e+02	-1.103366e+01	8.780852e+01	863	-2.438573e-02	0	
8.791027e+01	864	3.940439e+02	3.685299e+01	8.791027e+01	864	8.552624e-02	0	
8.801202e+01	865	4.188906e+02	1.071063e+01	8.801202e+01	865	2.493156e-02	0	
8.811377e+01	866	4.198756e+02	-3.665641e+00	8.811377e+01	866	-8.807192e-03	0	
8.821552e+01	867	4.217340e+02	-2.215905e+00	8.821552e+01	867	-5.282025e-03	0	
8.831726e+01	868	3.949619e+02	3.870612e+00	8.831726e+01	868	9.704856e-03	0	
8.841901e+01	869	4.069027e+02	-9.103554e+00	8.841901e+01	869	-2.288480e-02	0	
8.852076e+01	870	4.177852e+02	9.819558e+00	8.852076e+01	870	2.296410e-02	0	
8.862251e+01	871	3.312413e+02	-1.406993e+01	8.862251e+01	871	-4.436066e-02	0	
8.872426e+01	872	4.147877e+02	4.133080e+00	8.872426e+01	872	9.866018e-03	0	
8.882600e+01	873	4.286506e+02	-1.135269e+01	8.882600e+01	873	-2.720524e-02	0	
8.892775e+01	874	4.991088e+02	-1.718913e+01	8.892775e+01	874	-3.566804e-02	0	
8.902950e+01	875	4.988988e+02	-9.727394e+00	8.902950e+01	875	-1.988545e-02	0	
8.913125e+01	876	4.900715e+02	-2.095388e+00	8.913125e+01	876	-4.294038e-03	0	
8.923300e+01	877	4.261645e+02	-1.785899e+01	8.923300e+01	877	-4.373928e-02	0	
8.933474e+01	878	4.317083e+02	-9.087732e+00	8.933474e+01	878	-2.150329e-02	0	
8.943649e+01	879	4.428317e+02	-2.167749e+01	8.943649e+01	879	-5.147162e-02	0	
8.953824e+01	880	3.745898e+02	-5.529406e+00	8.953824e+01	880	-1.498239e-02	0	
8.963999e+01	881	3.655988e+02	2.835306e+00	8.963999e+01	881	7.695558e-03	0	
8.974174e+01	882	4.210624e+02	9.093560e+00	8.974174e+01	882	2.114015e-02	0	
8.984348e+01	883	4.270732e+02	-8.323694e+00	8.984348e+01	883	-1.987750e-02	0	
8.994523e+01	884	3.920368e+02	-4.652556e+00	8.994523e+01	884	-1.201018e-02	0	
9.004698e+01	885	4.159484e+02	6.883908e+00	9.004698e+01	885	1.628047e-02	0	
9.014873e+01	886	4.734943e+02	1.993212e+01	9.014873e+01	886	4.039532e-02	0	
9.025048e+01	887	5.122042e+02	4.251030e+01	9.025048e+01	887	7.663456e-02	0	
9.035222e+01	888	4.108005e+02	2.162882e+01	9.035222e+01	888	5.001701e-02	0	
9.045397e+01	889	4.691924e+02	1.039390e+01	9.045397e+01	889	2.167264e-02	0	
9.055572e+01	890	3.510908e+02	-1.219972e+00	9.055572e+01	890	-3.486921e-03	0	
9.065747e+01	891	3.661541e+02	-1.337282e+01	9.065747e+01	891	-3.790683e-02	0	
9.075922e+01	892	3.538570e+02	-1.861130e+01	9.075922e+01	892	-5.551540e-02	0	
9.086096e+01	893	3.959801e+02	6.782080e+00	9.086096e+01	893	1.683892e-02	0	
9.096271e+01	894	3.465256e+02	-2.996580e+01	9.096271e+01	894	-9.466079e-02	0	
9.106446e+01	895	3.512565e+02	-1.781646e+00	9.106446e+01	895	-5.098066e-03	0	
9.116621e+01	896	4.033370e+02	1.328988e+01	9.116621e+01	896	3.189876e-02	0	
9.126796e+01	897	4.206878e+02	5.859577e+00	9.126796e+01	897	1.373722e-02	0	
9.136970e+01	898	1.016839e+02	3.540255e+02	9.136970e+01	898	7.768668e-01	7.000000e-01	
9.147145e+01	899	1.130533e+02	3.837640e+02	9.147145e+01	899	7.724449e-01	7.000000e-01	
9.157320e+01	900	1.038239e+02	3.257936e+02	9.157320e+01	900	7.583341e-01	7.000000e-01	
9.167495e+01	901	8.551968e+01	3.301481e+02	9.167495e+01	901	7.942595e-01	7.000000e-01	
9.177670e+01	902	1.070611e+02	3.741388e+02	9.177670e+01	902	7.775122e-01	7.000000e-01	
9.187844e+01	903	1.139000e+02	3.566572e+02	9.187844e+01	903	7.579465e-01	7.000000e-01	
9.198019e+01	904	1.263086e+02	3.435878e+02	9.198019e+01	904	7.311990e-01	7.000000e-01	
9.208194e+01	905	1.067449e+02	3.422304e+02	9.208194e+01	905	7.622477e-01	7.000000e-01	
9.218369e+01	906	9.525409e+01	3.490611e+02	9.218369e+01	906	7.856159e-01	7.000000e-01	
9.228544e+01	907	1.269015e+02	3.404015e+02	9.228544e+01	907	7.284385e-01	7.000000e-01	
9.238718e+01	908	9.522269e+01	3.405940e+02	9.238718e+01	908	7.815075e-01	7.000000e-01	
9.248893e+01	909	1.262382e+02	3.556091e+02	9.248893e+01	909	7.380120e-01	7.000000e-01	
9.259068e+01	910	1.244569e+02	3.432509e+02	9.259068e+01	910	7.339003e-01	7.000000e-01	
9.269243e+01	911	1.207243e+02	3.145419e+02	9.269243e+01	911	7.226426e-01	7.000000e-01	
9.279418e+01	912	1.144847e+02	3.406123e+02	9.279418e+01	912	7.484389e-01	7.000000e-01	
9.289592e+01	913	1.151915e+02	3.009666e+02	9.289592e+01	913	7.232026e-01	7.000000e-01	
9.299767e+01	914	1.919338e+02	4.299207e+02	9.299767e+01	914	6.913526e-01	7.000000e-01	
9.309942e+01	915	8.763015e+01	2.908999e+02	9.309942e+01	915	7.684988e-01	7.000000e-01	
9.320117e+01	916	8.934412e+01	3.269379e+02	9.320117e+01	916	7.853760e-01	7.000000e-01	
9.330292e+01	917	9.772990e+01	2.086604e+02	9.330292e+01	917	6.810281e-01	7.000000e-01	
9.340466e+01	918	1.081202e+02	3.294978e+02	9.340466e+01	918	7.529348e-01	7.000000e-01	
9.350641e+01	919	6.525996e+01	3.307936e+02	9.350641e+01	919	8.352244e-01	7.000000e-01	
9.360816e+01	920	1.198729e+02	3.097418e+02	9.360816e+01	920	7.209758e-01	7.000000e-01	
9.370991e+01	921	1.010771e+02	3.179854e+02	9.370991e+01	921	7.588018e-01	7.000000e-01	
9.381166e+01	922	9.678118e+01	3.395551e+02	9.381166e+01	922	7.781959e-01	7.000000e-01	
9.391340e+01	923	1.426115e+02	3.894333e+02	9.391340e+01	923	7.319558e-01	7.000000e-01	
9.401515e+01	924	1.012386e+02	3.316093e+02	9.401515e+01	924	7.661105e-01	7.000000e-01	
9.411690e+01	925	6.592471e+01	3.747206e+02	9.411690e+01	925	8.503905e-01	7.000000e-01	
9.421865e+01	926	8.809688e+01	3.019096e+02	9.421865e+01	926	7.741143e-01	7.000000e-01	
9.432040e+01	927	9.431711e+01	3.553264e+02	9.432040e+01	927	7.902403e-01	7.000000e-01	
9.442214e+01	928	1.025836e+02	3.240166e+02	9.442214e+01	928	7.595322e-01	7.000000e-01	
9.452389e+01	929	1.017613e+02	3.446663e+02	9.452389e+01	929	7.720542e-01	7.000000e-01	
9.462564e+01	930	8.916380e+01	2.872461e+02	9.462564e+01	930	7.631205e-01	7.000000e-01	
9.472739e+01	931	7.936132e+01	2.898331e+02	9.472739e+01	931	7.850419e-01	7.000000e-01	
9.482914e+01	932	9.169924e+01	3.135787e+02	9.482914e+01	932	7.737374e-01	7.000000e-01	
9.493088e+01	933	5.487947e+01	2.202931e+02	9.493088e+01	933	8.005634e-01	7.000000e-01	
9.503263e+01	934	6.832714e+01	2.451529e+02	9.503263e+01	934	7.820367e-01	7.000000e-01	
9.513438e+01	935	1.078339e+02	3.382370e+02	9.513438e+01	935	7.582584e-01	7.000000e-01	
9.523613e+01	936	8.950297e+01	3.553882e+02	9.523613e+01	936	7.988205e-01	7.000000e-01	
9.533788e+01	937	9.623864e+01	3.289309e+02	9.533788e+01	937	7.736464e-01	7.000000e-01	
9.543962e+01	938	1.152275e+02	3.686940e+02	9.543962e+01	938	7.618880e-01	7.000000e-01	
9.554137e+01	939	9.708021e+01	3.030945e+02	9.554137e+01	939	7.574054e-01	7.000000e-01	
9.564312e+01	940	1.106109e+02	3.431621e+02	9.564312e+01	940	7.562418e-01	7.000000e-01	
9.574487e+01	941	1.051278e+02	3.458749e+02	9.574487e+01	941	7.669021e-01	7.000000e-01	
9.584662e+01	942	1.075817e+02	3.383618e+02	9.584662e+01	942	7.587549e-01	7.000000e-01	
9.594836e+01	943	1.135512e+02	3.603335e+02	9.594836e+01	943	7.603822e-01	7.000000e-01	
9.605011e+01	944	1.174032e+02	3.527425e+02	9.605011e+01	944	7.502834e-01	7.000000e-01	
9.615186e+01	945	1.176347e+02	3.961061e+02	9.615186e+01	945	7.710232e-01	7.000000e-01	
9.625361e+01	946	1.237275e+02	3.379575e+02	9.625361e+01	946	7.320088e-01	7.000000e-01	
9.635536e+01	947	9.511842e+01	2.446350e+02	9.635536e+01	947	7.200369e-01	7.000000e-01	
9.645710e+01	948	1.018115e+02	2.919378e+02	9.645710e+01	948	7.414307e-01	7.000000e-01	
9.655885e+01	949	1.386100e+02	3.870104e+02	9.655885e+01	949	7.362926e-01	7.000000e-01	
9.666060e+01	950	1.306769e+02	3.939063e+02	9.666060e+01	950	7.508939e-01	7.000000e-01	
9.676235e+01	951	1.607745e+02	3.998244e+02	9.676235e+01	951	7.132094e-01	7.000000e-01	
9.686410e+01	952	1.719030e+02	4.210167e+02	9.686410e+01	952	7.100737e-01	7.000000e-01	
9.696584e+01	953	1.341857e+02	3.937138e+02	9.696584e+01	953	7.458120e-01	7.000000e-01	
9.706759e+01	954	1.613089e+02	4.005980e+02	9.706759e+01	954	7.129259e-01	7.000000e-01	
9.716934e+01	955	1.368846e+02	3.792844e+02	9.716934e+01	955	7.348066e-01	7.000000e-01	
9.727109e+01	956	1.262165e+02	3.950476e+02	9.727109e+01	956	7.578646e-01	7.000000e-01	
9.737284e+01	957	1.340082e+02	3.849403e+02	9.737284e+01	957	7.417698e-01	7.000000e-01	
9.747458e+01	958	1.450825e+02	4.092652e+02	9.747458e+01	958	7.382825e-01	7.000000e-01	
9.757633e+01	959	1.395014e+02	3.925192e+02	9.757633e+01	959	7.377895e-01	7.000000e-01	
9.767808e+01	960	1.308056e+02	3.963535e+02	9.767808e+01	960	7.518669e-01	7.000000e-01	
9.777983e+01	961	1.421786e+02	3.935176e+02	9.777983e+01	961	7.345910e-01	7.000000e-01	
9.788158e+01	962	1.297563e+02	3.759106e+02	9.788158e+01	962	7.433957e-01	7.000000e-01	
9.798332e+01	963	1.329549e+02	3.963056e+02	9.798332e+01	963	7.487912e-01	7.000000e-01	
9.808507e+01	964	1.015470e+02	3.900414e+02	9.808507e+01	964	7.934308e-01	7.000000e-01	
9.818682e+01	965	1.054427e+02	4.066110e+02	9.818682e+01	965	7.940788e-01	7.000000e-01	
9.828857e+01	966	1.068831e+02	3.861757e+02	9.828857e+01	966	7.832244e-01	7.000000e-01	
9.839032e+01	967	1.010495e+02	3.790110e+02	9.839032e+01	967	7.895067e-01	7.000000e-01	
9.849206e+01	968	9.107711e+01	3.588552e+02	9.849206e+01	968	7.975760e-01	7.000000e-01	
9.859381e+01	969	9.973236e+01	4.150555e+02	9.859381e+01	969	8.062651e-01	7.000000e-01	
9.869556e+01	970	1.069161e+02	3.797595e+02	9.869556e+01	970	7.803134e-01	7.000000e-01	
9.879731e+01	971	1.070573e+02	4.039749e+02	9.879731e+01	971	7.905077e-01	7.000000e-01	
9.889906e+01	972	9.507716e+01	4.274828e+02	9.889906e+01	972	8.180550e-01	7.000000e-01	
9.900080e+01	973	9.477251e+01	4.189391e+02	9.900080e+01	973	8.155142e-01	7.000000e-01	
9.910255e+01	974	1.099419e+02	3.455612e+02	9.910255e+01	974	7.586363e-01	7.000000e-01	
9.920430e+01	975	1.115582e+02	3.672426e+02	9.920430e+01	975	7.670050e-01	7.000000e-01	
9.930605e+01	976	1.018070e+02	4.172031e+02	9.930605e+01	976	8.038439e-01	7.000000e-01	
9.940780e+01	977	1.136813e+02	3.385185e+02	9.940780e+01	977	7.486038e-01	7.000000e-01	
9.950954e+01	978	1.025746e+02	4.119668e+02	9.950954e+01	978	8.006485e-01	7.000000e-01	
9.961129e+01	979	8.081935e+01	3.224139e+02	9.961129e+01	979	7.995717e-01	7.000000e-01	
9.971304e+01	980	1.002155e+02	3.008682e+02	9.971304e+01	980	7.501382e-01	7.000000e-01	
9.981479e+01	981	1.012736e+02	2.982536e+02	9.981479e+01	981	7.465164e-01	7.000000e-01	
9.991654e+01	982	1.137700e+02	2.748431e+02	9.991654e+01	982	7.072410e-01	7.000000e-01	
1.000183e+02	983	8.944469e+01	3.176808e+02	1.000183e+02	983	7.803019e-01	7.000000e-01	
1.001200e+02	984	1.062922e+02	3.318807e+02	1.001200e+02	984	7.574195e-01	7.000000e-01	
1.002218e+02	985	1.019490e+02	3.186821e+02	1.002218e+02	985	7.576285e-01	7.000000e-01	
1.003235e+02	986	1.077202e+02	3.108604e+02	1.003235e+02	986	7.426536e-01	7.000000e-01	
1.004253e+02	987	8.674285e+01	2.914727e+02	1.004253e+02	987	7.706523e-01	7.000000e-01	
1.005270e+02	988	1.005983e+02	3.058631e+02	1.005270e+02	988	7.525022e-01	7.000000e-01	
1.006288e+02	989	9.134896e+01	2.836585e+02	1.006288e+02	989	7.564076e-01	7.000000e-01	
1.007305e+02	990	8.931798e+01	3.013190e+02	1.007305e+02	990	7.713530e-01	7.000000e-01	
1.008323e+02	991	1.336867e+02	4.567539e+02	1.008323e+02	991	7.735815e-01	7.000000e-01	
1.009340e+02	992	1.228959e+02	4.137370e+02	1.009340e+02	992	7.709870e-01	7.000000e-01	
1.010358e+02	993	1.333684e+02	4.251811e+02	1.010358e+02	993	7.612237e-01	7.000000e-01	
1.011375e+02	994	1.057533e+02	3.604643e+02	1.011375e+02	994	7.731675e-01	7.000000e-01	
1.012393e+02	995	1.156574e+02	3.546181e+02	1.012393e+02	995	7.540646e-01	7.000000e-01	
1.013410e+02	996	9.244964e+01	3.327386e+02	1.013410e+02	996	7.825677e-01	7.000000e-01	
1.014428e+02	997	1.135815e+02	3.169339e+02	1.014428e+02	997	7.361732e-01	7.000000e-01	
1.015445e+02	998	9.920416e+01	3.216087e+02	1.015445e+02	998	7.642559e-01	7.000000e-01	
1.016463e+02	999	1.095210e+02	3.499271e+02	1.016463e+02	999	7.616249e-01	7.000000e-01	
1.017480e+02	1000	1.058663e+02	3.734969e+02	1.017480e+02	1000	7.791522e-01	7.000000e-01	
1.018497e+02	1001	1.093166e+02	3.703411e+02	1.018497e+02	1001	7.720946e-01	7.000000e-01	
1.019515e+02	1002	7.967112e+01	3.377731e+02	1.019515e+02	1002	8.091455e-01	7.000000e-01	
1.020532e+02	1003	9.277535e+01	3.301144e+02	1.020532e+02	1003	7.806158e-01	7.000000e-01	
1.021550e+02	1004	9.850714e+01	2.989331e+02	1.021550e+02	1004	7.521460e-01	7.000000e-01	
1.022567e+02	1005	8.986164e+01	3.307083e+02	1.022567e+02	1005	7.863337e-01	7.000000e-01	
1.023585e+02	1006	1.196375e+02	3.353271e+02	1.023585e+02	1006	7.370400e-01	7.000000e-01	
1.024602e+02	1007	1.015801e+02	3.374349e+02	1.024602e+02	1007	7.686182e-01	7.000000e-01	
1.025620e+02	1008	1.070829e+02	2.981482e+02	1.025620e+02	1008	7.357486e-01	7.000000e-01	
1.026637e+02	1009	1.085766e+02	3.362213e+02	1.026637e+02	1009	7.558968e-01	7.000000e-01	
1.027655e+02	1010	1.207449e+02	3.480102e+02	1.027655e+02	1010	7.424137e-01	7.000000e-01	
1.028672e+02	1011	1.243585e+02	3.332494e+02	1.028672e+02	1011	7.282422e-01	7.000000e-01	
1.029690e+02	1012	1.243940e+02	3.662002e+02	1.029690e+02	1012	7.464422e-01	7.000000e-01	
1.030707e+02	1013	1.049216e+02	3.525000e+02	1.030707e+02	1013	7.706239e-01	7.000000e-01	
1.031725e+02	1014	9.001477e+01	3.518913e+02	1.031725e+02	1014	7.963034e-01	7.000000e-01	
1.032742e+02	1015	9.973446e+01	3.317893e+02	1.032742e+02	1015	7.688784e-01	7.000000e-01	
1.033760e+02	1016	7.663828e+01	3.691678e+02	1.033760e+02	1016	8.280905e-01	7.000000e-01	
1.034777e+02	1017	1.090116e+02	3.334433e+02	1.034777e+02	1017	7.536210e-01	7.000000e-01	
1.035795e+02	1018	1.107546e+02	3.289012e+02	1.035795e+02	1018	7.480879e-01	7.000000e-01	
1.036812e+02	1019	1.273963e+02	3.553035e+02	1.036812e+02	1019	7.360755e-01	7.000000e-01	
1.037830e+02	1020	1.133719e+02	3.443729e+02	1.037830e+02	1020	7.523251e-01	7.000000e-01	
1.038847e+02	1021	9.566100e+01	3.422401e+02	1.038847e+02	1021	7.815466e-01	7.000000e-01	
1.039865e+02	1022	1.377864e+02	3.941745e+02	1.039865e+02	1022	7.409840e-01	7.000000e-01	
1.040882e+02	1023	1.280421e+02	3.247528e+02	1.040882e+02	1023	7.172183e-01	7.000000e-01	
1.041900e+02	1024	1.246312e+02	3.397524e+02	1.041900e+02	1024	7.316202e-01	7.000000e-01	
1.042917e+02	1025	9.402983e+01	3.560937e+02	1.042917e+02	1025	7.911022e-01	7.000000e-01	
1.043934e+02	1026	1.308558e+02	3.751244e+02	1.043934e+02	1026	7.413816e-01	7.000000e-01	
1.044952e+02	1027	1.289834e+02	3.622722e+02	1.044952e+02	1027	7.374414e-01	7.000000e-01	
1.045969e+02	1028	1.224181e+02	3.597268e+02	1.045969e+02	1028	7.460969e-01	7.000000e-01	
1.046987e+02	1029	1.404387e+02	3.865303e+02	1.046987e+02	1029	7.334972e-01	7.000000e-01	
1.048004e+02	1030	1.289843e+02	3.748403e+02	1.048004e+02	1030	7.439897e-01	7.000000e-01	
1.049022e+02	1031	1.439484e+02	3.910810e+02	1.049022e+02	1031	7.309524e-01	7.000000e-01	
1.050039e+02	1032	1.407305e+02	3.194978e+02	1.050039e+02	1032	6.942159e-01	7.000000e-01	
1.051057e+02	1033	1.436006e+02	4.113459e+02	1.051057e+02	1033	7.412352e-01	7.000000e-01	
1.052074e+02	1034	8.557342e+01	2.932859e+02	1.052074e+02	1034	7.741288e-01	7.000000e-01	
1.053092e+02	1035	7.839360e+01	3.346250e+02	1.053092e+02	1035	8.101935e-01	7.000000e-01	
1.054109e+02	1036	9.797573e+01	3.512954e+02	1.054109e+02	1036	7.819229e-01	7.000000e-01	
1.055127e+02	1037	1.115293e+02	3.416453e+02	1.055127e+02	1037	7.538933e-01	7.000000e-01	
1.056144e+02	1038	1.199281e+02	3.981603e+02	1.056144e+02	1038	7.685181e-01	7.000000e-01	
1.057162e+02	1039	1.183137e+02	4.121615e+02	1.057162e+02	1039	7.769666e-01	7.000000e-01	
1.058179e+02	1040	1.138379e+02	3.559362e+02	1.058179e+02	1040	7.576752e-01	7.000000e-01	
1.059197e+02	1041	1.113055e+02	3.358812e+02	1.059197e+02	1041	7.510984e-01	7.000000e-01	
1.060214e+02	1042	1.018360e+02	3.299409e+02	1.060214e+02	1042	7.641467e-01	7.000000e-01	
1.061232e+02	1043	1.172221e+02	3.683051e+02	1.061232e+02	1043	7.585674e-01	7.000000e-01	
1.062249e+02	1044	1.136759e+02	3.907905e+02	1.062249e+02	1044	7.746611e-01	7.000000e-01	
1.063267e+02	1045	1.141315e+02	3.929331e+02	1.063267e+02	1045	7.749172e-01	7.000000e-01	
1.064284e+02	1046	1.161636e+02	4.068763e+02	1.064284e+02	1046	7.779068e-01	7.000000e-01	
1.065302e+02	1047	1.187122e+02	4.063304e+02	1.065302e+02	1047	7.738999e-01	7.000000e-01	
1.066319e+02	1048	8.874689e+01	3.322472e+02	1.066319e+02	1048	7.891968e-01	7.000000e-01	
1.067337e+02	1049	1.021388e+02	3.784470e+02	1.067337e+02	1049	7.874702e-01	7.000000e-01	
1.068354e+02	1050	9.925402e+01	3.582954e+02	1.068354e+02	1050	7.830748e-01	7.000000e-01	
1.069371e+02	1051	7.797418e+01	2.871294e+02	1.069371e+02	1051	7.864327e-01	7.000000e-01	
1.070389e+02	1052	1.034799e+02	3.230930e+02	1.070389e+02	1052	7.574157e-01	7.000000e-01	
1.071406e+02	1053	7.951526e+01	3.564119e+02	1.071406e+02	1053	8.175951e-01	7.000000e-01	
1.072424e+02	1054	1.006642e+02	3.438996e+02	1.072424e+02	1054	7.735664e-01	7.000000e-01	
1.073441e+02	1055	1.156978e+02	3.117236e+02	1.073441e+02	1055	7.293121e-01	7.000000e-01	
1.074459e+02	1056	1.264567e+02	3.348109e+02	1.074459e+02	1056	7.258496e-01	7.000000e-01	
1.075476e+02	1057	9.619839e+01	3.226145e+02	1.075476e+02	1057	7.703070e-01	7.000000e-01	
1.076494e+02	1058	8.646985e+01	3.335666e+02	1.076494e+02	1058	7.941373e-01	7.000000e-01	
1.077511e+02	1059	9.239834e+01	3.532876e+02	1.077511e+02	1059	7.926828e-01	7.000000e-01	
1.078529e+02	1060	1.022440e+02	3.325141e+02	1.078529e+02	1060	7.648255e-01	7.000000e-01	
1.079546e+02	1061	6.628214e+01	2.958296e+02	1.079546e+02	1061	8.169567e-01	7.000000e-01	
1.080564e+02	1062	9.343647e+01	3.413502e+02	1.080564e+02	1062	7.850981e-01	7.000000e-01	
1.081581e+02	1063	8.965053e+01	3.103355e+02	1.081581e+02	1063	7.758658e-01	7.000000e-01	
1.082599e+02	1064	7.932877e+01	3.310733e+02	1.082599e+02	1064	8.067048e-01	7.000000e-01	
1.083616e+02	1065	8.799618e+01	3.203985e+02	1.083616e+02	1065	7.845315e-01	7.000000e-01	
1.084634e+02	1066	6.219739e+01	3.328947e+02	1.084634e+02	1066	8.425750e-01	7.000000e-01	
1.085651e+02	1067	7.849300e+01	3.723112e+02	1.085651e+02	1067	8.258823e-01	7.000000e-01	
1.086669e+02	1068	6.654381e+01	3.054295e+02	1.086669e+02	1068	8.211060e-01	7.000000e-01	
1.087686e+02	1069	5.490441e+01	3.334595e+02	1.087686e+02	1069	8.586264e-01	7.000000e-01	
1.088704e+02	1070	5.829791e+01	2.900706e+02	1.088704e+02	1070	8.326545e-01	7.000000e-01	
1.089721e+02	1071	6.103119e+01	3.026198e+02	1.089721e+02	1071	8.321710e-01	7.000000e-01	
1.090739e+02	1072	1.183097e+02	3.303783e+02	1.090739e+02	1072	7.363208e-01	7.000000e-01	
1.091756e+02	1073	1.090803e+02	2.920219e+02	1.091756e+02	1073	7.280486e-01	7.000000e-01	
1.092774e+02	1074	1.092560e+02	4.217247e+02	1.092774e+02	1074	7.942373e-01	7.000000e-01	
1.093791e+02	1075	1.013889e+02	2.919854e+02	1.093791e+02	1075	7.422585e-01	7.000000e-01	
1.094808e+02	1076	1.117718e+02	2.904437e+02	1.094808e+02	1076	7.221097e-01	7.000000e-01	
1.095826e+02	1077	1.071529e+02	2.958771e+02	1.095826e+02	1077	7.341317e-01	7.000000e-01	
1.096843e+02	1078	1.282056e+02	3.015176e+02	1.096843e+02	1078	7.016554e-01	7.000000e-01	
1.097861e+02	1079	1.045464e+02	3.148596e+02	1.097861e+02	1079	7.507275e-01	7.000000e-01	
1.098878e+02	1080	9.364905e+01	2.862349e+02	1.098878e+02	1080	7.534798e-01	7.000000e-01	
1.099896e+02	1081	1.162441e+02	2.911997e+02	1.099896e+02	1081	7.146991e-01	7.000000e-01	
1.100913e+02	1082	1.072483e+02	2.953786e+02	1.100913e+02	1082	7.336286e-01	7.000000e-01	
1.101931e+02	1083	1.092026e+02	3.447889e+02	1.101931e+02	1083	7.594611e-01	7.000000e-01	
1.102948e+02	1084	9.088651e+01	3.032104e+02	1.102948e+02	1084	7.693803e-01	7.000000e-01	
1.103966e+02	1085	8.204953e+01	2.372977e+02	1.103966e+02	1085	7.430711e-01	7.000000e-01	
1.104983e+02	1086	8.649259e+01	2.682813e+02	1.104983e+02	1086	7.562036e-01	7.000000e-01	
1.106001e+02	1087	9.632084e+01	2.921683e+02	1.106001e+02	1087	7.520630e-01	7.000000e-01	
1.107018e+02	1088	1.067897e+02	3.062732e+02	1.107018e+02	1088	7.414687e-01	7.000000e-01	
1.108036e+02	1089	1.027364e+02	2.908023e+02	1.108036e+02	1089	7.389421e-01	7.000000e-01	
1.109053e+02	1090	1.179721e+02	3.074246e+02	1.109053e+02	1090	7.226774e-01	7.000000e-01	
1.110071e+02	1091	1.203715e+02	3.168815e+02	1.110071e+02	1091	7.247097e-01	7.000000e-01	
1.111088e+02	1092	1.142891e+02	3.003597e+02	1.111088e+02	1092	7.243713e-01	7.000000e-01	
1.112106e+02	1093	9.600008e+01	3.206985e+02	1.112106e+02	1093	7.696175e-01	7.000000e-01	
1.113123e+02	1094	9.671929e+01	3.266666e+02	1.113123e+02	1094	7.715576e-01	7.000000e-01	
1.114141e+02	1095	1.021579e+02	3.477747e+02	1.114141e+02	1095	7.729484e-01	7.000000e-01	
1.115158e+02	1096	9.881990e+01	3.141539e+02	1.115158e+02	1096	7.607115e-01	7.000000e-01	
1.116176e+02	1097	9.068536e+01	3.223149e+02	1.116176e+02	1097	7.804230e-01	7.000000e-01	
1.117193e+02	1098	9.889957e+01	3.306067e+02	1.117193e+02	1098	7.697366e-01	7.000000e-01	
1.118211e+02	1099	8.424725e+01	3.501303e+02	1.118211e+02	1099	8.060506e-01	7.000000e-01	
1.119228e+02	1100	1.001904e+02	3.386522e+02	1.119228e+02	1100	7.716940e-01	7.000000e-01	
1.120245e+02	1101	9.544461e+01	3.249121e+02	1.120245e+02	1101	7.729438e-01	7.000000e-01	
1.121263e+02	1102	9.362872e+01	3.117294e+02	1.121263e+02	1102	7.690222e-01	7.000000e-01	
1.122280e+02	1103	7.878522e+01	3.445424e+02	1.122280e+02	1103	8.138907e-01	7.000000e-01	
1.123298e+02	1104	1.159585e+02	3.677023e+02	1.123298e+02	1104	7.602483e-01	7.000000e-01	
1.124315e+02	1105	9.098782e+01	3.467835e+02	1.124315e+02	1105	7.921567e-01	7.000000e-01	
1.125333e+02	1106	1.206638e+02	3.798323e+02	1.125333e+02	1106	7.589116e-01	7.000000e-01	
1.126350e+02	1107	1.096768e+02	3.922185e+02	1.126350e+02	1107	7.814747e-01	7.000000e-01	
1.127368e+02	1108	1.054086e+02	3.716599e+02	1.127368e+02	1108	7.790493e-01	7.000000e-01	
1.128385e+02	1109	1.176650e+02	3.809474e+02	1.128385e+02	1109	7.640151e-01	7.000000e-01	
1.129403e+02	1110	1.267756e+02	4.365444e+02	1.129403e+02	1110	7.749492e-01	7.000000e-01	
1.130420e+02	1111	9.412150e+01	3.097498e+02	1.130420e+02	1111	7.669517e-01	7.000000e-01	
1.131438e+02	1112	9.389908e+01	3.187908e+02	1.131438e+02	1112	7.724706e-01	7.000000e-01	
1.132455e+02	1113	9.620134e+01	3.202709e+02	1.132455e+02	1113	7.690090e-01	7.000000e-01	
1.133473e+02	1114	9.703595e+01	3.399846e+02	1.133473e+02	1114	7.779602e-01	7.000000e-01	
1.134490e+02	1115	9.243119e+01	3.264572e+02	1.134490e+02	1115	7.793417e-01	7.000000e-01	
1.135508e+02	1116	9.678102e+01	3.075265e+02	1.135508e+02	1116	7.606252e-01	7.000000e-01	
1.136525e+02	1117	8.675099e+01	3.142911e+02	1.136525e+02	1117	7.836861e-01	7.000000e-01	
1.137543e+02	1118	9.553869e+01	3.264984e+02	1.137543e+02	1118	7.736249e-01	7.000000e-01	
1.138560e+02	1119	1.026475e+02	3.448551e+02	1.138560e+02	1119	7.706214e-01	7.000000e-01	
1.139578e+02	1120	1.037693e+02	3.395491e+02	1.139578e+02	1120	7.659260e-01	7.000000e-01	
1.140595e+02	1121	8.253571e+01	3.316032e+02	1.140595e+02	1121	8.007053e-01	7.000000e-01	
1.141613e+02	1122	1.005709e+02	3.323982e+02	1.141613e+02	1122	7.677181e-01	7.000000e-01	
1.142630e+02	1123	9.178442e+01	3.363546e+02	1.142630e+02	1123	7.856201e-01	7.000000e-01	
1.143648e+02	1124	8.704270e+01	3.248476e+02	1.143648e+02	1124	7.886750e-01	7.000000e-01	
1.144665e+02	1125	9.839414e+01	3.174586e+02	1.144665e+02	1125	7.633919e-01	7.000000e-01	
1.145682e+02	1126	1.015330e+02	3.192721e+02	1.145682e+02	1126	7.587173e-01	7.000000e-01	
1.146700e+02	1127	9.626447e+01	3.339754e+02	1.146700e+02	1127	7.762540e-01	7.000000e-01	
1.147717e+02	1128	1.057514e+02	3.443756e+02	1.147717e+02	1128	7.650632e-01	7.000000e-01	
1.148735e+02	1129	1.008298e+02	3.520325e+02	1.148735e+02	1129	7.773500e-01	7.000000e-01	
1.149752e+02	1130	1.028171e+02	3.293085e+02	1.149752e+02	1130	7.620666e-01	7.000000e-01	
1.150770e+02	1131	1.011109e+02	3.400704e+02	1.150770e+02	1131	7.708178e-01	7.000000e-01	
1.151787e+02	1132	1.082408e+02	3.422883e+02	1.151787e+02	1132	7.597474e-01	7.000000e-01	
1.152805e+02	1133	9.681856e+01	3.385275e+02	1.152805e+02	1133	7.776055e-01	7.000000e-01	
1.153822e+02	1134	9.605890e+01	3.329817e+02	1.153822e+02	1134	7.761077e-01	7.000000e-01	
1.154840e+02	1135	9.832797e+01	3.203865e+02	1.154840e+02	1135	7.651670e-01	7.000000e-01	
1.155857e+02	1136	1.348047e+02	3.392820e+02	1.155857e+02	1136	7.156539e-01	7.000000e-01	
1.156875e+02	1137	1.130562e+02	3.570204e+02	1.156875e+02	1137	7.594941e-01	7.000000e-01	
1.157892e+02	1138	9.038855e+01	3.357358e+02	1.157892e+02	1138	7.878822e-01	7.000000e-01	
1.158910e+02	1139	1.167631e+02	3.416221e+02	1.158910e+02	1139	7.452730e-01	7.000000e-01	
1.159927e+02	1140	9.580023e+01	3.475471e+02	1.159927e+02	1140	7.839161e-01	7.000000e-01	
1.160945e+02	1141	6.233694e+01	2.986699e+02	1.160945e+02	1141	8.273248e-01	7.000000e-01	
1.161962e+02	1142	1.238597e+02	3.482003e+02	1.161962e+02	1142	7.376187e-01	7.000000e-01	
1.162980e+02	1143	1.049351e+02	3.497174e+02	1.162980e+02	1143	7.691971e-01	7.000000e-01	
1.163997e+02	1144	1.038265e+02	3.469795e+02	1.163997e+02	1144	7.696870e-01	7.000000e-01	
1.165015e+02	1145	9.911128e+01	3.616041e+02	1.165015e+02	1145	7.848753e-01	7.000000e-01	
1.166032e+02	1146	1.143758e+02	3.284730e+02	1.166032e+02	1146	7.417272e-01	7.000000e-01	
1.167050e+02	1147	1.146639e+02	3.409793e+02	1.167050e+02	1147	7.483472e-01	7.000000e-01	
1.168067e+02	1148	1.036371e+02	2.954029e+02	1.168067e+02	1148	7.402839e-01	7.000000e-01	
1.169085e+02	1149	1.169600e+02	3.512440e+02	1.169085e+02	1149	7.501944e-01	7.000000e-01	
1.170102e+02	1150	1.411983e+02	3.920346e+02	1.170102e+02	1150	7.352033e-01	7.000000e-01	
1.171119e+02	1151	8.275528e+01	3.339526e+02	1.171119e+02	1151	8.014070e-01	7.000000e-01	
1.172137e+02	1152	1.175892e+02	3.639065e+02	1.172137e+02	1152	7.557835e-01	7.000000e-01	
1.173154e+02	1153	1.196618e+02	3.844877e+02	1.173154e+02	1153	7.626462e-01	7.000000e-01	
1.174172e+02	1154	1.117565e+02	3.352373e+02	1.174172e+02	1154	7.499820e-01	7.000000e-01	
1.175189e+02	1155	1.090345e+02	3.927473e+02	1.175189e+02	1155	7.827054e-01	7.000000e-01	
1.176207e+02	1156	1.112259e+02	3.627839e+02	1.176207e+02	1156	7.653511e-01	7.000000e-01	
1.177224e+02	1157	1.229467e+02	3.797587e+02	1.177224e+02	1157	7.554299e-01	7.000000e-01	
1.178242e+02	1158	1.275545e+02	4.243476e+02	1.178242e+02	1158	7.688820e-01	7.000000e-01	
1.179259e+02	1159	1.314023e+02	4.865432e+02	1.179259e+02	1159	7.873562e-01	7.000000e-01	
1.180277e+02	1160	9.923462e+01	3.226216e+02	1.180277e+02	1160	7.647667e-01	7.000000e-01	
1.181294e+02	1161	4.894238e+01	2.969300e+02	1.181294e+02	1161	8.584958e-01	7.000000e-01	
1.182312e+02	1162	8.692076e+01	3.372868e+02	1.182312e+02	1162	7.950985e-01	7.000000e-01	
1.183329e+02	1163	1.005615e+02	3.283992e+02	1.183329e+02	1163	7.655694e-01	7.000000e-01	
1.184347e+02	1164	1.123372e+02	3.395558e+02	1.184347e+02	1164	7.514075e-01	7.000000e-01	
1.185364e+02	1165	1.100260e+02	3.627591e+02	1.185364e+02	1165	7.672812e-01	7.000000e-01	
1.186382e+02	1166	8.349321e+01	3.006921e+02	1.186382e+02	1166	7.826746e-01	7.000000e-01	
1.187399e+02	1167	9.458035e+01	3.233488e+02	1.187399e+02	1167	7.736929e-01	7.000000e-01	
1.188417e+02	1168	7.284056e+01	2.831203e+02	1.188417e+02	1168	7.953692e-01	7.000000e-01	
1.189434e+02	1169	9.291208e+01	3.865974e+02	1.189434e+02	1169	8.062352e-01	7.000000e-01	
1.190452e+02	1170	1.045397e+02	3.129399e+02	1.190452e+02	1170	7.495933e-01	7.000000e-01	
1.191469e+02	1171	9.861575e+01	3.456596e+02	1.191469e+02	1171	7.780301e-01	7.000000e-01	
1.192487e+02	1172	1.016723e+02	3.050364e+02	1.192487e+02	1172	7.500120e-01	7.000000e-01	
1.193504e+02	1173	8.597560e+01	2.019996e+02	1.193504e+02	1173	7.014479e-01	7.000000e-01	
1.194522e+02	1174	9.461215e+01	3.205393e+02	1.194522e+02	1174	7.721021e-01	7.000000e-01	
1.195539e+02	1175	1.066403e+02	3.197634e+02	1.195539e+02	1175	7.499077e-01	7.000000e-01	
1.196556e+02	1176	9.803659e+01	2.770383e+02	1.196556e+02	1176	7.386213e-01	7.000000e-01	
1.197574e+02	1177	1.187600e+02	3.045274e+02	1.197574e+02	1177	7.194341e-01	7.000000e-01	
1.198591e+02	1178	1.190424e+02	3.897242e+02	1.198591e+02	1178	7.660177e-01	7.000000e-01	
1.199609e+02	1179	9.364337e+01	2.972449e+02	1.199609e+02	1179	7.604344e-01	7.000000e-01	
1.200626e+02	1180	1.092668e+02	2.958538e+02	1.200626e+02	1180	7.302857e-01	7.000000e-01	
1.201644e+02	1181	1.196511e+02	3.254749e+02	1.201644e+02	1181	7.311972e-01	7.000000e-01	
1.202661e+02	1182	9.609320e+01	2.864384e+02	1.202661e+02	1182	7.487967e-01	7.000000e-01	
1.203679e+02	1183	5.634993e+01	2.674396e+02	1.203679e+02	1183	8.259674e-01	7.000000e-01	
1.204696e+02	1184	5.450808e+01	2.775075e+02	1.204696e+02	1184	8.358267e-01	7.000000e-01	
1.205714e+02	1185	5.652296e+01	2.587699e+02	1.205714e+02	1185	8.207287e-01	7.000000e-01	
1.206731e+02	1186	6.323203e+01	2.942444e+02	1.206731e+02	1186	8.231155e-01	7.000000e-01	
1.207749e+02	1187	4.970914e+01	2.774109e+02	1.207749e+02	1187	8.480401e-01	7.000000e-01	
1.208766e+02	1188	7.325077e+01	2.500338e+02	1.208766e+02	1188	7.734171e-01	7.000000e-01	
1.209784e+02	1189	6.246642e+01	2.835654e+02	1.209784e+02	1189	8.194778e-01	7.000000e-01	
1.210801e+02	1190	7.649779e+01	2.525473e+02	1.210801e+02	1190	7.675158e-01	7.000000e-01	
1.211819e+02	1191	5.594322e+01	2.705526e+02	1.211819e+02	1191	8.286556e-01	7.000000e-01	
1.212836e+02	1192	6.826367e+01	2.564523e+02	1.212836e+02	1192	7.897742e-01	7.000000e-01	
1.213854e+02	1193	6.227176e+01	2.542544e+02	1.213854e+02	1193	8.032650e-01	7.000000e-01	
1.214871e+02	1194	7.614117e+01	2.547920e+02	1.214871e+02	1194	7.699198e-01	7.000000e-01	
1.215889e+02	1195	9.649057e+01	2.659955e+02	1.215889e+02	1195	7.338089e-01	7.000000e-01	
1.216906e+02	1196	7.528239e+01	2.555626e+02	1.216906e+02	1196	7.724542e-01	7.000000e-01	
1.217924e+02	1197	7.821707e+01	2.579966e+02	1.217924e+02	1197	7.673590e-01	7.000000e-01	
1.218941e+02	1198	8.061316e+01	2.650034e+02	1.218941e+02	1198	7.667555e-01	7.000000e-01	
1.219959e+02	1199	7.956779e+01	2.439635e+02	1.219959e+02	1199	7.540646e-01	7.000000e-01	
1.220976e+02	1200	9.357978e+01	2.188206e+02	1.220976e+02	1200	7.004492e-01	7.000000e-01	
1.221993e+02	1201	1.004125e+02	2.760404e+02	1.221993e+02	1201	7.332668e-01	7.000000e-01	
1.223011e+02	1202	9.262025e+01	2.412142e+02	1.223011e+02	1202	7.225563e-01	7.000000e-01	
1.224028e+02	1203	1.099706e+02	2.086215e+02	1.224028e+02	1203	6.548232e-01	7.000000e-01	
1.225046e+02	1204	9.358494e+01	2.311674e+02	1.225046e+02	1204	7.118267e-01	7.000000e-01	
1.226063e+02	1205	1.010002e+02	2.155923e+02	1.226063e+02	1205	6.809773e-01	7.000000e-01	
1.227081e+02	1206	7.581852e+01	2.687436e+02	1.227081e+02	1206	7.799569e-01	7.000000e-01	
1.228098e+02	1207	1.005817e+02	2.819132e+02	1.228098e+02	1207	7.370378e-01	7.000000e-01	
1.229116e+02	1208	1.013806e+02	2.726743e+02	1.229116e+02	1208	7.289687e-01	7.000000e-01	
1.230133e+02	1209	8.747602e+01	2.863614e+02	1.230133e+02	1209	7.660052e-01	7.000000e-01	
1.231151e+02	1210	8.239815e+01	2.857125e+02	1.231151e+02	1210	7.761593e-01	7.000000e-01	
1.232168e+02	1211	1.280970e+02	3.718748e+02	1.232168e+02	1211	7.437915e-01	7.000000e-01	
1.233186e+02	1212	1.085806e+02	3.412606e+02	1.233186e+02	1212	7.586246e-01	7.000000e-01	
1.234203e+02	1213	1.186378e+02	3.253105e+02	1.234203e+02	1213	7.327666e-01	7.000000e-01	
1.235221e+02	1214	1.223951e+02	3.614272e+02	1.235221e+02	1214	7.470247e-01	7.000000e-01	
1.236238e+02	1215	9.631105e+01	3.271883e+02	1.236238e+02	1215	7.725828e-01	7.000000e-01	
1.237256e+02	1216	9.728157e+01	3.080872e+02	1.237256e+02	1216	7.600171e-01	7.000000e-01	
1.238273e+02	1217	8.999665e+01	3.056785e+02	1.238273e+02	1217	7.725491e-01	7.000000e-01	
1.239291e+02	1218	1.030511e+02	3.275554e+02	1.239291e+02	1218	7.606838e-01	7.000000e-01	
1.240308e+02	1219	9.729010e+01	3.106393e+02	1.240308e+02	1219	7.615026e-01	7.000000e-01	
1.241326e+02	1220	1.044463e+02	3.457729e+02	1.241326e+02	1220	7.680101e-01	7.000000e-01	
1.242343e+02	1221	1.016488e+02	3.348013e+02	1.242343e+02	1221	7.671010e-01	7.000000e-01	
1.243361e+02	1222	1.052401e+02	3.555923e+02	1.243361e+02	1222	7.716304e-01	7.000000e-01	
1.244378e+02	1223	1.027880e+02	3.402893e+02	1.244378e+02	1223	7.680134e-01	7.000000e-01	
1.245396e+02	1224	1.059926e+02	3.620548e+02	1.245396e+02	1224	7.735430e-01	7.000000e-01	
1.246413e+02	1225	1.129311e+02	3.319804e+02	1.246413e+02	1225	7.461718e-01	7.000000e-01	
1.247430e+02	1226	1.251939e+02	3.368338e+02	1.247430e+02	1226	7.290338e-01	7.000000e-01	
1.248448e+02	1227	1.046214e+02	3.290930e+02	1.248448e+02	1227	7.587781e-01	7.000000e-01	
1.249465e+02	1228	1.076343e+02	3.450762e+02	1.249465e+02	1228	7.622447e-01	7.000000e-01	
1.250483e+02	1229	1.098663e+02	3.508540e+02	1.250483e+02	1229	7.615336e-01	7.000000e-01	
1.251500e+02	1230	9.549384e+01	2.760265e+02	1.251500e+02	1230	7.429647e-01	7.000000e-01	
1.252518e+02	1231	1.071376e+02	3.439792e+02	1.252518e+02	1231	7.625059e-01	7.000000e-01	
1.253535e+02	1232	1.036039e+02	3.103781e+02	1.253535e+02	1232	7.497382e-01	7.000000e-01	
1.254553e+02	1233	9.316825e+01	2.604669e+02	1.254553e+02	1233	7.365413e-01	7.000000e-01	
1.255570e+02	1234	1.352827e+02	3.338328e+02	1.255570e+02	1234	7.116218e-01	7.000000e-01	
1.256588e+02	1235	1.199075e+02	3.491109e+02	1.256588e+02	1235	7.443437e-01	7.000000e-01	
1.257605e+02	1236	1.310519e+02	3.404034e+02	1.257605e+02	1236	7.220269e-01	7.000000e-01	
1.258623e+02	1237	1.401598e+02	3.092935e+02	1.258623e+02	1237	6.881549e-01	7.000000e-01	
1.259640e+02	1238	1.419721e+02	3.527815e+02	1.259640e+02	1238	7.130448e-01	7.000000e-01	
1.260658e+02	1239	1.329285e+02	3.573495e+02	1.260658e+02	1239	7.288712e-01	7.000000e-01	
1.261675e+02	1240	1.555731e+02	3.396409e+02	1.261675e+02	1240	6.858467e-01	7.000000e-01	
1.262693e+02	1241	1.146773e+02	3.330242e+02	1.262693e+02	1241	7.438532e-01	7.000000e-01	
1.263710e+02	1242	1.058760e+02	3.629913e+02	1.263710e+02	1242	7.741877e-01	7.000000e-01	
1.264728e+02	1243	1.020744e+02	3.030248e+02	1.264728e+02	1243	7.480262e-01	7.000000e-01	
1.265745e+02	1244	1.117773e+02	3.111944e+02	1.265745e+02	1244	7.357334e-01	7.000000e-01	
1.266763e+02	1245	1.143838e+02	3.553924e+02	1.266763e+02	1245	7.565143e-01	7.000000e-01	
1.267780e+02	1246	1.179031e+02	4.381384e+02	1.267780e+02	1246	7.879599e-01	7.000000e-01	
1.268798e+02	1247	1.225916e+02	3.592090e+02	1.268798e+02	1247	7.455553e-01	7.000000e-01	
1.269815e+02	1248	1.130857e+02	3.438052e+02	1.269815e+02	1248	7.524886e-01	7.000000e-01	
1.270833e+02	1249	1.313260e+02	3.899739e+02	1.270833e+02	1249	7.480798e-01	7.000000e-01	
1.271850e+02	1250	1.309634e+02	3.979568e+02	1.271850e+02	1250	7.523948e-01	7.000000e-01	
1.272867e+02	1251	1.143975e+02	3.273549e+02	1.272867e+02	1251	7.410371e-01	7.000000e-01	
1.273885e+02	1252	1.279312e+02	3.766759e+02	1.273885e+02	1252	7.464736e-01	7.000000e-01	
1.274902e+02	1253	1.163899e+02	3.627053e+02	1.274902e+02	1253	7.570631e-01	7.000000e-01	
1.275920e+02	1254	1.328461e+02	3.852928e+02	1.275920e+02	1254	7.436091e-01	7.000000e-01	
1.276937e+02	1255	1.255875e+02	3.915241e+02	1.276937e+02	1255	7.571366e-01	7.000000e-01	
1.277955e+02	1256	1.239466e+02	3.642499e+02	1.277955e+02	1256	7.461133e-01	7.000000e-01	
1.278972e+02	1257	9.724528e+01	3.355448e+02	1.278972e+02	1257	7.753061e-01	7.000000e-01	
1.279990e+02	1258	1.163512e+02	3.921821e+02	1.279990e+02	1258	7.712024e-01	7.000000e-01	
1.281007e+02	1259	7.090737e+01	3.113900e+02	1.281007e+02	1259	8.145230e-01	7.000000e-01	
1.282025e+02	1260	1.397220e+02	4.074048e+02	1.282025e+02	1260	7.446259e-01	7.000000e-01	
1.283042e+02	1261	8.147313e+01	3.157210e+02	1.283042e+02	1261	7.948783e-01	7.000000e-01	
1.284060e+02	1262	8.195503e+01	3.307884e+02	1.284060e+02	1262	8.014383e-01	7.000000e-01	
1.285077e+02	1263	1.015423e+02	3.629913e+02	1.285077e+02	1263	7.814102e-01	7.000000e-01	
1.286095e+02	1264	7.635536e+01	2.291930e+02	1.286095e+02	1264	7.501038e-01	7.000000e-01	
1.287112e+02	1265	7.253922e+01	2.211940e+02	1.287112e+02	1265	7.530439e-01	7.000000e-01	
1.288130e+02	1266	7.813849e+01	2.470253e+02	1.288130e+02	1266	7.596950e-01	7.000000e-01	
1.289147e+02	1267	6.937442e+01	3.258184e+02	1.289147e+02	1267	8.244542e-01	7.000000e-01	
1.290165e+02	1268	7.764464e+01	272	1.290165e+02	1268	7.779327e-01	7.000000e-01	
1.291182e+02	1269	8.873470e+01	2.462454e+02	1.291182e+02	1269	7.351046e-01	7.000000e-01	
1.292200e+02	1270	7.503076e+01	1.618479e+02	1.292200e+02	1270	6.832523e-01	7.000000e-01	
1.293217e+02	1271	7.780040e+01	2.241911e+02	1.293217e+02	1271	7.423755e-01	7.000000e-01	
1.294235e+02	1272	8.902424e+01	3.164006e+02	1.294235e+02	1272	7.804174e-01	7.000000e-01	
1.295252e+02	1273	7.763556e+01	2.298271e+02	1.295252e+02	1273	7.474960e-01	7.000000e-01	
1.296270e+02	1274	7.121403e+01	2.958507e+02	1.296270e+02	1274	8.059905e-01	7.000000e-01	
1.297287e+02	1275	9.052361e+01	2.359027e+02	1.297287e+02	1275	7.226829e-01	7.000000e-01	
1.298304e+02	1276	7.221423e+01	3.676296e+02	1.298304e+02	1276	8.358185e-01	7.000000e-01	
1.299322e+02	1277	6.331757e+01	3.814844e+02	1.299322e+02	1277	8.576500e-01	7.000000e-01	
1.300339e+02	1278	7.158470e+01	3.591264e+02	1.300339e+02	1278	8.337988e-01	7.000000e-01	
1.301357e+02	1279	7.594413e+01	3.951372e+02	1.301357e+02	1279	8.387876e-01	7.000000e-01	
1.302374e+02	1280	6.018417e+01	3.877856e+02	1.302374e+02	1280	8.656513e-01	7.000000e-01	
1.303392e+02	1281	6.479738e+01	3.460606e+02	1.303392e+02	1281	8.422876e-01	7.000000e-01	
1.304409e+02	1282	4.066346e+01	3.164124e+02	1.304409e+02	1282	8.861209e-01	7.000000e-01	
1.305427e+02	1283	7.138836e+01	3.458209e+02	1.305427e+02	1283	8.288908e-01	7.000000e-01	
1.306444e+02	1284	1.026970e+02	3.314133e+02	1.306444e+02	1284	7.634311e-01	7.000000e-01	
1.307462e+02	1285	1.034614e+02	3.361915e+02	1.307462e+02	1285	7.646748e-01	7.000000e-01	
1.308479e+02	1286	9.930551e+01	3.493426e+02	1.308479e+02	1286	7.786561e-01	7.000000e-01	
1.309497e+02	1287	8.579390e+01	3.214804e+02	1.309497e+02	1287	7.893461e-01	7.000000e-01	
1.310514e+02	1288	9.250877e+01	3.362763e+02	1.310514e+02	1288	7.842538e-01	7.000000e-01	
1.311532e+02	1289	9.124942e+01	3.043817e+02	1.311532e+02	1289	7.693573e-01	7.000000e-01	
1.312549e+02	1290	1.017286e+02	3.219891e+02	1.312549e+02	1290	7.599142e-01	7.000000e-01	
1.313567e+02	1291	9.926330e+01	3.350439e+02	1.313567e+02	1291	7.714445e-01	7.000000e-01	
1.314584e+02	1292	7.127704e+01	2.742706e+02	1.314584e+02	1292	7.937273e-01	7.000000e-01	
1.315602e+02	1293	7.810556e+01	3.169471e+02	1.315602e+02	1293	8.022908e-01	7.000000e-01	
1.316619e+02	1294	1.000175e+02	3.370536e+02	1.316619e+02	1294	7.711642e-01	7.000000e-01	
1.317637e+02	1295	7.861854e+01	3.436733e+02	1.317637e+02	1295	8.138289e-01	7.000000e-01	
1.318654e+02	1296	8.796333e+01	3.528122e+02	1.318654e+02	1296	8.004351e-01	7.000000e-01	
1.319672e+02	1297	8.745336e+01	3.059810e+02	1.319672e+02	1297	7.777180e-01	7.000000e-01	
1.320689e+02	1298	6.193437e+01	2.946396e+02	1.320689e+02	1298	8.263071e-01	7.000000e-01	
1.321707e+02	1299	8.515389e+01	3.339195e+02	1.321707e+02	1299	7.968043e-01	7.000000e-01	
1.322724e+02	1300	7.421619e+01	2.568289e+02	1.322724e+02	1300	7.758124e-01	7.000000e-01	
1.323741e+02	1301	7.811211e+01	3.284163e+02	1.323741e+02	1301	8.078557e-01	7.000000e-01	
1.324759e+02	1302	7.140378e+01	2.584603e+02	1.324759e+02	1302	7.835358e-01	7.000000e-01	
1.325776e+02	1303	7.169857e+01	3.138264e+02	1.325776e+02	1303	8.140235e-01	7.000000e-01	
1.326794e+02	1304	4.250448e+01	2.822022e+02	1.326794e+02	1304	8.690988e-01	7.000000e-01	
1.327811e+02	1305	4.328755e+01	2.673905e+02	1.327811e+02	1305	8.606675e-01	7.000000e-01	
1.328829e+02	1306	5.955544e+01	2.501441e+02	1.328829e+02	1306	8.076993e-01	7.000000e-01	
1.329846e+02	1307	6.354517e+01	2.662301e+02	1.329846e+02	1307	8.073077e-01	7.000000e-01	
1.330864e+02	1308	5.267047e+01	2.529665e+02	1.330864e+02	1308	8.276698e-01	7.000000e-01	
1.331881e+02	1309	6.026020e+01	2.546737e+02	1.331881e+02	1309	8.086576e-01	7.000000e-01	
1.332899e+02	1310	5.938003e+01	2.082666e+02	1.332899e+02	1310	7.781402e-01	7.000000e-01	
1.333916e+02	1311	5.354475e+01	2.276035e+02	1.333916e+02	1311	8.095498e-01	7.000000e-01	
1.334934e+02	1312	5.978182e+01	1.685628e+02	1.334934e+02	1312	7.381948e-01	7.000000e-01	
1.335951e+02	1313	9.974803e+01	3.438739e+02	1.335951e+02	1313	7.751508e-01	7.000000e-01	
1.336969e+02	1314	8.161418e+01	2.710217e+02	1.336969e+02	1314	7.685596e-01	7.000000e-01	
1.337986e+02	1315	1.156655e+02	3.467811e+02	1.337986e+02	1315	7.498836e-01	7.000000e-01	
1.339004e+02	1316	7.610954e+01	3.951018e+02	1.339004e+02	1316	8.384811e-01	7.000000e-01	
1.340021e+02	1317	1.129730e+02	3.548096e+02	1.340021e+02	1317	7.584925e-01	7.000000e-01	
1.341039e+02	1318	1.051230e+02	3.265109e+02	1.341039e+02	1318	7.564533e-01	7.000000e-01	
1.342056e+02	1319	1.064940e+02	2.977578e+02	1.342056e+02	1319	7.365652e-01	7.000000e-01	
1.343074e+02	1320	1.152546e+02	3.377043e+02	1.343074e+02	1320	7.455517e-01	7.000000e-01	
1.344091e+02	1321	1.105838e+02	3.458026e+02	1.344091e+02	1321	7.576970e-01	7.000000e-01	
1.345109e+02	1322	1.231339e+02	3.623642e+02	1.345109e+02	1322	7.463761e-01	7.000000e-01	
1.346126e+02	1323	1.028168e+02	3.646165e+02	1.346126e+02	1323	7.800396e-01	7.000000e-01	
1.347144e+02	1324	1.123660e+02	3.645944e+02	1.347144e+02	1324	7.644123e-01	7.000000e-01	
1.348161e+02	1325	9.494662e+01	4.045463e+02	1.348161e+02	1325	8.099140e-01	7.000000e-01	
1.349178e+02	1326	1.099912e+02	3.461194e+02	1.349178e+02	1326	7.588497e-01	7.000000e-01	
1.350196e+02	1327	1.122473e+02	3.144093e+02	1.350196e+02	1327	7.369142e-01	7.000000e-01	
1.351213e+02	1328	1.036552e+02	3.694808e+02	1.351213e+02	1328	7.809188e-01	7.000000e-01	
1.352231e+02	1329	1.166180e+02	3.064339e+02	1.352231e+02	1329	7.243412e-01	7.000000e-01	
1.353248e+02	1330	1.239178e+02	3.416577e+02	1.353248e+02	1330	7.338395e-01	7.000000e-01	
1.354266e+02	1331	1.503297e+02	3.583306e+02	1.354266e+02	1331	7.044595e-01	7.000000e-01	
1.355283e+02	1332	6.297941e+01	2.919597e+02	1.355283e+02	1332	8.225628e-01	7.000000e-01	
1.356301e+02	1333	8.208831e+01	3.211754e+02	1.356301e+02	1333	7.964401e-01	7.000000e-01	
1.357318e+02	1334	1.147613e+02	3.338023e+02	1.357318e+02	1334	7.441582e-01	7.000000e-01	
1.358336e+02	1335	6.293839e+01	2.917552e+02	1.358336e+02	1335	8.225556e-01	7.000000e-01	
1.359353e+02	1336	1.075750e+02	3.300927e+02	1.359353e+02	1336	7.542085e-01	7.000000e-01	
1.360371e+02	1337	1.027749e+02	2.859845e+02	1.360371e+02	1337	7.356337e-01	7.000000e-01	
1.361388e+02	1338	9.731506e+01	3.111464e+02	1.361388e+02	1338	7.617522e-01	7.000000e-01	
1.362406e+02	1339	1.198666e+02	3.603690e+02	1.362406e+02	1339	7.504004e-01	7.000000e-01	
1.363423e+02	1340	1.020737e+02	3.036581e+02	1.363423e+02	1340	7.484208e-01	7.000000e-01	
1.364441e+02	1341	1.264932e+02	3.574818e+02	1.364441e+02	1341	7.386369e-01	7.000000e-01	
1.365458e+02	1342	8.384214e+01	3.238579e+02	1.365458e+02	1342	7.943534e-01	7.000000e-01	
1.366476e+02	1343	1.201592e+02	3.433375e+02	1.366476e+02	1343	7.407550e-01	7.000000e-01	
1.367493e+02	1344	1.692475e+02	3.284448e+02	1.367493e+02	1344	6.599355e-01	7.000000e-01	
1.368511e+02	1345	1.351073e+02	3.829055e+02	1.368511e+02	1345	7.391815e-01	7.000000e-01	
1.369528e+02	1346	1.203607e+02	3.609831e+02	1.369528e+02	1346	7.499486e-01	7.000000e-01	
1.370546e+02	1347	1.236252e+02	4.041568e+02	1.370546e+02	1347	7.657647e-01	7.000000e-01	
1.371563e+02	1348	1.440349e+02	3.976581e+02	1.371563e+02	1348	7.341023e-01	7.000000e-01	
1.372581e+02	1349	1.361919e+02	3.820641e+02	1.372581e+02	1349	7.372111e-01	7.000000e-01	
1.373598e+02	1350	1.641959e+02	3.706539e+02	1.373598e+02	1350	6.930056e-01	7.000000e-01	
1.374615e+02	1351	1.244533e+02	4.070958e+02	1.374615e+02	1351	7.658668e-01	7.000000e-01	
1.375633e+02	1352	1.106115e+02	3.608378e+02	1.375633e+02	1352	7.653799e-01	7.000000e-01	
1.376650e+02	1353	1.413549e+02	3.916864e+02	1.376650e+02	1353	7.348144e-01	7.000000e-01	
1.377668e+02	1354	1.592115e+02	3.937479e+02	1.377668e+02	1354	7.120738e-01	7.000000e-01	
1.378685e+02	1355	1.255339e+02	3.734503e+02	1.378685e+02	1355	7.484211e-01	7.000000e-01	
1.379703e+02	1356	1.195998e+02	3.773073e+02	1.379703e+02	1356	7.593115e-01	7.000000e-01	
1.380720e+02	1357	1.202318e+02	3.637401e+02	1.380720e+02	1357	7.515728e-01	7.000000e-01	
1.381738e+02	1358	9.738808e+01	3.693373e+02	1.381738e+02	1358	7.913375e-01	7.000000e-01	
1.382755e+02	1359	1.113937e+02	3.621421e+02	1.382755e+02	1359	7.647618e-01	7.000000e-01	
1.383773e+02	1360	1.130531e+02	3.603069e+02	1.383773e+02	1360	7.611689e-01	7.000000e-01	
1.384790e+02	1361	8.892408e+01	3.502925e+02	1.384790e+02	1361	7.975393e-01	7.000000e-01	
1.385808e+02	1362	9.368127e+01	3.578435e+02	1.385808e+02	1362	7.925224e-01	7.000000e-01	
1.386825e+02	1363	9.918977e+01	3.451753e+02	1.386825e+02	1363	7.767832e-01	7.000000e-01	
1.387843e+02	1364	9.658196e+01	3.386956e+02	1.387843e+02	1364	7.781141e-01	7.000000e-01	
1.388860e+02	1365	1.131325e+02	3.610283e+02	1.388860e+02	1365	7.614048e-01	7.000000e-01	
1.389878e+02	1366	5.684249e+01	2.999042e+02	1.389878e+02	1366	8.406643e-01	7.000000e-01	
1.390895e+02	1367	8.173151e+01	2.885386e+02	1.390895e+02	1367	7.792652e-01	7.000000e-01	
1.391913e+02	1368	5.213449e+01	3.080522e+02	1.391913e+02	1368	8.552570e-01	7.000000e-01	
1.392930e+02	1369	5.684379e+01	2.999296e+02	1.392930e+02	1369	8.406726e-01	7.000000e-01	
1.393948e+02	1370	1.302565e+02	4.370701e+02	1.393948e+02	1370	7.704030e-01	7.000000e-01	
1.394965e+02	1371	8.295236e+01	3.393174e+02	1.394965e+02	1371	8.035560e-01	7.000000e-01	
1.395983e+02	1372	9.899444e+01	3.516820e+02	1.395983e+02	1372	7.803425e-01	7.000000e-01	
1.397000e+02	1373	1.336987e+02	4.673976e+02	1.397000e+02	1373	7.775752e-01	7.000000e-01	
1.398018e+02	1374	1.067782e+02	4.631765e+02	1.398018e+02	1374	8.126549e-01	7.000000e-01	
1.399035e+02	1375	1.088449e+02	4.197399e+02	1.399035e+02	1375	7.940824e-01	7.000000e-01	
1.400052e+02	1376	1.414627e+02	4.289374e+02	1.400052e+02	1376	7.519939e-01	7.000000e-01	
1.401070e+02	1377	1.084575e+02	4.683867e+02	1.401070e+02	1377	8.119813e-01	7.000000e-01	
1.402087e+02	1378	9.985616e+01	2.847759e+02	1.402087e+02	1378	7.403852e-01	7.000000e-01	
1.403105e+02	1379	8.492951e+01	3.382407e+02	1.403105e+02	1379	7.993018e-01	7.000000e-01	
1.404122e+02	1380	8.244252e+01	3.448655e+02	1.404122e+02	1380	8.070654e-01	7.000000e-01	
1.405140e+02	1381	7.997693e+01	3.138779e+02	1.405140e+02	1381	7.969380e-01	7.000000e-01	
1.406157e+02	1382	1.008195e+02	3.020272e+02	1.406157e+02	1382	7.497323e-01	7.000000e-01	
1.407175e+02	1383	9.647294e+01	3.487383e+02	1.407175e+02	1383	7.833097e-01	7.000000e-01	
1.408192e+02	1384	9.059833e+01	3.218513e+02	1.408192e+02	1384	7.803409e-01	7.000000e-01	
1.409210e+02	1385	4.155471e+01	2.858700e+02	1.409210e+02	1385	8.730862e-01	7.000000e-01	
1.410227e+02	1386	7.321303e+01	2.960182e+02	1.410227e+02	1386	8.017150e-01	7.000000e-01	
1.411245e+02	1387	9.263354e+01	2.978880e+02	1.411245e+02	1387	7.627953e-01	7.000000e-01	
1.412262e+02	1388	7.226448e+01	3.311273e+02	1.412262e+02	1388	8.208578e-01	7.000000e-01	
1.413280e+02	1389	1.104135e+02	2.909194e+02	1.413280e+02	1389	7.248830e-01	7.000000e-01	
1.414297e+02	1390	6.678931e+01	3.202888e+02	1.414297e+02	1390	8.274526e-01	7.000000e-01	
1.415315e+02	1391	8.004145e+01	3.051762e+02	1.415315e+02	1391	7.922176e-01	7.000000e-01	
1.416332e+02	1392	8.576970e+01	3.199488e+02	1.416332e+02	1392	7.885980e-01	7.000000e-01	
1.417350e+02	1393	6.589201e+01	3.234401e+02	1.417350e+02	1393	8.307563e-01	7.000000e-01	
1.418367e+02	1394	8.896443e+01	2.938943e+02	1.418367e+02	1394	7.676312e-01	7.000000e-01	
1.419385e+02	1395	1.118436e+02	3.073173e+02	1.419385e+02	1395	7.331726e-01	7.000000e-01	
1.420402e+02	1396	9.449549e+01	2.771770e+02	1.420402e+02	1396	7.457560e-01	7.000000e-01	
1.421420e+02	1397	1.432271e+02	3.308929e+02	1.421420e+02	1397	6.979096e-01	7.000000e-01	
1.422437e+02	1398	1.147174e+02	2.824930e+02	1.422437e+02	1398	7.111924e-01	7.000000e-01	
1.423455e+02	1399	1.326565e+02	2.822273e+02	1.423455e+02	1399	6.802563e-01	7.000000e-01	
1.424472e+02	1400	1.632897e+02	3.320225e+02	1.424472e+02	1400	6.703297e-01	7.000000e-01	
1.425489e+02	1401	1.159351e+02	2.975682e+02	1.425489e+02	1401	7.196271e-01	7.000000e-01	
1.426507e+02	1402	1.007710e+02	3.180256e+02	1.426507e+02	1402	7.593796e-01	7.000000e-01	
1.427524e+02	1403	9.589911e+01	2.943384e+02	1.427524e+02	1403	7.542545e-01	7.000000e-01	
1.428542e+02	1404	8.071442e+01	3.421865e+02	1.428542e+02	1404	8.091411e-01	7.000000e-01	
1.429559e+02	1405	9.886999e+01	2.974012e+02	1.429559e+02	1405	7.504992e-01	7.000000e-01	
1.430577e+02	1406	8.867613e+01	2.748740e+02	1.430577e+02	1406	7.560828e-01	7.000000e-01	
1.431594e+02	1407	1.049051e+02	3.280390e+02	1.431594e+02	1407	7.576937e-01	7.000000e-01	
1.432612e+02	1408	8.465497e+01	3.021489e+02	1.432612e+02	1408	7.811424e-01	7.000000e-01	
1.433629e+02	1409	6.946501e+01	2.747961e+02	1.433629e+02	1409	7.982200e-01	7.000000e-01	
1.434647e+02	1410	8.063264e+01	2.837082e+02	1.434647e+02	1410	7.786890e-01	7.000000e-01	
1.435664e+02	1411	7.801705e+01	2.702332e+02	1.435664e+02	1411	7.759742e-01	7.000000e-01	
1.436682e+02	1412	6.579487e+01	2.983586e+02	1.436682e+02	1412	8.193210e-01	7.000000e-01	
1.437699e+02	1413	7.378969e+01	2.758062e+02	1.437699e+02	1413	7.889286e-01	7.000000e-01	
1.438717e+02	1414	7.351498e+01	2.669827e+02	1.438717e+02	1414	7.840955e-01	7.000000e-01	
1.439734e+02	1415	7.523528e+01	2.539344e+02	1.439734e+02	1415	7.714392e-01	7.000000e-01	
1.440752e+02	1416	7.751224e+01	2.654143e+02	1.440752e+02	1416	7.739684e-01	7.000000e-01	
1.441769e+02	1417	1.001464e+02	3.727724e+02	1.441769e+02	1417	7.882376e-01	7.000000e-01	
1.442787e+02	1418	9.456762e+01	3.519003e+02	1.442787e+02	1418	7.881872e-01	7.000000e-01	
1.443804e+02	1419	1.036371e+02	3.978829e+02	1.443804e+02	1419	7.933540e-01	7.000000e-01	
1.444822e+02	1420	1.000591e+02	3.690772e+02	1.444822e+02	1420	7.867164e-01	7.000000e-01	
1.445839e+02	1421	8.643970e+01	3.226956e+02	1.445839e+02	1421	7.887259e-01	7.000000e-01	
1.446857e+02	1422	8.221606e+01	3.485141e+02	1.446857e+02	1422	8.091240e-01	7.000000e-01	
1.447874e+02	1423	1.075856e+02	3.603613e+02	1.447874e+02	1423	7.700902e-01	7.000000e-01	
1.448892e+02	1424	6.279549e+01	3.330528e+02	1.448892e+02	1424	8.413648e-01	7.000000e-01	
1.449909e+02	1425	6.550555e+01	3.475447e+02	1.449909e+02	1425	8.414102e-01	7.000000e-01	
1.450926e+02	1426	6.817999e+01	3.548082e+02	1.450926e+02	1426	8.388135e-01	7.000000e-01	
1.451944e+02	1427	9.057734e+01	3.319353e+02	1.451944e+02	1427	7.856222e-01	7.000000e-01	
1.452961e+02	1428	8.509160e+01	3.497060e+02	1.452961e+02	1428	8.042961e-01	7.000000e-01	
1.453979e+02	1429	6.480921e+01	3.599245e+02	1.453979e+02	1429	8.474121e-01	7.000000e-01	
1.454996e+02	1430	1.176290e+02	4.154816e+02	1.454996e+02	1430	7.793535e-01	7.000000e-01	
1.456014e+02	1431	8.689417e+01	3.635872e+02	1.456014e+02	1431	8.071082e-01	7.000000e-01	
1.457031e+02	1432	1.221838e+02	5.147495e+02	1.457031e+02	1432	8.081686e-01	7.000000e-01	
1.458049e+02	1433	1.159776e+02	3.987039e+02	1.458049e+02	1433	7.746614e-01	7.000000e-01	
1.459066e+02	1434	1.019337e+02	4.955893e+02	1.459066e+02	1434	8.294062e-01	7.000000e-01	
1.460084e+02	1435	1.226418e+02	5.069065e+02	1.460084e+02	1435	8.051908e-01	7.000000e-01	
1.461101e+02	1436	1.442213e+02	4.037766e+02	1.461101e+02	1436	7.368214e-01	7.000000e-01	
1.462119e+02	1437	1.372189e+02	3.830753e+02	1.462119e+02	1437	7.362667e-01	7.000000e-01	
1.463136e+02	1438	1.413013e+02	3.526208e+02	1.463136e+02	1438	7.139199e-01	7.000000e-01	
1.464154e+02	1439	1.323680e+02	3.885558e+02	1.464154e+02	1439	7.458976e-01	7.000000e-01	
1.465171e+02	1440	1.243236e+02	4.205776e+02	1.465171e+02	1440	7.718419e-01	7.000000e-01	
1.466189e+02	1441	1.347101e+02	3.815053e+02	1.466189e+02	1441	7.390428e-01	7.000000e-01	
1.467206e+02	1442	1.619885e+02	5.238298e+02	1.467206e+02	1442	7.638026e-01	7.000000e-01	
1.468224e+02	1443	1.705238e+02	5.025000e+02	1.468224e+02	1443	7.466304e-01	7.000000e-01	
1.469241e+02	1444	1.497039e+02	4.565614e+02	1.469241e+02	1444	7.530720e-01	7.000000e-01	
1.470259e+02	1445	1.441589e+02	4.305264e+02	1.470259e+02	1445	7.491516e-01	7.000000e-01	
1.471276e+02	1446	1.526061e+02	4.322177e+02	1.471276e+02	1446	7.390563e-01	7.000000e-01	
1.472294e+02	1447	1.381113e+02	4.113831e+02	1.472294e+02	1447	7.486575e-01	7.000000e-01	
1.473311e+02	1448	1.319895e+02	3.824218e+02	1.473311e+02	1448	7.434164e-01	7.000000e-01	
1.474329e+02	1449	1.406056e+02	4.199044e+02	1.474329e+02	1449	7.491470e-01	7.000000e-01	
1.475346e+02	1450	1.386010e+02	4.016006e+02	1.475346e+02	1450	7.434273e-01	7.000000e-01	
1.476363e+02	1451	1.313023e+02	3.820247e+02	1.476363e+02	1451	7.442131e-01	7.000000e-01	
1.477381e+02	1452	1.496158e+02	4.509004e+02	1.477381e+02	1452	7.508547e-01	7.000000e-01	
1.478398e+02	1453	1.447795e+02	4.331492e+02	1.478398e+02	1453	7.494855e-01	7.000000e-01	
1.479416e+02	1454	1.282951e+02	3.845914e+02	1.479416e+02	1454	7.498567e-01	7.000000e-01	
1.480433e+02	1455	1.437147e+02	4.175418e+02	1.480433e+02	1455	7.439411e-01	7.000000e-01	
1.481451e+02	1456	1.522496e+02	4.318230e+02	1.481451e+02	1456	7.393310e-01	7.000000e-01	
1.482468e+02	1457	1.397080e+02	4.264315e+02	1.482468e+02	1457	7.532269e-01	7.000000e-01	
1.483486e+02	1458	1.451574e+02	4.286947e+02	1.483486e+02	1458	7.470474e-01	7.000000e-01	
1.484503e+02	1459	1.361496e+02	4.456647e+02	1.484503e+02	1459	7.659913e-01	7.000000e-01	
1.485521e+02	1460	1.467841e+02	4.413522e+02	1.485521e+02	1460	7.504250e-01	7.000000e-01	
1.486538e+02	1461	1.503731e+02	4.206962e+02	1.486538e+02	1461	7.366815e-01	7.000000e-01	
1.487556e+02	1462	7.017658e+01	2.774421e+02	1.487556e+02	1462	7.981220e-01	7.000000e-01	
1.488573e+02	1463	6.621981e+01	2.640629e+02	1.488573e+02	1463	7.995057e-01	7.000000e-01	
1.489591e+02	1464	7.464772e+01	2.542175e+02	1.489591e+02	1464	7.730142e-01	7.000000e-01	
1.490608e+02	1465	7.276911e+01	2.431487e+02	1.490608e+02	1465	7.696581e-01	7.000000e-01	
1.491626e+02	1466	7.488509e+01	2.414264e+02	1.491626e+02	1466	7.632552e-01	7.000000e-01	
1.492643e+02	1467	7.086005e+01	2.795859e+02	1.492643e+02	1467	7.978003e-01	7.000000e-01	
1.493661e+02	1468	6.881231e+01	2.599818e+02	1.493661e+02	1468	7.907131e-01	7.000000e-01	
1.494678e+02	1469	6.319791e+01	2.443084e+02	1.494678e+02	1469	7.944826e-01	7.000000e-01	
1.495696e+02	1470	7.693348e+01	2.817845e+02	1.495696e+02	1470	7.855321e-01	7.000000e-01	
1.496713e+02	1471	7.236854e+01	2.539956e+02	1.496713e+02	1471	7.782583e-01	7.000000e-01	
1.497731e+02	1472	6.942332e+01	2.853143e+02	1.497731e+02	1472	8.042967e-01	7.000000e-01	
1.498748e+02	1473	8.153502e+01	2.549580e+02	1.498748e+02	1473	7.576918e-01	7.000000e-01	
1.499766e+02	1474	7.932462e+01	2.656766e+02	1.499766e+02	1474	7.700744e-01	7.000000e-01	
1.500783e+02	1475	7.706503e+01	3.104896e+02	1.500783e+02	1475	8.011505e-01	7.000000e-01	
1.501800e+02	1476	8.278834e+01	2.482498e+02	1.501800e+02	1476	7.499130e-01	7.000000e-01	
1.502818e+02	1477	7.876032e+01	2.990971e+02	1.502818e+02	1477	7.915607e-01	7.000000e-01	
1.503835e+02	1478	7.733651e+01	3.133890e+02	1.503835e+02	1478	8.020695e-01	7.000000e-01	
1.504853e+02	1479	1.011150e+02	2.319592e+02	1.504853e+02	1479	6.964190e-01	7.000000e-01	
1.505870e+02	1480	9.089373e+01	2.383319e+02	1.505870e+02	1480	7.239166e-01	7.000000e-01	
1.506888e+02	1481	1.023716e+02	2.264109e+02	1.506888e+02	1481	6.886343e-01	7.000000e-01	
1.507905e+02	1482	9.386467e+01	2.414449e+02	1.507905e+02	1482	7.200656e-01	7.000000e-01	
1.508923e+02	1483	8.821733e+01	2.311313e+02	1.508923e+02	1483	7.237585e-01	7.000000e-01	
1.509940e+02	1484	7.641942e+01	2.620967e+02	1.509940e+02	1484	7.742518e-01	7.000000e-01	
1.510958e+02	1485	8.128659e+01	2.472311e+02	1.510958e+02	1485	7.525656e-01	7.000000e-01	
1.511975e+02	1486	9.084897e+01	2.294056e+02	1.511975e+02	1486	7.163226e-01	7.000000e-01	
1.512993e+02	1487	8.088751e+01	2.504380e+02	1.512993e+02	1487	7.558669e-01	7.000000e-01	
1.514010e+02	1488	7.482274e+01	2.655226e+02	1.514010e+02	1488	7.801564e-01	7.000000e-01	
1.515028e+02	1489	8.434229e+01	2.522354e+02	1.515028e+02	1489	7.494121e-01	7.000000e-01	
1.516045e+02	1490	8.124819e+01	2.447779e+02	1.516045e+02	1490	7.507924e-01	7.000000e-01	
1.517063e+02	1491	7.392724e+01	2.657820e+02	1.517063e+02	1491	7.823808e-01	7.000000e-01	
1.518080e+02	1492	8.139210e+01	2.469787e+02	1.518080e+02	1492	7.521336e-01	7.000000e-01	
1.519098e+02	1493	6.000429e+01	2.871739e+02	1.519098e+02	1493	8.271657e-01	7.000000e-01	
1.520115e+02	1494	7.687771e+01	2.359514e+02	1.520115e+02	1494	7.542501e-01	7.000000e-01	
1.521133e+02	1495	7.246103e+01	2.188415e+02	1.521133e+02	1495	7.512516e-01	7.000000e-01	
1.522150e+02	1496	8.295022e+01	2.361162e+02	1.522150e+02	1496	7.400221e-01	7.000000e-01	
1.523168e+02	1497	8.486268e+01	2.650008e+02	1.523168e+02	1497	7.574406e-01	7.000000e-01	
1.524185e+02	1498	7.274205e+01	2.094523e+02	1.524185e+02	1498	7.422271e-01	7.000000e-01	
1.525203e+02	1499	6.915043e+01	2.199929e+02	1.525203e+02	1499	7.608438e-01	7.000000e-01	
1.526220e+02	1500	7.959632e+01	2.633334e+02	1.526220e+02	1500	7.678932e-01	7.000000e-01	
1.527237e+02	1501	8.237422e+01	2.010255e+02	1.527237e+02	1501	7.093356e-01	7.000000e-01	
1.528255e+02	1502	6.928166e+01	2.365525e+02	1.528255e+02	1502	7.734666e-01	7.000000e-01	
1.529272e+02	1503	6.763059e+01	2.619667e+02	1.529272e+02	1503	7.948084e-01	7.000000e-01	
1.530290e+02	1504	8.225679e+01	2.377904e+02	1.530290e+02	1504	7.429854e-01	7.000000e-01	
1.531307e+02	1505	7.264674e+01	2.581840e+02	1.531307e+02	1505	7.804112e-01	7.000000e-01	
1.532325e+02	1506	7.120864e+01	2.616237e+02	1.532325e+02	1506	7.860525e-01	7.000000e-01	
1.533342e+02	1507	8.624394e+01	2.857966e+02	1.533342e+02	1507	7.681867e-01	7.000000e-01	
1.534360e+02	1508	8.254625e+01	2.585426e+02	1.534360e+02	1508	7.579919e-01	7.000000e-01	
1.535377e+02	1509	7.896765e+01	2.604076e+02	1.535377e+02	1509	7.673146e-01	7.000000e-01	
1.536395e+02	1510	9.159075e+01	2.529671e+02	1.536395e+02	1510	7.341789e-01	7.000000e-01	
1.537412e+02	1511	9.410229e+01	2.562935e+02	1.537412e+02	1511	7.314400e-01	7.000000e-01	
1.538430e+02	1512	9.528969e+01	3.257846e+02	1.538430e+02	1512	7.736986e-01	7.000000e-01	
1.539447e+02	1513	7.787773e+01	2.945720e+02	1.539447e+02	1513	7.909041e-01	7.000000e-01	
1.540465e+02	1514	1.032277e+02	3.127613e+02	1.540465e+02	1514	7.518499e-01	7.000000e-01	
1.541482e+02	1515	8.581069e+01	3.028461e+02	1.541482e+02	1515	7.792122e-01	7.000000e-01	
1.542500e+02	1516	7.388648e+01	2.206524e+02	1.542500e+02	1516	7.491452e-01	7.000000e-01	
1.543517e+02	1517	9.703093e+01	2.733646e+02	1.543517e+02	1517	7.380343e-01	7.000000e-01	
1.544535e+02	1518	7.858297e+01	2.271657e+02	1.544535e+02	1518	7.429818e-01	7.000000e-01	
1.545552e+02	1519	8.366369e+01	1.882028e+02	1.545552e+02	1519	6.922619e-01	7.000000e-01	
1.546570e+02	1520	8.968717e+01	2.382793e+02	1.546570e+02	1520	7.265356e-01	7.000000e-01	
1.547587e+02	1521	8.777365e+01	2.292757e+02	1.547587e+02	1521	7.231546e-01	7.000000e-01	
1.548605e+02	1522	8.326821e+01	2.307990e+02	1.548605e+02	1522	7.348714e-01	7.000000e-01	
1.549622e+02	1523	7.446568e+01	2.161592e+02	1.549622e+02	1523	7.437739e-01	7.000000e-01	
1.550640e+02	1524	9.078092e+01	2.185948e+02	1.550640e+02	1524	7.065674e-01	7.000000e-01	
1.551657e+02	1525	7.782182e+01	2.357296e+02	1.551657e+02	1525	7.518052e-01	7.000000e-01	
1.552674e+02	1526	8.275185e+01	2.343609e+02	1.552674e+02	1526	7.390460e-01	7.000000e-01	
1.553692e+02	1527	8.840748e+01	3.027592e+02	1.553692e+02	1527	7.739903e-01	7.000000e-01	
1.554709e+02	1528	9.832274e+01	2.801556e+02	1.554709e+02	1528	7.402157e-01	7.000000e-01	
1.555727e+02	1529	9.140580e+01	2.350339e+02	1.555727e+02	1529	7.199918e-01	7.000000e-01	
1.556744e+02	1530	1.117255e+02	3.198937e+02	1.556744e+02	1530	7.411480e-01	7.000000e-01	
1.557762e+02	1531	1.091132e+02	3.299204e+02	1.557762e+02	1531	7.514696e-01	7.000000e-01	
1.558779e+02	1532	1.096194e+02	2.893045e+02	1.558779e+02	1532	7.252123e-01	7.000000e-01	
1.559797e+02	1533	9.040456e+01	3.257188e+02	1.559797e+02	1533	7.827458e-01	7.000000e-01	
1.560814e+02	1534	9.611859e+01	2.949829e+02	1.560814e+02	1534	7.542362e-01	7.000000e-01	
1.561832e+02	1535	1.071914e+02	3.103885e+02	1.561832e+02	1535	7.433033e-01	7.000000e-01	
1.562849e+02	1536	9.770006e+01	3.020474e+02	1.562849e+02	1536	7.555955e-01	7.000000e-01	
1.563867e+02	1537	9.841621e+01	2.994864e+02	1.563867e+02	1537	7.526626e-01	7.000000e-01	
1.564884e+02	1538	1.102382e+02	2.064784e+02	1.564884e+02	1538	6.519343e-01	7.000000e-01	
1.565902e+02	1539	9.093451e+01	2.829328e+02	1.565902e+02	1539	7.567733e-01	7.000000e-01	
1.566919e+02	1540	9.835087e+01	3.106207e+02	1.566919e+02	1540	7.595166e-01	7.000000e-01	
1.567937e+02	1541	1.091139e+02	2.907352e+02	1.567937e+02	1541	7.271123e-01	7.000000e-01	
1.568954e+02	1542	9.038902e+01	2.949925e+02	1.568954e+02	1542	7.654557e-01	7.000000e-01	
1.569972e+02	1543	8.037075e+01	2.663865e+02	1.569972e+02	1543	7.682219e-01	7.000000e-01	
1.570989e+02	1544	9.958907e+01	2.729732e+02	1.570989e+02	1544	7.326915e-01	7.000000e-01	
1.572007e+02	1545	9.952491e+01	3.050895e+02	1.572007e+02	1545	7.540253e-01	7.000000e-01	
1.573024e+02	1546	4.779944e+01	2.708899e+02	1.573024e+02	1546	8.500124e-01	7.000000e-01	
1.574042e+02	1547	8.799407e+01	2.855781e+02	1.574042e+02	1547	7.644523e-01	7.000000e-01	
1.575059e+02	1548	3.664439e+01	2.547365e+02	1.575059e+02	1548	8.742389e-01	7.000000e-01	
1.576077e+02	1549	1.420668e+02	2.959441e+02	1.576077e+02	1549	6.756546e-01	7.000000e-01	
1.577094e+02	1550	1.637695e+02	3.368676e+02	1.577094e+02	1550	6.728778e-01	7.000000e-01	
1.578111e+02	1551	1.425173e+02	2.878539e+02	1.578111e+02	1551	6.688503e-01	7.000000e-01	
1.579129e+02	1552	1.417941e+02	3.022308e+02	1.579129e+02	1552	6.806618e-01	7.000000e-01	
1.580146e+02	1553	1.433013e+02	2.604228e+02	1.580146e+02	1553	6.450514e-01	7.000000e-01	
1.581164e+02	1554	1.421215e+02	2.949250e+02	1.581164e+02	1554	6.748138e-01	7.000000e-01	
1.582181e+02	1555	1.591718e+02	3.432973e+02	1.582181e+02	1555	6.832207e-01	7.000000e-01	
1.583199e+02	1556	1.602605e+02	4.679617e+02	1.583199e+02	1556	7.448984e-01	7.000000e-01	
1.584216e+02	1557	1.724571e+02	3.334206e+02	1.584216e+02	1557	6.590933e-01	7.000000e-01	
1.585234e+02	1558	1.662974e+02	3.341217e+02	1.585234e+02	1558	6.676837e-01	7.000000e-01	
1.586251e+02	1559	1.718777e+02	3.250795e+02	1.586251e+02	1559	6.541398e-01	7.000000e-01	
1.587269e+02	1560	5.092249e+01	1.001168e+03	1.587269e+02	1560	9.515988e-01	7.000000e-01	
1.588286e+02	1561	1.740035e+02	3.421945e+02	1.588286e+02	1561	6.629133e-01	7.000000e-01	
1.589304e+02	1562	1.840396e+02	3.478284e+02	1.589304e+02	1562	6.539750e-01	7.000000e-01	
1.590321e+02	1563	1.958420e+02	3.510195e+02	1.590321e+02	1563	6.418801e-01	7.000000e-01	
1.591339e+02	1564	1.608127e+02	3.326388e+02	1.591339e+02	1564	6.741064e-01	7.000000e-01	
1.592356e+02	1565	1.672577e+02	3.588852e+02	1.592356e+02	1565	6.821059e-01	7.000000e-01	
1.593374e+02	1566	1.766963e+02	3.281426e+02	1.593374e+02	1566	6.499947e-01	7.000000e-01	
1.594391e+02	1567	1.700142e+02	3.645873e+02	1.594391e+02	1567	6.819796e-01	7.000000e-01	
1.595409e+02	1568	1.830311e+02	3.558089e+02	1.595409e+02	1568	6.603238e-01	7.000000e-01	
1.596426e+02	1569	1.649801e+02	3.632034e+02	1.596426e+02	1569	6.876462e-01	7.000000e-01	
1.597444e+02	1570	1.738599e+02	3.458009e+02	1.597444e+02	1570	6.654358e-01	7.000000e-01	
1.598461e+02	1571	1.792795e+02	3.262254e+02	1.598461e+02	1571	6.453457e-01	7.000000e-01	
1.599479e+02	1572	1.701954e+02	3.445739e+02	1.599479e+02	1572	6.693754e-01	7.000000e-01	
1.600496e+02	1573	1.189763e+02	3.657061e+02	1.600496e+02	1573	7.545273e-01	7.000000e-01	
1.601514e+02	1574	1.176295e+02	3.756161e+02	1.601514e+02	1574	7.615194e-01	7.000000e-01	
1.602531e+02	1575	1.238764e+02	3.799105e+02	1.602531e+02	1575	7.541095e-01	7.000000e-01	
1.603548e+02	1576	1.211851e+02	4.129749e+02	1.603548e+02	1576	7.731296e-01	7.000000e-01	
1.604566e+02	1577	1.287193e+02	4.083036e+02	1.604566e+02	1577	7.603095e-01	7.000000e-01	
1.605583e+02	1578	1.243529e+02	3.606430e+02	1.605583e+02	1578	7.436001e-01	7.000000e-01	
1.606601e+02	1579	1.385978e+02	3.728406e+02	1.606601e+02	1579	7.290039e-01	7.000000e-01	
1.607618e+02	1580	1.183900e+02	3.603191e+02	1.607618e+02	1580	7.526891e-01	7.000000e-01	
1.608636e+02	1581	1.191948e+02	3.591286e+02	1.608636e+02	1581	7.508071e-01	7.000000e-01	
1.609653e+02	1582	1.242437e+02	4.363933e+02	1.609653e+02	1582	7.783883e-01	7.000000e-01	
1.610671e+02	1583	1.329691e+02	4.716463e+02	1.610671e+02	1583	7.800766e-01	7.000000e-01	
1.611688e+02	1584	1.365044e+02	4.943207e+02	1.611688e+02	1584	7.836098e-01	7.000000e-01	
1.612706e+02	1585	1.443319e+02	4.729418e+02	1.612706e+02	1585	7.661784e-01	7.000000e-01	
1.613723e+02	1586	1.301886e+02	4.262921e+02	1.613723e+02	1586	7.660501e-01	7.000000e-01	
1.614741e+02	1587	1.567396e+02	5.032685e+02	1.614741e+02	1587	7.625187e-01	7.000000e-01	
1.615758e+02	1588	1.220123e+02	4.490080e+02	1.615758e+02	1588	7.863258e-01	7.000000e-01	
1.616776e+02	1589	1.461424e+02	5.412650e+02	1.616776e+02	1589	7.874006e-01	7.000000e-01	
1.617793e+02	1590	1.364860e+02	4.779269e+02	1.617793e+02	1590	7.778595e-01	7.000000e-01	
1.618811e+02	1591	1.762717e+02	4.994808e+02	1.618811e+02	1591	7.391475e-01	7.000000e-01	
1.619828e+02	1592	1.652318e+02	5.014743e+02	1.619828e+02	1592	7.521670e-01	7.000000e-01	
1.620846e+02	1593	1.372242e+02	5.353145e+02	1.620846e+02	1593	7.959609e-01	7.000000e-01	
1.621863e+02	1594	1.499367e+02	4.963919e+02	1.621863e+02	1594	7.680178e-01	7.000000e-01	
1.622881e+02	1595	1.772244e+02	5.250178e+02	1.622881e+02	1595	7.476307e-01	7.000000e-01	
1.623898e+02	1596	1.637355e+02	4.744312e+02	1.623898e+02	1596	7.434283e-01	7.000000e-01	
1.624916e+02	1597	1.576808e+02	5.103986e+02	1.624916e+02	1597	7.639790e-01	7.000000e-01	
1.625933e+02	1598	1.403777e+02	4.445688e+02	1.625933e+02	1598	7.600162e-01	7.000000e-01	
1.626951e+02	1599	1.501694e+02	4.592806e+02	1.626951e+02	1599	7.535985e-01	7.000000e-01	
1.627968e+02	1600	1.558221e+02	4.697531e+02	1.627968e+02	1600	7.509139e-01	7.000000e-01	
1.628985e+02	1601	1.593935e+02	4.816130e+02	1.628985e+02	1601	7.513387e-01	7.000000e-01	
1.630003e+02	1602	1.196871e+02	3.664329e+02	1.630003e+02	1602	7.537910e-01	7.000000e-01	
1.631020e+02	1603	1.286832e+02	4.293209e+02	1.631020e+02	1603	7.693866e-01	7.000000e-01	
1.632038e+02	1604	1.183962e+02	3.640477e+02	1.632038e+02	1604	7.545907e-01	7.000000e-01	
1.633055e+02	1605	1.196871e+02	3.664329e+02	1.633055e+02	1605	7.537910e-01	7.000000e-01	
1.634073e+02	1606	1.343626e+02	4.254657e+02	1.634073e+02	1606	7.599932e-01	7.000000e-01	
1.635090e+02	1607	1.415574e+02	4.412490e+02	1.635090e+02	1607	7.571108e-01	7.000000e-01	
1.636108e+02	1608	1.471995e+02	4.362909e+02	1.636108e+02	1608	7.477259e-01	7.000000e-01	
1.637125e+02	1609	1.326818e+02	4.618426e+02	1.637125e+02	1609	7.768270e-01	7.000000e-01	
1.638143e+02	1610	1.201553e+02	4.499285e+02	1.638143e+02	1610	7.892322e-01	7.000000e-01	
1.639160e+02	1611	1.410639e+02	4.481692e+02	1.639160e+02	1611	7.605975e-01	7.000000e-01	
1.640178e+02	1612	1.623942e+02	4.750815e+02	1.640178e+02	1612	7.452543e-01	7.000000e-01	
1.641195e+02	1613	1.401076e+02	4.611103e+02	1.641195e+02	1613	7.669604e-01	7.000000e-01	
1.642213e+02	1614	1.358711e+02	4.231569e+02	1.642213e+02	1614	7.569512e-01	7.000000e-01	
1.643230e+02	1615	1.601392e+02	4.680395e+02	1.643230e+02	1615	7.450738e-01	7.000000e-01	
1.644248e+02	1616	1.324558e+02	4.968769e+02	1.644248e+02	1616	7.895298e-01	7.000000e-01	
1.645265e+02	1617	1.350354e+02	4.549009e+02	1.645265e+02	1617	7.711017e-01	7.000000e-01	
1.646283e+02	1618	1.274992e+02	4.210472e+02	1.646283e+02	1618	7.675690e-01	7.000000e-01	
1.647300e+02	1619	1.219829e+02	4.671312e+02	1.647300e+02	1619	7.929384e-01	7.000000e-01	
1.648318e+02	1620	1.401345e+02	4.296714e+02	1.648318e+02	1620	7.540663e-01	7.000000e-01	
1.649335e+02	1621	1.305349e+02	4.221574e+02	1.649335e+02	1621	7.638199e-01	7.000000e-01	
1.650353e+02	1622	1.363770e+02	4.450150e+02	1.650353e+02	1622	7.654302e-01	7.000000e-01	
1.651370e+02	1623	1.434747e+02	4.155718e+02	1.651370e+02	1623	7.433582e-01	7.000000e-01	
1.652388e+02	1624	1.410536e+02	4.282893e+02	1.652388e+02	1624	7.522519e-01	7.000000e-01	
1.653405e+02	1625	1.284325e+02	4.390025e+02	1.653405e+02	1625	7.736613e-01	7.000000e-01	
1.654422e+02	1626	1.487083e+02	4.338654e+02	1.654422e+02	1626	7.447391e-01	7.000000e-01	
1.655440e+02	1627	1.695315e+02	4.215271e+02	1.655440e+02	1627	7.131731e-01	7.000000e-01	
1.656457e+02	1628	1.799538e+02	4.391255e+02	1.656457e+02	1628	7.093203e-01	7.000000e-01	
1.657475e+02	1629	1.447777e+02	4.335609e+02	1.657475e+02	1629	7.496662e-01	7.000000e-01	
1.658492e+02	1630	1.287391e+02	4.413339e+02	1.658492e+02	1630	7.741709e-01	7.000000e-01	
1.659510e+02	1631	1.533080e+02	3.962904e+02	1.659510e+02	1631	7.210545e-01	7.000000e-01	
1.660527e+02	1632	1.267782e+02	4.298768e+02	1.660527e+02	1632	7.722500e-01	7.000000e-01	
1.661545e+02	1633	1.251840e+02	4.594632e+02	1.661545e+02	1633	7.858811e-01	7.000000e-01	
1.662562e+02	1634	1.154874e+02	4.585239e+02	1.662562e+02	1634	7.988064e-01	7.000000e-01	
1.663580e+02	1635	1.385243e+02	3.918343e+02	1.663580e+02	1635	7.388101e-01	7.000000e-01	
1.664597e+02	1636	1.326265e+02	4.220371e+02	1.664597e+02	1636	7.608884e-01	7.000000e-01	
1.665615e+02	1637	1.278498e+02	4.797674e+02	1.665615e+02	1637	7.895882e-01	7.000000e-01	
1.666632e+02	1638	1.355527e+02	4.116026e+02	1.666632e+02	1638	7.522592e-01	7.000000e-01	
1.667650e+02	1639	1.284194e+02	3.830141e+02	1.667650e+02	1639	7.489030e-01	7.000000e-01	
1.668667e+02	1640	1.290618e+02	4.122067e+02	1.668667e+02	1640	7.615568e-01	7.000000e-01	
1.669685e+02	1641	1.420451e+02	3.559176e+02	1.669685e+02	1641	7.147475e-01	7.000000e-01	
1.670702e+02	1642	1.224048e+02	4.034308e+02	1.670702e+02	1642	7.672185e-01	7.000000e-01	
1.671720e+02	1643	1.383208e+02	3.989587e+02	1.671720e+02	1643	7.425534e-01	7.000000e-01	
1.672737e+02	1644	1.377511e+02	3.687931e+02	1.672737e+02	1644	7.280571e-01	7.000000e-01	
1.673755e+02	1645	1.472956e+02	3.821279e+02	1.673755e+02	1645	7.217811e-01	7.000000e-01	
1.674772e+02	1646	1.368784e+02	3.975817e+02	1.674772e+02	1646	7.438941e-01	7.000000e-01	
1.675790e+02	1647	8.171915e+01	4.404864e+02	1.675790e+02	1647	8.435115e-01	7.000000e-01	
1.676807e+02	1648	8.031114e+01	4.626889e+02	1.676807e+02	1648	8.520974e-01	7.000000e-01	
1.677825e+02	1649	8.891130e+01	4.933219e+02	1.677825e+02	1649	8.472926e-01	7.000000e-01	
1.678842e+02	1650	1.132947e+02	4.254402e+02	1.678842e+02	1650	7.897023e-01	7.000000e-01	
1.679859e+02	1651	1.681216e+02	4.452682e+02	1.679859e+02	1651	7.259139e-01	7.000000e-01	
1.680877e+02	1652	1.585464e+02	4.849378e+02	1.680877e+02	1652	7.536126e-01	7.000000e-01	
1.681894e+02	1653	1.613043e+02	4.763377e+02	1.681894e+02	1653	7.470300e-01	7.000000e-01	
1.682912e+02	1654	1.680830e+02	4.452101e+02	1.682912e+02	1654	7.259337e-01	7.000000e-01	
1.683929e+02	1655	1.496049e+02	4.628362e+02	1.683929e+02	1655	7.557236e-01	7.000000e-01	
1.684947e+02	1656	1.410361e+02	4.670186e+02	1.684947e+02	1656	7.680536e-01	7.000000e-01	
1.685964e+02	1657	1.347030e+02	4.782488e+02	1.685964e+02	1657	7.802388e-01	7.000000e-01	
1.686982e+02	1658	1.242882e+02	4.778518e+02	1.686982e+02	1658	7.935892e-01	7.000000e-01	
1.687999e+02	1659	1.645883e+02	4.338535e+02	1.687999e+02	1659	7.249719e-01	7.000000e-01	
1.689017e+02	1660	1.665984e+02	4.470770e+02	1.689017e+02	1660	7.285236e-01	7.000000e-01	
1.690034e+02	1661	1.620370e+02	4.840025e+02	1.690034e+02	1661	7.491841e-01	7.000000e-01	
1.691052e+02	1662	1.386229e+02	4.174090e+02	1.691052e+02	1662	7.506925e-01	7.000000e-01	
1.692069e+02	1663	1.276429e+02	3.646019e+02	1.692069e+02	1663	7.406922e-01	7.000000e-01	
1.693087e+02	1664	1.476708e+02	4.280228e+02	1.693087e+02	1664	7.434906e-01	7.000000e-01	
1.694104e+02	1665	1.320293e+02	4.135284e+02	1.694104e+02	1665	7.579921e-01	7.000000e-01	
1.695122e+02	1666	6.185312e+01	2.781055e+02	1.695122e+02	1666	8.180569e-01	7.000000e-01	
1.696139e+02	1667	6.266461e+01	2.847211e+02	1.696139e+02	1667	8.196109e-01	7.000000e-01	
1.697157e+02	1668	9.803677e+01	3.407469e+02	1.697157e+02	1668	7.765715e-01	7.000000e-01	
1.698174e+02	1669	1.078500e+02	3.293204e+02	1.698174e+02	1669	7.532999e-01	7.000000e-01	
1.699192e+02	1670	9.176899e+01	3.119620e+02	1.699192e+02	1670	7.726977e-01	7.000000e-01	
1.700209e+02	1671	2.573849e+01	2.488612e+02	1.700209e+02	1671	9.062690e-01	7.000000e-01	
1.701227e+02	1672	1.263354e+02	3.642279e+02	1.701227e+02	1672	7.424687e-01	7.000000e-01	
1.702244e+02	1673	1.006753e+02	3.410613e+02	1.702244e+02	1673	7.720920e-01	7.000000e-01	
1.703262e+02	1674	1.232319e+02	3.870340e+02	1.703262e+02	1674	7.584947e-01	7.000000e-01	
1.704279e+02	1675	1.123691e+02	3.093716e+02	1.704279e+02	1675	7.335588e-01	7.000000e-01	
1.705296e+02	1676	1.301797e+02	4.269860e+02	1.705296e+02	1676	7.663537e-01	7.000000e-01	
1.706314e+02	1677	1.154006e+02	3.707117e+02	1.706314e+02	1677	7.626051e-01	7.000000e-01	
1.707331e+02	1678	1.404594e+02	4.118507e+02	1.707331e+02	1678	7.456874e-01	7.000000e-01	
1.708349e+02	1679	1.231554e+02	3.432875e+02	1.708349e+02	1679	7.359690e-01	7.000000e-01	
1.709366e+02	1680	1.275208e+02	3.874347e+02	1.709366e+02	1680	7.523654e-01	7.000000e-01	
1.710384e+02	1681	1.541779e+02	4.502064e+02	1.710384e+02	1681	7.449009e-01	7.000000e-01	
1.711401e+02	1682	1.159011e+02	3.952721e+02	1.711401e+02	1682	7.732645e-01	7.000000e-01	
1.712419e+02	1683	1.288437e+02	3.838989e+02	1.712419e+02	1683	7.487166e-01	7.000000e-01	
1.713436e+02	1684	1.227255e+02	3.884536e+02	1.713436e+02	1684	7.599168e-01	7.000000e-01	
1.714454e+02	1685	1.283426e+02	4.001807e+02	1.714454e+02	1685	7.571676e-01	7.000000e-01	
1.715471e+02	1686	1.697275e+02	5.299592e+02	1.715471e+02	1686	7.574236e-01	7.000000e-01	
1.716489e+02	1687	1.268049e+02	4.238725e+02	1.716489e+02	1687	7.697292e-01	7.000000e-01	
1.717506e+02	1688	1.475343e+02	4.610026e+02	1.717506e+02	1688	7.575590e-01	7.000000e-01	
1.718524e+02	1689	1.818895e+02	5.202967e+02	1.718524e+02	1689	7.409669e-01	7.000000e-01	
1.719541e+02	1690	1.778650e+02	5.179473e+02	1.719541e+02	1690	7.443779e-01	7.000000e-01	
1.720559e+02	1691	6.758318e+01	2.781666e+02	1.720559e+02	1691	8.045315e-01	7.000000e-01	
1.721576e+02	1692	7.653741e+01	2.888601e+02	1.721576e+02	1692	7.905366e-01	7.000000e-01	
1.722594e+02	1693	6.939517e+01	2.262084e+02	1.722594e+02	1693	7.652424e-01	7.000000e-01	
1.723611e+02	1694	6.593585e+01	2.856881e+02	1.723611e+02	1694	8.124819e-01	7.000000e-01	
1.724629e+02	1695	9.826956e+01	3.309136e+02	1.724629e+02	1695	7.710312e-01	7.000000e-01	
1.725646e+02	1696	1.077939e+02	3.690661e+02	1.725646e+02	1696	7.739506e-01	7.000000e-01	
1.726664e+02	1697	8.829034e+01	3.202907e+02	1.726664e+02	1697	7.839098e-01	7.000000e-01	
1.727681e+02	1698	7.434194e+01	2.896639e+02	1.727681e+02	1698	7.957672e-01	7.000000e-01	
1.728699e+02	1699	8.543176e+01	2.890498e+02	1.728699e+02	1699	7.718666e-01	7.000000e-01	
1.729716e+02	1700	7.846327e+01	2.845756e+02	1.729716e+02	1700	7.838709e-01	7.000000e-01	
1.730733e+02	1701	6.133740e+01	2.902502e+02	1.730733e+02	1701	8.255416e-01	7.000000e-01	
1.731751e+02	1702	7.881630e+01	3.073903e+02	1.731751e+02	1702	7.959219e-01	7.000000e-01	
1.732768e+02	1703	8.115375e+01	2.778716e+02	1.732768e+02	1703	7.739609e-01	7.000000e-01	
1.733786e+02	1704	6.594792e+01	2.709497e+02	1.733786e+02	1704	8.042494e-01	7.000000e-01	
1.734803e+02	1705	6.827568e+01	2.563773e+02	1.734803e+02	1705	7.896964e-01	7.000000e-01	
1.735821e+02	1706	6.890244e+01	2.538339e+02	1.735821e+02	1706	7.865055e-01	7.000000e-01	
1.736838e+02	1707	6.491075e+01	2.672039e+02	1.736838e+02	1707	8.045532e-01	7.000000e-01	
1.737856e+02	1708	8.510950e+01	2.994882e+02	1.737856e+02	1708	7.787051e-01	7.000000e-01	
1.738873e+02	1709	1.166757e+02	3.786845e+02	1.738873e+02	1709	7.644629e-01	7.000000e-01	
1.739891e+02	1710	1.178625e+02	3.766217e+02	1.739891e+02	1710	7.616456e-01	7.000000e-01	
1.740908e+02	1711	1.095307e+02	3.854401e+02	1.740908e+02	1711	7.787128e-01	7.000000e-01	
1.741926e+02	1712	1.105055e+02	3.883295e+02	1.741926e+02	1712	7.784728e-01	7.000000e-01	
1.742943e+02	1713	1.228126e+02	4.016755e+02	1.742943e+02	1713	7.658429e-01	7.000000e-01	
1.743961e+02	1714	1.291731e+02	4.005392e+02	1.743961e+02	1714	7.561448e-01	7.000000e-01	
1.744978e+02	1715	1.198224e+02	4.050790e+02	1.744978e+02	1715	7.717240e-01	7.000000e-01	
1.745996e+02	1716	1.198554e+02	3.997547e+02	1.745996e+02	1716	7.693359e-01	7.000000e-01	
1.747013e+02	1717	1.349760e+02	4.093532e+02	1.747013e+02	1717	7.520324e-01	7.000000e-01	
1.748031e+02	1718	9.368196e+01	3.672993e+02	1.748031e+02	1718	7.967771e-01	7.000000e-01	
1.749048e+02	1719	1.211381e+02	3.989638e+02	1.749048e+02	1719	7.670878e-01	7.000000e-01	
1.750066e+02	1720	1.602383e+02	4.883098e+02	1.750066e+02	1720	7.529277e-01	7.000000e-01	
1.751083e+02	1721	1.403529e+02	4.272624e+02	1.751083e+02	1721	7.527324e-01	7.000000e-01	
1.752101e+02	1722	1.353575e+02	4.307771e+02	1.752101e+02	1722	7.609093e-01	7.000000e-01	
1.753118e+02	1723	1.114190e+02	3.369748e+02	1.753118e+02	1723	7.515153e-01	7.000000e-01	
1.754136e+02	1724	1.220795e+02	4.093478e+02	1.754136e+02	1724	7.702800e-01	7.000000e-01	
1.755153e+02	1725	1.098336e+02	3.828853e+02	1.755153e+02	1725	7.770867e-01	7.000000e-01	
1.756170e+02	1726	9.267466e+01	3.278797e+02	1.756170e+02	1726	7.796369e-01	7.000000e-01	
1.757188e+02	1727	9.857392e+01	3.436231e+02	1.757188e+02	1727	7.770814e-01	7.000000e-01	
1.758205e+02	1728	1.266741e+02	3.896942e+02	1.758205e+02	1728	7.546827e-01	7.000000e-01	
1.759223e+02	1729	1.085494e+02	3.420426e+02	1.759223e+02	1729	7.590960e-01	7.000000e-01	
1.760240e+02	1730	1.259335e+02	3.575041e+02	1.760240e+02	1730	7.395041e-01	7.000000e-01	
1.761258e+02	1731	7.728171e+01	3.223675e+02	1.761258e+02	1731	8.066261e-01	7.000000e-01	
1.762275e+02	1732	1.377495e+02	4.116512e+02	1.762275e+02	1732	7.492732e-01	7.000000e-01	
1.763293e+02	1733	1.333610e+02	3.679802e+02	1.763293e+02	1733	7.339915e-01	7.000000e-01	
1.764310e+02	1734	1.364798e+02	4.054817e+02	1.764310e+02	1734	7.481744e-01	7.000000e-01	
1.765328e+02	1735	1.023073e+02	3.436061e+02	1.765328e+02	1735	7.705669e-01	7.000000e-01	
1.766345e+02	1736	1.106616e+02	3.449130e+02	1.766345e+02	1736	7.570944e-01	7.000000e-01	
1.767363e+02	1737	9.075144e+01	2.881440e+02	1.767363e+02	1737	7.604842e-01	7.000000e-01	
1.768380e+02	1738	9.450797e+01	3.217027e+02	1.768380e+02	1738	7.729324e-01	7.000000e-01	
1.769398e+02	1739	1.078636e+02	3.454464e+02	1.769398e+02	1739	7.620533e-01	7.000000e-01	
1.770415e+02	1740	1.185022e+02	3.426791e+02	1.770415e+02	1740	7.430464e-01	7.000000e-01	
1.771433e+02	1741	9.095948e+01	3.070481e+02	1.771433e+02	1741	7.714629e-01	7.000000e-01	
1.772450e+02	1742	8.417993e+01	3.094791e+02	1.772450e+02	1742	7.861603e-01	7.000000e-01	
1.773468e+02	1743	1.219116e+02	3.610461e+02	1.773468e+02	1743	7.475729e-01	7.000000e-01	
1.774485e+02	1744	1.376153e+02	4.335911e+02	1.774485e+02	1744	7.590796e-01	7.000000e-01	
1.775503e+02	1745	1.214553e+02	3.611207e+02	1.775503e+02	1745	7.483188e-01	7.000000e-01	
1.776520e+02	1746	9.358947e+01	3.358656e+02	1.776520e+02	1746	7.820739e-01	7.000000e-01	
1.777538e+02	1747	1.425158e+02	4.052408e+02	1.777538e+02	1747	7.398191e-01	7.000000e-01	
1.778555e+02	1748	1.532937e+02	4.417325e+02	1.778555e+02	1748	7.423749e-01	7.000000e-01	
1.779573e+02	1749	1.146421e+02	3.841944e+02	1.779573e+02	1749	7.701810e-01	7.000000e-01	
1.780590e+02	1750	1.465942e+02	4.059514e+02	1.780590e+02	1750	7.346930e-01	7.000000e-01	
1.781607e+02	1751	1.550702e+02	4.441118e+02	1.781607e+02	1751	7.411968e-01	7.000000e-01	
1.782625e+02	1752	1.001460e+02	3.350769e+02	1.782625e+02	1752	7.698972e-01	7.000000e-01	
1.783642e+02	1753	1.270220e+02	3.700759e+02	1.783642e+02	1753	7.444729e-01	7.000000e-01	
1.784660e+02	1754	8.854014e+01	2.719457e+02	1.784660e+02	1754	7.543866e-01	7.000000e-01	
1.785677e+02	1755	5.734394e+01	2.326740e+02	1.785677e+02	1755	8.022745e-01	7.000000e-01	
1.786695e+02	1756	8.767459e+01	2.618209e+02	1.786695e+02	1756	7.491396e-01	7.000000e-01	
1.787712e+02	1757	7.383960e+01	2.381625e+02	1.787712e+02	1757	7.633362e-01	7.000000e-01	
1.788730e+02	1758	1.144857e+02	3.073138e+02	1.788730e+02	1758	7.285779e-01	7.000000e-01	
1.789747e+02	1759	9.074364e+01	3.162264e+02	1.789747e+02	1759	7.770262e-01	7.000000e-01	
1.790765e+02	1760	9.503261e+01	3.000988e+02	1.790765e+02	1760	7.594911e-01	7.000000e-01	
1.791782e+02	1761	1.216771e+02	3.898151e+02	1.791782e+02	1761	7.621135e-01	7.000000e-01	
1.792800e+02	1762	1.155169e+02	3.323869e+02	1.792800e+02	1762	7.420944e-01	7.000000e-01	
1.793817e+02	1763	9.418889e+01	2.817637e+02	1.793817e+02	1763	7.494660e-01	7.000000e-01	
1.794835e+02	1764	1.227528e+02	4.454712e+02	1.794835e+02	1764	7.839711e-01	7.000000e-01	
1.795852e+02	1765	1.152365e+02	3.636388e+02	1.795852e+02	1765	7.593601e-01	7.000000e-01	
1.796870e+02	1766	1.087436e+02	4.559877e+02	1.796870e+02	1766	8.074419e-01	7.000000e-01	
1.797887e+02	1767	1.092497e+02	4.479508e+02	1.797887e+02	1767	8.039311e-01	7.000000e-01	
1.798905e+02	1768	1.249631e+02	4.281210e+02	1.798905e+02	1768	7.740613e-01	7.000000e-01	
1.799922e+02	1769	1.169703e+02	4.247640e+02	1.799922e+02	1769	7.840818e-01	7.000000e-01	
1.800940e+02	1770	1.155735e+02	4.889152e+02	1.800940e+02	1770	8.088078e-01	7.000000e-01	
1.801957e+02	1771	1.172855e+02	4.550244e+02	1.801957e+02	1771	7.950664e-01	7.000000e-01	
1.802975e+02	1772	1.084881e+02	4.740707e+02	1.802975e+02	1772	8.137731e-01	7.000000e-01	
1.803992e+02	1773	1.300793e+02	5.155492e+02	1.803992e+02	1773	7.985230e-01	7.000000e-01	
1.805010e+02	1774	1.136835e+02	4.526283e+02	1.805010e+02	1774	7.992563e-01	7.000000e-01	
1.806027e+02	1775	1.061245e+02	4.702211e+02	1.806027e+02	1775	8.158666e-01	7.000000e-01	
1.807044e+02	1776	1.073030e+02	4.876773e+02	1.807044e+02	1776	8.196529e-01	7.000000e-01	
1.808062e+02	1777	1.159096e+02	4.886533e+02	1.808062e+02	1777	8.082754e-01	7.000000e-01	
1.809079e+02	1778	1.121856e+02	3.402255e+02	1.809079e+02	1778	7.520273e-01	7.000000e-01	
1.810097e+02	1779	1.061884e+02	2.199166e+02	1.810097e+02	1779	6.743736e-01	7.000000e-01	
1.811114e+02	1780	1.188537e+02	2.496680e+02	1.811114e+02	1780	6.774852e-01	7.000000e-01	
1.812132e+02	1781	1.208166e+02	3.220592e+02	1.812132e+02	1781	7.271998e-01	7.000000e-01	
1.813149e+02	1782	1.118676e+02	2.489334e+02	1.813149e+02	1782	6.899465e-01	7.000000e-01	
1.814167e+02	1783	1.053177e+02	2.169497e+02	1.814167e+02	1783	6.731978e-01	7.000000e-01	
1.815184e+02	1784	1.108309e+02	3.145511e+02	1.815184e+02	1784	7.394556e-01	7.000000e-01	
1.816202e+02	1785	1.313209e+02	3.018373e+02	1.816202e+02	1785	6.968292e-01	7.000000e-01	
1.817219e+02	1786	1.039611e+02	4.030844e+02	1.817219e+02	1786	7.949669e-01	7.000000e-01	
1.818237e+02	1787	7.749423e+01	2.240100e+02	1.818237e+02	1787	7.429747e-01	7.000000e-01	
1.819254e+02	1788	8.191063e+01	2.132312e+02	1.819254e+02	1788	7.224703e-01	7.000000e-01	
1.820272e+02	1789	8.999362e+01	2.451306e+02	1.820272e+02	1789	7.314619e-01	7.000000e-01	
1.821289e+02	1790	1.058301e+02	2.659347e+02	1.821289e+02	1790	7.153305e-01	7.000000e-01	
1.822307e+02	1791	9.539934e+01	2.364224e+02	1.822307e+02	1791	7.124982e-01	7.000000e-01	
1.823324e+02	1792	7.151884e+01	2.124148e+02	1.823324e+02	1792	7.481142e-01	7.000000e-01	
1.824342e+02	1793	9.782933e+01	2.673885e+02	1.824342e+02	1793	7.321343e-01	7.000000e-01	
1.825359e+02	1794	7.830079e+01	2.658492e+02	1.825359e+02	1794	7.724806e-01	7.000000e-01	
1.826377e+02	1795	8.476109e+01	2.275623e+02	1.826377e+02	1795	7.286111e-01	7.000000e-01	
1.827394e+02	1796	1.001274e+02	2.640578e+02	1.827394e+02	1796	7.250646e-01	7.000000e-01	
1.828412e+02	1797	8.687337e+01	2.427941e+02	1.828412e+02	1797	7.364818e-01	7.000000e-01	
1.829429e+02	1798	8.377370e+01	2.318185e+02	1.829429e+02	1798	7.345508e-01	7.000000e-01	
1.830447e+02	1799	9.158173e+01	2.416900e+02	1.830447e+02	1799	7.252040e-01	7.000000e-01	
1.831464e+02	1800	9.193823e+01	2.088909e+02	1.831464e+02	1800	6.943839e-01	7.000000e-01	
1.832481e+02	1801	9.618281e+01	2.444505e+02	1.832481e+02	1801	7.176353e-01	7.000000e-01	
1.833499e+02	1802	8.804657e+01	2.237263e+02	1.833499e+02	1802	7.175939e-01	7.000000e-01	
1.834516e+02	1803	8.738884e+01	2.470007e+02	1.834516e+02	1803	7.386616e-01	7.000000e-01	
1.835534e+02	1804	8.297581e+01	2.511900e+02	1.835534e+02	1804	7.516927e-01	7.000000e-01	
1.836551e+02	1805	8.436016e+01	2.541169e+02	1.836551e+02	1805	7.507655e-01	7.000000e-01	
1.837569e+02	1806	9.065678e+01	2.382345e+02	1.837569e+02	1806	7.243564e-01	7.000000e-01	
1.838586e+02	1807	9.040382e+01	2.335504e+02	1.838586e+02	1807	7.209364e-01	7.000000e-01	
1.839604e+02	1808	8.094226e+01	2.405207e+02	1.839604e+02	1808	7.482066e-01	7.000000e-01	
1.840621e+02	1809	9.866389e+01	2.618529e+02	1.840621e+02	1809	7.263265e-01	7.000000e-01	
1.841639e+02	1810	8.694044e+01	2.524375e+02	1.841639e+02	1810	7.438241e-01	7.000000e-01	
1.842656e+02	1811	1.037676e+02	2.813068e+02	1.842656e+02	1811	7.305258e-01	7.000000e-01	
1.843674e+02	1812	1.051394e+02	2.719413e+02	1.843674e+02	1812	7.211753e-01	7.000000e-01	
1.844691e+02	1813	1.126783e+02	2.783762e+02	1.844691e+02	1813	7.118604e-01	7.000000e-01	
1.845709e+02	1814	1.015092e+02	2.802919e+02	1.845709e+02	1814	7.341307e-01	7.000000e-01	
1.846726e+02	1815	1.380196e+02	3.124333e+02	1.846726e+02	1815	6.935982e-01	7.000000e-01	
1.847744e+02	1816	1.143879e+02	2.702706e+02	1.847744e+02	1816	7.026248e-01	7.000000e-01	
1.848761e+02	1817	6.879631e+01	2.734039e+02	1.848761e+02	1817	7.989589e-01	7.000000e-01	
1.849779e+02	1818	8.806684e+01	2.678600e+02	1.849779e+02	1818	7.525704e-01	7.000000e-01	
1.850796e+02	1819	9.702476e+01	2.769527e+02	1.850796e+02	1819	7.405599e-01	7.000000e-01	
1.851814e+02	1820	9.358508e+01	2.697965e+02	1.851814e+02	1820	7.424606e-01	7.000000e-01	
1.852831e+02	1821	1.058386e+02	2.847691e+02	1.852831e+02	1821	7.290412e-01	7.000000e-01	
1.853849e+02	1822	1.050202e+02	2.752141e+02	1.853849e+02	1822	7.238014e-01	7.000000e-01	
1.854866e+02	1823	1.137352e+02	2.659280e+02	1.854866e+02	1823	7.004313e-01	7.000000e-01	
1.855884e+02	1824	9.645344e+01	2.837704e+02	1.855884e+02	1824	7.463246e-01	7.000000e-01	
1.856901e+02	1825	9.669411e+01	2.634075e+02	1.856901e+02	1825	7.314810e-01	7.000000e-01	
1.857918e+02	1826	1.543539e+02	2.848848e+02	1.857918e+02	1826	6.485877e-01	7.000000e-01	
1.858936e+02	1827	9.126315e+01	2.708059e+02	1.858936e+02	1827	7.479399e-01	7.000000e-01	
1.859953e+02	1828	1.073042e+02	2.680855e+02	1.859953e+02	1828	7.141525e-01	7.000000e-01	
1.860971e+02	1829	9.935583e+01	2.426865e+02	1.860971e+02	1829	7.095218e-01	7.000000e-01	
1.861988e+02	1830	1.005059e+02	2.691018e+02	1.861988e+02	1830	7.280741e-01	7.000000e-01	
1.863006e+02	1831	7.831462e+01	2.777799e+02	1.863006e+02	1831	7.800735e-01	7.000000e-01	
1.864023e+02	1832	1.024387e+02	2.608736e+02	1.864023e+02	1832	7.180423e-01	7.000000e-01	
1.865041e+02	1833	9.076593e+01	2.552844e+02	1.865041e+02	1833	7.377089e-01	7.000000e-01	
1.866058e+02	1834	1.100591e+02	2.742838e+02	1.866058e+02	1834	7.136435e-01	7.000000e-01	
1.867076e+02	1835	8.992616e+01	2.639966e+02	1.867076e+02	1835	7.459159e-01	7.000000e-01	
1.868093e+02	1836	9.065295e+01	2.551354e+02	1.868093e+02	1836	7.378369e-01	7.000000e-01	
1.869111e+02	1837	1.009688e+02	3.022916e+02	1.869111e+02	1837	7.496189e-01	7.000000e-01	
1.870128e+02	1838	1.399949e+02	2.878833e+02	1.870128e+02	1838	6.728160e-01	7.000000e-01	
1.871146e+02	1839	8.470240e+01	2.417952e+02	1.871146e+02	1839	7.405727e-01	7.000000e-01	
1.872163e+02	1840	9.996867e+01	2.856191e+02	1.872163e+02	1840	7.407369e-01	7.000000e-01	
1.873181e+02	1841	1.209198e+02	2.882736e+02	1.873181e+02	1841	7.044923e-01	7.000000e-01	
1.874198e+02	1842	9.394618e+01	3.018902e+02	1.874198e+02	1842	7.626641e-01	7.000000e-01	
1.875216e+02	1843	1.095036e+02	2.755213e+02	1.875216e+02	1843	7.155935e-01	7.000000e-01	
1.876233e+02	1844	1.146620e+02	2.786893e+02	1.876233e+02	1844	7.084998e-01	7.000000e-01	
1.877251e+02	1845	1.084343e+02	3.485690e+02	1.877251e+02	1845	7.627275e-01	7.000000e-01	
1.878268e+02	1846	9.646765e+01	2.895155e+02	1.878268e+02	1846	7.500729e-01	7.000000e-01	
1.879286e+02	1847	9.366749e+01	2.859925e+02	1.879286e+02	1847	7.532859e-01	7.000000e-01	
1.880303e+02	1848	8.077092e+01	3.226861e+02	1.880303e+02	1848	7.998029e-01	7.000000e-01	
1.881321e+02	1849	8.289598e+01	2.908468e+02	1.881321e+02	1849	7.782005e-01	7.000000e-01	
1.882338e+02	1850	8.572002e+01	2.809058e+02	1.882338e+02	1850	7.661921e-01	7.000000e-01	
1.883355e+02	1851	1.279731e+02	4.415579e+02	1.883355e+02	1851	7.753009e-01	7.000000e-01	
1.884373e+02	1852	1.273677e+02	4.053484e+02	1.884373e+02	1852	7.609089e-01	7.000000e-01	
1.885390e+02	1853	1.348858e+02	4.195910e+02	1.885390e+02	1853	7.567332e-01	7.000000e-01	
1.886408e+02	1854	1.384986e+02	4.245550e+02	1.886408e+02	1854	7.540224e-01	7.000000e-01	
1.887425e+02	1855	1.187516e+02	4.030204e+02	1.887425e+02	1855	7.724071e-01	7.000000e-01	
1.888443e+02	1856	1.199174e+02	3.726089e+02	1.888443e+02	1856	7.565259e-01	7.000000e-01	
1.889460e+02	1857	1.320814e+02	4.030421e+02	1.889460e+02	1857	7.531759e-01	7.000000e-01	
1.890478e+02	1858	1.191500e+02	3.355249e+02	1.890478e+02	1858	7.379446e-01	7.000000e-01	
1.891495e+02	1859	1.135030e+02	3.380083e+02	1.891495e+02	1859	7.486154e-01	7.000000e-01	
1.892513e+02	1860	1.053622e+02	3.519800e+02	1.892513e+02	1860	7.696206e-01	7.000000e-01	
1.893530e+02	1861	1.278817e+02	4.015780e+02	1.893530e+02	1861	7.584675e-01	7.000000e-01	
1.894548e+02	1862	1.080106e+02	3.702086e+02	1.894548e+02	1862	7.741400e-01	7.000000e-01	
1.895565e+02	1863	1.236496e+02	3.184999e+02	1.895565e+02	1863	7.203444e-01	7.000000e-01	
1.896583e+02	1864	8.338281e+01	3.033757e+02	1.896583e+02	1864	7.844060e-01	7.000000e-01	
1.897600e+02	1865	1.185518e+02	3.787325e+02	1.897600e+02	1865	7.616016e-01	7.000000e-01	
1.898618e+02	1866	1.110456e+02	3.370797e+02	1.898618e+02	1866	7.521997e-01	7.000000e-01	
1.899635e+02	1867	1.293602e+02	3.703673e+02	1.899635e+02	1867	7.411385e-01	7.000000e-01	
1.900653e+02	1868	9.687538e+01	3.322654e+02	1.900653e+02	1868	7.742573e-01	7.000000e-01	
1.901670e+02	1869	1.191519e+02	3.127248e+02	1.901670e+02	1869	7.241067e-01	7.000000e-01	
1.902688e+02	1870	1.063387e+02	3.680873e+02	1.902688e+02	1870	7.758582e-01	7.000000e-01	
1.903705e+02	1871	1.086508e+02	3.423557e+02	1.903705e+02	1871	7.590926e-01	7.000000e-01	
1.904723e+02	1872	1.036015e+02	2.831652e+02	1.904723e+02	1872	7.321344e-01	7.000000e-01	
1.905740e+02	1873	9.602081e+01	2.829746e+02	1.905740e+02	1873	7.466439e-01	7.000000e-01	
1.906758e+02	1874	1.066257e+02	3.698846e+02	1.906758e+02	1874	7.762363e-01	7.000000e-01	
1.907775e+02	1875	1.219688e+02	3.600604e+02	1.907775e+02	1875	7.469680e-01	7.000000e-01	
1.908792e+02	1876	1.122749e+02	3.904813e+02	1.908792e+02	1876	7.766812e-01	7.000000e-01	
1.909810e+02	1877	1.155829e+02	3.159237e+02	1.909810e+02	1877	7.321411e-01	7.000000e-01	
1.910827e+02	1878	9.546110e+01	4.510522e+02	1.910827e+02	1878	8.253270e-01	7.000000e-01	
1.911845e+02	1879	1.081745e+02	3.607120e+02	1.911845e+02	1879	7.692949e-01	7.000000e-01	
1.912862e+02	1880	9.604474e+01	3.875719e+02	1.912862e+02	1880	8.014032e-01	7.000000e-01	
1.913880e+02	1881	1.042700e+02	4.021627e+02	1.913880e+02	1881	7.941089e-01	7.000000e-01	
1.914897e+02	1882	1.100570e+02	4.154531e+02	1.914897e+02	1882	7.905711e-01	7.000000e-01	
1.915915e+02	1883	9.376666e+01	4.044183e+02	1.915915e+02	1883	8.117834e-01	7.000000e-01	
1.916932e+02	1884	9.976691e+01	3.654141e+02	1.916932e+02	1884	7.855310e-01	7.000000e-01	
1.917950e+02	1885	9.823978e+01	4.017558e+02	1.917950e+02	1885	8.035187e-01	7.000000e-01	
1.918967e+02	1886	1.002561e+02	4.345776e+02	1.918967e+02	1886	8.125472e-01	7.000000e-01	
1.919985e+02	1887	9.486916e+01	4.079351e+02	1.919985e+02	1887	8.113199e-01	7.000000e-01	
1.921002e+02	1888	1.050485e+02	4.319720e+02	1.921002e+02	1888	8.043864e-01	7.000000e-01	
1.922020e+02	1889	8.226658e+01	3.901861e+02	1.922020e+02	1889	8.258734e-01	7.000000e-01	
1.923037e+02	1890	9.342179e+01	3.845976e+02	1.923037e+02	1890	8.045649e-01	7.000000e-01	
1.924055e+02	1891	1.089807e+02	4.177532e+02	1.924055e+02	1891	7.931010e-01	7.000000e-01	
1.925072e+02	1892	1.103548e+02	5.241929e+02	1.925072e+02	1892	8.260890e-01	7.000000e-01	
1.926090e+02	1893	1.360825e+02	4.702323e+02	1.926090e+02	1893	7.755580e-01	7.000000e-01	
1.927107e+02	1894	1.039765e+02	4.510702e+02	1.927107e+02	1894	8.126707e-01	7.000000e-01	
1.928125e+02	1895	1.104057e+02	5.356231e+02	1.928125e+02	1895	8.291010e-01	7.000000e-01	
1.929142e+02	1896	9.248174e+01	3.084862e+02	1.929142e+02	1896	7.693538e-01	7.000000e-01	
1.930160e+02	1897	9.640924e+01	3.196709e+02	1.930160e+02	1897	7.682917e-01	7.000000e-01	
1.931177e+02	1898	9.535793e+01	3.365558e+02	1.931177e+02	1898	7.792200e-01	7.000000e-01	
1.932195e+02	1899	1.056472e+02	3.937674e+02	1.932195e+02	1899	7.884579e-01	7.000000e-01	
1.933212e+02	1900	7.616083e+01	3.048598e+02	1.933212e+02	1900	8.001136e-01	7.000000e-01	
1.934229e+02	1901	9.199815e+01	2.733653e+02	1.934229e+02	1901	7.482010e-01	7.000000e-01	
1.935247e+02	1902	7.846079e+01	2.544371e+02	1.935247e+02	1902	7.643097e-01	7.000000e-01	
1.936264e+02	1903	1.059968e+02	3.650880e+02	1.936264e+02	1903	7.749942e-01	7.000000e-01	
1.937282e+02	1904	8.864991e+01	3.055000e+02	1.937282e+02	1904	7.750858e-01	7.000000e-01	
1.938299e+02	1905	1.151590e+02	3.870609e+02	1.938299e+02	1905	7.707000e-01	7.000000e-01	
1.939317e+02	1906	1.005880e+02	3.463253e+02	1.939317e+02	1906	7.749273e-01	7.000000e-01	
1.940334e+02	1907	1.154910e+02	3.642207e+02	1.940334e+02	1907	7.592491e-01	7.000000e-01	
1.941352e+02	1908	1.163928e+02	3.476220e+02	1.941352e+02	1908	7.491614e-01	7.000000e-01	
1.942369e+02	1909	9.632139e+01	3.602697e+02	1.942369e+02	1909	7.890423e-01	7.000000e-01	
1.943387e+02	1910	1.047477e+02	3.709691e+02	1.943387e+02	1910	7.798108e-01	7.000000e-01	
1.944404e+02	1911	1.074205e+02	3.045634e+02	1.944404e+02	1911	7.392604e-01	7.000000e-01	
1.945422e+02	1912	1.157141e+02	3.712833e+02	1.945422e+02	1912	7.623928e-01	7.000000e-01	
1.946439e+02	1913	1.176028e+02	3.802122e+02	1.946439e+02	1913	7.637620e-01	7.000000e-01	
1.947457e+02	1914	1.155675e+02	4.096692e+02	1.947457e+02	1914	7.799706e-01	7.000000e-01	
1.948474e+02	1915	9.574525e+01	3.705340e+02	1.948474e+02	1915	7.946611e-01	7.000000e-01	
1.949492e+02	1916	9.770388e+01	3.768407e+02	1.949492e+02	1916	7.941102e-01	7.000000e-01	
1.950509e+02	1917	1.024613e+02	4.100551e+02	1.950509e+02	1917	8.000819e-01	7.000000e-01	
1.951527e+02	1918	1.120793e+02	3.423337e+02	1.951527e+02	1918	7.533537e-01	7.000000e-01	
1.952544e+02	1919	7.778825e+01	3.574914e+02	1.952544e+02	1919	8.212913e-01	7.000000e-01	
1.953562e+02	1920	1.027674e+02	3.738400e+02	1.953562e+02	1920	7.843772e-01	7.000000e-01	
1.954579e+02	1921	1.095386e+02	3.386066e+02	1.954579e+02	1921	7.555734e-01	7.000000e-01	
1.955597e+02	1922	1.136716e+02	3.465457e+02	1.955597e+02	1922	7.530045e-01	7.000000e-01	
1.956614e+02	1923	1.035315e+02	3.456284e+02	1.956614e+02	1923	7.694997e-01	7.000000e-01	
1.957632e+02	1924	1.060827e+02	3.511901e+02	1.957632e+02	1924	7.680100e-01	7.000000e-01	
1.958649e+02	1925	1.041513e+02	2.952334e+02	1.958649e+02	1925	7.392206e-01	7.000000e-01	
1.959666e+02	1926	9.080144e+01	3.402781e+02	1.959666e+02	1926	7.893627e-01	7.000000e-01	
1.960684e+02	1927	1.135839e+02	3.325735e+02	1.960684e+02	1927	7.454174e-01	7.000000e-01	
1.961701e+02	1928	1.106263e+02	3.236025e+02	1.961701e+02	1928	7.452350e-01	7.000000e-01	
1.962719e+02	1929	8.417255e+01	3.034988e+02	1.962719e+02	1929	7.828765e-01	7.000000e-01	
1.963736e+02	1930	9.903876e+01	3.335629e+02	1.963736e+02	1930	7.710625e-01	7.000000e-01	
1.964754e+02	1931	1.128554e+02	3.680127e+02	1.964754e+02	1931	7.653090e-01	7.000000e-01	
1.965771e+02	1932	9.791727e+01	3.277403e+02	1.965771e+02	1932	7.699623e-01	7.000000e-01	
1.966789e+02	1933	5.589952e+01	2.691894e+02	1.966789e+02	1933	8.280485e-01	7.000000e-01	
1.967806e+02	1934	8.429328e+01	2.921814e+02	1.967806e+02	1934	7.760984e-01	7.000000e-01	
1.968824e+02	1935	9.957745e+01	3.675029e+02	1.968824e+02	1935	7.868087e-01	7.000000e-01	
1.969841e+02	1936	8.886765e+01	3.288366e+02	1.969841e+02	1936	7.872474e-01	7.000000e-01	
1.970859e+02	1937	9.886507e+01	3.730684e+02	1.970859e+02	1937	7.905106e-01	7.000000e-01	
1.971876e+02	1938	1.010933e+02	3.411973e+02	1.971876e+02	1938	7.714324e-01	7.000000e-01	
1.972894e+02	1939	8.956543e+01	3.139353e+02	1.972894e+02	1939	7.780291e-01	7.000000e-01	
1.973911e+02	1940	9.596935e+01	3.700745e+02	1.973911e+02	1940	7.940766e-01	7.000000e-01	
1.974929e+02	1941	1.051331e+02	3.507249e+02	1.974929e+02	1941	7.693731e-01	7.000000e-01	
1.975946e+02	1942	9.261711e+01	3.609934e+02	1.975946e+02	1942	7.958224e-01	7.000000e-01	
1.976964e+02	1943	8.651953e+01	3.631643e+02	1.976964e+02	1943	8.075992e-01	7.000000e-01	
1.977981e+02	1944	1.130751e+02	3.337832e+02	1.977981e+02	1944	7.469554e-01	7.000000e-01	
1.978999e+02	1945	1.440983e+02	3.578400e+02	1.978999e+02	1945	7.129163e-01	7.000000e-01	
1.980016e+02	1946	1.370147e+02	3.596770e+02	1.980016e+02	1946	7.241454e-01	7.000000e-01	
1.981034e+02	1947	1.056461e+02	2.733445e+02	1.981034e+02	1947	7.212435e-01	7.000000e-01	
1.982051e+02	1948	1.263425e+02	3.062713e+02	1.982051e+02	1948	7.079555e-01	7.000000e-01	
1.983069e+02	1949	8.260243e+01	3.544278e+02	1.983069e+02	1949	8.109915e-01	7.000000e-01	
1.984086e+02	1950	1.245444e+02	3.282332e+02	1.984086e+02	1950	7.249325e-01	7.000000e-01	
1.985103e+02	1951	8.553120e+01	3.361265e+02	1.985103e+02	1951	7.971549e-01	7.000000e-01	
1.986121e+02	1952	7.398639e+01	3.360861e+02	1.986121e+02	1952	8.195773e-01	7.000000e-01	
1.987138e+02	1953	8.050297e+01	3.632683e+02	1.987138e+02	1953	8.185936e-01	7.000000e-01	
1.988156e+02	1954	1.012466e+02	3.593207e+02	1.988156e+02	1954	7.801698e-01	7.000000e-01	
1.989173e+02	1955	9.304475e+01	3.577709e+02	1.989173e+02	1955	7.936080e-01	7.000000e-01	
1.990191e+02	1956	8.706552e+01	3.451493e+02	1.990191e+02	1956	7.985596e-01	7.000000e-01	
1.991208e+02	1957	1.212564e+02	3.996100e+02	1.991208e+02	1957	7.672025e-01	7.000000e-01	
1.992226e+02	1958	1.089886e+02	3.655616e+02	1.992226e+02	1958	7.703328e-01	7.000000e-01	
1.993243e+02	1959	1.110225e+02	3.258777e+02	1.993243e+02	1959	7.458859e-01	7.000000e-01	
1.994261e+02	1960	1.022398e+02	3.811592e+02	1.994261e+02	1960	7.884981e-01	7.000000e-01	
1.995278e+02	1961	1.116305e+02	3.944678e+02	1.995278e+02	1961	7.794292e-01	7.000000e-01	
1.996296e+02	1962	1.017103e+02	3.641628e+02	1.996296e+02	1962	7.816781e-01	7.000000e-01	
1.997313e+02	1963	9.206380e+01	3.934170e+02	1.997313e+02	1963	8.103657e-01	7.000000e-01	
1.998331e+02	1964	9.766749e+01	4.301390e+02	1.998331e+02	1964	8.149559e-01	7.000000e-01	
1.999348e+02	1965	1.115498e+02	4.280194e+02	1.999348e+02	1965	7.932614e-01	7.000000e-01	
2.000366e+02	1966	1.055228e+02	3.473981e+02	2.000366e+02	1966	7.670172e-01	7.000000e-01	
2.001383e+02	1967	1.024071e+02	4.438850e+02	2.001383e+02	1967	8.125415e-01	7.000000e-01	
2.002401e+02	1968	1.002869e+02	4.432923e+02	2.002401e+02	1968	8.155064e-01	7.000000e-01	
2.003418e+02	1969	9.994784e+01	4.752065e+02	2.003418e+02	1969	8.262243e-01	7.000000e-01	
2.004436e+02	1970	9.616878e+01	4.445451e+02	2.004436e+02	1970	8.221448e-01	7.000000e-01	
2.005453e+02	1971	1.151753e+02	4.500950e+02	2.005453e+02	1971	7.962474e-01	7.000000e-01	
2.006471e+02	1972	8.518578e+01	3.897429e+02	2.006471e+02	1972	8.206346e-01	7.000000e-01	
2.007488e+02	1973	8.741871e+01	3.878635e+02	2.007488e+02	1973	8.160699e-01	7.000000e-01	
2.008506e+02	1974	9.735976e+01	3.710146e+02	2.008506e+02	1974	7.921326e-01	7.000000e-01	
2.009523e+02	1975	8.748014e+01	3.707399e+02	2.009523e+02	1975	8.090870e-01	7.000000e-01	
2.010540e+02	1976	9.958071e+01	3.280816e+02	2.010540e+02	1976	7.671511e-01	7.000000e-01	
2.011558e+02	1977	8.904866e+01	3.603435e+02	2.011558e+02	1977	8.018464e-01	7.000000e-01	
2.012575e+02	1978	1.128361e+02	4.331788e+02	2.012575e+02	1978	7.933461e-01	7.000000e-01	
2.013593e+02	1979	8.896853e+01	3.845806e+02	2.013593e+02	1979	8.121240e-01	7.000000e-01	
2.014610e+02	1980	8.231207e+01	3.839396e+02	2.014610e+02	1980	8.234600e-01	7.000000e-01	
2.015628e+02	1981	1.041022e+02	4.801013e+02	2.015628e+02	1981	8.218049e-01	7.000000e-01	
2.016645e+02	1982	8.230848e+01	4.598382e+02	2.016645e+02	1982	8.481804e-01	7.000000e-01	
2.017663e+02	1983	1.193917e+02	4.213371e+02	2.017663e+02	1983	7.792023e-01	7.000000e-01	
2.018680e+02	1984	9.942122e+01	5.299096e+02	2.018680e+02	1984	8.420207e-01	7.000000e-01	
2.019698e+02	1985	1.318110e+02	3.633456e+02	2.019698e+02	1985	7.337994e-01	7.000000e-01	
2.020715e+02	1986	1.274251e+02	3.584265e+02	2.020715e+02	1986	7.377284e-01	7.000000e-01	
2.021733e+02	1987	1.228492e+02	3.627733e+02	2.021733e+02	1987	7.470274e-01	7.000000e-01	
2.022750e+02	1988	1.203494e+02	3.640894e+02	2.022750e+02	1988	7.515694e-01	7.000000e-01	
2.023768e+02	1989	1.143084e+02	3.179207e+02	2.023768e+02	1989	7.355375e-01	7.000000e-01	
2.024785e+02	1990	1.384652e+02	3.095167e+02	2.024785e+02	1990	6.909134e-01	7.000000e-01	
2.025803e+02	1991	1.030527e+02	3.343687e+02	2.025803e+02	1991	7.644086e-01	7.000000e-01	
2.026820e+02	1992	1.308690e+02	3.681422e+02	2.026820e+02	1992	7.377434e-01	7.000000e-01	
2.027838e+02	1993	1.388203e+02	3.733395e+02	2.027838e+02	1993	7.289512e-01	7.000000e-01	
2.028855e+02	1994	1.049219e+02	3.198458e+02	2.028855e+02	1994	7.529899e-01	7.000000e-01	
2.029873e+02	1995	9.805144e+01	3.299498e+02	2.029873e+02	1995	7.709085e-01	7.000000e-01	
2.030890e+02	1996	1.109031e+02	3.782808e+02	2.030890e+02	1996	7.732896e-01	7.000000e-01	
2.031908e+02	1997	1.014240e+02	2.633137e+02	2.031908e+02	1997	7.219262e-01	7.000000e-01	
2.032925e+02	1998	8.349672e+01	2.930813e+02	2.032925e+02	1998	7.782751e-01	7.000000e-01	
2.033943e+02	1999	9.550276e+01	3.344852e+02	2.033943e+02	1999	7.778943e-01	7.000000e-01	
2.034960e+02	2000	7.480012e+01	2.837896e+02	2.034960e+02	2000	7.914047e-01	7.000000e-01	
2.035977e+02	2001	1.058470e+02	2.430331e+02	2.035977e+02	2001	6.966092e-01	7.000000e-01	
2.036995e+02	2002	7.977352e+01	2.983183e+02	2.036995e+02	2002	7.890102e-01	7.000000e-01	
2.038012e+02	2003	8.860380e+01	2.900614e+02	2.038012e+02	2003	7.660102e-01	7.000000e-01	
2.039030e+02	2004	6.498426e+01	2.615451e+02	2.039030e+02	2004	8.009849e-01	7.000000e-01	
2.040047e+02	2005	8.527629e+01	2.895697e+02	2.040047e+02	2005	7.725031e-01	7.000000e-01	
2.041065e+02	2006	7.645103e+01	2.833868e+02	2.041065e+02	2006	7.875403e-01	7.000000e-01	
2.042082e+02	2007	7.267505e+01	2.997838e+02	2.042082e+02	2007	8.048776e-01	7.000000e-01	
2.043100e+02	2008	8.209637e+01	3.163898e+02	2.043100e+02	2008	7.939794e-01	7.000000e-01	
2.044117e+02	2009	6.616231e+01	2.589397e+02	2.044117e+02	2009	7.964875e-01	7.000000e-01	
2.045135e+02	2010	7.689053e+01	2.963298e+02	2.045135e+02	2010	7.939809e-01	7.000000e-01	
2.046152e+02	2011	9.945001e+01	3.369464e+02	2.046152e+02	2011	7.721108e-01	7.000000e-01	
2.047170e+02	2012	1.085212e+02	3.268404e+02	2.047170e+02	2012	7.507332e-01	7.000000e-01	
2.048187e+02	2013	7.001591e+01	2.866907e+02	2.048187e+02	2013	8.037157e-01	7.000000e-01	
2.049205e+02	2014	8.331015e+01	2.767494e+02	2.049205e+02	2014	7.686212e-01	7.000000e-01	
2.050222e+02	2015	8.405071e+01	3.847532e+02	2.050222e+02	2015	8.207124e-01	7.000000e-01	
2.051240e+02	2016	9.201110e+01	3.339229e+02	2.051240e+02	2016	7.839780e-01	7.000000e-01	
2.052257e+02	2017	9.238773e+01	4.007837e+02	2.052257e+02	2017	8.126661e-01	7.000000e-01	
2.053275e+02	2018	9.521905e+01	3.573838e+02	2.053275e+02	2018	7.896190e-01	7.000000e-01	
2.054292e+02	2019	9.631171e+01	3.511476e+02	2.054292e+02	2019	7.847587e-01	7.000000e-01	
2.055310e+02	2020	8.336942e+01	2.976430e+02	2.055310e+02	2020	7.811898e-01	7.000000e-01	
2.056327e+02	2021	9.592165e+01	3.644385e+02	2.056327e+02	2021	7.916378e-01	7.000000e-01	
2.057345e+02	2022	1.236622e+02	3.096349e+02	2.057345e+02	2022	7.146018e-01	7.000000e-01	
2.058362e+02	2023	1.155840e+02	3.839889e+02	2.058362e+02	2023	7.686344e-01	7.000000e-01	
2.059380e+02	2024	1.149713e+02	4.282664e+02	2.059380e+02	2024	7.883591e-01	7.000000e-01	
2.060397e+02	2025	1.155385e+02	3.441507e+02	2.060397e+02	2025	7.486595e-01	7.000000e-01	
2.061414e+02	2026	1.131906e+02	4.113524e+02	2.061414e+02	2026	7.842110e-01	7.000000e-01	
2.062432e+02	2027	1.052691e+02	3.894741e+02	2.062432e+02	2027	7.872248e-01	7.000000e-01	
2.063449e+02	2028	1.276297e+02	4.757871e+02	2.063449e+02	2028	7.884883e-01	7.000000e-01	
2.064467e+02	2029	1.229619e+02	4.278109e+02	2.064467e+02	2029	7.767466e-01	7.000000e-01	
2.065484e+02	2030	8.133971e+01	3.810169e+02	2.065484e+02	2030	8.240758e-01	7.000000e-01	
2.066502e+02	2031	7.552865e+01	3.731632e+02	2.066502e+02	2031	8.316692e-01	7.000000e-01	
2.067519e+02	2032	8.922781e+01	3.561655e+02	2.067519e+02	2032	7.996651e-01	7.000000e-01	
2.068537e+02	2033	8.484814e+01	3.673109e+02	2.068537e+02	2033	8.123489e-01	7.000000e-01	
2.069554e+02	2034	8.808881e+01	3.855992e+02	2.069554e+02	2034	8.140362e-01	7.000000e-01	
2.070572e+02	2035	9.256800e+01	3.494592e+02	2.070572e+02	2035	7.905830e-01	7.000000e-01	
2.071589e+02	2036	7.943477e+01	3.743597e+02	2.071589e+02	2036	8.249543e-01	7.000000e-01	
2.072607e+02	2037	6.976808e+01	3.428686e+02	2.072607e+02	2037	8.309213e-01	7.000000e-01	
2.073624e+02	2038	8.143802e+01	3.732784e+02	2.073624e+02	2038	8.209037e-01	7.000000e-01	
2.074642e+02	2039	7.222680e+01	3.739974e+02	2.074642e+02	2039	8.381379e-01	7.000000e-01	
2.075659e+02	2040	1.148565e+02	3.318134e+02	2.075659e+02	2040	7.428604e-01	7.000000e-01	
2.076677e+02	2041	1.379562e+02	3.063681e+02	2.076677e+02	2041	6.895146e-01	7.000000e-01	
2.077694e+02	2042	9.995336e+01	3.119499e+02	2.077694e+02	2042	7.573378e-01	7.000000e-01	
2.078712e+02	2043	1.125296e+02	3.210908e+02	2.078712e+02	2043	7.404882e-01	7.000000e-01	
2.079729e+02	2044	1.263529e+02	2.972475e+02	2.079729e+02	2044	7.017168e-01	7.000000e-01	
2.080747e+02	2045	1.170273e+02	3.429061e+02	2.080747e+02	2045	7.455560e-01	7.000000e-01	
2.081764e+02	2046	1.081176e+02	3.329509e+02	2.081764e+02	2046	7.548734e-01	7.000000e-01	
2.082782e+02	2047	1.128368e+02	3.097909e+02	2.082782e+02	2047	7.330113e-01	7.000000e-01	
2.083799e+02	2048	9.341803e+01	3.216514e+02	2.083799e+02	2048	7.749340e-01	7.000000e-01	
2.084817e+02	2049	1.147139e+02	3.326125e+02	2.084817e+02	2049	7.435566e-01	7.000000e-01	
2.085834e+02	2050	1.058159e+02	3.255403e+02	2.085834e+02	2050	7.546902e-01	7.000000e-01	
2.086851e+02	2051	9.413258e+01	3.629432e+02	2.086851e+02	2051	7.940548e-01	7.000000e-01	
2.087869e+02	2052	1.105264e+02	3.193877e+02	2.087869e+02	2052	7.429105e-01	7.000000e-01	
2.088886e+02	2053	8.283181e+01	3.348964e+02	2.088886e+02	2053	8.017088e-01	7.000000e-01	
2.089904e+02	2054	9.284418e+01	3.171013e+02	2.089904e+02	2054	7.735207e-01	7.000000e-01	
2.090921e+02	2055	8.941500e+01	3.630894e+02	2.090921e+02	2055	8.023997e-01	7.000000e-01	
2.091939e+02	2056	8.147129e+01	3.929923e+02	2.091939e+02	2056	8.282876e-01	7.000000e-01	
2.092956e+02	2057	8.794381e+01	2.894695e+02	2.092956e+02	2057	7.669828e-01	7.000000e-01	
2.093974e+02	2058	8.745340e+01	3.370124e+02	2.093974e+02	2058	7.939683e-01	7.000000e-01	
2.094991e+02	2059	9.110181e+01	3.504999e+02	2.094991e+02	2059	7.937014e-01	7.000000e-01	
2.096009e+02	2060	8.843190e+01	2.912881e+02	2.096009e+02	2060	7.671129e-01	7.000000e-01	
2.097026e+02	2061	1.469657e+02	3.603882e+02	2.097026e+02	2061	7.103290e-01	7.000000e-01	
2.098044e+02	2062	1.627155e+02	3.322347e+02	2.098044e+02	2062	6.712487e-01	7.000000e-01	
2.099061e+02	2063	1.357447e+02	3.616187e+02	2.099061e+02	2063	7.270714e-01	7.000000e-01	
2.100079e+02	2064	1.445468e+02	3.484065e+02	2.100079e+02	2064	7.067738e-01	7.000000e-01	
2.101096e+02	2065	1.379450e+02	3.337094e+02	2.101096e+02	2065	7.075295e-01	7.000000e-01	
2.102114e+02	2066	1.220027e+02	3.583123e+02	2.102114e+02	2066	7.459944e-01	7.000000e-01	
2.103131e+02	2067	1.222728e+02	3.618012e+02	2.103131e+02	2067	7.474089e-01	7.000000e-01	
2.104149e+02	2068	1.174319e+02	3.714003e+02	2.104149e+02	2068	7.597705e-01	7.000000e-01	
2.105166e+02	2069	1.383369e+02	3.703030e+02	2.105166e+02	2069	7.280259e-01	7.000000e-01	
2.106184e+02	2070	1.051915e+02	3.407229e+02	2.106184e+02	2070	7.640993e-01	7.000000e-01	
2.107201e+02	2071	1.068459e+02	3.554944e+02	2.107201e+02	2071	7.689020e-01	7.000000e-01	
2.108219e+02	2072	1.159606e+02	3.886245e+02	2.108219e+02	2072	7.701862e-01	7.000000e-01	
2.109236e+02	2073	1.053543e+02	3.949505e+02	2.109236e+02	2073	7.894198e-01	7.000000e-01	
2.110254e+02	2074	1.061307e+02	3.600105e+02	2.110254e+02	2074	7.723207e-01	7.000000e-01	
2.111271e+02	2075	1.161146e+02	3.536106e+02	2.111271e+02	2075	7.528031e-01	7.000000e-01	
2.112288e+02	2076	1.192668e+02	3.217059e+02	2.112288e+02	2076	7.295370e-01	7.000000e-01	
2.113306e+02	2077	1.165240e+02	3.813646e+02	2.113306e+02	2077	7.659637e-01	7.000000e-01	
2.114323e+02	2078	1.211191e+02	3.621211e+02	2.114323e+02	2078	7.493605e-01	7.000000e-01	
2.115341e+02	2079	1.065657e+02	2.128767e+02	2.115341e+02	2079	6.664009e-01	7.000000e-01	
2.116358e+02	2080	1.186445e+02	2.777426e+02	2.116358e+02	2080	7.006853e-01	7.000000e-01	
2.117376e+02	2081	1.231507e+02	3.719073e+02	2.117376e+02	2081	7.512399e-01	7.000000e-01	
2.118393e+02	2082	1.139044e+02	4.074281e+02	2.118393e+02	2082	7.815129e-01	7.000000e-01	
2.119411e+02	2083	1.168828e+02	3.319627e+02	2.119411e+02	2083	7.395924e-01	7.000000e-01	
2.120428e+02	2084	9.931146e+01	3.817961e+02	2.120428e+02	2084	7.935774e-01	7.000000e-01	
2.121446e+02	2085	1.211671e+02	3.839977e+02	2.121446e+02	2085	7.601434e-01	7.000000e-01	
2.122463e+02	2086	1.281458e+02	3.761093e+02	2.122463e+02	2086	7.458711e-01	7.000000e-01	
2.123481e+02	2087	1.136996e+02	3.940486e+02	2.123481e+02	2087	7.760709e-01	7.000000e-01	
2.124498e+02	2088	1.129757e+02	3.771771e+02	2.124498e+02	2088	7.695092e-01	7.000000e-01	
2.125516e+02	2089	1.264205e+02	4.261673e+02	2.125516e+02	2089	7.712210e-01	7.000000e-01	
2.126533e+02	2090	1.166534e+02	3.768510e+02	2.126533e+02	2090	7.636224e-01	7.000000e-01	
2.127551e+02	2091	1.001174e+02	3.686432e+02	2.127551e+02	2091	7.864210e-01	7.000000e-01	
2.128568e+02	2092	9.249525e+01	3.576277e+02	2.128568e+02	2092	7.945111e-01	7.000000e-01	
2.129586e+02	2093	1.056812e+02	3.989827e+02	2.129586e+02	2093	7.905909e-01	7.000000e-01	
2.130603e+02	2094	9.240635e+01	3.092865e+02	2.130603e+02	2094	7.699577e-01	7.000000e-01	
2.131621e+02	2095	1.010701e+02	3.078935e+02	2.131621e+02	2095	7.528628e-01	7.000000e-01	
2.132638e+02	2096	1.244050e+02	3.928356e+02	2.132638e+02	2096	7.594833e-01	7.000000e-01	
2.133656e+02	2097	1.305990e+02	3.936020e+02	2.133656e+02	2097	7.508608e-01	7.000000e-01	
2.134673e+02	2098	1.152897e+02	3.953507e+02	2.134673e+02	2098	7.742253e-01	7.000000e-01	
2.135691e+02	2099	1.221185e+02	3.890789e+02	2.135691e+02	2099	7.611128e-01	7.000000e-01	
2.136708e+02	2100	1.331196e+02	3.895960e+02	2.136708e+02	2100	7.453307e-01	7.000000e-01	
2.137725e+02	2101	1.297222e+02	3.977271e+02	2.137725e+02	2101	7.540575e-01	7.000000e-01	
2.138743e+02	2102	1.197111e+02	3.929958e+02	2.138743e+02	2102	7.665116e-01	7.000000e-01	
2.139760e+02	2103	1.239148e+02	3.866970e+02	2.139760e+02	2103	7.573209e-01	7.000000e-01	
2.140778e+02	2104	1.039222e+02	3.961886e+02	2.140778e+02	2104	7.922016e-01	7.000000e-01	
2.141795e+02	2105	1.071230e+02	3.722864e+02	2.141795e+02	2105	7.765521e-01	7.000000e-01	
2.142813e+02	2106	1.328033e+02	3.978056e+02	2.142813e+02	2106	7.497153e-01	7.000000e-01	
2.143830e+02	2107	1.077037e+02	3.300747e+02	2.143830e+02	2107	7.539767e-01	7.000000e-01	
2.144848e+02	2108	9.086732e+01	3.881502e+02	2.144848e+02	2108	8.103048e-01	7.000000e-01	
2.145865e+02	2109	1.092875e+02	3.986310e+02	2.145865e+02	2109	7.848326e-01	7.000000e-01	
2.146883e+02	2110	1.181329e+02	3.940918e+02	2.146883e+02	2110	7.693729e-01	7.000000e-01	
2.147900e+02	2111	9.638660e+01	2.344636e+02	2.147900e+02	2111	7.086700e-01	7.000000e-01	
2.148918e+02	2112	8.250248e+01	1.808777e+02	2.148918e+02	2112	6.867552e-01	7.000000e-01	
2.149935e+02	2113	6.597241e+01	2.173086e+02	2.149935e+02	2113	7.671132e-01	7.000000e-01	
2.150953e+02	2114	7.305079e+01	1.619468e+02	2.150953e+02	2114	6.891424e-01	7.000000e-01	
2.151970e+02	2115	6.994489e+01	1.887191e+02	2.151970e+02	2115	7.295917e-01	7.000000e-01	
2.152988e+02	2116	1.020314e+02	3.404632e+02	2.152988e+02	2116	7.694178e-01	7.000000e-01	
2.154005e+02	2117	1.523650e+02	4.011523e+02	2.154005e+02	2117	7.247331e-01	7.000000e-01	
2.155023e+02	2118	1.006688e+02	3.501417e+02	2.155023e+02	2118	7.766938e-01	7.000000e-01	
2.156040e+02	2119	9.764162e+01	3.082668e+02	2.156040e+02	2119	7.594491e-01	7.000000e-01	
2.157058e+02	2120	9.725600e+01	3.208921e+02	2.157058e+02	2120	7.674126e-01	7.000000e-01	
2.158075e+02	2121	1.025170e+02	3.393058e+02	2.158075e+02	2121	7.679681e-01	7.000000e-01	
2.159093e+02	2122	1.109337e+02	3.324687e+02	2.159093e+02	2122	7.498126e-01	7.000000e-01	
2.160110e+02	2123	6.107994e+01	2.198715e+02	2.160110e+02	2123	7.825961e-01	7.000000e-01	
2.161128e+02	2124	9.364753e+01	3.168551e+02	2.161128e+02	2124	7.718711e-01	7.000000e-01	
2.162145e+02	2125	7.904564e+01	2.546438e+02	2.162145e+02	2125	7.631161e-01	7.000000e-01	
2.163162e+02	2126	7.537252e+01	2.603846e+02	2.163162e+02	2126	7.755148e-01	7.000000e-01	
2.164180e+02	2127	5.545789e+01	2.152244e+02	2.164180e+02	2127	7.951181e-01	7.000000e-01	
2.165197e+02	2128	7.753578e+01	2.691652e+02	2.165197e+02	2128	7.763612e-01	7.000000e-01	
2.166215e+02	2129	7.533150e+01	2.583084e+02	2.166215e+02	2129	7.742132e-01	7.000000e-01	
2.167232e+02	2130	8.208421e+01	2.506355e+02	2.167232e+02	2130	7.532932e-01	7.000000e-01	
2.168250e+02	2131	1.226916e+02	3.987044e+02	2.168250e+02	2131	7.646863e-01	7.000000e-01	
2.169267e+02	2132	1.114127e+02	3.319713e+02	2.169267e+02	2132	7.487219e-01	7.000000e-01	
2.170285e+02	2133	9.414981e+01	3.695435e+02	2.170285e+02	2133	7.969567e-01	7.000000e-01	
2.171302e+02	2134	1.090233e+02	3.212840e+02	2.171302e+02	2134	7.466385e-01	7.000000e-01	
2.172320e+02	2135	1.154970e+02	3.307171e+02	2.172320e+02	2135	7.411624e-01	7.000000e-01	
2.173337e+02	2136	1.274381e+02	3.958763e+02	2.173337e+02	2136	7.564789e-01	7.000000e-01	
2.174355e+02	2137	1.430685e+02	4.166767e+02	2.174355e+02	2137	7.444042e-01	7.000000e-01	
2.175372e+02	2138	1.021893e+02	3.848737e+02	2.175372e+02	2138	7.901928e-01	7.000000e-01	
2.176390e+02	2139	1.307386e+02	4.419947e+02	2.176390e+02	2139	7.717287e-01	7.000000e-01	
2.177407e+02	2140	1.845042e+02	4.409412e+02	2.177407e+02	2140	7.050035e-01	7.000000e-01	
2.178425e+02	2141	1.591968e+02	4.557146e+02	2.178425e+02	2141	7.411061e-01	7.000000e-01	
2.179442e+02	2142	1.504757e+02	3.812939e+02	2.179442e+02	2142	7.170284e-01	7.000000e-01	
2.180460e+02	2143	1.341749e+02	4.351770e+02	2.180460e+02	2143	7.643375e-01	7.000000e-01	
2.181477e+02	2144	1.383017e+02	4.447348e+02	2.181477e+02	2144	7.627907e-01	7.000000e-01	
2.182495e+02	2145	8.619317e+01	3.277239e+02	2.182495e+02	2145	7.917622e-01	7.000000e-01	
2.183512e+02	2146	1.334235e+02	3.825997e+02	2.183512e+02	2146	7.414390e-01	7.000000e-01	
2.184530e+02	2147	4.464526e+01	2.885433e+02	2.184530e+02	2147	8.660060e-01	7.000000e-01	
2.185547e+02	2148	6.081444e+01	3.165911e+02	2.185547e+02	2148	8.388618e-01	7.000000e-01	
2.186565e+02	2149	5.140243e+01	2.648431e+02	2.186565e+02	2149	8.374604e-01	7.000000e-01	
2.187582e+02	2150	6.331674e+01	3.079199e+02	2.187582e+02	2150	8.294437e-01	7.000000e-01	
2.188599e+02	2151	7.018181e+01	3.151649e+02	2.188599e+02	2151	8.178736e-01	7.000000e-01	
2.189617e+02	2152	1.077971e+02	3.473361e+02	2.189617e+02	2152	7.631526e-01	7.000000e-01	
2.190634e+02	2153	1.058039e+02	3.612724e+02	2.190634e+02	2153	7.734762e-01	7.000000e-01	
2.191652e+02	2154	1.184923e+02	3.475987e+02	2.191652e+02	2154	7.457743e-01	7.000000e-01	
2.192669e+02	2155	9.323054e+01	3.370546e+02	2.192669e+02	2155	7.833285e-01	7.000000e-01	
2.193687e+02	2156	1.214586e+02	3.325337e+02	2.193687e+02	2156	7.324655e-01	7.000000e-01	
2.194704e+02	2157	7.502765e+01	3.161696e+02	2.194704e+02	2157	8.082102e-01	7.000000e-01	
2.195722e+02	2158	1.105207e+02	3.515018e+02	2.195722e+02	2158	7.607894e-01	7.000000e-01	
2.196739e+02	2159	1.140518e+02	3.472815e+02	2.196739e+02	2159	7.527779e-01	7.000000e-01	
2.197757e+02	2160	1.042100e+02	3.430309e+02	2.197757e+02	2160	7.669936e-01	7.000000e-01	
2.198774e+02	2161	1.059734e+02	3.857538e+02	2.198774e+02	2161	7.844874e-01	7.000000e-01	
2.199792e+02	2162	9.897299e+01	3.587172e+02	2.199792e+02	2162	7.837555e-01	7.000000e-01	
2.200809e+02	2163	1.161918e+02	3.643415e+02	2.200809e+02	2163	7.582024e-01	7.000000e-01	
2.201827e+02	2164	9.551659e+01	3.714955e+02	2.201827e+02	2164	7.954730e-01	7.000000e-01	
2.202844e+02	2165	8.478409e+01	3.442754e+02	2.202844e+02	2165	8.023955e-01	7.000000e-01	
2.203862e+02	2166	1.047785e+02	3.957282e+02	2.203862e+02	2166	7.906552e-01	7.000000e-01	
2.204879e+02	2167	1.100332e+02	4.026090e+02	2.204879e+02	2167	7.853606e-01	7.000000e-01	
2.205897e+02	2168	1.079178e+02	3.864150e+02	2.205897e+02	2168	7.816900e-01	7.000000e-01	
2.206914e+02	2169	1.062655e+02	4.126735e+02	2.206914e+02	2169	7.952255e-01	7.000000e-01	
2.207932e+02	2170	1.055768e+02	3.634894e+02	2.207932e+02	2170	7.749213e-01	7.000000e-01	
2.208949e+02	2171	9.722930e+01	3.441248e+02	2.208949e+02	2171	7.797023e-01	7.000000e-01	
2.209967e+02	2172	1.288624e+02	3.626630e+02	2.209967e+02	2172	7.378317e-01	7.000000e-01	
2.210984e+02	2173	9.762267e+01	3.322595e+02	2.210984e+02	2173	7.729083e-01	7.000000e-01	
2.212002e+02	2174	1.205427e+02	3.889363e+02	2.212002e+02	2174	7.634001e-01	7.000000e-01	
2.213019e+02	2175	6.946223e+01	2.899543e+02	2.213019e+02	2175	8.067361e-01	7.000000e-01	
2.214036e+02	2176	1.011634e+02	3.430682e+02	2.214036e+02	2176	7.722733e-01	7.000000e-01	
2.215054e+02	2177	7.984174e+01	2.902647e+02	2.215054e+02	2177	7.842736e-01	7.000000e-01	
2.216071e+02	2178	8.928644e+01	2.909689e+02	2.216071e+02	2178	7.651935e-01	7.000000e-01	
2.217089e+02	2179	3.860604e+01	2.802870e+02	2.217089e+02	2179	8.789373e-01	7.000000e-01	
2.218106e+02	2180	6.011258e+01	3.207690e+02	2.218106e+02	2180	8.421751e-01	7.000000e-01	
2.219124e+02	2181	9.853121e+01	3.223470e+02	2.219124e+02	2181	7.658914e-01	7.000000e-01	
2.220141e+02	2182	6.500525e+01	2.426781e+02	2.220141e+02	2182	7.887268e-01	7.000000e-01	
2.221159e+02	2183	6.989489e+01	2.375601e+02	2.221159e+02	2183	7.726663e-01	7.000000e-01	
2.222176e+02	2184	9.994720e+01	3.908069e+02	2.222176e+02	2184	7.963396e-01	7.000000e-01	
2.223194e+02	2185	9.877761e+01	4.137276e+02	2.223194e+02	2185	8.072652e-01	7.000000e-01	
2.224211e+02	2186	7.959792e+01	3.805755e+02	2.224211e+02	2186	8.270263e-01	7.000000e-01	
2.225229e+02	2187	9.757735e+01	3.248310e+02	2.225229e+02	2187	7.689976e-01	7.000000e-01	
2.226246e+02	2188	7.799419e+01	4.098666e+02	2.226246e+02	2188	8.401302e-01	7.000000e-01	
2.227264e+02	2189	1.007221e+02	3.679781e+02	2.227264e+02	2189	7.851034e-01	7.000000e-01	
2.228281e+02	2190	1.056955e+02	3.901966e+02	2.228281e+02	2190	7.868579e-01	7.000000e-01	
2.229299e+02	2191	1.225226e+02	3.799519e+02	2.229299e+02	2191	7.561616e-01	7.000000e-01	
2.230316e+02	2192	1.153164e+02	3.546910e+02	2.230316e+02	2192	7.546498e-01	7.000000e-01	
2.231334e+02	2193	8.255547e+01	5.283592e+02	2.231334e+02	2193	8.648658e-01	7.000000e-01	
2.232351e+02	2194	1.021385e+02	2.843894e+02	2.232351e+02	2194	7.357539e-01	7.000000e-01	
2.233369e+02	2195	8.820659e+01	2.857195e+02	2.233369e+02	2195	7.641069e-01	7.000000e-01	
2.234386e+02	2196	1.005930e+02	3.147821e+02	2.234386e+02	2196	7.578261e-01	7.000000e-01	
2.235404e+02	2197	1.136278e+02	2.703153e+02	2.235404e+02	2197	7.040504e-01	7.000000e-01	
2.236421e+02	2198	8.319206e+01	3.339992e+02	2.236421e+02	2198	8.005901e-01	7.000000e-01	
2.237439e+02	2199	9.747140e+01	3.531149e+02	2.237439e+02	2199	7.836787e-01	7.000000e-01	
2.238456e+02	2200	1.317580e+02	3.615286e+02	2.238456e+02	2200	7.328977e-01	7.000000e-01	
2.239473e+02	2201	1.155177e+02	3.165132e+02	2.239473e+02	2201	7.326170e-01	7.000000e-01	
2.240491e+02	2202	9.714260e+01	2.962181e+02	2.240491e+02	2202	7.530445e-01	7.000000e-01	
2.241508e+02	2203	1.015364e+02	2.949254e+02	2.241508e+02	2203	7.438936e-01	7.000000e-01	
2.242526e+02	2204	1.096491e+02	3.383575e+02	2.242526e+02	2204	7.552512e-01	7.000000e-01	
2.243543e+02	2205	1.145927e+02	2.710879e+02	2.243543e+02	2205	7.028819e-01	7.000000e-01	
2.244561e+02	2206	1.156832e+02	3.378599e+02	2.244561e+02	2206	7.449345e-01	7.000000e-01	
2.245578e+02	2207	1.070068e+02	2.831033e+02	2.245578e+02	2207	7.257010e-01	7.000000e-01	
2.246596e+02	2208	1.048578e+02	3.055704e+02	2.246596e+02	2208	7.445161e-01	7.000000e-01	
2.247613e+02	2209	1.071448e+02	3.120613e+02	2.247613e+02	2209	7.444102e-01	7.000000e-01	
2.248631e+02	2210	1.124729e+02	2.872766e+02	2.248631e+02	2210	7.186415e-01	7.000000e-01	
2.249648e+02	2211	1.049260e+02	3.101379e+02	2.249648e+02	2211	7.472052e-01	7.000000e-01	
2.250666e+02	2212	1.232509e+02	3.724887e+02	2.250666e+02	2212	7.513798e-01	7.000000e-01	
2.251683e+02	2213	1.471687e+02	3.855010e+02	2.251683e+02	2213	7.237149e-01	7.000000e-01	
2.252701e+02	2214	1.327367e+02	3.244969e+02	2.252701e+02	2214	7.096961e-01	7.000000e-01	
2.253718e+02	2215	1.105835e+02	3.966725e+02	2.253718e+02	2215	7.819967e-01	7.000000e-01	
2.254736e+02	2216	1.302225e+02	3.674603e+02	2.254736e+02	2216	7.383424e-01	7.000000e-01	
2.255753e+02	2217	1.284004e+02	3.997402e+02	2.255753e+02	2217	7.568822e-01	7.000000e-01	
2.256771e+02	2218	1.399805e+02	3.866290e+02	2.256771e+02	2218	7.341854e-01	7.000000e-01	
2.257788e+02	2219	1.148848e+02	3.861808e+02	2.257788e+02	2219	7.707190e-01	7.000000e-01	
2.258806e+02	2220	1.179126e+02	3.972737e+02	2.258806e+02	2220	7.711263e-01	7.000000e-01	
2.259823e+02	2221	1.157634e+02	3.852123e+02	2.259823e+02	2221	7.689241e-01	7.000000e-01	
2.260841e+02	2222	1.036965e+02	3.779617e+02	2.260841e+02	2222	7.847094e-01	7.000000e-01	
2.261858e+02	2223	8.885382e+01	3.864191e+02	2.261858e+02	2223	8.130467e-01	7.000000e-01	
2.262876e+02	2224	1.260919e+02	4.035780e+02	2.262876e+02	2224	7.619425e-01	7.000000e-01	
2.263893e+02	2225	1.258861e+02	4.138485e+02	2.263893e+02	2225	7.667630e-01	7.000000e-01	
2.264910e+02	2226	1.327973e+02	4.700686e+02	2.264910e+02	2226	7.797233e-01	7.000000e-01	
2.265928e+02	2227	1.266061e+02	3.936243e+02	2.265928e+02	2227	7.566346e-01	7.000000e-01	
2.266945e+02	2228	1.178228e+02	3.461109e+02	2.266945e+02	2228	7.460353e-01	7.000000e-01	
2.267963e+02	2229	1.182522e+02	3.723137e+02	2.267963e+02	2229	7.589474e-01	7.000000e-01	
2.268980e+02	2230	1.215379e+02	4.062232e+02	2.268980e+02	2230	7.697104e-01	7.000000e-01	
2.269998e+02	2231	1.305338e+02	4.121693e+02	2.269998e+02	2231	7.594747e-01	7.000000e-01	
2.271015e+02	2232	1.310293e+02	4.439669e+02	2.271015e+02	2232	7.721215e-01	7.000000e-01	
2.272033e+02	2233	9.776033e+01	3.625023e+02	2.272033e+02	2233	7.875988e-01	7.000000e-01	
2.273050e+02	2234	9.687818e+01	3.523172e+02	2.273050e+02	2234	7.843295e-01	7.000000e-01	
2.274068e+02	2235	9.494713e+01	3.675017e+02	2.274068e+02	2235	7.946862e-01	7.000000e-01	
2.275085e+02	2236	1.083748e+02	3.606224e+02	2.275085e+02	2236	7.689223e-01	7.000000e-01	
2.276103e+02	2237	9.189136e+01	3.776801e+02	2.276103e+02	2237	8.043080e-01	7.000000e-01	
2.277120e+02	2238	1.041443e+02	3.462486e+02	2.277120e+02	2238	7.687701e-01	7.000000e-01	
2.278138e+02	2239	8.571168e+01	3.235508e+02	2.278138e+02	2239	7.905704e-01	7.000000e-01	
2.279155e+02	2240	9.114058e+01	3.575584e+02	2.279155e+02	2240	7.968781e-01	7.000000e-01	
2.280173e+02	2241	9.985102e+01	3.646431e+02	2.280173e+02	2241	7.850328e-01	7.000000e-01	
2.281190e+02	2242	1.039063e+02	3.803410e+02	2.281190e+02	2242	7.854272e-01	7.000000e-01	
2.282208e+02	2243	1.174033e+02	4.511744e+02	2.282208e+02	2243	7.935141e-01	7.000000e-01	
2.283225e+02	2244	1.294696e+02	4.145717e+02	2.283225e+02	2244	7.620225e-01	7.000000e-01	
2.284243e+02	2245	1.194732e+02	4.161669e+02	2.284243e+02	2245	7.769525e-01	7.000000e-01	
2.285260e+02	2246	1.202857e+02	4.234066e+02	2.285260e+02	2246	7.787614e-01	7.000000e-01	
2.286278e+02	2247	1.467142e+02	4.480383e+02	2.286278e+02	2247	7.533189e-01	7.000000e-01	
2.287295e+02	2248	1.311736e+02	4.283897e+02	2.287295e+02	2248	7.655786e-01	7.000000e-01	
2.288313e+02	2249	1.246329e+02	4.292560e+02	2.288313e+02	2249	7.749857e-01	7.000000e-01	
2.289330e+02	2250	1.305299e+02	4.752434e+02	2.289330e+02	2250	7.845235e-01	7.000000e-01	
2.290347e+02	2251	1.212104e+02	4.580668e+02	2.290347e+02	2251	7.907558e-01	7.000000e-01	
2.291365e+02	2252	1.291486e+02	4.186971e+02	2.291365e+02	2252	7.642610e-01	7.000000e-01	
2.292382e+02	2253	1.321238e+02	4.184663e+02	2.292382e+02	2253	7.600324e-01	7.000000e-01	
2.293400e+02	2254	1.100381e+02	4.474096e+02	2.293400e+02	2254	8.026037e-01	7.000000e-01	
2.294417e+02	2255	7.699694e+01	4.141920e+02	2.294417e+02	2255	8.432437e-01	7.000000e-01	
2.295435e+02	2256	5.776988e+01	3.449638e+02	2.295435e+02	2256	8.565556e-01	7.000000e-01	
2.296452e+02	2257	8.270363e+01	4.055909e+02	2.296452e+02	2257	8.306276e-01	7.000000e-01	
2.297470e+02	2258	7.756778e+01	4.265937e+02	2.297470e+02	2258	8.461450e-01	7.000000e-01	
2.298487e+02	2259	9.728843e+01	4.829379e+02	2.298487e+02	2259	8.323268e-01	7.000000e-01	
2.299505e+02	2260	9.205433e+01	4.141692e+02	2.299505e+02	2260	8.181548e-01	7.000000e-01	
2.300522e+02	2261	9.102017e+01	4.362701e+02	2.300522e+02	2261	8.273813e-01	7.000000e-01	
2.301540e+02	2262	9.250914e+01	3.671909e+02	2.301540e+02	2262	7.987619e-01	7.000000e-01	
2.302557e+02	2263	6.764961e+01	3.623577e+02	2.302557e+02	2263	8.426780e-01	7.000000e-01	
2.303575e+02	2264	7.852793e+01	4.091618e+02	2.303575e+02	2264	8.389797e-01	7.000000e-01	
2.304592e+02	2265	8.308417e+01	3.858758e+02	2.304592e+02	2265	8.228331e-01	7.000000e-01	
2.305610e+02	2266	3.505995e+01	3.421427e+02	2.305610e+02	2266	9.070527e-01	7.000000e-01	
2.306627e+02	2267	9.737515e+01	4.048851e+02	2.306627e+02	2267	8.061261e-01	7.000000e-01	
2.307645e+02	2268	6.935797e+01	3.640527e+02	2.307645e+02	2268	8.399717e-01	7.000000e-01	
2.308662e+02	2269	9.989811e+01	3.705641e+02	2.308662e+02	2269	7.876597e-01	7.000000e-01	
2.309680e+02	2270	9.715718e+01	3.807186e+02	2.309680e+02	2270	7.966895e-01	7.000000e-01	
2.310697e+02	2271	1.096895e+02	4.187020e+02	2.310697e+02	2271	7.924087e-01	7.000000e-01	
2.311715e+02	2272	1.229053e+02	3.812538e+02	2.311715e+02	2272	7.562172e-01	7.000000e-01	
2.312732e+02	2273	1.109117e+02	3.836001e+02	2.312732e+02	2273	7.757148e-01	7.000000e-01	
2.313750e+02	2274	1.125050e+02	4.260391e+02	2.313750e+02	2274	7.910942e-01	7.000000e-01	
2.314767e+02	2275	1.049091e+02	3.826669e+02	2.314767e+02	2275	7.848354e-01	7.000000e-01	
2.315784e+02	2276	1.137434e+02	4.049248e+02	2.315784e+02	2276	7.807010e-01	7.000000e-01	
2.316802e+02	2277	1.143958e+02	3.975022e+02	2.316802e+02	2277	7.765262e-01	7.000000e-01	
2.317819e+02	2278	9.621379e+01	4.121207e+02	2.317819e+02	2278	8.107274e-01	7.000000e-01	
2.318837e+02	2279	1.191613e+02	4.157073e+02	2.318837e+02	2279	7.772139e-01	7.000000e-01	
2.319854e+02	2280	1.449729e+02	3.930098e+02	2.319854e+02	2280	7.305250e-01	7.000000e-01	
2.320872e+02	2281	1.027084e+02	4.030181e+02	2.320872e+02	2281	7.969092e-01	7.000000e-01	
2.321889e+02	2282	9.558214e+01	3.719378e+02	2.321889e+02	2282	7.955549e-01	7.000000e-01	
2.322907e+02	2283	1.068663e+02	3.847050e+02	2.322907e+02	2283	7.826026e-01	7.000000e-01	
2.323924e+02	2284	1.126056e+02	3.674571e+02	2.323924e+02	2284	7.654356e-01	7.000000e-01	
2.324942e+02	2285	1.108159e+02	3.826133e+02	2.324942e+02	2285	7.754168e-01	7.000000e-01	
2.325959e+02	2286	1.136981e+02	3.951452e+02	2.325959e+02	2286	7.765558e-01	7.000000e-01	
2.326977e+02	2287	9.500066e+01	3.670880e+02	2.326977e+02	2287	7.944103e-01	7.000000e-01	
2.327994e+02	2288	1.175168e+02	3.722878e+02	2.327994e+02	2288	7.600741e-01	7.000000e-01	
2.329012e+02	2289	1.042297e+02	3.614372e+02	2.329012e+02	2289	7.761711e-01	7.000000e-01	
2.330029e+02	2290	9.881294e+01	3.715183e+02	2.330029e+02	2290	7.899078e-01	7.000000e-01	
2.331047e+02	2291	1.044948e+02	3.780737e+02	2.331047e+02	2291	7.834612e-01	7.000000e-01	
2.332064e+02	2292	1.318850e+02	2.497180e+02	2.332064e+02	2292	6.543921e-01	7.000000e-01	
2.333082e+02	2293	1.226221e+02	3.427686e+02	2.333082e+02	2293	7.365179e-01	7.000000e-01	
2.334099e+02	2294	1.330767e+02	2.646575e+02	2.334099e+02	2294	6.654130e-01	7.000000e-01	
2.335117e+02	2295	1.317432e+02	2.511160e+02	2.335117e+02	2295	6.558965e-01	7.000000e-01	
2.336134e+02	2296	1.304989e+02	3.482608e+02	2.336134e+02	2296	7.274230e-01	7.000000e-01	
2.337152e+02	2297	1.221577e+02	3.221737e+02	2.337152e+02	2297	7.250752e-01	7.000000e-01	
2.338169e+02	2298	1.234995e+02	3.365956e+02	2.338169e+02	2298	7.315783e-01	7.000000e-01	
2.339187e+02	2299	1.254638e+02	3.165048e+02	2.339187e+02	2299	7.161251e-01	7.000000e-01	
2.340204e+02	2300	1.164880e+02	3.616117e+02	2.340204e+02	2300	7.563521e-01	7.000000e-01	
2.341221e+02	2301	1.220032e+02	3.954010e+02	2.341221e+02	2301	7.642014e-01	7.000000e-01	
2.342239e+02	2302	1.265852e+02	3.506323e+02	2.342239e+02	2302	7.347432e-01	7.000000e-01	
2.343256e+02	2303	1.245354e+02	3.691923e+02	2.343256e+02	2303	7.477650e-01	7.000000e-01	
2.344274e+02	2304	1.272079e+02	3.910761e+02	2.344274e+02	2304	7.545595e-01	7.000000e-01	
2.345291e+02	2305	9.498440e+01	3.607856e+02	2.345291e+02	2305	7.915958e-01	7.000000e-01	
2.346309e+02	2306	8.221463e+01	3.718223e+02	2.346309e+02	2306	8.189252e-01	7.000000e-01	
2.347326e+02	2307	1.210366e+02	4.006740e+02	2.347326e+02	2307	7.680005e-01	7.000000e-01	
2.348344e+02	2308	1.416335e+02	3.984746e+02	2.348344e+02	2308	7.377682e-01	7.000000e-01	
2.349361e+02	2309	1.201849e+02	4.280627e+02	2.349361e+02	2309	7.807835e-01	7.000000e-01	
2.350379e+02	2310	1.059941e+02	3.815026e+02	2.350379e+02	2310	7.825747e-01	7.000000e-01	
2.351396e+02	2311	1.313706e+02	4.096043e+02	2.351396e+02	2311	7.571595e-01	7.000000e-01	
2.352414e+02	2312	9.384884e+01	3.718762e+02	2.352414e+02	2312	7.984887e-01	7.000000e-01	
2.353431e+02	2313	7.984868e+01	3.760582e+02	2.353431e+02	2313	8.248575e-01	7.000000e-01	
2.354449e+02	2314	1.036161e+02	3.451071e+02	2.354449e+02	2314	7.690868e-01	7.000000e-01	
2.355466e+02	2315	7.702988e+01	4.222634e+02	2.355466e+02	2315	8.457222e-01	7.000000e-01	
2.356484e+02	2316	7.885882e+01	3.778403e+02	2.356484e+02	2316	8.273287e-01	7.000000e-01	
2.357501e+02	2317	1.154136e+02	3.695670e+02	2.357501e+02	2317	7.620243e-01	7.000000e-01	
2.358519e+02	2318	1.125345e+02	3.609436e+02	2.358519e+02	2318	7.623237e-01	7.000000e-01	
2.359536e+02	2319	1.076099e+02	3.742785e+02	2.359536e+02	2319	7.766912e-01	7.000000e-01	
2.360554e+02	2320	9.628943e+01	3.569279e+02	2.360554e+02	2320	7.875425e-01	7.000000e-01	
2.361571e+02	2321	1.043466e+02	3.792677e+02	2.361571e+02	2321	7.842359e-01	7.000000e-01	
2.362589e+02	2322	1.148401e+02	3.508702e+02	2.362589e+02	2322	7.534087e-01	7.000000e-01	
2.363606e+02	2323	1.065838e+02	3.531006e+02	2.363606e+02	2323	7.681370e-01	7.000000e-01	
2.364624e+02	2324	1.104426e+02	3.800130e+02	2.364624e+02	2324	7.748163e-01	7.000000e-01	
2.365641e+02	2325	1.148986e+02	3.553889e+02	2.365641e+02	2325	7.556843e-01	7.000000e-01	
2.366658e+02	2326	1.041912e+02	3.316301e+02	2.366658e+02	2326	7.609314e-01	7.000000e-01	
2.367676e+02	2327	9.875990e+01	3.094592e+02	2.367676e+02	2327	7.580713e-01	7.000000e-01	
2.368693e+02	2328	1.087272e+02	3.347401e+02	2.368693e+02	2328	7.548248e-01	7.000000e-01	
2.369711e+02	2329	1.072442e+02	3.040507e+02	2.369711e+02	2329	7.392523e-01	7.000000e-01	
2.370728e+02	2330	1.142604e+02	3.102880e+02	2.370728e+02	2330	7.308660e-01	7.000000e-01	
2.371746e+02	2331	8.501914e+01	3.870209e+02	2.371746e+02	2331	8.198900e-01	7.000000e-01	
2.372763e+02	2332	1.031415e+02	3.445355e+02	2.372763e+02	2332	7.696073e-01	7.000000e-01	
2.373781e+02	2333	9.378662e+01	2.963160e+02	2.373781e+02	2333	7.595847e-01	7.000000e-01	
2.374798e+02	2334	1.097181e+02	3.240127e+02	2.374798e+02	2334	7.470364e-01	7.000000e-01	
2.375816e+02	2335	1.057493e+02	3.242411e+02	2.375816e+02	2335	7.540659e-01	7.000000e-01	
2.376833e+02	2336	1.317519e+02	4.091710e+02	2.376833e+02	2336	7.564313e-01	7.000000e-01	
2.377851e+02	2337	9.560319e+01	3.110201e+02	2.377851e+02	2337	7.648851e-01	7.000000e-01	
2.378868e+02	2338	1.568693e+02	4.748162e+02	2.378868e+02	2338	7.516655e-01	7.000000e-01	
2.379886e+02	2339	1.262449e+02	4.132863e+02	2.379886e+02	2339	7.660100e-01	7.000000e-01	
2.380903e+02	2340	1.389971e+02	4.257272e+02	2.380903e+02	2340	7.538673e-01	7.000000e-01	
2.381921e+02	2341	1.158783e+02	3.953508e+02	2.381921e+02	2341	7.733339e-01	7.000000e-01	
2.382938e+02	2342	1.135845e+02	3.787514e+02	2.382938e+02	2342	7.692947e-01	7.000000e-01	
2.383956e+02	2343	1.218641e+02	3.778548e+02	2.383956e+02	2343	7.561347e-01	7.000000e-01	
2.384973e+02	2344	1.263901e+02	4.366200e+02	2.384973e+02	2344	7.755101e-01	7.000000e-01	
2.385991e+02	2345	1.194743e+02	3.978100e+02	2.385991e+02	2345	7.690355e-01	7.000000e-01	
2.387008e+02	2346	1.354011e+02	4.243228e+02	2.387008e+02	2346	7.580931e-01	7.000000e-01	
2.388026e+02	2347	1.215659e+02	4.000785e+02	2.388026e+02	2347	7.669564e-01	7.000000e-01	
2.389043e+02	2348	1.029790e+02	3.815280e+02	2.389043e+02	2348	7.874561e-01	7.000000e-01	
2.390061e+02	2349	1.338038e+02	3.936852e+02	2.390061e+02	2349	7.463382e-01	7.000000e-01	
2.391078e+02	2350	1.050100e+02	3.860114e+02	2.391078e+02	2350	7.861397e-01	7.000000e-01	
2.392095e+02	2351	1.240487e+02	3.969396e+02	2.392095e+02	2351	7.618973e-01	7.000000e-01	
2.393113e+02	2352	9.581871e+01	3.864620e+02	2.393113e+02	2352	8.013217e-01	7.000000e-01	
2.394130e+02	2353	1.144073e+02	4.129911e+02	2.394130e+02	2353	7.830723e-01	7.000000e-01	
2.395148e+02	2354	1.093715e+02	3.791957e+02	2.395148e+02	2354	7.761383e-01	7.000000e-01	
2.396165e+02	2355	9.930920e+01	3.587031e+02	2.396165e+02	2355	7.831735e-01	7.000000e-01	
2.397183e+02	2356	1.115124e+02	4.056951e+02	2.397183e+02	2356	7.843952e-01	7.000000e-01	
2.398200e+02	2357	1.200306e+02	3.968571e+02	2.398200e+02	2357	7.677821e-01	7.000000e-01	
2.399218e+02	2358	9.407424e+01	3.736776e+02	2.399218e+02	2358	7.988800e-01	7.000000e-01	
2.400235e+02	2359	1.074138e+02	3.903853e+02	2.400235e+02	2359	7.842226e-01	7.000000e-01	
2.401253e+02	2360	9.903612e+01	3.720599e+02	2.401253e+02	2360	7.897751e-01	7.000000e-01	
2.402270e+02	2361	1.114573e+02	3.700786e+02	2.402270e+02	2361	7.685379e-01	7.000000e-01	
2.403288e+02	2362	1.105330e+02	3.984774e+02	2.403288e+02	2362	7.828473e-01	7.000000e-01	
2.404305e+02	2363	9.877367e+01	3.734676e+02	2.404305e+02	2363	7.908407e-01	7.000000e-01	
2.405323e+02	2364	1.099013e+02	3.596599e+02	2.405323e+02	2364	7.659489e-01	7.000000e-01	
2.406340e+02	2365	1.088039e+02	3.314315e+02	2.406340e+02	2365	7.528506e-01	7.000000e-01	
2.407358e+02	2366	1.077041e+02	3.384066e+02	2.407358e+02	2366	7.585709e-01	7.000000e-01	
2.408375e+02	2367	1.125264e+02	3.878075e+02	2.408375e+02	2367	7.750974e-01	7.000000e-01	
2.409393e+02	2368	1.202676e+02	3.014657e+02	2.409393e+02	2368	7.148255e-01	7.000000e-01	
2.410410e+02	2369	1.011883e+02	3.000650e+02	2.410410e+02	2369	7.478194e-01	7.000000e-01	
2.411428e+02	2370	1.124942e+02	3.031947e+02	2.411428e+02	2370	7.293789e-01	7.000000e-01	
2.412445e+02	2371	1.341678e+02	3.294855e+02	2.412445e+02	2371	7.106290e-01	7.000000e-01	
2.413463e+02	2372	1.013414e+02	3.186251e+02	2.413463e+02	2372	7.586917e-01	7.000000e-01	
2.414480e+02	2373	1.121242e+02	3.013979e+02	2.414480e+02	2373	7.288556e-01	7.000000e-01	
2.415498e+02	2374	1.182067e+02	3.010071e+02	2.415498e+02	2374	7.180277e-01	7.000000e-01	
2.416515e+02	2375	8.946584e+01	3.091737e+02	2.416515e+02	2375	7.755721e-01	7.000000e-01	
2.417532e+02	2376	1.105660e+02	2.969201e+02	2.417532e+02	2376	7.286631e-01	7.000000e-01	
2.418550e+02	2377	1.100241e+02	3.053264e+02	2.418550e+02	2377	7.351054e-01	7.000000e-01	
2.419567e+02	2378	8.536289e+01	2.802250e+02	2.419567e+02	2378	7.665051e-01	7.000000e-01	
2.420585e+02	2379	1.094781e+02	3.207468e+02	2.420585e+02	2379	7.455329e-01	7.000000e-01	
2.421602e+02	2380	8.185035e+01	3.415196e+02	2.421602e+02	2380	8.066694e-01	7.000000e-01	
2.422620e+02	2381	9.922472e+01	2.961270e+02	2.422620e+02	2381	7.490217e-01	7.000000e-01	
2.423637e+02	2382	6.016842e+01	3.347402e+02	2.423637e+02	2382	8.476396e-01	7.000000e-01	
2.424655e+02	2383	8.663412e+01	3.000370e+02	2.424655e+02	2383	7.759488e-01	7.000000e-01	
2.425672e+02	2384	9.661767e+01	3.475767e+02	2.425672e+02	2384	7.824879e-01	7.000000e-01	
2.426690e+02	2385	9.210775e+01	3.219619e+02	2.426690e+02	2385	7.775549e-01	7.000000e-01	
2.427707e+02	2386	9.543106e+01	3.294531e+02	2.427707e+02	2386	7.753951e-01	7.000000e-01	
2.428725e+02	2387	8.003360e+01	3.427038e+02	2.428725e+02	2387	8.106777e-01	7.000000e-01	
2.429742e+02	2388	8.100853e+01	3.246543e+02	2.429742e+02	2388	8.003058e-01	7.000000e-01	
2.430760e+02	2389	8.321613e+01	3.220610e+02	2.430760e+02	2389	7.946686e-01	7.000000e-01	
2.431777e+02	2390	8.611146e+01	3.331966e+02	2.431777e+02	2390	7.946344e-01	7.000000e-01	
2.432795e+02	2391	9.213214e+01	3.262576e+02	2.432795e+02	2391	7.797935e-01	7.000000e-01	
2.433812e+02	2392	8.855792e+01	3.217701e+02	2.433812e+02	2392	7.841777e-01	7.000000e-01	
2.434830e+02	2393	9.848246e+01	3.150140e+02	2.434830e+02	2393	7.618300e-01	7.000000e-01	
2.435847e+02	2394	8.599199e+01	3.216747e+02	2.435847e+02	2394	7.890630e-01	7.000000e-01	
2.436865e+02	2395	5.838039e+01	3.019118e+02	2.436865e+02	2395	8.379638e-01	7.000000e-01	
2.437882e+02	2396	1.045109e+02	2.826233e+02	2.437882e+02	2396	7.300396e-01	7.000000e-01	
2.438900e+02	2397	9.154540e+01	2.720701e+02	2.438900e+02	2397	7.482357e-01	7.000000e-01	
2.439917e+02	2398	1.102152e+02	2.703091e+02	2.439917e+02	2398	7.103596e-01	7.000000e-01	
2.440935e+02	2399	1.101701e+02	2.822283e+02	2.440935e+02	2399	7.192392e-01	7.000000e-01	
2.441952e+02	2400	1.157015e+02	3.006928e+02	2.441952e+02	2400	7.221348e-01	7.000000e-01	
2.442969e+02	2401	1.049219e+02	2.814211e+02	2.442969e+02	2401	7.284229e-01	7.000000e-01	
2.443987e+02	2402	9.892924e+01	2.465114e+02	2.443987e+02	2402	7.136144e-01	7.000000e-01	
2.445004e+02	2403	1.073051e+02	2.850058e+02	2.445004e+02	2403	7.264794e-01	7.000000e-01	
2.446022e+02	2404	8.661888e+01	3.020174e+02	2.446022e+02	2404	7.771210e-01	7.000000e-01	
2.447039e+02	2405	1.076658e+02	2.847037e+02	2.447039e+02	2405	7.256010e-01	7.000000e-01	
2.448057e+02	2406	1.179034e+02	2.614364e+02	2.448057e+02	2406	6.891879e-01	7.000000e-01	
2.449074e+02	2407	8.486242e+01	3.632423e+02	2.449074e+02	2407	8.106192e-01	7.000000e-01	
2.450092e+02	2408	1.038915e+02	2.732457e+02	2.450092e+02	2408	7.245260e-01	7.000000e-01	
2.451109e+02	2409	8.024293e+01	2.770295e+02	2.451109e+02	2409	7.754013e-01	7.000000e-01	
2.452127e+02	2410	8.796134e+01	2.746485e+02	2.452127e+02	2410	7.574215e-01	7.000000e-01	
2.453144e+02	2411	9.345549e+01	3.072928e+02	2.453144e+02	2411	7.667975e-01	7.000000e-01	
2.454162e+02	2412	7.976569e+01	3.176755e+02	2.454162e+02	2412	7.993019e-01	7.000000e-01	
2.455179e+02	2413	8.544783e+01	2.988990e+02	2.455179e+02	2413	7.776804e-01	7.000000e-01	
2.456197e+02	2414	8.006396e+01	3.172416e+02	2.456197e+02	2414	7.984827e-01	7.000000e-01	
2.457214e+02	2415	9.578166e+01	3.198570e+02	2.457214e+02	2415	7.695555e-01	7.000000e-01	
2.458232e+02	2416	9.799455e+01	3.279820e+02	2.458232e+02	2416	7.699532e-01	7.000000e-01	
2.459249e+02	2417	9.889792e+01	3.199536e+02	2.459249e+02	2417	7.638831e-01	7.000000e-01	
2.460267e+02	2418	8.535779e+01	2.976477e+02	2.460267e+02	2418	7.771369e-01	7.000000e-01	
2.461284e+02	2419	9.517283e+01	2.844589e+02	2.461284e+02	2419	7.493022e-01	7.000000e-01	
2.462302e+02	2420	8.793609e+01	2.828769e+02	2.462302e+02	2420	7.628560e-01	7.000000e-01	
2.463319e+02	2421	1.070396e+02	3.284455e+02	2.463319e+02	2421	7.542061e-01	7.000000e-01	
2.464337e+02	2422	1.076549e+02	3.564035e+02	2.464337e+02	2422	7.680143e-01	7.000000e-01	
2.465354e+02	2423	1.102303e+02	3.635680e+02	2.465354e+02	2423	7.673476e-01	7.000000e-01	
2.466372e+02	2424	1.167029e+02	3.573853e+02	2.466372e+02	2424	7.538372e-01	7.000000e-01	
2.467389e+02	2425	1.071848e+02	3.643203e+02	2.467389e+02	2425	7.726752e-01	7.000000e-01	
2.468406e+02	2426	1.218152e+02	3.596069e+02	2.468406e+02	2426	7.469680e-01	7.000000e-01	
2.469424e+02	2427	1.085702e+02	3.717399e+02	2.469424e+02	2427	7.739581e-01	7.000000e-01	
2.470441e+02	2428	1.195473e+02	3.677314e+02	2.470441e+02	2428	7.546634e-01	7.000000e-01	
2.471459e+02	2429	1.227406e+02	3.492517e+02	2.471459e+02	2429	7.399521e-01	7.000000e-01	
2.472476e+02	2430	1.125860e+02	3.530136e+02	2.472476e+02	2430	7.581914e-01	7.000000e-01	
2.473494e+02	2431	1.030322e+02	3.699820e+02	2.473494e+02	2431	7.821795e-01	7.000000e-01	
2.474511e+02	2432	9.891845e+01	3.452013e+02	2.474511e+02	2432	7.772708e-01	7.000000e-01	
2.475529e+02	2433	1.096426e+02	3.488149e+02	2.475529e+02	2433	7.608446e-01	7.000000e-01	
2.476546e+02	2434	9.265900e+01	3.227860e+02	2.476546e+02	2434	7.769645e-01	7.000000e-01	
2.477564e+02	2435	1.063107e+02	3.628351e+02	2.477564e+02	2435	7.733952e-01	7.000000e-01	
2.478581e+02	2436	1.112086e+02	3.485042e+02	2.478581e+02	2436	7.580911e-01	7.000000e-01	
2.479599e+02	2437	8.313360e+01	3.018212e+02	2.479599e+02	2437	7.840432e-01	7.000000e-01	
2.480616e+02	2438	1.038864e+02	3.351502e+02	2.480616e+02	2438	7.633764e-01	7.000000e-01	
2.481634e+02	2439	9.881299e+01	2.824010e+02	2.481634e+02	2439	7.407939e-01	7.000000e-01	
2.482651e+02	2440	7.261915e+01	3.248944e+02	2.482651e+02	2440	8.173165e-01	7.000000e-01	
2.483669e+02	2441	9.909938e+01	2.943729e+02	2.483669e+02	2441	7.481414e-01	7.000000e-01	
2.484686e+02	2442	7.563904e+01	3.000618e+02	2.484686e+02	2442	7.986722e-01	7.000000e-01	
2.485704e+02	2443	9.895381e+01	3.085686e+02	2.485704e+02	2443	7.571819e-01	7.000000e-01	
2.486721e+02	2444	1.196552e+02	2.525820e+02	2.486721e+02	2444	6.785512e-01	7.000000e-01	
2.487739e+02	2445	9.312073e+01	2.976007e+02	2.487739e+02	2445	7.616698e-01	7.000000e-01	
2.488756e+02	2446	1.493909e+02	3.282675e+02	2.488756e+02	2446	6.872432e-01	7.000000e-01	
2.489774e+02	2447	9.413681e+01	3.184203e+02	2.489774e+02	2447	7.718211e-01	7.000000e-01	
2.490791e+02	2448	1.279372e+02	2.931987e+02	2.490791e+02	2448	6.962092e-01	7.000000e-01	
2.491809e+02	2449	9.536848e+01	2.964336e+02	2.491809e+02	2449	7.565902e-01	7.000000e-01	
2.492826e+02	2450	1.093857e+02	2.999592e+02	2.492826e+02	2450	7.327786e-01	7.000000e-01	
2.493843e+02	2451	1.764762e+02	3.675162e+02	2.493843e+02	2451	6.755907e-01	7.000000e-01	
2.494861e+02	2452	1.538667e+02	3.416312e+02	2.494861e+02	2452	6.894705e-01	7.000000e-01	
2.495878e+02	2453	1.910274e+02	4.380733e+02	2.495878e+02	2453	6.963485e-01	7.000000e-01	
2.496896e+02	2454	1.973920e+02	3.978345e+02	2.496896e+02	2454	6.683750e-01	7.000000e-01	
2.497913e+02	2455	1.480369e+02	3.360630e+02	2.497913e+02	2455	6.942018e-01	7.000000e-01	
2.498931e+02	2456	9.567023e+01	4.005773e+02	2.498931e+02	2456	8.072127e-01	7.000000e-01	
2.499948e+02	2457	1.007555e+02	3.306912e+02	2.499948e+02	2457	7.664706e-01	7.000000e-01	
2.500966e+02	2458	1.268455e+02	3.323125e+02	2.500966e+02	2458	7.237432e-01	7.000000e-01	
2.501983e+02	2459	1.348113e+02	3.728305e+02	2.501983e+02	2459	7.344362e-01	7.000000e-01	
2.503001e+02	2460	1.401478e+02	3.687104e+02	2.503001e+02	2460	7.245838e-01	7.000000e-01	
2.504018e+02	2461	1.170656e+02	3.630667e+02	2.504018e+02	2461	7.561805e-01	7.000000e-01	
2.505036e+02	2462	9.355091e+01	2.767295e+02	2.505036e+02	2462	7.473512e-01	7.000000e-01	
2.506053e+02	2463	1.056100e+02	3.166281e+02	2.506053e+02	2463	7.498805e-01	7.000000e-01	
2.507071e+02	2464	9.295419e+01	3.471443e+02	2.507071e+02	2464	7.887878e-01	7.000000e-01	
2.508088e+02	2465	1.093206e+02	3.316157e+02	2.508088e+02	2465	7.520717e-01	7.000000e-01	
2.509106e+02	2466	9.642541e+01	3.145005e+02	2.509106e+02	2466	7.653460e-01	7.000000e-01	
2.510123e+02	2467	1.108879e+02	3.576610e+02	2.510123e+02	2467	7.633376e-01	7.000000e-01	
2.511141e+02	2468	8.791442e+01	2.780878e+02	2.511141e+02	2468	7.597981e-01	7.000000e-01	
2.512158e+02	2469	1.101317e+02	3.286764e+02	2.512158e+02	2469	7.490208e-01	7.000000e-01	
2.513176e+02	2470	1.105976e+02	3.370406e+02	2.513176e+02	2470	7.529308e-01	7.000000e-01	
2.514193e+02	2471	1.154248e+02	3.213223e+02	2.514193e+02	2471	7.357171e-01	7.000000e-01	
2.515211e+02	2472	1.104830e+02	3.118941e+02	2.515211e+02	2472	7.384257e-01	7.000000e-01	
2.516228e+02	2473	1.268771e+02	3.036524e+02	2.516228e+02	2473	7.052999e-01	7.000000e-01	
2.517246e+02	2474	1.074026e+02	3.281542e+02	2.517246e+02	2474	7.534131e-01	7.000000e-01	
2.518263e+02	2475	1.104015e+02	3.119920e+02	2.518263e+02	2475	7.386288e-01	7.000000e-01	
2.519280e+02	2476	1.453483e+02	2.662697e+02	2.519280e+02	2476	6.468855e-01	7.000000e-01	
2.520298e+02	2477	1.334861e+02	3.276107e+02	2.520298e+02	2477	7.105031e-01	7.000000e-01	
2.521315e+02	2478	1.171849e+02	3.197580e+02	2.521315e+02	2478	7.318073e-01	7.000000e-01	
2.522333e+02	2479	1.453170e+02	3.427544e+02	2.522333e+02	2479	7.022628e-01	7.000000e-01	
2.523350e+02	2480	1.442540e+02	4.310136e+02	2.523350e+02	2480	7.492402e-01	7.000000e-01	
2.524368e+02	2481	1.547382e+02	4.990922e+02	2.524368e+02	2481	7.633359e-01	7.000000e-01	
2.525385e+02	2482	1.618415e+02	4.893211e+02	2.525385e+02	2482	7.514576e-01	7.000000e-01	
2.526403e+02	2483	1.360117e+02	4.390367e+02	2.526403e+02	2483	7.634778e-01	7.000000e-01	
2.527420e+02	2484	1.313274e+02	4.169404e+02	2.527420e+02	2484	7.604685e-01	7.000000e-01	
2.528438e+02	2485	1.356765e+02	3.676513e+02	2.528438e+02	2485	7.304411e-01	7.000000e-01	
2.529455e+02	2486	1.625361e+02	4.652018e+02	2.529455e+02	2486	7.410765e-01	7.000000e-01	
2.530473e+02	2487	1.487652e+02	4.634363e+02	2.530473e+02	2487	7.569996e-01	7.000000e-01	
2.531490e+02	2488	1.255519e+02	3.462339e+02	2.531490e+02	2488	7.338794e-01	7.000000e-01	
2.532508e+02	2489	1.214552e+02	2.874366e+02	2.532508e+02	2489	7.029649e-01	7.000000e-01	
2.533525e+02	2490	1.480730e+02	3.704742e+02	2.533525e+02	2490	7.144464e-01	7.000000e-01	
2.534543e+02	2491	1.221411e+02	3.669523e+02	2.534543e+02	2491	7.502704e-01	7.000000e-01	
2.535560e+02	2492	9.153763e+01	3.037282e+02	2.535560e+02	2492	7.684150e-01	7.000000e-01	
2.536578e+02	2493	1.266062e+02	3.416749e+02	2.536578e+02	2493	7.296363e-01	7.000000e-01	
2.537595e+02	2494	9.581237e+01	2.973643e+02	2.537595e+02	2494	7.563122e-01	7.000000e-01	
2.538613e+02	2495	8.908520e+01	2.911526e+02	2.538613e+02	2495	7.657119e-01	7.000000e-01	
2.539630e+02	2496	9.322427e+01	3.206158e+02	2.539630e+02	2496	7.747336e-01	7.000000e-01	
2.540648e+02	2497	8.732813e+01	3.000960e+02	2.540648e+02	2497	7.745930e-01	7.000000e-01	
2.541665e+02	2498	1.176215e+02	3.433226e+02	2.541665e+02	2498	7.448248e-01	7.000000e-01	
2.542683e+02	2499	6.767898e+01	3.107369e+02	2.542683e+02	2499	8.211519e-01	7.000000e-01	
2.543700e+02	2500	1.116967e+02	2.851566e+02	2.543700e+02	2500	7.185441e-01	7.000000e-01	
2.544717e+02	2501	5.869166e+01	3.031619e+02	2.544717e+02	2501	8.378027e-01	7.000000e-01	
2.545735e+02	2502	7.599079e+01	3.331294e+02	2.545735e+02	2502	8.142580e-01	7.000000e-01	
2.546752e+02	2503	7.669031e+01	2.915864e+02	2.546752e+02	2503	7.917590e-01	7.000000e-01	
2.547770e+02	2504	9.058688e+01	3.247804e+02	2.547770e+02	2504	7.819114e-01	7.000000e-01	
2.548787e+02	2505	7.678001e+01	2.950801e+02	2.548787e+02	2505	7.935245e-01	7.000000e-01	
2.549805e+02	2506	6.975399e+01	3.303392e+02	2.549805e+02	2506	8.256556e-01	7.000000e-01	
2.550822e+02	2507	8.225202e+01	3.408526e+02	2.550822e+02	2507	8.055989e-01	7.000000e-01	
2.551840e+02	2508	1.049308e+02	3.510005e+02	2.551840e+02	2508	7.698539e-01	7.000000e-01	
2.552857e+02	2509	1.040234e+02	3.554879e+02	2.552857e+02	2509	7.736217e-01	7.000000e-01	
2.553875e+02	2510	1.131614e+02	3.301063e+02	2.553875e+02	2510	7.447109e-01	7.000000e-01	
2.554892e+02	2511	1.058255e+02	3.428286e+02	2.554892e+02	2511	7.641268e-01	7.000000e-01	
2.555910e+02	2512	9.243418e+01	3.245843e+02	2.555910e+02	2512	7.783451e-01	7.000000e-01	
2.556927e+02	2513	1.102178e+02	3.688400e+02	2.556927e+02	2513	7.699280e-01	7.000000e-01	
2.557945e+02	2514	9.760170e+01	3.431656e+02	2.557945e+02	2514	7.785641e-01	7.000000e-01	
2.558962e+02	2515	9.179691e+01	3.233775e+02	2.558962e+02	2515	7.788955e-01	7.000000e-01	
2.559980e+02	2516	1.228418e+02	3.594526e+02	2.559980e+02	2516	7.452971e-01	7.000000e-01	
2.560997e+02	2517	1.138469e+02	3.525480e+02	2.560997e+02	2517	7.559002e-01	7.000000e-01	
2.562015e+02	2518	1.035838e+02	3.592041e+02	2.562015e+02	2518	7.761744e-01	7.000000e-01	
2.563032e+02	2519	1.389356e+02	3.738767e+02	2.563032e+02	2519	7.290712e-01	7.000000e-01	
2.564050e+02	2520	1.136308e+02	3.532314e+02	2.564050e+02	2520	7.566074e-01	7.000000e-01	
2.565067e+02	2521	1.291479e+02	3.608851e+02	2.565067e+02	2521	7.364506e-01	7.000000e-01	
2.566085e+02	2522	1.195780e+02	3.603449e+02	2.566085e+02	2522	7.508391e-01	7.000000e-01	
2.567102e+02	2523	1.035305e+02	2.790922e+02	2.567102e+02	2523	7.294188e-01	7.000000e-01	
2.568120e+02	2524	1.316750e+02	3.796276e+02	2.568120e+02	2524	7.424715e-01	7.000000e-01	
2.569137e+02	2525	9.008579e+01	2.514045e+02	2.569137e+02	2525	7.361981e-01	7.000000e-01	
2.570154e+02	2526	1.035912e+02	2.969120e+02	2.570154e+02	2526	7.413474e-01	7.000000e-01	
2.571172e+02	2527	5.881386e+01	2.223591e+02	2.571172e+02	2527	7.908268e-01	7.000000e-01	
2.572189e+02	2528	6.559955e+01	2.839979e+02	2.572189e+02	2528	8.123569e-01	7.000000e-01	
2.573207e+02	2529	7.325166e+01	3.279226e+02	2.573207e+02	2529	8.174069e-01	7.000000e-01	
2.574224e+02	2530	9.708430e+01	2.693241e+02	2.574224e+02	2530	7.350380e-01	7.000000e-01	
2.575242e+02	2531	7.237127e+01	2.370096e+02	2.575242e+02	2531	7.660771e-01	7.000000e-01	
2.576259e+02	2532	6.234705e+01	2.441580e+02	2.576259e+02	2532	7.965872e-01	7.000000e-01	
2.577277e+02	2533	9.712164e+01	3.604548e+02	2.577277e+02	2533	7.877477e-01	7.000000e-01	
2.578294e+02	2534	9.413342e+01	3.701063e+02	2.578294e+02	2534	7.972310e-01	7.000000e-01	
2.579312e+02	2535	8.391511e+01	3.424453e+02	2.579312e+02	2535	8.031827e-01	7.000000e-01	
2.580329e+02	2536	8.877281e+01	3.704711e+02	2.580329e+02	2536	8.066979e-01	7.000000e-01	
2.581347e+02	2537	9.217976e+01	3.659665e+02	2.581347e+02	2537	7.987984e-01	7.000000e-01	
2.582364e+02	2538	7.032562e+01	3.067049e+02	2.582364e+02	2538	8.134750e-01	7.000000e-01	
2.583382e+02	2539	8.466268e+01	3.598245e+02	2.583382e+02	2539	8.095273e-01	7.000000e-01	
2.584399e+02	2540	1.059523e+02	4.183072e+02	2.584399e+02	2540	7.979010e-01	7.000000e-01	
2.585417e+02	2541	1.147680e+02	4.232641e+02	2.585417e+02	2541	7.866893e-01	7.000000e-01	
2.586434e+02	2542	1.158301e+02	4.135642e+02	2.586434e+02	2542	7.812026e-01	7.000000e-01	
2.587452e+02	2543	9.833135e+01	3.785446e+02	2.587452e+02	2543	7.938010e-01	7.000000e-01	
2.588469e+02	2544	1.209571e+02	4.104683e+02	2.588469e+02	2544	7.723912e-01	7.000000e-01	
2.589487e+02	2545	9.143655e+01	3.800723e+02	2.589487e+02	2545	8.060767e-01	7.000000e-01	
2.590504e+02	2546	1.004589e+02	3.888399e+02	2.590504e+02	2546	7.946880e-01	7.000000e-01	
2.591522e+02	2547	1.397681e+02	4.013582e+02	2.591522e+02	2547	7.417089e-01	7.000000e-01	
2.592539e+02	2548	1.310352e+02	4.633664e+02	2.592539e+02	2548	7.795511e-01	7.000000e-01	
2.593557e+02	2549	1.356283e+02	4.234835e+02	2.593557e+02	2549	7.574219e-01	7.000000e-01	
2.594574e+02	2550	1.286943e+02	4.190289e+02	2.594574e+02	2550	7.650377e-01	7.000000e-01	
2.595591e+02	2551	1.567805e+02	3.915262e+02	2.595591e+02	2551	7.140642e-01	7.000000e-01	
2.596609e+02	2552	1.644764e+02	3.982563e+02	2.596609e+02	2552	7.077184e-01	7.000000e-01	
2.597626e+02	2553	1.407906e+02	3.935133e+02	2.597626e+02	2553	7.364972e-01	7.000000e-01	
2.598644e+02	2554	1.163155e+02	4.359078e+02	2.598644e+02	2554	7.893687e-01	7.000000e-01	
2.599661e+02	2555	1.556515e+02	3.903415e+02	2.599661e+02	2555	7.149203e-01	7.000000e-01	
2.600679e+02	2556	1.134335e+02	4.154195e+02	2.600679e+02	2556	7.855103e-01	7.000000e-01	
2.601696e+02	2557	9.084404e+01	4.886972e+02	2.601696e+02	2557	8.432484e-01	7.000000e-01	
2.602714e+02	2558	1.002846e+02	4.485022e+02	2.602714e+02	2558	8.172613e-01	7.000000e-01	
2.603731e+02	2559	9.569629e+01	3.507908e+02	2.603731e+02	2559	7.856684e-01	7.000000e-01	
2.604749e+02	2560	9.134804e+01	3.330375e+02	2.604749e+02	2560	7.847522e-01	7.000000e-01	
2.605766e+02	2561	9.186506e+01	3.693563e+02	2.605766e+02	2561	8.008222e-01	7.000000e-01	
2.606784e+02	2562	9.666166e+01	3.902096e+02	2.606784e+02	2562	8.014636e-01	7.000000e-01	
2.607801e+02	2563	1.087743e+02	3.654964e+02	2.607801e+02	2563	7.706493e-01	7.000000e-01	
2.608819e+02	2564	1.233367e+02	4.020364e+02	2.608819e+02	2564	7.652398e-01	7.000000e-01	
2.609836e+02	2565	8.753996e+01	3.650998e+02	2.609836e+02	2565	8.066013e-01	7.000000e-01	
2.610854e+02	2566	9.024670e+01	3.824187e+02	2.610854e+02	2566	8.090685e-01	7.000000e-01	
2.611871e+02	2567	1.248531e+02	3.687209e+02	2.611871e+02	2567	7.470428e-01	7.000000e-01	
2.612889e+02	2568	8.546875e+01	3.662708e+02	2.612889e+02	2568	8.108008e-01	7.000000e-01	
2.613906e+02	2569	1.036644e+02	3.952742e+02	2.613906e+02	2569	7.922301e-01	7.000000e-01	
2.614924e+02	2570	1.269986e+02	3.963941e+02	2.614924e+02	2570	7.573550e-01	7.000000e-01	
2.615941e+02	2571	1.051689e+02	3.559464e+02	2.615941e+02	2571	7.719249e-01	7.000000e-01	
2.616959e+02	2572	8.762603e+01	3.631588e+02	2.616959e+02	2572	8.056145e-01	7.000000e-01	
2.617976e+02	2573	1.476995e+02	3.976172e+02	2.617976e+02	2573	7.291491e-01	7.000000e-01	
2.618994e+02	2574	1.758314e+02	4.371268e+02	2.618994e+02	2574	7.131429e-01	7.000000e-01	
2.620011e+02	2575	1.663336e+02	4.433840e+02	2.620011e+02	2575	7.271957e-01	7.000000e-01	
2.621028e+02	2576	1.921508e+02	4.309605e+02	2.621028e+02	2576	6.916268e-01	7.000000e-01	
2.622046e+02	2577	1.569983e+02	4.299025e+02	2.622046e+02	2577	7.324960e-01	7.000000e-01	
2.623063e+02	2578	1.676901e+02	4.443103e+02	2.623063e+02	2578	7.259967e-01	7.000000e-01	
2.624081e+02	2579	1.014802e+02	3.010990e+02	2.624081e+02	2579	7.479249e-01	7.000000e-01	
2.625098e+02	2580	1.359238e+02	3.786634e+02	2.625098e+02	2580	7.358586e-01	7.000000e-01	
2.626116e+02	2581	1.160178e+02	3.460889e+02	2.626116e+02	2581	7.489372e-01	7.000000e-01	
2.627133e+02	2582	1.008327e+02	3.765496e+02	2.627133e+02	2582	7.887800e-01	7.000000e-01	
2.628151e+02	2583	1.139929e+02	3.287604e+02	2.628151e+02	2583	7.425363e-01	7.000000e-01	
2.629168e+02	2584	9.382170e+01	3.401272e+02	2.629168e+02	2584	7.837955e-01	7.000000e-01	
2.630186e+02	2585	7.554473e+01	3.049173e+02	2.630186e+02	2585	8.014395e-01	7.000000e-01	
2.631203e+02	2586	9.899987e+01	3.026414e+02	2.631203e+02	2586	7.535117e-01	7.000000e-01	
2.632221e+02	2587	9.504544e+01	3.342517e+02	2.632221e+02	2587	7.786022e-01	7.000000e-01	
2.633238e+02	2588	8.252463e+01	3.203509e+02	2.633238e+02	2588	7.951610e-01	7.000000e-01	
2.634256e+02	2589	1.359995e+02	4.966487e+02	2.634256e+02	2589	7.850314e-01	7.000000e-01	
2.635273e+02	2590	1.272182e+02	3.918082e+02	2.635273e+02	2590	7.548907e-01	7.000000e-01	
2.636291e+02	2591	1.441342e+02	3.639569e+02	2.636291e+02	2591	7.163221e-01	7.000000e-01	
2.637308e+02	2592	1.072719e+02	4.086605e+02	2.637308e+02	2592	7.920815e-01	7.000000e-01	
2.638326e+02	2593	1.361975e+02	3.747746e+02	2.638326e+02	2593	7.334541e-01	7.000000e-01	
2.639343e+02	2594	1.425828e+02	3.041546e+02	2.639343e+02	2594	6.808353e-01	7.000000e-01	
2.640361e+02	2595	1.213824e+02	3.758417e+02	2.640361e+02	2595	7.558799e-01	7.000000e-01	
2.641378e+02	2596	1.486798e+02	4.161337e+02	2.641378e+02	2596	7.367630e-01	7.000000e-01	
2.642396e+02	2597	1.430133e+02	3.811216e+02	2.642396e+02	2597	7.271441e-01	7.000000e-01	
2.643413e+02	2598	1.412630e+02	3.750127e+02	2.643413e+02	2598	7.263807e-01	7.000000e-01	
2.644431e+02	2599	9.972688e+01	3.842153e+02	2.644431e+02	2599	7.939281e-01	7.000000e-01	
2.645448e+02	2600	9.698759e+01	4.091552e+02	2.645448e+02	2600	8.083790e-01	7.000000e-01	
2.646465e+02	2601	1.145846e+02	3.783381e+02	2.646465e+02	2601	7.675404e-01	7.000000e-01	
2.647483e+02	2602	1.247088e+02	3.666155e+02	2.647483e+02	2602	7.461782e-01	7.000000e-01	
2.648500e+02	2603	9.740454e+01	4.103753e+02	2.648500e+02	2603	8.081756e-01	7.000000e-01	
2.649518e+02	2604	1.153621e+02	4.090831e+02	2.649518e+02	2604	7.800302e-01	7.000000e-01	
2.650535e+02	2605	1.017800e+02	2.666501e+02	2.650535e+02	2605	7.237468e-01	7.000000e-01	
2.651553e+02	2606	8.975299e+01	3.136250e+02	2.651553e+02	2606	7.774966e-01	7.000000e-01	
2.652570e+02	2607	9.133528e+01	3.332138e+02	2.652570e+02	2607	7.848652e-01	7.000000e-01	
2.653588e+02	2608	9.122572e+01	3.255944e+02	2.653588e+02	2608	7.811389e-01	7.000000e-01	
2.654605e+02	2609	9.667997e+01	3.229438e+02	2.654605e+02	2609	7.696032e-01	7.000000e-01	
2.655623e+02	2610	7.788488e+01	3.531579e+02	2.655623e+02	2610	8.193106e-01	7.000000e-01	
2.656640e+02	2611	8.560843e+01	3.198242e+02	2.656640e+02	2611	7.888467e-01	7.000000e-01	
2.657658e+02	2612	1.034923e+02	3.079309e+02	2.657658e+02	2612	7.484529e-01	7.000000e-01	
2.658675e+02	2613	9.188486e+01	2.911530e+02	2.658675e+02	2613	7.601155e-01	7.000000e-01	
2.659693e+02	2614	1.068939e+02	2.951018e+02	2.659693e+02	2614	7.340919e-01	7.000000e-01	
2.660710e+02	2615	1.049925e+02	3.937942e+02	2.660710e+02	2615	7.895042e-01	7.000000e-01	
2.661728e+02	2616	1.066643e+02	3.647112e+02	2.661728e+02	2616	7.737169e-01	7.000000e-01	
2.662745e+02	2617	1.167531e+02	3.222563e+02	2.662745e+02	2617	7.340533e-01	7.000000e-01	
2.663763e+02	2618	1.098077e+02	3.291708e+02	2.663763e+02	2618	7.498563e-01	7.000000e-01	
2.664780e+02	2619	1.039400e+02	3.003401e+02	2.664780e+02	2619	7.429010e-01	7.000000e-01	
2.665798e+02	2620	1.035212e+02	2.940441e+02	2.665798e+02	2620	7.396121e-01	7.000000e-01	
2.666815e+02	2621	1.252697e+02	3.154672e+02	2.666815e+02	2621	7.157722e-01	7.000000e-01	
2.667833e+02	2622	1.242564e+02	4.071967e+02	2.667833e+02	2622	7.661950e-01	7.000000e-01	
2.668850e+02	2623	1.062594e+02	3.392840e+02	2.668850e+02	2623	7.615061e-01	7.000000e-01	
2.669868e+02	2624	1.237367e+02	4.192243e+02	2.669868e+02	2624	7.721076e-01	7.000000e-01	
2.670885e+02	2625	1.250731e+02	3.775406e+02	2.670885e+02	2625	7.511546e-01	7.000000e-01	
2.671902e+02	2626	1.081711e+02	3.891477e+02	2.671902e+02	2626	7.824914e-01	7.000000e-01	
2.672920e+02	2627	1.852422e+02	5.569436e+02	2.672920e+02	2627	7.504099e-01	7.000000e-01	
2.673937e+02	2628	8.566695e+01	2.782185e+02	2.673937e+02	2628	7.645771e-01	7.000000e-01	
2.674955e+02	2629	9.409490e+01	2.916714e+02	2.674955e+02	2629	7.560832e-01	7.000000e-01	
2.675972e+02	2630	7.264930e+01	2.964007e+02	2.675972e+02	2630	8.031451e-01	7.000000e-01	
2.676990e+02	2631	9.450678e+01	2.680821e+02	2.676990e+02	2631	7.393555e-01	7.000000e-01	
2.678007e+02	2632	1.073480e+02	3.609198e+02	2.678007e+02	2632	7.707551e-01	7.000000e-01	
2.679025e+02	2633	1.052524e+02	3.611243e+02	2.679025e+02	2633	7.743189e-01	7.000000e-01	
2.680042e+02	2634	9.667602e+01	3.235131e+02	2.680042e+02	2634	7.699226e-01	7.000000e-01	
2.681060e+02	2635	1.098161e+02	3.182018e+02	2.681060e+02	2635	7.434311e-01	7.000000e-01	
2.682077e+02	2636	1.106487e+02	4.122063e+02	2.682077e+02	2636	7.883759e-01	7.000000e-01	
2.683095e+02	2637	9.642804e+01	3.933002e+02	2.683095e+02	2637	8.030989e-01	7.000000e-01	
2.684112e+02	2638	1.069188e+02	4.265453e+02	2.684112e+02	2638	7.995764e-01	7.000000e-01	
2.685130e+02	2639	1.060258e+02	4.329301e+02	2.685130e+02	2639	8.032756e-01	7.000000e-01	
2.686147e+02	2640	9.820355e+01	4.360316e+02	2.686147e+02	2640	8.161792e-01	7.000000e-01	
2.687165e+02	2641	9.585287e+01	3.597561e+02	2.687165e+02	2641	7.896159e-01	7.000000e-01	
2.688182e+02	2642	1.156561e+02	3.784169e+02	2.688182e+02	2642	7.659129e-01	7.000000e-01	
2.689200e+02	2643	8.389835e+01	2.966362e+02	2.689200e+02	2643	7.795250e-01	7.000000e-01	
2.690217e+02	2644	9.986495e+01	3.631959e+02	2.690217e+02	2644	7.843373e-01	7.000000e-01	
2.691235e+02	2645	1.086121e+02	4.015561e+02	2.691235e+02	2645	7.871053e-01	7.000000e-01	
2.692252e+02	2646	1.023163e+02	2.976344e+02	2.692252e+02	2646	7.441777e-01	7.000000e-01	
2.693270e+02	2647	1.038363e+02	3.072269e+02	2.693270e+02	2647	7.473958e-01	7.000000e-01	
2.694287e+02	2648	7.996267e+01	2.931196e+02	2.694287e+02	2648	7.856701e-01	7.000000e-01	
2.695305e+02	2649	8.020294e+01	2.651976e+02	2.695305e+02	2649	7.677973e-01	7.000000e-01	
2.696322e+02	2650	1.198354e+02	3.182733e+02	2.696322e+02	2650	7.264711e-01	7.000000e-01	
2.697339e+02	2651	8.294863e+01	2.858725e+02	2.697339e+02	2651	7.750979e-01	7.000000e-01	
2.698357e+02	2652	9.294752e+01	2.744063e+02	2.698357e+02	2652	7.469809e-01	7.000000e-01	
2.699374e+02	2653	8.664026e+01	2.725288e+02	2.699374e+02	2653	7.587758e-01	7.000000e-01	
2.700392e+02	2654	1.101942e+02	3.295175e+02	2.700392e+02	2654	7.493944e-01	7.000000e-01	
2.701409e+02	2655	8.918937e+01	2.838940e+02	2.701409e+02	2655	7.609398e-01	7.000000e-01	
2.702427e+02	2656	9.666270e+01	2.934479e+02	2.702427e+02	2656	7.522172e-01	7.000000e-01	
2.703444e+02	2657	8.952819e+01	2.744011e+02	2.703444e+02	2657	7.539956e-01	7.000000e-01	
2.704462e+02	2658	8.857392e+01	2.646002e+02	2.704462e+02	2658	7.492061e-01	7.000000e-01	
2.705479e+02	2659	8.404149e+01	2.809436e+02	2.705479e+02	2659	7.697399e-01	7.000000e-01	
2.706497e+02	2660	7.984985e+01	2.730039e+02	2.706497e+02	2660	7.737027e-01	7.000000e-01	
2.707514e+02	2661	8.561397e+01	2.919953e+02	2.707514e+02	2661	7.732737e-01	7.000000e-01	
2.708532e+02	2662	8.025850e+01	2.768226e+02	2.708532e+02	2662	7.752373e-01	7.000000e-01	
2.709549e+02	2663	8.500593e+01	2.911611e+02	2.709549e+02	2663	7.740208e-01	7.000000e-01	
2.710567e+02	2664	8.650728e+01	2.860709e+02	2.710567e+02	2664	7.678144e-01	7.000000e-01	
2.711584e+02	2665	8.355155e+01	2.778905e+02	2.711584e+02	2665	7.688383e-01	7.000000e-01	
2.712602e+02	2666	1.039023e+02	2.830011e+02	2.712602e+02	2666	7.314516e-01	7.000000e-01	
2.713619e+02	2667	8.921551e+01	2.795246e+02	2.713619e+02	2667	7.580531e-01	7.000000e-01	
2.714637e+02	2668	9.563022e+01	2.775823e+02	2.714637e+02	2668	7.437647e-01	7.000000e-01	
2.715654e+02	2669	8.669917e+01	2.863281e+02	2.715654e+02	2669	7.675795e-01	7.000000e-01	
2.716672e+02	2670	1.085783e+02	2.825062e+02	2.716672e+02	2670	7.223661e-01	7.000000e-01	
2.717689e+02	2671	9.395161e+01	2.839892e+02	2.717689e+02	2671	7.514118e-01	7.000000e-01	
2.718707e+02	2672	9.071160e+01	2.900853e+02	2.718707e+02	2672	7.617848e-01	7.000000e-01	
2.719724e+02	2673	9.526882e+01	2.672125e+02	2.719724e+02	2673	7.371759e-01	7.000000e-01	
2.720742e+02	2674	8.822909e+01	2.478709e+02	2.720742e+02	2674	7.374915e-01	7.000000e-01	
2.721759e+02	2675	8.681735e+01	2.887789e+02	2.721759e+02	2675	7.688546e-01	7.000000e-01	
2.722776e+02	2676	8.658657e+01	2.894171e+02	2.722776e+02	2676	7.697188e-01	7.000000e-01	
2.723794e+02	2677	9.417618e+01	2.822222e+02	2.723794e+02	2677	7.497965e-01	7.000000e-01	
2.724811e+02	2678	1.091698e+02	2.741192e+02	2.724811e+02	2678	7.151763e-01	7.000000e-01	
2.725829e+02	2679	8.595622e+01	2.763765e+02	2.725829e+02	2679	7.627699e-01	7.000000e-01	
2.726846e+02	2680	1.152830e+02	2.794207e+02	2.726846e+02	2680	7.079252e-01	7.000000e-01	
2.727864e+02	2681	9.851737e+01	2.496166e+02	2.727864e+02	2681	7.170131e-01	7.000000e-01	
2.728881e+02	2682	9.280988e+01	2.815802e+02	2.728881e+02	2682	7.521038e-01	7.000000e-01	
2.729899e+02	2683	8.303537e+01	2.913377e+02	2.729899e+02	2683	7.782015e-01	7.000000e-01	
2.730916e+02	2684	8.222401e+01	2.471869e+02	2.730916e+02	2684	7.503908e-01	7.000000e-01	
2.731934e+02	2685	1.301437e+02	2.236571e+02	2.731934e+02	2685	6.321554e-01	7.000000e-01	
2.732951e+02	2686	9.704068e+01	2.877781e+02	2.732951e+02	2686	7.478276e-01	7.000000e-01	
2.733969e+02	2687	1.039255e+02	2.297010e+02	2.733969e+02	2687	6.884975e-01	7.000000e-01	
2.734986e+02	2688	9.166426e+01	2.279458e+02	2.734986e+02	2688	7.131997e-01	7.000000e-01	
2.736004e+02	2689	1.075516e+02	3.282071e+02	2.736004e+02	2689	7.531854e-01	7.000000e-01	
2.737021e+02	2690	9.933659e+01	3.354981e+02	2.737021e+02	2690	7.715532e-01	7.000000e-01	
2.738039e+02	2691	1.011492e+02	3.025695e+02	2.738039e+02	2691	7.494562e-01	7.000000e-01	
2.739056e+02	2692	9.983968e+01	3.436182e+02	2.739056e+02	2692	7.748610e-01	7.000000e-01	
2.740074e+02	2693	9.924320e+01	3.480246e+02	2.740074e+02	2693	7.781124e-01	7.000000e-01	
2.741091e+02	2694	9.067134e+01	3.010994e+02	2.741091e+02	2694	7.685602e-01	7.000000e-01	
2.742109e+02	2695	1.044442e+02	3.036179e+02	2.742109e+02	2695	7.440483e-01	7.000000e-01	
2.743126e+02	2696	1.066704e+02	2.855721e+02	2.743126e+02	2696	7.280499e-01	7.000000e-01	
2.744144e+02	2697	1.038401e+02	3.136186e+02	2.744144e+02	2697	7.512566e-01	7.000000e-01	
2.745161e+02	2698	7.559107e+01	3.033514e+02	2.745161e+02	2698	8.005210e-01	7.000000e-01	
2.746179e+02	2699	1.012174e+02	2.914543e+02	2.746179e+02	2699	7.422340e-01	7.000000e-01	
2.747196e+02	2700	8.929263e+01	2.780346e+02	2.747196e+02	2700	7.569126e-01	7.000000e-01	
2.748213e+02	2701	1.117600e+02	2.853685e+02	2.748213e+02	2701	7.185798e-01	7.000000e-01	
2.749231e+02	2702	1.073892e+02	2.617718e+02	2.749231e+02	2702	7.090993e-01	7.000000e-01	
2.750248e+02	2703	9.120204e+01	2.999234e+02	2.750248e+02	2703	7.668215e-01	7.000000e-01	
2.751266e+02	2704	1.116651e+02	2.458876e+02	2.751266e+02	2704	6.876961e-01	7.000000e-01	
2.752283e+02	2705	1.391576e+02	2.965703e+02	2.752283e+02	2705	6.806319e-01	7.000000e-01	
2.753301e+02	2706	1.071147e+02	2.911354e+02	2.753301e+02	2706	7.310366e-01	7.000000e-01	
2.754318e+02	2707	1.024780e+02	2.546309e+02	2.754318e+02	2707	7.130343e-01	7.000000e-01	
2.755336e+02	2708	1.125467e+02	2.588345e+02	2.755336e+02	2708	6.969510e-01	7.000000e-01	
2.756353e+02	2709	1.119831e+02	2.462067e+02	2.756353e+02	2709	6.873638e-01	7.000000e-01	
2.757371e+02	2710	6.433276e+01	2.335915e+02	2.757371e+02	2710	7.840634e-01	7.000000e-01	
2.758388e+02	2711	9.128115e+01	2.429266e+02	2.758388e+02	2711	7.268730e-01	7.000000e-01	
2.759406e+02	2712	7.084878e+01	2.011513e+02	2.759406e+02	2712	7.395266e-01	7.000000e-01	
2.760423e+02	2713	4.888920e+01	1.847810e+02	2.760423e+02	2713	7.907769e-01	7.000000e-01	
2.761441e+02	2714	9.343618e+01	2.822291e+02	2.761441e+02	2714	7.512781e-01	7.000000e-01	
2.762458e+02	2715	6.890581e+01	2.280056e+02	2.762458e+02	2715	7.679247e-01	7.000000e-01	
2.763476e+02	2716	7.815234e+01	2.398935e+02	2.763476e+02	2716	7.542733e-01	7.000000e-01	
2.764493e+02	2717	8.718503e+01	2.454595e+02	2.764493e+02	2717	7.379033e-01	7.000000e-01	
2.765511e+02	2718	7.687450e+01	2.645634e+02	2.765511e+02	2718	7.748507e-01	7.000000e-01	
2.766528e+02	2719	9.099802e+01	2.718846e+02	2.766528e+02	2719	7.492357e-01	7.000000e-01	
2.767546e+02	2720	8.661430e+01	3.120898e+02	2.767546e+02	2720	7.827604e-01	7.000000e-01	
2.768563e+02	2721	8.986964e+01	2.399856e+02	2.768563e+02	2721	7.275482e-01	7.000000e-01	
2.769581e+02	2722	8.807650e+01	2.518105e+02	2.769581e+02	2722	7.408653e-01	7.000000e-01	
2.770598e+02	2723	8.397523e+01	2.547574e+02	2.770598e+02	2723	7.520899e-01	7.000000e-01	
2.771616e+02	2724	6.896977e+01	3.999895e+02	2.771616e+02	2724	8.529301e-01	7.000000e-01	
2.772633e+02	2725	9.798890e+01	3.976122e+02	2.772633e+02	2725	8.022827e-01	7.000000e-01	
2.773650e+02	2726	7.760926e+01	3.833100e+02	2.773650e+02	2726	8.316207e-01	7.000000e-01	
2.774668e+02	2727	6.897548e+01	3.999650e+02	2.774668e+02	2727	8.529121e-01	7.000000e-01	
2.775685e+02	2728	8.178182e+01	2.756612e+02	2.775685e+02	2728	7.712032e-01	7.000000e-01	
2.776703e+02	2729	9.020587e+01	3.330261e+02	2.776703e+02	2729	7.868642e-01	7.000000e-01	
2.777720e+02	2730	9.132039e+01	3.414569e+02	2.777720e+02	2730	7.889899e-01	7.000000e-01	
2.778738e+02	2731	8.165058e+01	2.560255e+02	2.778738e+02	2731	7.581985e-01	7.000000e-01	
2.779755e+02	2732	8.218431e+01	2.577423e+02	2.779755e+02	2732	7.582293e-01	7.000000e-01	
2.780773e+02	2733	7.887992e+01	2.856028e+02	2.780773e+02	2733	7.835839e-01	7.000000e-01	
2.781790e+02	2734	7.733489e+01	2.558464e+02	2.781790e+02	2734	7.678895e-01	7.000000e-01	
2.782808e+02	2735	8.093080e+01	2.205429e+02	2.782808e+02	2735	7.315494e-01	7.000000e-01	
2.783825e+02	2736	1.035242e+02	2.496038e+02	2.783825e+02	2736	7.068366e-01	7.000000e-01	
2.784843e+02	2737	7.611973e+01	3.024268e+02	2.784843e+02	2737	7.989158e-01	7.000000e-01	
2.785860e+02	2738	7.502578e+01	3.006815e+02	2.785860e+02	2738	8.003079e-01	7.000000e-01	
2.786878e+02	2739	6.337137e+01	2.963895e+02	2.786878e+02	2739	8.238514e-01	7.000000e-01	
2.787895e+02	2740	6.369048e+01	3.063362e+02	2.787895e+02	2740	8.278760e-01	7.000000e-01	
2.788913e+02	2741	7.989072e+01	2.961218e+02	2.788913e+02	2741	7.875318e-01	7.000000e-01	
2.789930e+02	2742	6.627010e+01	2.882541e+02	2.789930e+02	2742	8.130731e-01	7.000000e-01	
2.790948e+02	2743	7.947424e+01	2.551595e+02	2.790948e+02	2743	7.625038e-01	7.000000e-01	
2.791965e+02	2744	7.981470e+01	2.685078e+02	2.791965e+02	2744	7.708598e-01	7.000000e-01	
2.792983e+02	2745	8.566447e+01	2.566793e+02	2.792983e+02	2745	7.497706e-01	7.000000e-01	
2.794000e+02	2746	7.259771e+01	2.608246e+02	2.794000e+02	2746	7.822650e-01	7.000000e-01	
2.795018e+02	2747	7.563856e+01	2.925306e+02	2.795018e+02	2747	7.945549e-01	7.000000e-01	
2.796035e+02	2748	9.465750e+01	2.837534e+02	2.796035e+02	2748	7.498552e-01	7.000000e-01	
2.797053e+02	2749	8.618961e+01	2.507510e+02	2.797053e+02	2749	7.441994e-01	7.000000e-01	
2.798070e+02	2750	8.521164e+01	2.805332e+02	2.798070e+02	2750	7.670189e-01	7.000000e-01	
2.799087e+02	2751	8.199121e+01	2.673617e+02	2.799087e+02	2751	7.653055e-01	7.000000e-01	
2.800105e+02	2752	7.126809e+01	2.547378e+02	2.800105e+02	2752	7.813902e-01	7.000000e-01	
2.801122e+02	2753	7.989436e+01	2.492831e+02	2.801122e+02	2753	7.572909e-01	7.000000e-01	
2.802140e+02	2754	7.853035e+01	2.418315e+02	2.802140e+02	2754	7.548698e-01	7.000000e-01	
2.803157e+02	2755	5.984240e+01	2.489463e+02	2.803157e+02	2755	8.062028e-01	7.000000e-01	
2.804175e+02	2756	6.468916e+01	2.638308e+02	2.804175e+02	2756	8.030891e-01	7.000000e-01	
2.805192e+02	2757	5.409435e+01	2.375996e+02	2.805192e+02	2757	8.145510e-01	7.000000e-01	
2.806210e+02	2758	7.995849e+01	2.450485e+02	2.806210e+02	2758	7.539792e-01	7.000000e-01	
2.807227e+02	2759	1.059726e+02	2.459030e+02	2.807227e+02	2759	6.988350e-01	7.000000e-01	
2.808245e+02	2760	8.954434e+01	2.605947e+02	2.808245e+02	2760	7.442606e-01	7.000000e-01	
2.809262e+02	2761	7.882490e+01	2.605118e+02	2.809262e+02	2761	7.677089e-01	7.000000e-01	
2.810280e+02	2762	7.055008e+01	3.090970e+02	2.810280e+02	2762	8.141693e-01	7.000000e-01	
2.811297e+02	2763	9.396716e+01	2.800896e+02	2.811297e+02	2763	7.487890e-01	7.000000e-01	
2.812315e+02	2764	8.068618e+01	3.107939e+02	2.812315e+02	2764	7.938945e-01	7.000000e-01	
2.813332e+02	2765	4.025454e+01	2.962930e+02	2.813332e+02	2765	8.803897e-01	7.000000e-01	
2.814350e+02	2766	4.409420e+01	3.489036e+02	2.814350e+02	2766	8.878004e-01	7.000000e-01	
2.815367e+02	2767	8.742036e+01	2.910696e+02	2.815367e+02	2767	7.690286e-01	7.000000e-01	
2.816385e+02	2768	9.528575e+01	3.222663e+02	2.816385e+02	2768	7.717991e-01	7.000000e-01	
2.817402e+02	2769	7.903655e+01	3.058093e+02	2.817402e+02	2769	7.946280e-01	7.000000e-01	
2.818420e+02	2770	8.901998e+01	2.763207e+02	2.818420e+02	2770	7.563371e-01	7.000000e-01	
2.819437e+02	2771	8.415374e+01	3.145632e+02	2.819437e+02	2771	7.889386e-01	7.000000e-01	
2.820455e+02	2772	8.249732e+01	2.829035e+02	2.820455e+02	2772	7.742279e-01	7.000000e-01	
2.821472e+02	2773	9.031348e+01	2.629577e+02	2.821472e+02	2773	7.443508e-01	7.000000e-01	
2.822490e+02	2774	9.929187e+01	2.654544e+02	2.822490e+02	2774	7.277782e-01	7.000000e-01	
2.823507e+02	2775	6.457284e+01	2.476771e+02	2.823507e+02	2775	7.932014e-01	7.000000e-01	
2.824524e+02	2776	6.704870e+01	2.723300e+02	2.824524e+02	2776	8.024369e-01	7.000000e-01	
2.825542e+02	2777	6.951743e+01	2.450172e+02	2.825542e+02	2777	7.789832e-01	7.000000e-01	
2.826559e+02	2778	7.478265e+01	2.433854e+02	2.826559e+02	2778	7.649586e-01	7.000000e-01	
2.827577e+02	2779	7.910436e+01	2.470416e+02	2.827577e+02	2779	7.574572e-01	7.000000e-01	
2.828594e+02	2780	7.062451e+01	2.760276e+02	2.828594e+02	2780	7.962669e-01	7.000000e-01	
2.829612e+02	2781	6.380691e+01	2.629456e+02	2.829612e+02	2781	8.047240e-01	7.000000e-01	
2.830629e+02	2782	8.385058e+01	2.727220e+02	2.830629e+02	2782	7.648429e-01	7.000000e-01	
2.831647e+02	2783	6.910108e+01	2.603719e+02	2.831647e+02	2783	7.902678e-01	7.000000e-01	
2.832664e+02	2784	5.763860e+01	2.883910e+02	2.832664e+02	2784	8.334287e-01	7.000000e-01	
2.833682e+02	2785	1.034604e+02	3.021191e+02	2.833682e+02	2785	7.449072e-01	7.000000e-01	
2.834699e+02	2786	9.801457e+01	2.962239e+02	2.834699e+02	2786	7.513825e-01	7.000000e-01	
2.835717e+02	2787	8.827097e+01	3.001326e+02	2.835717e+02	2787	7.727339e-01	7.000000e-01	
2.836734e+02	2788	9.490145e+01	2.881631e+02	2.836734e+02	2788	7.522573e-01	7.000000e-01	
2.837752e+02	2789	8.694860e+01	2.918002e+02	2.837752e+02	2789	7.704320e-01	7.000000e-01	
2.838769e+02	2790	8.005703e+01	2.455530e+02	2.838769e+02	2790	7.541322e-01	7.000000e-01	
2.839787e+02	2791	1.069407e+02	3.069774e+02	2.839787e+02	2791	7.416380e-01	7.000000e-01	
2.840804e+02	2792	8.961919e+01	2.937115e+02	2.840804e+02	2792	7.662092e-01	7.000000e-01	
2.841822e+02	2793	9.820444e+01	2.839928e+02	2.841822e+02	2793	7.430530e-01	7.000000e-01	
2.842839e+02	2794	7.976521e+01	2.814345e+02	2.842839e+02	2794	7.791659e-01	7.000000e-01	
2.843857e+02	2795	6.822018e+01	2.844613e+02	2.843857e+02	2795	8.065672e-01	7.000000e-01	
2.844874e+02	2796	1.649224e+02	4.057176e+02	2.844874e+02	2796	7.109870e-01	7.000000e-01	
2.845892e+02	2797	1.512540e+02	4.045738e+02	2.845892e+02	2797	7.278762e-01	7.000000e-01	
2.846909e+02	2798	1.527061e+02	3.787648e+02	2.846909e+02	2798	7.126727e-01	7.000000e-01	
2.847927e+02	2799	1.528471e+02	4.040130e+02	2.847927e+02	2799	7.255197e-01	7.000000e-01	
2.848944e+02	2800	1.182655e+02	3.410029e+02	2.848944e+02	2800	7.424915e-01	7.000000e-01	
2.849961e+02	2801	1.405623e+02	4.004162e+02	2.849961e+02	2801	7.401703e-01	7.000000e-01	
2.850979e+02	2802	1.568267e+02	3.801618e+02	2.850979e+02	2802	7.079515e-01	7.000000e-01	
2.851996e+02	2803	1.691924e+02	3.598346e+02	2.851996e+02	2803	6.801819e-01	7.000000e-01	
2.853014e+02	2804	1.699203e+02	4.154550e+02	2.853014e+02	2804	7.097242e-01	7.000000e-01	
2.854031e+02	2805	1.448404e+02	4.666829e+02	2.854031e+02	2805	7.631482e-01	7.000000e-01	
2.855049e+02	2806	9.530375e+01	3.713206e+02	2.855049e+02	2806	7.957592e-01	7.000000e-01	
2.856066e+02	2807	1.248603e+02	4.093827e+02	2.856066e+02	2807	7.662856e-01	7.000000e-01	
2.857084e+02	2808	1.791546e+02	4.052232e+02	2.857084e+02	2808	6.934268e-01	7.000000e-01	
2.858101e+02	2809	1.410156e+02	4.101978e+02	2.858101e+02	2809	7.441724e-01	7.000000e-01	
2.859119e+02	2810	1.768314e+02	3.982664e+02	2.859119e+02	2810	6.925194e-01	7.000000e-01	
2.860136e+02	2811	1.802277e+02	3.918188e+02	2.860136e+02	2811	6.849422e-01	7.000000e-01	
2.861154e+02	2812	1.871685e+02	4.600182e+02	2.861154e+02	2812	7.107967e-01	7.000000e-01	
2.862171e+02	2813	1.768362e+02	4.078654e+02	2.862171e+02	2813	6.975616e-01	7.000000e-01	
2.863189e+02	2814	1.399349e+02	4.096613e+02	2.863189e+02	2814	7.453860e-01	7.000000e-01	
2.864206e+02	2815	1.832519e+02	4.162270e+02	2.864206e+02	2815	6.943147e-01	7.000000e-01	
2.865224e+02	2816	1.739988e+02	3.881587e+02	2.865224e+02	2816	6.904803e-01	7.000000e-01	
2.866241e+02	2817	1.763575e+02	3.767373e+02	2.866241e+02	2817	6.811442e-01	7.000000e-01	
2.867259e+02	2818	1.494110e+02	3.930595e+02	2.867259e+02	2818	7.245730e-01	7.000000e-01	
2.868276e+02	2819	1.580857e+02	4.035917e+02	2.868276e+02	2819	7.185472e-01	7.000000e-01	
2.869294e+02	2820	1.387388e+02	3.859436e+02	2.869294e+02	2820	7.355757e-01	7.000000e-01	
2.870311e+02	2821	1.670467e+02	3.809085e+02	2.870311e+02	2821	6.951453e-01	7.000000e-01	
2.871329e+02	2822	1.266621e+02	4.265099e+02	2.871329e+02	2822	7.710258e-01	7.000000e-01	
2.872346e+02	2823	1.410109e+02	3.868291e+02	2.872346e+02	2823	7.328529e-01	7.000000e-01	
2.873364e+02	2824	1.678942e+02	3.965907e+02	2.873364e+02	2824	7.025710e-01	7.000000e-01	
2.874381e+02	2825	1.311001e+02	3.732770e+02	2.874381e+02	2825	7.400752e-01	7.000000e-01	
2.875398e+02	2826	1.012790e+02	4.115619e+02	2.875398e+02	2826	8.025138e-01	7.000000e-01	
2.876416e+02	2827	1.298037e+02	4.219469e+02	2.876416e+02	2827	7.647421e-01	7.000000e-01	
2.877433e+02	2828	1.353370e+02	3.695670e+02	2.877433e+02	2828	7.319550e-01	7.000000e-01	
2.878451e+02	2829	1.369079e+02	3.602394e+02	2.878451e+02	2829	7.246130e-01	7.000000e-01	
2.879468e+02	2830	1.480255e+02	3.731014e+02	2.879468e+02	2830	7.159511e-01	7.000000e-01	
2.880486e+02	2831	1.356789e+02	3.502148e+02	2.880486e+02	2831	7.207642e-01	7.000000e-01	
2.881503e+02	2832	1.542489e+02	3.961094e+02	2.881503e+02	2832	7.197300e-01	7.000000e-01	
2.882521e+02	2833	1.524322e+02	3.746924e+02	2.882521e+02	2833	7.108232e-01	7.000000e-01	
2.883538e+02	2834	1.662989e+02	4.101446e+02	2.883538e+02	2834	7.115088e-01	7.000000e-01	
2.884556e+02	2835	1.869259e+02	4.296260e+02	2.884556e+02	2835	6.968205e-01	7.000000e-01	
2.885573e+02	2836	1.291554e+02	3.537196e+02	2.885573e+02	2836	7.325283e-01	7.000000e-01	
2.886591e+02	2837	8.564167e+01	2.991930e+02	2.886591e+02	2837	7.774585e-01	7.000000e-01	
2.887608e+02	2838	7.892913e+01	3.017002e+02	2.887608e+02	2838	7.926352e-01	7.000000e-01	
2.888626e+02	2839	8.394461e+01	3.036210e+02	2.888626e+02	2839	7.834054e-01	7.000000e-01	
2.889643e+02	2840	8.665427e+01	3.004931e+02	2.889643e+02	2840	7.761724e-01	7.000000e-01	
2.890661e+02	2841	7.532425e+01	2.895907e+02	2.890661e+02	2841	7.935841e-01	7.000000e-01	
2.891678e+02	2842	9.372043e+01	2.957903e+02	2.891678e+02	2842	7.593893e-01	7.000000e-01	
2.892696e+02	2843	9.271076e+01	2.862195e+02	2.892696e+02	2843	7.553356e-01	7.000000e-01	
2.893713e+02	2844	8.943841e+01	2.763875e+02	2.893713e+02	2844	7.555165e-01	7.000000e-01	
2.894731e+02	2845	8.933606e+01	3.111891e+02	2.894731e+02	2845	7.769527e-01	7.000000e-01	
2.895748e+02	2846	9.645286e+01	2.522350e+02	2.895748e+02	2846	7.233834e-01	7.000000e-01	
2.896766e+02	2847	7.720011e+01	2.942708e+02	2.896766e+02	2847	7.921772e-01	7.000000e-01	
2.897783e+02	2848	8.056523e+01	2.924226e+02	2.897783e+02	2848	7.840004e-01	7.000000e-01	
2.898801e+02	2849	8.261910e+01	2.254610e+02	2.898801e+02	2849	7.318259e-01	7.000000e-01	
2.899818e+02	2850	1.102241e+02	2.889661e+02	2.899818e+02	2850	7.238807e-01	7.000000e-01	
2.900835e+02	2851	8.303866e+01	2.441644e+02	2.900835e+02	2851	7.462167e-01	7.000000e-01	
2.901853e+02	2852	9.055543e+01	2.286929e+02	2.901853e+02	2852	7.163480e-01	7.000000e-01	
2.902870e+02	2853	9.253952e+01	2.227441e+02	2.902870e+02	2853	7.064880e-01	7.000000e-01	
2.903888e+02	2854	8.549024e+01	2.490440e+02	2.903888e+02	2854	7.444500e-01	7.000000e-01	
2.904905e+02	2855	8.332870e+01	2.239971e+02	2.904905e+02	2855	7.288588e-01	7.000000e-01	
2.905923e+02	2856	6.485191e+01	2.405099e+02	2.905923e+02	2856	7.876227e-01	7.000000e-01	
2.906940e+02	2857	6.841920e+01	2.750695e+02	2.906940e+02	2857	8.008109e-01	7.000000e-01	
2.907958e+02	2858	6.876460e+01	2.142389e+02	2.907958e+02	2858	7.570186e-01	7.000000e-01	
2.908975e+02	2859	1.044053e+02	2.940482e+02	2.908975e+02	2859	7.379737e-01	7.000000e-01	
2.909993e+02	2860	7.556710e+01	2.569440e+02	2.909993e+02	2860	7.727381e-01	7.000000e-01	
2.911010e+02	2861	9.686815e+01	3.094096e+02	2.911010e+02	2861	7.615716e-01	7.000000e-01	
2.912028e+02	2862	1.038511e+02	2.592289e+02	2.912028e+02	2862	7.139719e-01	7.000000e-01	
2.913045e+02	2863	1.104123e+02	3.159828e+02	2.913045e+02	2863	7.410564e-01	7.000000e-01	
2.914063e+02	2864	1.003899e+02	3.030740e+02	2.914063e+02	2864	7.511800e-01	7.000000e-01	
2.915080e+02	2865	9.313003e+01	2.947469e+02	2.915080e+02	2865	7.598980e-01	7.000000e-01	
2.916098e+02	2866	1.063716e+02	3.006372e+02	2.916098e+02	2866	7.386504e-01	7.000000e-01	
2.917115e+02	2867	1.077814e+02	3.059051e+02	2.917115e+02	2867	7.394612e-01	7.000000e-01	
2.918133e+02	2868	1.118320e+02	3.108475e+02	2.918133e+02	2868	7.354213e-01	7.000000e-01	
2.919150e+02	2869	1.195726e+02	2.847445e+02	2.919150e+02	2869	7.042603e-01	7.000000e-01	
2.920168e+02	2870	9.423000e+01	2.891033e+02	2.920168e+02	2870	7.541826e-01	7.000000e-01	
2.921185e+02	2871	1.379896e+02	2.780045e+02	2.921185e+02	2871	6.682895e-01	7.000000e-01	
2.922203e+02	2872	1.367036e+02	2.510984e+02	2.922203e+02	2872	6.474912e-01	7.000000e-01	
2.923220e+02	2873	1.245826e+02	2.974361e+02	2.923220e+02	2873	7.047937e-01	7.000000e-01	
2.924238e+02	2874	9.146390e+01	2.600616e+02	2.924238e+02	2874	7.398086e-01	7.000000e-01	
2.925255e+02	2875	1.222846e+02	2.913130e+02	2.925255e+02	2875	7.043392e-01	7.000000e-01	
2.926272e+02	2876	1.138388e+02	2.875375e+02	2.926272e+02	2876	7.163789e-01	7.000000e-01	
2.927290e+02	2877	8.440740e+01	2.783617e+02	2.927290e+02	2877	7.673247e-01	7.000000e-01	
2.928307e+02	2878	8.758379e+01	2.778836e+02	2.928307e+02	2878	7.603513e-01	7.000000e-01	
2.929325e+02	2879	9.161046e+01	2.600540e+02	2.929325e+02	2879	7.394947e-01	7.000000e-01	
2.930342e+02	2880	8.769527e+01	2.625354e+02	2.930342e+02	2880	7.496071e-01	7.000000e-01	
2.931360e+02	2881	6.897934e+01	2.966257e+02	2.931360e+02	2881	8.113283e-01	7.000000e-01	
2.932377e+02	2882	7.656563e+01	3.156990e+02	2.932377e+02	2882	8.048113e-01	7.000000e-01	
2.933395e+02	2883	9.660099e+01	2.881555e+02	2.933395e+02	2883	7.489295e-01	7.000000e-01	
2.934412e+02	2884	9.824703e+01	2.867404e+02	2.934412e+02	2884	7.448046e-01	7.000000e-01	
2.935430e+02	2885	9.072028e+01	2.775645e+02	2.935430e+02	2885	7.536681e-01	7.000000e-01	
2.936447e+02	2886	9.591653e+01	2.470222e+02	2.936447e+02	2886	7.203100e-01	7.000000e-01	
2.937465e+02	2887	9.605889e+01	2.879827e+02	2.937465e+02	2887	7.498737e-01	7.000000e-01	
2.938482e+02	2888	1.051841e+02	2.978370e+02	2.938482e+02	2888	7.390109e-01	7.000000e-01	
2.939500e+02	2889	9.960691e+01	3.053880e+02	2.939500e+02	2889	7.540539e-01	7.000000e-01	
2.940517e+02	2890	9.613967e+01	2.809735e+02	2.940517e+02	2890	7.450641e-01	7.000000e-01	
2.941535e+02	2891	9.261429e+01	3.190131e+02	2.941535e+02	2891	7.750045e-01	7.000000e-01	
2.942552e+02	2892	9.985735e+01	3.058380e+02	2.942552e+02	2892	7.538612e-01	7.000000e-01	
2.943570e+02	2893	1.069517e+02	3.032498e+02	2.943570e+02	2893	7.392703e-01	7.000000e-01	
2.944587e+02	2894	9.571661e+01	3.046017e+02	2.944587e+02	2894	7.608987e-01	7.000000e-01	
2.945605e+02	2895	9.717189e+01	2.984551e+02	2.945605e+02	2895	7.543851e-01	7.000000e-01	
2.946622e+02	2896	9.340352e+01	3.088421e+02	2.946622e+02	2896	7.677948e-01	7.000000e-01	
2.947640e+02	2897	9.948073e+01	3.016534e+02	2.947640e+02	2897	7.520013e-01	7.000000e-01	
2.948657e+02	2898	9.752307e+01	2.636377e+02	2.948657e+02	2898	7.299732e-01	7.000000e-01	
2.949675e+02	2899	8.901381e+01	2.819595e+02	2.949675e+02	2899	7.600533e-01	7.000000e-01	
2.950692e+02	2900	8.694515e+01	2.970549e+02	2.950692e+02	2900	7.735804e-01	7.000000e-01	
2.951709e+02	2901	9.557768e+01	3.132064e+02	2.951709e+02	2901	7.661903e-01	7.000000e-01	
2.952727e+02	2902	8.907406e+01	2.822663e+02	2.952727e+02	2902	7.601283e-01	7.000000e-01	
2.953744e+02	2903	8.719492e+01	2.943987e+02	2.953744e+02	2903	7.714980e-01	7.000000e-01	
2.954762e+02	2904	9.989966e+01	3.292384e+02	2.954762e+02	2904	7.672086e-01	7.000000e-01	
2.955779e+02	2905	8.995823e+01	2.159535e+02	2.955779e+02	2905	7.059340e-01	7.000000e-01	
2.956797e+02	2906	8.534948e+01	2.261287e+02	2.956797e+02	2906	7.259857e-01	7.000000e-01	
2.957814e+02	2907	7.895554e+01	2.452266e+02	2.957814e+02	2907	7.564470e-01	7.000000e-01	
2.958832e+02	2908	7.877720e+01	2.457090e+02	2.958832e+02	2908	7.572248e-01	7.000000e-01	
2.959849e+02	2909	7.595967e+01	2.514992e+02	2.959849e+02	2909	7.680329e-01	7.000000e-01	
2.960867e+02	2910	7.845941e+01	2.454375e+02	2.960867e+02	2910	7.577643e-01	7.000000e-01	
2.961884e+02	2911	8.508021e+01	2.267504e+02	2.961884e+02	2911	7.271589e-01	7.000000e-01	
2.962902e+02	2912	8.192785e+01	2.653748e+02	2.962902e+02	2912	7.641024e-01	7.000000e-01	
2.963919e+02	2913	7.845390e+01	2.647872e+02	2.963919e+02	2913	7.714321e-01	7.000000e-01	
2.964937e+02	2914	8.292881e+01	2.518348e+02	2.964937e+02	2914	7.522765e-01	7.000000e-01	
2.965954e+02	2915	6.162479e+01	2.332071e+02	2.965954e+02	2915	7.909833e-01	7.000000e-01	
2.966972e+02	2916	7.950529e+01	2.545128e+02	2.966972e+02	2916	7.619731e-01	7.000000e-01	
2.967989e+02	2917	7.773069e+01	3.237180e+02	2.967989e+02	2917	8.063745e-01	7.000000e-01	
2.969007e+02	2918	7.627226e+01	2.586005e+02	2.969007e+02	2918	7.722351e-01	7.000000e-01	
2.970024e+02	2919	1.046064e+02	3.328537e+02	2.970024e+02	2919	7.608778e-01	7.000000e-01	
2.971042e+02	2920	7.236006e+01	2.896577e+02	2.971042e+02	2920	8.001201e-01	7.000000e-01	
2.972059e+02	2921	1.052057e+02	3.285441e+02	2.972059e+02	2921	7.574507e-01	7.000000e-01	
2.973077e+02	2922	1.171381e+02	3.423167e+02	2.973077e+02	2922	7.450498e-01	7.000000e-01	
2.974094e+02	2923	9.160874e+01	3.184140e+02	2.974094e+02	2923	7.765764e-01	7.000000e-01	
2.975112e+02	2924	9.664432e+01	3.160520e+02	2.975112e+02	2924	7.658222e-01	7.000000e-01	
2.976129e+02	2925	8.729711e+01	3.104751e+02	2.976129e+02	2925	7.805349e-01	7.000000e-01	
2.977146e+02	2926	1.054094e+02	3.285992e+02	2.977146e+02	2926	7.571260e-01	7.000000e-01	
2.978164e+02	2927	1.007125e+02	3.291942e+02	2.978164e+02	2927	7.657341e-01	7.000000e-01	
2.979181e+02	2928	8.577966e+01	2.866147e+02	2.979181e+02	2928	7.696537e-01	7.000000e-01	
2.980199e+02	2929	7.330269e+01	2.769947e+02	2.980199e+02	2929	7.907415e-01	7.000000e-01	
2.981216e+02	2930	8.894600e+01	3.188985e+02	2.981216e+02	2930	7.819120e-01	7.000000e-01	
2.982234e+02	2931	9.498403e+01	3.286055e+02	2.982234e+02	2931	7.757640e-01	7.000000e-01	
2.983251e+02	2932	8.211982e+01	2.843123e+02	2.983251e+02	2932	7.758935e-01	7.000000e-01	
2.984269e+02	2933	8.755170e+01	2.910970e+02	2.984269e+02	2933	7.687786e-01	7.000000e-01	
2.985286e+02	2934	8.480048e+01	3.041961e+02	2.985286e+02	2934	7.820020e-01	7.000000e-01	
2.986304e+02	2935	6.528986e+01	1.958372e+02	2.986304e+02	2935	7.499690e-01	7.000000e-01	
2.987321e+02	2936	8.516891e+01	2.773093e+02	2.987321e+02	2936	7.650372e-01	7.000000e-01	
2.988339e+02	2937	7.549892e+01	3.223656e+02	2.988339e+02	2937	8.102396e-01	7.000000e-01	
2.989356e+02	2938	1.019640e+02	2.952620e+02	2.989356e+02	2938	7.433099e-01	7.000000e-01	
2.990374e+02	2939	8.622014e+01	2.947768e+02	2.990374e+02	2939	7.736986e-01	7.000000e-01	
2.991391e+02	2940	7.506606e+01	2.615431e+02	2.991391e+02	2940	7.769934e-01	7.000000e-01	
2.992409e+02	2941	8.793149e+01	3.007599e+02	2.992409e+02	2941	7.737756e-01	7.000000e-01	
2.993426e+02	2942	8.791922e+01	2.954675e+02	2.993426e+02	2942	7.706775e-01	7.000000e-01	
2.994444e+02	2943	6.947563e+01	2.691986e+02	2.994444e+02	2943	7.948600e-01	7.000000e-01	
2.995461e+02	2944	6.655650e+01	2.844896e+02	2.995461e+02	2944	8.104052e-01	7.000000e-01	
2.996479e+02	2945	8.941462e+01	2.648236e+02	2.996479e+02	2945	7.475862e-01	7.000000e-01	
2.997496e+02	2946	8.222879e+01	2.882859e+02	2.997496e+02	2946	7.780687e-01	7.000000e-01	
2.998514e+02	2947	8.687511e+01	2.794460e+02	2.998514e+02	2947	7.628444e-01	7.000000e-01	
2.999531e+02	2948	8.562886e+01	2.792343e+02	2.999531e+02	2948	7.653124e-01	7.000000e-01	
3.000549e+02	2949	8.520996e+01	2.887405e+02	3.000549e+02	2949	7.721357e-01	7.000000e-01	
3.001566e+02	2950	9.387603e+01	2.769967e+02	3.001566e+02	2950	7.468780e-01	7.000000e-01	
3.002583e+02	2951	1.053716e+02	2.931658e+02	3.002583e+02	2951	7.356042e-01	7.000000e-01	
3.003601e+02	2952	1.032112e+02	2.742339e+02	3.003601e+02	2952	7.265531e-01	7.000000e-01	
3.004618e+02	2953	1.054880e+02	2.943474e+02	3.004618e+02	2953	7.361714e-01	7.000000e-01	
3.005636e+02	2954	9.513200e+01	2.798872e+02	3.005636e+02	2954	7.463277e-01	7.000000e-01	
3.006653e+02	2955	9.378841e+01	2.923304e+02	3.006653e+02	2955	7.570996e-01	7.000000e-01	
3.007671e+02	2956	8.667464e+01	2.893349e+02	3.007671e+02	2956	7.694882e-01	7.000000e-01	
3.008688e+02	2957	9.930127e+01	2.771187e+02	3.008688e+02	2957	7.361955e-01	7.000000e-01	
3.009706e+02	2958	1.015811e+02	2.466515e+02	3.009706e+02	2958	7.082953e-01	7.000000e-01	
3.010723e+02	2959	1.041152e+02	2.882738e+02	3.010723e+02	2959	7.346633e-01	7.000000e-01	
3.011741e+02	2960	8.559373e+01	2.864764e+02	3.011741e+02	2960	7.699527e-01	7.000000e-01	
3.012758e+02	2961	9.017397e+01	2.929012e+02	3.012758e+02	2961	7.646050e-01	7.000000e-01	
3.013776e+02	2962	1.006256e+02	2.688806e+02	3.013776e+02	2962	7.276755e-01	7.000000e-01	
3.014793e+02	2963	1.056941e+02	2.558602e+02	3.014793e+02	2963	7.076674e-01	7.000000e-01	
3.015811e+02	2964	7.428242e+01	2.966560e+02	3.015811e+02	2964	7.997446e-01	7.000000e-01	
3.016828e+02	2965	9.975141e+01	3.022476e+02	3.016828e+02	2965	7.518616e-01	7.000000e-01	
3.017846e+02	2966	7.834146e+01	3.041898e+02	3.017846e+02	2966	7.952025e-01	7.000000e-01	
3.018863e+02	2967	6.535327e+01	2.857984e+02	3.018863e+02	2967	8.138888e-01	7.000000e-01	
3.019881e+02	2968	6.478184e+01	2.790800e+02	3.019881e+02	2968	8.116050e-01	7.000000e-01	
3.020898e+02	2969	6.534976e+01	2.480174e+02	3.020898e+02	2969	7.914594e-01	7.000000e-01	
3.021916e+02	2970	9.189750e+01	2.855217e+02	3.021916e+02	2970	7.565108e-01	7.000000e-01	
3.022933e+02	2971	8.460848e+01	2.759884e+02	3.022933e+02	2971	7.653655e-01	7.000000e-01	
3.023951e+02	2972	7.369016e+01	3.141578e+02	3.023951e+02	2972	8.100025e-01	7.000000e-01	
3.024968e+02	2973	8.882740e+01	2.968582e+02	3.024968e+02	2973	7.696896e-01	7.000000e-01	
3.025986e+02	2974	1.151496e+02	3.262701e+02	3.025986e+02	2974	7.391381e-01	7.000000e-01	
3.027003e+02	2975	1.041565e+02	3.075523e+02	3.027003e+02	2975	7.470142e-01	7.000000e-01	
3.028020e+02	2976	9.246096e+01	2.684318e+02	3.028020e+02	2976	7.437993e-01	7.000000e-01	
3.029038e+02	2977	1.013404e+02	3.256889e+02	3.029038e+02	2977	7.626851e-01	7.000000e-01	
3.030055e+02	2978	1.126212e+02	3.049188e+02	3.030055e+02	2978	7.302745e-01	7.000000e-01	
3.031073e+02	2979	9.651685e+01	2.780087e+02	3.031073e+02	2979	7.422957e-01	7.000000e-01	
3.032090e+02	2980	1.034406e+02	2.708165e+02	3.032090e+02	2980	7.236109e-01	7.000000e-01	
3.033108e+02	2981	1.075285e+02	2.541468e+02	3.033108e+02	2981	7.026933e-01	7.000000e-01	
3.034125e+02	2982	9.824041e+01	2.689260e+02	3.034125e+02	2982	7.324363e-01	7.000000e-01	
3.035143e+02	2983	9.251440e+01	2.835897e+02	3.035143e+02	2983	7.540192e-01	7.000000e-01	
3.036160e+02	2984	9.858099e+01	2.597328e+02	3.036160e+02	2984	7.248753e-01	7.000000e-01	
3.037178e+02	2985	7.323250e+01	2.888542e+02	3.037178e+02	2985	7.977487e-01	7.000000e-01	
3.038195e+02	2986	6.390448e+01	2.854422e+02	3.038195e+02	2986	8.170743e-01	7.000000e-01	
3.039213e+02	2987	8.386133e+01	2.691308e+02	3.039213e+02	2987	7.624272e-01	7.000000e-01	
3.040230e+02	2988	7.210796e+01	2.901854e+02	3.040230e+02	2988	8.009680e-01	7.000000e-01	
3.041248e+02	2989	6.399694e+01	2.854412e+02	3.041248e+02	2989	8.168576e-01	7.000000e-01	
3.042265e+02	2990	8.525896e+01	2.711884e+02	3.042265e+02	2990	7.608091e-01	7.000000e-01	
3.043283e+02	2991	1.027593e+02	2.224145e+02	3.043283e+02	2991	6.839865e-01	7.000000e-01	
3.044300e+02	2992	9.264537e+01	2.655384e+02	3.044300e+02	2992	7.413468e-01	7.000000e-01	
3.045318e+02	2993	8.542819e+01	2.536664e+02	3.045318e+02	2993	7.480697e-01	7.000000e-01	
3.046335e+02	2994	5.748421e+01	2.514993e+02	3.046335e+02	2994	8.139570e-01	7.000000e-01	
3.047353e+02	2995	8.851035e+01	2.545444e+02	3.047353e+02	2995	7.419935e-01	7.000000e-01	
3.048370e+02	2996	7.414784e+01	2.694021e+02	3.048370e+02	2996	7.841716e-01	7.000000e-01	
3.049388e+02	2997	5.727048e+01	2.514762e+02	3.049388e+02	2997	8.145066e-01	7.000000e-01	
3.050405e+02	2998	8.025781e+01	2.640590e+02	3.050405e+02	2998	7.669071e-01	7.000000e-01	
3.051423e+02	2999	1.042192e+02	2.487371e+02	3.051423e+02	2999	7.047249e-01	7.000000e-01	
3.052440e+02	3000	8.785018e+01	2.613132e+02	3.052440e+02	3000	7.483981e-01	7.000000e-01	
3.053457e+02	3001	7.478706e+01	2.684125e+02	3.053457e+02	3001	7.820887e-01	7.000000e-01	
3.054475e+02	3002	8.592499e+01	2.208295e+02	3.054475e+02	3002	7.198900e-01	7.000000e-01	
3.055492e+02	3003	9.194727e+01	2.556472e+02	3.055492e+02	3003	7.354755e-01	7.000000e-01	
3.056510e+02	3004	1.003475e+02	2.131942e+02	3.056510e+02	3004	6.799549e-01	7.000000e-01	
3.057527e+02	3005	9.245176e+01	2.607414e+02	3.057527e+02	3005	7.382402e-01	7.000000e-01	
3.058545e+02	3006	9.995844e+01	2.555169e+02	3.058545e+02	3006	7.188034e-01	7.000000e-01	
3.059562e+02	3007	8.517038e+01	2.233958e+02	3.059562e+02	3007	7.239802e-01	7.000000e-01	
3.060580e+02	3008	8.877053e+01	1.961426e+02	3.060580e+02	3008	6.884295e-01	7.000000e-01	
3.061597e+02	3009	6.163699e+01	2.954216e+02	3.061597e+02	3009	8.273757e-01	7.000000e-01	
3.062615e+02	3010	7.290503e+01	2.753461e+02	3.062615e+02	3010	7.906539e-01	7.000000e-01	
3.063632e+02	3011	5.855207e+01	2.908958e+02	3.063632e+02	3011	8.324440e-01	7.000000e-01	
3.064650e+02	3012	5.917861e+01	2.868038e+02	3.064650e+02	3012	8.289549e-01	7.000000e-01	
3.065667e+02	3013	4.981325e+01	2.809250e+02	3.065667e+02	3013	8.493877e-01	7.000000e-01	
3.066685e+02	3014	8.487656e+01	2.362554e+02	3.066685e+02	3014	7.356957e-01	7.000000e-01	
3.067702e+02	3015	6.917060e+01	2.743609e+02	3.067702e+02	3015	7.986484e-01	7.000000e-01	
3.068720e+02	3016	6.865214e+01	2.898419e+02	3.068720e+02	3016	8.084985e-01	7.000000e-01	
3.069737e+02	3017	8.230370e+01	2.319720e+02	3.069737e+02	3017	7.381162e-01	7.000000e-01	
3.070755e+02	3018	9.664632e+01	2.717003e+02	3.070755e+02	3018	7.376213e-01	7.000000e-01	
3.071772e+02	3019	7.562692e+01	2.338220e+02	3.071772e+02	3019	7.556077e-01	7.000000e-01	
3.072790e+02	3020	8.548841e+01	2.652833e+02	3.072790e+02	3020	7.562848e-01	7.000000e-01	
3.073807e+02	3021	8.735062e+01	2.634641e+02	3.073807e+02	3021	7.510064e-01	7.000000e-01	
3.074825e+02	3022	9.965336e+01	2.698643e+02	3.074825e+02	3022	7.303150e-01	7.000000e-01	
3.075842e+02	3023	8.273719e+01	2.322646e+02	3.075842e+02	3023	7.373437e-01	7.000000e-01	
3.076860e+02	3024	8.522409e+01	2.622701e+02	3.076860e+02	3024	7.547467e-01	7.000000e-01	
3.077877e+02	3025	9.965254e+01	2.910469e+02	3.077877e+02	3025	7.449381e-01	7.000000e-01	
3.078894e+02	3026	9.051035e+01	2.652491e+02	3.078894e+02	3026	7.455855e-01	7.000000e-01	
3.079912e+02	3027	1.036371e+02	2.369230e+02	3.079912e+02	3027	6.956863e-01	7.000000e-01	
3.080929e+02	3028	8.590045e+01	2.876832e+02	3.080929e+02	3028	7.700637e-01	7.000000e-01	
3.081947e+02	3029	9.746342e+01	2.837316e+02	3.081947e+02	3029	7.443214e-01	7.000000e-01	
3.082964e+02	3030	9.571722e+01	2.520186e+02	3.082964e+02	3030	7.247416e-01	7.000000e-01	
3.083982e+02	3031	1.068880e+02	2.904928e+02	3.083982e+02	3031	7.310187e-01	7.000000e-01	
3.084999e+02	3032	1.010643e+02	2.622312e+02	3.084999e+02	3032	7.218124e-01	7.000000e-01	
3.086017e+02	3033	1.016755e+02	2.861918e+02	3.086017e+02	3033	7.378601e-01	7.000000e-01	
3.087034e+02	3034	8.900143e+01	2.587014e+02	3.087034e+02	3034	7.440302e-01	7.000000e-01	
3.088052e+02	3035	1.008193e+02	2.612090e+02	3.088052e+02	3035	7.215154e-01	7.000000e-01	
3.089069e+02	3036	1.302200e+02	2.248619e+02	3.089069e+02	3036	6.332677e-01	7.000000e-01	
3.090087e+02	3037	9.453398e+01	2.637566e+02	3.090087e+02	3037	7.361528e-01	7.000000e-01	
3.091104e+02	3038	9.888469e+01	2.619164e+02	3.091104e+02	3038	7.259302e-01	7.000000e-01	
3.092122e+02	3039	8.582490e+01	2.621139e+02	3.092122e+02	3039	7.533333e-01	7.000000e-01	
3.093139e+02	3040	9.222060e+01	2.609064e+02	3.093139e+02	3040	7.388458e-01	7.000000e-01	
3.094157e+02	3041	1.049245e+02	2.600621e+02	3.094157e+02	3041	7.125251e-01	7.000000e-01	
3.095174e+02	3042	9.808770e+01	2.662732e+02	3.095174e+02	3042	7.307952e-01	7.000000e-01	
3.096192e+02	3043	8.983779e+01	2.638991e+02	3.096192e+02	3043	7.460322e-01	7.000000e-01	
3.097209e+02	3044	9.869576e+01	2.581494e+02	3.097209e+02	3044	7.234213e-01	7.000000e-01	
3.098227e+02	3045	9.285567e+01	2.617707e+02	3.098227e+02	3045	7.381592e-01	7.000000e-01	
3.099244e+02	3046	9.554427e+01	2.762325e+02	3.099244e+02	3046	7.430063e-01	7.000000e-01	
3.100262e+02	3047	9.652468e+01	2.773013e+02	3.100262e+02	3047	7.417925e-01	7.000000e-01	
3.101279e+02	3048	1.150534e+02	2.349726e+02	3.101279e+02	3048	6.713004e-01	7.000000e-01	
3.102297e+02	3049	9.211603e+01	2.286948e+02	3.102297e+02	3049	7.128650e-01	7.000000e-01	
3.103314e+02	3050	9.445135e+01	2.561802e+02	3.103314e+02	3050	7.306251e-01	7.000000e-01	
3.104331e+02	3051	8.302410e+01	2.555444e+02	3.104331e+02	3051	7.547790e-01	7.000000e-01	
3.105349e+02	3052	1.092119e+02	2.701931e+02	3.105349e+02	3052	7.121495e-01	7.000000e-01	
3.106366e+02	3053	9.665133e+01	2.641958e+02	3.106366e+02	3053	7.321544e-01	7.000000e-01	
3.107384e+02	3054	8.485302e+01	2.603624e+02	3.107384e+02	3054	7.542027e-01	7.000000e-01	
3.108401e+02	3055	9.521233e+01	2.749420e+02	3.108401e+02	3055	7.427767e-01	7.000000e-01	
3.109419e+02	3056	1.147195e+02	3.292639e+02	3.109419e+02	3056	7.416131e-01	7.000000e-01	
3.110436e+02	3057	9.515211e+01	2.130718e+02	3.110436e+02	3057	6.912890e-01	7.000000e-01	
3.111454e+02	3058	7.223259e+01	2.749250e+02	3.111454e+02	3058	7.919314e-01	7.000000e-01	
3.112471e+02	3059	1.087375e+02	2.760292e+02	3.112471e+02	3059	7.173937e-01	7.000000e-01	
3.113489e+02	3060	1.073344e+02	2.727120e+02	3.113489e+02	3060	7.175755e-01	7.000000e-01	
3.114506e+02	3061	8.199281e+01	2.796718e+02	3.114506e+02	3061	7.732905e-01	7.000000e-01	
3.115524e+02	3062	8.176389e+01	2.950531e+02	3.115524e+02	3062	7.830143e-01	7.000000e-01	
3.116541e+02	3063	6.823758e+01	3.052991e+02	3.116541e+02	3063	8.173203e-01	7.000000e-01	
3.117559e+02	3064	8.308014e+01	3.080116e+02	3.117559e+02	3064	7.875687e-01	7.000000e-01	
3.118576e+02	3065	7.403389e+01	3.154316e+02	3.118576e+02	3065	8.099090e-01	7.000000e-01	
3.119594e+02	3066	6.798591e+01	2.869247e+02	3.119594e+02	3066	8.084422e-01	7.000000e-01	
3.120611e+02	3067	8.059438e+01	2.829755e+02	3.120611e+02	3067	7.783249e-01	7.000000e-01	
3.121629e+02	3068	8.265267e+01	2.580335e+02	3.121629e+02	3068	7.573935e-01	7.000000e-01	
3.122646e+02	3069	8.480998e+01	2.550310e+02	3.122646e+02	3069	7.504422e-01	7.000000e-01	
3.123664e+02	3070	7.574410e+01	2.393442e+02	3.123664e+02	3070	7.596099e-01	7.000000e-01	
3.124681e+02	3071	8.616069e+01	2.731149e+02	3.124681e+02	3071	7.601822e-01	7.000000e-01	
3.125699e+02	3072	9.034911e+01	2.472514e+02	3.125699e+02	3072	7.323786e-01	7.000000e-01	
3.126716e+02	3073	9.340056e+01	2.246642e+02	3.126716e+02	3073	7.063473e-01	7.000000e-01	
3.127734e+02	3074	8.170696e+01	2.280741e+02	3.127734e+02	3074	7.362429e-01	7.000000e-01	
3.128751e+02	3075	8.908612e+01	2.485400e+02	3.128751e+02	3075	7.361397e-01	7.000000e-01	
3.129768e+02	3076	8.276984e+01	2.468676e+02	3.129768e+02	3076	7.489064e-01	7.000000e-01	
3.130786e+02	3077	1.164681e+02	2.421344e+02	3.130786e+02	3077	6.752167e-01	7.000000e-01	
3.131803e+02	3078	8.929086e+01	2.520046e+02	3.131803e+02	3078	7.383767e-01	7.000000e-01	
3.132821e+02	3079	8.660300e+01	2.546382e+02	3.132821e+02	3079	7.462118e-01	7.000000e-01	
3.133838e+02	3080	7.359096e+01	2.574865e+02	3.133838e+02	3080	7.777228e-01	7.000000e-01	
3.134856e+02	3081	7.446263e+01	2.593113e+02	3.134856e+02	3081	7.769070e-01	7.000000e-01	
3.135873e+02	3082	8.641875e+01	2.393084e+02	3.135873e+02	3082	7.346898e-01	7.000000e-01	
3.136891e+02	3083	1.002413e+02	2.720743e+02	3.136891e+02	3083	7.307626e-01	7.000000e-01	
3.137908e+02	3084	7.426602e+01	2.302867e+02	3.137908e+02	3084	7.561472e-01	7.000000e-01	
3.138926e+02	3085	1.204372e+02	2.673923e+02	3.138926e+02	3085	6.894584e-01	7.000000e-01	
3.139943e+02	3086	9.305495e+01	2.381039e+02	3.139943e+02	3086	7.190021e-01	7.000000e-01	
3.140961e+02	3087	8.359919e+01	2.840879e+02	3.140961e+02	3087	7.726350e-01	7.000000e-01	
3.141978e+02	3088	8.497366e+01	2.379822e+02	3.141978e+02	3088	7.368877e-01	7.000000e-01	
3.142996e+02	3089	9.415418e+01	2.611686e+02	3.142996e+02	3089	7.350179e-01	7.000000e-01	
3.144013e+02	3090	1.026129e+02	2.434859e+02	3.144013e+02	3090	7.035156e-01	7.000000e-01	
3.145031e+02	3091	8.081315e+01	2.415701e+02	3.145031e+02	3091	7.493258e-01	7.000000e-01	
3.146048e+02	3092	1.008475e+02	2.485481e+02	3.146048e+02	3092	7.113659e-01	7.000000e-01	
3.147066e+02	3093	7.959342e+01	2.427007e+02	3.147066e+02	3093	7.530410e-01	7.000000e-01	
3.148083e+02	3094	8.256220e+01	2.146242e+02	3.148083e+02	3094	7.221872e-01	7.000000e-01	
3.149101e+02	3095	8.779522e+01	2.714398e+02	3.149101e+02	3095	7.556051e-01	7.000000e-01	
3.150118e+02	3096	7.005733e+01	2.285704e+02	3.150118e+02	3096	7.654025e-01	7.000000e-01	
3.151136e+02	3097	7.633063e+01	2.776116e+02	3.151136e+02	3097	7.843416e-01	7.000000e-01	
3.152153e+02	3098	7.839030e+01	2.639657e+02	3.152153e+02	3098	7.710269e-01	7.000000e-01	
3.153171e+02	3099	9.307163e+01	2.637232e+02	3.153171e+02	3099	7.391452e-01	7.000000e-01	
3.154188e+02	3100	8.152113e+01	2.547606e+02	3.154188e+02	3100	7.575809e-01	7.000000e-01	
3.155205e+02	3101	9.502898e+01	2.579929e+02	3.155205e+02	3101	7.308128e-01	7.000000e-01	
3.156223e+02	3102	7.817114e+01	2.318689e+02	3.156223e+02	3102	7.478676e-01	7.000000e-01	
3.157240e+02	3103	9.694414e+01	2.621098e+02	3.157240e+02	3103	7.300012e-01	7.000000e-01	
3.158258e+02	3104	8.505360e+01	2.368427e+02	3.158258e+02	3104	7.357733e-01	7.000000e-01	
3.159275e+02	3105	8.267622e+01	2.449311e+02	3.159275e+02	3105	7.476362e-01	7.000000e-01	
3.160293e+02	3106	9.930229e+01	2.636782e+02	3.160293e+02	3106	7.264253e-01	7.000000e-01	
3.161310e+02	3107	9.234487e+01	2.611243e+02	3.161310e+02	3107	7.387470e-01	7.000000e-01	
3.162328e+02	3108	9.248593e+01	2.678135e+02	3.162328e+02	3108	7.433081e-01	7.000000e-01	
3.163345e+02	3109	9.662159e+01	2.647569e+02	3.163345e+02	3109	7.326305e-01	7.000000e-01	
3.164363e+02	3110	9.396309e+01	2.543115e+02	3.164363e+02	3110	7.302040e-01	7.000000e-01	
3.165380e+02	3111	1.082404e+02	2.738385e+02	3.165380e+02	3111	7.167067e-01	7.000000e-01	
3.166398e+02	3112	1.009912e+02	2.601700e+02	3.166398e+02	3112	7.203708e-01	7.000000e-01	
3.167415e+02	3113	1.017327e+02	2.544811e+02	3.167415e+02	3113	7.144055e-01	7.000000e-01	
3.168433e+02	3114	8.979128e+01	2.505282e+02	3.168433e+02	3114	7.361559e-01	7.000000e-01	
3.169450e+02	3115	1.109183e+02	2.578082e+02	3.169450e+02	3115	6.991854e-01	7.000000e-01	
3.170468e+02	3116	1.066524e+02	3.043466e+02	3.170468e+02	3116	7.405045e-01	7.000000e-01	
3.171485e+02	3117	9.731614e+01	2.567479e+02	3.171485e+02	3117	7.251454e-01	7.000000e-01	
3.172503e+02	3118	1.106044e+02	2.845810e+02	3.172503e+02	3118	7.201202e-01	7.000000e-01	
3.173520e+02	3119	8.693736e+01	2.609086e+02	3.173520e+02	3119	7.500694e-01	7.000000e-01	
3.174538e+02	3120	8.625655e+01	2.452465e+02	3.174538e+02	3120	7.398016e-01	7.000000e-01	
3.175555e+02	3121	9.718558e+01	2.427433e+02	3.175555e+02	3121	7.141003e-01	7.000000e-01	
3.176573e+02	3122	8.431273e+01	2.394153e+02	3.176573e+02	3122	7.395569e-01	7.000000e-01	
3.177590e+02	3123	8.868006e+01	2.544228e+02	3.177590e+02	3123	7.415351e-01	7.000000e-01	
3.178608e+02	3124	9.265079e+01	2.439829e+02	3.178608e+02	3124	7.247727e-01	7.000000e-01	
3.179625e+02	3125	8.453366e+01	2.311987e+02	3.179625e+02	3125	7.322617e-01	7.000000e-01	
3.180642e+02	3126	8.329838e+01	2.406859e+02	3.180642e+02	3126	7.428938e-01	7.000000e-01	
3.181660e+02	3127	8.564140e+01	2.426895e+02	3.181660e+02	3127	7.391613e-01	7.000000e-01	
3.182677e+02	3128	8.994858e+01	2.551442e+02	3.182677e+02	3128	7.393496e-01	7.000000e-01	
3.183695e+02	3129	1.003373e+02	2.473353e+02	3.183695e+02	3129	7.114029e-01	7.000000e-01	
3.184712e+02	3130	8.046105e+01	2.328802e+02	3.184712e+02	3130	7.432159e-01	7.000000e-01	
3.185730e+02	3131	9.114440e+01	2.316539e+02	3.185730e+02	3131	7.176429e-01	7.000000e-01	
3.186747e+02	3132	9.557608e+01	2.415693e+02	3.186747e+02	3132	7.165137e-01	7.000000e-01	
3.187765e+02	3133	9.241334e+01	2.525517e+02	3.187765e+02	3133	7.321081e-01	7.000000e-01	
3.188782e+02	3134	9.787212e+01	2.408755e+02	3.188782e+02	3134	7.110766e-01	7.000000e-01	
3.189800e+02	3135	8.787246e+01	2.681941e+02	3.189800e+02	3135	7.532134e-01	7.000000e-01	
3.190817e+02	3136	9.832471e+01	2.343025e+02	3.190817e+02	3136	7.043997e-01	7.000000e-01	
3.191835e+02	3137	7.820470e+01	2.170432e+02	3.191835e+02	3137	7.351219e-01	7.000000e-01	
3.192852e+02	3138	7.132692e+01	2.131557e+02	3.192852e+02	3138	7.492749e-01	7.000000e-01	
3.193870e+02	3139	7.455991e+01	2.210468e+02	3.193870e+02	3139	7.477733e-01	7.000000e-01	
3.194887e+02	3140	8.671937e+01	2.288405e+02	3.194887e+02	3140	7.251889e-01	7.000000e-01	
3.195905e+02	3141	7.070978e+01	2.157248e+02	3.195905e+02	3141	7.531381e-01	7.000000e-01	
3.196922e+02	3142	7.471644e+01	1.841601e+02	3.196922e+02	3142	7.113820e-01	7.000000e-01	
3.197940e+02	3143	7.438445e+01	2.112250e+02	3.197940e+02	3143	7.395589e-01	7.000000e-01	
3.198957e+02	3144	7.265472e+01	2.053056e+02	3.198957e+02	3144	7.386148e-01	7.000000e-01	
3.199975e+02	3145	7.641057e+01	2.257203e+02	3.199975e+02	3145	7.470945e-01	7.000000e-01	
3.200992e+02	3146	7.568978e+01	2.064788e+02	3.200992e+02	3146	7.317569e-01	7.000000e-01	
3.202010e+02	3147	5.910112e+01	1.903381e+02	3.202010e+02	3147	7.630640e-01	7.000000e-01	
3.203027e+02	3148	7.544692e+01	1.978907e+02	3.203027e+02	3148	7.239790e-01	7.000000e-01	
3.204045e+02	3149	8.032584e+01	2.630601e+02	3.204045e+02	3149	7.660771e-01	7.000000e-01	
3.205062e+02	3150	9.521412e+01	2.600501e+02	3.205062e+02	3150	7.319907e-01	7.000000e-01	
3.206079e+02	3151	1.100167e+02	2.630996e+02	3.206079e+02	3151	7.051410e-01	7.000000e-01	
3.207097e+02	3152	7.248537e+01	2.315158e+02	3.207097e+02	3152	7.615622e-01	7.000000e-01	
3.208114e+02	3153	1.056012e+02	2.405775e+02	3.208114e+02	3153	6.949518e-01	7.000000e-01	
3.209132e+02	3154	1.222624e+02	3.086021e+02	3.209132e+02	3154	7.162393e-01	7.000000e-01	
3.210149e+02	3155	9.649607e+01	2.509217e+02	3.210149e+02	3155	7.222477e-01	7.000000e-01	
3.211167e+02	3156	9.412060e+01	2.563868e+02	3.211167e+02	3156	7.314733e-01	7.000000e-01	
3.212184e+02	3157	1.147294e+02	2.437851e+02	3.212184e+02	3157	6.799867e-01	7.000000e-01	
3.213202e+02	3158	1.062671e+02	2.672723e+02	3.213202e+02	3158	7.155130e-01	7.000000e-01	
3.214219e+02	3159	1.063292e+02	2.595374e+02	3.214219e+02	3159	7.093771e-01	7.000000e-01	
3.215237e+02	3160	1.110679e+02	2.423635e+02	3.215237e+02	3160	6.857441e-01	7.000000e-01	
3.216254e+02	3161	1.073947e+02	2.235997e+02	3.216254e+02	3161	6.755392e-01	7.000000e-01	
3.217272e+02	3162	1.049592e+02	2.391926e+02	3.217272e+02	3162	6.950206e-01	7.000000e-01	
3.218289e+02	3163	1.387935e+02	3.636221e+02	3.218289e+02	3163	7.237476e-01	7.000000e-01	
3.219307e+02	3164	1.308101e+02	3.561401e+02	3.219307e+02	3164	7.313686e-01	7.000000e-01	
3.220324e+02	3165	1.311818e+02	3.646424e+02	3.220324e+02	3165	7.354268e-01	7.000000e-01	
3.221342e+02	3166	1.272135e+02	3.620602e+02	3.221342e+02	3166	7.399952e-01	7.000000e-01	
3.222359e+02	3167	1.369477e+02	3.615420e+02	3.222359e+02	3167	7.252748e-01	7.000000e-01	
3.223377e+02	3168	1.208539e+02	3.882502e+02	3.223377e+02	3168	7.626146e-01	7.000000e-01	
3.224394e+02	3169	1.181774e+02	3.510543e+02	3.224394e+02	3169	7.481470e-01	7.000000e-01	
3.225412e+02	3170	1.296583e+02	3.364932e+02	3.225412e+02	3170	7.218537e-01	7.000000e-01	
3.226429e+02	3171	1.383283e+02	3.680348e+02	3.226429e+02	3171	7.268199e-01	7.000000e-01	
3.227447e+02	3172	1.174868e+02	3.312199e+02	3.227447e+02	3172	7.381657e-01	7.000000e-01	
3.228464e+02	3173	1.268171e+02	3.380951e+02	3.228464e+02	3173	7.272235e-01	7.000000e-01	
3.229482e+02	3174	1.293327e+02	3.505729e+02	3.229482e+02	3174	7.305039e-01	7.000000e-01	
3.230499e+02	3175	1.257882e+02	3.261500e+02	3.230499e+02	3175	7.216695e-01	7.000000e-01	
3.231516e+02	3176	1.419798e+02	3.494877e+02	3.231516e+02	3176	7.111105e-01	7.000000e-01	
3.232534e+02	3177	1.370874e+02	3.381108e+02	3.232534e+02	3177	7.115153e-01	7.000000e-01	
3.233551e+02	3178	1.363510e+02	3.283475e+02	3.233551e+02	3178	7.065818e-01	7.000000e-01	
3.234569e+02	3179	1.127098e+02	3.266324e+02	3.234569e+02	3179	7.434578e-01	7.000000e-01	
3.235586e+02	3180	1.342534e+02	3.373190e+02	3.235586e+02	3180	7.153069e-01	7.000000e-01	
3.236604e+02	3181	1.135920e+02	3.170435e+02	3.236604e+02	3181	7.362224e-01	7.000000e-01	
3.237621e+02	3182	1.286815e+02	3.265839e+02	3.237621e+02	3182	7.173484e-01	7.000000e-01	
3.238639e+02	3183	1.388748e+02	3.393911e+02	3.238639e+02	3183	7.096285e-01	7.000000e-01	
3.239656e+02	3184	1.274428e+02	3.247405e+02	3.239656e+02	3184	7.181612e-01	7.000000e-01	
3.240674e+02	3185	1.389535e+02	3.295626e+02	3.240674e+02	3185	7.034179e-01	7.000000e-01	
3.241691e+02	3186	1.585800e+02	4.055646e+02	3.241691e+02	3186	7.189019e-01	7.000000e-01	
3.242709e+02	3187	1.488092e+02	3.473168e+02	3.242709e+02	3187	7.000576e-01	7.000000e-01	
3.243726e+02	3188	1.206178e+02	3.335275e+02	3.243726e+02	3188	7.344070e-01	7.000000e-01	
3.244744e+02	3189	1.590925e+02	3.709546e+02	3.244744e+02	3189	6.998521e-01	7.000000e-01	
3.245761e+02	3190	1.087375e+02	2.842292e+02	3.245761e+02	3190	7.232908e-01	7.000000e-01	
3.246779e+02	3191	8.827654e+01	2.896068e+02	3.246779e+02	3191	7.663921e-01	7.000000e-01	
3.247796e+02	3192	1.227523e+02	2.949228e+02	3.247796e+02	3192	7.061058e-01	7.000000e-01	
3.248814e+02	3193	9.309799e+01	2.736571e+02	3.248814e+02	3193	7.461576e-01	7.000000e-01	
3.249831e+02	3194	8.687381e+01	2.877795e+02	3.249831e+02	3194	7.681221e-01	7.000000e-01	
3.250849e+02	3195	1.270543e+02	3.235007e+02	3.250849e+02	3195	7.180049e-01	7.000000e-01	
3.251866e+02	3196	1.769268e+02	3.512332e+02	3.251866e+02	3196	6.650129e-01	7.000000e-01	
3.252884e+02	3197	1.447964e+02	4.695092e+02	3.252884e+02	3197	7.642926e-01	7.000000e-01	
3.253901e+02	3198	1.839233e+02	3.761088e+02	3.253901e+02	3198	6.715844e-01	7.000000e-01	
3.254919e+02	3199	1.867845e+02	3.515218e+02	3.254919e+02	3199	6.530145e-01	7.000000e-01	
3.255936e+02	3200	1.565621e+02	3.862558e+02	3.255936e+02	3200	7.115753e-01	7.000000e-01	
3.256953e+02	3201	1.754786e+02	3.747394e+02	3.256953e+02	3201	6.810744e-01	7.000000e-01	
3.257971e+02	3202	2.015530e+02	3.843969e+02	3.257971e+02	3202	6.560235e-01	7.000000e-01	
3.258988e+02	3203	1.959053e+02	2.946532e+02	3.258988e+02	3203	6.006484e-01	7.000000e-01	
3.260006e+02	3204	1.837800e+02	3.715738e+02	3.260006e+02	3204	6.690758e-01	7.000000e-01	
3.261023e+02	3205	1.934934e+02	3.697644e+02	3.261023e+02	3205	6.564745e-01	7.000000e-01	
3.262041e+02	3206	1.860351e+02	3.486852e+02	3.262041e+02	3206	6.520890e-01	7.000000e-01	
3.263058e+02	3207	2.178180e+02	3.482310e+02	3.263058e+02	3207	6.151959e-01	7.000000e-01	
3.264076e+02	3208	1.911654e+02	3.687794e+02	3.264076e+02	3208	6.585996e-01	7.000000e-01	
3.265093e+02	3209	2.036767e+02	3.593647e+02	3.265093e+02	3209	6.382563e-01	7.000000e-01	
3.266111e+02	3210	2.211705e+02	3.711141e+02	3.266111e+02	3210	6.265807e-01	7.000000e-01	
3.267128e+02	3211	1.373818e+02	3.570150e+02	3.267128e+02	3211	7.221224e-01	7.000000e-01	
3.268146e+02	3212	1.481398e+02	3.367271e+02	3.268146e+02	3212	6.944733e-01	7.000000e-01	
3.269163e+02	3213	1.519117e+02	3.548444e+02	3.269163e+02	3213	7.002272e-01	7.000000e-01	
3.270181e+02	3214	1.435252e+02	3.641191e+02	3.270181e+02	3214	7.172721e-01	7.000000e-01	
3.271198e+02	3215	1.430531e+02	3.601152e+02	3.271198e+02	3215	7.156953e-01	7.000000e-01	
3.272216e+02	3216	1.299129e+02	3.498959e+02	3.272216e+02	3216	7.292403e-01	7.000000e-01	
3.273233e+02	3217	1.373155e+02	3.480655e+02	3.273233e+02	3217	7.170975e-01	7.000000e-01	
3.274251e+02	3218	1.319510e+02	3.825294e+02	3.274251e+02	3218	7.435257e-01	7.000000e-01	
3.275268e+02	3219	1.329894e+02	3.065198e+02	3.275268e+02	3219	6.974138e-01	7.000000e-01	
3.276286e+02	3220	1.562799e+02	3.969565e+02	3.276286e+02	3220	7.175170e-01	7.000000e-01	
3.277303e+02	3221	1.170106e+02	3.897574e+02	3.277303e+02	3221	7.691042e-01	7.000000e-01	
3.278321e+02	3222	9.200982e+01	3.428835e+02	3.278321e+02	3222	7.884313e-01	7.000000e-01	
3.279338e+02	3223	1.663413e+02	3.966131e+02	3.279338e+02	3223	7.045208e-01	7.000000e-01	
3.280356e+02	3224	1.371996e+02	3.995656e+02	3.280356e+02	3224	7.443955e-01	7.000000e-01	
3.281373e+02	3225	1.737125e+02	4.187786e+02	3.281373e+02	3225	7.068099e-01	7.000000e-01	
3.282390e+02	3226	1.468378e+02	3.936817e+02	3.282390e+02	3226	7.283395e-01	7.000000e-01	
3.283408e+02	3227	1.708524e+02	4.441353e+02	3.283408e+02	3227	7.221857e-01	7.000000e-01	
3.284425e+02	3228	1.430193e+02	4.093697e+02	3.284425e+02	3228	7.410895e-01	7.000000e-01	
3.285443e+02	3229	2.002550e+02	4.879225e+02	3.285443e+02	3229	7.090068e-01	7.000000e-01	
3.286460e+02	3230	1.414087e+02	3.798727e+02	3.286460e+02	3230	7.287287e-01	7.000000e-01	
3.287478e+02	3231	1.621284e+02	4.057712e+02	3.287478e+02	3231	7.145122e-01	7.000000e-01	
3.288495e+02	3232	1.492596e+02	3.940464e+02	3.288495e+02	3232	7.252753e-01	7.000000e-01	
3.289513e+02	3233	1.458714e+02	3.860130e+02	3.289513e+02	3233	7.257460e-01	7.000000e-01	
3.290530e+02	3234	1.281550e+02	3.654947e+02	3.290530e+02	3234	7.403928e-01	7.000000e-01	
3.291548e+02	3235	1.434813e+02	4.011147e+02	3.291548e+02	3235	7.365363e-01	7.000000e-01	
3.292565e+02	3236	1.271621e+02	4.068461e+02	3.292565e+02	3236	7.618724e-01	7.000000e-01	
3.293583e+02	3237	1.435612e+02	3.729205e+02	3.293583e+02	3237	7.220401e-01	7.000000e-01	
3.294600e+02	3238	1.850998e+02	4.628285e+02	3.294600e+02	3238	7.143206e-01	7.000000e-01	
3.295618e+02	3239	1.340976e+02	3.816798e+02	3.295618e+02	3239	7.400088e-01	7.000000e-01	
3.296635e+02	3240	1.541798e+02	3.870047e+02	3.296635e+02	3240	7.151068e-01	7.000000e-01	
3.297653e+02	3241	1.301315e+02	3.867015e+02	3.297653e+02	3241	7.482136e-01	7.000000e-01	
3.298670e+02	3242	1.574626e+02	3.911282e+02	3.298670e+02	3242	7.129689e-01	7.000000e-01	
3.299688e+02	3243	1.146370e+02	3.957368e+02	3.299688e+02	3243	7.753862e-01	7.000000e-01	
3.300705e+02	3244	1.254182e+02	4.229865e+02	3.300705e+02	3244	7.713036e-01	7.000000e-01	
3.301723e+02	3245	1.307934e+02	3.705669e+02	3.301723e+02	3245	7.391229e-01	7.000000e-01	
3.302740e+02	3246	1.025868e+02	3.558572e+02	3.302740e+02	3246	7.762283e-01	7.000000e-01	
3.303758e+02	3247	1.092035e+02	3.813222e+02	3.303758e+02	3247	7.773746e-01	7.000000e-01	
3.304775e+02	3248	1.274686e+02	3.926690e+02	3.304775e+02	3248	7.549329e-01	7.000000e-01	
3.305793e+02	3249	1.114526e+02	3.601169e+02	3.305793e+02	3249	7.636560e-01	7.000000e-01	
3.306810e+02	3250	1.195788e+02	4.077007e+02	3.306810e+02	3250	7.732155e-01	7.000000e-01	
3.307827e+02	3251	1.117676e+02	3.905739e+02	3.307827e+02	3251	7.775067e-01	7.000000e-01	
3.308845e+02	3252	1.015959e+02	3.722547e+02	3.308845e+02	3252	7.855951e-01	7.000000e-01	
3.309862e+02	3253	1.190094e+02	3.488452e+02	3.309862e+02	3253	7.456274e-01	7.000000e-01	
3.310880e+02	3254	1.001515e+02	3.455280e+02	3.310880e+02	3254	7.752836e-01	7.000000e-01	
3.311897e+02	3255	1.179980e+02	4.065275e+02	3.311897e+02	3255	7.750386e-01	7.000000e-01	
3.312915e+02	3256	1.660511e+02	4.161190e+02	3.312915e+02	3256	7.147722e-01	7.000000e-01	
3.313932e+02	3257	1.167403e+02	4.114068e+02	3.313932e+02	3257	7.789625e-01	7.000000e-01	
3.314950e+02	3258	1.563524e+02	3.589953e+02	3.314950e+02	3258	6.966079e-01	7.000000e-01	
3.315967e+02	3259	1.511526e+02	3.755890e+02	3.315967e+02	3259	7.130422e-01	7.000000e-01	
3.316985e+02	3260	1.402305e+02	3.975293e+02	3.316985e+02	3260	7.392321e-01	7.000000e-01	
3.318002e+02	3261	1.371178e+02	4.125245e+02	3.318002e+02	3261	7.505327e-01	7.000000e-01	
3.319020e+02	3262	1.515731e+02	3.748269e+02	3.319020e+02	3262	7.120572e-01	7.000000e-01	
3.320037e+02	3263	8.897263e+01	3.499850e+02	3.320037e+02	3263	7.973093e-01	7.000000e-01	
3.321055e+02	3264	1.030174e+02	3.151657e+02	3.321055e+02	3264	7.536548e-01	7.000000e-01	
3.322072e+02	3265	1.035475e+02	3.006030e+02	3.322072e+02	3265	7.437898e-01	7.000000e-01	
3.323090e+02	3266	1.185473e+02	3.885313e+02	3.323090e+02	3266	7.662151e-01	7.000000e-01	
3.324107e+02	3267	1.397014e+02	3.918874e+02	3.324107e+02	3267	7.372003e-01	7.000000e-01	
3.325125e+02	3268	9.698385e+01	3.155561e+02	3.325125e+02	3268	7.649104e-01	7.000000e-01	
3.326142e+02	3269	9.230061e+01	3.133955e+02	3.326142e+02	3269	7.724883e-01	7.000000e-01	
3.327160e+02	3270	1.015934e+02	3.226271e+02	3.327160e+02	3270	7.605175e-01	7.000000e-01	
3.328177e+02	3271	9.901049e+01	3.186389e+02	3.328177e+02	3271	7.629340e-01	7.000000e-01	
3.329195e+02	3272	9.529116e+01	3.193087e+02	3.329195e+02	3272	7.701611e-01	7.000000e-01	
3.330212e+02	3273	1.004314e+02	2.899633e+02	3.330212e+02	3273	7.427439e-01	7.000000e-01	
3.331230e+02	3274	9.406837e+01	3.387235e+02	3.331230e+02	3274	7.826476e-01	7.000000e-01	
3.332247e+02	3275	7.660647e+01	3.503799e+02	3.332247e+02	3275	8.205880e-01	7.000000e-01	
3.333264e+02	3276	1.051539e+02	3.175132e+02	3.333264e+02	3276	7.512134e-01	7.000000e-01	
3.334282e+02	3277	9.896464e+01	3.287584e+02	3.334282e+02	3277	7.686245e-01	7.000000e-01	
3.335299e+02	3278	8.773941e+01	3.419057e+02	3.335299e+02	3278	7.957863e-01	7.000000e-01	
3.336317e+02	3279	1.148101e+02	3.716787e+02	3.336317e+02	3279	7.640026e-01	7.000000e-01	
3.337334e+02	3280	1.571915e+02	5.017937e+02	3.337334e+02	3280	7.614643e-01	7.000000e-01	
3.338352e+02	3281	9.222897e+01	3.208620e+02	3.338352e+02	3281	7.767345e-01	7.000000e-01	
3.339369e+02	3282	1.167334e+02	3.785143e+02	3.339369e+02	3282	7.642929e-01	7.000000e-01	
3.340387e+02	3283	1.122585e+02	3.600274e+02	3.340387e+02	3283	7.623082e-01	7.000000e-01	
3.341404e+02	3284	9.193849e+01	3.206483e+02	3.341404e+02	3284	7.771657e-01	7.000000e-01	
3.342422e+02	3285	1.373535e+02	3.471999e+02	3.342422e+02	3285	7.165359e-01	7.000000e-01	
3.343439e+02	3286	1.677455e+02	3.879881e+02	3.343439e+02	3286	6.981548e-01	7.000000e-01	
3.344457e+02	3287	1.337605e+02	3.396009e+02	3.344457e+02	3287	7.174241e-01	7.000000e-01	
3.345474e+02	3288	1.198391e+02	3.607078e+02	3.345474e+02	3288	7.506193e-01	7.000000e-01	
3.346492e+02	3289	1.204853e+02	3.493522e+02	3.346492e+02	3289	7.435596e-01	7.000000e-01	
3.347509e+02	3290	1.236621e+02	3.418129e+02	3.347509e+02	3290	7.343314e-01	7.000000e-01	
3.348527e+02	3291	1.071627e+02	3.649129e+02	3.348527e+02	3291	7.729967e-01	7.000000e-01	
3.349544e+02	3292	1.257701e+02	3.351034e+02	3.349544e+02	3292	7.271049e-01	7.000000e-01	
3.350562e+02	3293	1.248486e+02	3.435037e+02	3.350562e+02	3293	7.334302e-01	7.000000e-01	
3.351579e+02	3294	1.131379e+02	3.261387e+02	3.351579e+02	3294	7.424450e-01	7.000000e-01	
3.352597e+02	3295	7.254609e+01	3.680902e+02	3.352597e+02	3295	8.353606e-01	7.000000e-01	
3.353614e+02	3296	9.497551e+01	3.117967e+02	3.353614e+02	3296	7.665143e-01	7.000000e-01	
3.354632e+02	3297	1.083844e+02	3.302124e+02	3.354632e+02	3297	7.528837e-01	7.000000e-01	
3.355649e+02	3298	9.971415e+01	2.738217e+02	3.355649e+02	3298	7.330533e-01	7.000000e-01	
3.356667e+02	3299	9.544356e+01	3.392348e+02	3.356667e+02	3299	7.804272e-01	7.000000e-01	
3.357684e+02	3300	9.970391e+01	3.199719e+02	3.357684e+02	3300	7.624264e-01	7.000000e-01	
3.358701e+02	3301	9.983331e+01	2.948583e+02	3.358701e+02	3301	7.470600e-01	7.000000e-01	
3.359719e+02	3302	1.366542e+02	3.744134e+02	3.359719e+02	3302	7.326103e-01	7.000000e-01	
3.360736e+02	3303	1.445100e+02	4.028789e+02	3.360736e+02	3303	7.360012e-01	7.000000e-01	
3.361754e+02	3304	1.166326e+02	4.485812e+02	3.361754e+02	3304	7.936487e-01	7.000000e-01	
3.362771e+02	3305	1.357874e+02	3.454051e+02	3.362771e+02	3305	7.178106e-01	7.000000e-01	
3.363789e+02	3306	1.271739e+02	3.619734e+02	3.363789e+02	3306	7.400090e-01	7.000000e-01	
3.364806e+02	3307	1.460826e+02	3.641190e+02	3.364806e+02	3307	7.136767e-01	7.000000e-01	
3.365824e+02	3308	1.292367e+02	3.521159e+02	3.365824e+02	3308	7.315134e-01	7.000000e-01	
3.366841e+02	3309	1.333009e+02	3.691481e+02	3.366841e+02	3309	7.346977e-01	7.000000e-01	
3.367859e+02	3310	1.362897e+02	3.493994e+02	3.367859e+02	3310	7.193890e-01	7.000000e-01	
3.368876e+02	3311	1.512455e+02	3.652161e+02	3.368876e+02	3311	7.071505e-01	7.000000e-01	
3.369894e+02	3312	1.557068e+02	3.431281e+02	3.369894e+02	3312	6.878590e-01	7.000000e-01	
3.370911e+02	3313	1.308437e+02	3.516188e+02	3.370911e+02	3313	7.288003e-01	7.000000e-01	
3.371929e+02	3314	1.233848e+02	3.342639e+02	3.371929e+02	3314	7.303941e-01	7.000000e-01	
3.372946e+02	3315	1.256202e+02	3.493068e+02	3.372946e+02	3315	7.354958e-01	7.000000e-01	
3.373964e+02	3316	1.296903e+02	3.428572e+02	3.373964e+02	3316	7.255508e-01	7.000000e-01	
3.374981e+02	3317	1.183749e+02	3.594328e+02	3.374981e+02	3317	7.522541e-01	7.000000e-01	
3.375999e+02	3318	1.151575e+02	3.626492e+02	3.375999e+02	3318	7.589873e-01	7.000000e-01	
3.377016e+02	3319	1.392813e+02	3.552002e+02	3.377016e+02	3319	7.183286e-01	7.000000e-01	
3.378034e+02	3320	1.167434e+02	3.661990e+02	3.378034e+02	3320	7.582664e-01	7.000000e-01	
3.379051e+02	3321	1.524903e+02	4.091479e+02	3.379051e+02	3321	7.284902e-01	7.000000e-01	
3.380069e+02	3322	1.478253e+02	4.324960e+02	3.380069e+02	3322	7.452699e-01	7.000000e-01	
3.381086e+02	3323	1.319204e+02	3.775491e+02	3.381086e+02	3323	7.410632e-01	7.000000e-01	
3.382104e+02	3324	1.284567e+02	3.829355e+02	3.382104e+02	3324	7.488098e-01	7.000000e-01	
3.383121e+02	3325	1.410986e+02	4.128844e+02	3.383121e+02	3325	7.453016e-01	7.000000e-01	
3.384138e+02	3326	1.435332e+02	4.008994e+02	3.384138e+02	3326	7.363619e-01	7.000000e-01	
3.385156e+02	3327	1.503228e+02	4.449312e+02	3.385156e+02	3327	7.474644e-01	7.000000e-01	
3.386173e+02	3328	1.353263e+02	3.944802e+02	3.386173e+02	3328	7.445741e-01	7.000000e-01	
3.387191e+02	3329	1.328202e+02	3.928681e+02	3.387191e+02	3329	7.473404e-01	7.000000e-01	
3.388208e+02	3330	1.184213e+02	4.193592e+02	3.388208e+02	3330	7.797962e-01	7.000000e-01	
3.389226e+02	3331	1.182286e+02	3.939559e+02	3.389226e+02	3331	7.691679e-01	7.000000e-01	
3.390243e+02	3332	1.459354e+02	4.124284e+02	3.390243e+02	3332	7.386374e-01	7.000000e-01	
3.391261e+02	3333	1.197365e+02	3.955011e+02	3.391261e+02	3333	7.676092e-01	7.000000e-01	
3.392278e+02	3334	1.367836e+02	3.811974e+02	3.392278e+02	3334	7.359293e-01	7.000000e-01	
3.393296e+02	3335	1.053288e+02	3.395737e+02	3.393296e+02	3335	7.632542e-01	7.000000e-01	
3.394313e+02	3336	1.145081e+02	3.689086e+02	3.394313e+02	3336	7.631275e-01	7.000000e-01	
3.395331e+02	3337	1.282616e+02	3.658501e+02	3.395331e+02	3337	7.404198e-01	7.000000e-01	
3.396348e+02	3338	9.750843e+01	3.533368e+02	3.396348e+02	3338	7.837208e-01	7.000000e-01	
3.397366e+02	3339	1.140398e+02	3.935810e+02	3.397366e+02	3339	7.753445e-01	7.000000e-01	
3.398383e+02	3340	8.708017e+01	3.649186e+02	3.398383e+02	3340	8.073442e-01	7.000000e-01	
3.399401e+02	3341	7.805345e+01	3.761889e+02	3.399401e+02	3341	8.281678e-01	7.000000e-01	
3.400418e+02	3342	9.004260e+01	3.733129e+02	3.400418e+02	3342	8.056728e-01	7.000000e-01	
3.401436e+02	3343	9.676705e+01	3.534048e+02	3.401436e+02	3343	7.850442e-01	7.000000e-01	
3.402453e+02	3344	8.850982e+01	3.365308e+02	3.402453e+02	3344	7.917615e-01	7.000000e-01	
3.403471e+02	3345	1.024289e+02	3.462956e+02	3.403471e+02	3345	7.717332e-01	7.000000e-01	
3.404488e+02	3346	1.134019e+02	3.609175e+02	3.404488e+02	3346	7.609166e-01	7.000000e-01	
3.405506e+02	3347	9.400705e+01	3.368718e+02	3.405506e+02	3347	7.818249e-01	7.000000e-01	
3.406523e+02	3348	1.061216e+02	3.809309e+02	3.406523e+02	3348	7.821147e-01	7.000000e-01	
3.407541e+02	3349	8.949663e+01	3.772186e+02	3.407541e+02	3349	8.082415e-01	7.000000e-01	
3.408558e+02	3350	9.221314e+01	3.572028e+02	3.408558e+02	3350	7.948156e-01	7.000000e-01	
3.409575e+02	3351	1.256660e+02	3.690665e+02	3.409575e+02	3351	7.459920e-01	7.000000e-01	
3.410593e+02	3352	1.392403e+02	4.081204e+02	3.410593e+02	3352	7.456151e-01	7.000000e-01	
3.411610e+02	3353	1.182187e+02	3.382167e+02	3.411610e+02	3353	7.409958e-01	7.000000e-01	
3.412628e+02	3354	1.351051e+02	3.963776e+02	3.412628e+02	3354	7.457959e-01	7.000000e-01	
3.413645e+02	3355	1.319774e+02	4.431398e+02	3.413645e+02	3355	7.705209e-01	7.000000e-01	
3.414663e+02	3356	1.135654e+02	4.436387e+02	3.414663e+02	3356	7.961871e-01	7.000000e-01	
3.415680e+02	3357	1.060182e+02	4.918994e+02	3.415680e+02	3357	8.226876e-01	7.000000e-01	
3.416698e+02	3358	1.336088e+02	4.475331e+02	3.416698e+02	3358	7.700926e-01	7.000000e-01	
3.417715e+02	3359	1.527617e+02	4.312134e+02	3.417715e+02	3359	7.384106e-01	7.000000e-01	
3.418733e+02	3360	1.289490e+02	3.120840e+02	3.418733e+02	3360	7.076205e-01	7.000000e-01	
3.419750e+02	3361	1.309038e+02	3.268982e+02	3.419750e+02	3361	7.140602e-01	7.000000e-01	
3.420768e+02	3362	1.365286e+02	3.799321e+02	3.420768e+02	3362	7.356457e-01	7.000000e-01	
3.421785e+02	3363	1.283072e+02	3.425631e+02	3.421785e+02	3363	7.275105e-01	7.000000e-01	
3.422803e+02	3364	1.372460e+02	3.168545e+02	3.422803e+02	3364	6.977629e-01	7.000000e-01	
3.423820e+02	3365	1.349769e+02	3.284454e+02	3.423820e+02	3365	7.087389e-01	7.000000e-01	
3.424838e+02	3366	1.289116e+02	3.280683e+02	3.424838e+02	3366	7.179053e-01	7.000000e-01	
3.425855e+02	3367	1.304691e+02	3.235231e+02	3.425855e+02	3367	7.126182e-01	7.000000e-01	
3.426873e+02	3368	1.390184e+02	3.326350e+02	3.426873e+02	3368	7.052531e-01	7.000000e-01	
3.427890e+02	3369	1.263925e+02	3.245142e+02	3.427890e+02	3369	7.196926e-01	7.000000e-01	
3.428908e+02	3370	1.292482e+02	3.169090e+02	3.428908e+02	3370	7.103079e-01	7.000000e-01	
3.429925e+02	3371	1.443975e+02	3.633165e+02	3.429925e+02	3371	7.155928e-01	7.000000e-01	
3.430943e+02	3372	1.271025e+02	3.204758e+02	3.430943e+02	3372	7.160218e-01	7.000000e-01	
3.431960e+02	3373	1.318714e+02	3.283900e+02	3.431960e+02	3373	7.134859e-01	7.000000e-01	
3.432978e+02	3374	1.242160e+02	2.936735e+02	3.432978e+02	3374	7.027540e-01	7.000000e-01	
3.433995e+02	3375	1.382827e+02	3.312934e+02	3.433995e+02	3375	7.055159e-01	7.000000e-01	
3.435012e+02	3376	1.079905e+02	2.344052e+02	3.435012e+02	3376	6.846032e-01	7.000000e-01	
3.436030e+02	3377	1.191765e+02	2.913829e+02	3.436030e+02	3377	7.097217e-01	7.000000e-01	
3.437047e+02	3378	1.212990e+02	3.446892e+02	3.437047e+02	3378	7.396951e-01	7.000000e-01	
3.438065e+02	3379	1.134938e+02	3.538523e+02	3.438065e+02	3379	7.571526e-01	7.000000e-01	
3.439082e+02	3380	1.269920e+02	3.084750e+02	3.439082e+02	3380	7.083774e-01	7.000000e-01	
3.440100e+02	3381	1.256160e+02	3.158349e+02	3.440100e+02	3381	7.154474e-01	7.000000e-01	
3.441117e+02	3382	1.609068e+02	3.814889e+02	3.441117e+02	3382	7.033406e-01	7.000000e-01	
3.442135e+02	3383	1.491790e+02	3.824280e+02	3.442135e+02	3383	7.193810e-01	7.000000e-01	
3.443152e+02	3384	4.862997e+01	2.701914e+02	3.443152e+02	3384	8.474695e-01	7.000000e-01	
3.444170e+02	3385	4.393605e+01	3.281942e+02	3.444170e+02	3385	8.819337e-01	7.000000e-01	
3.445187e+02	3386	3.283880e+01	3.042110e+02	3.445187e+02	3386	9.025699e-01	7.000000e-01	
3.446205e+02	3387	4.089422e+01	3.313792e+02	3.446205e+02	3387	8.901500e-01	7.000000e-01	
3.447222e+02	3388	4.382243e+01	3.282662e+02	3.447222e+02	3388	8.822258e-01	7.000000e-01	
3.448240e+02	3389	6.301990e+01	2.167421e+02	3.448240e+02	3389	7.747375e-01	7.000000e-01	
3.449257e+02	3390	6.841097e+01	1.997271e+02	3.449257e+02	3390	7.448666e-01	7.000000e-01	
3.450275e+02	3391	5.519688e+01	2.209856e+02	3.450275e+02	3391	8.001434e-01	7.000000e-01	
3.451292e+02	3392	5.288646e+01	2.147097e+02	3.451292e+02	3392	8.023647e-01	7.000000e-01	
3.452310e+02	3393	6.119844e+01	2.350970e+02	3.452310e+02	3393	7.934547e-01	7.000000e-01	
3.453327e+02	3394	6.258688e+01	2.171783e+02	3.453327e+02	3394	7.762878e-01	7.000000e-01	
3.454345e+02	3395	6.796890e+01	2.441297e+02	3.454345e+02	3395	7.822198e-01	7.000000e-01	
3.455362e+02	3396	6.789366e+01	2.346023e+02	3.455362e+02	3396	7.755552e-01	7.000000e-01	
3.456380e+02	3397	6.650663e+01	2.290134e+02	3.456380e+02	3397	7.749505e-01	7.000000e-01	
3.457397e+02	3398	6.609758e+01	2.410081e+02	3.457397e+02	3398	7.847725e-01	7.000000e-01	
3.458415e+02	3399	7.646404e+01	2.420273e+02	3.458415e+02	3399	7.599180e-01	7.000000e-01	
3.459432e+02	3400	1.076809e+02	2.407511e+02	3.459432e+02	3400	6.909558e-01	7.000000e-01	
3.460449e+02	3401	6.974165e+01	3.091433e+02	3.460449e+02	3401	8.159292e-01	7.000000e-01	
3.461467e+02	3402	3.478646e+01	2.070360e+02	3.461467e+02	3402	8.561488e-01	7.000000e-01	
3.462484e+02	3403	5.092033e+01	2.615893e+02	3.462484e+02	3403	8.370600e-01	7.000000e-01	
3.463502e+02	3404	8.345503e+01	3.182371e+02	3.463502e+02	3404	7.922413e-01	7.000000e-01	
3.464519e+02	3405	6.478703e+01	2.922034e+02	3.464519e+02	3405	8.185189e-01	7.000000e-01	
3.465537e+02	3406	1.175231e+02	3.224682e+02	3.465537e+02	3406	7.328968e-01	7.000000e-01	
3.466554e+02	3407	9.568714e+01	3.321458e+02	3.466554e+02	3407	7.763446e-01	7.000000e-01	
3.467572e+02	3408	6.355216e+01	2.911171e+02	3.467572e+02	3408	8.208129e-01	7.000000e-01	
3.468589e+02	3409	8.770214e+01	2.417814e+02	3.468589e+02	3409	7.338194e-01	7.000000e-01	
3.469607e+02	3410	8.134881e+01	2.980104e+02	3.469607e+02	3410	7.855626e-01	7.000000e-01	
3.470624e+02	3411	7.364867e+01	2.699004e+02	3.470624e+02	3411	7.856240e-01	7.000000e-01	
3.471642e+02	3412	8.902987e+01	2.427809e+02	3.471642e+02	3412	7.316848e-01	7.000000e-01	
3.472659e+02	3413	9.315296e+01	2.444865e+02	3.472659e+02	3413	7.241052e-01	7.000000e-01	
3.473677e+02	3414	8.296399e+01	2.283999e+02	3.473677e+02	3414	7.335465e-01	7.000000e-01	
3.474694e+02	3415	1.352944e+02	2.556264e+02	3.474694e+02	3415	6.539084e-01	7.000000e-01	
3.475712e+02	3416	8.694444e+01	2.425142e+02	3.475712e+02	3416	7.360991e-01	7.000000e-01	
3.476729e+02	3417	5.910052e+01	2.148578e+02	3.476729e+02	3417	7.842719e-01	7.000000e-01	
3.477747e+02	3418	4.155724e+01	1.971833e+02	3.477747e+02	3418	8.259314e-01	7.000000e-01	
3.478764e+02	3419	8.578577e+01	2.393189e+02	3.478764e+02	3419	7.361288e-01	7.000000e-01	
3.479782e+02	3420	5.285781e+01	1.980973e+02	3.479782e+02	3420	7.893734e-01	7.000000e-01	
3.480799e+02	3421	6.557686e+01	2.047145e+02	3.480799e+02	3421	7.573845e-01	7.000000e-01	
3.481817e+02	3422	4.728267e+01	1.957329e+02	3.481817e+02	3422	8.054336e-01	7.000000e-01	
3.482834e+02	3423	5.696124e+01	2.123320e+02	3.482834e+02	3423	7.884788e-01	7.000000e-01	
3.483852e+02	3424	6.369767e+01	2.120371e+02	3.483852e+02	3424	7.689893e-01	7.000000e-01	
3.484869e+02	3425	5.017575e+01	1.976021e+02	3.484869e+02	3425	7.974970e-01	7.000000e-01	
3.485886e+02	3426	6.011216e+01	2.039524e+02	3.485886e+02	3426	7.723581e-01	7.000000e-01	
3.486904e+02	3427	4.046322e+01	2.097356e+02	3.486904e+02	3427	8.382757e-01	7.000000e-01	
3.487921e+02	3428	1.011224e+01	1.469450e+02	3.487921e+02	3428	9.356143e-01	7.000000e-01	
3.488939e+02	3429	3.887778e+01	2.083618e+02	3.488939e+02	3429	8.427526e-01	7.000000e-01	
3.489956e+02	3430	4.450457e+01	2.017592e+02	3.489956e+02	3430	8.192809e-01	7.000000e-01	
3.490974e+02	3431	5.006375e+01	1.927105e+02	3.490974e+02	3431	7.937848e-01	7.000000e-01	
3.491991e+02	3432	4.355831e+01	2.219610e+02	3.491991e+02	3432	8.359505e-01	7.000000e-01	
3.493009e+02	3433	4.435913e+01	1.974409e+02	3.493009e+02	3433	8.165462e-01	7.000000e-01	
3.494026e+02	3434	4.588675e+01	2.357899e+02	3.494026e+02	3434	8.370942e-01	7.000000e-01	
3.495044e+02	3435	4.197180e+01	2.322600e+02	3.495044e+02	3435	8.469477e-01	7.000000e-01	
3.496061e+02	3436	4.113742e+01	2.173935e+02	3.496061e+02	3436	8.408801e-01	7.000000e-01	
3.497079e+02	3437	3.362370e+01	2.465140e+02	3.497079e+02	3437	8.799744e-01	7.000000e-01	
3.498096e+02	3438	3.103227e+01	2.511912e+02	3.498096e+02	3438	8.900436e-01	7.000000e-01	
3.499114e+02	3439	3.484591e+01	2.694072e+02	3.499114e+02	3439	8.854707e-01	7.000000e-01	
3.500131e+02	3440	4.037881e+01	2.265172e+02	3.500131e+02	3440	8.487096e-01	7.000000e-01	
3.501149e+02	3441	2.335991e+01	2.777961e+02	3.501149e+02	3441	9.224325e-01	7.000000e-01	
3.502166e+02	3442	3.876629e+01	2.499775e+02	3.502166e+02	3442	8.657416e-01	7.000000e-01	
3.503184e+02	3443	4.346186e+01	2.358665e+02	3.503184e+02	3443	8.444058e-01	7.000000e-01	
3.504201e+02	3444	2.106213e+01	2.915912e+02	3.504201e+02	3444	9.326342e-01	7.000000e-01	
3.505219e+02	3445	3.339301e+01	2.836374e+02	3.505219e+02	3445	8.946694e-01	7.000000e-01	
3.506236e+02	3446	2.391814e+01	2.963915e+02	3.506236e+02	3446	9.253281e-01	7.000000e-01	
3.507254e+02	3447	2.965096e+01	2.556347e+02	3.507254e+02	3447	8.960657e-01	7.000000e-01	
3.508271e+02	3448	2.960238e+01	2.900840e+02	3.508271e+02	3448	9.074018e-01	7.000000e-01	
3.509289e+02	3449	6.587741e+01	2.739944e+02	3.509289e+02	3449	8.061698e-01	7.000000e-01	
3.510306e+02	3450	2.671889e+01	2.823984e+02	3.510306e+02	3450	9.135639e-01	7.000000e-01	
3.511323e+02	3451	9.613507e+01	3.102317e+02	3.511323e+02	3451	7.634278e-01	7.000000e-01	
3.512341e+02	3452	1.001873e+02	3.121099e+02	3.512341e+02	3452	7.570022e-01	7.000000e-01	
3.513358e+02	3453	1.011939e+02	3.293522e+02	3.513358e+02	3453	7.649638e-01	7.000000e-01	
3.514376e+02	3454	1.050945e+02	3.240109e+02	3.514376e+02	3454	7.550846e-01	7.000000e-01	
3.515393e+02	3455	1.013133e+02	3.049432e+02	3.515393e+02	3455	7.506174e-01	7.000000e-01	
3.516411e+02	3456	1.005698e+02	2.977237e+02	3.516411e+02	3456	7.474983e-01	7.000000e-01	
3.517428e+02	3457	9.163414e+01	3.028279e+02	3.517428e+02	3457	7.676985e-01	7.000000e-01	
3.518446e+02	3458	9.868333e+01	3.089644e+02	3.518446e+02	3458	7.579201e-01	7.000000e-01	
3.519463e+02	3459	9.307320e+01	3.088763e+02	3.519463e+02	3459	7.684455e-01	7.000000e-01	
3.520481e+02	3460	1.011993e+02	3.023296e+02	3.520481e+02	3460	7.492142e-01	7.000000e-01	
3.521498e+02	3461	8.943338e+01	2.831495e+02	3.521498e+02	3461	7.599638e-01	7.000000e-01	
3.522516e+02	3462	1.006106e+02	2.723235e+02	3.522516e+02	3462	7.302188e-01	7.000000e-01	
3.523533e+02	3463	1.024428e+02	3.015250e+02	3.523533e+02	3463	7.464085e-01	7.000000e-01	
3.524551e+02	3464	9.873599e+01	2.793556e+02	3.524551e+02	3464	7.388570e-01	7.000000e-01	
3.525568e+02	3465	9.236648e+01	2.591002e+02	3.525568e+02	3465	7.371971e-01	7.000000e-01	
3.526586e+02	3466	1.073653e+02	2.698807e+02	3.526586e+02	3466	7.153971e-01	7.000000e-01	
3.527603e+02	3467	1.053660e+02	2.633803e+02	3.527603e+02	3467	7.142588e-01	7.000000e-01	
3.528621e+02	3468	9.618050e+01	2.668986e+02	3.528621e+02	3468	7.350977e-01	7.000000e-01	
3.529638e+02	3469	9.410233e+01	2.452671e+02	3.529638e+02	3469	7.227142e-01	7.000000e-01	
3.530656e+02	3470	8.191431e+01	2.843286e+02	3.530656e+02	3470	7.763389e-01	7.000000e-01	
3.531673e+02	3471	1.031029e+02	2.751552e+02	3.531673e+02	3471	7.274271e-01	7.000000e-01	
3.532691e+02	3472	1.028879e+02	2.542612e+02	3.532691e+02	3472	7.119189e-01	7.000000e-01	
3.533708e+02	3473	1.015544e+02	2.918218e+02	3.533708e+02	3473	7.418390e-01	7.000000e-01	
3.534726e+02	3474	1.133991e+02	2.156654e+02	3.534726e+02	3474	6.553894e-01	7.000000e-01	
3.535743e+02	3475	1.095695e+02	2.550304e+02	3.535743e+02	3475	6.994802e-01	7.000000e-01	
3.536760e+02	3476	1.070903e+02	2.001762e+02	3.536760e+02	3476	6.514742e-01	7.000000e-01	
3.537778e+02	3477	1.139296e+02	2.470537e+02	3.537778e+02	3477	6.843909e-01	7.000000e-01	
3.538795e+02	3478	7.825288e+01	2.734531e+02	3.538795e+02	3478	7.775048e-01	7.000000e-01	
3.539813e+02	3479	1.043622e+02	2.366546e+02	3.539813e+02	3479	6.939676e-01	7.000000e-01	
3.540830e+02	3480	7.759039e+01	2.327644e+02	3.540830e+02	3480	7.499945e-01	7.000000e-01	
3.541848e+02	3481	8.335163e+01	3.018932e+02	3.541848e+02	3481	7.836398e-01	7.000000e-01	
3.542865e+02	3482	8.798139e+01	3.003847e+02	3.542865e+02	3482	7.734576e-01	7.000000e-01	
3.543883e+02	3483	6.694558e+01	2.310025e+02	3.543883e+02	3483	7.753113e-01	7.000000e-01	
3.544900e+02	3484	7.553488e+01	2.318308e+02	3.544900e+02	3484	7.542508e-01	7.000000e-01	
3.545918e+02	3485	7.113338e+01	2.318581e+02	3.545918e+02	3485	7.652298e-01	7.000000e-01	
3.546935e+02	3486	6.554288e+01	2.305146e+02	3.546935e+02	3486	7.786143e-01	7.000000e-01	
3.547953e+02	3487	8.618120e+01	2.260075e+02	3.547953e+02	3487	7.239452e-01	7.000000e-01	
3.548970e+02	3488	6.882166e+01	2.346115e+02	3.548970e+02	3488	7.731900e-01	7.000000e-01	
3.549988e+02	3489	6.314805e+01	2.343852e+02	3.549988e+02	3489	7.877614e-01	7.000000e-01	
3.551005e+02	3490	5.984496e+01	1.723504e+02	3.551005e+02	3490	7.422646e-01	7.000000e-01	
3.552023e+02	3491	6.914539e+01	2.354111e+02	3.552023e+02	3491	7.729637e-01	7.000000e-01	
3.553040e+02	3492	1.444632e+02	2.768536e+02	3.553040e+02	3492	6.571150e-01	7.000000e-01	
3.554058e+02	3493	1.084753e+02	2.635582e+02	3.554058e+02	3493	7.084260e-01	7.000000e-01	
3.555075e+02	3494	1.339400e+02	2.719071e+02	3.555075e+02	3494	6.699742e-01	7.000000e-01	
3.556093e+02	3495	1.436754e+02	2.768401e+02	3.556093e+02	3495	6.583351e-01	7.000000e-01	
3.557110e+02	3496	1.566971e+02	2.554058e+02	3.557110e+02	3496	6.197622e-01	7.000000e-01	
3.558128e+02	3497	6.941592e+01	2.886736e+02	3.558128e+02	3497	8.061493e-01	7.000000e-01	
3.559145e+02	3498	7.242481e+01	2.576457e+02	3.559145e+02	3498	7.805778e-01	7.000000e-01	
3.560163e+02	3499	1.089893e+02	2.717661e+02	3.560163e+02	3499	7.137551e-01	7.000000e-01	
3.561180e+02	3500	1.287518e+02	2.799263e+02	3.561180e+02	3500	6.849555e-01	7.000000e-01	
3.562197e+02	3501	8.815098e+01	2.625219e+02	3.562197e+02	3501	7.486233e-01	7.000000e-01	
3.563215e+02	3502	1.285110e+02	2.846447e+02	3.563215e+02	3502	6.889526e-01	7.000000e-01	
3.564232e+02	3503	1.076819e+02	2.608800e+02	3.564232e+02	3503	7.078323e-01	7.000000e-01	
3.565250e+02	3504	9.830584e+01	2.650649e+02	3.565250e+02	3504	7.294613e-01	7.000000e-01	
3.566267e+02	3505	1.036328e+02	2.699123e+02	3.566267e+02	3505	7.225695e-01	7.000000e-01	
3.567285e+02	3506	1.615304e+02	3.244221e+02	3.567285e+02	3506	6.676004e-01	7.000000e-01	
3.568302e+02	3507	1.335827e+02	3.505112e+02	3.568302e+02	3507	7.240562e-01	7.000000e-01	
3.569320e+02	3508	1.343102e+02	2.851931e+02	3.569320e+02	3508	6.798352e-01	7.000000e-01	
3.570337e+02	3509	1.615627e+02	3.242951e+02	3.570337e+02	3509	6.674692e-01	7.000000e-01	
3.571355e+02	3510	1.211888e+02	3.141324e+02	3.571355e+02	3510	7.216106e-01	7.000000e-01	
3.572372e+02	3511	1.316942e+02	3.589703e+02	3.572372e+02	3511	7.316003e-01	7.000000e-01	
3.573390e+02	3512	1.093632e+02	3.189031e+02	3.573390e+02	3512	7.446374e-01	7.000000e-01	
3.574407e+02	3513	1.481491e+02	3.659575e+02	3.574407e+02	3513	7.118319e-01	7.000000e-01	
3.575425e+02	3514	1.124858e+02	3.233599e+02	3.575425e+02	3514	7.419137e-01	7.000000e-01	
3.576442e+02	3515	1.239724e+02	3.210283e+02	3.576442e+02	3515	7.214108e-01	7.000000e-01	
3.577460e+02	3516	1.215011e+02	3.009807e+02	3.577460e+02	3516	7.124110e-01	7.000000e-01	
3.578477e+02	3517	1.070218e+02	3.461371e+02	3.578477e+02	3517	7.638316e-01	7.000000e-01	
3.579495e+02	3518	1.301285e+02	3.183569e+02	3.579495e+02	3518	7.098490e-01	7.000000e-01	
3.580512e+02	3519	1.031190e+02	3.447105e+02	3.580512e+02	3519	7.697360e-01	7.000000e-01	
3.581530e+02	3520	1.002367e+02	3.279809e+02	3.581530e+02	3520	7.659211e-01	7.000000e-01	
3.582547e+02	3521	9.052806e+01	3.441407e+02	3.582547e+02	3521	7.917309e-01	7.000000e-01	
3.583565e+02	3522	8.939680e+01	3.180733e+02	3.583565e+02	3522	7.806053e-01	7.000000e-01	
3.584582e+02	3523	9.218182e+01	3.402643e+02	3.584582e+02	3523	7.868363e-01	7.000000e-01	
3.585600e+02	3524	8.627790e+01	3.208492e+02	3.585600e+02	3524	7.880812e-01	7.000000e-01	
3.586617e+02	3525	9.418544e+01	3.301364e+02	3.586617e+02	3525	7.780330e-01	7.000000e-01	
3.587634e+02	3526	1.035164e+02	3.602334e+02	3.587634e+02	3526	7.767839e-01	7.000000e-01	
3.588652e+02	3527	1.009153e+02	3.559510e+02	3.588652e+02	3527	7.791142e-01	7.000000e-01	
3.589669e+02	3528	9.290354e+01	3.533971e+02	3.589669e+02	3528	7.918364e-01	7.000000e-01	
3.590687e+02	3529	1.039281e+02	3.652135e+02	3.590687e+02	3529	7.784718e-01	7.000000e-01	
3.591704e+02	3530	9.573455e+01	3.299807e+02	3.591704e+02	3530	7.751207e-01	7.000000e-01	
3.592722e+02	3531	9.239230e+01	3.338977e+02	3.592722e+02	3531	7.832642e-01	7.000000e-01	
3.593739e+02	3532	9.970437e+01	3.323538e+02	3.593739e+02	3532	7.692339e-01	7.000000e-01	
3.594757e+02	3533	1.118632e+02	3.632566e+02	3.594757e+02	3533	7.645579e-01	7.000000e-01	
3.595774e+02	3534	1.106542e+02	3.578130e+02	3.595774e+02	3534	7.637952e-01	7.000000e-01	
3.596792e+02	3535	9.922725e+01	3.544372e+02	3.596792e+02	3535	7.812761e-01	7.000000e-01	
3.597809e+02	3536	1.105635e+02	3.367653e+02	3.597809e+02	3536	7.528362e-01	7.000000e-01	
3.598827e+02	3537	1.283183e+02	3.363959e+02	3.598827e+02	3537	7.238770e-01	7.000000e-01	
3.599844e+02	3538	1.105519e+02	3.595484e+02	3.599844e+02	3538	7.648334e-01	7.000000e-01	
3.600862e+02	3539	1.111509e+02	3.653025e+02	3.600862e+02	3539	7.667119e-01	7.000000e-01	
3.601879e+02	3540	1.095024e+02	3.267587e+02	3.601879e+02	3540	7.489980e-01	7.000000e-01	
3.602897e+02	3541	1.180967e+02	3.660658e+02	3.602897e+02	3541	7.560804e-01	7.000000e-01	
3.603914e+02	3542	1.198060e+02	3.390918e+02	3.603914e+02	3542	7.389266e-01	7.000000e-01	
3.604932e+02	3543	1.257577e+02	3.378139e+02	3.604932e+02	3543	7.287200e-01	7.000000e-01	
3.605949e+02	3544	1.170031e+02	3.485894e+02	3.605949e+02	3544	7.487006e-01	7.000000e-01	
3.606967e+02	3545	1.290415e+02	3.320015e+02	3.606967e+02	3545	7.201096e-01	7.000000e-01	
3.607984e+02	3546	1.347816e+02	3.924271e+02	3.607984e+02	3546	7.443487e-01	7.000000e-01	
3.609002e+02	3547	1.183496e+02	3.095685e+02	3.609002e+02	3547	7.234293e-01	7.000000e-01	
3.610019e+02	3548	9.729410e+01	2.953568e+02	3.610019e+02	3548	7.522122e-01	7.000000e-01	
3.611037e+02	3549	1.511635e+02	4.085751e+02	3.611037e+02	3549	7.299391e-01	7.000000e-01	
3.612054e+02	3550	1.309488e+02	3.876361e+02	3.612054e+02	3550	7.474882e-01	7.000000e-01	
3.613071e+02	3551	1.063331e+02	3.633106e+02	3.613071e+02	3551	7.735877e-01	7.000000e-01	
3.614089e+02	3552	1.309796e+02	3.715680e+02	3.614089e+02	3552	7.393688e-01	7.000000e-01	
3.615106e+02	3553	1.319571e+02	4.102125e+02	3.615106e+02	3553	7.566129e-01	7.000000e-01	
3.616124e+02	3554	9.020710e+01	3.637112e+02	3.616124e+02	3554	8.012702e-01	7.000000e-01	
3.617141e+02	3555	1.179371e+02	3.666976e+02	3.617141e+02	3555	7.566474e-01	7.000000e-01	
3.618159e+02	3556	9.693605e+01	3.422174e+02	3.618159e+02	3556	7.792661e-01	7.000000e-01	
3.619176e+02	3557	1.169607e+02	3.735985e+02	3.619176e+02	3557	7.615768e-01	7.000000e-01	
3.620194e+02	3558	9.065448e+01	3.695322e+02	3.620194e+02	3558	8.030050e-01	7.000000e-01	
3.621211e+02	3559	9.022651e+01	3.614401e+02	3.621211e+02	3559	8.002365e-01	7.000000e-01	
3.622229e+02	3560	7.768623e+01	3.226473e+02	3.622229e+02	3560	8.059462e-01	7.000000e-01	
3.623246e+02	3561	1.126225e+02	2.785040e+02	3.623246e+02	3561	7.120561e-01	7.000000e-01	
3.624264e+02	3562	9.605878e+01	3.221167e+02	3.624264e+02	3562	7.702907e-01	7.000000e-01	
3.625281e+02	3563	9.864711e+01	3.277472e+02	3.625281e+02	3563	7.686482e-01	7.000000e-01	
3.626299e+02	3564	1.126252e+02	2.784951e+02	3.626299e+02	3564	7.120446e-01	7.000000e-01	
3.627316e+02	3565	1.237523e+02	2.908846e+02	3.627316e+02	3565	7.015406e-01	7.000000e-01	
3.628334e+02	3566	1.015253e+02	3.244838e+02	3.628334e+02	3566	7.616828e-01	7.000000e-01	
3.629351e+02	3567	8.779227e+01	3.454217e+02	3.629351e+02	3567	7.973466e-01	7.000000e-01	
3.630369e+02	3568	9.954170e+01	3.529897e+02	3.630369e+02	3568	7.800336e-01	7.000000e-01	
3.631386e+02	3569	8.305277e+01	3.202892e+02	3.631386e+02	3569	7.940885e-01	7.000000e-01	
3.632404e+02	3570	9.394725e+01	3.249572e+02	3.632404e+02	3570	7.757311e-01	7.000000e-01	
3.633421e+02	3571	9.356591e+01	3.542659e+02	3.633421e+02	3571	7.910691e-01	7.000000e-01	
3.634439e+02	3572	1.210116e+02	4.122922e+02	3.634439e+02	3572	7.730907e-01	7.000000e-01	
3.635456e+02	3573	1.467040e+02	4.163275e+02	3.635456e+02	3573	7.394391e-01	7.000000e-01	
3.636474e+02	3574	1.129153e+02	3.926613e+02	3.636474e+02	3574	7.766604e-01	7.000000e-01	
3.637491e+02	3575	1.161830e+02	3.750871e+02	3.637491e+02	3575	7.635048e-01	7.000000e-01	
3.638508e+02	3576	1.154560e+02	3.937137e+02	3.638508e+02	3576	7.732465e-01	7.000000e-01	
3.639526e+02	3577	1.179479e+02	4.112770e+02	3.639526e+02	3577	7.771309e-01	7.000000e-01	
3.640543e+02	3578	1.202847e+02	3.812239e+02	3.640543e+02	3578	7.601543e-01	7.000000e-01	
3.641561e+02	3579	1.243127e+02	3.828188e+02	3.641561e+02	3579	7.548709e-01	7.000000e-01	
3.642578e+02	3580	1.314879e+02	3.713765e+02	3.642578e+02	3580	7.385222e-01	7.000000e-01	
3.643596e+02	3581	1.096112e+02	3.724128e+02	3.643596e+02	3581	7.726022e-01	7.000000e-01	
3.644613e+02	3582	1.417812e+02	3.623074e+02	3.644613e+02	3582	7.187375e-01	7.000000e-01	
3.645631e+02	3583	1.293628e+02	3.569370e+02	3.645631e+02	3583	7.339855e-01	7.000000e-01	
3.646648e+02	3584	1.405798e+02	3.768885e+02	3.646648e+02	3584	7.283316e-01	7.000000e-01	
3.647666e+02	3585	1.309780e+02	3.770307e+02	3.647666e+02	3585	7.421737e-01	7.000000e-01	
3.648683e+02	3586	8.928732e+01	3.433946e+02	3.648683e+02	3586	7.936421e-01	7.000000e-01	
3.649701e+02	3587	1.104360e+02	3.161754e+02	3.649701e+02	3587	7.411321e-01	7.000000e-01	
3.650718e+02	3588	1.425206e+02	4.141524e+02	3.650718e+02	3588	7.439779e-01	7.000000e-01	
3.651736e+02	3589	1.338536e+02	3.379949e+02	3.651736e+02	3589	7.163208e-01	7.000000e-01	
3.652753e+02	3590	1.177721e+02	4.089091e+02	3.652753e+02	3590	7.763883e-01	7.000000e-01	
3.653771e+02	3591	1.118734e+02	3.921010e+02	3.653771e+02	3591	7.780177e-01	7.000000e-01	
3.654788e+02	3592	1.113115e+02	4.308084e+02	3.654788e+02	3592	7.946737e-01	7.000000e-01	
3.655806e+02	3593	1.230570e+02	3.957328e+02	3.655806e+02	3593	7.627999e-01	7.000000e-01	
3.656823e+02	3594	1.049582e+02	3.628748e+02	3.656823e+02	3594	7.756503e-01	7.000000e-01	
3.657841e+02	3595	1.149791e+02	3.421009e+02	3.657841e+02	3595	7.484486e-01	7.000000e-01	
3.658858e+02	3596	9.059231e+01	3.554512e+02	3.658858e+02	3596	7.968980e-01	7.000000e-01	
3.659876e+02	3597	1.101285e+02	3.472194e+02	3.659876e+02	3597	7.592019e-01	7.000000e-01	
3.660893e+02	3598	1.149784e+02	3.421400e+02	3.660893e+02	3598	7.484713e-01	7.000000e-01	
3.661911e+02	3599	8.418862e+01	3.277251e+02	3.661911e+02	3599	7.956159e-01	7.000000e-01	
3.662928e+02	3600	1.001776e+02	3.459319e+02	3.662928e+02	3600	7.754417e-01	7.000000e-01	
3.663945e+02	3601	9.522112e+01	3.529949e+02	3.663945e+02	3601	7.875553e-01	7.000000e-01	
3.664963e+02	3602	8.986981e+01	3.578502e+02	3.664963e+02	3602	7.992723e-01	7.000000e-01	
3.665980e+02	3603	9.671516e+01	3.440738e+02	3.665980e+02	3603	7.805862e-01	7.000000e-01	
3.666998e+02	3604	1.104080e+02	4.382488e+02	3.666998e+02	3604	7.987667e-01	7.000000e-01	
3.668015e+02	3605	9.140679e+01	3.671314e+02	3.668015e+02	3605	8.006561e-01	7.000000e-01	
3.669033e+02	3606	1.073164e+02	3.483404e+02	3.669033e+02	3606	7.644798e-01	7.000000e-01	
3.670050e+02	3607	1.152993e+02	3.480621e+02	3.670050e+02	3607	7.511677e-01	7.000000e-01	
3.671068e+02	3608	1.170616e+02	3.607129e+02	3.671068e+02	3608	7.549857e-01	7.000000e-01	
3.672085e+02	3609	1.045930e+02	3.673055e+02	3.672085e+02	3609	7.783570e-01	7.000000e-01	
3.673103e+02	3610	1.034115e+02	3.650650e+02	3.673103e+02	3610	7.792600e-01	7.000000e-01	
3.674120e+02	3611	1.036552e+02	3.957210e+02	3.674120e+02	3611	7.924306e-01	7.000000e-01	
3.675138e+02	3612	1.166616e+02	3.434940e+02	3.675138e+02	3612	7.464736e-01	7.000000e-01	
3.676155e+02	3613	1.134753e+02	3.789890e+02	3.676155e+02	3613	7.695766e-01	7.000000e-01	
3.677173e+02	3614	9.714689e+01	3.656698e+02	3.677173e+02	3614	7.900964e-01	7.000000e-01	
3.678190e+02	3615	1.077465e+02	3.220109e+02	3.678190e+02	3615	7.492853e-01	7.000000e-01	
3.679208e+02	3616	9.754069e+01	3.390267e+02	3.679208e+02	3616	7.765736e-01	7.000000e-01	
3.680225e+02	3617	9.937664e+01	4.669159e+02	3.680225e+02	3617	8.245136e-01	7.000000e-01	
3.681243e+02	3618	9.313706e+01	3.545561e+02	3.681243e+02	3618	7.919623e-01	7.000000e-01	
3.682260e+02	3619	8.155534e+01	3.358286e+02	3.682260e+02	3619	8.046036e-01	7.000000e-01	
3.683278e+02	3620	1.125662e+02	3.751725e+02	3.683278e+02	3620	7.692080e-01	7.000000e-01	
3.684295e+02	3621	9.757061e+01	3.599127e+02	3.684295e+02	3621	7.867231e-01	7.000000e-01	
3.685313e+02	3622	9.490143e+01	3.580028e+02	3.685313e+02	3622	7.904603e-01	7.000000e-01	
3.686330e+02	3623	9.744335e+01	3.199007e+02	3.686330e+02	3623	7.665155e-01	7.000000e-01	
3.687348e+02	3624	9.038455e+01	2.651461e+02	3.687348e+02	3624	7.457756e-01	7.000000e-01	
3.688365e+02	3625	9.106822e+01	3.272970e+02	3.688365e+02	3625	7.823236e-01	7.000000e-01	
3.689382e+02	3626	1.423389e+02	3.897899e+02	3.689382e+02	3626	7.325104e-01	7.000000e-01	
3.690400e+02	3627	9.004764e+01	3.622935e+02	3.690400e+02	3627	8.009298e-01	7.000000e-01	
3.691417e+02	3628	1.538294e+02	3.614636e+02	3.691417e+02	3628	7.014720e-01	7.000000e-01	
3.692435e+02	3629	1.422853e+02	3.933064e+02	3.692435e+02	3629	7.343400e-01	7.000000e-01	
3.693452e+02	3630	1.332534e+02	3.704340e+02	3.693452e+02	3630	7.354442e-01	7.000000e-01	
3.694470e+02	3631	1.808088e+02	3.908043e+02	3.694470e+02	3631	6.836867e-01	7.000000e-01	
3.695487e+02	3632	1.217192e+02	3.423783e+02	3.695487e+02	3632	7.377292e-01	7.000000e-01	
3.696505e+02	3633	9.643248e+01	3.385942e+02	3.696505e+02	3633	7.783297e-01	7.000000e-01	
3.697522e+02	3634	1.211191e+02	3.518498e+02	3.697522e+02	3634	7.439174e-01	7.000000e-01	
3.698540e+02	3635	1.149798e+02	3.756886e+02	3.698540e+02	3635	7.656670e-01	7.000000e-01	
3.699557e+02	3636	1.584820e+02	4.185721e+02	3.699557e+02	3636	7.253602e-01	7.000000e-01	
3.700575e+02	3637	1.292730e+02	3.642714e+02	3.700575e+02	3637	7.380722e-01	7.000000e-01	
3.701592e+02	3638	1.386177e+02	3.604104e+02	3.701592e+02	3638	7.222247e-01	7.000000e-01	
3.702610e+02	3639	1.227671e+02	3.417112e+02	3.702610e+02	3639	7.356882e-01	7.000000e-01	
3.703627e+02	3640	1.191187e+02	3.793514e+02	3.703627e+02	3640	7.610314e-01	7.000000e-01	
3.704645e+02	3641	1.166436e+02	3.725253e+02	3.704645e+02	3641	7.615474e-01	7.000000e-01	
3.705662e+02	3642	1.187598e+02	3.869735e+02	3.705662e+02	3642	7.651731e-01	7.000000e-01	
3.706680e+02	3643	1.086508e+02	3.584585e+02	3.706680e+02	3643	7.673975e-01	7.000000e-01	
3.707697e+02	3644	1.241096e+02	4.110228e+02	3.707697e+02	3644	7.680768e-01	7.000000e-01	
3.708715e+02	3645	1.492152e+02	4.333692e+02	3.708715e+02	3645	7.438737e-01	7.000000e-01	
3.709732e+02	3646	1.435766e+02	4.094802e+02	3.709732e+02	3646	7.403945e-01	7.000000e-01	
3.710750e+02	3647	8.928691e+01	3.316295e+02	3.710750e+02	3647	7.878750e-01	7.000000e-01	
3.711767e+02	3648	8.481890e+01	2.893919e+02	3.711767e+02	3648	7.733393e-01	7.000000e-01	
3.712785e+02	3649	9.462120e+01	3.382897e+02	3.712785e+02	3649	7.814303e-01	7.000000e-01	
3.713802e+02	3650	6.797618e+01	2.871882e+02	3.713802e+02	3650	8.086064e-01	7.000000e-01	
3.714819e+02	3651	9.420562e+01	3.250944e+02	3.714819e+02	3651	7.753265e-01	7.000000e-01	
3.715837e+02	3652	9.689856e+01	3.453344e+02	3.715837e+02	3652	7.808880e-01	7.000000e-01	
3.716854e+02	3653	1.170465e+02	4.100953e+02	3.716854e+02	3653	7.779601e-01	7.000000e-01	
3.717872e+02	3654	1.170866e+02	4.240879e+02	3.717872e+02	3654	7.836435e-01	7.000000e-01	
3.718889e+02	3655	1.208970e+02	3.992142e+02	3.718889e+02	3655	7.675555e-01	7.000000e-01	
3.719907e+02	3656	1.114931e+02	3.898632e+02	3.719907e+02	3656	7.776170e-01	7.000000e-01	
3.720924e+02	3657	1.080236e+02	4.049955e+02	3.720924e+02	3657	7.894355e-01	7.000000e-01	
3.721942e+02	3658	1.132698e+02	3.497367e+02	3.721942e+02	3658	7.553602e-01	7.000000e-01	
3.722959e+02	3659	1.230812e+02	3.989748e+02	3.722959e+02	3659	7.642376e-01	7.000000e-01	
3.723977e+02	3660	1.287058e+02	3.693417e+02	3.723977e+02	3660	7.415793e-01	7.000000e-01	
3.724994e+02	3661	1.111344e+02	3.947834e+02	3.724994e+02	3661	7.803311e-01	7.000000e-01	
3.726012e+02	3662	1.115760e+02	3.643410e+02	3.726012e+02	3662	7.655558e-01	7.000000e-01	
3.727029e+02	3663	1.590045e+02	3.654373e+02	3.727029e+02	3663	6.968119e-01	7.000000e-01	
3.728047e+02	3664	1.061549e+02	3.118533e+02	3.728047e+02	3664	7.460459e-01	7.000000e-01	
3.729064e+02	3665	1.128144e+02	3.499390e+02	3.729064e+02	3665	7.562105e-01	7.000000e-01	
3.730082e+02	3666	1.228678e+02	3.499628e+02	3.730082e+02	3666	7.401441e-01	7.000000e-01	
3.731099e+02	3667	1.040496e+02	3.225552e+02	3.731099e+02	3667	7.560984e-01	7.000000e-01	
3.732117e+02	3668	1.175322e+02	3.433121e+02	3.732117e+02	3668	7.449633e-01	7.000000e-01	
3.733134e+02	3669	1.181612e+02	3.338655e+02	3.733134e+02	3669	7.385969e-01	7.000000e-01	
3.734152e+02	3670	8.692091e+01	3.115697e+02	3.734152e+02	3670	7.818746e-01	7.000000e-01	
3.735169e+02	3671	9.209505e+01	3.253091e+02	3.735169e+02	3671	7.793624e-01	7.000000e-01	
3.736187e+02	3672	1.034591e+02	3.151137e+02	3.736187e+02	3672	7.528289e-01	7.000000e-01	
3.737204e+02	3673	8.529364e+01	3.145390e+02	3.737204e+02	3673	7.866766e-01	7.000000e-01	
3.738222e+02	3674	9.563306e+01	3.643210e+02	3.738222e+02	3674	7.920813e-01	7.000000e-01	
3.739239e+02	3675	9.740468e+01	3.618064e+02	3.739239e+02	3675	7.878869e-01	7.000000e-01	
3.740256e+02	3676	9.250564e+01	3.276856e+02	3.740256e+02	3676	7.798487e-01	7.000000e-01	
3.741274e+02	3677	1.049144e+02	3.662993e+02	3.741274e+02	3677	7.773528e-01	7.000000e-01	
3.742291e+02	3678	1.268766e+02	4.065168e+02	3.742291e+02	3678	7.621332e-01	7.000000e-01	
3.743309e+02	3679	9.462206e+01	3.390322e+02	3.743309e+02	3679	7.818030e-01	7.000000e-01	
3.744326e+02	3680	9.507695e+01	3.893841e+02	3.744326e+02	3680	8.037470e-01	7.000000e-01	
3.745344e+02	3681	9.918979e+01	3.514052e+02	3.745344e+02	3681	7.798693e-01	7.000000e-01	
3.746361e+02	3682	9.986784e+01	3.451423e+02	3.746361e+02	3682	7.755830e-01	7.000000e-01	
3.747379e+02	3683	9.356944e+01	3.665530e+02	3.747379e+02	3683	7.966423e-01	7.000000e-01	
3.748396e+02	3684	9.139864e+01	3.528178e+02	3.748396e+02	3684	7.942475e-01	7.000000e-01	
3.749414e+02	3685	9.726429e+01	3.485053e+02	3.749414e+02	3685	7.818059e-01	7.000000e-01	
3.750431e+02	3686	1.020956e+02	3.470095e+02	3.750431e+02	3686	7.726688e-01	7.000000e-01	
3.751449e+02	3687	1.024526e+02	3.518554e+02	3.751449e+02	3687	7.744865e-01	7.000000e-01	
3.752466e+02	3688	9.573955e+01	3.559104e+02	3.752466e+02	3688	7.880227e-01	7.000000e-01	
3.753484e+02	3689	1.520770e+02	3.477652e+02	3.753484e+02	3689	6.957500e-01	7.000000e-01	
3.754501e+02	3690	1.247299e+02	3.280117e+02	3.754501e+02	3690	7.245009e-01	7.000000e-01	
3.755519e+02	3691	1.075654e+02	3.586286e+02	3.755519e+02	3691	7.692690e-01	7.000000e-01	
3.756536e+02	3692	1.060907e+02	3.255752e+02	3.756536e+02	3692	7.542296e-01	7.000000e-01	
3.757554e+02	3693	1.239457e+02	3.532371e+02	3.757554e+02	3693	7.402553e-01	7.000000e-01	
3.758571e+02	3694	1.355945e+02	3.123522e+02	3.758571e+02	3694	6.972977e-01	7.000000e-01	
3.759589e+02	3695	1.015957e+02	3.850671e+02	3.759589e+02	3695	7.912401e-01	7.000000e-01	
3.760606e+02	3696	1.086422e+02	3.520573e+02	3.760606e+02	3696	7.641799e-01	7.000000e-01	
3.761624e+02	3697	1.334079e+02	3.378579e+02	3.761624e+02	3697	7.169158e-01	7.000000e-01	
3.762641e+02	3698	8.995458e+01	3.492030e+02	3.762641e+02	3698	7.951656e-01	7.000000e-01	
3.763659e+02	3699	1.122528e+02	3.275399e+02	3.763659e+02	3699	7.447597e-01	7.000000e-01	
3.764676e+02	3700	9.646272e+01	3.274311e+02	3.764676e+02	3700	7.724366e-01	7.000000e-01	
3.765693e+02	3701	9.336988e+01	3.974964e+02	3.765693e+02	3701	8.097855e-01	7.000000e-01	
3.766711e+02	3702	1.071206e+02	5.156910e+02	3.766711e+02	3702	8.280048e-01	7.000000e-01	
3.767728e+02	3703	1.159688e+02	4.428222e+02	3.767728e+02	3703	7.924648e-01	7.000000e-01	
3.768746e+02	3704	9.734951e+01	2.628112e+02	3.768746e+02	3704	7.297054e-01	7.000000e-01	
3.769763e+02	3705	7.389896e+01	2.421351e+02	3.769763e+02	3705	7.661677e-01	7.000000e-01	
3.770781e+02	3706	1.089322e+02	2.731865e+02	3.770781e+02	3706	7.149258e-01	7.000000e-01	
3.771798e+02	3707	1.048147e+02	2.976055e+02	3.771798e+02	3707	7.395392e-01	7.000000e-01	
3.772816e+02	3708	1.246846e+02	3.305205e+02	3.772816e+02	3708	7.260914e-01	7.000000e-01	
3.773833e+02	3709	1.099952e+02	3.107788e+02	3.773833e+02	3709	7.385884e-01	7.000000e-01	
3.774851e+02	3710	1.011843e+02	2.979613e+02	3.774851e+02	3710	7.464978e-01	7.000000e-01	
3.775868e+02	3711	1.036236e+02	2.990987e+02	3.775868e+02	3711	7.426922e-01	7.000000e-01	
3.776886e+02	3712	1.355477e+02	3.184636e+02	3.776886e+02	3712	7.014442e-01	7.000000e-01	
3.777903e+02	3713	1.226381e+02	3.528408e+02	3.777903e+02	3713	7.420746e-01	7.000000e-01	
3.778921e+02	3714	1.025078e+02	3.022986e+02	3.778921e+02	3714	7.467733e-01	7.000000e-01	
3.779938e+02	3715	8.781044e+01	3.068893e+02	3.779938e+02	3715	7.775260e-01	7.000000e-01	
3.780956e+02	3716	9.735160e+01	2.681665e+02	3.780956e+02	3716	7.336613e-01	7.000000e-01	
3.781973e+02	3717	6.914867e+01	2.598354e+02	3.781973e+02	3717	7.898115e-01	7.000000e-01	
3.782991e+02	3718	9.821674e+01	2.926057e+02	3.782991e+02	3718	7.486922e-01	7.000000e-01	
3.784008e+02	3719	1.111173e+02	4.159969e+02	3.784008e+02	3719	7.891969e-01	7.000000e-01	
3.785026e+02	3720	1.079851e+02	3.895837e+02	3.785026e+02	3720	7.829745e-01	7.000000e-01	
3.786043e+02	3721	1.156317e+02	3.441814e+02	3.786043e+02	3721	7.485246e-01	7.000000e-01	
3.787061e+02	3722	1.072179e+02	3.897644e+02	3.787061e+02	3722	7.842621e-01	7.000000e-01	
3.788078e+02	3723	1.359656e+02	5.174719e+02	3.788078e+02	3723	7.919226e-01	7.000000e-01	
3.789096e+02	3724	1.163257e+02	3.884979e+02	3.789096e+02	3724	7.695716e-01	7.000000e-01	
3.790113e+02	3725	9.661303e+01	3.610404e+02	3.790113e+02	3725	7.888948e-01	7.000000e-01	
3.791130e+02	3726	8.704877e+01	4.002818e+02	3.791130e+02	3726	8.213763e-01	7.000000e-01	
3.792148e+02	3727	1.074105e+02	3.935786e+02	3.792148e+02	3727	7.856031e-01	7.000000e-01	
3.793165e+02	3728	1.007983e+02	3.728956e+02	3.793165e+02	3728	7.872079e-01	7.000000e-01	
3.794183e+02	3729	8.979844e+01	3.648681e+02	3.794183e+02	3729	8.024960e-01	7.000000e-01	
3.795200e+02	3730	1.141429e+02	3.696508e+02	3.795200e+02	3730	7.640670e-01	7.000000e-01	
3.796218e+02	3731	1.032921e+02	3.633352e+02	3.796218e+02	3731	7.786411e-01	7.000000e-01	
3.797235e+02	3732	1.076044e+02	3.446858e+02	3.797235e+02	3732	7.620899e-01	7.000000e-01	
3.798253e+02	3733	9.483775e+01	3.690023e+02	3.798253e+02	3733	7.955378e-01	7.000000e-01	
3.799270e+02	3734	1.285330e+02	3.888877e+02	3.799270e+02	3734	7.515890e-01	7.000000e-01	
3.800288e+02	3735	9.952072e+01	3.572748e+02	3.800288e+02	3735	7.821329e-01	7.000000e-01	
3.801305e+02	3736	1.214707e+02	3.881568e+02	3.801305e+02	3736	7.616481e-01	7.000000e-01	
3.802323e+02	3737	1.184520e+02	3.598416e+02	3.802323e+02	3737	7.523446e-01	7.000000e-01	
3.803340e+02	3738	1.467221e+02	4.552245e+02	3.803340e+02	3738	7.562540e-01	7.000000e-01	
3.804358e+02	3739	1.169268e+02	4.194675e+02	3.804358e+02	3739	7.820133e-01	7.000000e-01	
3.805375e+02	3740	1.053934e+02	4.642349e+02	3.805375e+02	3740	8.149786e-01	7.000000e-01	
3.806393e+02	3741	1.022818e+02	4.838115e+02	3.806393e+02	3741	8.254855e-01	7.000000e-01	
3.807410e+02	3742	1.294806e+02	4.636205e+02	3.807410e+02	3742	7.816888e-01	7.000000e-01	
3.808428e+02	3743	1.138691e+02	4.313081e+02	3.808428e+02	3743	7.911338e-01	7.000000e-01	
3.809445e+02	3744	9.422561e+01	5.172191e+02	3.809445e+02	3744	8.458968e-01	7.000000e-01	
3.810463e+02	3745	9.668602e+01	4.900342e+02	3.810463e+02	3745	8.352093e-01	7.000000e-01	
3.811480e+02	3746	1.191374e+02	3.865754e+02	3.811480e+02	3746	7.644169e-01	7.000000e-01	
3.812498e+02	3747	1.111781e+02	3.495690e+02	3.812498e+02	3747	7.587004e-01	7.000000e-01	
3.813515e+02	3748	1.093812e+02	3.575940e+02	3.813515e+02	3748	7.657666e-01	7.000000e-01	
3.814533e+02	3749	1.289681e+02	3.859042e+02	3.814533e+02	3749	7.495144e-01	7.000000e-01	
3.815550e+02	3750	1.120495e+02	3.445229e+02	3.815550e+02	3750	7.545855e-01	7.000000e-01	
3.816567e+02	3751	6.634856e+01	2.647672e+02	3.816567e+02	3751	7.996213e-01	7.000000e-01	
3.817585e+02	3752	1.198504e+02	3.688791e+02	3.817585e+02	3752	7.547715e-01	7.000000e-01	
3.818602e+02	3753	1.056406e+02	3.409443e+02	3.818602e+02	3753	7.634479e-01	7.000000e-01	
3.819620e+02	3754	6.633025e+01	2.647243e+02	3.819620e+02	3754	7.996395e-01	7.000000e-01	
3.820637e+02	3755	1.267676e+02	3.712450e+02	3.820637e+02	3755	7.454530e-01	7.000000e-01	
3.821655e+02	3756	1.224045e+02	3.676230e+02	3.821655e+02	3756	7.502089e-01	7.000000e-01	
3.822672e+02	3757	1.221214e+02	3.755861e+02	3.822672e+02	3757	7.546322e-01	7.000000e-01	
3.823690e+02	3758	1.424808e+02	3.875205e+02	3.823690e+02	3758	7.311690e-01	7.000000e-01	
3.824707e+02	3759	1.280782e+02	4.011483e+02	3.824707e+02	3759	7.579898e-01	7.000000e-01	
3.825725e+02	3760	1.447953e+02	4.157542e+02	3.825725e+02	3760	7.416904e-01	7.000000e-01	
3.826742e+02	3761	1.428705e+02	4.169362e+02	3.826742e+02	3761	7.447860e-01	7.000000e-01	
3.827760e+02	3762	1.479795e+02	4.304498e+02	3.827760e+02	3762	7.441701e-01	7.000000e-01	
3.828777e+02	3763	9.222381e+01	2.458295e+02	3.828777e+02	3763	7.271915e-01	7.000000e-01	
3.829795e+02	3764	8.434456e+01	2.890200e+02	3.829795e+02	3764	7.740960e-01	7.000000e-01	
3.830812e+02	3765	9.641603e+01	2.591759e+02	3.830812e+02	3765	7.288577e-01	7.000000e-01	
3.831830e+02	3766	9.213352e+01	2.458598e+02	3.831830e+02	3766	7.274102e-01	7.000000e-01	
3.832847e+02	3767	1.094830e+02	4.580905e+02	3.832847e+02	3767	8.071034e-01	7.000000e-01	
3.833865e+02	3768	1.196084e+02	4.170816e+02	3.833865e+02	3768	7.771369e-01	7.000000e-01	
3.834882e+02	3769	1.208266e+02	3.784008e+02	3.834882e+02	3769	7.579728e-01	7.000000e-01	
3.835900e+02	3770	1.103178e+02	4.453652e+02	3.835900e+02	3770	8.014735e-01	7.000000e-01	
3.836917e+02	3771	1.176152e+02	4.442419e+02	3.836917e+02	3771	7.906671e-01	7.000000e-01	
3.837935e+02	3772	1.414235e+02	3.440456e+02	3.837935e+02	3772	7.086869e-01	7.000000e-01	
3.838952e+02	3773	1.142805e+02	3.952250e+02	3.838952e+02	3773	7.757031e-01	7.000000e-01	
3.839970e+02	3774	1.187599e+02	3.967531e+02	3.839970e+02	3774	7.696277e-01	7.000000e-01	
3.840987e+02	3775	9.500606e+01	4.407108e+02	3.840987e+02	3775	8.226562e-01	7.000000e-01	
3.842004e+02	3776	1.010537e+02	4.065118e+02	3.842004e+02	3776	8.009051e-01	7.000000e-01	
3.843022e+02	3777	1.249023e+02	3.680045e+02	3.843022e+02	3777	7.466006e-01	7.000000e-01	
3.844039e+02	3778	1.000846e+02	4.203065e+02	3.844039e+02	3778	8.076743e-01	7.000000e-01	
3.845057e+02	3779	9.633918e+01	4.164228e+02	3.845057e+02	3779	8.121172e-01	7.000000e-01	
3.846074e+02	3780	9.536237e+01	2.969966e+02	3.846074e+02	3780	7.569512e-01	7.000000e-01	
3.847092e+02	3781	1.063948e+02	3.402561e+02	3.847092e+02	3781	7.617943e-01	7.000000e-01	
3.848109e+02	3782	9.524480e+01	3.281794e+02	3.848109e+02	3782	7.750606e-01	7.000000e-01	
3.849127e+02	3783	1.077080e+02	3.329003e+02	3.849127e+02	3783	7.555470e-01	7.000000e-01	
3.850144e+02	3784	1.144085e+02	3.718782e+02	3.850144e+02	3784	7.647304e-01	7.000000e-01	
3.851162e+02	3785	1.082398e+02	3.464958e+02	3.851162e+02	3785	7.619720e-01	7.000000e-01	
3.852179e+02	3786	1.160356e+02	3.606252e+02	3.852179e+02	3786	7.565657e-01	7.000000e-01	
3.853197e+02	3787	1.350265e+02	4.055815e+02	3.853197e+02	3787	7.502321e-01	7.000000e-01	
3.854214e+02	3788	1.105910e+02	3.321081e+02	3.854214e+02	3788	7.501892e-01	7.000000e-01	
3.855232e+02	3789	1.038759e+02	3.976995e+02	3.855232e+02	3789	7.929007e-01	7.000000e-01	
3.856249e+02	3790	1.060320e+02	3.354682e+02	3.856249e+02	3790	7.598370e-01	7.000000e-01	
3.857267e+02	3791	1.008535e+02	2.926121e+02	3.857267e+02	3791	7.436790e-01	7.000000e-01	
3.858284e+02	3792	1.252671e+02	3.752995e+02	3.858284e+02	3792	7.497494e-01	7.000000e-01	
3.859302e+02	3793	1.178501e+02	4.701346e+02	3.859302e+02	3793	7.995694e-01	7.000000e-01	
3.860319e+02	3794	1.357528e+02	4.309456e+02	3.860319e+02	3794	7.604497e-01	7.000000e-01	
3.861337e+02	3795	1.157749e+02	3.535590e+02	3.861337e+02	3795	7.533208e-01	7.000000e-01	
3.862354e+02	3796	1.152581e+02	3.670610e+02	3.862354e+02	3796	7.610335e-01	7.000000e-01	
3.863372e+02	3797	1.152627e+02	3.820230e+02	3.863372e+02	3797	7.682163e-01	7.000000e-01	
3.864389e+02	3798	1.142058e+02	3.265801e+02	3.864389e+02	3798	7.409041e-01	7.000000e-01	
3.865407e+02	3799	1.051965e+02	3.874107e+02	3.865407e+02	3799	7.864495e-01	7.000000e-01	
3.866424e+02	3800	1.251911e+02	3.943284e+02	3.866424e+02	3800	7.590252e-01	7.000000e-01	
3.867441e+02	3801	1.190469e+02	3.285850e+02	3.867441e+02	3801	7.340518e-01	7.000000e-01	
3.868459e+02	3802	1.112932e+02	2.360904e+02	3.868459e+02	3802	6.796245e-01	7.000000e-01	
3.869476e+02	3803	9.876958e+01	3.473562e+02	3.869476e+02	3803	7.786060e-01	7.000000e-01	
3.870494e+02	3804	1.045974e+02	3.357872e+02	3.870494e+02	3804	7.624862e-01	7.000000e-01	
3.871511e+02	3805	1.151733e+02	3.509987e+02	3.871511e+02	3805	7.529382e-01	7.000000e-01	
3.872529e+02	3806	1.071982e+02	3.194142e+02	3.872529e+02	3806	7.487223e-01	7.000000e-01	
3.873546e+02	3807	1.255585e+02	3.554968e+02	3.873546e+02	3807	7.389936e-01	7.000000e-01	
3.874564e+02	3808	1.089008e+02	3.199207e+02	3.874564e+02	3808	7.460463e-01	7.000000e-01	
3.875581e+02	3809	1.146114e+02	3.393475e+02	3.875581e+02	3809	7.475291e-01	7.000000e-01	
3.876599e+02	3810	1.392799e+02	3.211685e+02	3.876599e+02	3810	6.975125e-01	7.000000e-01	
3.877616e+02	3811	1.269693e+02	3.534272e+02	3.877616e+02	3811	7.356989e-01	7.000000e-01	
3.878634e+02	3812	1.523258e+02	4.139276e+02	3.878634e+02	3812	7.309936e-01	7.000000e-01	
3.879651e+02	3813	1.166241e+02	3.526315e+02	3.879651e+02	3813	7.514700e-01	7.000000e-01	
3.880669e+02	3814	1.088650e+02	3.367483e+02	3.880669e+02	3814	7.556963e-01	7.000000e-01	
3.881686e+02	3815	1.226950e+02	3.569227e+02	3.881686e+02	3815	7.441817e-01	7.000000e-01	
3.882704e+02	3816	1.245469e+02	3.597893e+02	3.882704e+02	3816	7.428503e-01	7.000000e-01	
3.883721e+02	3817	1.071300e+02	3.138997e+02	3.883721e+02	3817	7.455524e-01	7.000000e-01	
3.884739e+02	3818	1.066538e+02	3.463644e+02	3.884739e+02	3818	7.645706e-01	7.000000e-01	
3.885756e+02	3819	1.006603e+02	3.267763e+02	3.885756e+02	3819	7.645024e-01	7.000000e-01	
3.886774e+02	3820	8.223038e+01	2.966152e+02	3.886774e+02	3820	7.829449e-01	7.000000e-01	
3.887791e+02	3821	7.353610e+01	3.025062e+02	3.887791e+02	3821	8.044473e-01	7.000000e-01	
3.888809e+02	3822	1.006392e+02	3.184731e+02	3.888809e+02	3822	7.598753e-01	7.000000e-01	
3.889826e+02	3823	9.185125e+01	3.077655e+02	3.889826e+02	3823	7.701517e-01	7.000000e-01	
3.890844e+02	3824	7.386770e+01	3.029367e+02	3.890844e+02	3824	8.039627e-01	7.000000e-01	
3.891861e+02	3825	1.011718e+02	3.152708e+02	3.891861e+02	3825	7.570570e-01	7.000000e-01	
3.892878e+02	3826	1.019612e+02	3.968980e+02	3.892878e+02	3826	7.956113e-01	7.000000e-01	
3.893896e+02	3827	1.176634e+02	3.444830e+02	3.893896e+02	3827	7.453980e-01	7.000000e-01	
3.894913e+02	3828	1.058517e+02	3.675892e+02	3.894913e+02	3828	7.764205e-01	7.000000e-01	
3.895931e+02	3829	1.079864e+02	3.645262e+02	3.895931e+02	3829	7.714634e-01	7.000000e-01	
3.896948e+02	3830	9.514065e+01	3.298128e+02	3.896948e+02	3830	7.761151e-01	7.000000e-01	
3.897966e+02	3831	1.195340e+02	3.280378e+02	3.897966e+02	3831	7.329278e-01	7.000000e-01	
3.898983e+02	3832	1.087670e+02	3.981320e+02	3.898983e+02	3832	7.854267e-01	7.000000e-01	
3.900001e+02	3833	1.178401e+02	3.069800e+02	3.900001e+02	3833	7.226118e-01	7.000000e-01	
3.901018e+02	3834	1.408206e+02	3.707959e+02	3.901018e+02	3834	7.247536e-01	7.000000e-01	
3.902036e+02	3835	1.248039e+02	3.146457e+02	3.902036e+02	3835	7.159995e-01	7.000000e-01	
3.903053e+02	3836	1.184363e+02	3.358355e+02	3.903053e+02	3836	7.392832e-01	7.000000e-01	
3.904071e+02	3837	1.143835e+02	2.778724e+02	3.904071e+02	3837	7.083957e-01	7.000000e-01	
3.905088e+02	3838	1.169330e+02	3.230190e+02	3.905088e+02	3838	7.342142e-01	7.000000e-01	
3.906106e+02	3839	1.123697e+02	3.763146e+02	3.906106e+02	3839	7.700567e-01	7.000000e-01	
3.907123e+02	3840	1.239299e+02	3.227299e+02	3.907123e+02	3840	7.225407e-01	7.000000e-01	
3.908141e+02	3841	1.248337e+02	3.558523e+02	3.908141e+02	3841	7.403009e-01	7.000000e-01	
3.909158e+02	3842	6.155599e+01	4.062778e+02	3.909158e+02	3842	8.684234e-01	7.000000e-01	
3.910176e+02	3843	1.189196e+02	4.099713e+02	3.910176e+02	3843	7.751529e-01	7.000000e-01	
3.911193e+02	3844	1.270550e+02	3.583695e+02	3.911193e+02	3844	7.382600e-01	7.000000e-01	
3.912211e+02	3845	1.183175e+02	3.848286e+02	3.912211e+02	3845	7.648446e-01	7.000000e-01	
3.913228e+02	3846	1.295663e+02	3.646998e+02	3.913228e+02	3846	7.378612e-01	7.000000e-01	
3.914246e+02	3847	1.228886e+02	3.716223e+02	3.914246e+02	3847	7.514947e-01	7.000000e-01	
3.915263e+02	3848	1.228001e+02	3.715757e+02	3.915263e+02	3848	7.516058e-01	7.000000e-01	
3.916281e+02	3849	1.240295e+02	3.914674e+02	3.916281e+02	3849	7.593982e-01	7.000000e-01	
3.917298e+02	3850	1.203165e+02	3.807589e+02	3.917298e+02	3850	7.598834e-01	7.000000e-01	
3.918315e+02	3851	1.257697e+02	3.778031e+02	3.918315e+02	3851	7.502452e-01	7.000000e-01	
3.919333e+02	3852	1.186722e+02	3.903836e+02	3.919333e+02	3852	7.668778e-01	7.000000e-01	
3.920350e+02	3853	1.312820e+02	3.336503e+02	3.920350e+02	3853	7.176320e-01	7.000000e-01	
3.921368e+02	3854	1.023308e+02	4.098685e+02	3.921368e+02	3854	8.002129e-01	7.000000e-01	
3.922385e+02	3855	1.280629e+02	3.724275e+02	3.922385e+02	3855	7.441252e-01	7.000000e-01	
3.923403e+02	3856	1.191700e+02	3.594467e+02	3.923403e+02	3856	7.510116e-01	7.000000e-01	
3.924420e+02	3857	1.185923e+02	3.794019e+02	3.924420e+02	3857	7.618601e-01	7.000000e-01	
3.925438e+02	3858	1.063165e+02	3.337282e+02	3.925438e+02	3858	7.583961e-01	7.000000e-01	
3.926455e+02	3859	1.310309e+02	3.652774e+02	3.926455e+02	3859	7.359889e-01	7.000000e-01	
3.927473e+02	3860	1.130157e+02	3.495074e+02	3.927473e+02	3860	7.556539e-01	7.000000e-01	
3.928490e+02	3861	1.253002e+02	3.694227e+02	3.928490e+02	3861	7.467265e-01	7.000000e-01	
3.929508e+02	3862	9.443963e+01	3.339624e+02	3.929508e+02	3862	7.795537e-01	7.000000e-01	
3.930525e+02	3863	1.228111e+02	3.874923e+02	3.930525e+02	3863	7.593371e-01	7.000000e-01	
3.931543e+02	3864	1.355053e+02	3.684788e+02	3.931543e+02	3864	7.311318e-01	7.000000e-01	
3.932560e+02	3865	1.052883e+02	3.364477e+02	3.932560e+02	3865	7.616488e-01	7.000000e-01	
3.933578e+02	3866	9.735024e+01	3.441797e+02	3.933578e+02	3866	7.795161e-01	7.000000e-01	
3.934595e+02	3867	1.084079e+02	3.426252e+02	3.934595e+02	3867	7.596454e-01	7.000000e-01	
3.935613e+02	3868	5.964472e+01	2.940241e+02	3.935613e+02	3868	8.313543e-01	7.000000e-01	
3.936630e+02	3869	1.292475e+02	3.521620e+02	3.936630e+02	3869	7.315227e-01	7.000000e-01	
3.937648e+02	3870	1.157084e+02	3.595874e+02	3.937648e+02	3870	7.565550e-01	7.000000e-01	
3.938665e+02	3871	1.256783e+02	4.029987e+02	3.938665e+02	3871	7.622777e-01	7.000000e-01	
3.939683e+02	3872	1.082705e+02	3.209821e+02	3.939683e+02	3872	7.477697e-01	7.000000e-01	
3.940700e+02	3873	1.089158e+02	3.186577e+02	3.940700e+02	3873	7.452700e-01	7.000000e-01	
3.941718e+02	3874	9.469227e+01	3.312516e+02	3.941718e+02	3874	7.776884e-01	7.000000e-01	
3.942735e+02	3875	1.235263e+02	3.678333e+02	3.942735e+02	3875	7.486031e-01	7.000000e-01	
3.943752e+02	3876	1.137064e+02	3.374650e+02	3.943752e+02	3876	7.479752e-01	7.000000e-01	
3.944770e+02	3877	1.100679e+02	3.410743e+02	3.944770e+02	3877	7.560239e-01	7.000000e-01	
3.945787e+02	3878	1.075476e+02	3.602060e+02	3.945787e+02	3878	7.700764e-01	7.000000e-01	
3.946805e+02	3879	1.205751e+02	3.528036e+02	3.946805e+02	3879	7.452883e-01	7.000000e-01	
3.947822e+02	3880	1.215418e+02	3.901515e+02	3.947822e+02	3880	7.624714e-01	7.000000e-01	
3.948840e+02	3881	1.167312e+02	3.361347e+02	3.948840e+02	3881	7.422389e-01	7.000000e-01	
3.949857e+02	3882	1.208784e+02	3.143282e+02	3.949857e+02	3882	7.222505e-01	7.000000e-01	
3.950875e+02	3883	1.150166e+02	2.903787e+02	3.950875e+02	3883	7.162853e-01	7.000000e-01	
3.951892e+02	3884	1.175791e+02	3.106359e+02	3.951892e+02	3884	7.254204e-01	7.000000e-01	
3.952910e+02	3885	1.126647e+02	2.168080e+02	3.952910e+02	3885	6.580454e-01	7.000000e-01	
3.953927e+02	3886	7.756496e+01	2.095195e+02	3.953927e+02	3886	7.298183e-01	7.000000e-01	
3.954945e+02	3887	1.205250e+02	3.080315e+02	3.954945e+02	3887	7.187652e-01	7.000000e-01	
3.955962e+02	3888	1.216926e+02	3.253588e+02	3.955962e+02	3888	7.277883e-01	7.000000e-01	
3.956980e+02	3889	1.084836e+02	3.471489e+02	3.956980e+02	3889	7.619055e-01	7.000000e-01	
3.957997e+02	3890	1.089992e+02	3.457947e+02	3.957997e+02	3890	7.603328e-01	7.000000e-01	
3.959015e+02	3891	1.205325e+02	3.505053e+02	3.959015e+02	3891	7.441129e-01	7.000000e-01	
3.960032e+02	3892	1.152982e+02	2.747565e+02	3.960032e+02	3892	7.044050e-01	7.000000e-01	
3.961050e+02	3893	1.064326e+02	3.488082e+02	3.961050e+02	3893	7.662059e-01	7.000000e-01	
3.962067e+02	3894	1.069608e+02	3.314269e+02	3.962067e+02	3894	7.560132e-01	7.000000e-01	
3.963085e+02	3895	1.045454e+02	3.557664e+02	3.963085e+02	3895	7.728813e-01	7.000000e-01	
3.964102e+02	3896	1.068820e+02	3.620279e+02	3.964102e+02	3896	7.720628e-01	7.000000e-01	
3.965120e+02	3897	1.054316e+02	3.388800e+02	3.965120e+02	3897	7.627080e-01	7.000000e-01	
3.966137e+02	3898	1.105210e+02	3.495657e+02	3.966137e+02	3898	7.597822e-01	7.000000e-01	
3.967155e+02	3899	1.011290e+02	3.530047e+02	3.967155e+02	3899	7.773145e-01	7.000000e-01	
3.968172e+02	3900	1.047511e+02	3.457758e+02	3.968172e+02	3900	7.674920e-01	7.000000e-01	
3.969189e+02	3901	1.225251e+02	3.494826e+02	3.969189e+02	3901	7.404172e-01	7.000000e-01	
3.970207e+02	3902	1.043756e+02	3.337821e+02	3.970207e+02	3902	7.617853e-01	7.000000e-01	
3.971224e+02	3903	8.848970e+01	3.637179e+02	3.971224e+02	3903	8.043162e-01	7.000000e-01	
3.972242e+02	3904	1.139911e+02	3.484082e+02	3.972242e+02	3904	7.534791e-01	7.000000e-01	
3.973259e+02	3905	9.590941e+01	3.248426e+02	3.973259e+02	3905	7.720524e-01	7.000000e-01	
3.974277e+02	3906	1.044287e+02	3.482061e+02	3.974277e+02	3906	7.692871e-01	7.000000e-01	
3.975294e+02	3907	7.360581e+01	3.081275e+02	3.975294e+02	3907	8.071800e-01	7.000000e-01	
3.976312e+02	3908	9.246589e+01	3.133498e+02	3.976312e+02	3908	7.721481e-01	7.000000e-01	
3.977329e+02	3909	9.958065e+01	3.470575e+02	3.977329e+02	3909	7.770440e-01	7.000000e-01	
3.978347e+02	3910	1.038351e+02	3.165307e+02	3.978347e+02	3910	7.529887e-01	7.000000e-01	
3.979364e+02	3911	1.072302e+02	3.277256e+02	3.979364e+02	3911	7.534687e-01	7.000000e-01	
3.980382e+02	3912	8.108010e+01	3.328264e+02	3.980382e+02	3912	8.041101e-01	7.000000e-01	
3.981399e+02	3913	9.913659e+01	3.553155e+02	3.981399e+02	3913	7.818547e-01	7.000000e-01	
3.982417e+02	3914	1.322280e+02	3.052852e+02	3.982417e+02	3914	6.977737e-01	7.000000e-01	
3.983434e+02	3915	9.154911e+01	3.112252e+02	3.983434e+02	3915	7.727037e-01	7.000000e-01	
3.984452e+02	3916	9.356191e+01	2.629616e+02	3.984452e+02	3916	7.375716e-01	7.000000e-01	
3.985469e+02	3917	9.912096e+01	3.123800e+02	3.985469e+02	3917	7.591234e-01	7.000000e-01	
3.986487e+02	3918	9.609962e+01	3.360485e+02	3.986487e+02	3918	7.776234e-01	7.000000e-01	
3.987504e+02	3919	1.067475e+02	2.608731e+02	3.987504e+02	3919	7.096259e-01	7.000000e-01	
3.988522e+02	3920	1.179000e+02	2.692065e+02	3.988522e+02	3920	6.954327e-01	7.000000e-01	
3.989539e+02	3921	1.051715e+02	2.655555e+02	3.989539e+02	3921	7.163101e-01	7.000000e-01	
3.990557e+02	3922	8.701700e+01	3.205336e+02	3.990557e+02	3922	7.864879e-01	7.000000e-01	
3.991574e+02	3923	1.049938e+02	2.558512e+02	3.991574e+02	3923	7.090335e-01	7.000000e-01	
3.992592e+02	3924	1.215067e+02	3.540179e+02	3.992592e+02	3924	7.444786e-01	7.000000e-01	
3.993609e+02	3925	1.067861e+02	2.559502e+02	3.993609e+02	3925	7.056096e-01	7.000000e-01	
3.994626e+02	3926	8.756866e+01	2.722561e+02	3.994626e+02	3926	7.566353e-01	7.000000e-01	
3.995644e+02	3927	1.438553e+02	3.179168e+02	3.995644e+02	3927	6.884712e-01	7.000000e-01	
3.996661e+02	3928	1.467295e+02	3.227934e+02	3.996661e+02	3928	6.874923e-01	7.000000e-01	
3.997679e+02	3929	1.276997e+02	3.707337e+02	3.997679e+02	3929	7.437979e-01	7.000000e-01	
3.998696e+02	3930	1.032493e+02	2.825871e+02	3.998696e+02	3930	7.324013e-01	7.000000e-01	
3.999714e+02	3931	1.225126e+02	3.012513e+02	3.999714e+02	3931	7.108942e-01	7.000000e-01	
4.000731e+02	3932	1.276587e+02	3.289115e+02	4.000731e+02	3932	7.203963e-01	7.000000e-01	
4.001749e+02	3933	1.025173e+02	2.517786e+02	4.001749e+02	3933	7.106450e-01	7.000000e-01	
4.002766e+02	3934	1.237066e+02	3.116720e+02	4.002766e+02	3934	7.158643e-01	7.000000e-01	
4.003784e+02	3935	1.403877e+02	3.451572e+02	4.003784e+02	3935	7.108657e-01	7.000000e-01	
4.004801e+02	3936	1.333357e+02	4.231128e+02	4.004801e+02	3936	7.603809e-01	7.000000e-01	
4.005819e+02	3937	1.216816e+02	3.006385e+02	4.005819e+02	3937	7.118735e-01	7.000000e-01	
4.006836e+02	3938	1.160920e+02	4.398972e+02	4.006836e+02	3938	7.911974e-01	7.000000e-01	
4.007854e+02	3939	1.238954e+02	3.973583e+02	4.007854e+02	3939	7.623127e-01	7.000000e-01	
4.008871e+02	3940	1.362997e+02	4.118372e+02	4.008871e+02	3940	7.513400e-01	7.000000e-01	
4.009889e+02	3941	1.121513e+02	4.275245e+02	4.009889e+02	3941	7.921876e-01	7.000000e-01	
4.010906e+02	3942	1.090634e+02	4.501305e+02	4.010906e+02	3942	8.049632e-01	7.000000e-01	
4.011924e+02	3943	1.325850e+02	4.238352e+02	4.011924e+02	3943	7.617179e-01	7.000000e-01	
4.012941e+02	3944	1.211063e+02	3.589255e+02	4.012941e+02	3944	7.477119e-01	7.000000e-01	
4.013959e+02	3945	1.261035e+02	3.155713e+02	4.013959e+02	3945	7.144879e-01	7.000000e-01	
4.014976e+02	3946	1.047781e+02	3.419925e+02	4.014976e+02	3946	7.654767e-01	7.000000e-01	
4.015994e+02	3947	1.163630e+02	3.886207e+02	4.015994e+02	3947	7.695708e-01	7.000000e-01	
4.017011e+02	3948	9.394581e+01	3.705596e+02	4.017011e+02	3948	7.977509e-01	7.000000e-01	
4.018029e+02	3949	1.113637e+02	3.672420e+02	4.018029e+02	3949	7.673164e-01	7.000000e-01	
4.019046e+02	3950	1.154546e+02	3.759751e+02	4.019046e+02	3950	7.650639e-01	7.000000e-01	
4.020063e+02	3951	1.078994e+02	3.841120e+02	4.020063e+02	3951	7.806974e-01	7.000000e-01	
4.021081e+02	3952	1.069728e+02	3.414584e+02	4.021081e+02	3952	7.614510e-01	7.000000e-01	
4.022098e+02	3953	1.152694e+02	4.201271e+02	4.022098e+02	3953	7.847027e-01	7.000000e-01	
4.023116e+02	3954	9.556056e+01	3.379680e+02	4.023116e+02	3954	7.795749e-01	7.000000e-01	
4.024133e+02	3955	1.118727e+02	3.355448e+02	4.024133e+02	3955	7.499590e-01	7.000000e-01	
4.025151e+02	3956	1.160389e+02	3.424380e+02	4.025151e+02	3956	7.469035e-01	7.000000e-01	
4.026168e+02	3957	1.173964e+02	3.364176e+02	4.026168e+02	3957	7.413116e-01	7.000000e-01	
4.027186e+02	3958	9.650504e+01	3.156291e+02	4.027186e+02	3958	7.658407e-01	7.000000e-01	
4.028203e+02	3959	1.069209e+02	3.351689e+02	4.028203e+02	3959	7.581466e-01	7.000000e-01	
4.029221e+02	3960	1.093512e+02	3.462768e+02	4.029221e+02	3960	7.599989e-01	7.000000e-01	
4.030238e+02	3961	1.070869e+02	3.507224e+02	4.030238e+02	3961	7.660884e-01	7.000000e-01	
4.031256e+02	3962	1.301452e+02	3.189989e+02	4.031256e+02	3962	7.102373e-01	7.000000e-01	
4.032273e+02	3963	1.141114e+02	3.281662e+02	4.032273e+02	3963	7.419915e-01	7.000000e-01	
4.033291e+02	3964	1.389990e+02	2.555228e+02	4.033291e+02	3964	6.476773e-01	7.000000e-01	
4.034308e+02	3965	1.401594e+02	2.991740e+02	4.034308e+02	3965	6.809726e-01	7.000000e-01	
4.035326e+02	3966	1.314296e+02	2.781205e+02	4.035326e+02	3966	6.790879e-01	7.000000e-01	
4.036343e+02	3967	1.174730e+02	3.478468e+02	4.036343e+02	3967	7.475435e-01	7.000000e-01	
4.037361e+02	3968	1.160189e+02	3.401287e+02	4.037361e+02	3968	7.456549e-01	7.000000e-01	
4.038378e+02	3969	1.258338e+02	3.257096e+02	4.038378e+02	3969	7.213251e-01	7.000000e-01	
4.039396e+02	3970	1.200064e+02	3.347846e+02	4.039396e+02	3970	7.361285e-01	7.000000e-01	
4.040413e+02	3971	1.010790e+02	3.534823e+02	4.040413e+02	3971	7.776340e-01	7.000000e-01	
4.041431e+02	3972	1.300113e+02	3.806963e+02	4.041431e+02	3972	7.454291e-01	7.000000e-01	
4.042448e+02	3973	1.283448e+02	3.531933e+02	4.042448e+02	3973	7.334691e-01	7.000000e-01	
4.043466e+02	3974	1.043221e+02	3.236664e+02	4.043466e+02	3974	7.562502e-01	7.000000e-01	
4.044483e+02	3975	1.218561e+02	3.431111e+02	4.044483e+02	3975	7.379254e-01	7.000000e-01	
4.045500e+02	3976	1.154461e+02	3.482830e+02	4.045500e+02	3976	7.510484e-01	7.000000e-01	
4.046518e+02	3977	1.274770e+02	3.382998e+02	4.046518e+02	3977	7.263131e-01	7.000000e-01	
4.047535e+02	3978	1.194845e+02	3.347083e+02	4.047535e+02	3978	7.369300e-01	7.000000e-01	
4.048553e+02	3979	1.159320e+02	3.063552e+02	4.048553e+02	3979	7.254665e-01	7.000000e-01	
4.049570e+02	3980	1.100080e+02	3.173635e+02	4.049570e+02	3980	7.425940e-01	7.000000e-01	
4.050588e+02	3981	1.366392e+02	3.338316e+02	4.050588e+02	3981	7.095692e-01	7.000000e-01	
4.051605e+02	3982	1.151762e+02	3.280831e+02	4.051605e+02	3982	7.401607e-01	7.000000e-01	
4.052623e+02	3983	1.343675e+02	3.483874e+02	4.052623e+02	3983	7.216652e-01	7.000000e-01	
4.053640e+02	3984	1.359172e+02	3.795607e+02	4.053640e+02	3984	7.363278e-01	7.000000e-01	
4.054658e+02	3985	1.287965e+02	3.391225e+02	4.054658e+02	3985	7.247462e-01	7.000000e-01	
4.055675e+02	3986	1.451518e+02	3.464118e+02	4.055675e+02	3986	7.047141e-01	7.000000e-01	
4.056693e+02	3987	1.405989e+02	3.217889e+02	4.056693e+02	3987	6.959286e-01	7.000000e-01	
4.057710e+02	3988	1.396538e+02	4.278152e+02	4.057710e+02	3988	7.539006e-01	7.000000e-01	
4.058728e+02	3989	1.209783e+02	4.269925e+02	4.058728e+02	3989	7.792249e-01	7.000000e-01	
4.059745e+02	3990	1.460785e+02	4.320668e+02	4.059745e+02	3990	7.473325e-01	7.000000e-01	
4.060763e+02	3991	1.245392e+02	4.229734e+02	4.060763e+02	3991	7.725364e-01	7.000000e-01	
4.061780e+02	3992	1.406734e+02	4.248028e+02	4.061780e+02	3992	7.512302e-01	7.000000e-01	
4.062798e+02	3993	1.393445e+02	4.283400e+02	4.062798e+02	3993	7.545388e-01	7.000000e-01	
4.063815e+02	3994	1.221930e+02	4.803219e+02	4.063815e+02	3994	7.971951e-01	7.000000e-01	
4.064833e+02	3995	9.184834e+01	4.182930e+02	4.064833e+02	3995	8.199551e-01	7.000000e-01	
4.065850e+02	3996	1.263894e+02	4.252841e+02	4.065850e+02	3996	7.708982e-01	7.000000e-01	
4.066868e+02	3997	9.643376e+01	3.707598e+02	4.066868e+02	3997	7.935893e-01	7.000000e-01	
4.067885e+02	3998	1.151474e+02	3.474082e+02	4.067885e+02	3998	7.510626e-01	7.000000e-01	
4.068903e+02	3999	9.265703e+01	3.735070e+02	4.068903e+02	3999	8.012351e-01	7.000000e-01	
4.069920e+02	4000	9.645915e+01	3.708732e+02	4.069920e+02	4000	7.935962e-01	7.000000e-01	
