time at 532nm	frame at 532nm	I_1 at 532nm(counts)	I_2 at 532nm(counts)	time at 532nm	frame at 532nm	FRET_1>2	discr.FRET_1>2	
1.017480e-01	1	1.507130e+02	3.418603e+02	1.017480e-01	1	6.940293e-01	7.000000e-01	
2.034960e-01	2	1.507130e+02	3.418603e+02	2.034960e-01	2	6.940293e-01	7.000000e-01	
3.052440e-01	3	1.639841e+02	3.685012e+02	3.052440e-01	3	6.920401e-01	7.000000e-01	
4.069920e-01	4	1.494722e+02	3.376017e+02	4.069920e-01	4	6.931221e-01	7.000000e-01	
5.087400e-01	5	1.387905e+02	3.272183e+02	5.087400e-01	5	7.021719e-01	7.000000e-01	
6.104880e-01	6	1.348861e+02	3.166936e+02	6.104880e-01	6	7.013017e-01	7.000000e-01	
7.122360e-01	7	1.323202e+02	3.319383e+02	7.122360e-01	7	7.149859e-01	7.000000e-01	
8.139840e-01	8	1.326942e+02	3.275768e+02	8.139840e-01	8	7.117042e-01	7.000000e-01	
9.157320e-01	9	1.409456e+02	3.602641e+02	9.157320e-01	9	7.187892e-01	7.000000e-01	
1.017480e+00	10	1.851034e+02	2.740066e+02	1.017480e+00	10	5.968212e-01	7.000000e-01	
1.119228e+00	11	1.360242e+02	3.052431e+02	1.119228e+00	11	6.917419e-01	7.000000e-01	
1.220976e+00	12	1.482857e+02	3.373321e+02	1.220976e+00	12	6.946453e-01	7.000000e-01	
1.322724e+00	13	1.901069e+02	2.730730e+02	1.322724e+00	13	5.895614e-01	7.000000e-01	
1.424472e+00	14	1.911134e+02	2.790203e+02	1.424472e+00	14	5.934914e-01	7.000000e-01	
1.526220e+00	15	1.961790e+02	2.885484e+02	1.526220e+00	15	5.952797e-01	7.000000e-01	
1.627968e+00	16	1.667448e+02	2.572167e+02	1.627968e+00	16	6.066982e-01	7.000000e-01	
1.729716e+00	17	1.986872e+02	2.860723e+02	1.729716e+00	17	5.901324e-01	7.000000e-01	
1.831464e+00	18	1.784893e+02	2.598738e+02	1.831464e+00	18	5.928277e-01	7.000000e-01	
1.933212e+00	19	1.662003e+02	2.562789e+02	1.933212e+00	19	6.066071e-01	7.000000e-01	
2.034960e+00	20	2.151135e+02	2.917896e+02	2.034960e+00	20	5.756319e-01	7.000000e-01	
2.136708e+00	21	1.898400e+02	2.911675e+02	2.136708e+00	21	6.053284e-01	7.000000e-01	
2.238456e+00	22	2.127894e+02	3.088571e+02	2.238456e+00	22	5.920812e-01	7.000000e-01	
2.340204e+00	23	2.068640e+02	3.020759e+02	2.340204e+00	23	5.935394e-01	7.000000e-01	
2.441952e+00	24	2.337486e+02	2.530635e+02	2.441952e+00	24	5.198381e-01	7.000000e-01	
2.543700e+00	25	2.021792e+02	3.014282e+02	2.543700e+00	25	5.985381e-01	7.000000e-01	
2.645448e+00	26	2.136166e+02	2.922550e+02	2.645448e+00	26	5.777257e-01	7.000000e-01	
2.747196e+00	27	1.612878e+02	3.335576e+02	2.747196e+00	27	6.740643e-01	7.000000e-01	
2.848944e+00	28	1.585403e+02	3.576999e+02	2.848944e+00	28	6.928943e-01	7.000000e-01	
2.950692e+00	29	1.737602e+02	3.069877e+02	2.950692e+00	29	6.385627e-01	7.000000e-01	
3.052440e+00	30	1.561861e+02	3.482180e+02	3.052440e+00	30	6.903552e-01	7.000000e-01	
3.154188e+00	31	1.654103e+02	3.378712e+02	3.154188e+00	31	6.713364e-01	7.000000e-01	
3.255936e+00	32	1.754448e+02	3.288522e+02	3.255936e+00	32	6.521003e-01	7.000000e-01	
3.357684e+00	33	1.632671e+02	3.575365e+02	3.357684e+00	33	6.865093e-01	7.000000e-01	
3.459432e+00	34	1.207218e+02	3.741403e+02	3.459432e+00	34	7.560496e-01	7.000000e-01	
3.561180e+00	35	1.262017e+02	3.395665e+02	3.561180e+00	35	7.290461e-01	7.000000e-01	
3.662928e+00	36	1.316620e+02	2.965327e+02	3.662928e+00	36	6.925184e-01	7.000000e-01	
3.764676e+00	37	1.588997e+02	3.444337e+02	3.764676e+00	37	6.843053e-01	7.000000e-01	
3.866424e+00	38	1.651647e+02	3.377766e+02	3.866424e+00	38	6.716024e-01	7.000000e-01	
3.968172e+00	39	1.316374e+02	3.385057e+02	3.968172e+00	39	7.200057e-01	7.000000e-01	
4.069920e+00	40	1.468202e+02	3.460674e+02	4.069920e+00	40	7.021224e-01	7.000000e-01	
4.171668e+00	41	1.403105e+02	3.499774e+02	4.171668e+00	41	7.138202e-01	7.000000e-01	
4.273416e+00	42	1.322865e+02	3.365034e+02	4.273416e+00	42	7.178128e-01	7.000000e-01	
4.375164e+00	43	1.486069e+02	3.330125e+02	4.375164e+00	43	6.914433e-01	7.000000e-01	
4.476912e+00	44	1.391265e+02	2.994630e+02	4.476912e+00	44	6.827865e-01	7.000000e-01	
4.578660e+00	45	1.551484e+02	3.320418e+02	4.578660e+00	45	6.815445e-01	7.000000e-01	
4.680408e+00	46	1.319861e+02	2.961247e+02	4.680408e+00	46	6.917011e-01	7.000000e-01	
4.782156e+00	47	1.598438e+02	3.342319e+02	4.782156e+00	47	6.764791e-01	7.000000e-01	
4.883904e+00	48	1.442631e+02	3.383418e+02	4.883904e+00	48	7.010741e-01	7.000000e-01	
4.985652e+00	49	1.445474e+02	2.786574e+02	4.985652e+00	49	6.584457e-01	7.000000e-01	
5.087400e+00	50	1.289791e+02	2.742483e+02	5.087400e+00	50	6.801331e-01	7.000000e-01	
5.189148e+00	51	1.275386e+02	2.929712e+02	5.189148e+00	51	6.967048e-01	7.000000e-01	
5.290896e+00	52	1.252511e+02	2.637208e+02	5.290896e+00	52	6.779945e-01	7.000000e-01	
5.392644e+00	53	1.243552e+02	2.634731e+02	5.392644e+00	53	6.793550e-01	7.000000e-01	
5.494392e+00	54	1.254349e+02	2.836957e+02	5.494392e+00	54	6.934111e-01	7.000000e-01	
5.596140e+00	55	1.626386e+02	2.802781e+02	5.596140e+00	55	6.328009e-01	7.000000e-01	
5.697888e+00	56	1.687159e+02	2.828382e+02	5.697888e+00	56	6.263661e-01	7.000000e-01	
5.799636e+00	57	1.776810e+02	2.736504e+02	5.799636e+00	57	6.063181e-01	7.000000e-01	
5.901384e+00	58	1.525177e+02	2.796535e+02	5.901384e+00	58	6.470896e-01	7.000000e-01	
6.003132e+00	59	1.659908e+02	2.944900e+02	6.003132e+00	59	6.395272e-01	7.000000e-01	
6.104880e+00	60	1.632964e+02	2.889965e+02	6.104880e+00	60	6.389587e-01	7.000000e-01	
6.206628e+00	61	1.649068e+02	2.840505e+02	6.206628e+00	61	6.326893e-01	7.000000e-01	
6.308376e+00	62	1.794639e+02	2.758098e+02	6.308376e+00	62	6.058110e-01	7.000000e-01	
6.410124e+00	63	1.708031e+02	3.113349e+02	6.410124e+00	63	6.457381e-01	7.000000e-01	
6.511872e+00	64	1.649616e+02	2.733027e+02	6.511872e+00	64	6.236025e-01	7.000000e-01	
6.613620e+00	65	1.415428e+02	2.934582e+02	6.613620e+00	65	6.746150e-01	7.000000e-01	
6.715368e+00	66	1.281044e+02	3.251855e+02	6.715368e+00	66	7.173897e-01	7.000000e-01	
6.817116e+00	67	1.753651e+02	3.432358e+02	6.817116e+00	67	6.618496e-01	7.000000e-01	
6.918864e+00	68	1.655995e+02	3.173088e+02	6.918864e+00	68	6.570788e-01	7.000000e-01	
7.020612e+00	69	1.717353e+02	3.405746e+02	7.020612e+00	69	6.647824e-01	7.000000e-01	
7.122360e+00	70	1.637955e+02	3.070589e+02	7.122360e+00	70	6.521313e-01	7.000000e-01	
7.224108e+00	71	1.618847e+02	3.206896e+02	7.224108e+00	71	6.645393e-01	7.000000e-01	
7.325856e+00	72	1.755450e+02	3.435021e+02	7.325856e+00	72	6.617937e-01	7.000000e-01	
7.427604e+00	73	1.752191e+02	3.313541e+02	7.427604e+00	73	6.541090e-01	7.000000e-01	
7.529352e+00	74	1.438086e+02	2.506562e+02	7.529352e+00	74	6.354336e-01	7.000000e-01	
7.631100e+00	75	1.895739e+02	2.900497e+02	7.631100e+00	75	6.047444e-01	7.000000e-01	
7.732848e+00	76	1.630673e+02	3.285432e+02	7.732848e+00	76	6.682998e-01	7.000000e-01	
7.834596e+00	77	1.463352e+02	3.337895e+02	7.834596e+00	77	6.952142e-01	7.000000e-01	
7.936344e+00	78	1.707002e+02	3.063595e+02	7.936344e+00	78	6.421827e-01	7.000000e-01	
8.038092e+00	79	1.497256e+02	3.318619e+02	8.038092e+00	79	6.890999e-01	7.000000e-01	
8.139840e+00	80	1.664216e+02	3.448188e+02	8.139840e+00	80	6.744749e-01	7.000000e-01	
8.241588e+00	81	1.727470e+02	3.379075e+02	8.241588e+00	81	6.617145e-01	7.000000e-01	
8.343336e+00	82	1.700504e+02	3.328933e+02	8.343336e+00	82	6.618898e-01	7.000000e-01	
8.445084e+00	83	1.429194e+02	2.960634e+02	8.445084e+00	83	6.744305e-01	7.000000e-01	
8.546832e+00	84	1.233201e+02	3.454539e+02	8.546832e+00	84	7.369306e-01	7.000000e-01	
8.648580e+00	85	1.446164e+02	3.042956e+02	8.648580e+00	85	6.778513e-01	7.000000e-01	
8.750328e+00	86	1.522445e+02	3.062114e+02	8.750328e+00	86	6.679190e-01	7.000000e-01	
8.852076e+00	87	1.316672e+02	2.579752e+02	8.852076e+00	87	6.620820e-01	7.000000e-01	
8.953824e+00	88	1.509904e+02	3.269665e+02	8.953824e+00	88	6.840920e-01	7.000000e-01	
9.055572e+00	89	1.368760e+02	2.592534e+02	9.055572e+00	89	6.544664e-01	7.000000e-01	
9.157320e+00	90	1.414288e+02	3.176415e+02	9.157320e+00	90	6.919234e-01	7.000000e-01	
9.259068e+00	91	1.634190e+02	4.146946e+02	9.259068e+00	91	7.173237e-01	7.000000e-01	
9.360816e+00	92	1.543422e+02	2.758681e+02	9.360816e+00	92	6.412401e-01	7.000000e-01	
9.462564e+00	93	1.424223e+02	3.030857e+02	9.462564e+00	93	6.803148e-01	7.000000e-01	
9.564312e+00	94	1.484002e+02	3.206415e+02	9.564312e+00	94	6.836098e-01	7.000000e-01	
9.666060e+00	95	1.488232e+02	2.832019e+02	9.666060e+00	95	6.555219e-01	7.000000e-01	
9.767808e+00	96	1.377789e+02	3.176971e+02	9.767808e+00	96	6.975057e-01	7.000000e-01	
9.869556e+00	97	1.386169e+02	3.100060e+02	9.869556e+00	97	6.910169e-01	7.000000e-01	
9.971304e+00	98	1.488535e+02	2.736596e+02	9.971304e+00	98	6.476949e-01	7.000000e-01	
1.007305e+01	99	1.500246e+02	3.241298e+02	1.007305e+01	99	6.835955e-01	7.000000e-01	
1.017480e+01	100	9.365010e+01	2.924747e+02	1.017480e+01	100	7.574616e-01	7.000000e-01	
1.027655e+01	101	1.652954e+02	3.606092e+02	1.027655e+01	101	6.856932e-01	7.000000e-01	
1.037830e+01	102	1.584100e+02	4.020169e+02	1.037830e+01	102	7.173405e-01	7.000000e-01	
1.048004e+01	103	1.477915e+02	3.333539e+02	1.048004e+01	103	6.928340e-01	7.000000e-01	
1.058179e+01	104	1.710782e+02	3.282135e+02	1.058179e+01	104	6.573582e-01	7.000000e-01	
1.068354e+01	105	1.745880e+02	3.364595e+02	1.068354e+01	105	6.583723e-01	7.000000e-01	
1.078529e+01	106	1.466924e+02	3.250576e+02	1.078529e+01	106	6.890463e-01	7.000000e-01	
1.088704e+01	107	1.643410e+02	3.673508e+02	1.088704e+01	107	6.909093e-01	7.000000e-01	
1.098878e+01	108	1.291217e+02	3.131509e+02	1.098878e+01	108	7.080495e-01	7.000000e-01	
1.109053e+01	109	1.627549e+02	3.322289e+02	1.109053e+01	109	6.711915e-01	7.000000e-01	
1.119228e+01	110	1.472148e+02	2.970821e+02	1.119228e+01	110	6.686567e-01	7.000000e-01	
1.129403e+01	111	1.325765e+02	2.907284e+02	1.129403e+01	111	6.868061e-01	7.000000e-01	
1.139578e+01	112	1.548604e+02	3.144173e+02	1.139578e+01	112	6.700026e-01	7.000000e-01	
1.149752e+01	113	1.252692e+02	2.789610e+02	1.149752e+01	113	6.901043e-01	7.000000e-01	
1.159927e+01	114	1.306378e+02	2.996930e+02	1.159927e+01	114	6.964247e-01	7.000000e-01	
1.170102e+01	115	1.545438e+02	3.241038e+02	1.170102e+01	115	6.771240e-01	7.000000e-01	
1.180277e+01	116	1.477897e+02	2.975036e+02	1.180277e+01	116	6.681071e-01	7.000000e-01	
1.190452e+01	117	1.414617e+02	3.133197e+02	1.190452e+01	117	6.889457e-01	7.000000e-01	
1.200626e+01	118	1.484285e+02	3.162684e+02	1.200626e+01	118	6.805907e-01	7.000000e-01	
1.210801e+01	119	1.530897e+02	3.125764e+02	1.210801e+01	119	6.712458e-01	7.000000e-01	
1.220976e+01	120	1.605465e+02	2.767296e+02	1.220976e+01	120	6.328487e-01	7.000000e-01	
1.231151e+01	121	1.564023e+02	3.134418e+02	1.231151e+01	121	6.671187e-01	7.000000e-01	
1.241326e+01	122	1.951026e+02	2.769087e+02	1.241326e+01	122	5.866569e-01	7.000000e-01	
1.251500e+01	123	1.609482e+02	3.112254e+02	1.251500e+01	123	6.591334e-01	7.000000e-01	
1.261675e+01	124	1.515797e+02	3.135863e+02	1.261675e+01	124	6.741385e-01	7.000000e-01	
1.271850e+01	125	1.386521e+02	3.100083e+02	1.271850e+01	125	6.909643e-01	7.000000e-01	
1.282025e+01	126	1.560942e+02	3.006684e+02	1.282025e+01	126	6.582597e-01	7.000000e-01	
1.292200e+01	127	6.124149e+02	8.400443e+01	1.292200e+01	127	1.206233e-01	0	
1.302374e+01	128	5.881479e+02	2.716573e+01	1.302374e+01	128	4.414940e-02	0	
1.312549e+01	129	5.493532e+02	3.845916e+01	1.312549e+01	129	6.542761e-02	0	
1.322724e+01	130	5.773963e+02	6.602669e+01	1.322724e+01	130	1.026179e-01	0	
1.332899e+01	131	5.371084e+02	5.517896e+01	1.332899e+01	131	9.316248e-02	0	
1.343074e+01	132	5.608153e+02	5.764337e+01	1.343074e+01	132	9.320489e-02	0	
1.353248e+01	133	5.367633e+02	5.750782e+01	1.353248e+01	133	9.677034e-02	0	
1.363423e+01	134	5.384329e+02	5.383873e+01	1.363423e+01	134	9.090209e-02	0	
1.373598e+01	135	5.702307e+02	4.427679e+01	1.373598e+01	135	7.205248e-02	0	
1.383773e+01	136	5.708411e+02	3.906391e+01	1.383773e+01	136	6.404917e-02	0	
1.393948e+01	137	5.735231e+02	4.010304e+01	1.393948e+01	137	6.535419e-02	0	
1.404122e+01	138	5.481356e+02	4.350627e+01	1.404122e+01	138	7.353481e-02	0	
1.414297e+01	139	5.562668e+02	3.177439e+01	1.414297e+01	139	5.403429e-02	0	
1.424472e+01	140	5.746761e+02	6.074188e+01	1.424472e+01	140	9.559358e-02	0	
1.434647e+01	141	5.391052e+02	4.971559e+01	1.434647e+01	141	8.443246e-02	0	
1.444822e+01	142	5.542766e+02	-6.285027e+00	1.444822e+01	142	-1.146920e-02	0	
1.454996e+01	143	5.744965e+02	3.699505e+01	1.454996e+01	143	6.049969e-02	0	
1.465171e+01	144	5.625245e+02	5.819356e+01	1.465171e+01	144	9.375200e-02	0	
1.475346e+01	145	5.688333e+02	3.870131e+01	1.475346e+01	145	6.370223e-02	0	
1.485521e+01	146	5.437944e+02	3.680686e+01	1.485521e+01	146	6.339439e-02	0	
1.495696e+01	147	5.420941e+02	4.761671e+01	1.495696e+01	147	8.074587e-02	0	
1.505870e+01	148	4.939018e+02	6.572288e+01	1.505870e+01	148	1.174410e-01	0	
1.516045e+01	149	5.783892e+02	2.791278e+01	1.516045e+01	149	4.603775e-02	0	
1.526220e+01	150	5.336587e+02	5.145657e+01	1.526220e+01	150	8.794262e-02	0	
1.536395e+01	151	6.240196e+02	1.323013e+01	1.536395e+01	151	2.076130e-02	0	
1.546570e+01	152	5.232903e+02	4.658573e+01	1.546570e+01	152	8.174713e-02	0	
1.556744e+01	153	5.721707e+02	1.904931e+01	1.556744e+01	153	3.222034e-02	0	
1.566919e+01	154	5.775039e+02	2.901370e+01	1.566919e+01	154	4.783653e-02	0	
1.577094e+01	155	5.440197e+02	3.839430e+01	1.577094e+01	155	6.592269e-02	0	
1.587269e+01	156	5.009111e+02	3.140245e+01	1.587269e+01	156	5.899239e-02	0	
1.597444e+01	157	5.153989e+02	-2.969702e+00	1.597444e+01	157	-5.795341e-03	0	
1.607618e+01	158	5.544494e+02	1.747067e+01	1.607618e+01	158	3.054740e-02	0	
1.617793e+01	159	5.033928e+02	3.002157e+01	1.617793e+01	159	5.628189e-02	0	
1.627968e+01	160	5.290075e+02	1.548675e+01	1.627968e+01	160	2.844245e-02	0	
1.638143e+01	161	5.472177e+02	7.718756e+00	1.638143e+01	161	1.390926e-02	0	
1.648318e+01	162	6.253959e+02	4.364045e+01	1.648318e+01	162	6.522882e-02	0	
1.658492e+01	163	6.305277e+02	1.728872e+01	1.658492e+01	163	2.668768e-02	0	
1.668667e+01	164	5.245928e+02	2.801671e+00	1.668667e+01	164	5.312287e-03	0	
1.678842e+01	165	5.525850e+02	2.088685e+01	1.678842e+01	165	3.642175e-02	0	
1.689017e+01	166	5.021052e+02	2.806622e+01	1.689017e+01	166	5.293801e-02	0	
1.699192e+01	167	4.970561e+02	2.509054e+01	1.699192e+01	167	4.805267e-02	0	
1.709366e+01	168	5.311068e+02	7.637305e-01	1.709366e+01	168	1.435933e-03	0	
1.719541e+01	169	5.520563e+02	6.738388e+00	1.719541e+01	169	1.205879e-02	0	
1.729716e+01	170	4.987487e+02	2.352508e+01	1.729716e+01	170	4.504358e-02	0	
1.739891e+01	171	5.122534e+02	1.093323e+01	1.739891e+01	171	2.089738e-02	0	
1.750066e+01	172	5.198633e+02	3.652629e+01	1.750066e+01	172	6.564877e-02	0	
1.760240e+01	173	5.170293e+02	3.355951e+01	1.760240e+01	173	6.095204e-02	0	
1.770415e+01	174	5.307757e+02	1.363064e+01	1.770415e+01	174	2.503762e-02	0	
1.780590e+01	175	5.193669e+02	2.806390e+01	1.780590e+01	175	5.126474e-02	0	
1.790765e+01	176	5.218510e+02	1.704855e+01	1.790765e+01	176	3.163586e-02	0	
1.800940e+01	177	5.245753e+02	2.550525e+01	1.800940e+01	177	4.636639e-02	0	
1.811114e+01	178	5.022305e+02	2.236678e+01	1.811114e+01	178	4.263610e-02	0	
1.821289e+01	179	5.852249e+02	4.172210e+01	1.821289e+01	179	6.654805e-02	0	
1.831464e+01	180	5.695155e+02	3.335001e+01	1.831464e+01	180	5.531915e-02	0	
1.841639e+01	181	5.642870e+02	2.639647e+01	1.841639e+01	181	4.468801e-02	0	
1.851814e+01	182	5.229553e+02	5.386081e+01	1.851814e+01	182	9.337605e-02	0	
1.861988e+01	183	5.556833e+02	1.028210e+01	1.861988e+01	183	1.816737e-02	0	
1.872163e+01	184	5.549868e+02	5.253958e+01	1.872163e+01	184	8.648115e-02	0	
1.882338e+01	185	5.918474e+02	4.944856e+01	1.882338e+01	185	7.710724e-02	0	
1.892513e+01	186	5.729211e+02	1.764296e+01	1.892513e+01	186	2.987476e-02	0	
1.902688e+01	187	5.090245e+02	-3.064146e-01	1.902688e+01	187	-6.023269e-04	0	
1.912862e+01	188	5.347796e+02	1.089887e+01	1.912862e+01	188	1.997306e-02	0	
1.923037e+01	189	5.825456e+02	1.840375e+01	1.923037e+01	189	3.062446e-02	0	
1.933212e+01	190	5.990311e+02	1.717785e+01	1.933212e+01	190	2.787666e-02	0	
1.943387e+01	191	5.910578e+02	1.680689e+01	1.943387e+01	191	2.764906e-02	0	
1.953562e+01	192	5.818586e+02	3.727137e+01	1.953562e+01	192	6.019959e-02	0	
1.963736e+01	193	5.829956e+02	4.476871e+01	1.963736e+01	193	7.131452e-02	0	
1.973911e+01	194	5.737966e+02	2.874140e+01	1.973911e+01	194	4.770056e-02	0	
1.984086e+01	195	5.834194e+02	1.746564e+01	1.984086e+01	195	2.906652e-02	0	
1.994261e+01	196	5.747827e+02	3.641515e+01	1.994261e+01	196	5.957997e-02	0	
2.004436e+01	197	5.825477e+02	2.023844e+01	2.004436e+01	197	3.357483e-02	0	
2.014610e+01	198	5.858257e+02	4.365816e+01	2.014610e+01	198	6.935549e-02	0	
2.024785e+01	199	5.538509e+02	4.208842e+01	2.024785e+01	199	7.062534e-02	0	
2.034960e+01	200	5.628667e+02	2.494424e+01	2.034960e+01	200	4.243582e-02	0	
2.045135e+01	201	5.740250e+02	3.974477e+00	2.045135e+01	201	6.876264e-03	0	
2.055310e+01	202	5.757768e+02	4.540213e+01	2.055310e+01	202	7.309026e-02	0	
2.065484e+01	203	5.695521e+02	-4.930927e+00	2.065484e+01	203	-8.733160e-03	0	
2.075659e+01	204	5.672164e+02	3.733943e+01	2.075659e+01	204	6.176341e-02	0	
2.085834e+01	205	5.700629e+02	2.554092e+01	2.085834e+01	205	4.288240e-02	0	
2.096009e+01	206	5.934614e+02	3.920813e+00	2.096009e+01	206	6.563324e-03	0	
2.106184e+01	207	5.599340e+02	-3.685923e+00	2.106184e+01	207	-6.626401e-03	0	
2.116358e+01	208	5.350043e+02	2.409811e+01	2.116358e+01	208	4.310142e-02	0	
2.126533e+01	209	5.544989e+02	2.069785e+01	2.126533e+01	209	3.598395e-02	0	
2.136708e+01	210	5.653509e+02	3.066534e+01	2.136708e+01	210	5.145051e-02	0	
2.146883e+01	211	5.717222e+02	3.027754e+01	2.146883e+01	211	5.029494e-02	0	
2.157058e+01	212	5.631174e+02	6.738204e+00	2.157058e+01	212	1.182441e-02	0	
2.167232e+01	213	5.872775e+02	1.678720e+01	2.167232e+01	213	2.779040e-02	0	
2.177407e+01	214	5.965787e+02	3.169764e+01	2.177407e+01	214	5.045175e-02	0	
2.187582e+01	215	6.146790e+02	3.408807e+01	2.187582e+01	215	5.254285e-02	0	
2.197757e+01	216	5.755450e+02	1.594559e+01	2.197757e+01	216	2.695832e-02	0	
2.207932e+01	217	5.198928e+02	3.893945e+01	2.207932e+01	217	6.968003e-02	0	
2.218106e+01	218	5.664998e+02	2.088201e+01	2.218106e+01	218	3.555100e-02	0	
2.228281e+01	219	5.527544e+02	2.275178e+01	2.228281e+01	219	3.953351e-02	0	
2.238456e+01	220	5.531085e+02	2.332956e+01	2.238456e+01	220	4.047193e-02	0	
2.248631e+01	221	5.670576e+02	2.119226e+01	2.248631e+01	221	3.602595e-02	0	
2.258806e+01	222	5.984067e+02	7.824904e+00	2.258806e+01	222	1.290745e-02	0	
2.268980e+01	223	5.669528e+02	-3.370396e+00	2.268980e+01	223	-5.980307e-03	0	
2.279155e+01	224	5.495682e+02	2.742268e+01	2.279155e+01	224	4.752706e-02	0	
2.289330e+01	225	5.801264e+02	1.177023e+01	2.289330e+01	225	1.988562e-02	0	
2.299505e+01	226	5.734402e+02	9.484993e+00	2.299505e+01	226	1.627137e-02	0	
2.309680e+01	227	6.705486e+02	2.687580e+01	2.309680e+01	227	3.853579e-02	0	
2.319854e+01	228	8.341661e+02	3.170049e+01	2.319854e+01	228	3.661129e-02	0	
2.330029e+01	229	7.729107e+02	5.769078e+01	2.330029e+01	229	6.945663e-02	0	
2.340204e+01	230	9.087242e+02	2.630592e+01	2.340204e+01	230	2.813377e-02	0	
2.350379e+01	231	6.345916e+02	3.251185e+01	2.350379e+01	231	4.873584e-02	0	
2.360554e+01	232	6.143875e+02	1.734694e+01	2.360554e+01	232	2.745923e-02	0	
2.370728e+01	233	5.996199e+02	4.887852e+01	2.370728e+01	233	7.537184e-02	0	
2.380903e+01	234	6.276985e+02	5.023922e+01	2.380903e+01	234	7.410595e-02	0	
2.391078e+01	235	5.372210e+02	2.462733e+01	2.391078e+01	235	4.383270e-02	0	
2.401253e+01	236	5.096209e+02	2.112592e+01	2.401253e+01	236	3.980414e-02	0	
2.411428e+01	237	5.420919e+02	4.080193e+01	2.411428e+01	237	6.999891e-02	0	
2.421602e+01	238	5.614527e+02	1.595609e+01	2.421602e+01	238	2.763396e-02	0	
2.431777e+01	239	5.619356e+02	3.474224e+01	2.431777e+01	239	5.822613e-02	0	
2.441952e+01	240	5.561151e+02	2.687323e+01	2.441952e+01	240	4.609566e-02	0	
2.452127e+01	241	5.393702e+02	3.150945e+01	2.452127e+01	241	5.519456e-02	0	
2.462302e+01	242	5.429899e+02	2.633809e+01	2.462302e+01	242	4.626172e-02	0	
2.472476e+01	243	5.433691e+02	1.878614e+01	2.472476e+01	243	3.341806e-02	0	
2.482651e+01	244	5.423178e+02	3.456834e+01	2.482651e+01	244	5.992229e-02	0	
2.492826e+01	245	5.545599e+02	3.005027e+01	2.492826e+01	245	5.140224e-02	0	
2.503001e+01	246	5.425717e+02	3.258392e+01	2.503001e+01	246	5.665235e-02	0	
2.513176e+01	247	5.362749e+02	3.715424e+01	2.513176e+01	247	6.479308e-02	0	
2.523350e+01	248	5.427334e+02	2.653209e+01	2.523350e+01	248	4.660759e-02	0	
2.533525e+01	249	5.446019e+02	3.938098e+01	2.533525e+01	249	6.743516e-02	0	
2.543700e+01	250	5.278047e+02	4.340618e+01	2.543700e+01	250	7.598976e-02	0	
2.553875e+01	251	5.149283e+02	2.328268e+01	2.553875e+01	251	4.325939e-02	0	
2.564050e+01	252	5.303367e+02	4.529186e+01	2.564050e+01	252	7.868244e-02	0	
2.574224e+01	253	5.415127e+02	2.161487e+01	2.574224e+01	253	3.838361e-02	0	
2.584399e+01	254	5.812948e+02	-7.083598e+00	2.584399e+01	254	-1.233622e-02	0	
2.594574e+01	255	5.897786e+02	1.168802e+01	2.594574e+01	255	1.943253e-02	0	
2.604749e+01	256	5.700003e+02	1.689075e+01	2.604749e+01	256	2.878004e-02	0	
2.614924e+01	257	5.610627e+02	7.198376e+00	2.614924e+01	257	1.266737e-02	0	
2.625098e+01	258	5.475056e+02	1.983453e+01	2.625098e+01	258	3.496056e-02	0	
2.635273e+01	259	5.746218e+02	5.098859e+00	2.635273e+01	259	8.795372e-03	0	
2.645448e+01	260	5.708524e+02	1.378459e+01	2.645448e+01	260	2.357803e-02	0	
2.655623e+01	261	5.928411e+02	1.650224e+00	2.655623e+01	261	2.775859e-03	0	
2.665798e+01	262	5.867778e+02	-3.713106e+00	2.665798e+01	262	-6.368257e-03	0	
2.675972e+01	263	5.754784e+02	9.359249e+00	2.675972e+01	263	1.600316e-02	0	
2.686147e+01	264	5.927257e+02	1.691170e+00	2.686147e+01	264	2.845091e-03	0	
2.696322e+01	265	5.771425e+02	9.988369e+00	2.696322e+01	265	1.701217e-02	0	
2.706497e+01	266	5.141174e+02	4.126090e+01	2.706497e+01	266	7.429332e-02	0	
2.716672e+01	267	5.390987e+02	3.539102e+01	2.716672e+01	267	6.160427e-02	0	
2.726846e+01	268	5.260897e+02	3.303262e+01	2.726846e+01	268	5.907942e-02	0	
2.737021e+01	269	4.942538e+02	3.076619e+01	2.737021e+01	269	5.860004e-02	0	
2.747196e+01	270	5.110463e+02	2.470647e+01	2.747196e+01	270	4.611543e-02	0	
2.757371e+01	271	5.187096e+02	4.744831e+01	2.757371e+01	271	8.380755e-02	0	
2.767546e+01	272	5.586006e+02	2.738036e+01	2.767546e+01	272	4.672568e-02	0	
2.777720e+01	273	5.657219e+02	1.571085e+01	2.777720e+01	273	2.702092e-02	0	
2.787895e+01	274	5.842402e+02	7.932239e+00	2.787895e+01	274	1.339515e-02	0	
2.798070e+01	275	6.014819e+02	1.590787e+01	2.798070e+01	275	2.576633e-02	0	
2.808245e+01	276	5.522705e+02	8.744462e+00	2.808245e+01	276	1.558686e-02	0	
2.818420e+01	277	5.762923e+02	1.576293e+01	2.818420e+01	277	2.662409e-02	0	
2.828594e+01	278	5.774940e+02	1.506239e+01	2.828594e+01	278	2.541934e-02	0	
2.838769e+01	279	5.722872e+02	-1.568810e+00	2.838769e+01	279	-2.748834e-03	0	
2.848944e+01	280	5.898763e+02	9.505551e+00	2.848944e+01	280	1.585892e-02	0	
2.859119e+01	281	5.780890e+02	1.286494e+01	2.859119e+01	281	2.176978e-02	0	
2.869294e+01	282	5.104156e+02	1.452240e+01	2.869294e+01	282	2.766498e-02	0	
2.879468e+01	283	5.151378e+02	8.251090e+00	2.879468e+01	283	1.576474e-02	0	
2.889643e+01	284	5.210089e+02	-1.410423e+00	2.889643e+01	284	-2.714448e-03	0	
2.899818e+01	285	5.259669e+02	2.135508e+01	2.899818e+01	285	3.901740e-02	0	
2.909993e+01	286	5.442284e+02	6.347204e+00	2.909993e+01	286	1.152831e-02	0	
2.920168e+01	287	5.257878e+02	-4.762963e+00	2.920168e+01	287	-9.141528e-03	0	
2.930342e+01	288	5.249649e+02	1.313522e+01	2.930342e+01	288	2.441036e-02	0	
2.940517e+01	289	5.200415e+02	5.212577e+00	2.940517e+01	289	9.923915e-03	0	
2.950692e+01	290	5.257850e+02	-4.759592e+00	2.950692e+01	290	-9.135048e-03	0	
2.960867e+01	291	5.245953e+02	1.308157e+01	2.960867e+01	291	2.432980e-02	0	
2.971042e+01	292	5.053164e+02	3.578395e+01	2.971042e+01	292	6.613182e-02	0	
2.981216e+01	293	5.152838e+02	2.972397e+01	2.981216e+01	293	5.453862e-02	0	
2.991391e+01	294	5.200879e+02	3.141969e+01	2.991391e+01	294	5.697055e-02	0	
3.001566e+01	295	5.388791e+02	3.706083e+01	3.001566e+01	295	6.434843e-02	0	
3.011741e+01	296	5.076951e+02	3.548877e+01	3.011741e+01	296	6.533473e-02	0	
3.021916e+01	297	5.078831e+02	1.912823e+01	3.021916e+01	297	3.629567e-02	0	
3.032090e+01	298	5.733355e+02	2.335905e+01	3.032090e+01	298	3.914742e-02	0	
3.042265e+01	299	5.492998e+02	2.038750e+01	3.042265e+01	299	3.578718e-02	0	
3.052440e+01	300	5.558905e+02	3.446756e+01	3.052440e+01	300	5.838416e-02	0	
3.062615e+01	301	5.789374e+02	4.293060e+01	3.062615e+01	301	6.903491e-02	0	
3.072790e+01	302	5.289309e+02	3.678543e+01	3.072790e+01	302	6.502452e-02	0	
3.082964e+01	303	5.648827e+02	9.731567e+00	3.082964e+01	303	1.693583e-02	0	
3.093139e+01	304	5.708117e+02	2.872675e+01	3.093139e+01	304	4.791478e-02	0	
3.103314e+01	305	5.643729e+02	2.746036e+01	3.103314e+01	305	4.639881e-02	0	
3.113489e+01	306	5.909104e+02	1.261397e+01	3.113489e+01	306	2.090051e-02	0	
3.123664e+01	307	5.357103e+02	-2.736192e+00	3.123664e+01	307	-5.133818e-03	0	
3.133838e+01	308	5.483801e+02	1.344532e+01	3.133838e+01	308	2.393149e-02	0	
3.144013e+01	309	5.529392e+02	1.397458e+01	3.144013e+01	309	2.465027e-02	0	
3.154188e+01	310	5.578535e+02	6.615070e+00	3.154188e+01	310	1.171911e-02	0	
3.164363e+01	311	5.484760e+02	1.140818e+01	3.164363e+01	311	2.037596e-02	0	
3.174538e+01	312	5.445405e+02	1.008512e+00	3.174538e+01	312	1.848619e-03	0	
3.184712e+01	313	5.373069e+02	2.187250e+01	3.184712e+01	313	3.911535e-02	0	
3.194887e+01	314	5.669239e+02	1.692405e+01	3.194887e+01	314	2.898708e-02	0	
3.205062e+01	315	5.694107e+02	1.913496e+01	3.205062e+01	315	3.251228e-02	0	
3.215237e+01	316	5.604969e+02	2.080831e+01	3.215237e+01	316	3.579584e-02	0	
3.225412e+01	317	5.426576e+02	1.441355e+01	3.225412e+01	317	2.587380e-02	0	
3.235586e+01	318	5.498615e+02	2.407447e+01	3.235586e+01	318	4.194626e-02	0	
3.245761e+01	319	5.672891e+02	1.633422e+01	3.245761e+01	319	2.798761e-02	0	
3.255936e+01	320	5.781241e+02	2.249772e+00	3.255936e+01	320	3.876418e-03	0	
3.266111e+01	321	5.500242e+02	3.267610e+00	3.266111e+01	321	5.905762e-03	0	
3.276286e+01	322	5.791318e+02	1.831750e+01	3.276286e+01	322	3.065951e-02	0	
3.286460e+01	323	5.373795e+02	1.441616e+01	3.286460e+01	323	2.612590e-02	0	
3.296635e+01	324	5.375102e+02	1.892722e+01	3.296635e+01	324	3.401500e-02	0	
3.306810e+01	325	5.376300e+02	2.076113e+01	3.306810e+01	325	3.718026e-02	0	
3.316985e+01	326	5.433550e+02	1.085425e+01	3.316985e+01	326	1.958511e-02	0	
3.327160e+01	327	5.323792e+02	2.540479e+01	3.327160e+01	327	4.554593e-02	0	
3.337334e+01	328	5.306148e+02	2.124123e+01	3.337334e+01	328	3.849053e-02	0	
3.347509e+01	329	5.412914e+02	1.506339e+01	3.347509e+01	329	2.707515e-02	0	
3.357684e+01	330	5.330380e+02	1.782327e+01	3.357684e+01	330	3.235528e-02	0	
3.367859e+01	331	5.626761e+02	2.223950e+01	3.367859e+01	331	3.802172e-02	0	
3.378034e+01	332	5.380416e+02	2.393698e+01	3.378034e+01	332	4.259411e-02	0	
3.388208e+01	333	5.576428e+02	1.892573e+01	3.388208e+01	333	3.282477e-02	0	
3.398383e+01	334	5.436630e+02	2.203939e+01	3.398383e+01	334	3.895934e-02	0	
3.408558e+01	335	5.249302e+02	2.006516e+01	3.408558e+01	335	3.681712e-02	0	
3.418733e+01	336	5.107789e+02	-2.280155e+00	3.418733e+01	336	-4.484092e-03	0	
3.428908e+01	337	5.421604e+02	1.277393e+01	3.428908e+01	337	2.301881e-02	0	
3.439082e+01	338	5.213400e+02	2.720367e+01	3.439082e+01	338	4.959253e-02	0	
3.449257e+01	339	5.421904e+02	2.314060e+01	3.449257e+01	339	4.093283e-02	0	
3.459432e+01	340	5.796877e+02	2.946644e+01	3.459432e+01	340	4.837272e-02	0	
3.469607e+01	341	5.237674e+02	1.090404e-01	3.469607e+01	341	2.081414e-04	0	
3.479782e+01	342	5.648093e+02	2.664579e+01	3.479782e+01	342	4.505125e-02	0	
3.489956e+01	343	5.783468e+02	2.752077e+01	3.489956e+01	343	4.542374e-02	0	
3.500131e+01	344	5.717346e+02	2.517799e+01	3.500131e+01	344	4.218036e-02	0	
3.510306e+01	345	5.434691e+02	1.641747e+01	3.510306e+01	345	2.932285e-02	0	
3.520481e+01	346	5.504225e+02	1.639946e+01	3.520481e+01	346	2.893229e-02	0	
3.530656e+01	347	5.494635e+02	2.384143e+01	3.530656e+01	347	4.158595e-02	0	
3.540830e+01	348	6.083711e+02	4.531680e+00	3.540830e+01	348	7.393799e-03	0	
3.551005e+01	349	5.945186e+02	1.777951e+01	3.551005e+01	349	2.903734e-02	0	
3.561180e+01	350	5.836755e+02	1.676765e+01	3.561180e+01	350	2.792546e-02	0	
3.571355e+01	351	5.707991e+02	2.205222e+01	3.571355e+01	351	3.719688e-02	0	
3.581530e+01	352	5.645777e+02	2.853473e+01	3.581530e+01	352	4.811015e-02	0	
3.591704e+01	353	5.520525e+02	3.500073e+01	3.591704e+01	353	5.962105e-02	0	
3.601879e+01	354	5.428124e+02	3.483933e+01	3.601879e+01	354	6.031200e-02	0	
3.612054e+01	355	5.896329e+02	-9.486742e+00	3.612054e+01	355	-1.635233e-02	0	
3.622229e+01	356	5.975027e+02	-1.053543e+01	3.622229e+01	356	-1.794892e-02	0	
3.632404e+01	357	5.835052e+02	4.651681e+00	3.632404e+01	357	7.908912e-03	0	
3.642578e+01	358	5.874393e+02	1.019892e+01	3.642578e+01	358	1.706537e-02	0	
3.652753e+01	359	5.956950e+02	-1.390774e+01	3.652753e+01	359	-2.390520e-02	0	
3.662928e+01	360	5.970742e+02	6.466764e+01	3.662928e+01	360	9.772337e-02	0	
3.673103e+01	361	5.530248e+02	2.443787e+01	3.673103e+01	361	4.231939e-02	0	
3.683278e+01	362	5.649327e+02	2.488865e+01	3.683278e+01	362	4.219693e-02	0	
3.693452e+01	363	5.169038e+02	-6.404390e+00	3.693452e+01	363	-1.254534e-02	0	
3.703627e+01	364	5.955689e+02	2.223414e+01	3.703627e+01	364	3.598904e-02	0	
3.713802e+01	365	5.847637e+02	1.974980e+01	3.713802e+01	365	3.267057e-02	0	
3.723977e+01	366	4.915476e+02	3.611969e+01	3.723977e+01	366	6.845164e-02	0	
3.734152e+01	367	1.602401e+02	3.191951e+02	3.734152e+01	367	6.657732e-01	7.000000e-01	
3.744326e+01	368	1.621579e+02	3.233068e+02	3.744326e+01	368	6.659739e-01	7.000000e-01	
3.754501e+01	369	1.700424e+02	3.055553e+02	3.754501e+01	369	6.424659e-01	7.000000e-01	
3.764676e+01	370	1.694548e+02	3.076675e+02	3.764676e+01	370	6.448399e-01	7.000000e-01	
3.774851e+01	371	1.535334e+02	3.084916e+02	3.774851e+01	371	6.676946e-01	7.000000e-01	
3.785026e+01	372	1.567802e+02	2.888712e+02	3.785026e+01	372	6.481999e-01	7.000000e-01	
3.795200e+01	373	1.619001e+02	3.096195e+02	3.795200e+01	373	6.566418e-01	7.000000e-01	
3.805375e+01	374	1.672462e+02	2.919950e+02	3.805375e+01	374	6.358206e-01	7.000000e-01	
3.815550e+01	375	1.642101e+02	3.237272e+02	3.815550e+01	375	6.634607e-01	7.000000e-01	
3.825725e+01	376	1.655198e+02	3.241981e+02	3.825725e+01	376	6.620099e-01	7.000000e-01	
3.835900e+01	377	1.447593e+02	2.775994e+02	3.835900e+01	377	6.572598e-01	7.000000e-01	
3.846074e+01	378	1.560475e+02	2.810795e+02	3.846074e+01	378	6.430156e-01	7.000000e-01	
3.856249e+01	379	1.468362e+02	2.542061e+02	3.856249e+01	379	6.338636e-01	7.000000e-01	
3.866424e+01	380	1.556160e+02	2.699043e+02	3.866424e+01	380	6.342924e-01	7.000000e-01	
3.876599e+01	381	1.691349e+02	2.455352e+02	3.876599e+01	381	5.921218e-01	7.000000e-01	
3.886774e+01	382	1.589171e+02	2.852160e+02	3.886774e+01	382	6.421859e-01	7.000000e-01	
3.896948e+01	383	1.684983e+02	3.011372e+02	3.896948e+01	383	6.412147e-01	7.000000e-01	
3.907123e+01	384	1.565051e+02	2.721827e+02	3.907123e+01	384	6.349206e-01	7.000000e-01	
3.917298e+01	385	1.609045e+02	3.014323e+02	3.917298e+01	385	6.519756e-01	7.000000e-01	
3.927473e+01	386	1.926608e+02	3.000098e+02	3.927473e+01	386	6.089460e-01	7.000000e-01	
3.937648e+01	387	1.893359e+02	2.994066e+02	3.937648e+01	387	6.126060e-01	7.000000e-01	
3.947822e+01	388	1.622625e+02	2.937064e+02	3.947822e+01	388	6.441369e-01	7.000000e-01	
3.957997e+01	389	1.701164e+02	2.812717e+02	3.957997e+01	389	6.231261e-01	7.000000e-01	
3.968172e+01	390	1.726544e+02	3.041364e+02	3.968172e+01	390	6.378823e-01	7.000000e-01	
3.978347e+01	391	1.862248e+02	3.163905e+02	3.978347e+01	391	6.294884e-01	7.000000e-01	
3.988522e+01	392	1.842771e+02	2.831689e+02	3.988522e+01	392	6.057788e-01	7.000000e-01	
3.998696e+01	393	1.754401e+02	2.918617e+02	3.998696e+01	393	6.245679e-01	7.000000e-01	
4.008871e+01	394	1.854567e+02	3.084465e+02	4.008871e+01	394	6.245080e-01	7.000000e-01	
4.019046e+01	395	1.656317e+02	2.428254e+02	4.019046e+01	395	5.944943e-01	7.000000e-01	
4.029221e+01	396	1.864323e+02	2.989721e+02	4.029221e+01	396	6.159238e-01	7.000000e-01	
4.039396e+01	397	1.710419e+02	2.356703e+02	4.039396e+01	397	5.794523e-01	7.000000e-01	
4.049570e+01	398	1.510568e+02	2.608722e+02	4.049570e+01	398	6.332941e-01	7.000000e-01	
4.059745e+01	399	1.859113e+02	2.690424e+02	4.059745e+01	399	5.913622e-01	7.000000e-01	
4.069920e+01	400	1.782935e+02	3.063231e+02	4.069920e+01	400	6.320937e-01	7.000000e-01	
4.080095e+01	401	1.812818e+02	2.521806e+02	4.080095e+01	401	5.817819e-01	7.000000e-01	
4.090270e+01	402	1.539064e+02	2.658255e+02	4.090270e+01	402	6.333221e-01	7.000000e-01	
4.100444e+01	403	1.417983e+02	2.770668e+02	4.100444e+01	403	6.614702e-01	7.000000e-01	
4.110619e+01	404	1.657407e+02	2.604951e+02	4.110619e+01	404	6.111526e-01	7.000000e-01	
4.120794e+01	405	1.661406e+02	2.889880e+02	4.120794e+01	405	6.349590e-01	7.000000e-01	
4.130969e+01	406	1.530345e+02	2.730810e+02	4.130969e+01	406	6.408615e-01	7.000000e-01	
4.141144e+01	407	1.622861e+02	2.976350e+02	4.141144e+01	407	6.471436e-01	7.000000e-01	
4.151318e+01	408	1.354994e+02	2.840764e+02	4.151318e+01	408	6.770562e-01	7.000000e-01	
4.161493e+01	409	1.565891e+02	2.768828e+02	4.161493e+01	409	6.387561e-01	7.000000e-01	
4.171668e+01	410	1.671012e+02	2.807658e+02	4.171668e+01	410	6.268955e-01	7.000000e-01	
4.181843e+01	411	1.485144e+02	2.849564e+02	4.181843e+01	411	6.573832e-01	7.000000e-01	
4.192018e+01	412	1.426715e+02	2.856995e+02	4.192018e+01	412	6.669441e-01	7.000000e-01	
4.202192e+01	413	1.668116e+02	2.904972e+02	4.202192e+01	413	6.352320e-01	7.000000e-01	
4.212367e+01	414	1.461377e+02	2.696173e+02	4.212367e+01	414	6.485004e-01	7.000000e-01	
4.222542e+01	415	1.259736e+02	3.166137e+02	4.222542e+01	415	7.153701e-01	7.000000e-01	
4.232717e+01	416	1.247518e+02	3.305929e+02	4.232717e+01	416	7.260278e-01	7.000000e-01	
4.242892e+01	417	1.249315e+02	3.080796e+02	4.242892e+01	417	7.114820e-01	7.000000e-01	
4.253066e+01	418	1.218271e+02	3.197442e+02	4.253066e+01	418	7.241055e-01	7.000000e-01	
4.263241e+01	419	1.242294e+02	3.295334e+02	4.263241e+01	419	7.262239e-01	7.000000e-01	
4.273416e+01	420	1.843817e+02	2.790350e+02	4.273416e+01	420	6.021255e-01	7.000000e-01	
4.283591e+01	421	1.879538e+02	2.803881e+02	4.283591e+01	421	5.986825e-01	7.000000e-01	
4.293766e+01	422	1.646357e+02	2.923666e+02	4.293766e+01	422	6.397486e-01	7.000000e-01	
4.303940e+01	423	2.114747e+02	2.211913e+02	4.303940e+01	423	5.112288e-01	7.000000e-01	
4.314115e+01	424	1.594626e+02	2.915794e+02	4.314115e+01	424	6.464573e-01	7.000000e-01	
4.324290e+01	425	1.685524e+02	3.081997e+02	4.324290e+01	425	6.464569e-01	7.000000e-01	
4.334465e+01	426	1.233262e+02	2.675274e+02	4.334465e+01	426	6.844696e-01	7.000000e-01	
4.344640e+01	427	1.277471e+02	2.318987e+02	4.344640e+01	427	6.447975e-01	7.000000e-01	
4.354814e+01	428	1.235311e+02	2.613463e+02	4.354814e+01	428	6.790378e-01	7.000000e-01	
4.364989e+01	429	1.062682e+02	2.319698e+02	4.364989e+01	429	6.858183e-01	7.000000e-01	
4.375164e+01	430	1.501527e+02	2.583840e+02	4.375164e+01	430	6.324622e-01	7.000000e-01	
4.385339e+01	431	1.548321e+02	2.995770e+02	4.385339e+01	431	6.592672e-01	7.000000e-01	
4.395514e+01	432	1.269320e+02	3.085679e+02	4.395514e+01	432	7.085372e-01	7.000000e-01	
4.405688e+01	433	1.345129e+02	2.652108e+02	4.405688e+01	433	6.634853e-01	7.000000e-01	
4.415863e+01	434	1.672628e+02	2.875867e+02	4.415863e+01	434	6.322678e-01	7.000000e-01	
4.426038e+01	435	1.672573e+02	3.096416e+02	4.426038e+01	435	6.492814e-01	7.000000e-01	
4.436213e+01	436	1.918410e+02	2.925852e+02	4.436213e+01	436	6.039830e-01	7.000000e-01	
4.446388e+01	437	1.577026e+02	3.026572e+02	4.446388e+01	437	6.574362e-01	7.000000e-01	
4.456562e+01	438	1.515415e+02	2.839524e+02	4.456562e+01	438	6.520238e-01	7.000000e-01	
4.466737e+01	439	1.943307e+02	3.265086e+02	4.466737e+01	439	6.268893e-01	7.000000e-01	
4.476912e+01	440	1.985215e+02	3.363422e+02	4.476912e+01	440	6.288372e-01	7.000000e-01	
4.487087e+01	441	1.613865e+02	2.913542e+02	4.487087e+01	441	6.435344e-01	7.000000e-01	
4.497262e+01	442	1.796240e+02	3.086205e+02	4.497262e+01	442	6.321024e-01	7.000000e-01	
4.507436e+01	443	1.807578e+02	3.252594e+02	4.507436e+01	443	6.427833e-01	7.000000e-01	
4.517611e+01	444	1.561205e+02	3.040303e+02	4.517611e+01	444	6.607188e-01	7.000000e-01	
4.527786e+01	445	1.662225e+02	2.814066e+02	4.527786e+01	445	6.286602e-01	7.000000e-01	
4.537961e+01	446	1.501793e+02	3.312177e+02	4.537961e+01	446	6.880344e-01	7.000000e-01	
4.548136e+01	447	1.636682e+02	2.838199e+02	4.548136e+01	447	6.342513e-01	7.000000e-01	
4.558310e+01	448	1.646251e+02	2.921408e+02	4.558310e+01	448	6.395854e-01	7.000000e-01	
4.568485e+01	449	1.505026e+02	2.743714e+02	4.568485e+01	449	6.457712e-01	7.000000e-01	
4.578660e+01	450	1.622382e+02	2.905375e+02	4.578660e+01	450	6.416809e-01	7.000000e-01	
4.588835e+01	451	1.671755e+02	2.918673e+02	4.588835e+01	451	6.358172e-01	7.000000e-01	
4.599010e+01	452	1.478542e+02	2.807875e+02	4.599010e+01	452	6.550634e-01	7.000000e-01	
4.609184e+01	453	1.522459e+02	3.267382e+02	4.609184e+01	453	6.821483e-01	7.000000e-01	
4.619359e+01	454	1.626730e+02	2.884940e+02	4.619359e+01	454	6.394395e-01	7.000000e-01	
4.629534e+01	455	1.440289e+02	2.822033e+02	4.629534e+01	455	6.620882e-01	7.000000e-01	
4.639709e+01	456	1.622057e+02	2.805743e+02	4.639709e+01	456	6.336653e-01	7.000000e-01	
4.649884e+01	457	1.475721e+02	2.755602e+02	4.649884e+01	457	6.512389e-01	7.000000e-01	
4.660058e+01	458	1.558867e+02	2.789813e+02	4.660058e+01	458	6.415310e-01	7.000000e-01	
4.670233e+01	459	1.437010e+02	2.747744e+02	4.670233e+01	459	6.566082e-01	7.000000e-01	
4.680408e+01	460	1.551875e+02	2.697603e+02	4.680408e+01	460	6.348081e-01	7.000000e-01	
4.690583e+01	461	1.507785e+02	3.076241e+02	4.690583e+01	461	6.710784e-01	7.000000e-01	
4.700758e+01	462	1.462231e+02	2.874682e+02	4.700758e+01	462	6.628406e-01	7.000000e-01	
4.710932e+01	463	1.257537e+02	3.215375e+02	4.710932e+01	463	7.188550e-01	7.000000e-01	
4.721107e+01	464	1.273487e+02	3.245599e+02	4.721107e+01	464	7.181981e-01	7.000000e-01	
4.731282e+01	465	1.495101e+02	3.080816e+02	4.731282e+01	465	6.732675e-01	7.000000e-01	
4.741457e+01	466	1.198596e+02	3.503393e+02	4.741457e+01	466	7.450875e-01	7.000000e-01	
4.751632e+01	467	1.533930e+02	2.958114e+02	4.751632e+01	467	6.585229e-01	7.000000e-01	
4.761806e+01	468	1.240388e+02	3.304343e+02	4.761806e+01	468	7.270712e-01	7.000000e-01	
4.771981e+01	469	1.403176e+02	3.295993e+02	4.771981e+01	469	7.013991e-01	7.000000e-01	
4.782156e+01	470	1.334199e+02	3.157165e+02	4.782156e+01	470	7.029412e-01	7.000000e-01	
4.792331e+01	471	1.275940e+02	3.247891e+02	4.792331e+01	471	7.179514e-01	7.000000e-01	
4.802506e+01	472	1.505238e+02	3.162368e+02	4.802506e+01	472	6.775139e-01	7.000000e-01	
4.812680e+01	473	1.193486e+02	3.506617e+02	4.812680e+01	473	7.460724e-01	7.000000e-01	
4.822855e+01	474	1.454690e+02	3.082893e+02	4.822855e+01	474	6.794130e-01	7.000000e-01	
4.833030e+01	475	1.401724e+02	3.269136e+02	4.833030e+01	475	6.999002e-01	7.000000e-01	
4.843205e+01	476	1.315587e+02	3.458979e+02	4.843205e+01	476	7.244594e-01	7.000000e-01	
4.853380e+01	477	1.415022e+02	3.357087e+02	4.853380e+01	477	7.034808e-01	7.000000e-01	
4.863554e+01	478	1.401963e+02	3.224937e+02	4.863554e+01	478	6.969973e-01	7.000000e-01	
4.873729e+01	479	1.382296e+02	3.204411e+02	4.873729e+01	479	6.986300e-01	7.000000e-01	
4.883904e+01	480	1.310094e+02	3.314722e+02	4.883904e+01	480	7.167252e-01	7.000000e-01	
4.894079e+01	481	1.415762e+02	3.307743e+02	4.894079e+01	481	7.002730e-01	7.000000e-01	
4.904254e+01	482	1.483274e+02	3.331719e+02	4.904254e+01	482	6.919468e-01	7.000000e-01	
4.914428e+01	483	1.089944e+02	2.715662e+02	4.914428e+01	483	7.135952e-01	7.000000e-01	
4.924603e+01	484	1.492344e+02	2.912136e+02	4.924603e+01	484	6.611759e-01	7.000000e-01	
4.934778e+01	485	1.586974e+02	3.010569e+02	4.934778e+01	485	6.548213e-01	7.000000e-01	
4.944953e+01	486	1.618196e+02	2.859660e+02	4.944953e+01	486	6.386226e-01	7.000000e-01	
4.955128e+01	487	1.639138e+02	3.421109e+02	4.955128e+01	487	6.760755e-01	7.000000e-01	
4.965302e+01	488	1.450854e+02	3.068481e+02	4.965302e+01	488	6.789674e-01	7.000000e-01	
4.975477e+01	489	1.713246e+02	2.922635e+02	4.975477e+01	489	6.304379e-01	7.000000e-01	
4.985652e+01	490	1.503887e+02	3.125230e+02	4.985652e+01	490	6.751244e-01	7.000000e-01	
4.995827e+01	491	1.956567e+02	2.333150e+02	4.995827e+01	491	5.438937e-01	7.000000e-01	
5.006002e+01	492	1.876754e+02	2.756191e+02	5.006002e+01	492	5.949112e-01	7.000000e-01	
5.016176e+01	493	1.695784e+02	2.973485e+02	5.016176e+01	493	6.368202e-01	7.000000e-01	
5.026351e+01	494	1.609452e+02	3.077113e+02	5.026351e+01	494	6.565817e-01	7.000000e-01	
5.036526e+01	495	1.694623e+02	2.792612e+02	5.036526e+01	495	6.223458e-01	7.000000e-01	
5.046701e+01	496	1.490045e+02	2.948573e+02	5.046701e+01	496	6.642998e-01	7.000000e-01	
5.056876e+01	497	1.877831e+02	2.755709e+02	5.056876e+01	497	5.947308e-01	7.000000e-01	
5.067050e+01	498	1.600631e+02	2.813039e+02	5.067050e+01	498	6.373469e-01	7.000000e-01	
5.077225e+01	499	1.656967e+02	2.854933e+02	5.077225e+01	499	6.327563e-01	7.000000e-01	
5.087400e+01	500	1.659012e+02	2.907740e+02	5.087400e+01	500	6.367195e-01	7.000000e-01	
5.097575e+01	501	1.815087e+02	2.484349e+02	5.097575e+01	501	5.778314e-01	7.000000e-01	
5.107750e+01	502	1.568276e+02	2.888904e+02	5.107750e+01	502	6.481461e-01	7.000000e-01	
5.117924e+01	503	1.642093e+02	3.039887e+02	5.117924e+01	503	6.492738e-01	7.000000e-01	
5.128099e+01	504	1.328803e+02	2.978491e+02	5.128099e+01	504	6.914993e-01	7.000000e-01	
5.138274e+01	505	1.209067e+02	2.850761e+02	5.138274e+01	505	7.021876e-01	7.000000e-01	
5.148449e+01	506	1.197890e+02	2.889220e+02	5.148449e+01	506	7.069103e-01	7.000000e-01	
5.158624e+01	507	1.149084e+02	3.146758e+02	5.158624e+01	507	7.325125e-01	7.000000e-01	
5.168798e+01	508	1.187598e+02	2.900249e+02	5.168798e+01	508	7.094808e-01	7.000000e-01	
5.178973e+01	509	1.197538e+02	2.886737e+02	5.178973e+01	509	7.067930e-01	7.000000e-01	
5.189148e+01	510	1.196606e+02	3.061295e+02	5.189148e+01	510	7.189681e-01	7.000000e-01	
5.199323e+01	511	1.574894e+02	3.604116e+02	5.199323e+01	511	6.959083e-01	7.000000e-01	
5.209498e+01	512	1.569035e+02	3.271832e+02	5.209498e+01	512	6.758773e-01	7.000000e-01	
5.219672e+01	513	1.350890e+02	3.068143e+02	5.219672e+01	513	6.943019e-01	7.000000e-01	
5.229847e+01	514	1.538013e+02	2.955825e+02	5.229847e+01	514	6.577507e-01	7.000000e-01	
5.240022e+01	515	1.543739e+02	3.135754e+02	5.240022e+01	515	6.701055e-01	7.000000e-01	
5.250197e+01	516	1.454660e+02	3.407474e+02	5.250197e+01	516	7.008186e-01	7.000000e-01	
5.260372e+01	517	1.585362e+02	3.161930e+02	5.260372e+01	517	6.660492e-01	7.000000e-01	
5.270546e+01	518	1.552866e+02	2.327773e+02	5.270546e+01	518	5.998427e-01	7.000000e-01	
5.280721e+01	519	1.593187e+02	3.042317e+02	5.280721e+01	519	6.563077e-01	7.000000e-01	
5.290896e+01	520	1.490626e+02	3.140865e+02	5.290896e+01	520	6.781542e-01	7.000000e-01	
5.301071e+01	521	1.581946e+02	3.017800e+02	5.301071e+01	521	6.560797e-01	7.000000e-01	
5.311246e+01	522	1.605763e+02	3.021575e+02	5.311246e+01	522	6.529834e-01	7.000000e-01	
5.321420e+01	523	1.486616e+02	2.905266e+02	5.321420e+01	523	6.615082e-01	7.000000e-01	
5.331595e+01	524	1.630992e+02	3.155275e+02	5.331595e+01	524	6.592351e-01	7.000000e-01	
5.341770e+01	525	1.586809e+02	3.277227e+02	5.341770e+01	525	6.737670e-01	7.000000e-01	
5.351945e+01	526	1.654098e+02	3.173720e+02	5.351945e+01	526	6.573819e-01	7.000000e-01	
5.362120e+01	527	1.682122e+02	3.023518e+02	5.362120e+01	527	6.425307e-01	7.000000e-01	
5.372294e+01	528	1.684399e+02	2.993044e+02	5.372294e+01	528	6.398889e-01	7.000000e-01	
5.382469e+01	529	1.622251e+02	3.303512e+02	5.382469e+01	529	6.706600e-01	7.000000e-01	
5.392644e+01	530	1.559338e+02	3.044895e+02	5.392644e+01	530	6.613251e-01	7.000000e-01	
5.402819e+01	531	1.907863e+02	3.104770e+02	5.402819e+01	531	6.193891e-01	7.000000e-01	
5.412994e+01	532	1.972807e+02	3.234106e+02	5.412994e+01	532	6.211177e-01	7.000000e-01	
5.423168e+01	533	1.736638e+02	3.013303e+02	5.423168e+01	533	6.343875e-01	7.000000e-01	
5.433343e+01	534	1.619542e+02	3.140403e+02	5.433343e+01	534	6.597562e-01	7.000000e-01	
5.443518e+01	535	1.871440e+02	3.060952e+02	5.443518e+01	535	6.205817e-01	7.000000e-01	
5.453693e+01	536	1.607680e+02	3.173964e+02	5.453693e+01	536	6.637809e-01	7.000000e-01	
5.463868e+01	537	1.563606e+02	2.915270e+02	5.463868e+01	537	6.508932e-01	7.000000e-01	
5.474042e+01	538	1.579830e+02	2.938480e+02	5.474042e+01	538	6.503494e-01	7.000000e-01	
5.484217e+01	539	1.852494e+02	3.196822e+02	5.484217e+01	539	6.331198e-01	7.000000e-01	
5.494392e+01	540	1.607088e+02	2.841510e+02	5.494392e+01	540	6.387428e-01	7.000000e-01	
5.504567e+01	541	1.599427e+02	3.074730e+02	5.504567e+01	541	6.578149e-01	7.000000e-01	
5.514742e+01	542	1.572849e+02	2.694777e+02	5.514742e+01	542	6.314464e-01	7.000000e-01	
5.524916e+01	543	1.486048e+02	2.681547e+02	5.524916e+01	543	6.434279e-01	7.000000e-01	
5.535091e+01	544	1.400077e+02	3.138801e+02	5.535091e+01	544	6.915368e-01	7.000000e-01	
5.545266e+01	545	1.642671e+02	2.830025e+02	5.545266e+01	545	6.327336e-01	7.000000e-01	
5.555441e+01	546	1.670936e+02	3.073635e+02	5.555441e+01	546	6.478215e-01	7.000000e-01	
5.565616e+01	547	1.629150e+02	3.158209e+02	5.565616e+01	547	6.596975e-01	7.000000e-01	
5.575790e+01	548	1.659660e+02	2.841710e+02	5.575790e+01	548	6.312989e-01	7.000000e-01	
5.585965e+01	549	1.873178e+02	2.811414e+02	5.585965e+01	549	6.001406e-01	7.000000e-01	
5.596140e+01	550	1.555431e+02	3.263145e+02	5.596140e+01	550	6.772011e-01	7.000000e-01	
5.606315e+01	551	1.670055e+02	2.685130e+02	5.606315e+01	551	6.165364e-01	7.000000e-01	
5.616490e+01	552	1.499234e+02	3.292492e+02	5.616490e+01	552	6.871203e-01	7.000000e-01	
5.626664e+01	553	1.593319e+02	3.267106e+02	5.626664e+01	553	6.721853e-01	7.000000e-01	
5.636839e+01	554	1.669104e+02	3.034683e+02	5.636839e+01	554	6.451574e-01	7.000000e-01	
5.647014e+01	555	1.674355e+02	3.211267e+02	5.647014e+01	555	6.572893e-01	7.000000e-01	
5.657189e+01	556	1.626456e+02	3.163591e+02	5.657189e+01	556	6.604509e-01	7.000000e-01	
5.667364e+01	557	1.760228e+02	3.395343e+02	5.667364e+01	557	6.585775e-01	7.000000e-01	
5.677538e+01	558	1.754568e+02	3.433147e+02	5.677538e+01	558	6.617840e-01	7.000000e-01	
5.687713e+01	559	1.562814e+02	3.331527e+02	5.687713e+01	559	6.806896e-01	7.000000e-01	
5.697888e+01	560	1.525576e+02	3.285154e+02	5.697888e+01	560	6.828806e-01	7.000000e-01	
5.708063e+01	561	1.764784e+02	3.275459e+02	5.708063e+01	561	6.498613e-01	7.000000e-01	
5.718238e+01	562	1.655215e+02	3.839207e+02	5.718238e+01	562	6.987463e-01	7.000000e-01	
5.728412e+01	563	1.675275e+02	3.541107e+02	5.728412e+01	563	6.788435e-01	7.000000e-01	
5.738587e+01	564	1.519956e+02	3.571789e+02	5.738587e+01	564	7.014862e-01	7.000000e-01	
5.748762e+01	565	1.728502e+02	3.440024e+02	5.748762e+01	565	6.655716e-01	7.000000e-01	
5.758937e+01	566	1.860354e+02	3.563580e+02	5.758937e+01	566	6.570102e-01	7.000000e-01	
5.769112e+01	567	1.414048e+02	3.190649e+02	5.769112e+01	567	6.929118e-01	7.000000e-01	
5.779286e+01	568	1.541605e+02	3.500037e+02	5.779286e+01	568	6.942256e-01	7.000000e-01	
5.789461e+01	569	1.265697e+02	3.229402e+02	5.789461e+01	569	7.184273e-01	7.000000e-01	
5.799636e+01	570	1.045753e+02	3.114247e+02	5.799636e+01	570	7.486171e-01	7.000000e-01	
5.809811e+01	571	1.378900e+02	3.131380e+02	5.809811e+01	571	6.942762e-01	7.000000e-01	
5.819986e+01	572	9.186863e+01	3.309049e+02	5.819986e+01	572	7.827001e-01	7.000000e-01	
5.830160e+01	573	9.545497e+01	3.036475e+02	5.830160e+01	573	7.608259e-01	7.000000e-01	
5.840335e+01	574	1.541476e+02	3.623654e+02	5.840335e+01	574	7.015610e-01	7.000000e-01	
5.850510e+01	575	1.223189e+02	2.963155e+02	5.850510e+01	575	7.078145e-01	7.000000e-01	
5.860685e+01	576	1.715186e+02	3.374632e+02	5.860685e+01	576	6.630162e-01	7.000000e-01	
5.870860e+01	577	1.622559e+02	3.466458e+02	5.870860e+01	577	6.811646e-01	7.000000e-01	
5.881034e+01	578	1.773599e+02	3.601499e+02	5.881034e+01	578	6.700341e-01	7.000000e-01	
5.891209e+01	579	1.515394e+02	3.582095e+02	5.891209e+01	579	7.027176e-01	7.000000e-01	
5.901384e+01	580	1.655983e+02	3.180303e+02	5.901384e+01	580	6.575920e-01	7.000000e-01	
5.911559e+01	581	1.533952e+02	3.223516e+02	5.911559e+01	581	6.775697e-01	7.000000e-01	
5.921734e+01	582	1.764416e+02	3.857033e+02	5.921734e+01	582	6.861279e-01	7.000000e-01	
5.931908e+01	583	1.613638e+02	3.461827e+02	5.931908e+01	583	6.820709e-01	7.000000e-01	
5.942083e+01	584	1.628998e+02	3.436951e+02	5.942083e+01	584	6.784417e-01	7.000000e-01	
5.952258e+01	585	1.671894e+02	3.165914e+02	5.952258e+01	585	6.544108e-01	7.000000e-01	
5.962433e+01	586	1.486447e+02	3.293979e+02	5.962433e+01	586	6.890555e-01	7.000000e-01	
5.972608e+01	587	1.597742e+02	3.740154e+02	5.972608e+01	587	7.006794e-01	7.000000e-01	
5.982782e+01	588	1.070259e+02	2.830722e+02	5.982782e+01	588	7.256436e-01	7.000000e-01	
5.992957e+01	589	1.131378e+02	3.162786e+02	5.992957e+01	589	7.365313e-01	7.000000e-01	
6.003132e+01	590	9.707576e+01	2.905653e+02	6.003132e+01	590	7.495731e-01	7.000000e-01	
6.013307e+01	591	1.169737e+02	2.755892e+02	6.013307e+01	591	7.020256e-01	7.000000e-01	
6.023482e+01	592	1.149072e+02	3.124121e+02	6.023482e+01	592	7.310976e-01	7.000000e-01	
6.033656e+01	593	1.145150e+02	2.939706e+02	6.033656e+01	593	7.196596e-01	7.000000e-01	
6.043831e+01	594	1.130983e+02	3.147511e+02	6.043831e+01	594	7.356586e-01	7.000000e-01	
6.054006e+01	595	1.279275e+02	3.100853e+02	6.054006e+01	595	7.079366e-01	7.000000e-01	
6.064181e+01	596	1.192100e+02	3.146466e+02	6.064181e+01	596	7.252318e-01	7.000000e-01	
6.074356e+01	597	1.153033e+02	3.241112e+02	6.074356e+01	597	7.375979e-01	7.000000e-01	
6.084530e+01	598	1.205753e+02	2.994157e+02	6.084530e+01	598	7.129098e-01	7.000000e-01	
6.094705e+01	599	1.321390e+02	3.115593e+02	6.094705e+01	599	7.021873e-01	7.000000e-01	
6.104880e+01	600	1.248234e+02	3.103490e+02	6.104880e+01	600	7.131633e-01	7.000000e-01	
6.115055e+01	601	1.328185e+02	3.009716e+02	6.115055e+01	601	6.938185e-01	7.000000e-01	
6.125230e+01	602	1.120057e+02	3.536592e+02	6.125230e+01	602	7.594715e-01	7.000000e-01	
6.135404e+01	603	1.308670e+02	3.219305e+02	6.135404e+01	603	7.109812e-01	7.000000e-01	
6.145579e+01	604	1.251208e+02	3.153633e+02	6.145579e+01	604	7.159471e-01	7.000000e-01	
6.155754e+01	605	1.002528e+02	3.543756e+02	6.155754e+01	605	7.794841e-01	7.000000e-01	
6.165929e+01	606	1.224933e+02	3.210809e+02	6.165929e+01	606	7.238494e-01	7.000000e-01	
6.176104e+01	607	1.039988e+02	3.443989e+02	6.176104e+01	607	7.680657e-01	7.000000e-01	
6.186278e+01	608	1.048020e+02	3.328503e+02	6.186278e+01	608	7.605359e-01	7.000000e-01	
6.196453e+01	609	1.143135e+02	3.501119e+02	6.196453e+01	609	7.538604e-01	7.000000e-01	
6.206628e+01	610	1.074424e+02	3.354827e+02	6.206628e+01	610	7.574254e-01	7.000000e-01	
6.216803e+01	611	9.719732e+01	3.347098e+02	6.216803e+01	611	7.749578e-01	7.000000e-01	
6.226978e+01	612	8.965443e+01	3.275587e+02	6.226978e+01	612	7.851112e-01	7.000000e-01	
6.237152e+01	613	1.066248e+02	3.544671e+02	6.237152e+01	613	7.687559e-01	7.000000e-01	
6.247327e+01	614	9.963384e+01	3.647456e+02	6.247327e+01	614	7.854473e-01	7.000000e-01	
6.257502e+01	615	1.226116e+02	3.153941e+02	6.257502e+01	615	7.200685e-01	7.000000e-01	
6.267677e+01	616	1.018988e+02	3.355004e+02	6.267677e+01	616	7.670348e-01	7.000000e-01	
6.277852e+01	617	1.217908e+02	3.108106e+02	6.277852e+01	617	7.184688e-01	7.000000e-01	
6.288026e+01	618	1.172633e+02	3.161720e+02	6.288026e+01	618	7.294560e-01	7.000000e-01	
6.298201e+01	619	1.157388e+02	3.174405e+02	6.298201e+01	619	7.328155e-01	7.000000e-01	
6.308376e+01	620	1.124471e+02	3.165517e+02	6.308376e+01	620	7.378848e-01	7.000000e-01	
6.318551e+01	621	1.133054e+02	3.286561e+02	6.318551e+01	621	7.436306e-01	7.000000e-01	
6.328726e+01	622	1.113222e+02	3.170416e+02	6.328726e+01	622	7.401223e-01	7.000000e-01	
6.338900e+01	623	125	3.349480e+02	6.338900e+01	623	7.282301e-01	7.000000e-01	
6.349075e+01	624	1.121360e+02	3.264297e+02	6.349075e+01	624	7.443120e-01	7.000000e-01	
6.359250e+01	625	1.245569e+02	3.407899e+02	6.359250e+01	625	7.323353e-01	7.000000e-01	
6.369425e+01	626	1.278502e+02	3.334294e+02	6.369425e+01	626	7.228358e-01	7.000000e-01	
6.379600e+01	627	1.205381e+02	3.058672e+02	6.379600e+01	627	7.173157e-01	7.000000e-01	
6.389774e+01	628	1.410730e+02	3.323295e+02	6.389774e+01	628	7.020020e-01	7.000000e-01	
6.399949e+01	629	1.275423e+02	3.378565e+02	6.399949e+01	629	7.259505e-01	7.000000e-01	
6.410124e+01	630	1.126456e+02	3.566837e+02	6.410124e+01	630	7.599860e-01	7.000000e-01	
6.420299e+01	631	1.172329e+02	3.101406e+02	6.420299e+01	631	7.256898e-01	7.000000e-01	
6.430474e+01	632	1.308558e+02	3.371182e+02	6.430474e+01	632	7.203781e-01	7.000000e-01	
6.440648e+01	633	1.356640e+02	3.530800e+02	6.440648e+01	633	7.224232e-01	7.000000e-01	
6.450823e+01	634	1.031749e+02	3.409408e+02	6.450823e+01	634	7.676846e-01	7.000000e-01	
6.460998e+01	635	1.166416e+02	3.353132e+02	6.460998e+01	635	7.419176e-01	7.000000e-01	
6.471173e+01	636	1.180229e+02	3.539403e+02	6.471173e+01	636	7.499320e-01	7.000000e-01	
6.481348e+01	637	1.183015e+02	3.522638e+02	6.481348e+01	637	7.485971e-01	7.000000e-01	
6.491522e+01	638	1.076180e+02	3.526554e+02	6.491522e+01	638	7.661868e-01	7.000000e-01	
6.501697e+01	639	1.249235e+02	3.644346e+02	6.501697e+01	639	7.447197e-01	7.000000e-01	
6.511872e+01	640	1.080527e+02	3.554552e+02	6.511872e+01	640	7.668806e-01	7.000000e-01	
6.522047e+01	641	1.256011e+02	3.582413e+02	6.522047e+01	641	7.404091e-01	7.000000e-01	
6.532222e+01	642	1.240499e+02	3.237996e+02	6.532222e+01	642	7.230099e-01	7.000000e-01	
6.542396e+01	643	1.186567e+02	3.265621e+02	6.542396e+01	643	7.334868e-01	7.000000e-01	
6.552571e+01	644	1.301667e+02	3.284700e+02	6.552571e+01	644	7.161878e-01	7.000000e-01	
6.562746e+01	645	1.191373e+02	3.756692e+02	6.562746e+01	645	7.592245e-01	7.000000e-01	
6.572921e+01	646	1.175875e+02	3.786340e+02	6.572921e+01	646	7.630342e-01	7.000000e-01	
6.583096e+01	647	1.176715e+02	4.138578e+02	6.583096e+01	647	7.786171e-01	7.000000e-01	
6.593270e+01	648	1.084839e+02	4.149705e+02	6.593270e+01	648	7.927539e-01	7.000000e-01	
6.603445e+01	649	1.237772e+02	3.107861e+02	6.603445e+01	649	7.151688e-01	7.000000e-01	
6.613620e+01	650	1.321033e+02	3.025471e+02	6.613620e+01	650	6.960700e-01	7.000000e-01	
6.623795e+01	651	1.266261e+02	3.347489e+02	6.623795e+01	651	7.255462e-01	7.000000e-01	
6.633970e+01	652	1.343238e+02	3.140232e+02	6.633970e+01	652	7.004021e-01	7.000000e-01	
6.644144e+01	653	1.187552e+02	2.926459e+02	6.644144e+01	653	7.113396e-01	7.000000e-01	
6.654319e+01	654	1.286429e+02	2.950224e+02	6.654319e+01	654	6.963572e-01	7.000000e-01	
6.664494e+01	655	1.174626e+02	3.001092e+02	6.664494e+01	655	7.187008e-01	7.000000e-01	
6.674669e+01	656	1.236709e+02	3.017416e+02	6.674669e+01	656	7.092918e-01	7.000000e-01	
6.684844e+01	657	1.332580e+02	3.083090e+02	6.684844e+01	657	6.982157e-01	7.000000e-01	
6.695018e+01	658	1.391072e+02	3.210017e+02	6.695018e+01	658	6.976646e-01	7.000000e-01	
6.705193e+01	659	1.317511e+02	2.881708e+02	6.705193e+01	659	6.862486e-01	7.000000e-01	
6.715368e+01	660	1.268974e+02	3.013590e+02	6.715368e+01	660	7.036883e-01	7.000000e-01	
6.725543e+01	661	1.317808e+02	3.084350e+02	6.725543e+01	661	7.006450e-01	7.000000e-01	
6.735718e+01	662	1.185460e+02	3.015737e+02	6.735718e+01	662	7.178280e-01	7.000000e-01	
6.745892e+01	663	1.350937e+02	2.969445e+02	6.745892e+01	663	6.873108e-01	7.000000e-01	
6.756067e+01	664	1.472193e+02	2.995991e+02	6.756067e+01	664	6.705165e-01	7.000000e-01	
6.766242e+01	665	1.266808e+02	2.922996e+02	6.766242e+01	665	6.976450e-01	7.000000e-01	
6.776417e+01	666	1.323520e+02	3.171782e+02	6.776417e+01	666	7.055771e-01	7.000000e-01	
6.786592e+01	667	1.402624e+02	3.102703e+02	6.786592e+01	667	6.886743e-01	7.000000e-01	
6.796766e+01	668	1.304057e+02	2.943957e+02	6.796766e+01	668	6.930196e-01	7.000000e-01	
6.806941e+01	669	1.305290e+02	2.953540e+02	6.806941e+01	669	6.935097e-01	7.000000e-01	
6.817116e+01	670	1.336325e+02	2.929025e+02	6.817116e+01	670	6.867021e-01	7.000000e-01	
6.827291e+01	671	1.273402e+02	2.828753e+02	6.827291e+01	671	6.895773e-01	7.000000e-01	
6.837466e+01	672	1.209888e+02	2.930432e+02	6.837466e+01	672	7.077791e-01	7.000000e-01	
6.847640e+01	673	1.240908e+02	3.181093e+02	6.847640e+01	673	7.193786e-01	7.000000e-01	
6.857815e+01	674	1.270498e+02	3.160982e+02	6.857815e+01	674	7.133017e-01	7.000000e-01	
6.867990e+01	675	1.307333e+02	2.858524e+02	6.867990e+01	675	6.861791e-01	7.000000e-01	
6.878165e+01	676	1.288330e+02	3.267061e+02	6.878165e+01	676	7.171856e-01	7.000000e-01	
6.888340e+01	677	1.352461e+02	3.292390e+02	6.888340e+01	677	7.088258e-01	7.000000e-01	
6.898514e+01	678	1.455703e+02	3.364181e+02	6.898514e+01	678	6.979797e-01	7.000000e-01	
6.908689e+01	679	1.331825e+02	3.225055e+02	6.908689e+01	679	7.077331e-01	7.000000e-01	
6.918864e+01	680	1.333944e+02	3.234090e+02	6.918864e+01	680	7.079829e-01	7.000000e-01	
6.929039e+01	681	1.244518e+02	3.321149e+02	6.929039e+01	681	7.274181e-01	7.000000e-01	
6.939214e+01	682	1.274307e+02	3.252613e+02	6.939214e+01	682	7.185046e-01	7.000000e-01	
6.949388e+01	683	1.326006e+02	3.213965e+02	6.949388e+01	683	7.079263e-01	7.000000e-01	
6.959563e+01	684	1.306342e+02	3.174596e+02	6.959563e+01	684	7.084668e-01	7.000000e-01	
6.969738e+01	685	1.143823e+02	3.269691e+02	6.969738e+01	685	7.408362e-01	7.000000e-01	
6.979913e+01	686	1.249935e+02	3.202110e+02	6.979913e+01	686	7.192448e-01	7.000000e-01	
6.990088e+01	687	1.356355e+02	3.087325e+02	6.990088e+01	687	6.947676e-01	7.000000e-01	
7.000262e+01	688	1.377917e+02	3.221269e+02	7.000262e+01	688	7.003998e-01	7.000000e-01	
7.010437e+01	689	9.158624e+01	3.141223e+02	7.010437e+01	689	7.742561e-01	7.000000e-01	
7.020612e+01	690	1.170073e+02	3.071674e+02	7.020612e+01	690	7.241530e-01	7.000000e-01	
7.030787e+01	691	1.365780e+02	2.903868e+02	7.030787e+01	691	6.801188e-01	7.000000e-01	
7.040962e+01	692	1.205454e+02	3.048201e+02	7.040962e+01	692	7.166075e-01	7.000000e-01	
7.051136e+01	693	1.340455e+02	3.151534e+02	7.051136e+01	693	7.015899e-01	7.000000e-01	
7.061311e+01	694	1.672651e+02	2.472521e+02	7.061311e+01	694	5.964821e-01	7.000000e-01	
7.071486e+01	695	1.554202e+02	2.598007e+02	7.071486e+01	695	6.256927e-01	7.000000e-01	
7.081661e+01	696	1.549938e+02	2.511019e+02	7.081661e+01	696	6.183318e-01	7.000000e-01	
7.091836e+01	697	1.346226e+02	2.912459e+02	7.091836e+01	697	6.838869e-01	7.000000e-01	
7.102010e+01	698	1.348029e+02	2.845946e+02	7.102010e+01	698	6.785796e-01	7.000000e-01	
7.112185e+01	699	1.460012e+02	3.066933e+02	7.112185e+01	699	6.774840e-01	7.000000e-01	
7.122360e+01	700	1.392999e+02	3.124540e+02	7.122360e+01	700	6.916465e-01	7.000000e-01	
7.132535e+01	701	1.479497e+02	2.542624e+02	7.132535e+01	701	6.321600e-01	7.000000e-01	
7.142710e+01	702	1.244354e+02	3.457522e+02	7.142710e+01	702	7.353495e-01	7.000000e-01	
7.152884e+01	703	1.433953e+02	2.619117e+02	7.152884e+01	703	6.462057e-01	7.000000e-01	
7.163059e+01	704	1.296753e+02	3.117432e+02	7.163059e+01	704	7.062305e-01	7.000000e-01	
7.173234e+01	705	1.241924e+02	3.374533e+02	7.173234e+01	705	7.309790e-01	7.000000e-01	
7.183409e+01	706	1.126325e+02	3.685160e+02	7.183409e+01	706	7.659091e-01	7.000000e-01	
7.193584e+01	707	1.294014e+02	3.445602e+02	7.193584e+01	707	7.269791e-01	7.000000e-01	
7.203758e+01	708	1.052170e+02	3.203785e+02	7.203758e+01	708	7.527770e-01	7.000000e-01	
7.213933e+01	709	1.262611e+02	3.289286e+02	7.213933e+01	709	7.226187e-01	7.000000e-01	
7.224108e+01	710	1.284681e+02	3.250752e+02	7.224108e+01	710	7.167457e-01	7.000000e-01	
7.234283e+01	711	1.297731e+02	3.274172e+02	7.234283e+01	711	7.161508e-01	7.000000e-01	
7.244458e+01	712	1.226065e+02	3.350172e+02	7.244458e+01	712	7.320801e-01	7.000000e-01	
7.254632e+01	713	1.142221e+02	3.343343e+02	7.254632e+01	713	7.453562e-01	7.000000e-01	
7.264807e+01	714	1.271720e+02	3.359883e+02	7.264807e+01	714	7.254255e-01	7.000000e-01	
7.274982e+01	715	1.440296e+02	2.993253e+02	7.274982e+01	715	6.751370e-01	7.000000e-01	
7.285157e+01	716	1.597364e+02	3.020430e+02	7.285157e+01	716	6.540850e-01	7.000000e-01	
7.295332e+01	717	1.408821e+02	3.228892e+02	7.295332e+01	717	6.962251e-01	7.000000e-01	
7.305506e+01	718	1.510271e+02	3.279281e+02	7.305506e+01	718	6.846738e-01	7.000000e-01	
7.315681e+01	719	1.366496e+02	2.990048e+02	7.315681e+01	719	6.863349e-01	7.000000e-01	
7.325856e+01	720	1.401743e+02	3.133112e+02	7.325856e+01	720	6.908957e-01	7.000000e-01	
7.336031e+01	721	1.671763e+02	2.581328e+02	7.336031e+01	721	6.069299e-01	7.000000e-01	
7.346206e+01	722	1.413946e+02	3.369211e+02	7.346206e+01	722	7.043906e-01	7.000000e-01	
7.356380e+01	723	1.717144e+02	2.442830e+02	7.356380e+01	723	5.872224e-01	7.000000e-01	
7.366555e+01	724	1.796343e+02	2.539790e+02	7.366555e+01	724	5.857270e-01	7.000000e-01	
7.376730e+01	725	1.479746e+02	2.720809e+02	7.376730e+01	725	6.477261e-01	7.000000e-01	
7.386905e+01	726	1.529053e+02	2.911198e+02	7.386905e+01	726	6.556382e-01	7.000000e-01	
7.397080e+01	727	1.710042e+02	2.494440e+02	7.397080e+01	727	5.932812e-01	7.000000e-01	
7.407254e+01	728	1.688888e+02	2.397059e+02	7.407254e+01	728	5.866593e-01	7.000000e-01	
7.417429e+01	729	1.452118e+02	2.728553e+02	7.417429e+01	729	6.526591e-01	7.000000e-01	
7.427604e+01	730	1.442274e+02	2.670409e+02	7.427604e+01	730	6.493107e-01	7.000000e-01	
7.437779e+01	731	1.397606e+02	2.722406e+02	7.437779e+01	731	6.607762e-01	7.000000e-01	
7.447954e+01	732	1.490753e+02	2.730754e+02	7.447954e+01	732	6.468671e-01	7.000000e-01	
7.458128e+01	733	1.592784e+02	2.834027e+02	7.458128e+01	733	6.401961e-01	7.000000e-01	
7.468303e+01	734	1.500550e+02	2.655956e+02	7.468303e+01	734	6.389876e-01	7.000000e-01	
7.478478e+01	735	1.958411e+02	2.736759e+02	7.478478e+01	735	5.828882e-01	7.000000e-01	
7.488653e+01	736	1.426914e+02	2.991877e+02	7.488653e+01	736	6.770805e-01	7.000000e-01	
7.498828e+01	737	1.562098e+02	2.634682e+02	7.498828e+01	737	6.277865e-01	7.000000e-01	
7.509002e+01	738	1.187386e+02	3.027379e+02	7.509002e+01	738	7.182794e-01	7.000000e-01	
7.519177e+01	739	1.125984e+02	3.035997e+02	7.519177e+01	739	7.294596e-01	7.000000e-01	
7.529352e+01	740	1.372177e+02	3.061807e+02	7.529352e+01	740	6.905318e-01	7.000000e-01	
7.539527e+01	741	1.093766e+02	3.276219e+02	7.539527e+01	741	7.497094e-01	7.000000e-01	
7.549702e+01	742	1.138184e+02	2.973577e+02	7.549702e+01	742	7.231882e-01	7.000000e-01	
7.559876e+01	743	1.208274e+02	3.027298e+02	7.559876e+01	743	7.147318e-01	7.000000e-01	
7.570051e+01	744	1.090526e+02	2.952032e+02	7.570051e+01	744	7.302386e-01	7.000000e-01	
7.580226e+01	745	1.160383e+02	2.969806e+02	7.580226e+01	745	7.190485e-01	7.000000e-01	
7.590401e+01	746	1.204896e+02	2.785672e+02	7.590401e+01	746	6.980640e-01	7.000000e-01	
7.600576e+01	747	1.267664e+02	2.807395e+02	7.600576e+01	747	6.889213e-01	7.000000e-01	
7.610750e+01	748	1.102686e+02	2.787302e+02	7.610750e+01	748	7.165323e-01	7.000000e-01	
7.620925e+01	749	1.176739e+02	2.878341e+02	7.620925e+01	749	7.098112e-01	7.000000e-01	
7.631100e+01	750	1.169058e+02	2.447309e+02	7.631100e+01	750	6.767314e-01	7.000000e-01	
7.641275e+01	751	1.197182e+02	2.769545e+02	7.641275e+01	751	6.981940e-01	7.000000e-01	
7.651450e+01	752	1.290593e+02	2.905920e+02	7.651450e+01	752	6.924606e-01	7.000000e-01	
7.661624e+01	753	1.226683e+02	2.967597e+02	7.661624e+01	753	7.075343e-01	7.000000e-01	
7.671799e+01	754	1.237123e+02	2.717097e+02	7.671799e+01	754	6.871386e-01	7.000000e-01	
7.681974e+01	755	1.212821e+02	2.713200e+02	7.681974e+01	755	6.910814e-01	7.000000e-01	
7.692149e+01	756	1.284614e+02	2.466313e+02	7.692149e+01	756	6.575209e-01	7.000000e-01	
7.702324e+01	757	1.099307e+02	3.003324e+02	7.702324e+01	757	7.320483e-01	7.000000e-01	
7.712498e+01	758	1.205675e+02	2.808107e+02	7.712498e+01	758	6.996162e-01	7.000000e-01	
7.722673e+01	759	1.142008e+02	2.904396e+02	7.722673e+01	759	7.177721e-01	7.000000e-01	
7.732848e+01	760	1.201783e+02	2.993269e+02	7.732848e+01	760	7.135237e-01	7.000000e-01	
7.743023e+01	761	1.035823e+02	3.007086e+02	7.743023e+01	761	7.437927e-01	7.000000e-01	
7.753198e+01	762	1.102993e+02	2.914507e+02	7.753198e+01	762	7.254529e-01	7.000000e-01	
7.763372e+01	763	1.171870e+02	3.061854e+02	7.763372e+01	763	7.232059e-01	7.000000e-01	
7.773547e+01	764	1.003190e+02	2.918292e+02	7.773547e+01	764	7.441809e-01	7.000000e-01	
7.783722e+01	765	1.016133e+02	2.977806e+02	7.783722e+01	765	7.455812e-01	7.000000e-01	
7.793897e+01	766	9.388212e+01	2.650296e+02	7.793897e+01	766	7.384256e-01	7.000000e-01	
7.804072e+01	767	1.169243e+02	3.021955e+02	7.804072e+01	767	7.210242e-01	7.000000e-01	
7.814246e+01	768	1.161894e+02	2.997028e+02	7.814246e+01	768	7.206262e-01	7.000000e-01	
7.824421e+01	769	1.095070e+02	2.879449e+02	7.824421e+01	769	7.244774e-01	7.000000e-01	
7.834596e+01	770	1.177007e+02	3.075011e+02	7.834596e+01	770	7.231886e-01	7.000000e-01	
7.844771e+01	771	1.321635e+02	3.145544e+02	7.844771e+01	771	7.041455e-01	7.000000e-01	
7.854946e+01	772	1.158895e+02	2.996108e+02	7.854946e+01	772	7.210844e-01	7.000000e-01	
7.865120e+01	773	1.378231e+02	2.959780e+02	7.865120e+01	773	6.822896e-01	7.000000e-01	
7.875295e+01	774	1.201213e+02	3.020806e+02	7.875295e+01	774	7.154885e-01	7.000000e-01	
7.885470e+01	775	1.383268e+02	2.713396e+02	7.885470e+01	775	6.623428e-01	7.000000e-01	
7.895645e+01	776	1.471946e+02	2.813617e+02	7.895645e+01	776	6.565338e-01	7.000000e-01	
7.905820e+01	777	1.366743e+02	2.895756e+02	7.905820e+01	777	6.793564e-01	7.000000e-01	
7.915994e+01	778	1.384355e+02	2.709243e+02	7.915994e+01	778	6.618244e-01	7.000000e-01	
7.926169e+01	779	1.731763e+02	2.593971e+02	7.926169e+01	779	5.996603e-01	7.000000e-01	
7.936344e+01	780	1.235131e+02	3.262852e+02	7.936344e+01	780	7.254034e-01	7.000000e-01	
7.946519e+01	781	1.363846e+02	2.876344e+02	7.946519e+01	781	6.783526e-01	7.000000e-01	
7.956694e+01	782	1.748951e+02	3.537107e+02	7.956694e+01	782	6.691389e-01	7.000000e-01	
7.966868e+01	783	1.375714e+02	3.535943e+02	7.966868e+01	783	7.199084e-01	7.000000e-01	
7.977043e+01	784	1.501167e+02	3.309435e+02	7.977043e+01	784	6.879461e-01	7.000000e-01	
7.987218e+01	785	9.086109e+01	3.289608e+02	7.987218e+01	785	7.835723e-01	7.000000e-01	
7.997393e+01	786	1.086918e+02	3.512287e+02	7.997393e+01	786	7.636726e-01	7.000000e-01	
8.007568e+01	787	1.054510e+02	3.676298e+02	8.007568e+01	787	7.770973e-01	7.000000e-01	
8.017742e+01	788	9.384409e+01	3.330693e+02	8.017742e+01	788	7.801800e-01	7.000000e-01	
8.027917e+01	789	9.994670e+01	3.647639e+02	8.027917e+01	789	7.849270e-01	7.000000e-01	
8.038092e+01	790	1.170478e+02	3.892569e+02	8.038092e+01	790	7.688194e-01	7.000000e-01	
8.048267e+01	791	1.058548e+02	3.658399e+02	8.048267e+01	791	7.755862e-01	7.000000e-01	
8.058442e+01	792	9.430563e+01	3.785404e+02	8.058442e+01	792	8.005574e-01	7.000000e-01	
8.068616e+01	793	1.096668e+02	3.422841e+02	8.068616e+01	793	7.573480e-01	7.000000e-01	
8.078791e+01	794	1.085445e+02	3.489635e+02	8.078791e+01	794	7.627484e-01	7.000000e-01	
8.088966e+01	795	1.225638e+02	3.673278e+02	8.088966e+01	795	7.498144e-01	7.000000e-01	
8.099141e+01	796	1.225014e+02	3.087860e+02	8.099141e+01	796	7.159634e-01	7.000000e-01	
8.109316e+01	797	1.333194e+02	2.906198e+02	8.109316e+01	797	6.855224e-01	7.000000e-01	
8.119490e+01	798	1.286021e+02	2.860196e+02	8.119490e+01	798	6.898327e-01	7.000000e-01	
8.129665e+01	799	1.270724e+02	2.881906e+02	8.129665e+01	799	6.939954e-01	7.000000e-01	
8.139840e+01	800	9.921640e+01	3.138621e+02	8.139840e+01	800	7.598122e-01	7.000000e-01	
8.150015e+01	801	1.102174e+02	3.350617e+02	8.150015e+01	801	7.524757e-01	7.000000e-01	
8.160190e+01	802	1.009677e+02	3.034926e+02	8.160190e+01	802	7.503644e-01	7.000000e-01	
8.170364e+01	803	1.073801e+02	3.295372e+02	8.170364e+01	803	7.542324e-01	7.000000e-01	
8.180539e+01	804	1.580632e+02	2.940936e+02	8.180539e+01	804	6.504239e-01	7.000000e-01	
8.190714e+01	805	1.340404e+02	2.599794e+02	8.190714e+01	805	6.598130e-01	7.000000e-01	
8.200889e+01	806	1.457552e+02	2.719650e+02	8.200889e+01	806	6.510698e-01	7.000000e-01	
8.211064e+01	807	1.506569e+02	2.667743e+02	8.211064e+01	807	6.390857e-01	7.000000e-01	
8.221238e+01	808	1.290570e+02	2.862268e+02	8.221238e+01	808	6.892318e-01	7.000000e-01	
8.231413e+01	809	1.370344e+02	2.841150e+02	8.231413e+01	809	6.746181e-01	7.000000e-01	
8.241588e+01	810	1.514384e+02	2.763182e+02	8.241588e+01	810	6.459706e-01	7.000000e-01	
8.251763e+01	811	1.424113e+02	2.615869e+02	8.251763e+01	811	6.474952e-01	7.000000e-01	
8.261938e+01	812	1.509012e+02	2.894453e+02	8.261938e+01	812	6.573126e-01	7.000000e-01	
8.272112e+01	813	1.564911e+02	2.856062e+02	8.272112e+01	813	6.460257e-01	7.000000e-01	
8.282287e+01	814	1.384420e+02	2.993621e+02	8.282287e+01	814	6.837809e-01	7.000000e-01	
8.292462e+01	815	1.329648e+02	2.510866e+02	8.292462e+01	815	6.537838e-01	7.000000e-01	
8.302637e+01	816	1.452064e+02	2.526911e+02	8.302637e+01	816	6.350658e-01	7.000000e-01	
8.312812e+01	817	1.193305e+02	2.715075e+02	8.312812e+01	817	6.946804e-01	7.000000e-01	
8.322986e+01	818	1.390299e+02	2.804347e+02	8.322986e+01	818	6.685539e-01	7.000000e-01	
8.333161e+01	819	1.385184e+02	2.784390e+02	8.333161e+01	819	6.677876e-01	7.000000e-01	
8.343336e+01	820	1.394111e+02	2.814137e+02	8.343336e+01	820	6.687194e-01	7.000000e-01	
8.353511e+01	821	1.397027e+02	2.916713e+02	8.353511e+01	821	6.761448e-01	7.000000e-01	
8.363686e+01	822	1.430490e+02	2.638149e+02	8.363686e+01	822	6.484107e-01	7.000000e-01	
8.373860e+01	823	1.615174e+02	2.802275e+02	8.373860e+01	823	6.343650e-01	7.000000e-01	
8.384035e+01	824	1.570688e+02	2.723609e+02	8.384035e+01	824	6.342386e-01	7.000000e-01	
8.394210e+01	825	1.524511e+02	2.751865e+02	8.394210e+01	825	6.435040e-01	7.000000e-01	
8.404385e+01	826	1.480547e+02	2.682141e+02	8.404385e+01	826	6.443291e-01	7.000000e-01	
8.414560e+01	827	1.451283e+02	2.801990e+02	8.414560e+01	827	6.587844e-01	7.000000e-01	
8.424734e+01	828	1.047640e+02	2.885262e+02	8.424734e+01	828	7.336216e-01	7.000000e-01	
8.434909e+01	829	1.571495e+02	2.625859e+02	8.434909e+01	829	6.255987e-01	7.000000e-01	
8.445084e+01	830	1.526704e+02	2.725415e+02	8.445084e+01	830	6.409545e-01	7.000000e-01	
8.455259e+01	831	1.521292e+02	2.806171e+02	8.455259e+01	831	6.484564e-01	7.000000e-01	
8.465434e+01	832	1.484270e+02	2.582243e+02	8.465434e+01	832	6.350018e-01	7.000000e-01	
8.475608e+01	833	1.648091e+02	2.673380e+02	8.475608e+01	833	6.186273e-01	7.000000e-01	
8.485783e+01	834	1.616991e+02	2.253882e+02	8.485783e+01	834	5.822671e-01	7.000000e-01	
8.495958e+01	835	1.623623e+02	2.535451e+02	8.495958e+01	835	6.096191e-01	7.000000e-01	
8.506133e+01	836	1.388045e+02	2.654336e+02	8.506133e+01	836	6.566269e-01	7.000000e-01	
8.516308e+01	837	1.335061e+02	3.096683e+02	8.516308e+01	837	6.987504e-01	7.000000e-01	
8.526482e+01	838	1.208049e+02	3.066328e+02	8.526482e+01	838	7.173743e-01	7.000000e-01	
8.536657e+01	839	1.261742e+02	3.282552e+02	8.536657e+01	839	7.223459e-01	7.000000e-01	
8.546832e+01	840	1.321362e+02	2.894718e+02	8.546832e+01	840	6.865899e-01	7.000000e-01	
8.557007e+01	841	1.154812e+02	3.278450e+02	8.557007e+01	841	7.395119e-01	7.000000e-01	
8.567182e+01	842	1.251801e+02	3.272042e+02	8.567182e+01	842	7.232881e-01	7.000000e-01	
8.577356e+01	843	1.143859e+02	2.494573e+02	8.577356e+01	843	6.856176e-01	7.000000e-01	
8.587531e+01	844	1.214815e+02	2.461765e+02	8.587531e+01	844	6.695802e-01	7.000000e-01	
8.597706e+01	845	1.068824e+02	2.388883e+02	8.597706e+01	845	6.908865e-01	7.000000e-01	
8.607881e+01	846	1.228527e+02	2.505877e+02	8.607881e+01	846	6.710246e-01	7.000000e-01	
8.618056e+01	847	1.110079e+02	2.535763e+02	8.618056e+01	847	6.955219e-01	7.000000e-01	
8.628230e+01	848	1.547766e+02	2.830779e+02	8.628230e+01	848	6.465113e-01	7.000000e-01	
8.638405e+01	849	1.170788e+02	2.530541e+02	8.638405e+01	849	6.836844e-01	7.000000e-01	
8.648580e+01	850	1.353216e+02	2.764921e+02	8.648580e+01	850	6.714009e-01	7.000000e-01	
8.658755e+01	851	1.156771e+02	2.462218e+02	8.658755e+01	851	6.803607e-01	7.000000e-01	
8.668930e+01	852	1.642279e+02	2.930908e+02	8.668930e+01	852	6.408896e-01	7.000000e-01	
8.679104e+01	853	1.212939e+02	2.754380e+02	8.679104e+01	853	6.942673e-01	7.000000e-01	
8.689279e+01	854	1.779893e+02	2.776728e+02	8.689279e+01	854	6.093831e-01	7.000000e-01	
8.699454e+01	855	1.378105e+02	2.971763e+02	8.699454e+01	855	6.831846e-01	7.000000e-01	
8.709629e+01	856	1.829847e+02	3.010875e+02	8.709629e+01	856	6.219888e-01	7.000000e-01	
8.719804e+01	857	1.806058e+02	2.702189e+02	8.719804e+01	857	5.993880e-01	7.000000e-01	
8.729978e+01	858	1.299374e+02	2.998700e+02	8.729978e+01	858	6.976846e-01	7.000000e-01	
8.740153e+01	859	1.284764e+02	3.225787e+02	8.740153e+01	859	7.151647e-01	7.000000e-01	
8.750328e+01	860	1.154320e+02	3.043331e+02	8.750328e+01	860	7.250081e-01	7.000000e-01	
8.760503e+01	861	1.203407e+02	3.230708e+02	8.760503e+01	861	7.286027e-01	7.000000e-01	
8.770678e+01	862	1.525259e+02	2.871737e+02	8.770678e+01	862	6.531134e-01	7.000000e-01	
8.780852e+01	863	1.180862e+02	3.058522e+02	8.780852e+01	863	7.214543e-01	7.000000e-01	
8.791027e+01	864	1.329011e+02	2.688789e+02	8.791027e+01	864	6.692192e-01	7.000000e-01	
8.801202e+01	865	1.319094e+02	2.490983e+02	8.801202e+01	865	6.537881e-01	7.000000e-01	
8.811377e+01	866	1.170929e+02	2.690753e+02	8.811377e+01	866	6.967826e-01	7.000000e-01	
8.821552e+01	867	1.352184e+02	2.375094e+02	8.821552e+01	867	6.372194e-01	7.000000e-01	
8.831726e+01	868	1.334545e+02	2.344246e+02	8.831726e+01	868	6.372327e-01	7.000000e-01	
8.841901e+01	869	1.309281e+02	2.816382e+02	8.841901e+01	869	6.826496e-01	7.000000e-01	
8.852076e+01	870	1.249895e+02	2.527615e+02	8.852076e+01	870	6.691220e-01	7.000000e-01	
8.862251e+01	871	1.584024e+02	2.987987e+02	8.862251e+01	871	6.535389e-01	7.000000e-01	
8.872426e+01	872	1.486736e+02	2.882798e+02	8.872426e+01	872	6.597495e-01	7.000000e-01	
8.882600e+01	873	1.543551e+02	2.970562e+02	8.882600e+01	873	6.580611e-01	7.000000e-01	
8.892775e+01	874	1.672970e+02	3.024746e+02	8.892775e+01	874	6.438759e-01	7.000000e-01	
8.902950e+01	875	1.475057e+02	2.879465e+02	8.902950e+01	875	6.612586e-01	7.000000e-01	
8.913125e+01	876	1.607254e+02	2.893035e+02	8.913125e+01	876	6.428554e-01	7.000000e-01	
8.923300e+01	877	1.389286e+02	2.966243e+02	8.923300e+01	877	6.810293e-01	7.000000e-01	
8.933474e+01	878	1.620054e+02	3.066276e+02	8.933474e+01	878	6.543022e-01	7.000000e-01	
8.943649e+01	879	1.368578e+02	2.881463e+02	8.943649e+01	879	6.779848e-01	7.000000e-01	
8.953824e+01	880	1.393412e+02	2.879498e+02	8.953824e+01	880	6.738962e-01	7.000000e-01	
8.963999e+01	881	1.555996e+02	2.954080e+02	8.963999e+01	881	6.549956e-01	7.000000e-01	
8.974174e+01	882	1.445625e+02	2.727516e+02	8.974174e+01	882	6.535883e-01	7.000000e-01	
8.984348e+01	883	1.393031e+02	2.964512e+02	8.984348e+01	883	6.803173e-01	7.000000e-01	
8.994523e+01	884	1.311874e+02	2.453548e+02	8.994523e+01	884	6.515997e-01	7.000000e-01	
9.004698e+01	885	1.467540e+02	2.793703e+02	9.004698e+01	885	6.556075e-01	7.000000e-01	
9.014873e+01	886	1.440325e+02	2.805435e+02	9.014873e+01	886	6.607616e-01	7.000000e-01	
9.025048e+01	887	1.371972e+02	2.603678e+02	9.025048e+01	887	6.549062e-01	7.000000e-01	
9.035222e+01	888	1.517180e+02	2.729044e+02	9.035222e+01	888	6.426990e-01	7.000000e-01	
9.045397e+01	889	1.521751e+02	2.682452e+02	9.045397e+01	889	6.380406e-01	7.000000e-01	
9.055572e+01	890	1.468463e+02	2.710199e+02	9.055572e+01	890	6.485806e-01	7.000000e-01	
9.065747e+01	891	1.549613e+02	2.939361e+02	9.065747e+01	891	6.547957e-01	7.000000e-01	
9.075922e+01	892	1.403598e+02	3.063595e+02	9.075922e+01	892	6.857987e-01	7.000000e-01	
9.086096e+01	893	1.366755e+02	2.924267e+02	9.086096e+01	893	6.814850e-01	7.000000e-01	
9.096271e+01	894	1.594676e+02	2.846268e+02	9.096271e+01	894	6.409151e-01	7.000000e-01	
9.106446e+01	895	1.355139e+02	3.052925e+02	9.106446e+01	895	6.925773e-01	7.000000e-01	
9.116621e+01	896	1.510916e+02	2.722697e+02	9.116621e+01	896	6.431143e-01	7.000000e-01	
9.126796e+01	897	1.257702e+02	3.050324e+02	9.126796e+01	897	7.080561e-01	7.000000e-01	
9.136970e+01	898	1.471247e+02	3.148692e+02	9.136970e+01	898	6.815441e-01	7.000000e-01	
9.147145e+01	899	1.257178e+02	3.093990e+02	9.147145e+01	899	7.110711e-01	7.000000e-01	
9.157320e+01	900	1.346121e+02	3.171654e+02	9.157320e+01	900	7.020389e-01	7.000000e-01	
9.167495e+01	901	1.394465e+02	3.328049e+02	9.167495e+01	901	7.047198e-01	7.000000e-01	
9.177670e+01	902	1.239397e+02	3.252981e+02	9.177670e+01	902	7.241112e-01	7.000000e-01	
9.187844e+01	903	1.277459e+02	3.199392e+02	9.187844e+01	903	7.146523e-01	7.000000e-01	
9.198019e+01	904	1.375589e+02	3.283148e+02	9.198019e+01	904	7.047292e-01	7.000000e-01	
9.208194e+01	905	1.219214e+02	3.129990e+02	9.208194e+01	905	7.196696e-01	7.000000e-01	
9.218369e+01	906	1.254239e+02	3.145227e+02	9.218369e+01	906	7.149111e-01	7.000000e-01	
9.228544e+01	907	1.665749e+02	3.229110e+02	9.228544e+01	907	6.596942e-01	7.000000e-01	
9.238718e+01	908	1.138650e+02	2.680413e+02	9.238718e+01	908	7.018510e-01	7.000000e-01	
9.248893e+01	909	1.335977e+02	3.269117e+02	9.248893e+01	909	7.098915e-01	7.000000e-01	
9.259068e+01	910	9.936289e+01	3.124110e+02	9.259068e+01	910	7.586955e-01	7.000000e-01	
9.269243e+01	911	1.433794e+02	2.321623e+02	9.269243e+01	911	6.182064e-01	7.000000e-01	
9.279418e+01	912	1.471119e+02	2.002215e+02	9.279418e+01	912	5.764533e-01	7.000000e-01	
9.289592e+01	913	1.478728e+02	2.081305e+02	9.289592e+01	913	5.846308e-01	7.000000e-01	
9.299767e+01	914	1.587871e+02	2.116074e+02	9.299767e+01	914	5.713028e-01	7.000000e-01	
9.309942e+01	915	1.274715e+02	2.233105e+02	9.309942e+01	915	6.366076e-01	7.000000e-01	
9.320117e+01	916	1.613708e+02	2.017631e+02	9.320117e+01	916	5.556163e-01	7.000000e-01	
9.330292e+01	917	1.202172e+02	2.419994e+02	9.330292e+01	917	6.681069e-01	7.000000e-01	
9.340466e+01	918	1.457033e+02	1.472620e+02	9.340466e+01	918	5.026602e-01	7.000000e-01	
9.350641e+01	919	1.730197e+02	1.791884e+02	9.350641e+01	919	5.087572e-01	7.000000e-01	
9.360816e+01	920	1.574921e+02	2.330937e+02	9.360816e+01	920	5.967798e-01	7.000000e-01	
9.370991e+01	921	1.479584e+02	1.999836e+02	9.370991e+01	921	5.747613e-01	7.000000e-01	
9.381166e+01	922	1.650790e+02	1.622859e+02	9.381166e+01	922	4.957340e-01	7.000000e-01	
9.391340e+01	923	1.610315e+02	2.355269e+02	9.391340e+01	923	5.939274e-01	7.000000e-01	
9.401515e+01	924	1.633664e+02	2.406710e+02	9.401515e+01	924	5.956652e-01	7.000000e-01	
9.411690e+01	925	1.469763e+02	2.433548e+02	9.411690e+01	925	6.234574e-01	7.000000e-01	
9.421865e+01	926	1.590714e+02	1.957263e+02	9.421865e+01	926	5.516561e-01	7.000000e-01	
9.432040e+01	927	1.422963e+02	2.687748e+02	9.432040e+01	927	6.538402e-01	7.000000e-01	
9.442214e+01	928	1.419432e+02	2.962682e+02	9.442214e+01	928	6.760851e-01	7.000000e-01	
9.452389e+01	929	1.651514e+02	2.743529e+02	9.452389e+01	929	6.242326e-01	7.000000e-01	
9.462564e+01	930	1.414438e+02	2.687008e+02	9.462564e+01	930	6.551367e-01	7.000000e-01	
9.472739e+01	931	1.778589e+02	2.581085e+02	9.472739e+01	931	5.920362e-01	7.000000e-01	
9.482914e+01	932	1.572508e+02	2.495565e+02	9.482914e+01	932	6.134514e-01	7.000000e-01	
9.493088e+01	933	1.665659e+02	2.439114e+02	9.493088e+01	933	5.942141e-01	7.000000e-01	
9.503263e+01	934	1.619615e+02	2.562968e+02	9.503263e+01	934	6.127716e-01	7.000000e-01	
9.513438e+01	935	1.578690e+02	2.619453e+02	9.513438e+01	935	6.239552e-01	7.000000e-01	
9.523613e+01	936	1.692431e+02	2.669421e+02	9.523613e+01	936	6.119926e-01	7.000000e-01	
9.533788e+01	937	1.829730e+02	2.605984e+02	9.533788e+01	937	5.875005e-01	7.000000e-01	
9.543962e+01	938	1.522373e+02	2.354057e+02	9.543962e+01	938	6.072745e-01	7.000000e-01	
9.554137e+01	939	1.378761e+02	2.714652e+02	9.554137e+01	939	6.631757e-01	7.000000e-01	
9.564312e+01	940	1.616986e+02	2.686930e+02	9.564312e+01	940	6.242989e-01	7.000000e-01	
9.574487e+01	941	1.492306e+02	2.415698e+02	9.574487e+01	941	6.181411e-01	7.000000e-01	
9.584662e+01	942	1.453315e+02	2.947102e+02	9.584662e+01	942	6.697324e-01	7.000000e-01	
9.594836e+01	943	1.350997e+02	2.958775e+02	9.594836e+01	943	6.865270e-01	7.000000e-01	
9.605011e+01	944	1.541744e+02	2.832699e+02	9.605011e+01	944	6.475565e-01	7.000000e-01	
9.615186e+01	945	1.453665e+02	2.989402e+02	9.615186e+01	945	6.728240e-01	7.000000e-01	
9.625361e+01	946	1.631329e+02	2.828210e+02	9.625361e+01	946	6.341934e-01	7.000000e-01	
9.635536e+01	947	1.190753e+02	2.782699e+02	9.635536e+01	947	7.003228e-01	7.000000e-01	
9.645710e+01	948	1.330886e+02	3.001099e+02	9.645710e+01	948	6.927769e-01	7.000000e-01	
9.655885e+01	949	1.868557e+02	2.608143e+02	9.655885e+01	949	5.826039e-01	7.000000e-01	
9.666060e+01	950	1.898031e+02	2.739474e+02	9.666060e+01	950	5.907215e-01	7.000000e-01	
9.676235e+01	951	1.511628e+02	2.773094e+02	9.676235e+01	951	6.472051e-01	7.000000e-01	
9.686410e+01	952	1.738575e+02	2.631868e+02	9.686410e+01	952	6.021971e-01	7.000000e-01	
9.696584e+01	953	1.757786e+02	2.616413e+02	9.696584e+01	953	5.981468e-01	7.000000e-01	
9.706759e+01	954	1.892326e+02	2.628641e+02	9.706759e+01	954	5.814334e-01	7.000000e-01	
9.716934e+01	955	2.100757e+02	2.273068e+02	9.716934e+01	955	5.196980e-01	7.000000e-01	
9.727109e+01	956	1.915059e+02	2.353999e+02	9.727109e+01	956	5.514095e-01	7.000000e-01	
9.737284e+01	957	1.872414e+02	2.743721e+02	9.737284e+01	957	5.943762e-01	7.000000e-01	
9.747458e+01	958	2.094498e+02	2.419770e+02	9.747458e+01	958	5.360271e-01	7.000000e-01	
9.757633e+01	959	2.071065e+02	2.475058e+02	9.757633e+01	959	5.444327e-01	7.000000e-01	
9.767808e+01	960	1.335873e+02	2.786837e+02	9.767808e+01	960	6.759721e-01	7.000000e-01	
9.777983e+01	961	1.150774e+02	2.635299e+02	9.777983e+01	961	6.960508e-01	7.000000e-01	
9.788158e+01	962	1.425863e+02	3.234993e+02	9.788158e+01	962	6.940770e-01	7.000000e-01	
9.798332e+01	963	1.096706e+02	2.681471e+02	9.798332e+01	963	7.097261e-01	7.000000e-01	
9.808507e+01	964	1.246020e+02	2.535643e+02	9.808507e+01	964	6.705100e-01	7.000000e-01	
9.818682e+01	965	9.981201e+01	2.507155e+02	9.818682e+01	965	7.152520e-01	7.000000e-01	
9.828857e+01	966	1.282207e+02	2.544449e+02	9.828857e+01	966	6.649276e-01	7.000000e-01	
9.839032e+01	967	1.043009e+02	2.543527e+02	9.839032e+01	967	7.091876e-01	7.000000e-01	
9.849206e+01	968	1.101150e+02	2.755074e+02	9.849206e+01	968	7.144486e-01	7.000000e-01	
9.859381e+01	969	1.461975e+02	2.061921e+02	9.859381e+01	969	5.851254e-01	7.000000e-01	
9.869556e+01	970	1.341766e+02	2.260092e+02	9.869556e+01	970	6.274795e-01	7.000000e-01	
9.879731e+01	971	1.534952e+02	1.840099e+02	9.879731e+01	971	5.452063e-01	7.000000e-01	
9.889906e+01	972	1.494566e+02	1.965515e+02	9.889906e+01	972	5.680546e-01	7.000000e-01	
9.900080e+01	973	1.255572e+02	2.533200e+02	9.900080e+01	973	6.686071e-01	7.000000e-01	
9.910255e+01	974	1.271493e+02	2.469652e+02	9.910255e+01	974	6.601327e-01	7.000000e-01	
9.920430e+01	975	9.137219e+01	2.679447e+02	9.920430e+01	975	7.457058e-01	7.000000e-01	
9.930605e+01	976	1.751485e+02	2.685988e+02	9.930605e+01	976	6.052968e-01	7.000000e-01	
9.940780e+01	977	2.171694e+02	2.358949e+02	9.940780e+01	977	5.206654e-01	7.000000e-01	
9.950954e+01	978	1.673171e+02	2.671162e+02	9.950954e+01	978	6.148612e-01	7.000000e-01	
9.961129e+01	979	1.603452e+02	2.827474e+02	9.961129e+01	979	6.381226e-01	7.000000e-01	
9.971304e+01	980	1.648517e+02	2.503853e+02	9.971304e+01	980	6.029937e-01	7.000000e-01	
9.981479e+01	981	1.615533e+02	2.661855e+02	9.981479e+01	981	6.223085e-01	7.000000e-01	
9.991654e+01	982	1.853361e+02	2.315349e+02	9.991654e+01	982	5.554114e-01	7.000000e-01	
1.000183e+02	983	1.693342e+02	2.770769e+02	1.000183e+02	983	6.206765e-01	7.000000e-01	
1.001200e+02	984	1.592906e+02	2.894606e+02	1.001200e+02	984	6.450358e-01	7.000000e-01	
1.002218e+02	985	1.351543e+02	2.922506e+02	1.002218e+02	985	6.837792e-01	7.000000e-01	
1.003235e+02	986	1.744700e+02	2.278560e+02	1.003235e+02	986	5.663467e-01	7.000000e-01	
1.004253e+02	987	1.541233e+02	2.796714e+02	1.004253e+02	987	6.447091e-01	7.000000e-01	
1.005270e+02	988	1.531946e+02	2.633218e+02	1.005270e+02	988	6.322003e-01	7.000000e-01	
1.006288e+02	989	1.417039e+02	2.564631e+02	1.006288e+02	989	6.441094e-01	7.000000e-01	
1.007305e+02	990	1.911790e+02	2.708195e+02	1.007305e+02	990	5.861913e-01	7.000000e-01	
1.008323e+02	991	1.332487e+02	2.973943e+02	1.008323e+02	991	6.905820e-01	7.000000e-01	
1.009340e+02	992	1.312405e+02	2.904546e+02	1.009340e+02	992	6.887787e-01	7.000000e-01	
1.010358e+02	993	1.463590e+02	2.993052e+02	1.010358e+02	993	6.715935e-01	7.000000e-01	
1.011375e+02	994	1.606783e+02	2.902644e+02	1.011375e+02	994	6.436836e-01	7.000000e-01	
1.012393e+02	995	1.599345e+02	2.809538e+02	1.012393e+02	995	6.372449e-01	7.000000e-01	
1.013410e+02	996	1.577093e+02	2.797162e+02	1.013410e+02	996	6.394602e-01	7.000000e-01	
1.014428e+02	997	1.471272e+02	2.348645e+02	1.014428e+02	997	6.148419e-01	7.000000e-01	
1.015445e+02	998	1.689801e+02	2.943806e+02	1.015445e+02	998	6.353163e-01	7.000000e-01	
1.016463e+02	999	1.308151e+02	2.282762e+02	1.016463e+02	999	6.357052e-01	7.000000e-01	
1.017480e+02	1000	1.278004e+02	2.754057e+02	1.017480e+02	1000	6.830395e-01	7.000000e-01	
1.018497e+02	1001	1.279431e+02	2.675980e+02	1.018497e+02	1001	6.765365e-01	7.000000e-01	
1.019515e+02	1002	1.290942e+02	2.813847e+02	1.019515e+02	1002	6.855034e-01	7.000000e-01	
1.020532e+02	1003	1.110870e+02	3.005812e+02	1.020532e+02	1003	7.301540e-01	7.000000e-01	
1.021550e+02	1004	1.306007e+02	2.904610e+02	1.021550e+02	1004	6.898300e-01	7.000000e-01	
1.022567e+02	1005	1.262474e+02	2.714189e+02	1.022567e+02	1005	6.825293e-01	7.000000e-01	
1.023585e+02	1006	1.242512e+02	3.137807e+02	1.023585e+02	1006	7.163421e-01	7.000000e-01	
1.024602e+02	1007	1.307903e+02	2.966439e+02	1.024602e+02	1007	6.940107e-01	7.000000e-01	
1.025620e+02	1008	1.107084e+02	2.983853e+02	1.025620e+02	1008	7.293813e-01	7.000000e-01	
1.026637e+02	1009	1.255935e+02	2.922852e+02	1.026637e+02	1009	6.994499e-01	7.000000e-01	
1.027655e+02	1010	1.212503e+02	2.882213e+02	1.027655e+02	1010	7.038859e-01	7.000000e-01	
1.028672e+02	1011	1.573091e+02	2.703028e+02	1.028672e+02	1011	6.321218e-01	7.000000e-01	
1.029690e+02	1012	1.286642e+02	3.128069e+02	1.029690e+02	1012	7.085558e-01	7.000000e-01	
1.030707e+02	1013	1.147026e+02	2.961882e+02	1.030707e+02	1013	7.208441e-01	7.000000e-01	
1.031725e+02	1014	1.365947e+02	2.959389e+02	1.031725e+02	1014	6.841986e-01	7.000000e-01	
1.032742e+02	1015	1.375681e+02	3.042103e+02	1.032742e+02	1015	6.886038e-01	7.000000e-01	
1.033760e+02	1016	1.087515e+02	3.095104e+02	1.033760e+02	1016	7.399919e-01	7.000000e-01	
1.034777e+02	1017	1.274203e+02	3.004344e+02	1.034777e+02	1017	7.021879e-01	7.000000e-01	
1.035795e+02	1018	1.448633e+02	3.063142e+02	1.035795e+02	1018	6.789217e-01	7.000000e-01	
1.036812e+02	1019	1.415945e+02	2.835647e+02	1.036812e+02	1019	6.669612e-01	7.000000e-01	
1.037830e+02	1020	1.253884e+02	3.018726e+02	1.037830e+02	1020	7.065297e-01	7.000000e-01	
1.038847e+02	1021	1.298279e+02	2.846418e+02	1.038847e+02	1021	6.867614e-01	7.000000e-01	
1.039865e+02	1022	1.300739e+02	2.663365e+02	1.039865e+02	1022	6.718706e-01	7.000000e-01	
1.040882e+02	1023	1.290407e+02	2.523477e+02	1.040882e+02	1023	6.616554e-01	7.000000e-01	
1.041900e+02	1024	1.304022e+02	2.837374e+02	1.041900e+02	1024	6.851250e-01	7.000000e-01	
1.042917e+02	1025	1.314655e+02	2.887835e+02	1.042917e+02	1025	6.871724e-01	7.000000e-01	
1.043934e+02	1026	1.467004e+02	3.036693e+02	1.043934e+02	1026	6.742667e-01	7.000000e-01	
1.044952e+02	1027	1.372304e+02	2.780046e+02	1.044952e+02	1027	6.695115e-01	7.000000e-01	
1.045969e+02	1028	1.333336e+02	2.534350e+02	1.045969e+02	1028	6.552626e-01	7.000000e-01	
1.046987e+02	1029	1.450175e+02	2.828600e+02	1.046987e+02	1029	6.610771e-01	7.000000e-01	
1.048004e+02	1030	1.166847e+02	3.025377e+02	1.048004e+02	1030	7.216640e-01	7.000000e-01	
1.049022e+02	1031	1.269798e+02	2.884189e+02	1.049022e+02	1031	6.943183e-01	7.000000e-01	
1.050039e+02	1032	1.095935e+02	3.345043e+02	1.050039e+02	1032	7.532222e-01	7.000000e-01	
1.051057e+02	1033	1.131958e+02	3.032689e+02	1.051057e+02	1033	7.281983e-01	7.000000e-01	
1.052074e+02	1034	1.367591e+02	2.805630e+02	1.052074e+02	1034	6.722937e-01	7.000000e-01	
1.053092e+02	1035	2.386683e+02	2.970088e+02	1.053092e+02	1035	5.544549e-01	7.000000e-01	
1.054109e+02	1036	1.509910e+02	3.090557e+02	1.054109e+02	1036	6.717920e-01	7.000000e-01	
1.055127e+02	1037	1.313160e+02	2.847220e+02	1.055127e+02	1037	6.843654e-01	7.000000e-01	
1.056144e+02	1038	1.341692e+02	2.406001e+02	1.056144e+02	1038	6.419952e-01	7.000000e-01	
1.057162e+02	1039	1.686026e+02	2.923450e+02	1.057162e+02	1039	6.342261e-01	7.000000e-01	
1.058179e+02	1040	1.696492e+02	2.494509e+02	1.058179e+02	1040	5.952060e-01	7.000000e-01	
1.059197e+02	1041	1.575848e+02	2.346193e+02	1.059197e+02	1041	5.982072e-01	7.000000e-01	
1.060214e+02	1042	1.647506e+02	2.237954e+02	1.060214e+02	1042	5.759817e-01	7.000000e-01	
1.061232e+02	1043	1.878928e+02	2.265637e+02	1.061232e+02	1043	5.466525e-01	7.000000e-01	
1.062249e+02	1044	1.609186e+02	2.158262e+02	1.062249e+02	1044	5.728711e-01	7.000000e-01	
1.063267e+02	1045	1.536214e+02	2.623830e+02	1.063267e+02	1045	6.307217e-01	7.000000e-01	
1.064284e+02	1046	1.445147e+02	2.094175e+02	1.064284e+02	1046	5.916882e-01	7.000000e-01	
1.065302e+02	1047	1.485290e+02	2.177978e+02	1.065302e+02	1047	5.945451e-01	7.000000e-01	
1.066319e+02	1048	1.388266e+02	1.980270e+02	1.066319e+02	1048	5.878726e-01	7.000000e-01	
1.067337e+02	1049	1.640809e+02	2.201980e+02	1.067337e+02	1049	5.730161e-01	7.000000e-01	
1.068354e+02	1050	1.794990e+02	2.713261e+02	1.068354e+02	1050	6.018434e-01	7.000000e-01	
1.069371e+02	1051	1.619861e+02	2.162884e+02	1.069371e+02	1051	5.717763e-01	7.000000e-01	
1.070389e+02	1052	1.609246e+02	2.522204e+02	1.070389e+02	1052	6.104888e-01	7.000000e-01	
1.071406e+02	1053	2.320591e+02	2.839346e+02	1.071406e+02	1053	5.502676e-01	7.000000e-01	
1.072424e+02	1054	1.750747e+02	2.287248e+02	1.072424e+02	1054	5.664316e-01	7.000000e-01	
1.073441e+02	1055	1.161239e+02	2.849564e+02	1.073441e+02	1055	7.104722e-01	7.000000e-01	
1.074459e+02	1056	1.063035e+02	2.892034e+02	1.074459e+02	1056	7.312221e-01	7.000000e-01	
1.075476e+02	1057	1.234805e+02	2.829572e+02	1.075476e+02	1057	6.961884e-01	7.000000e-01	
1.076494e+02	1058	1.246091e+02	2.813223e+02	1.076494e+02	1058	6.930292e-01	7.000000e-01	
1.077511e+02	1059	1.149837e+02	2.830302e+02	1.077511e+02	1059	7.111063e-01	7.000000e-01	
1.078529e+02	1060	1.132734e+02	2.957276e+02	1.078529e+02	1060	7.230486e-01	7.000000e-01	
1.079546e+02	1061	1.420958e+02	2.843451e+02	1.079546e+02	1061	6.667867e-01	7.000000e-01	
1.080564e+02	1062	1.376898e+02	2.731539e+02	1.080564e+02	1062	6.648609e-01	7.000000e-01	
1.081581e+02	1063	1.496794e+02	2.693844e+02	1.081581e+02	1063	6.428243e-01	7.000000e-01	
1.082599e+02	1064	1.665573e+02	3.235389e+02	1.082599e+02	1064	6.601539e-01	7.000000e-01	
1.083616e+02	1065	1.318040e+02	2.866553e+02	1.083616e+02	1065	6.850255e-01	7.000000e-01	
1.084634e+02	1066	1.521056e+02	2.418095e+02	1.084634e+02	1066	6.138620e-01	7.000000e-01	
1.085651e+02	1067	1.353855e+02	2.121070e+02	1.085651e+02	1067	6.103930e-01	7.000000e-01	
1.086669e+02	1068	1.401401e+02	2.538648e+02	1.086669e+02	1068	6.443189e-01	7.000000e-01	
1.087686e+02	1069	1.507488e+02	2.071697e+02	1.087686e+02	1069	5.788181e-01	7.000000e-01	
1.088704e+02	1070	1.356597e+02	2.130357e+02	1.088704e+02	1070	6.109507e-01	7.000000e-01	
1.089721e+02	1071	1.543557e+02	2.646797e+02	1.089721e+02	1071	6.316404e-01	7.000000e-01	
1.090739e+02	1072	1.356415e+02	2.091118e+02	1.090739e+02	1072	6.065549e-01	7.000000e-01	
1.091756e+02	1073	1.679024e+02	2.608573e+02	1.091756e+02	1073	6.083998e-01	7.000000e-01	
1.092774e+02	1074	1.310352e+02	2.554719e+02	1.092774e+02	1074	6.609760e-01	7.000000e-01	
1.093791e+02	1075	1.347344e+02	2.146546e+02	1.093791e+02	1075	6.143714e-01	7.000000e-01	
1.094808e+02	1076	2.434339e+02	2.428172e+02	1.094808e+02	1076	4.993659e-01	7.000000e-01	
1.095826e+02	1077	2.195697e+02	2.639924e+02	1.095826e+02	1077	5.459328e-01	7.000000e-01	
1.096843e+02	1078	1.956429e+02	2.574104e+02	1.096843e+02	1078	5.681680e-01	7.000000e-01	
1.097861e+02	1079	2.035071e+02	2.468386e+02	1.097861e+02	1079	5.481092e-01	7.000000e-01	
1.098878e+02	1080	1.935421e+02	2.426847e+02	1.098878e+02	1080	5.563269e-01	7.000000e-01	
1.099896e+02	1081	2.113704e+02	2.453235e+02	1.099896e+02	1081	5.371727e-01	7.000000e-01	
1.100913e+02	1082	2.128068e+02	2.415394e+02	1.100913e+02	1082	5.316197e-01	7.000000e-01	
1.101931e+02	1083	1.991221e+02	2.479434e+02	1.101931e+02	1083	5.546020e-01	7.000000e-01	
1.102948e+02	1084	1.916629e+02	2.648523e+02	1.102948e+02	1084	5.801610e-01	7.000000e-01	
1.103966e+02	1085	9.791250e+01	3.173473e+02	1.103966e+02	1085	7.642139e-01	7.000000e-01	
1.104983e+02	1086	1.026742e+02	3.095069e+02	1.104983e+02	1086	7.509003e-01	7.000000e-01	
1.106001e+02	1087	1.266369e+02	2.801649e+02	1.106001e+02	1087	6.887012e-01	7.000000e-01	
1.107018e+02	1088	1.378222e+02	3.255720e+02	1.107018e+02	1088	7.025811e-01	7.000000e-01	
1.108036e+02	1089	9.695797e+01	2.958292e+02	1.108036e+02	1089	7.531539e-01	7.000000e-01	
1.109053e+02	1090	8.484505e+01	3.723688e+02	1.109053e+02	1090	8.144303e-01	7.000000e-01	
1.110071e+02	1091	1.080425e+02	2.918592e+02	1.110071e+02	1091	7.298274e-01	7.000000e-01	
1.111088e+02	1092	1.244852e+02	2.679734e+02	1.111088e+02	1092	6.828068e-01	7.000000e-01	
1.112106e+02	1093	1.012231e+02	2.966422e+02	1.112106e+02	1093	7.455845e-01	7.000000e-01	
1.113123e+02	1094	1.007914e+02	3.158599e+02	1.113123e+02	1094	7.580917e-01	7.000000e-01	
1.114141e+02	1095	1.100642e+02	2.627844e+02	1.114141e+02	1095	7.048019e-01	7.000000e-01	
1.115158e+02	1096	1.034640e+02	2.731589e+02	1.115158e+02	1096	7.252849e-01	7.000000e-01	
1.116176e+02	1097	1.006255e+02	2.873746e+02	1.116176e+02	1097	7.406560e-01	7.000000e-01	
1.117193e+02	1098	1.115333e+02	2.842903e+02	1.117193e+02	1098	7.182247e-01	7.000000e-01	
1.118211e+02	1099	1.210286e+02	2.697723e+02	1.118211e+02	1099	6.903062e-01	7.000000e-01	
1.119228e+02	1100	1.184644e+02	2.731241e+02	1.119228e+02	1100	6.974773e-01	7.000000e-01	
1.120245e+02	1101	1.196362e+02	2.720978e+02	1.120245e+02	1101	6.945984e-01	7.000000e-01	
1.121263e+02	1102	1.160706e+02	2.808548e+02	1.121263e+02	1102	7.075758e-01	7.000000e-01	
1.122280e+02	1103	9.956238e+01	2.926831e+02	1.122280e+02	1103	7.461733e-01	7.000000e-01	
1.123298e+02	1104	1.070081e+02	2.621573e+02	1.123298e+02	1104	7.101351e-01	7.000000e-01	
1.124315e+02	1105	1.119827e+02	2.626192e+02	1.124315e+02	1105	7.010621e-01	7.000000e-01	
1.125333e+02	1106	1.244071e+02	2.608769e+02	1.125333e+02	1106	6.771029e-01	7.000000e-01	
1.126350e+02	1107	1.131504e+02	2.801295e+02	1.126350e+02	1107	7.122904e-01	7.000000e-01	
1.127368e+02	1108	1.191814e+02	2.578526e+02	1.127368e+02	1108	6.838975e-01	7.000000e-01	
1.128385e+02	1109	8.253283e+01	3.393892e+02	1.128385e+02	1109	8.043884e-01	7.000000e-01	
1.129403e+02	1110	1.113513e+02	2.651991e+02	1.129403e+02	1110	7.042858e-01	7.000000e-01	
1.130420e+02	1111	1.301784e+02	2.614249e+02	1.130420e+02	1111	6.675758e-01	7.000000e-01	
1.131438e+02	1112	1.155306e+02	2.779688e+02	1.131438e+02	1112	7.064021e-01	7.000000e-01	
1.132455e+02	1113	1.072647e+02	2.813100e+02	1.132455e+02	1113	7.239535e-01	7.000000e-01	
1.133473e+02	1114	1.666958e+02	2.249689e+02	1.133473e+02	1114	5.743916e-01	7.000000e-01	
1.134490e+02	1115	1.596619e+02	2.300806e+02	1.134490e+02	1115	5.903400e-01	7.000000e-01	
1.135508e+02	1116	1.641278e+02	2.340969e+02	1.135508e+02	1116	5.878513e-01	7.000000e-01	
1.136525e+02	1117	1.648539e+02	2.508233e+02	1.136525e+02	1117	6.034088e-01	7.000000e-01	
1.137543e+02	1118	1.553312e+02	2.292915e+02	1.137543e+02	1118	5.961466e-01	7.000000e-01	
1.138560e+02	1119	1.478670e+02	2.210986e+02	1.138560e+02	1119	5.992391e-01	7.000000e-01	
1.139578e+02	1120	1.432452e+02	2.263366e+02	1.139578e+02	1120	6.124127e-01	7.000000e-01	
1.140595e+02	1121	1.645507e+02	2.380221e+02	1.140595e+02	1121	5.912523e-01	7.000000e-01	
1.141613e+02	1122	1.348025e+02	2.411187e+02	1.141613e+02	1122	6.414076e-01	7.000000e-01	
1.142630e+02	1123	1.307175e+02	2.452129e+02	1.142630e+02	1123	6.522827e-01	7.000000e-01	
1.143648e+02	1124	1.399282e+02	2.108719e+02	1.143648e+02	1124	6.011170e-01	7.000000e-01	
1.144665e+02	1125	1.605014e+02	2.346295e+02	1.144665e+02	1125	5.938020e-01	7.000000e-01	
1.145682e+02	1126	1.533756e+02	2.276003e+02	1.145682e+02	1126	5.974139e-01	7.000000e-01	
1.146700e+02	1127	1.116549e+02	2.666615e+02	1.146700e+02	1127	7.048637e-01	7.000000e-01	
1.147717e+02	1128	1.189307e+02	2.615159e+02	1.147717e+02	1128	6.873919e-01	7.000000e-01	
1.148735e+02	1129	1.132247e+02	2.665984e+02	1.148735e+02	1129	7.019015e-01	7.000000e-01	
1.149752e+02	1130	1.087243e+02	2.654708e+02	1.149752e+02	1130	7.094449e-01	7.000000e-01	
1.150770e+02	1131	1.254969e+02	2.510824e+02	1.150770e+02	1131	6.667451e-01	7.000000e-01	
1.151787e+02	1132	1.210440e+02	2.609652e+02	1.151787e+02	1132	6.831385e-01	7.000000e-01	
1.152805e+02	1133	1.303368e+02	2.309197e+02	1.152805e+02	1133	6.392126e-01	7.000000e-01	
1.153822e+02	1134	1.434268e+02	2.211207e+02	1.153822e+02	1134	6.065621e-01	7.000000e-01	
1.154840e+02	1135	1.167114e+02	2.587072e+02	1.154840e+02	1135	6.891166e-01	7.000000e-01	
1.155857e+02	1136	1.316478e+02	2.199023e+02	1.155857e+02	1136	6.255219e-01	7.000000e-01	
1.156875e+02	1137	9.630945e+01	3.450216e+02	1.156875e+02	1137	7.817750e-01	7.000000e-01	
1.157892e+02	1138	1.001071e+02	3.416759e+02	1.157892e+02	1138	7.734021e-01	7.000000e-01	
1.158910e+02	1139	1.052464e+02	3.396136e+02	1.158910e+02	1139	7.634168e-01	7.000000e-01	
1.159927e+02	1140	8.928861e+01	3.651710e+02	1.159927e+02	1140	8.035280e-01	7.000000e-01	
1.160945e+02	1141	8.960878e+01	3.628464e+02	1.160945e+02	1141	8.019499e-01	7.000000e-01	
1.161962e+02	1142	1.049209e+02	3.447706e+02	1.161962e+02	1142	7.666825e-01	7.000000e-01	
1.162980e+02	1143	8.536643e+01	3.658235e+02	1.162980e+02	1143	8.107971e-01	7.000000e-01	
1.163997e+02	1144	8.285518e+01	3.689351e+02	1.163997e+02	1144	8.166070e-01	7.000000e-01	
1.165015e+02	1145	1.429126e+02	2.762741e+02	1.165015e+02	1145	6.590717e-01	7.000000e-01	
1.166032e+02	1146	1.462927e+02	2.711852e+02	1.166032e+02	1146	6.495798e-01	7.000000e-01	
1.167050e+02	1147	1.350809e+02	2.798759e+02	1.167050e+02	1147	6.744700e-01	7.000000e-01	
1.168067e+02	1148	1.374848e+02	2.851199e+02	1.168067e+02	1148	6.746728e-01	7.000000e-01	
1.169085e+02	1149	1.069907e+02	3.083163e+02	1.169085e+02	1149	7.423817e-01	7.000000e-01	
1.170102e+02	1150	1.263389e+02	3.022691e+02	1.170102e+02	1150	7.052344e-01	7.000000e-01	
1.171119e+02	1151	1.049922e+02	3.214985e+02	1.171119e+02	1151	7.538230e-01	7.000000e-01	
1.172137e+02	1152	7.996161e+01	3.210583e+02	1.172137e+02	1152	8.006044e-01	7.000000e-01	
1.173154e+02	1153	1.058293e+02	3.603226e+02	1.173154e+02	1153	7.729725e-01	7.000000e-01	
1.174172e+02	1154	8.971887e+01	3.058345e+02	1.174172e+02	1154	7.731814e-01	7.000000e-01	
1.175189e+02	1155	1.387373e+02	2.895634e+02	1.175189e+02	1155	6.760750e-01	7.000000e-01	
1.176207e+02	1156	1.004194e+02	3.352177e+02	1.176207e+02	1156	7.694884e-01	7.000000e-01	
1.177224e+02	1157	1.430593e+02	2.875163e+02	1.177224e+02	1157	6.677487e-01	7.000000e-01	
1.178242e+02	1158	1.506533e+02	2.692748e+02	1.178242e+02	1158	6.412403e-01	7.000000e-01	
1.179259e+02	1159	9.835848e+01	2.524796e+02	1.179259e+02	1159	7.196471e-01	7.000000e-01	
1.180277e+02	1160	1.288632e+02	2.772109e+02	1.180277e+02	1160	6.826609e-01	7.000000e-01	
1.181294e+02	1161	1.539645e+02	2.588634e+02	1.181294e+02	1161	6.270492e-01	7.000000e-01	
1.182312e+02	1162	1.354577e+02	2.747246e+02	1.182312e+02	1162	6.697622e-01	7.000000e-01	
1.183329e+02	1163	9.669135e+01	3.896604e+02	1.183329e+02	1163	8.011905e-01	7.000000e-01	
1.184347e+02	1164	1.328895e+02	2.897738e+02	1.184347e+02	1164	6.855902e-01	7.000000e-01	
1.185364e+02	1165	1.117568e+02	2.144471e+02	1.185364e+02	1165	6.574020e-01	7.000000e-01	
1.186382e+02	1166	1.113776e+02	2.424261e+02	1.186382e+02	1166	6.851994e-01	7.000000e-01	
1.187399e+02	1167	1.219985e+02	2.076631e+02	1.187399e+02	1167	6.299281e-01	7.000000e-01	
1.188417e+02	1168	1.058066e+02	2.714504e+02	1.188417e+02	1168	7.195371e-01	7.000000e-01	
1.189434e+02	1169	9.519174e+01	2.244882e+02	1.189434e+02	1169	7.022280e-01	7.000000e-01	
1.190452e+02	1170	9.115312e+01	2.664248e+02	1.190452e+02	1170	7.450818e-01	7.000000e-01	
1.191469e+02	1171	1.364485e+02	2.702701e+02	1.191469e+02	1171	6.645137e-01	7.000000e-01	
1.192487e+02	1172	1.252511e+02	2.400802e+02	1.192487e+02	1172	6.571575e-01	7.000000e-01	
1.193504e+02	1173	1.045910e+02	2.442558e+02	1.193504e+02	1173	7.001807e-01	7.000000e-01	
1.194522e+02	1174	1.002585e+02	2.477292e+02	1.194522e+02	1174	7.118907e-01	7.000000e-01	
1.195539e+02	1175	1.249562e+02	2.604302e+02	1.195539e+02	1175	6.757639e-01	7.000000e-01	
1.196556e+02	1176	1.162235e+02	3.689067e+02	1.196556e+02	1176	7.604282e-01	7.000000e-01	
1.197574e+02	1177	1.151064e+02	3.803049e+02	1.197574e+02	1177	7.676549e-01	7.000000e-01	
1.198591e+02	1178	1.015275e+02	3.501067e+02	1.198591e+02	1178	7.751997e-01	7.000000e-01	
1.199609e+02	1179	1.194216e+02	3.897405e+02	1.199609e+02	1179	7.654547e-01	7.000000e-01	
1.200626e+02	1180	1.117596e+02	3.707209e+02	1.200626e+02	1180	7.683645e-01	7.000000e-01	
1.201644e+02	1181	1.319609e+02	3.300401e+02	1.201644e+02	1181	7.143710e-01	7.000000e-01	
1.202661e+02	1182	9.692103e+01	3.050061e+02	1.202661e+02	1182	7.588592e-01	7.000000e-01	
1.203679e+02	1183	1.076254e+02	2.907108e+02	1.203679e+02	1183	7.298127e-01	7.000000e-01	
1.204696e+02	1184	9.135384e+01	2.931508e+02	1.204696e+02	1184	7.624116e-01	7.000000e-01	
1.205714e+02	1185	1.071507e+02	2.716651e+02	1.205714e+02	1185	7.171430e-01	7.000000e-01	
1.206731e+02	1186	8.179579e+01	2.861518e+02	1.206731e+02	1186	7.776972e-01	7.000000e-01	
1.207749e+02	1187	9.097548e+01	2.985226e+02	1.207749e+02	1187	7.664289e-01	7.000000e-01	
1.208766e+02	1188	1.223744e+02	2.950638e+02	1.208766e+02	1188	7.068443e-01	7.000000e-01	
1.209784e+02	1189	1.242800e+02	2.822404e+02	1.209784e+02	1189	6.942835e-01	7.000000e-01	
1.210801e+02	1190	1.059204e+02	2.695729e+02	1.210801e+02	1190	7.179167e-01	7.000000e-01	
1.211819e+02	1191	1.160069e+02	2.888747e+02	1.211819e+02	1191	7.134794e-01	7.000000e-01	
1.212836e+02	1192	1.125373e+02	2.915196e+02	1.212836e+02	1192	7.214816e-01	7.000000e-01	
1.213854e+02	1193	1.329381e+02	3.636530e+02	1.213854e+02	1193	7.322987e-01	7.000000e-01	
1.214871e+02	1194	1.416307e+02	3.537359e+02	1.214871e+02	1194	7.140891e-01	7.000000e-01	
1.215889e+02	1195	1.167774e+02	2.876708e+02	1.215889e+02	1195	7.112674e-01	7.000000e-01	
1.216906e+02	1196	1.341874e+02	3.433016e+02	1.216906e+02	1196	7.189728e-01	7.000000e-01	
1.217924e+02	1197	1.358316e+02	3.740958e+02	1.217924e+02	1197	7.336256e-01	7.000000e-01	
1.218941e+02	1198	1.283836e+02	3.381141e+02	1.218941e+02	1198	7.247926e-01	7.000000e-01	
1.219959e+02	1199	1.406214e+02	3.411887e+02	1.219959e+02	1199	7.081394e-01	7.000000e-01	
1.220976e+02	1200	1.568411e+02	3.166815e+02	1.220976e+02	1200	6.687780e-01	7.000000e-01	
1.221993e+02	1201	1.345105e+02	3.603422e+02	1.221993e+02	1201	7.281807e-01	7.000000e-01	
1.223011e+02	1202	1.460781e+02	3.310726e+02	1.223011e+02	1202	6.938533e-01	7.000000e-01	
1.224028e+02	1203	1.455656e+02	3.313360e+02	1.224028e+02	1203	6.947681e-01	7.000000e-01	
1.225046e+02	1204	1.497548e+02	2.770098e+02	1.225046e+02	1204	6.490927e-01	7.000000e-01	
1.226063e+02	1205	1.428743e+02	2.755101e+02	1.226063e+02	1205	6.585095e-01	7.000000e-01	
1.227081e+02	1206	1.376456e+02	2.782449e+02	1.227081e+02	1206	6.690340e-01	7.000000e-01	
1.228098e+02	1207	1.156221e+02	2.591422e+02	1.228098e+02	1207	6.914805e-01	7.000000e-01	
1.229116e+02	1208	1.146301e+02	2.641692e+02	1.229116e+02	1208	6.973857e-01	7.000000e-01	
1.230133e+02	1209	1.170279e+02	2.595848e+02	1.230133e+02	1209	6.892619e-01	7.000000e-01	
1.231151e+02	1210	1.305562e+02	2.648447e+02	1.231151e+02	1210	6.698131e-01	7.000000e-01	
1.232168e+02	1211	9.989724e+01	2.819139e+02	1.232168e+02	1211	7.383595e-01	7.000000e-01	
1.233186e+02	1212	9.172721e+01	3.151369e+02	1.233186e+02	1212	7.745507e-01	7.000000e-01	
1.234203e+02	1213	1.335888e+02	2.763183e+02	1.234203e+02	1213	6.740998e-01	7.000000e-01	
1.235221e+02	1214	1.296736e+02	2.772708e+02	1.235221e+02	1214	6.813481e-01	7.000000e-01	
1.236238e+02	1215	1.220986e+02	2.654561e+02	1.236238e+02	1215	6.849513e-01	7.000000e-01	
1.237256e+02	1216	1.395597e+02	2.360228e+02	1.237256e+02	1216	6.284180e-01	7.000000e-01	
1.238273e+02	1217	9.650238e+01	2.771998e+02	1.238273e+02	1217	7.417666e-01	7.000000e-01	
1.239291e+02	1218	1.310890e+02	2.651297e+02	1.239291e+02	1218	6.691499e-01	7.000000e-01	
1.240308e+02	1219	7.349566e+01	2.740507e+02	1.240308e+02	1219	7.885299e-01	7.000000e-01	
1.241326e+02	1220	9.597970e+01	2.818957e+02	1.241326e+02	1220	7.460017e-01	7.000000e-01	
1.242343e+02	1221	7.032586e+01	2.664743e+02	1.242343e+02	1221	7.911941e-01	7.000000e-01	
1.243361e+02	1222	7.339181e+01	2.740329e+02	1.243361e+02	1222	7.887548e-01	7.000000e-01	
1.244378e+02	1223	1.004743e+02	2.699304e+02	1.244378e+02	1223	7.287445e-01	7.000000e-01	
1.245396e+02	1224	1.138258e+02	2.606535e+02	1.245396e+02	1224	6.960425e-01	7.000000e-01	
1.246413e+02	1225	1.171015e+02	2.703125e+02	1.246413e+02	1225	6.977355e-01	7.000000e-01	
1.247430e+02	1226	1.048029e+02	2.843250e+02	1.247430e+02	1226	7.306724e-01	7.000000e-01	
1.248448e+02	1227	1.242759e+02	2.733770e+02	1.248448e+02	1227	6.874764e-01	7.000000e-01	
1.249465e+02	1228	1.281919e+02	2.773034e+02	1.249465e+02	1228	6.838634e-01	7.000000e-01	
1.250483e+02	1229	1.374482e+02	2.423239e+02	1.250483e+02	1229	6.380772e-01	7.000000e-01	
1.251500e+02	1230	1.165459e+02	2.705278e+02	1.251500e+02	1230	6.989051e-01	7.000000e-01	
1.252518e+02	1231	1.281328e+02	2.720639e+02	1.252518e+02	1231	6.798254e-01	7.000000e-01	
1.253535e+02	1232	1.033066e+02	3.051875e+02	1.253535e+02	1232	7.471038e-01	7.000000e-01	
1.254553e+02	1233	1.156520e+02	3.029399e+02	1.254553e+02	1233	7.237118e-01	7.000000e-01	
1.255570e+02	1234	1.097733e+02	2.911572e+02	1.255570e+02	1234	7.262037e-01	7.000000e-01	
1.256588e+02	1235	1.330027e+02	2.955700e+02	1.256588e+02	1235	6.896613e-01	7.000000e-01	
1.257605e+02	1236	1.175624e+02	2.882308e+02	1.257605e+02	1236	7.102899e-01	7.000000e-01	
1.258623e+02	1237	1.421569e+02	2.911226e+02	1.258623e+02	1237	6.719049e-01	7.000000e-01	
1.259640e+02	1238	1.229701e+02	2.946627e+02	1.259640e+02	1238	7.055545e-01	7.000000e-01	
1.260658e+02	1239	1.143500e+02	2.985396e+02	1.260658e+02	1239	7.230495e-01	7.000000e-01	
1.261675e+02	1240	1.458627e+02	2.899860e+02	1.261675e+02	1240	6.653364e-01	7.000000e-01	
1.262693e+02	1241	1.100815e+02	2.854071e+02	1.262693e+02	1241	7.216570e-01	7.000000e-01	
1.263710e+02	1242	1.147055e+02	2.780961e+02	1.263710e+02	1242	7.079811e-01	7.000000e-01	
1.264728e+02	1243	1.278370e+02	2.923443e+02	1.264728e+02	1243	6.957575e-01	7.000000e-01	
1.265745e+02	1244	1.117321e+02	2.724278e+02	1.265745e+02	1244	7.091521e-01	7.000000e-01	
1.266763e+02	1245	1.182414e+02	2.949661e+02	1.266763e+02	1245	7.138450e-01	7.000000e-01	
1.267780e+02	1246	1.091633e+02	2.934491e+02	1.267780e+02	1246	7.288625e-01	7.000000e-01	
1.268798e+02	1247	1.236268e+02	2.829139e+02	1.268798e+02	1247	6.959055e-01	7.000000e-01	
1.269815e+02	1248	1.369673e+02	2.845942e+02	1.269815e+02	1248	6.750953e-01	7.000000e-01	
1.270833e+02	1249	1.248170e+02	2.892237e+02	1.270833e+02	1249	6.985393e-01	7.000000e-01	
1.271850e+02	1250	1.238387e+02	2.800088e+02	1.271850e+02	1250	6.933528e-01	7.000000e-01	
1.272867e+02	1251	1.323018e+02	3.136910e+02	1.272867e+02	1251	7.033544e-01	7.000000e-01	
1.273885e+02	1252	1.347383e+02	3.259799e+02	1.273885e+02	1252	7.075473e-01	7.000000e-01	
1.274902e+02	1253	1.230325e+02	3.144157e+02	1.274902e+02	1253	7.187496e-01	7.000000e-01	
1.275920e+02	1254	1.165409e+02	3.026482e+02	1.275920e+02	1254	7.219849e-01	7.000000e-01	
1.276937e+02	1255	1.260015e+02	2.964418e+02	1.276937e+02	1255	7.017316e-01	7.000000e-01	
1.277955e+02	1256	1.366801e+02	2.942005e+02	1.277955e+02	1256	6.827889e-01	7.000000e-01	
1.278972e+02	1257	1.615137e+02	2.331068e+02	1.278972e+02	1257	5.907113e-01	7.000000e-01	
1.279990e+02	1258	1.090719e+02	3.005858e+02	1.279990e+02	1258	7.337487e-01	7.000000e-01	
1.281007e+02	1259	9.656472e+01	2.875137e+02	1.281007e+02	1259	7.485807e-01	7.000000e-01	
1.282025e+02	1260	1.100891e+02	2.814489e+02	1.282025e+02	1260	7.188291e-01	7.000000e-01	
1.283042e+02	1261	1.040889e+02	2.749047e+02	1.283042e+02	1261	7.253545e-01	7.000000e-01	
1.284060e+02	1262	9.343757e+01	2.806163e+02	1.284060e+02	1262	7.502029e-01	7.000000e-01	
1.285077e+02	1263	9.410227e+01	2.725876e+02	1.285077e+02	1263	7.433737e-01	7.000000e-01	
1.286095e+02	1264	1.097687e+02	2.716790e+02	1.286095e+02	1264	7.122313e-01	7.000000e-01	
1.287112e+02	1265	8.560309e+01	2.808604e+02	1.287112e+02	1265	7.664076e-01	7.000000e-01	
1.288130e+02	1266	1.438879e+02	3.001875e+02	1.288130e+02	1266	6.759832e-01	7.000000e-01	
1.289147e+02	1267	1.351569e+02	2.833831e+02	1.289147e+02	1267	6.770753e-01	7.000000e-01	
1.290165e+02	1268	1.502416e+02	3.232187e+02	1.290165e+02	1268	6.826733e-01	7.000000e-01	
1.291182e+02	1269	1.559770e+02	3.002511e+02	1.291182e+02	1269	6.581162e-01	7.000000e-01	
1.292200e+02	1270	1.654573e+02	3.324730e+02	1.292200e+02	1270	6.677099e-01	7.000000e-01	
1.293217e+02	1271	1.324420e+02	2.831266e+02	1.293217e+02	1271	6.812993e-01	7.000000e-01	
1.294235e+02	1272	1.357734e+02	3.973895e+02	1.294235e+02	1272	7.453435e-01	7.000000e-01	
1.295252e+02	1273	1.159059e+02	3.776438e+02	1.295252e+02	1273	7.651586e-01	7.000000e-01	
1.296270e+02	1274	1.278686e+02	3.701285e+02	1.296270e+02	1274	7.432342e-01	7.000000e-01	
1.297287e+02	1275	8.723990e+01	3.693441e+02	1.297287e+02	1275	8.089291e-01	7.000000e-01	
1.298304e+02	1276	1.224204e+02	3.902907e+02	1.298304e+02	1276	7.612293e-01	7.000000e-01	
1.299322e+02	1277	1.282892e+02	3.730094e+02	1.299322e+02	1277	7.440863e-01	7.000000e-01	
1.300339e+02	1278	6.385156e+01	4.229404e+02	1.300339e+02	1278	8.688319e-01	7.000000e-01	
1.301357e+02	1279	5.077943e+01	4.055117e+02	1.301357e+02	1279	8.887127e-01	7.000000e-01	
1.302374e+02	1280	1.022489e+02	2.776967e+02	1.302374e+02	1280	7.308854e-01	7.000000e-01	
1.303392e+02	1281	1.129440e+02	2.893329e+02	1.303392e+02	1281	7.192382e-01	7.000000e-01	
1.304409e+02	1282	1.080252e+02	2.945603e+02	1.304409e+02	1282	7.316714e-01	7.000000e-01	
1.305427e+02	1283	1.188974e+02	2.506148e+02	1.305427e+02	1283	6.782315e-01	7.000000e-01	
1.306444e+02	1284	1.067817e+02	2.926511e+02	1.306444e+02	1284	7.326667e-01	7.000000e-01	
1.307462e+02	1285	1.182031e+02	2.916494e+02	1.307462e+02	1285	7.115960e-01	7.000000e-01	
1.308479e+02	1286	1.150968e+02	2.824740e+02	1.308479e+02	1286	7.104999e-01	7.000000e-01	
1.309497e+02	1287	1.222742e+02	3.005936e+02	1.309497e+02	1287	7.108453e-01	7.000000e-01	
1.310514e+02	1288	1.161846e+02	2.464548e+02	1.310514e+02	1288	6.796140e-01	7.000000e-01	
1.311532e+02	1289	1.040173e+02	2.888588e+02	1.311532e+02	1289	7.352415e-01	7.000000e-01	
1.312549e+02	1290	1.124771e+02	2.894901e+02	1.312549e+02	1290	7.201834e-01	7.000000e-01	
1.313567e+02	1291	1.077883e+02	2.732865e+02	1.313567e+02	1291	7.171466e-01	7.000000e-01	
1.314584e+02	1292	1.131392e+02	2.997534e+02	1.314584e+02	1292	7.259839e-01	7.000000e-01	
1.315602e+02	1293	1.218835e+02	3.103269e+02	1.315602e+02	1293	7.179996e-01	7.000000e-01	
1.316619e+02	1294	1.247037e+02	3.066723e+02	1.316619e+02	1294	7.109165e-01	7.000000e-01	
1.317637e+02	1295	1.167831e+02	3.008931e+02	1.317637e+02	1295	7.203980e-01	7.000000e-01	
1.318654e+02	1296	1.021044e+02	3.286341e+02	1.318654e+02	1296	7.629550e-01	7.000000e-01	
1.319672e+02	1297	1.449380e+02	3.067206e+02	1.319672e+02	1297	6.790983e-01	7.000000e-01	
1.320689e+02	1298	1.297472e+02	3.041194e+02	1.320689e+02	1298	7.009514e-01	7.000000e-01	
1.321707e+02	1299	1.180731e+02	3.038046e+02	1.321707e+02	1299	7.201248e-01	7.000000e-01	
1.322724e+02	1300	1.521624e+02	2.594328e+02	1.322724e+02	1300	6.303106e-01	7.000000e-01	
1.323741e+02	1301	1.395566e+02	2.972610e+02	1.323741e+02	1301	6.805152e-01	7.000000e-01	
1.324759e+02	1302	1.719946e+02	2.689916e+02	1.324759e+02	1302	6.099774e-01	7.000000e-01	
1.325776e+02	1303	1.403171e+02	3.028557e+02	1.325776e+02	1303	6.833806e-01	7.000000e-01	
1.326794e+02	1304	1.467371e+02	1.922384e+02	1.326794e+02	1304	5.671159e-01	7.000000e-01	
1.327811e+02	1305	1.531265e+02	2.908324e+02	1.327811e+02	1305	6.550886e-01	7.000000e-01	
1.328829e+02	1306	1.496108e+02	2.892583e+02	1.328829e+02	1306	6.590993e-01	7.000000e-01	
1.329846e+02	1307	1.964084e+02	2.000110e+02	1.329846e+02	1307	5.045439e-01	7.000000e-01	
1.330864e+02	1308	1.683665e+02	1.465697e+02	1.330864e+02	1308	4.653949e-01	7.000000e-01	
1.331881e+02	1309	1.669140e+02	2.117175e+02	1.331881e+02	1309	5.591650e-01	7.000000e-01	
1.332899e+02	1310	1.769434e+02	2.439250e+02	1.332899e+02	1310	5.795755e-01	7.000000e-01	
1.333916e+02	1311	1.774478e+02	2.063018e+02	1.333916e+02	1311	5.375948e-01	7.000000e-01	
1.334934e+02	1312	1.958990e+02	1.986247e+02	1.334934e+02	1312	5.034544e-01	7.000000e-01	
1.335951e+02	1313	1.441189e+02	2.867256e+02	1.335951e+02	1313	6.654967e-01	7.000000e-01	
1.336969e+02	1314	1.889250e+02	2.284124e+02	1.336969e+02	1314	5.473087e-01	7.000000e-01	
1.337986e+02	1315	9.921448e+01	3.273836e+02	1.337986e+02	1315	7.674287e-01	7.000000e-01	
1.339004e+02	1316	1.495249e+02	2.785707e+02	1.339004e+02	1316	6.507208e-01	7.000000e-01	
1.340021e+02	1317	1.688069e+02	2.733031e+02	1.340021e+02	1317	6.181790e-01	7.000000e-01	
1.341039e+02	1318	1.535679e+02	2.309154e+02	1.341039e+02	1318	6.005863e-01	7.000000e-01	
1.342056e+02	1319	1.571552e+02	2.705199e+02	1.342056e+02	1319	6.325360e-01	7.000000e-01	
1.343074e+02	1320	1.547614e+02	2.663027e+02	1.343074e+02	1320	6.324517e-01	7.000000e-01	
1.344091e+02	1321	1.522393e+02	2.280429e+02	1.344091e+02	1321	5.996676e-01	7.000000e-01	
1.345109e+02	1322	1.272490e+02	2.705491e+02	1.345109e+02	1322	6.801166e-01	7.000000e-01	
1.346126e+02	1323	1.466881e+02	2.657170e+02	1.346126e+02	1323	6.443107e-01	7.000000e-01	
1.347144e+02	1324	1.630565e+02	2.676851e+02	1.347144e+02	1324	6.214517e-01	7.000000e-01	
1.348161e+02	1325	1.338825e+02	1.954356e+02	1.348161e+02	1325	5.934554e-01	7.000000e-01	
1.349178e+02	1326	1.598138e+02	2.630214e+02	1.349178e+02	1326	6.220423e-01	7.000000e-01	
1.350196e+02	1327	1.986108e+02	2.194615e+02	1.350196e+02	1327	5.249367e-01	7.000000e-01	
1.351213e+02	1328	1.822773e+02	2.110124e+02	1.351213e+02	1328	5.365317e-01	7.000000e-01	
1.352231e+02	1329	1.539640e+02	2.624129e+02	1.352231e+02	1329	6.302292e-01	7.000000e-01	
1.353248e+02	1330	1.572556e+02	2.070983e+02	1.353248e+02	1330	5.683987e-01	7.000000e-01	
1.354266e+02	1331	1.381696e+02	2.184231e+02	1.354266e+02	1331	6.125282e-01	7.000000e-01	
1.355283e+02	1332	1.775461e+02	2.230800e+02	1.355283e+02	1332	5.568284e-01	7.000000e-01	
1.356301e+02	1333	1.495590e+02	2.361304e+02	1.356301e+02	1333	6.122294e-01	7.000000e-01	
1.357318e+02	1334	1.727997e+02	2.109407e+02	1.357318e+02	1334	5.496964e-01	7.000000e-01	
1.358336e+02	1335	1.200732e+02	2.632490e+02	1.358336e+02	1335	6.867565e-01	7.000000e-01	
1.359353e+02	1336	1.235270e+02	2.635018e+02	1.359353e+02	1336	6.808325e-01	7.000000e-01	
1.360371e+02	1337	1.199918e+02	2.527994e+02	1.360371e+02	1337	6.781260e-01	7.000000e-01	
1.361388e+02	1338	1.071687e+02	2.460590e+02	1.361388e+02	1338	6.966017e-01	7.000000e-01	
1.362406e+02	1339	1.463095e+02	2.375640e+02	1.362406e+02	1339	6.188601e-01	7.000000e-01	
1.363423e+02	1340	1.181173e+02	2.311085e+02	1.363423e+02	1340	6.617738e-01	7.000000e-01	
1.364441e+02	1341	1.123111e+02	2.514143e+02	1.364441e+02	1341	6.912201e-01	7.000000e-01	
1.365458e+02	1342	1.200005e+02	2.586413e+02	1.365458e+02	1342	6.830765e-01	7.000000e-01	
1.366476e+02	1343	9.165314e+01	2.925182e+02	1.366476e+02	1343	7.614264e-01	7.000000e-01	
1.367493e+02	1344	1.230191e+02	2.721352e+02	1.367493e+02	1344	6.886809e-01	7.000000e-01	
1.368511e+02	1345	1.168084e+02	2.701559e+02	1.368511e+02	1345	6.981417e-01	7.000000e-01	
1.369528e+02	1346	1.145453e+02	2.952593e+02	1.369528e+02	1346	7.204880e-01	7.000000e-01	
1.370546e+02	1347	1.517911e+02	2.164775e+02	1.370546e+02	1347	5.878250e-01	7.000000e-01	
1.371563e+02	1348	1.891964e+02	2.740111e+02	1.371563e+02	1348	5.915515e-01	7.000000e-01	
1.372581e+02	1349	1.491624e+02	2.386322e+02	1.372581e+02	1349	6.153572e-01	7.000000e-01	
1.373598e+02	1350	1.247429e+02	2.162427e+02	1.373598e+02	1350	6.341696e-01	7.000000e-01	
1.374615e+02	1351	1.308357e+02	2.215252e+02	1.374615e+02	1351	6.286884e-01	7.000000e-01	
1.375633e+02	1352	1.331139e+02	2.322807e+02	1.375633e+02	1352	6.356982e-01	7.000000e-01	
1.376650e+02	1353	1.228303e+02	2.082375e+02	1.376650e+02	1353	6.289875e-01	7.000000e-01	
1.377668e+02	1354	1.495708e+02	2.208040e+02	1.377668e+02	1354	5.961637e-01	7.000000e-01	
1.378685e+02	1355	1.420302e+02	2.257466e+02	1.378685e+02	1355	6.138141e-01	7.000000e-01	
1.379703e+02	1356	1.299109e+02	2.103538e+02	1.379703e+02	1356	6.182064e-01	7.000000e-01	
1.380720e+02	1357	1.633835e+02	2.203561e+02	1.380720e+02	1357	5.742334e-01	7.000000e-01	
1.381738e+02	1358	1.668547e+02	2.251547e+02	1.381738e+02	1358	5.743605e-01	7.000000e-01	
1.382755e+02	1359	1.396112e+02	2.195638e+02	1.382755e+02	1359	6.113003e-01	7.000000e-01	
1.383773e+02	1360	2.094649e+02	2.025833e+02	1.383773e+02	1360	4.916495e-01	7.000000e-01	
1.384790e+02	1361	1.563575e+02	2.293865e+02	1.384790e+02	1361	5.946599e-01	7.000000e-01	
1.385808e+02	1362	1.510469e+02	2.797702e+02	1.385808e+02	1362	6.493944e-01	7.000000e-01	
1.386825e+02	1363	2.817485e+02	1.549656e+02	1.386825e+02	1363	3.548445e-01	7.000000e-01	
1.387843e+02	1364	1.617221e+02	3.044729e+02	1.387843e+02	1364	6.531020e-01	7.000000e-01	
1.388860e+02	1365	1.684609e+02	3.002539e+02	1.388860e+02	1365	6.405898e-01	7.000000e-01	
1.389878e+02	1366	1.603146e+02	2.944117e+02	1.389878e+02	1366	6.474481e-01	7.000000e-01	
1.390895e+02	1367	1.614161e+02	2.939525e+02	1.390895e+02	1367	6.455265e-01	7.000000e-01	
1.391913e+02	1368	1.476493e+02	2.903343e+02	1.391913e+02	1368	6.628885e-01	7.000000e-01	
1.392930e+02	1369	1.662817e+02	3.013732e+02	1.392930e+02	1369	6.444350e-01	7.000000e-01	
1.393948e+02	1370	2.117976e+02	2.467504e+02	1.393948e+02	1370	5.381125e-01	7.000000e-01	
1.394965e+02	1371	1.895760e+02	2.741694e+02	1.394965e+02	1371	5.912067e-01	7.000000e-01	
1.395983e+02	1372	1.597204e+02	3.075629e+02	1.395983e+02	1372	6.581936e-01	7.000000e-01	
1.397000e+02	1373	1.126974e+02	2.615964e+02	1.397000e+02	1373	6.989066e-01	7.000000e-01	
1.398018e+02	1374	1.445787e+02	2.793471e+02	1.398018e+02	1374	6.589528e-01	7.000000e-01	
1.399035e+02	1375	1.247166e+02	2.404582e+02	1.399035e+02	1375	6.584742e-01	7.000000e-01	
1.400052e+02	1376	1.280828e+02	2.433013e+02	1.400052e+02	1376	6.551204e-01	7.000000e-01	
1.401070e+02	1377	1.207573e+02	2.786143e+02	1.401070e+02	1377	6.976317e-01	7.000000e-01	
1.402087e+02	1378	1.607137e+02	2.433019e+02	1.402087e+02	1378	6.022092e-01	7.000000e-01	
1.403105e+02	1379	1.263072e+02	2.646080e+02	1.403105e+02	1379	6.768936e-01	7.000000e-01	
1.404122e+02	1380	1.264250e+02	2.592478e+02	1.404122e+02	1380	6.721962e-01	7.000000e-01	
1.405140e+02	1381	1.672350e+02	2.384329e+02	1.405140e+02	1381	5.877539e-01	7.000000e-01	
1.406157e+02	1382	1.582214e+02	2.181783e+02	1.406157e+02	1382	5.796453e-01	7.000000e-01	
1.407175e+02	1383	1.506121e+02	2.451319e+02	1.407175e+02	1383	6.194204e-01	7.000000e-01	
1.408192e+02	1384	1.647569e+02	2.346027e+02	1.408192e+02	1384	5.874473e-01	7.000000e-01	
1.409210e+02	1385	1.592336e+02	2.793251e+02	1.409210e+02	1385	6.369161e-01	7.000000e-01	
1.410227e+02	1386	1.650805e+02	2.391638e+02	1.410227e+02	1386	5.916318e-01	7.000000e-01	
1.411245e+02	1387	1.640951e+02	2.495106e+02	1.411245e+02	1387	6.032572e-01	7.000000e-01	
1.412262e+02	1388	1.423023e+02	2.755805e+02	1.412262e+02	1388	6.594684e-01	7.000000e-01	
1.413280e+02	1389	1.302957e+02	2.581408e+02	1.413280e+02	1389	6.645637e-01	7.000000e-01	
1.414297e+02	1390	1.562463e+02	2.671074e+02	1.414297e+02	1390	6.309320e-01	7.000000e-01	
1.415315e+02	1391	1.611091e+02	2.649965e+02	1.415315e+02	1391	6.219033e-01	7.000000e-01	
1.416332e+02	1392	1.479454e+02	2.491650e+02	1.416332e+02	1392	6.274452e-01	7.000000e-01	
1.417350e+02	1393	1.226862e+02	2.347660e+02	1.417350e+02	1393	6.567759e-01	7.000000e-01	
1.418367e+02	1394	1.225010e+02	2.856685e+02	1.418367e+02	1394	6.998771e-01	7.000000e-01	
1.419385e+02	1395	1.549820e+02	2.521386e+02	1.419385e+02	1395	6.193216e-01	7.000000e-01	
1.420402e+02	1396	1.438691e+02	2.358707e+02	1.420402e+02	1396	6.211377e-01	7.000000e-01	
1.421420e+02	1397	1.308298e+02	2.948711e+02	1.421420e+02	1397	6.926720e-01	7.000000e-01	
1.422437e+02	1398	8.252248e+01	3.261556e+02	1.422437e+02	1398	7.980746e-01	7.000000e-01	
1.423455e+02	1399	1.448138e+02	2.937962e+02	1.423455e+02	1399	6.698347e-01	7.000000e-01	
1.424472e+02	1400	1.177612e+02	3.076901e+02	1.424472e+02	1400	7.232087e-01	7.000000e-01	
1.425489e+02	1401	1.264055e+02	2.941367e+02	1.425489e+02	1401	6.994226e-01	7.000000e-01	
1.426507e+02	1402	1.140288e+02	3.057206e+02	1.426507e+02	1402	7.283408e-01	7.000000e-01	
1.427524e+02	1403	2.108534e+02	2.508021e+02	1.427524e+02	1403	5.432668e-01	7.000000e-01	
1.428542e+02	1404	2.193878e+02	2.711550e+02	1.428542e+02	1404	5.527652e-01	7.000000e-01	
1.429559e+02	1405	2.057893e+02	2.779315e+02	1.429559e+02	1405	5.745701e-01	7.000000e-01	
1.430577e+02	1406	1.971973e+02	2.871989e+02	1.430577e+02	1406	5.929008e-01	7.000000e-01	
1.431594e+02	1407	2.054718e+02	2.676522e+02	1.431594e+02	1407	5.657126e-01	7.000000e-01	
1.432612e+02	1408	2.206990e+02	2.576059e+02	1.432612e+02	1408	5.385809e-01	7.000000e-01	
1.433629e+02	1409	2.325535e+02	2.758847e+02	1.433629e+02	1409	5.426121e-01	7.000000e-01	
1.434647e+02	1410	2.442747e+02	2.833744e+02	1.434647e+02	1410	5.370509e-01	7.000000e-01	
1.435664e+02	1411	2.321005e+02	2.571607e+02	1.435664e+02	1411	5.256102e-01	7.000000e-01	
1.436682e+02	1412	2.329759e+02	2.651985e+02	1.436682e+02	1412	5.323407e-01	7.000000e-01	
1.437699e+02	1413	1.064420e+02	3.502925e+02	1.437699e+02	1413	7.669499e-01	7.000000e-01	
1.438717e+02	1414	1.100865e+02	3.397843e+02	1.438717e+02	1414	7.552931e-01	7.000000e-01	
1.439734e+02	1415	1.023298e+02	3.342734e+02	1.439734e+02	1415	7.656229e-01	7.000000e-01	
1.440752e+02	1416	1.131861e+02	3.336743e+02	1.440752e+02	1416	7.467081e-01	7.000000e-01	
1.441769e+02	1417	1.039400e+02	3.364363e+02	1.441769e+02	1417	7.639746e-01	7.000000e-01	
1.442787e+02	1418	1.032584e+02	3.332036e+02	1.442787e+02	1418	7.634195e-01	7.000000e-01	
1.443804e+02	1419	1.246937e+02	3.296336e+02	1.443804e+02	1419	7.255421e-01	7.000000e-01	
1.444822e+02	1420	1.015449e+02	3.035669e+02	1.444822e+02	1420	7.493410e-01	7.000000e-01	
1.445839e+02	1421	1.020353e+02	3.496517e+02	1.445839e+02	1421	7.741018e-01	7.000000e-01	
1.446857e+02	1422	1.040323e+02	3.631544e+02	1.446857e+02	1422	7.773218e-01	7.000000e-01	
1.447874e+02	1423	1.129420e+02	3.412163e+02	1.447874e+02	1423	7.513158e-01	7.000000e-01	
1.448892e+02	1424	1.218798e+02	3.572608e+02	1.448892e+02	1424	7.456283e-01	7.000000e-01	
1.449909e+02	1425	9.842907e+01	3.125113e+02	1.449909e+02	1425	7.604785e-01	7.000000e-01	
1.450926e+02	1426	1.085063e+02	3.092195e+02	1.450926e+02	1426	7.402452e-01	7.000000e-01	
1.451944e+02	1427	1.126930e+02	2.951929e+02	1.451944e+02	1427	7.237144e-01	7.000000e-01	
1.452961e+02	1428	9.744106e+01	2.985014e+02	1.452961e+02	1428	7.539010e-01	7.000000e-01	
1.453979e+02	1429	1.117366e+02	2.905294e+02	1.453979e+02	1429	7.222321e-01	7.000000e-01	
1.454996e+02	1430	8.175334e+01	2.576112e+02	1.454996e+02	1430	7.590988e-01	7.000000e-01	
1.456014e+02	1431	1.277447e+02	3.160647e+02	1.456014e+02	1431	7.121631e-01	7.000000e-01	
1.457031e+02	1432	1.131062e+02	3.078375e+02	1.457031e+02	1432	7.313033e-01	7.000000e-01	
1.458049e+02	1433	1.118903e+02	3.532213e+02	1.458049e+02	1433	7.594334e-01	7.000000e-01	
1.459066e+02	1434	1.205895e+02	3.164634e+02	1.459066e+02	1434	7.240849e-01	7.000000e-01	
1.460084e+02	1435	1.314296e+02	2.915747e+02	1.460084e+02	1435	6.892949e-01	7.000000e-01	
1.461101e+02	1436	9.746685e+01	3.169669e+02	1.461101e+02	1436	7.648192e-01	7.000000e-01	
1.462119e+02	1437	1.185458e+02	3.091589e+02	1.462119e+02	1437	7.228326e-01	7.000000e-01	
1.463136e+02	1438	1.194926e+02	2.961096e+02	1.463136e+02	1438	7.124832e-01	7.000000e-01	
1.464154e+02	1439	1.595863e+02	2.911673e+02	1.464154e+02	1439	6.459567e-01	7.000000e-01	
1.465171e+02	1440	1.123102e+02	2.924597e+02	1.465171e+02	1440	7.225332e-01	7.000000e-01	
1.466189e+02	1441	1.329202e+02	3.286077e+02	1.466189e+02	1441	7.119996e-01	7.000000e-01	
1.467206e+02	1442	1.384115e+02	2.889195e+02	1.467206e+02	1442	6.761024e-01	7.000000e-01	
1.468224e+02	1443	1.482893e+02	3.155343e+02	1.468224e+02	1443	6.802894e-01	7.000000e-01	
1.469241e+02	1444	1.638318e+02	3.006035e+02	1.469241e+02	1444	6.472452e-01	7.000000e-01	
1.470259e+02	1445	1.627592e+02	3.133762e+02	1.470259e+02	1445	6.581661e-01	7.000000e-01	
1.471276e+02	1446	9.795876e+01	3.679723e+02	1.471276e+02	1446	7.897570e-01	7.000000e-01	
1.472294e+02	1447	1.041208e+02	3.700757e+02	1.472294e+02	1447	7.804269e-01	7.000000e-01	
1.473311e+02	1448	9.048142e+01	3.457557e+02	1.473311e+02	1448	7.925866e-01	7.000000e-01	
1.474329e+02	1449	1.006249e+02	3.524729e+02	1.474329e+02	1449	7.779179e-01	7.000000e-01	
1.475346e+02	1450	1.044167e+02	3.921260e+02	1.475346e+02	1450	7.897125e-01	7.000000e-01	
1.476363e+02	1451	8.754806e+01	3.551531e+02	1.476363e+02	1451	8.022412e-01	7.000000e-01	
1.477381e+02	1452	8.915649e+01	3.520415e+02	1.477381e+02	1452	7.979218e-01	7.000000e-01	
1.478398e+02	1453	8.052105e+01	3.443687e+02	1.478398e+02	1453	8.104895e-01	7.000000e-01	
1.479416e+02	1454	1.034251e+02	3.643909e+02	1.479416e+02	1454	7.789193e-01	7.000000e-01	
1.480433e+02	1455	8.915929e+01	3.520850e+02	1.480433e+02	1455	7.979367e-01	7.000000e-01	
1.481451e+02	1456	8.237012e+01	3.425289e+02	1.481451e+02	1456	8.061419e-01	7.000000e-01	
1.482468e+02	1457	9.966654e+01	3.423555e+02	1.482468e+02	1457	7.745213e-01	7.000000e-01	
1.483486e+02	1458	1.112878e+02	2.943332e+02	1.483486e+02	1458	7.256360e-01	7.000000e-01	
1.484503e+02	1459	9.307981e+01	3.437849e+02	1.484503e+02	1459	7.869368e-01	7.000000e-01	
1.485521e+02	1460	1.060994e+02	3.298512e+02	1.485521e+02	1460	7.566252e-01	7.000000e-01	
1.486538e+02	1461	1.152645e+02	2.631736e+02	1.486538e+02	1461	6.954205e-01	7.000000e-01	
1.487556e+02	1462	1.112134e+02	3.294453e+02	1.487556e+02	1462	7.476201e-01	7.000000e-01	
1.488573e+02	1463	1.029608e+02	2.887972e+02	1.488573e+02	1463	7.371826e-01	7.000000e-01	
1.489591e+02	1464	1.474478e+02	2.634905e+02	1.489591e+02	1464	6.411924e-01	7.000000e-01	
1.490608e+02	1465	1.226480e+02	2.949124e+02	1.490608e+02	1465	7.062748e-01	7.000000e-01	
1.491626e+02	1466	1.667023e+02	2.697552e+02	1.491626e+02	1466	6.180561e-01	7.000000e-01	
1.492643e+02	1467	1.519740e+02	2.542993e+02	1.492643e+02	1467	6.259316e-01	7.000000e-01	
1.493661e+02	1468	1.462016e+02	2.561538e+02	1.493661e+02	1468	6.366357e-01	7.000000e-01	
1.494678e+02	1469	1.276723e+02	2.688603e+02	1.494678e+02	1469	6.780282e-01	7.000000e-01	
1.495696e+02	1470	1.468354e+02	2.886794e+02	1.495696e+02	1470	6.628464e-01	7.000000e-01	
1.496713e+02	1471	1.340840e+02	2.690933e+02	1.496713e+02	1471	6.674317e-01	7.000000e-01	
1.497731e+02	1472	1.660376e+02	2.631202e+02	1.497731e+02	1472	6.131083e-01	7.000000e-01	
1.498748e+02	1473	1.665836e+02	2.619094e+02	1.498748e+02	1473	6.112338e-01	7.000000e-01	
1.499766e+02	1474	1.341425e+02	2.690957e+02	1.499766e+02	1474	6.673368e-01	7.000000e-01	
1.500783e+02	1475	1.096180e+02	1.700060e+02	1.500783e+02	1475	6.079807e-01	7.000000e-01	
1.501800e+02	1476	1.044182e+02	2.618778e+02	1.501800e+02	1476	7.149349e-01	7.000000e-01	
1.502818e+02	1477	1.001798e+02	8.629013e+01	1.502818e+02	1477	4.627563e-01	7.000000e-01	
1.503835e+02	1478	7.829035e+01	9.652355e+01	1.503835e+02	1478	5.521503e-01	7.000000e-01	
1.504853e+02	1479	8.770063e+01	1.428521e+02	1.504853e+02	1479	6.196071e-01	7.000000e-01	
1.505870e+02	1480	9.835827e+01	6.959992e+01	1.505870e+02	1480	4.143884e-01	7.000000e-01	
1.506888e+02	1481	9.564663e+01	1.335877e+02	1.506888e+02	1481	5.827561e-01	7.000000e-01	
1.507905e+02	1482	5.641474e+01	1.363011e+02	1.507905e+02	1482	7.072646e-01	7.000000e-01	
1.508923e+02	1483	1.394831e+02	2.813986e+02	1.508923e+02	1483	6.685931e-01	7.000000e-01	
1.509940e+02	1484	1.268320e+02	2.662035e+02	1.509940e+02	1484	6.773014e-01	7.000000e-01	
1.510958e+02	1485	1.373235e+02	2.525804e+02	1.510958e+02	1485	6.478017e-01	7.000000e-01	
1.511975e+02	1486	1.164025e+02	2.858383e+02	1.511975e+02	1486	7.106149e-01	7.000000e-01	
1.512993e+02	1487	1.162663e+02	2.379549e+02	1.512993e+02	1487	6.717692e-01	7.000000e-01	
1.514010e+02	1488	1.574505e+02	2.486350e+02	1.514010e+02	1488	6.122725e-01	7.000000e-01	
1.515028e+02	1489	1.436354e+02	2.755739e+02	1.515028e+02	1489	6.573659e-01	7.000000e-01	
1.516045e+02	1490	1.365979e+02	2.298490e+02	1.516045e+02	1490	6.272369e-01	7.000000e-01	
1.517063e+02	1491	1.774527e+02	2.603968e+02	1.517063e+02	1491	5.947176e-01	7.000000e-01	
1.518080e+02	1492	1.650349e+02	2.843217e+02	1.518080e+02	1492	6.327307e-01	7.000000e-01	
1.519098e+02	1493	1.231707e+02	2.472781e+02	1.519098e+02	1493	6.675095e-01	7.000000e-01	
1.520115e+02	1494	1.069349e+02	3.079281e+02	1.520115e+02	1494	7.422405e-01	7.000000e-01	
1.521133e+02	1495	1.591361e+02	2.789349e+02	1.521133e+02	1495	6.367345e-01	7.000000e-01	
1.522150e+02	1496	1.557819e+02	3.376144e+02	1.522150e+02	1496	6.842662e-01	7.000000e-01	
1.523168e+02	1497	1.541952e+02	2.809939e+02	1.523168e+02	1497	6.456823e-01	7.000000e-01	
1.524185e+02	1498	1.623329e+02	2.915433e+02	1.524185e+02	1498	6.423410e-01	7.000000e-01	
1.525203e+02	1499	1.534304e+02	3.049797e+02	1.525203e+02	1499	6.652988e-01	7.000000e-01	
1.526220e+02	1500	1.590958e+02	2.896941e+02	1.526220e+02	1500	6.455005e-01	7.000000e-01	
1.527237e+02	1501	1.740003e+02	2.955726e+02	1.527237e+02	1501	6.294499e-01	7.000000e-01	
1.528255e+02	1502	1.572387e+02	3.106339e+02	1.528255e+02	1502	6.639284e-01	7.000000e-01	
1.529272e+02	1503	1.660050e+02	2.747232e+02	1.529272e+02	1503	6.233393e-01	7.000000e-01	
1.530290e+02	1504	1.244099e+02	3.134617e+02	1.530290e+02	1504	7.158758e-01	7.000000e-01	
1.531307e+02	1505	1.729609e+02	2.966723e+02	1.531307e+02	1505	6.317107e-01	7.000000e-01	
1.532325e+02	1506	1.348490e+02	3.191561e+02	1.532325e+02	1506	7.029791e-01	7.000000e-01	
1.533342e+02	1507	1.302148e+02	3.122691e+02	1.533342e+02	1507	7.057186e-01	7.000000e-01	
1.534360e+02	1508	1.572628e+02	3.000665e+02	1.534360e+02	1508	6.561279e-01	7.000000e-01	
1.535377e+02	1509	1.376812e+02	3.160154e+02	1.535377e+02	1509	6.965346e-01	7.000000e-01	
1.536395e+02	1510	1.346413e+02	2.979759e+02	1.536395e+02	1510	6.887750e-01	7.000000e-01	
1.537412e+02	1511	1.561918e+02	3.156344e+02	1.537412e+02	1511	6.689633e-01	7.000000e-01	
1.538430e+02	1512	1.274876e+02	3.068378e+02	1.538430e+02	1512	7.064698e-01	7.000000e-01	
1.539447e+02	1513	1.219628e+02	3.178360e+02	1.539447e+02	1513	7.226850e-01	7.000000e-01	
1.540465e+02	1514	1.253948e+02	2.830518e+02	1.540465e+02	1514	6.929959e-01	7.000000e-01	
1.541482e+02	1515	1.415327e+02	2.764693e+02	1.541482e+02	1515	6.614066e-01	7.000000e-01	
1.542500e+02	1516	1.426565e+02	3.066216e+02	1.542500e+02	1516	6.824762e-01	7.000000e-01	
1.543517e+02	1517	1.370929e+02	3.033042e+02	1.543517e+02	1517	6.887062e-01	7.000000e-01	
1.544535e+02	1518	1.336861e+02	2.858377e+02	1.544535e+02	1518	6.813385e-01	7.000000e-01	
1.545552e+02	1519	1.898038e+02	2.788163e+02	1.545552e+02	1519	5.949730e-01	7.000000e-01	
1.546570e+02	1520	1.365532e+02	2.777507e+02	1.546570e+02	1520	6.704033e-01	7.000000e-01	
1.547587e+02	1521	1.235748e+02	3.266899e+02	1.547587e+02	1521	7.255508e-01	7.000000e-01	
1.548605e+02	1522	1.152929e+02	2.691801e+02	1.548605e+02	1522	7.001274e-01	7.000000e-01	
1.549622e+02	1523	1.274826e+02	3.067144e+02	1.549622e+02	1523	7.063946e-01	7.000000e-01	
1.550640e+02	1524	1.293175e+02	3.186537e+02	1.550640e+02	1524	7.113263e-01	7.000000e-01	
1.551657e+02	1525	1.371920e+02	3.226467e+02	1.551657e+02	1525	7.016519e-01	7.000000e-01	
1.552674e+02	1526	1.140113e+02	2.856355e+02	1.552674e+02	1526	7.147198e-01	7.000000e-01	
1.553692e+02	1527	1.501897e+02	2.831614e+02	1.553692e+02	1527	6.534226e-01	7.000000e-01	
1.554709e+02	1528	1.045815e+02	3.413918e+02	1.554709e+02	1528	7.654983e-01	7.000000e-01	
1.555727e+02	1529	1.352277e+02	2.618334e+02	1.555727e+02	1529	6.594285e-01	7.000000e-01	
1.556744e+02	1530	1.231063e+02	2.656020e+02	1.556744e+02	1530	6.832939e-01	7.000000e-01	
1.557762e+02	1531	1.273216e+02	2.579944e+02	1.557762e+02	1531	6.695658e-01	7.000000e-01	
1.558779e+02	1532	1.181390e+02	2.960301e+02	1.558779e+02	1532	7.147566e-01	7.000000e-01	
1.559797e+02	1533	1.229106e+02	2.911505e+02	1.559797e+02	1533	7.031583e-01	7.000000e-01	
1.560814e+02	1534	1.516848e+02	2.883445e+02	1.560814e+02	1534	6.552848e-01	7.000000e-01	
1.561832e+02	1535	1.242122e+02	2.577812e+02	1.561832e+02	1535	6.748316e-01	7.000000e-01	
1.562849e+02	1536	1.025017e+02	3.576319e+02	1.562849e+02	1536	7.772349e-01	7.000000e-01	
1.563867e+02	1537	1.128346e+02	3.159860e+02	1.563867e+02	1537	7.368722e-01	7.000000e-01	
1.564884e+02	1538	1.230804e+02	3.093037e+02	1.564884e+02	1538	7.153448e-01	7.000000e-01	
1.565902e+02	1539	1.155321e+02	3.266185e+02	1.565902e+02	1539	7.387042e-01	7.000000e-01	
1.566919e+02	1540	1.094577e+02	3.110705e+02	1.566919e+02	1540	7.397138e-01	7.000000e-01	
1.567937e+02	1541	1.164011e+02	2.967544e+02	1.567937e+02	1541	7.182632e-01	7.000000e-01	
1.568954e+02	1542	1.237252e+02	3.553503e+02	1.568954e+02	1542	7.417418e-01	7.000000e-01	
1.569972e+02	1543	9.436738e+01	3.810519e+02	1.569972e+02	1543	8.015070e-01	7.000000e-01	
1.570989e+02	1544	1.145025e+02	3.216711e+02	1.570989e+02	1544	7.374841e-01	7.000000e-01	
1.572007e+02	1545	1.238183e+02	3.269463e+02	1.572007e+02	1545	7.253149e-01	7.000000e-01	
1.573024e+02	1546	1.644831e+02	2.266365e+02	1.573024e+02	1546	5.794557e-01	7.000000e-01	
1.574042e+02	1547	1.590592e+02	2.516673e+02	1.574042e+02	1547	6.127369e-01	7.000000e-01	
1.575059e+02	1548	1.277215e+02	2.872815e+02	1.575059e+02	1548	6.922396e-01	7.000000e-01	
1.576077e+02	1549	1.771086e+02	2.256643e+02	1.576077e+02	1549	5.602768e-01	7.000000e-01	
1.577094e+02	1550	1.411328e+02	2.672950e+02	1.577094e+02	1550	6.544486e-01	7.000000e-01	
1.578111e+02	1551	1.490184e+02	2.731989e+02	1.578111e+02	1551	6.470576e-01	7.000000e-01	
1.579129e+02	1552	1.326573e+02	3.063875e+02	1.579129e+02	1552	6.978502e-01	7.000000e-01	
1.580146e+02	1553	1.506054e+02	2.639502e+02	1.580146e+02	1553	6.367064e-01	7.000000e-01	
1.581164e+02	1554	2.396927e+02	1.293060e+02	1.581164e+02	1554	3.504240e-01	0	
1.582181e+02	1555	2.332023e+02	1.840847e+02	1.582181e+02	1555	4.411465e-01	0	
1.583199e+02	1556	2.093060e+02	1.508264e+02	1.583199e+02	1556	4.188082e-01	0	
1.584216e+02	1557	2.298401e+02	1.914213e+02	1.584216e+02	1557	4.544003e-01	0	
1.585234e+02	1558	2.274958e+02	2.162665e+02	1.585234e+02	1558	4.873476e-01	0	
1.586251e+02	1559	2.034331e+02	2.107254e+02	1.586251e+02	1559	5.088038e-01	0	
1.587269e+02	1560	2.280148e+02	1.505795e+02	1.587269e+02	1560	3.977331e-01	0	
1.588286e+02	1561	1.950776e+02	2.081139e+02	1.588286e+02	1561	5.161664e-01	0	
1.589304e+02	1562	2.056171e+02	2.014121e+02	1.589304e+02	1562	4.948345e-01	0	
1.590321e+02	1563	1.933929e+02	2.156941e+02	1.590321e+02	1563	5.272573e-01	7.000000e-01	
1.591339e+02	1564	1.669750e+02	2.342718e+02	1.591339e+02	1564	5.838596e-01	7.000000e-01	
1.592356e+02	1565	2.024837e+02	1.861788e+02	1.592356e+02	1565	4.790243e-01	7.000000e-01	
1.593374e+02	1566	1.866411e+02	2.340329e+02	1.593374e+02	1566	5.563284e-01	7.000000e-01	
1.594391e+02	1567	1.959033e+02	2.021940e+02	1.594391e+02	1567	5.079010e-01	7.000000e-01	
1.595409e+02	1568	1.838397e+02	2.279593e+02	1.595409e+02	1568	5.535693e-01	7.000000e-01	
1.596426e+02	1569	2.020329e+02	1.965594e+02	1.596426e+02	1569	4.931340e-01	7.000000e-01	
1.597444e+02	1570	1.816712e+02	2.519662e+02	1.597444e+02	1570	5.810527e-01	7.000000e-01	
1.598461e+02	1571	1.459546e+02	2.792147e+02	1.598461e+02	1571	6.567142e-01	7.000000e-01	
1.599479e+02	1572	1.977793e+02	2.079218e+02	1.599479e+02	1572	5.125000e-01	7.000000e-01	
1.600496e+02	1573	1.413724e+02	2.977524e+02	1.600496e+02	1573	6.780587e-01	7.000000e-01	
1.601514e+02	1574	1.778236e+02	2.378205e+02	1.601514e+02	1574	5.721734e-01	7.000000e-01	
1.602531e+02	1575	1.028491e+02	3.078856e+02	1.602531e+02	1575	7.495972e-01	7.000000e-01	
1.603548e+02	1576	1.396362e+02	3.045314e+02	1.603548e+02	1576	6.856227e-01	7.000000e-01	
1.604566e+02	1577	1.487493e+02	2.902153e+02	1.604566e+02	1577	6.611360e-01	7.000000e-01	
1.605583e+02	1578	1.172789e+02	3.144870e+02	1.605583e+02	1578	7.283739e-01	7.000000e-01	
1.606601e+02	1579	1.578325e+02	2.581909e+02	1.606601e+02	1579	6.206163e-01	7.000000e-01	
1.607618e+02	1580	1.335372e+02	3.004806e+02	1.607618e+02	1580	6.923232e-01	7.000000e-01	
1.608636e+02	1581	1.543890e+02	2.425617e+02	1.608636e+02	1581	6.110625e-01	7.000000e-01	
1.609653e+02	1582	1.502183e+02	2.502809e+02	1.609653e+02	1582	6.249223e-01	7.000000e-01	
1.610671e+02	1583	1.645812e+02	2.388269e+02	1.610671e+02	1583	5.920231e-01	7.000000e-01	
1.611688e+02	1584	1.398360e+02	2.226975e+02	1.611688e+02	1584	6.142812e-01	7.000000e-01	
1.612706e+02	1585	1.377998e+02	2.576685e+02	1.612706e+02	1585	6.515529e-01	7.000000e-01	
1.613723e+02	1586	1.401745e+02	2.478115e+02	1.613723e+02	1586	6.387125e-01	7.000000e-01	
1.614741e+02	1587	1.405901e+02	2.677163e+02	1.614741e+02	1587	6.556750e-01	7.000000e-01	
1.615758e+02	1588	1.551668e+02	2.598820e+02	1.615758e+02	1588	6.261481e-01	7.000000e-01	
1.616776e+02	1589	1.448501e+02	2.743739e+02	1.616776e+02	1589	6.544804e-01	7.000000e-01	
1.617793e+02	1590	1.676425e+02	2.413741e+02	1.617793e+02	1590	5.901328e-01	7.000000e-01	
1.618811e+02	1591	1.488149e+02	2.780388e+02	1.618811e+02	1591	6.513679e-01	7.000000e-01	
1.619828e+02	1592	1.514563e+02	2.681348e+02	1.619828e+02	1592	6.390383e-01	7.000000e-01	
1.620846e+02	1593	1.695654e+02	2.850869e+02	1.620846e+02	1593	6.270438e-01	7.000000e-01	
1.621863e+02	1594	1.438483e+02	2.545419e+02	1.621863e+02	1594	6.389261e-01	7.000000e-01	
1.622881e+02	1595	1.498660e+02	3.064140e+02	1.622881e+02	1595	6.715482e-01	7.000000e-01	
1.623898e+02	1596	1.462475e+02	2.775129e+02	1.623898e+02	1596	6.548816e-01	7.000000e-01	
1.624916e+02	1597	1.452983e+02	2.604112e+02	1.624916e+02	1597	6.418662e-01	7.000000e-01	
1.625933e+02	1598	1.670288e+02	2.823330e+02	1.625933e+02	1598	6.282977e-01	7.000000e-01	
1.626951e+02	1599	1.417237e+02	3.084441e+02	1.626951e+02	1599	6.851758e-01	7.000000e-01	
1.627968e+02	1600	1.646481e+02	2.916825e+02	1.627968e+02	1600	6.391912e-01	7.000000e-01	
1.628985e+02	1601	1.582340e+02	2.976314e+02	1.628985e+02	1601	6.528932e-01	7.000000e-01	
1.630003e+02	1602	1.838432e+02	2.627407e+02	1.630003e+02	1602	5.883345e-01	7.000000e-01	
1.631020e+02	1603	1.545850e+02	2.574878e+02	1.631020e+02	1603	6.248600e-01	7.000000e-01	
1.632038e+02	1604	1.814084e+02	2.738932e+02	1.632038e+02	1604	6.015643e-01	7.000000e-01	
1.633055e+02	1605	1.688617e+02	2.976171e+02	1.633055e+02	1605	6.380078e-01	7.000000e-01	
1.634073e+02	1606	2.226985e+02	2.611256e+02	1.634073e+02	1606	5.397118e-01	7.000000e-01	
1.635090e+02	1607	1.880988e+02	2.669809e+02	1.635090e+02	1607	5.866684e-01	7.000000e-01	
1.636108e+02	1608	1.990753e+02	2.717933e+02	1.636108e+02	1608	5.772169e-01	7.000000e-01	
1.637125e+02	1609	2.051934e+02	2.855132e+02	1.637125e+02	1609	5.818410e-01	7.000000e-01	
1.638143e+02	1610	1.911468e+02	2.814682e+02	1.638143e+02	1610	5.955549e-01	7.000000e-01	
1.639160e+02	1611	2.401644e+02	2.251693e+02	1.639160e+02	1611	4.838878e-01	7.000000e-01	
1.640178e+02	1612	2.107904e+02	2.572928e+02	1.640178e+02	1612	5.496732e-01	7.000000e-01	
1.641195e+02	1613	2.061300e+02	2.522998e+02	1.641195e+02	1613	5.503565e-01	7.000000e-01	
1.642213e+02	1614	2.007230e+02	2.652425e+02	1.642213e+02	1614	5.692321e-01	7.000000e-01	
1.643230e+02	1615	2.706019e+02	1.744843e+02	1.643230e+02	1615	3.920236e-01	7.000000e-01	
1.644248e+02	1616	2.224351e+02	2.557821e+02	1.644248e+02	1616	5.348660e-01	7.000000e-01	
1.645265e+02	1617	1.517601e+02	2.510919e+02	1.645265e+02	1617	6.232857e-01	7.000000e-01	
1.646283e+02	1618	1.690926e+02	2.446851e+02	1.646283e+02	1618	5.913443e-01	7.000000e-01	
1.647300e+02	1619	1.592391e+02	2.637828e+02	1.647300e+02	1619	6.235677e-01	7.000000e-01	
1.648318e+02	1620	1.380987e+02	2.486811e+02	1.648318e+02	1620	6.429527e-01	7.000000e-01	
1.649335e+02	1621	1.326698e+02	2.439949e+02	1.649335e+02	1621	6.477775e-01	7.000000e-01	
1.650353e+02	1622	1.564806e+02	2.479113e+02	1.650353e+02	1622	6.130471e-01	7.000000e-01	
1.651370e+02	1623	1.506088e+02	2.471381e+02	1.651370e+02	1623	6.213451e-01	7.000000e-01	
1.652388e+02	1624	1.284313e+02	2.565197e+02	1.652388e+02	1624	6.663697e-01	7.000000e-01	
1.653405e+02	1625	8.937499e+01	3.693961e+02	1.653405e+02	1625	8.051861e-01	7.000000e-01	
1.654422e+02	1626	8.775099e+01	3.546313e+02	1.654422e+02	1626	8.016399e-01	7.000000e-01	
1.655440e+02	1627	9.566381e+01	3.560314e+02	1.655440e+02	1627	7.882116e-01	7.000000e-01	
1.656457e+02	1628	9.931722e+01	3.425371e+02	1.656457e+02	1628	7.752263e-01	7.000000e-01	
1.657475e+02	1629	1.040990e+02	3.117341e+02	1.657475e+02	1629	7.496616e-01	7.000000e-01	
1.658492e+02	1630	8.373653e+01	3.246887e+02	1.658492e+02	1630	7.949771e-01	7.000000e-01	
1.659510e+02	1631	1.042460e+02	3.183557e+02	1.659510e+02	1631	7.533233e-01	7.000000e-01	
1.660527e+02	1632	1.030388e+02	2.989291e+02	1.660527e+02	1632	7.436641e-01	7.000000e-01	
1.661545e+02	1633	8.710901e+01	3.524071e+02	1.661545e+02	1633	8.018070e-01	7.000000e-01	
1.662562e+02	1634	1.136946e+02	3.003501e+02	1.662562e+02	1634	7.254050e-01	7.000000e-01	
1.663580e+02	1635	1.228815e+02	3.054254e+02	1.663580e+02	1635	7.130994e-01	7.000000e-01	
1.664597e+02	1636	1.216847e+02	3.353932e+02	1.664597e+02	1636	7.337769e-01	7.000000e-01	
1.665615e+02	1637	9.198997e+01	3.238945e+02	1.665615e+02	1637	7.788088e-01	7.000000e-01	
1.666632e+02	1638	1.109929e+02	3.343241e+02	1.666632e+02	1638	7.507553e-01	7.000000e-01	
1.667650e+02	1639	1.221338e+02	3.150418e+02	1.667650e+02	1639	7.206299e-01	7.000000e-01	
1.668667e+02	1640	9.284536e+01	2.729046e+02	1.668667e+02	1640	7.461507e-01	7.000000e-01	
1.669685e+02	1641	9.610351e+01	2.812732e+02	1.669685e+02	1641	7.453380e-01	7.000000e-01	
1.670702e+02	1642	1.148215e+02	3.227793e+02	1.670702e+02	1642	7.376113e-01	7.000000e-01	
1.671720e+02	1643	1.088836e+02	2.227528e+02	1.671720e+02	1643	6.716778e-01	7.000000e-01	
1.672737e+02	1644	9.014081e+01	2.885878e+02	1.672737e+02	1644	7.619910e-01	7.000000e-01	
1.673755e+02	1645	1.011859e+02	2.333163e+02	1.673755e+02	1645	6.975030e-01	7.000000e-01	
1.674772e+02	1646	4.572843e+01	3.309312e+02	1.674772e+02	1646	8.785948e-01	7.000000e-01	
1.675790e+02	1647	9.875784e+01	2.817964e+02	1.675790e+02	1647	7.404895e-01	7.000000e-01	
1.676807e+02	1648	1.112378e+02	3.165921e+02	1.676807e+02	1648	7.399953e-01	7.000000e-01	
1.677825e+02	1649	1.253982e+02	3.133950e+02	1.677825e+02	1649	7.142203e-01	7.000000e-01	
1.678842e+02	1650	1.036946e+02	2.961387e+02	1.678842e+02	1650	7.406554e-01	7.000000e-01	
1.679859e+02	1651	7.798202e+01	3.148567e+02	1.679859e+02	1651	8.014910e-01	7.000000e-01	
1.680877e+02	1652	1.253351e+02	3.306387e+02	1.680877e+02	1652	7.251265e-01	7.000000e-01	
1.681894e+02	1653	1.290046e+02	3.168916e+02	1.681894e+02	1653	7.106847e-01	7.000000e-01	
1.682912e+02	1654	1.231858e+02	3.153264e+02	1.682912e+02	1654	7.190824e-01	7.000000e-01	
1.683929e+02	1655	1.252511e+02	3.324802e+02	1.683929e+02	1655	7.263654e-01	7.000000e-01	
1.684947e+02	1656	1.260712e+02	3.190029e+02	1.684947e+02	1656	7.167411e-01	7.000000e-01	
1.685964e+02	1657	1.276805e+02	2.912451e+02	1.685964e+02	1657	6.952192e-01	7.000000e-01	
1.686982e+02	1658	1.238626e+02	3.151664e+02	1.686982e+02	1658	7.178715e-01	7.000000e-01	
1.687999e+02	1659	1.352843e+02	2.987291e+02	1.687999e+02	1659	6.882946e-01	7.000000e-01	
1.689017e+02	1660	1.094010e+02	3.013641e+02	1.689017e+02	1660	7.336653e-01	7.000000e-01	
1.690034e+02	1661	1.197675e+02	2.464114e+02	1.690034e+02	1661	6.729263e-01	7.000000e-01	
1.691052e+02	1662	1.279252e+02	3.266789e+02	1.691052e+02	1662	7.186009e-01	7.000000e-01	
1.692069e+02	1663	1.004759e+02	3.183957e+02	1.692069e+02	1663	7.601272e-01	7.000000e-01	
1.693087e+02	1664	1.259859e+02	3.041197e+02	1.693087e+02	1664	7.070815e-01	7.000000e-01	
1.694104e+02	1665	1.009265e+02	2.926316e+02	1.694104e+02	1665	7.435537e-01	7.000000e-01	
1.695122e+02	1666	9.340003e+01	3.001180e+02	1.695122e+02	1666	7.626537e-01	7.000000e-01	
1.696139e+02	1667	9.941701e+01	2.951250e+02	1.696139e+02	1667	7.480192e-01	7.000000e-01	
1.697157e+02	1668	9.835863e+01	2.857074e+02	1.697157e+02	1668	7.439018e-01	7.000000e-01	
1.698174e+02	1669	1.061342e+02	3.162668e+02	1.698174e+02	1669	7.487359e-01	7.000000e-01	
1.699192e+02	1670	1.181302e+02	2.973875e+02	1.699192e+02	1670	7.157036e-01	7.000000e-01	
1.700209e+02	1671	1.055875e+02	3.217918e+02	1.700209e+02	1671	7.529419e-01	7.000000e-01	
1.701227e+02	1672	1.039588e+02	3.285453e+02	1.701227e+02	1672	7.596351e-01	7.000000e-01	
1.702244e+02	1673	1.129106e+02	3.088383e+02	1.702244e+02	1673	7.322800e-01	7.000000e-01	
1.703262e+02	1674	1.130455e+02	3.217091e+02	1.703262e+02	1674	7.399786e-01	7.000000e-01	
1.704279e+02	1675	1.098748e+02	3.109256e+02	1.704279e+02	1675	7.388909e-01	7.000000e-01	
1.705296e+02	1676	1.178844e+02	2.985321e+02	1.705296e+02	1676	7.169075e-01	7.000000e-01	
1.706314e+02	1677	8.981750e+01	2.866016e+02	1.706314e+02	1677	7.613896e-01	7.000000e-01	
1.707331e+02	1678	1.195471e+02	3.027864e+02	1.707331e+02	1678	7.169367e-01	7.000000e-01	
1.708349e+02	1679	9.834587e+01	3.203519e+02	1.708349e+02	1679	7.651149e-01	7.000000e-01	
1.709366e+02	1680	1.373334e+02	2.840292e+02	1.709366e+02	1680	6.740731e-01	7.000000e-01	
1.710384e+02	1681	1.010105e+02	2.856453e+02	1.710384e+02	1681	7.387586e-01	7.000000e-01	
1.711401e+02	1682	1.331066e+02	2.919274e+02	1.711401e+02	1682	6.868331e-01	7.000000e-01	
1.712419e+02	1683	1.307710e+02	2.912039e+02	1.712419e+02	1683	6.900977e-01	7.000000e-01	
1.713436e+02	1684	1.303171e+02	2.811152e+02	1.713436e+02	1684	6.832599e-01	7.000000e-01	
1.714454e+02	1685	1.426479e+02	2.907462e+02	1.714454e+02	1685	6.708587e-01	7.000000e-01	
1.715471e+02	1686	1.304966e+02	2.934179e+02	1.715471e+02	1686	6.921629e-01	7.000000e-01	
1.716489e+02	1687	1.329249e+02	3.077450e+02	1.716489e+02	1687	6.983572e-01	7.000000e-01	
1.717506e+02	1688	1.460550e+02	2.483283e+02	1.717506e+02	1688	6.296623e-01	7.000000e-01	
1.718524e+02	1689	1.580641e+02	3.237738e+02	1.718524e+02	1689	6.719559e-01	7.000000e-01	
1.719541e+02	1690	1.381613e+02	3.593141e+02	1.719541e+02	1690	7.222751e-01	7.000000e-01	
1.720559e+02	1691	1.544408e+02	3.466623e+02	1.720559e+02	1691	6.917984e-01	7.000000e-01	
1.721576e+02	1692	1.424303e+02	2.934743e+02	1.721576e+02	1692	6.732535e-01	7.000000e-01	
1.722594e+02	1693	1.281022e+02	2.921720e+02	1.722594e+02	1693	6.951938e-01	7.000000e-01	
1.723611e+02	1694	1.131484e+02	3.595981e+02	1.723611e+02	1694	7.606574e-01	7.000000e-01	
1.724629e+02	1695	1.336598e+02	3.333849e+02	1.724629e+02	1695	7.138180e-01	7.000000e-01	
1.725646e+02	1696	1.250657e+02	2.915775e+02	1.725646e+02	1696	6.998254e-01	7.000000e-01	
1.726664e+02	1697	1.248664e+02	1.169104e+02	1.726664e+02	1697	4.835468e-01	7.000000e-01	
1.727681e+02	1698	1.199334e+02	1.384157e+02	1.727681e+02	1698	5.357700e-01	7.000000e-01	
1.728699e+02	1699	1.206515e+02	1.396538e+02	1.728699e+02	1699	5.365000e-01	7.000000e-01	
1.729716e+02	1700	1.226105e+02	1.253038e+02	1.729716e+02	1700	5.054319e-01	7.000000e-01	
1.730733e+02	1701	1.157233e+02	1.300729e+02	1.730733e+02	1701	5.291900e-01	7.000000e-01	
1.731751e+02	1702	1.609178e+02	7.910690e+01	1.731751e+02	1702	3.295782e-01	7.000000e-01	
1.732768e+02	1703	1.214561e+02	1.416694e+02	1.732768e+02	1703	5.384100e-01	7.000000e-01	
1.733786e+02	1704	1.206672e+02	1.660173e+02	1.733786e+02	1704	5.790941e-01	7.000000e-01	
1.734803e+02	1705	1.341636e+02	1.232977e+02	1.734803e+02	1705	4.788980e-01	7.000000e-01	
1.735821e+02	1706	1.476547e+02	2.048393e+02	1.735821e+02	1706	5.811143e-01	7.000000e-01	
1.736838e+02	1707	1.254929e+02	1.479009e+02	1.736838e+02	1707	5.409812e-01	7.000000e-01	
1.737856e+02	1708	1.602238e+02	2.301421e+02	1.737856e+02	1708	5.895548e-01	7.000000e-01	
1.738873e+02	1709	1.499208e+02	2.356710e+02	1.738873e+02	1709	6.111930e-01	7.000000e-01	
1.739891e+02	1710	1.329379e+02	1.901694e+02	1.739891e+02	1710	5.885642e-01	7.000000e-01	
1.740908e+02	1711	1.344258e+02	1.523523e+02	1.740908e+02	1711	5.312550e-01	7.000000e-01	
1.741926e+02	1712	1.645820e+02	1.890429e+02	1.741926e+02	1712	5.345859e-01	7.000000e-01	
1.742943e+02	1713	1.188764e+02	1.752440e+02	1.742943e+02	1713	5.958240e-01	7.000000e-01	
1.743961e+02	1714	1.061293e+02	1.822319e+02	1.743961e+02	1714	6.319571e-01	7.000000e-01	
1.744978e+02	1715	1.397570e+02	2.301711e+02	1.744978e+02	1715	6.222050e-01	7.000000e-01	
1.745996e+02	1716	1.290846e+02	1.497055e+02	1.745996e+02	1716	5.369828e-01	7.000000e-01	
1.747013e+02	1717	1.316143e+02	7.592207e+01	1.747013e+02	1717	3.658254e-01	7.000000e-01	
1.748031e+02	1718	8.385293e+01	2.203717e+02	1.748031e+02	1718	7.243717e-01	7.000000e-01	
1.749048e+02	1719	1.138204e+02	1.905005e+02	1.749048e+02	1719	6.259856e-01	7.000000e-01	
1.750066e+02	1720	1.073724e+02	2.212836e+02	1.750066e+02	1720	6.732985e-01	7.000000e-01	
1.751083e+02	1721	4.573012e+01	2.189521e+02	1.751083e+02	1721	8.272263e-01	7.000000e-01	
1.752101e+02	1722	1.028295e+02	1.838249e+02	1.752101e+02	1722	6.412771e-01	7.000000e-01	
1.753118e+02	1723	1.172921e+02	1.881403e+02	1.753118e+02	1723	6.159802e-01	7.000000e-01	
1.754136e+02	1724	1.039735e+02	1.997971e+02	1.754136e+02	1724	6.577236e-01	7.000000e-01	
1.755153e+02	1725	1.333401e+02	2.422294e+02	1.755153e+02	1725	6.449656e-01	7.000000e-01	
1.756170e+02	1726	9.299836e+01	2.261890e+02	1.756170e+02	1726	7.086402e-01	7.000000e-01	
1.757188e+02	1727	1.097290e+02	2.097947e+02	1.757188e+02	1727	6.565857e-01	7.000000e-01	
1.758205e+02	1728	1.517192e+02	1.928811e+02	1.758205e+02	1728	5.597241e-01	7.000000e-01	
1.759223e+02	1729	1.164043e+02	3.002473e+02	1.759223e+02	1729	7.206196e-01	7.000000e-01	
1.760240e+02	1730	1.117952e+02	2.726016e+02	1.760240e+02	1730	7.091672e-01	7.000000e-01	
1.761258e+02	1731	1.117189e+02	2.848551e+02	1.761258e+02	1731	7.182899e-01	7.000000e-01	
1.762275e+02	1732	1.081980e+02	3.009708e+02	1.762275e+02	1732	7.355663e-01	7.000000e-01	
1.763293e+02	1733	1.196861e+02	3.028454e+02	1.763293e+02	1733	7.167404e-01	7.000000e-01	
1.764310e+02	1734	1.253938e+02	3.079909e+02	1.764310e+02	1734	7.106640e-01	7.000000e-01	
1.765328e+02	1735	1.108529e+02	3.279691e+02	1.765328e+02	1735	7.473853e-01	7.000000e-01	
1.766345e+02	1736	1.206292e+02	2.943321e+02	1.766345e+02	1736	7.093001e-01	7.000000e-01	
1.767363e+02	1737	1.447940e+02	3.232019e+02	1.767363e+02	1737	6.906084e-01	7.000000e-01	
1.768380e+02	1738	1.186037e+02	3.307569e+02	1.768380e+02	1738	7.360612e-01	7.000000e-01	
1.769398e+02	1739	1.328520e+02	3.241091e+02	1.769398e+02	1739	7.092707e-01	7.000000e-01	
1.770415e+02	1740	1.382407e+02	3.219227e+02	1.770415e+02	1740	6.995835e-01	7.000000e-01	
1.771433e+02	1741	1.083492e+02	3.246296e+02	1.771433e+02	1741	7.497586e-01	7.000000e-01	
1.772450e+02	1742	1.108990e+02	3.147234e+02	1.772450e+02	1742	7.394428e-01	7.000000e-01	
1.773468e+02	1743	9.393103e+01	3.702128e+02	1.773468e+02	1743	7.976252e-01	7.000000e-01	
1.774485e+02	1744	1.073447e+02	3.199469e+02	1.774485e+02	1744	7.487788e-01	7.000000e-01	
1.775503e+02	1745	1.132927e+02	3.044080e+02	1.775503e+02	1745	7.287706e-01	7.000000e-01	
1.776520e+02	1746	1.211927e+02	2.810934e+02	1.776520e+02	1746	6.987400e-01	7.000000e-01	
1.777538e+02	1747	1.119541e+02	3.304464e+02	1.777538e+02	1747	7.469395e-01	7.000000e-01	
1.778555e+02	1748	1.173983e+02	2.906715e+02	1.778555e+02	1748	7.123083e-01	7.000000e-01	
1.779573e+02	1749	1.139066e+02	2.746569e+02	1.779573e+02	1749	7.068520e-01	7.000000e-01	
1.780590e+02	1750	9.571369e+01	2.836103e+02	1.780590e+02	1750	7.476730e-01	7.000000e-01	
1.781607e+02	1751	1.012342e+02	3.218812e+02	1.781607e+02	1751	7.607409e-01	7.000000e-01	
1.782625e+02	1752	1.326541e+02	2.620406e+02	1.782625e+02	1752	6.639071e-01	7.000000e-01	
1.783642e+02	1753	1.796785e+02	2.203596e+02	1.783642e+02	1753	5.508465e-01	7.000000e-01	
1.784660e+02	1754	1.942599e+02	2.471597e+02	1.784660e+02	1754	5.599201e-01	7.000000e-01	
1.785677e+02	1755	1.637380e+02	2.370830e+02	1.785677e+02	1755	5.914935e-01	7.000000e-01	
1.786695e+02	1756	1.983631e+02	2.429759e+02	1.786695e+02	1756	5.505426e-01	7.000000e-01	
1.787712e+02	1757	2.144411e+02	2.034042e+02	1.787712e+02	1757	4.867931e-01	7.000000e-01	
1.788730e+02	1758	1.872919e+02	2.529311e+02	1.788730e+02	1758	5.745522e-01	7.000000e-01	
1.789747e+02	1759	1.756047e+02	2.459500e+02	1.789747e+02	1759	5.834356e-01	7.000000e-01	
1.790765e+02	1760	2.177739e+02	2.300737e+02	1.790765e+02	1760	5.137321e-01	7.000000e-01	
1.791782e+02	1761	2.045078e+02	2.162163e+02	1.791782e+02	1761	5.139147e-01	7.000000e-01	
1.792800e+02	1762	1.931700e+02	2.463650e+02	1.792800e+02	1762	5.605128e-01	7.000000e-01	
1.793817e+02	1763	2.164754e+02	2.304992e+02	1.793817e+02	1763	5.156875e-01	7.000000e-01	
1.794835e+02	1764	1.997625e+02	2.465969e+02	1.794835e+02	1764	5.524627e-01	7.000000e-01	
1.795852e+02	1765	1.993600e+02	2.502913e+02	1.795852e+02	1765	5.566342e-01	7.000000e-01	
1.796870e+02	1766	1.913010e+02	2.238129e+02	1.796870e+02	1766	5.391602e-01	7.000000e-01	
1.797887e+02	1767	1.888032e+02	2.468048e+02	1.797887e+02	1767	5.665755e-01	7.000000e-01	
1.798905e+02	1768	2.006952e+02	2.554384e+02	1.798905e+02	1768	5.600079e-01	7.000000e-01	
1.799922e+02	1769	1.886909e+02	2.584741e+02	1.799922e+02	1769	5.780285e-01	7.000000e-01	
1.800940e+02	1770	1.940109e+02	2.544142e+02	1.800940e+02	1770	5.673505e-01	7.000000e-01	
1.801957e+02	1771	1.974519e+02	2.496405e+02	1.801957e+02	1771	5.583644e-01	7.000000e-01	
1.802975e+02	1772	1.870619e+02	2.480537e+02	1.802975e+02	1772	5.700869e-01	7.000000e-01	
1.803992e+02	1773	1.890408e+02	2.560982e+02	1.803992e+02	1773	5.753219e-01	7.000000e-01	
1.805010e+02	1774	1.781313e+02	2.568571e+02	1.805010e+02	1774	5.904918e-01	7.000000e-01	
1.806027e+02	1775	1.882544e+02	2.563925e+02	1.806027e+02	1775	5.766205e-01	7.000000e-01	
1.807044e+02	1776	1.828864e+02	2.577126e+02	1.807044e+02	1776	5.849142e-01	7.000000e-01	
1.808062e+02	1777	1.784493e+02	2.570981e+02	1.808062e+02	1777	5.902873e-01	7.000000e-01	
1.809079e+02	1778	1.904879e+02	2.514320e+02	1.809079e+02	1778	5.689538e-01	7.000000e-01	
1.810097e+02	1779	2.134317e+02	2.516373e+02	1.810097e+02	1779	5.410752e-01	7.000000e-01	
1.811114e+02	1780	1.881806e+02	2.571238e+02	1.811114e+02	1780	5.774113e-01	7.000000e-01	
1.812132e+02	1781	1.972276e+02	2.524905e+02	1.812132e+02	1781	5.614417e-01	7.000000e-01	
1.813149e+02	1782	1.910141e+02	2.508815e+02	1.813149e+02	1782	5.677393e-01	7.000000e-01	
1.814167e+02	1783	1.854749e+02	2.597666e+02	1.814167e+02	1783	5.834285e-01	7.000000e-01	
1.815184e+02	1784	1.819806e+02	2.537025e+02	1.815184e+02	1784	5.823097e-01	7.000000e-01	
1.816202e+02	1785	1.608055e+02	2.576598e+02	1.816202e+02	1785	6.157256e-01	7.000000e-01	
1.817219e+02	1786	1.934914e+02	3.033294e+02	1.817219e+02	1786	6.105409e-01	7.000000e-01	
1.818237e+02	1787	1.755202e+02	2.472145e+02	1.818237e+02	1787	5.847982e-01	7.000000e-01	
1.819254e+02	1788	1.877619e+02	2.620969e+02	1.819254e+02	1788	5.826204e-01	7.000000e-01	
1.820272e+02	1789	1.638344e+02	3.201088e+02	1.820272e+02	1789	6.614594e-01	7.000000e-01	
1.821289e+02	1790	2.162317e+02	2.766755e+02	1.821289e+02	1790	5.613136e-01	7.000000e-01	
1.822307e+02	1791	1.460805e+02	2.617576e+02	1.822307e+02	1791	6.418174e-01	7.000000e-01	
1.823324e+02	1792	1.508234e+02	2.796212e+02	1.823324e+02	1792	6.496102e-01	7.000000e-01	
1.824342e+02	1793	1.836077e+02	2.895529e+02	1.824342e+02	1793	6.119548e-01	7.000000e-01	
1.825359e+02	1794	1.681475e+02	2.922335e+02	1.825359e+02	1794	6.347645e-01	7.000000e-01	
1.826377e+02	1795	1.203370e+02	2.410920e+02	1.826377e+02	1795	6.670522e-01	7.000000e-01	
1.827394e+02	1796	1.539936e+02	2.786288e+02	1.827394e+02	1796	6.440462e-01	7.000000e-01	
1.828412e+02	1797	1.453276e+02	2.778379e+02	1.828412e+02	1797	6.565703e-01	7.000000e-01	
1.829429e+02	1798	1.459184e+02	2.804979e+02	1.829429e+02	1798	6.578029e-01	7.000000e-01	
1.830447e+02	1799	1.308390e+02	3.043546e+02	1.830447e+02	1799	6.993545e-01	7.000000e-01	
1.831464e+02	1800	1.262831e+02	2.956740e+02	1.831464e+02	1800	7.007205e-01	7.000000e-01	
1.832481e+02	1801	1.519884e+02	2.991626e+02	1.832481e+02	1801	6.631097e-01	7.000000e-01	
1.833499e+02	1802	1.499850e+02	2.902116e+02	1.833499e+02	1802	6.592772e-01	7.000000e-01	
1.834516e+02	1803	1.577823e+02	3.049098e+02	1.834516e+02	1803	6.589907e-01	7.000000e-01	
1.835534e+02	1804	1.449444e+02	2.759520e+02	1.835534e+02	1804	6.556293e-01	7.000000e-01	
1.836551e+02	1805	1.771923e+02	2.645333e+02	1.836551e+02	1805	5.988634e-01	7.000000e-01	
1.837569e+02	1806	1.304131e+02	3.634483e+02	1.837569e+02	1806	7.359318e-01	7.000000e-01	
1.838586e+02	1807	1.307450e+02	3.685424e+02	1.838586e+02	1807	7.381368e-01	7.000000e-01	
1.839604e+02	1808	1.675735e+02	2.495625e+02	1.839604e+02	1808	5.982761e-01	7.000000e-01	
1.840621e+02	1809	1.630475e+02	2.549873e+02	1.840621e+02	1809	6.099667e-01	7.000000e-01	
1.841639e+02	1810	1.779247e+02	2.399293e+02	1.841639e+02	1810	5.741941e-01	7.000000e-01	
1.842656e+02	1811	1.977877e+02	2.488884e+02	1.842656e+02	1811	5.572011e-01	7.000000e-01	
1.843674e+02	1812	1.751081e+02	2.740063e+02	1.843674e+02	1812	6.101036e-01	7.000000e-01	
1.844691e+02	1813	1.660538e+02	2.479709e+02	1.844691e+02	1813	5.989278e-01	7.000000e-01	
1.845709e+02	1814	1.581445e+02	2.788904e+02	1.845709e+02	1814	6.381422e-01	7.000000e-01	
1.846726e+02	1815	1.892837e+02	2.537622e+02	1.846726e+02	1815	5.727673e-01	7.000000e-01	
1.847744e+02	1816	1.673239e+02	2.554398e+02	1.847744e+02	1816	6.042141e-01	7.000000e-01	
1.848761e+02	1817	1.790032e+02	2.663289e+02	1.848761e+02	1817	5.980456e-01	7.000000e-01	
1.849779e+02	1818	1.704858e+02	2.633516e+02	1.849779e+02	1818	6.070283e-01	7.000000e-01	
1.850796e+02	1819	1.774125e+02	2.740646e+02	1.850796e+02	1819	6.070399e-01	7.000000e-01	
1.851814e+02	1820	1.651574e+02	2.731751e+02	1.851814e+02	1820	6.232143e-01	7.000000e-01	
1.852831e+02	1821	1.587949e+02	2.795253e+02	1.852831e+02	1821	6.377194e-01	7.000000e-01	
1.853849e+02	1822	1.627414e+02	2.537687e+02	1.853849e+02	1822	6.092738e-01	7.000000e-01	
1.854866e+02	1823	1.715042e+02	2.606672e+02	1.854866e+02	1823	6.031570e-01	7.000000e-01	
1.855884e+02	1824	1.714886e+02	2.356907e+02	1.855884e+02	1824	5.788376e-01	7.000000e-01	
1.856901e+02	1825	1.721608e+02	2.020416e+02	1.856901e+02	1825	5.399260e-01	7.000000e-01	
1.857918e+02	1826	1.753139e+02	2.306567e+02	1.857918e+02	1826	5.681611e-01	7.000000e-01	
1.858936e+02	1827	1.398634e+02	2.588586e+02	1.858936e+02	1827	6.492208e-01	7.000000e-01	
1.859953e+02	1828	1.889193e+02	2.245924e+02	1.859953e+02	1828	5.431343e-01	7.000000e-01	
1.860971e+02	1829	1.570297e+02	2.385961e+02	1.860971e+02	1829	6.030853e-01	7.000000e-01	
1.861988e+02	1830	1.635101e+02	2.382430e+02	1.861988e+02	1830	5.930085e-01	7.000000e-01	
1.863006e+02	1831	1.659158e+02	2.430543e+02	1.863006e+02	1831	5.943082e-01	7.000000e-01	
1.864023e+02	1832	1.784673e+02	2.310081e+02	1.864023e+02	1832	5.641562e-01	7.000000e-01	
1.865041e+02	1833	1.748145e+02	2.337987e+02	1.865041e+02	1833	5.721761e-01	7.000000e-01	
1.866058e+02	1834	1.672209e+02	2.588922e+02	1.866058e+02	1834	6.075669e-01	7.000000e-01	
1.867076e+02	1835	1.326183e+02	2.747073e+02	1.867076e+02	1835	6.744170e-01	7.000000e-01	
1.868093e+02	1836	1.562130e+02	2.445122e+02	1.868093e+02	1836	6.101743e-01	7.000000e-01	
1.869111e+02	1837	1.538798e+02	2.595978e+02	1.869111e+02	1837	6.278401e-01	7.000000e-01	
1.870128e+02	1838	1.693913e+02	2.726657e+02	1.870128e+02	1838	6.168112e-01	7.000000e-01	
1.871146e+02	1839	1.467415e+02	2.436605e+02	1.871146e+02	1839	6.241272e-01	7.000000e-01	
1.872163e+02	1840	1.756343e+02	2.724204e+02	1.872163e+02	1840	6.080070e-01	7.000000e-01	
1.873181e+02	1841	1.735213e+02	2.663094e+02	1.873181e+02	1841	6.054816e-01	7.000000e-01	
1.874198e+02	1842	1.454390e+02	2.569953e+02	1.874198e+02	1842	6.386019e-01	7.000000e-01	
1.875216e+02	1843	1.738873e+02	2.644001e+02	1.875216e+02	1843	6.032574e-01	7.000000e-01	
1.876233e+02	1844	1.448284e+02	3.183091e+02	1.876233e+02	1844	6.872885e-01	7.000000e-01	
1.877251e+02	1845	1.705105e+02	2.722109e+02	1.877251e+02	1845	6.148582e-01	7.000000e-01	
1.878268e+02	1846	1.674518e+02	2.818022e+02	1.878268e+02	1846	6.272670e-01	7.000000e-01	
1.879286e+02	1847	1.468689e+02	3.134854e+02	1.879286e+02	1847	6.809655e-01	7.000000e-01	
1.880303e+02	1848	1.909561e+02	2.207237e+02	1.880303e+02	1848	5.361538e-01	7.000000e-01	
1.881321e+02	1849	1.945039e+02	2.565414e+02	1.881321e+02	1849	5.687708e-01	7.000000e-01	
1.882338e+02	1850	1.665806e+02	2.597786e+02	1.882338e+02	1850	6.092952e-01	7.000000e-01	
1.883355e+02	1851	1.585219e+02	2.716300e+02	1.883355e+02	1851	6.314746e-01	7.000000e-01	
1.884373e+02	1852	1.775412e+02	2.500277e+02	1.884373e+02	1852	5.847659e-01	7.000000e-01	
1.885390e+02	1853	1.548716e+02	2.642808e+02	1.885390e+02	1853	6.305124e-01	7.000000e-01	
1.886408e+02	1854	1.687661e+02	3.175454e+02	1.886408e+02	1854	6.529671e-01	7.000000e-01	
1.887425e+02	1855	1.895860e+02	2.346224e+02	1.887425e+02	1855	5.530829e-01	7.000000e-01	
1.888443e+02	1856	1.881832e+02	2.424514e+02	1.888443e+02	1856	5.630096e-01	7.000000e-01	
1.889460e+02	1857	1.685866e+02	2.614555e+02	1.889460e+02	1857	6.079765e-01	7.000000e-01	
1.890478e+02	1858	2.119260e+02	2.393337e+02	1.890478e+02	1858	5.303680e-01	7.000000e-01	
1.891495e+02	1859	2.153247e+02	2.254112e+02	1.891495e+02	1859	5.114428e-01	7.000000e-01	
1.892513e+02	1860	2.182213e+02	2.309624e+02	1.892513e+02	1860	5.141825e-01	7.000000e-01	
1.893530e+02	1861	2.127171e+02	2.266956e+02	1.893530e+02	1861	5.159059e-01	7.000000e-01	
1.894548e+02	1862	2.144074e+02	2.038059e+02	1.894548e+02	1862	4.873252e-01	0	
1.895565e+02	1863	2.204524e+02	2.118098e+02	1.895565e+02	1863	4.900031e-01	0	
1.896583e+02	1864	1.985473e+02	2.349274e+02	1.896583e+02	1864	5.419633e-01	0	
1.897600e+02	1865	2.121359e+02	1.991434e+02	1.897600e+02	1865	4.842048e-01	0	
1.898618e+02	1866	2.090972e+02	2.083076e+02	1.898618e+02	1866	4.990542e-01	0	
1.899635e+02	1867	2.039675e+02	1.610506e+02	1.899635e+02	1867	4.412126e-01	0	
1.900653e+02	1868	2.047862e+02	1.787832e+02	1.900653e+02	1868	4.661039e-01	0	
1.901670e+02	1869	2.159136e+02	1.954347e+02	1.901670e+02	1869	4.751076e-01	0	
1.902688e+02	1870	1.773245e+02	1.597936e+02	1.902688e+02	1870	4.739989e-01	0	
1.903705e+02	1871	2.070159e+02	2.293186e+02	1.903705e+02	1871	5.255569e-01	0	
1.904723e+02	1872	2.039769e+02	1.610606e+02	1.904723e+02	1872	4.412166e-01	0	
1.905740e+02	1873	2.225807e+02	2.567459e+02	1.905740e+02	1873	5.356387e-01	7.000000e-01	
1.906758e+02	1874	1.980786e+02	2.211427e+02	1.906758e+02	1874	5.275083e-01	7.000000e-01	
1.907775e+02	1875	2.205294e+02	2.699148e+02	1.907775e+02	1875	5.503476e-01	7.000000e-01	
1.908792e+02	1876	2.173028e+02	2.338658e+02	1.908792e+02	1876	5.183557e-01	7.000000e-01	
1.909810e+02	1877	2.077154e+02	2.546014e+02	1.909810e+02	1877	5.507077e-01	7.000000e-01	
1.910827e+02	1878	2.202873e+02	2.551958e+02	1.910827e+02	1878	5.367085e-01	7.000000e-01	
1.911845e+02	1879	2.307263e+02	2.344375e+02	1.911845e+02	1879	5.039891e-01	7.000000e-01	
1.912862e+02	1880	2.242091e+02	2.664766e+02	1.912862e+02	1880	5.430698e-01	7.000000e-01	
1.913880e+02	1881	1.992090e+02	2.624412e+02	1.913880e+02	1881	5.684850e-01	7.000000e-01	
1.914897e+02	1882	2.230387e+02	2.639260e+02	1.914897e+02	1882	5.419818e-01	7.000000e-01	
1.915915e+02	1883	2.094076e+02	2.637899e+02	1.915915e+02	1883	5.574626e-01	7.000000e-01	
1.916932e+02	1884	2.361849e+02	2.420880e+02	1.916932e+02	1884	5.061713e-01	7.000000e-01	
1.917950e+02	1885	2.416960e+02	2.220008e+02	1.917950e+02	1885	4.787628e-01	0	
1.918967e+02	1886	2.006021e+02	1.999821e+02	1.918967e+02	1886	4.992261e-01	0	
1.919985e+02	1887	2.440998e+02	2.004942e+02	1.919985e+02	1887	4.509602e-01	0	
1.921002e+02	1888	2.359950e+02	1.995005e+02	1.921002e+02	1888	4.581000e-01	0	
1.922020e+02	1889	2.259337e+02	2.062585e+02	1.922020e+02	1889	4.772379e-01	0	
1.923037e+02	1890	2.386072e+02	2.023570e+02	1.923037e+02	1890	4.588967e-01	0	
1.924055e+02	1891	2.336784e+02	1.904072e+02	1.924055e+02	1891	4.489829e-01	0	
1.925072e+02	1892	2.495838e+02	1.765893e+02	1.925072e+02	1892	4.143605e-01	0	
1.926090e+02	1893	2.358382e+02	2.139972e+02	1.926090e+02	1893	4.757233e-01	0	
1.927107e+02	1894	1.972683e+02	2.326327e+02	1.927107e+02	1894	5.411309e-01	0	
1.928125e+02	1895	2.359568e+02	2.118218e+02	1.928125e+02	1895	4.730503e-01	0	
1.929142e+02	1896	2.096098e+02	2.062033e+02	1.929142e+02	1896	4.959038e-01	0	
1.930160e+02	1897	2.425544e+02	1.880682e+02	1.930160e+02	1897	4.367356e-01	0	
1.931177e+02	1898	2.031370e+02	2.043560e+02	1.931177e+02	1898	5.014957e-01	0	
1.932195e+02	1899	2.443277e+02	2.099563e+02	1.932195e+02	1899	4.621697e-01	0	
1.933212e+02	1900	2.291078e+02	1.855932e+02	1.933212e+02	1900	4.475350e-01	0	
1.934229e+02	1901	2.038065e+02	1.894499e+02	1.934229e+02	1901	4.817465e-01	0	
1.935247e+02	1902	1.801750e+02	1.958474e+02	1.935247e+02	1902	5.208397e-01	0	
1.936264e+02	1903	2.251994e+02	2.248342e+02	1.936264e+02	1903	4.995943e-01	0	
1.937282e+02	1904	1.998485e+02	2.161545e+02	1.937282e+02	1904	5.195984e-01	0	
1.938299e+02	1905	2.458861e+02	2.392249e+02	1.938299e+02	1905	4.931344e-01	0	
1.939317e+02	1906	1.735459e+02	1.414930e+02	1.939317e+02	1906	4.491287e-01	0	
1.940334e+02	1907	1.549393e+02	1.617110e+02	1.940334e+02	1907	5.106927e-01	7.000000e-01	
1.941352e+02	1908	1.818721e+02	2.317317e+02	1.941352e+02	1908	5.602746e-01	7.000000e-01	
1.942369e+02	1909	1.798503e+02	1.540697e+02	1.942369e+02	1909	4.613970e-01	7.000000e-01	
1.943387e+02	1910	1.520332e+02	1.584920e+02	1.943387e+02	1910	5.103998e-01	7.000000e-01	
1.944404e+02	1911	1.869422e+02	2.358597e+02	1.944404e+02	1911	5.578492e-01	7.000000e-01	
1.945422e+02	1912	1.486728e+02	3.073807e+02	1.945422e+02	1912	6.740014e-01	7.000000e-01	
1.946439e+02	1913	1.650554e+02	2.571356e+02	1.946439e+02	1913	6.090504e-01	7.000000e-01	
1.947457e+02	1914	1.778310e+02	2.816218e+02	1.947457e+02	1914	6.129504e-01	7.000000e-01	
1.948474e+02	1915	1.608058e+02	2.722723e+02	1.948474e+02	1915	6.286910e-01	7.000000e-01	
1.949492e+02	1916	1.780380e+02	2.169506e+02	1.949492e+02	1916	5.492579e-01	7.000000e-01	
1.950509e+02	1917	1.859435e+02	2.432987e+02	1.950509e+02	1917	5.668098e-01	7.000000e-01	
1.951527e+02	1918	1.624313e+02	2.777051e+02	1.951527e+02	1918	6.309524e-01	7.000000e-01	
1.952544e+02	1919	1.632154e+02	2.920230e+02	1.952544e+02	1919	6.414727e-01	7.000000e-01	
1.953562e+02	1920	1.417630e+02	3.310688e+02	1.953562e+02	1920	7.001830e-01	7.000000e-01	
1.954579e+02	1921	1.587093e+02	2.974664e+02	1.954579e+02	1921	6.520873e-01	7.000000e-01	
1.955597e+02	1922	1.320319e+02	3.424253e+02	1.955597e+02	1922	7.217201e-01	7.000000e-01	
1.956614e+02	1923	1.412887e+02	3.322941e+02	1.956614e+02	1923	7.016600e-01	7.000000e-01	
1.957632e+02	1924	1.594270e+02	2.784321e+02	1.957632e+02	1924	6.358943e-01	7.000000e-01	
1.958649e+02	1925	1.612103e+02	2.352263e+02	1.958649e+02	1925	5.933516e-01	7.000000e-01	
1.959666e+02	1926	1.831192e+02	2.614347e+02	1.959666e+02	1926	5.880832e-01	7.000000e-01	
1.960684e+02	1927	1.625256e+02	2.432909e+02	1.960684e+02	1927	5.995096e-01	7.000000e-01	
1.961701e+02	1928	1.653826e+02	2.541758e+02	1.961701e+02	1928	6.058174e-01	7.000000e-01	
1.962719e+02	1929	1.749384e+02	2.499580e+02	1.962719e+02	1929	5.882799e-01	7.000000e-01	
1.963736e+02	1930	1.789651e+02	2.041679e+02	1.963736e+02	1930	5.328904e-01	7.000000e-01	
1.964754e+02	1931	1.832611e+02	2.227300e+02	1.964754e+02	1931	5.486081e-01	7.000000e-01	
1.965771e+02	1932	1.704408e+02	2.327439e+02	1.965771e+02	1932	5.772637e-01	7.000000e-01	
1.966789e+02	1933	1.889147e+02	2.150257e+02	1.966789e+02	1933	5.323204e-01	7.000000e-01	
1.967806e+02	1934	1.835938e+02	2.251821e+02	1.967806e+02	1934	5.508693e-01	7.000000e-01	
1.968824e+02	1935	1.746874e+02	2.302347e+02	1.968824e+02	1935	5.685901e-01	7.000000e-01	
1.969841e+02	1936	2.333869e+02	1.990097e+02	1.969841e+02	1936	4.602481e-01	0	
1.970859e+02	1937	2.263091e+02	1.962767e+02	1.970859e+02	1937	4.644659e-01	0	
1.971876e+02	1938	1.664840e+02	2.395554e+02	1.971876e+02	1938	5.899807e-01	7.000000e-01	
1.972894e+02	1939	2.061722e+02	2.131876e+02	1.972894e+02	1939	5.083644e-01	7.000000e-01	
1.973911e+02	1940	1.648436e+02	2.354680e+02	1.973911e+02	1940	5.882118e-01	7.000000e-01	
1.974929e+02	1941	2.035718e+02	2.211986e+02	1.974929e+02	1941	5.207486e-01	7.000000e-01	
1.975946e+02	1942	1.632200e+02	2.349411e+02	1.975946e+02	1942	5.900654e-01	7.000000e-01	
1.976964e+02	1943	1.555161e+02	2.378812e+02	1.976964e+02	1943	6.046844e-01	7.000000e-01	
1.977981e+02	1944	1.546148e+02	2.788063e+02	1.977981e+02	1944	6.432689e-01	7.000000e-01	
1.978999e+02	1945	1.676865e+02	2.314599e+02	1.978999e+02	1945	5.798872e-01	7.000000e-01	
1.980016e+02	1946	1.300515e+02	2.468565e+02	1.980016e+02	1946	6.549516e-01	7.000000e-01	
1.981034e+02	1947	1.410835e+02	2.604580e+02	1.981034e+02	1947	6.486453e-01	7.000000e-01	
1.982051e+02	1948	1.166418e+02	2.660433e+02	1.982051e+02	1948	6.952016e-01	7.000000e-01	
1.983069e+02	1949	1.312938e+02	2.595694e+02	1.983069e+02	1949	6.640927e-01	7.000000e-01	
1.984086e+02	1950	1.319250e+02	2.515707e+02	1.984086e+02	1950	6.559935e-01	7.000000e-01	
1.985103e+02	1951	1.379473e+02	2.487318e+02	1.985103e+02	1951	6.432512e-01	7.000000e-01	
1.986121e+02	1952	1.221800e+02	2.725120e+02	1.986121e+02	1952	6.904422e-01	7.000000e-01	
1.987138e+02	1953	1.417327e+02	2.569411e+02	1.987138e+02	1953	6.444896e-01	7.000000e-01	
1.988156e+02	1954	1.620274e+02	2.538963e+02	1.988156e+02	1954	6.104396e-01	7.000000e-01	
1.989173e+02	1955	1.437644e+02	2.565464e+02	1.989173e+02	1955	6.408680e-01	7.000000e-01	
1.990191e+02	1956	1.102355e+02	2.668811e+02	1.990191e+02	1956	7.076886e-01	7.000000e-01	
1.991208e+02	1957	1.285972e+02	2.640742e+02	1.991208e+02	1957	6.725068e-01	7.000000e-01	
1.992226e+02	1958	1.397610e+02	2.498741e+02	1.992226e+02	1958	6.413028e-01	7.000000e-01	
1.993243e+02	1959	8.039478e+01	2.623105e+02	1.993243e+02	1959	7.654113e-01	7.000000e-01	
1.994261e+02	1960	1.284975e+02	2.791321e+02	1.994261e+02	1960	6.847690e-01	7.000000e-01	
1.995278e+02	1961	1.341055e+02	2.715583e+02	1.995278e+02	1961	6.694171e-01	7.000000e-01	
1.996296e+02	1962	1.039314e+02	2.423360e+02	1.996296e+02	1962	6.998522e-01	7.000000e-01	
1.997313e+02	1963	1.163732e+02	2.729105e+02	1.997313e+02	1963	7.010581e-01	7.000000e-01	
1.998331e+02	1964	1.156305e+02	2.805896e+02	1.998331e+02	1964	7.081660e-01	7.000000e-01	
1.999348e+02	1965	9.858044e+01	2.471433e+02	1.999348e+02	1965	7.148578e-01	7.000000e-01	
2.000366e+02	1966	1.097713e+02	2.366021e+02	2.000366e+02	1966	6.830839e-01	7.000000e-01	
2.001383e+02	1967	1.085342e+02	2.543646e+02	2.001383e+02	1967	7.009243e-01	7.000000e-01	
2.002401e+02	1968	1.194034e+02	2.622810e+02	2.002401e+02	1968	6.871672e-01	7.000000e-01	
2.003418e+02	1969	8.939530e+01	2.531320e+02	2.003418e+02	1969	7.390126e-01	7.000000e-01	
2.004436e+02	1970	9.984306e+01	2.392926e+02	2.004436e+02	1970	7.055955e-01	7.000000e-01	
2.005453e+02	1971	6.496896e+01	2.284346e+02	2.005453e+02	1971	7.785679e-01	7.000000e-01	
2.006471e+02	1972	1.072577e+02	2.360848e+02	2.006471e+02	1972	6.876073e-01	7.000000e-01	
2.007488e+02	1973	9.804924e+01	2.394903e+02	2.007488e+02	1973	7.095178e-01	7.000000e-01	
2.008506e+02	1974	8.795296e+01	2.419232e+02	2.008506e+02	1974	7.333758e-01	7.000000e-01	
2.009523e+02	1975	9.831746e+01	2.504629e+02	2.009523e+02	1975	7.181107e-01	7.000000e-01	
2.010540e+02	1976	1.529147e+02	2.699745e+02	2.010540e+02	1976	6.384048e-01	7.000000e-01	
2.011558e+02	1977	1.058442e+02	2.263827e+02	2.011558e+02	1977	6.814099e-01	7.000000e-01	
2.012575e+02	1978	1.436432e+02	2.874966e+02	2.012575e+02	1978	6.668292e-01	7.000000e-01	
2.013593e+02	1979	1.247238e+02	2.474649e+02	2.013593e+02	1979	6.648910e-01	7.000000e-01	
2.014610e+02	1980	1.611589e+02	2.441930e+02	2.014610e+02	1980	6.024222e-01	7.000000e-01	
2.015628e+02	1981	1.306512e+02	2.641193e+02	2.015628e+02	1981	6.690452e-01	7.000000e-01	
2.016645e+02	1982	1.508231e+02	2.504236e+02	2.016645e+02	1982	6.241138e-01	7.000000e-01	
2.017663e+02	1983	1.029556e+02	2.790018e+02	2.017663e+02	1983	7.304527e-01	7.000000e-01	
2.018680e+02	1984	1.388155e+02	2.834390e+02	2.018680e+02	1984	6.712516e-01	7.000000e-01	
2.019698e+02	1985	1.414869e+02	2.184961e+02	2.019698e+02	1985	6.069623e-01	7.000000e-01	
2.020715e+02	1986	1.335416e+02	2.773302e+02	2.020715e+02	1986	6.749799e-01	7.000000e-01	
2.021733e+02	1987	1.289404e+02	2.262358e+02	2.021733e+02	1987	6.369678e-01	7.000000e-01	
2.022750e+02	1988	1.309384e+02	2.256915e+02	2.022750e+02	1988	6.328451e-01	7.000000e-01	
2.023768e+02	1989	1.285960e+02	2.544710e+02	2.023768e+02	1989	6.642989e-01	7.000000e-01	
2.024785e+02	1990	1.152307e+02	2.391696e+02	2.024785e+02	1990	6.748572e-01	7.000000e-01	
2.025803e+02	1991	1.533088e+02	1.898816e+02	2.025803e+02	1991	5.532835e-01	7.000000e-01	
2.026820e+02	1992	1.355588e+02	2.208459e+02	2.026820e+02	1992	6.196492e-01	7.000000e-01	
2.027838e+02	1993	1.027638e+02	2.449103e+02	2.027838e+02	1993	7.044249e-01	7.000000e-01	
2.028855e+02	1994	1.194258e+02	2.311437e+02	2.028855e+02	1994	6.593377e-01	7.000000e-01	
2.029873e+02	1995	1.034588e+02	2.368259e+02	2.029873e+02	1995	6.959640e-01	7.000000e-01	
2.030890e+02	1996	9.478584e+01	2.480950e+02	2.030890e+02	1996	7.235604e-01	7.000000e-01	
2.031908e+02	1997	1.290679e+02	2.527432e+02	2.031908e+02	1997	6.619588e-01	7.000000e-01	
2.032925e+02	1998	1.177474e+02	2.712389e+02	2.032925e+02	1998	6.972968e-01	7.000000e-01	
2.033943e+02	1999	1.116991e+02	2.816146e+02	2.033943e+02	1999	7.160051e-01	7.000000e-01	
2.034960e+02	2000	1.153377e+02	2.604742e+02	2.034960e+02	2000	6.930973e-01	7.000000e-01	
2.035977e+02	2001	1.129841e+02	2.701330e+02	2.035977e+02	2001	7.050925e-01	7.000000e-01	
2.036995e+02	2002	1.123496e+02	2.815411e+02	2.036995e+02	2002	7.147696e-01	7.000000e-01	
2.038012e+02	2003	1.307080e+02	2.729473e+02	2.038012e+02	2003	6.761891e-01	7.000000e-01	
2.039030e+02	2004	9.471876e+01	3.002921e+02	2.039030e+02	2004	7.602123e-01	7.000000e-01	
2.040047e+02	2005	1.351874e+02	2.670181e+02	2.040047e+02	2005	6.638848e-01	7.000000e-01	
2.041065e+02	2006	1.373473e+02	2.643162e+02	2.041065e+02	2006	6.580538e-01	7.000000e-01	
2.042082e+02	2007	9.293632e+01	3.255783e+02	2.042082e+02	2007	7.779377e-01	7.000000e-01	
2.043100e+02	2008	1.035762e+02	3.576340e+02	2.043100e+02	2008	7.754252e-01	7.000000e-01	
2.044117e+02	2009	1.178490e+02	3.033450e+02	2.044117e+02	2009	7.202026e-01	7.000000e-01	
2.045135e+02	2010	1.100626e+02	2.919959e+02	2.045135e+02	2010	7.262523e-01	7.000000e-01	
2.046152e+02	2011	9.515080e+01	2.949705e+02	2.046152e+02	2011	7.560994e-01	7.000000e-01	
2.047170e+02	2012	7.461205e+01	3.421112e+02	2.047170e+02	2012	8.209554e-01	7.000000e-01	
2.048187e+02	2013	9.570676e+01	3.171763e+02	2.048187e+02	2013	7.681989e-01	7.000000e-01	
2.049205e+02	2014	8.962417e+01	2.547266e+02	2.049205e+02	2014	7.397300e-01	7.000000e-01	
2.050222e+02	2015	8.651215e+01	3.168994e+02	2.050222e+02	2015	7.855487e-01	7.000000e-01	
2.051240e+02	2016	1.315980e+02	2.821011e+02	2.051240e+02	2016	6.818992e-01	7.000000e-01	
2.052257e+02	2017	1.196535e+02	3.083409e+02	2.052257e+02	2017	7.204321e-01	7.000000e-01	
2.053275e+02	2018	9.595990e+01	3.000519e+02	2.053275e+02	2018	7.576842e-01	7.000000e-01	
2.054292e+02	2019	9.608964e+01	3.036858e+02	2.054292e+02	2019	7.596410e-01	7.000000e-01	
2.055310e+02	2020	8.765960e+01	3.176910e+02	2.055310e+02	2020	7.837438e-01	7.000000e-01	
2.056327e+02	2021	9.709230e+01	2.881424e+02	2.056327e+02	2021	7.479659e-01	7.000000e-01	
2.057345e+02	2022	1.177456e+02	2.952499e+02	2.057345e+02	2022	7.148986e-01	7.000000e-01	
2.058362e+02	2023	8.600679e+01	2.731640e+02	2.058362e+02	2023	7.605407e-01	7.000000e-01	
2.059380e+02	2024	1.241615e+02	2.851523e+02	2.059380e+02	2024	6.966594e-01	7.000000e-01	
2.060397e+02	2025	8.030421e+01	3.035980e+02	2.060397e+02	2025	7.908212e-01	7.000000e-01	
2.061414e+02	2026	1.137090e+02	2.718913e+02	2.061414e+02	2026	7.051117e-01	7.000000e-01	
2.062432e+02	2027	1.159063e+02	2.297323e+02	2.062432e+02	2027	6.646604e-01	7.000000e-01	
2.063449e+02	2028	1.511249e+02	2.331046e+02	2.063449e+02	2028	6.066806e-01	7.000000e-01	
2.064467e+02	2029	1.369971e+02	2.420357e+02	2.064467e+02	2029	6.385614e-01	7.000000e-01	
2.065484e+02	2030	9.940324e+01	2.832297e+02	2.065484e+02	2030	7.402125e-01	7.000000e-01	
2.066502e+02	2031	1.466838e+02	2.593023e+02	2.066502e+02	2031	6.386975e-01	7.000000e-01	
2.067519e+02	2032	1.369859e+02	2.528184e+02	2.067519e+02	2032	6.485778e-01	7.000000e-01	
2.068537e+02	2033	1.395697e+02	2.420719e+02	2.068537e+02	2033	6.342912e-01	7.000000e-01	
2.069554e+02	2034	1.434046e+02	2.516029e+02	2.069554e+02	2034	6.369573e-01	7.000000e-01	
2.070572e+02	2035	1.485588e+02	2.328305e+02	2.070572e+02	2035	6.104799e-01	7.000000e-01	
2.071589e+02	2036	1.469555e+02	2.458672e+02	2.071589e+02	2036	6.258987e-01	7.000000e-01	
2.072607e+02	2037	1.392395e+02	2.542060e+02	2.072607e+02	2037	6.461022e-01	7.000000e-01	
2.073624e+02	2038	1.488389e+02	2.041884e+02	2.073624e+02	2038	5.783927e-01	7.000000e-01	
2.074642e+02	2039	1.502570e+02	2.424364e+02	2.074642e+02	2039	6.173682e-01	7.000000e-01	
2.075659e+02	2040	1.313176e+02	2.649620e+02	2.075659e+02	2040	6.686239e-01	7.000000e-01	
2.076677e+02	2041	1.475421e+02	2.466165e+02	2.076677e+02	2041	6.256783e-01	7.000000e-01	
2.077694e+02	2042	1.947337e+02	2.314907e+02	2.077694e+02	2042	5.431193e-01	7.000000e-01	
2.078712e+02	2043	1.461997e+02	2.510127e+02	2.078712e+02	2043	6.319357e-01	7.000000e-01	
2.079729e+02	2044	2.160572e+02	2.002230e+02	2.079729e+02	2044	4.809813e-01	7.000000e-01	
2.080747e+02	2045	2.013439e+02	2.207623e+02	2.080747e+02	2045	5.230018e-01	7.000000e-01	
2.081764e+02	2046	2.005880e+02	2.320506e+02	2.081764e+02	2046	5.363613e-01	7.000000e-01	
2.082782e+02	2047	1.886595e+02	2.310048e+02	2.082782e+02	2047	5.504514e-01	7.000000e-01	
2.083799e+02	2048	1.600589e+02	2.397462e+02	2.083799e+02	2048	5.996577e-01	7.000000e-01	
2.084817e+02	2049	1.591747e+02	2.428266e+02	2.084817e+02	2049	6.040443e-01	7.000000e-01	
2.085834e+02	2050	1.672503e+02	2.419851e+02	2.085834e+02	2050	5.913103e-01	7.000000e-01	
2.086851e+02	2051	1.612897e+02	2.414061e+02	2.086851e+02	2051	5.994751e-01	7.000000e-01	
2.087869e+02	2052	1.546407e+02	2.506372e+02	2.087869e+02	2052	6.184329e-01	7.000000e-01	
2.088886e+02	2053	1.879495e+02	2.326424e+02	2.088886e+02	2053	5.531310e-01	7.000000e-01	
2.089904e+02	2054	1.543704e+02	2.252891e+02	2.089904e+02	2054	5.933978e-01	7.000000e-01	
2.090921e+02	2055	1.569163e+02	2.257339e+02	2.090921e+02	2055	5.899223e-01	7.000000e-01	
2.091939e+02	2056	1.380964e+02	2.454213e+02	2.091939e+02	2056	6.399217e-01	7.000000e-01	
2.092956e+02	2057	1.501182e+02	1.973814e+02	2.092956e+02	2057	5.680047e-01	7.000000e-01	
2.093974e+02	2058	1.510771e+02	2.093817e+02	2.093974e+02	2058	5.808755e-01	7.000000e-01	
2.094991e+02	2059	1.471523e+02	2.080131e+02	2.094991e+02	2059	5.856795e-01	7.000000e-01	
2.096009e+02	2060	1.413222e+02	2.107839e+02	2.096009e+02	2060	5.986375e-01	7.000000e-01	
2.097026e+02	2061	1.354409e+02	2.285483e+02	2.097026e+02	2061	6.278986e-01	7.000000e-01	
2.098044e+02	2062	1.679106e+02	2.699152e+02	2.098044e+02	2062	6.164899e-01	7.000000e-01	
2.099061e+02	2063	1.516298e+02	1.958072e+02	2.099061e+02	2063	5.635761e-01	7.000000e-01	
2.100079e+02	2064	1.682469e+02	2.603045e+02	2.100079e+02	2064	6.074056e-01	7.000000e-01	
2.101096e+02	2065	1.604710e+02	2.610805e+02	2.101096e+02	2065	6.193324e-01	7.000000e-01	
2.102114e+02	2066	1.682286e+02	2.706298e+02	2.102114e+02	2066	6.166677e-01	7.000000e-01	
2.103131e+02	2067	1.599093e+02	2.871182e+02	2.103131e+02	2067	6.422831e-01	7.000000e-01	
2.104149e+02	2068	1.636015e+02	2.989760e+02	2.104149e+02	2068	6.463263e-01	7.000000e-01	
2.105166e+02	2069	1.540863e+02	2.647070e+02	2.105166e+02	2069	6.320708e-01	7.000000e-01	
2.106184e+02	2070	1.818522e+02	1.995732e+02	2.106184e+02	2070	5.232300e-01	7.000000e-01	
2.107201e+02	2071	1.639854e+02	2.685977e+02	2.107201e+02	2071	6.209158e-01	7.000000e-01	
2.108219e+02	2072	1.977508e+02	2.178873e+02	2.108219e+02	2072	5.242236e-01	7.000000e-01	
2.109236e+02	2073	1.282035e+02	3.006903e+02	2.109236e+02	2073	7.010833e-01	7.000000e-01	
2.110254e+02	2074	1.360788e+02	2.763242e+02	2.110254e+02	2074	6.700344e-01	7.000000e-01	
2.111271e+02	2075	1.502288e+02	2.756894e+02	2.111271e+02	2075	6.472825e-01	7.000000e-01	
2.112288e+02	2076	1.280122e+02	2.685811e+02	2.112288e+02	2076	6.772205e-01	7.000000e-01	
2.113306e+02	2077	1.177559e+02	2.825688e+02	2.113306e+02	2077	7.058490e-01	7.000000e-01	
2.114323e+02	2078	1.418515e+02	3.038383e+02	2.114323e+02	2078	6.817259e-01	7.000000e-01	
2.115341e+02	2079	1.346576e+02	2.678058e+02	2.115341e+02	2079	6.654165e-01	7.000000e-01	
2.116358e+02	2080	9.274155e+01	2.988067e+02	2.116358e+02	2080	7.631415e-01	7.000000e-01	
2.117376e+02	2081	1.335149e+02	2.789030e+02	2.117376e+02	2081	6.762631e-01	7.000000e-01	
2.118393e+02	2082	1.475646e+02	2.531384e+02	2.118393e+02	2082	6.317357e-01	7.000000e-01	
2.119411e+02	2083	1.556612e+02	2.443447e+02	2.119411e+02	2083	6.108527e-01	7.000000e-01	
2.120428e+02	2084	1.272884e+02	2.765576e+02	2.120428e+02	2084	6.848096e-01	7.000000e-01	
2.121446e+02	2085	1.290525e+02	2.421731e+02	2.121446e+02	2085	6.523610e-01	7.000000e-01	
2.122463e+02	2086	1.235956e+02	2.534141e+02	2.122463e+02	2086	6.721686e-01	7.000000e-01	
2.123481e+02	2087	1.350006e+02	2.631352e+02	2.123481e+02	2087	6.609182e-01	7.000000e-01	
2.124498e+02	2088	1.261059e+02	2.388289e+02	2.124498e+02	2088	6.544427e-01	7.000000e-01	
2.125516e+02	2089	1.140166e+02	2.547489e+02	2.125516e+02	2089	6.908154e-01	7.000000e-01	
2.126533e+02	2090	1.394405e+02	2.421813e+02	2.126533e+02	2090	6.346108e-01	7.000000e-01	
2.127551e+02	2091	1.414622e+02	2.515734e+02	2.127551e+02	2091	6.400779e-01	7.000000e-01	
2.128568e+02	2092	1.230890e+02	2.771041e+02	2.128568e+02	2092	6.924260e-01	7.000000e-01	
2.129586e+02	2093	1.345046e+02	2.417740e+02	2.129586e+02	2093	6.425399e-01	7.000000e-01	
2.130603e+02	2094	1.368825e+02	2.651532e+02	2.130603e+02	2094	6.595265e-01	7.000000e-01	
2.131621e+02	2095	9.286070e+01	2.880139e+02	2.131621e+02	2095	7.561909e-01	7.000000e-01	
2.132638e+02	2096	1.403210e+02	2.777607e+02	2.132638e+02	2096	6.643694e-01	7.000000e-01	
2.133656e+02	2097	1.419594e+02	2.469464e+02	2.133656e+02	2097	6.349774e-01	7.000000e-01	
2.134673e+02	2098	1.145614e+02	2.688240e+02	2.134673e+02	2098	7.011848e-01	7.000000e-01	
2.135691e+02	2099	1.278901e+02	2.989328e+02	2.135691e+02	2099	7.003673e-01	7.000000e-01	
2.136708e+02	2100	1.856392e+02	2.790048e+02	2.136708e+02	2100	6.004700e-01	7.000000e-01	
2.137725e+02	2101	1.242128e+02	3.018576e+02	2.137725e+02	2101	7.084688e-01	7.000000e-01	
2.138743e+02	2102	1.327532e+02	2.730818e+02	2.138743e+02	2102	6.728887e-01	7.000000e-01	
2.139760e+02	2103	1.296559e+02	2.619189e+02	2.139760e+02	2103	6.688860e-01	7.000000e-01	
2.140778e+02	2104	1.336758e+02	3.088061e+02	2.140778e+02	2104	6.978954e-01	7.000000e-01	
2.141795e+02	2105	1.265853e+02	2.880865e+02	2.141795e+02	2105	6.947338e-01	7.000000e-01	
2.142813e+02	2106	1.529284e+02	2.977896e+02	2.142813e+02	2106	6.607005e-01	7.000000e-01	
2.143830e+02	2107	1.254496e+02	2.942057e+02	2.143830e+02	2107	7.010651e-01	7.000000e-01	
2.144848e+02	2108	1.648721e+02	2.599933e+02	2.144848e+02	2108	6.119427e-01	7.000000e-01	
2.145865e+02	2109	1.558860e+02	2.715986e+02	2.145865e+02	2109	6.353412e-01	7.000000e-01	
2.146883e+02	2110	1.551750e+02	2.784391e+02	2.146883e+02	2110	6.421357e-01	7.000000e-01	
2.147900e+02	2111	1.804687e+02	2.408655e+02	2.147900e+02	2111	5.716733e-01	7.000000e-01	
2.148918e+02	2112	1.936889e+02	2.303308e+02	2.148918e+02	2112	5.432078e-01	7.000000e-01	
2.149935e+02	2113	1.850506e+02	2.210766e+02	2.149935e+02	2113	5.443531e-01	7.000000e-01	
2.150953e+02	2114	1.848903e+02	2.181262e+02	2.150953e+02	2114	5.412339e-01	7.000000e-01	
2.151970e+02	2115	1.941554e+02	2.422966e+02	2.151970e+02	2115	5.551506e-01	7.000000e-01	
2.152988e+02	2116	1.936348e+02	2.187393e+02	2.152988e+02	2116	5.304390e-01	7.000000e-01	
2.154005e+02	2117	1.630713e+02	2.327132e+02	2.154005e+02	2117	5.879796e-01	7.000000e-01	
2.155023e+02	2118	1.884978e+02	2.201605e+02	2.155023e+02	2118	5.387398e-01	7.000000e-01	
2.156040e+02	2119	2.649898e+02	1.982194e+02	2.156040e+02	2119	4.279263e-01	7.000000e-01	
2.157058e+02	2120	1.991731e+02	2.168567e+02	2.157058e+02	2120	5.212528e-01	7.000000e-01	
2.158075e+02	2121	1.914785e+02	2.243414e+02	2.158075e+02	2121	5.395158e-01	7.000000e-01	
2.159093e+02	2122	1.845779e+02	2.341326e+02	2.159093e+02	2122	5.591754e-01	7.000000e-01	
2.160110e+02	2123	1.793039e+02	2.180641e+02	2.160110e+02	2123	5.487712e-01	7.000000e-01	
2.161128e+02	2124	1.942542e+02	2.186016e+02	2.161128e+02	2124	5.294866e-01	7.000000e-01	
2.162145e+02	2125	1.923520e+02	2.212427e+02	2.162145e+02	2125	5.349263e-01	7.000000e-01	
2.163162e+02	2126	2.044445e+02	1.939359e+02	2.163162e+02	2126	4.868108e-01	0	
2.164180e+02	2127	2.229539e+02	2.113872e+02	2.164180e+02	2127	4.866848e-01	0	
2.165197e+02	2128	1.318788e+02	2.917667e+02	2.165197e+02	2128	6.887048e-01	7.000000e-01	
2.166215e+02	2129	1.249598e+02	2.989005e+02	2.166215e+02	2129	7.051864e-01	7.000000e-01	
2.167232e+02	2130	1.288242e+02	2.641568e+02	2.167232e+02	2130	6.721872e-01	7.000000e-01	
2.168250e+02	2131	1.043662e+02	3.100578e+02	2.168250e+02	2131	7.481656e-01	7.000000e-01	
2.169267e+02	2132	1.234646e+02	2.985969e+02	2.169267e+02	2132	7.074725e-01	7.000000e-01	
2.170285e+02	2133	1.216521e+02	2.655812e+02	2.170285e+02	2133	6.858429e-01	7.000000e-01	
2.171302e+02	2134	9.801280e+01	2.304919e+02	2.171302e+02	2134	7.016396e-01	7.000000e-01	
2.172320e+02	2135	1.014335e+02	2.386741e+02	2.172320e+02	2135	7.017606e-01	7.000000e-01	
2.173337e+02	2136	9.379970e+01	2.199335e+02	2.173337e+02	2136	7.010208e-01	7.000000e-01	
2.174355e+02	2137	1.015104e+02	2.516741e+02	2.174355e+02	2137	7.125853e-01	7.000000e-01	
2.175372e+02	2138	1.241032e+02	2.625916e+02	2.175372e+02	2138	6.790668e-01	7.000000e-01	
2.176390e+02	2139	1.104138e+02	3.075309e+02	2.176390e+02	2139	7.358172e-01	7.000000e-01	
2.177407e+02	2140	1.144263e+02	2.841084e+02	2.177407e+02	2140	7.128825e-01	7.000000e-01	
2.178425e+02	2141	1.165200e+02	2.550007e+02	2.178425e+02	2141	6.863701e-01	7.000000e-01	
2.179442e+02	2142	1.104098e+02	3.075015e+02	2.179442e+02	2142	7.358057e-01	7.000000e-01	
2.180460e+02	2143	1.004809e+02	2.818489e+02	2.180460e+02	2143	7.371879e-01	7.000000e-01	
2.181477e+02	2144	7.017292e+01	2.671635e+02	2.181477e+02	2144	7.919794e-01	7.000000e-01	
2.182495e+02	2145	1.038336e+02	2.882752e+02	2.182495e+02	2145	7.351919e-01	7.000000e-01	
2.183512e+02	2146	1.313563e+02	2.807918e+02	2.183512e+02	2146	6.812886e-01	7.000000e-01	
2.184530e+02	2147	1.323890e+02	2.596952e+02	2.184530e+02	2147	6.623455e-01	7.000000e-01	
2.185547e+02	2148	1.183185e+02	2.798618e+02	2.185547e+02	2148	7.028519e-01	7.000000e-01	
2.186565e+02	2149	1.215936e+02	2.820554e+02	2.186565e+02	2149	6.987640e-01	7.000000e-01	
2.187582e+02	2150	1.287610e+02	2.640679e+02	2.187582e+02	2150	6.722212e-01	7.000000e-01	
2.188599e+02	2151	1.220452e+02	2.432884e+02	2.188599e+02	2151	6.659349e-01	7.000000e-01	
2.189617e+02	2152	1.390411e+02	2.849589e+02	2.189617e+02	2152	6.720729e-01	7.000000e-01	
2.190634e+02	2153	1.233077e+02	2.520787e+02	2.190634e+02	2153	6.715179e-01	7.000000e-01	
2.191652e+02	2154	1.316712e+02	2.591188e+02	2.191652e+02	2154	6.630640e-01	7.000000e-01	
2.192669e+02	2155	1.195845e+02	2.623581e+02	2.192669e+02	2155	6.869045e-01	7.000000e-01	
2.193687e+02	2156	1.079885e+02	2.056898e+02	2.193687e+02	2156	6.557349e-01	7.000000e-01	
2.194704e+02	2157	1.044240e+02	2.416266e+02	2.194704e+02	2157	6.982407e-01	7.000000e-01	
2.195722e+02	2158	1.218462e+02	2.724381e+02	2.195722e+02	2158	6.909687e-01	7.000000e-01	
2.196739e+02	2159	1.204825e+02	2.448849e+02	2.196739e+02	2159	6.702429e-01	7.000000e-01	
2.197757e+02	2160	1.331271e+02	2.707878e+02	2.197757e+02	2160	6.704080e-01	7.000000e-01	
2.198774e+02	2161	1.230102e+02	2.781010e+02	2.198774e+02	2161	6.933264e-01	7.000000e-01	
2.199792e+02	2162	1.202595e+02	2.674539e+02	2.199792e+02	2162	6.898237e-01	7.000000e-01	
2.200809e+02	2163	1.276648e+02	2.611609e+02	2.200809e+02	2163	6.716657e-01	7.000000e-01	
2.201827e+02	2164	1.128092e+02	3.001918e+02	2.201827e+02	2164	7.268549e-01	7.000000e-01	
2.202844e+02	2165	1.089767e+02	3.172327e+02	2.202844e+02	2165	7.443118e-01	7.000000e-01	
2.203862e+02	2166	1.274578e+02	2.780456e+02	2.203862e+02	2166	6.856801e-01	7.000000e-01	
2.204879e+02	2167	1.088732e+02	3.030530e+02	2.204879e+02	2167	7.356973e-01	7.000000e-01	
2.205897e+02	2168	1.035551e+02	3.652722e+02	2.205897e+02	2168	7.791189e-01	7.000000e-01	
2.206914e+02	2169	9.342672e+01	3.083302e+02	2.206914e+02	2169	7.674546e-01	7.000000e-01	
2.207932e+02	2170	1.164123e+02	3.276008e+02	2.207932e+02	2170	7.378179e-01	7.000000e-01	
2.208949e+02	2171	1.247072e+02	2.892191e+02	2.208949e+02	2171	6.987212e-01	7.000000e-01	
2.209967e+02	2172	1.320799e+02	2.739549e+02	2.209967e+02	2172	6.747079e-01	7.000000e-01	
2.210984e+02	2173	1.318809e+02	2.931114e+02	2.210984e+02	2173	6.896864e-01	7.000000e-01	
2.212002e+02	2174	1.178947e+02	2.919339e+02	2.212002e+02	2174	7.123317e-01	7.000000e-01	
2.213019e+02	2175	1.354902e+02	2.551512e+02	2.213019e+02	2175	6.531596e-01	7.000000e-01	
2.214036e+02	2176	1.344632e+02	2.522662e+02	2.214036e+02	2176	6.523068e-01	7.000000e-01	
2.215054e+02	2177	1.215076e+02	2.697295e+02	2.215054e+02	2177	6.894272e-01	7.000000e-01	
2.216071e+02	2178	1.318726e+02	2.586439e+02	2.216071e+02	2178	6.623123e-01	7.000000e-01	
2.217089e+02	2179	1.562123e+02	2.346925e+02	2.217089e+02	2179	6.003828e-01	7.000000e-01	
2.218106e+02	2180	1.312799e+02	2.685767e+02	2.218106e+02	2180	6.716825e-01	7.000000e-01	
2.219124e+02	2181	1.052860e+02	2.630592e+02	2.219124e+02	2181	7.141649e-01	7.000000e-01	
2.220141e+02	2182	1.165548e+02	2.320198e+02	2.220141e+02	2182	6.656245e-01	7.000000e-01	
2.221159e+02	2183	1.312487e+02	2.568108e+02	2.221159e+02	2183	6.617820e-01	7.000000e-01	
2.222176e+02	2184	1.305584e+02	2.905460e+02	2.222176e+02	2184	6.899619e-01	7.000000e-01	
2.223194e+02	2185	1.405949e+02	2.780479e+02	2.223194e+02	2185	6.641650e-01	7.000000e-01	
2.224211e+02	2186	1.267003e+02	2.346820e+02	2.224211e+02	2186	6.494009e-01	7.000000e-01	
2.225229e+02	2187	1.446376e+02	2.737177e+02	2.225229e+02	2187	6.542709e-01	7.000000e-01	
2.226246e+02	2188	1.434785e+02	2.586605e+02	2.226246e+02	2188	6.432117e-01	7.000000e-01	
2.227264e+02	2189	1.261715e+02	2.722088e+02	2.227264e+02	2189	6.832888e-01	7.000000e-01	
2.228281e+02	2190	1.499734e+02	2.506817e+02	2.228281e+02	2190	6.256795e-01	7.000000e-01	
2.229299e+02	2191	1.473575e+02	2.756922e+02	2.229299e+02	2191	6.516780e-01	7.000000e-01	
2.230316e+02	2192	1.400646e+02	2.718304e+02	2.230316e+02	2192	6.599507e-01	7.000000e-01	
2.231334e+02	2193	1.623266e+02	2.460768e+02	2.231334e+02	2193	6.025337e-01	7.000000e-01	
2.232351e+02	2194	1.561503e+02	2.410495e+02	2.232351e+02	2194	6.068722e-01	7.000000e-01	
2.233369e+02	2195	1.505187e+02	2.690518e+02	2.233369e+02	2195	6.412553e-01	7.000000e-01	
2.234386e+02	2196	1.381631e+02	2.658312e+02	2.234386e+02	2196	6.580073e-01	7.000000e-01	
2.235404e+02	2197	1.383933e+02	2.743107e+02	2.235404e+02	2197	6.646669e-01	7.000000e-01	
2.236421e+02	2198	1.587797e+02	2.533786e+02	2.236421e+02	2198	6.147604e-01	7.000000e-01	
2.237439e+02	2199	1.508302e+02	2.878084e+02	2.237439e+02	2199	6.561402e-01	7.000000e-01	
2.238456e+02	2200	1.658291e+02	2.854790e+02	2.238456e+02	2200	6.325590e-01	7.000000e-01	
2.239473e+02	2201	1.577539e+02	2.455032e+02	2.239473e+02	2201	6.088007e-01	7.000000e-01	
2.240491e+02	2202	1.609673e+02	3.078900e+02	2.240491e+02	2202	6.566817e-01	7.000000e-01	
2.241508e+02	2203	1.406343e+02	2.628016e+02	2.241508e+02	2203	6.514086e-01	7.000000e-01	
2.242526e+02	2204	1.432501e+02	2.876734e+02	2.242526e+02	2204	6.675742e-01	7.000000e-01	
2.243543e+02	2205	1.513067e+02	3.249692e+02	2.243543e+02	2205	6.823129e-01	7.000000e-01	
2.244561e+02	2206	1.634833e+02	3.267480e+02	2.244561e+02	2206	6.665180e-01	7.000000e-01	
2.245578e+02	2207	1.617735e+02	3.056070e+02	2.245578e+02	2207	6.538720e-01	7.000000e-01	
2.246596e+02	2208	1.873228e+02	3.032317e+02	2.246596e+02	2208	6.181407e-01	7.000000e-01	
2.247613e+02	2209	1.432557e+02	3.325444e+02	2.247613e+02	2209	6.989162e-01	7.000000e-01	
2.248631e+02	2210	1.871882e+02	3.251577e+02	2.248631e+02	2210	6.346449e-01	7.000000e-01	
2.249648e+02	2211	2.091692e+02	3.065062e+02	2.249648e+02	2211	5.943782e-01	7.000000e-01	
2.250666e+02	2212	1.882615e+02	2.559266e+02	2.250666e+02	2212	5.761672e-01	7.000000e-01	
2.251683e+02	2213	2.289827e+02	2.978784e+02	2.251683e+02	2213	5.653832e-01	7.000000e-01	
2.252701e+02	2214	2.435774e+02	2.998803e+02	2.252701e+02	2214	5.518006e-01	7.000000e-01	
2.253718e+02	2215	2.266398e+02	2.789444e+02	2.253718e+02	2215	5.517269e-01	7.000000e-01	
2.254736e+02	2216	2.311988e+02	2.944708e+02	2.254736e+02	2216	5.601823e-01	7.000000e-01	
2.255753e+02	2217	2.091431e+02	3.004608e+02	2.255753e+02	2217	5.895967e-01	7.000000e-01	
2.256771e+02	2218	2.096907e+02	2.419270e+02	2.256771e+02	2218	5.356898e-01	7.000000e-01	
2.257788e+02	2219	1.979840e+02	2.440012e+02	2.257788e+02	2219	5.520574e-01	7.000000e-01	
2.258806e+02	2220	2.168885e+02	2.566065e+02	2.258806e+02	2220	5.419413e-01	7.000000e-01	
2.259823e+02	2221	2.067014e+02	2.332529e+02	2.259823e+02	2221	5.301753e-01	7.000000e-01	
2.260841e+02	2222	2.074328e+02	2.574841e+02	2.260841e+02	2222	5.538282e-01	7.000000e-01	
2.261858e+02	2223	2.373049e+02	2.790202e+02	2.261858e+02	2223	5.403964e-01	7.000000e-01	
2.262876e+02	2224	1.999921e+02	2.433880e+02	2.262876e+02	2224	5.489376e-01	7.000000e-01	
2.263893e+02	2225	1.607459e+02	2.036831e+02	2.263893e+02	2225	5.589102e-01	7.000000e-01	
2.264910e+02	2226	1.863482e+02	2.454027e+02	2.264910e+02	2226	5.683896e-01	7.000000e-01	
2.265928e+02	2227	1.960639e+02	2.242273e+02	2.265928e+02	2227	5.335046e-01	7.000000e-01	
2.266945e+02	2228	1.999950e+02	1.845800e+02	2.266945e+02	2228	4.799584e-01	7.000000e-01	
2.267963e+02	2229	1.972759e+02	2.601821e+02	2.267963e+02	2229	5.687563e-01	7.000000e-01	
2.268980e+02	2230	1.858584e+02	2.534710e+02	2.268980e+02	2230	5.769498e-01	7.000000e-01	
2.269998e+02	2231	1.792994e+02	1.968093e+02	2.269998e+02	2231	5.232777e-01	7.000000e-01	
2.271015e+02	2232	1.738601e+02	2.556795e+02	2.271015e+02	2232	5.952408e-01	7.000000e-01	
2.272033e+02	2233	1.718441e+02	2.546101e+02	2.272033e+02	2233	5.970397e-01	7.000000e-01	
2.273050e+02	2234	1.434522e+02	2.480853e+02	2.273050e+02	2234	6.336182e-01	7.000000e-01	
2.274068e+02	2235	1.541239e+02	2.465575e+02	2.274068e+02	2235	6.153455e-01	7.000000e-01	
2.275085e+02	2236	1.546080e+02	2.218372e+02	2.275085e+02	2236	5.892948e-01	7.000000e-01	
2.276103e+02	2237	1.865609e+02	2.444222e+02	2.276103e+02	2237	5.671271e-01	7.000000e-01	
2.277120e+02	2238	1.728498e+02	2.545450e+02	2.277120e+02	2238	5.955735e-01	7.000000e-01	
2.278138e+02	2239	1.223296e+02	2.768910e+02	2.278138e+02	2239	6.935789e-01	7.000000e-01	
2.279155e+02	2240	1.541473e+02	2.412664e+02	2.279155e+02	2240	6.101620e-01	7.000000e-01	
2.280173e+02	2241	1.318169e+02	2.512213e+02	2.280173e+02	2241	6.558649e-01	7.000000e-01	
2.281190e+02	2242	9.493670e+01	3.604572e+02	2.281190e+02	2242	7.915284e-01	7.000000e-01	
2.282208e+02	2243	1.339523e+02	2.639285e+02	2.282208e+02	2243	6.633356e-01	7.000000e-01	
2.283225e+02	2244	1.184195e+02	2.795168e+02	2.283225e+02	2244	7.024159e-01	7.000000e-01	
2.284243e+02	2245	1.378394e+02	2.713975e+02	2.284243e+02	2245	6.631794e-01	7.000000e-01	
2.285260e+02	2246	1.256223e+02	2.704379e+02	2.285260e+02	2246	6.828202e-01	7.000000e-01	
2.286278e+02	2247	1.277315e+02	2.481814e+02	2.286278e+02	2247	6.602099e-01	7.000000e-01	
2.287295e+02	2248	1.383415e+02	2.612648e+02	2.287295e+02	2248	6.538055e-01	7.000000e-01	
2.288313e+02	2249	1.108127e+02	3.474098e+02	2.288313e+02	2249	7.581684e-01	7.000000e-01	
2.289330e+02	2250	1.560869e+02	2.670413e+02	2.289330e+02	2250	6.311120e-01	7.000000e-01	
2.290347e+02	2251	1.670133e+02	2.594315e+02	2.290347e+02	2251	6.083589e-01	7.000000e-01	
2.291365e+02	2252	1.728298e+02	2.696052e+02	2.291365e+02	2252	6.093668e-01	7.000000e-01	
2.292382e+02	2253	1.615278e+02	2.413604e+02	2.292382e+02	2253	5.990754e-01	7.000000e-01	
2.293400e+02	2254	1.527297e+02	2.646965e+02	2.293400e+02	2254	6.341157e-01	7.000000e-01	
2.294417e+02	2255	1.245656e+02	2.698031e+02	2.294417e+02	2255	6.841392e-01	7.000000e-01	
2.295435e+02	2256	1.596870e+02	2.464615e+02	2.295435e+02	2256	6.068261e-01	7.000000e-01	
2.296452e+02	2257	1.687291e+02	2.558735e+02	2.296452e+02	2257	6.026188e-01	7.000000e-01	
2.297470e+02	2258	1.343604e+02	2.581432e+02	2.297470e+02	2258	6.576836e-01	7.000000e-01	
2.298487e+02	2259	1.355968e+02	2.493781e+02	2.298487e+02	2259	6.477776e-01	7.000000e-01	
2.299505e+02	2260	1.135243e+02	2.821987e+02	2.299505e+02	2260	7.131218e-01	7.000000e-01	
2.300522e+02	2261	1.376360e+02	2.633292e+02	2.300522e+02	2261	6.567383e-01	7.000000e-01	
2.301540e+02	2262	1.252751e+02	2.299188e+02	2.301540e+02	2262	6.473050e-01	7.000000e-01	
2.302557e+02	2263	1.339474e+02	2.520336e+02	2.302557e+02	2263	6.529689e-01	7.000000e-01	
2.303575e+02	2264	1.242603e+02	2.559309e+02	2.303575e+02	2264	6.731637e-01	7.000000e-01	
2.304592e+02	2265	1.159519e+02	2.722140e+02	2.304592e+02	2265	7.012826e-01	7.000000e-01	
2.305610e+02	2266	1.259708e+02	2.624538e+02	2.305610e+02	2266	6.756879e-01	7.000000e-01	
2.306627e+02	2267	1.371825e+02	2.359416e+02	2.306627e+02	2267	6.323408e-01	7.000000e-01	
2.307645e+02	2268	1.393811e+02	2.761951e+02	2.307645e+02	2268	6.646076e-01	7.000000e-01	
2.308662e+02	2269	1.629865e+02	2.884116e+02	2.308662e+02	2269	6.389296e-01	7.000000e-01	
2.309680e+02	2270	1.296865e+02	2.381506e+02	2.309680e+02	2270	6.474350e-01	7.000000e-01	
2.310697e+02	2271	1.288501e+02	2.437389e+02	2.310697e+02	2271	6.541763e-01	7.000000e-01	
2.311715e+02	2272	1.242594e+02	3.119974e+02	2.311715e+02	2272	7.151691e-01	7.000000e-01	
2.312732e+02	2273	1.174733e+02	3.221068e+02	2.312732e+02	2273	7.327602e-01	7.000000e-01	
2.313750e+02	2274	9.624727e+01	2.667669e+02	2.313750e+02	2274	7.348664e-01	7.000000e-01	
2.314767e+02	2275	1.407733e+02	2.642276e+02	2.314767e+02	2275	6.524124e-01	7.000000e-01	
2.315784e+02	2276	7.296383e+01	4.338208e+02	2.315784e+02	2276	8.560260e-01	7.000000e-01	
2.316802e+02	2277	1.462078e+02	2.566555e+02	2.316802e+02	2277	6.370784e-01	7.000000e-01	
2.317819e+02	2278	2.120500e+02	2.382512e+02	2.317819e+02	2278	5.290930e-01	7.000000e-01	
2.318837e+02	2279	1.711627e+02	2.730240e+02	2.318837e+02	2279	6.146605e-01	7.000000e-01	
2.319854e+02	2280	2.000130e+02	2.087532e+02	2.319854e+02	2280	5.106910e-01	7.000000e-01	
2.320872e+02	2281	1.146442e+02	2.746014e+02	2.320872e+02	2281	7.054708e-01	7.000000e-01	
2.321889e+02	2282	1.496973e+02	2.911424e+02	2.321889e+02	2282	6.604269e-01	7.000000e-01	
2.322907e+02	2283	1.089921e+02	2.703005e+02	2.322907e+02	2283	7.126437e-01	7.000000e-01	
2.323924e+02	2284	1.279592e+02	2.551993e+02	2.323924e+02	2284	6.660411e-01	7.000000e-01	
2.324942e+02	2285	1.374440e+02	2.578103e+02	2.324942e+02	2285	6.522644e-01	7.000000e-01	
2.325959e+02	2286	8.608059e+01	2.784906e+02	2.325959e+02	2286	7.638854e-01	7.000000e-01	
2.326977e+02	2287	1.339709e+02	2.881782e+02	2.326977e+02	2287	6.826455e-01	7.000000e-01	
2.327994e+02	2288	1.306141e+02	2.794711e+02	2.327994e+02	2288	6.814952e-01	7.000000e-01	
2.329012e+02	2289	1.150295e+02	2.578247e+02	2.329012e+02	2289	6.914893e-01	7.000000e-01	
2.330029e+02	2290	1.234608e+02	2.678124e+02	2.330029e+02	2290	6.844639e-01	7.000000e-01	
2.331047e+02	2291	1.698310e+02	2.960176e+02	2.331047e+02	2291	6.354374e-01	7.000000e-01	
2.332064e+02	2292	1.367988e+02	2.812792e+02	2.332064e+02	2292	6.727912e-01	7.000000e-01	
2.333082e+02	2293	1.108044e+02	2.750329e+02	2.333082e+02	2293	7.128209e-01	7.000000e-01	
2.334099e+02	2294	1.235953e+02	2.347709e+02	2.334099e+02	2294	6.551145e-01	7.000000e-01	
2.335117e+02	2295	1.206929e+02	2.748239e+02	2.335117e+02	2295	6.948476e-01	7.000000e-01	
2.336134e+02	2296	1.125105e+02	2.660702e+02	2.336134e+02	2296	7.028097e-01	7.000000e-01	
2.337152e+02	2297	1.120105e+02	2.722561e+02	2.337152e+02	2297	7.085084e-01	7.000000e-01	
2.338169e+02	2298	1.107467e+02	2.755624e+02	2.338169e+02	2298	7.133210e-01	7.000000e-01	
2.339187e+02	2299	1.004847e+02	2.703042e+02	2.339187e+02	2299	7.289976e-01	7.000000e-01	
2.340204e+02	2300	1.011551e+02	2.441578e+02	2.340204e+02	2300	7.070625e-01	7.000000e-01	
2.341221e+02	2301	1.093511e+02	2.806211e+02	2.341221e+02	2301	7.195926e-01	7.000000e-01	
2.342239e+02	2302	1.141154e+02	2.540174e+02	2.342239e+02	2302	6.900157e-01	7.000000e-01	
2.343256e+02	2303	1.105486e+02	2.668795e+02	2.343256e+02	2303	7.071002e-01	7.000000e-01	
2.344274e+02	2304	1.083651e+02	3.165378e+02	2.344274e+02	2304	7.449650e-01	7.000000e-01	
2.345291e+02	2305	1.083808e+02	2.767806e+02	2.345291e+02	2305	7.186094e-01	7.000000e-01	
2.346309e+02	2306	1.129762e+02	2.775518e+02	2.346309e+02	2306	7.107091e-01	7.000000e-01	
2.347326e+02	2307	1.200828e+02	2.725504e+02	2.347326e+02	2307	6.941604e-01	7.000000e-01	
2.348344e+02	2308	1.101348e+02	2.779800e+02	2.348344e+02	2308	7.162314e-01	7.000000e-01	
2.349361e+02	2309	1.181756e+02	2.684830e+02	2.349361e+02	2309	6.943671e-01	7.000000e-01	
2.350379e+02	2310	1.184519e+02	2.715387e+02	2.350379e+02	2310	6.962699e-01	7.000000e-01	
2.351396e+02	2311	9.606297e+01	2.492136e+02	2.351396e+02	2311	7.217796e-01	7.000000e-01	
2.352414e+02	2312	1.097985e+02	2.580030e+02	2.352414e+02	2312	7.014735e-01	7.000000e-01	
2.353431e+02	2313	1.111384e+02	2.709119e+02	2.353431e+02	2313	7.091001e-01	7.000000e-01	
2.354449e+02	2314	1.046255e+02	2.779048e+02	2.354449e+02	2314	7.264909e-01	7.000000e-01	
2.355466e+02	2315	1.114562e+02	2.672049e+02	2.355466e+02	2315	7.056571e-01	7.000000e-01	
2.356484e+02	2316	9.203716e+01	2.818601e+02	2.356484e+02	2316	7.538437e-01	7.000000e-01	
2.357501e+02	2317	9.181939e+01	2.874786e+02	2.357501e+02	2317	7.579228e-01	7.000000e-01	
2.358519e+02	2318	1.013924e+02	2.740615e+02	2.358519e+02	2318	7.299471e-01	7.000000e-01	
2.359536e+02	2319	1.136743e+02	2.655607e+02	2.359536e+02	2319	7.002537e-01	7.000000e-01	
2.360554e+02	2320	1.051914e+02	2.708652e+02	2.360554e+02	2320	7.202777e-01	7.000000e-01	
2.361571e+02	2321	1.019218e+02	2.863677e+02	2.361571e+02	2321	7.375108e-01	7.000000e-01	
2.362589e+02	2322	1.016385e+02	2.691039e+02	2.362589e+02	2322	7.258514e-01	7.000000e-01	
2.363606e+02	2323	1.066049e+02	2.781676e+02	2.363606e+02	2323	7.229404e-01	7.000000e-01	
2.364624e+02	2324	1.064588e+02	2.640177e+02	2.364624e+02	2324	7.126436e-01	7.000000e-01	
2.365641e+02	2325	1.325964e+02	2.662397e+02	2.365641e+02	2325	6.675416e-01	7.000000e-01	
2.366658e+02	2326	1.202634e+02	2.593131e+02	2.366658e+02	2326	6.831643e-01	7.000000e-01	
2.367676e+02	2327	1.147889e+02	2.631408e+02	2.367676e+02	2327	6.962692e-01	7.000000e-01	
2.368693e+02	2328	1.313912e+02	2.658438e+02	2.368693e+02	2328	6.692356e-01	7.000000e-01	
2.369711e+02	2329	1.072232e+02	2.756655e+02	2.369711e+02	2329	7.199625e-01	7.000000e-01	
2.370728e+02	2330	8.896060e+01	3.128343e+02	2.370728e+02	2330	7.785920e-01	7.000000e-01	
2.371746e+02	2331	1.332695e+02	2.504134e+02	2.371746e+02	2331	6.526572e-01	7.000000e-01	
2.372763e+02	2332	1.255083e+02	2.188555e+02	2.372763e+02	2332	6.355357e-01	7.000000e-01	
2.373781e+02	2333	1.485236e+02	2.530774e+02	2.373781e+02	2333	6.301712e-01	7.000000e-01	
2.374798e+02	2334	1.227429e+02	2.274564e+02	2.374798e+02	2334	6.495056e-01	7.000000e-01	
2.375816e+02	2335	1.279412e+02	2.354684e+02	2.375816e+02	2335	6.479422e-01	7.000000e-01	
2.376833e+02	2336	1.168426e+02	2.589866e+02	2.376833e+02	2336	6.891072e-01	7.000000e-01	
2.377851e+02	2337	1.216762e+02	2.333115e+02	2.377851e+02	2337	6.572383e-01	7.000000e-01	
2.378868e+02	2338	9.596558e+01	2.497840e+02	2.378868e+02	2338	7.224419e-01	7.000000e-01	
2.379886e+02	2339	1.054186e+02	2.504993e+02	2.379886e+02	2339	7.038120e-01	7.000000e-01	
2.380903e+02	2340	1.211773e+02	2.160990e+02	2.380903e+02	2340	6.407180e-01	7.000000e-01	
2.381921e+02	2341	9.033758e+01	2.656393e+02	2.381921e+02	2341	7.462263e-01	7.000000e-01	
2.382938e+02	2342	1.061428e+02	2.443619e+02	2.382938e+02	2342	6.971715e-01	7.000000e-01	
2.383956e+02	2343	9.204131e+01	2.619553e+02	2.383956e+02	2343	7.399938e-01	7.000000e-01	
2.384973e+02	2344	9.230239e+01	2.400068e+02	2.384973e+02	2344	7.222394e-01	7.000000e-01	
2.385991e+02	2345	8.693242e+01	3.278595e+02	2.385991e+02	2345	7.904192e-01	7.000000e-01	
2.387008e+02	2346	1.077974e+02	3.024749e+02	2.387008e+02	2346	7.372540e-01	7.000000e-01	
2.388026e+02	2347	9.693181e+01	2.675782e+02	2.388026e+02	2347	7.340764e-01	7.000000e-01	
2.389043e+02	2348	1.068387e+02	2.886472e+02	2.389043e+02	2348	7.298546e-01	7.000000e-01	
2.390061e+02	2349	9.221942e+01	3.913270e+02	2.390061e+02	2349	8.092853e-01	7.000000e-01	
2.391078e+02	2350	1.196592e+02	2.890188e+02	2.391078e+02	2350	7.072042e-01	7.000000e-01	
2.392095e+02	2351	1.188513e+02	2.867293e+02	2.392095e+02	2351	7.069601e-01	7.000000e-01	
2.393113e+02	2352	1.180153e+02	2.825403e+02	2.393113e+02	2352	7.053710e-01	7.000000e-01	
2.394130e+02	2353	1.286933e+02	2.696027e+02	2.394130e+02	2353	6.768903e-01	7.000000e-01	
2.395148e+02	2354	1.209983e+02	2.693228e+02	2.395148e+02	2354	6.900032e-01	7.000000e-01	
2.396165e+02	2355	1.176808e+02	2.925277e+02	2.396165e+02	2355	7.131195e-01	7.000000e-01	
2.397183e+02	2356	1.184598e+02	3.026943e+02	2.397183e+02	2356	7.187258e-01	7.000000e-01	
2.398200e+02	2357	1.017830e+02	3.107552e+02	2.398200e+02	2357	7.532762e-01	7.000000e-01	
2.399218e+02	2358	1.226702e+02	2.933551e+02	2.399218e+02	2358	7.051376e-01	7.000000e-01	
2.400235e+02	2359	1.249274e+02	2.847745e+02	2.400235e+02	2359	6.950773e-01	7.000000e-01	
2.401253e+02	2360	1.138542e+02	2.959533e+02	2.401253e+02	2360	7.221764e-01	7.000000e-01	
2.402270e+02	2361	9.328400e+01	2.831659e+02	2.402270e+02	2361	7.522008e-01	7.000000e-01	
2.403288e+02	2362	1.208089e+02	3.000175e+02	2.403288e+02	2362	7.129246e-01	7.000000e-01	
2.404305e+02	2363	1.256079e+02	3.013795e+02	2.404305e+02	2363	7.058276e-01	7.000000e-01	
2.405323e+02	2364	9.651337e+01	2.943117e+02	2.405323e+02	2364	7.530523e-01	7.000000e-01	
2.406340e+02	2365	9.603959e+01	2.751363e+02	2.406340e+02	2365	7.412559e-01	7.000000e-01	
2.407358e+02	2366	7.113052e+01	2.672118e+02	2.407358e+02	2366	7.897676e-01	7.000000e-01	
2.408375e+02	2367	9.881469e+01	3.295208e+02	2.408375e+02	2367	7.693054e-01	7.000000e-01	
2.409393e+02	2368	1.166618e+02	3.134274e+02	2.409393e+02	2368	7.287498e-01	7.000000e-01	
2.410410e+02	2369	9.543759e+01	3.177564e+02	2.410410e+02	2369	7.690247e-01	7.000000e-01	
2.411428e+02	2370	1.235066e+02	2.863380e+02	2.411428e+02	2370	6.986502e-01	7.000000e-01	
2.412445e+02	2371	9.142918e+01	3.292946e+02	2.412445e+02	2371	7.826860e-01	7.000000e-01	
2.413463e+02	2372	1.050164e+02	3.388203e+02	2.413463e+02	2372	7.633896e-01	7.000000e-01	
2.414480e+02	2373	1.167860e+02	3.131412e+02	2.414480e+02	2373	7.283587e-01	7.000000e-01	
2.415498e+02	2374	1.095898e+02	3.028688e+02	2.415498e+02	2374	7.343011e-01	7.000000e-01	
2.416515e+02	2375	1.146832e+02	3.197555e+02	2.416515e+02	2375	7.360198e-01	7.000000e-01	
2.417532e+02	2376	1.167599e+02	3.234422e+02	2.417532e+02	2376	7.347584e-01	7.000000e-01	
2.418550e+02	2377	1.201699e+02	2.961203e+02	2.418550e+02	2377	7.113314e-01	7.000000e-01	
2.419567e+02	2378	1.225052e+02	2.905910e+02	2.419567e+02	2378	7.034463e-01	7.000000e-01	
2.420585e+02	2379	1.138506e+02	2.932516e+02	2.420585e+02	2379	7.203390e-01	7.000000e-01	
2.421602e+02	2380	1.121225e+02	3.097105e+02	2.421602e+02	2380	7.342017e-01	7.000000e-01	
2.422620e+02	2381	1.144842e+02	3.269361e+02	2.422620e+02	2381	7.406458e-01	7.000000e-01	
2.423637e+02	2382	1.097902e+02	3.263780e+02	2.423637e+02	2382	7.482847e-01	7.000000e-01	
2.424655e+02	2383	1.170017e+02	2.403845e+02	2.424655e+02	2383	6.726183e-01	7.000000e-01	
2.425672e+02	2384	1.084925e+02	2.902871e+02	2.425672e+02	2384	7.279387e-01	7.000000e-01	
2.426690e+02	2385	1.220666e+02	2.719951e+02	2.426690e+02	2385	6.902348e-01	7.000000e-01	
2.427707e+02	2386	1.071689e+02	3.052476e+02	2.427707e+02	2386	7.401440e-01	7.000000e-01	
2.428725e+02	2387	1.077748e+02	3.024451e+02	2.428725e+02	2387	7.372755e-01	7.000000e-01	
2.429742e+02	2388	1.103717e+02	2.845178e+02	2.429742e+02	2388	7.204998e-01	7.000000e-01	
2.430760e+02	2389	9.834221e+01	2.835275e+02	2.430760e+02	2389	7.424718e-01	7.000000e-01	
2.431777e+02	2390	1.135029e+02	2.817424e+02	2.431777e+02	2390	7.128292e-01	7.000000e-01	
2.432795e+02	2391	1.099262e+02	2.995767e+02	2.432795e+02	2391	7.315619e-01	7.000000e-01	
2.433812e+02	2392	1.026238e+02	2.943955e+02	2.433812e+02	2392	7.415143e-01	7.000000e-01	
2.434830e+02	2393	1.240943e+02	3.126732e+02	2.434830e+02	2393	7.158802e-01	7.000000e-01	
2.435847e+02	2394	1.115131e+02	3.051076e+02	2.435847e+02	2394	7.323390e-01	7.000000e-01	
2.436865e+02	2395	9.771855e+01	2.829998e+02	2.436865e+02	2395	7.433311e-01	7.000000e-01	
2.437882e+02	2396	9.522267e+01	2.672509e+02	2.437882e+02	2396	7.372976e-01	7.000000e-01	
2.438900e+02	2397	1.092120e+02	2.947495e+02	2.438900e+02	2397	7.296475e-01	7.000000e-01	
2.439917e+02	2398	8.895007e+01	2.983673e+02	2.439917e+02	2398	7.703432e-01	7.000000e-01	
2.440935e+02	2399	1.095367e+02	2.872644e+02	2.440935e+02	2399	7.239506e-01	7.000000e-01	
2.441952e+02	2400	9.687939e+01	2.805952e+02	2.441952e+02	2400	7.433486e-01	7.000000e-01	
2.442969e+02	2401	1.037867e+02	2.726829e+02	2.442969e+02	2401	7.243159e-01	7.000000e-01	
2.443987e+02	2402	1.251391e+02	2.311283e+02	2.443987e+02	2402	6.487495e-01	7.000000e-01	
2.445004e+02	2403	1.110912e+02	2.677608e+02	2.445004e+02	2403	7.067689e-01	7.000000e-01	
2.446022e+02	2404	1.203226e+02	2.548811e+02	2.446022e+02	2404	6.793139e-01	7.000000e-01	
2.447039e+02	2405	1.344196e+02	1.992466e+02	2.447039e+02	2405	5.971435e-01	7.000000e-01	
2.448057e+02	2406	1.164900e+02	2.447947e+02	2.448057e+02	2406	6.775673e-01	7.000000e-01	
2.449074e+02	2407	1.187416e+02	2.482923e+02	2.449074e+02	2407	6.764833e-01	7.000000e-01	
2.450092e+02	2408	1.352834e+02	2.390547e+02	2.450092e+02	2408	6.386064e-01	7.000000e-01	
2.451109e+02	2409	1.234721e+02	2.586932e+02	2.451109e+02	2409	6.769144e-01	7.000000e-01	
2.452127e+02	2410	9.823224e+01	2.507603e+02	2.452127e+02	2410	7.185262e-01	7.000000e-01	
2.453144e+02	2411	1.217652e+02	2.459642e+02	2.453144e+02	2411	6.688728e-01	7.000000e-01	
2.454162e+02	2412	1.327861e+02	2.440588e+02	2.454162e+02	2412	6.476373e-01	7.000000e-01	
2.455179e+02	2413	7.749613e+01	2.907191e+02	2.455179e+02	2413	7.895358e-01	7.000000e-01	
2.456197e+02	2414	9.466953e+01	2.820876e+02	2.456197e+02	2414	7.487253e-01	7.000000e-01	
2.457214e+02	2415	8.115591e+01	2.710275e+02	2.457214e+02	2415	7.695635e-01	7.000000e-01	
2.458232e+02	2416	1.046745e+02	3.233524e+02	2.458232e+02	2416	7.554488e-01	7.000000e-01	
2.459249e+02	2417	8.392533e+01	3.030753e+02	2.459249e+02	2417	7.831390e-01	7.000000e-01	
2.460267e+02	2418	1.066195e+02	2.739321e+02	2.460267e+02	2418	7.198291e-01	7.000000e-01	
2.461284e+02	2419	9.687366e+01	2.837216e+02	2.461284e+02	2419	7.454680e-01	7.000000e-01	
2.462302e+02	2420	1.181907e+02	2.613197e+02	2.462302e+02	2420	6.885706e-01	7.000000e-01	
2.463319e+02	2421	7.517528e+01	2.907958e+02	2.463319e+02	2421	7.945868e-01	7.000000e-01	
2.464337e+02	2422	1.132162e+02	2.586855e+02	2.464337e+02	2422	6.955749e-01	7.000000e-01	
2.465354e+02	2423	1.393533e+02	2.653244e+02	2.465354e+02	2423	6.556437e-01	7.000000e-01	
2.466372e+02	2424	9.475159e+01	2.705999e+02	2.466372e+02	2424	7.406563e-01	7.000000e-01	
2.467389e+02	2425	1.044683e+02	2.614556e+02	2.467389e+02	2425	7.145081e-01	7.000000e-01	
2.468406e+02	2426	1.181382e+02	2.522205e+02	2.468406e+02	2426	6.810168e-01	7.000000e-01	
2.469424e+02	2427	1.026576e+02	2.529248e+02	2.469424e+02	2427	7.112973e-01	7.000000e-01	
2.470441e+02	2428	1.045780e+02	2.358231e+02	2.470441e+02	2428	6.927801e-01	7.000000e-01	
2.471459e+02	2429	9.587406e+01	2.540309e+02	2.471459e+02	2429	7.259997e-01	7.000000e-01	
2.472476e+02	2430	1.006147e+02	2.542655e+02	2.472476e+02	2430	7.164826e-01	7.000000e-01	
2.473494e+02	2431	1.051192e+02	2.560086e+02	2.473494e+02	2431	7.089141e-01	7.000000e-01	
2.474511e+02	2432	9.511784e+01	2.388666e+02	2.474511e+02	2432	7.152028e-01	7.000000e-01	
2.475529e+02	2433	1.121448e+02	2.429462e+02	2.475529e+02	2433	6.841801e-01	7.000000e-01	
2.476546e+02	2434	9.217568e+01	2.591768e+02	2.476546e+02	2434	7.376547e-01	7.000000e-01	
2.477564e+02	2435	9.343963e+01	2.486391e+02	2.477564e+02	2435	7.268476e-01	7.000000e-01	
2.478581e+02	2436	9.808247e+01	2.419925e+02	2.478581e+02	2436	7.115857e-01	7.000000e-01	
2.479599e+02	2437	1.296293e+02	2.904224e+02	2.479599e+02	2437	6.913968e-01	7.000000e-01	
2.480616e+02	2438	1.094570e+02	2.928753e+02	2.480616e+02	2438	7.279438e-01	7.000000e-01	
2.481634e+02	2439	1.110575e+02	2.990712e+02	2.481634e+02	2439	7.292130e-01	7.000000e-01	
2.482651e+02	2440	1.281631e+02	2.895985e+02	2.482651e+02	2440	6.932147e-01	7.000000e-01	
2.483669e+02	2441	1.493934e+02	3.176919e+02	2.483669e+02	2441	6.801582e-01	7.000000e-01	
2.484686e+02	2442	8.873450e+01	2.507532e+02	2.484686e+02	2442	7.386223e-01	7.000000e-01	
2.485704e+02	2443	1.141937e+02	2.989038e+02	2.485704e+02	2443	7.235672e-01	7.000000e-01	
2.486721e+02	2444	1.242388e+02	2.763966e+02	2.486721e+02	2444	6.898956e-01	7.000000e-01	
2.487739e+02	2445	1.129841e+02	2.960993e+02	2.487739e+02	2445	7.238116e-01	7.000000e-01	
2.488756e+02	2446	1.218417e+02	2.689376e+02	2.488756e+02	2446	6.882084e-01	7.000000e-01	
2.489774e+02	2447	1.727330e+02	2.904207e+02	2.489774e+02	2447	6.270504e-01	7.000000e-01	
2.490791e+02	2448	1.117465e+02	2.982762e+02	2.490791e+02	2448	7.274627e-01	7.000000e-01	
2.491809e+02	2449	1.376903e+02	3.053406e+02	2.491809e+02	2449	6.892084e-01	7.000000e-01	
2.492826e+02	2450	1.666251e+02	2.414974e+02	2.492826e+02	2450	5.917277e-01	7.000000e-01	
2.493843e+02	2451	1.851178e+02	2.426288e+02	2.493843e+02	2451	5.672255e-01	7.000000e-01	
2.494861e+02	2452	1.639137e+02	1.845174e+02	2.494861e+02	2452	5.295664e-01	7.000000e-01	
2.495878e+02	2453	1.838526e+02	2.303199e+02	2.495878e+02	2453	5.560966e-01	7.000000e-01	
2.496896e+02	2454	1.510723e+02	2.488501e+02	2.496896e+02	2454	6.222460e-01	7.000000e-01	
2.497913e+02	2455	1.635340e+02	2.504730e+02	2.497913e+02	2455	6.049970e-01	7.000000e-01	
2.498931e+02	2456	1.205080e+02	2.629251e+02	2.498931e+02	2456	6.857131e-01	7.000000e-01	
2.499948e+02	2457	1.513692e+02	2.725593e+02	2.499948e+02	2457	6.429370e-01	7.000000e-01	
2.500966e+02	2458	1.633678e+02	2.527652e+02	2.500966e+02	2458	6.074145e-01	7.000000e-01	
2.501983e+02	2459	1.610882e+02	2.809478e+02	2.501983e+02	2459	6.355767e-01	7.000000e-01	
2.503001e+02	2460	1.672191e+02	2.718403e+02	2.503001e+02	2460	6.191424e-01	7.000000e-01	
2.504018e+02	2461	1.448083e+02	2.494922e+02	2.504018e+02	2461	6.327463e-01	7.000000e-01	
2.505036e+02	2462	1.696041e+02	2.692000e+02	2.505036e+02	2462	6.134856e-01	7.000000e-01	
2.506053e+02	2463	1.537827e+02	2.641232e+02	2.506053e+02	2463	6.320160e-01	7.000000e-01	
2.507071e+02	2464	1.584504e+02	2.763023e+02	2.507071e+02	2464	6.355390e-01	7.000000e-01	
2.508088e+02	2465	1.834345e+02	2.466347e+02	2.508088e+02	2465	5.734768e-01	7.000000e-01	
2.509106e+02	2466	2.008171e+02	2.520984e+02	2.509106e+02	2466	5.566124e-01	7.000000e-01	
2.510123e+02	2467	1.938080e+02	2.457113e+02	2.510123e+02	2467	5.590455e-01	7.000000e-01	
2.511141e+02	2468	1.928420e+02	2.523159e+02	2.511141e+02	2468	5.668009e-01	7.000000e-01	
2.512158e+02	2469	1.847161e+02	2.540736e+02	2.512158e+02	2469	5.790327e-01	7.000000e-01	
2.513176e+02	2470	1.729421e+02	2.639087e+02	2.513176e+02	2470	6.041163e-01	7.000000e-01	
2.514193e+02	2471	1.614204e+02	2.729421e+02	2.514193e+02	2471	6.283740e-01	7.000000e-01	
2.515211e+02	2472	1.500954e+02	2.665343e+02	2.515211e+02	2472	6.397391e-01	7.000000e-01	
2.516228e+02	2473	1.811803e+02	2.497942e+02	2.516228e+02	2473	5.796032e-01	7.000000e-01	
2.517246e+02	2474	1.782790e+02	2.631383e+02	2.517246e+02	2474	5.961214e-01	7.000000e-01	
2.518263e+02	2475	1.762382e+02	2.645571e+02	2.518263e+02	2475	6.001813e-01	7.000000e-01	
2.519280e+02	2476	1.660135e+02	2.624933e+02	2.519280e+02	2476	6.125767e-01	7.000000e-01	
2.520298e+02	2477	2.429950e+02	2.544285e+02	2.520298e+02	2477	5.114927e-01	7.000000e-01	
2.521315e+02	2478	2.254428e+02	2.634124e+02	2.521315e+02	2478	5.388352e-01	7.000000e-01	
2.522333e+02	2479	2.176178e+02	2.350706e+02	2.522333e+02	2479	5.192768e-01	7.000000e-01	
2.523350e+02	2480	1.908455e+02	2.504750e+02	2.523350e+02	2480	5.675580e-01	7.000000e-01	
2.524368e+02	2481	1.938329e+02	2.528041e+02	2.524368e+02	2481	5.660169e-01	7.000000e-01	
2.525385e+02	2482	2.165376e+02	2.891040e+02	2.525385e+02	2482	5.717568e-01	7.000000e-01	
2.526403e+02	2483	2.308957e+02	3.205938e+02	2.526403e+02	2483	5.813235e-01	7.000000e-01	
2.527420e+02	2484	2.194860e+02	3.210131e+02	2.527420e+02	2484	5.939198e-01	7.000000e-01	
2.528438e+02	2485	2.151754e+02	3.353668e+02	2.528438e+02	2485	6.091573e-01	7.000000e-01	
2.529455e+02	2486	2.014635e+02	2.589970e+02	2.529455e+02	2486	5.624739e-01	7.000000e-01	
2.530473e+02	2487	2.216938e+02	3.026908e+02	2.530473e+02	2487	5.772305e-01	7.000000e-01	
2.531490e+02	2488	2.303850e+02	3.225221e+02	2.531490e+02	2488	5.833206e-01	7.000000e-01	
2.532508e+02	2489	1.988015e+02	3.520245e+02	2.532508e+02	2489	6.390848e-01	7.000000e-01	
2.533525e+02	2490	1.685724e+02	3.040765e+02	2.533525e+02	2490	6.433454e-01	7.000000e-01	
2.534543e+02	2491	2.330395e+02	3.478247e+02	2.534543e+02	2491	5.988055e-01	7.000000e-01	
2.535560e+02	2492	2.184846e+02	3.672783e+02	2.535560e+02	2492	6.270085e-01	7.000000e-01	
2.536578e+02	2493	2.039318e+02	2.624929e+02	2.536578e+02	2493	5.627766e-01	7.000000e-01	
2.537595e+02	2494	1.679274e+02	3.231309e+02	2.537595e+02	2494	6.580296e-01	7.000000e-01	
2.538613e+02	2495	1.748318e+02	2.497970e+02	2.538613e+02	2495	5.882715e-01	7.000000e-01	
2.539630e+02	2496	2.029342e+02	2.972565e+02	2.539630e+02	2496	5.942863e-01	7.000000e-01	
2.540648e+02	2497	1.790865e+02	2.989991e+02	2.540648e+02	2497	6.254091e-01	7.000000e-01	
2.541665e+02	2498	2.676002e+02	2.082008e+02	2.541665e+02	2498	4.375796e-01	7.000000e-01	
2.542683e+02	2499	2.190138e+02	2.448045e+02	2.542683e+02	2499	5.278026e-01	7.000000e-01	
2.543700e+02	2500	3.168033e+02	2.448262e+02	2.543700e+02	2500	4.359212e-01	7.000000e-01	
2.544717e+02	2501	1.626140e+02	2.586998e+02	2.544717e+02	2501	6.140312e-01	7.000000e-01	
2.545735e+02	2502	1.772951e+02	2.826496e+02	2.545735e+02	2502	6.145295e-01	7.000000e-01	
2.546752e+02	2503	1.862124e+02	2.504869e+02	2.546752e+02	2503	5.735913e-01	7.000000e-01	
2.547770e+02	2504	1.852455e+02	2.637700e+02	2.547770e+02	2504	5.874407e-01	7.000000e-01	
2.548787e+02	2505	1.732917e+02	2.758956e+02	2.548787e+02	2505	6.142106e-01	7.000000e-01	
2.549805e+02	2506	1.249658e+02	2.839389e+02	2.549805e+02	2506	6.943889e-01	7.000000e-01	
2.550822e+02	2507	1.154718e+02	2.603598e+02	2.550822e+02	2507	6.927565e-01	7.000000e-01	
2.551840e+02	2508	1.278270e+02	2.677079e+02	2.551840e+02	2508	6.768250e-01	7.000000e-01	
2.552857e+02	2509	1.245989e+02	2.834150e+02	2.552857e+02	2509	6.946209e-01	7.000000e-01	
2.553875e+02	2510	1.335258e+02	2.276989e+02	2.553875e+02	2510	6.303525e-01	7.000000e-01	
2.554892e+02	2511	1.251532e+02	2.470298e+02	2.554892e+02	2511	6.637321e-01	7.000000e-01	
2.555910e+02	2512	1.558379e+02	2.430641e+02	2.555910e+02	2512	6.093329e-01	7.000000e-01	
2.556927e+02	2513	1.255057e+02	2.506155e+02	2.556927e+02	2513	6.663158e-01	7.000000e-01	
2.557945e+02	2514	1.656227e+02	2.716944e+02	2.557945e+02	2514	6.212755e-01	7.000000e-01	
2.558962e+02	2515	1.790335e+02	3.052790e+02	2.558962e+02	2515	6.303348e-01	7.000000e-01	
2.559980e+02	2516	1.736293e+02	2.883572e+02	2.559980e+02	2516	6.241680e-01	7.000000e-01	
2.560997e+02	2517	1.722595e+02	2.950501e+02	2.560997e+02	2517	6.313804e-01	7.000000e-01	
2.562015e+02	2518	1.806171e+02	2.883811e+02	2.562015e+02	2518	6.148874e-01	7.000000e-01	
2.563032e+02	2519	1.626732e+02	2.574727e+02	2.563032e+02	2519	6.128174e-01	7.000000e-01	
2.564050e+02	2520	1.832908e+02	3.120130e+02	2.564050e+02	2520	6.299427e-01	7.000000e-01	
2.565067e+02	2521	1.703586e+02	2.652528e+02	2.565067e+02	2521	6.089207e-01	7.000000e-01	
2.566085e+02	2522	1.942153e+02	2.990259e+02	2.566085e+02	2522	6.062468e-01	7.000000e-01	
2.567102e+02	2523	1.707441e+02	2.960636e+02	2.567102e+02	2523	6.342303e-01	7.000000e-01	
2.568120e+02	2524	1.624737e+02	3.104908e+02	2.568120e+02	2524	6.564780e-01	7.000000e-01	
2.569137e+02	2525	1.813373e+02	3.157982e+02	2.569137e+02	2525	6.352357e-01	7.000000e-01	
2.570154e+02	2526	1.841696e+02	3.025557e+02	2.570154e+02	2526	6.216149e-01	7.000000e-01	
2.571172e+02	2527	2.049429e+02	3.189992e+02	2.571172e+02	2527	6.088444e-01	7.000000e-01	
2.572189e+02	2528	2.251169e+02	3.126658e+02	2.572189e+02	2528	5.813980e-01	7.000000e-01	
2.573207e+02	2529	1.346098e+02	3.281599e+02	2.573207e+02	2529	7.091214e-01	7.000000e-01	
2.574224e+02	2530	1.865903e+02	3.032553e+02	2.574224e+02	2530	6.190834e-01	7.000000e-01	
2.575242e+02	2531	1.658610e+02	3.130163e+02	2.575242e+02	2531	6.536461e-01	7.000000e-01	
2.576259e+02	2532	1.248424e+02	3.145173e+02	2.576259e+02	2532	7.158538e-01	7.000000e-01	
2.577277e+02	2533	1.230873e+02	3.226196e+02	2.577277e+02	2533	7.238380e-01	7.000000e-01	
2.578294e+02	2534	9.940968e+01	3.239772e+02	2.578294e+02	2534	7.652037e-01	7.000000e-01	
2.579312e+02	2535	1.066665e+02	2.813591e+02	2.579312e+02	2535	7.251045e-01	7.000000e-01	
2.580329e+02	2536	1.159357e+02	3.273106e+02	2.580329e+02	2536	7.384396e-01	7.000000e-01	
2.581347e+02	2537	1.187507e+02	2.571740e+02	2.581347e+02	2537	6.841104e-01	7.000000e-01	
2.582364e+02	2538	1.075757e+02	3.189640e+02	2.582364e+02	2538	7.477944e-01	7.000000e-01	
2.583382e+02	2539	1.049925e+02	3.262056e+02	2.583382e+02	2539	7.565098e-01	7.000000e-01	
2.584399e+02	2540	1.075356e+02	2.993019e+02	2.584399e+02	2540	7.356792e-01	7.000000e-01	
2.585417e+02	2541	1.474956e+02	2.586857e+02	2.585417e+02	2541	6.368725e-01	7.000000e-01	
2.586434e+02	2542	1.052267e+02	2.934140e+02	2.586434e+02	2542	7.360362e-01	7.000000e-01	
2.587452e+02	2543	1.429437e+02	2.350357e+02	2.587452e+02	2543	6.218215e-01	7.000000e-01	
2.588469e+02	2544	1.528589e+02	2.789062e+02	2.588469e+02	2544	6.459674e-01	7.000000e-01	
2.589487e+02	2545	1.403713e+02	2.577075e+02	2.589487e+02	2545	6.473781e-01	7.000000e-01	
2.590504e+02	2546	1.541180e+02	2.986331e+02	2.590504e+02	2546	6.595966e-01	7.000000e-01	
2.591522e+02	2547	1.511409e+02	3.049731e+02	2.591522e+02	2547	6.686335e-01	7.000000e-01	
2.592539e+02	2548	1.406411e+02	2.823676e+02	2.592539e+02	2548	6.675220e-01	7.000000e-01	
2.593557e+02	2549	1.644845e+02	3.087136e+02	2.593557e+02	2549	6.523982e-01	7.000000e-01	
2.594574e+02	2550	1.400364e+02	2.782549e+02	2.594574e+02	2550	6.652180e-01	7.000000e-01	
2.595591e+02	2551	1.522151e+02	3.055962e+02	2.595591e+02	2551	6.675156e-01	7.000000e-01	
2.596609e+02	2552	1.443512e+02	2.659495e+02	2.596609e+02	2552	6.481819e-01	7.000000e-01	
2.597626e+02	2553	1.533945e+02	2.800944e+02	2.597626e+02	2553	6.461397e-01	7.000000e-01	
2.598644e+02	2554	1.490437e+02	2.932113e+02	2.598644e+02	2554	6.629915e-01	7.000000e-01	
2.599661e+02	2555	1.524699e+02	2.797692e+02	2.599661e+02	2555	6.472557e-01	7.000000e-01	
2.600679e+02	2556	1.396444e+02	2.473377e+02	2.600679e+02	2556	6.391451e-01	7.000000e-01	
2.601696e+02	2557	9.635978e+01	2.612662e+02	2.601696e+02	2557	7.305571e-01	7.000000e-01	
2.602714e+02	2558	1.321934e+02	2.596268e+02	2.602714e+02	2558	6.626172e-01	7.000000e-01	
2.603731e+02	2559	1.234268e+02	2.716602e+02	2.603731e+02	2559	6.875959e-01	7.000000e-01	
2.604749e+02	2560	1.336118e+02	2.766951e+02	2.604749e+02	2560	6.743613e-01	7.000000e-01	
2.605766e+02	2561	1.299315e+02	2.586218e+02	2.605766e+02	2561	6.656019e-01	7.000000e-01	
2.606784e+02	2562	1.245533e+02	2.391976e+02	2.606784e+02	2562	6.575863e-01	7.000000e-01	
2.607801e+02	2563	1.388789e+02	2.427135e+02	2.607801e+02	2563	6.360543e-01	7.000000e-01	
2.608819e+02	2564	1.164458e+02	3.026868e+02	2.608819e+02	2564	7.221743e-01	7.000000e-01	
2.609836e+02	2565	1.135509e+02	2.972680e+02	2.609836e+02	2565	7.235986e-01	7.000000e-01	
2.610854e+02	2566	1.047080e+02	3.445094e+02	2.610854e+02	2566	7.669102e-01	7.000000e-01	
2.611871e+02	2567	1.146107e+02	3.180014e+02	2.611871e+02	2567	7.350728e-01	7.000000e-01	
2.612889e+02	2568	1.291797e+02	3.093400e+02	2.612889e+02	2568	7.054187e-01	7.000000e-01	
2.613906e+02	2569	1.185905e+02	2.869392e+02	2.613906e+02	2569	7.075664e-01	7.000000e-01	
2.614924e+02	2570	1.497531e+02	3.023311e+02	2.614924e+02	2570	6.687495e-01	7.000000e-01	
2.615941e+02	2571	1.292451e+02	3.109824e+02	2.615941e+02	2571	7.064129e-01	7.000000e-01	
2.616959e+02	2572	1.559039e+02	3.019132e+02	2.616959e+02	2572	6.594625e-01	7.000000e-01	
2.617976e+02	2573	1.406583e+02	3.034785e+02	2.617976e+02	2573	6.832996e-01	7.000000e-01	
2.618994e+02	2574	1.581216e+02	3.018528e+02	2.618994e+02	2574	6.562383e-01	7.000000e-01	
2.620011e+02	2575	1.495728e+02	3.032215e+02	2.620011e+02	2575	6.696672e-01	7.000000e-01	
2.621028e+02	2576	1.107517e+02	2.989142e+02	2.621028e+02	2576	7.296536e-01	7.000000e-01	
2.622046e+02	2577	1.237587e+02	3.108077e+02	2.622046e+02	2577	7.152134e-01	7.000000e-01	
2.623063e+02	2578	1.204696e+02	2.935021e+02	2.623063e+02	2578	7.089907e-01	7.000000e-01	
2.624081e+02	2579	1.306433e+02	2.795643e+02	2.624081e+02	2579	6.815191e-01	7.000000e-01	
2.625098e+02	2580	1.080657e+02	2.641138e+02	2.625098e+02	2580	7.096409e-01	7.000000e-01	
2.626116e+02	2581	1.073495e+02	2.758170e+02	2.626116e+02	2581	7.198359e-01	7.000000e-01	
2.627133e+02	2582	1.101091e+02	2.900983e+02	2.627133e+02	2582	7.248699e-01	7.000000e-01	
2.628151e+02	2583	1.134320e+02	3.122589e+02	2.628151e+02	2583	7.335344e-01	7.000000e-01	
2.629168e+02	2584	1.426895e+02	2.297405e+02	2.629168e+02	2584	6.168689e-01	7.000000e-01	
2.630186e+02	2585	1.381497e+02	2.331900e+02	2.630186e+02	2585	6.279695e-01	7.000000e-01	
2.631203e+02	2586	1.200209e+02	2.443932e+02	2.631203e+02	2586	6.706469e-01	7.000000e-01	
2.632221e+02	2587	1.342033e+02	2.308187e+02	2.632221e+02	2587	6.323419e-01	7.000000e-01	
2.633238e+02	2588	1.294654e+02	2.551322e+02	2.633238e+02	2588	6.633744e-01	7.000000e-01	
2.634256e+02	2589	1.157686e+02	2.494775e+02	2.634256e+02	2589	6.830395e-01	7.000000e-01	
2.635273e+02	2590	1.347318e+02	2.408524e+02	2.635273e+02	2590	6.412740e-01	7.000000e-01	
2.636291e+02	2591	1.354526e+02	2.290003e+02	2.636291e+02	2591	6.283399e-01	7.000000e-01	
2.637308e+02	2592	1.462241e+02	2.358247e+02	2.637308e+02	2592	6.172633e-01	7.000000e-01	
2.638326e+02	2593	1.354971e+02	2.271519e+02	2.638326e+02	2593	6.263685e-01	7.000000e-01	
2.639343e+02	2594	1.488471e+02	2.170211e+02	2.639343e+02	2594	5.931674e-01	7.000000e-01	
2.640361e+02	2595	1.428785e+02	2.611545e+02	2.640361e+02	2595	6.463692e-01	7.000000e-01	
2.641378e+02	2596	1.592509e+02	2.440795e+02	2.641378e+02	2596	6.051602e-01	7.000000e-01	
2.642396e+02	2597	1.335021e+02	2.260265e+02	2.642396e+02	2597	6.286746e-01	7.000000e-01	
2.643413e+02	2598	1.295504e+02	2.714847e+02	2.643413e+02	2598	6.769599e-01	7.000000e-01	
2.644431e+02	2599	1.212409e+02	2.752752e+02	2.644431e+02	2599	6.942346e-01	7.000000e-01	
2.645448e+02	2600	1.205456e+02	2.628110e+02	2.645448e+02	2600	6.855523e-01	7.000000e-01	
2.646465e+02	2601	1.468033e+02	2.528127e+02	2.646465e+02	2601	6.326391e-01	7.000000e-01	
2.647483e+02	2602	1.459108e+02	2.474145e+02	2.647483e+02	2602	6.290328e-01	7.000000e-01	
2.648500e+02	2603	1.145142e+02	2.405619e+02	2.648500e+02	2603	6.774939e-01	7.000000e-01	
2.649518e+02	2604	1.045072e+02	2.742452e+02	2.649518e+02	2604	7.240751e-01	7.000000e-01	
2.650535e+02	2605	1.379047e+02	2.706102e+02	2.650535e+02	2605	6.624243e-01	7.000000e-01	
2.651553e+02	2606	1.438875e+02	2.519245e+02	2.651553e+02	2606	6.364751e-01	7.000000e-01	
2.652570e+02	2607	1.220757e+02	2.638965e+02	2.652570e+02	2607	6.837189e-01	7.000000e-01	
2.653588e+02	2608	1.104801e+02	2.445985e+02	2.653588e+02	2608	6.888573e-01	7.000000e-01	
2.654605e+02	2609	1.269228e+02	2.486493e+02	2.654605e+02	2609	6.620548e-01	7.000000e-01	
2.655623e+02	2610	1.275268e+02	2.390284e+02	2.655623e+02	2610	6.520939e-01	7.000000e-01	
2.656640e+02	2611	1.106858e+02	2.378009e+02	2.656640e+02	2611	6.823816e-01	7.000000e-01	
2.657658e+02	2612	1.482011e+02	3.472681e+02	2.657658e+02	2612	7.008874e-01	7.000000e-01	
2.658675e+02	2613	1.207448e+02	2.487748e+02	2.658675e+02	2613	6.732384e-01	7.000000e-01	
2.659693e+02	2614	1.455396e+02	3.193521e+02	2.659693e+02	2614	6.869387e-01	7.000000e-01	
2.660710e+02	2615	1.335619e+02	3.710046e+02	2.660710e+02	2615	7.352938e-01	7.000000e-01	
2.661728e+02	2616	1.227639e+02	3.569763e+02	2.661728e+02	2616	7.441034e-01	7.000000e-01	
2.662745e+02	2617	1.341582e+02	3.801158e+02	2.662745e+02	2617	7.391309e-01	7.000000e-01	
2.663763e+02	2618	1.378685e+02	3.755952e+02	2.663763e+02	2618	7.314932e-01	7.000000e-01	
2.664780e+02	2619	1.228975e+02	3.905453e+02	2.664780e+02	2619	7.606403e-01	7.000000e-01	
2.665798e+02	2620	1.341629e+02	3.807027e+02	2.665798e+02	2620	7.394215e-01	7.000000e-01	
2.666815e+02	2621	1.216504e+02	3.116092e+02	2.666815e+02	2621	7.192205e-01	7.000000e-01	
2.667833e+02	2622	1.231424e+02	3.025072e+02	2.667833e+02	2622	7.106954e-01	7.000000e-01	
2.668850e+02	2623	1.252538e+02	3.366476e+02	2.668850e+02	2623	7.288300e-01	7.000000e-01	
2.669868e+02	2624	1.234344e+02	3.047847e+02	2.669868e+02	2624	7.117494e-01	7.000000e-01	
2.670885e+02	2625	1.364297e+02	3.250577e+02	2.670885e+02	2625	7.043696e-01	7.000000e-01	
2.671902e+02	2626	1.364512e+02	2.725612e+02	2.671902e+02	2626	6.663886e-01	7.000000e-01	
2.672920e+02	2627	1.287791e+02	3.146357e+02	2.672920e+02	2627	7.095742e-01	7.000000e-01	
2.673937e+02	2628	1.292070e+02	2.429815e+02	2.673937e+02	2628	6.528453e-01	7.000000e-01	
2.674955e+02	2629	1.236199e+02	2.298789e+02	2.674955e+02	2629	6.502961e-01	7.000000e-01	
2.675972e+02	2630	1.555548e+02	2.514236e+02	2.675972e+02	2630	6.177812e-01	7.000000e-01	
2.676990e+02	2631	1.271256e+02	2.493904e+02	2.676990e+02	2631	6.623634e-01	7.000000e-01	
2.678007e+02	2632	1.223482e+02	2.325516e+02	2.678007e+02	2632	6.552599e-01	7.000000e-01	
2.679025e+02	2633	1.720890e+02	2.519148e+02	2.679025e+02	2633	5.941334e-01	7.000000e-01	
2.680042e+02	2634	1.585850e+02	2.421991e+02	2.680042e+02	2634	6.043131e-01	7.000000e-01	
2.681060e+02	2635	1.591107e+02	3.364251e+02	2.681060e+02	2635	6.789118e-01	7.000000e-01	
2.682077e+02	2636	1.578788e+02	2.666330e+02	2.682077e+02	2636	6.280933e-01	7.000000e-01	
2.683095e+02	2637	1.499507e+02	2.485813e+02	2.683095e+02	2637	6.237424e-01	7.000000e-01	
2.684112e+02	2638	1.398054e+02	3.899212e+02	2.684112e+02	2638	7.360801e-01	7.000000e-01	
2.685130e+02	2639	1.654955e+02	2.465630e+02	2.685130e+02	2639	5.983689e-01	7.000000e-01	
2.686147e+02	2640	1.314788e+02	3.558305e+02	2.686147e+02	2640	7.301944e-01	7.000000e-01	
2.687165e+02	2641	1.832402e+02	3.178875e+02	2.687165e+02	2641	6.343443e-01	7.000000e-01	
2.688182e+02	2642	1.224608e+02	4.288635e+02	2.688182e+02	2642	7.778788e-01	7.000000e-01	
2.689200e+02	2643	1.609815e+02	2.778937e+02	2.689200e+02	2643	6.331953e-01	7.000000e-01	
2.690217e+02	2644	1.658558e+02	2.781527e+02	2.690217e+02	2644	6.264581e-01	7.000000e-01	
2.691235e+02	2645	1.520418e+02	2.925324e+02	2.691235e+02	2645	6.580058e-01	7.000000e-01	
2.692252e+02	2646	1.423240e+02	2.954904e+02	2.692252e+02	2646	6.749216e-01	7.000000e-01	
2.693270e+02	2647	1.548162e+02	2.718815e+02	2.693270e+02	2647	6.371759e-01	7.000000e-01	
2.694287e+02	2648	1.442353e+02	2.844407e+02	2.694287e+02	2648	6.635331e-01	7.000000e-01	
2.695305e+02	2649	1.635480e+02	2.692407e+02	2.695305e+02	2649	6.221066e-01	7.000000e-01	
2.696322e+02	2650	1.706103e+02	2.544068e+02	2.696322e+02	2650	5.985802e-01	7.000000e-01	
2.697339e+02	2651	1.713581e+02	2.754187e+02	2.697339e+02	2651	6.164570e-01	7.000000e-01	
2.698357e+02	2652	1.301501e+02	3.586495e+02	2.698357e+02	2652	7.337353e-01	7.000000e-01	
2.699374e+02	2653	1.243816e+02	3.426838e+02	2.699374e+02	2653	7.336955e-01	7.000000e-01	
2.700392e+02	2654	1.318568e+02	3.278353e+02	2.700392e+02	2654	7.131628e-01	7.000000e-01	
2.701409e+02	2655	1.389518e+02	2.999219e+02	2.701409e+02	2655	6.833900e-01	7.000000e-01	
2.702427e+02	2656	1.283002e+02	3.244257e+02	2.702427e+02	2656	7.166051e-01	7.000000e-01	
2.703444e+02	2657	1.339207e+02	3.044441e+02	2.703444e+02	2657	6.944994e-01	7.000000e-01	
2.704462e+02	2658	1.294999e+02	3.376876e+02	2.704462e+02	2658	7.228096e-01	7.000000e-01	
2.705479e+02	2659	1.508668e+02	2.901659e+02	2.705479e+02	2659	6.579238e-01	7.000000e-01	
2.706497e+02	2660	1.340663e+02	3.044299e+02	2.706497e+02	2660	6.942589e-01	7.000000e-01	
2.707514e+02	2661	1.305655e+02	3.426326e+02	2.707514e+02	2661	7.240786e-01	7.000000e-01	
2.708532e+02	2662	1.863692e+02	3.175530e+02	2.708532e+02	2662	6.301628e-01	7.000000e-01	
2.709549e+02	2663	1.336473e+02	3.041685e+02	2.709549e+02	2663	6.947408e-01	7.000000e-01	
2.710567e+02	2664	1.415439e+02	3.038381e+02	2.710567e+02	2664	6.821966e-01	7.000000e-01	
2.711584e+02	2665	1.220835e+02	2.926911e+02	2.711584e+02	2665	7.056630e-01	7.000000e-01	
2.712602e+02	2666	1.683570e+02	3.011781e+02	2.712602e+02	2666	6.414389e-01	7.000000e-01	
2.713619e+02	2667	1.063150e+02	3.217477e+02	2.713619e+02	2667	7.516369e-01	7.000000e-01	
2.714637e+02	2668	8.975130e+01	2.767995e+02	2.714637e+02	2668	7.551464e-01	7.000000e-01	
2.715654e+02	2669	1.411430e+02	2.665611e+02	2.715654e+02	2669	6.538102e-01	7.000000e-01	
2.716672e+02	2670	1.237339e+02	3.041230e+02	2.716672e+02	2670	7.108054e-01	7.000000e-01	
2.717689e+02	2671	1.854594e+02	3.058463e+02	2.717689e+02	2671	6.225173e-01	7.000000e-01	
2.718707e+02	2672	1.816063e+02	2.989449e+02	2.718707e+02	2672	6.220875e-01	7.000000e-01	
2.719724e+02	2673	1.601713e+02	2.937303e+02	2.719724e+02	2673	6.471233e-01	7.000000e-01	
2.720742e+02	2674	1.512727e+02	2.860164e+02	2.720742e+02	2674	6.540671e-01	7.000000e-01	
2.721759e+02	2675	1.889889e+02	2.757517e+02	2.721759e+02	2675	5.933454e-01	7.000000e-01	
2.722776e+02	2676	1.873213e+02	2.364117e+02	2.722776e+02	2676	5.579261e-01	7.000000e-01	
2.723794e+02	2677	1.843172e+02	2.923754e+02	2.723794e+02	2677	6.133416e-01	7.000000e-01	
2.724811e+02	2678	1.931602e+02	2.538311e+02	2.724811e+02	2678	5.678659e-01	7.000000e-01	
2.725829e+02	2679	1.905645e+02	2.468824e+02	2.725829e+02	2679	5.643711e-01	7.000000e-01	
2.726846e+02	2680	1.972898e+02	2.678916e+02	2.726846e+02	2680	5.758863e-01	7.000000e-01	
2.727864e+02	2681	1.918328e+02	2.625944e+02	2.727864e+02	2681	5.778580e-01	7.000000e-01	
2.728881e+02	2682	1.965722e+02	2.673874e+02	2.728881e+02	2682	5.763161e-01	7.000000e-01	
2.729899e+02	2683	1.511999e+02	1.946011e+02	2.729899e+02	2683	5.627546e-01	7.000000e-01	
2.730916e+02	2684	1.822208e+02	2.394540e+02	2.730916e+02	2684	5.678641e-01	7.000000e-01	
2.731934e+02	2685	1.613010e+02	2.229858e+02	2.731934e+02	2685	5.802588e-01	7.000000e-01	
2.732951e+02	2686	1.735141e+02	2.023132e+02	2.732951e+02	2686	5.383143e-01	7.000000e-01	
2.733969e+02	2687	1.875362e+02	2.202486e+02	2.733969e+02	2687	5.401099e-01	7.000000e-01	
2.734986e+02	2688	1.477717e+02	2.940808e+02	2.734986e+02	2688	6.655633e-01	7.000000e-01	
2.736004e+02	2689	1.649635e+02	2.595803e+02	2.736004e+02	2689	6.114335e-01	7.000000e-01	
2.737021e+02	2690	1.491345e+02	2.578591e+02	2.737021e+02	2690	6.335704e-01	7.000000e-01	
2.738039e+02	2691	1.475306e+02	2.945134e+02	2.738039e+02	2691	6.662536e-01	7.000000e-01	
2.739056e+02	2692	1.494106e+02	2.137927e+02	2.739056e+02	2692	5.886309e-01	7.000000e-01	
2.740074e+02	2693	1.690814e+02	2.465907e+02	2.740074e+02	2693	5.932337e-01	7.000000e-01	
2.741091e+02	2694	1.611696e+02	2.617572e+02	2.741091e+02	2694	6.189185e-01	7.000000e-01	
2.742109e+02	2695	1.652443e+02	2.293187e+02	2.742109e+02	2695	5.811967e-01	7.000000e-01	
2.743126e+02	2696	1.631807e+02	2.573081e+02	2.743126e+02	2696	6.119262e-01	7.000000e-01	
2.744144e+02	2697	1.914330e+02	2.835320e+02	2.744144e+02	2697	5.969535e-01	7.000000e-01	
2.745161e+02	2698	1.655296e+02	2.354375e+02	2.745161e+02	2698	5.871741e-01	7.000000e-01	
2.746179e+02	2699	1.827487e+02	2.826956e+02	2.746179e+02	2699	6.073672e-01	7.000000e-01	
2.747196e+02	2700	1.813203e+02	2.958270e+02	2.747196e+02	2700	6.199909e-01	7.000000e-01	
2.748213e+02	2701	1.801810e+02	2.730397e+02	2.748213e+02	2701	6.024431e-01	7.000000e-01	
2.749231e+02	2702	1.910037e+02	2.676711e+02	2.749231e+02	2702	5.835749e-01	7.000000e-01	
2.750248e+02	2703	1.827488e+02	2.430181e+02	2.750248e+02	2703	5.707773e-01	7.000000e-01	
2.751266e+02	2704	1.770656e+02	2.365253e+02	2.751266e+02	2704	5.718823e-01	7.000000e-01	
2.752283e+02	2705	1.866393e+02	2.666448e+02	2.752283e+02	2705	5.882509e-01	7.000000e-01	
2.753301e+02	2706	1.797927e+02	2.823931e+02	2.753301e+02	2706	6.109948e-01	7.000000e-01	
2.754318e+02	2707	2.057882e+02	2.214329e+02	2.754318e+02	2707	5.183098e-01	7.000000e-01	
2.755336e+02	2708	1.555358e+02	2.540456e+02	2.755336e+02	2708	6.202567e-01	7.000000e-01	
2.756353e+02	2709	1.934811e+02	2.159479e+02	2.756353e+02	2709	5.274367e-01	7.000000e-01	
2.757371e+02	2710	1.961411e+02	2.120566e+02	2.757371e+02	2710	5.194948e-01	7.000000e-01	
2.758388e+02	2711	1.955573e+02	2.254156e+02	2.758388e+02	2711	5.354634e-01	7.000000e-01	
2.759406e+02	2712	2.137967e+02	2.334541e+02	2.759406e+02	2712	5.219758e-01	7.000000e-01	
2.760423e+02	2713	1.852375e+02	2.370359e+02	2.760423e+02	2713	5.613328e-01	7.000000e-01	
2.761441e+02	2714	1.956770e+02	2.343434e+02	2.761441e+02	2714	5.449588e-01	7.000000e-01	
2.762458e+02	2715	1.956925e+02	2.214222e+02	2.762458e+02	2715	5.308425e-01	7.000000e-01	
2.763476e+02	2716	1.814867e+02	2.187595e+02	2.763476e+02	2716	5.465623e-01	7.000000e-01	
2.764493e+02	2717	1.977546e+02	2.161224e+02	2.764493e+02	2717	5.221899e-01	7.000000e-01	
2.765511e+02	2718	1.827340e+02	2.286001e+02	2.765511e+02	2718	5.557529e-01	7.000000e-01	
2.766528e+02	2719	1.640639e+02	1.981237e+02	2.766528e+02	2719	5.470196e-01	7.000000e-01	
2.767546e+02	2720	1.452626e+02	1.977941e+02	2.767546e+02	2720	5.765639e-01	7.000000e-01	
2.768563e+02	2721	1.620186e+02	2.043873e+02	2.768563e+02	2721	5.578166e-01	7.000000e-01	
2.769581e+02	2722	1.569376e+02	1.751306e+02	2.769581e+02	2722	5.273935e-01	7.000000e-01	
2.770598e+02	2723	1.826340e+02	2.274669e+02	2.770598e+02	2723	5.546608e-01	7.000000e-01	
2.771616e+02	2724	1.927128e+02	2.295572e+02	2.771616e+02	2724	5.436266e-01	7.000000e-01	
2.772633e+02	2725	1.845107e+02	2.318241e+02	2.772633e+02	2725	5.568213e-01	7.000000e-01	
2.773650e+02	2726	1.985055e+02	2.287530e+02	2.773650e+02	2726	5.353972e-01	7.000000e-01	
2.774668e+02	2727	1.923922e+02	2.351200e+02	2.774668e+02	2727	5.499726e-01	7.000000e-01	
2.775685e+02	2728	2.128341e+02	2.355383e+02	2.775685e+02	2728	5.253185e-01	7.000000e-01	
2.776703e+02	2729	1.815873e+02	2.517484e+02	2.776703e+02	2729	5.809547e-01	7.000000e-01	
2.777720e+02	2730	2.479649e+02	2.317382e+02	2.777720e+02	2730	4.830867e-01	7.000000e-01	
2.778738e+02	2731	2.086314e+02	2.445471e+02	2.778738e+02	2731	5.396264e-01	7.000000e-01	
2.779755e+02	2732	1.810086e+02	2.437705e+02	2.779755e+02	2732	5.738759e-01	7.000000e-01	
2.780773e+02	2733	1.975384e+02	2.490095e+02	2.780773e+02	2733	5.576322e-01	7.000000e-01	
2.781790e+02	2734	2.139594e+02	2.373331e+02	2.781790e+02	2734	5.258964e-01	7.000000e-01	
2.782808e+02	2735	1.808912e+02	2.437202e+02	2.782808e+02	2735	5.739841e-01	7.000000e-01	
2.783825e+02	2736	1.162821e+02	2.552630e+02	2.783825e+02	2736	6.870310e-01	7.000000e-01	
2.784843e+02	2737	1.165706e+02	2.550614e+02	2.784843e+02	2737	6.863279e-01	7.000000e-01	
2.785860e+02	2738	1.359019e+02	2.546555e+02	2.785860e+02	2738	6.520309e-01	7.000000e-01	
2.786878e+02	2739	1.346393e+02	2.769754e+02	2.786878e+02	2739	6.728997e-01	7.000000e-01	
2.787895e+02	2740	1.484017e+02	2.612497e+02	2.787895e+02	2740	6.377366e-01	7.000000e-01	
2.788913e+02	2741	1.340536e+02	2.643943e+02	2.788913e+02	2741	6.635605e-01	7.000000e-01	
2.789930e+02	2742	1.114736e+02	2.637464e+02	2.789930e+02	2742	7.029114e-01	7.000000e-01	
2.790948e+02	2743	1.215916e+02	2.525645e+02	2.790948e+02	2743	6.750244e-01	7.000000e-01	
2.791965e+02	2744	1.111944e+02	3.088199e+02	2.791965e+02	2744	7.352604e-01	7.000000e-01	
2.792983e+02	2745	1.245992e+02	2.685459e+02	2.792983e+02	2745	6.830707e-01	7.000000e-01	
2.794000e+02	2746	1.164668e+02	2.549641e+02	2.794000e+02	2746	6.864375e-01	7.000000e-01	
2.795018e+02	2747	1.010447e+02	2.506813e+02	2.795018e+02	2747	7.127176e-01	7.000000e-01	
2.796035e+02	2748	1.158225e+02	2.760597e+02	2.796035e+02	2748	7.044456e-01	7.000000e-01	
2.797053e+02	2749	1.147707e+02	2.854481e+02	2.797053e+02	2749	7.132301e-01	7.000000e-01	
2.798070e+02	2750	1.057877e+02	3.026047e+02	2.798070e+02	2750	7.409656e-01	7.000000e-01	
2.799087e+02	2751	1.154916e+02	3.428450e+02	2.799087e+02	2751	7.480201e-01	7.000000e-01	
2.800105e+02	2752	1.441413e+02	2.824220e+02	2.800105e+02	2752	6.620870e-01	7.000000e-01	
2.801122e+02	2753	1.254277e+02	2.819211e+02	2.801122e+02	2753	6.920877e-01	7.000000e-01	
2.802140e+02	2754	1.159102e+02	3.044699e+02	2.802140e+02	2754	7.242729e-01	7.000000e-01	
2.803157e+02	2755	1.582603e+02	2.606380e+02	2.803157e+02	2755	6.221988e-01	7.000000e-01	
2.804175e+02	2756	1.517376e+02	2.774499e+02	2.804175e+02	2756	6.464538e-01	7.000000e-01	
2.805192e+02	2757	1.275730e+02	2.744947e+02	2.805192e+02	2757	6.827077e-01	7.000000e-01	
2.806210e+02	2758	1.780603e+02	2.611211e+02	2.806210e+02	2758	5.945632e-01	7.000000e-01	
2.807227e+02	2759	1.730284e+02	2.397645e+02	2.807227e+02	2759	5.808348e-01	7.000000e-01	
2.808245e+02	2760	1.842011e+02	2.852976e+02	2.808245e+02	2760	6.076643e-01	7.000000e-01	
2.809262e+02	2761	1.758052e+02	2.424463e+02	2.809262e+02	2761	5.796663e-01	7.000000e-01	
2.810280e+02	2762	1.821480e+02	2.440138e+02	2.810280e+02	2762	5.725849e-01	7.000000e-01	
2.811297e+02	2763	1.789729e+02	2.091237e+02	2.811297e+02	2763	5.388445e-01	7.000000e-01	
2.812315e+02	2764	1.547058e+02	2.544037e+02	2.812315e+02	2764	6.218475e-01	7.000000e-01	
2.813332e+02	2765	1.731013e+02	2.439913e+02	2.813332e+02	2765	5.849811e-01	7.000000e-01	
2.814350e+02	2766	1.853646e+02	2.389412e+02	2.814350e+02	2766	5.631344e-01	7.000000e-01	
2.815367e+02	2767	1.459174e+02	2.939469e+02	2.815367e+02	2767	6.682672e-01	7.000000e-01	
2.816385e+02	2768	1.700690e+02	2.377142e+02	2.816385e+02	2768	5.829426e-01	7.000000e-01	
2.817402e+02	2769	1.273925e+02	2.609116e+02	2.817402e+02	2769	6.719259e-01	7.000000e-01	
2.818420e+02	2770	1.572327e+02	2.871623e+02	2.818420e+02	2770	6.461871e-01	7.000000e-01	
2.819437e+02	2771	1.195862e+02	2.878512e+02	2.819437e+02	2771	7.064918e-01	7.000000e-01	
2.820455e+02	2772	1.556823e+02	2.840419e+02	2.820455e+02	2772	6.459547e-01	7.000000e-01	
2.821472e+02	2773	1.698339e+02	3.165234e+02	2.821472e+02	2773	6.508043e-01	7.000000e-01	
2.822490e+02	2774	1.546902e+02	2.802689e+02	2.822490e+02	2774	6.443569e-01	7.000000e-01	
2.823507e+02	2775	1.669230e+02	2.774818e+02	2.823507e+02	2775	6.243897e-01	7.000000e-01	
2.824524e+02	2776	1.691995e+02	3.157131e+02	2.824524e+02	2776	6.510722e-01	7.000000e-01	
2.825542e+02	2777	1.637179e+02	3.480712e+02	2.825542e+02	2777	6.801067e-01	7.000000e-01	
2.826559e+02	2778	1.704510e+02	2.142082e+02	2.826559e+02	2778	5.568779e-01	7.000000e-01	
2.827577e+02	2779	1.688936e+02	2.290057e+02	2.827577e+02	2779	5.755368e-01	7.000000e-01	
2.828594e+02	2780	1.618029e+02	2.189979e+02	2.828594e+02	2780	5.750983e-01	7.000000e-01	
2.829612e+02	2781	1.762807e+02	2.138678e+02	2.829612e+02	2781	5.481702e-01	7.000000e-01	
2.830629e+02	2782	1.559555e+02	2.744448e+02	2.830629e+02	2782	6.376501e-01	7.000000e-01	
2.831647e+02	2783	1.671137e+02	2.727415e+02	2.831647e+02	2783	6.200711e-01	7.000000e-01	
2.832664e+02	2784	1.660585e+02	2.187028e+02	2.832664e+02	2784	5.684116e-01	7.000000e-01	
2.833682e+02	2785	1.731227e+02	2.258324e+02	2.833682e+02	2785	5.660597e-01	7.000000e-01	
2.834699e+02	2786	1.811384e+02	2.606616e+02	2.834699e+02	2786	5.899991e-01	7.000000e-01	
2.835717e+02	2787	1.762571e+02	3.322397e+02	2.835717e+02	2787	6.533762e-01	7.000000e-01	
2.836734e+02	2788	1.230413e+02	2.415705e+02	2.836734e+02	2788	6.625416e-01	7.000000e-01	
2.837752e+02	2789	1.783503e+02	2.689937e+02	2.837752e+02	2789	6.013129e-01	7.000000e-01	
2.838769e+02	2790	1.409213e+02	2.411237e+02	2.838769e+02	2790	6.311395e-01	7.000000e-01	
2.839787e+02	2791	1.457849e+02	2.314338e+02	2.839787e+02	2791	6.135268e-01	7.000000e-01	
2.840804e+02	2792	1.514823e+02	2.552996e+02	2.840804e+02	2792	6.276081e-01	7.000000e-01	
2.841822e+02	2793	1.514043e+02	2.552922e+02	2.841822e+02	2793	6.277217e-01	7.000000e-01	
2.842839e+02	2794	1.358938e+02	2.371867e+02	2.842839e+02	2794	6.357521e-01	7.000000e-01	
2.843857e+02	2795	1.189118e+02	2.174228e+02	2.843857e+02	2795	6.464479e-01	7.000000e-01	
2.844874e+02	2796	1.303084e+02	2.420398e+02	2.844874e+02	2796	6.500362e-01	7.000000e-01	
2.845892e+02	2797	1.217100e+02	2.695424e+02	2.845892e+02	2797	6.889220e-01	7.000000e-01	
2.846909e+02	2798	1.516301e+02	2.299392e+02	2.846909e+02	2798	6.026145e-01	7.000000e-01	
2.847927e+02	2799	1.669372e+02	2.357422e+02	2.847927e+02	2799	5.854340e-01	7.000000e-01	
2.848944e+02	2800	1.653680e+02	2.178784e+02	2.848944e+02	2800	5.685074e-01	7.000000e-01	
2.849961e+02	2801	1.613876e+02	2.381203e+02	2.849961e+02	2801	5.960340e-01	7.000000e-01	
2.850979e+02	2802	1.705744e+02	2.265962e+02	2.850979e+02	2802	5.705261e-01	7.000000e-01	
2.851996e+02	2803	1.458126e+02	2.649851e+02	2.851996e+02	2803	6.450501e-01	7.000000e-01	
2.853014e+02	2804	1.383766e+02	2.473065e+02	2.853014e+02	2804	6.412168e-01	7.000000e-01	
2.854031e+02	2805	1.984361e+02	2.201355e+02	2.854031e+02	2805	5.259208e-01	7.000000e-01	
2.855049e+02	2806	1.764171e+02	2.257123e+02	2.855049e+02	2806	5.612927e-01	7.000000e-01	
2.856066e+02	2807	1.730388e+02	2.533254e+02	2.856066e+02	2807	5.941526e-01	7.000000e-01	
2.857084e+02	2808	1.715661e+02	2.341696e+02	2.857084e+02	2808	5.771481e-01	7.000000e-01	
2.858101e+02	2809	1.986901e+02	2.137565e+02	2.858101e+02	2809	5.182647e-01	7.000000e-01	
2.859119e+02	2810	1.618461e+02	2.028070e+02	2.859119e+02	2810	5.561642e-01	7.000000e-01	
2.860136e+02	2811	1.944385e+02	2.168659e+02	2.860136e+02	2811	5.272637e-01	7.000000e-01	
2.861154e+02	2812	1.538202e+02	2.790112e+02	2.861154e+02	2812	6.446187e-01	7.000000e-01	
2.862171e+02	2813	1.684781e+02	2.568968e+02	2.862171e+02	2813	6.039303e-01	7.000000e-01	
2.863189e+02	2814	1.634911e+02	2.558920e+02	2.863189e+02	2814	6.101629e-01	7.000000e-01	
2.864206e+02	2815	1.680297e+02	2.400398e+02	2.864206e+02	2815	5.882326e-01	7.000000e-01	
2.865224e+02	2816	1.559831e+02	2.561340e+02	2.865224e+02	2816	6.215078e-01	7.000000e-01	
2.866241e+02	2817	1.669128e+02	2.293815e+02	2.866241e+02	2817	5.788160e-01	7.000000e-01	
2.867259e+02	2818	1.554779e+02	2.745261e+02	2.867259e+02	2818	6.384269e-01	7.000000e-01	
2.868276e+02	2819	1.725716e+02	2.506296e+02	2.868276e+02	2819	5.922233e-01	7.000000e-01	
2.869294e+02	2820	1.566650e+02	2.339389e+02	2.869294e+02	2820	5.989159e-01	7.000000e-01	
2.870311e+02	2821	1.602326e+02	2.624307e+02	2.870311e+02	2821	6.208978e-01	7.000000e-01	
2.871329e+02	2822	1.511383e+02	2.530391e+02	2.871329e+02	2822	6.260595e-01	7.000000e-01	
2.872346e+02	2823	1.992227e+02	2.134018e+02	2.872346e+02	2823	5.171816e-01	7.000000e-01	
2.873364e+02	2824	1.648650e+02	2.327147e+02	2.873364e+02	2824	5.853284e-01	7.000000e-01	
2.874381e+02	2825	1.249873e+02	2.582430e+02	2.874381e+02	2825	6.738585e-01	7.000000e-01	
2.875398e+02	2826	1.480743e+02	2.696334e+02	2.875398e+02	2826	6.455074e-01	7.000000e-01	
2.876416e+02	2827	1.347915e+02	2.838680e+02	2.876416e+02	2827	6.780403e-01	7.000000e-01	
2.877433e+02	2828	1.335669e+02	2.781221e+02	2.877433e+02	2828	6.755636e-01	7.000000e-01	
2.878451e+02	2829	1.685226e+02	2.796159e+02	2.878451e+02	2829	6.239497e-01	7.000000e-01	
2.879468e+02	2830	1.545650e+02	2.468384e+02	2.879468e+02	2830	6.149385e-01	7.000000e-01	
2.880486e+02	2831	1.748350e+02	2.869957e+02	2.880486e+02	2831	6.214305e-01	7.000000e-01	
2.881503e+02	2832	1.688097e+02	2.960388e+02	2.881503e+02	2832	6.368501e-01	7.000000e-01	
2.882521e+02	2833	1.346715e+02	2.737785e+02	2.882521e+02	2833	6.702864e-01	7.000000e-01	
2.883538e+02	2834	1.564932e+02	2.957500e+02	2.883538e+02	2834	6.539623e-01	7.000000e-01	
2.884556e+02	2835	1.598850e+02	2.826417e+02	2.884556e+02	2835	6.386998e-01	7.000000e-01	
2.885573e+02	2836	1.600201e+02	2.783559e+02	2.885573e+02	2836	6.349707e-01	7.000000e-01	
2.886591e+02	2837	1.575319e+02	2.769961e+02	2.886591e+02	2837	6.374643e-01	7.000000e-01	
2.887608e+02	2838	1.721171e+02	2.902430e+02	2.887608e+02	2838	6.277423e-01	7.000000e-01	
2.888626e+02	2839	1.582438e+02	2.883073e+02	2.888626e+02	2839	6.456311e-01	7.000000e-01	
2.889643e+02	2840	1.404825e+02	3.232543e+02	2.889643e+02	2840	6.970642e-01	7.000000e-01	
2.890661e+02	2841	1.869956e+02	2.519036e+02	2.890661e+02	2841	5.739441e-01	7.000000e-01	
2.891678e+02	2842	1.561032e+02	2.793644e+02	2.891678e+02	2842	6.415274e-01	7.000000e-01	
2.892696e+02	2843	1.616948e+02	2.585371e+02	2.892696e+02	2843	6.152248e-01	7.000000e-01	
2.893713e+02	2844	1.502178e+02	2.637269e+02	2.893713e+02	2844	6.371066e-01	7.000000e-01	
2.894731e+02	2845	1.485933e+02	2.710888e+02	2.894731e+02	2845	6.459384e-01	7.000000e-01	
2.895748e+02	2846	1.542689e+02	2.740091e+02	2.895748e+02	2846	6.397926e-01	7.000000e-01	
2.896766e+02	2847	1.607751e+02	2.678762e+02	2.896766e+02	2847	6.249280e-01	7.000000e-01	
2.897783e+02	2848	1.635099e+02	2.637413e+02	2.897783e+02	2848	6.172980e-01	7.000000e-01	
2.898801e+02	2849	1.508969e+02	2.714115e+02	2.898801e+02	2849	6.426855e-01	7.000000e-01	
2.899818e+02	2850	1.468736e+02	2.699355e+02	2.899818e+02	2850	6.476238e-01	7.000000e-01	
2.900835e+02	2851	1.598518e+02	2.267190e+02	2.900835e+02	2851	5.864876e-01	7.000000e-01	
2.901853e+02	2852	2.025119e+02	2.305323e+02	2.901853e+02	2852	5.323528e-01	7.000000e-01	
2.902870e+02	2853	1.679339e+02	2.302725e+02	2.902870e+02	2853	5.782742e-01	7.000000e-01	
2.903888e+02	2854	1.708503e+02	2.250866e+02	2.903888e+02	2854	5.684911e-01	7.000000e-01	
2.904905e+02	2855	1.926135e+02	2.332200e+02	2.904905e+02	2855	5.476788e-01	7.000000e-01	
2.905923e+02	2856	1.633272e+02	2.322861e+02	2.905923e+02	2856	5.871544e-01	7.000000e-01	
2.906940e+02	2857	1.791365e+02	2.660370e+02	2.906940e+02	2857	5.976030e-01	7.000000e-01	
2.907958e+02	2858	1.739409e+02	2.422086e+02	2.907958e+02	2858	5.820230e-01	7.000000e-01	
2.908975e+02	2859	2.061549e+02	2.667138e+02	2.908975e+02	2859	5.640335e-01	7.000000e-01	
2.909993e+02	2860	1.995632e+02	2.979675e+02	2.909993e+02	2860	5.988927e-01	7.000000e-01	
2.911010e+02	2861	1.806383e+02	2.405782e+02	2.911010e+02	2861	5.711509e-01	7.000000e-01	
2.912028e+02	2862	1.581912e+02	2.649896e+02	2.912028e+02	2862	6.261853e-01	7.000000e-01	
2.913045e+02	2863	1.301026e+02	2.782419e+02	2.913045e+02	2863	6.813901e-01	7.000000e-01	
2.914063e+02	2864	1.716743e+02	2.812628e+02	2.914063e+02	2864	6.209754e-01	7.000000e-01	
2.915080e+02	2865	1.685826e+02	2.540503e+02	2.915080e+02	2865	6.011134e-01	7.000000e-01	
2.916098e+02	2866	1.351993e+02	3.066457e+02	2.916098e+02	2866	6.940119e-01	7.000000e-01	
2.917115e+02	2867	1.600342e+02	2.726474e+02	2.917115e+02	2867	6.301340e-01	7.000000e-01	
2.918133e+02	2868	1.965887e+02	2.555485e+02	2.918133e+02	2868	5.652012e-01	7.000000e-01	
2.919150e+02	2869	1.920103e+02	2.691650e+02	2.919150e+02	2869	5.836501e-01	7.000000e-01	
2.920168e+02	2870	1.961767e+02	2.136163e+02	2.920168e+02	2870	5.212785e-01	7.000000e-01	
2.921185e+02	2871	1.678260e+02	2.484732e+02	2.921185e+02	2871	5.968621e-01	7.000000e-01	
2.922203e+02	2872	1.951676e+02	2.792096e+02	2.922203e+02	2872	5.885814e-01	7.000000e-01	
2.923220e+02	2873	1.985138e+02	2.279838e+02	2.923220e+02	2873	5.345488e-01	7.000000e-01	
2.924238e+02	2874	1.954882e+02	2.731637e+02	2.924238e+02	2874	5.828712e-01	7.000000e-01	
2.925255e+02	2875	2.005035e+02	2.730221e+02	2.925255e+02	2875	5.765731e-01	7.000000e-01	
2.926272e+02	2876	1.796716e+02	2.590527e+02	2.926272e+02	2876	5.904681e-01	7.000000e-01	
2.927290e+02	2877	2.415245e+02	2.951936e+02	2.927290e+02	2877	5.499975e-01	7.000000e-01	
2.928307e+02	2878	2.034868e+02	2.793866e+02	2.928307e+02	2878	5.785918e-01	7.000000e-01	
2.929325e+02	2879	1.757742e+02	2.404849e+02	2.929325e+02	2879	5.777289e-01	7.000000e-01	
2.930342e+02	2880	1.590632e+02	2.337883e+02	2.930342e+02	2880	5.951060e-01	7.000000e-01	
2.931360e+02	2881	1.885980e+02	2.713791e+02	2.931360e+02	2881	5.899839e-01	7.000000e-01	
2.932377e+02	2882	1.667130e+02	2.581674e+02	2.932377e+02	2882	6.076237e-01	7.000000e-01	
2.933395e+02	2883	1.841024e+02	2.376091e+02	2.933395e+02	2883	5.634399e-01	7.000000e-01	
2.934412e+02	2884	1.691742e+02	2.135927e+02	2.934412e+02	2884	5.580229e-01	7.000000e-01	
2.935430e+02	2885	1.614885e+02	2.101896e+02	2.935430e+02	2885	5.655152e-01	7.000000e-01	
2.936447e+02	2886	1.740852e+02	2.385569e+02	2.936447e+02	2886	5.781206e-01	7.000000e-01	
2.937465e+02	2887	1.806885e+02	2.394672e+02	2.937465e+02	2887	5.699487e-01	7.000000e-01	
2.938482e+02	2888	1.759483e+02	2.317068e+02	2.938482e+02	2888	5.683893e-01	7.000000e-01	
2.939500e+02	2889	1.880860e+02	2.539406e+02	2.939500e+02	2889	5.744917e-01	7.000000e-01	
2.940517e+02	2890	1.772972e+02	2.624109e+02	2.940517e+02	2890	5.967843e-01	7.000000e-01	
2.941535e+02	2891	1.857136e+02	2.520884e+02	2.941535e+02	2891	5.758046e-01	7.000000e-01	
2.942552e+02	2892	1.827592e+02	2.361503e+02	2.942552e+02	2892	5.637263e-01	7.000000e-01	
2.943570e+02	2893	1.714927e+02	2.202626e+02	2.943570e+02	2893	5.622454e-01	7.000000e-01	
2.944587e+02	2894	1.790759e+02	2.402938e+02	2.944587e+02	2894	5.729880e-01	7.000000e-01	
2.945605e+02	2895	1.977108e+02	2.361422e+02	2.945605e+02	2895	5.442908e-01	7.000000e-01	
2.946622e+02	2896	1.981707e+02	2.505755e+02	2.946622e+02	2896	5.583902e-01	7.000000e-01	
2.947640e+02	2897	1.859688e+02	2.548491e+02	2.947640e+02	2897	5.781278e-01	7.000000e-01	
2.948657e+02	2898	1.851424e+02	2.471214e+02	2.948657e+02	2898	5.716912e-01	7.000000e-01	
2.949675e+02	2899	1.704164e+02	2.769475e+02	2.949675e+02	2899	6.190654e-01	7.000000e-01	
2.950692e+02	2900	1.664103e+02	2.741823e+02	2.950692e+02	2900	6.223035e-01	7.000000e-01	
2.951709e+02	2901	1.953669e+02	2.536475e+02	2.951709e+02	2901	5.648984e-01	7.000000e-01	
2.952727e+02	2902	1.936865e+02	2.668864e+02	2.952727e+02	2902	5.794661e-01	7.000000e-01	
2.953744e+02	2903	1.837456e+02	2.605882e+02	2.953744e+02	2903	5.864695e-01	7.000000e-01	
2.954762e+02	2904	1.467889e+02	2.843106e+02	2.954762e+02	2904	6.595011e-01	7.000000e-01	
2.955779e+02	2905	1.031379e+02	2.628069e+02	2.955779e+02	2905	7.181600e-01	7.000000e-01	
2.956797e+02	2906	1.440626e+02	2.986220e+02	2.956797e+02	2906	6.745706e-01	7.000000e-01	
2.957814e+02	2907	9.864412e+01	2.746579e+02	2.957814e+02	2907	7.357525e-01	7.000000e-01	
2.958832e+02	2908	1.031499e+02	2.628079e+02	2.958832e+02	2908	7.181372e-01	7.000000e-01	
2.959849e+02	2909	1.511898e+02	2.800995e+02	2.959849e+02	2909	6.494469e-01	7.000000e-01	
2.960867e+02	2910	1.445267e+02	3.009079e+02	2.960867e+02	2910	6.755378e-01	7.000000e-01	
2.961884e+02	2911	1.671773e+02	2.611574e+02	2.961884e+02	2911	6.097040e-01	7.000000e-01	
2.962902e+02	2912	1.377033e+02	2.829738e+02	2.962902e+02	2912	6.726627e-01	7.000000e-01	
2.963919e+02	2913	1.593225e+02	2.604236e+02	2.963919e+02	2913	6.204313e-01	7.000000e-01	
2.964937e+02	2914	1.686167e+02	2.689346e+02	2.964937e+02	2914	6.146356e-01	7.000000e-01	
2.965954e+02	2915	1.660908e+02	2.267849e+02	2.965954e+02	2915	5.772434e-01	7.000000e-01	
2.966972e+02	2916	1.637305e+02	2.761809e+02	2.966972e+02	2916	6.278103e-01	7.000000e-01	
2.967989e+02	2917	1.620073e+02	2.884369e+02	2.967989e+02	2917	6.403388e-01	7.000000e-01	
2.969007e+02	2918	1.811180e+02	2.146908e+02	2.969007e+02	2918	5.424104e-01	7.000000e-01	
2.970024e+02	2919	1.767524e+02	1.812023e+02	2.970024e+02	2919	5.062157e-01	7.000000e-01	
2.971042e+02	2920	2.062787e+02	2.061594e+02	2.971042e+02	2920	4.998554e-01	0	
2.972059e+02	2921	1.969598e+02	1.824130e+02	2.972059e+02	2921	4.808278e-01	0	
2.973077e+02	2922	1.789504e+02	2.257984e+02	2.973077e+02	2922	5.578729e-01	0	
2.974094e+02	2923	2.248562e+02	2.028980e+02	2.974094e+02	2923	4.743332e-01	0	
2.975112e+02	2924	1.952778e+02	2.018828e+02	2.975112e+02	2924	5.083153e-01	7.000000e-01	
2.976129e+02	2925	2.208497e+02	2.229612e+02	2.976129e+02	2925	5.023788e-01	7.000000e-01	
2.977146e+02	2926	2.281961e+02	2.063325e+02	2.977146e+02	2926	4.748422e-01	0	
2.978164e+02	2927	2.120811e+02	2.081060e+02	2.978164e+02	2927	4.952698e-01	0	
2.979181e+02	2928	2.173874e+02	2.557688e+02	2.979181e+02	2928	5.405589e-01	0	
2.980199e+02	2929	2.245038e+02	1.975742e+02	2.980199e+02	2929	4.680988e-01	0	
2.981216e+02	2930	2.053143e+02	2.057270e+02	2.981216e+02	2930	5.005020e-01	7.000000e-01	
2.982234e+02	2931	2.218163e+02	2.248498e+02	2.982234e+02	2931	5.033957e-01	7.000000e-01	
2.983251e+02	2932	2.433517e+02	2.344363e+02	2.983251e+02	2932	4.906701e-01	7.000000e-01	
2.984269e+02	2933	1.955900e+02	2.986433e+02	2.984269e+02	2933	6.042557e-01	7.000000e-01	
2.985286e+02	2934	2.040503e+02	2.473626e+02	2.985286e+02	2934	5.479741e-01	7.000000e-01	
2.986304e+02	2935	2.241313e+02	2.520725e+02	2.986304e+02	2935	5.293374e-01	7.000000e-01	
2.987321e+02	2936	2.179742e+02	2.459556e+02	2.987321e+02	2936	5.301569e-01	7.000000e-01	
2.988339e+02	2937	1.438107e+02	2.513112e+02	2.988339e+02	2937	6.360346e-01	7.000000e-01	
2.989356e+02	2938	1.472918e+02	2.623875e+02	2.989356e+02	2938	6.404705e-01	7.000000e-01	
2.990374e+02	2939	1.406544e+02	2.714045e+02	2.990374e+02	2939	6.586546e-01	7.000000e-01	
2.991391e+02	2940	1.469062e+02	2.496594e+02	2.991391e+02	2940	6.295538e-01	7.000000e-01	
2.992409e+02	2941	1.366049e+02	2.793696e+02	2.992409e+02	2941	6.716027e-01	7.000000e-01	
2.993426e+02	2942	1.576243e+02	2.825726e+02	2.993426e+02	2942	6.419232e-01	7.000000e-01	
2.994444e+02	2943	1.675564e+02	2.732107e+02	2.994444e+02	2943	6.198528e-01	7.000000e-01	
2.995461e+02	2944	1.247583e+02	2.283877e+02	2.995461e+02	2944	6.467232e-01	7.000000e-01	
2.996479e+02	2945	1.199642e+02	2.469453e+02	2.996479e+02	2945	6.730414e-01	7.000000e-01	
2.997496e+02	2946	1.177143e+02	2.604157e+02	2.997496e+02	2946	6.886936e-01	7.000000e-01	
2.998514e+02	2947	1.478538e+02	1.944630e+02	2.998514e+02	2947	5.680790e-01	7.000000e-01	
2.999531e+02	2948	1.297301e+02	2.747169e+02	2.999531e+02	2948	6.792408e-01	7.000000e-01	
3.000549e+02	2949	1.274664e+02	2.473945e+02	3.000549e+02	2949	6.599635e-01	7.000000e-01	
3.001566e+02	2950	1.294113e+02	2.756375e+02	3.001566e+02	2950	6.805044e-01	7.000000e-01	
3.002583e+02	2951	1.361420e+02	2.787128e+02	3.002583e+02	2951	6.718322e-01	7.000000e-01	
3.003601e+02	2952	1.271432e+02	2.849987e+02	3.003601e+02	2952	6.915063e-01	7.000000e-01	
3.004618e+02	2953	1.280758e+02	2.527130e+02	3.004618e+02	2953	6.636566e-01	7.000000e-01	
3.005636e+02	2954	1.292479e+02	2.709141e+02	3.005636e+02	2954	6.770111e-01	7.000000e-01	
3.006653e+02	2955	1.366352e+02	2.840569e+02	3.006653e+02	2955	6.752133e-01	7.000000e-01	
3.007671e+02	2956	1.255692e+02	2.748942e+02	3.007671e+02	2956	6.864403e-01	7.000000e-01	
3.008688e+02	2957	1.223746e+02	2.765401e+02	3.008688e+02	2957	6.932312e-01	7.000000e-01	
3.009706e+02	2958	1.910080e+02	2.354312e+02	3.009706e+02	2958	5.520862e-01	7.000000e-01	
3.010723e+02	2959	1.332907e+02	2.892819e+02	3.010723e+02	2959	6.845733e-01	7.000000e-01	
3.011741e+02	2960	1.453039e+02	2.814043e+02	3.011741e+02	2960	6.594771e-01	7.000000e-01	
3.012758e+02	2961	1.747709e+02	2.415188e+02	3.012758e+02	2961	5.801700e-01	7.000000e-01	
3.013776e+02	2962	2.652067e+02	2.173244e+02	3.013776e+02	2962	4.503842e-01	7.000000e-01	
3.014793e+02	2963	1.788636e+02	2.334809e+02	3.014793e+02	2963	5.662278e-01	7.000000e-01	
3.015811e+02	2964	1.845732e+02	2.512868e+02	3.015811e+02	2964	5.765310e-01	7.000000e-01	
3.016828e+02	2965	1.773180e+02	2.391741e+02	3.016828e+02	2965	5.742584e-01	7.000000e-01	
3.017846e+02	2966	1.867132e+02	2.439907e+02	3.017846e+02	2966	5.664929e-01	7.000000e-01	
3.018863e+02	2967	1.802043e+02	2.355863e+02	3.018863e+02	2967	5.665984e-01	7.000000e-01	
3.019881e+02	2968	1.923258e+02	2.355551e+02	3.019881e+02	2968	5.505156e-01	7.000000e-01	
3.020898e+02	2969	1.745494e+02	2.458076e+02	3.020898e+02	2969	5.847591e-01	7.000000e-01	
3.021916e+02	2970	1.319280e+02	2.767092e+02	3.021916e+02	2970	6.771513e-01	7.000000e-01	
3.022933e+02	2971	1.523753e+02	2.581305e+02	3.022933e+02	2971	6.288108e-01	7.000000e-01	
3.023951e+02	2972	1.487545e+02	2.572288e+02	3.023951e+02	2972	6.335945e-01	7.000000e-01	
3.024968e+02	2973	1.824410e+02	2.453295e+02	3.024968e+02	2973	5.735073e-01	7.000000e-01	
3.025986e+02	2974	1.152127e+02	2.775213e+02	3.025986e+02	2974	7.066394e-01	7.000000e-01	
3.027003e+02	2975	1.219912e+02	2.657360e+02	3.027003e+02	2975	6.853685e-01	7.000000e-01	
3.028020e+02	2976	1.064069e+02	2.586760e+02	3.028020e+02	2976	7.085404e-01	7.000000e-01	
3.029038e+02	2977	1.238940e+02	3.498216e+02	3.029038e+02	2977	7.384633e-01	7.000000e-01	
3.030055e+02	2978	1.174726e+02	2.736673e+02	3.030055e+02	2978	6.996660e-01	7.000000e-01	
3.031073e+02	2979	1.210131e+02	2.726877e+02	3.031073e+02	2979	6.926267e-01	7.000000e-01	
3.032090e+02	2980	1.236944e+02	2.718785e+02	3.032090e+02	2980	6.873031e-01	7.000000e-01	
3.033108e+02	2981	1.148384e+02	2.789903e+02	3.033108e+02	2981	7.084052e-01	7.000000e-01	
3.034125e+02	2982	1.274837e+02	2.820858e+02	3.034125e+02	2982	6.887373e-01	7.000000e-01	
3.035143e+02	2983	1.106066e+02	2.841153e+02	3.035143e+02	2983	7.197860e-01	7.000000e-01	
3.036160e+02	2984	1.105020e+02	3.037601e+02	3.036160e+02	2984	7.332558e-01	7.000000e-01	
3.037178e+02	2985	1.069807e+02	2.665877e+02	3.037178e+02	2985	7.136249e-01	7.000000e-01	
3.038195e+02	2986	1.376500e+02	3.026488e+02	3.038195e+02	2986	6.873714e-01	7.000000e-01	
3.039213e+02	2987	1.151942e+02	2.671348e+02	3.039213e+02	2987	6.987040e-01	7.000000e-01	
3.040230e+02	2988	1.212699e+02	3.091382e+02	3.040230e+02	2988	7.182444e-01	7.000000e-01	
3.041248e+02	2989	1.305160e+02	2.965880e+02	3.041248e+02	2989	6.944163e-01	7.000000e-01	
3.042265e+02	2990	1.055716e+02	3.133542e+02	3.042265e+02	2990	7.479945e-01	7.000000e-01	
3.043283e+02	2991	1.021614e+02	3.030862e+02	3.043283e+02	2991	7.479038e-01	7.000000e-01	
3.044300e+02	2992	1.305247e+02	2.763495e+02	3.044300e+02	2992	6.792013e-01	7.000000e-01	
3.045318e+02	2993	9.254607e+01	3.050047e+02	3.045318e+02	2993	7.672094e-01	7.000000e-01	
3.046335e+02	2994	9.653659e+01	2.873238e+02	3.046335e+02	2994	7.485112e-01	7.000000e-01	
3.047353e+02	2995	8.626907e+01	3.061548e+02	3.047353e+02	2995	7.801636e-01	7.000000e-01	
3.048370e+02	2996	1.033676e+02	3.225194e+02	3.048370e+02	2996	7.572887e-01	7.000000e-01	
3.049388e+02	2997	9.576954e+01	2.955371e+02	3.049388e+02	2997	7.552571e-01	7.000000e-01	
3.050405e+02	2998	9.972757e+01	3.081710e+02	3.050405e+02	2998	7.555089e-01	7.000000e-01	
3.051423e+02	2999	8.179225e+01	3.261037e+02	3.051423e+02	2999	7.994777e-01	7.000000e-01	
3.052440e+02	3000	9.276016e+01	3.068991e+02	3.052440e+02	3000	7.679019e-01	7.000000e-01	
3.053457e+02	3001	1.045593e+02	2.735301e+02	3.053457e+02	3001	7.234535e-01	7.000000e-01	
3.054475e+02	3002	9.309100e+01	2.820155e+02	3.054475e+02	3002	7.518278e-01	7.000000e-01	
3.055492e+02	3003	1.103072e+02	2.851351e+02	3.055492e+02	3003	7.210536e-01	7.000000e-01	
3.056510e+02	3004	8.573639e+01	3.069824e+02	3.056510e+02	3004	7.816850e-01	7.000000e-01	
3.057527e+02	3005	9.961926e+01	3.135080e+02	3.057527e+02	3005	7.588654e-01	7.000000e-01	
3.058545e+02	3006	1.225715e+02	2.838240e+02	3.058545e+02	3006	6.983936e-01	7.000000e-01	
3.059562e+02	3007	1.097149e+02	3.321640e+02	3.059562e+02	3007	7.517082e-01	7.000000e-01	
3.060580e+02	3008	1.204701e+02	2.125360e+02	3.060580e+02	3008	6.382346e-01	7.000000e-01	
3.061597e+02	3009	1.434239e+02	2.286353e+02	3.061597e+02	3009	6.145132e-01	7.000000e-01	
3.062615e+02	3010	1.211174e+02	2.631575e+02	3.062615e+02	3010	6.848157e-01	7.000000e-01	
3.063632e+02	3011	1.204718e+02	2.124729e+02	3.063632e+02	3011	6.381627e-01	7.000000e-01	
3.064650e+02	3012	1.380322e+02	2.343152e+02	3.064650e+02	3012	6.292919e-01	7.000000e-01	
3.065667e+02	3013	1.579761e+02	3.554401e+02	3.065667e+02	3013	6.923040e-01	7.000000e-01	
3.066685e+02	3014	1.569955e+02	3.522183e+02	3.066685e+02	3014	6.916904e-01	7.000000e-01	
3.067702e+02	3015	1.514090e+02	3.170306e+02	3.067702e+02	3015	6.767801e-01	7.000000e-01	
3.068720e+02	3016	1.607742e+02	3.316943e+02	3.068720e+02	3016	6.735340e-01	7.000000e-01	
3.069737e+02	3017	1.545920e+02	3.229848e+02	3.069737e+02	3017	6.762992e-01	7.000000e-01	
3.070755e+02	3018	1.546572e+02	3.735511e+02	3.070755e+02	3018	7.072041e-01	7.000000e-01	
3.071772e+02	3019	1.475131e+02	3.339860e+02	3.071772e+02	3019	6.936378e-01	7.000000e-01	
3.072790e+02	3020	1.525038e+02	2.905117e+02	3.072790e+02	3020	6.557597e-01	7.000000e-01	
3.073807e+02	3021	1.649386e+02	3.452510e+02	3.073807e+02	3021	6.767112e-01	7.000000e-01	
3.074825e+02	3022	1.590813e+02	3.353123e+02	3.074825e+02	3022	6.782295e-01	7.000000e-01	
3.075842e+02	3023	1.859632e+02	3.650783e+02	3.075842e+02	3023	6.625241e-01	7.000000e-01	
3.076860e+02	3024	1.642515e+02	3.301274e+02	3.076860e+02	3024	6.677619e-01	7.000000e-01	
3.077877e+02	3025	1.812220e+02	3.371529e+02	3.077877e+02	3025	6.504036e-01	7.000000e-01	
3.078894e+02	3026	1.895198e+02	3.431042e+02	3.078894e+02	3026	6.441771e-01	7.000000e-01	
3.079912e+02	3027	2.012534e+02	3.619513e+02	3.079912e+02	3027	6.426638e-01	7.000000e-01	
3.080929e+02	3028	1.667049e+02	3.406286e+02	3.080929e+02	3028	6.714096e-01	7.000000e-01	
3.081947e+02	3029	1.591636e+02	3.597589e+02	3.081947e+02	3029	6.932806e-01	7.000000e-01	
3.082964e+02	3030	1.720085e+02	3.213714e+02	3.082964e+02	3030	6.513670e-01	7.000000e-01	
3.083982e+02	3031	1.755471e+02	3.458664e+02	3.083982e+02	3031	6.633246e-01	7.000000e-01	
3.084999e+02	3032	1.428366e+02	3.027657e+02	3.084999e+02	3032	6.794527e-01	7.000000e-01	
3.086017e+02	3033	1.826168e+02	3.351478e+02	3.086017e+02	3033	6.472976e-01	7.000000e-01	
3.087034e+02	3034	1.608600e+02	3.331447e+02	3.087034e+02	3034	6.743756e-01	7.000000e-01	
3.088052e+02	3035	1.229683e+02	3.492432e+02	3.088052e+02	3035	7.395906e-01	7.000000e-01	
3.089069e+02	3036	1.261961e+02	3.284681e+02	3.089069e+02	3036	7.224411e-01	7.000000e-01	
3.090087e+02	3037	1.236598e+02	3.452671e+02	3.090087e+02	3037	7.362919e-01	7.000000e-01	
3.091104e+02	3038	1.413548e+02	3.572268e+02	3.091104e+02	3038	7.164861e-01	7.000000e-01	
3.092122e+02	3039	1.453586e+02	3.041648e+02	3.092122e+02	3039	6.766384e-01	7.000000e-01	
3.093139e+02	3040	1.133628e+02	3.585662e+02	3.093139e+02	3040	7.597884e-01	7.000000e-01	
3.094157e+02	3041	1.607766e+02	3.504328e+02	3.094157e+02	3041	6.854976e-01	7.000000e-01	
3.095174e+02	3042	1.427164e+02	3.244873e+02	3.095174e+02	3042	6.945307e-01	7.000000e-01	
3.096192e+02	3043	1.590579e+02	3.345077e+02	3.096192e+02	3043	6.777371e-01	7.000000e-01	
3.097209e+02	3044	1.403880e+02	3.308994e+02	3.097209e+02	3044	7.021181e-01	7.000000e-01	
3.098227e+02	3045	1.645408e+02	3.623022e+02	3.098227e+02	3045	6.876853e-01	7.000000e-01	
3.099244e+02	3046	1.495787e+02	3.559467e+02	3.099244e+02	3046	7.041124e-01	7.000000e-01	
3.100262e+02	3047	1.084901e+02	3.715827e+02	3.100262e+02	3047	7.740132e-01	7.000000e-01	
3.101279e+02	3048	1.487295e+02	2.903258e+02	3.101279e+02	3048	6.612511e-01	7.000000e-01	
3.102297e+02	3049	1.519730e+02	3.669170e+02	3.102297e+02	3049	7.071190e-01	7.000000e-01	
3.103314e+02	3050	1.193134e+02	3.107464e+02	3.103314e+02	3050	7.225656e-01	7.000000e-01	
3.104331e+02	3051	1.893642e+02	2.954567e+02	3.104331e+02	3051	6.094141e-01	7.000000e-01	
3.105349e+02	3052	1.047753e+02	2.511541e+02	3.105349e+02	3052	7.056290e-01	7.000000e-01	
3.106366e+02	3053	1.157238e+02	2.605646e+02	3.106366e+02	3053	6.924598e-01	7.000000e-01	
3.107384e+02	3054	1.021848e+02	2.925778e+02	3.107384e+02	3054	7.411487e-01	7.000000e-01	
3.108401e+02	3055	1.450932e+02	2.886869e+02	3.108401e+02	3055	6.655144e-01	7.000000e-01	
3.109419e+02	3056	1.043500e+02	2.308313e+02	3.109419e+02	3056	6.886759e-01	7.000000e-01	
3.110436e+02	3057	1.032028e+02	2.575117e+02	3.110436e+02	3057	7.138934e-01	7.000000e-01	
3.111454e+02	3058	1.045577e+02	2.669580e+02	3.111454e+02	3058	7.185645e-01	7.000000e-01	
3.112471e+02	3059	1.088390e+02	2.669880e+02	3.112471e+02	3059	7.104013e-01	7.000000e-01	
3.113489e+02	3060	1.038188e+02	2.518398e+02	3.113489e+02	3060	7.080942e-01	7.000000e-01	
3.114506e+02	3061	1.045647e+02	2.670187e+02	3.114506e+02	3061	7.185970e-01	7.000000e-01	
3.115524e+02	3062	1.717605e+02	2.772749e+02	3.115524e+02	3062	6.174901e-01	7.000000e-01	
3.116541e+02	3063	1.156302e+02	3.062911e+02	3.116541e+02	3063	7.259437e-01	7.000000e-01	
3.117559e+02	3064	1.442470e+02	3.019485e+02	3.117559e+02	3064	6.767179e-01	7.000000e-01	
3.118576e+02	3065	1.844308e+02	2.416717e+02	3.118576e+02	3065	5.671680e-01	7.000000e-01	
3.119594e+02	3066	1.711778e+02	2.457408e+02	3.119594e+02	3066	5.894215e-01	7.000000e-01	
3.120611e+02	3067	1.659497e+02	2.317789e+02	3.120611e+02	3067	5.827564e-01	7.000000e-01	
3.121629e+02	3068	1.382029e+02	2.002332e+02	3.121629e+02	3068	5.916426e-01	7.000000e-01	
3.122646e+02	3069	1.660642e+02	1.789254e+02	3.122646e+02	3069	5.186400e-01	7.000000e-01	
3.123664e+02	3070	1.851837e+02	2.040895e+02	3.123664e+02	3070	5.242835e-01	7.000000e-01	
3.124681e+02	3071	1.633021e+02	2.509750e+02	3.124681e+02	3071	6.058143e-01	7.000000e-01	
3.125699e+02	3072	2.104825e+02	2.575222e+02	3.125699e+02	3072	5.502556e-01	7.000000e-01	
3.126716e+02	3073	1.719808e+02	2.258284e+02	3.126716e+02	3073	5.676802e-01	7.000000e-01	
3.127734e+02	3074	1.745591e+02	2.877055e+02	3.127734e+02	3074	6.223827e-01	7.000000e-01	
3.128751e+02	3075	1.531363e+02	2.506939e+02	3.128751e+02	3075	6.207904e-01	7.000000e-01	
3.129768e+02	3076	2.030187e+02	2.391172e+02	3.129768e+02	3076	5.408229e-01	7.000000e-01	
3.130786e+02	3077	1.637271e+02	2.946851e+02	3.130786e+02	3077	6.428387e-01	7.000000e-01	
3.131803e+02	3078	1.476152e+02	2.443425e+02	3.131803e+02	3078	6.233900e-01	7.000000e-01	
3.132821e+02	3079	1.563272e+02	3.231053e+02	3.132821e+02	3079	6.739328e-01	7.000000e-01	
3.133838e+02	3080	1.913813e+02	3.110893e+02	3.133838e+02	3080	6.191194e-01	7.000000e-01	
3.134856e+02	3081	1.602915e+02	2.630178e+02	3.134856e+02	3081	6.213372e-01	7.000000e-01	
3.135873e+02	3082	1.724377e+02	2.625243e+02	3.135873e+02	3082	6.035569e-01	7.000000e-01	
3.136891e+02	3083	1.658426e+02	2.839425e+02	3.136891e+02	3083	6.312848e-01	7.000000e-01	
3.137908e+02	3084	1.835346e+02	2.428818e+02	3.137908e+02	3084	5.695883e-01	7.000000e-01	
3.138926e+02	3085	1.884091e+02	2.276264e+02	3.138926e+02	3085	5.471322e-01	7.000000e-01	
3.139943e+02	3086	1.548794e+02	2.694977e+02	3.139943e+02	3086	6.350430e-01	7.000000e-01	
3.140961e+02	3087	1.832914e+02	2.570585e+02	3.140961e+02	3087	5.837596e-01	7.000000e-01	
3.141978e+02	3088	1.655531e+02	2.517071e+02	3.141978e+02	3088	6.032377e-01	7.000000e-01	
3.142996e+02	3089	1.766100e+02	2.424893e+02	3.142996e+02	3089	5.785963e-01	7.000000e-01	
3.144013e+02	3090	1.857369e+02	3.310580e+02	3.144013e+02	3090	6.405984e-01	7.000000e-01	
3.145031e+02	3091	1.792519e+02	2.454831e+02	3.145031e+02	3091	5.779677e-01	7.000000e-01	
3.146048e+02	3092	1.727159e+02	2.399663e+02	3.146048e+02	3092	5.814796e-01	7.000000e-01	
3.147066e+02	3093	1.671021e+02	2.641111e+02	3.147066e+02	3093	6.124838e-01	7.000000e-01	
3.148083e+02	3094	1.901644e+02	2.113547e+02	3.148083e+02	3094	5.263877e-01	7.000000e-01	
3.149101e+02	3095	1.663805e+02	2.790403e+02	3.149101e+02	3095	6.264645e-01	7.000000e-01	
3.150118e+02	3096	1.745478e+02	2.548551e+02	3.150118e+02	3096	5.935104e-01	7.000000e-01	
3.151136e+02	3097	1.870365e+02	2.518312e+02	3.151136e+02	3097	5.738203e-01	7.000000e-01	
3.152153e+02	3098	1.694237e+02	2.431744e+02	3.152153e+02	3098	5.893735e-01	7.000000e-01	
3.153171e+02	3099	1.609178e+02	2.799868e+02	3.153171e+02	3099	6.350281e-01	7.000000e-01	
3.154188e+02	3100	1.706254e+02	2.578684e+02	3.154188e+02	3100	6.018019e-01	7.000000e-01	
3.155205e+02	3101	1.868530e+02	2.125753e+02	3.155205e+02	3101	5.321989e-01	7.000000e-01	
3.156223e+02	3102	1.693298e+02	2.579063e+02	3.156223e+02	3102	6.036622e-01	7.000000e-01	
3.157240e+02	3103	1.764763e+02	2.375461e+02	3.157240e+02	3103	5.737518e-01	7.000000e-01	
3.158258e+02	3104	1.919363e+02	2.300238e+02	3.158258e+02	3104	5.451316e-01	7.000000e-01	
3.159275e+02	3105	1.840573e+02	2.357052e+02	3.159275e+02	3105	5.615204e-01	7.000000e-01	
3.160293e+02	3106	1.792636e+02	2.293524e+02	3.160293e+02	3106	5.612908e-01	7.000000e-01	
3.161310e+02	3107	2.063549e+02	2.221347e+02	3.161310e+02	3107	5.184133e-01	7.000000e-01	
3.162328e+02	3108	1.711228e+02	2.279506e+02	3.162328e+02	3108	5.711997e-01	7.000000e-01	
3.163345e+02	3109	1.776440e+02	2.169961e+02	3.163345e+02	3109	5.498582e-01	7.000000e-01	
3.164363e+02	3110	1.755452e+02	2.295296e+02	3.164363e+02	3110	5.666351e-01	7.000000e-01	
3.165380e+02	3111	1.984389e+02	2.322851e+02	3.165380e+02	3111	5.392899e-01	7.000000e-01	
3.166398e+02	3112	1.813264e+02	2.336031e+02	3.166398e+02	3112	5.629947e-01	7.000000e-01	
3.167415e+02	3113	1.890317e+02	2.277532e+02	3.167415e+02	3113	5.464526e-01	7.000000e-01	
3.168433e+02	3114	1.817609e+02	2.414643e+02	3.168433e+02	3114	5.705338e-01	7.000000e-01	
3.169450e+02	3115	1.637904e+02	2.298342e+02	3.169450e+02	3115	5.838919e-01	7.000000e-01	
3.170468e+02	3116	1.892907e+02	2.171956e+02	3.170468e+02	3116	5.343245e-01	7.000000e-01	
3.171485e+02	3117	1.791817e+02	2.240359e+02	3.171485e+02	3117	5.556203e-01	7.000000e-01	
3.172503e+02	3118	1.956102e+02	2.087490e+02	3.172503e+02	3118	5.162464e-01	7.000000e-01	
3.173520e+02	3119	2.093229e+02	2.364275e+02	3.173520e+02	3119	5.304033e-01	7.000000e-01	
3.174538e+02	3120	1.791259e+02	2.328170e+02	3.174538e+02	3120	5.651681e-01	7.000000e-01	
3.175555e+02	3121	1.894478e+02	2.152586e+02	3.175555e+02	3121	5.318883e-01	7.000000e-01	
3.176573e+02	3122	1.850536e+02	2.305284e+02	3.176573e+02	3122	5.547122e-01	7.000000e-01	
3.177590e+02	3123	1.277605e+02	2.440353e+02	3.177590e+02	3123	6.563692e-01	7.000000e-01	
3.178608e+02	3124	1.594616e+02	2.580936e+02	3.178608e+02	3124	6.181065e-01	7.000000e-01	
3.179625e+02	3125	1.277618e+02	2.505635e+02	3.179625e+02	3125	6.622964e-01	7.000000e-01	
3.180642e+02	3126	1.634080e+02	2.537642e+02	3.180642e+02	3126	6.082960e-01	7.000000e-01	
3.181660e+02	3127	1.493974e+02	2.441808e+02	3.181660e+02	3127	6.204124e-01	7.000000e-01	
3.182677e+02	3128	1.396439e+02	2.640907e+02	3.182677e+02	3128	6.541196e-01	7.000000e-01	
3.183695e+02	3129	1.715671e+02	2.625694e+02	3.183695e+02	3129	6.048084e-01	7.000000e-01	
3.184712e+02	3130	1.798856e+02	2.651914e+02	3.184712e+02	3130	5.958326e-01	7.000000e-01	
3.185730e+02	3131	1.796965e+02	2.642712e+02	3.185730e+02	3131	5.952487e-01	7.000000e-01	
3.186747e+02	3132	1.689127e+02	2.536445e+02	3.186747e+02	3132	6.002607e-01	7.000000e-01	
3.187765e+02	3133	1.922044e+02	2.616934e+02	3.187765e+02	3133	5.765470e-01	7.000000e-01	
3.188782e+02	3134	1.936840e+02	2.902933e+02	3.188782e+02	3134	5.998077e-01	7.000000e-01	
3.189800e+02	3135	1.774518e+02	2.603897e+02	3.189800e+02	3135	5.947122e-01	7.000000e-01	
3.190817e+02	3136	1.734216e+02	2.665989e+02	3.190817e+02	3136	6.058784e-01	7.000000e-01	
3.191835e+02	3137	1.901378e+02	2.611591e+02	3.191835e+02	3137	5.786858e-01	7.000000e-01	
3.192852e+02	3138	1.818591e+02	2.586799e+02	3.192852e+02	3138	5.871896e-01	7.000000e-01	
3.193870e+02	3139	2.059918e+02	2.651868e+02	3.193870e+02	3139	5.628159e-01	7.000000e-01	
3.194887e+02	3140	2.349933e+02	2.890632e+02	3.194887e+02	3140	5.515879e-01	7.000000e-01	
3.195905e+02	3141	1.808560e+02	2.415353e+02	3.195905e+02	3141	5.718283e-01	7.000000e-01	
3.196922e+02	3142	1.846577e+02	2.427315e+02	3.196922e+02	3142	5.679402e-01	7.000000e-01	
3.197940e+02	3143	1.748619e+02	2.400263e+02	3.197940e+02	3143	5.785325e-01	7.000000e-01	
3.198957e+02	3144	1.969102e+02	2.876290e+02	3.198957e+02	3144	5.936135e-01	7.000000e-01	
3.199975e+02	3145	1.671617e+02	2.329421e+02	3.199975e+02	3145	5.822042e-01	7.000000e-01	
3.200992e+02	3146	1.669492e+02	2.468505e+02	3.200992e+02	3146	5.965459e-01	7.000000e-01	
3.202010e+02	3147	1.822798e+02	2.391316e+02	3.202010e+02	3147	5.674540e-01	7.000000e-01	
3.203027e+02	3148	1.660482e+02	2.368483e+02	3.203027e+02	3148	5.878639e-01	7.000000e-01	
3.204045e+02	3149	1.796896e+02	2.267944e+02	3.204045e+02	3149	5.579418e-01	7.000000e-01	
3.205062e+02	3150	1.662039e+02	2.218113e+02	3.205062e+02	3150	5.716562e-01	7.000000e-01	
3.206079e+02	3151	1.468658e+02	2.254716e+02	3.206079e+02	3151	6.055572e-01	7.000000e-01	
3.207097e+02	3152	1.687477e+02	2.423680e+02	3.207097e+02	3152	5.895372e-01	7.000000e-01	
3.208114e+02	3153	1.525228e+02	2.647667e+02	3.208114e+02	3153	6.344916e-01	7.000000e-01	
3.209132e+02	3154	1.586390e+02	2.496870e+02	3.209132e+02	3154	6.114893e-01	7.000000e-01	
3.210149e+02	3155	1.609511e+02	2.552371e+02	3.210149e+02	3155	6.132733e-01	7.000000e-01	
3.211167e+02	3156	1.458825e+02	2.697704e+02	3.211167e+02	3156	6.490281e-01	7.000000e-01	
3.212184e+02	3157	1.813293e+02	2.169271e+02	3.212184e+02	3157	5.446921e-01	7.000000e-01	
3.213202e+02	3158	1.764614e+02	2.444021e+02	3.213202e+02	3158	5.807158e-01	7.000000e-01	
3.214219e+02	3159	1.626079e+02	2.537464e+02	3.214219e+02	3159	6.094483e-01	7.000000e-01	
3.215237e+02	3160	1.550247e+02	2.319179e+02	3.215237e+02	3160	5.993600e-01	7.000000e-01	
3.216254e+02	3161	1.756213e+02	2.048480e+02	3.216254e+02	3161	5.384087e-01	7.000000e-01	
3.217272e+02	3162	1.929358e+02	2.138405e+02	3.217272e+02	3162	5.256956e-01	7.000000e-01	
3.218289e+02	3163	1.590276e+02	2.558495e+02	3.218289e+02	3163	6.166874e-01	7.000000e-01	
3.219307e+02	3164	1.440201e+02	2.575067e+02	3.219307e+02	3164	6.413188e-01	7.000000e-01	
3.220324e+02	3165	1.574023e+02	2.497752e+02	3.220324e+02	3165	6.134308e-01	7.000000e-01	
3.221342e+02	3166	1.583608e+02	2.917387e+02	3.221342e+02	3166	6.481649e-01	7.000000e-01	
3.222359e+02	3167	1.236819e+02	2.417030e+02	3.222359e+02	3167	6.615024e-01	7.000000e-01	
3.223377e+02	3168	1.509097e+02	2.724139e+02	3.223377e+02	3168	6.435122e-01	7.000000e-01	
3.224394e+02	3169	1.524864e+02	2.874805e+02	3.224394e+02	3169	6.534139e-01	7.000000e-01	
3.225412e+02	3170	1.600177e+02	2.735256e+02	3.225412e+02	3170	6.309072e-01	7.000000e-01	
3.226429e+02	3171	1.577412e+02	2.924157e+02	3.226429e+02	3171	6.495862e-01	7.000000e-01	
3.227447e+02	3172	1.667809e+02	2.826562e+02	3.227447e+02	3172	6.289116e-01	7.000000e-01	
3.228464e+02	3173	1.331212e+02	2.497475e+02	3.228464e+02	3173	6.523059e-01	7.000000e-01	
3.229482e+02	3174	1.482873e+02	2.875564e+02	3.229482e+02	3174	6.597695e-01	7.000000e-01	
3.230499e+02	3175	1.597959e+02	2.856247e+02	3.230499e+02	3175	6.412472e-01	7.000000e-01	
3.231516e+02	3176	2.076191e+02	2.209218e+02	3.231516e+02	3176	5.155209e-01	7.000000e-01	
3.232534e+02	3177	2.068625e+02	2.071936e+02	3.232534e+02	3177	5.003998e-01	7.000000e-01	
3.233551e+02	3178	2.109211e+02	2.144739e+02	3.233551e+02	3178	5.041759e-01	7.000000e-01	
3.234569e+02	3179	2.054415e+02	2.412977e+02	3.234569e+02	3179	5.401310e-01	7.000000e-01	
3.235586e+02	3180	1.941508e+02	2.637341e+02	3.235586e+02	3180	5.759834e-01	7.000000e-01	
3.236604e+02	3181	2.000725e+02	2.297716e+02	3.236604e+02	3181	5.345464e-01	7.000000e-01	
3.237621e+02	3182	2.268671e+02	2.385037e+02	3.237621e+02	3182	5.125025e-01	7.000000e-01	
3.238639e+02	3183	1.884494e+02	2.241230e+02	3.238639e+02	3183	5.432331e-01	7.000000e-01	
3.239656e+02	3184	2.086412e+02	2.095728e+02	3.239656e+02	3184	5.011138e-01	7.000000e-01	
3.240674e+02	3185	1.688716e+02	2.404037e+02	3.240674e+02	3185	5.873887e-01	7.000000e-01	
3.241691e+02	3186	1.807258e+02	2.298948e+02	3.241691e+02	3186	5.598716e-01	7.000000e-01	
3.242709e+02	3187	1.789169e+02	2.344951e+02	3.242709e+02	3187	5.672189e-01	7.000000e-01	
3.243726e+02	3188	1.630229e+02	2.210994e+02	3.243726e+02	3188	5.755964e-01	7.000000e-01	
3.244744e+02	3189	1.635758e+02	2.164726e+02	3.244744e+02	3189	5.695922e-01	7.000000e-01	
3.245761e+02	3190	1.642256e+02	2.074724e+02	3.245761e+02	3190	5.581746e-01	7.000000e-01	
3.246779e+02	3191	1.552585e+02	2.106865e+02	3.246779e+02	3191	5.757327e-01	7.000000e-01	
3.247796e+02	3192	1.420880e+02	1.960273e+02	3.247796e+02	3192	5.797647e-01	7.000000e-01	
3.248814e+02	3193	1.226689e+02	1.759001e+02	3.248814e+02	3193	5.891439e-01	7.000000e-01	
3.249831e+02	3194	1.499843e+02	2.533835e+02	3.249831e+02	3194	6.281699e-01	7.000000e-01	
3.250849e+02	3195	2.605476e+02	2.465456e+02	3.250849e+02	3195	4.861939e-01	7.000000e-01	
3.251866e+02	3196	1.769487e+02	2.108120e+02	3.251866e+02	3196	5.436652e-01	7.000000e-01	
3.252884e+02	3197	1.684786e+02	2.800794e+02	3.252884e+02	3197	6.243995e-01	7.000000e-01	
3.253901e+02	3198	1.773618e+02	2.725083e+02	3.253901e+02	3198	6.057489e-01	7.000000e-01	
3.254919e+02	3199	1.580226e+02	2.792725e+02	3.254919e+02	3199	6.386362e-01	7.000000e-01	
3.255936e+02	3200	1.847655e+02	2.685857e+02	3.255936e+02	3200	5.924451e-01	7.000000e-01	
3.256953e+02	3201	1.729788e+02	2.626827e+02	3.256953e+02	3201	6.029514e-01	7.000000e-01	
3.257971e+02	3202	1.938896e+02	2.652119e+02	3.257971e+02	3202	5.776760e-01	7.000000e-01	
3.258988e+02	3203	1.586855e+02	2.636253e+02	3.258988e+02	3203	6.242448e-01	7.000000e-01	
3.260006e+02	3204	1.878065e+02	2.651413e+02	3.260006e+02	3204	5.853683e-01	7.000000e-01	
3.261023e+02	3205	1.825077e+02	2.464075e+02	3.261023e+02	3205	5.744900e-01	7.000000e-01	
3.262041e+02	3206	1.553823e+02	2.602367e+02	3.262041e+02	3206	6.261425e-01	7.000000e-01	
3.263058e+02	3207	1.788142e+02	2.721268e+02	3.263058e+02	3207	6.034643e-01	7.000000e-01	
3.264076e+02	3208	1.842937e+02	2.722511e+02	3.264076e+02	3208	5.963294e-01	7.000000e-01	
3.265093e+02	3209	1.222710e+02	2.480232e+02	3.265093e+02	3209	6.698004e-01	7.000000e-01	
3.266111e+02	3210	1.292364e+02	2.952462e+02	3.266111e+02	3210	6.955437e-01	7.000000e-01	
3.267128e+02	3211	1.728613e+02	2.902399e+02	3.267128e+02	3211	6.267310e-01	7.000000e-01	
3.268146e+02	3212	2.459234e+02	2.449033e+02	3.268146e+02	3212	4.989608e-01	7.000000e-01	
3.269163e+02	3213	1.913529e+02	2.648486e+02	3.269163e+02	3213	5.805518e-01	7.000000e-01	
3.270181e+02	3214	1.465212e+02	2.683029e+02	3.270181e+02	3214	6.467872e-01	7.000000e-01	
3.271198e+02	3215	1.789645e+02	2.621685e+02	3.271198e+02	3215	5.943072e-01	7.000000e-01	
3.272216e+02	3216	1.348811e+02	2.266503e+02	3.272216e+02	3216	6.269173e-01	7.000000e-01	
3.273233e+02	3217	1.413221e+02	2.836169e+02	3.273233e+02	3217	6.674297e-01	7.000000e-01	
3.274251e+02	3218	1.677816e+02	2.786655e+02	3.274251e+02	3218	6.241848e-01	7.000000e-01	
3.275268e+02	3219	1.356818e+02	2.374401e+02	3.275268e+02	3219	6.363607e-01	7.000000e-01	
3.276286e+02	3220	1.216324e+02	2.580461e+02	3.276286e+02	3220	6.796437e-01	7.000000e-01	
3.277303e+02	3221	1.373603e+02	2.851601e+02	3.277303e+02	3221	6.749026e-01	7.000000e-01	
3.278321e+02	3222	1.376986e+02	2.647677e+02	3.278321e+02	3222	6.578630e-01	7.000000e-01	
3.279338e+02	3223	1.431752e+02	2.695850e+02	3.279338e+02	3223	6.531274e-01	7.000000e-01	
3.280356e+02	3224	1.313648e+02	2.708488e+02	3.280356e+02	3224	6.733954e-01	7.000000e-01	
3.281373e+02	3225	1.209843e+02	2.617231e+02	3.281373e+02	3225	6.838726e-01	7.000000e-01	
3.282390e+02	3226	1.428658e+02	2.922041e+02	3.282390e+02	3226	6.716256e-01	7.000000e-01	
3.283408e+02	3227	1.472225e+02	2.723893e+02	3.283408e+02	3227	6.491459e-01	7.000000e-01	
3.284425e+02	3228	1.320619e+02	2.676984e+02	3.284425e+02	3228	6.696473e-01	7.000000e-01	
3.285443e+02	3229	1.183952e+02	2.561814e+02	3.285443e+02	3229	6.839226e-01	7.000000e-01	
3.286460e+02	3230	1.412651e+02	2.779356e+02	3.286460e+02	3230	6.630132e-01	7.000000e-01	
3.287478e+02	3231	1.834804e+02	2.537918e+02	3.287478e+02	3231	5.803977e-01	7.000000e-01	
3.288495e+02	3232	1.503846e+02	2.925122e+02	3.288495e+02	3232	6.604523e-01	7.000000e-01	
3.289513e+02	3233	1.739805e+02	2.623376e+02	3.289513e+02	3233	6.012531e-01	7.000000e-01	
3.290530e+02	3234	1.559546e+02	2.224591e+02	3.290530e+02	3234	5.878727e-01	7.000000e-01	
3.291548e+02	3235	1.653730e+02	2.785420e+02	3.291548e+02	3235	6.274670e-01	7.000000e-01	
3.292565e+02	3236	1.869392e+02	2.763976e+02	3.292565e+02	3236	5.965371e-01	7.000000e-01	
3.293583e+02	3237	1.427053e+02	2.352745e+02	3.293583e+02	3237	6.224526e-01	7.000000e-01	
3.294600e+02	3238	1.712502e+02	2.497733e+02	3.294600e+02	3238	5.932526e-01	7.000000e-01	
3.295618e+02	3239	1.426083e+02	2.157632e+02	3.295618e+02	3239	6.020657e-01	7.000000e-01	
3.296635e+02	3240	1.415859e+02	2.605709e+02	3.296635e+02	3240	6.479336e-01	7.000000e-01	
3.297653e+02	3241	1.671560e+02	2.289182e+02	3.297653e+02	3241	5.779680e-01	7.000000e-01	
3.298670e+02	3242	1.541236e+02	2.070271e+02	3.298670e+02	3242	5.732430e-01	7.000000e-01	
3.299688e+02	3243	1.162458e+02	2.099894e+02	3.299688e+02	3243	6.436749e-01	7.000000e-01	
3.300705e+02	3244	9.398047e+01	2.036620e+02	3.300705e+02	3244	6.842505e-01	7.000000e-01	
3.301723e+02	3245	1.645153e+02	2.881558e+02	3.301723e+02	3245	6.365677e-01	7.000000e-01	
3.302740e+02	3246	1.756490e+02	2.663951e+02	3.302740e+02	3246	6.026437e-01	7.000000e-01	
3.303758e+02	3247	1.683205e+02	2.784612e+02	3.303758e+02	3247	6.232601e-01	7.000000e-01	
3.304775e+02	3248	1.601688e+02	3.064359e+02	3.304775e+02	3248	6.567356e-01	7.000000e-01	
3.305793e+02	3249	1.583842e+02	2.808527e+02	3.305793e+02	3249	6.394105e-01	7.000000e-01	
3.306810e+02	3250	1.868232e+02	2.523358e+02	3.306810e+02	3250	5.745887e-01	7.000000e-01	
3.307827e+02	3251	1.590173e+02	3.010034e+02	3.307827e+02	3251	6.543258e-01	7.000000e-01	
3.308845e+02	3252	1.891412e+02	2.095140e+02	3.308845e+02	3252	5.255519e-01	7.000000e-01	
3.309862e+02	3253	1.495714e+02	2.158855e+02	3.309862e+02	3253	5.907277e-01	7.000000e-01	
3.310880e+02	3254	1.723382e+02	2.661749e+02	3.310880e+02	3254	6.069942e-01	7.000000e-01	
3.311897e+02	3255	1.325182e+02	2.322202e+02	3.311897e+02	3255	6.366760e-01	7.000000e-01	
3.312915e+02	3256	1.379489e+02	2.395698e+02	3.312915e+02	3256	6.345906e-01	7.000000e-01	
3.313932e+02	3257	1.373526e+02	2.238751e+02	3.313932e+02	3257	6.197617e-01	7.000000e-01	
3.314950e+02	3258	1.630689e+02	2.530644e+02	3.314950e+02	3258	6.081330e-01	7.000000e-01	
3.315967e+02	3259	1.604151e+02	2.237571e+02	3.315967e+02	3259	5.824396e-01	7.000000e-01	
3.316985e+02	3260	1.337625e+02	2.297628e+02	3.316985e+02	3260	6.320407e-01	7.000000e-01	
3.318002e+02	3261	1.716109e+02	2.872626e+02	3.318002e+02	3261	6.260170e-01	7.000000e-01	
3.319020e+02	3262	1.972123e+02	2.966509e+02	3.319020e+02	3262	6.006742e-01	7.000000e-01	
3.320037e+02	3263	1.652234e+02	2.649079e+02	3.320037e+02	3263	6.158768e-01	7.000000e-01	
3.321055e+02	3264	1.270430e+02	3.100305e+02	3.321055e+02	3264	7.093326e-01	7.000000e-01	
3.322072e+02	3265	1.758093e+02	2.904108e+02	3.322072e+02	3265	6.229049e-01	7.000000e-01	
3.323090e+02	3266	1.896430e+02	3.025860e+02	3.323090e+02	3266	6.147261e-01	7.000000e-01	
3.324107e+02	3267	1.742751e+02	2.956115e+02	3.324107e+02	3267	6.291124e-01	7.000000e-01	
3.325125e+02	3268	1.716296e+02	3.058076e+02	3.325125e+02	3268	6.405190e-01	7.000000e-01	
3.326142e+02	3269	1.801304e+02	2.896031e+02	3.326142e+02	3269	6.165264e-01	7.000000e-01	
3.327160e+02	3270	1.807299e+02	2.660194e+02	3.327160e+02	3270	5.954557e-01	7.000000e-01	
3.328177e+02	3271	1.873983e+02	2.817009e+02	3.328177e+02	3271	6.005146e-01	7.000000e-01	
3.329195e+02	3272	1.810567e+02	3.172704e+02	3.329195e+02	3272	6.366710e-01	7.000000e-01	
3.330212e+02	3273	1.908931e+02	2.920571e+02	3.330212e+02	3273	6.047354e-01	7.000000e-01	
3.331230e+02	3274	1.614871e+02	2.565953e+02	3.331230e+02	3274	6.137434e-01	7.000000e-01	
3.332247e+02	3275	1.367871e+02	3.081163e+02	3.332247e+02	3275	6.925465e-01	7.000000e-01	
3.333264e+02	3276	1.661422e+02	2.159890e+02	3.333264e+02	3276	5.652221e-01	7.000000e-01	
3.334282e+02	3277	1.896708e+02	2.945032e+02	3.334282e+02	3277	6.082590e-01	7.000000e-01	
3.335299e+02	3278	1.335219e+02	2.627632e+02	3.335299e+02	3278	6.630661e-01	7.000000e-01	
3.336317e+02	3279	1.473838e+02	2.459951e+02	3.336317e+02	3279	6.253388e-01	7.000000e-01	
3.337334e+02	3280	1.412172e+02	2.560326e+02	3.337334e+02	3280	6.445128e-01	7.000000e-01	
3.338352e+02	3281	1.086568e+02	2.488993e+02	3.338352e+02	3281	6.961126e-01	7.000000e-01	
3.339369e+02	3282	1.119832e+02	2.431882e+02	3.339369e+02	3282	6.847066e-01	7.000000e-01	
3.340387e+02	3283	1.543788e+02	2.523364e+02	3.340387e+02	3283	6.204253e-01	7.000000e-01	
3.341404e+02	3284	1.501624e+02	2.506699e+02	3.341404e+02	3284	6.253735e-01	7.000000e-01	
3.342422e+02	3285	1.605425e+02	2.399146e+02	3.342422e+02	3285	5.991019e-01	7.000000e-01	
3.343439e+02	3286	1.229792e+02	2.143948e+02	3.343439e+02	3286	6.354811e-01	7.000000e-01	
3.344457e+02	3287	1.372628e+02	2.595174e+02	3.344457e+02	3287	6.540583e-01	7.000000e-01	
3.345474e+02	3288	1.269936e+02	2.324551e+02	3.345474e+02	3288	6.466990e-01	7.000000e-01	
3.346492e+02	3289	1.449451e+02	2.184742e+02	3.346492e+02	3289	6.011629e-01	7.000000e-01	
3.347509e+02	3290	1.401972e+02	2.493922e+02	3.347509e+02	3290	6.401411e-01	7.000000e-01	
3.348527e+02	3291	1.962137e+02	2.764239e+02	3.348527e+02	3291	5.848538e-01	7.000000e-01	
3.349544e+02	3292	1.990517e+02	2.258360e+02	3.349544e+02	3292	5.315193e-01	7.000000e-01	
3.350562e+02	3293	1.781399e+02	2.703357e+02	3.350562e+02	3293	6.027880e-01	7.000000e-01	
3.351579e+02	3294	1.766013e+02	2.443651e+02	3.351579e+02	3294	5.804860e-01	7.000000e-01	
3.352597e+02	3295	1.763535e+02	3.027920e+02	3.352597e+02	3295	6.319417e-01	7.000000e-01	
3.353614e+02	3296	1.853513e+02	2.440337e+02	3.353614e+02	3296	5.683331e-01	7.000000e-01	
3.354632e+02	3297	1.932607e+02	2.496036e+02	3.354632e+02	3297	5.636119e-01	7.000000e-01	
3.355649e+02	3298	1.782066e+02	2.274957e+02	3.355649e+02	3298	5.607454e-01	7.000000e-01	
3.356667e+02	3299	1.702965e+02	2.792482e+02	3.356667e+02	3299	6.211801e-01	7.000000e-01	
3.357684e+02	3300	1.845396e+02	2.725156e+02	3.357684e+02	3300	5.962422e-01	7.000000e-01	
3.358701e+02	3301	1.735980e+02	3.732316e+02	3.358701e+02	3301	6.825373e-01	7.000000e-01	
3.359719e+02	3302	1.707950e+02	3.306237e+02	3.359719e+02	3302	6.593765e-01	7.000000e-01	
3.360736e+02	3303	1.725926e+02	3.588355e+02	3.360736e+02	3303	6.752287e-01	7.000000e-01	
3.361754e+02	3304	1.486037e+02	2.073483e+02	3.361754e+02	3304	5.825176e-01	7.000000e-01	
3.362771e+02	3305	1.473410e+02	2.444037e+02	3.362771e+02	3305	6.238851e-01	7.000000e-01	
3.363789e+02	3306	1.490905e+02	2.487714e+02	3.363789e+02	3306	6.252707e-01	7.000000e-01	
3.364806e+02	3307	1.701445e+02	2.584574e+02	3.364806e+02	3307	6.030244e-01	7.000000e-01	
3.365824e+02	3308	1.639323e+02	2.565096e+02	3.365824e+02	3308	6.100952e-01	7.000000e-01	
3.366841e+02	3309	1.635428e+02	2.518714e+02	3.366841e+02	3309	6.063139e-01	7.000000e-01	
3.367859e+02	3310	1.980101e+02	2.743090e+02	3.367859e+02	3310	5.807705e-01	7.000000e-01	
3.368876e+02	3311	1.958642e+02	2.838225e+02	3.368876e+02	3311	5.916831e-01	7.000000e-01	
3.369894e+02	3312	1.657374e+02	2.689202e+02	3.369894e+02	3312	6.186943e-01	7.000000e-01	
3.370911e+02	3313	1.784578e+02	2.713771e+02	3.370911e+02	3313	6.032816e-01	7.000000e-01	
3.371929e+02	3314	2.063491e+02	2.491071e+02	3.371929e+02	3314	5.469397e-01	7.000000e-01	
3.372946e+02	3315	1.840332e+02	2.742039e+02	3.372946e+02	3315	5.983887e-01	7.000000e-01	
3.373964e+02	3316	1.985988e+02	2.723100e+02	3.373964e+02	3316	5.782648e-01	7.000000e-01	
3.374981e+02	3317	1.970288e+02	2.557961e+02	3.374981e+02	3317	5.648897e-01	7.000000e-01	
3.375999e+02	3318	1.934433e+02	2.720021e+02	3.375999e+02	3318	5.843910e-01	7.000000e-01	
3.377016e+02	3319	1.882697e+02	2.817153e+02	3.377016e+02	3319	5.994134e-01	7.000000e-01	
3.378034e+02	3320	1.858324e+02	3.136896e+02	3.378034e+02	3320	6.279795e-01	7.000000e-01	
3.379051e+02	3321	1.726310e+02	2.502195e+02	3.379051e+02	3321	5.917446e-01	7.000000e-01	
3.380069e+02	3322	1.716373e+02	2.014924e+02	3.380069e+02	3322	5.400063e-01	7.000000e-01	
3.381086e+02	3323	1.267492e+02	2.447822e+02	3.381086e+02	3323	6.588466e-01	7.000000e-01	
3.382104e+02	3324	1.920407e+02	2.158716e+02	3.382104e+02	3324	5.292108e-01	7.000000e-01	
3.383121e+02	3325	1.676389e+02	2.562288e+02	3.383121e+02	3325	6.045018e-01	7.000000e-01	
3.384138e+02	3326	1.886010e+02	2.059311e+02	3.384138e+02	3326	5.219629e-01	7.000000e-01	
3.385156e+02	3327	1.685065e+02	2.003703e+02	3.385156e+02	3327	5.431903e-01	7.000000e-01	
3.386173e+02	3328	1.976711e+02	2.379004e+02	3.386173e+02	3328	5.461799e-01	7.000000e-01	
3.387191e+02	3329	1.650997e+02	2.107979e+02	3.387191e+02	3329	5.607854e-01	7.000000e-01	
3.388208e+02	3330	2.065738e+02	2.334378e+02	3.388208e+02	3330	5.305265e-01	7.000000e-01	
3.389226e+02	3331	2.130320e+02	2.227640e+02	3.389226e+02	3331	5.111658e-01	7.000000e-01	
3.390243e+02	3332	1.962747e+02	2.147738e+02	3.390243e+02	3332	5.225023e-01	7.000000e-01	
3.391261e+02	3333	1.708523e+02	2.534441e+02	3.391261e+02	3333	5.973280e-01	7.000000e-01	
3.392278e+02	3334	2.014587e+02	2.246257e+02	3.392278e+02	3334	5.271859e-01	7.000000e-01	
3.393296e+02	3335	1.566282e+02	2.688085e+02	3.393296e+02	3335	6.318414e-01	7.000000e-01	
3.394313e+02	3336	1.567390e+02	3.343457e+02	3.394313e+02	3336	6.808310e-01	7.000000e-01	
3.395331e+02	3337	1.631773e+02	2.617513e+02	3.395331e+02	3337	6.159889e-01	7.000000e-01	
3.396348e+02	3338	1.554965e+02	2.693015e+02	3.396348e+02	3338	6.339519e-01	7.000000e-01	
3.397366e+02	3339	1.812408e+02	3.468705e+02	3.397366e+02	3339	6.568133e-01	7.000000e-01	
3.398383e+02	3340	1.802491e+02	3.282422e+02	3.398383e+02	3340	6.455218e-01	7.000000e-01	
3.399401e+02	3341	1.544857e+02	3.303605e+02	3.399401e+02	3341	6.813717e-01	7.000000e-01	
3.400418e+02	3342	1.818183e+02	3.475798e+02	3.400418e+02	3342	6.565566e-01	7.000000e-01	
3.401436e+02	3343	1.539021e+02	3.200218e+02	3.401436e+02	3343	6.752599e-01	7.000000e-01	
3.402453e+02	3344	1.544978e+02	2.827469e+02	3.402453e+02	3344	6.466560e-01	7.000000e-01	
3.403471e+02	3345	1.245419e+02	2.944708e+02	3.403471e+02	3345	7.027730e-01	7.000000e-01	
3.404488e+02	3346	1.351552e+02	2.909931e+02	3.404488e+02	3346	6.828447e-01	7.000000e-01	
3.405506e+02	3347	1.631210e+02	2.924871e+02	3.405506e+02	3347	6.419708e-01	7.000000e-01	
3.406523e+02	3348	1.483676e+02	3.089599e+02	3.406523e+02	3348	6.755769e-01	7.000000e-01	
3.407541e+02	3349	1.617623e+02	2.943595e+02	3.407541e+02	3349	6.453528e-01	7.000000e-01	
3.408558e+02	3350	1.788046e+02	2.980167e+02	3.408558e+02	3350	6.250071e-01	7.000000e-01	
3.409575e+02	3351	1.403852e+02	2.839303e+02	3.409575e+02	3351	6.691490e-01	7.000000e-01	
3.410593e+02	3352	1.631339e+02	2.916657e+02	3.410593e+02	3352	6.413060e-01	7.000000e-01	
3.411610e+02	3353	1.784395e+02	2.827473e+02	3.411610e+02	3353	6.130863e-01	7.000000e-01	
3.412628e+02	3354	1.756729e+02	2.741147e+02	3.412628e+02	3354	6.094314e-01	7.000000e-01	
3.413645e+02	3355	1.695251e+02	3.055757e+02	3.413645e+02	3355	6.431808e-01	7.000000e-01	
3.414663e+02	3356	1.808203e+02	2.744669e+02	3.414663e+02	3356	6.028434e-01	7.000000e-01	
3.415680e+02	3357	1.653911e+02	2.868410e+02	3.415680e+02	3357	6.342783e-01	7.000000e-01	
3.416698e+02	3358	1.775091e+02	2.864750e+02	3.416698e+02	3358	6.174242e-01	7.000000e-01	
3.417715e+02	3359	1.706113e+02	2.992494e+02	3.417715e+02	3359	6.368896e-01	7.000000e-01	
3.418733e+02	3360	1.737188e+02	2.824873e+02	3.418733e+02	3360	6.192098e-01	7.000000e-01	
3.419750e+02	3361	1.833334e+02	3.002515e+02	3.419750e+02	3361	6.208868e-01	7.000000e-01	
3.420768e+02	3362	1.785948e+02	2.738159e+02	3.420768e+02	3362	6.052375e-01	7.000000e-01	
3.421785e+02	3363	1.881576e+02	2.834751e+02	3.421785e+02	3363	6.010506e-01	7.000000e-01	
3.422803e+02	3364	1.756935e+02	2.780666e+02	3.422803e+02	3364	6.128053e-01	7.000000e-01	
3.423820e+02	3365	1.930295e+02	2.611992e+02	3.423820e+02	3365	5.750390e-01	7.000000e-01	
3.424838e+02	3366	1.840326e+02	2.869192e+02	3.424838e+02	3366	6.092326e-01	7.000000e-01	
3.425855e+02	3367	1.870505e+02	2.561931e+02	3.425855e+02	3367	5.779962e-01	7.000000e-01	
3.426873e+02	3368	1.816796e+02	2.141281e+02	3.426873e+02	3368	5.409902e-01	7.000000e-01	
3.427890e+02	3369	1.775927e+02	2.726493e+02	3.427890e+02	3369	6.055617e-01	7.000000e-01	
3.428908e+02	3370	1.794645e+02	1.860537e+02	3.428908e+02	3370	5.090135e-01	7.000000e-01	
3.429925e+02	3371	1.737602e+02	2.479262e+02	3.429925e+02	3371	5.879398e-01	7.000000e-01	
3.430943e+02	3372	1.907726e+02	2.480547e+02	3.430943e+02	3372	5.652672e-01	7.000000e-01	
3.431960e+02	3373	1.799173e+02	1.885870e+02	3.431960e+02	3373	5.117634e-01	7.000000e-01	
3.432978e+02	3374	1.899481e+02	2.449468e+02	3.432978e+02	3374	5.632322e-01	7.000000e-01	
3.433995e+02	3375	2.154390e+02	2.388787e+02	3.433995e+02	3375	5.257966e-01	7.000000e-01	
3.435012e+02	3376	1.813990e+02	2.383413e+02	3.435012e+02	3376	5.678304e-01	7.000000e-01	
3.436030e+02	3377	2.013864e+02	2.235065e+02	3.436030e+02	3377	5.260302e-01	7.000000e-01	
3.437047e+02	3378	1.854242e+02	2.415724e+02	3.437047e+02	3378	5.657478e-01	7.000000e-01	
3.438065e+02	3379	2.071853e+02	2.182783e+02	3.438065e+02	3379	5.130364e-01	7.000000e-01	
3.439082e+02	3380	2.403127e+02	1.975822e+02	3.439082e+02	3380	4.512092e-01	7.000000e-01	
3.440100e+02	3381	1.995414e+02	2.334183e+02	3.440100e+02	3381	5.391225e-01	7.000000e-01	
3.441117e+02	3382	1.893423e+02	2.188623e+02	3.441117e+02	3382	5.361583e-01	7.000000e-01	
3.442135e+02	3383	1.926407e+02	2.347007e+02	3.442135e+02	3383	5.492112e-01	7.000000e-01	
3.443152e+02	3384	1.862715e+02	2.433080e+02	3.443152e+02	3384	5.663864e-01	7.000000e-01	
3.444170e+02	3385	1.880763e+02	2.407171e+02	3.444170e+02	3385	5.613825e-01	7.000000e-01	
3.445187e+02	3386	2.068653e+02	2.178372e+02	3.445187e+02	3386	5.129172e-01	7.000000e-01	
3.446205e+02	3387	2.107168e+02	2.101882e+02	3.446205e+02	3387	4.993721e-01	7.000000e-01	
3.447222e+02	3388	1.892642e+02	2.523462e+02	3.447222e+02	3388	5.714227e-01	7.000000e-01	
3.448240e+02	3389	1.981705e+02	2.260210e+02	3.448240e+02	3389	5.328277e-01	7.000000e-01	
3.449257e+02	3390	1.789378e+02	2.232107e+02	3.449257e+02	3390	5.550455e-01	7.000000e-01	
3.450275e+02	3391	2.080047e+02	2.598076e+02	3.450275e+02	3391	5.553672e-01	7.000000e-01	
3.451292e+02	3392	1.721579e+02	2.546413e+02	3.451292e+02	3392	5.966302e-01	7.000000e-01	
3.452310e+02	3393	2.024521e+02	2.763857e+02	3.452310e+02	3393	5.772011e-01	7.000000e-01	
3.453327e+02	3394	1.958601e+02	2.836225e+02	3.453327e+02	3394	5.915178e-01	7.000000e-01	
3.454345e+02	3395	2.253902e+02	2.455715e+02	3.454345e+02	3395	5.214256e-01	7.000000e-01	
3.455362e+02	3396	2.339618e+02	2.308151e+02	3.455362e+02	3396	4.966148e-01	7.000000e-01	
3.456380e+02	3397	1.960198e+02	2.769944e+02	3.456380e+02	3397	5.855943e-01	7.000000e-01	
3.457397e+02	3398	2.207748e+02	2.492535e+02	3.457397e+02	3398	5.302947e-01	7.000000e-01	
3.458415e+02	3399	2.054039e+02	2.765886e+02	3.458415e+02	3399	5.738442e-01	7.000000e-01	
3.459432e+02	3400	1.779304e+02	2.903147e+02	3.459432e+02	3400	6.200058e-01	7.000000e-01	
3.460449e+02	3401	1.894872e+02	2.867598e+02	3.460449e+02	3401	6.021241e-01	7.000000e-01	
3.461467e+02	3402	2.057988e+02	2.718667e+02	3.461467e+02	3402	5.691571e-01	7.000000e-01	
3.462484e+02	3403	2.142508e+02	2.231480e+02	3.462484e+02	3403	5.101706e-01	7.000000e-01	
3.463502e+02	3404	1.926416e+02	2.792248e+02	3.463502e+02	3404	5.917455e-01	7.000000e-01	
3.464519e+02	3405	2.030216e+02	2.805226e+02	3.464519e+02	3405	5.801385e-01	7.000000e-01	
3.465537e+02	3406	2.146989e+02	2.103298e+02	3.465537e+02	3406	4.948602e-01	0	
3.466554e+02	3407	2.252444e+02	1.929551e+02	3.466554e+02	3407	4.613949e-01	0	
3.467572e+02	3408	1.931322e+02	2.321294e+02	3.467572e+02	3408	5.458508e-01	0	
3.468589e+02	3409	2.877204e+02	1.919206e+02	3.468589e+02	3409	4.001339e-01	0	
3.469607e+02	3410	2.173870e+02	2.271277e+02	3.469607e+02	3410	5.109566e-01	7.000000e-01	
3.470624e+02	3411	2.053179e+02	2.192530e+02	3.470624e+02	3411	5.164108e-01	7.000000e-01	
3.471642e+02	3412	2.128960e+02	2.164798e+02	3.471642e+02	3412	5.041733e-01	7.000000e-01	
3.472659e+02	3413	2.155840e+02	2.211938e+02	3.472659e+02	3413	5.064218e-01	7.000000e-01	
3.473677e+02	3414	2.184322e+02	2.039509e+02	3.473677e+02	3414	4.828576e-01	7.000000e-01	
3.474694e+02	3415	2.261353e+02	2.607216e+02	3.474694e+02	3415	5.355200e-01	7.000000e-01	
3.475712e+02	3416	1.893433e+02	2.358811e+02	3.475712e+02	3416	5.547215e-01	7.000000e-01	
3.476729e+02	3417	2.453064e+02	2.649148e+02	3.476729e+02	3417	5.192156e-01	7.000000e-01	
3.477747e+02	3418	2.455282e+02	3.238218e+02	3.477747e+02	3418	5.687570e-01	7.000000e-01	
3.478764e+02	3419	2.348191e+02	3.106722e+02	3.478764e+02	3419	5.695273e-01	7.000000e-01	
3.479782e+02	3420	1.961004e+02	2.332708e+02	3.479782e+02	3420	5.432847e-01	7.000000e-01	
3.480799e+02	3421	2.251628e+02	2.818153e+02	3.480799e+02	3421	5.558727e-01	7.000000e-01	
3.481817e+02	3422	1.834350e+02	2.493256e+02	3.481817e+02	3422	5.761282e-01	7.000000e-01	
3.482834e+02	3423	2.245289e+02	2.612703e+02	3.482834e+02	3423	5.378154e-01	7.000000e-01	
3.483852e+02	3424	2.190855e+02	2.395713e+02	3.483852e+02	3424	5.223324e-01	7.000000e-01	
3.484869e+02	3425	2.082381e+02	2.097416e+02	3.484869e+02	3425	5.017985e-01	7.000000e-01	
3.485886e+02	3426	2.061229e+02	2.284985e+02	3.485886e+02	3426	5.257415e-01	7.000000e-01	
3.486904e+02	3427	1.547209e+02	2.602489e+02	3.486904e+02	3427	6.271514e-01	7.000000e-01	
3.487921e+02	3428	1.655882e+02	2.620289e+02	3.487921e+02	3428	6.127653e-01	7.000000e-01	
3.488939e+02	3429	1.721830e+02	2.442381e+02	3.488939e+02	3429	5.865171e-01	7.000000e-01	
3.489956e+02	3430	1.811289e+02	2.131980e+02	3.489956e+02	3430	5.406631e-01	7.000000e-01	
3.490974e+02	3431	1.767511e+02	2.568769e+02	3.490974e+02	3431	5.923900e-01	7.000000e-01	
3.491991e+02	3432	2.004543e+02	2.077728e+02	3.491991e+02	3432	5.089638e-01	7.000000e-01	
3.493009e+02	3433	1.620252e+02	2.471012e+02	3.493009e+02	3433	6.039728e-01	7.000000e-01	
3.494026e+02	3434	2.116885e+02	2.164962e+02	3.494026e+02	3434	5.056140e-01	7.000000e-01	
3.495044e+02	3435	2.033973e+02	2.417718e+02	3.495044e+02	3435	5.431010e-01	7.000000e-01	
3.496061e+02	3436	2.046981e+02	2.237880e+02	3.496061e+02	3436	5.222760e-01	7.000000e-01	
3.497079e+02	3437	2.150929e+02	2.522341e+02	3.497079e+02	3437	5.397379e-01	7.000000e-01	
3.498096e+02	3438	2.294721e+02	2.669555e+02	3.498096e+02	3438	5.377531e-01	7.000000e-01	
3.499114e+02	3439	2.360514e+02	2.715500e+02	3.499114e+02	3439	5.349670e-01	7.000000e-01	
3.500131e+02	3440	2.211406e+02	3.059114e+02	3.500131e+02	3440	5.804198e-01	7.000000e-01	
3.501149e+02	3441	1.936804e+02	2.119684e+02	3.501149e+02	3441	5.225417e-01	7.000000e-01	
3.502166e+02	3442	1.935446e+02	2.166577e+02	3.502166e+02	3442	5.281728e-01	7.000000e-01	
3.503184e+02	3443	2.292958e+02	2.501819e+02	3.503184e+02	3443	5.217801e-01	7.000000e-01	
3.504201e+02	3444	1.932698e+02	2.240750e+02	3.504201e+02	3444	5.369062e-01	7.000000e-01	
3.505219e+02	3445	2.051947e+02	2.458024e+02	3.505219e+02	3445	5.450199e-01	7.000000e-01	
3.506236e+02	3446	1.479018e+02	2.451302e+02	3.506236e+02	3446	6.236902e-01	7.000000e-01	
3.507254e+02	3447	2.051062e+02	2.173625e+02	3.507254e+02	3447	5.145056e-01	7.000000e-01	
3.508271e+02	3448	2.112938e+02	2.106652e+02	3.508271e+02	3448	4.992551e-01	7.000000e-01	
3.509289e+02	3449	2.130438e+02	2.196342e+02	3.509289e+02	3449	5.076158e-01	7.000000e-01	
3.510306e+02	3450	2.014189e+02	2.110868e+02	3.510306e+02	3450	5.117185e-01	7.000000e-01	
3.511323e+02	3451	1.901655e+02	2.111282e+02	3.511323e+02	3451	5.261189e-01	7.000000e-01	
3.512341e+02	3452	1.930420e+02	2.147556e+02	3.512341e+02	3452	5.266230e-01	7.000000e-01	
3.513358e+02	3453	2.316594e+02	2.004373e+02	3.513358e+02	3453	4.638714e-01	0	
3.514376e+02	3454	2.362452e+02	1.782626e+02	3.514376e+02	3454	4.300585e-01	0	
3.515393e+02	3455	2.459088e+02	1.929606e+02	3.515393e+02	3455	4.396766e-01	0	
3.516411e+02	3456	2.279295e+02	2.187930e+02	3.516411e+02	3456	4.897739e-01	0	
3.517428e+02	3457	2.362640e+02	1.783880e+02	3.517428e+02	3457	4.302114e-01	0	
3.518446e+02	3458	2.345690e+02	1.952510e+02	3.518446e+02	3458	4.542622e-01	0	
3.519463e+02	3459	2.284435e+02	2.146284e+02	3.519463e+02	3459	4.844099e-01	0	
3.520481e+02	3460	2.439820e+02	1.905466e+02	3.520481e+02	3460	4.385134e-01	0	
3.521498e+02	3461	1.799528e+02	2.281714e+02	3.521498e+02	3461	5.590734e-01	7.000000e-01	
3.522516e+02	3462	1.870765e+02	2.304053e+02	3.522516e+02	3462	5.518930e-01	7.000000e-01	
3.523533e+02	3463	1.987415e+02	2.488271e+02	3.523533e+02	3463	5.559530e-01	7.000000e-01	
3.524551e+02	3464	1.926996e+02	2.088717e+02	3.524551e+02	3464	5.201360e-01	7.000000e-01	
3.525568e+02	3465	1.888748e+02	2.083235e+02	3.525568e+02	3465	5.244824e-01	7.000000e-01	
3.526586e+02	3466	1.853047e+02	2.206619e+02	3.526586e+02	3466	5.435469e-01	7.000000e-01	
3.527603e+02	3467	1.953693e+02	1.932743e+02	3.527603e+02	3467	4.973047e-01	7.000000e-01	
3.528621e+02	3468	1.900188e+02	2.182285e+02	3.528621e+02	3468	5.345498e-01	7.000000e-01	
3.529638e+02	3469	1.978934e+02	2.068808e+02	3.529638e+02	3469	5.111017e-01	7.000000e-01	
3.530656e+02	3470	1.892171e+02	2.082452e+02	3.530656e+02	3470	5.239370e-01	7.000000e-01	
3.531673e+02	3471	1.886415e+02	2.136487e+02	3.531673e+02	3471	5.310810e-01	7.000000e-01	
3.532691e+02	3472	1.931600e+02	2.168733e+02	3.532691e+02	3472	5.289163e-01	7.000000e-01	
3.533708e+02	3473	1.933742e+02	1.973329e+02	3.533708e+02	3473	5.050661e-01	7.000000e-01	
3.534726e+02	3474	1.839385e+02	2.111216e+02	3.534726e+02	3474	5.344038e-01	7.000000e-01	
3.535743e+02	3475	1.855557e+02	2.154087e+02	3.535743e+02	3475	5.372265e-01	7.000000e-01	
3.536760e+02	3476	1.809579e+02	1.988477e+02	3.536760e+02	3476	5.235513e-01	7.000000e-01	
3.537778e+02	3477	1.898334e+02	2.012160e+02	3.537778e+02	3477	5.145539e-01	7.000000e-01	
3.538795e+02	3478	2.036563e+02	2.034969e+02	3.538795e+02	3478	4.998043e-01	7.000000e-01	
3.539813e+02	3479	1.740870e+02	2.201865e+02	3.539813e+02	3479	5.584613e-01	7.000000e-01	
3.540830e+02	3480	1.812802e+02	2.054260e+02	3.540830e+02	3480	5.312198e-01	7.000000e-01	
3.541848e+02	3481	1.991031e+02	1.866969e+02	3.541848e+02	3481	4.839215e-01	7.000000e-01	
3.542865e+02	3482	1.717703e+02	2.283712e+02	3.542865e+02	3482	5.707261e-01	7.000000e-01	
3.543883e+02	3483	1.730842e+02	2.196747e+02	3.543883e+02	3483	5.593118e-01	7.000000e-01	
3.544900e+02	3484	1.728791e+02	2.005497e+02	3.544900e+02	3484	5.370494e-01	7.000000e-01	
3.545918e+02	3485	1.799461e+02	1.806716e+02	3.545918e+02	3485	5.010059e-01	7.000000e-01	
3.546935e+02	3486	1.744763e+02	2.265482e+02	3.546935e+02	3486	5.649236e-01	7.000000e-01	
3.547953e+02	3487	1.832016e+02	2.288567e+02	3.547953e+02	3487	5.553988e-01	7.000000e-01	
3.548970e+02	3488	1.794751e+02	1.906135e+02	3.548970e+02	3488	5.150483e-01	7.000000e-01	
3.549988e+02	3489	1.578763e+02	2.347860e+02	3.549988e+02	3489	5.979336e-01	7.000000e-01	
3.551005e+02	3490	1.603693e+02	1.757838e+02	3.551005e+02	3490	5.229278e-01	7.000000e-01	
3.552023e+02	3491	1.664689e+02	2.063645e+02	3.552023e+02	3491	5.535033e-01	7.000000e-01	
3.553040e+02	3492	1.288070e+02	3.116409e+02	3.553040e+02	3492	7.075545e-01	7.000000e-01	
3.554058e+02	3493	1.951029e+02	1.980533e+02	3.554058e+02	3493	5.037522e-01	7.000000e-01	
3.555075e+02	3494	1.723448e+02	2.150283e+02	3.555075e+02	3494	5.550935e-01	7.000000e-01	
3.556093e+02	3495	1.746743e+02	2.168797e+02	3.556093e+02	3495	5.538947e-01	7.000000e-01	
3.557110e+02	3496	2.148950e+02	2.202061e+02	3.557110e+02	3496	5.061033e-01	7.000000e-01	
3.558128e+02	3497	1.935173e+02	1.909763e+02	3.558128e+02	3497	4.966957e-01	0	
3.559145e+02	3498	2.485780e+02	1.840097e+02	3.559145e+02	3498	4.253697e-01	0	
3.560163e+02	3499	2.049742e+02	2.061274e+02	3.560163e+02	3499	5.014026e-01	7.000000e-01	
3.561180e+02	3500	1.762355e+02	2.006482e+02	3.561180e+02	3500	5.323876e-01	7.000000e-01	
3.562197e+02	3501	2.041906e+02	2.707508e+02	3.562197e+02	3501	5.700720e-01	7.000000e-01	
3.563215e+02	3502	1.969258e+02	1.974923e+02	3.563215e+02	3502	5.007181e-01	7.000000e-01	
3.564232e+02	3503	2.367260e+02	2.041547e+02	3.564232e+02	3503	4.630611e-01	7.000000e-01	
3.565250e+02	3504	1.867084e+02	2.513259e+02	3.565250e+02	3504	5.737585e-01	7.000000e-01	
3.566267e+02	3505	2.097867e+02	3.233197e+02	3.566267e+02	3505	6.064825e-01	7.000000e-01	
3.567285e+02	3506	2.219202e+02	2.255813e+02	3.567285e+02	3506	5.040906e-01	7.000000e-01	
3.568302e+02	3507	1.640634e+02	2.597085e+02	3.568302e+02	3507	6.128497e-01	7.000000e-01	
3.569320e+02	3508	1.733936e+02	2.901747e+02	3.569320e+02	3508	6.259589e-01	7.000000e-01	
3.570337e+02	3509	1.906772e+02	2.521539e+02	3.570337e+02	3509	5.694133e-01	7.000000e-01	
3.571355e+02	3510	1.939685e+02	2.708697e+02	3.571355e+02	3510	5.827182e-01	7.000000e-01	
3.572372e+02	3511	1.817777e+02	2.720868e+02	3.572372e+02	3511	5.994891e-01	7.000000e-01	
3.573390e+02	3512	1.636999e+02	2.596849e+02	3.573390e+02	3512	6.133543e-01	7.000000e-01	
3.574407e+02	3513	1.753246e+02	2.562472e+02	3.574407e+02	3513	5.937533e-01	7.000000e-01	
3.575425e+02	3514	2.367438e+02	1.908099e+02	3.575425e+02	3514	4.462829e-01	7.000000e-01	
3.576442e+02	3515	2.019386e+02	2.306575e+02	3.576442e+02	3515	5.331937e-01	7.000000e-01	
3.577460e+02	3516	2.158674e+02	2.132157e+02	3.577460e+02	3516	4.969100e-01	0	
3.578477e+02	3517	2.439979e+02	1.814511e+02	3.578477e+02	3517	4.264932e-01	0	
3.579495e+02	3518	2.392544e+02	1.951437e+02	3.579495e+02	3518	4.492278e-01	0	
3.580512e+02	3519	1.498764e+02	3.058393e+02	3.580512e+02	3519	6.711186e-01	7.000000e-01	
3.581530e+02	3520	1.517138e+02	2.580015e+02	3.581530e+02	3520	6.297092e-01	7.000000e-01	
3.582547e+02	3521	1.604719e+02	2.214335e+02	3.582547e+02	3521	5.798124e-01	7.000000e-01	
3.583565e+02	3522	1.595631e+02	2.796574e+02	3.583565e+02	3522	6.367130e-01	7.000000e-01	
3.584582e+02	3523	1.393900e+02	3.116253e+02	3.584582e+02	3523	6.909417e-01	7.000000e-01	
3.585600e+02	3524	1.770459e+02	2.645137e+02	3.585600e+02	3524	5.990442e-01	7.000000e-01	
3.586617e+02	3525	1.562220e+02	2.296313e+02	3.586617e+02	3525	5.951259e-01	7.000000e-01	
3.587634e+02	3526	1.729981e+02	2.216599e+02	3.587634e+02	3526	5.616506e-01	7.000000e-01	
3.588652e+02	3527	1.498668e+02	2.111183e+02	3.588652e+02	3527	5.848394e-01	7.000000e-01	
3.589669e+02	3528	1.614119e+02	2.173233e+02	3.589669e+02	3528	5.738133e-01	7.000000e-01	
3.590687e+02	3529	1.564215e+02	2.292355e+02	3.590687e+02	3529	5.944025e-01	7.000000e-01	
3.591704e+02	3530	1.783922e+02	2.494068e+02	3.591704e+02	3530	5.830000e-01	7.000000e-01	
3.592722e+02	3531	1.616486e+02	2.773780e+02	3.592722e+02	3531	6.318023e-01	7.000000e-01	
3.593739e+02	3532	1.636100e+02	2.385630e+02	3.593739e+02	3532	5.931850e-01	7.000000e-01	
3.594757e+02	3533	1.726444e+02	2.282401e+02	3.594757e+02	3533	5.693413e-01	7.000000e-01	
3.595774e+02	3534	1.639555e+02	3.098920e+02	3.595774e+02	3534	6.539910e-01	7.000000e-01	
3.596792e+02	3535	1.707376e+02	2.286065e+02	3.596792e+02	3535	5.724549e-01	7.000000e-01	
3.597809e+02	3536	1.785131e+02	2.570691e+02	3.597809e+02	3536	5.901736e-01	7.000000e-01	
3.598827e+02	3537	1.526396e+02	2.916858e+02	3.598827e+02	3537	6.564689e-01	7.000000e-01	
3.599844e+02	3538	1.508517e+02	3.063823e+02	3.599844e+02	3538	6.700777e-01	7.000000e-01	
3.600862e+02	3539	1.708078e+02	2.711052e+02	3.600862e+02	3539	6.134809e-01	7.000000e-01	
3.601879e+02	3540	1.804399e+02	2.497352e+02	3.601879e+02	3540	5.805431e-01	7.000000e-01	
3.602897e+02	3541	2.085166e+02	2.614332e+02	3.602897e+02	3541	5.563003e-01	7.000000e-01	
3.603914e+02	3542	1.724687e+02	2.898509e+02	3.603914e+02	3542	6.269492e-01	7.000000e-01	
3.604932e+02	3543	1.873764e+02	2.545465e+02	3.604932e+02	3543	5.759975e-01	7.000000e-01	
3.605949e+02	3544	1.605519e+02	2.668990e+02	3.605949e+02	3544	6.243969e-01	7.000000e-01	
3.606967e+02	3545	1.557482e+02	2.643004e+02	3.606967e+02	3545	6.292139e-01	7.000000e-01	
3.607984e+02	3546	1.656259e+02	2.667082e+02	3.607984e+02	3546	6.169030e-01	7.000000e-01	
3.609002e+02	3547	1.663493e+02	2.540445e+02	3.609002e+02	3547	6.043013e-01	7.000000e-01	
3.610019e+02	3548	1.581711e+02	2.568857e+02	3.610019e+02	3548	6.189170e-01	7.000000e-01	
3.611037e+02	3549	1.632821e+02	2.657519e+02	3.611037e+02	3549	6.194192e-01	7.000000e-01	
3.612054e+02	3550	1.810115e+02	2.642248e+02	3.612054e+02	3550	5.934485e-01	7.000000e-01	
3.613071e+02	3551	1.433212e+02	3.097075e+02	3.613071e+02	3551	6.836377e-01	7.000000e-01	
3.614089e+02	3552	1.542369e+02	2.777677e+02	3.614089e+02	3552	6.429739e-01	7.000000e-01	
3.615106e+02	3553	1.240235e+02	3.666365e+02	3.615106e+02	3553	7.472313e-01	7.000000e-01	
3.616124e+02	3554	1.254545e+02	3.216637e+02	3.616124e+02	3554	7.194154e-01	7.000000e-01	
3.617141e+02	3555	1.456532e+02	3.258045e+02	3.617141e+02	3555	6.910578e-01	7.000000e-01	
3.618159e+02	3556	1.237996e+02	3.672882e+02	3.618159e+02	3556	7.479074e-01	7.000000e-01	
3.619176e+02	3557	9.983133e+01	3.216515e+02	3.619176e+02	3557	7.631426e-01	7.000000e-01	
3.620194e+02	3558	1.475206e+02	2.948656e+02	3.620194e+02	3558	6.665344e-01	7.000000e-01	
3.621211e+02	3559	1.130842e+02	3.456909e+02	3.621211e+02	3559	7.535084e-01	7.000000e-01	
3.622229e+02	3560	1.283617e+02	3.622291e+02	3.622229e+02	3560	7.383528e-01	7.000000e-01	
3.623246e+02	3561	1.305296e+02	3.526949e+02	3.623246e+02	3561	7.298779e-01	7.000000e-01	
3.624264e+02	3562	1.255003e+02	3.113283e+02	3.624264e+02	3562	7.127013e-01	7.000000e-01	
3.625281e+02	3563	1.339985e+02	3.710634e+02	3.625281e+02	3563	7.346890e-01	7.000000e-01	
3.626299e+02	3564	1.076395e+02	3.933530e+02	3.626299e+02	3564	7.851475e-01	7.000000e-01	
3.627316e+02	3565	1.240182e+02	3.544667e+02	3.627316e+02	3565	7.408106e-01	7.000000e-01	
3.628334e+02	3566	7.521899e+01	3.829510e+02	3.628334e+02	3566	8.358273e-01	7.000000e-01	
3.629351e+02	3567	1.180125e+02	4.524264e+02	3.629351e+02	3567	7.931198e-01	7.000000e-01	
3.630369e+02	3568	1.118304e+02	4.112504e+02	3.630369e+02	3568	7.862082e-01	7.000000e-01	
3.631386e+02	3569	9.029526e+01	4.769224e+02	3.631386e+02	3569	8.408102e-01	7.000000e-01	
3.632404e+02	3570	1.137291e+02	2.932999e+02	3.632404e+02	3570	7.205872e-01	7.000000e-01	
3.633421e+02	3571	1.209631e+02	3.388942e+02	3.633421e+02	3571	7.369551e-01	7.000000e-01	
3.634439e+02	3572	1.022649e+02	3.780740e+02	3.634439e+02	3572	7.870984e-01	7.000000e-01	
3.635456e+02	3573	1.228005e+02	3.085515e+02	3.635456e+02	3573	7.153126e-01	7.000000e-01	
3.636474e+02	3574	1.055980e+02	3.544205e+02	3.636474e+02	3574	7.704484e-01	7.000000e-01	
3.637491e+02	3575	1.252417e+02	3.082110e+02	3.637491e+02	3575	7.110603e-01	7.000000e-01	
3.638508e+02	3576	1.379647e+02	1.689982e+02	3.638508e+02	3576	5.505493e-01	7.000000e-01	
3.639526e+02	3577	1.167239e+02	2.857371e+02	3.639526e+02	3577	7.099746e-01	7.000000e-01	
3.640543e+02	3578	1.381629e+02	2.598748e+02	3.640543e+02	3578	6.528899e-01	7.000000e-01	
3.641561e+02	3579	1.402321e+02	2.895766e+02	3.641561e+02	3579	6.737337e-01	7.000000e-01	
3.642578e+02	3580	1.283185e+02	3.295596e+02	3.642578e+02	3580	7.197540e-01	7.000000e-01	
3.643596e+02	3581	1.262810e+02	3.183562e+02	3.643596e+02	3581	7.159909e-01	7.000000e-01	
3.644613e+02	3582	1.318310e+02	2.936099e+02	3.644613e+02	3582	6.901309e-01	7.000000e-01	
3.645631e+02	3583	1.226604e+02	3.137983e+02	3.645631e+02	3583	7.189645e-01	7.000000e-01	
3.646648e+02	3584	1.754893e+02	2.969891e+02	3.646648e+02	3584	6.285771e-01	7.000000e-01	
3.647666e+02	3585	1.663375e+02	1.616660e+02	3.647666e+02	3585	4.928789e-01	7.000000e-01	
3.648683e+02	3586	1.734160e+02	2.971061e+02	3.648683e+02	3586	6.314392e-01	7.000000e-01	
3.649701e+02	3587	2.067851e+02	2.620262e+02	3.649701e+02	3587	5.589161e-01	7.000000e-01	
3.650718e+02	3588	1.754731e+02	2.943267e+02	3.650718e+02	3588	6.264939e-01	7.000000e-01	
3.651736e+02	3589	1.875950e+02	2.932193e+02	3.651736e+02	3589	6.098390e-01	7.000000e-01	
3.652753e+02	3590	2.064587e+02	2.619971e+02	3.652753e+02	3590	5.592782e-01	7.000000e-01	
3.653771e+02	3591	1.057547e+02	3.006442e+02	3.653771e+02	3591	7.397761e-01	7.000000e-01	
3.654788e+02	3592	1.679295e+02	2.779370e+02	3.654788e+02	3592	6.233637e-01	7.000000e-01	
3.655806e+02	3593	1.054152e+02	3.320564e+02	3.655806e+02	3593	7.590353e-01	7.000000e-01	
3.656823e+02	3594	1.066898e+02	3.007989e+02	3.656823e+02	3594	7.381773e-01	7.000000e-01	
3.657841e+02	3595	1.651587e+02	2.474138e+02	3.657841e+02	3595	5.996856e-01	7.000000e-01	
3.658858e+02	3596	1.604840e+02	3.080695e+02	3.658858e+02	3596	6.574906e-01	7.000000e-01	
3.659876e+02	3597	1.666823e+02	2.887279e+02	3.659876e+02	3597	6.339952e-01	7.000000e-01	
3.660893e+02	3598	1.460397e+02	2.283131e+02	3.660893e+02	3598	6.098875e-01	7.000000e-01	
3.661911e+02	3599	1.626770e+02	2.710816e+02	3.661911e+02	3599	6.249596e-01	7.000000e-01	
3.662928e+02	3600	1.585460e+02	2.770421e+02	3.662928e+02	3600	6.360185e-01	7.000000e-01	
3.663945e+02	3601	2.087786e+02	2.489956e+02	3.663945e+02	3601	5.439267e-01	7.000000e-01	
3.664963e+02	3602	1.638629e+02	2.436117e+02	3.664963e+02	3602	5.978574e-01	7.000000e-01	
3.665980e+02	3603	2.453263e+02	2.687573e+02	3.665980e+02	3603	5.227891e-01	7.000000e-01	
3.666998e+02	3604	2.346728e+02	2.686197e+02	3.666998e+02	3604	5.337248e-01	7.000000e-01	
3.668015e+02	3605	2.163452e+02	2.946776e+02	3.668015e+02	3605	5.766428e-01	7.000000e-01	
3.669033e+02	3606	2.242634e+02	2.588892e+02	3.669033e+02	3606	5.358332e-01	7.000000e-01	
3.670050e+02	3607	2.079876e+02	2.844953e+02	3.670050e+02	3607	5.776755e-01	7.000000e-01	
3.671068e+02	3608	2.193465e+02	2.839080e+02	3.671068e+02	3608	5.641440e-01	7.000000e-01	
3.672085e+02	3609	1.925989e+02	2.289131e+02	3.672085e+02	3609	5.430761e-01	7.000000e-01	
3.673103e+02	3610	2.499406e+02	2.672116e+02	3.673103e+02	3610	5.166982e-01	7.000000e-01	
3.674120e+02	3611	2.012171e+02	2.268244e+02	3.674120e+02	3611	5.299122e-01	7.000000e-01	
3.675138e+02	3612	1.792138e+02	2.459232e+02	3.675138e+02	3612	5.784564e-01	7.000000e-01	
3.676155e+02	3613	2.075035e+02	2.481906e+02	3.676155e+02	3613	5.446430e-01	7.000000e-01	
3.677173e+02	3614	1.907045e+02	1.644082e+02	3.677173e+02	3614	4.629747e-01	7.000000e-01	
3.678190e+02	3615	2.118974e+02	2.384920e+02	3.678190e+02	3615	5.295240e-01	7.000000e-01	
3.679208e+02	3616	2.140798e+02	2.243432e+02	3.679208e+02	3616	5.117049e-01	7.000000e-01	
3.680225e+02	3617	2.039219e+02	2.242971e+02	3.680225e+02	3617	5.237906e-01	7.000000e-01	
3.681243e+02	3618	2.018714e+02	2.032504e+02	3.681243e+02	3618	5.017020e-01	7.000000e-01	
3.682260e+02	3619	2.015244e+02	2.371465e+02	3.682260e+02	3619	5.406023e-01	7.000000e-01	
3.683278e+02	3620	2.098894e+02	2.443541e+02	3.683278e+02	3620	5.379364e-01	7.000000e-01	
3.684295e+02	3621	2.135888e+02	2.113610e+02	3.684295e+02	3621	4.973787e-01	7.000000e-01	
3.685313e+02	3622	1.955318e+02	1.991471e+02	3.685313e+02	3622	5.045801e-01	7.000000e-01	
3.686330e+02	3623	2.010824e+02	2.273622e+02	3.686330e+02	3623	5.306688e-01	7.000000e-01	
3.687348e+02	3624	2.160928e+02	1.703516e+02	3.687348e+02	3624	4.408179e-01	0	
3.688365e+02	3625	2.016219e+02	1.968558e+02	3.688365e+02	3625	4.940196e-01	0	
3.689382e+02	3626	2.144332e+02	2.201317e+02	3.689382e+02	3626	5.065566e-01	7.000000e-01	
3.690400e+02	3627	2.072132e+02	2.309316e+02	3.690400e+02	3627	5.270669e-01	7.000000e-01	
3.691417e+02	3628	1.959893e+02	2.108075e+02	3.691417e+02	3628	5.182133e-01	7.000000e-01	
3.692435e+02	3629	1.988506e+02	2.487859e+02	3.692435e+02	3629	5.557766e-01	7.000000e-01	
3.693452e+02	3630	2.028961e+02	2.074499e+02	3.693452e+02	3630	5.055487e-01	7.000000e-01	
3.694470e+02	3631	2.021005e+02	2.125406e+02	3.694470e+02	3631	5.125893e-01	7.000000e-01	
3.695487e+02	3632	2.066277e+02	2.355881e+02	3.695487e+02	3632	5.327446e-01	7.000000e-01	
3.696505e+02	3633	2.014192e+02	2.334367e+02	3.696505e+02	3633	5.368139e-01	7.000000e-01	
3.697522e+02	3634	1.986028e+02	2.399013e+02	3.697522e+02	3634	5.470902e-01	7.000000e-01	
3.698540e+02	3635	2.028403e+02	2.408765e+02	3.698540e+02	3635	5.428609e-01	7.000000e-01	
3.699557e+02	3636	1.951873e+02	2.483493e+02	3.699557e+02	3636	5.599297e-01	7.000000e-01	
3.700575e+02	3637	1.893347e+02	2.243221e+02	3.700575e+02	3637	5.422904e-01	7.000000e-01	
3.701592e+02	3638	1.775721e+02	2.361547e+02	3.701592e+02	3638	5.707987e-01	7.000000e-01	
3.702610e+02	3639	1.760947e+02	2.255778e+02	3.702610e+02	3639	5.615963e-01	7.000000e-01	
3.703627e+02	3640	1.832911e+02	2.229128e+02	3.703627e+02	3640	5.487707e-01	7.000000e-01	
3.704645e+02	3641	1.773995e+02	2.288388e+02	3.704645e+02	3641	5.633117e-01	7.000000e-01	
3.705662e+02	3642	1.841741e+02	2.111073e+02	3.705662e+02	3642	5.340684e-01	7.000000e-01	
3.706680e+02	3643	1.793575e+02	1.975406e+02	3.706680e+02	3643	5.241220e-01	7.000000e-01	
3.707697e+02	3644	1.892569e+02	2.290101e+02	3.707697e+02	3644	5.475213e-01	7.000000e-01	
3.708715e+02	3645	1.750728e+02	2.292179e+02	3.708715e+02	3645	5.669631e-01	7.000000e-01	
3.709732e+02	3646	1.549742e+02	2.221897e+02	3.709732e+02	3646	5.891065e-01	7.000000e-01	
3.710750e+02	3647	1.893063e+02	2.686125e+02	3.710750e+02	3647	5.865942e-01	7.000000e-01	
3.711767e+02	3648	1.818682e+02	2.105063e+02	3.711767e+02	3648	5.364933e-01	7.000000e-01	
3.712785e+02	3649	1.842798e+02	2.505591e+02	3.712785e+02	3649	5.762113e-01	7.000000e-01	
3.713802e+02	3650	1.798960e+02	3.217922e+02	3.713802e+02	3650	6.414187e-01	7.000000e-01	
3.714819e+02	3651	1.735123e+02	2.396740e+02	3.714819e+02	3651	5.800628e-01	7.000000e-01	
3.715837e+02	3652	1.914927e+02	2.351738e+02	3.715837e+02	3652	5.511888e-01	7.000000e-01	
3.716854e+02	3653	2.054297e+02	2.473149e+02	3.716854e+02	3653	5.462570e-01	7.000000e-01	
3.717872e+02	3654	1.872909e+02	2.445675e+02	3.717872e+02	3654	5.663141e-01	7.000000e-01	
3.718889e+02	3655	1.755081e+02	2.427564e+02	3.718889e+02	3655	5.803897e-01	7.000000e-01	
3.719907e+02	3656	1.468662e+02	2.927448e+02	3.719907e+02	3656	6.659178e-01	7.000000e-01	
3.720924e+02	3657	1.839955e+02	2.350748e+02	3.720924e+02	3657	5.609436e-01	7.000000e-01	
3.721942e+02	3658	1.938530e+02	2.156968e+02	3.721942e+02	3658	5.266681e-01	7.000000e-01	
3.722959e+02	3659	1.760070e+02	2.444477e+02	3.722959e+02	3659	5.813889e-01	7.000000e-01	
3.723977e+02	3660	1.826342e+02	2.155341e+02	3.723977e+02	3660	5.413141e-01	7.000000e-01	
3.724994e+02	3661	1.682797e+02	2.340078e+02	3.724994e+02	3661	5.816929e-01	7.000000e-01	
3.726012e+02	3662	2.010503e+02	1.691753e+02	3.726012e+02	3662	4.569519e-01	0	
3.727029e+02	3663	2.045734e+02	1.863400e+02	3.727029e+02	3663	4.766785e-01	0	
3.728047e+02	3664	1.938268e+02	2.150429e+02	3.728047e+02	3664	5.259448e-01	7.000000e-01	
3.729064e+02	3665	1.984840e+02	2.182698e+02	3.729064e+02	3665	5.237380e-01	7.000000e-01	
3.730082e+02	3666	2.005427e+02	1.943025e+02	3.730082e+02	3666	4.920979e-01	7.000000e-01	
3.731099e+02	3667	1.957816e+02	1.969604e+02	3.731099e+02	3667	5.015007e-01	7.000000e-01	
3.732117e+02	3668	1.729616e+02	2.451649e+02	3.732117e+02	3668	5.863415e-01	7.000000e-01	
3.733134e+02	3669	1.949499e+02	2.225698e+02	3.733134e+02	3669	5.330762e-01	7.000000e-01	
3.734152e+02	3670	1.971577e+02	2.164065e+02	3.734152e+02	3670	5.232718e-01	7.000000e-01	
3.735169e+02	3671	1.796308e+02	2.674806e+02	3.735169e+02	3671	5.982415e-01	7.000000e-01	
3.736187e+02	3672	1.919936e+02	2.174123e+02	3.736187e+02	3672	5.310434e-01	7.000000e-01	
3.737204e+02	3673	2.018663e+02	2.531769e+02	3.737204e+02	3673	5.563799e-01	7.000000e-01	
3.738222e+02	3674	1.782053e+02	2.575040e+02	3.738222e+02	3674	5.909995e-01	7.000000e-01	
3.739239e+02	3675	1.671200e+02	2.566614e+02	3.739239e+02	3675	6.056457e-01	7.000000e-01	
3.740256e+02	3676	1.953072e+02	2.601412e+02	3.740256e+02	3676	5.711760e-01	7.000000e-01	
3.741274e+02	3677	1.921297e+02	2.642947e+02	3.741274e+02	3677	5.790547e-01	7.000000e-01	
3.742291e+02	3678	1.973228e+02	2.522199e+02	3.742291e+02	3678	5.610588e-01	7.000000e-01	
3.743309e+02	3679	1.861112e+02	2.756283e+02	3.743309e+02	3679	5.969346e-01	7.000000e-01	
3.744326e+02	3680	1.812917e+02	2.904726e+02	3.744326e+02	3680	6.157155e-01	7.000000e-01	
3.745344e+02	3681	2.000099e+02	2.431324e+02	3.745344e+02	3681	5.486554e-01	7.000000e-01	
3.746361e+02	3682	1.814909e+02	2.763906e+02	3.746361e+02	3682	6.036291e-01	7.000000e-01	
3.747379e+02	3683	1.870312e+02	2.592285e+02	3.747379e+02	3683	5.808916e-01	7.000000e-01	
3.748396e+02	3684	1.671430e+02	2.877302e+02	3.748396e+02	3684	6.325503e-01	7.000000e-01	
3.749414e+02	3685	1.702639e+02	3.061721e+02	3.749414e+02	3685	6.426301e-01	7.000000e-01	
3.750431e+02	3686	1.935280e+02	2.577987e+02	3.750431e+02	3686	5.712020e-01	7.000000e-01	
3.751449e+02	3687	1.851084e+02	2.771487e+02	3.751449e+02	3687	5.995553e-01	7.000000e-01	
3.752466e+02	3688	1.989767e+02	2.552948e+02	3.752466e+02	3688	5.619873e-01	7.000000e-01	
3.753484e+02	3689	1.717345e+02	2.741039e+02	3.753484e+02	3689	6.148055e-01	7.000000e-01	
3.754501e+02	3690	1.827153e+02	2.601746e+02	3.754501e+02	3690	5.874476e-01	7.000000e-01	
3.755519e+02	3691	1.790386e+02	2.601046e+02	3.755519e+02	3691	5.923002e-01	7.000000e-01	
3.756536e+02	3692	2.028552e+02	2.555796e+02	3.756536e+02	3692	5.575048e-01	7.000000e-01	
3.757554e+02	3693	2.203857e+02	2.563215e+02	3.757554e+02	3693	5.376917e-01	7.000000e-01	
3.758571e+02	3694	1.948312e+02	2.366718e+02	3.758571e+02	3694	5.484824e-01	7.000000e-01	
3.759589e+02	3695	1.416824e+02	2.528402e+02	3.759589e+02	3695	6.408763e-01	7.000000e-01	
3.760606e+02	3696	1.931630e+02	2.406434e+02	3.760606e+02	3696	5.547253e-01	7.000000e-01	
3.761624e+02	3697	1.965496e+02	2.349391e+02	3.761624e+02	3697	5.444849e-01	7.000000e-01	
3.762641e+02	3698	1.950681e+02	2.537634e+02	3.762641e+02	3698	5.653868e-01	7.000000e-01	
3.763659e+02	3699	1.985101e+02	2.522011e+02	3.763659e+02	3699	5.595625e-01	7.000000e-01	
3.764676e+02	3700	1.968661e+02	2.670578e+02	3.764676e+02	3700	5.756500e-01	7.000000e-01	
3.765693e+02	3701	1.926674e+02	2.546878e+02	3.765693e+02	3701	5.693190e-01	7.000000e-01	
3.766711e+02	3702	1.871317e+02	3.012050e+02	3.766711e+02	3702	6.167978e-01	7.000000e-01	
3.767728e+02	3703	1.951568e+02	3.028876e+02	3.767728e+02	3703	6.081538e-01	7.000000e-01	
3.768746e+02	3704	1.906306e+02	2.493375e+02	3.768746e+02	3704	5.667172e-01	7.000000e-01	
3.769763e+02	3705	1.785355e+02	2.734412e+02	3.769763e+02	3705	6.049896e-01	7.000000e-01	
3.770781e+02	3706	2.250493e+02	3.177861e+02	3.770781e+02	3706	5.854189e-01	7.000000e-01	
3.771798e+02	3707	1.872883e+02	2.293628e+02	3.771798e+02	3707	5.504913e-01	7.000000e-01	
3.772816e+02	3708	1.824372e+02	2.188184e+02	3.772816e+02	3708	5.453342e-01	7.000000e-01	
3.773833e+02	3709	1.941695e+02	2.684758e+02	3.773833e+02	3709	5.803059e-01	7.000000e-01	
3.774851e+02	3710	1.995447e+02	2.363997e+02	3.774851e+02	3710	5.422703e-01	7.000000e-01	
3.775868e+02	3711	1.890684e+02	2.663975e+02	3.775868e+02	3711	5.848901e-01	7.000000e-01	
3.776886e+02	3712	2.010237e+02	2.487649e+02	3.776886e+02	3712	5.530707e-01	7.000000e-01	
3.777903e+02	3713	1.813341e+02	2.425472e+02	3.777903e+02	3713	5.722055e-01	7.000000e-01	
3.778921e+02	3714	1.887712e+02	2.247861e+02	3.778921e+02	3714	5.435428e-01	7.000000e-01	
3.779938e+02	3715	1.945448e+02	2.399388e+02	3.779938e+02	3715	5.522390e-01	7.000000e-01	
3.780956e+02	3716	1.952244e+02	2.296574e+02	3.780956e+02	3716	5.405207e-01	7.000000e-01	
3.781973e+02	3717	1.986238e+02	2.048109e+02	3.781973e+02	3717	5.076680e-01	7.000000e-01	
3.782991e+02	3718	2.044704e+02	2.578800e+02	3.782991e+02	3718	5.577588e-01	7.000000e-01	
3.784008e+02	3719	1.935844e+02	2.611846e+02	3.784008e+02	3719	5.743237e-01	7.000000e-01	
3.785026e+02	3720	1.858505e+02	2.670922e+02	3.785026e+02	3720	5.896821e-01	7.000000e-01	
3.786043e+02	3721	1.967749e+02	2.555507e+02	3.786043e+02	3721	5.649707e-01	7.000000e-01	
3.787061e+02	3722	2.014961e+02	2.474471e+02	3.787061e+02	3722	5.511769e-01	7.000000e-01	
3.788078e+02	3723	1.835333e+02	2.459143e+02	3.788078e+02	3723	5.726293e-01	7.000000e-01	
3.789096e+02	3724	2.074753e+02	2.756100e+02	3.789096e+02	3724	5.705204e-01	7.000000e-01	
3.790113e+02	3725	1.838158e+02	2.747289e+02	3.790113e+02	3725	5.991322e-01	7.000000e-01	
3.791130e+02	3726	2.010965e+02	2.616595e+02	3.791130e+02	3726	5.654373e-01	7.000000e-01	
3.792148e+02	3727	2.200110e+02	2.523921e+02	3.792148e+02	3727	5.342727e-01	7.000000e-01	
3.793165e+02	3728	2.087959e+02	2.553026e+02	3.793165e+02	3728	5.501043e-01	7.000000e-01	
3.794183e+02	3729	1.875296e+02	2.527854e+02	3.794183e+02	3729	5.741013e-01	7.000000e-01	
3.795200e+02	3730	2.163995e+02	1.923277e+02	3.795200e+02	3730	4.705527e-01	7.000000e-01	
3.796218e+02	3731	2.252123e+02	2.667649e+02	3.796218e+02	3731	5.422302e-01	7.000000e-01	
3.797235e+02	3732	2.093642e+02	2.700367e+02	3.797235e+02	3732	5.632795e-01	7.000000e-01	
3.798253e+02	3733	2.251711e+02	2.683194e+02	3.798253e+02	3733	5.437175e-01	7.000000e-01	
3.799270e+02	3734	2.087764e+02	2.642758e+02	3.799270e+02	3734	5.586610e-01	7.000000e-01	
3.800288e+02	3735	2.306047e+02	2.644443e+02	3.800288e+02	3735	5.341780e-01	7.000000e-01	
3.801305e+02	3736	2.000797e+02	2.828123e+02	3.801305e+02	3736	5.856637e-01	7.000000e-01	
3.802323e+02	3737	2.245297e+02	2.687202e+02	3.802323e+02	3737	5.447952e-01	7.000000e-01	
3.803340e+02	3738	1.832282e+02	2.643765e+02	3.803340e+02	3738	5.906473e-01	7.000000e-01	
3.804358e+02	3739	2.082532e+02	2.600031e+02	3.804358e+02	3739	5.552581e-01	7.000000e-01	
3.805375e+02	3740	2.178382e+02	2.692153e+02	3.805375e+02	3740	5.527428e-01	7.000000e-01	
3.806393e+02	3741	2.083467e+02	2.378585e+02	3.806393e+02	3741	5.330698e-01	7.000000e-01	
3.807410e+02	3742	2.086015e+02	2.391381e+02	3.807410e+02	3742	5.341008e-01	7.000000e-01	
3.808428e+02	3743	1.975958e+02	2.791616e+02	3.808428e+02	3743	5.855422e-01	7.000000e-01	
3.809445e+02	3744	2.185951e+02	2.532717e+02	3.809445e+02	3744	5.367441e-01	7.000000e-01	
3.810463e+02	3745	1.647699e+02	1.894150e+02	3.810463e+02	3745	5.347913e-01	7.000000e-01	
3.811480e+02	3746	2.086927e+02	2.467976e+02	3.811480e+02	3746	5.418284e-01	7.000000e-01	
3.812498e+02	3747	2.011134e+02	2.356047e+02	3.812498e+02	3747	5.394892e-01	7.000000e-01	
3.813515e+02	3748	2.237829e+02	2.502173e+02	3.813515e+02	3748	5.278844e-01	7.000000e-01	
3.814533e+02	3749	2.059945e+02	2.428453e+02	3.814533e+02	3749	5.410512e-01	7.000000e-01	
3.815550e+02	3750	2.207493e+02	2.542738e+02	3.815550e+02	3750	5.352872e-01	7.000000e-01	
3.816567e+02	3751	1.966366e+02	2.209079e+02	3.816567e+02	3751	5.290643e-01	7.000000e-01	
3.817585e+02	3752	2.090341e+02	2.200941e+02	3.817585e+02	3752	5.128866e-01	7.000000e-01	
3.818602e+02	3753	1.994683e+02	2.247486e+02	3.818602e+02	3753	5.297964e-01	7.000000e-01	
3.819620e+02	3754	1.996355e+02	2.212007e+02	3.819620e+02	3754	5.256218e-01	7.000000e-01	
3.820637e+02	3755	1.873664e+02	2.178521e+02	3.820637e+02	3755	5.376164e-01	7.000000e-01	
3.821655e+02	3756	1.979817e+02	2.325266e+02	3.821655e+02	3756	5.401211e-01	7.000000e-01	
3.822672e+02	3757	1.875790e+02	2.544992e+02	3.822672e+02	3757	5.756882e-01	7.000000e-01	
3.823690e+02	3758	1.954656e+02	2.038639e+02	3.823690e+02	3758	5.105155e-01	7.000000e-01	
3.824707e+02	3759	1.931402e+02	2.079495e+02	3.824707e+02	3759	5.184613e-01	7.000000e-01	
3.825725e+02	3760	2.108848e+02	2.492876e+02	3.825725e+02	3760	5.417265e-01	7.000000e-01	
3.826742e+02	3761	1.907040e+02	2.821879e+02	3.826742e+02	3761	5.967281e-01	7.000000e-01	
3.827760e+02	3762	1.944258e+02	2.350895e+02	3.827760e+02	3762	5.473367e-01	7.000000e-01	
3.828777e+02	3763	2.675585e+02	2.905871e+02	3.828777e+02	3763	5.206296e-01	7.000000e-01	
3.829795e+02	3764	2.153392e+02	2.582274e+02	3.829795e+02	3764	5.452821e-01	7.000000e-01	
3.830812e+02	3765	2.093265e+02	2.744615e+02	3.830812e+02	3765	5.673177e-01	7.000000e-01	
3.831830e+02	3766	1.516780e+02	2.465047e+02	3.831830e+02	3766	6.190744e-01	7.000000e-01	
3.832847e+02	3767	1.989363e+02	2.498091e+02	3.832847e+02	3767	5.566834e-01	7.000000e-01	
3.833865e+02	3768	2.043262e+02	2.310133e+02	3.833865e+02	3768	5.306509e-01	7.000000e-01	
3.834882e+02	3769	2.006149e+02	2.557927e+02	3.834882e+02	3769	5.604479e-01	7.000000e-01	
3.835900e+02	3770	1.766346e+02	2.142390e+02	3.835900e+02	3770	5.481030e-01	7.000000e-01	
3.836917e+02	3771	2.022212e+02	2.647420e+02	3.836917e+02	3771	5.669440e-01	7.000000e-01	
3.837935e+02	3772	1.939705e+02	2.196227e+02	3.837935e+02	3772	5.310114e-01	7.000000e-01	
3.838952e+02	3773	2.067546e+02	2.656462e+02	3.838952e+02	3773	5.623322e-01	7.000000e-01	
3.839970e+02	3774	1.951814e+02	2.650350e+02	3.839970e+02	3774	5.758921e-01	7.000000e-01	
3.840987e+02	3775	2.165823e+02	2.441805e+02	3.840987e+02	3775	5.299484e-01	7.000000e-01	
3.842004e+02	3776	1.949925e+02	2.603227e+02	3.842004e+02	3776	5.717417e-01	7.000000e-01	
3.843022e+02	3777	1.952491e+02	2.418303e+02	3.843022e+02	3777	5.532869e-01	7.000000e-01	
3.844039e+02	3778	2.046474e+02	2.559479e+02	3.844039e+02	3778	5.556893e-01	7.000000e-01	
3.845057e+02	3779	1.957329e+02	2.462248e+02	3.845057e+02	3779	5.571230e-01	7.000000e-01	
3.846074e+02	3780	1.843306e+02	2.300069e+02	3.846074e+02	3780	5.551197e-01	7.000000e-01	
3.847092e+02	3781	2.337953e+02	2.565531e+02	3.847092e+02	3781	5.232057e-01	7.000000e-01	
3.848109e+02	3782	1.974786e+02	2.574268e+02	3.848109e+02	3782	5.658908e-01	7.000000e-01	
3.849127e+02	3783	1.907946e+02	2.527165e+02	3.849127e+02	3783	5.698087e-01	7.000000e-01	
3.850144e+02	3784	1.982998e+02	2.347127e+02	3.850144e+02	3784	5.420460e-01	7.000000e-01	
3.851162e+02	3785	2.010688e+02	2.383167e+02	3.851162e+02	3785	5.423864e-01	7.000000e-01	
3.852179e+02	3786	2.040631e+02	2.412374e+02	3.852179e+02	3786	5.417407e-01	7.000000e-01	
3.853197e+02	3787	2.095557e+02	2.322396e+02	3.853197e+02	3787	5.256724e-01	7.000000e-01	
3.854214e+02	3788	1.941430e+02	2.438546e+02	3.854214e+02	3788	5.567487e-01	7.000000e-01	
3.855232e+02	3789	1.830631e+02	2.581675e+02	3.855232e+02	3789	5.851079e-01	7.000000e-01	
3.856249e+02	3790	2.023307e+02	2.373530e+02	3.856249e+02	3790	5.398267e-01	7.000000e-01	
3.857267e+02	3791	2.024665e+02	2.403094e+02	3.857267e+02	3791	5.427337e-01	7.000000e-01	
3.858284e+02	3792	1.963429e+02	2.927147e+02	3.858284e+02	3792	5.985281e-01	7.000000e-01	
3.859302e+02	3793	1.410498e+02	2.679447e+02	3.859302e+02	3793	6.551303e-01	7.000000e-01	
3.860319e+02	3794	1.923740e+02	2.489134e+02	3.860319e+02	3794	5.640619e-01	7.000000e-01	
3.861337e+02	3795	2.105135e+02	2.367602e+02	3.861337e+02	3795	5.293408e-01	7.000000e-01	
3.862354e+02	3796	2.172894e+02	2.492768e+02	3.862354e+02	3796	5.342796e-01	7.000000e-01	
3.863372e+02	3797	2.129926e+02	2.472720e+02	3.863372e+02	3797	5.372388e-01	7.000000e-01	
3.864389e+02	3798	1.918243e+02	2.585126e+02	3.864389e+02	3798	5.740427e-01	7.000000e-01	
3.865407e+02	3799	2.100817e+02	2.338883e+02	3.865407e+02	3799	5.268110e-01	7.000000e-01	
3.866424e+02	3800	2.362290e+02	2.204891e+02	3.866424e+02	3800	4.827685e-01	7.000000e-01	
3.867441e+02	3801	2.211040e+02	2.851292e+02	3.867441e+02	3801	5.632369e-01	7.000000e-01	
3.868459e+02	3802	2.069358e+02	2.733274e+02	3.868459e+02	3802	5.691200e-01	7.000000e-01	
3.869476e+02	3803	2.110683e+02	2.295521e+02	3.869476e+02	3803	5.209747e-01	7.000000e-01	
3.870494e+02	3804	2.088293e+02	2.766124e+02	3.870494e+02	3804	5.698159e-01	7.000000e-01	
3.871511e+02	3805	2.552643e+02	3.084884e+02	3.871511e+02	3805	5.472052e-01	7.000000e-01	
3.872529e+02	3806	1.860349e+02	2.458710e+02	3.872529e+02	3806	5.692698e-01	7.000000e-01	
3.873546e+02	3807	2.074938e+02	2.706311e+02	3.873546e+02	3807	5.660259e-01	7.000000e-01	
3.874564e+02	3808	1.641279e+02	2.645769e+02	3.874564e+02	3808	6.171540e-01	7.000000e-01	
3.875581e+02	3809	2.013586e+02	2.642679e+02	3.875581e+02	3809	5.675534e-01	7.000000e-01	
3.876599e+02	3810	2.158435e+02	2.673368e+02	3.876599e+02	3810	5.532858e-01	7.000000e-01	
3.877616e+02	3811	2.107613e+02	2.766210e+02	3.877616e+02	3811	5.675647e-01	7.000000e-01	
3.878634e+02	3812	2.138359e+02	2.762166e+02	3.878634e+02	3812	5.636470e-01	7.000000e-01	
3.879651e+02	3813	2.112761e+02	2.728160e+02	3.879651e+02	3813	5.635622e-01	7.000000e-01	
3.880669e+02	3814	2.050138e+02	2.897531e+02	3.880669e+02	3814	5.856356e-01	7.000000e-01	
3.881686e+02	3815	2.085326e+02	2.524651e+02	3.881686e+02	3815	5.476494e-01	7.000000e-01	
3.882704e+02	3816	1.964827e+02	2.430180e+02	3.882704e+02	3816	5.529411e-01	7.000000e-01	
3.883721e+02	3817	2.221437e+02	2.755958e+02	3.883721e+02	3817	5.536949e-01	7.000000e-01	
3.884739e+02	3818	2.200881e+02	2.672674e+02	3.884739e+02	3818	5.484034e-01	7.000000e-01	
3.885756e+02	3819	1.876191e+02	2.419862e+02	3.885756e+02	3819	5.632756e-01	7.000000e-01	
3.886774e+02	3820	1.736324e+02	2.233501e+02	3.886774e+02	3820	5.626195e-01	7.000000e-01	
3.887791e+02	3821	1.713769e+02	2.511943e+02	3.887791e+02	3821	5.944425e-01	7.000000e-01	
3.888809e+02	3822	1.973124e+02	2.419429e+02	3.888809e+02	3822	5.508025e-01	7.000000e-01	
3.889826e+02	3823	1.861031e+02	2.352398e+02	3.889826e+02	3823	5.583096e-01	7.000000e-01	
3.890844e+02	3824	1.961466e+02	2.519910e+02	3.890844e+02	3824	5.623072e-01	7.000000e-01	
3.891861e+02	3825	2.349916e+02	3.001028e+02	3.891861e+02	3825	5.608409e-01	7.000000e-01	
3.892878e+02	3826	1.923582e+02	2.769386e+02	3.892878e+02	3826	5.901140e-01	7.000000e-01	
3.893896e+02	3827	2.366365e+02	2.833271e+02	3.893896e+02	3827	5.448980e-01	7.000000e-01	
3.894913e+02	3828	1.842106e+02	2.987916e+02	3.894913e+02	3828	6.186133e-01	7.000000e-01	
3.895931e+02	3829	2.758344e+02	3.247879e+02	3.895931e+02	3829	5.407523e-01	7.000000e-01	
3.896948e+02	3830	2.160633e+02	2.796325e+02	3.896948e+02	3830	5.641212e-01	7.000000e-01	
3.897966e+02	3831	2.401730e+02	2.837618e+02	3.897966e+02	3831	5.415975e-01	7.000000e-01	
3.898983e+02	3832	1.898193e+02	2.691626e+02	3.898983e+02	3832	5.864340e-01	7.000000e-01	
3.900001e+02	3833	2.110089e+02	2.812311e+02	3.900001e+02	3833	5.713292e-01	7.000000e-01	
3.901018e+02	3834	2.507834e+02	2.931530e+02	3.901018e+02	3834	5.389472e-01	7.000000e-01	
3.902036e+02	3835	2.302647e+02	2.831948e+02	3.902036e+02	3835	5.515426e-01	7.000000e-01	
3.903053e+02	3836	1.784194e+02	2.764725e+02	3.903053e+02	3836	6.077763e-01	7.000000e-01	
3.904071e+02	3837	1.981997e+02	2.920405e+02	3.904071e+02	3837	5.957090e-01	7.000000e-01	
3.905088e+02	3838	1.985514e+02	2.658246e+02	3.905088e+02	3838	5.724340e-01	7.000000e-01	
3.906106e+02	3839	1.775584e+02	2.596527e+02	3.906106e+02	3839	5.938841e-01	7.000000e-01	
3.907123e+02	3840	1.974231e+02	2.744298e+02	3.907123e+02	3840	5.816003e-01	7.000000e-01	
3.908141e+02	3841	1.860547e+02	2.877028e+02	3.908141e+02	3841	6.072786e-01	7.000000e-01	
3.909158e+02	3842	1.871126e+02	2.665353e+02	3.909158e+02	3842	5.875378e-01	7.000000e-01	
3.910176e+02	3843	1.876329e+02	2.747694e+02	3.910176e+02	3843	5.942215e-01	7.000000e-01	
3.911193e+02	3844	1.785730e+02	2.644944e+02	3.911193e+02	3844	5.969620e-01	7.000000e-01	
3.912211e+02	3845	1.919774e+02	2.482732e+02	3.912211e+02	3845	5.639361e-01	7.000000e-01	
3.913228e+02	3846	1.809765e+02	2.826299e+02	3.913228e+02	3846	6.096333e-01	7.000000e-01	
3.914246e+02	3847	1.698646e+02	2.327738e+02	3.914246e+02	3847	5.781212e-01	7.000000e-01	
3.915263e+02	3848	1.776930e+02	2.843297e+02	3.915263e+02	3848	6.154020e-01	7.000000e-01	
3.916281e+02	3849	1.752512e+02	2.829849e+02	3.916281e+02	3849	6.175526e-01	7.000000e-01	
3.917298e+02	3850	1.709864e+02	2.879186e+02	3.917298e+02	3850	6.274035e-01	7.000000e-01	
3.918315e+02	3851	1.841900e+02	2.730455e+02	3.918315e+02	3851	5.971660e-01	7.000000e-01	
3.919333e+02	3852	1.903903e+02	2.979225e+02	3.919333e+02	3852	6.101059e-01	7.000000e-01	
3.920350e+02	3853	1.534706e+02	2.883386e+02	3.920350e+02	3853	6.526315e-01	7.000000e-01	
3.921368e+02	3854	1.796649e+02	2.707299e+02	3.921368e+02	3854	6.010946e-01	7.000000e-01	
3.922385e+02	3855	1.588890e+02	2.874344e+02	3.922385e+02	3855	6.440048e-01	7.000000e-01	
3.923403e+02	3856	1.567007e+02	3.130731e+02	3.923403e+02	3856	6.664337e-01	7.000000e-01	
3.924420e+02	3857	1.687064e+02	2.786621e+02	3.924420e+02	3857	6.228916e-01	7.000000e-01	
3.925438e+02	3858	1.572201e+02	2.759486e+02	3.925438e+02	3858	6.370465e-01	7.000000e-01	
3.926455e+02	3859	1.539257e+02	2.976877e+02	3.926455e+02	3859	6.591649e-01	7.000000e-01	
3.927473e+02	3860	1.778617e+02	2.920611e+02	3.927473e+02	3860	6.215087e-01	7.000000e-01	
3.928490e+02	3861	1.785919e+02	2.848313e+02	3.928490e+02	3861	6.146246e-01	7.000000e-01	
3.929508e+02	3862	1.681858e+02	2.681624e+02	3.929508e+02	3862	6.145606e-01	7.000000e-01	
3.930525e+02	3863	1.852890e+02	2.846047e+02	3.930525e+02	3863	6.056789e-01	7.000000e-01	
3.931543e+02	3864	1.620680e+02	2.800848e+02	3.931543e+02	3864	6.334570e-01	7.000000e-01	
3.932560e+02	3865	1.730090e+02	2.799322e+02	3.932560e+02	3865	6.180321e-01	7.000000e-01	
3.933578e+02	3866	1.721885e+02	2.833154e+02	3.933578e+02	3866	6.219824e-01	7.000000e-01	
3.934595e+02	3867	1.752662e+02	2.454505e+02	3.934595e+02	3867	5.834104e-01	7.000000e-01	
3.935613e+02	3868	1.700158e+02	2.816419e+02	3.935613e+02	3868	6.235738e-01	7.000000e-01	
3.936630e+02	3869	1.703629e+02	2.879484e+02	3.936630e+02	3869	6.282813e-01	7.000000e-01	
3.937648e+02	3870	1.954951e+02	2.510226e+02	3.937648e+02	3870	5.621784e-01	7.000000e-01	
3.938665e+02	3871	1.877169e+02	2.401310e+02	3.938665e+02	3871	5.612532e-01	7.000000e-01	
3.939683e+02	3872	2.191418e+02	2.542778e+02	3.939683e+02	3872	5.371087e-01	7.000000e-01	
3.940700e+02	3873	1.803556e+02	2.425832e+02	3.940700e+02	3873	5.735657e-01	7.000000e-01	
3.941718e+02	3874	1.883880e+02	2.650112e+02	3.941718e+02	3874	5.844986e-01	7.000000e-01	
3.942735e+02	3875	1.944447e+02	2.376603e+02	3.942735e+02	3875	5.500059e-01	7.000000e-01	
3.943752e+02	3876	2.144574e+02	2.748634e+02	3.943752e+02	3876	5.617243e-01	7.000000e-01	
3.944770e+02	3877	1.980591e+02	2.318122e+02	3.944770e+02	3877	5.392595e-01	7.000000e-01	
3.945787e+02	3878	2.027543e+02	2.859268e+02	3.945787e+02	3878	5.850990e-01	7.000000e-01	
3.946805e+02	3879	2.225046e+02	2.812000e+02	3.946805e+02	3879	5.582637e-01	7.000000e-01	
3.947822e+02	3880	2.294827e+02	3.217758e+02	3.947822e+02	3880	5.837113e-01	7.000000e-01	
3.948840e+02	3881	2.264737e+02	2.748310e+02	3.948840e+02	3881	5.482314e-01	7.000000e-01	
3.949857e+02	3882	2.189679e+02	2.748793e+02	3.949857e+02	3882	5.566080e-01	7.000000e-01	
3.950875e+02	3883	1.829946e+02	2.508451e+02	3.950875e+02	3883	5.781977e-01	7.000000e-01	
3.951892e+02	3884	1.720241e+02	2.568366e+02	3.951892e+02	3884	5.988812e-01	7.000000e-01	
3.952910e+02	3885	2.125937e+02	2.742809e+02	3.952910e+02	3885	5.633502e-01	7.000000e-01	
3.953927e+02	3886	1.913507e+02	2.638025e+02	3.953927e+02	3886	5.795906e-01	7.000000e-01	
3.954945e+02	3887	1.855002e+02	2.563958e+02	3.954945e+02	3887	5.802175e-01	7.000000e-01	
3.955962e+02	3888	1.700890e+02	2.441045e+02	3.955962e+02	3888	5.893489e-01	7.000000e-01	
3.956980e+02	3889	1.850994e+02	2.475700e+02	3.956980e+02	3889	5.721921e-01	7.000000e-01	
3.957997e+02	3890	1.765175e+02	2.607487e+02	3.957997e+02	3890	5.963157e-01	7.000000e-01	
3.959015e+02	3891	2.016117e+02	2.256568e+02	3.959015e+02	3891	5.281382e-01	7.000000e-01	
3.960032e+02	3892	1.992760e+02	2.431084e+02	3.960032e+02	3892	5.495411e-01	7.000000e-01	
3.961050e+02	3893	1.739258e+02	2.369807e+02	3.961050e+02	3893	5.767266e-01	7.000000e-01	
3.962067e+02	3894	1.949040e+02	2.351848e+02	3.962067e+02	3894	5.468285e-01	7.000000e-01	
3.963085e+02	3895	1.866423e+02	2.537551e+02	3.963085e+02	3895	5.761957e-01	7.000000e-01	
3.964102e+02	3896	2.249688e+02	2.214586e+02	3.964102e+02	3896	4.960686e-01	0	
3.965120e+02	3897	2.163883e+02	2.074132e+02	3.965120e+02	3897	4.894112e-01	0	
3.966137e+02	3898	2.076573e+02	2.387093e+02	3.966137e+02	3898	5.347831e-01	7.000000e-01	
3.967155e+02	3899	1.973955e+02	2.177581e+02	3.967155e+02	3899	5.245242e-01	7.000000e-01	
3.968172e+02	3900	2.069664e+02	2.311115e+02	3.968172e+02	3900	5.275580e-01	7.000000e-01	
3.969189e+02	3901	2.332808e+02	2.255125e+02	3.969189e+02	3901	4.915340e-01	7.000000e-01	
3.970207e+02	3902	1.843663e+02	2.230311e+02	3.970207e+02	3902	5.474534e-01	7.000000e-01	
3.971224e+02	3903	1.820126e+02	2.328687e+02	3.971224e+02	3903	5.612899e-01	7.000000e-01	
3.972242e+02	3904	1.777528e+02	2.221693e+02	3.972242e+02	3904	5.555314e-01	7.000000e-01	
3.973259e+02	3905	1.826031e+02	2.221682e+02	3.973259e+02	3905	5.488734e-01	7.000000e-01	
3.974277e+02	3906	1.857001e+02	2.481604e+02	3.974277e+02	3906	5.719820e-01	7.000000e-01	
3.975294e+02	3907	1.995850e+02	2.144305e+02	3.975294e+02	3907	5.179287e-01	7.000000e-01	
3.976312e+02	3908	2.009357e+02	2.406490e+02	3.976312e+02	3908	5.449668e-01	7.000000e-01	
3.977329e+02	3909	1.784926e+02	2.555108e+02	3.977329e+02	3909	5.887300e-01	7.000000e-01	
3.978347e+02	3910	1.859544e+02	2.432550e+02	3.978347e+02	3910	5.667513e-01	7.000000e-01	
3.979364e+02	3911	2.004599e+02	2.408161e+02	3.979364e+02	3911	5.457267e-01	7.000000e-01	
3.980382e+02	3912	1.844269e+02	2.604808e+02	3.980382e+02	3912	5.854715e-01	7.000000e-01	
3.981399e+02	3913	1.891319e+02	2.792126e+02	3.981399e+02	3913	5.961693e-01	7.000000e-01	
3.982417e+02	3914	1.602897e+02	2.964131e+02	3.982417e+02	3914	6.490284e-01	7.000000e-01	
3.983434e+02	3915	1.799567e+02	2.988862e+02	3.983434e+02	3915	6.241843e-01	7.000000e-01	
3.984452e+02	3916	1.854037e+02	3.699234e+02	3.984452e+02	3916	6.661360e-01	7.000000e-01	
3.985469e+02	3917	2.053348e+02	3.529034e+02	3.985469e+02	3917	6.321735e-01	7.000000e-01	
3.986487e+02	3918	1.950308e+02	3.017221e+02	3.986487e+02	3918	6.073887e-01	7.000000e-01	
3.987504e+02	3919	1.711611e+02	3.149662e+02	3.987504e+02	3919	6.479089e-01	7.000000e-01	
3.988522e+02	3920	1.838803e+02	2.774451e+02	3.988522e+02	3920	6.014087e-01	7.000000e-01	
3.989539e+02	3921	1.826253e+02	2.758673e+02	3.989539e+02	3921	6.016832e-01	7.000000e-01	
3.990557e+02	3922	1.899808e+02	3.703687e+02	3.990557e+02	3922	6.609602e-01	7.000000e-01	
3.991574e+02	3923	1.985010e+02	3.549905e+02	3.991574e+02	3923	6.413658e-01	7.000000e-01	
3.992592e+02	3924	1.780959e+02	2.463620e+02	3.992592e+02	3924	5.804156e-01	7.000000e-01	
3.993609e+02	3925	1.754698e+02	2.438149e+02	3.993609e+02	3925	5.815020e-01	7.000000e-01	
3.994626e+02	3926	1.841086e+02	2.378996e+02	3.994626e+02	3926	5.637322e-01	7.000000e-01	
3.995644e+02	3927	1.697159e+02	2.876845e+02	3.995644e+02	3927	6.289555e-01	7.000000e-01	
3.996661e+02	3928	1.584975e+02	2.575986e+02	3.996661e+02	3928	6.190844e-01	7.000000e-01	
3.997679e+02	3929	1.851089e+02	2.784016e+02	3.997679e+02	3929	6.006371e-01	7.000000e-01	
3.998696e+02	3930	1.780290e+02	2.995742e+02	3.998696e+02	3930	6.272450e-01	7.000000e-01	
3.999714e+02	3931	1.891645e+02	1.790819e+02	3.999714e+02	3931	4.863100e-01	0	
4.000731e+02	3932	1.745955e+02	1.726948e+02	4.000731e+02	3932	4.972635e-01	0	
4.001749e+02	3933	1.941610e+02	1.755631e+02	4.001749e+02	3933	4.748489e-01	0	
4.002766e+02	3934	1.732144e+02	1.925701e+02	4.002766e+02	3934	5.264578e-01	0	
4.003784e+02	3935	1.797507e+02	1.794638e+02	4.003784e+02	3935	4.996007e-01	0	
4.004801e+02	3936	1.822299e+02	2.171405e+02	4.004801e+02	3936	5.437070e-01	7.000000e-01	
4.005819e+02	3937	1.930623e+02	2.371973e+02	4.005819e+02	3937	5.512888e-01	7.000000e-01	
4.006836e+02	3938	1.866817e+02	1.859121e+02	4.006836e+02	3938	4.989672e-01	7.000000e-01	
4.007854e+02	3939	2.031539e+02	2.493601e+02	4.007854e+02	3939	5.510550e-01	7.000000e-01	
4.008871e+02	3940	1.943626e+02	2.061198e+02	4.008871e+02	3940	5.146788e-01	7.000000e-01	
4.009889e+02	3941	1.882391e+02	2.461846e+02	4.009889e+02	3941	5.666924e-01	7.000000e-01	
4.010906e+02	3942	1.946554e+02	2.075109e+02	4.010906e+02	3942	5.159828e-01	7.000000e-01	
4.011924e+02	3943	1.674967e+02	2.657301e+02	4.011924e+02	3943	6.133741e-01	7.000000e-01	
4.012941e+02	3944	1.748230e+02	2.659098e+02	4.012941e+02	3944	6.033356e-01	7.000000e-01	
4.013959e+02	3945	1.887456e+02	2.608365e+02	4.013959e+02	3945	5.801755e-01	7.000000e-01	
4.014976e+02	3946	1.797548e+02	2.548586e+02	4.014976e+02	3946	5.864030e-01	7.000000e-01	
4.015994e+02	3947	1.635203e+02	2.380230e+02	4.015994e+02	3947	5.927704e-01	7.000000e-01	
4.017011e+02	3948	2.067218e+02	2.562456e+02	4.017011e+02	3948	5.534852e-01	7.000000e-01	
4.018029e+02	3949	1.756396e+02	2.666584e+02	4.018029e+02	3949	6.028931e-01	7.000000e-01	
4.019046e+02	3950	1.936362e+02	2.407174e+02	4.019046e+02	3950	5.541969e-01	7.000000e-01	
4.020063e+02	3951	1.899991e+02	2.341960e+02	4.020063e+02	3951	5.520950e-01	7.000000e-01	
4.021081e+02	3952	2.122771e+02	2.335075e+02	4.021081e+02	3952	5.238124e-01	7.000000e-01	
4.022098e+02	3953	1.918470e+02	2.402555e+02	4.022098e+02	3953	5.560151e-01	7.000000e-01	
4.023116e+02	3954	1.969665e+02	2.363901e+02	4.023116e+02	3954	5.454863e-01	7.000000e-01	
4.024133e+02	3955	1.990309e+02	2.322490e+02	4.024133e+02	3955	5.385111e-01	7.000000e-01	
4.025151e+02	3956	1.897677e+02	2.389329e+02	4.025151e+02	3956	5.573421e-01	7.000000e-01	
4.026168e+02	3957	2.144585e+02	2.636065e+02	4.026168e+02	3957	5.514031e-01	7.000000e-01	
4.027186e+02	3958	1.988346e+02	2.501768e+02	4.027186e+02	3958	5.571725e-01	7.000000e-01	
4.028203e+02	3959	1.795022e+02	2.815254e+02	4.028203e+02	3959	6.106476e-01	7.000000e-01	
4.029221e+02	3960	1.992457e+02	2.534670e+02	4.029221e+02	3960	5.598849e-01	7.000000e-01	
4.030238e+02	3961	2.062587e+02	2.551224e+02	4.030238e+02	3961	5.529537e-01	7.000000e-01	
4.031256e+02	3962	2.078876e+02	2.679052e+02	4.031256e+02	3962	5.630712e-01	7.000000e-01	
4.032273e+02	3963	1.884568e+02	2.217113e+02	4.032273e+02	3963	5.405376e-01	7.000000e-01	
4.033291e+02	3964	2.209150e+02	2.567073e+02	4.033291e+02	3964	5.374693e-01	7.000000e-01	
4.034308e+02	3965	1.998578e+02	2.591497e+02	4.034308e+02	3965	5.645871e-01	7.000000e-01	
4.035326e+02	3966	1.435387e+02	1.498034e+02	4.035326e+02	3966	5.106781e-01	7.000000e-01	
4.036343e+02	3967	1.834204e+02	2.579833e+02	4.036343e+02	3967	5.844611e-01	7.000000e-01	
4.037361e+02	3968	1.945314e+02	2.472102e+02	4.037361e+02	3968	5.596263e-01	7.000000e-01	
4.038378e+02	3969	1.996465e+02	2.220078e+02	4.038378e+02	3969	5.265162e-01	7.000000e-01	
4.039396e+02	3970	1.746957e+02	2.556087e+02	4.039396e+02	3970	5.940183e-01	7.000000e-01	
4.040413e+02	3971	1.997336e+02	2.294767e+02	4.040413e+02	3971	5.346486e-01	7.000000e-01	
4.041431e+02	3972	1.801876e+02	2.707599e+02	4.041431e+02	3972	6.004244e-01	7.000000e-01	
4.042448e+02	3973	1.688025e+02	2.744676e+02	4.042448e+02	3973	6.191882e-01	7.000000e-01	
4.043466e+02	3974	1.920186e+02	2.539110e+02	4.043466e+02	3974	5.693971e-01	7.000000e-01	
4.044483e+02	3975	1.910018e+02	2.671825e+02	4.044483e+02	3975	5.831333e-01	7.000000e-01	
4.045500e+02	3976	1.740230e+02	3.281911e+02	4.045500e+02	3976	6.534884e-01	7.000000e-01	
4.046518e+02	3977	1.467100e+02	2.333095e+02	4.046518e+02	3977	6.139409e-01	7.000000e-01	
4.047535e+02	3978	1.756512e+02	2.874304e+02	4.047535e+02	3978	6.206906e-01	7.000000e-01	
4.048553e+02	3979	2.078153e+02	2.971816e+02	4.048553e+02	3979	5.884820e-01	7.000000e-01	
4.049570e+02	3980	2.063351e+02	3.070701e+02	4.049570e+02	3980	5.981048e-01	7.000000e-01	
4.050588e+02	3981	2.081775e+02	3.100356e+02	4.050588e+02	3981	5.982782e-01	7.000000e-01	
4.051605e+02	3982	2.234893e+02	3.388696e+02	4.051605e+02	3982	6.025860e-01	7.000000e-01	
4.052623e+02	3983	2.453281e+02	3.351243e+02	4.052623e+02	3983	5.773502e-01	7.000000e-01	
4.053640e+02	3984	1.935647e+02	2.511046e+02	4.053640e+02	3984	5.646997e-01	7.000000e-01	
4.054658e+02	3985	2.042925e+02	2.580333e+02	4.054658e+02	3985	5.581201e-01	7.000000e-01	
4.055675e+02	3986	1.691591e+02	2.457392e+02	4.055675e+02	3986	5.922878e-01	7.000000e-01	
4.056693e+02	3987	1.897245e+02	2.678393e+02	4.056693e+02	3987	5.853595e-01	7.000000e-01	
4.057710e+02	3988	1.990855e+02	2.563586e+02	4.057710e+02	3988	5.628761e-01	7.000000e-01	
4.058728e+02	3989	1.554156e+02	2.270953e+02	4.058728e+02	3989	5.936963e-01	7.000000e-01	
4.059745e+02	3990	1.846269e+02	2.695012e+02	4.059745e+02	3990	5.934475e-01	7.000000e-01	
4.060763e+02	3991	1.447385e+02	2.308138e+02	4.060763e+02	3991	6.145983e-01	7.000000e-01	
4.061780e+02	3992	1.453315e+02	2.385665e+02	4.061780e+02	3992	6.214320e-01	7.000000e-01	
4.062798e+02	3993	1.557960e+02	2.230622e+02	4.062798e+02	3993	5.887749e-01	7.000000e-01	
4.063815e+02	3994	1.502424e+02	2.100184e+02	4.063815e+02	3994	5.829621e-01	7.000000e-01	
4.064833e+02	3995	1.420262e+02	2.377381e+02	4.064833e+02	3995	6.260149e-01	7.000000e-01	
4.065850e+02	3996	1.497481e+02	2.382921e+02	4.065850e+02	3996	6.140913e-01	7.000000e-01	
4.066868e+02	3997	1.341951e+02	2.139008e+02	4.066868e+02	3997	6.144881e-01	7.000000e-01	
4.067885e+02	3998	1.310470e+02	2.028431e+02	4.067885e+02	3998	6.075146e-01	7.000000e-01	
4.068903e+02	3999	1.453443e+02	2.179459e+02	4.068903e+02	3999	5.999223e-01	7.000000e-01	
4.069920e+02	4000	1.599072e+02	2.101531e+02	4.069920e+02	4000	5.678888e-01	7.000000e-01	
