time at 532nm	frame at 532nm	I_1 at 532nm(counts)	I_2 at 532nm(counts)	time at 532nm	frame at 532nm	FRET_1>2	discr.FRET_1>2	
1.017480e-01	1	1.143919e+02	2.531751e+02	1.017480e-01	1	6.887863e-01	7.000000e-01	
2.034960e-01	2	1.143919e+02	2.531751e+02	2.034960e-01	2	6.887863e-01	7.000000e-01	
3.052440e-01	3	9.844551e+01	2.465999e+02	3.052440e-01	3	7.146882e-01	7.000000e-01	
4.069920e-01	4	1.180390e+02	2.548514e+02	4.069920e-01	4	6.834485e-01	7.000000e-01	
5.087400e-01	5	1.007875e+02	2.544245e+02	5.087400e-01	5	7.162610e-01	7.000000e-01	
6.104880e-01	6	1.200811e+02	2.560370e+02	6.104880e-01	6	6.807357e-01	7.000000e-01	
7.122360e-01	7	1.160154e+02	2.538378e+02	7.122360e-01	7	6.863204e-01	7.000000e-01	
8.139840e-01	8	1.059275e+02	2.290568e+02	8.139840e-01	8	6.837837e-01	7.000000e-01	
9.157320e-01	9	7.446433e+01	2.626051e+02	9.157320e-01	9	7.790831e-01	7.000000e-01	
1.017480e+00	10	8.285016e+01	2.767120e+02	1.017480e+00	10	7.695804e-01	7.000000e-01	
1.119228e+00	11	8.552875e+01	2.767473e+02	1.119228e+00	11	7.639128e-01	7.000000e-01	
1.220976e+00	12	8.831732e+01	2.540975e+02	1.220976e+00	12	7.420751e-01	7.000000e-01	
1.322724e+00	13	9.591640e+01	2.416812e+02	1.322724e+00	13	7.158854e-01	7.000000e-01	
1.424472e+00	14	9.329091e+01	2.591109e+02	1.424472e+00	14	7.352712e-01	7.000000e-01	
1.526220e+00	15	9.371821e+01	2.548360e+02	1.526220e+00	15	7.311230e-01	7.000000e-01	
1.627968e+00	16	8.164238e+01	2.762732e+02	1.627968e+00	16	7.718949e-01	7.000000e-01	
1.729716e+00	17	8.682996e+01	2.671593e+02	1.729716e+00	17	7.547102e-01	7.000000e-01	
1.831464e+00	18	9.621662e+01	2.396856e+02	1.831464e+00	18	7.135577e-01	7.000000e-01	
1.933212e+00	19	8.493811e+01	2.706637e+02	1.933212e+00	19	7.611426e-01	7.000000e-01	
2.034960e+00	20	9.149214e+01	2.927261e+02	2.034960e+00	20	7.618746e-01	7.000000e-01	
2.136708e+00	21	8.301882e+01	3.033870e+02	2.136708e+00	21	7.851512e-01	7.000000e-01	
2.238456e+00	22	1.008794e+02	2.062682e+02	2.238456e+00	22	6.715605e-01	7.000000e-01	
2.340204e+00	23	9.263568e+01	2.890814e+02	2.340204e+00	23	7.573185e-01	7.000000e-01	
2.441952e+00	24	8.628883e+01	2.753582e+02	2.441952e+00	24	7.614004e-01	7.000000e-01	
2.543700e+00	25	6.367685e+01	2.223328e+02	2.543700e+00	25	7.773612e-01	7.000000e-01	
2.645448e+00	26	9.379861e+01	1.993952e+02	2.645448e+00	26	6.800798e-01	7.000000e-01	
2.747196e+00	27	1.000394e+02	2.279490e+02	2.747196e+00	27	6.949910e-01	7.000000e-01	
2.848944e+00	28	1.173637e+02	2.016591e+02	2.848944e+00	28	6.321150e-01	7.000000e-01	
2.950692e+00	29	1.201453e+02	1.944374e+02	2.950692e+00	29	6.180804e-01	7.000000e-01	
3.052440e+00	30	9.821549e+01	1.973116e+02	3.052440e+00	30	6.676599e-01	7.000000e-01	
3.154188e+00	31	7.324846e+01	2.275375e+02	3.154188e+00	31	7.564765e-01	7.000000e-01	
3.255936e+00	32	1.056294e+02	1.948197e+02	3.255936e+00	32	6.484283e-01	7.000000e-01	
3.357684e+00	33	1.021932e+02	2.144522e+02	3.357684e+00	33	6.772630e-01	7.000000e-01	
3.459432e+00	34	7.378414e+01	2.174653e+02	3.459432e+00	34	7.466634e-01	7.000000e-01	
3.561180e+00	35	5.501842e+01	1.926178e+02	3.561180e+00	35	7.778256e-01	7.000000e-01	
3.662928e+00	36	6.049031e+01	2.340120e+02	3.662928e+00	36	7.946016e-01	7.000000e-01	
3.764676e+00	37	7.371924e+01	2.211475e+02	3.764676e+00	37	7.499913e-01	7.000000e-01	
3.866424e+00	38	7.075905e+01	2.202077e+02	3.866424e+00	38	7.568140e-01	7.000000e-01	
3.968172e+00	39	8.119615e+01	2.224711e+02	3.968172e+00	39	7.326147e-01	7.000000e-01	
4.069920e+00	40	6.816663e+01	2.224402e+02	4.069920e+00	40	7.654335e-01	7.000000e-01	
4.171668e+00	41	7.222538e+01	2.132892e+02	4.171668e+00	41	7.470344e-01	7.000000e-01	
4.273416e+00	42	6.719731e+01	2.247634e+02	4.273416e+00	42	7.698413e-01	7.000000e-01	
4.375164e+00	43	6.743831e+01	2.327538e+02	4.375164e+00	43	7.753495e-01	7.000000e-01	
4.476912e+00	44	8.864079e+01	2.304985e+02	4.476912e+00	44	7.222505e-01	7.000000e-01	
4.578660e+00	45	6.021894e+01	2.487597e+02	4.578660e+00	45	8.051032e-01	7.000000e-01	
4.680408e+00	46	7.714551e+01	2.180524e+02	4.680408e+00	46	7.386651e-01	7.000000e-01	
4.782156e+00	47	7.171111e+01	2.672996e+02	4.782156e+00	47	7.884695e-01	7.000000e-01	
4.883904e+00	48	6.937455e+01	2.027923e+02	4.883904e+00	48	7.451029e-01	7.000000e-01	
4.985652e+00	49	7.293943e+01	2.812043e+02	4.985652e+00	49	7.940400e-01	7.000000e-01	
5.087400e+00	50	6.155518e+01	3.039143e+02	5.087400e+00	50	8.315723e-01	7.000000e-01	
5.189148e+00	51	7.200577e+01	2.703203e+02	5.189148e+00	51	7.896574e-01	7.000000e-01	
5.290896e+00	52	6.742993e+01	2.932663e+02	5.290896e+00	52	8.130562e-01	7.000000e-01	
5.392644e+00	53	7.894131e+01	2.120702e+02	5.392644e+00	53	7.287348e-01	7.000000e-01	
5.494392e+00	54	6.830099e+01	2.285795e+02	5.494392e+00	54	7.699378e-01	7.000000e-01	
5.596140e+00	55	7.323819e+01	2.508332e+02	5.596140e+00	55	7.740060e-01	7.000000e-01	
5.697888e+00	56	7.351030e+01	2.132550e+02	5.697888e+00	56	7.436569e-01	7.000000e-01	
5.799636e+00	57	6.538866e+01	2.372689e+02	5.799636e+00	57	7.839517e-01	7.000000e-01	
5.901384e+00	58	7.208275e+01	2.569894e+02	5.901384e+00	58	7.809515e-01	7.000000e-01	
6.003132e+00	59	6.925849e+01	2.402051e+02	6.003132e+00	59	7.761983e-01	7.000000e-01	
6.104880e+00	60	5.906797e+01	2.255968e+02	6.104880e+00	60	7.924999e-01	7.000000e-01	
6.206628e+00	61	5.509685e+01	1.998290e+02	6.206628e+00	61	7.838711e-01	7.000000e-01	
6.308376e+00	62	6.544749e+01	2.245055e+02	6.308376e+00	62	7.742824e-01	7.000000e-01	
6.410124e+00	63	6.205427e+01	2.239039e+02	6.410124e+00	63	7.829953e-01	7.000000e-01	
6.511872e+00	64	4.353846e+01	2.136115e+02	6.511872e+00	64	8.306884e-01	7.000000e-01	
6.613620e+00	65	6.269026e+01	2.246514e+02	6.613620e+00	65	7.818268e-01	7.000000e-01	
6.715368e+00	66	5.836590e+01	2.196095e+02	6.715368e+00	66	7.900321e-01	7.000000e-01	
6.817116e+00	67	8.508537e+01	2.373308e+02	6.817116e+00	67	7.361008e-01	7.000000e-01	
6.918864e+00	68	7.573837e+01	2.297890e+02	6.918864e+00	68	7.521061e-01	7.000000e-01	
7.020612e+00	69	6.989556e+01	2.632801e+02	7.020612e+00	69	7.902141e-01	7.000000e-01	
7.122360e+00	70	7.082302e+01	2.209071e+02	7.122360e+00	70	7.572310e-01	7.000000e-01	
7.224108e+00	71	6.973748e+01	2.586403e+02	7.224108e+00	71	7.876303e-01	7.000000e-01	
7.325856e+00	72	7.087880e+01	2.487621e+02	7.325856e+00	72	7.782549e-01	7.000000e-01	
7.427604e+00	73	7.569578e+01	2.934334e+02	7.427604e+00	73	7.949342e-01	7.000000e-01	
7.529352e+00	74	6.641454e+01	2.396877e+02	7.529352e+00	74	7.830315e-01	7.000000e-01	
7.631100e+00	75	4.396172e+01	2.541411e+02	7.631100e+00	75	8.525283e-01	7.000000e-01	
7.732848e+00	76	6.143839e+01	2.361578e+02	7.732848e+00	76	7.935512e-01	7.000000e-01	
7.834596e+00	77	5.009652e+01	2.490999e+02	7.834596e+00	77	8.325631e-01	7.000000e-01	
7.936344e+00	78	4.459172e+01	2.536947e+02	7.936344e+00	78	8.505070e-01	7.000000e-01	
8.038092e+00	79	5.712729e+01	2.532038e+02	8.038092e+00	79	8.159150e-01	7.000000e-01	
8.139840e+00	80	9.391674e+01	1.783331e+02	8.139840e+00	80	6.550347e-01	7.000000e-01	
8.241588e+00	81	4.478283e+01	2.291239e+02	8.241588e+00	81	8.365034e-01	7.000000e-01	
8.343336e+00	82	6.715440e+01	2.399361e+02	8.343336e+00	82	7.813205e-01	7.000000e-01	
8.445084e+00	83	7.402772e+01	2.522159e+02	8.445084e+00	83	7.730907e-01	7.000000e-01	
8.546832e+00	84	6.057990e+01	2.397364e+02	8.546832e+00	84	7.982797e-01	7.000000e-01	
8.648580e+00	85	4.717172e+01	2.303711e+02	8.648580e+00	85	8.300380e-01	7.000000e-01	
8.750328e+00	86	5.514590e+01	2.444513e+02	8.750328e+00	86	8.159332e-01	7.000000e-01	
8.852076e+00	87	5.669473e+01	2.436281e+02	8.852076e+00	87	8.112207e-01	7.000000e-01	
8.953824e+00	88	6.801567e+01	2.542486e+02	8.953824e+00	88	7.889444e-01	7.000000e-01	
9.055572e+00	89	9.295783e+01	2.604668e+02	9.055572e+00	89	7.369798e-01	7.000000e-01	
9.157320e+00	90	6.957233e+01	2.253511e+02	9.157320e+00	90	7.641004e-01	7.000000e-01	
9.259068e+00	91	5.890716e+01	2.586155e+02	9.259068e+00	91	8.144789e-01	7.000000e-01	
9.360816e+00	92	7.615979e+01	2.468784e+02	9.360816e+00	92	7.642391e-01	7.000000e-01	
9.462564e+00	93	4.389039e+01	1.755058e+02	9.462564e+00	93	7.999492e-01	7.000000e-01	
9.564312e+00	94	7.693975e+01	2.377554e+02	9.564312e+00	94	7.555102e-01	7.000000e-01	
9.666060e+00	95	7.876563e+01	2.115476e+02	9.666060e+00	95	7.286874e-01	7.000000e-01	
9.767808e+00	96	8.132001e+01	2.423015e+02	9.767808e+00	96	7.487188e-01	7.000000e-01	
9.869556e+00	97	1.093434e+02	2.043554e+02	9.869556e+00	97	6.514383e-01	7.000000e-01	
9.971304e+00	98	9.931638e+01	2.403598e+02	9.971304e+00	98	7.076145e-01	7.000000e-01	
1.007305e+01	99	8.364962e+01	2.133202e+02	1.007305e+01	99	7.183228e-01	7.000000e-01	
1.017480e+01	100	1.093561e+02	2.042977e+02	1.017480e+01	100	6.513478e-01	7.000000e-01	
1.027655e+01	101	5.205719e+01	2.573991e+02	1.027655e+01	101	8.317785e-01	7.000000e-01	
1.037830e+01	102	4.676301e+01	2.366334e+02	1.037830e+01	102	8.349908e-01	7.000000e-01	
1.048004e+01	103	6.961902e+01	2.118482e+02	1.048004e+01	103	7.526567e-01	7.000000e-01	
1.058179e+01	104	6.411196e+01	2.742029e+02	1.058179e+01	104	8.104962e-01	7.000000e-01	
1.068354e+01	105	8.087620e+01	2.313291e+02	1.068354e+01	105	7.409519e-01	7.000000e-01	
1.078529e+01	106	3.411905e+01	1.842110e+02	1.078529e+01	106	8.437272e-01	7.000000e-01	
1.088704e+01	107	7.086983e+01	2.452632e+02	1.088704e+01	107	7.758228e-01	7.000000e-01	
1.098878e+01	108	7.038373e+01	2.426287e+02	1.098878e+01	108	7.751408e-01	7.000000e-01	
1.109053e+01	109	6.645307e+01	2.619982e+02	1.109053e+01	109	7.976775e-01	7.000000e-01	
1.119228e+01	110	6.777297e+01	2.230841e+02	1.119228e+01	110	7.669887e-01	7.000000e-01	
1.129403e+01	111	8.765683e+01	2.668839e+02	1.129403e+01	111	7.527595e-01	7.000000e-01	
1.139578e+01	112	6.773530e+01	2.399681e+02	1.139578e+01	112	7.798682e-01	7.000000e-01	
1.149752e+01	113	7.541099e+01	2.618215e+02	1.149752e+01	113	7.763828e-01	7.000000e-01	
1.159927e+01	114	8.531709e+01	2.619299e+02	1.159927e+01	114	7.543043e-01	7.000000e-01	
1.170102e+01	115	7.359541e+01	2.421370e+02	1.170102e+01	115	7.669057e-01	7.000000e-01	
1.180277e+01	116	6.897506e+01	2.444975e+02	1.180277e+01	116	7.799646e-01	7.000000e-01	
1.190452e+01	117	7.164072e+01	2.270050e+02	1.190452e+01	117	7.601147e-01	7.000000e-01	
1.200626e+01	118	6.987715e+01	2.496598e+02	1.200626e+01	118	7.813175e-01	7.000000e-01	
1.210801e+01	119	6.738655e+01	2.514844e+02	1.210801e+01	119	7.886714e-01	7.000000e-01	
1.220976e+01	120	6.459192e+01	2.239354e+02	1.220976e+01	120	7.761324e-01	7.000000e-01	
1.231151e+01	121	6.593335e+01	2.477574e+02	1.231151e+01	121	7.898142e-01	7.000000e-01	
1.241326e+01	122	6.994139e+01	2.367029e+02	1.241326e+01	122	7.719136e-01	7.000000e-01	
1.251500e+01	123	7.017600e+01	2.390063e+02	1.251500e+01	123	7.730271e-01	7.000000e-01	
1.261675e+01	124	7.409447e+01	2.403351e+02	1.261675e+01	124	7.643527e-01	7.000000e-01	
1.271850e+01	125	4.614975e+01	2.368941e+02	1.271850e+01	125	8.369519e-01	7.000000e-01	
1.282025e+01	126	7.385289e+01	2.451841e+02	1.282025e+01	126	7.685131e-01	7.000000e-01	
1.292200e+01	127	8.013388e+01	2.169532e+02	1.292200e+01	127	7.302680e-01	7.000000e-01	
1.302374e+01	128	5.695160e+01	2.488075e+02	1.302374e+01	128	8.137370e-01	7.000000e-01	
1.312549e+01	129	6.767978e+01	2.171602e+02	1.312549e+01	129	7.623937e-01	7.000000e-01	
1.322724e+01	130	7.457271e+01	2.191934e+02	1.322724e+01	130	7.461494e-01	7.000000e-01	
1.332899e+01	131	6.899281e+01	2.314420e+02	1.332899e+01	131	7.703568e-01	7.000000e-01	
1.343074e+01	132	8.469046e+01	1.962839e+02	1.343074e+01	132	6.985830e-01	7.000000e-01	
1.353248e+01	133	8.105777e+01	2.074444e+02	1.353248e+01	133	7.190393e-01	7.000000e-01	
1.363423e+01	134	7.261927e+01	2.096424e+02	1.363423e+01	134	7.427236e-01	7.000000e-01	
1.373598e+01	135	7.090442e+01	2.398525e+02	1.373598e+01	135	7.718332e-01	7.000000e-01	
1.383773e+01	136	6.474674e+01	2.719776e+02	1.383773e+01	136	8.077159e-01	7.000000e-01	
1.393948e+01	137	7.598170e+01	2.136530e+02	1.393948e+01	137	7.376637e-01	7.000000e-01	
1.404122e+01	138	7.347043e+01	2.690189e+02	1.404122e+01	138	7.854811e-01	7.000000e-01	
1.414297e+01	139	6.990335e+01	2.749261e+02	1.414297e+01	139	7.972814e-01	7.000000e-01	
1.424472e+01	140	6.847733e+01	2.429370e+02	1.424472e+01	140	7.801086e-01	7.000000e-01	
1.434647e+01	141	6.049302e+01	2.574100e+02	1.434647e+01	141	8.097123e-01	7.000000e-01	
1.444822e+01	142	8.825116e+01	2.538476e+02	1.444822e+01	142	7.420302e-01	7.000000e-01	
1.454996e+01	143	8.381495e+01	2.581227e+02	1.454996e+01	143	7.548824e-01	7.000000e-01	
1.465171e+01	144	8.180137e+01	2.556635e+02	1.465171e+01	144	7.576003e-01	7.000000e-01	
1.475346e+01	145	7.864933e+01	2.479986e+02	1.475346e+01	145	7.592229e-01	7.000000e-01	
1.485521e+01	146	7.606171e+01	2.531612e+02	1.485521e+01	146	7.689659e-01	7.000000e-01	
1.495696e+01	147	7.554443e+01	2.472571e+02	1.495696e+01	147	7.659725e-01	7.000000e-01	
1.505870e+01	148	7.592064e+01	2.670327e+02	1.505870e+01	148	7.786269e-01	7.000000e-01	
1.516045e+01	149	7.718438e+01	2.501189e+02	1.516045e+01	149	7.641809e-01	7.000000e-01	
1.526220e+01	150	8.323499e+01	2.529592e+02	1.526220e+01	150	7.524199e-01	7.000000e-01	
1.536395e+01	151	8.068755e+01	2.390582e+02	1.536395e+01	151	7.476509e-01	7.000000e-01	
1.546570e+01	152	6.233979e+01	2.338037e+02	1.546570e+01	152	7.894946e-01	7.000000e-01	
1.556744e+01	153	7.164778e+01	2.275083e+02	1.556744e+01	153	7.605003e-01	7.000000e-01	
1.566919e+01	154	5.588206e+01	2.111374e+02	1.566919e+01	154	7.907191e-01	7.000000e-01	
1.577094e+01	155	7.500889e+01	2.446434e+02	1.577094e+01	155	7.653422e-01	7.000000e-01	
1.587269e+01	156	6.212598e+01	2.511918e+02	1.587269e+01	156	8.017158e-01	7.000000e-01	
1.597444e+01	157	6.552408e+01	2.388340e+02	1.597444e+01	157	7.847138e-01	7.000000e-01	
1.607618e+01	158	6.770440e+01	2.489239e+02	1.607618e+01	158	7.861707e-01	7.000000e-01	
1.617793e+01	159	5.607864e+01	2.729031e+02	1.617793e+01	159	8.295387e-01	7.000000e-01	
1.627968e+01	160	6.811872e+01	2.487658e+02	1.627968e+01	160	7.850361e-01	7.000000e-01	
1.638143e+01	161	6.977193e+01	2.435331e+02	1.638143e+01	161	7.773035e-01	7.000000e-01	
1.648318e+01	162	6.726393e+01	2.521501e+02	1.648318e+01	162	7.894146e-01	7.000000e-01	
1.658492e+01	163	1.023278e+02	2.420671e+02	1.658492e+01	163	7.028766e-01	7.000000e-01	
1.668667e+01	164	7.475711e+01	2.413123e+02	1.668667e+01	164	7.634788e-01	7.000000e-01	
1.678842e+01	165	7.962635e+01	2.236044e+02	1.678842e+01	165	7.374067e-01	7.000000e-01	
1.689017e+01	166	7.955000e+01	2.415492e+02	1.689017e+01	166	7.522572e-01	7.000000e-01	
1.699192e+01	167	8.775101e+01	2.238787e+02	1.699192e+01	167	7.184126e-01	7.000000e-01	
1.709366e+01	168	5.768143e+01	2.127415e+02	1.709366e+01	168	7.866992e-01	7.000000e-01	
1.719541e+01	169	6.765023e+01	2.179891e+02	1.719541e+01	169	7.631621e-01	7.000000e-01	
1.729716e+01	170	8.075516e+01	2.215866e+02	1.729716e+01	170	7.329011e-01	7.000000e-01	
1.739891e+01	171	7.434971e+01	2.317131e+02	1.739891e+01	171	7.570770e-01	7.000000e-01	
1.750066e+01	172	6.721638e+01	2.178998e+02	1.750066e+01	172	7.642492e-01	7.000000e-01	
1.760240e+01	173	5.673014e+01	2.135068e+02	1.760240e+01	173	7.900726e-01	7.000000e-01	
1.770415e+01	174	7.053695e+01	1.941658e+02	1.770415e+01	174	7.335239e-01	7.000000e-01	
1.780590e+01	175	8.250324e+01	2.011697e+02	1.780590e+01	175	7.091607e-01	7.000000e-01	
1.790765e+01	176	7.740441e+01	2.011225e+02	1.790765e+01	176	7.220936e-01	7.000000e-01	
1.800940e+01	177	7.983506e+01	2.197772e+02	1.800940e+01	177	7.335387e-01	7.000000e-01	
1.811114e+01	178	7.499001e+01	2.044428e+02	1.811114e+01	178	7.316349e-01	7.000000e-01	
1.821289e+01	179	8.946337e+01	2.178703e+02	1.821289e+01	179	7.089048e-01	7.000000e-01	
1.831464e+01	180	8.943884e+01	2.205050e+02	1.831464e+01	180	7.114353e-01	7.000000e-01	
1.841639e+01	181	6.444359e+01	2.286418e+02	1.841639e+01	181	7.801201e-01	7.000000e-01	
1.851814e+01	182	3.734468e+01	1.818284e+02	1.851814e+01	182	8.296110e-01	7.000000e-01	
1.861988e+01	183	9.503630e+01	2.379604e+02	1.861988e+01	183	7.146029e-01	7.000000e-01	
1.872163e+01	184	6.824534e+01	2.093792e+02	1.872163e+01	184	7.541812e-01	7.000000e-01	
1.882338e+01	185	8.613656e+01	2.409868e+02	1.882338e+01	185	7.366848e-01	7.000000e-01	
1.892513e+01	186	7.927097e+01	2.537108e+02	1.892513e+01	186	7.619360e-01	7.000000e-01	
1.902688e+01	187	8.162020e+01	2.331623e+02	1.902688e+01	187	7.407092e-01	7.000000e-01	
1.912862e+01	188	8.717109e+01	2.351404e+02	1.912862e+01	188	7.295440e-01	7.000000e-01	
1.923037e+01	189	8.858300e+01	2.465825e+02	1.923037e+01	189	7.357037e-01	7.000000e-01	
1.933212e+01	190	1.027135e+02	2.508062e+02	1.933212e+01	190	7.094547e-01	7.000000e-01	
1.943387e+01	191	8.441149e+01	2.375286e+02	1.943387e+01	191	7.378037e-01	7.000000e-01	
1.953562e+01	192	8.426158e+01	2.468663e+02	1.953562e+01	192	7.455316e-01	7.000000e-01	
1.963736e+01	193	7.918993e+01	2.685651e+02	1.963736e+01	193	7.722824e-01	7.000000e-01	
1.973911e+01	194	9.784087e+01	2.487866e+02	1.973911e+01	194	7.177348e-01	7.000000e-01	
1.984086e+01	195	8.386061e+01	2.591216e+02	1.984086e+01	195	7.554957e-01	7.000000e-01	
1.994261e+01	196	7.505398e+01	2.782909e+02	1.994261e+01	196	7.875900e-01	7.000000e-01	
2.004436e+01	197	8.291012e+01	2.351936e+02	2.004436e+01	197	7.393614e-01	7.000000e-01	
2.014610e+01	198	6.941000e+01	2.505960e+02	2.014610e+01	198	7.830978e-01	7.000000e-01	
2.024785e+01	199	9.484573e+01	3.581595e+02	2.024785e+01	199	7.906299e-01	7.000000e-01	
2.034960e+01	200	8.315928e+01	3.145898e+02	2.034960e+01	200	7.909253e-01	7.000000e-01	
2.045135e+01	201	8.237577e+01	2.264866e+02	2.045135e+01	201	7.332930e-01	7.000000e-01	
2.055310e+01	202	7.680508e+01	2.367835e+02	2.055310e+01	202	7.550769e-01	7.000000e-01	
2.065484e+01	203	7.840230e+01	2.235685e+02	2.065484e+01	203	7.403646e-01	7.000000e-01	
2.075659e+01	204	8.864972e+01	2.260484e+02	2.075659e+01	204	7.183024e-01	7.000000e-01	
2.085834e+01	205	8.687021e+01	2.243981e+02	2.085834e+01	205	7.209153e-01	7.000000e-01	
2.096009e+01	206	8.654610e+01	2.263141e+02	2.096009e+01	206	7.233713e-01	7.000000e-01	
2.106184e+01	207	9.582100e+01	2.247485e+02	2.106184e+01	207	7.010913e-01	7.000000e-01	
2.116358e+01	208	8.405549e+01	2.265056e+02	2.116358e+01	208	7.293431e-01	7.000000e-01	
2.126533e+01	209	9.109116e+01	2.255571e+02	2.126533e+01	209	7.123270e-01	7.000000e-01	
2.136708e+01	210	6.340473e+01	2.231840e+02	2.136708e+01	210	7.787606e-01	7.000000e-01	
2.146883e+01	211	4.951943e+01	2.265505e+02	2.146883e+01	211	8.206272e-01	7.000000e-01	
2.157058e+01	212	7.306565e+01	2.221123e+02	2.157058e+01	212	7.524691e-01	7.000000e-01	
2.167232e+01	213	7.391720e+01	2.155218e+02	2.167232e+01	213	7.446191e-01	7.000000e-01	
2.177407e+01	214	5.568833e+01	2.149663e+02	2.177407e+01	214	7.942458e-01	7.000000e-01	
2.187582e+01	215	5.427337e+01	2.185933e+02	2.187582e+01	215	8.010993e-01	7.000000e-01	
2.197757e+01	216	5.773455e+01	2.110220e+02	2.197757e+01	216	7.851790e-01	7.000000e-01	
2.207932e+01	217	6.624727e+01	2.169969e+02	2.207932e+01	217	7.661125e-01	7.000000e-01	
2.218106e+01	218	6.754164e+01	2.264272e+02	2.218106e+01	218	7.702422e-01	7.000000e-01	
2.228281e+01	219	5.086968e+01	2.168660e+02	2.228281e+01	219	8.100004e-01	7.000000e-01	
2.238456e+01	220	4.336918e+01	2.290352e+02	2.238456e+01	220	8.407912e-01	7.000000e-01	
2.248631e+01	221	8.797864e+01	2.263862e+02	2.248631e+01	221	7.201384e-01	7.000000e-01	
2.258806e+01	222	9.835660e+01	2.289273e+02	2.258806e+01	222	6.994762e-01	7.000000e-01	
2.268980e+01	223	9.386334e+01	2.271318e+02	2.268980e+01	223	7.075864e-01	7.000000e-01	
2.279155e+01	224	1.133130e+02	2.364188e+02	2.279155e+01	224	6.760003e-01	7.000000e-01	
2.289330e+01	225	1.062329e+02	2.597732e+02	2.289330e+01	225	7.097510e-01	7.000000e-01	
2.299505e+01	226	9.079374e+01	2.391733e+02	2.299505e+01	226	7.248400e-01	7.000000e-01	
2.309680e+01	227	1.136212e+02	2.402091e+02	2.309680e+01	227	6.788822e-01	7.000000e-01	
2.319854e+01	228	7.712846e+01	2.223043e+02	2.319854e+01	228	7.424181e-01	7.000000e-01	
2.330029e+01	229	9.699042e+01	2.381526e+02	2.330029e+01	229	7.105999e-01	7.000000e-01	
2.340204e+01	230	9.883100e+01	2.309454e+02	2.340204e+01	230	7.003091e-01	7.000000e-01	
2.350379e+01	231	7.934321e+01	2.222347e+02	2.350379e+01	231	7.369064e-01	7.000000e-01	
2.360554e+01	232	7.186669e+01	2.117693e+02	2.360554e+01	232	7.466235e-01	7.000000e-01	
2.370728e+01	233	6.001395e+01	2.712028e+02	2.370728e+01	233	8.188076e-01	7.000000e-01	
2.380903e+01	234	5.819818e+01	2.777268e+02	2.380903e+01	234	8.267524e-01	7.000000e-01	
2.391078e+01	235	7.449416e+01	2.413089e+02	2.391078e+01	235	7.641120e-01	7.000000e-01	
2.401253e+01	236	6.930149e+01	2.361123e+02	2.401253e+01	236	7.730898e-01	7.000000e-01	
2.411428e+01	237	6.588085e+01	2.458115e+02	2.411428e+01	237	7.886350e-01	7.000000e-01	
2.421602e+01	238	7.211068e+01	2.453930e+02	2.421602e+01	238	7.728824e-01	7.000000e-01	
2.431777e+01	239	6.716694e+01	2.671177e+02	2.431777e+01	239	7.990726e-01	7.000000e-01	
2.441952e+01	240	6.371079e+01	1.999641e+02	2.441952e+01	240	7.583737e-01	7.000000e-01	
2.452127e+01	241	6.281289e+01	2.681325e+02	2.452127e+01	241	8.102016e-01	7.000000e-01	
2.462302e+01	242	5.763609e+01	2.660702e+02	2.462302e+01	242	8.219494e-01	7.000000e-01	
2.472476e+01	243	7.948267e+01	2.706588e+02	2.472476e+01	243	7.729984e-01	7.000000e-01	
2.482651e+01	244	6.755854e+01	2.341929e+02	2.482651e+01	244	7.761120e-01	7.000000e-01	
2.492826e+01	245	6.939480e+01	2.669492e+02	2.492826e+01	245	7.936791e-01	7.000000e-01	
2.503001e+01	246	6.661533e+01	3.090616e+02	2.503001e+01	246	8.226792e-01	7.000000e-01	
2.513176e+01	247	8.208788e+01	2.402342e+02	2.513176e+01	247	7.453234e-01	7.000000e-01	
2.523350e+01	248	7.464976e+01	2.394778e+02	2.523350e+01	248	7.623585e-01	7.000000e-01	
2.533525e+01	249	7.970101e+01	2.572495e+02	2.533525e+01	249	7.634638e-01	7.000000e-01	
2.543700e+01	250	7.835671e+01	2.516490e+02	2.543700e+01	250	7.625595e-01	7.000000e-01	
2.553875e+01	251	6.797064e+01	2.708929e+02	2.553875e+01	251	7.994159e-01	7.000000e-01	
2.564050e+01	252	8.963553e+01	2.138317e+02	2.564050e+01	252	7.046286e-01	7.000000e-01	
2.574224e+01	253	7.986915e+01	2.477864e+02	2.574224e+01	253	7.562405e-01	7.000000e-01	
2.584399e+01	254	7.219984e+01	2.452914e+02	2.584399e+01	254	7.725927e-01	7.000000e-01	
2.594574e+01	255	8.825988e+01	2.433723e+02	2.594574e+01	255	7.338621e-01	7.000000e-01	
2.604749e+01	256	6.875659e+01	2.309829e+02	2.604749e+01	256	7.706122e-01	7.000000e-01	
2.614924e+01	257	8.160270e+01	2.428586e+02	2.614924e+01	257	7.484979e-01	7.000000e-01	
2.625098e+01	258	7.983056e+01	2.470237e+02	2.625098e+01	258	7.557610e-01	7.000000e-01	
2.635273e+01	259	7.524401e+01	2.431656e+02	2.635273e+01	259	7.636880e-01	7.000000e-01	
2.645448e+01	260	9.396017e+01	2.787999e+02	2.645448e+01	260	7.479339e-01	7.000000e-01	
2.655623e+01	261	8.623334e+01	2.362289e+02	2.655623e+01	261	7.325785e-01	7.000000e-01	
2.665798e+01	262	8.290274e+01	2.613640e+02	2.665798e+01	262	7.591904e-01	7.000000e-01	
2.675972e+01	263	8.814371e+01	2.646468e+02	2.675972e+01	263	7.501528e-01	7.000000e-01	
2.686147e+01	264	8.732452e+01	2.751610e+02	2.686147e+01	264	7.590951e-01	7.000000e-01	
2.696322e+01	265	9.440829e+01	2.634089e+02	2.696322e+01	265	7.361550e-01	7.000000e-01	
2.706497e+01	266	9.139857e+01	2.681818e+02	2.706497e+01	266	7.458188e-01	7.000000e-01	
2.716672e+01	267	7.909485e+01	2.605245e+02	2.716672e+01	267	7.671074e-01	7.000000e-01	
2.726846e+01	268	8.823424e+01	2.608598e+02	2.726846e+01	268	7.472479e-01	7.000000e-01	
2.737021e+01	269	8.353471e+01	2.796527e+02	2.737021e+01	269	7.699956e-01	7.000000e-01	
2.747196e+01	270	6.934494e+01	2.159624e+02	2.747196e+01	270	7.569465e-01	7.000000e-01	
2.757371e+01	271	6.916650e+01	2.346498e+02	2.757371e+01	271	7.723410e-01	7.000000e-01	
2.767546e+01	272	8.199610e+01	2.752950e+02	2.767546e+01	272	7.705062e-01	7.000000e-01	
2.777720e+01	273	7.705024e+01	2.189243e+02	2.777720e+01	273	7.396727e-01	7.000000e-01	
2.787895e+01	274	8.950487e+01	2.177914e+02	2.787895e+01	274	7.087343e-01	7.000000e-01	
2.798070e+01	275	7.795673e+01	2.498448e+02	2.798070e+01	275	7.621831e-01	7.000000e-01	
2.808245e+01	276	8.646943e+01	2.192984e+02	2.808245e+01	276	7.172056e-01	7.000000e-01	
2.818420e+01	277	8.772815e+01	2.355247e+02	2.818420e+01	277	7.286083e-01	7.000000e-01	
2.828594e+01	278	8.762911e+01	2.286894e+02	2.828594e+01	278	7.229719e-01	7.000000e-01	
2.838769e+01	279	7.918389e+01	2.493704e+02	2.838769e+01	279	7.589930e-01	7.000000e-01	
2.848944e+01	280	8.416932e+01	2.284468e+02	2.848944e+01	280	7.307582e-01	7.000000e-01	
2.859119e+01	281	9.074822e+01	2.255005e+02	2.859119e+01	281	7.130479e-01	7.000000e-01	
2.869294e+01	282	7.207694e+01	2.713886e+02	2.869294e+01	282	7.901480e-01	7.000000e-01	
2.879468e+01	283	8.834175e+01	2.113596e+02	2.879468e+01	283	7.052341e-01	7.000000e-01	
2.889643e+01	284	6.236572e+01	2.440571e+02	2.889643e+01	284	7.964717e-01	7.000000e-01	
2.899818e+01	285	8.069662e+01	2.296786e+02	2.899818e+01	285	7.400030e-01	7.000000e-01	
2.909993e+01	286	7.312463e+01	2.961840e+02	2.909993e+01	286	8.019959e-01	7.000000e-01	
2.920168e+01	287	7.642537e+01	2.305839e+02	2.920168e+01	287	7.510649e-01	7.000000e-01	
2.930342e+01	288	6.696191e+01	2.868273e+02	2.930342e+01	288	8.107294e-01	7.000000e-01	
2.940517e+01	289	7.191322e+01	2.888706e+02	2.940517e+01	289	8.006750e-01	7.000000e-01	
2.950692e+01	290	7.275420e+01	2.885729e+02	2.950692e+01	290	7.986473e-01	7.000000e-01	
2.960867e+01	291	7.253032e+01	3.034345e+02	2.960867e+01	291	8.070822e-01	7.000000e-01	
2.971042e+01	292	6.536723e+01	2.716030e+02	2.971042e+01	292	8.060148e-01	7.000000e-01	
2.981216e+01	293	7.608834e+01	2.847707e+02	2.981216e+01	293	7.891466e-01	7.000000e-01	
2.991391e+01	294	7.187886e+01	2.938995e+02	2.991391e+01	294	8.034907e-01	7.000000e-01	
3.001566e+01	295	6.912593e+01	2.869011e+02	3.001566e+01	295	8.058408e-01	7.000000e-01	
3.011741e+01	296	7.006600e+01	2.901405e+02	3.011741e+01	296	8.054838e-01	7.000000e-01	
3.021916e+01	297	8.936877e+01	2.794609e+02	3.021916e+01	297	7.576964e-01	7.000000e-01	
3.032090e+01	298	7.987542e+01	2.793305e+02	3.032090e+01	298	7.776333e-01	7.000000e-01	
3.042265e+01	299	8.174804e+01	2.438905e+02	3.042265e+01	299	7.489608e-01	7.000000e-01	
3.052440e+01	300	8.495527e+01	2.673121e+02	3.052440e+01	300	7.588330e-01	7.000000e-01	
3.062615e+01	301	8.299813e+01	3.069300e+02	3.062615e+01	301	7.871451e-01	7.000000e-01	
3.072790e+01	302	8.957437e+01	2.328515e+02	3.072790e+01	302	7.221862e-01	7.000000e-01	
3.082964e+01	303	7.992763e+01	2.240274e+02	3.082964e+01	303	7.370413e-01	7.000000e-01	
3.093139e+01	304	9.561364e+01	2.677121e+02	3.093139e+01	304	7.368377e-01	7.000000e-01	
3.103314e+01	305	9.179410e+01	2.369904e+02	3.103314e+01	305	7.208077e-01	7.000000e-01	
3.113489e+01	306	6.651863e+01	2.501055e+02	3.113489e+01	306	7.899129e-01	7.000000e-01	
3.123664e+01	307	5.968186e+01	1.844001e+02	3.123664e+01	307	7.554843e-01	7.000000e-01	
3.133838e+01	308	6.757305e+01	2.273765e+02	3.133838e+01	308	7.708996e-01	7.000000e-01	
3.144013e+01	309	7.578075e+01	2.340959e+02	3.144013e+01	309	7.554487e-01	7.000000e-01	
3.154188e+01	310	6.540195e+01	2.268390e+02	3.154188e+01	310	7.762054e-01	7.000000e-01	
3.164363e+01	311	7.154675e+01	2.419275e+02	3.164363e+01	311	7.717620e-01	7.000000e-01	
3.174538e+01	312	6.630788e+01	2.181419e+02	3.174538e+01	312	7.668907e-01	7.000000e-01	
3.184712e+01	313	6.646317e+01	1.988742e+02	3.184712e+01	313	7.495145e-01	7.000000e-01	
3.194887e+01	314	6.381881e+01	2.239968e+02	3.194887e+01	314	7.782649e-01	7.000000e-01	
3.205062e+01	315	5.819120e+01	2.444709e+02	3.205062e+01	315	8.077354e-01	7.000000e-01	
3.215237e+01	316	6.843349e+01	2.053739e+02	3.215237e+01	316	7.500670e-01	7.000000e-01	
3.225412e+01	317	4.963395e+01	2.483283e+02	3.225412e+01	317	8.334220e-01	7.000000e-01	
3.235586e+01	318	6.978181e+01	2.243592e+02	3.235586e+01	318	7.627607e-01	7.000000e-01	
3.245761e+01	319	6.033437e+01	2.566917e+02	3.245761e+01	319	8.096864e-01	7.000000e-01	
3.255936e+01	320	5.863961e+01	2.065175e+02	3.255936e+01	320	7.788496e-01	7.000000e-01	
3.266111e+01	321	6.762309e+01	2.339315e+02	3.266111e+01	321	7.757517e-01	7.000000e-01	
3.276286e+01	322	4.983150e+01	2.481199e+02	3.276286e+01	322	8.327529e-01	7.000000e-01	
3.286460e+01	323	7.423564e+01	2.201129e+02	3.286460e+01	323	7.477968e-01	7.000000e-01	
3.296635e+01	324	8.532276e+01	2.384142e+02	3.296635e+01	324	7.364442e-01	7.000000e-01	
3.306810e+01	325	6.110433e+01	2.562879e+02	3.306810e+01	325	8.074801e-01	7.000000e-01	
3.316985e+01	326	5.785988e+01	2.413704e+02	3.316985e+01	326	8.066376e-01	7.000000e-01	
3.327160e+01	327	7.866513e+01	2.192349e+02	3.327160e+01	327	7.359345e-01	7.000000e-01	
3.337334e+01	328	9.502503e+01	2.093873e+02	3.337334e+01	328	6.878411e-01	7.000000e-01	
3.347509e+01	329	7.128126e+01	2.123347e+02	3.347509e+01	329	7.486698e-01	7.000000e-01	
3.357684e+01	330	6.034228e+01	2.129370e+02	3.357684e+01	330	7.791919e-01	7.000000e-01	
3.367859e+01	331	7.282317e+01	2.080413e+02	3.367859e+01	331	7.407178e-01	7.000000e-01	
3.378034e+01	332	1.170940e+02	2.360384e+02	3.378034e+01	332	6.684133e-01	7.000000e-01	
3.388208e+01	333	8.618446e+01	2.343566e+02	3.388208e+01	333	7.311282e-01	7.000000e-01	
3.398383e+01	334	7.379172e+01	2.198913e+02	3.398383e+01	334	7.487369e-01	7.000000e-01	
3.408558e+01	335	7.432673e+01	2.108700e+02	3.408558e+01	335	7.393844e-01	7.000000e-01	
3.418733e+01	336	7.567251e+01	2.102547e+02	3.418733e+01	336	7.353434e-01	7.000000e-01	
3.428908e+01	337	7.091608e+01	2.061891e+02	3.428908e+01	337	7.440824e-01	7.000000e-01	
3.439082e+01	338	7.585648e+01	2.104640e+02	3.439082e+01	338	7.350644e-01	7.000000e-01	
3.449257e+01	339	7.041484e+01	1.999699e+02	3.449257e+01	339	7.395754e-01	7.000000e-01	
3.459432e+01	340	7.003563e+01	2.064296e+02	3.459432e+01	340	7.466747e-01	7.000000e-01	
3.469607e+01	341	7.118367e+01	1.999667e+02	3.469607e+01	341	7.374753e-01	7.000000e-01	
3.479782e+01	342	7.990136e+01	2.118754e+02	3.479782e+01	342	7.261558e-01	7.000000e-01	
3.489956e+01	343	7.586775e+01	2.177705e+02	3.489956e+01	343	7.416285e-01	7.000000e-01	
3.500131e+01	344	7.241112e+01	2.084798e+02	3.500131e+01	344	7.422091e-01	7.000000e-01	
3.510306e+01	345	6.929879e+01	2.155373e+02	3.510306e+01	345	7.567064e-01	7.000000e-01	
3.520481e+01	346	7.602247e+01	2.443611e+02	3.520481e+01	346	7.627142e-01	7.000000e-01	
3.530656e+01	347	8.131979e+01	2.175563e+02	3.530656e+01	347	7.279147e-01	7.000000e-01	
3.540830e+01	348	7.103888e+01	2.398009e+02	3.540830e+01	348	7.714614e-01	7.000000e-01	
3.551005e+01	349	6.664571e+01	2.308171e+02	3.551005e+01	349	7.759528e-01	7.000000e-01	
3.561180e+01	350	6.663449e+01	2.098377e+02	3.561180e+01	350	7.589830e-01	7.000000e-01	
3.571355e+01	351	7.876034e+01	2.091584e+02	3.571355e+01	351	7.264494e-01	7.000000e-01	
3.581530e+01	352	9.018518e+01	2.868427e+02	3.581530e+01	352	7.607997e-01	7.000000e-01	
3.591704e+01	353	6.331016e+01	2.584782e+02	3.591704e+01	353	8.032553e-01	7.000000e-01	
3.601879e+01	354	1.010745e+02	2.607046e+02	3.601879e+01	354	7.206182e-01	7.000000e-01	
3.612054e+01	355	1.051123e+02	2.568775e+02	3.612054e+01	355	7.096263e-01	7.000000e-01	
3.622229e+01	356	1.088858e+02	2.428827e+02	3.622229e+01	356	6.904618e-01	7.000000e-01	
3.632404e+01	357	8.976381e+01	2.575486e+02	3.632404e+01	357	7.415474e-01	7.000000e-01	
3.642578e+01	358	9.286011e+01	2.518422e+02	3.642578e+01	358	7.306078e-01	7.000000e-01	
3.652753e+01	359	8.670647e+01	2.808126e+02	3.652753e+01	359	7.640763e-01	7.000000e-01	
3.662928e+01	360	7.711035e+01	2.524585e+02	3.662928e+01	360	7.660266e-01	7.000000e-01	
3.673103e+01	361	8.104840e+01	2.411698e+02	3.673103e+01	361	7.484673e-01	7.000000e-01	
3.683278e+01	362	7.734547e+01	2.475161e+02	3.683278e+01	362	7.619125e-01	7.000000e-01	
3.693452e+01	363	7.228105e+01	2.492485e+02	3.693452e+01	363	7.751962e-01	7.000000e-01	
3.703627e+01	364	8.013238e+01	2.401080e+02	3.703627e+01	364	7.497743e-01	7.000000e-01	
3.713802e+01	365	9.575433e+01	2.500813e+02	3.713802e+01	365	7.231218e-01	7.000000e-01	
3.723977e+01	366	7.480586e+01	2.272037e+02	3.723977e+01	366	7.523063e-01	7.000000e-01	
3.734152e+01	367	7.222231e+01	2.304883e+02	3.734152e+01	367	7.614147e-01	7.000000e-01	
3.744326e+01	368	8.294599e+01	2.449070e+02	3.744326e+01	368	7.470025e-01	7.000000e-01	
3.754501e+01	369	7.311946e+01	2.442495e+02	3.754501e+01	369	7.696074e-01	7.000000e-01	
3.764676e+01	370	7.622552e+01	2.508995e+02	3.764676e+01	370	7.669835e-01	7.000000e-01	
3.774851e+01	371	8.626490e+01	1.981479e+02	3.774851e+01	371	6.966912e-01	7.000000e-01	
3.785026e+01	372	7.239138e+01	2.391565e+02	3.785026e+01	372	7.676396e-01	7.000000e-01	
3.795200e+01	373	8.405212e+01	2.229285e+02	3.795200e+01	373	7.261973e-01	7.000000e-01	
3.805375e+01	374	7.509056e+01	2.321944e+02	3.805375e+01	374	7.556322e-01	7.000000e-01	
3.815550e+01	375	7.636724e+01	2.495558e+02	3.815550e+01	375	7.656893e-01	7.000000e-01	
3.825725e+01	376	7.126776e+01	2.321718e+02	3.825725e+01	376	7.651336e-01	7.000000e-01	
3.835900e+01	377	7.029055e+01	2.107239e+02	3.835900e+01	377	7.498686e-01	7.000000e-01	
3.846074e+01	378	8.270108e+01	2.416792e+02	3.846074e+01	378	7.450490e-01	7.000000e-01	
3.856249e+01	379	7.440795e+01	2.087371e+02	3.856249e+01	379	7.372091e-01	7.000000e-01	
3.866424e+01	380	6.860433e+01	2.266184e+02	3.866424e+01	380	7.676184e-01	7.000000e-01	
3.876599e+01	381	7.147071e+01	2.264601e+02	3.876599e+01	381	7.601097e-01	7.000000e-01	
3.886774e+01	382	7.256211e+01	2.361073e+02	3.886774e+01	382	7.649197e-01	7.000000e-01	
3.896948e+01	383	6.636903e+01	2.183110e+02	3.896948e+01	383	7.668645e-01	7.000000e-01	
3.907123e+01	384	7.159177e+01	2.104140e+02	3.907123e+01	384	7.461337e-01	7.000000e-01	
3.917298e+01	385	8.491658e+01	2.066780e+02	3.917298e+01	385	7.087855e-01	7.000000e-01	
3.927473e+01	386	6.702912e+01	2.144178e+02	3.927473e+01	386	7.618410e-01	7.000000e-01	
3.937648e+01	387	7.071357e+01	2.288960e+02	3.937648e+01	387	7.639809e-01	7.000000e-01	
3.947822e+01	388	6.620839e+01	2.322366e+02	3.947822e+01	388	7.781555e-01	7.000000e-01	
3.957997e+01	389	6.737321e+01	2.342071e+02	3.957997e+01	389	7.765994e-01	7.000000e-01	
3.968172e+01	390	6.972185e+01	2.255566e+02	3.968172e+01	390	7.638776e-01	7.000000e-01	
3.978347e+01	391	6.521525e+01	2.197806e+02	3.978347e+01	391	7.711712e-01	7.000000e-01	
3.988522e+01	392	6.534783e+01	2.210371e+02	3.988522e+01	392	7.718182e-01	7.000000e-01	
3.998696e+01	393	5.028043e+01	2.263919e+02	3.998696e+01	393	8.182672e-01	7.000000e-01	
4.008871e+01	394	6.235481e+01	2.973824e+02	4.008871e+01	394	8.266657e-01	7.000000e-01	
4.019046e+01	395	7.466160e+01	2.681446e+02	4.019046e+01	395	7.822046e-01	7.000000e-01	
4.029221e+01	396	7.986490e+01	2.618867e+02	4.029221e+01	396	7.663072e-01	7.000000e-01	
4.039396e+01	397	7.263782e+01	2.669407e+02	4.039396e+01	397	7.860942e-01	7.000000e-01	
4.049570e+01	398	6.739016e+01	2.539610e+02	4.049570e+01	398	7.902912e-01	7.000000e-01	
4.059745e+01	399	7.248790e+01	2.636894e+02	4.059745e+01	399	7.843760e-01	7.000000e-01	
4.069920e+01	400	6.870722e+01	2.520397e+02	4.069920e+01	400	7.857899e-01	7.000000e-01	
4.080095e+01	401	7.597445e+01	2.677988e+02	4.080095e+01	401	7.789984e-01	7.000000e-01	
4.090270e+01	402	6.435399e+01	2.549883e+02	4.090270e+01	402	7.984796e-01	7.000000e-01	
4.100444e+01	403	6.918963e+01	2.370317e+02	4.100444e+01	403	7.740535e-01	7.000000e-01	
4.110619e+01	404	7.094118e+01	2.510216e+02	4.110619e+01	404	7.796603e-01	7.000000e-01	
4.120794e+01	405	7.425016e+01	2.499179e+02	4.120794e+01	405	7.709516e-01	7.000000e-01	
4.130969e+01	406	7.260162e+01	2.657647e+02	4.130969e+01	406	7.854349e-01	7.000000e-01	
4.141144e+01	407	8.024289e+01	2.544760e+02	4.141144e+01	407	7.602678e-01	7.000000e-01	
4.151318e+01	408	7.003815e+01	2.638951e+02	4.151318e+01	408	7.902630e-01	7.000000e-01	
4.161493e+01	409	6.933826e+01	2.616931e+02	4.161493e+01	409	7.905387e-01	7.000000e-01	
4.171668e+01	410	6.878871e+01	2.422776e+02	4.171668e+01	410	7.788616e-01	7.000000e-01	
4.181843e+01	411	7.433174e+01	2.481545e+02	4.181843e+01	411	7.695042e-01	7.000000e-01	
4.192018e+01	412	6.530167e+01	2.500089e+02	4.192018e+01	412	7.928973e-01	7.000000e-01	
4.202192e+01	413	7.542627e+01	2.496458e+02	4.202192e+01	413	7.679706e-01	7.000000e-01	
4.212367e+01	414	8.007760e+01	2.439683e+02	4.212367e+01	414	7.528819e-01	7.000000e-01	
4.222542e+01	415	6.847576e+01	2.577888e+02	4.222542e+01	415	7.901220e-01	7.000000e-01	
4.232717e+01	416	7.829766e+01	2.365490e+02	4.232717e+01	416	7.513149e-01	7.000000e-01	
4.242892e+01	417	6.699426e+01	2.593881e+02	4.242892e+01	417	7.947369e-01	7.000000e-01	
4.253066e+01	418	8.864277e+01	2.185902e+02	4.253066e+01	418	7.114803e-01	7.000000e-01	
4.263241e+01	419	7.396466e+01	2.540566e+02	4.263241e+01	419	7.745126e-01	7.000000e-01	
4.273416e+01	420	5.701499e+01	2.341147e+02	4.273416e+01	420	8.041595e-01	7.000000e-01	
4.283591e+01	421	6.122438e+01	2.367318e+02	4.283591e+01	421	7.945188e-01	7.000000e-01	
4.293766e+01	422	7.818999e+01	2.432052e+02	4.293766e+01	422	7.567170e-01	7.000000e-01	
4.303940e+01	423	5.654289e+01	2.207537e+02	4.303940e+01	423	7.960924e-01	7.000000e-01	
4.314115e+01	424	5.381004e+01	2.017575e+02	4.314115e+01	424	7.894488e-01	7.000000e-01	
4.324290e+01	425	9.024869e+01	2.485833e+02	4.324290e+01	425	7.336477e-01	7.000000e-01	
4.334465e+01	426	7.266179e+01	2.255608e+02	4.334465e+01	426	7.563505e-01	7.000000e-01	
4.344640e+01	427	8.777164e+01	2.403920e+02	4.344640e+01	427	7.325370e-01	7.000000e-01	
4.354814e+01	428	8.654741e+01	2.308189e+02	4.354814e+01	428	7.272949e-01	7.000000e-01	
4.364989e+01	429	7.358931e+01	2.608667e+02	4.364989e+01	429	7.799731e-01	7.000000e-01	
4.375164e+01	430	7.551553e+01	2.553311e+02	4.375164e+01	430	7.717506e-01	7.000000e-01	
4.385339e+01	431	8.991814e+01	2.431734e+02	4.385339e+01	431	7.300498e-01	7.000000e-01	
4.395514e+01	432	9.190213e+01	2.218496e+02	4.395514e+01	432	7.070865e-01	7.000000e-01	
4.405688e+01	433	9.911763e+01	2.215891e+02	4.405688e+01	433	6.909400e-01	7.000000e-01	
4.415863e+01	434	6.862445e+01	2.174486e+02	4.415863e+01	434	7.601156e-01	7.000000e-01	
4.426038e+01	435	7.574452e+01	2.224384e+02	4.426038e+01	435	7.459797e-01	7.000000e-01	
4.436213e+01	436	6.667494e+01	2.344482e+02	4.436213e+01	436	7.785792e-01	7.000000e-01	
4.446388e+01	437	8.927621e+01	2.297166e+02	4.446388e+01	437	7.201310e-01	7.000000e-01	
4.456562e+01	438	7.682795e+01	2.450110e+02	4.456562e+01	438	7.612845e-01	7.000000e-01	
4.466737e+01	439	9.000163e+01	2.051402e+02	4.466737e+01	439	6.950563e-01	7.000000e-01	
4.476912e+01	440	7.562593e+01	2.164848e+02	4.476912e+01	440	7.411053e-01	7.000000e-01	
4.487087e+01	441	8.317142e+01	2.410488e+02	4.487087e+01	441	7.434724e-01	7.000000e-01	
4.497262e+01	442	8.390824e+01	2.169679e+02	4.497262e+01	442	7.211203e-01	7.000000e-01	
4.507436e+01	443	7.423095e+01	2.152809e+02	4.507436e+01	443	7.435996e-01	7.000000e-01	
4.517611e+01	444	8.742784e+01	2.077663e+02	4.517611e+01	444	7.038294e-01	7.000000e-01	
4.527786e+01	445	7.592047e+01	2.600826e+02	4.527786e+01	445	7.740483e-01	7.000000e-01	
4.537961e+01	446	4.596360e+01	2.423295e+02	4.537961e+01	446	8.405664e-01	7.000000e-01	
4.548136e+01	447	9.064231e+01	2.298786e+02	4.548136e+01	447	7.172031e-01	7.000000e-01	
4.558310e+01	448	8.550285e+01	2.609717e+02	4.558310e+01	448	7.532204e-01	7.000000e-01	
4.568485e+01	449	8.039977e+01	2.358560e+02	4.568485e+01	449	7.457761e-01	7.000000e-01	
4.578660e+01	450	9.122892e+01	2.594954e+02	4.578660e+01	450	7.398842e-01	7.000000e-01	
4.588835e+01	451	1.044289e+02	2.558104e+02	4.588835e+01	451	7.101124e-01	7.000000e-01	
4.599010e+01	452	9.253794e+01	2.463631e+02	4.599010e+01	452	7.269470e-01	7.000000e-01	
4.609184e+01	453	9.588121e+01	2.457980e+02	4.609184e+01	453	7.193824e-01	7.000000e-01	
4.619359e+01	454	8.672440e+01	2.730388e+02	4.619359e+01	454	7.589403e-01	7.000000e-01	
4.629534e+01	455	7.604929e+01	2.563375e+02	4.629534e+01	455	7.712024e-01	7.000000e-01	
4.639709e+01	456	8.577818e+01	2.589453e+02	4.639709e+01	456	7.511682e-01	7.000000e-01	
4.649884e+01	457	8.897442e+01	2.697163e+02	4.649884e+01	457	7.519467e-01	7.000000e-01	
4.660058e+01	458	8.722059e+01	2.589244e+02	4.660058e+01	458	7.480230e-01	7.000000e-01	
4.670233e+01	459	7.827607e+01	2.638245e+02	4.670233e+01	459	7.711899e-01	7.000000e-01	
4.680408e+01	460	8.966592e+01	2.669318e+02	4.680408e+01	460	7.485516e-01	7.000000e-01	
4.690583e+01	461	8.701529e+01	2.891401e+02	4.690583e+01	461	7.686720e-01	7.000000e-01	
4.700758e+01	462	8.948057e+01	2.885077e+02	4.700758e+01	462	7.632716e-01	7.000000e-01	
4.710932e+01	463	8.615304e+01	2.856946e+02	4.710932e+01	463	7.683109e-01	7.000000e-01	
4.721107e+01	464	8.074368e+01	2.650831e+02	4.721107e+01	464	7.665199e-01	7.000000e-01	
4.731282e+01	465	8.576940e+01	3.065377e+02	4.731282e+01	465	7.813718e-01	7.000000e-01	
4.741457e+01	466	8.570707e+01	2.768537e+02	4.741457e+01	466	7.636063e-01	7.000000e-01	
4.751632e+01	467	8.302792e+01	3.122102e+02	4.751632e+01	467	7.899294e-01	7.000000e-01	
4.761806e+01	468	8.847241e+01	2.817526e+02	4.761806e+01	468	7.610307e-01	7.000000e-01	
4.771981e+01	469	9.184662e+01	3.028545e+02	4.771981e+01	469	7.673008e-01	7.000000e-01	
4.782156e+01	470	9.158119e+01	2.705051e+02	4.782156e+01	470	7.470736e-01	7.000000e-01	
4.792331e+01	471	8.862709e+01	2.922522e+02	4.792331e+01	471	7.673092e-01	7.000000e-01	
4.802506e+01	472	8.785318e+01	2.884130e+02	4.802506e+01	472	7.665132e-01	7.000000e-01	
4.812680e+01	473	8.646670e+01	2.689245e+02	4.812680e+01	473	7.566999e-01	7.000000e-01	
4.822855e+01	474	8.406446e+01	2.809505e+02	4.822855e+01	474	7.696959e-01	7.000000e-01	
4.833030e+01	475	7.975060e+01	2.488057e+02	4.833030e+01	475	7.572696e-01	7.000000e-01	
4.843205e+01	476	1.173199e+02	2.183236e+02	4.843205e+01	476	6.504628e-01	7.000000e-01	
4.853380e+01	477	9.233278e+01	2.344063e+02	4.853380e+01	477	7.174113e-01	7.000000e-01	
4.863554e+01	478	7.122485e+01	2.501027e+02	4.863554e+01	478	7.783419e-01	7.000000e-01	
4.873729e+01	479	8.755165e+01	2.632877e+02	4.873729e+01	479	7.504509e-01	7.000000e-01	
4.883904e+01	480	6.457705e+01	2.004191e+02	4.883904e+01	480	7.563095e-01	7.000000e-01	
4.894079e+01	481	7.305752e+01	2.214799e+02	4.894079e+01	481	7.519584e-01	7.000000e-01	
4.904254e+01	482	6.950710e+01	2.085765e+02	4.904254e+01	482	7.500496e-01	7.000000e-01	
4.914428e+01	483	5.689889e+01	1.834225e+02	4.914428e+01	483	7.632383e-01	7.000000e-01	
4.924603e+01	484	6.427246e+01	2.200707e+02	4.924603e+01	484	7.739616e-01	7.000000e-01	
4.934778e+01	485	7.549236e+01	2.687082e+02	4.934778e+01	485	7.806733e-01	7.000000e-01	
4.944953e+01	486	7.423006e+01	2.298986e+02	4.944953e+01	486	7.559255e-01	7.000000e-01	
4.955128e+01	487	6.261187e+01	2.081862e+02	4.955128e+01	487	7.687876e-01	7.000000e-01	
4.965302e+01	488	7.426826e+01	2.643462e+02	4.965302e+01	488	7.806701e-01	7.000000e-01	
4.975477e+01	489	8.461675e+01	2.346574e+02	4.975477e+01	489	7.349715e-01	7.000000e-01	
4.985652e+01	490	7.157331e+01	2.768012e+02	4.985652e+01	490	7.945507e-01	7.000000e-01	
4.995827e+01	491	7.433367e+01	2.502742e+02	4.995827e+01	491	7.710047e-01	7.000000e-01	
5.006002e+01	492	8.461913e+01	2.346067e+02	5.006002e+01	492	7.349239e-01	7.000000e-01	
5.016176e+01	493	7.331745e+01	2.872634e+02	5.016176e+01	493	7.966685e-01	7.000000e-01	
5.026351e+01	494	7.743976e+01	2.893095e+02	5.026351e+01	494	7.888482e-01	7.000000e-01	
5.036526e+01	495	7.677221e+01	2.801503e+02	5.036526e+01	495	7.849051e-01	7.000000e-01	
5.046701e+01	496	7.510847e+01	2.736102e+02	5.046701e+01	496	7.846159e-01	7.000000e-01	
5.056876e+01	497	9.048950e+01	2.824468e+02	5.056876e+01	497	7.573594e-01	7.000000e-01	
5.067050e+01	498	7.065277e+01	2.860473e+02	5.067050e+01	498	8.019267e-01	7.000000e-01	
5.077225e+01	499	7.998960e+01	2.424422e+02	5.077225e+01	499	7.519178e-01	7.000000e-01	
5.087400e+01	500	7.384685e+01	2.901719e+02	5.087400e+01	500	7.971345e-01	7.000000e-01	
5.097575e+01	501	7.752808e+01	2.322020e+02	5.097575e+01	501	7.496915e-01	7.000000e-01	
5.107750e+01	502	8.761575e+01	2.465336e+02	5.107750e+01	502	7.377946e-01	7.000000e-01	
5.117924e+01	503	8.332297e+01	2.612008e+02	5.117924e+01	503	7.581503e-01	7.000000e-01	
5.128099e+01	504	8.472761e+01	2.406918e+02	5.128099e+01	504	7.396357e-01	7.000000e-01	
5.138274e+01	505	7.978200e+01	2.551676e+02	5.138274e+01	505	7.618089e-01	7.000000e-01	
5.148449e+01	506	8.272147e+01	2.496539e+02	5.148449e+01	506	7.511203e-01	7.000000e-01	
5.158624e+01	507	7.437956e+01	2.424113e+02	5.158624e+01	507	7.652093e-01	7.000000e-01	
5.168798e+01	508	5.756223e+01	2.086771e+02	5.168798e+01	508	7.837952e-01	7.000000e-01	
5.178973e+01	509	6.072213e+01	2.465011e+02	5.178973e+01	509	8.023518e-01	7.000000e-01	
5.189148e+01	510	4.895506e+01	1.822145e+02	5.189148e+01	510	7.882288e-01	7.000000e-01	
5.199323e+01	511	5.016821e+01	1.964567e+02	5.199323e+01	511	7.965809e-01	7.000000e-01	
5.209498e+01	512	6.631286e+01	2.556382e+02	5.209498e+01	512	7.940281e-01	7.000000e-01	
5.219672e+01	513	6.911362e+01	2.177869e+02	5.219672e+01	513	7.591025e-01	7.000000e-01	
5.229847e+01	514	6.965214e+01	2.303931e+02	5.229847e+01	514	7.678612e-01	7.000000e-01	
5.240022e+01	515	5.767979e+01	2.309803e+02	5.240022e+01	515	8.001809e-01	7.000000e-01	
5.250197e+01	516	7.940423e+01	2.125424e+02	5.250197e+01	516	7.280180e-01	7.000000e-01	
5.260372e+01	517	7.670516e+01	2.240551e+02	5.260372e+01	517	7.449624e-01	7.000000e-01	
5.270546e+01	518	7.677731e+01	2.205743e+02	5.270546e+01	518	7.417962e-01	7.000000e-01	
5.280721e+01	519	7.477479e+01	2.031946e+02	5.280721e+01	519	7.309963e-01	7.000000e-01	
5.290896e+01	520	7.923899e+01	2.281619e+02	5.290896e+01	520	7.422291e-01	7.000000e-01	
5.301071e+01	521	9.175473e+01	2.330142e+02	5.301071e+01	521	7.174769e-01	7.000000e-01	
5.311246e+01	522	8.095754e+01	2.208781e+02	5.311246e+01	522	7.317827e-01	7.000000e-01	
5.321420e+01	523	7.973302e+01	2.261542e+02	5.321420e+01	523	7.393385e-01	7.000000e-01	
5.331595e+01	524	8.050808e+01	2.242302e+02	5.331595e+01	524	7.358124e-01	7.000000e-01	
5.341770e+01	525	9.262834e+01	2.510632e+02	5.341770e+01	525	7.304899e-01	7.000000e-01	
5.351945e+01	526	7.436286e+01	2.167427e+02	5.351945e+01	526	7.445502e-01	7.000000e-01	
5.362120e+01	527	9.773869e+01	2.291265e+02	5.362120e+01	527	7.009816e-01	7.000000e-01	
5.372294e+01	528	9.765199e+01	2.356957e+02	5.372294e+01	528	7.070566e-01	7.000000e-01	
5.382469e+01	529	8.930668e+01	2.135197e+02	5.382469e+01	529	7.050895e-01	7.000000e-01	
5.392644e+01	530	9.542585e+01	2.576493e+02	5.392644e+01	530	7.297294e-01	7.000000e-01	
5.402819e+01	531	8.839080e+01	2.080013e+02	5.402819e+01	531	7.017775e-01	7.000000e-01	
5.412994e+01	532	9.482502e+01	2.325365e+02	5.412994e+01	532	7.103355e-01	7.000000e-01	
5.423168e+01	533	1.085775e+02	2.264573e+02	5.423168e+01	533	6.759217e-01	7.000000e-01	
5.433343e+01	534	9.786309e+01	2.354088e+02	5.433343e+01	534	7.063566e-01	7.000000e-01	
5.443518e+01	535	9.202518e+01	2.313252e+02	5.443518e+01	535	7.154010e-01	7.000000e-01	
5.453693e+01	536	1.082590e+02	2.175568e+02	5.453693e+01	536	6.677294e-01	7.000000e-01	
5.463868e+01	537	1.179101e+02	2.497133e+02	5.463868e+01	537	6.792639e-01	7.000000e-01	
5.474042e+01	538	1.060026e+02	2.267314e+02	5.474042e+01	538	6.814194e-01	7.000000e-01	
5.484217e+01	539	1.229995e+02	2.693586e+02	5.484217e+01	539	6.865121e-01	7.000000e-01	
5.494392e+01	540	1.020928e+02	2.302216e+02	5.494392e+01	540	6.927825e-01	7.000000e-01	
5.504567e+01	541	1.101271e+02	2.279159e+02	5.504567e+01	541	6.742216e-01	7.000000e-01	
5.514742e+01	542	7.224636e+01	2.338503e+02	5.514742e+01	542	7.639753e-01	7.000000e-01	
5.524916e+01	543	6.657451e+01	2.490618e+02	5.524916e+01	543	7.890784e-01	7.000000e-01	
5.535091e+01	544	8.345467e+01	2.396423e+02	5.535091e+01	544	7.417040e-01	7.000000e-01	
5.545266e+01	545	7.932129e+01	2.100182e+02	5.545266e+01	545	7.258539e-01	7.000000e-01	
5.555441e+01	546	9.091557e+01	2.513404e+02	5.555441e+01	546	7.343638e-01	7.000000e-01	
5.565616e+01	547	1.020177e+02	2.283651e+02	5.565616e+01	547	6.912136e-01	7.000000e-01	
5.575790e+01	548	8.826146e+01	2.584683e+02	5.575790e+01	548	7.454460e-01	7.000000e-01	
5.585965e+01	549	1.062102e+02	2.193049e+02	5.585965e+01	549	6.737165e-01	7.000000e-01	
5.596140e+01	550	1.034383e+02	2.276434e+02	5.596140e+01	550	6.875747e-01	7.000000e-01	
5.606315e+01	551	8.474375e+01	2.278169e+02	5.606315e+01	551	7.288726e-01	7.000000e-01	
5.616490e+01	552	8.867348e+01	2.567623e+02	5.616490e+01	552	7.432997e-01	7.000000e-01	
5.626664e+01	553	7.646460e+01	2.699322e+02	5.626664e+01	553	7.792572e-01	7.000000e-01	
5.636839e+01	554	9.679393e+01	2.773959e+02	5.636839e+01	554	7.413240e-01	7.000000e-01	
5.647014e+01	555	7.556238e+01	3.207938e+02	5.647014e+01	555	8.093574e-01	7.000000e-01	
5.657189e+01	556	5.157741e+01	2.619241e+02	5.657189e+01	556	8.354795e-01	7.000000e-01	
5.667364e+01	557	6.414047e+01	2.517724e+02	5.667364e+01	557	7.969678e-01	7.000000e-01	
5.677538e+01	558	5.777974e+01	2.809631e+02	5.677538e+01	558	8.294289e-01	7.000000e-01	
5.687713e+01	559	4.717189e+01	2.448112e+02	5.687713e+01	559	8.384431e-01	7.000000e-01	
5.697888e+01	560	7.985471e+01	2.789329e+02	5.697888e+01	560	7.774318e-01	7.000000e-01	
5.708063e+01	561	7.568440e+01	2.399297e+02	5.708063e+01	561	7.601996e-01	7.000000e-01	
5.718238e+01	562	8.075625e+01	2.352534e+02	5.718238e+01	562	7.444501e-01	7.000000e-01	
5.728412e+01	563	7.498725e+01	2.537666e+02	5.728412e+01	563	7.719046e-01	7.000000e-01	
5.738587e+01	564	6.410786e+01	2.501049e+02	5.738587e+01	564	7.959731e-01	7.000000e-01	
5.748762e+01	565	6.416962e+01	2.459333e+02	5.748762e+01	565	7.930699e-01	7.000000e-01	
5.758937e+01	566	7.096152e+01	2.237347e+02	5.758937e+01	566	7.592045e-01	7.000000e-01	
5.769112e+01	567	7.090214e+01	2.520910e+02	5.769112e+01	567	7.804841e-01	7.000000e-01	
5.779286e+01	568	7.419210e+01	2.357282e+02	5.779286e+01	568	7.606091e-01	7.000000e-01	
5.789461e+01	569	9.699918e+01	2.130945e+02	5.789461e+01	569	6.871939e-01	7.000000e-01	
5.799636e+01	570	7.925019e+01	2.442557e+02	5.799636e+01	570	7.550271e-01	7.000000e-01	
5.809811e+01	571	3.068507e+02	1.322629e+01	5.809811e+01	571	4.132221e-02	0	
5.819986e+01	572	3.112256e+02	9.603467e+00	5.819986e+01	572	2.993328e-02	0	
5.830160e+01	573	3.081439e+02	6.098329e+00	5.830160e+01	573	1.940646e-02	0	
5.840335e+01	574	3.272044e+02	1.024917e+01	5.840335e+01	574	3.037209e-02	0	
5.850510e+01	575	2.914253e+02	2.689897e+01	5.850510e+01	575	8.450179e-02	0	
5.860685e+01	576	2.867042e+02	8.789252e+00	5.860685e+01	576	2.974432e-02	0	
5.870860e+01	577	3.132456e+02	1.051130e+01	5.870860e+01	577	3.246664e-02	0	
5.881034e+01	578	3.465550e+02	-9.334441e+00	5.881034e+01	578	-2.768052e-02	0	
5.891209e+01	579	3.047165e+02	-1.151671e+00	5.891209e+01	579	-3.793822e-03	0	
5.901384e+01	580	3.011850e+02	8.333425e+00	5.901384e+01	580	2.692384e-02	0	
5.911559e+01	581	2.882233e+02	7.348727e+00	5.911559e+01	581	2.486273e-02	0	
5.921734e+01	582	3.005985e+02	8.883401e-01	5.921734e+01	582	2.946530e-03	0	
5.931908e+01	583	3.069010e+02	2.986472e+00	5.931908e+01	583	9.637279e-03	0	
5.942083e+01	584	2.682296e+02	-5.301257e+00	5.942083e+01	584	-2.016236e-02	0	
5.952258e+01	585	3.065456e+02	-1.629778e+00	5.952258e+01	585	-5.345010e-03	0	
5.962433e+01	586	3.271440e+02	1.333589e+01	5.962433e+01	586	3.916792e-02	0	
5.972608e+01	587	3.015443e+02	1.945148e+00	5.972608e+01	587	6.409277e-03	0	
5.982782e+01	588	3.033261e+02	5.530670e-01	5.982782e+01	588	1.820023e-03	0	
5.992957e+01	589	2.959529e+02	-7.203231e+00	5.992957e+01	589	-2.494628e-02	0	
6.003132e+01	590	3.293637e+02	2.052193e+01	6.003132e+01	590	5.865325e-02	0	
6.013307e+01	591	2.897226e+02	-2.787198e+01	6.013307e+01	591	-1.064423e-01	0	
6.023482e+01	592	3.055110e+02	3.720066e+00	6.023482e+01	592	1.203005e-02	0	
6.033656e+01	593	2.739386e+02	-2.973553e+01	6.033656e+01	593	-1.217656e-01	0	
6.043831e+01	594	2.863566e+02	-1.847741e+01	6.043831e+01	594	-6.897665e-02	0	
6.054006e+01	595	2.811846e+02	-1.757081e+01	6.054006e+01	595	-6.665361e-02	0	
6.064181e+01	596	2.726953e+02	-3.189849e+01	6.064181e+01	596	-1.324706e-01	0	
6.074356e+01	597	2.944818e+02	-8.294742e+00	6.074356e+01	597	-2.898364e-02	0	
6.084530e+01	598	3.214971e+02	5.840941e+00	6.084530e+01	598	1.784376e-02	0	
6.094705e+01	599	2.892800e+02	-6.321696e+00	6.094705e+01	599	-2.234144e-02	0	
6.104880e+01	600	2.915703e+02	-7.397685e+00	6.104880e+01	600	-2.603236e-02	0	
6.115055e+01	601	3.177742e+02	2.786867e+00	6.115055e+01	601	8.693716e-03	0	
6.125230e+01	602	2.957143e+02	-7.413601e+00	6.125230e+01	602	-2.571482e-02	0	
6.135404e+01	603	2.997449e+02	-2.610851e+01	6.135404e+01	603	-9.541315e-02	0	
6.145579e+01	604	3.172946e+02	1.271056e+01	6.145579e+01	604	3.851625e-02	0	
6.155754e+01	605	3.013544e+02	7.132823e-01	6.155754e+01	605	2.361333e-03	0	
6.165929e+01	606	3.330802e+02	7.939165e+00	6.165929e+01	606	2.328069e-02	0	
6.176104e+01	607	3.239331e+02	9.752496e+00	6.176104e+01	607	2.922660e-02	0	
6.186278e+01	608	2.858881e+02	2.205161e+01	6.186278e+01	608	7.161015e-02	0	
6.196453e+01	609	3.042323e+02	2.409902e-01	6.196453e+01	609	7.914987e-04	0	
6.206628e+01	610	2.721399e+02	2.104576e+01	6.206628e+01	610	7.178305e-02	0	
6.216803e+01	611	3.071844e+02	1.334815e+01	6.216803e+01	611	4.164366e-02	0	
6.226978e+01	612	3.113717e+02	1.739460e+01	6.226978e+01	612	5.290871e-02	0	
6.237152e+01	613	3.429819e+02	3.148493e+01	6.237152e+01	613	8.407936e-02	0	
6.247327e+01	614	3.446974e+02	3.774221e+00	6.247327e+01	614	1.083078e-02	0	
6.257502e+01	615	3.309289e+02	5.777326e+00	6.257502e+01	615	1.715836e-02	0	
6.267677e+01	616	2.770997e+02	2.244831e+00	6.267677e+01	616	8.036066e-03	0	
6.277852e+01	617	2.957668e+02	2.547870e+00	6.277852e+01	617	8.540881e-03	0	
6.288026e+01	618	2.938780e+02	-8.085238e-01	6.288026e+01	618	-2.758813e-03	0	
6.298201e+01	619	2.977498e+02	-3.703124e+00	6.298201e+01	619	-1.259366e-02	0	
6.308376e+01	620	2.910252e+02	4.457962e+00	6.308376e+01	620	1.508703e-02	0	
6.318551e+01	621	2.923724e+02	1.190338e+01	6.318551e+01	621	3.912037e-02	0	
6.328726e+01	622	2.956958e+02	-6.813991e+00	6.328726e+01	622	-2.358747e-02	0	
6.338900e+01	623	2.792025e+02	6.031134e+00	6.338900e+01	623	2.114454e-02	0	
6.349075e+01	624	2.768673e+02	-9.490600e+00	6.349075e+01	624	-3.549524e-02	0	
6.359250e+01	625	2.981803e+02	-5.254673e+00	6.359250e+01	625	-1.793859e-02	0	
6.369425e+01	626	2.807997e+02	1.493247e+00	6.369425e+01	626	5.289707e-03	0	
6.379600e+01	627	2.792640e+02	-1.335807e-01	6.379600e+01	627	-4.785602e-04	0	
6.389774e+01	628	3.419473e+02	-1.273467e+01	6.389774e+01	628	-3.868220e-02	0	
6.399949e+01	629	2.955549e+02	-6.457932e+00	6.399949e+01	629	-2.233829e-02	0	
6.410124e+01	630	2.982956e+02	5.109658e+00	6.410124e+01	630	1.684103e-02	0	
6.420299e+01	631	2.952376e+02	-6.945777e+00	6.420299e+01	631	-2.409287e-02	0	
6.430474e+01	632	2.886015e+02	5.334552e-01	6.430474e+01	632	1.845004e-03	0	
6.440648e+01	633	3.179243e+02	-2.752962e+00	6.440648e+01	633	-8.734811e-03	0	
6.450823e+01	634	2.978501e+02	-5.356964e+00	6.450823e+01	634	-1.831484e-02	0	
6.460998e+01	635	3.015389e+02	1.618946e+01	6.460998e+01	635	5.095378e-02	0	
6.471173e+01	636	3.073244e+02	-5.168187e+00	6.471173e+01	636	-1.710435e-02	0	
6.481348e+01	637	3.067404e+02	1.518901e+01	6.481348e+01	637	4.718118e-02	0	
6.491522e+01	638	2.869953e+02	1.292712e+00	6.491522e+01	638	4.484099e-03	0	
6.501697e+01	639	2.966868e+02	1.055379e+01	6.501697e+01	639	3.435025e-02	0	
6.511872e+01	640	3.218118e+02	2.477468e+01	6.511872e+01	640	7.148196e-02	0	
6.522047e+01	641	3.318836e+02	1.321659e+01	6.522047e+01	641	3.829783e-02	0	
6.532222e+01	642	2.857891e+02	1.292367e+01	6.532222e+01	642	4.326454e-02	0	
6.542396e+01	643	3.025778e+02	1.722564e+01	6.542396e+01	643	5.386321e-02	0	
6.552571e+01	644	2.766779e+02	1.967833e+01	6.552571e+01	644	6.640093e-02	0	
6.562746e+01	645	2.327633e+02	1.217522e+01	6.562746e+01	645	4.970725e-02	0	
6.572921e+01	646	3.076737e+02	1.769216e+01	6.572921e+01	646	5.437620e-02	0	
6.583096e+01	647	3.054341e+02	2.204628e+01	6.583096e+01	647	6.732092e-02	0	
6.593270e+01	648	2.665622e+02	1.209530e+01	6.593270e+01	648	4.340561e-02	0	
6.603445e+01	649	2.918157e+02	4.098279e+01	6.603445e+01	649	1.231460e-01	0	
6.613620e+01	650	2.965879e+02	9.188643e+00	6.613620e+01	650	3.005019e-02	0	
6.623795e+01	651	2.909591e+02	1.040055e+01	6.623795e+01	651	3.451209e-02	0	
6.633970e+01	652	2.834598e+02	6.707643e+00	6.633970e+01	652	2.311646e-02	0	
6.644144e+01	653	2.794889e+02	2.380410e+01	6.644144e+01	653	7.848549e-02	0	
6.654319e+01	654	2.908500e+02	5.208029e+00	6.654319e+01	654	1.759124e-02	0	
6.664494e+01	655	3.224491e+02	6.175912e+00	6.664494e+01	655	1.879319e-02	0	
6.674669e+01	656	2.661396e+02	-1.145355e+01	6.674669e+01	656	-4.497125e-02	0	
6.684844e+01	657	3.016439e+02	-4.507183e+00	6.684844e+01	657	-1.516872e-02	0	
6.695018e+01	658	2.834447e+02	2.521083e+01	6.695018e+01	658	8.167950e-02	0	
6.705193e+01	659	2.664040e+02	-7.544027e+00	6.705193e+01	659	-2.914327e-02	0	
6.715368e+01	660	3.036764e+02	1.199870e+01	6.715368e+01	660	3.800965e-02	0	
6.725543e+01	661	3.349623e+02	-1.477677e+01	6.725543e+01	661	-4.615065e-02	0	
6.735718e+01	662	3.139789e+02	-1.155027e+01	6.735718e+01	662	-3.819172e-02	0	
6.745892e+01	663	3.253948e+02	7.975177e+00	6.745892e+01	663	2.392290e-02	0	
6.756067e+01	664	2.921657e+02	-1.750226e+01	6.756067e+01	664	-6.372257e-02	0	
6.766242e+01	665	3.045232e+02	1.469210e+01	6.766242e+01	665	4.602568e-02	0	
6.776417e+01	666	2.719463e+02	-1.132709e+01	6.776417e+01	666	-4.346222e-02	0	
6.786592e+01	667	3.094625e+02	5.434740e+00	6.786592e+01	667	1.725877e-02	0	
6.796766e+01	668	2.735318e+02	-5.871991e+00	6.796766e+01	668	-2.193826e-02	0	
6.806941e+01	669	2.437718e+02	-2.252857e+01	6.806941e+01	669	-1.018272e-01	0	
6.817116e+01	670	2.678056e+02	7.153194e+00	6.817116e+01	670	2.601551e-02	0	
6.827291e+01	671	2.835582e+02	2.912320e+01	6.827291e+01	671	9.314017e-02	0	
6.837466e+01	672	2.922426e+02	-2.366046e+00	6.837466e+01	672	-8.162254e-03	0	
6.847640e+01	673	2.783138e+02	-1.514006e+01	6.847640e+01	673	-5.752876e-02	0	
6.857815e+01	674	2.831282e+02	2.789444e+01	6.857815e+01	674	8.968620e-02	0	
6.867990e+01	675	2.729741e+02	-9.871528e+00	6.867990e+01	675	-3.751969e-02	0	
6.878165e+01	676	2.597128e+02	-1.469945e+01	6.878165e+01	676	-5.999449e-02	0	
6.888340e+01	677	2.481177e+02	-1.454854e+00	6.888340e+01	677	-5.898148e-03	0	
6.898514e+01	678	2.799072e+02	1.128620e+01	6.898514e+01	678	3.875843e-02	0	
6.908689e+01	679	3.125553e+02	1.699880e+01	6.908689e+01	679	5.158121e-02	0	
6.918864e+01	680	2.906078e+02	2.821732e+01	6.918864e+01	680	8.850407e-02	0	
6.929039e+01	681	2.814233e+02	2.855399e+00	6.929039e+01	681	1.004436e-02	0	
6.939214e+01	682	2.740018e+02	2.460417e+01	6.939214e+01	682	8.239678e-02	0	
6.949388e+01	683	2.946062e+02	1.526048e+01	6.949388e+01	683	4.924853e-02	0	
6.959563e+01	684	2.907032e+02	-1.511293e+00	6.959563e+01	684	-5.225917e-03	0	
6.969738e+01	685	2.945495e+02	5.664846e-01	6.969738e+01	685	1.919532e-03	0	
6.979913e+01	686	2.921029e+02	-6.820700e+00	6.979913e+01	686	-2.390861e-02	0	
6.990088e+01	687	2.811946e+02	2.821714e+01	6.990088e+01	687	9.119609e-02	0	
7.000262e+01	688	2.887142e+02	-8.000984e-01	7.000262e+01	688	-2.778948e-03	0	
7.010437e+01	689	2.974746e+02	-1.466768e+01	7.010437e+01	689	-5.186464e-02	0	
7.020612e+01	690	2.862474e+02	6.623948e+00	7.020612e+01	690	2.261726e-02	0	
7.030787e+01	691	2.892770e+02	4.972475e+00	7.030787e+01	691	1.689884e-02	0	
7.040962e+01	692	2.894342e+02	2.494887e+00	7.040962e+01	692	8.546209e-03	0	
7.051136e+01	693	3.049736e+02	1.105885e+01	7.051136e+01	693	3.499277e-02	0	
7.061311e+01	694	2.905236e+02	-8.907109e+00	7.061311e+01	694	-3.162851e-02	0	
7.071486e+01	695	2.788981e+02	1.771451e+00	7.071486e+01	695	6.311518e-03	0	
7.081661e+01	696	3.043746e+02	2.780635e+00	7.081661e+01	696	9.052865e-03	0	
7.091836e+01	697	3.150060e+02	-1.302758e+01	7.091836e+01	697	-4.314076e-02	0	
7.102010e+01	698	3.272855e+02	1.143894e+01	7.102010e+01	698	3.377064e-02	0	
7.112185e+01	699	3.152789e+02	-3.128631e+00	7.112185e+01	699	-1.002284e-02	0	
7.122360e+01	700	3.178580e+02	-2.080257e+00	7.122360e+01	700	-6.587725e-03	0	
7.132535e+01	701	3.076798e+02	3.643585e-01	7.132535e+01	701	1.182813e-03	0	
7.142710e+01	702	3.015769e+02	-6.194635e-02	7.142710e+01	702	-2.054503e-04	0	
7.152884e+01	703	3.015747e+02	-4.879402e+00	7.152884e+01	703	-1.644584e-02	0	
7.163059e+01	704	3.024836e+02	3.366267e+00	7.163059e+01	704	1.100627e-02	0	
7.173234e+01	705	3.154553e+02	2.141875e+01	7.173234e+01	705	6.358088e-02	0	
7.183409e+01	706	3.098065e+02	-3.125402e+00	7.183409e+01	706	-1.019105e-02	0	
7.193584e+01	707	2.857587e+02	-3.191082e+00	7.193584e+01	707	-1.129316e-02	0	
7.203758e+01	708	2.920520e+02	-6.751690e+00	7.203758e+01	708	-2.366520e-02	0	
7.213933e+01	709	3.143912e+02	1.369986e+01	7.213933e+01	709	4.175627e-02	0	
7.224108e+01	710	2.953893e+02	4.316022e+00	7.224108e+01	710	1.440089e-02	0	
7.234283e+01	711	2.836286e+02	-1.559893e+01	7.234283e+01	711	-5.819852e-02	0	
7.244458e+01	712	3.234031e+02	-8.477328e+00	7.244458e+01	712	-2.691850e-02	0	
7.254632e+01	713	2.932417e+02	6.598794e+00	7.254632e+01	713	2.200768e-02	0	
7.264807e+01	714	3.166817e+02	-3.678419e+00	7.264807e+01	714	-1.175201e-02	0	
7.274982e+01	715	2.914122e+02	-2.386739e+00	7.274982e+01	715	-8.257885e-03	0	
7.285157e+01	716	2.931353e+02	7.564820e+00	7.285157e+01	716	2.515736e-02	0	
7.295332e+01	717	3.098897e+02	-1.822565e+00	7.295332e+01	717	-5.916129e-03	0	
7.305506e+01	718	3.725943e+02	1.761792e+00	7.305506e+01	718	4.706193e-03	0	
7.315681e+01	719	3.513392e+02	-1.550070e+01	7.315681e+01	719	-4.615522e-02	0	
7.325856e+01	720	3.847198e+02	-4.183105e+01	7.325856e+01	720	-1.219960e-01	0	
7.336031e+01	721	2.829062e+02	1.122934e+01	7.336031e+01	721	3.817743e-02	0	
7.346206e+01	722	3.244311e+02	-5.065587e+00	7.346206e+01	722	-1.586141e-02	0	
7.356380e+01	723	2.970362e+02	1.068517e+01	7.356380e+01	723	3.472352e-02	0	
7.366555e+01	724	2.896415e+02	1.559274e+01	7.366555e+01	724	5.108450e-02	0	
7.376730e+01	725	2.725151e+02	1.746917e+01	7.376730e+01	725	6.024178e-02	0	
7.386905e+01	726	3.216168e+02	5.985980e+00	7.386905e+01	726	1.827207e-02	0	
7.397080e+01	727	3.073645e+02	4.124803e+00	7.397080e+01	727	1.324220e-02	0	
7.407254e+01	728	3.062738e+02	-1.684481e+00	7.407254e+01	728	-5.530335e-03	0	
7.417429e+01	729	3.076716e+02	7.067235e-01	7.417429e+01	729	2.291742e-03	0	
7.427604e+01	730	2.893638e+02	4.476858e+00	7.427604e+01	730	1.523567e-02	0	
7.437779e+01	731	2.989832e+02	3.364750e+00	7.437779e+01	731	1.112873e-02	0	
7.447954e+01	732	2.970643e+02	1.003615e+01	7.447954e+01	732	3.268035e-02	0	
7.458128e+01	733	3.020368e+02	-3.555215e-01	7.458128e+01	733	-1.178467e-03	0	
7.468303e+01	734	3.219115e+02	1.898383e+01	7.468303e+01	734	5.568815e-02	0	
7.478478e+01	735	3.320696e+02	2.459689e+00	7.478478e+01	735	7.352687e-03	0	
7.488653e+01	736	3.130323e+02	-8.386302e-01	7.488653e+01	736	-2.686250e-03	0	
7.498828e+01	737	3.062382e+02	1.535124e+01	7.498828e+01	737	4.773552e-02	0	
7.509002e+01	738	3.182415e+02	8.092906e+00	7.509002e+01	738	2.479943e-02	0	
7.519177e+01	739	2.882385e+02	3.305106e+01	7.519177e+01	739	1.028700e-01	0	
7.529352e+01	740	2.992075e+02	7.996974e+00	7.529352e+01	740	2.603144e-02	0	
7.539527e+01	741	3.243168e+02	1.271197e+01	7.539527e+01	741	3.771776e-02	0	
7.549702e+01	742	2.997880e+02	-2.559686e-01	7.549702e+01	742	-8.545617e-04	0	
7.559876e+01	743	3.048835e+02	1.685512e+01	7.559876e+01	743	5.238762e-02	0	
7.570051e+01	744	2.925008e+02	1.393851e+01	7.570051e+01	744	4.548539e-02	0	
7.580226e+01	745	2.781593e+02	-2.084859e+00	7.580226e+01	745	-7.551800e-03	0	
7.590401e+01	746	3.046611e+02	1.308229e+01	7.590401e+01	746	4.117250e-02	0	
7.600576e+01	747	3.112206e+02	7.356082e+00	7.600576e+01	747	2.309046e-02	0	
7.610750e+01	748	3.020272e+02	2.555004e+00	7.610750e+01	748	8.388553e-03	0	
7.620925e+01	749	2.843944e+02	1.633842e+01	7.620925e+01	749	5.432869e-02	0	
7.631100e+01	750	9.412773e+01	2.450209e+02	7.631100e+01	750	7.224588e-01	7.000000e-01	
7.641275e+01	751	7.538460e+01	2.440867e+02	7.641275e+01	751	7.640333e-01	7.000000e-01	
7.651450e+01	752	7.722589e+01	2.561649e+02	7.651450e+01	752	7.683623e-01	7.000000e-01	
7.661624e+01	753	6.020051e+01	2.724969e+02	7.661624e+01	753	8.190533e-01	7.000000e-01	
7.671799e+01	754	7.089130e+01	2.443341e+02	7.671799e+01	754	7.751092e-01	7.000000e-01	
7.681974e+01	755	7.699492e+01	2.371035e+02	7.681974e+01	755	7.548701e-01	7.000000e-01	
7.692149e+01	756	7.698172e+01	2.366355e+02	7.692149e+01	756	7.545361e-01	7.000000e-01	
7.702324e+01	757	6.336901e+01	2.729257e+02	7.702324e+01	757	8.115670e-01	7.000000e-01	
7.712498e+01	758	7.567107e+01	2.456188e+02	7.712498e+01	758	7.644773e-01	7.000000e-01	
7.722673e+01	759	7.617216e+01	2.674934e+02	7.722673e+01	759	7.783538e-01	7.000000e-01	
7.732848e+01	760	7.427103e+01	2.432701e+02	7.732848e+01	760	7.661058e-01	7.000000e-01	
7.743023e+01	761	7.082964e+01	2.435012e+02	7.743023e+01	761	7.746653e-01	7.000000e-01	
7.753198e+01	762	7.554458e+01	2.483480e+02	7.753198e+01	762	7.667604e-01	7.000000e-01	
7.763372e+01	763	7.242963e+01	2.486810e+02	7.763372e+01	763	7.744403e-01	7.000000e-01	
7.773547e+01	764	7.884371e+01	2.280191e+02	7.773547e+01	764	7.430653e-01	7.000000e-01	
7.783722e+01	765	7.696990e+01	2.363660e+02	7.783722e+01	765	7.543534e-01	7.000000e-01	
7.793897e+01	766	7.046563e+01	2.464932e+02	7.793897e+01	766	7.776821e-01	7.000000e-01	
7.804072e+01	767	7.627871e+01	2.373686e+02	7.804072e+01	767	7.568010e-01	7.000000e-01	
7.814246e+01	768	8.933207e+01	2.662386e+02	7.814246e+01	768	7.487642e-01	7.000000e-01	
7.824421e+01	769	7.279682e+01	2.977475e+02	7.824421e+01	769	8.035409e-01	7.000000e-01	
7.834596e+01	770	6.563483e+01	2.148640e+02	7.834596e+01	770	7.660068e-01	7.000000e-01	
7.844771e+01	771	6.777654e+01	2.231519e+02	7.844771e+01	771	7.670336e-01	7.000000e-01	
7.854946e+01	772	7.920605e+01	2.456629e+02	7.854946e+01	772	7.561908e-01	7.000000e-01	
7.865120e+01	773	9.036499e+01	2.478960e+02	7.865120e+01	773	7.328542e-01	7.000000e-01	
7.875295e+01	774	7.202113e+01	2.135324e+02	7.875295e+01	774	7.477841e-01	7.000000e-01	
7.885470e+01	775	8.055042e+01	2.573742e+02	7.885470e+01	775	7.616320e-01	7.000000e-01	
7.895645e+01	776	7.619682e+01	2.127460e+02	7.895645e+01	776	7.362910e-01	7.000000e-01	
7.905820e+01	777	5.730105e+01	2.008685e+02	7.905820e+01	777	7.780488e-01	7.000000e-01	
7.915994e+01	778	6.887772e+01	2.097772e+02	7.915994e+01	778	7.528207e-01	7.000000e-01	
7.926169e+01	779	8.979568e+01	2.259473e+02	7.926169e+01	779	7.156051e-01	7.000000e-01	
7.936344e+01	780	8.552040e+01	2.222582e+02	7.936344e+01	780	7.221366e-01	7.000000e-01	
7.946519e+01	781	6.359334e+01	2.141824e+02	7.946519e+01	781	7.710623e-01	7.000000e-01	
7.956694e+01	782	6.572518e+01	2.177384e+02	7.956694e+01	782	7.681354e-01	7.000000e-01	
7.966868e+01	783	7.892396e+01	2.432585e+02	7.966868e+01	783	7.550333e-01	7.000000e-01	
7.977043e+01	784	7.888037e+01	2.468261e+02	7.977043e+01	784	7.578176e-01	7.000000e-01	
7.987218e+01	785	8.686874e+01	2.245264e+02	7.987218e+01	785	7.210337e-01	7.000000e-01	
7.997393e+01	786	9.709633e+01	2.310961e+02	7.997393e+01	786	7.041482e-01	7.000000e-01	
8.007568e+01	787	9.584228e+01	2.647598e+02	8.007568e+01	787	7.342160e-01	7.000000e-01	
8.017742e+01	788	9.415587e+01	2.315638e+02	8.017742e+01	788	7.109297e-01	7.000000e-01	
8.027917e+01	789	6.378737e+01	2.576902e+02	8.027917e+01	789	8.015807e-01	7.000000e-01	
8.038092e+01	790	8.211830e+01	2.344874e+02	8.038092e+01	790	7.406291e-01	7.000000e-01	
8.048267e+01	791	9.416257e+01	2.606266e+02	8.048267e+01	791	7.345957e-01	7.000000e-01	
8.058442e+01	792	9.762188e+01	2.584226e+02	8.058442e+01	792	7.258155e-01	7.000000e-01	
8.068616e+01	793	7.809499e+01	2.464383e+02	8.068616e+01	793	7.593622e-01	7.000000e-01	
8.078791e+01	794	1.155978e+02	2.857471e+02	8.078791e+01	794	7.119739e-01	7.000000e-01	
8.088966e+01	795	8.025450e+01	2.360917e+02	8.088966e+01	795	7.463080e-01	7.000000e-01	
8.099141e+01	796	8.216302e+01	2.741807e+02	8.099141e+01	796	7.694276e-01	7.000000e-01	
8.109316e+01	797	8.954494e+01	2.622375e+02	8.109316e+01	797	7.454536e-01	7.000000e-01	
8.119490e+01	798	1.190157e+02	2.547546e+02	8.119490e+01	798	6.815806e-01	7.000000e-01	
8.129665e+01	799	8.489146e+01	2.383211e+02	8.129665e+01	799	7.373510e-01	7.000000e-01	
8.139840e+01	800	1.024993e+02	2.281689e+02	8.139840e+01	800	6.900237e-01	7.000000e-01	
8.150015e+01	801	7.926038e+01	2.412938e+02	8.150015e+01	801	7.527395e-01	7.000000e-01	
8.160190e+01	802	8.235138e+01	2.627475e+02	8.160190e+01	802	7.613687e-01	7.000000e-01	
8.170364e+01	803	9.736862e+01	2.443678e+02	8.170364e+01	803	7.150768e-01	7.000000e-01	
8.180539e+01	804	1.052576e+02	2.307177e+02	8.180539e+01	804	6.867103e-01	7.000000e-01	
8.190714e+01	805	1.021222e+02	2.235741e+02	8.190714e+01	805	6.864496e-01	7.000000e-01	
8.200889e+01	806	6.815350e+01	2.763642e+02	8.200889e+01	806	8.021771e-01	7.000000e-01	
8.211064e+01	807	6.450577e+01	2.648773e+02	8.211064e+01	807	8.041619e-01	7.000000e-01	
8.221238e+01	808	7.255770e+01	2.851360e+02	8.221238e+01	808	7.971513e-01	7.000000e-01	
8.231413e+01	809	5.616932e+01	2.661763e+02	8.231413e+01	809	8.257482e-01	7.000000e-01	
8.241588e+01	810	6.435554e+01	2.652946e+02	8.241588e+01	810	8.047762e-01	7.000000e-01	
8.251763e+01	811	7.061678e+01	2.692507e+02	8.251763e+01	811	7.922226e-01	7.000000e-01	
8.261938e+01	812	9.361164e+01	2.397620e+02	8.261938e+01	812	7.191990e-01	7.000000e-01	
8.272112e+01	813	6.692387e+01	2.887000e+02	8.272112e+01	813	8.118128e-01	7.000000e-01	
8.282287e+01	814	7.502824e+01	2.974220e+02	8.282287e+01	814	7.985550e-01	7.000000e-01	
8.292462e+01	815	8.503424e+01	2.522801e+02	8.292462e+01	815	7.479080e-01	7.000000e-01	
8.302637e+01	816	8.749433e+01	2.722349e+02	8.302637e+01	816	7.567773e-01	7.000000e-01	
8.312812e+01	817	9.862761e+01	2.844515e+02	8.312812e+01	817	7.425398e-01	7.000000e-01	
8.322986e+01	818	1.066348e+02	2.313134e+02	8.322986e+01	818	6.844641e-01	7.000000e-01	
8.333161e+01	819	9.411930e+01	2.451529e+02	8.333161e+01	819	7.225847e-01	7.000000e-01	
8.343336e+01	820	8.018187e+01	2.308425e+02	8.343336e+01	820	7.422007e-01	7.000000e-01	
8.353511e+01	821	9.525110e+01	2.358851e+02	8.353511e+01	821	7.123507e-01	7.000000e-01	
8.363686e+01	822	7.261698e+01	2.472473e+02	8.363686e+01	822	7.729757e-01	7.000000e-01	
8.373860e+01	823	8.572078e+01	2.209480e+02	8.373860e+01	823	7.204776e-01	7.000000e-01	
8.384035e+01	824	9.683724e+01	2.424976e+02	8.384035e+01	824	7.146263e-01	7.000000e-01	
8.394210e+01	825	7.264034e+01	2.474313e+02	8.394210e+01	825	7.730497e-01	7.000000e-01	
8.404385e+01	826	8.875624e+01	2.252401e+02	8.404385e+01	826	7.173335e-01	7.000000e-01	
8.414560e+01	827	8.625786e+01	2.368336e+02	8.414560e+01	827	7.330234e-01	7.000000e-01	
8.424734e+01	828	7.303005e+01	2.111995e+02	8.424734e+01	828	7.430596e-01	7.000000e-01	
8.434909e+01	829	8.267182e+01	2.560350e+02	8.434909e+01	829	7.559192e-01	7.000000e-01	
8.445084e+01	830	7.776156e+01	2.242491e+02	8.445084e+01	830	7.425205e-01	7.000000e-01	
8.455259e+01	831	9.049285e+01	2.299271e+02	8.455259e+01	831	7.175805e-01	7.000000e-01	
8.465434e+01	832	6.709665e+01	2.456074e+02	8.465434e+01	832	7.854308e-01	7.000000e-01	
8.475608e+01	833	7.153710e+01	2.527584e+02	8.475608e+01	833	7.794077e-01	7.000000e-01	
8.485783e+01	834	7.067004e+01	2.477162e+02	8.485783e+01	834	7.780368e-01	7.000000e-01	
8.495958e+01	835	7.129314e+01	2.566169e+02	8.495958e+01	835	7.825832e-01	7.000000e-01	
8.506133e+01	836	6.401780e+01	2.464469e+02	8.506133e+01	836	7.938001e-01	7.000000e-01	
8.516308e+01	837	6.586682e+01	2.703063e+02	8.516308e+01	837	8.040687e-01	7.000000e-01	
8.526482e+01	838	6.768274e+01	2.146549e+02	8.526482e+01	838	7.602773e-01	7.000000e-01	
8.536657e+01	839	6.513263e+01	2.398116e+02	8.536657e+01	839	7.864113e-01	7.000000e-01	
8.546832e+01	840	6.613645e+01	2.544349e+02	8.546832e+01	840	7.936920e-01	7.000000e-01	
8.557007e+01	841	8.194949e+01	2.306212e+02	8.557007e+01	841	7.378209e-01	7.000000e-01	
8.567182e+01	842	8.090471e+01	2.534083e+02	8.567182e+01	842	7.579971e-01	7.000000e-01	
8.577356e+01	843	7.955068e+01	2.521456e+02	8.577356e+01	843	7.601701e-01	7.000000e-01	
8.587531e+01	844	8.214103e+01	2.512119e+02	8.587531e+01	844	7.535914e-01	7.000000e-01	
8.597706e+01	845	8.608569e+01	2.463060e+02	8.597706e+01	845	7.410113e-01	7.000000e-01	
8.607881e+01	846	8.668096e+01	2.473589e+02	8.607881e+01	846	7.405071e-01	7.000000e-01	
8.618056e+01	847	8.019450e+01	2.323232e+02	8.618056e+01	847	7.433921e-01	7.000000e-01	
8.628230e+01	848	8.779219e+01	2.326497e+02	8.628230e+01	848	7.260277e-01	7.000000e-01	
8.638405e+01	849	8.216167e+01	2.433615e+02	8.638405e+01	849	7.476012e-01	7.000000e-01	
8.648580e+01	850	8.368194e+01	2.304201e+02	8.648580e+01	850	7.335836e-01	7.000000e-01	
8.658755e+01	851	8.393451e+01	2.326476e+02	8.658755e+01	851	7.348729e-01	7.000000e-01	
8.668930e+01	852	7.599559e+01	2.268747e+02	8.668930e+01	852	7.490821e-01	7.000000e-01	
8.679104e+01	853	7.455500e+01	2.187174e+02	8.679104e+01	853	7.457824e-01	7.000000e-01	
8.689279e+01	854	8.033516e+01	2.258045e+02	8.689279e+01	854	7.375866e-01	7.000000e-01	
8.699454e+01	855	8.539134e+01	2.284091e+02	8.699454e+01	855	7.278801e-01	7.000000e-01	
8.709629e+01	856	6.930000e+01	2.326219e+02	8.709629e+01	856	7.704704e-01	7.000000e-01	
8.719804e+01	857	9.099342e+01	2.444945e+02	8.719804e+01	857	7.287729e-01	7.000000e-01	
8.729978e+01	858	8.437658e+01	2.397011e+02	8.729978e+01	858	7.396409e-01	7.000000e-01	
8.740153e+01	859	1.020966e+02	2.110676e+02	8.740153e+01	859	6.739838e-01	7.000000e-01	
8.750328e+01	860	8.294710e+01	2.333062e+02	8.750328e+01	860	7.377194e-01	7.000000e-01	
8.760503e+01	861	8.232048e+01	2.645593e+02	8.760503e+01	861	7.626830e-01	7.000000e-01	
8.770678e+01	862	8.512707e+01	2.300219e+02	8.770678e+01	862	7.298831e-01	7.000000e-01	
8.780852e+01	863	7.743910e+01	2.623725e+02	8.780852e+01	863	7.721117e-01	7.000000e-01	
8.791027e+01	864	9.206961e+01	2.615676e+02	8.791027e+01	864	7.396495e-01	7.000000e-01	
8.801202e+01	865	6.819033e+01	2.481826e+02	8.801202e+01	865	7.844622e-01	7.000000e-01	
8.811377e+01	866	8.775830e+01	2.688349e+02	8.811377e+01	866	7.538980e-01	7.000000e-01	
8.821552e+01	867	8.185035e+01	2.338068e+02	8.821552e+01	867	7.406986e-01	7.000000e-01	
8.831726e+01	868	8.650708e+01	2.517220e+02	8.831726e+01	868	7.442352e-01	7.000000e-01	
8.841901e+01	869	7.668710e+01	2.384472e+02	8.841901e+01	869	7.566526e-01	7.000000e-01	
8.852076e+01	870	6.391618e+01	2.614309e+02	8.852076e+01	870	8.035446e-01	7.000000e-01	
8.862251e+01	871	7.568956e+01	2.566428e+02	8.862251e+01	871	7.722474e-01	7.000000e-01	
8.872426e+01	872	6.907328e+01	2.490469e+02	8.872426e+01	872	7.828705e-01	7.000000e-01	
8.882600e+01	873	7.467489e+01	2.456010e+02	8.882600e+01	873	7.668420e-01	7.000000e-01	
8.892775e+01	874	1.096457e+02	2.052212e+02	8.892775e+01	874	6.517713e-01	7.000000e-01	
8.902950e+01	875	7.907515e+01	2.311942e+02	8.902950e+01	875	7.451403e-01	7.000000e-01	
8.913125e+01	876	8.193369e+01	2.632303e+02	8.913125e+01	876	7.626239e-01	7.000000e-01	
8.923300e+01	877	7.852890e+01	2.115699e+02	8.923300e+01	877	7.293029e-01	7.000000e-01	
8.933474e+01	878	7.654466e+01	2.271603e+02	8.933474e+01	878	7.479637e-01	7.000000e-01	
8.943649e+01	879	7.845762e+01	2.495054e+02	8.943649e+01	879	7.607730e-01	7.000000e-01	
8.953824e+01	880	7.607589e+01	2.646854e+02	8.953824e+01	880	7.767473e-01	7.000000e-01	
8.963999e+01	881	7.882481e+01	2.555752e+02	8.963999e+01	881	7.642799e-01	7.000000e-01	
8.974174e+01	882	8.116258e+01	2.640554e+02	8.974174e+01	882	7.648947e-01	7.000000e-01	
8.984348e+01	883	7.623787e+01	2.640216e+02	8.984348e+01	883	7.759420e-01	7.000000e-01	
8.994523e+01	884	8.760643e+01	2.380351e+02	8.994523e+01	884	7.309728e-01	7.000000e-01	
9.004698e+01	885	8.684053e+01	2.224737e+02	9.004698e+01	885	7.192482e-01	7.000000e-01	
9.014873e+01	886	7.553107e+01	2.267979e+02	9.014873e+01	886	7.501693e-01	7.000000e-01	
9.025048e+01	887	8.867806e+01	2.405522e+02	9.025048e+01	887	7.306503e-01	7.000000e-01	
9.035222e+01	888	8.188588e+01	2.264704e+02	9.035222e+01	888	7.344439e-01	7.000000e-01	
9.045397e+01	889	8.539657e+01	2.377208e+02	9.045397e+01	889	7.357104e-01	7.000000e-01	
9.055572e+01	890	8.043012e+01	2.193033e+02	9.055572e+01	890	7.316612e-01	7.000000e-01	
9.065747e+01	891	1.077305e+02	2.335566e+02	9.065747e+01	891	6.843405e-01	7.000000e-01	
9.075922e+01	892	8.081304e+01	2.175171e+02	9.075922e+01	892	7.291154e-01	7.000000e-01	
9.086096e+01	893	8.585143e+01	2.351594e+02	9.086096e+01	893	7.325591e-01	7.000000e-01	
9.096271e+01	894	9.085858e+01	2.258403e+02	9.096271e+01	894	7.131074e-01	7.000000e-01	
9.106446e+01	895	9.774238e+01	1.723588e+02	9.106446e+01	895	6.381268e-01	7.000000e-01	
9.116621e+01	896	8.016822e+01	2.206254e+02	9.116621e+01	896	7.334777e-01	7.000000e-01	
9.126796e+01	897	6.926637e+01	2.264893e+02	9.126796e+01	897	7.657987e-01	7.000000e-01	
9.136970e+01	898	7.946855e+01	2.197830e+02	9.136970e+01	898	7.344423e-01	7.000000e-01	
9.147145e+01	899	9.330070e+01	2.311395e+02	9.147145e+01	899	7.124256e-01	7.000000e-01	
9.157320e+01	900	6.856201e+01	1.890791e+02	9.157320e+01	900	7.338856e-01	7.000000e-01	
9.167495e+01	901	8.086420e+01	2.372062e+02	9.167495e+01	901	7.457663e-01	7.000000e-01	
9.177670e+01	902	6.711394e+01	2.326239e+02	9.177670e+01	902	7.760912e-01	7.000000e-01	
9.187844e+01	903	7.600952e+01	2.375161e+02	9.187844e+01	903	7.575652e-01	7.000000e-01	
9.198019e+01	904	7.201810e+01	2.606370e+02	9.198019e+01	904	7.835052e-01	7.000000e-01	
9.208194e+01	905	6.863929e+01	2.614783e+02	9.208194e+01	905	7.920762e-01	7.000000e-01	
9.218369e+01	906	5.184232e+01	1.895397e+02	9.218369e+01	906	7.852271e-01	7.000000e-01	
9.228544e+01	907	5.953592e+01	2.504740e+02	9.228544e+01	907	8.079548e-01	7.000000e-01	
9.238718e+01	908	6.940088e+01	2.775152e+02	9.238718e+01	908	7.999491e-01	7.000000e-01	
9.248893e+01	909	7.192453e+01	2.793519e+02	9.248893e+01	909	7.952481e-01	7.000000e-01	
9.259068e+01	910	7.118282e+01	2.354055e+02	9.259068e+01	910	7.678228e-01	7.000000e-01	
9.269243e+01	911	8.186268e+01	2.714057e+02	9.269243e+01	911	7.682706e-01	7.000000e-01	
9.279418e+01	912	6.549984e+01	2.530189e+02	9.279418e+01	912	7.943611e-01	7.000000e-01	
9.289592e+01	913	6.259501e+01	2.270399e+02	9.289592e+01	913	7.838831e-01	7.000000e-01	
9.299767e+01	914	1.117173e+02	2.700563e+02	9.299767e+01	914	7.073729e-01	7.000000e-01	
9.309942e+01	915	9.774418e+01	2.964547e+02	9.309942e+01	915	7.520435e-01	7.000000e-01	
9.320117e+01	916	1.056985e+02	2.621511e+02	9.320117e+01	916	7.126584e-01	7.000000e-01	
9.330292e+01	917	1.146782e+02	2.693311e+02	9.330292e+01	917	7.013661e-01	7.000000e-01	
9.340466e+01	918	7.302418e+01	2.725849e+02	9.340466e+01	918	7.887087e-01	7.000000e-01	
9.350641e+01	919	5.382413e+01	2.294082e+02	9.350641e+01	919	8.099647e-01	7.000000e-01	
9.360816e+01	920	6.529271e+01	2.489244e+02	9.360816e+01	920	7.922051e-01	7.000000e-01	
9.370991e+01	921	6.182111e+01	2.437227e+02	9.370991e+01	921	7.976686e-01	7.000000e-01	
9.381166e+01	922	5.418672e+01	2.766377e+02	9.381166e+01	922	8.362070e-01	7.000000e-01	
9.391340e+01	923	6.677495e+01	2.588742e+02	9.391340e+01	923	7.949482e-01	7.000000e-01	
9.401515e+01	924	5.378939e+01	2.294780e+02	9.401515e+01	924	8.101109e-01	7.000000e-01	
9.411690e+01	925	8.618851e+01	2.518223e+02	9.411690e+01	925	7.450126e-01	7.000000e-01	
9.421865e+01	926	6.439934e+01	2.606635e+02	9.421865e+01	926	8.018865e-01	7.000000e-01	
9.432040e+01	927	8.901778e+01	2.476847e+02	9.432040e+01	927	7.356189e-01	7.000000e-01	
9.442214e+01	928	5.675174e+01	2.755715e+02	9.442214e+01	928	8.292273e-01	7.000000e-01	
9.452389e+01	929	8.869663e+01	2.394085e+02	9.452389e+01	929	7.296701e-01	7.000000e-01	
9.462564e+01	930	8.595366e+01	2.461513e+02	9.462564e+01	930	7.411853e-01	7.000000e-01	
9.472739e+01	931	9.711780e+01	2.425315e+02	9.472739e+01	931	7.140645e-01	7.000000e-01	
9.482914e+01	932	7.419446e+01	2.555531e+02	9.482914e+01	932	7.749962e-01	7.000000e-01	
9.493088e+01	933	9.297677e+01	2.541923e+02	9.493088e+01	933	7.321859e-01	7.000000e-01	
9.503263e+01	934	8.187308e+01	2.650717e+02	9.503263e+01	934	7.640170e-01	7.000000e-01	
9.513438e+01	935	9.023535e+01	2.438758e+02	9.513438e+01	935	7.299242e-01	7.000000e-01	
9.523613e+01	936	8.954864e+01	2.601683e+02	9.523613e+01	936	7.439397e-01	7.000000e-01	
9.533788e+01	937	6.272238e+01	2.965938e+02	9.533788e+01	937	8.254396e-01	7.000000e-01	
9.543962e+01	938	8.135660e+01	2.561969e+02	9.543962e+01	938	7.589816e-01	7.000000e-01	
9.554137e+01	939	9.476675e+01	2.503860e+02	9.554137e+01	939	7.254353e-01	7.000000e-01	
9.564312e+01	940	8.571579e+01	2.939158e+02	9.564312e+01	940	7.742132e-01	7.000000e-01	
9.574487e+01	941	9.247890e+01	2.111958e+02	9.574487e+01	941	6.954672e-01	7.000000e-01	
9.584662e+01	942	9.668489e+01	2.495643e+02	9.584662e+01	942	7.207650e-01	7.000000e-01	
9.594836e+01	943	8.093987e+01	3.047196e+02	9.594836e+01	943	7.901261e-01	7.000000e-01	
9.605011e+01	944	4.341236e+01	2.848664e+02	9.605011e+01	944	8.677576e-01	7.000000e-01	
9.615186e+01	945	7.490027e+01	2.714382e+02	9.615186e+01	945	7.837368e-01	7.000000e-01	
9.625361e+01	946	1.089141e+02	3.604796e+02	9.625361e+01	946	7.679686e-01	7.000000e-01	
9.635536e+01	947	5.829982e+01	2.837230e+02	9.635536e+01	947	8.295441e-01	7.000000e-01	
9.645710e+01	948	8.522382e+01	3.011282e+02	9.645710e+01	948	7.794141e-01	7.000000e-01	
9.655885e+01	949	8.631885e+01	2.749460e+02	9.655885e+01	949	7.610649e-01	7.000000e-01	
9.666060e+01	950	8.009103e+01	2.546871e+02	9.666060e+01	950	7.607639e-01	7.000000e-01	
9.676235e+01	951	8.308354e+01	2.912058e+02	9.676235e+01	951	7.780232e-01	7.000000e-01	
9.686410e+01	952	1.169263e+02	2.439270e+02	9.686410e+01	952	6.759728e-01	7.000000e-01	
9.696584e+01	953	1.063526e+02	2.257575e+02	9.696584e+01	953	6.797670e-01	7.000000e-01	
9.706759e+01	954	7.455913e+01	2.443209e+02	9.706759e+01	954	7.661844e-01	7.000000e-01	
9.716934e+01	955	9.455311e+01	2.309315e+02	9.716934e+01	955	7.095005e-01	7.000000e-01	
9.727109e+01	956	1.022173e+02	2.479034e+02	9.727109e+01	956	7.080513e-01	7.000000e-01	
9.737284e+01	957	8.192127e+01	2.364390e+02	9.737284e+01	957	7.426775e-01	7.000000e-01	
9.747458e+01	958	6.297379e+01	2.405431e+02	9.747458e+01	958	7.925197e-01	7.000000e-01	
9.757633e+01	959	9.472285e+01	2.407481e+02	9.757633e+01	959	7.176422e-01	7.000000e-01	
9.767808e+01	960	7.175849e+01	2.388279e+02	9.767808e+01	960	7.689580e-01	7.000000e-01	
9.777983e+01	961	1.047213e+02	2.422622e+02	9.777983e+01	961	6.981952e-01	7.000000e-01	
9.788158e+01	962	8.943147e+01	2.434693e+02	9.788158e+01	962	7.313570e-01	7.000000e-01	
9.798332e+01	963	1.058640e+02	2.381396e+02	9.798332e+01	963	6.922590e-01	7.000000e-01	
9.808507e+01	964	7.960672e+01	2.976797e+02	9.808507e+01	964	7.890019e-01	7.000000e-01	
9.818682e+01	965	8.016901e+01	3.037482e+02	9.818682e+01	965	7.911815e-01	7.000000e-01	
9.828857e+01	966	9.600450e+01	2.346664e+02	9.828857e+01	966	7.096675e-01	7.000000e-01	
9.839032e+01	967	9.902769e+01	2.387117e+02	9.839032e+01	967	7.067926e-01	7.000000e-01	
9.849206e+01	968	7.616098e+01	2.984174e+02	9.849206e+01	968	7.966755e-01	7.000000e-01	
9.859381e+01	969	7.006333e+01	3.239569e+02	9.859381e+01	969	8.221834e-01	7.000000e-01	
9.869556e+01	970	7.636650e+01	3.012123e+02	9.869556e+01	970	7.977469e-01	7.000000e-01	
9.879731e+01	971	8.727633e+01	2.795717e+02	9.879731e+01	971	7.620913e-01	7.000000e-01	
9.889906e+01	972	8.047404e+01	2.739696e+02	9.889906e+01	972	7.729567e-01	7.000000e-01	
9.900080e+01	973	6.192760e+01	3.623482e+02	9.900080e+01	973	8.540393e-01	7.000000e-01	
9.910255e+01	974	7.418351e+01	2.612110e+02	9.910255e+01	974	7.788172e-01	7.000000e-01	
9.920430e+01	975	7.561766e+01	3.118462e+02	9.920430e+01	975	8.048395e-01	7.000000e-01	
9.930605e+01	976	6.835112e+01	2.533533e+02	9.930605e+01	976	7.875344e-01	7.000000e-01	
9.940780e+01	977	6.784320e+01	2.546812e+02	9.940780e+01	977	7.896494e-01	7.000000e-01	
9.950954e+01	978	7.395040e+01	2.729782e+02	9.950954e+01	978	7.868426e-01	7.000000e-01	
9.961129e+01	979	6.428121e+01	2.458903e+02	9.961129e+01	979	7.927559e-01	7.000000e-01	
9.971304e+01	980	7.621529e+01	2.551228e+02	9.971304e+01	980	7.699773e-01	7.000000e-01	
9.981479e+01	981	7.186223e+01	2.594846e+02	9.981479e+01	981	7.831208e-01	7.000000e-01	
9.991654e+01	982	6.767632e+01	2.548666e+02	9.991654e+01	982	7.901789e-01	7.000000e-01	
1.000183e+02	983	7.939899e+01	2.384499e+02	1.000183e+02	983	7.501989e-01	7.000000e-01	
1.001200e+02	984	8.170499e+01	2.543233e+02	1.001200e+02	984	7.568509e-01	7.000000e-01	
1.002218e+02	985	8.107448e+01	2.446671e+02	1.002218e+02	985	7.511080e-01	7.000000e-01	
1.003235e+02	986	7.701145e+01	2.309443e+02	1.003235e+02	986	7.499269e-01	7.000000e-01	
1.004253e+02	987	8.078733e+01	2.355879e+02	1.004253e+02	987	7.446471e-01	7.000000e-01	
1.005270e+02	988	8.107969e+01	2.459794e+02	1.005270e+02	988	7.520947e-01	7.000000e-01	
1.006288e+02	989	8.358831e+01	2.215296e+02	1.006288e+02	989	7.260459e-01	7.000000e-01	
1.007305e+02	990	8.225383e+01	2.317757e+02	1.007305e+02	990	7.380698e-01	7.000000e-01	
1.008323e+02	991	8.296415e+01	2.404132e+02	1.008323e+02	991	7.434448e-01	7.000000e-01	
1.009340e+02	992	8.390836e+01	2.052880e+02	1.009340e+02	992	7.098568e-01	7.000000e-01	
1.010358e+02	993	8.870835e+01	2.240368e+02	1.010358e+02	993	7.163558e-01	7.000000e-01	
1.011375e+02	994	7.432744e+01	2.330114e+02	1.011375e+02	994	7.581580e-01	7.000000e-01	
1.012393e+02	995	5.195110e+01	2.223385e+02	1.012393e+02	995	8.105976e-01	7.000000e-01	
1.013410e+02	996	6.573021e+01	2.387484e+02	1.013410e+02	996	7.841221e-01	7.000000e-01	
1.014428e+02	997	7.808796e+01	2.368734e+02	1.014428e+02	997	7.520713e-01	7.000000e-01	
1.015445e+02	998	5.303234e+01	2.219847e+02	1.015445e+02	998	8.071671e-01	7.000000e-01	
1.016463e+02	999	7.882148e+01	2.447614e+02	1.016463e+02	999	7.564102e-01	7.000000e-01	
1.017480e+02	1000	7.541853e+01	2.468272e+02	1.017480e+02	1000	7.659596e-01	7.000000e-01	
1.018497e+02	1001	6.533400e+01	2.392489e+02	1.018497e+02	1001	7.854968e-01	7.000000e-01	
1.019515e+02	1002	7.609297e+01	2.684195e+02	1.019515e+02	1002	7.791285e-01	7.000000e-01	
1.020532e+02	1003	1.042085e+02	2.187468e+02	1.020532e+02	1003	6.773284e-01	7.000000e-01	
1.021550e+02	1004	8.132647e+01	3.003447e+02	1.021550e+02	1004	7.869201e-01	7.000000e-01	
1.022567e+02	1005	7.806587e+01	2.325628e+02	1.022567e+02	1005	7.486843e-01	7.000000e-01	
1.023585e+02	1006	7.620422e+01	2.851355e+02	1.023585e+02	1006	7.891064e-01	7.000000e-01	
1.024602e+02	1007	5.089786e+01	2.777034e+02	1.024602e+02	1007	8.451075e-01	7.000000e-01	
1.025620e+02	1008	8.535380e+01	2.702526e+02	1.025620e+02	1008	7.599768e-01	7.000000e-01	
1.026637e+02	1009	1.189330e+02	3.111565e+02	1.026637e+02	1009	7.234692e-01	7.000000e-01	
1.027655e+02	1010	9.718320e+01	3.005432e+02	1.027655e+02	1010	7.556531e-01	7.000000e-01	
1.028672e+02	1011	8.760430e+01	2.303184e+02	1.028672e+02	1011	7.244478e-01	7.000000e-01	
1.029690e+02	1012	9.265903e+01	2.707181e+02	1.029690e+02	1012	7.450059e-01	7.000000e-01	
1.030707e+02	1013	8.364274e+01	2.856583e+02	1.030707e+02	1013	7.735107e-01	7.000000e-01	
1.031725e+02	1014	8.832716e+01	2.810589e+02	1.031725e+02	1014	7.608812e-01	7.000000e-01	
1.032742e+02	1015	8.333969e+01	2.470442e+02	1.032742e+02	1015	7.477489e-01	7.000000e-01	
1.033760e+02	1016	8.751511e+01	2.372513e+02	1.033760e+02	1016	7.305291e-01	7.000000e-01	
1.034777e+02	1017	9.315378e+01	2.462668e+02	1.034777e+02	1017	7.255506e-01	7.000000e-01	
1.035795e+02	1018	8.334236e+01	1.960239e+02	1.035795e+02	1018	7.016735e-01	7.000000e-01	
1.036812e+02	1019	1.069095e+02	2.545473e+02	1.036812e+02	1019	7.042261e-01	7.000000e-01	
1.037830e+02	1020	9.311264e+01	2.534819e+02	1.037830e+02	1020	7.313500e-01	7.000000e-01	
1.038847e+02	1021	1.089041e+02	2.512063e+02	1.038847e+02	1021	6.975814e-01	7.000000e-01	
1.039865e+02	1022	1.440424e+02	2.382338e+02	1.039865e+02	1022	6.231981e-01	7.000000e-01	
1.040882e+02	1023	9.090219e+01	2.623527e+02	1.040882e+02	1023	7.426725e-01	7.000000e-01	
1.041900e+02	1024	9.138910e+01	2.624413e+02	1.041900e+02	1024	7.417150e-01	7.000000e-01	
1.042917e+02	1025	9.452268e+01	2.538872e+02	1.042917e+02	1025	7.287026e-01	7.000000e-01	
1.043934e+02	1026	7.997780e+01	2.621797e+02	1.043934e+02	1026	7.662544e-01	7.000000e-01	
1.044952e+02	1027	8.145429e+01	2.514802e+02	1.044952e+02	1027	7.553444e-01	7.000000e-01	
1.045969e+02	1028	8.728077e+01	2.544717e+02	1.045969e+02	1028	7.446082e-01	7.000000e-01	
1.046987e+02	1029	9.926449e+01	2.518657e+02	1.046987e+02	1029	7.173000e-01	7.000000e-01	
1.048004e+02	1030	9.772374e+01	2.346383e+02	1.048004e+02	1030	7.059720e-01	7.000000e-01	
1.049022e+02	1031	8.906960e+01	2.628908e+02	1.049022e+02	1031	7.469329e-01	7.000000e-01	
1.050039e+02	1032	8.921482e+01	2.297649e+02	1.050039e+02	1032	7.203119e-01	7.000000e-01	
1.051057e+02	1033	9.116324e+01	2.805219e+02	1.051057e+02	1033	7.547299e-01	7.000000e-01	
1.052074e+02	1034	8.961763e+01	2.612482e+02	1.052074e+02	1034	7.445815e-01	7.000000e-01	
1.053092e+02	1035	1.058453e+02	1.906090e+02	1.053092e+02	1035	6.429625e-01	7.000000e-01	
1.054109e+02	1036	1.202884e+02	1.952278e+02	1.054109e+02	1036	6.187568e-01	7.000000e-01	
1.055127e+02	1037	9.617728e+01	2.482480e+02	1.055127e+02	1037	7.207601e-01	7.000000e-01	
1.056144e+02	1038	8.783860e+01	2.074607e+02	1.056144e+02	1038	7.025438e-01	7.000000e-01	
1.057162e+02	1039	8.092812e+01	2.618045e+02	1.057162e+02	1039	7.638739e-01	7.000000e-01	
1.058179e+02	1040	9.474525e+01	2.210488e+02	1.058179e+02	1040	6.999777e-01	7.000000e-01	
1.059197e+02	1041	8.776314e+01	3.002926e+02	1.059197e+02	1041	7.738388e-01	7.000000e-01	
1.060214e+02	1042	8.710897e+01	2.726126e+02	1.060214e+02	1042	7.578434e-01	7.000000e-01	
1.061232e+02	1043	8.628912e+01	2.862120e+02	1.061232e+02	1043	7.683521e-01	7.000000e-01	
1.062249e+02	1044	8.679525e+01	2.751446e+02	1.062249e+02	1044	7.601943e-01	7.000000e-01	
1.063267e+02	1045	8.384820e+01	2.726604e+02	1.063267e+02	1045	7.648074e-01	7.000000e-01	
1.064284e+02	1046	7.468265e+01	3.101580e+02	1.064284e+02	1046	8.059388e-01	7.000000e-01	
1.065302e+02	1047	8.063457e+01	2.993926e+02	1.065302e+02	1047	7.878189e-01	7.000000e-01	
1.066319e+02	1048	8.449595e+01	2.816822e+02	1.066319e+02	1048	7.692491e-01	7.000000e-01	
1.067337e+02	1049	7.843333e+01	3.438946e+02	1.067337e+02	1049	8.142833e-01	7.000000e-01	
1.068354e+02	1050	8.742973e+01	3.213808e+02	1.068354e+02	1050	7.861363e-01	7.000000e-01	
1.069371e+02	1051	7.720587e+01	2.494148e+02	1.069371e+02	1051	7.636222e-01	7.000000e-01	
1.070389e+02	1052	8.034289e+01	2.506673e+02	1.070389e+02	1052	7.572797e-01	7.000000e-01	
1.071406e+02	1053	7.698374e+01	2.759069e+02	1.071406e+02	1053	7.818482e-01	7.000000e-01	
1.072424e+02	1054	7.356372e+01	2.407014e+02	1.072424e+02	1054	7.659183e-01	7.000000e-01	
1.073441e+02	1055	7.936718e+01	2.816255e+02	1.073441e+02	1055	7.801419e-01	7.000000e-01	
1.074459e+02	1056	8.880353e+01	2.497432e+02	1.074459e+02	1056	7.376920e-01	7.000000e-01	
1.075476e+02	1057	5.124305e+01	2.699012e+02	1.075476e+02	1057	8.404360e-01	7.000000e-01	
1.076494e+02	1058	7.318866e+01	2.491061e+02	1.076494e+02	1058	7.729139e-01	7.000000e-01	
1.077511e+02	1059	8.753600e+01	2.490398e+02	1.077511e+02	1059	7.399219e-01	7.000000e-01	
1.078529e+02	1060	7.941037e+01	2.461444e+02	1.078529e+02	1060	7.560768e-01	7.000000e-01	
1.079546e+02	1061	7.740070e+01	2.502661e+02	1.079546e+02	1061	7.637823e-01	7.000000e-01	
1.080564e+02	1062	6.354201e+01	2.122411e+02	1.080564e+02	1062	7.695943e-01	7.000000e-01	
1.081581e+02	1063	8.380836e+01	2.422493e+02	1.081581e+02	1063	7.429646e-01	7.000000e-01	
1.082599e+02	1064	7.155229e+01	2.282339e+02	1.082599e+02	1064	7.613223e-01	7.000000e-01	
1.083616e+02	1065	6.981641e+01	2.359414e+02	1.083616e+02	1065	7.716611e-01	7.000000e-01	
1.084634e+02	1066	7.868507e+01	2.602023e+02	1.084634e+02	1066	7.678135e-01	7.000000e-01	
1.085651e+02	1067	9.682818e+01	2.787734e+02	1.085651e+02	1067	7.422051e-01	7.000000e-01	
1.086669e+02	1068	8.382698e+01	2.881201e+02	1.086669e+02	1068	7.746266e-01	7.000000e-01	
1.087686e+02	1069	9.011976e+01	2.667982e+02	1.087686e+02	1069	7.475057e-01	7.000000e-01	
1.088704e+02	1070	7.798277e+01	2.805768e+02	1.088704e+02	1070	7.825110e-01	7.000000e-01	
1.089721e+02	1071	7.984748e+01	2.540293e+02	1.089721e+02	1071	7.608475e-01	7.000000e-01	
1.090739e+02	1072	1.367234e+02	3.184970e+02	1.090739e+02	1072	6.996545e-01	7.000000e-01	
1.091756e+02	1073	6.071003e+01	2.348110e+02	1.091756e+02	1073	7.945661e-01	7.000000e-01	
1.092774e+02	1074	7.298578e+01	2.341173e+02	1.092774e+02	1074	7.623411e-01	7.000000e-01	
1.093791e+02	1075	7.669288e+01	2.412909e+02	1.093791e+02	1075	7.588151e-01	7.000000e-01	
1.094808e+02	1076	6.058249e+01	2.024943e+02	1.094808e+02	1076	7.697156e-01	7.000000e-01	
1.095826e+02	1077	6.583005e+01	2.484831e+02	1.095826e+02	1077	7.905590e-01	7.000000e-01	
1.096843e+02	1078	1.064473e+02	2.397382e+02	1.096843e+02	1078	6.925137e-01	7.000000e-01	
1.097861e+02	1079	1.004906e+02	2.194142e+02	1.097861e+02	1079	6.858734e-01	7.000000e-01	
1.098878e+02	1080	7.384953e+01	2.374524e+02	1.098878e+02	1080	7.627720e-01	7.000000e-01	
1.099896e+02	1081	1.063186e+02	2.398886e+02	1.099896e+02	1081	6.929047e-01	7.000000e-01	
1.100913e+02	1082	9.698617e+01	2.264782e+02	1.100913e+02	1082	7.001643e-01	7.000000e-01	
1.101931e+02	1083	9.657271e+01	3.200094e+02	1.101931e+02	1083	7.681785e-01	7.000000e-01	
1.102948e+02	1084	7.936988e+01	3.135102e+02	1.102948e+02	1084	7.979794e-01	7.000000e-01	
1.103966e+02	1085	8.235688e+01	2.627293e+02	1.103966e+02	1085	7.613440e-01	7.000000e-01	
1.104983e+02	1086	1.053405e+02	3.121327e+02	1.104983e+02	1086	7.476712e-01	7.000000e-01	
1.106001e+02	1087	1.068478e+02	3.387306e+02	1.106001e+02	1087	7.602043e-01	7.000000e-01	
1.107018e+02	1088	8.984159e+01	3.076507e+02	1.107018e+02	1088	7.739790e-01	7.000000e-01	
1.108036e+02	1089	9.199883e+01	3.284770e+02	1.108036e+02	1089	7.812030e-01	7.000000e-01	
1.109053e+02	1090	9.647047e+01	2.634509e+02	1.109053e+02	1090	7.319679e-01	7.000000e-01	
1.110071e+02	1091	9.633918e+01	2.539469e+02	1.110071e+02	1091	7.249700e-01	7.000000e-01	
1.111088e+02	1092	9.764000e+01	2.562696e+02	1.111088e+02	1092	7.241103e-01	7.000000e-01	
1.112106e+02	1093	8.722388e+01	2.701092e+02	1.112106e+02	1093	7.559031e-01	7.000000e-01	
1.113123e+02	1094	9.632039e+01	2.539158e+02	1.113123e+02	1094	7.249845e-01	7.000000e-01	
1.114141e+02	1095	1.088496e+02	2.916120e+02	1.114141e+02	1095	7.281897e-01	7.000000e-01	
1.115158e+02	1096	7.231375e+01	2.514536e+02	1.115158e+02	1096	7.766490e-01	7.000000e-01	
1.116176e+02	1097	6.813759e+01	2.646255e+02	1.116176e+02	1097	7.952369e-01	7.000000e-01	
1.117193e+02	1098	6.893032e+01	2.429287e+02	1.117193e+02	1098	7.789696e-01	7.000000e-01	
1.118211e+02	1099	5.889645e+01	2.794567e+02	1.118211e+02	1099	8.259320e-01	7.000000e-01	
1.119228e+02	1100	7.462745e+01	2.392453e+02	1.119228e+02	1100	7.622366e-01	7.000000e-01	
1.120245e+02	1101	8.633371e+01	2.297092e+02	1.120245e+02	1101	7.268292e-01	7.000000e-01	
1.121263e+02	1102	7.810792e+01	2.494467e+02	1.121263e+02	1102	7.615423e-01	7.000000e-01	
1.122280e+02	1103	7.737654e+01	2.491526e+02	1.122280e+02	1103	7.630333e-01	7.000000e-01	
1.123298e+02	1104	7.739664e+01	2.383421e+02	1.123298e+02	1104	7.548713e-01	7.000000e-01	
1.124315e+02	1105	6.960972e+01	2.361699e+02	1.124315e+02	1105	7.723533e-01	7.000000e-01	
1.125333e+02	1106	7.986641e+01	2.417230e+02	1.125333e+02	1106	7.516510e-01	7.000000e-01	
1.126350e+02	1107	6.835339e+01	2.417624e+02	1.126350e+02	1107	7.795875e-01	7.000000e-01	
1.127368e+02	1108	6.008491e+01	2.384997e+02	1.127368e+02	1108	7.987676e-01	7.000000e-01	
1.128385e+02	1109	7.973056e+01	2.543859e+02	1.128385e+02	1109	7.613690e-01	7.000000e-01	
1.129403e+02	1110	1.020972e+02	2.094436e+02	1.129403e+02	1110	6.722831e-01	7.000000e-01	
1.130420e+02	1111	9.809082e+01	2.370228e+02	1.130420e+02	1111	7.072909e-01	7.000000e-01	
1.131438e+02	1112	8.615712e+01	2.396467e+02	1.131438e+02	1112	7.355552e-01	7.000000e-01	
1.132455e+02	1113	7.288071e+01	2.355057e+02	1.132455e+02	1113	7.636708e-01	7.000000e-01	
1.133473e+02	1114	8.836616e+01	2.283169e+02	1.133473e+02	1114	7.209634e-01	7.000000e-01	
1.134490e+02	1115	1.168643e+02	2.212119e+02	1.134490e+02	1115	6.543256e-01	7.000000e-01	
1.135508e+02	1116	9.697142e+01	2.416336e+02	1.135508e+02	1116	7.136149e-01	7.000000e-01	
1.136525e+02	1117	7.623696e+01	2.429200e+02	1.136525e+02	1117	7.611302e-01	7.000000e-01	
1.137543e+02	1118	4.405548e+01	2.103574e+02	1.137543e+02	1118	8.268347e-01	7.000000e-01	
1.138560e+02	1119	2.868048e+02	2.366106e+02	1.138560e+02	1119	4.520513e-01	0	
1.139578e+02	1120	3.124394e+02	2.100640e+02	1.139578e+02	1120	4.020337e-01	0	
1.140595e+02	1121	2.862810e+02	2.418085e+02	1.140595e+02	1121	4.578930e-01	0	
1.141613e+02	1122	2.871370e+02	2.338325e+02	1.141613e+02	1122	4.488411e-01	0	
1.142630e+02	1123	8.434360e+01	2.840799e+02	1.142630e+02	1123	7.710689e-01	7.000000e-01	
1.143648e+02	1124	7.529091e+01	2.729061e+02	1.143648e+02	1124	7.837692e-01	7.000000e-01	
1.144665e+02	1125	8.293419e+01	2.820921e+02	1.144665e+02	1125	7.727994e-01	7.000000e-01	
1.145682e+02	1126	7.543813e+01	2.482095e+02	1.145682e+02	1126	7.669128e-01	7.000000e-01	
1.146700e+02	1127	7.741517e+01	3.213551e+02	1.146700e+02	1127	8.058652e-01	7.000000e-01	
1.147717e+02	1128	8.677436e+01	2.929245e+02	1.147717e+02	1128	7.714653e-01	7.000000e-01	
1.148735e+02	1129	7.626038e+01	2.360205e+02	1.148735e+02	1129	7.557956e-01	7.000000e-01	
1.149752e+02	1130	6.770336e+01	2.362416e+02	1.149752e+02	1130	7.772512e-01	7.000000e-01	
1.150770e+02	1131	8.160244e+01	2.560724e+02	1.150770e+02	1131	7.583402e-01	7.000000e-01	
1.151787e+02	1132	7.074898e+01	2.443537e+02	1.151787e+02	1132	7.754733e-01	7.000000e-01	
1.152805e+02	1133	6.789651e+01	2.361624e+02	1.152805e+02	1133	7.766995e-01	7.000000e-01	
1.153822e+02	1134	7.127029e+01	2.191568e+02	1.153822e+02	1134	7.546018e-01	7.000000e-01	
1.154840e+02	1135	8.078960e+01	2.708890e+02	1.154840e+02	1135	7.702743e-01	7.000000e-01	
1.155857e+02	1136	8.422034e+01	2.872936e+02	1.155857e+02	1136	7.733050e-01	7.000000e-01	
1.156875e+02	1137	8.135241e+01	2.391786e+02	1.156875e+02	1137	7.461949e-01	7.000000e-01	
1.157892e+02	1138	8.254640e+01	2.564547e+02	1.157892e+02	1138	7.565011e-01	7.000000e-01	
1.158910e+02	1139	7.495395e+01	2.840278e+02	1.158910e+02	1139	7.912040e-01	7.000000e-01	
1.159927e+02	1140	1.026105e+02	2.677373e+02	1.159927e+02	1140	7.229348e-01	7.000000e-01	
1.160945e+02	1141	9.908295e+01	2.595789e+02	1.160945e+02	1141	7.237427e-01	7.000000e-01	
1.161962e+02	1142	1.065126e+02	2.410007e+02	1.161962e+02	1142	6.935007e-01	7.000000e-01	
1.162980e+02	1143	1.111112e+02	2.859792e+02	1.162980e+02	1143	7.201866e-01	7.000000e-01	
1.163997e+02	1144	1.417304e+02	3.147442e+02	1.163997e+02	1144	6.895109e-01	7.000000e-01	
1.165015e+02	1145	1.000424e+02	2.522647e+02	1.165015e+02	1145	7.160364e-01	7.000000e-01	
1.166032e+02	1146	9.953465e+01	2.550966e+02	1.166032e+02	1146	7.193292e-01	7.000000e-01	
1.167050e+02	1147	8.920528e+01	2.383579e+02	1.167050e+02	1147	7.276700e-01	7.000000e-01	
1.168067e+02	1148	9.984491e+01	2.506592e+02	1.168067e+02	1148	7.151391e-01	7.000000e-01	
1.169085e+02	1149	9.774540e+01	2.591304e+02	1.169085e+02	1149	7.261081e-01	7.000000e-01	
1.170102e+02	1150	9.635335e+01	2.410494e+02	1.170102e+02	1150	7.144263e-01	7.000000e-01	
1.171119e+02	1151	9.266699e+01	2.392185e+02	1.171119e+02	1151	7.207863e-01	7.000000e-01	
1.172137e+02	1152	8.274979e+01	2.423163e+02	1.172137e+02	1152	7.454370e-01	7.000000e-01	
1.173154e+02	1153	7.906597e+01	2.665999e+02	1.173154e+02	1153	7.712647e-01	7.000000e-01	
1.174172e+02	1154	9.042787e+01	2.572992e+02	1.174172e+02	1154	7.399458e-01	7.000000e-01	
1.175189e+02	1155	8.383617e+01	2.550486e+02	1.175189e+02	1155	7.526116e-01	7.000000e-01	
1.176207e+02	1156	9.466933e+01	2.334252e+02	1.176207e+02	1156	7.114572e-01	7.000000e-01	
1.177224e+02	1157	8.516380e+01	2.809970e+02	1.177224e+02	1157	7.674142e-01	7.000000e-01	
1.178242e+02	1158	8.346156e+01	2.637781e+02	1.178242e+02	1158	7.596428e-01	7.000000e-01	
1.179259e+02	1159	8.151871e+01	2.553641e+02	1.179259e+02	1159	7.580206e-01	7.000000e-01	
1.180277e+02	1160	1.034131e+02	2.450898e+02	1.180277e+02	1160	7.032647e-01	7.000000e-01	
1.181294e+02	1161	8.996914e+01	2.429049e+02	1.181294e+02	1161	7.297202e-01	7.000000e-01	
1.182312e+02	1162	8.283379e+01	2.603427e+02	1.182312e+02	1162	7.586263e-01	7.000000e-01	
1.183329e+02	1163	6.676602e+01	2.012392e+02	1.183329e+02	1163	7.508779e-01	7.000000e-01	
1.184347e+02	1164	8.640963e+01	2.478892e+02	1.184347e+02	1164	7.415198e-01	7.000000e-01	
1.185364e+02	1165	1.024539e+02	2.395338e+02	1.185364e+02	1165	7.004164e-01	7.000000e-01	
1.186382e+02	1166	9.965726e+01	2.456040e+02	1.186382e+02	1166	7.113570e-01	7.000000e-01	
1.187399e+02	1167	8.573518e+01	2.221311e+02	1.187399e+02	1167	7.215181e-01	7.000000e-01	
1.188417e+02	1168	9.291399e+01	2.529799e+02	1.188417e+02	1168	7.313801e-01	7.000000e-01	
1.189434e+02	1169	7.699308e+01	2.236219e+02	1.189434e+02	1169	7.438814e-01	7.000000e-01	
1.190452e+02	1170	7.686875e+01	2.502263e+02	1.190452e+02	1170	7.649957e-01	7.000000e-01	
1.191469e+02	1171	8.095417e+01	2.379917e+02	1.191469e+02	1171	7.461821e-01	7.000000e-01	
1.192487e+02	1172	9.082081e+01	2.299238e+02	1.192487e+02	1172	7.168438e-01	7.000000e-01	
1.193504e+02	1173	1.036711e+02	2.187695e+02	1.193504e+02	1173	6.784800e-01	7.000000e-01	
1.194522e+02	1174	9.684890e+01	2.191905e+02	1.194522e+02	1174	6.935543e-01	7.000000e-01	
1.195539e+02	1175	8.454008e+01	2.686818e+02	1.195539e+02	1175	7.606601e-01	7.000000e-01	
1.196556e+02	1176	8.699236e+01	2.210993e+02	1.196556e+02	1176	7.176413e-01	7.000000e-01	
1.197574e+02	1177	9.921112e+01	2.394305e+02	1.197574e+02	1177	7.070321e-01	7.000000e-01	
1.198591e+02	1178	8.966501e+01	2.309568e+02	1.198591e+02	1178	7.203403e-01	7.000000e-01	
1.199609e+02	1179	8.851706e+01	2.123337e+02	1.199609e+02	1179	7.057775e-01	7.000000e-01	
1.200626e+02	1180	8.412755e+01	1.913688e+02	1.200626e+02	1180	6.946328e-01	7.000000e-01	
1.201644e+02	1181	8.729291e+01	2.346834e+02	1.201644e+02	1181	7.288841e-01	7.000000e-01	
1.202661e+02	1182	9.079216e+01	2.583183e+02	1.202661e+02	1182	7.399329e-01	7.000000e-01	
1.203679e+02	1183	8.893807e+01	2.291362e+02	1.203679e+02	1183	7.203858e-01	7.000000e-01	
1.204696e+02	1184	9.116440e+01	2.794451e+02	1.204696e+02	1184	7.540149e-01	7.000000e-01	
1.205714e+02	1185	9.522053e+01	2.225588e+02	1.205714e+02	1185	7.003564e-01	7.000000e-01	
1.206731e+02	1186	8.800208e+01	2.308400e+02	1.206731e+02	1186	7.239948e-01	7.000000e-01	
1.207749e+02	1187	9.622338e+01	2.230485e+02	1.207749e+02	1187	6.986162e-01	7.000000e-01	
1.208766e+02	1188	9.190945e+01	2.943496e+02	1.208766e+02	1188	7.620523e-01	7.000000e-01	
1.209784e+02	1189	9.325348e+01	2.941479e+02	1.209784e+02	1189	7.592846e-01	7.000000e-01	
1.210801e+02	1190	9.350708e+01	2.979654e+02	1.210801e+02	1190	7.611401e-01	7.000000e-01	
1.211819e+02	1191	9.079861e+01	2.923043e+02	1.211819e+02	1191	7.629916e-01	7.000000e-01	
1.212836e+02	1192	9.291511e+01	2.739924e+02	1.212836e+02	1192	7.467615e-01	7.000000e-01	
1.213854e+02	1193	1.155083e+02	2.832445e+02	1.213854e+02	1193	7.103260e-01	7.000000e-01	
1.214871e+02	1194	9.444688e+01	2.954676e+02	1.214871e+02	1194	7.577754e-01	7.000000e-01	
1.215889e+02	1195	1.200428e+02	2.713696e+02	1.215889e+02	1195	6.933086e-01	7.000000e-01	
1.216906e+02	1196	1.240757e+02	2.897758e+02	1.216906e+02	1196	7.001927e-01	7.000000e-01	
1.217924e+02	1197	1.164534e+02	2.683888e+02	1.217924e+02	1197	6.973996e-01	7.000000e-01	
1.218941e+02	1198	1.195114e+02	3.002621e+02	1.218941e+02	1198	7.152955e-01	7.000000e-01	
1.219959e+02	1199	1.349114e+02	2.691518e+02	1.219959e+02	1199	6.661131e-01	7.000000e-01	
1.220976e+02	1200	1.284203e+02	3.314955e+02	1.220976e+02	1200	7.207743e-01	7.000000e-01	
1.221993e+02	1201	1.002039e+02	2.707303e+02	1.221993e+02	1201	7.298607e-01	7.000000e-01	
1.223011e+02	1202	1.190550e+02	2.977611e+02	1.223011e+02	1202	7.143704e-01	7.000000e-01	
1.224028e+02	1203	1.275970e+02	3.251381e+02	1.224028e+02	1203	7.181641e-01	7.000000e-01	
1.225046e+02	1204	6.895951e+01	2.928032e+02	1.225046e+02	1204	8.093792e-01	7.000000e-01	
1.226063e+02	1205	1.140056e+02	2.674757e+02	1.226063e+02	1205	7.011502e-01	7.000000e-01	
1.227081e+02	1206	6.573578e+01	3.148555e+02	1.227081e+02	1206	8.272799e-01	7.000000e-01	
1.228098e+02	1207	6.231150e+01	3.094207e+02	1.228098e+02	1207	8.323753e-01	7.000000e-01	
1.229116e+02	1208	6.032510e+01	3.124541e+02	1.229116e+02	1208	8.381747e-01	7.000000e-01	
1.230133e+02	1209	6.509246e+01	3.097429e+02	1.230133e+02	1209	8.263439e-01	7.000000e-01	
1.231151e+02	1210	7.171456e+01	3.054537e+02	1.231151e+02	1210	8.098606e-01	7.000000e-01	
1.232168e+02	1211	7.632920e+01	2.735237e+02	1.232168e+02	1211	7.818249e-01	7.000000e-01	
1.233186e+02	1212	6.293624e+01	2.928077e+02	1.233186e+02	1212	8.230856e-01	7.000000e-01	
1.234203e+02	1213	6.011875e+01	3.125642e+02	1.234203e+02	1213	8.386866e-01	7.000000e-01	
1.235221e+02	1214	6.563452e+01	3.129103e+02	1.235221e+02	1214	8.266136e-01	7.000000e-01	
1.236238e+02	1215	8.157948e+01	2.979411e+02	1.236238e+02	1215	7.850460e-01	7.000000e-01	
1.237256e+02	1216	6.764237e+01	2.541624e+02	1.237256e+02	1216	7.898031e-01	7.000000e-01	
1.238273e+02	1217	6.799834e+01	3.239223e+02	1.238273e+02	1217	8.264997e-01	7.000000e-01	
1.239291e+02	1218	7.590633e+01	2.697455e+02	1.239291e+02	1218	7.803966e-01	7.000000e-01	
1.240308e+02	1219	5.894412e+01	2.465608e+02	1.240308e+02	1219	8.070600e-01	7.000000e-01	
1.241326e+02	1220	7.607837e+01	2.921148e+02	1.241326e+02	1220	7.933738e-01	7.000000e-01	
1.242343e+02	1221	6.650625e+01	2.853601e+02	1.242343e+02	1221	8.109900e-01	7.000000e-01	
1.243361e+02	1222	6.612275e+01	2.977123e+02	1.243361e+02	1222	8.182617e-01	7.000000e-01	
1.244378e+02	1223	6.410220e+01	2.789264e+02	1.244378e+02	1223	8.131287e-01	7.000000e-01	
1.245396e+02	1224	7.437477e+01	2.780101e+02	1.245396e+02	1224	7.889388e-01	7.000000e-01	
1.246413e+02	1225	6.778079e+01	3.372713e+02	1.246413e+02	1225	8.326615e-01	7.000000e-01	
1.247430e+02	1226	6.004331e+01	3.724865e+02	1.247430e+02	1226	8.611811e-01	7.000000e-01	
1.248448e+02	1227	7.455925e+01	3.256529e+02	1.248448e+02	1227	8.137007e-01	7.000000e-01	
1.249465e+02	1228	7.202761e+01	3.157370e+02	1.249465e+02	1228	8.142491e-01	7.000000e-01	
1.250483e+02	1229	3.957793e+01	3.935852e+02	1.250483e+02	1229	9.086304e-01	7.000000e-01	
1.251500e+02	1230	4.734905e+01	3.543827e+02	1.251500e+02	1230	8.821376e-01	7.000000e-01	
1.252518e+02	1231	4.896060e+01	3.913779e+02	1.252518e+02	1231	8.888114e-01	7.000000e-01	
1.253535e+02	1232	5.397914e+01	3.671721e+02	1.253535e+02	1232	8.718296e-01	7.000000e-01	
1.254553e+02	1233	5.738809e+01	3.239306e+02	1.254553e+02	1233	8.495010e-01	7.000000e-01	
1.255570e+02	1234	5.728499e+01	3.701322e+02	1.255570e+02	1234	8.659741e-01	7.000000e-01	
1.256588e+02	1235	5.939935e+01	3.710015e+02	1.256588e+02	1235	8.619906e-01	7.000000e-01	
1.257605e+02	1236	6.944005e+01	3.662438e+02	1.257605e+02	1236	8.406183e-01	7.000000e-01	
1.258623e+02	1237	4.238568e+01	3.289870e+02	1.258623e+02	1237	8.858675e-01	7.000000e-01	
1.259640e+02	1238	5.097610e+01	3.546020e+02	1.259640e+02	1238	8.743125e-01	7.000000e-01	
1.260658e+02	1239	4.558111e+01	3.352494e+02	1.260658e+02	1239	8.803113e-01	7.000000e-01	
1.261675e+02	1240	4.533391e+01	3.471754e+02	1.261675e+02	1240	8.845023e-01	7.000000e-01	
1.262693e+02	1241	4.602402e+01	3.172964e+02	1.262693e+02	1241	8.733239e-01	7.000000e-01	
1.263710e+02	1242	3.890529e+01	3.239185e+02	1.263710e+02	1242	8.927708e-01	7.000000e-01	
1.264728e+02	1243	4.620269e+01	2.950761e+02	1.264728e+02	1243	8.646189e-01	7.000000e-01	
1.265745e+02	1244	4.636305e+01	3.143831e+02	1.265745e+02	1244	8.714801e-01	7.000000e-01	
1.266763e+02	1245	3.579269e+01	2.803616e+02	1.266763e+02	1245	8.867873e-01	7.000000e-01	
1.267780e+02	1246	3.489726e+01	3.561784e+02	1.267780e+02	1246	9.107660e-01	7.000000e-01	
1.268798e+02	1247	4.533654e+01	3.158440e+02	1.268798e+02	1247	8.744768e-01	7.000000e-01	
1.269815e+02	1248	6.047998e+01	3.148642e+02	1.269815e+02	1248	8.388679e-01	7.000000e-01	
1.270833e+02	1249	2.573957e+01	2.843069e+02	1.270833e+02	1249	9.169816e-01	7.000000e-01	
1.271850e+02	1250	5.768530e+01	3.265458e+02	1.271850e+02	1250	8.498682e-01	7.000000e-01	
1.272867e+02	1251	6.289350e+01	3.260104e+02	1.272867e+02	1251	8.382801e-01	7.000000e-01	
1.273885e+02	1252	5.285240e+01	2.997707e+02	1.273885e+02	1252	8.501165e-01	7.000000e-01	
1.274902e+02	1253	5.796730e+01	3.027705e+02	1.274902e+02	1253	8.393090e-01	7.000000e-01	
1.275920e+02	1254	6.763879e+01	3.275956e+02	1.275920e+02	1254	8.288641e-01	7.000000e-01	
1.276937e+02	1255	5.744986e+01	3.572795e+02	1.276937e+02	1255	8.614763e-01	7.000000e-01	
1.277955e+02	1256	4.552717e+01	2.558691e+02	1.277955e+02	1256	8.489458e-01	7.000000e-01	
1.278972e+02	1257	6.486541e+01	2.906701e+02	1.278972e+02	1257	8.175557e-01	7.000000e-01	
1.279990e+02	1258	4.612198e+01	2.520124e+02	1.279990e+02	1258	8.452980e-01	7.000000e-01	
1.281007e+02	1259	4.517729e+01	2.544780e+02	1.281007e+02	1259	8.492358e-01	7.000000e-01	
1.282025e+02	1260	5.690868e+01	3.201340e+02	1.282025e+02	1260	8.490657e-01	7.000000e-01	
1.283042e+02	1261	6.117796e+01	3.032566e+02	1.283042e+02	1261	8.321291e-01	7.000000e-01	
1.284060e+02	1262	5.997219e+01	3.217969e+02	1.284060e+02	1262	8.429098e-01	7.000000e-01	
1.285077e+02	1263	7.093136e+01	3.057887e+02	1.285077e+02	1263	8.117133e-01	7.000000e-01	
1.286095e+02	1264	6.958200e+01	3.043592e+02	1.286095e+02	1264	8.139226e-01	7.000000e-01	
1.287112e+02	1265	5.880068e+01	3.212384e+02	1.287112e+02	1265	8.452773e-01	7.000000e-01	
1.288130e+02	1266	8.658822e+01	3.072765e+02	1.288130e+02	1266	7.801575e-01	7.000000e-01	
1.289147e+02	1267	8.160799e+01	3.230743e+02	1.289147e+02	1267	7.983406e-01	7.000000e-01	
1.290165e+02	1268	7.695116e+01	3.207682e+02	1.290165e+02	1268	8.065189e-01	7.000000e-01	
1.291182e+02	1269	9.039967e+01	3.043032e+02	1.291182e+02	1269	7.709678e-01	7.000000e-01	
1.292200e+02	1270	6.990183e+01	3.146141e+02	1.292200e+02	1270	8.182082e-01	7.000000e-01	
1.293217e+02	1271	8.585879e+01	3.140797e+02	1.293217e+02	1271	7.853200e-01	7.000000e-01	
1.294235e+02	1272	5.290024e+01	3.358588e+02	1.294235e+02	1272	8.639254e-01	7.000000e-01	
1.295252e+02	1273	6.914948e+01	3.064390e+02	1.295252e+02	1273	8.158903e-01	7.000000e-01	
1.296270e+02	1274	5.278690e+01	3.214203e+02	1.296270e+02	1274	8.589367e-01	7.000000e-01	
1.297287e+02	1275	6.297290e+01	3.017736e+02	1.297287e+02	1275	8.273516e-01	7.000000e-01	
1.298304e+02	1276	5.824827e+01	3.491604e+02	1.298304e+02	1276	8.570274e-01	7.000000e-01	
1.299322e+02	1277	7.020242e+01	2.940614e+02	1.299322e+02	1277	8.072759e-01	7.000000e-01	
1.300339e+02	1278	5.906642e+01	3.205134e+02	1.300339e+02	1278	8.443900e-01	7.000000e-01	
1.301357e+02	1279	5.704160e+01	2.882045e+02	1.301357e+02	1279	8.347799e-01	7.000000e-01	
1.302374e+02	1280	4.770135e+01	2.959186e+02	1.302374e+02	1280	8.611799e-01	7.000000e-01	
1.303392e+02	1281	7.625788e+01	3.036483e+02	1.303392e+02	1281	7.992718e-01	7.000000e-01	
1.304409e+02	1282	5.240743e+01	2.880491e+02	1.304409e+02	1282	8.460672e-01	7.000000e-01	
1.305427e+02	1283	7.318325e+01	2.788886e+02	1.305427e+02	1283	7.921355e-01	7.000000e-01	
1.306444e+02	1284	7.725378e+01	3.054812e+02	1.306444e+02	1284	7.981533e-01	7.000000e-01	
1.307462e+02	1285	6.627414e+01	3.009115e+02	1.307462e+02	1285	8.195078e-01	7.000000e-01	
1.308479e+02	1286	7.368608e+01	2.791509e+02	1.308479e+02	1286	7.911611e-01	7.000000e-01	
1.309497e+02	1287	6.501475e+01	2.917604e+02	1.309497e+02	1287	8.177711e-01	7.000000e-01	
1.310514e+02	1288	7.515347e+01	3.031847e+02	1.310514e+02	1288	8.013590e-01	7.000000e-01	
1.311532e+02	1289	7.500303e+01	2.794743e+02	1.311532e+02	1289	7.884123e-01	7.000000e-01	
1.312549e+02	1290	7.621644e+01	3.035995e+02	1.312549e+02	1290	7.993332e-01	7.000000e-01	
1.313567e+02	1291	7.360174e+01	2.914201e+02	1.313567e+02	1291	7.983635e-01	7.000000e-01	
1.314584e+02	1292	6.578220e+01	2.925360e+02	1.314584e+02	1292	8.164140e-01	7.000000e-01	
1.315602e+02	1293	6.972180e+01	2.836266e+02	1.315602e+02	1293	8.026826e-01	7.000000e-01	
1.316619e+02	1294	7.557224e+01	2.899284e+02	1.316619e+02	1294	7.932364e-01	7.000000e-01	
1.317637e+02	1295	5.926081e+01	2.966633e+02	1.317637e+02	1295	8.335016e-01	7.000000e-01	
1.318654e+02	1296	6.709681e+01	3.050523e+02	1.318654e+02	1296	8.197045e-01	7.000000e-01	
1.319672e+02	1297	6.900378e+01	2.939758e+02	1.319672e+02	1297	8.098962e-01	7.000000e-01	
1.320689e+02	1298	8.903813e+01	2.504634e+02	1.320689e+02	1298	7.377386e-01	7.000000e-01	
1.321707e+02	1299	7.300674e+01	3.211962e+02	1.321707e+02	1299	8.147991e-01	7.000000e-01	
1.322724e+02	1300	7.306480e+01	2.590889e+02	1.322724e+02	1300	7.800271e-01	7.000000e-01	
1.323741e+02	1301	6.937371e+01	2.868806e+02	1.323741e+02	1301	8.052691e-01	7.000000e-01	
1.324759e+02	1302	6.597073e+01	3.414240e+02	1.324759e+02	1302	8.380668e-01	7.000000e-01	
1.325776e+02	1303	6.124248e+01	3.067901e+02	1.325776e+02	1303	8.335949e-01	7.000000e-01	
1.326794e+02	1304	6.729766e+01	3.019148e+02	1.326794e+02	1304	8.177265e-01	7.000000e-01	
1.327811e+02	1305	6.488258e+01	3.037396e+02	1.327811e+02	1305	8.239862e-01	7.000000e-01	
1.328829e+02	1306	6.618904e+01	3.078371e+02	1.328829e+02	1306	8.230363e-01	7.000000e-01	
1.329846e+02	1307	7.349743e+01	3.090901e+02	1.329846e+02	1307	8.078938e-01	7.000000e-01	
1.330864e+02	1308	8.617192e+01	3.127322e+02	1.330864e+02	1308	7.839784e-01	7.000000e-01	
1.331881e+02	1309	6.097682e+01	2.954592e+02	1.331881e+02	1309	8.289263e-01	7.000000e-01	
1.332899e+02	1310	5.813500e+01	3.131070e+02	1.332899e+02	1310	8.434040e-01	7.000000e-01	
1.333916e+02	1311	6.925567e+01	3.029740e+02	1.333916e+02	1311	8.139437e-01	7.000000e-01	
1.334934e+02	1312	7.476582e+01	2.859873e+02	1.334934e+02	1312	7.927507e-01	7.000000e-01	
1.335951e+02	1313	5.159704e+01	2.542420e+02	1.335951e+02	1313	8.312935e-01	7.000000e-01	
1.336969e+02	1314	6.846461e+01	2.670585e+02	1.336969e+02	1314	7.959467e-01	7.000000e-01	
1.337986e+02	1315	5.981870e+01	2.308162e+02	1.337986e+02	1315	7.941792e-01	7.000000e-01	
1.339004e+02	1316	6.960025e+01	2.961410e+02	1.339004e+02	1316	8.097008e-01	7.000000e-01	
1.340021e+02	1317	6.200870e+01	2.785875e+02	1.340021e+02	1317	8.179407e-01	7.000000e-01	
1.341039e+02	1318	4.510094e+01	2.490342e+02	1.341039e+02	1318	8.466659e-01	7.000000e-01	
1.342056e+02	1319	5.917910e+01	2.770106e+02	1.342056e+02	1319	8.239711e-01	7.000000e-01	
1.343074e+02	1320	3.571179e+01	2.563867e+02	1.343074e+02	1320	8.777406e-01	7.000000e-01	
1.344091e+02	1321	1.132589e+01	2.158161e+02	1.344091e+02	1321	9.501374e-01	7.000000e-01	
1.345109e+02	1322	1.751263e+01	2.513984e+02	1.345109e+02	1322	9.348757e-01	7.000000e-01	
1.346126e+02	1323	4.692669e+01	2.344674e+02	1.346126e+02	1323	8.332350e-01	7.000000e-01	
1.347144e+02	1324	3.366004e+01	2.497520e+02	1.347144e+02	1324	8.812329e-01	7.000000e-01	
1.348161e+02	1325	3.370159e+01	2.539283e+02	1.348161e+02	1325	8.828300e-01	7.000000e-01	
1.349178e+02	1326	5.418618e+01	3.117219e+02	1.349178e+02	1326	8.519131e-01	7.000000e-01	
1.350196e+02	1327	5.242152e+01	3.291501e+02	1.350196e+02	1327	8.626168e-01	7.000000e-01	
1.351213e+02	1328	5.658301e+01	2.804244e+02	1.351213e+02	1328	8.321016e-01	7.000000e-01	
1.352231e+02	1329	5.866034e+01	2.930622e+02	1.352231e+02	1329	8.332198e-01	7.000000e-01	
1.353248e+02	1330	4.147558e+01	2.910316e+02	1.353248e+02	1330	8.752641e-01	7.000000e-01	
1.354266e+02	1331	5.939621e+01	3.002473e+02	1.354266e+02	1331	8.348470e-01	7.000000e-01	
1.355283e+02	1332	5.062458e+01	3.295474e+02	1.355283e+02	1332	8.668377e-01	7.000000e-01	
1.356301e+02	1333	6.913188e+01	3.054866e+02	1.356301e+02	1333	8.154606e-01	7.000000e-01	
1.357318e+02	1334	6.085826e+01	2.980805e+02	1.357318e+02	1334	8.304495e-01	7.000000e-01	
1.358336e+02	1335	6.002927e+01	2.756552e+02	1.358336e+02	1335	8.211735e-01	7.000000e-01	
1.359353e+02	1336	5.817968e+01	2.919475e+02	1.359353e+02	1336	8.338327e-01	7.000000e-01	
1.360371e+02	1337	6.088922e+01	2.859334e+02	1.360371e+02	1337	8.244370e-01	7.000000e-01	
1.361388e+02	1338	6.185395e+01	2.876784e+02	1.361388e+02	1338	8.230380e-01	7.000000e-01	
1.362406e+02	1339	5.520994e+01	3.073284e+02	1.362406e+02	1339	8.477128e-01	7.000000e-01	
1.363423e+02	1340	5.115871e+01	3.026200e+02	1.363423e+02	1340	8.553935e-01	7.000000e-01	
1.364441e+02	1341	4.969845e+01	2.974634e+02	1.364441e+02	1341	8.568436e-01	7.000000e-01	
1.365458e+02	1342	6.953403e+01	3.365446e+02	1.365458e+02	1342	8.287671e-01	7.000000e-01	
1.366476e+02	1343	7.209815e+01	3.160499e+02	1.366476e+02	1343	8.142509e-01	7.000000e-01	
1.367493e+02	1344	5.113031e+01	3.137753e+02	1.367493e+02	1344	8.598807e-01	7.000000e-01	
1.368511e+02	1345	5.387456e+01	2.909476e+02	1.368511e+02	1345	8.437613e-01	7.000000e-01	
1.369528e+02	1346	6.568067e+01	2.941150e+02	1.369528e+02	1346	8.174501e-01	7.000000e-01	
1.370546e+02	1347	5.883197e+01	2.694319e+02	1.370546e+02	1347	8.207784e-01	7.000000e-01	
1.371563e+02	1348	5.080423e+01	2.949919e+02	1.371563e+02	1348	8.530804e-01	7.000000e-01	
1.372581e+02	1349	4.966566e+01	3.041638e+02	1.372581e+02	1349	8.596339e-01	7.000000e-01	
1.373598e+02	1350	5.484808e+01	2.968828e+02	1.373598e+02	1350	8.440624e-01	7.000000e-01	
1.374615e+02	1351	4.784002e+01	2.504393e+02	1.374615e+02	1351	8.396134e-01	7.000000e-01	
1.375633e+02	1352	4.364822e+01	2.515128e+02	1.375633e+02	1352	8.521206e-01	7.000000e-01	
1.376650e+02	1353	4.946610e+01	2.787948e+02	1.376650e+02	1353	8.493086e-01	7.000000e-01	
1.377668e+02	1354	5.513697e+01	2.771199e+02	1.377668e+02	1354	8.340532e-01	7.000000e-01	
1.378685e+02	1355	4.643973e+01	2.731842e+02	1.378685e+02	1355	8.547051e-01	7.000000e-01	
1.379703e+02	1356	6.015151e+01	2.569633e+02	1.379703e+02	1356	8.103163e-01	7.000000e-01	
1.380720e+02	1357	5.053313e+01	2.865349e+02	1.380720e+02	1357	8.500803e-01	7.000000e-01	
1.381738e+02	1358	2.347238e+01	2.782145e+02	1.381738e+02	1358	9.221962e-01	7.000000e-01	
1.382755e+02	1359	4.380401e+01	2.426753e+02	1.382755e+02	1359	8.470954e-01	7.000000e-01	
1.383773e+02	1360	3.043684e+01	2.473575e+02	1.383773e+02	1360	8.904339e-01	7.000000e-01	
1.384790e+02	1361	5.724534e+01	2.823365e+02	1.384790e+02	1361	8.314240e-01	7.000000e-01	
1.385808e+02	1362	4.021063e+01	2.586609e+02	1.385808e+02	1362	8.654585e-01	7.000000e-01	
1.386825e+02	1363	5.710165e+01	2.989343e+02	1.386825e+02	1363	8.396183e-01	7.000000e-01	
1.387843e+02	1364	3.846985e+01	2.766602e+02	1.387843e+02	1364	8.779239e-01	7.000000e-01	
1.388860e+02	1365	5.067441e+01	2.806840e+02	1.388860e+02	1365	8.470707e-01	7.000000e-01	
1.389878e+02	1366	7.238069e+01	2.976826e+02	1.389878e+02	1366	8.044100e-01	7.000000e-01	
1.390895e+02	1367	6.642407e+01	2.811545e+02	1.390895e+02	1367	8.088948e-01	7.000000e-01	
1.391913e+02	1368	5.244938e+01	2.864027e+02	1.391913e+02	1368	8.452145e-01	7.000000e-01	
1.392930e+02	1369	4.978542e+01	2.771904e+02	1.392930e+02	1369	8.477398e-01	7.000000e-01	
1.393948e+02	1370	6.937935e+01	2.878730e+02	1.393948e+02	1370	8.057974e-01	7.000000e-01	
1.394965e+02	1371	6.658241e+01	2.994021e+02	1.394965e+02	1371	8.180731e-01	7.000000e-01	
1.395983e+02	1372	6.672340e+01	2.866799e+02	1.395983e+02	1372	8.111976e-01	7.000000e-01	
1.397000e+02	1373	7.506862e+01	2.983571e+02	1.397000e+02	1373	7.989731e-01	7.000000e-01	
1.398018e+02	1374	6.629533e+01	2.838095e+02	1.398018e+02	1374	8.106415e-01	7.000000e-01	
1.399035e+02	1375	7.006380e+01	2.873643e+02	1.399035e+02	1375	8.039779e-01	7.000000e-01	
1.400052e+02	1376	5.478288e+01	2.652161e+02	1.400052e+02	1376	8.288030e-01	7.000000e-01	
1.401070e+02	1377	5.312805e+01	2.882615e+02	1.401070e+02	1377	8.443770e-01	7.000000e-01	
1.402087e+02	1378	7.039484e+01	2.848549e+02	1.402087e+02	1378	8.018441e-01	7.000000e-01	
1.403105e+02	1379	5.652847e+01	2.719448e+02	1.403105e+02	1379	8.279054e-01	7.000000e-01	
1.404122e+02	1380	5.755036e+01	3.028061e+02	1.404122e+02	1380	8.402960e-01	7.000000e-01	
1.405140e+02	1381	6.067334e+01	2.973618e+02	1.405140e+02	1381	8.305380e-01	7.000000e-01	
1.406157e+02	1382	5.915930e+01	2.904002e+02	1.406157e+02	1382	8.307604e-01	7.000000e-01	
1.407175e+02	1383	5.862921e+01	2.891093e+02	1.407175e+02	1383	8.313986e-01	7.000000e-01	
1.408192e+02	1384	7.534862e+01	3.028360e+02	1.408192e+02	1384	8.007623e-01	7.000000e-01	
1.409210e+02	1385	5.539894e+01	2.654995e+02	1.409210e+02	1385	8.273630e-01	7.000000e-01	
1.410227e+02	1386	5.400387e+01	3.012001e+02	1.410227e+02	1386	8.479638e-01	7.000000e-01	
1.411245e+02	1387	5.096756e+01	2.561486e+02	1.411245e+02	1387	8.340447e-01	7.000000e-01	
1.412262e+02	1388	5.738472e+01	2.607314e+02	1.412262e+02	1388	8.196108e-01	7.000000e-01	
1.413280e+02	1389	5.686932e+01	2.908437e+02	1.413280e+02	1389	8.364475e-01	7.000000e-01	
1.414297e+02	1390	4.970405e+01	2.358055e+02	1.414297e+02	1390	8.259111e-01	7.000000e-01	
1.415315e+02	1391	6.370113e+01	2.600373e+02	1.415315e+02	1391	8.032327e-01	7.000000e-01	
1.416332e+02	1392	6.364123e+01	2.814000e+02	1.416332e+02	1392	8.155547e-01	7.000000e-01	
1.417350e+02	1393	5.195115e+01	2.359401e+02	1.417350e+02	1393	8.195459e-01	7.000000e-01	
1.418367e+02	1394	5.675103e+01	2.537784e+02	1.418367e+02	1394	8.172443e-01	7.000000e-01	
1.419385e+02	1395	6.043910e+01	3.013669e+02	1.419385e+02	1395	8.329516e-01	7.000000e-01	
1.420402e+02	1396	5.376839e+01	2.456771e+02	1.420402e+02	1396	8.204401e-01	7.000000e-01	
1.421420e+02	1397	6.294749e+01	2.956961e+02	1.421420e+02	1397	8.244846e-01	7.000000e-01	
1.422437e+02	1398	5.228966e+01	2.629009e+02	1.422437e+02	1398	8.341014e-01	7.000000e-01	
1.423455e+02	1399	7.775535e+01	3.017109e+02	1.423455e+02	1399	7.950928e-01	7.000000e-01	
1.424472e+02	1400	7.462819e+01	3.200866e+02	1.424472e+02	1400	8.109314e-01	7.000000e-01	
1.425489e+02	1401	6.538762e+01	2.833387e+02	1.425489e+02	1401	8.124959e-01	7.000000e-01	
1.426507e+02	1402	5.937215e+01	3.069124e+02	1.426507e+02	1402	8.379070e-01	7.000000e-01	
1.427524e+02	1403	6.597291e+01	3.089437e+02	1.427524e+02	1403	8.240331e-01	7.000000e-01	
1.428542e+02	1404	9.452066e+01	3.009653e+02	1.428542e+02	1404	7.610012e-01	7.000000e-01	
1.429559e+02	1405	7.570843e+01	2.978674e+02	1.429559e+02	1405	7.973412e-01	7.000000e-01	
1.430577e+02	1406	7.752792e+01	2.894866e+02	1.430577e+02	1406	7.887606e-01	7.000000e-01	
1.431594e+02	1407	9.035860e+01	2.781648e+02	1.431594e+02	1407	7.548091e-01	7.000000e-01	
1.432612e+02	1408	1.093037e+02	3.338565e+02	1.432612e+02	1408	7.533540e-01	7.000000e-01	
1.433629e+02	1409	7.566458e+01	3.037673e+02	1.433629e+02	1409	8.005845e-01	7.000000e-01	
1.434647e+02	1410	7.104924e+01	2.702476e+02	1.434647e+02	1410	7.918257e-01	7.000000e-01	
1.435664e+02	1411	8.678531e+01	2.958439e+02	1.435664e+02	1411	7.731869e-01	7.000000e-01	
1.436682e+02	1412	6.591581e+01	2.884915e+02	1.436682e+02	1412	8.140111e-01	7.000000e-01	
1.437699e+02	1413	9.144013e+01	2.192678e+02	1.437699e+02	1413	7.057039e-01	7.000000e-01	
1.438717e+02	1414	4.925227e+01	2.754196e+02	1.438717e+02	1414	8.483014e-01	7.000000e-01	
1.439734e+02	1415	9.091767e+01	2.888878e+02	1.439734e+02	1415	7.606204e-01	7.000000e-01	
1.440752e+02	1416	5.832854e+01	2.956604e+02	1.440752e+02	1416	8.352250e-01	7.000000e-01	
1.441769e+02	1417	7.302788e+01	2.817095e+02	1.441769e+02	1417	7.941354e-01	7.000000e-01	
1.442787e+02	1418	5.348833e+01	2.713348e+02	1.442787e+02	1418	8.353309e-01	7.000000e-01	
1.443804e+02	1419	6.084999e+01	3.248216e+02	1.443804e+02	1419	8.422233e-01	7.000000e-01	
1.444822e+02	1420	3.734415e+01	3.156646e+02	1.444822e+02	1420	8.942118e-01	7.000000e-01	
1.445839e+02	1421	3.993601e+01	2.791112e+02	1.445839e+02	1421	8.748273e-01	7.000000e-01	
1.446857e+02	1422	7.852967e+01	3.101787e+02	1.446857e+02	1422	7.979728e-01	7.000000e-01	
1.447874e+02	1423	5.036885e+01	2.811477e+02	1.447874e+02	1423	8.480654e-01	7.000000e-01	
1.448892e+02	1424	7.981540e+01	3.116262e+02	1.448892e+02	1424	7.960988e-01	7.000000e-01	
1.449909e+02	1425	6.007094e+01	3.002881e+02	1.449909e+02	1425	8.333025e-01	7.000000e-01	
1.450926e+02	1426	8.225606e+01	3.220454e+02	1.450926e+02	1426	7.965477e-01	7.000000e-01	
1.451944e+02	1427	7.526122e+01	3.087636e+02	1.451944e+02	1427	8.040199e-01	7.000000e-01	
1.452961e+02	1428	7.938357e+01	3.157567e+02	1.452961e+02	1428	7.991003e-01	7.000000e-01	
1.453979e+02	1429	1.070643e+02	2.583525e+02	1.453979e+02	1429	7.070077e-01	7.000000e-01	
1.454996e+02	1430	8.165102e+01	2.815918e+02	1.454996e+02	1430	7.752164e-01	7.000000e-01	
1.456014e+02	1431	8.868623e+01	3.209391e+02	1.456014e+02	1431	7.834943e-01	7.000000e-01	
1.457031e+02	1432	7.592639e+01	3.518450e+02	1.457031e+02	1432	8.225071e-01	7.000000e-01	
1.458049e+02	1433	7.002821e+01	2.637123e+02	1.458049e+02	1433	7.901717e-01	7.000000e-01	
1.459066e+02	1434	7.606714e+01	2.900978e+02	1.459066e+02	1434	7.922599e-01	7.000000e-01	
1.460084e+02	1435	6.803065e+01	2.612273e+02	1.460084e+02	1435	7.933819e-01	7.000000e-01	
1.461101e+02	1436	6.739960e+01	2.524002e+02	1.461101e+02	1436	7.892444e-01	7.000000e-01	
1.462119e+02	1437	7.017459e+01	2.821542e+02	1.462119e+02	1437	8.008264e-01	7.000000e-01	
1.463136e+02	1438	6.796637e+01	2.368592e+02	1.463136e+02	1438	7.770319e-01	7.000000e-01	
1.464154e+02	1439	6.434650e+01	2.382900e+02	1.464154e+02	1439	7.873802e-01	7.000000e-01	
1.465171e+02	1440	7.570358e+01	2.509270e+02	1.465171e+02	1440	7.682287e-01	7.000000e-01	
1.466189e+02	1441	7.462304e+01	2.170703e+02	1.466189e+02	1441	7.441730e-01	7.000000e-01	
1.467206e+02	1442	6.232014e+01	2.446737e+02	1.467206e+02	1442	7.969987e-01	7.000000e-01	
1.468224e+02	1443	5.837105e+01	2.289585e+02	1.468224e+02	1443	7.968498e-01	7.000000e-01	
1.469241e+02	1444	6.596331e+01	2.419280e+02	1.469241e+02	1444	7.857578e-01	7.000000e-01	
1.470259e+02	1445	8.362706e+01	2.405982e+02	1.470259e+02	1445	7.420711e-01	7.000000e-01	
1.471276e+02	1446	8.036889e+01	2.233115e+02	1.471276e+02	1446	7.353504e-01	7.000000e-01	
1.472294e+02	1447	9.112790e+01	2.293103e+02	1.472294e+02	1447	7.156147e-01	7.000000e-01	
1.473311e+02	1448	9.258297e+01	2.252205e+02	1.473311e+02	1448	7.086785e-01	7.000000e-01	
1.474329e+02	1449	8.111750e+01	2.660495e+02	1.474329e+02	1449	7.663444e-01	7.000000e-01	
1.475346e+02	1450	8.776694e+01	1.846577e+02	1.475346e+02	1450	6.778304e-01	7.000000e-01	
1.476363e+02	1451	8.620919e+01	2.301415e+02	1.476363e+02	1451	7.274885e-01	7.000000e-01	
1.477381e+02	1452	6.493967e+01	2.686242e+02	1.477381e+02	1452	8.053156e-01	7.000000e-01	
1.478398e+02	1453	8.587079e+01	2.474965e+02	1.478398e+02	1453	7.424139e-01	7.000000e-01	
1.479416e+02	1454	8.060870e+01	3.044683e+02	1.479416e+02	1454	7.906686e-01	7.000000e-01	
1.480433e+02	1455	7.586760e+01	2.583527e+02	1.480433e+02	1455	7.730012e-01	7.000000e-01	
1.481451e+02	1456	6.665095e+01	3.404282e+02	1.481451e+02	1456	8.362703e-01	7.000000e-01	
1.482468e+02	1457	7.008931e+01	3.224145e+02	1.482468e+02	1457	8.214302e-01	7.000000e-01	
1.483486e+02	1458	6.143343e+01	3.608277e+02	1.483486e+02	1458	8.545132e-01	7.000000e-01	
1.484503e+02	1459	7.640906e+01	3.079344e+02	1.484503e+02	1459	8.011959e-01	7.000000e-01	
1.485521e+02	1460	6.070063e+01	3.618924e+02	1.485521e+02	1460	8.563615e-01	7.000000e-01	
1.486538e+02	1461	6.720787e+01	3.143788e+02	1.486538e+02	1461	8.238726e-01	7.000000e-01	
1.487556e+02	1462	5.632716e+01	3.445536e+02	1.487556e+02	1462	8.594915e-01	7.000000e-01	
1.488573e+02	1463	5.670070e+01	3.340546e+02	1.488573e+02	1463	8.548946e-01	7.000000e-01	
1.489591e+02	1464	6.677317e+01	3.684846e+02	1.489591e+02	1464	8.465894e-01	7.000000e-01	
1.490608e+02	1465	6.014545e+01	3.398848e+02	1.490608e+02	1465	8.496477e-01	7.000000e-01	
1.491626e+02	1466	4.473673e+01	3.476125e+02	1.491626e+02	1466	8.859773e-01	7.000000e-01	
1.492643e+02	1467	7.000555e+01	3.275658e+02	1.492643e+02	1467	8.239170e-01	7.000000e-01	
1.493661e+02	1468	5.841409e+01	3.445343e+02	1.493661e+02	1468	8.550333e-01	7.000000e-01	
1.494678e+02	1469	6.256991e+01	3.516439e+02	1.494678e+02	1469	8.489430e-01	7.000000e-01	
1.495696e+02	1470	5.663172e+01	3.402786e+02	1.495696e+02	1470	8.573186e-01	7.000000e-01	
1.496713e+02	1471	7.197656e+01	3.103344e+02	1.496713e+02	1471	8.117329e-01	7.000000e-01	
1.497731e+02	1472	7.632750e+01	3.568246e+02	1.497731e+02	1472	8.237859e-01	7.000000e-01	
1.498748e+02	1473	7.512807e+01	3.195031e+02	1.498748e+02	1473	8.096246e-01	7.000000e-01	
1.499766e+02	1474	6.987471e+01	3.265969e+02	1.499766e+02	1474	8.237586e-01	7.000000e-01	
1.500783e+02	1475	7.654533e+01	3.592861e+02	1.500783e+02	1475	8.243694e-01	7.000000e-01	
1.501800e+02	1476	7.595178e+01	3.100520e+02	1.501800e+02	1476	8.032357e-01	7.000000e-01	
1.502818e+02	1477	7.677618e+01	3.289840e+02	1.502818e+02	1477	8.107843e-01	7.000000e-01	
1.503835e+02	1478	7.104080e+01	2.950943e+02	1.503835e+02	1478	8.059711e-01	7.000000e-01	
1.504853e+02	1479	6.710654e+01	3.087730e+02	1.504853e+02	1479	8.214680e-01	7.000000e-01	
1.505870e+02	1480	7.015064e+01	3.127831e+02	1.505870e+02	1480	8.168074e-01	7.000000e-01	
1.506888e+02	1481	7.235085e+01	3.137034e+02	1.506888e+02	1481	8.125889e-01	7.000000e-01	
1.507905e+02	1482	7.538027e+01	2.874374e+02	1.507905e+02	1482	7.922365e-01	7.000000e-01	
1.508923e+02	1483	9.421348e+01	3.006205e+02	1.508923e+02	1483	7.613846e-01	7.000000e-01	
1.509940e+02	1484	6.819370e+01	3.185933e+02	1.509940e+02	1484	8.236919e-01	7.000000e-01	
1.510958e+02	1485	7.949860e+01	3.352057e+02	1.510958e+02	1485	8.083005e-01	7.000000e-01	
1.511975e+02	1486	6.449434e+01	3.234267e+02	1.511975e+02	1486	8.337436e-01	7.000000e-01	
1.512993e+02	1487	6.298350e+01	3.215469e+02	1.512993e+02	1487	8.362067e-01	7.000000e-01	
1.514010e+02	1488	6.826018e+01	3.159608e+02	1.514010e+02	1488	8.223414e-01	7.000000e-01	
1.515028e+02	1489	3.672967e+01	2.807084e+02	1.515028e+02	1489	8.842934e-01	7.000000e-01	
1.516045e+02	1490	6.284761e+01	3.264095e+02	1.516045e+02	1490	8.385447e-01	7.000000e-01	
1.517063e+02	1491	6.302498e+01	3.168938e+02	1.517063e+02	1491	8.341093e-01	7.000000e-01	
1.518080e+02	1492	5.238868e+01	2.992260e+02	1.518080e+02	1492	8.510054e-01	7.000000e-01	
1.519098e+02	1493	5.748899e+01	3.113900e+02	1.519098e+02	1493	8.441522e-01	7.000000e-01	
1.520115e+02	1494	6.121506e+01	3.104415e+02	1.520115e+02	1494	8.352913e-01	7.000000e-01	
1.521133e+02	1495	6.770789e+01	3.109913e+02	1.521133e+02	1495	8.212093e-01	7.000000e-01	
1.522150e+02	1496	7.170513e+01	2.814607e+02	1.522150e+02	1496	7.969647e-01	7.000000e-01	
1.523168e+02	1497	3.679663e+01	3.644442e+02	1.523168e+02	1497	9.082929e-01	7.000000e-01	
1.524185e+02	1498	6.741090e+01	2.954936e+02	1.524185e+02	1498	8.142462e-01	7.000000e-01	
1.525203e+02	1499	6.876841e+01	3.018372e+02	1.525203e+02	1499	8.144431e-01	7.000000e-01	
1.526220e+02	1500	6.121493e+01	2.849338e+02	1.526220e+02	1500	8.231543e-01	7.000000e-01	
1.527237e+02	1501	6.019837e+01	3.118860e+02	1.527237e+02	1501	8.382131e-01	7.000000e-01	
1.528255e+02	1502	7.326172e+01	2.659642e+02	1.528255e+02	1502	7.840327e-01	7.000000e-01	
1.529272e+02	1503	6.287076e+01	3.065887e+02	1.529272e+02	1503	8.298304e-01	7.000000e-01	
1.530290e+02	1504	6.825274e+01	3.129463e+02	1.530290e+02	1504	8.209525e-01	7.000000e-01	
1.531307e+02	1505	6.461273e+01	3.044265e+02	1.531307e+02	1505	8.249164e-01	7.000000e-01	
1.532325e+02	1506	6.628659e+01	3.069969e+02	1.532325e+02	1506	8.224229e-01	7.000000e-01	
1.533342e+02	1507	6.333215e+01	2.958399e+02	1.533342e+02	1507	8.236718e-01	7.000000e-01	
1.534360e+02	1508	7.011203e+01	3.035686e+02	1.534360e+02	1508	8.123745e-01	7.000000e-01	
1.535377e+02	1509	8.052925e+01	3.258532e+02	1.535377e+02	1509	8.018388e-01	7.000000e-01	
1.536395e+02	1510	7.659033e+01	2.991151e+02	1.536395e+02	1510	7.961426e-01	7.000000e-01	
1.537412e+02	1511	7.984238e+01	2.895538e+02	1.537412e+02	1511	7.838571e-01	7.000000e-01	
1.538430e+02	1512	6.902979e+01	2.965421e+02	1.538430e+02	1512	8.111731e-01	7.000000e-01	
1.539447e+02	1513	6.448077e+01	2.883014e+02	1.539447e+02	1513	8.172221e-01	7.000000e-01	
1.540465e+02	1514	7.278511e+01	3.688387e+02	1.540465e+02	1514	8.351875e-01	7.000000e-01	
1.541482e+02	1515	7.615021e+01	3.194993e+02	1.541482e+02	1515	8.075311e-01	7.000000e-01	
1.542500e+02	1516	7.945689e+01	3.628913e+02	1.542500e+02	1516	8.203748e-01	7.000000e-01	
1.543517e+02	1517	5.516342e+01	3.757240e+02	1.543517e+02	1517	8.719772e-01	7.000000e-01	
1.544535e+02	1518	8.037885e+01	3.372820e+02	1.544535e+02	1518	8.075500e-01	7.000000e-01	
1.545552e+02	1519	1.217713e+02	3.861985e+02	1.545552e+02	1519	7.602785e-01	7.000000e-01	
1.546570e+02	1520	8.172000e+01	3.600091e+02	1.546570e+02	1520	8.149997e-01	7.000000e-01	
1.547587e+02	1521	5.489684e+01	3.409748e+02	1.547587e+02	1521	8.613267e-01	7.000000e-01	
1.548605e+02	1522	7.298372e+01	3.604282e+02	1.548605e+02	1522	8.316066e-01	7.000000e-01	
1.549622e+02	1523	7.689627e+01	3.703240e+02	1.549622e+02	1523	8.280573e-01	7.000000e-01	
1.550640e+02	1524	8.308855e+01	3.580102e+02	1.550640e+02	1524	8.116328e-01	7.000000e-01	
1.551657e+02	1525	6.901780e+01	3.659448e+02	1.551657e+02	1525	8.413247e-01	7.000000e-01	
1.552674e+02	1526	8.593254e+01	3.233768e+02	1.552674e+02	1526	7.900548e-01	7.000000e-01	
1.553692e+02	1527	6.508894e+01	3.466672e+02	1.553692e+02	1527	8.419236e-01	7.000000e-01	
1.554709e+02	1528	8.956864e+01	3.766149e+02	1.554709e+02	1528	8.078683e-01	7.000000e-01	
1.555727e+02	1529	6.750171e+01	3.398011e+02	1.555727e+02	1529	8.342714e-01	7.000000e-01	
1.556744e+02	1530	7.145548e+01	3.553850e+02	1.556744e+02	1530	8.325944e-01	7.000000e-01	
1.557762e+02	1531	4.929781e+01	3.717426e+02	1.557762e+02	1531	8.829143e-01	7.000000e-01	
1.558779e+02	1532	6.876316e+01	3.382015e+02	1.558779e+02	1532	8.310341e-01	7.000000e-01	
1.559797e+02	1533	6.978438e+01	3.268518e+02	1.559797e+02	1533	8.240595e-01	7.000000e-01	
1.560814e+02	1534	1.017407e+02	3.253920e+02	1.560814e+02	1534	7.618054e-01	7.000000e-01	
1.561832e+02	1535	6.716605e+01	3.358216e+02	1.561832e+02	1535	8.333298e-01	7.000000e-01	
1.562849e+02	1536	1.011555e+02	3.127176e+02	1.562849e+02	1536	7.555881e-01	7.000000e-01	
1.563867e+02	1537	1.136535e+02	3.109420e+02	1.563867e+02	1537	7.323252e-01	7.000000e-01	
1.564884e+02	1538	9.186558e+01	3.223565e+02	1.564884e+02	1538	7.782214e-01	7.000000e-01	
1.565902e+02	1539	1.074999e+02	3.305670e+02	1.565902e+02	1539	7.546039e-01	7.000000e-01	
1.566919e+02	1540	7.075925e+01	3.042548e+02	1.566919e+02	1540	8.113157e-01	7.000000e-01	
1.567937e+02	1541	7.558636e+01	3.358750e+02	1.567937e+02	1541	8.162978e-01	7.000000e-01	
1.568954e+02	1542	9.474096e+01	3.153893e+02	1.568954e+02	1542	7.689979e-01	7.000000e-01	
1.569972e+02	1543	9.702994e+01	3.239258e+02	1.569972e+02	1543	7.695009e-01	7.000000e-01	
1.570989e+02	1544	7.642820e+01	3.383631e+02	1.570989e+02	1544	8.157430e-01	7.000000e-01	
1.572007e+02	1545	9.423859e+01	3.148274e+02	1.572007e+02	1545	7.696250e-01	7.000000e-01	
1.573024e+02	1546	5.483689e+01	3.086856e+02	1.573024e+02	1546	8.491513e-01	7.000000e-01	
1.574042e+02	1547	9.631907e+01	3.080011e+02	1.574042e+02	1547	7.617753e-01	7.000000e-01	
1.575059e+02	1548	7.951220e+01	3.037751e+02	1.575059e+02	1548	7.925520e-01	7.000000e-01	
1.576077e+02	1549	1.097242e+02	3.339094e+02	1.576077e+02	1549	7.526693e-01	7.000000e-01	
1.577094e+02	1550	1.078534e+02	2.470118e+02	1.577094e+02	1550	6.960722e-01	7.000000e-01	
1.578111e+02	1551	8.262817e+01	3.153326e+02	1.578111e+02	1551	7.923711e-01	7.000000e-01	
1.579129e+02	1552	9.454249e+01	3.206601e+02	1.579129e+02	1552	7.722979e-01	7.000000e-01	
1.580146e+02	1553	9.358149e+01	3.049492e+02	1.580146e+02	1553	7.651837e-01	7.000000e-01	
1.581164e+02	1554	8.909609e+01	3.060613e+02	1.581164e+02	1554	7.745301e-01	7.000000e-01	
1.582181e+02	1555	1.129767e+02	2.800262e+02	1.582181e+02	1555	7.125296e-01	7.000000e-01	
1.583199e+02	1556	9.871228e+01	3.013125e+02	1.583199e+02	1556	7.532346e-01	7.000000e-01	
1.584216e+02	1557	9.695411e+01	2.743875e+02	1.584216e+02	1557	7.389086e-01	7.000000e-01	
1.585234e+02	1558	9.710487e+01	3.031573e+02	1.585234e+02	1558	7.573968e-01	7.000000e-01	
1.586251e+02	1559	9.415773e+01	3.049131e+02	1.586251e+02	1559	7.640576e-01	7.000000e-01	
1.587269e+02	1560	7.885476e+01	2.929497e+02	1.587269e+02	1560	7.879134e-01	7.000000e-01	
1.588286e+02	1561	8.443747e+01	2.838387e+02	1.588286e+02	1561	7.707224e-01	7.000000e-01	
1.589304e+02	1562	9.093634e+01	2.875464e+02	1.589304e+02	1562	7.597345e-01	7.000000e-01	
1.590321e+02	1563	9.911954e+01	2.730597e+02	1.590321e+02	1563	7.336779e-01	7.000000e-01	
1.591339e+02	1564	8.441527e+01	2.898465e+02	1.591339e+02	1564	7.744486e-01	7.000000e-01	
1.592356e+02	1565	1.005715e+02	2.862411e+02	1.592356e+02	1565	7.399994e-01	7.000000e-01	
1.593374e+02	1566	9.584470e+01	2.755597e+02	1.593374e+02	1566	7.419398e-01	7.000000e-01	
1.594391e+02	1567	9.070889e+01	2.701401e+02	1.594391e+02	1567	7.486237e-01	7.000000e-01	
1.595409e+02	1568	7.643852e+01	3.111747e+02	1.595409e+02	1568	8.027969e-01	7.000000e-01	
1.596426e+02	1569	6.367414e+01	2.920563e+02	1.596426e+02	1569	8.210045e-01	7.000000e-01	
1.597444e+02	1570	5.361451e+01	3.187218e+02	1.597444e+02	1570	8.560052e-01	7.000000e-01	
1.598461e+02	1571	5.600708e+01	2.907336e+02	1.598461e+02	1571	8.384756e-01	7.000000e-01	
1.599479e+02	1572	6.779047e+01	2.944900e+02	1.599479e+02	1572	8.128785e-01	7.000000e-01	
1.600496e+02	1573	4.822238e+01	2.703732e+02	1.600496e+02	1573	8.486408e-01	7.000000e-01	
1.601514e+02	1574	4.980362e+01	2.732247e+02	1.601514e+02	1574	8.458227e-01	7.000000e-01	
1.602531e+02	1575	6.195668e+01	2.839901e+02	1.602531e+02	1575	8.209069e-01	7.000000e-01	
1.603548e+02	1576	4.811637e+01	2.497755e+02	1.603548e+02	1576	8.384771e-01	7.000000e-01	
1.604566e+02	1577	5.482767e+01	2.781096e+02	1.604566e+02	1577	8.353213e-01	7.000000e-01	
1.605583e+02	1578	6.247402e+01	2.901929e+02	1.605583e+02	1578	8.228526e-01	7.000000e-01	
1.606601e+02	1579	5.302539e+01	2.851863e+02	1.606601e+02	1579	8.432183e-01	7.000000e-01	
1.607618e+02	1580	4.724095e+01	2.747544e+02	1.607618e+02	1580	8.532869e-01	7.000000e-01	
1.608636e+02	1581	5.468955e+01	3.182168e+02	1.608636e+02	1581	8.533424e-01	7.000000e-01	
1.609653e+02	1582	5.862449e+01	3.078648e+02	1.609653e+02	1582	8.400376e-01	7.000000e-01	
1.610671e+02	1583	5.683790e+01	3.102323e+02	1.610671e+02	1583	8.451580e-01	7.000000e-01	
1.611688e+02	1584	6.319899e+01	3.099391e+02	1.611688e+02	1584	8.306284e-01	7.000000e-01	
1.612706e+02	1585	7.170556e+01	2.945050e+02	1.612706e+02	1585	8.041958e-01	7.000000e-01	
1.613723e+02	1586	8.037218e+01	2.907668e+02	1.613723e+02	1586	7.834445e-01	7.000000e-01	
1.614741e+02	1587	5.019355e+01	3.259221e+02	1.614741e+02	1587	8.665476e-01	7.000000e-01	
1.615758e+02	1588	3.450909e+01	3.187160e+02	1.615758e+02	1588	9.023028e-01	7.000000e-01	
1.616776e+02	1589	6.278860e+01	3.076223e+02	1.616776e+02	1589	8.304893e-01	7.000000e-01	
1.617793e+02	1590	7.147785e+01	3.002239e+02	1.617793e+02	1590	8.077011e-01	7.000000e-01	
1.618811e+02	1591	7.246394e+01	2.930368e+02	1.618811e+02	1591	8.017406e-01	7.000000e-01	
1.619828e+02	1592	6.021833e+01	3.081545e+02	1.619828e+02	1592	8.365289e-01	7.000000e-01	
1.620846e+02	1593	6.596000e+01	2.794992e+02	1.620846e+02	1593	8.090657e-01	7.000000e-01	
1.621863e+02	1594	7.978577e+01	3.169786e+02	1.621863e+02	1594	7.989089e-01	7.000000e-01	
1.622881e+02	1595	6.882104e+01	2.967745e+02	1.622881e+02	1595	8.117563e-01	7.000000e-01	
1.623898e+02	1596	7.250321e+01	2.708916e+02	1.623898e+02	1596	7.888634e-01	7.000000e-01	
1.624916e+02	1597	7.494074e+01	2.977580e+02	1.624916e+02	1597	7.989241e-01	7.000000e-01	
1.625933e+02	1598	6.894218e+01	2.807139e+02	1.625933e+02	1598	8.028286e-01	7.000000e-01	
1.626951e+02	1599	5.646124e+01	2.616795e+02	1.626951e+02	1599	8.225275e-01	7.000000e-01	
1.627968e+02	1600	3.949859e+01	2.545399e+02	1.627968e+02	1600	8.656686e-01	7.000000e-01	
1.628985e+02	1601	9.086891e+01	2.973194e+02	1.628985e+02	1601	7.659154e-01	7.000000e-01	
1.630003e+02	1602	7.621941e+01	3.168586e+02	1.630003e+02	1602	8.060960e-01	7.000000e-01	
1.631020e+02	1603	6.326658e+01	3.011293e+02	1.631020e+02	1603	8.263795e-01	7.000000e-01	
1.632038e+02	1604	6.590043e+01	2.734021e+02	1.632038e+02	1604	8.057768e-01	7.000000e-01	
1.633055e+02	1605	7.459956e+01	2.884261e+02	1.633055e+02	1605	7.945061e-01	7.000000e-01	
1.634073e+02	1606	6.765018e+01	2.756048e+02	1.634073e+02	1606	8.029157e-01	7.000000e-01	
1.635090e+02	1607	6.718452e+01	2.734477e+02	1.635090e+02	1607	8.027652e-01	7.000000e-01	
1.636108e+02	1608	6.319356e+01	2.637050e+02	1.636108e+02	1608	8.066876e-01	7.000000e-01	
1.637125e+02	1609	6.606130e+01	2.796997e+02	1.637125e+02	1609	8.089394e-01	7.000000e-01	
1.638143e+02	1610	5.606666e+01	2.752697e+02	1.638143e+02	1610	8.307863e-01	7.000000e-01	
1.639160e+02	1611	4.222204e+01	2.308680e+02	1.639160e+02	1611	8.453915e-01	7.000000e-01	
1.640178e+02	1612	6.123080e+01	2.685966e+02	1.640178e+02	1612	8.143550e-01	7.000000e-01	
1.641195e+02	1613	6.847460e+01	2.681650e+02	1.641195e+02	1613	7.965937e-01	7.000000e-01	
1.642213e+02	1614	5.990412e+01	2.754536e+02	1.642213e+02	1614	8.213725e-01	7.000000e-01	
1.643230e+02	1615	5.500761e+01	2.868444e+02	1.643230e+02	1615	8.390894e-01	7.000000e-01	
1.644248e+02	1616	4.911644e+01	2.587224e+02	1.644248e+02	1616	8.404476e-01	7.000000e-01	
1.645265e+02	1617	4.365743e+01	2.446071e+02	1.645265e+02	1617	8.485508e-01	7.000000e-01	
1.646283e+02	1618	4.958506e+01	2.461254e+02	1.646283e+02	1618	8.323189e-01	7.000000e-01	
1.647300e+02	1619	4.883966e+01	2.451091e+02	1.647300e+02	1619	8.338497e-01	7.000000e-01	
1.648318e+02	1620	4.349887e+01	2.714922e+02	1.648318e+02	1620	8.619044e-01	7.000000e-01	
1.649335e+02	1621	4.792854e+01	2.685070e+02	1.649335e+02	1621	8.485362e-01	7.000000e-01	
1.650353e+02	1622	3.690383e+01	2.693867e+02	1.650353e+02	1622	8.795136e-01	7.000000e-01	
1.651370e+02	1623	5.012450e+01	2.580878e+02	1.651370e+02	1623	8.373702e-01	7.000000e-01	
1.652388e+02	1624	4.339940e+01	2.334845e+02	1.652388e+02	1624	8.432578e-01	7.000000e-01	
1.653405e+02	1625	3.878014e+01	3.176116e+02	1.653405e+02	1625	8.911868e-01	7.000000e-01	
1.654422e+02	1626	3.759654e+01	3.156224e+02	1.654422e+02	1626	8.935602e-01	7.000000e-01	
1.655440e+02	1627	4.741892e+01	2.495764e+02	1.655440e+02	1627	8.403378e-01	7.000000e-01	
1.656457e+02	1628	4.406766e+01	2.952506e+02	1.656457e+02	1628	8.701288e-01	7.000000e-01	
1.657475e+02	1629	4.348179e+01	2.779042e+02	1.657475e+02	1629	8.647054e-01	7.000000e-01	
1.658492e+02	1630	4.712392e+01	2.785268e+02	1.658492e+02	1630	8.552931e-01	7.000000e-01	
1.659510e+02	1631	3.830789e+01	2.872948e+02	1.659510e+02	1631	8.823477e-01	7.000000e-01	
1.660527e+02	1632	3.618711e+01	3.057956e+02	1.660527e+02	1632	8.941844e-01	7.000000e-01	
1.661545e+02	1633	3.640039e+01	2.517558e+02	1.661545e+02	1633	8.736783e-01	7.000000e-01	
1.662562e+02	1634	4.119154e+01	3.013547e+02	1.662562e+02	1634	8.797490e-01	7.000000e-01	
1.663580e+02	1635	3.962873e+01	3.096860e+02	1.663580e+02	1635	8.865529e-01	7.000000e-01	
1.664597e+02	1636	6.625693e+01	2.514643e+02	1.664597e+02	1636	7.914621e-01	7.000000e-01	
1.665615e+02	1637	5.739362e+01	2.052167e+02	1.665615e+02	1637	7.814495e-01	7.000000e-01	
1.666632e+02	1638	6.742971e+01	2.159584e+02	1.666632e+02	1638	7.620588e-01	7.000000e-01	
1.667650e+02	1639	4.344703e+01	1.677883e+02	1.667650e+02	1639	7.943193e-01	7.000000e-01	
1.668667e+02	1640	4.728532e+01	2.118701e+02	1.668667e+02	1640	8.175407e-01	7.000000e-01	
1.669685e+02	1641	4.780283e+01	1.933122e+02	1.669685e+02	1641	8.017426e-01	7.000000e-01	
1.670702e+02	1642	5.632733e+01	2.234614e+02	1.670702e+02	1642	7.986791e-01	7.000000e-01	
1.671720e+02	1643	3.561572e+01	1.970071e+02	1.671720e+02	1643	8.468950e-01	7.000000e-01	
1.672737e+02	1644	5.685579e+01	1.960517e+02	1.672737e+02	1644	7.751914e-01	7.000000e-01	
1.673755e+02	1645	7.037551e+01	2.360222e+02	1.673755e+02	1645	7.703132e-01	7.000000e-01	
1.674772e+02	1646	6.167262e+01	2.400279e+02	1.674772e+02	1646	7.955833e-01	7.000000e-01	
1.675790e+02	1647	5.721889e+01	2.241572e+02	1.675790e+02	1647	7.966462e-01	7.000000e-01	
1.676807e+02	1648	5.304528e+01	2.182785e+02	1.676807e+02	1648	8.044945e-01	7.000000e-01	
1.677825e+02	1649	6.426548e+01	2.581371e+02	1.677825e+02	1649	8.006670e-01	7.000000e-01	
1.678842e+02	1650	7.098038e+01	2.035425e+02	1.678842e+02	1650	7.414409e-01	7.000000e-01	
1.679859e+02	1651	6.523711e+01	2.396896e+02	1.679859e+02	1651	7.860564e-01	7.000000e-01	
1.680877e+02	1652	6.409948e+01	2.592386e+02	1.680877e+02	1652	8.017571e-01	7.000000e-01	
1.681894e+02	1653	7.597108e+01	1.887173e+02	1.681894e+02	1653	7.129792e-01	7.000000e-01	
1.682912e+02	1654	5.887174e+01	2.119938e+02	1.682912e+02	1654	7.826533e-01	7.000000e-01	
1.683929e+02	1655	7.210580e+01	2.161233e+02	1.683929e+02	1655	7.498316e-01	7.000000e-01	
1.684947e+02	1656	5.972406e+01	2.297679e+02	1.684947e+02	1656	7.936935e-01	7.000000e-01	
1.685964e+02	1657	5.235742e+01	2.184936e+02	1.685964e+02	1657	8.066929e-01	7.000000e-01	
1.686982e+02	1658	5.898925e+01	2.015259e+02	1.686982e+02	1658	7.735669e-01	7.000000e-01	
1.687999e+02	1659	6.358705e+01	1.845872e+02	1.687999e+02	1659	7.437806e-01	7.000000e-01	
1.689017e+02	1660	4.843721e+01	1.671719e+02	1.689017e+02	1660	7.753471e-01	7.000000e-01	
1.690034e+02	1661	4.804238e+01	1.954119e+02	1.690034e+02	1661	8.026636e-01	7.000000e-01	
1.691052e+02	1662	6.069640e+01	2.498888e+02	1.691052e+02	1662	8.045741e-01	7.000000e-01	
1.692069e+02	1663	6.200267e+01	2.922075e+02	1.692069e+02	1663	8.249551e-01	7.000000e-01	
1.693087e+02	1664	5.405525e+01	2.675189e+02	1.693087e+02	1664	8.319042e-01	7.000000e-01	
1.694104e+02	1665	5.423388e+01	2.560293e+02	1.694104e+02	1665	8.252004e-01	7.000000e-01	
1.695122e+02	1666	6.050517e+01	2.350757e+02	1.695122e+02	1666	7.953008e-01	7.000000e-01	
1.696139e+02	1667	8.196518e+01	2.836995e+02	1.696139e+02	1667	7.758461e-01	7.000000e-01	
1.697157e+02	1668	8.219735e+01	2.999054e+02	1.697157e+02	1668	7.848816e-01	7.000000e-01	
1.698174e+02	1669	8.781934e+01	3.148467e+02	1.698174e+02	1669	7.819053e-01	7.000000e-01	
1.699192e+02	1670	8.147482e+01	2.951190e+02	1.699192e+02	1670	7.836533e-01	7.000000e-01	
1.700209e+02	1671	8.389584e+01	3.042206e+02	1.700209e+02	1671	7.838385e-01	7.000000e-01	
1.701227e+02	1672	7.168530e+01	2.680632e+02	1.701227e+02	1672	7.890048e-01	7.000000e-01	
1.702244e+02	1673	7.375271e+01	2.784010e+02	1.702244e+02	1673	7.905667e-01	7.000000e-01	
1.703262e+02	1674	7.820669e+01	2.802640e+02	1.703262e+02	1674	7.818324e-01	7.000000e-01	
1.704279e+02	1675	7.875702e+01	2.935745e+02	1.704279e+02	1675	7.884761e-01	7.000000e-01	
1.705296e+02	1676	5.530887e+01	2.414548e+02	1.705296e+02	1676	8.136265e-01	7.000000e-01	
1.706314e+02	1677	8.579989e+01	2.995789e+02	1.706314e+02	1677	7.773622e-01	7.000000e-01	
1.707331e+02	1678	4.726746e+01	2.620635e+02	1.707331e+02	1678	8.471945e-01	7.000000e-01	
1.708349e+02	1679	4.599482e+01	2.584441e+02	1.708349e+02	1679	8.489194e-01	7.000000e-01	
1.709366e+02	1680	4.688561e+01	2.404007e+02	1.709366e+02	1680	8.367983e-01	7.000000e-01	
1.710384e+02	1681	6.385306e+01	2.508220e+02	1.710384e+02	1681	7.970826e-01	7.000000e-01	
1.711401e+02	1682	4.868471e+01	2.783914e+02	1.711401e+02	1682	8.511517e-01	7.000000e-01	
1.712419e+02	1683	5.080971e+01	2.768931e+02	1.712419e+02	1683	8.449519e-01	7.000000e-01	
1.713436e+02	1684	5.171319e+01	2.937405e+02	1.713436e+02	1684	8.503036e-01	7.000000e-01	
1.714454e+02	1685	4.060915e+01	2.937205e+02	1.714454e+02	1685	8.785356e-01	7.000000e-01	
1.715471e+02	1686	5.372796e+01	3.287921e+02	1.715471e+02	1686	8.595421e-01	7.000000e-01	
1.716489e+02	1687	4.853628e+01	3.102381e+02	1.716489e+02	1687	8.647164e-01	7.000000e-01	
1.717506e+02	1688	4.348688e+01	2.865367e+02	1.717506e+02	1688	8.682310e-01	7.000000e-01	
1.718524e+02	1689	4.778288e+01	2.237462e+02	1.718524e+02	1689	8.240230e-01	7.000000e-01	
1.719541e+02	1690	5.676564e+01	2.082842e+02	1.719541e+02	1690	7.858303e-01	7.000000e-01	
1.720559e+02	1691	5.617723e+01	2.099996e+02	1.720559e+02	1691	7.889477e-01	7.000000e-01	
1.721576e+02	1692	6.183058e+01	1.959688e+02	1.721576e+02	1692	7.601601e-01	7.000000e-01	
1.722594e+02	1693	7.014172e+01	2.164297e+02	1.722594e+02	1693	7.552383e-01	7.000000e-01	
1.723611e+02	1694	6.283823e+01	2.350612e+02	1.723611e+02	1694	7.890623e-01	7.000000e-01	
1.724629e+02	1695	5.102234e+01	2.223513e+02	1.724629e+02	1695	8.133604e-01	7.000000e-01	
1.725646e+02	1696	6.204425e+01	2.300939e+02	1.725646e+02	1696	7.876202e-01	7.000000e-01	
1.726664e+02	1697	9.116501e+01	2.756255e+02	1.726664e+02	1697	7.514521e-01	7.000000e-01	
1.727681e+02	1698	6.420793e+01	2.799707e+02	1.727681e+02	1698	8.134459e-01	7.000000e-01	
1.728699e+02	1699	6.542317e+01	2.249076e+02	1.728699e+02	1699	7.746599e-01	7.000000e-01	
1.729716e+02	1700	6.108365e+01	2.856924e+02	1.729716e+02	1700	8.238527e-01	7.000000e-01	
1.730733e+02	1701	6.985571e+01	2.207271e+02	1.730733e+02	1701	7.596014e-01	7.000000e-01	
1.731751e+02	1702	7.095964e+01	2.226541e+02	1.731751e+02	1702	7.583232e-01	7.000000e-01	
1.732768e+02	1703	7.417228e+01	2.732540e+02	1.732768e+02	1703	7.865093e-01	7.000000e-01	
1.733786e+02	1704	7.483540e+01	2.427390e+02	1.733786e+02	1704	7.643532e-01	7.000000e-01	
1.734803e+02	1705	5.067822e+01	2.384399e+02	1.734803e+02	1705	8.247145e-01	7.000000e-01	
1.735821e+02	1706	7.401207e+01	3.339567e+02	1.735821e+02	1706	8.185840e-01	7.000000e-01	
1.736838e+02	1707	6.181782e+01	2.231399e+02	1.736838e+02	1707	7.830632e-01	7.000000e-01	
1.737856e+02	1708	4.464266e+01	3.166855e+02	1.737856e+02	1708	8.764484e-01	7.000000e-01	
1.738873e+02	1709	5.356149e+01	2.870426e+02	1.738873e+02	1709	8.427456e-01	7.000000e-01	
1.739891e+02	1710	6.544633e+01	2.230776e+02	1.739891e+02	1710	7.731685e-01	7.000000e-01	
1.740908e+02	1711	6.774561e+01	2.257183e+02	1.740908e+02	1711	7.691518e-01	7.000000e-01	
1.741926e+02	1712	5.048245e+01	2.337072e+02	1.741926e+02	1712	8.223635e-01	7.000000e-01	
1.742943e+02	1713	6.520260e+01	2.323917e+02	1.742943e+02	1713	7.809010e-01	7.000000e-01	
1.743961e+02	1714	6.782264e+01	2.315001e+02	1.743961e+02	1714	7.734130e-01	7.000000e-01	
1.744978e+02	1715	7.421549e+01	2.319495e+02	1.744978e+02	1715	7.575964e-01	7.000000e-01	
1.745996e+02	1716	6.227899e+01	2.315117e+02	1.745996e+02	1716	7.880158e-01	7.000000e-01	
1.747013e+02	1717	5.671839e+01	2.386059e+02	1.747013e+02	1717	8.079454e-01	7.000000e-01	
1.748031e+02	1718	7.734256e+01	2.398278e+02	1.748031e+02	1718	7.561482e-01	7.000000e-01	
1.749048e+02	1719	1.034524e+02	2.032111e+02	1.749048e+02	1719	6.626517e-01	7.000000e-01	
1.750066e+02	1720	8.309752e+01	2.222558e+02	1.750066e+02	1720	7.278644e-01	7.000000e-01	
1.751083e+02	1721	7.322648e+01	2.346878e+02	1.751083e+02	1721	7.621855e-01	7.000000e-01	
1.752101e+02	1722	6.387852e+01	2.567076e+02	1.752101e+02	1722	8.007446e-01	7.000000e-01	
1.753118e+02	1723	5.143608e+01	2.621554e+02	1.753118e+02	1723	8.359774e-01	7.000000e-01	
1.754136e+02	1724	7.195903e+01	2.330230e+02	1.754136e+02	1724	7.640549e-01	7.000000e-01	
1.755153e+02	1725	6.433533e+01	2.600377e+02	1.755153e+02	1725	8.016625e-01	7.000000e-01	
1.756170e+02	1726	8.184526e+01	2.445766e+02	1.756170e+02	1726	7.492654e-01	7.000000e-01	
1.757188e+02	1727	4.490513e+01	2.747060e+02	1.757188e+02	1727	8.595007e-01	7.000000e-01	
1.758205e+02	1728	6.514498e+01	2.592920e+02	1.758205e+02	1728	7.992061e-01	7.000000e-01	
1.759223e+02	1729	8.520494e+01	2.412038e+02	1.759223e+02	1729	7.389624e-01	7.000000e-01	
1.760240e+02	1730	6.407824e+01	2.685117e+02	1.760240e+02	1730	8.073356e-01	7.000000e-01	
1.761258e+02	1731	5.490930e+01	2.782253e+02	1.761258e+02	1731	8.351738e-01	7.000000e-01	
1.762275e+02	1732	8.751238e+01	2.045986e+02	1.762275e+02	1732	7.004139e-01	7.000000e-01	
1.763293e+02	1733	6.397254e+01	2.327482e+02	1.763293e+02	1733	7.844015e-01	7.000000e-01	
1.764310e+02	1734	6.933514e+01	2.553196e+02	1.764310e+02	1734	7.864342e-01	7.000000e-01	
1.765328e+02	1735	5.237916e+01	2.406305e+02	1.765328e+02	1735	8.212374e-01	7.000000e-01	
1.766345e+02	1736	7.422996e+01	2.441059e+02	1.766345e+02	1736	7.668187e-01	7.000000e-01	
1.767363e+02	1737	7.687511e+01	2.548459e+02	1.767363e+02	1737	7.682537e-01	7.000000e-01	
1.768380e+02	1738	8.174231e+01	2.322464e+02	1.768380e+02	1738	7.396648e-01	7.000000e-01	
1.769398e+02	1739	8.478483e+01	2.579185e+02	1.769398e+02	1739	7.525999e-01	7.000000e-01	
1.770415e+02	1740	7.196767e+01	2.639195e+02	1.770415e+02	1740	7.857386e-01	7.000000e-01	
1.771433e+02	1741	9.656606e+01	2.847737e+02	1.771433e+02	1741	7.467716e-01	7.000000e-01	
1.772450e+02	1742	8.895376e+01	2.500694e+02	1.772450e+02	1742	7.376175e-01	7.000000e-01	
1.773468e+02	1743	1.194176e+02	3.126997e+02	1.773468e+02	1743	7.236454e-01	7.000000e-01	
1.774485e+02	1744	9.740344e+01	3.131331e+02	1.774485e+02	1744	7.627411e-01	7.000000e-01	
1.775503e+02	1745	9.966976e+01	2.805838e+02	1.775503e+02	1745	7.378861e-01	7.000000e-01	
1.776520e+02	1746	9.043545e+01	2.936192e+02	1.776520e+02	1746	7.645245e-01	7.000000e-01	
1.777538e+02	1747	1.117732e+02	3.101223e+02	1.777538e+02	1747	7.350690e-01	7.000000e-01	
1.778555e+02	1748	9.768995e+01	2.828712e+02	1.778555e+02	1748	7.433003e-01	7.000000e-01	
1.779573e+02	1749	7.940015e+01	3.122422e+02	1.779573e+02	1749	7.972636e-01	7.000000e-01	
1.780590e+02	1750	8.021737e+01	2.933017e+02	1.780590e+02	1750	7.852389e-01	7.000000e-01	
1.781607e+02	1751	8.579018e+01	3.090618e+02	1.781607e+02	1751	7.827283e-01	7.000000e-01	
1.782625e+02	1752	6.052303e+01	2.834232e+02	1.782625e+02	1752	8.240335e-01	7.000000e-01	
1.783642e+02	1753	6.726808e+01	3.043314e+02	1.783642e+02	1753	8.189769e-01	7.000000e-01	
1.784660e+02	1754	7.377060e+01	3.217321e+02	1.784660e+02	1754	8.134764e-01	7.000000e-01	
1.785677e+02	1755	6.984081e+01	2.967036e+02	1.785677e+02	1755	8.094615e-01	7.000000e-01	
1.786695e+02	1756	5.098421e+01	3.296619e+02	1.786695e+02	1756	8.660588e-01	7.000000e-01	
1.787712e+02	1757	7.449480e+01	3.254541e+02	1.787712e+02	1757	8.137392e-01	7.000000e-01	
1.788730e+02	1758	7.385649e+01	2.308465e+02	1.788730e+02	1758	7.576115e-01	7.000000e-01	
1.789747e+02	1759	6.370764e+01	3.610293e+02	1.789747e+02	1759	8.500068e-01	7.000000e-01	
1.790765e+02	1760	7.203748e+01	3.066206e+02	1.790765e+02	1760	8.097559e-01	7.000000e-01	
1.791782e+02	1761	8.242231e+01	3.244987e+02	1.791782e+02	1761	7.974489e-01	7.000000e-01	
1.792800e+02	1762	6.870855e+01	3.238255e+02	1.792800e+02	1762	8.249616e-01	7.000000e-01	
1.793817e+02	1763	6.993402e+01	3.152726e+02	1.793817e+02	1763	8.184506e-01	7.000000e-01	
1.794835e+02	1764	7.284746e+01	2.888166e+02	1.794835e+02	1764	7.985770e-01	7.000000e-01	
1.795852e+02	1765	6.893265e+01	3.193087e+02	1.795852e+02	1765	8.224490e-01	7.000000e-01	
1.796870e+02	1766	5.671554e+01	2.905200e+02	1.796870e+02	1766	8.366655e-01	7.000000e-01	
1.797887e+02	1767	6.311595e+01	2.908366e+02	1.797887e+02	1767	8.216825e-01	7.000000e-01	
1.798905e+02	1768	7.009364e+01	3.240083e+02	1.798905e+02	1768	8.221434e-01	7.000000e-01	
1.799922e+02	1769	5.716091e+01	3.181554e+02	1.799922e+02	1769	8.476994e-01	7.000000e-01	
1.800940e+02	1770	5.133986e+01	2.800339e+02	1.800940e+02	1770	8.450696e-01	7.000000e-01	
1.801957e+02	1771	5.239688e+01	2.627693e+02	1.801957e+02	1771	8.337484e-01	7.000000e-01	
1.802975e+02	1772	4.467444e+01	2.669028e+02	1.802975e+02	1772	8.566184e-01	7.000000e-01	
1.803992e+02	1773	4.694564e+01	2.646202e+02	1.803992e+02	1773	8.493235e-01	7.000000e-01	
1.805010e+02	1774	3.245636e+01	2.363296e+02	1.805010e+02	1774	8.792483e-01	7.000000e-01	
1.806027e+02	1775	5.449258e+01	2.848894e+02	1.806027e+02	1775	8.394358e-01	7.000000e-01	
1.807044e+02	1776	5.873254e+01	2.611590e+02	1.807044e+02	1776	8.163986e-01	7.000000e-01	
1.808062e+02	1777	6.442266e+01	2.719620e+02	1.808062e+02	1777	8.084851e-01	7.000000e-01	
1.809079e+02	1778	6.781945e+01	2.723465e+02	1.809079e+02	1778	8.006283e-01	7.000000e-01	
1.810097e+02	1779	6.472045e+01	2.679789e+02	1.810097e+02	1779	8.054687e-01	7.000000e-01	
1.811114e+02	1780	6.573340e+01	2.747759e+02	1.811114e+02	1780	8.069556e-01	7.000000e-01	
1.812132e+02	1781	5.802484e+01	2.913374e+02	1.812132e+02	1781	8.339121e-01	7.000000e-01	
1.813149e+02	1782	7.289579e+01	3.168018e+02	1.813149e+02	1782	8.129427e-01	7.000000e-01	
1.814167e+02	1783	3.514932e+01	2.849185e+02	1.814167e+02	1783	8.901816e-01	7.000000e-01	
1.815184e+02	1784	4.963680e+01	2.688510e+02	1.815184e+02	1784	8.441485e-01	7.000000e-01	
1.816202e+02	1785	6.658727e+01	2.644415e+02	1.816202e+02	1785	7.988475e-01	7.000000e-01	
1.817219e+02	1786	7.122984e+01	2.474798e+02	1.817219e+02	1786	7.765055e-01	7.000000e-01	
1.818237e+02	1787	6.154929e+01	2.647591e+02	1.818237e+02	1787	8.113769e-01	7.000000e-01	
1.819254e+02	1788	6.118460e+01	2.712459e+02	1.819254e+02	1788	8.159477e-01	7.000000e-01	
1.820272e+02	1789	7.673950e+01	2.850609e+02	1.820272e+02	1789	7.878955e-01	7.000000e-01	
1.821289e+02	1790	5.561904e+01	2.653426e+02	1.821289e+02	1790	8.267113e-01	7.000000e-01	
1.822307e+02	1791	6.685253e+01	2.382360e+02	1.822307e+02	1791	7.808750e-01	7.000000e-01	
1.823324e+02	1792	7.497477e+01	2.459950e+02	1.823324e+02	1792	7.664117e-01	7.000000e-01	
1.824342e+02	1793	6.081362e+01	2.582733e+02	1.824342e+02	1793	8.094136e-01	7.000000e-01	
1.825359e+02	1794	5.630238e+01	2.628338e+02	1.825359e+02	1794	8.235788e-01	7.000000e-01	
1.826377e+02	1795	5.365631e+01	2.578860e+02	1.826377e+02	1795	8.277720e-01	7.000000e-01	
1.827394e+02	1796	6.136728e+01	2.650461e+02	1.827394e+02	1796	8.119952e-01	7.000000e-01	
1.828412e+02	1797	6.830774e+01	2.660107e+02	1.828412e+02	1797	7.956806e-01	7.000000e-01	
1.829429e+02	1798	6.406400e+01	2.352389e+02	1.829429e+02	1798	7.859560e-01	7.000000e-01	
1.830447e+02	1799	6.357799e+01	2.733182e+02	1.830447e+02	1799	8.112831e-01	7.000000e-01	
1.831464e+02	1800	5.885009e+01	2.404988e+02	1.831464e+02	1800	8.034064e-01	7.000000e-01	
1.832481e+02	1801	7.405438e+01	2.607472e+02	1.832481e+02	1801	7.788111e-01	7.000000e-01	
1.833499e+02	1802	7.270897e+01	2.697784e+02	1.833499e+02	1802	7.877032e-01	7.000000e-01	
1.834516e+02	1803	5.765282e+01	2.733407e+02	1.834516e+02	1803	8.258189e-01	7.000000e-01	
1.835534e+02	1804	5.354326e+01	2.647619e+02	1.835534e+02	1804	8.317864e-01	7.000000e-01	
1.836551e+02	1805	5.979331e+01	2.711348e+02	1.836551e+02	1805	8.193163e-01	7.000000e-01	
1.837569e+02	1806	6.569798e+01	2.740425e+02	1.837569e+02	1806	8.066230e-01	7.000000e-01	
1.838586e+02	1807	7.032828e+01	2.733850e+02	1.838586e+02	1807	7.953868e-01	7.000000e-01	
1.839604e+02	1808	7.190777e+01	2.717049e+02	1.839604e+02	1808	7.907302e-01	7.000000e-01	
1.840621e+02	1809	6.967219e+01	2.258750e+02	1.840621e+02	1809	7.642604e-01	7.000000e-01	
1.841639e+02	1810	7.029133e+01	2.939984e+02	1.841639e+02	1810	8.070455e-01	7.000000e-01	
1.842656e+02	1811	6.462534e+01	2.636289e+02	1.842656e+02	1811	8.031241e-01	7.000000e-01	
1.843674e+02	1812	5.437680e+01	2.996631e+02	1.843674e+02	1812	8.464105e-01	7.000000e-01	
1.844691e+02	1813	6.549738e+01	2.739467e+02	1.844691e+02	1813	8.070452e-01	7.000000e-01	
1.845709e+02	1814	8.517418e+01	2.515041e+02	1.845709e+02	1814	7.470161e-01	7.000000e-01	
1.846726e+02	1815	7.784716e+01	2.465240e+02	1.846726e+02	1815	7.600059e-01	7.000000e-01	
1.847744e+02	1816	8.617321e+01	2.585196e+02	1.847744e+02	1816	7.500000e-01	7.000000e-01	
1.848761e+02	1817	6.932061e+01	2.367613e+02	1.848761e+02	1817	7.735227e-01	7.000000e-01	
1.849779e+02	1818	8.756156e+01	2.653275e+02	1.849779e+02	1818	7.518723e-01	7.000000e-01	
1.850796e+02	1819	8.586194e+01	2.443814e+02	1.850796e+02	1819	7.400040e-01	7.000000e-01	
1.851814e+02	1820	7.543139e+01	2.508875e+02	1.851814e+02	1820	7.688415e-01	7.000000e-01	
1.852831e+02	1821	7.851209e+01	2.700430e+02	1.852831e+02	1821	7.747498e-01	7.000000e-01	
1.853849e+02	1822	7.748431e+01	2.810973e+02	1.853849e+02	1822	7.839144e-01	7.000000e-01	
1.854866e+02	1823	7.517693e+01	2.483923e+02	1.854866e+02	1823	7.676635e-01	7.000000e-01	
1.855884e+02	1824	7.902315e+01	2.540246e+02	1.855884e+02	1824	7.627273e-01	7.000000e-01	
1.856901e+02	1825	5.784529e+01	2.741010e+02	1.856901e+02	1825	8.257390e-01	7.000000e-01	
1.857918e+02	1826	7.213615e+01	2.181735e+02	1.857918e+02	1826	7.515200e-01	7.000000e-01	
1.858936e+02	1827	6.956582e+01	2.779863e+02	1.858936e+02	1827	7.998406e-01	7.000000e-01	
1.859953e+02	1828	5.551635e+01	1.997139e+02	1.859953e+02	1828	7.824852e-01	7.000000e-01	
1.860971e+02	1829	7.284232e+01	2.625222e+02	1.860971e+02	1829	7.827966e-01	7.000000e-01	
1.861988e+02	1830	5.837861e+01	2.720428e+02	1.861988e+02	1830	8.233207e-01	7.000000e-01	
1.863006e+02	1831	6.460781e+01	2.905923e+02	1.863006e+02	1831	8.181087e-01	7.000000e-01	
1.864023e+02	1832	4.129893e+01	3.141284e+02	1.864023e+02	1832	8.838049e-01	7.000000e-01	
1.865041e+02	1833	6.261901e+01	2.937771e+02	1.865041e+02	1833	8.242994e-01	7.000000e-01	
1.866058e+02	1834	4.268546e+01	3.143211e+02	1.866058e+02	1834	8.804351e-01	7.000000e-01	
1.867076e+02	1835	5.506923e+01	3.015418e+02	1.867076e+02	1835	8.455762e-01	7.000000e-01	
1.868093e+02	1836	4.502263e+01	3.595992e+02	1.868093e+02	1836	8.887291e-01	7.000000e-01	
1.869111e+02	1837	4.503789e+01	3.333591e+02	1.869111e+02	1837	8.809771e-01	7.000000e-01	
1.870128e+02	1838	4.358388e+01	2.972707e+02	1.870128e+02	1838	8.721335e-01	7.000000e-01	
1.871146e+02	1839	3.340505e+01	3.227526e+02	1.871146e+02	1839	9.062071e-01	7.000000e-01	
1.872163e+02	1840	4.508449e+01	3.206527e+02	1.872163e+02	1840	8.767298e-01	7.000000e-01	
1.873181e+02	1841	4.317265e+01	3.580647e+02	1.873181e+02	1841	8.924012e-01	7.000000e-01	
1.874198e+02	1842	4.440688e+01	3.321448e+02	1.874198e+02	1842	8.820696e-01	7.000000e-01	
1.875216e+02	1843	4.627736e+01	3.540277e+02	1.875216e+02	1843	8.843948e-01	7.000000e-01	
1.876233e+02	1844	5.459925e+01	3.395161e+02	1.876233e+02	1844	8.614638e-01	7.000000e-01	
1.877251e+02	1845	4.865155e+01	3.297992e+02	1.877251e+02	1845	8.714455e-01	7.000000e-01	
1.878268e+02	1846	4.310948e+01	3.414873e+02	1.878268e+02	1846	8.879099e-01	7.000000e-01	
1.879286e+02	1847	4.000054e+01	3.658423e+02	1.879286e+02	1847	9.014383e-01	7.000000e-01	
1.880303e+02	1848	5.001885e+01	3.435140e+02	1.880303e+02	1848	8.728979e-01	7.000000e-01	
1.881321e+02	1849	4.894117e+01	3.035482e+02	1.881321e+02	1849	8.611556e-01	7.000000e-01	
1.882338e+02	1850	4.412907e+01	3.661838e+02	1.882338e+02	1850	8.924502e-01	7.000000e-01	
1.883355e+02	1851	4.696441e+01	3.273591e+02	1.883355e+02	1851	8.745352e-01	7.000000e-01	
1.884373e+02	1852	2.982131e+01	2.935643e+02	1.884373e+02	1852	9.077841e-01	7.000000e-01	
1.885390e+02	1853	3.767134e+01	3.032826e+02	1.885390e+02	1853	8.895119e-01	7.000000e-01	
1.886408e+02	1854	6.233074e+01	2.839262e+02	1.886408e+02	1854	8.199870e-01	7.000000e-01	
1.887425e+02	1855	4.007648e+01	3.120413e+02	1.887425e+02	1855	8.861844e-01	7.000000e-01	
1.888443e+02	1856	4.695761e+01	2.801329e+02	1.888443e+02	1856	8.564385e-01	7.000000e-01	
1.889460e+02	1857	7.148358e+01	3.575610e+02	1.889460e+02	1857	8.333889e-01	7.000000e-01	
1.890478e+02	1858	8.554566e+01	3.411754e+02	1.890478e+02	1858	7.995279e-01	7.000000e-01	
1.891495e+02	1859	7.701960e+01	3.746700e+02	1.891495e+02	1859	8.294856e-01	7.000000e-01	
1.892513e+02	1860	8.378861e+01	3.921128e+02	1.892513e+02	1860	8.239370e-01	7.000000e-01	
1.893530e+02	1861	5.324496e+01	3.002386e+02	1.893530e+02	1861	8.493708e-01	7.000000e-01	
1.894548e+02	1862	6.055546e-02	2.765857e+02	1.894548e+02	1862	9.997811e-01	7.000000e-01	
1.895565e+02	1863	2.174475e+01	3.203652e+02	1.895565e+02	1863	9.364393e-01	7.000000e-01	
1.896583e+02	1864	1.297436e+01	2.682177e+02	1.896583e+02	1864	9.538594e-01	7.000000e-01	
1.897600e+02	1865	8.650795e-01	2.767936e+02	1.897600e+02	1865	9.968844e-01	7.000000e-01	
1.898618e+02	1866	5.490568e+01	2.823994e+02	1.898618e+02	1866	8.372225e-01	7.000000e-01	
1.899635e+02	1867	2.853005e+01	2.781514e+02	1.899635e+02	1867	9.069717e-01	7.000000e-01	
1.900653e+02	1868	5.845283e+01	2.623564e+02	1.900653e+02	1868	8.177957e-01	7.000000e-01	
1.901670e+02	1869	4.319546e+01	2.754308e+02	1.901670e+02	1869	8.644322e-01	7.000000e-01	
1.902688e+02	1870	6.527552e+01	2.841581e+02	1.902688e+02	1870	8.131962e-01	7.000000e-01	
1.903705e+02	1871	7.167234e+01	2.198882e+02	1.903705e+02	1871	7.541768e-01	7.000000e-01	
1.904723e+02	1872	5.044998e+01	3.038383e+02	1.904723e+02	1872	8.576019e-01	7.000000e-01	
1.905740e+02	1873	6.184855e+01	2.653110e+02	1.905740e+02	1873	8.109529e-01	7.000000e-01	
1.906758e+02	1874	5.721254e+01	2.914016e+02	1.906758e+02	1874	8.358858e-01	7.000000e-01	
1.907775e+02	1875	5.867829e+01	3.012144e+02	1.907775e+02	1875	8.369561e-01	7.000000e-01	
1.908792e+02	1876	5.594830e+01	2.677114e+02	1.908792e+02	1876	8.271385e-01	7.000000e-01	
1.909810e+02	1877	5.936367e+01	3.001750e+02	1.909810e+02	1877	8.348893e-01	7.000000e-01	
1.910827e+02	1878	5.172660e+01	3.044321e+02	1.910827e+02	1878	8.547653e-01	7.000000e-01	
1.911845e+02	1879	5.915754e+01	2.984890e+02	1.911845e+02	1879	8.345922e-01	7.000000e-01	
1.912862e+02	1880	5.019706e+01	2.964561e+02	1.912862e+02	1880	8.551951e-01	7.000000e-01	
1.913880e+02	1881	5.218136e+01	2.993144e+02	1.913880e+02	1881	8.515448e-01	7.000000e-01	
1.914897e+02	1882	5.525204e+01	2.895632e+02	1.914897e+02	1882	8.397633e-01	7.000000e-01	
1.915915e+02	1883	5.967985e+01	2.944964e+02	1.915915e+02	1883	8.314967e-01	7.000000e-01	
1.916932e+02	1884	5.951567e+01	3.001373e+02	1.916932e+02	1884	8.345192e-01	7.000000e-01	
1.917950e+02	1885	5.770112e+01	2.908599e+02	1.917950e+02	1885	8.344591e-01	7.000000e-01	
1.918967e+02	1886	4.068057e+01	2.129177e+02	1.918967e+02	1886	8.395866e-01	7.000000e-01	
1.919985e+02	1887	6.108756e+01	3.089939e+02	1.919985e+02	1887	8.349348e-01	7.000000e-01	
1.921002e+02	1888	5.078748e+01	3.117750e+02	1.921002e+02	1888	8.599208e-01	7.000000e-01	
1.922020e+02	1889	9.003604e+01	3.108690e+02	1.922020e+02	1889	7.754180e-01	7.000000e-01	
1.923037e+02	1890	5.965806e+01	2.789909e+02	1.923037e+02	1890	8.238351e-01	7.000000e-01	
1.924055e+02	1891	5.078124e+01	3.076425e+02	1.924055e+02	1891	8.583207e-01	7.000000e-01	
1.925072e+02	1892	8.436012e+01	2.347587e+02	1.925072e+02	1892	7.356467e-01	7.000000e-01	
1.926090e+02	1893	8.414145e+01	2.266111e+02	1.926090e+02	1893	7.292333e-01	7.000000e-01	
1.927107e+02	1894	7.678016e+01	3.117538e+02	1.927107e+02	1894	8.023849e-01	7.000000e-01	
1.928125e+02	1895	7.322497e+01	2.841357e+02	1.928125e+02	1895	7.950951e-01	7.000000e-01	
1.929142e+02	1896	7.971903e+01	2.343861e+02	1.929142e+02	1896	7.462027e-01	7.000000e-01	
1.930160e+02	1897	9.666468e+01	1.812117e+02	1.930160e+02	1897	6.521306e-01	7.000000e-01	
1.931177e+02	1898	8.062703e+01	1.996625e+02	1.931177e+02	1898	7.123438e-01	7.000000e-01	
1.932195e+02	1899	9.519061e+01	2.260255e+02	1.932195e+02	1899	7.036556e-01	7.000000e-01	
1.933212e+02	1900	8.426651e+01	2.280288e+02	1.933212e+02	1900	7.301704e-01	7.000000e-01	
1.934229e+02	1901	8.358921e+01	2.164657e+02	1.934229e+02	1901	7.214203e-01	7.000000e-01	
1.935247e+02	1902	6.365518e+01	2.792360e+02	1.935247e+02	1902	8.143575e-01	7.000000e-01	
1.936264e+02	1903	7.892223e+01	2.542426e+02	1.936264e+02	1903	7.631136e-01	7.000000e-01	
1.937282e+02	1904	7.328080e+01	2.162258e+02	1.937282e+02	1904	7.468769e-01	7.000000e-01	
1.938299e+02	1905	9.589236e+01	2.729838e+02	1.938299e+02	1905	7.400419e-01	7.000000e-01	
1.939317e+02	1906	7.430038e+01	2.428521e+02	1.939317e+02	1906	7.657266e-01	7.000000e-01	
1.940334e+02	1907	7.165502e+01	2.433458e+02	1.940334e+02	1907	7.725243e-01	7.000000e-01	
1.941352e+02	1908	8.957069e+01	2.792203e+02	1.941352e+02	1908	7.571234e-01	7.000000e-01	
1.942369e+02	1909	9.054315e+01	1.984339e+02	1.942369e+02	1909	6.866770e-01	7.000000e-01	
1.943387e+02	1910	7.349504e+01	2.612064e+02	1.943387e+02	1910	7.804161e-01	7.000000e-01	
1.944404e+02	1911	5.715952e+01	2.714293e+02	1.944404e+02	1911	8.260455e-01	7.000000e-01	
1.945422e+02	1912	6.133740e+01	2.774223e+02	1.945422e+02	1912	8.189354e-01	7.000000e-01	
1.946439e+02	1913	7.829455e+01	2.440131e+02	1.946439e+02	1913	7.570813e-01	7.000000e-01	
1.947457e+02	1914	5.187858e+01	2.561924e+02	1.947457e+02	1914	8.316019e-01	7.000000e-01	
1.948474e+02	1915	7.367982e+01	2.439610e+02	1.948474e+02	1915	7.680405e-01	7.000000e-01	
1.949492e+02	1916	7.381454e+01	2.480750e+02	1.949492e+02	1916	7.706836e-01	7.000000e-01	
1.950509e+02	1917	3.523120e+01	2.619605e+02	1.950509e+02	1917	8.814529e-01	7.000000e-01	
1.951527e+02	1918	3.305091e+01	2.620556e+02	1.951527e+02	1918	8.880035e-01	7.000000e-01	
1.952544e+02	1919	5.036743e+01	2.651996e+02	1.952544e+02	1919	8.403907e-01	7.000000e-01	
1.953562e+02	1920	7.024236e+01	2.598293e+02	1.953562e+02	1920	7.871906e-01	7.000000e-01	
1.954579e+02	1921	4.778578e+01	2.613096e+02	1.954579e+02	1921	8.454012e-01	7.000000e-01	
1.955597e+02	1922	4.216050e+01	2.556320e+02	1.955597e+02	1922	8.584232e-01	7.000000e-01	
1.956614e+02	1923	5.780312e+01	3.022606e+02	1.956614e+02	1923	8.394642e-01	7.000000e-01	
1.957632e+02	1924	5.777810e+01	2.888019e+02	1.957632e+02	1924	8.332907e-01	7.000000e-01	
1.958649e+02	1925	4.726098e+01	3.103053e+02	1.958649e+02	1925	8.678260e-01	7.000000e-01	
1.959666e+02	1926	6.866186e+01	2.953226e+02	1.959666e+02	1926	8.113605e-01	7.000000e-01	
1.960684e+02	1927	6.597740e+01	2.771397e+02	1.960684e+02	1927	8.077117e-01	7.000000e-01	
1.961701e+02	1928	6.461786e+01	3.082131e+02	1.961701e+02	1928	8.266832e-01	7.000000e-01	
1.962719e+02	1929	5.649674e+01	3.101106e+02	1.962719e+02	1929	8.458930e-01	7.000000e-01	
1.963736e+02	1930	3.580647e+01	3.216172e+02	1.963736e+02	1930	8.998207e-01	7.000000e-01	
1.964754e+02	1931	2.591708e+01	3.492395e+02	1.964754e+02	1931	9.309166e-01	7.000000e-01	
1.965771e+02	1932	3.241847e+01	3.412988e+02	1.965771e+02	1932	9.132540e-01	7.000000e-01	
1.966789e+02	1933	4.934738e+01	3.233088e+02	1.966789e+02	1933	8.675793e-01	7.000000e-01	
1.967806e+02	1934	4.434763e+01	2.844799e+02	1.967806e+02	1934	8.651341e-01	7.000000e-01	
1.968824e+02	1935	5.267247e+01	2.489057e+02	1.968824e+02	1935	8.253439e-01	7.000000e-01	
1.969841e+02	1936	4.283922e+01	3.100421e+02	1.969841e+02	1936	8.786016e-01	7.000000e-01	
1.970859e+02	1937	5.366305e+01	2.979065e+02	1.970859e+02	1937	8.473615e-01	7.000000e-01	
1.971876e+02	1938	5.157921e+01	3.000857e+02	1.971876e+02	1938	8.533285e-01	7.000000e-01	
1.972894e+02	1939	7.056141e+01	2.332017e+02	1.972894e+02	1939	7.677091e-01	7.000000e-01	
1.973911e+02	1940	5.212955e+01	2.407908e+02	1.973911e+02	1940	8.220351e-01	7.000000e-01	
1.974929e+02	1941	5.250404e+01	2.565489e+02	1.974929e+02	1941	8.301131e-01	7.000000e-01	
1.975946e+02	1942	7.032986e+01	2.341917e+02	1.975946e+02	1942	7.690480e-01	7.000000e-01	
1.976964e+02	1943	7.547364e+01	2.046379e+02	1.976964e+02	1943	7.305586e-01	7.000000e-01	
1.977981e+02	1944	5.532811e+01	2.320277e+02	1.977981e+02	1944	8.074578e-01	7.000000e-01	
1.978999e+02	1945	6.785486e+01	1.901967e+02	1.978999e+02	1945	7.370492e-01	7.000000e-01	
1.980016e+02	1946	6.922645e+01	2.084540e+02	1.980016e+02	1946	7.506974e-01	7.000000e-01	
1.981034e+02	1947	6.830797e+01	2.222836e+02	1.981034e+02	1947	7.649348e-01	7.000000e-01	
1.982051e+02	1948	6.951653e+01	2.241943e+02	1.982051e+02	1948	7.633164e-01	7.000000e-01	
1.983069e+02	1949	7.292367e+01	1.902898e+02	1.983069e+02	1949	7.229486e-01	7.000000e-01	
1.984086e+02	1950	6.697081e+01	2.396647e+02	1.984086e+02	1950	7.815947e-01	7.000000e-01	
1.985103e+02	1951	5.684097e+01	2.447977e+02	1.985103e+02	1951	8.115594e-01	7.000000e-01	
1.986121e+02	1952	6.818795e+01	2.189169e+02	1.986121e+02	1952	7.624981e-01	7.000000e-01	
1.987138e+02	1953	5.633165e+01	2.783614e+02	1.987138e+02	1953	8.316916e-01	7.000000e-01	
1.988156e+02	1954	7.537510e+01	2.703185e+02	1.988156e+02	1954	7.819598e-01	7.000000e-01	
1.989173e+02	1955	5.739259e+01	2.203718e+02	1.989173e+02	1955	7.933767e-01	7.000000e-01	
1.990191e+02	1956	5.147812e+01	2.201357e+02	1.990191e+02	1956	8.104731e-01	7.000000e-01	
1.991208e+02	1957	7.305446e+01	2.790307e+02	1.991208e+02	1957	7.925091e-01	7.000000e-01	
1.992226e+02	1958	6.149552e+01	2.416626e+02	1.992226e+02	1958	7.971503e-01	7.000000e-01	
1.993243e+02	1959	6.416945e+01	2.802782e+02	1.993243e+02	1959	8.137033e-01	7.000000e-01	
1.994261e+02	1960	7.870097e+01	3.000683e+02	1.994261e+02	1960	7.922192e-01	7.000000e-01	
1.995278e+02	1961	5.584330e+01	2.499827e+02	1.995278e+02	1961	8.174017e-01	7.000000e-01	
1.996296e+02	1962	5.274250e+01	2.304207e+02	1.996296e+02	1962	8.137382e-01	7.000000e-01	
1.997313e+02	1963	5.649962e+01	2.698576e+02	1.997313e+02	1963	8.268780e-01	7.000000e-01	
1.998331e+02	1964	5.137055e+01	2.288322e+02	1.998331e+02	1964	8.166665e-01	7.000000e-01	
1.999348e+02	1965	7.299936e+01	2.892569e+02	1.999348e+02	1965	7.984870e-01	7.000000e-01	
2.000366e+02	1966	3.541338e+01	2.163029e+02	2.000366e+02	1966	8.593123e-01	7.000000e-01	
2.001383e+02	1967	3.609447e+01	2.259348e+02	2.001383e+02	1967	8.622502e-01	7.000000e-01	
2.002401e+02	1968	3.022910e+01	2.359691e+02	2.002401e+02	1968	8.864414e-01	7.000000e-01	
2.003418e+02	1969	2.434505e+01	2.189445e+02	2.003418e+02	1969	8.999338e-01	7.000000e-01	
2.004436e+02	1970	4.554107e+01	2.322401e+02	2.004436e+02	1970	8.360542e-01	7.000000e-01	
2.005453e+02	1971	5.753312e+01	2.612401e+02	2.005453e+02	1971	8.195171e-01	7.000000e-01	
2.006471e+02	1972	5.818676e+01	2.519110e+02	2.006471e+02	1972	8.123599e-01	7.000000e-01	
2.007488e+02	1973	8.277126e+01	2.461281e+02	2.007488e+02	1973	7.483386e-01	7.000000e-01	
2.008506e+02	1974	6.675380e+01	2.375502e+02	2.008506e+02	1974	7.806345e-01	7.000000e-01	
2.009523e+02	1975	6.589239e+01	2.819276e+02	2.009523e+02	1975	8.105561e-01	7.000000e-01	
2.010540e+02	1976	6.495675e+01	2.127963e+02	2.010540e+02	1976	7.661349e-01	7.000000e-01	
2.011558e+02	1977	6.961464e+01	2.475166e+02	2.011558e+02	1977	7.804863e-01	7.000000e-01	
2.012575e+02	1978	6.016661e+01	4.083116e+02	2.012575e+02	1978	8.715701e-01	7.000000e-01	
2.013593e+02	1979	6.125972e+01	2.736956e+02	2.013593e+02	1979	8.171108e-01	7.000000e-01	
2.014610e+02	1980	6.544158e+01	2.444086e+02	2.014610e+02	1980	7.887961e-01	7.000000e-01	
2.015628e+02	1981	6.188269e+01	2.342981e+02	2.015628e+02	1981	7.910645e-01	7.000000e-01	
2.016645e+02	1982	7.709664e+01	2.928005e+02	2.016645e+02	1982	7.915728e-01	7.000000e-01	
2.017663e+02	1983	5.855711e+01	2.494692e+02	2.017663e+02	1983	8.098958e-01	7.000000e-01	
2.018680e+02	1984	6.012571e+01	2.430613e+02	2.018680e+02	1984	8.016877e-01	7.000000e-01	
2.019698e+02	1985	7.449645e+01	2.515064e+02	2.019698e+02	1985	7.714853e-01	7.000000e-01	
2.020715e+02	1986	6.387631e+01	2.389611e+02	2.020715e+02	1986	7.890739e-01	7.000000e-01	
2.021733e+02	1987	4.960806e+01	2.393971e+02	2.021733e+02	1987	8.283489e-01	7.000000e-01	
2.022750e+02	1988	6.433945e+01	2.352571e+02	2.022750e+02	1988	7.852464e-01	7.000000e-01	
2.023768e+02	1989	6.657490e+01	2.501023e+02	2.023768e+02	1989	7.897705e-01	7.000000e-01	
2.024785e+02	1990	7.085436e+01	2.504618e+02	2.024785e+02	1990	7.794871e-01	7.000000e-01	
2.025803e+02	1991	5.690213e+01	2.397056e+02	2.025803e+02	1991	8.081570e-01	7.000000e-01	
2.026820e+02	1992	4.884820e+01	2.318514e+02	2.026820e+02	1992	8.259770e-01	7.000000e-01	
2.027838e+02	1993	6.395112e+01	2.385334e+02	2.027838e+02	1993	7.885805e-01	7.000000e-01	
2.028855e+02	1994	5.924858e+01	2.345595e+02	2.028855e+02	1994	7.983426e-01	7.000000e-01	
2.029873e+02	1995	5.102493e+01	2.354631e+02	2.029873e+02	1995	8.218951e-01	7.000000e-01	
2.030890e+02	1996	4.824079e+01	3.000547e+02	2.030890e+02	1996	8.614946e-01	7.000000e-01	
2.031908e+02	1997	5.074171e+01	2.576100e+02	2.031908e+02	1997	8.354421e-01	7.000000e-01	
2.032925e+02	1998	6.540749e+01	2.191220e+02	2.032925e+02	1998	7.701205e-01	7.000000e-01	
2.033943e+02	1999	5.739490e+01	2.608873e+02	2.033943e+02	1999	8.196729e-01	7.000000e-01	
2.034960e+02	2000	4.916904e+01	2.280878e+02	2.034960e+02	2000	8.226589e-01	7.000000e-01	
2.035977e+02	2001	6.443540e+01	2.202953e+02	2.035977e+02	2001	7.736970e-01	7.000000e-01	
2.036995e+02	2002	6.029560e+01	2.787443e+02	2.036995e+02	2002	8.221578e-01	7.000000e-01	
2.038012e+02	2003	6.687569e+01	2.857786e+02	2.038012e+02	2003	8.103647e-01	7.000000e-01	
2.039030e+02	2004	5.884136e+01	2.705708e+02	2.039030e+02	2004	8.213747e-01	7.000000e-01	
2.040047e+02	2005	5.753023e+01	2.835088e+02	2.040047e+02	2005	8.313090e-01	7.000000e-01	
2.041065e+02	2006	6.079183e+01	2.660178e+02	2.041065e+02	2006	8.139840e-01	7.000000e-01	
2.042082e+02	2007	4.946469e+01	2.650007e+02	2.042082e+02	2007	8.427023e-01	7.000000e-01	
2.043100e+02	2008	5.904084e+01	2.540254e+02	2.043100e+02	2008	8.114110e-01	7.000000e-01	
2.044117e+02	2009	5.164476e+01	2.554072e+02	2.044117e+02	2009	8.318045e-01	7.000000e-01	
2.045135e+02	2010	7.129336e+01	3.029619e+02	2.045135e+02	2010	8.095061e-01	7.000000e-01	
2.046152e+02	2011	5.175958e+01	2.634904e+02	2.046152e+02	2011	8.358142e-01	7.000000e-01	
2.047170e+02	2012	3.699196e+01	2.526900e+02	2.047170e+02	2012	8.723015e-01	7.000000e-01	
2.048187e+02	2013	3.982438e+01	2.419318e+02	2.048187e+02	2013	8.586566e-01	7.000000e-01	
2.049205e+02	2014	3.294095e+01	2.490622e+02	2.049205e+02	2014	8.831894e-01	7.000000e-01	
2.050222e+02	2015	5.706490e+01	2.655032e+02	2.050222e+02	2015	8.230919e-01	7.000000e-01	
2.051240e+02	2016	7.441821e+01	2.327544e+02	2.051240e+02	2016	7.577316e-01	7.000000e-01	
2.052257e+02	2017	7.481853e+01	2.571719e+02	2.052257e+02	2017	7.746365e-01	7.000000e-01	
2.053275e+02	2018	7.418790e+01	2.326150e+02	2.053275e+02	2018	7.581904e-01	7.000000e-01	
2.054292e+02	2019	7.148846e+01	2.533254e+02	2.054292e+02	2019	7.799095e-01	7.000000e-01	
2.055310e+02	2020	7.202594e+01	2.461684e+02	2.055310e+02	2020	7.736417e-01	7.000000e-01	
2.056327e+02	2021	7.439560e+01	2.626313e+02	2.056327e+02	2021	7.792592e-01	7.000000e-01	
2.057345e+02	2022	7.280261e+01	2.248817e+02	2.057345e+02	2022	7.554369e-01	7.000000e-01	
2.058362e+02	2023	7.080318e+01	2.502801e+02	2.058362e+02	2023	7.794866e-01	7.000000e-01	
2.059380e+02	2024	7.304759e+01	2.206360e+02	2.059380e+02	2024	7.512711e-01	7.000000e-01	
2.060397e+02	2025	7.354550e+01	2.175758e+02	2.060397e+02	2025	7.473716e-01	7.000000e-01	
2.061414e+02	2026	5.239367e+01	2.556472e+02	2.061414e+02	2026	8.299133e-01	7.000000e-01	
2.062432e+02	2027	5.633788e+01	2.624681e+02	2.062432e+02	2027	8.232847e-01	7.000000e-01	
2.063449e+02	2028	4.755937e+01	2.459073e+02	2.063449e+02	2028	8.379394e-01	7.000000e-01	
2.064467e+02	2029	6.436300e+01	2.823463e+02	2.064467e+02	2029	8.143603e-01	7.000000e-01	
2.065484e+02	2030	3.653582e+01	2.266786e+02	2.065484e+02	2030	8.611937e-01	7.000000e-01	
2.066502e+02	2031	5.367360e+01	2.589723e+02	2.066502e+02	2031	8.283246e-01	7.000000e-01	
2.067519e+02	2032	4.073781e+01	2.601381e+02	2.067519e+02	2032	8.646026e-01	7.000000e-01	
2.068537e+02	2033	4.756378e+01	2.603943e+02	2.068537e+02	2033	8.455511e-01	7.000000e-01	
2.069554e+02	2034	3.860279e+01	2.187431e+02	2.069554e+02	2034	8.499965e-01	7.000000e-01	
2.070572e+02	2035	7.359056e+01	3.395382e+02	2.070572e+02	2035	8.218702e-01	7.000000e-01	
2.071589e+02	2036	5.750606e+01	2.841640e+02	2.071589e+02	2036	8.316913e-01	7.000000e-01	
2.072607e+02	2037	6.770772e+01	3.035355e+02	2.072607e+02	2037	8.176190e-01	7.000000e-01	
2.073624e+02	2038	1.157923e+02	3.605926e+02	2.073624e+02	2038	7.569354e-01	7.000000e-01	
2.074642e+02	2039	7.831360e+01	3.342009e+02	2.074642e+02	2039	8.101555e-01	7.000000e-01	
2.075659e+02	2040	6.313823e+01	2.467192e+02	2.075659e+02	2040	7.962346e-01	7.000000e-01	
2.076677e+02	2041	7.061822e+01	2.377907e+02	2.076677e+02	2041	7.710241e-01	7.000000e-01	
2.077694e+02	2042	4.919396e+01	2.483704e+02	2.077694e+02	2042	8.346779e-01	7.000000e-01	
2.078712e+02	2043	5.059572e+01	2.819472e+02	2.078712e+02	2043	8.478521e-01	7.000000e-01	
2.079729e+02	2044	5.433322e+01	2.085792e+02	2.079729e+02	2044	7.933410e-01	7.000000e-01	
2.080747e+02	2045	7.873642e+01	2.709468e+02	2.080747e+02	2045	7.748350e-01	7.000000e-01	
2.081764e+02	2046	4.039994e+01	2.294455e+02	2.081764e+02	2046	8.502849e-01	7.000000e-01	
2.082782e+02	2047	5.658618e+01	2.158572e+02	2.082782e+02	2047	7.923011e-01	7.000000e-01	
2.083799e+02	2048	6.500324e+01	2.411155e+02	2.083799e+02	2048	7.876535e-01	7.000000e-01	
2.084817e+02	2049	3.832335e+01	2.314834e+02	2.084817e+02	2049	8.579600e-01	7.000000e-01	
2.085834e+02	2050	6.143738e+01	2.273942e+02	2.085834e+02	2050	7.872899e-01	7.000000e-01	
2.086851e+02	2051	6.111171e+01	2.298630e+02	2.086851e+02	2051	7.899759e-01	7.000000e-01	
2.087869e+02	2052	5.633470e+01	2.328056e+02	2.087869e+02	2052	8.051648e-01	7.000000e-01	
2.088886e+02	2053	5.519830e+01	2.123807e+02	2.088886e+02	2053	7.937121e-01	7.000000e-01	
2.089904e+02	2054	5.918365e+01	2.250595e+02	2.089904e+02	2054	7.917851e-01	7.000000e-01	
2.090921e+02	2055	6.396811e+01	2.331813e+02	2.090921e+02	2055	7.847275e-01	7.000000e-01	
2.091939e+02	2056	5.461538e+01	2.169904e+02	2.091939e+02	2056	7.989167e-01	7.000000e-01	
2.092956e+02	2057	5.241360e+01	2.276292e+02	2.092956e+02	2057	8.128372e-01	7.000000e-01	
2.093974e+02	2058	6.368772e+01	2.244244e+02	2.093974e+02	2058	7.789481e-01	7.000000e-01	
2.094991e+02	2059	6.456503e+01	2.603553e+02	2.094991e+02	2059	8.012897e-01	7.000000e-01	
2.096009e+02	2060	4.943513e+01	2.392813e+02	2.096009e+02	2060	8.287762e-01	7.000000e-01	
2.097026e+02	2061	3.233438e+01	2.612218e+02	2.097026e+02	2061	8.898528e-01	7.000000e-01	
2.098044e+02	2062	6.675616e+01	2.715658e+02	2.098044e+02	2062	8.026845e-01	7.000000e-01	
2.099061e+02	2063	7.187318e+01	2.679286e+02	2.099061e+02	2063	7.884850e-01	7.000000e-01	
2.100079e+02	2064	4.674807e+01	2.898099e+02	2.100079e+02	2064	8.610995e-01	7.000000e-01	
2.101096e+02	2065	7.772183e+01	2.832362e+02	2.101096e+02	2065	7.846790e-01	7.000000e-01	
2.102114e+02	2066	6.952629e+01	2.761928e+02	2.102114e+02	2066	7.988937e-01	7.000000e-01	
2.103131e+02	2067	8.041064e+01	2.934023e+02	2.103131e+02	2067	7.848907e-01	7.000000e-01	
2.104149e+02	2068	6.327437e+01	2.670404e+02	2.104149e+02	2068	8.084422e-01	7.000000e-01	
2.105166e+02	2069	6.318311e+01	2.823775e+02	2.105166e+02	2069	8.171577e-01	7.000000e-01	
2.106184e+02	2070	6.524474e+01	2.453048e+02	2.106184e+02	2070	7.899055e-01	7.000000e-01	
2.107201e+02	2071	7.677032e+01	2.796249e+02	2.107201e+02	2071	7.845922e-01	7.000000e-01	
2.108219e+02	2072	7.754809e+01	2.418425e+02	2.108219e+02	2072	7.571998e-01	7.000000e-01	
2.109236e+02	2073	7.358786e+01	2.725063e+02	2.109236e+02	2073	7.873762e-01	7.000000e-01	
2.110254e+02	2074	5.101893e+01	2.736295e+02	2.110254e+02	2074	8.428487e-01	7.000000e-01	
2.111271e+02	2075	8.218391e+01	3.073535e+02	2.111271e+02	2075	7.890218e-01	7.000000e-01	
2.112288e+02	2076	5.132373e+01	2.826864e+02	2.112288e+02	2076	8.463408e-01	7.000000e-01	
2.113306e+02	2077	5.098736e+01	2.768239e+02	2.113306e+02	2077	8.444612e-01	7.000000e-01	
2.114323e+02	2078	5.370669e+01	2.686655e+02	2.114323e+02	2078	8.334016e-01	7.000000e-01	
2.115341e+02	2079	6.771489e+01	3.063038e+02	2.115341e+02	2079	8.189532e-01	7.000000e-01	
2.116358e+02	2080	6.178119e+01	3.041104e+02	2.116358e+02	2080	8.311489e-01	7.000000e-01	
2.117376e+02	2081	4.964642e+01	2.476551e+02	2.117376e+02	2081	8.330099e-01	7.000000e-01	
2.118393e+02	2082	5.194988e+01	2.660910e+02	2.118393e+02	2082	8.366566e-01	7.000000e-01	
2.119411e+02	2083	3.904990e+01	2.424971e+02	2.119411e+02	2083	8.613024e-01	7.000000e-01	
2.120428e+02	2084	3.863574e+01	2.540632e+02	2.120428e+02	2084	8.680018e-01	7.000000e-01	
2.121446e+02	2085	5.388078e+01	2.290286e+02	2.121446e+02	2085	8.095476e-01	7.000000e-01	
2.122463e+02	2086	5.346594e+01	2.487459e+02	2.122463e+02	2086	8.230846e-01	7.000000e-01	
2.123481e+02	2087	4.826492e+01	2.524693e+02	2.123481e+02	2087	8.395097e-01	7.000000e-01	
2.124498e+02	2088	4.528287e+01	2.359074e+02	2.124498e+02	2088	8.389600e-01	7.000000e-01	
2.125516e+02	2089	4.920975e+01	2.726343e+02	2.125516e+02	2089	8.471006e-01	7.000000e-01	
2.126533e+02	2090	1.017453e+02	2.446698e+02	2.126533e+02	2090	7.062908e-01	7.000000e-01	
2.127551e+02	2091	4.835775e+01	2.363498e+02	2.127551e+02	2091	8.301494e-01	7.000000e-01	
2.128568e+02	2092	4.888817e+01	2.450036e+02	2.128568e+02	2092	8.336525e-01	7.000000e-01	
2.129586e+02	2093	5.276689e+01	2.556229e+02	2.129586e+02	2093	8.288955e-01	7.000000e-01	
2.130603e+02	2094	5.884066e+01	2.541992e+02	2.130603e+02	2094	8.120346e-01	7.000000e-01	
2.131621e+02	2095	6.005145e+01	2.668257e+02	2.131621e+02	2095	8.162874e-01	7.000000e-01	
2.132638e+02	2096	6.257739e+01	2.389339e+02	2.132638e+02	2096	7.924542e-01	7.000000e-01	
2.133656e+02	2097	5.050746e+01	2.548325e+02	2.133656e+02	2097	8.345861e-01	7.000000e-01	
2.134673e+02	2098	5.367022e+01	2.821242e+02	2.134673e+02	2098	8.401694e-01	7.000000e-01	
2.135691e+02	2099	5.864125e+01	2.439529e+02	2.135691e+02	2099	8.062049e-01	7.000000e-01	
2.136708e+02	2100	6.308438e+01	2.467917e+02	2.136708e+02	2100	7.964206e-01	7.000000e-01	
2.137725e+02	2101	8.529938e+01	3.307968e+02	2.137725e+02	2101	7.950008e-01	7.000000e-01	
2.138743e+02	2102	6.593563e+01	3.235339e+02	2.138743e+02	2102	8.307040e-01	7.000000e-01	
2.139760e+02	2103	8.215910e+01	2.738781e+02	2.139760e+02	2103	7.692401e-01	7.000000e-01	
2.140778e+02	2104	5.974256e+01	3.057023e+02	2.140778e+02	2104	8.365210e-01	7.000000e-01	
2.141795e+02	2105	6.537968e+01	3.435154e+02	2.141795e+02	2105	8.401065e-01	7.000000e-01	
2.142813e+02	2106	6.579644e+01	2.409898e+02	2.142813e+02	2106	7.855300e-01	7.000000e-01	
2.143830e+02	2107	6.707778e+01	2.572668e+02	2.143830e+02	2107	7.931898e-01	7.000000e-01	
2.144848e+02	2108	6.533352e+01	2.612799e+02	2.144848e+02	2108	7.999668e-01	7.000000e-01	
2.145865e+02	2109	7.194728e+01	2.601330e+02	2.145865e+02	2109	7.833437e-01	7.000000e-01	
2.146883e+02	2110	7.413390e+01	2.740511e+02	2.146883e+02	2110	7.870847e-01	7.000000e-01	
2.147900e+02	2111	8.564399e+01	2.479219e+02	2.147900e+02	2111	7.432472e-01	7.000000e-01	
2.148918e+02	2112	6.393522e+01	2.298344e+02	2.148918e+02	2112	7.823627e-01	7.000000e-01	
2.149935e+02	2113	7.144961e+01	2.446275e+02	2.149935e+02	2113	7.739488e-01	7.000000e-01	
2.150953e+02	2114	7.095002e+01	2.684851e+02	2.150953e+02	2114	7.909762e-01	7.000000e-01	
2.151970e+02	2115	9.107057e+01	2.419761e+02	2.151970e+02	2115	7.265531e-01	7.000000e-01	
2.152988e+02	2116	8.586910e+01	2.369281e+02	2.152988e+02	2116	7.339844e-01	7.000000e-01	
2.154005e+02	2117	6.779088e+01	2.462334e+02	2.154005e+02	2117	7.841222e-01	7.000000e-01	
2.155023e+02	2118	8.253020e+01	2.487940e+02	2.155023e+02	2118	7.509080e-01	7.000000e-01	
2.156040e+02	2119	1.002437e+02	2.592591e+02	2.156040e+02	2119	7.211602e-01	7.000000e-01	
2.157058e+02	2120	9.455287e+01	2.094119e+02	2.157058e+02	2120	6.889348e-01	7.000000e-01	
2.158075e+02	2121	6.535591e+01	2.384851e+02	2.158075e+02	2121	7.849010e-01	7.000000e-01	
2.159093e+02	2122	8.465760e+01	2.333613e+02	2.159093e+02	2122	7.337970e-01	7.000000e-01	
2.160110e+02	2123	6.920408e+01	2.601015e+02	2.160110e+02	2123	7.898484e-01	7.000000e-01	
2.161128e+02	2124	7.346563e+01	2.428476e+02	2.161128e+02	2124	7.677440e-01	7.000000e-01	
2.162145e+02	2125	8.318914e+01	2.391432e+02	2.162145e+02	2125	7.419150e-01	7.000000e-01	
2.163162e+02	2126	6.874760e+01	2.585604e+02	2.163162e+02	2126	7.899605e-01	7.000000e-01	
2.164180e+02	2127	6.761542e+01	2.485743e+02	2.164180e+02	2127	7.861555e-01	7.000000e-01	
2.165197e+02	2128	7.345822e+01	2.629497e+02	2.165197e+02	2128	7.816394e-01	7.000000e-01	
2.166215e+02	2129	8.119767e+01	3.446650e+02	2.166215e+02	2129	8.093337e-01	7.000000e-01	
2.167232e+02	2130	5.785276e+01	2.855724e+02	2.167232e+02	2130	8.315419e-01	7.000000e-01	
2.168250e+02	2131	7.090158e+01	3.292246e+02	2.168250e+02	2131	8.228019e-01	7.000000e-01	
2.169267e+02	2132	5.716204e+01	2.739786e+02	2.169267e+02	2132	8.273784e-01	7.000000e-01	
2.170285e+02	2133	5.614483e+01	2.596146e+02	2.170285e+02	2133	8.221911e-01	7.000000e-01	
2.171302e+02	2134	1.054510e+02	4.149984e+02	2.171302e+02	2134	7.973847e-01	7.000000e-01	
2.172320e+02	2135	5.595492e+01	2.626464e+02	2.172320e+02	2135	8.243732e-01	7.000000e-01	
2.173337e+02	2136	6.643900e+01	2.984078e+02	2.173337e+02	2136	8.178989e-01	7.000000e-01	
2.174355e+02	2137	5.311249e+01	2.759519e+02	2.174355e+02	2137	8.385954e-01	7.000000e-01	
2.175372e+02	2138	2.999822e+01	2.658155e+02	2.175372e+02	2138	8.985908e-01	7.000000e-01	
2.176390e+02	2139	4.308300e+01	2.225000e+02	2.176390e+02	2139	8.377795e-01	7.000000e-01	
2.177407e+02	2140	4.407374e+01	3.315251e+02	2.177407e+02	2140	8.826574e-01	7.000000e-01	
2.178425e+02	2141	5.487007e+01	2.542857e+02	2.178425e+02	2141	8.225164e-01	7.000000e-01	
2.179442e+02	2142	5.546153e+01	2.605076e+02	2.179442e+02	2142	8.244717e-01	7.000000e-01	
2.180460e+02	2143	2.706724e+01	3.142613e+02	2.180460e+02	2143	9.207003e-01	7.000000e-01	
2.181477e+02	2144	5.413868e+01	3.348525e+02	2.181477e+02	2144	8.608229e-01	7.000000e-01	
2.182495e+02	2145	5.370356e+01	2.577719e+02	2.182495e+02	2145	8.275833e-01	7.000000e-01	
2.183512e+02	2146	4.448483e+01	3.229336e+02	2.183512e+02	2146	8.789260e-01	7.000000e-01	
2.184530e+02	2147	4.164045e+01	2.443002e+02	2.184530e+02	2147	8.543738e-01	7.000000e-01	
2.185547e+02	2148	3.286042e+01	2.517399e+02	2.185547e+02	2148	8.845384e-01	7.000000e-01	
2.186565e+02	2149	5.156204e+01	2.562278e+02	2.186565e+02	2149	8.324765e-01	7.000000e-01	
2.187582e+02	2150	5.061217e+01	2.505107e+02	2.187582e+02	2150	8.319219e-01	7.000000e-01	
2.188599e+02	2151	2.882898e+01	2.522045e+02	2.188599e+02	2151	8.974180e-01	7.000000e-01	
2.189617e+02	2152	5.778899e+01	2.104474e+02	2.189617e+02	2152	7.845595e-01	7.000000e-01	
2.190634e+02	2153	4.294731e+01	2.491427e+02	2.190634e+02	2153	8.529655e-01	7.000000e-01	
2.191652e+02	2154	6.520179e+01	2.476578e+02	2.191652e+02	2154	7.915941e-01	7.000000e-01	
2.192669e+02	2155	6.335317e+01	1.936806e+02	2.192669e+02	2155	7.535220e-01	7.000000e-01	
2.193687e+02	2156	4.508752e+01	2.473608e+02	2.193687e+02	2156	8.458274e-01	7.000000e-01	
2.194704e+02	2157	5.851354e+01	1.616808e+02	2.194704e+02	2157	7.342641e-01	7.000000e-01	
2.195722e+02	2158	5.977052e+01	1.928192e+02	2.195722e+02	2158	7.633692e-01	7.000000e-01	
2.196739e+02	2159	5.801438e+01	1.943151e+02	2.196739e+02	2159	7.700848e-01	7.000000e-01	
2.197757e+02	2160	6.300042e+01	2.199318e+02	2.197757e+02	2160	7.773303e-01	7.000000e-01	
2.198774e+02	2161	5.791521e+01	1.925619e+02	2.198774e+02	2161	7.687804e-01	7.000000e-01	
2.199792e+02	2162	6.713178e+01	2.019192e+02	2.199792e+02	2162	7.504868e-01	7.000000e-01	
2.200809e+02	2163	6.240074e+01	1.558940e+02	2.200809e+02	2163	7.141446e-01	7.000000e-01	
2.201827e+02	2164	5.607001e+01	1.794017e+02	2.201827e+02	2164	7.618822e-01	7.000000e-01	
2.202844e+02	2165	5.774553e+01	1.767703e+02	2.202844e+02	2165	7.537670e-01	7.000000e-01	
2.203862e+02	2166	4.567373e+01	1.793892e+02	2.203862e+02	2166	7.970624e-01	7.000000e-01	
2.204879e+02	2167	5.647252e+01	1.743929e+02	2.204879e+02	2167	7.553877e-01	7.000000e-01	
2.205897e+02	2168	5.893505e+01	2.203649e+02	2.205897e+02	2168	7.889901e-01	7.000000e-01	
2.206914e+02	2169	6.582478e+01	1.869028e+02	2.206914e+02	2169	7.395426e-01	7.000000e-01	
2.207932e+02	2170	6.244214e+01	2.299301e+02	2.207932e+02	2170	7.864293e-01	7.000000e-01	
2.208949e+02	2171	6.080640e+01	1.721221e+02	2.208949e+02	2171	7.389482e-01	7.000000e-01	
2.209967e+02	2172	5.788133e+01	2.539666e+02	2.209967e+02	2172	8.143925e-01	7.000000e-01	
2.210984e+02	2173	4.221995e+01	2.030113e+02	2.210984e+02	2173	8.278362e-01	7.000000e-01	
2.212002e+02	2174	5.281244e+01	2.541507e+02	2.212002e+02	2174	8.279519e-01	7.000000e-01	
2.213019e+02	2175	5.009148e+01	2.322731e+02	2.213019e+02	2175	8.226000e-01	7.000000e-01	
2.214036e+02	2176	5.806169e+01	2.185653e+02	2.214036e+02	2176	7.901084e-01	7.000000e-01	
2.215054e+02	2177	7.466711e+01	2.376891e+02	2.215054e+02	2177	7.609553e-01	7.000000e-01	
2.216071e+02	2178	5.594922e+01	2.582252e+02	2.216071e+02	2178	8.219167e-01	7.000000e-01	
2.217089e+02	2179	6.421542e+01	2.545486e+02	2.217089e+02	2179	7.985487e-01	7.000000e-01	
2.218106e+02	2180	6.711032e+01	2.631664e+02	2.218106e+02	2180	7.968058e-01	7.000000e-01	
2.219124e+02	2181	2.573628e+01	2.653584e+02	2.219124e+02	2181	9.115879e-01	7.000000e-01	
2.220141e+02	2182	6.642161e+01	2.656883e+02	2.220141e+02	2182	8.000011e-01	7.000000e-01	
2.221159e+02	2183	5.405698e+01	2.539739e+02	2.221159e+02	2183	8.245079e-01	7.000000e-01	
2.222176e+02	2184	6.220268e+01	2.453739e+02	2.222176e+02	2184	7.977652e-01	7.000000e-01	
2.223194e+02	2185	7.292008e+01	2.504889e+02	2.223194e+02	2185	7.745267e-01	7.000000e-01	
2.224211e+02	2186	5.706036e+01	2.388596e+02	2.224211e+02	2186	8.071764e-01	7.000000e-01	
2.225229e+02	2187	6.841738e+01	2.703067e+02	2.225229e+02	2187	7.980144e-01	7.000000e-01	
2.226246e+02	2188	5.804322e+01	2.445398e+02	2.226246e+02	2188	8.081742e-01	7.000000e-01	
2.227264e+02	2189	5.486066e+01	2.455331e+02	2.227264e+02	2189	8.173708e-01	7.000000e-01	
2.228281e+02	2190	4.903451e+01	2.207010e+02	2.228281e+02	2190	8.182126e-01	7.000000e-01	
2.229299e+02	2191	4.921503e+01	2.550408e+02	2.229299e+02	2191	8.382446e-01	7.000000e-01	
2.230316e+02	2192	6.723624e+01	2.369433e+02	2.230316e+02	2192	7.789587e-01	7.000000e-01	
2.231334e+02	2193	5.733916e+01	2.429907e+02	2.231334e+02	2193	8.090794e-01	7.000000e-01	
2.232351e+02	2194	1.149809e+01	2.548567e+02	2.232351e+02	2194	9.568317e-01	7.000000e-01	
2.233369e+02	2195	6.866092e+01	2.529655e+02	2.233369e+02	2195	7.865197e-01	7.000000e-01	
2.234386e+02	2196	7.581604e+01	2.370143e+02	2.234386e+02	2196	7.576449e-01	7.000000e-01	
2.235404e+02	2197	5.558927e+01	2.317566e+02	2.235404e+02	2197	8.065423e-01	7.000000e-01	
2.236421e+02	2198	4.388519e+01	2.420778e+02	2.236421e+02	2198	8.465354e-01	7.000000e-01	
2.237439e+02	2199	8.310409e+01	2.415852e+02	2.237439e+02	2199	7.440504e-01	7.000000e-01	
2.238456e+02	2200	4.705990e+01	2.616491e+02	2.238456e+02	2200	8.475590e-01	7.000000e-01	
2.239473e+02	2201	5.303464e+01	2.645644e+02	2.239473e+02	2201	8.330139e-01	7.000000e-01	
2.240491e+02	2202	7.449883e+01	2.285335e+02	2.240491e+02	2202	7.541555e-01	7.000000e-01	
2.241508e+02	2203	7.489679e+01	2.777383e+02	2.241508e+02	2203	7.876082e-01	7.000000e-01	
2.242526e+02	2204	7.314531e+01	2.486023e+02	2.242526e+02	2204	7.726625e-01	7.000000e-01	
2.243543e+02	2205	8.030971e+01	2.151978e+02	2.243543e+02	2205	7.282312e-01	7.000000e-01	
2.244561e+02	2206	7.869273e+01	2.554299e+02	2.244561e+02	2206	7.644795e-01	7.000000e-01	
2.245578e+02	2207	6.678110e+01	2.258571e+02	2.245578e+02	2207	7.717964e-01	7.000000e-01	
2.246596e+02	2208	5.051299e+01	2.290869e+02	2.246596e+02	2208	8.193383e-01	7.000000e-01	
2.247613e+02	2209	6.675266e+01	2.122104e+02	2.247613e+02	2209	7.607115e-01	7.000000e-01	
2.248631e+02	2210	7.207831e+01	2.274584e+02	2.248631e+02	2210	7.593674e-01	7.000000e-01	
2.249648e+02	2211	6.711924e+01	2.265280e+02	2.249648e+02	2211	7.714290e-01	7.000000e-01	
2.250666e+02	2212	5.076600e+01	2.413068e+02	2.250666e+02	2212	8.261872e-01	7.000000e-01	
2.251683e+02	2213	4.296565e+01	2.549726e+02	2.251683e+02	2213	8.557901e-01	7.000000e-01	
2.252701e+02	2214	4.421258e+01	2.472683e+02	2.252701e+02	2214	8.483174e-01	7.000000e-01	
2.253718e+02	2215	6.354894e+01	2.154888e+02	2.253718e+02	2215	7.722568e-01	7.000000e-01	
2.254736e+02	2216	4.756322e+01	2.489518e+02	2.254736e+02	2216	8.395925e-01	7.000000e-01	
2.255753e+02	2217	4.860897e+01	2.132288e+02	2.255753e+02	2217	8.143546e-01	7.000000e-01	
2.256771e+02	2218	4.938048e+01	2.310626e+02	2.256771e+02	2218	8.239198e-01	7.000000e-01	
2.257788e+02	2219	3.072240e+01	2.572867e+02	2.257788e+02	2219	8.933284e-01	7.000000e-01	
2.258806e+02	2220	5.301513e+01	2.131734e+02	2.258806e+02	2220	8.008362e-01	7.000000e-01	
2.259823e+02	2221	4.037855e+01	2.537846e+02	2.259823e+02	2221	8.627342e-01	7.000000e-01	
2.260841e+02	2222	4.972337e+01	2.137180e+02	2.260841e+02	2222	8.112545e-01	7.000000e-01	
2.261858e+02	2223	5.439347e+01	2.415961e+02	2.261858e+02	2223	8.162318e-01	7.000000e-01	
2.262876e+02	2224	5.944395e+01	1.732412e+02	2.262876e+02	2224	7.445305e-01	7.000000e-01	
2.263893e+02	2225	5.163023e+01	2.139982e+02	2.263893e+02	2225	8.056299e-01	7.000000e-01	
2.264910e+02	2226	5.182459e+01	1.413783e+02	2.264910e+02	2226	7.317608e-01	7.000000e-01	
2.265928e+02	2227	4.996178e+01	1.943490e+02	2.265928e+02	2227	7.954991e-01	7.000000e-01	
2.266945e+02	2228	4.274671e+01	2.691070e+02	2.266945e+02	2228	8.629270e-01	7.000000e-01	
2.267963e+02	2229	4.485939e+01	2.714651e+02	2.267963e+02	2229	8.581855e-01	7.000000e-01	
2.268980e+02	2230	4.068880e+01	2.831044e+02	2.268980e+02	2230	8.743371e-01	7.000000e-01	
2.269998e+02	2231	4.240705e+01	2.995467e+02	2.269998e+02	2231	8.759860e-01	7.000000e-01	
2.271015e+02	2232	2.938754e+01	2.912291e+02	2.271015e+02	2232	9.083406e-01	7.000000e-01	
2.272033e+02	2233	5.702458e+01	2.306728e+02	2.272033e+02	2233	8.017897e-01	7.000000e-01	
2.273050e+02	2234	5.417122e+01	2.286234e+02	2.273050e+02	2234	8.084432e-01	7.000000e-01	
2.274068e+02	2235	6.357152e+01	2.213237e+02	2.274068e+02	2235	7.768600e-01	7.000000e-01	
2.275085e+02	2236	5.487480e+01	2.167832e+02	2.275085e+02	2236	7.980004e-01	7.000000e-01	
2.276103e+02	2237	4.279058e+01	2.697713e+02	2.276103e+02	2237	8.630973e-01	7.000000e-01	
2.277120e+02	2238	5.269271e+01	2.660865e+02	2.277120e+02	2238	8.347047e-01	7.000000e-01	
2.278138e+02	2239	7.094126e+01	2.007106e+02	2.278138e+02	2239	7.388523e-01	7.000000e-01	
2.279155e+02	2240	7.289588e+01	1.977667e+02	2.279155e+02	2240	7.306762e-01	7.000000e-01	
2.280173e+02	2241	8.033882e+01	1.907241e+02	2.280173e+02	2241	7.036156e-01	7.000000e-01	
2.281190e+02	2242	6.123407e+01	2.140180e+02	2.281190e+02	2242	7.775346e-01	7.000000e-01	
2.282208e+02	2243	5.765645e+01	2.378333e+02	2.282208e+02	2243	8.048783e-01	7.000000e-01	
2.283225e+02	2244	5.714220e+01	2.324805e+02	2.283225e+02	2244	8.027012e-01	7.000000e-01	
2.284243e+02	2245	7.119886e+01	2.049765e+02	2.284243e+02	2245	7.421969e-01	7.000000e-01	
2.285260e+02	2246	7.086559e+01	2.486542e+02	2.285260e+02	2246	7.782122e-01	7.000000e-01	
2.286278e+02	2247	5.500502e+01	2.161702e+02	2.286278e+02	2247	7.971606e-01	7.000000e-01	
2.287295e+02	2248	5.407231e+01	2.222027e+02	2.287295e+02	2248	8.042809e-01	7.000000e-01	
2.288313e+02	2249	5.351700e+01	2.253621e+02	2.288313e+02	2249	8.080996e-01	7.000000e-01	
2.289330e+02	2250	4.879655e+01	2.230108e+02	2.289330e+02	2250	8.204738e-01	7.000000e-01	
2.290347e+02	2251	1.015978e+02	3.301268e+02	2.290347e+02	2251	7.646699e-01	7.000000e-01	
2.291365e+02	2252	7.543409e+01	2.605304e+02	2.291365e+02	2252	7.754701e-01	7.000000e-01	
2.292382e+02	2253	5.936472e+01	2.579080e+02	2.292382e+02	2253	8.128906e-01	7.000000e-01	
2.293400e+02	2254	7.266512e+01	2.844834e+02	2.293400e+02	2254	7.965409e-01	7.000000e-01	
2.294417e+02	2255	9.090318e+01	2.629713e+02	2.294417e+02	2255	7.431203e-01	7.000000e-01	
2.295435e+02	2256	8.808960e+01	2.865576e+02	2.295435e+02	2256	7.648732e-01	7.000000e-01	
2.296452e+02	2257	7.264289e+01	2.883591e+02	2.296452e+02	2257	7.987743e-01	7.000000e-01	
2.297470e+02	2258	1.124125e+02	2.576757e+02	2.297470e+02	2258	6.962548e-01	7.000000e-01	
2.298487e+02	2259	7.806576e+01	2.963257e+02	2.298487e+02	2259	7.914863e-01	7.000000e-01	
2.299505e+02	2260	8.232231e+01	2.492201e+02	2.299505e+02	2260	7.516990e-01	7.000000e-01	
2.300522e+02	2261	8.215004e+01	2.780907e+02	2.300522e+02	2261	7.719579e-01	7.000000e-01	
2.301540e+02	2262	6.728895e+01	2.517047e+02	2.301540e+02	2262	7.890587e-01	7.000000e-01	
2.302557e+02	2263	9.614730e+01	2.668802e+02	2.302557e+02	2263	7.351515e-01	7.000000e-01	
2.303575e+02	2264	7.009524e+01	2.309746e+02	2.303575e+02	2264	7.671795e-01	7.000000e-01	
2.304592e+02	2265	7.178106e+01	2.401278e+02	2.304592e+02	2265	7.698653e-01	7.000000e-01	
2.305610e+02	2266	7.105383e+01	2.506317e+02	2.305610e+02	2266	7.791202e-01	7.000000e-01	
2.306627e+02	2267	7.596592e+01	2.448205e+02	2.306627e+02	2267	7.631885e-01	7.000000e-01	
2.307645e+02	2268	6.866916e+01	2.108528e+02	2.307645e+02	2268	7.543336e-01	7.000000e-01	
2.308662e+02	2269	7.431111e+01	2.590165e+02	2.308662e+02	2269	7.770628e-01	7.000000e-01	
2.309680e+02	2270	6.824400e+01	2.258716e+02	2.309680e+02	2270	7.679688e-01	7.000000e-01	
2.310697e+02	2271	7.246840e+01	2.509653e+02	2.310697e+02	2271	7.759405e-01	7.000000e-01	
2.311715e+02	2272	6.286636e+01	2.356660e+02	2.311715e+02	2272	7.894153e-01	7.000000e-01	
2.312732e+02	2273	8.372601e+01	2.227762e+02	2.312732e+02	2273	7.268339e-01	7.000000e-01	
2.313750e+02	2274	7.334127e+01	2.398560e+02	2.313750e+02	2274	7.658304e-01	7.000000e-01	
2.314767e+02	2275	7.856423e+01	2.079398e+02	2.314767e+02	2275	7.257832e-01	7.000000e-01	
2.315784e+02	2276	8.004837e+01	2.234930e+02	2.315784e+02	2276	7.362851e-01	7.000000e-01	
2.316802e+02	2277	8.690554e+01	2.666225e+02	2.316802e+02	2277	7.541764e-01	7.000000e-01	
2.317819e+02	2278	7.564074e+01	2.161471e+02	2.317819e+02	2278	7.407680e-01	7.000000e-01	
2.318837e+02	2279	4.624399e+01	1.775955e+02	2.318837e+02	2279	7.934056e-01	7.000000e-01	
2.319854e+02	2280	6.084373e+01	2.310777e+02	2.319854e+02	2280	7.915750e-01	7.000000e-01	
2.320872e+02	2281	2.983855e+01	2.120279e+02	2.320872e+02	2281	8.766321e-01	7.000000e-01	
2.321889e+02	2282	3.911158e+01	2.967686e+02	2.321889e+02	2282	8.835550e-01	7.000000e-01	
2.322907e+02	2283	5.082487e+01	2.493236e+02	2.322907e+02	2283	8.306676e-01	7.000000e-01	
2.323924e+02	2284	5.404330e+01	2.655534e+02	2.323924e+02	2284	8.309016e-01	7.000000e-01	
2.324942e+02	2285	4.233144e+01	2.524529e+02	2.324942e+02	2285	8.563986e-01	7.000000e-01	
2.325959e+02	2286	5.781934e+01	2.732728e+02	2.325959e+02	2286	8.253678e-01	7.000000e-01	
2.326977e+02	2287	3.920511e+01	2.517250e+02	2.326977e+02	2287	8.652422e-01	7.000000e-01	
2.327994e+02	2288	7.662914e+01	2.795265e+02	2.327994e+02	2288	7.848437e-01	7.000000e-01	
2.329012e+02	2289	6.576090e+01	2.858518e+02	2.329012e+02	2289	8.129735e-01	7.000000e-01	
2.330029e+02	2290	6.087704e+01	3.158496e+02	2.330029e+02	2290	8.384053e-01	7.000000e-01	
2.331047e+02	2291	8.390532e+01	2.940230e+02	2.331047e+02	2291	7.779862e-01	7.000000e-01	
2.332064e+02	2292	5.968892e+01	2.713428e+02	2.332064e+02	2292	8.196882e-01	7.000000e-01	
2.333082e+02	2293	5.660029e+01	2.717295e+02	2.333082e+02	2293	8.276115e-01	7.000000e-01	
2.334099e+02	2294	6.623915e+01	3.398761e+02	2.334099e+02	2294	8.368957e-01	7.000000e-01	
2.335117e+02	2295	6.013730e+01	3.759864e+02	2.335117e+02	2295	8.621095e-01	7.000000e-01	
2.336134e+02	2296	6.252566e+01	3.421523e+02	2.336134e+02	2296	8.454928e-01	7.000000e-01	
2.337152e+02	2297	6.357851e+01	4.092529e+02	2.337152e+02	2297	8.655366e-01	7.000000e-01	
2.338169e+02	2298	5.936975e+01	3.766928e+02	2.338169e+02	2298	8.638504e-01	7.000000e-01	
2.339187e+02	2299	6.159790e+01	3.313180e+02	2.339187e+02	2299	8.432288e-01	7.000000e-01	
2.340204e+02	2300	6.550721e+01	2.474498e+02	2.340204e+02	2300	7.906830e-01	7.000000e-01	
2.341221e+02	2301	7.491685e+01	2.321980e+02	2.341221e+02	2301	7.560624e-01	7.000000e-01	
2.342239e+02	2302	6.792979e+01	2.374574e+02	2.342239e+02	2302	7.775618e-01	7.000000e-01	
2.343256e+02	2303	3.984814e+01	2.805423e+02	2.343256e+02	2303	8.756263e-01	7.000000e-01	
2.344274e+02	2304	4.932391e+01	2.884666e+02	2.344274e+02	2304	8.539808e-01	7.000000e-01	
2.345291e+02	2305	6.710670e+01	2.673187e+02	2.345291e+02	2305	7.993373e-01	7.000000e-01	
2.346309e+02	2306	5.363722e+01	2.917774e+02	2.346309e+02	2306	8.447164e-01	7.000000e-01	
2.347326e+02	2307	4.902247e+01	2.673469e+02	2.347326e+02	2307	8.450467e-01	7.000000e-01	
2.348344e+02	2308	3.645532e+01	2.547702e+02	2.348344e+02	2308	8.748210e-01	7.000000e-01	
2.349361e+02	2309	6.235582e+01	3.105001e+02	2.349361e+02	2309	8.327616e-01	7.000000e-01	
2.350379e+02	2310	6.896783e+01	3.125081e+02	2.350379e+02	2310	8.192079e-01	7.000000e-01	
2.351396e+02	2311	8.053664e+01	2.977001e+02	2.351396e+02	2311	7.870735e-01	7.000000e-01	
2.352414e+02	2312	6.688183e+01	3.055475e+02	2.352414e+02	2312	8.204174e-01	7.000000e-01	
2.353431e+02	2313	5.601840e+01	2.922534e+02	2.353431e+02	2313	8.391532e-01	7.000000e-01	
2.354449e+02	2314	7.562542e+01	3.020684e+02	2.354449e+02	2314	7.997706e-01	7.000000e-01	
2.355466e+02	2315	6.062537e+01	3.172584e+02	2.355466e+02	2315	8.395661e-01	7.000000e-01	
2.356484e+02	2316	7.525954e+01	2.759996e+02	2.356484e+02	2316	7.857435e-01	7.000000e-01	
2.357501e+02	2317	1.013863e+02	2.932155e+02	2.357501e+02	2317	7.430668e-01	7.000000e-01	
2.358519e+02	2318	8.496579e+01	2.902574e+02	2.358519e+02	2318	7.735593e-01	7.000000e-01	
2.359536e+02	2319	5.303668e+01	3.320376e+02	2.359536e+02	2319	8.622690e-01	7.000000e-01	
2.360554e+02	2320	7.755737e+01	2.958967e+02	2.360554e+02	2320	7.923242e-01	7.000000e-01	
2.361571e+02	2321	4.722724e+01	3.429381e+02	2.361571e+02	2321	8.789558e-01	7.000000e-01	
2.362589e+02	2322	4.019360e+01	3.333951e+02	2.362589e+02	2322	8.924122e-01	7.000000e-01	
2.363606e+02	2323	5.563506e+01	3.428981e+02	2.363606e+02	2323	8.604004e-01	7.000000e-01	
2.364624e+02	2324	6.121567e+01	3.155223e+02	2.364624e+02	2324	8.375113e-01	7.000000e-01	
2.365641e+02	2325	5.972978e+01	3.129834e+02	2.365641e+02	2325	8.397433e-01	7.000000e-01	
2.366658e+02	2326	5.891961e+01	2.883851e+02	2.366658e+02	2326	8.303518e-01	7.000000e-01	
2.367676e+02	2327	5.751536e+01	3.232912e+02	2.367676e+02	2327	8.489644e-01	7.000000e-01	
2.368693e+02	2328	5.717482e+01	3.005104e+02	2.368693e+02	2328	8.401532e-01	7.000000e-01	
2.369711e+02	2329	7.132744e+01	2.940250e+02	2.369711e+02	2329	8.047709e-01	7.000000e-01	
2.370728e+02	2330	6.474929e+01	3.130658e+02	2.370728e+02	2330	8.286217e-01	7.000000e-01	
2.371746e+02	2331	5.505608e+01	3.036219e+02	2.371746e+02	2331	8.465028e-01	7.000000e-01	
2.372763e+02	2332	6.420602e+01	3.052793e+02	2.372763e+02	2332	8.262285e-01	7.000000e-01	
2.373781e+02	2333	7.720304e+01	3.300464e+02	2.373781e+02	2333	8.104281e-01	7.000000e-01	
2.374798e+02	2334	6.909593e+01	2.894404e+02	2.374798e+02	2334	8.072833e-01	7.000000e-01	
2.375816e+02	2335	6.482583e+01	3.136097e+02	2.375816e+02	2335	8.287005e-01	7.000000e-01	
2.376833e+02	2336	7.719727e+01	3.300107e+02	2.376833e+02	2336	8.104230e-01	7.000000e-01	
2.377851e+02	2337	6.860661e+01	2.848184e+02	2.377851e+02	2337	8.058807e-01	7.000000e-01	
2.378868e+02	2338	6.328961e+01	2.661231e+02	2.378868e+02	2338	8.078714e-01	7.000000e-01	
2.379886e+02	2339	6.751371e+01	2.837557e+02	2.379886e+02	2339	8.078008e-01	7.000000e-01	
2.380903e+02	2340	6.877572e+01	2.909456e+02	2.380903e+02	2340	8.088083e-01	7.000000e-01	
2.381921e+02	2341	6.266436e+01	2.865056e+02	2.381921e+02	2341	8.205334e-01	7.000000e-01	
2.382938e+02	2342	6.269299e+01	2.446331e+02	2.382938e+02	2342	7.960050e-01	7.000000e-01	
2.383956e+02	2343	5.705301e+01	2.463857e+02	2.383956e+02	2343	8.119785e-01	7.000000e-01	
2.384973e+02	2344	8.561038e+01	2.250463e+02	2.384973e+02	2344	7.244212e-01	7.000000e-01	
2.385991e+02	2345	5.375528e+01	2.454321e+02	2.385991e+02	2345	8.203291e-01	7.000000e-01	
2.387008e+02	2346	6.826428e+01	2.761875e+02	2.387008e+02	2346	8.018176e-01	7.000000e-01	
2.388026e+02	2347	4.638004e+01	2.507655e+02	2.388026e+02	2347	8.439147e-01	7.000000e-01	
2.389043e+02	2348	7.442659e+01	2.671842e+02	2.389043e+02	2348	7.821304e-01	7.000000e-01	
2.390061e+02	2349	4.877734e+01	2.453096e+02	2.390061e+02	2349	8.341397e-01	7.000000e-01	
2.391078e+02	2350	5.801432e+01	2.360230e+02	2.391078e+02	2350	8.026974e-01	7.000000e-01	
2.392095e+02	2351	4.288550e+01	2.585912e+02	2.392095e+02	2351	8.577485e-01	7.000000e-01	
2.393113e+02	2352	3.354023e+01	2.439004e+02	2.393113e+02	2352	8.791084e-01	7.000000e-01	
2.394130e+02	2353	5.508517e+01	2.577724e+02	2.394130e+02	2353	8.239289e-01	7.000000e-01	
2.395148e+02	2354	5.693150e+01	2.563678e+02	2.395148e+02	2354	8.182840e-01	7.000000e-01	
2.396165e+02	2355	6.556289e+01	2.686092e+02	2.396165e+02	2355	8.038050e-01	7.000000e-01	
2.397183e+02	2356	4.876568e+01	2.520413e+02	2.397183e+02	2356	8.378838e-01	7.000000e-01	
2.398200e+02	2357	8.197523e+01	3.162765e+02	2.398200e+02	2357	7.941623e-01	7.000000e-01	
2.399218e+02	2358	9.442017e+01	3.138018e+02	2.399218e+02	2358	7.687039e-01	7.000000e-01	
2.400235e+02	2359	7.121484e+01	3.104813e+02	2.400235e+02	2359	8.134253e-01	7.000000e-01	
2.401253e+02	2360	8.304660e+01	2.834871e+02	2.401253e+02	2360	7.734271e-01	7.000000e-01	
2.402270e+02	2361	5.987657e+01	2.702216e+02	2.402270e+02	2361	8.186098e-01	7.000000e-01	
2.403288e+02	2362	9.221903e+01	2.877520e+02	2.403288e+02	2362	7.572998e-01	7.000000e-01	
2.404305e+02	2363	8.239081e+01	3.137850e+02	2.404305e+02	2363	7.920347e-01	7.000000e-01	
2.405323e+02	2364	5.474024e+01	2.868880e+02	2.405323e+02	2364	8.397666e-01	7.000000e-01	
2.406340e+02	2365	3.993713e+01	2.748771e+02	2.406340e+02	2365	8.731406e-01	7.000000e-01	
2.407358e+02	2366	3.629727e+01	2.782668e+02	2.407358e+02	2366	8.846109e-01	7.000000e-01	
2.408375e+02	2367	4.210118e+01	2.798188e+02	2.408375e+02	2367	8.692185e-01	7.000000e-01	
2.409393e+02	2368	3.854663e+01	2.586178e+02	2.409393e+02	2368	8.702852e-01	7.000000e-01	
2.410410e+02	2369	3.632313e+01	2.809558e+02	2.410410e+02	2369	8.855167e-01	7.000000e-01	
2.411428e+02	2370	4.934359e+01	2.588108e+02	2.411428e+02	2370	8.398738e-01	7.000000e-01	
2.412445e+02	2371	4.768903e+01	2.805034e+02	2.412445e+02	2371	8.546919e-01	7.000000e-01	
2.413463e+02	2372	3.936429e+01	2.720253e+02	2.413463e+02	2372	8.735851e-01	7.000000e-01	
2.414480e+02	2373	3.796663e+01	2.615765e+02	2.414480e+02	2373	8.732515e-01	7.000000e-01	
2.415498e+02	2374	4.218824e+01	2.855586e+02	2.415498e+02	2374	8.712780e-01	7.000000e-01	
2.416515e+02	2375	5.661257e+01	2.761801e+02	2.416515e+02	2375	8.298864e-01	7.000000e-01	
2.417532e+02	2376	3.954899e+01	2.862871e+02	2.417532e+02	2376	8.786231e-01	7.000000e-01	
2.418550e+02	2377	5.530677e+01	2.764639e+02	2.418550e+02	2377	8.332982e-01	7.000000e-01	
2.419567e+02	2378	3.888843e+01	2.626031e+02	2.419567e+02	2378	8.710132e-01	7.000000e-01	
2.420585e+02	2379	4.151380e+01	2.838855e+02	2.420585e+02	2379	8.724220e-01	7.000000e-01	
2.421602e+02	2380	7.472069e+01	2.769304e+02	2.421602e+02	2380	7.875147e-01	7.000000e-01	
2.422620e+02	2381	7.631423e+01	2.781156e+02	2.422620e+02	2381	7.846845e-01	7.000000e-01	
2.423637e+02	2382	8.035076e+01	2.708330e+02	2.423637e+02	2382	7.712002e-01	7.000000e-01	
2.424655e+02	2383	6.257476e+01	3.288628e+02	2.424655e+02	2383	8.401411e-01	7.000000e-01	
2.425672e+02	2384	8.242853e+01	2.762830e+02	2.425672e+02	2384	7.702094e-01	7.000000e-01	
2.426690e+02	2385	7.286775e+01	2.924700e+02	2.426690e+02	2385	8.005469e-01	7.000000e-01	
2.427707e+02	2386	6.069417e+01	2.542903e+02	2.427707e+02	2386	8.073106e-01	7.000000e-01	
2.428725e+02	2387	7.262339e+01	2.886192e+02	2.428725e+02	2387	7.989623e-01	7.000000e-01	
2.429742e+02	2388	7.478188e+01	2.890918e+02	2.429742e+02	2388	7.944840e-01	7.000000e-01	
2.430760e+02	2389	6.906173e+01	2.169109e+02	2.430760e+02	2389	7.585023e-01	7.000000e-01	
2.431777e+02	2390	6.075211e+01	2.906258e+02	2.431777e+02	2390	8.271032e-01	7.000000e-01	
2.432795e+02	2391	6.644955e+01	2.276900e+02	2.432795e+02	2391	7.740884e-01	7.000000e-01	
2.433812e+02	2392	6.375479e+01	2.652392e+02	2.433812e+02	2392	8.062129e-01	7.000000e-01	
2.434830e+02	2393	6.575925e+01	2.289730e+02	2.434830e+02	2393	7.768848e-01	7.000000e-01	
2.435847e+02	2394	5.864980e+01	2.403780e+02	2.435847e+02	2394	8.038651e-01	7.000000e-01	
2.436865e+02	2395	6.312738e+01	2.067437e+02	2.436865e+02	2395	7.660832e-01	7.000000e-01	
2.437882e+02	2396	1.164371e+02	2.278566e+02	2.437882e+02	2396	6.618088e-01	7.000000e-01	
2.438900e+02	2397	7.133866e+01	2.431875e+02	2.438900e+02	2397	7.731869e-01	7.000000e-01	
2.439917e+02	2398	7.593055e+01	2.130398e+02	2.439917e+02	2398	7.372376e-01	7.000000e-01	
2.440935e+02	2399	7.523027e+01	2.193851e+02	2.440935e+02	2399	7.446492e-01	7.000000e-01	
2.441952e+02	2400	7.961502e+01	2.254888e+02	2.441952e+02	2400	7.390560e-01	7.000000e-01	
2.442969e+02	2401	6.297062e+01	2.109722e+02	2.442969e+02	2401	7.701322e-01	7.000000e-01	
2.443987e+02	2402	6.814683e+01	2.465616e+02	2.443987e+02	2402	7.834604e-01	7.000000e-01	
2.445004e+02	2403	7.106207e+01	2.393003e+02	2.445004e+02	2403	7.710352e-01	7.000000e-01	
2.446022e+02	2404	6.058704e+01	2.117562e+02	2.446022e+02	2404	7.775343e-01	7.000000e-01	
2.447039e+02	2405	5.704988e+01	2.737857e+02	2.447039e+02	2405	8.275582e-01	7.000000e-01	
2.448057e+02	2406	6.656087e+01	2.505958e+02	2.448057e+02	2406	7.901325e-01	7.000000e-01	
2.449074e+02	2407	5.961852e+01	2.630005e+02	2.449074e+02	2407	8.152046e-01	7.000000e-01	
2.450092e+02	2408	7.191673e+01	2.330002e+02	2.450092e+02	2408	7.641432e-01	7.000000e-01	
2.451109e+02	2409	7.384892e+01	2.350438e+02	2.451109e+02	2409	7.609237e-01	7.000000e-01	
2.452127e+02	2410	5.401725e+01	2.616614e+02	2.452127e+02	2410	8.288853e-01	7.000000e-01	
2.453144e+02	2411	5.938939e+01	2.517540e+02	2.453144e+02	2411	8.091253e-01	7.000000e-01	
2.454162e+02	2412	3.201281e+01	2.724109e+02	2.454162e+02	2412	8.948413e-01	7.000000e-01	
2.455179e+02	2413	7.145718e+01	2.430855e+02	2.455179e+02	2413	7.728220e-01	7.000000e-01	
2.456197e+02	2414	5.621799e+01	2.749476e+02	2.456197e+02	2414	8.302421e-01	7.000000e-01	
2.457214e+02	2415	6.242544e+01	2.727274e+02	2.457214e+02	2415	8.137404e-01	7.000000e-01	
2.458232e+02	2416	6.439448e+01	2.199246e+02	2.458232e+02	2416	7.735133e-01	7.000000e-01	
2.459249e+02	2417	5.680380e+01	2.411622e+02	2.459249e+02	2417	8.093615e-01	7.000000e-01	
2.460267e+02	2418	8.980488e+01	2.487151e+02	2.460267e+02	2418	7.347132e-01	7.000000e-01	
2.461284e+02	2419	9.845742e+01	2.446133e+02	2.461284e+02	2419	7.130113e-01	7.000000e-01	
2.462302e+02	2420	9.104710e+01	2.612312e+02	2.462302e+02	2420	7.415478e-01	7.000000e-01	
2.463319e+02	2421	1.299803e+02	2.448272e+02	2.463319e+02	2421	6.532078e-01	7.000000e-01	
2.464337e+02	2422	1.182197e+02	2.480831e+02	2.464337e+02	2422	6.772624e-01	7.000000e-01	
2.465354e+02	2423	8.941866e+01	2.522103e+02	2.465354e+02	2423	7.382580e-01	7.000000e-01	
2.466372e+02	2424	1.298567e+02	2.448186e+02	2.466372e+02	2424	6.534154e-01	7.000000e-01	
2.467389e+02	2425	9.983040e+01	2.493741e+02	2.467389e+02	2425	7.141205e-01	7.000000e-01	
2.468406e+02	2426	6.355031e+01	2.617522e+02	2.468406e+02	2426	8.046424e-01	7.000000e-01	
2.469424e+02	2427	7.300920e+01	2.513413e+02	2.469424e+02	2427	7.749065e-01	7.000000e-01	
2.470441e+02	2428	4.933629e+01	2.303699e+02	2.470441e+02	2428	8.236139e-01	7.000000e-01	
2.471459e+02	2429	7.226222e+01	2.449723e+02	2.471459e+02	2429	7.722120e-01	7.000000e-01	
2.472476e+02	2430	8.148545e+01	2.421909e+02	2.472476e+02	2430	7.482502e-01	7.000000e-01	
2.473494e+02	2431	7.396038e+01	2.523210e+02	2.473494e+02	2431	7.733233e-01	7.000000e-01	
2.474511e+02	2432	7.284438e+01	2.456306e+02	2.474511e+02	2432	7.712713e-01	7.000000e-01	
2.475529e+02	2433	7.962892e+01	2.437439e+02	2.475529e+02	2433	7.537551e-01	7.000000e-01	
2.476546e+02	2434	6.751956e+01	2.442641e+02	2.476546e+02	2434	7.834410e-01	7.000000e-01	
2.477564e+02	2435	7.873801e+01	2.566755e+02	2.477564e+02	2435	7.652509e-01	7.000000e-01	
2.478581e+02	2436	7.498608e+01	2.724339e+02	2.478581e+02	2436	7.841630e-01	7.000000e-01	
2.479599e+02	2437	7.333923e+01	2.480280e+02	2.479599e+02	2437	7.717900e-01	7.000000e-01	
2.480616e+02	2438	8.341018e+01	2.713691e+02	2.480616e+02	2438	7.648956e-01	7.000000e-01	
2.481634e+02	2439	5.795669e+01	2.607560e+02	2.481634e+02	2439	8.181538e-01	7.000000e-01	
2.482651e+02	2440	7.468066e+01	2.548693e+02	2.482651e+02	2440	7.733859e-01	7.000000e-01	
2.483669e+02	2441	4.965907e+01	2.430591e+02	2.483669e+02	2441	8.303519e-01	7.000000e-01	
2.484686e+02	2442	4.803786e+01	2.567186e+02	2.484686e+02	2442	8.423730e-01	7.000000e-01	
2.485704e+02	2443	6.320610e+01	2.624052e+02	2.485704e+02	2443	8.058848e-01	7.000000e-01	
2.486721e+02	2444	6.043810e+01	2.545970e+02	2.486721e+02	2444	8.081544e-01	7.000000e-01	
2.487739e+02	2445	5.247628e+01	2.815819e+02	2.487739e+02	2445	8.429128e-01	7.000000e-01	
2.488756e+02	2446	5.972996e+01	2.795951e+02	2.488756e+02	2446	8.239742e-01	7.000000e-01	
2.489774e+02	2447	5.363052e+01	2.541179e+02	2.489774e+02	2447	8.257326e-01	7.000000e-01	
2.490791e+02	2448	5.003500e+01	2.536371e+02	2.490791e+02	2448	8.352335e-01	7.000000e-01	
2.491809e+02	2449	5.028007e+01	2.579162e+02	2.491809e+02	2449	8.368570e-01	7.000000e-01	
2.492826e+02	2450	5.645847e+01	2.496810e+02	2.492826e+02	2450	8.155793e-01	7.000000e-01	
2.493843e+02	2451	5.452929e+01	2.471723e+02	2.493843e+02	2451	8.192608e-01	7.000000e-01	
2.494861e+02	2452	7.750403e+01	2.707544e+02	2.494861e+02	2452	7.774525e-01	7.000000e-01	
2.495878e+02	2453	8.043279e+01	3.107723e+02	2.495878e+02	2453	7.943974e-01	7.000000e-01	
2.496896e+02	2454	7.076469e+01	3.100019e+02	2.496896e+02	2454	8.141521e-01	7.000000e-01	
2.497913e+02	2455	6.159501e+01	2.914160e+02	2.497913e+02	2455	8.255153e-01	7.000000e-01	
2.498931e+02	2456	8.869533e+01	2.682290e+02	2.498931e+02	2456	7.515010e-01	7.000000e-01	
2.499948e+02	2457	8.488137e+01	2.981949e+02	2.499948e+02	2457	7.784217e-01	7.000000e-01	
2.500966e+02	2458	9.421084e+01	3.079281e+02	2.500966e+02	2458	7.657256e-01	7.000000e-01	
2.501983e+02	2459	7.910102e+01	2.909372e+02	2.501983e+02	2459	7.862355e-01	7.000000e-01	
2.503001e+02	2460	7.479935e+01	2.675441e+02	2.503001e+02	2460	7.815079e-01	7.000000e-01	
2.504018e+02	2461	8.968219e+01	3.274470e+02	2.504018e+02	2461	7.850014e-01	7.000000e-01	
2.505036e+02	2462	9.434354e+01	2.908327e+02	2.505036e+02	2462	7.550640e-01	7.000000e-01	
2.506053e+02	2463	6.820468e+01	2.902743e+02	2.506053e+02	2463	8.097387e-01	7.000000e-01	
2.507071e+02	2464	5.695447e+01	2.782630e+02	2.507071e+02	2464	8.300970e-01	7.000000e-01	
2.508088e+02	2465	6.433368e+01	2.864940e+02	2.508088e+02	2465	8.166231e-01	7.000000e-01	
2.509106e+02	2466	5.844238e+01	2.751138e+02	2.509106e+02	2466	8.247900e-01	7.000000e-01	
2.510123e+02	2467	4.701435e+01	3.082162e+02	2.510123e+02	2467	8.676512e-01	7.000000e-01	
2.511141e+02	2468	4.856675e+01	2.933380e+02	2.511141e+02	2468	8.579524e-01	7.000000e-01	
2.512158e+02	2469	6.840141e+01	2.722881e+02	2.512158e+02	2469	7.992265e-01	7.000000e-01	
2.513176e+02	2470	6.820824e+01	2.955732e+02	2.513176e+02	2470	8.125021e-01	7.000000e-01	
2.514193e+02	2471	6.218568e+01	2.885188e+02	2.514193e+02	2471	8.226835e-01	7.000000e-01	
2.515211e+02	2472	6.618502e+01	2.825736e+02	2.515211e+02	2472	8.102269e-01	7.000000e-01	
2.516228e+02	2473	4.177605e+01	2.927817e+02	2.516228e+02	2473	8.751305e-01	7.000000e-01	
2.517246e+02	2474	2.106978e+01	3.006744e+02	2.517246e+02	2474	9.345139e-01	7.000000e-01	
2.518263e+02	2475	2.135048e+01	2.760219e+02	2.518263e+02	2475	9.282029e-01	7.000000e-01	
2.519280e+02	2476	5.438788e+01	2.754687e+02	2.519280e+02	2476	8.351166e-01	7.000000e-01	
2.520298e+02	2477	6.348814e+01	2.808287e+02	2.520298e+02	2477	8.156113e-01	7.000000e-01	
2.521315e+02	2478	6.220932e+01	2.741074e+02	2.521315e+02	2478	8.150276e-01	7.000000e-01	
2.522333e+02	2479	4.053139e+01	2.935411e+02	2.522333e+02	2479	8.786749e-01	7.000000e-01	
2.523350e+02	2480	6.041396e+01	2.881422e+02	2.523350e+02	2480	8.266737e-01	7.000000e-01	
2.524368e+02	2481	6.859429e+01	2.948079e+02	2.524368e+02	2481	8.112441e-01	7.000000e-01	
2.525385e+02	2482	5.608838e+01	3.055878e+02	2.525385e+02	2482	8.449210e-01	7.000000e-01	
2.526403e+02	2483	8.294646e+01	3.011917e+02	2.526403e+02	2483	7.840713e-01	7.000000e-01	
2.527420e+02	2484	6.086896e+01	2.926162e+02	2.527420e+02	2484	8.278034e-01	7.000000e-01	
2.528438e+02	2485	6.143217e+01	2.970212e+02	2.528438e+02	2485	8.286188e-01	7.000000e-01	
2.529455e+02	2486	7.212196e+01	3.015897e+02	2.529455e+02	2486	8.070117e-01	7.000000e-01	
2.530473e+02	2487	5.441044e+01	2.833105e+02	2.530473e+02	2487	8.388894e-01	7.000000e-01	
2.531490e+02	2488	4.975965e+01	2.973749e+02	2.531490e+02	2488	8.566560e-01	7.000000e-01	
2.532508e+02	2489	6.946090e+01	2.915720e+02	2.532508e+02	2489	8.076051e-01	7.000000e-01	
2.533525e+02	2490	6.385580e+01	2.984576e+02	2.533525e+02	2490	8.237553e-01	7.000000e-01	
2.534543e+02	2491	4.873606e+01	2.793843e+02	2.534543e+02	2491	8.514690e-01	7.000000e-01	
2.535560e+02	2492	5.944081e+01	3.039275e+02	2.535560e+02	2492	8.364172e-01	7.000000e-01	
2.536578e+02	2493	5.222006e+01	3.183841e+02	2.536578e+02	2493	8.590948e-01	7.000000e-01	
2.537595e+02	2494	5.373470e+01	3.223004e+02	2.537595e+02	2494	8.571019e-01	7.000000e-01	
2.538613e+02	2495	4.748841e+01	2.930576e+02	2.538613e+02	2495	8.605521e-01	7.000000e-01	
2.539630e+02	2496	4.633564e+01	3.025004e+02	2.539630e+02	2496	8.671707e-01	7.000000e-01	
2.540648e+02	2497	4.930060e+01	3.028670e+02	2.540648e+02	2497	8.600081e-01	7.000000e-01	
2.541665e+02	2498	7.528298e+01	2.167030e+02	2.541665e+02	2498	7.421692e-01	7.000000e-01	
2.542683e+02	2499	6.644053e+01	2.936559e+02	2.542683e+02	2499	8.154924e-01	7.000000e-01	
2.543700e+02	2500	7.720498e+01	2.131747e+02	2.543700e+02	2500	7.341240e-01	7.000000e-01	
2.544717e+02	2501	7.784716e+01	2.321852e+02	2.544717e+02	2501	7.489063e-01	7.000000e-01	
2.545735e+02	2502	7.832503e+01	2.448359e+02	2.545735e+02	2502	7.576284e-01	7.000000e-01	
2.546752e+02	2503	8.182498e+01	2.291369e+02	2.546752e+02	2503	7.368649e-01	7.000000e-01	
2.547770e+02	2504	7.987983e+01	2.092590e+02	2.547770e+02	2504	7.237319e-01	7.000000e-01	
2.548787e+02	2505	8.353527e+01	2.253746e+02	2.548787e+02	2505	7.295804e-01	7.000000e-01	
2.549805e+02	2506	8.363998e+01	2.344170e+02	2.549805e+02	2506	7.370283e-01	7.000000e-01	
2.550822e+02	2507	7.857937e+01	2.154531e+02	2.550822e+02	2507	7.327527e-01	7.000000e-01	
2.551840e+02	2508	9.048793e+01	2.098682e+02	2.551840e+02	2508	6.987312e-01	7.000000e-01	
2.552857e+02	2509	9.272120e+01	1.855275e+02	2.552857e+02	2509	6.667686e-01	7.000000e-01	
2.553875e+02	2510	9.118308e+01	2.045409e+02	2.553875e+02	2510	6.916615e-01	7.000000e-01	
2.554892e+02	2511	1.006312e+02	2.091634e+02	2.554892e+02	2511	6.751680e-01	7.000000e-01	
2.555910e+02	2512	8.268369e+01	2.511355e+02	2.555910e+02	2512	7.523100e-01	7.000000e-01	
2.556927e+02	2513	8.045385e+01	2.196273e+02	2.556927e+02	2513	7.318930e-01	7.000000e-01	
2.557945e+02	2514	9.203361e+01	1.844234e+02	2.557945e+02	2514	6.670961e-01	7.000000e-01	
2.558962e+02	2515	7.005537e+01	2.814816e+02	2.558962e+02	2515	8.007169e-01	7.000000e-01	
2.559980e+02	2516	9.652988e+01	2.207173e+02	2.559980e+02	2516	6.957266e-01	7.000000e-01	
2.560997e+02	2517	7.359529e+01	3.335968e+02	2.560997e+02	2517	8.192615e-01	7.000000e-01	
2.562015e+02	2518	7.142716e+01	3.175447e+02	2.562015e+02	2518	8.163693e-01	7.000000e-01	
2.563032e+02	2519	5.651648e+01	3.245191e+02	2.563032e+02	2519	8.516766e-01	7.000000e-01	
2.564050e+02	2520	7.427348e+01	3.346378e+02	2.564050e+02	2520	8.183628e-01	7.000000e-01	
2.565067e+02	2521	7.977728e+01	3.473376e+02	2.565067e+02	2521	8.132182e-01	7.000000e-01	
2.566085e+02	2522	6.247294e+01	3.163798e+02	2.566085e+02	2522	8.350997e-01	7.000000e-01	
2.567102e+02	2523	7.915920e+01	3.168967e+02	2.567102e+02	2523	8.001312e-01	7.000000e-01	
2.568120e+02	2524	7.794005e+01	3.334456e+02	2.568120e+02	2524	8.105426e-01	7.000000e-01	
2.569137e+02	2525	6.806011e+01	2.873321e+02	2.569137e+02	2525	8.084930e-01	7.000000e-01	
2.570154e+02	2526	6.363535e+01	2.814701e+02	2.570154e+02	2526	8.156061e-01	7.000000e-01	
2.571172e+02	2527	7.077274e+01	3.286778e+02	2.571172e+02	2527	8.228248e-01	7.000000e-01	
2.572189e+02	2528	5.275871e+01	2.274636e+02	2.572189e+02	2528	8.117255e-01	7.000000e-01	
2.573207e+02	2529	5.648329e+01	1.876226e+02	2.573207e+02	2529	7.686115e-01	7.000000e-01	
2.574224e+02	2530	5.028468e+01	2.013683e+02	2.574224e+02	2530	8.001825e-01	7.000000e-01	
2.575242e+02	2531	6.147816e+01	2.249647e+02	2.575242e+02	2531	7.853737e-01	7.000000e-01	
2.576259e+02	2532	6.391985e+01	2.814096e+02	2.576259e+02	2532	8.149018e-01	7.000000e-01	
2.577277e+02	2533	6.284756e+01	2.298543e+02	2.577277e+02	2533	7.852847e-01	7.000000e-01	
2.578294e+02	2534	4.995794e+01	2.125091e+02	2.578294e+02	2534	8.096601e-01	7.000000e-01	
2.579312e+02	2535	7.203800e+01	2.690204e+02	2.579312e+02	2535	7.887810e-01	7.000000e-01	
2.580329e+02	2536	5.949280e+01	2.783960e+02	2.580329e+02	2536	8.239279e-01	7.000000e-01	
2.581347e+02	2537	5.833183e+01	2.583995e+02	2.581347e+02	2537	8.158318e-01	7.000000e-01	
2.582364e+02	2538	6.272237e+01	2.463139e+02	2.582364e+02	2538	7.970388e-01	7.000000e-01	
2.583382e+02	2539	7.123741e+01	2.788362e+02	2.583382e+02	2539	7.965073e-01	7.000000e-01	
2.584399e+02	2540	5.571877e+01	2.761694e+02	2.584399e+02	2540	8.321158e-01	7.000000e-01	
2.585417e+02	2541	6.848336e+01	2.751421e+02	2.585417e+02	2541	8.007035e-01	7.000000e-01	
2.586434e+02	2542	6.854241e+01	2.814593e+02	2.586434e+02	2542	8.041655e-01	7.000000e-01	
2.587452e+02	2543	5.942383e+01	2.706712e+02	2.587452e+02	2543	8.199796e-01	7.000000e-01	
2.588469e+02	2544	5.945099e+01	2.925883e+02	2.588469e+02	2544	8.311240e-01	7.000000e-01	
2.589487e+02	2545	5.181563e+01	2.822568e+02	2.589487e+02	2545	8.448970e-01	7.000000e-01	
2.590504e+02	2546	5.485469e+01	2.778930e+02	2.590504e+02	2546	8.351463e-01	7.000000e-01	
2.591522e+02	2547	6.232897e+01	2.732404e+02	2.591522e+02	2547	8.142591e-01	7.000000e-01	
2.592539e+02	2548	6.674301e+01	2.714569e+02	2.592539e+02	2548	8.026522e-01	7.000000e-01	
2.593557e+02	2549	6.678781e+01	2.606852e+02	2.593557e+02	2549	7.960509e-01	7.000000e-01	
2.594574e+02	2550	6.682836e+01	2.579217e+02	2.594574e+02	2550	7.942160e-01	7.000000e-01	
2.595591e+02	2551	6.573486e+01	3.411351e+02	2.595591e+02	2551	8.384377e-01	7.000000e-01	
2.596609e+02	2552	6.572410e+01	2.657883e+02	2.596609e+02	2552	8.017447e-01	7.000000e-01	
2.597626e+02	2553	4.368283e+01	2.792845e+02	2.597626e+02	2553	8.647454e-01	7.000000e-01	
2.598644e+02	2554	5.578768e+01	2.695888e+02	2.598644e+02	2554	8.285442e-01	7.000000e-01	
2.599661e+02	2555	5.672025e+01	2.883385e+02	2.599661e+02	2555	8.356215e-01	7.000000e-01	
2.600679e+02	2556	8.567065e+01	2.384469e+02	2.600679e+02	2556	7.356803e-01	7.000000e-01	
2.601696e+02	2557	6.672835e+01	2.583547e+02	2.601696e+02	2557	7.947345e-01	7.000000e-01	
2.602714e+02	2558	4.380063e+01	2.772300e+02	2.602714e+02	2558	8.635625e-01	7.000000e-01	
2.603731e+02	2559	5.195104e+01	2.787905e+02	2.603731e+02	2559	8.429256e-01	7.000000e-01	
2.604749e+02	2560	5.088105e+01	2.591285e+02	2.604749e+02	2560	8.358726e-01	7.000000e-01	
2.605766e+02	2561	5.625082e+01	2.841900e+02	2.605766e+02	2561	8.347706e-01	7.000000e-01	
2.606784e+02	2562	3.615082e+01	2.676923e+02	2.606784e+02	2562	8.810214e-01	7.000000e-01	
2.607801e+02	2563	5.009394e+01	2.661850e+02	2.607801e+02	2563	8.416147e-01	7.000000e-01	
2.608819e+02	2564	6.274156e+01	2.800871e+02	2.608819e+02	2564	8.169886e-01	7.000000e-01	
2.609836e+02	2565	4.916434e+01	2.797322e+02	2.609836e+02	2565	8.505173e-01	7.000000e-01	
2.610854e+02	2566	6.978793e+01	2.697201e+02	2.610854e+02	2566	7.944439e-01	7.000000e-01	
2.611871e+02	2567	6.150324e+01	2.961414e+02	2.611871e+02	2567	8.280325e-01	7.000000e-01	
2.612889e+02	2568	7.812997e+01	2.712990e+02	2.612889e+02	2568	7.764067e-01	7.000000e-01	
2.613906e+02	2569	7.525840e+01	2.595547e+02	2.613906e+02	2569	7.752227e-01	7.000000e-01	
2.614924e+02	2570	5.010795e+01	2.807815e+02	2.614924e+02	2570	8.485659e-01	7.000000e-01	
2.615941e+02	2571	5.451921e+01	2.652108e+02	2.615941e+02	2571	8.294836e-01	7.000000e-01	
2.616959e+02	2572	6.338973e+01	2.221775e+02	2.616959e+02	2572	7.780217e-01	7.000000e-01	
2.617976e+02	2573	8.346462e+01	2.761895e+02	2.617976e+02	2573	7.679309e-01	7.000000e-01	
2.618994e+02	2574	6.652210e+01	2.542172e+02	2.618994e+02	2574	7.925976e-01	7.000000e-01	
2.620011e+02	2575	5.918454e+01	2.172989e+02	2.620011e+02	2575	7.859382e-01	7.000000e-01	
2.621028e+02	2576	7.758678e+01	2.538594e+02	2.621028e+02	2576	7.659144e-01	7.000000e-01	
2.622046e+02	2577	3.525159e+01	2.594287e+02	2.622046e+02	2577	8.803734e-01	7.000000e-01	
2.623063e+02	2578	5.310526e+01	2.451849e+02	2.623063e+02	2578	8.219678e-01	7.000000e-01	
2.624081e+02	2579	4.012363e+01	2.660747e+02	2.624081e+02	2579	8.689620e-01	7.000000e-01	
2.625098e+02	2580	3.448594e+01	2.599065e+02	2.625098e+02	2580	8.828573e-01	7.000000e-01	
2.626116e+02	2581	9.806836e+01	2.477429e+02	2.626116e+02	2581	7.164107e-01	7.000000e-01	
2.627133e+02	2582	8.679364e+01	2.824627e+02	2.627133e+02	2582	7.649502e-01	7.000000e-01	
2.628151e+02	2583	1.016964e+02	2.675218e+02	2.628151e+02	2583	7.245629e-01	7.000000e-01	
2.629168e+02	2584	9.780270e+01	2.471777e+02	2.629168e+02	2584	7.164978e-01	7.000000e-01	
2.630186e+02	2585	6.276637e+01	3.021442e+02	2.630186e+02	2585	8.279952e-01	7.000000e-01	
2.631203e+02	2586	8.117585e+01	2.582932e+02	2.631203e+02	2586	7.608741e-01	7.000000e-01	
2.632221e+02	2587	5.665894e+01	3.014076e+02	2.632221e+02	2587	8.417642e-01	7.000000e-01	
2.633238e+02	2588	4.638705e+01	2.861425e+02	2.633238e+02	2588	8.605025e-01	7.000000e-01	
2.634256e+02	2589	8.392183e+01	2.785021e+02	2.634256e+02	2589	7.684429e-01	7.000000e-01	
2.635273e+02	2590	6.244687e+01	2.984444e+02	2.635273e+02	2590	8.269649e-01	7.000000e-01	
2.636291e+02	2591	6.646840e+01	3.407559e+02	2.636291e+02	2591	8.367769e-01	7.000000e-01	
2.637308e+02	2592	7.500727e+01	3.262302e+02	2.637308e+02	2592	8.130602e-01	7.000000e-01	
2.638326e+02	2593	5.377945e+01	2.835530e+02	2.638326e+02	2593	8.405743e-01	7.000000e-01	
2.639343e+02	2594	5.656112e+01	2.591084e+02	2.639343e+02	2594	8.208217e-01	7.000000e-01	
2.640361e+02	2595	5.488359e+01	2.860210e+02	2.640361e+02	2595	8.390060e-01	7.000000e-01	
2.641378e+02	2596	7.242029e+01	2.752706e+02	2.641378e+02	2596	7.917107e-01	7.000000e-01	
2.642396e+02	2597	5.386017e+01	2.960046e+02	2.642396e+02	2597	8.460543e-01	7.000000e-01	
2.643413e+02	2598	5.409128e+01	2.177930e+02	2.643413e+02	2598	8.010504e-01	7.000000e-01	
2.644431e+02	2599	5.340083e+01	2.457770e+02	2.644431e+02	2599	8.215081e-01	7.000000e-01	
2.645448e+02	2600	6.279370e+01	2.152792e+02	2.645448e+02	2600	7.741826e-01	7.000000e-01	
2.646465e+02	2601	6.080341e+01	2.257367e+02	2.646465e+02	2601	7.878014e-01	7.000000e-01	
2.647483e+02	2602	3.989134e+01	2.298974e+02	2.647483e+02	2602	8.521386e-01	7.000000e-01	
2.648500e+02	2603	5.671716e+01	2.432762e+02	2.648500e+02	2603	8.109386e-01	7.000000e-01	
2.649518e+02	2604	6.395523e+01	2.285506e+02	2.649518e+02	2604	7.813540e-01	7.000000e-01	
2.650535e+02	2605	7.231856e+01	1.877606e+02	2.650535e+02	2605	7.219364e-01	7.000000e-01	
2.651553e+02	2606	1.022774e+02	2.819309e+02	2.651553e+02	2606	7.337970e-01	7.000000e-01	
2.652570e+02	2607	6.596657e+01	2.751143e+02	2.652570e+02	2607	8.065955e-01	7.000000e-01	
2.653588e+02	2608	1.023112e+02	2.707208e+02	2.653588e+02	2608	7.257308e-01	7.000000e-01	
2.654605e+02	2609	8.414115e+01	3.167590e+02	2.654605e+02	2609	7.901194e-01	7.000000e-01	
2.655623e+02	2610	9.416802e+01	2.911785e+02	2.655623e+02	2610	7.556277e-01	7.000000e-01	
2.656640e+02	2611	1.338450e+02	2.141117e+02	2.656640e+02	2611	6.153401e-01	7.000000e-01	
2.657658e+02	2612	9.754630e+01	2.744291e+02	2.657658e+02	2612	7.377614e-01	7.000000e-01	
2.658675e+02	2613	1.029184e+02	2.819311e+02	2.658675e+02	2613	7.325749e-01	7.000000e-01	
2.659693e+02	2614	5.381205e+01	2.017049e+02	2.659693e+02	2614	7.893993e-01	7.000000e-01	
2.660710e+02	2615	7.312894e+01	2.457696e+02	2.660710e+02	2615	7.706827e-01	7.000000e-01	
2.661728e+02	2616	5.096289e+01	1.878723e+02	2.661728e+02	2616	7.866190e-01	7.000000e-01	
2.662745e+02	2617	4.546565e+01	1.977412e+02	2.662745e+02	2617	8.130577e-01	7.000000e-01	
2.663763e+02	2618	5.897953e+01	2.385419e+02	2.663763e+02	2618	8.017638e-01	7.000000e-01	
2.664780e+02	2619	6.315038e+01	2.229658e+02	2.664780e+02	2619	7.792841e-01	7.000000e-01	
2.665798e+02	2620	5.794912e+01	2.030592e+02	2.665798e+02	2620	7.779798e-01	7.000000e-01	
2.666815e+02	2621	6.397796e+01	1.887821e+02	2.666815e+02	2621	7.468826e-01	7.000000e-01	
2.667833e+02	2622	5.817825e+01	2.078852e+02	2.667833e+02	2622	7.813369e-01	7.000000e-01	
2.668850e+02	2623	7.789567e+01	2.515052e+02	2.668850e+02	2623	7.635232e-01	7.000000e-01	
2.669868e+02	2624	5.977567e+01	2.231421e+02	2.669868e+02	2624	7.887172e-01	7.000000e-01	
2.670885e+02	2625	5.787878e+01	2.396187e+02	2.670885e+02	2625	8.054478e-01	7.000000e-01	
2.671902e+02	2626	8.554710e+01	2.511351e+02	2.671902e+02	2626	7.459114e-01	7.000000e-01	
2.672920e+02	2627	9.189458e+01	2.673978e+02	2.672920e+02	2627	7.442345e-01	7.000000e-01	
2.673937e+02	2628	8.775605e+01	2.619015e+02	2.673937e+02	2628	7.490229e-01	7.000000e-01	
2.674955e+02	2629	9.081055e+01	2.345036e+02	2.674955e+02	2629	7.208528e-01	7.000000e-01	
2.675972e+02	2630	7.133523e+01	2.368432e+02	2.675972e+02	2630	7.685262e-01	7.000000e-01	
2.676990e+02	2631	7.918398e+01	2.586935e+02	2.676990e+02	2631	7.656429e-01	7.000000e-01	
2.678007e+02	2632	8.379483e+01	2.294361e+02	2.678007e+02	2632	7.324823e-01	7.000000e-01	
2.679025e+02	2633	4.336987e+01	2.501247e+02	2.679025e+02	2633	8.522294e-01	7.000000e-01	
2.680042e+02	2634	5.333631e+01	2.331083e+02	2.680042e+02	2634	8.137989e-01	7.000000e-01	
2.681060e+02	2635	5.366326e+01	2.232631e+02	2.681060e+02	2635	8.062183e-01	7.000000e-01	
2.682077e+02	2636	7.383526e+01	2.597371e+02	2.682077e+02	2636	7.786529e-01	7.000000e-01	
2.683095e+02	2637	5.266396e+01	2.460702e+02	2.683095e+02	2637	8.237096e-01	7.000000e-01	
2.684112e+02	2638	5.451159e+01	2.451728e+02	2.684112e+02	2638	8.181033e-01	7.000000e-01	
2.685130e+02	2639	4.532803e+01	2.488716e+02	2.685130e+02	2639	8.459276e-01	7.000000e-01	
2.686147e+02	2640	2.727010e+01	2.526591e+02	2.686147e+02	2640	9.025822e-01	7.000000e-01	
2.687165e+02	2641	5.640125e+01	2.518572e+02	2.687165e+02	2641	8.170326e-01	7.000000e-01	
2.688182e+02	2642	8.609142e+01	1.884923e+02	2.688182e+02	2642	6.864657e-01	7.000000e-01	
2.689200e+02	2643	5.353463e+01	2.501049e+02	2.689200e+02	2643	8.236902e-01	7.000000e-01	
2.690217e+02	2644	4.688735e+01	2.557021e+02	2.690217e+02	2644	8.450463e-01	7.000000e-01	
2.691235e+02	2645	3.904346e+01	2.337425e+02	2.691235e+02	2645	8.568714e-01	7.000000e-01	
2.692252e+02	2646	5.244125e+01	2.231032e+02	2.692252e+02	2646	8.096813e-01	7.000000e-01	
2.693270e+02	2647	5.306872e+01	2.387376e+02	2.693270e+02	2647	8.181372e-01	7.000000e-01	
2.694287e+02	2648	6.291625e+01	2.327310e+02	2.694287e+02	2648	7.871915e-01	7.000000e-01	
2.695305e+02	2649	4.853001e+01	2.097285e+02	2.695305e+02	2649	8.120875e-01	7.000000e-01	
2.696322e+02	2650	5.891319e+01	2.467809e+02	2.696322e+02	2650	8.072806e-01	7.000000e-01	
2.697339e+02	2651	2.252442e+01	2.138051e+02	2.697339e+02	2651	9.046906e-01	7.000000e-01	
2.698357e+02	2652	2.991070e+01	2.463404e+02	2.698357e+02	2652	8.917264e-01	7.000000e-01	
2.699374e+02	2653	2.391322e+01	2.239895e+02	2.699374e+02	2653	9.035379e-01	7.000000e-01	
2.700392e+02	2654	4.073361e+01	2.347266e+02	2.700392e+02	2654	8.521252e-01	7.000000e-01	
2.701409e+02	2655	7.800139e+01	1.969316e+02	2.701409e+02	2655	7.162894e-01	7.000000e-01	
2.702427e+02	2656	8.018368e+01	2.058200e+02	2.702427e+02	2656	7.196411e-01	7.000000e-01	
2.703444e+02	2657	9.594468e+01	1.688567e+02	2.703444e+02	2657	6.376730e-01	7.000000e-01	
2.704462e+02	2658	6.929028e+01	1.995848e+02	2.704462e+02	2658	7.422956e-01	7.000000e-01	
2.705479e+02	2659	6.253479e+01	1.920858e+02	2.705479e+02	2659	7.544001e-01	7.000000e-01	
2.706497e+02	2660	7.965679e+01	1.974068e+02	2.706497e+02	2660	7.124964e-01	7.000000e-01	
2.707514e+02	2661	6.241848e+01	2.136786e+02	2.707514e+02	2661	7.739256e-01	7.000000e-01	
2.708532e+02	2662	5.893149e+01	2.115123e+02	2.708532e+02	2662	7.820934e-01	7.000000e-01	
2.709549e+02	2663	6.694829e+01	2.306933e+02	2.709549e+02	2663	7.750708e-01	7.000000e-01	
2.710567e+02	2664	7.050538e+01	2.168549e+02	2.710567e+02	2664	7.546447e-01	7.000000e-01	
2.711584e+02	2665	6.051151e+01	2.323349e+02	2.711584e+02	2665	7.933678e-01	7.000000e-01	
2.712602e+02	2666	5.546335e+01	2.124962e+02	2.712602e+02	2666	7.930160e-01	7.000000e-01	
2.713619e+02	2667	4.781374e+01	2.350891e+02	2.713619e+02	2667	8.309888e-01	7.000000e-01	
2.714637e+02	2668	6.877120e+01	2.216430e+02	2.714637e+02	2668	7.631962e-01	7.000000e-01	
2.715654e+02	2669	5.950927e+01	2.528757e+02	2.715654e+02	2669	8.095002e-01	7.000000e-01	
2.716672e+02	2670	5.666121e+01	2.260236e+02	2.716672e+02	2670	7.995605e-01	7.000000e-01	
2.717689e+02	2671	5.219754e+01	1.842117e+02	2.717689e+02	2671	7.792069e-01	7.000000e-01	
2.718707e+02	2672	6.003100e+01	1.917639e+02	2.718707e+02	2672	7.615877e-01	7.000000e-01	
2.719724e+02	2673	4.789241e+01	2.104611e+02	2.719724e+02	2673	8.146245e-01	7.000000e-01	
2.720742e+02	2674	6.045859e+01	2.170542e+02	2.720742e+02	2674	7.821412e-01	7.000000e-01	
2.721759e+02	2675	6.621042e+01	2.106733e+02	2.721759e+02	2675	7.608728e-01	7.000000e-01	
2.722776e+02	2676	3.023035e+01	2.096700e+02	2.722776e+02	2676	8.739879e-01	7.000000e-01	
2.723794e+02	2677	4.290416e+01	2.110874e+02	2.723794e+02	2677	8.310804e-01	7.000000e-01	
2.724811e+02	2678	4.807270e+01	1.845773e+02	2.724811e+02	2678	7.933690e-01	7.000000e-01	
2.725829e+02	2679	4.387406e+01	2.046966e+02	2.725829e+02	2679	8.234946e-01	7.000000e-01	
2.726846e+02	2680	2.640239e+01	2.227815e+02	2.726846e+02	2680	8.940446e-01	7.000000e-01	
2.727864e+02	2681	5.459928e+01	2.017929e+02	2.727864e+02	2681	7.870478e-01	7.000000e-01	
2.728881e+02	2682	6.443696e+01	2.105589e+02	2.728881e+02	2682	7.656803e-01	7.000000e-01	
2.729899e+02	2683	5.988772e+01	2.103149e+02	2.729899e+02	2683	7.783600e-01	7.000000e-01	
2.730916e+02	2684	4.645447e+01	2.069037e+02	2.730916e+02	2684	8.166451e-01	7.000000e-01	
2.731934e+02	2685	5.293248e+01	1.836539e+02	2.731934e+02	2685	7.762657e-01	7.000000e-01	
2.732951e+02	2686	4.468020e+01	2.082565e+02	2.732951e+02	2686	8.233542e-01	7.000000e-01	
2.733969e+02	2687	4.420783e+01	1.784866e+02	2.733969e+02	2687	8.014866e-01	7.000000e-01	
2.734986e+02	2688	5.018431e+01	1.968414e+02	2.734986e+02	2688	7.968458e-01	7.000000e-01	
2.736004e+02	2689	5.876095e+01	1.891641e+02	2.736004e+02	2689	7.629891e-01	7.000000e-01	
2.737021e+02	2690	5.699195e+01	1.980857e+02	2.737021e+02	2690	7.765702e-01	7.000000e-01	
2.738039e+02	2691	3.665346e+01	1.845081e+02	2.738039e+02	2691	8.342684e-01	7.000000e-01	
2.739056e+02	2692	5.215224e+01	1.805646e+02	2.739056e+02	2692	7.758983e-01	7.000000e-01	
2.740074e+02	2693	7.822706e+01	1.969503e+02	2.740074e+02	2693	7.157213e-01	7.000000e-01	
2.741091e+02	2694	5.713255e+01	1.895390e+02	2.741091e+02	2694	7.683861e-01	7.000000e-01	
2.742109e+02	2695	4.859724e+01	1.906369e+02	2.742109e+02	2695	7.968633e-01	7.000000e-01	
2.743126e+02	2696	7.915434e+01	2.284122e+02	2.743126e+02	2696	7.426432e-01	7.000000e-01	
2.744144e+02	2697	5.717612e+01	2.034567e+02	2.744144e+02	2697	7.806258e-01	7.000000e-01	
2.745161e+02	2698	6.057807e+01	2.089282e+02	2.745161e+02	2698	7.752257e-01	7.000000e-01	
2.746179e+02	2699	8.021330e+01	1.969191e+02	2.746179e+02	2699	7.105596e-01	7.000000e-01	
2.747196e+02	2700	9.932660e+01	2.500674e+02	2.747196e+02	2700	7.157175e-01	7.000000e-01	
2.748213e+02	2701	8.234254e+01	2.271145e+02	2.748213e+02	2701	7.339129e-01	7.000000e-01	
2.749231e+02	2702	7.678114e+01	2.188404e+02	2.749231e+02	2702	7.402722e-01	7.000000e-01	
2.750248e+02	2703	7.027951e+01	1.873230e+02	2.750248e+02	2703	7.271785e-01	7.000000e-01	
2.751266e+02	2704	7.452263e+01	2.142260e+02	2.751266e+02	2704	7.419117e-01	7.000000e-01	
2.752283e+02	2705	7.852353e+01	2.064804e+02	2.752283e+02	2705	7.244826e-01	7.000000e-01	
2.753301e+02	2706	7.384354e+01	2.500187e+02	2.753301e+02	2706	7.719909e-01	7.000000e-01	
2.754318e+02	2707	7.566233e+01	2.014848e+02	2.754318e+02	2707	7.269958e-01	7.000000e-01	
2.755336e+02	2708	7.842930e+01	2.725938e+02	2.755336e+02	2708	7.765694e-01	7.000000e-01	
2.756353e+02	2709	6.559584e+01	2.535703e+02	2.756353e+02	2709	7.944774e-01	7.000000e-01	
2.757371e+02	2710	8.305652e+01	2.823835e+02	2.757371e+02	2710	7.727219e-01	7.000000e-01	
2.758388e+02	2711	1.024068e+02	2.504654e+02	2.758388e+02	2711	7.097907e-01	7.000000e-01	
2.759406e+02	2712	7.674153e+01	2.728116e+02	2.759406e+02	2712	7.804582e-01	7.000000e-01	
2.760423e+02	2713	6.713223e+01	2.599144e+02	2.760423e+02	2713	7.947319e-01	7.000000e-01	
2.761441e+02	2714	6.492428e+01	2.619047e+02	2.761441e+02	2714	8.013509e-01	7.000000e-01	
2.762458e+02	2715	7.750046e+01	2.732732e+02	2.762458e+02	2715	7.790585e-01	7.000000e-01	
2.763476e+02	2716	7.134075e+01	2.452259e+02	2.763476e+02	2716	7.746422e-01	7.000000e-01	
2.764493e+02	2717	9.488718e+01	2.844572e+02	2.764493e+02	2717	7.498653e-01	7.000000e-01	
2.765511e+02	2718	6.809195e+01	2.732275e+02	2.765511e+02	2718	8.005038e-01	7.000000e-01	
2.766528e+02	2719	6.745319e+01	2.510536e+02	2.766528e+02	2719	7.882206e-01	7.000000e-01	
2.767546e+02	2720	5.647907e+01	2.724153e+02	2.767546e+02	2720	8.282760e-01	7.000000e-01	
2.768563e+02	2721	7.453527e+01	2.484896e+02	2.768563e+02	2721	7.692584e-01	7.000000e-01	
2.769581e+02	2722	6.681805e+01	2.563361e+02	2.769581e+02	2722	7.932317e-01	7.000000e-01	
2.770598e+02	2723	5.795977e+01	2.740656e+02	2.770598e+02	2723	8.254357e-01	7.000000e-01	
2.771616e+02	2724	4.268073e+01	2.807160e+02	2.771616e+02	2724	8.680236e-01	7.000000e-01	
2.772633e+02	2725	6.119066e+01	2.616691e+02	2.772633e+02	2725	8.104729e-01	7.000000e-01	
2.773650e+02	2726	4.830214e+01	2.727646e+02	2.773650e+02	2726	8.495573e-01	7.000000e-01	
2.774668e+02	2727	7.359438e+01	2.340791e+02	2.774668e+02	2727	7.608036e-01	7.000000e-01	
2.775685e+02	2728	6.732977e+01	2.638191e+02	2.775685e+02	2728	7.966782e-01	7.000000e-01	
2.776703e+02	2729	7.829330e+01	2.533579e+02	2.776703e+02	2729	7.639288e-01	7.000000e-01	
2.777720e+02	2730	7.619620e+01	2.524056e+02	2.777720e+02	2730	7.681200e-01	7.000000e-01	
2.778738e+02	2731	6.797863e+01	2.544033e+02	2.778738e+02	2731	7.891364e-01	7.000000e-01	
2.779755e+02	2732	5.864461e+01	2.168712e+02	2.779755e+02	2732	7.871461e-01	7.000000e-01	
2.780773e+02	2733	7.005792e+01	2.970744e+02	2.780773e+02	2733	8.091753e-01	7.000000e-01	
2.781790e+02	2734	1.059935e+02	2.849465e+02	2.781790e+02	2734	7.288753e-01	7.000000e-01	
2.782808e+02	2735	7.290137e+01	3.057408e+02	2.782808e+02	2735	8.074663e-01	7.000000e-01	
2.783825e+02	2736	9.334942e+01	2.799977e+02	2.783825e+02	2736	7.499661e-01	7.000000e-01	
2.784843e+02	2737	7.368137e+01	2.852148e+02	2.784843e+02	2737	7.947000e-01	7.000000e-01	
2.785860e+02	2738	7.228464e+01	3.251611e+02	2.785860e+02	2738	8.181270e-01	7.000000e-01	
2.786878e+02	2739	7.333832e+01	3.091284e+02	2.786878e+02	2739	8.082491e-01	7.000000e-01	
2.787895e+02	2740	6.688172e+01	2.977751e+02	2.787895e+02	2740	8.165900e-01	7.000000e-01	
2.788913e+02	2741	6.799823e+01	2.942487e+02	2.788913e+02	2741	8.122876e-01	7.000000e-01	
2.789930e+02	2742	6.186032e+01	2.555600e+02	2.789930e+02	2742	8.051154e-01	7.000000e-01	
2.790948e+02	2743	7.648862e+01	2.981673e+02	2.790948e+02	2743	7.958430e-01	7.000000e-01	
2.791965e+02	2744	6.769296e+01	2.948062e+02	2.791965e+02	2744	8.132604e-01	7.000000e-01	
2.792983e+02	2745	6.933264e+01	2.620279e+02	2.792983e+02	2745	7.907637e-01	7.000000e-01	
2.794000e+02	2746	5.429362e+01	2.734460e+02	2.794000e+02	2746	8.343392e-01	7.000000e-01	
2.795018e+02	2747	4.317776e+01	2.658786e+02	2.795018e+02	2747	8.602916e-01	7.000000e-01	
2.796035e+02	2748	8.298058e+01	2.730285e+02	2.796035e+02	2748	7.669144e-01	7.000000e-01	
2.797053e+02	2749	6.818794e+01	2.547640e+02	2.797053e+02	2749	7.888604e-01	7.000000e-01	
2.798070e+02	2750	4.936012e+01	2.679712e+02	2.798070e+02	2750	8.444524e-01	7.000000e-01	
2.799087e+02	2751	4.788404e+01	2.850341e+02	2.799087e+02	2751	8.561687e-01	7.000000e-01	
2.800105e+02	2752	5.794896e+01	2.544080e+02	2.800105e+02	2752	8.144784e-01	7.000000e-01	
2.801122e+02	2753	4.788505e+01	3.185245e+02	2.801122e+02	2753	8.693128e-01	7.000000e-01	
2.802140e+02	2754	3.346344e+01	3.149996e+02	2.802140e+02	2754	9.039685e-01	7.000000e-01	
2.803157e+02	2755	6.571885e+01	2.458807e+02	2.803157e+02	2755	7.890920e-01	7.000000e-01	
2.804175e+02	2756	6.425294e+01	2.952051e+02	2.804175e+02	2756	8.212505e-01	7.000000e-01	
2.805192e+02	2757	5.625641e+01	2.747840e+02	2.805192e+02	2757	8.300618e-01	7.000000e-01	
2.806210e+02	2758	6.220068e+01	2.000356e+02	2.806210e+02	2758	7.628067e-01	7.000000e-01	
2.807227e+02	2759	6.010562e+01	2.688144e+02	2.807227e+02	2759	8.172637e-01	7.000000e-01	
2.808245e+02	2760	6.093904e+01	2.751936e+02	2.808245e+02	2760	8.187054e-01	7.000000e-01	
2.809262e+02	2761	4.284950e+01	2.391531e+02	2.809262e+02	2761	8.480528e-01	7.000000e-01	
2.810280e+02	2762	6.212593e+01	2.489723e+02	2.810280e+02	2762	8.003012e-01	7.000000e-01	
2.811297e+02	2763	7.095991e+01	2.629801e+02	2.811297e+02	2763	7.875070e-01	7.000000e-01	
2.812315e+02	2764	5.809506e+01	2.660312e+02	2.812315e+02	2764	8.207641e-01	7.000000e-01	
2.813332e+02	2765	7.488772e+01	2.605708e+02	2.813332e+02	2765	7.767601e-01	7.000000e-01	
2.814350e+02	2766	7.499171e+01	2.531511e+02	2.814350e+02	2766	7.714662e-01	7.000000e-01	
2.815367e+02	2767	6.432150e+01	2.628685e+02	2.815367e+02	2767	8.034124e-01	7.000000e-01	
2.816385e+02	2768	7.145856e+01	2.765196e+02	2.816385e+02	2768	7.946464e-01	7.000000e-01	
2.817402e+02	2769	6.306774e+01	2.593522e+02	2.817402e+02	2769	8.043926e-01	7.000000e-01	
2.818420e+02	2770	7.823586e+01	2.314659e+02	2.818420e+02	2770	7.473832e-01	7.000000e-01	
2.819437e+02	2771	7.300873e+01	2.205404e+02	2.819437e+02	2771	7.512896e-01	7.000000e-01	
2.820455e+02	2772	8.368809e+01	2.245042e+02	2.820455e+02	2772	7.284550e-01	7.000000e-01	
2.821472e+02	2773	7.512573e+01	2.517297e+02	2.821472e+02	2773	7.701561e-01	7.000000e-01	
2.822490e+02	2774	7.170609e+01	2.320712e+02	2.822490e+02	2774	7.639518e-01	7.000000e-01	
2.823507e+02	2775	6.938426e+01	2.005738e+02	2.823507e+02	2775	7.429813e-01	7.000000e-01	
2.824524e+02	2776	7.238770e+01	2.211054e+02	2.824524e+02	2776	7.533581e-01	7.000000e-01	
2.825542e+02	2777	7.645150e+01	2.216836e+02	2.825542e+02	2777	7.435676e-01	7.000000e-01	
2.826559e+02	2778	8.073485e+01	2.098816e+02	2.826559e+02	2778	7.221945e-01	7.000000e-01	
2.827577e+02	2779	7.592080e+01	2.457151e+02	2.827577e+02	2779	7.639542e-01	7.000000e-01	
2.828594e+02	2780	8.233910e+01	2.245908e+02	2.828594e+02	2780	7.317332e-01	7.000000e-01	
2.829612e+02	2781	7.078313e+01	2.078175e+02	2.829612e+02	2781	7.459333e-01	7.000000e-01	
2.830629e+02	2782	6.878571e+01	2.683571e+02	2.830629e+02	2782	7.959746e-01	7.000000e-01	
2.831647e+02	2783	7.655529e+01	2.246782e+02	2.831647e+02	2783	7.458606e-01	7.000000e-01	
2.832664e+02	2784	6.522313e+01	2.502344e+02	2.832664e+02	2784	7.932428e-01	7.000000e-01	
2.833682e+02	2785	7.345803e+01	2.287502e+02	2.833682e+02	2785	7.569291e-01	7.000000e-01	
2.834699e+02	2786	5.572918e+01	2.683928e+02	2.834699e+02	2786	8.280611e-01	7.000000e-01	
2.835717e+02	2787	8.253256e+01	2.372679e+02	2.835717e+02	2787	7.419248e-01	7.000000e-01	
2.836734e+02	2788	6.308962e+01	2.563412e+02	2.836734e+02	2788	8.024936e-01	7.000000e-01	
2.837752e+02	2789	6.719843e+01	2.571535e+02	2.837752e+02	2789	7.928225e-01	7.000000e-01	
2.838769e+02	2790	6.128542e+01	2.677764e+02	2.838769e+02	2790	8.137571e-01	7.000000e-01	
2.839787e+02	2791	7.300816e+01	2.563342e+02	2.839787e+02	2791	7.783214e-01	7.000000e-01	
2.840804e+02	2792	6.463347e+01	2.218553e+02	2.840804e+02	2792	7.743944e-01	7.000000e-01	
2.841822e+02	2793	5.395989e+01	2.617593e+02	2.841822e+02	2793	8.290890e-01	7.000000e-01	
2.842839e+02	2794	5.553992e+01	2.718275e+02	2.842839e+02	2794	8.303438e-01	7.000000e-01	
2.843857e+02	2795	5.530371e+01	2.692791e+02	2.843857e+02	2795	8.296160e-01	7.000000e-01	
2.844874e+02	2796	5.005436e+01	2.845209e+02	2.844874e+02	2796	8.503943e-01	7.000000e-01	
2.845892e+02	2797	7.387453e+01	2.863004e+02	2.845892e+02	2797	7.948926e-01	7.000000e-01	
2.846909e+02	2798	5.966589e+01	2.876158e+02	2.846909e+02	2798	8.281917e-01	7.000000e-01	
2.847927e+02	2799	5.235273e+01	2.490877e+02	2.847927e+02	2799	8.263248e-01	7.000000e-01	
2.848944e+02	2800	5.905054e+01	2.679601e+02	2.848944e+02	2800	8.194232e-01	7.000000e-01	
2.849961e+02	2801	6.518600e+01	2.459721e+02	2.849961e+02	2801	7.905052e-01	7.000000e-01	
2.850979e+02	2802	4.736435e+01	3.034337e+02	2.850979e+02	2802	8.649811e-01	7.000000e-01	
2.851996e+02	2803	6.620565e+01	2.618775e+02	2.851996e+02	2803	7.982047e-01	7.000000e-01	
2.853014e+02	2804	7.164681e+01	2.468876e+02	2.853014e+02	2804	7.750736e-01	7.000000e-01	
2.854031e+02	2805	7.204586e+01	2.477177e+02	2.854031e+02	2805	7.746902e-01	7.000000e-01	
2.855049e+02	2806	6.960836e+01	2.283348e+02	2.855049e+02	2806	7.663703e-01	7.000000e-01	
2.856066e+02	2807	6.225567e+01	2.461746e+02	2.856066e+02	2807	7.981532e-01	7.000000e-01	
2.857084e+02	2808	7.192756e+01	2.520158e+02	2.857084e+02	2808	7.779625e-01	7.000000e-01	
2.858101e+02	2809	6.650307e+01	2.442664e+02	2.858101e+02	2809	7.860051e-01	7.000000e-01	
2.859119e+02	2810	6.984980e+01	2.258587e+02	2.859119e+02	2810	7.637883e-01	7.000000e-01	
2.860136e+02	2811	6.813406e+01	2.365004e+02	2.860136e+02	2811	7.763416e-01	7.000000e-01	
2.861154e+02	2812	5.611912e+01	2.376838e+02	2.861154e+02	2812	8.089906e-01	7.000000e-01	
2.862171e+02	2813	7.862130e+01	2.543967e+02	2.862171e+02	2813	7.639128e-01	7.000000e-01	
2.863189e+02	2814	7.669350e+01	2.646370e+02	2.863189e+02	2814	7.753101e-01	7.000000e-01	
2.864206e+02	2815	8.104918e+01	2.427694e+02	2.864206e+02	2815	7.497081e-01	7.000000e-01	
2.865224e+02	2816	7.475084e+01	2.326639e+02	2.865224e+02	2816	7.568404e-01	7.000000e-01	
2.866241e+02	2817	3.536661e+01	2.975500e+02	2.866241e+02	2817	8.937674e-01	7.000000e-01	
2.867259e+02	2818	4.456879e+01	3.058535e+02	2.867259e+02	2818	8.728141e-01	7.000000e-01	
2.868276e+02	2819	3.946842e+01	2.688345e+02	2.868276e+02	2819	8.719817e-01	7.000000e-01	
2.869294e+02	2820	3.461906e+01	2.564286e+02	2.869294e+02	2820	8.810536e-01	7.000000e-01	
2.870311e+02	2821	6.719682e+01	3.059467e+02	2.870311e+02	2821	8.199170e-01	7.000000e-01	
2.871329e+02	2822	7.507430e+01	3.028449e+02	2.871329e+02	2822	8.013483e-01	7.000000e-01	
2.872346e+02	2823	6.748588e+01	2.915168e+02	2.872346e+02	2823	8.120185e-01	7.000000e-01	
2.873364e+02	2824	4.926734e+01	3.072278e+02	2.873364e+02	2824	8.618008e-01	7.000000e-01	
2.874381e+02	2825	6.455371e+01	2.877357e+02	2.874381e+02	2825	8.167594e-01	7.000000e-01	
2.875398e+02	2826	5.605360e+01	2.975886e+02	2.875398e+02	2826	8.414963e-01	7.000000e-01	
2.876416e+02	2827	6.235691e+01	3.001901e+02	2.876416e+02	2827	8.280032e-01	7.000000e-01	
2.877433e+02	2828	6.963165e+01	3.083137e+02	2.877433e+02	2828	8.157626e-01	7.000000e-01	
2.878451e+02	2829	5.950252e+01	3.228572e+02	2.878451e+02	2829	8.443808e-01	7.000000e-01	
2.879468e+02	2830	5.814787e+01	3.518793e+02	2.879468e+02	2830	8.581853e-01	7.000000e-01	
2.880486e+02	2831	6.417802e+01	3.304239e+02	2.880486e+02	2831	8.373601e-01	7.000000e-01	
2.881503e+02	2832	5.853412e+01	3.157480e+02	2.881503e+02	2832	8.436096e-01	7.000000e-01	
2.882521e+02	2833	7.678525e+01	3.169669e+02	2.882521e+02	2833	8.049909e-01	7.000000e-01	
2.883538e+02	2834	5.034838e+01	3.311152e+02	2.883538e+02	2834	8.680126e-01	7.000000e-01	
2.884556e+02	2835	7.101878e+01	3.100186e+02	2.884556e+02	2835	8.136173e-01	7.000000e-01	
2.885573e+02	2836	7.207106e+01	3.071283e+02	2.885573e+02	2836	8.099389e-01	7.000000e-01	
2.886591e+02	2837	8.041018e+01	2.617667e+02	2.886591e+02	2837	7.650041e-01	7.000000e-01	
2.887608e+02	2838	6.286202e+01	2.786726e+02	2.887608e+02	2838	8.159425e-01	7.000000e-01	
2.888626e+02	2839	7.009490e+01	3.347734e+02	2.888626e+02	2839	8.268699e-01	7.000000e-01	
2.889643e+02	2840	6.435080e+01	2.809673e+02	2.889643e+02	2840	8.136478e-01	7.000000e-01	
2.890661e+02	2841	7.426055e+01	3.184590e+02	2.890661e+02	2841	8.109069e-01	7.000000e-01	
2.891678e+02	2842	7.411670e+01	3.139205e+02	2.891678e+02	2842	8.089959e-01	7.000000e-01	
2.892696e+02	2843	6.701563e+01	2.709309e+02	2.892696e+02	2843	8.016975e-01	7.000000e-01	
2.893713e+02	2844	7.468327e+01	2.830961e+02	2.893713e+02	2844	7.912589e-01	7.000000e-01	
2.894731e+02	2845	6.923370e+01	2.760356e+02	2.894731e+02	2845	7.994791e-01	7.000000e-01	
2.895748e+02	2846	6.191992e+01	2.792262e+02	2.895748e+02	2846	8.184944e-01	7.000000e-01	
2.896766e+02	2847	6.341271e+01	2.856901e+02	2.896766e+02	2847	8.183552e-01	7.000000e-01	
2.897783e+02	2848	5.464297e+01	3.186056e+02	2.897783e+02	2848	8.536017e-01	7.000000e-01	
2.898801e+02	2849	6.570877e+01	2.769437e+02	2.898801e+02	2849	8.082349e-01	7.000000e-01	
2.899818e+02	2850	6.816179e+01	2.710681e+02	2.899818e+02	2850	7.990690e-01	7.000000e-01	
